ISO-10303-21;
HEADER;
/* Generated by software containing ST-Developer
 * from STEP Tools, Inc. (www.steptools.com) 
 */

FILE_DESCRIPTION(
/* description */ (''),
/* implementation_level */ '2;1');

FILE_NAME(
/* name */ 'Motor_Stepper_bipolar_NEMA_17_3.06V_1.7A_56N.cm_1.8_.step',

/* time_stamp */ '2026-06-11T13:04:29-04:00',
/* author */ (''),
/* organization */ (''),
/* preprocessor_version */ 'ST-DEVELOPER v20.1',
/* originating_system */ 'Autodesk Translation Framework v15.8.0.0',
/* authorisation */ '');

FILE_SCHEMA (('AUTOMOTIVE_DESIGN { 1 0 10303 214 3 1 1 }'));
ENDSEC;

DATA;
#10=MECHANICAL_DESIGN_GEOMETRIC_PRESENTATION_REPRESENTATION('',(#95,#96,
#97,#98,#99),#3110);
#11=CONTEXT_DEPENDENT_OVER_RIDING_STYLED_ITEM('',(#3159),#3131,#99,(#19));
#12=MAPPED_ITEM('',#13,#1992);
#13=REPRESENTATION_MAP(#1992,#3129);
#14=ITEM_DEFINED_TRANSFORMATION($,$,#1812,#1988);
#15=ITEM_DEFINED_TRANSFORMATION($,$,#1822,#1989);
#16=ITEM_DEFINED_TRANSFORMATION($,$,#1856,#1990);
#17=ITEM_DEFINED_TRANSFORMATION($,$,#1954,#1991);
#18=(
REPRESENTATION_RELATIONSHIP($,$,#3130,#3129)
REPRESENTATION_RELATIONSHIP_WITH_TRANSFORMATION(#14)
SHAPE_REPRESENTATION_RELATIONSHIP()
);
#19=(
REPRESENTATION_RELATIONSHIP($,$,#3131,#3129)
REPRESENTATION_RELATIONSHIP_WITH_TRANSFORMATION(#15)
SHAPE_REPRESENTATION_RELATIONSHIP()
);
#20=(
REPRESENTATION_RELATIONSHIP($,$,#3132,#3129)
REPRESENTATION_RELATIONSHIP_WITH_TRANSFORMATION(#16)
SHAPE_REPRESENTATION_RELATIONSHIP()
);
#21=(
REPRESENTATION_RELATIONSHIP($,$,#3133,#3129)
REPRESENTATION_RELATIONSHIP_WITH_TRANSFORMATION(#17)
SHAPE_REPRESENTATION_RELATIONSHIP()
);
#22=CONTEXT_DEPENDENT_SHAPE_REPRESENTATION(#18,#3125);
#23=CONTEXT_DEPENDENT_SHAPE_REPRESENTATION(#19,#3126);
#24=CONTEXT_DEPENDENT_SHAPE_REPRESENTATION(#20,#3127);
#25=CONTEXT_DEPENDENT_SHAPE_REPRESENTATION(#21,#3128);
#26=NEXT_ASSEMBLY_USAGE_OCCURRENCE('Component2:1','Component2:1',
'Component2:1',#3135,#3136,'Component2:1');
#27=NEXT_ASSEMBLY_USAGE_OCCURRENCE('Component4:1','Component4:1',
'Component4:1',#3135,#3137,'Component4:1');
#28=NEXT_ASSEMBLY_USAGE_OCCURRENCE('Component3:1','Component3:1',
'Component3:1',#3135,#3138,'Component3:1');
#29=NEXT_ASSEMBLY_USAGE_OCCURRENCE('Component1:1','Component1:1',
'Component1:1',#3135,#3139,'Component1:1');
#30=B_SPLINE_SURFACE_WITH_KNOTS('',3,1,((#2963,#2964),(#2965,#2966),(#2967,
#2968),(#2969,#2970),(#2971,#2972),(#2973,#2974),(#2975,#2976)),
 .UNSPECIFIED.,.F.,.F.,.F.,(4,1,1,1,4),(2,2),(0.,0.285714285714286,0.571428571428571,
0.714285714285714,1.),(0.,1.1232),.UNSPECIFIED.);
#31=B_SPLINE_SURFACE_WITH_KNOTS('',3,1,((#2992,#2993),(#2994,#2995),(#2996,
#2997),(#2998,#2999),(#3000,#3001),(#3002,#3003),(#3004,#3005)),
 .UNSPECIFIED.,.F.,.F.,.F.,(4,1,1,1,4),(2,2),(0.,0.285714285714286,0.571428571428571,
0.714285714285714,1.),(0.,1.1232),.UNSPECIFIED.);
#32=B_SPLINE_SURFACE_WITH_KNOTS('',3,1,((#3013,#3014),(#3015,#3016),(#3017,
#3018),(#3019,#3020),(#3021,#3022),(#3023,#3024),(#3025,#3026)),
 .UNSPECIFIED.,.F.,.F.,.F.,(4,1,1,1,4),(2,2),(0.,0.285714285714286,0.571428571428571,
0.714285714285714,1.),(0.,1.1232),.UNSPECIFIED.);
#33=B_SPLINE_SURFACE_WITH_KNOTS('',3,1,((#3036,#3037),(#3038,#3039),(#3040,
#3041),(#3042,#3043),(#3044,#3045),(#3046,#3047),(#3048,#3049)),
 .UNSPECIFIED.,.F.,.F.,.F.,(4,1,1,1,4),(2,2),(0.,0.285714285714286,0.571428571428571,
0.714285714285714,1.),(0.,1.1232),.UNSPECIFIED.);
#34=B_SPLINE_CURVE_WITH_KNOTS('',3,(#2918,#2919,#2920,#2921,#2922,#2923,
#2924),.UNSPECIFIED.,.F.,.F.,(4,1,1,1,4),(0.,0.222855811855498,0.334283717783247,
0.557139529638745,0.779995341494242),.UNSPECIFIED.);
#35=B_SPLINE_CURVE_WITH_KNOTS('',3,(#2928,#2929,#2930,#2931,#2932,#2933,
#2934),.UNSPECIFIED.,.F.,.F.,(4,1,1,1,4),(0.,0.222855811855498,0.334283717783247,
0.557139529638745,0.779995341494242),.UNSPECIFIED.);
#36=B_SPLINE_CURVE_WITH_KNOTS('',3,(#2937,#2938,#2939,#2940,#2941,#2942,
#2943),.UNSPECIFIED.,.F.,.F.,(4,1,1,1,4),(0.,0.222855811855498,0.334283717783247,
0.557139529638745,0.779995341494242),.UNSPECIFIED.);
#37=B_SPLINE_CURVE_WITH_KNOTS('',3,(#2944,#2945,#2946,#2947,#2948,#2949,
#2950),.UNSPECIFIED.,.F.,.F.,(4,1,1,1,4),(0.,0.222855811855498,0.334283717783247,
0.557139529638745,0.779995341494242),.UNSPECIFIED.);
#38=B_SPLINE_CURVE_WITH_KNOTS('',3,(#2980,#2981,#2982,#2983,#2984,#2985,
#2986),.UNSPECIFIED.,.F.,.F.,(4,1,1,1,4),(-0.779995341494242,-0.557139529638744,
-0.445711623710996,-0.222855811855498,0.),.UNSPECIFIED.);
#39=B_SPLINE_CURVE_WITH_KNOTS('',3,(#3006,#3007,#3008,#3009,#3010,#3011,
#3012),.UNSPECIFIED.,.F.,.F.,(4,1,1,1,4),(-0.779995341494242,-0.557139529638744,
-0.445711623710996,-0.222855811855498,0.),.UNSPECIFIED.);
#40=B_SPLINE_CURVE_WITH_KNOTS('',3,(#3028,#3029,#3030,#3031,#3032,#3033,
#3034),.UNSPECIFIED.,.F.,.F.,(4,1,1,1,4),(-0.779995341494242,-0.557139529638744,
-0.445711623710996,-0.222855811855498,0.),.UNSPECIFIED.);
#41=B_SPLINE_CURVE_WITH_KNOTS('',3,(#3050,#3051,#3052,#3053,#3054,#3055,
#3056),.UNSPECIFIED.,.F.,.F.,(4,1,1,1,4),(-0.779995341494242,-0.557139529638744,
-0.445711623710996,-0.222855811855498,0.),.UNSPECIFIED.);
#42=FACE_BOUND('',#541,.T.);
#43=FACE_BOUND('',#542,.T.);
#44=FACE_BOUND('',#543,.T.);
#45=FACE_BOUND('',#544,.T.);
#46=FACE_BOUND('',#545,.T.);
#47=FACE_BOUND('',#560,.T.);
#48=FACE_BOUND('',#561,.T.);
#49=FACE_BOUND('',#562,.T.);
#50=FACE_BOUND('',#563,.T.);
#51=FACE_BOUND('',#564,.T.);
#52=FACE_BOUND('',#567,.T.);
#53=FACE_BOUND('',#570,.T.);
#54=FACE_BOUND('',#573,.T.);
#55=FACE_BOUND('',#576,.T.);
#56=FACE_BOUND('',#582,.T.);
#57=FACE_BOUND('',#583,.T.);
#58=FACE_BOUND('',#584,.T.);
#59=FACE_BOUND('',#585,.T.);
#60=FACE_BOUND('',#586,.T.);
#61=FACE_BOUND('',#587,.T.);
#62=FACE_BOUND('',#588,.T.);
#63=FACE_BOUND('',#611,.T.);
#64=FACE_BOUND('',#612,.T.);
#65=FACE_BOUND('',#613,.T.);
#66=FACE_BOUND('',#614,.T.);
#67=FACE_BOUND('',#615,.T.);
#68=FACE_BOUND('',#616,.T.);
#69=FACE_BOUND('',#641,.T.);
#70=FACE_BOUND('',#642,.T.);
#71=FACE_BOUND('',#643,.T.);
#72=FACE_BOUND('',#644,.T.);
#73=FACE_BOUND('',#645,.T.);
#74=FACE_BOUND('',#647,.T.);
#75=FACE_BOUND('',#651,.T.);
#76=FACE_BOUND('',#652,.T.);
#77=FACE_BOUND('',#653,.T.);
#78=FACE_BOUND('',#654,.T.);
#79=FACE_BOUND('',#655,.T.);
#80=FACE_BOUND('',#664,.T.);
#81=FACE_BOUND('',#667,.T.);
#82=FACE_BOUND('',#675,.T.);
#83=FACE_BOUND('',#676,.T.);
#84=FACE_BOUND('',#677,.T.);
#85=FACE_BOUND('',#678,.T.);
#86=FACE_BOUND('',#679,.T.);
#87=SHAPE_REPRESENTATION_RELATIONSHIP('SRR','None',#3130,#91);
#88=SHAPE_REPRESENTATION_RELATIONSHIP('SRR','None',#3131,#92);
#89=SHAPE_REPRESENTATION_RELATIONSHIP('SRR','None',#3132,#93);
#90=SHAPE_REPRESENTATION_RELATIONSHIP('SRR','None',#3133,#94);
#91=ADVANCED_BREP_SHAPE_REPRESENTATION('',(#100),#3106);
#92=ADVANCED_BREP_SHAPE_REPRESENTATION('',(#101),#3107);
#93=ADVANCED_BREP_SHAPE_REPRESENTATION('',(#102),#3108);
#94=ADVANCED_BREP_SHAPE_REPRESENTATION('',(#103),#3109);
#95=STYLED_ITEM('',(#3160),#100);
#96=STYLED_ITEM('',(#3159),#101);
#97=STYLED_ITEM('',(#3161),#102);
#98=STYLED_ITEM('',(#3161),#103);
#99=STYLED_ITEM('',(#3162),#12);
#100=MANIFOLD_SOLID_BREP('Cuerpo1',#1762);
#101=MANIFOLD_SOLID_BREP('Cuerpo1',#1763);
#102=MANIFOLD_SOLID_BREP('Cuerpo1',#1764);
#103=MANIFOLD_SOLID_BREP('Cuerpo1',#1765);
#104=CYLINDRICAL_SURFACE('',#1818,2.5);
#105=CYLINDRICAL_SURFACE('',#1833,25.1);
#106=CYLINDRICAL_SURFACE('',#1836,25.1);
#107=CYLINDRICAL_SURFACE('',#1839,4.6);
#108=CYLINDRICAL_SURFACE('',#1841,1.5);
#109=CYLINDRICAL_SURFACE('',#1843,1.5);
#110=CYLINDRICAL_SURFACE('',#1845,1.5);
#111=CYLINDRICAL_SURFACE('',#1847,1.5);
#112=CYLINDRICAL_SURFACE('',#1850,25.1);
#113=CYLINDRICAL_SURFACE('',#1853,25.1);
#114=CYLINDRICAL_SURFACE('',#1857,3.);
#115=CYLINDRICAL_SURFACE('',#1862,3.);
#116=CYLINDRICAL_SURFACE('',#1867,3.);
#117=CYLINDRICAL_SURFACE('',#1872,3.);
#118=CYLINDRICAL_SURFACE('',#1930,0.25);
#119=CYLINDRICAL_SURFACE('',#1931,0.25);
#120=CYLINDRICAL_SURFACE('',#1932,0.25);
#121=CYLINDRICAL_SURFACE('',#1933,0.25);
#122=CYLINDRICAL_SURFACE('',#1934,0.25);
#123=CYLINDRICAL_SURFACE('',#1935,0.249999999999999);
#124=CYLINDRICAL_SURFACE('',#1936,5.);
#125=CYLINDRICAL_SURFACE('',#1939,5.);
#126=CYLINDRICAL_SURFACE('',#1942,5.);
#127=CYLINDRICAL_SURFACE('',#1944,5.);
#128=CYLINDRICAL_SURFACE('',#1946,1.5);
#129=CYLINDRICAL_SURFACE('',#1947,1.5);
#130=CYLINDRICAL_SURFACE('',#1948,1.5);
#131=CYLINDRICAL_SURFACE('',#1949,1.5);
#132=CYLINDRICAL_SURFACE('',#1950,4.6);
#133=CYLINDRICAL_SURFACE('',#1966,4.6);
#134=CYLINDRICAL_SURFACE('',#1968,2.5);
#135=CYLINDRICAL_SURFACE('',#1972,11.);
#136=CYLINDRICAL_SURFACE('',#1977,1.5);
#137=CYLINDRICAL_SURFACE('',#1979,1.5);
#138=CYLINDRICAL_SURFACE('',#1981,1.5);
#139=CYLINDRICAL_SURFACE('',#1983,1.5);
#140=CYLINDRICAL_SURFACE('',#1985,4.6);
#141=LINE('',#2512,#288);
#142=LINE('',#2514,#289);
#143=LINE('',#2516,#290);
#144=LINE('',#2517,#291);
#145=LINE('',#2524,#292);
#146=LINE('',#2530,#293);
#147=LINE('',#2534,#294);
#148=LINE('',#2538,#295);
#149=LINE('',#2542,#296);
#150=LINE('',#2556,#297);
#151=LINE('',#2559,#298);
#152=LINE('',#2562,#299);
#153=LINE('',#2563,#300);
#154=LINE('',#2566,#301);
#155=LINE('',#2570,#302);
#156=LINE('',#2571,#303);
#157=LINE('',#2574,#304);
#158=LINE('',#2578,#305);
#159=LINE('',#2582,#306);
#160=LINE('',#2586,#307);
#161=LINE('',#2590,#308);
#162=LINE('',#2594,#309);
#163=LINE('',#2595,#310);
#164=LINE('',#2599,#311);
#165=LINE('',#2602,#312);
#166=LINE('',#2603,#313);
#167=LINE('',#2612,#314);
#168=LINE('',#2621,#315);
#169=LINE('',#2630,#316);
#170=LINE('',#2639,#317);
#171=LINE('',#2647,#318);
#172=LINE('',#2649,#319);
#173=LINE('',#2651,#320);
#174=LINE('',#2652,#321);
#175=LINE('',#2655,#322);
#176=LINE('',#2657,#323);
#177=LINE('',#2658,#324);
#178=LINE('',#2661,#325);
#179=LINE('',#2663,#326);
#180=LINE('',#2664,#327);
#181=LINE('',#2667,#328);
#182=LINE('',#2669,#329);
#183=LINE('',#2671,#330);
#184=LINE('',#2673,#331);
#185=LINE('',#2674,#332);
#186=LINE('',#2677,#333);
#187=LINE('',#2679,#334);
#188=LINE('',#2681,#335);
#189=LINE('',#2685,#336);
#190=LINE('',#2689,#337);
#191=LINE('',#2693,#338);
#192=LINE('',#2697,#339);
#193=LINE('',#2699,#340);
#194=LINE('',#2700,#341);
#195=LINE('',#2713,#342);
#196=LINE('',#2715,#343);
#197=LINE('',#2717,#344);
#198=LINE('',#2718,#345);
#199=LINE('',#2721,#346);
#200=LINE('',#2723,#347);
#201=LINE('',#2725,#348);
#202=LINE('',#2726,#349);
#203=LINE('',#2729,#350);
#204=LINE('',#2731,#351);
#205=LINE('',#2732,#352);
#206=LINE('',#2735,#353);
#207=LINE('',#2736,#354);
#208=LINE('',#2739,#355);
#209=LINE('',#2740,#356);
#210=LINE('',#2742,#357);
#211=LINE('',#2746,#358);
#212=LINE('',#2748,#359);
#213=LINE('',#2749,#360);
#214=LINE('',#2752,#361);
#215=LINE('',#2753,#362);
#216=LINE('',#2756,#363);
#217=LINE('',#2757,#364);
#218=LINE('',#2759,#365);
#219=LINE('',#2779,#366);
#220=LINE('',#2781,#367);
#221=LINE('',#2783,#368);
#222=LINE('',#2784,#369);
#223=LINE('',#2787,#370);
#224=LINE('',#2789,#371);
#225=LINE('',#2790,#372);
#226=LINE('',#2793,#373);
#227=LINE('',#2795,#374);
#228=LINE('',#2796,#375);
#229=LINE('',#2798,#376);
#230=LINE('',#2799,#377);
#231=LINE('',#2801,#378);
#232=LINE('',#2802,#379);
#233=LINE('',#2805,#380);
#234=LINE('',#2807,#381);
#235=LINE('',#2808,#382);
#236=LINE('',#2827,#383);
#237=LINE('',#2828,#384);
#238=LINE('',#2831,#385);
#239=LINE('',#2833,#386);
#240=LINE('',#2834,#387);
#241=LINE('',#2836,#388);
#242=LINE('',#2839,#389);
#243=LINE('',#2840,#390);
#244=LINE('',#2842,#391);
#245=LINE('',#2844,#392);
#246=LINE('',#2846,#393);
#247=LINE('',#2848,#394);
#248=LINE('',#2850,#395);
#249=LINE('',#2852,#396);
#250=LINE('',#2856,#397);
#251=LINE('',#2859,#398);
#252=LINE('',#2860,#399);
#253=LINE('',#2864,#400);
#254=LINE('',#2867,#401);
#255=LINE('',#2868,#402);
#256=LINE('',#2872,#403);
#257=LINE('',#2876,#404);
#258=LINE('',#2878,#405);
#259=LINE('',#2880,#406);
#260=LINE('',#2882,#407);
#261=LINE('',#2884,#408);
#262=LINE('',#2887,#409);
#263=LINE('',#2890,#410);
#264=LINE('',#2901,#411);
#265=LINE('',#2903,#412);
#266=LINE('',#2905,#413);
#267=LINE('',#2906,#414);
#268=LINE('',#2910,#415);
#269=LINE('',#2912,#416);
#270=LINE('',#2914,#417);
#271=LINE('',#2915,#418);
#272=LINE('',#2926,#419);
#273=LINE('',#2936,#420);
#274=LINE('',#2962,#421);
#275=LINE('',#2978,#422);
#276=LINE('',#2987,#423);
#277=LINE('',#2990,#424);
#278=LINE('',#2991,#425);
#279=LINE('',#3035,#426);
#280=LINE('',#3060,#427);
#281=LINE('',#3068,#428);
#282=LINE('',#3076,#429);
#283=LINE('',#3080,#430);
#284=LINE('',#3084,#431);
#285=LINE('',#3088,#432);
#286=LINE('',#3090,#433);
#287=LINE('',#3092,#434);
#288=VECTOR('',#2003,10.);
#289=VECTOR('',#2004,10.);
#290=VECTOR('',#2005,10.);
#291=VECTOR('',#2006,10.);
#292=VECTOR('',#2017,2.5);
#293=VECTOR('',#2024,10.);
#294=VECTOR('',#2027,10.);
#295=VECTOR('',#2030,10.);
#296=VECTOR('',#2033,10.);
#297=VECTOR('',#2048,10.);
#298=VECTOR('',#2051,10.);
#299=VECTOR('',#2054,10.);
#300=VECTOR('',#2055,10.);
#301=VECTOR('',#2058,10.);
#302=VECTOR('',#2063,10.);
#303=VECTOR('',#2064,10.);
#304=VECTOR('',#2067,4.6);
#305=VECTOR('',#2072,1.5);
#306=VECTOR('',#2077,1.5);
#307=VECTOR('',#2082,1.5);
#308=VECTOR('',#2087,1.5);
#309=VECTOR('',#2092,10.);
#310=VECTOR('',#2093,10.);
#311=VECTOR('',#2098,10.);
#312=VECTOR('',#2101,10.);
#313=VECTOR('',#2102,10.);
#314=VECTOR('',#2115,3.);
#315=VECTOR('',#2126,3.);
#316=VECTOR('',#2137,3.);
#317=VECTOR('',#2148,3.);
#318=VECTOR('',#2157,10.);
#319=VECTOR('',#2158,10.);
#320=VECTOR('',#2159,10.);
#321=VECTOR('',#2160,10.);
#322=VECTOR('',#2163,10.);
#323=VECTOR('',#2164,10.);
#324=VECTOR('',#2165,10.);
#325=VECTOR('',#2168,10.);
#326=VECTOR('',#2169,10.);
#327=VECTOR('',#2170,10.);
#328=VECTOR('',#2173,10.);
#329=VECTOR('',#2174,10.);
#330=VECTOR('',#2175,10.);
#331=VECTOR('',#2176,10.);
#332=VECTOR('',#2177,10.);
#333=VECTOR('',#2180,10.);
#334=VECTOR('',#2181,10.);
#335=VECTOR('',#2182,10.);
#336=VECTOR('',#2185,10.);
#337=VECTOR('',#2188,10.);
#338=VECTOR('',#2191,10.);
#339=VECTOR('',#2194,10.);
#340=VECTOR('',#2195,10.);
#341=VECTOR('',#2196,10.);
#342=VECTOR('',#2207,10.);
#343=VECTOR('',#2208,10.);
#344=VECTOR('',#2209,10.);
#345=VECTOR('',#2210,10.);
#346=VECTOR('',#2211,10.);
#347=VECTOR('',#2212,10.);
#348=VECTOR('',#2213,10.);
#349=VECTOR('',#2214,10.);
#350=VECTOR('',#2217,10.);
#351=VECTOR('',#2218,10.);
#352=VECTOR('',#2219,10.);
#353=VECTOR('',#2222,10.);
#354=VECTOR('',#2223,10.);
#355=VECTOR('',#2226,10.);
#356=VECTOR('',#2227,10.);
#357=VECTOR('',#2230,10.);
#358=VECTOR('',#2235,10.);
#359=VECTOR('',#2236,10.);
#360=VECTOR('',#2237,10.);
#361=VECTOR('',#2240,10.);
#362=VECTOR('',#2241,10.);
#363=VECTOR('',#2244,10.);
#364=VECTOR('',#2245,10.);
#365=VECTOR('',#2248,10.);
#366=VECTOR('',#2273,10.);
#367=VECTOR('',#2274,10.);
#368=VECTOR('',#2275,10.);
#369=VECTOR('',#2276,10.);
#370=VECTOR('',#2279,10.);
#371=VECTOR('',#2280,10.);
#372=VECTOR('',#2281,10.);
#373=VECTOR('',#2284,10.);
#374=VECTOR('',#2285,10.);
#375=VECTOR('',#2286,10.);
#376=VECTOR('',#2289,10.);
#377=VECTOR('',#2290,10.);
#378=VECTOR('',#2293,10.);
#379=VECTOR('',#2294,10.);
#380=VECTOR('',#2297,10.);
#381=VECTOR('',#2298,10.);
#382=VECTOR('',#2299,10.);
#383=VECTOR('',#2320,10.);
#384=VECTOR('',#2321,10.);
#385=VECTOR('',#2324,10.);
#386=VECTOR('',#2325,10.);
#387=VECTOR('',#2326,10.);
#388=VECTOR('',#2329,10.);
#389=VECTOR('',#2332,10.);
#390=VECTOR('',#2333,10.);
#391=VECTOR('',#2336,0.25);
#392=VECTOR('',#2339,0.25);
#393=VECTOR('',#2342,0.25);
#394=VECTOR('',#2345,0.25);
#395=VECTOR('',#2348,0.25);
#396=VECTOR('',#2351,0.249999999999999);
#397=VECTOR('',#2356,10.);
#398=VECTOR('',#2359,10.);
#399=VECTOR('',#2360,10.);
#400=VECTOR('',#2365,10.);
#401=VECTOR('',#2368,10.);
#402=VECTOR('',#2369,10.);
#403=VECTOR('',#2374,10.);
#404=VECTOR('',#2379,10.);
#405=VECTOR('',#2382,1.5);
#406=VECTOR('',#2385,1.5);
#407=VECTOR('',#2388,1.5);
#408=VECTOR('',#2391,1.5);
#409=VECTOR('',#2394,4.6);
#410=VECTOR('',#2399,10.);
#411=VECTOR('',#2412,10.);
#412=VECTOR('',#2413,10.);
#413=VECTOR('',#2414,10.);
#414=VECTOR('',#2415,10.);
#415=VECTOR('',#2418,10.);
#416=VECTOR('',#2419,10.);
#417=VECTOR('',#2420,10.);
#418=VECTOR('',#2421,10.);
#419=VECTOR('',#2424,10.);
#420=VECTOR('',#2425,10.);
#421=VECTOR('',#2438,4.6);
#422=VECTOR('',#2439,10.);
#423=VECTOR('',#2440,10.);
#424=VECTOR('',#2443,10.);
#425=VECTOR('',#2444,10.);
#426=VECTOR('',#2445,10.);
#427=VECTOR('',#2450,2.5);
#428=VECTOR('',#2459,11.);
#429=VECTOR('',#2470,1.5);
#430=VECTOR('',#2475,1.5);
#431=VECTOR('',#2480,1.5);
#432=VECTOR('',#2485,1.5);
#433=VECTOR('',#2488,4.6);
#434=VECTOR('',#2491,10.);
#435=FACE_OUTER_BOUND('',#535,.T.);
#436=FACE_OUTER_BOUND('',#536,.T.);
#437=FACE_OUTER_BOUND('',#537,.T.);
#438=FACE_OUTER_BOUND('',#538,.T.);
#439=FACE_OUTER_BOUND('',#539,.T.);
#440=FACE_OUTER_BOUND('',#540,.T.);
#441=FACE_OUTER_BOUND('',#546,.T.);
#442=FACE_OUTER_BOUND('',#547,.T.);
#443=FACE_OUTER_BOUND('',#548,.T.);
#444=FACE_OUTER_BOUND('',#549,.T.);
#445=FACE_OUTER_BOUND('',#550,.T.);
#446=FACE_OUTER_BOUND('',#551,.T.);
#447=FACE_OUTER_BOUND('',#552,.T.);
#448=FACE_OUTER_BOUND('',#553,.T.);
#449=FACE_OUTER_BOUND('',#554,.T.);
#450=FACE_OUTER_BOUND('',#555,.T.);
#451=FACE_OUTER_BOUND('',#556,.T.);
#452=FACE_OUTER_BOUND('',#557,.T.);
#453=FACE_OUTER_BOUND('',#558,.T.);
#454=FACE_OUTER_BOUND('',#559,.T.);
#455=FACE_OUTER_BOUND('',#565,.T.);
#456=FACE_OUTER_BOUND('',#566,.T.);
#457=FACE_OUTER_BOUND('',#568,.T.);
#458=FACE_OUTER_BOUND('',#569,.T.);
#459=FACE_OUTER_BOUND('',#571,.T.);
#460=FACE_OUTER_BOUND('',#572,.T.);
#461=FACE_OUTER_BOUND('',#574,.T.);
#462=FACE_OUTER_BOUND('',#575,.T.);
#463=FACE_OUTER_BOUND('',#577,.T.);
#464=FACE_OUTER_BOUND('',#578,.T.);
#465=FACE_OUTER_BOUND('',#579,.T.);
#466=FACE_OUTER_BOUND('',#580,.T.);
#467=FACE_OUTER_BOUND('',#581,.T.);
#468=FACE_OUTER_BOUND('',#589,.T.);
#469=FACE_OUTER_BOUND('',#590,.T.);
#470=FACE_OUTER_BOUND('',#591,.T.);
#471=FACE_OUTER_BOUND('',#592,.T.);
#472=FACE_OUTER_BOUND('',#593,.T.);
#473=FACE_OUTER_BOUND('',#594,.T.);
#474=FACE_OUTER_BOUND('',#595,.T.);
#475=FACE_OUTER_BOUND('',#596,.T.);
#476=FACE_OUTER_BOUND('',#597,.T.);
#477=FACE_OUTER_BOUND('',#598,.T.);
#478=FACE_OUTER_BOUND('',#599,.T.);
#479=FACE_OUTER_BOUND('',#600,.T.);
#480=FACE_OUTER_BOUND('',#601,.T.);
#481=FACE_OUTER_BOUND('',#602,.T.);
#482=FACE_OUTER_BOUND('',#603,.T.);
#483=FACE_OUTER_BOUND('',#604,.T.);
#484=FACE_OUTER_BOUND('',#605,.T.);
#485=FACE_OUTER_BOUND('',#606,.T.);
#486=FACE_OUTER_BOUND('',#607,.T.);
#487=FACE_OUTER_BOUND('',#608,.T.);
#488=FACE_OUTER_BOUND('',#609,.T.);
#489=FACE_OUTER_BOUND('',#610,.T.);
#490=FACE_OUTER_BOUND('',#617,.T.);
#491=FACE_OUTER_BOUND('',#618,.T.);
#492=FACE_OUTER_BOUND('',#619,.T.);
#493=FACE_OUTER_BOUND('',#620,.T.);
#494=FACE_OUTER_BOUND('',#621,.T.);
#495=FACE_OUTER_BOUND('',#622,.T.);
#496=FACE_OUTER_BOUND('',#623,.T.);
#497=FACE_OUTER_BOUND('',#624,.T.);
#498=FACE_OUTER_BOUND('',#625,.T.);
#499=FACE_OUTER_BOUND('',#626,.T.);
#500=FACE_OUTER_BOUND('',#627,.T.);
#501=FACE_OUTER_BOUND('',#628,.T.);
#502=FACE_OUTER_BOUND('',#629,.T.);
#503=FACE_OUTER_BOUND('',#630,.T.);
#504=FACE_OUTER_BOUND('',#631,.T.);
#505=FACE_OUTER_BOUND('',#632,.T.);
#506=FACE_OUTER_BOUND('',#633,.T.);
#507=FACE_OUTER_BOUND('',#634,.T.);
#508=FACE_OUTER_BOUND('',#635,.T.);
#509=FACE_OUTER_BOUND('',#636,.T.);
#510=FACE_OUTER_BOUND('',#637,.T.);
#511=FACE_OUTER_BOUND('',#638,.T.);
#512=FACE_OUTER_BOUND('',#639,.T.);
#513=FACE_OUTER_BOUND('',#640,.T.);
#514=FACE_OUTER_BOUND('',#646,.T.);
#515=FACE_OUTER_BOUND('',#648,.T.);
#516=FACE_OUTER_BOUND('',#649,.T.);
#517=FACE_OUTER_BOUND('',#650,.T.);
#518=FACE_OUTER_BOUND('',#656,.T.);
#519=FACE_OUTER_BOUND('',#657,.T.);
#520=FACE_OUTER_BOUND('',#658,.T.);
#521=FACE_OUTER_BOUND('',#659,.T.);
#522=FACE_OUTER_BOUND('',#660,.T.);
#523=FACE_OUTER_BOUND('',#661,.T.);
#524=FACE_OUTER_BOUND('',#662,.T.);
#525=FACE_OUTER_BOUND('',#663,.T.);
#526=FACE_OUTER_BOUND('',#665,.T.);
#527=FACE_OUTER_BOUND('',#666,.T.);
#528=FACE_OUTER_BOUND('',#668,.T.);
#529=FACE_OUTER_BOUND('',#669,.T.);
#530=FACE_OUTER_BOUND('',#670,.T.);
#531=FACE_OUTER_BOUND('',#671,.T.);
#532=FACE_OUTER_BOUND('',#672,.T.);
#533=FACE_OUTER_BOUND('',#673,.T.);
#534=FACE_OUTER_BOUND('',#674,.T.);
#535=EDGE_LOOP('',(#1141));
#536=EDGE_LOOP('',(#1142,#1143,#1144,#1145));
#537=EDGE_LOOP('',(#1146,#1147));
#538=EDGE_LOOP('',(#1148,#1149,#1150,#1151,#1152,#1153,#1154,#1155));
#539=EDGE_LOOP('',(#1156,#1157,#1158));
#540=EDGE_LOOP('',(#1159,#1160,#1161,#1162,#1163,#1164,#1165,#1166));
#541=EDGE_LOOP('',(#1167));
#542=EDGE_LOOP('',(#1168));
#543=EDGE_LOOP('',(#1169));
#544=EDGE_LOOP('',(#1170));
#545=EDGE_LOOP('',(#1171));
#546=EDGE_LOOP('',(#1172,#1173,#1174,#1175));
#547=EDGE_LOOP('',(#1176,#1177,#1178,#1179));
#548=EDGE_LOOP('',(#1180,#1181,#1182,#1183));
#549=EDGE_LOOP('',(#1184,#1185,#1186,#1187));
#550=EDGE_LOOP('',(#1188,#1189,#1190,#1191));
#551=EDGE_LOOP('',(#1192,#1193,#1194,#1195));
#552=EDGE_LOOP('',(#1196,#1197,#1198,#1199));
#553=EDGE_LOOP('',(#1200,#1201,#1202,#1203));
#554=EDGE_LOOP('',(#1204,#1205,#1206,#1207));
#555=EDGE_LOOP('',(#1208,#1209,#1210,#1211));
#556=EDGE_LOOP('',(#1212,#1213,#1214,#1215));
#557=EDGE_LOOP('',(#1216,#1217,#1218,#1219));
#558=EDGE_LOOP('',(#1220,#1221,#1222,#1223));
#559=EDGE_LOOP('',(#1224,#1225,#1226,#1227,#1228,#1229,#1230,#1231));
#560=EDGE_LOOP('',(#1232));
#561=EDGE_LOOP('',(#1233));
#562=EDGE_LOOP('',(#1234));
#563=EDGE_LOOP('',(#1235));
#564=EDGE_LOOP('',(#1236));
#565=EDGE_LOOP('',(#1237,#1238,#1239,#1240));
#566=EDGE_LOOP('',(#1241));
#567=EDGE_LOOP('',(#1242));
#568=EDGE_LOOP('',(#1243,#1244,#1245,#1246));
#569=EDGE_LOOP('',(#1247));
#570=EDGE_LOOP('',(#1248));
#571=EDGE_LOOP('',(#1249,#1250,#1251,#1252));
#572=EDGE_LOOP('',(#1253));
#573=EDGE_LOOP('',(#1254));
#574=EDGE_LOOP('',(#1255,#1256,#1257,#1258));
#575=EDGE_LOOP('',(#1259));
#576=EDGE_LOOP('',(#1260));
#577=EDGE_LOOP('',(#1261,#1262,#1263,#1264));
#578=EDGE_LOOP('',(#1265,#1266,#1267,#1268));
#579=EDGE_LOOP('',(#1269,#1270,#1271,#1272));
#580=EDGE_LOOP('',(#1273,#1274,#1275,#1276,#1277,#1278,#1279,#1280));
#581=EDGE_LOOP('',(#1281,#1282,#1283,#1284,#1285,#1286,#1287,#1288,#1289,
#1290,#1291,#1292,#1293,#1294,#1295,#1296));
#582=EDGE_LOOP('',(#1297));
#583=EDGE_LOOP('',(#1298));
#584=EDGE_LOOP('',(#1299));
#585=EDGE_LOOP('',(#1300));
#586=EDGE_LOOP('',(#1301));
#587=EDGE_LOOP('',(#1302,#1303,#1304,#1305));
#588=EDGE_LOOP('',(#1306,#1307,#1308,#1309));
#589=EDGE_LOOP('',(#1310,#1311,#1312,#1313));
#590=EDGE_LOOP('',(#1314,#1315,#1316,#1317));
#591=EDGE_LOOP('',(#1318,#1319,#1320,#1321));
#592=EDGE_LOOP('',(#1322,#1323,#1324,#1325));
#593=EDGE_LOOP('',(#1326,#1327,#1328,#1329));
#594=EDGE_LOOP('',(#1330,#1331,#1332,#1333));
#595=EDGE_LOOP('',(#1334,#1335,#1336,#1337));
#596=EDGE_LOOP('',(#1338,#1339,#1340,#1341));
#597=EDGE_LOOP('',(#1342,#1343,#1344,#1345));
#598=EDGE_LOOP('',(#1346,#1347,#1348,#1349));
#599=EDGE_LOOP('',(#1350));
#600=EDGE_LOOP('',(#1351));
#601=EDGE_LOOP('',(#1352));
#602=EDGE_LOOP('',(#1353));
#603=EDGE_LOOP('',(#1354));
#604=EDGE_LOOP('',(#1355,#1356,#1357,#1358));
#605=EDGE_LOOP('',(#1359,#1360,#1361,#1362));
#606=EDGE_LOOP('',(#1363,#1364,#1365,#1366));
#607=EDGE_LOOP('',(#1367,#1368,#1369,#1370));
#608=EDGE_LOOP('',(#1371,#1372,#1373,#1374,#1375,#1376,#1377,#1378,#1379,
#1380,#1381,#1382));
#609=EDGE_LOOP('',(#1383,#1384,#1385,#1386));
#610=EDGE_LOOP('',(#1387,#1388,#1389,#1390));
#611=EDGE_LOOP('',(#1391));
#612=EDGE_LOOP('',(#1392));
#613=EDGE_LOOP('',(#1393));
#614=EDGE_LOOP('',(#1394));
#615=EDGE_LOOP('',(#1395));
#616=EDGE_LOOP('',(#1396));
#617=EDGE_LOOP('',(#1397));
#618=EDGE_LOOP('',(#1398,#1399,#1400,#1401,#1402,#1403));
#619=EDGE_LOOP('',(#1404,#1405,#1406,#1407,#1408,#1409));
#620=EDGE_LOOP('',(#1410,#1411,#1412,#1413));
#621=EDGE_LOOP('',(#1414,#1415,#1416,#1417));
#622=EDGE_LOOP('',(#1418,#1419,#1420,#1421));
#623=EDGE_LOOP('',(#1422,#1423,#1424,#1425));
#624=EDGE_LOOP('',(#1426,#1427,#1428,#1429));
#625=EDGE_LOOP('',(#1430,#1431,#1432,#1433));
#626=EDGE_LOOP('',(#1434,#1435,#1436,#1437));
#627=EDGE_LOOP('',(#1438,#1439,#1440,#1441));
#628=EDGE_LOOP('',(#1442,#1443,#1444,#1445));
#629=EDGE_LOOP('',(#1446,#1447,#1448,#1449));
#630=EDGE_LOOP('',(#1450,#1451,#1452,#1453));
#631=EDGE_LOOP('',(#1454,#1455,#1456,#1457));
#632=EDGE_LOOP('',(#1458,#1459,#1460,#1461));
#633=EDGE_LOOP('',(#1462,#1463,#1464,#1465));
#634=EDGE_LOOP('',(#1466,#1467,#1468,#1469));
#635=EDGE_LOOP('',(#1470,#1471,#1472,#1473));
#636=EDGE_LOOP('',(#1474,#1475,#1476,#1477));
#637=EDGE_LOOP('',(#1478,#1479,#1480,#1481));
#638=EDGE_LOOP('',(#1482,#1483,#1484,#1485));
#639=EDGE_LOOP('',(#1486,#1487,#1488,#1489));
#640=EDGE_LOOP('',(#1490,#1491,#1492,#1493,#1494,#1495,#1496,#1497,#1498,
#1499,#1500,#1501));
#641=EDGE_LOOP('',(#1502));
#642=EDGE_LOOP('',(#1503));
#643=EDGE_LOOP('',(#1504));
#644=EDGE_LOOP('',(#1505));
#645=EDGE_LOOP('',(#1506));
#646=EDGE_LOOP('',(#1507));
#647=EDGE_LOOP('',(#1508));
#648=EDGE_LOOP('',(#1509,#1510,#1511,#1512));
#649=EDGE_LOOP('',(#1513,#1514,#1515,#1516));
#650=EDGE_LOOP('',(#1517,#1518,#1519,#1520,#1521,#1522,#1523,#1524));
#651=EDGE_LOOP('',(#1525));
#652=EDGE_LOOP('',(#1526));
#653=EDGE_LOOP('',(#1527));
#654=EDGE_LOOP('',(#1528));
#655=EDGE_LOOP('',(#1529));
#656=EDGE_LOOP('',(#1530,#1531,#1532,#1533));
#657=EDGE_LOOP('',(#1534,#1535,#1536,#1537));
#658=EDGE_LOOP('',(#1538,#1539,#1540,#1541));
#659=EDGE_LOOP('',(#1542,#1543,#1544,#1545));
#660=EDGE_LOOP('',(#1546,#1547,#1548,#1549));
#661=EDGE_LOOP('',(#1550,#1551,#1552,#1553));
#662=EDGE_LOOP('',(#1554,#1555,#1556,#1557));
#663=EDGE_LOOP('',(#1558));
#664=EDGE_LOOP('',(#1559));
#665=EDGE_LOOP('',(#1560,#1561,#1562,#1563));
#666=EDGE_LOOP('',(#1564));
#667=EDGE_LOOP('',(#1565));
#668=EDGE_LOOP('',(#1566,#1567,#1568,#1569));
#669=EDGE_LOOP('',(#1570,#1571,#1572,#1573));
#670=EDGE_LOOP('',(#1574,#1575,#1576,#1577));
#671=EDGE_LOOP('',(#1578,#1579,#1580,#1581));
#672=EDGE_LOOP('',(#1582,#1583,#1584,#1585));
#673=EDGE_LOOP('',(#1586,#1587,#1588,#1589));
#674=EDGE_LOOP('',(#1590,#1591,#1592,#1593,#1594,#1595,#1596,#1597));
#675=EDGE_LOOP('',(#1598));
#676=EDGE_LOOP('',(#1599));
#677=EDGE_LOOP('',(#1600));
#678=EDGE_LOOP('',(#1601));
#679=EDGE_LOOP('',(#1602));
#680=CIRCLE('',#1814,2.5);
#681=CIRCLE('',#1817,2.5);
#682=CIRCLE('',#1819,2.5);
#683=CIRCLE('',#1820,2.5);
#684=CIRCLE('',#1824,25.1);
#685=CIRCLE('',#1825,25.1);
#686=CIRCLE('',#1826,25.1);
#687=CIRCLE('',#1827,25.1);
#688=CIRCLE('',#1828,1.5);
#689=CIRCLE('',#1829,1.5);
#690=CIRCLE('',#1830,1.5);
#691=CIRCLE('',#1831,1.5);
#692=CIRCLE('',#1832,4.6);
#693=CIRCLE('',#1834,25.1);
#694=CIRCLE('',#1837,25.1);
#695=CIRCLE('',#1840,4.6);
#696=CIRCLE('',#1842,1.5);
#697=CIRCLE('',#1844,1.5);
#698=CIRCLE('',#1846,1.5);
#699=CIRCLE('',#1848,1.5);
#700=CIRCLE('',#1851,25.1);
#701=CIRCLE('',#1854,25.1);
#702=CIRCLE('',#1858,3.);
#703=CIRCLE('',#1859,3.);
#704=CIRCLE('',#1861,1.5);
#705=CIRCLE('',#1863,3.);
#706=CIRCLE('',#1864,3.);
#707=CIRCLE('',#1866,1.5);
#708=CIRCLE('',#1868,3.);
#709=CIRCLE('',#1869,3.);
#710=CIRCLE('',#1871,1.5);
#711=CIRCLE('',#1873,3.);
#712=CIRCLE('',#1874,3.);
#713=CIRCLE('',#1876,1.5);
#714=CIRCLE('',#1882,5.);
#715=CIRCLE('',#1883,5.);
#716=CIRCLE('',#1884,5.);
#717=CIRCLE('',#1885,5.);
#718=CIRCLE('',#1886,1.5);
#719=CIRCLE('',#1887,1.5);
#720=CIRCLE('',#1888,1.5);
#721=CIRCLE('',#1889,1.5);
#722=CIRCLE('',#1890,4.6);
#723=CIRCLE('',#1902,0.25);
#724=CIRCLE('',#1904,0.25);
#725=CIRCLE('',#1906,0.25);
#726=CIRCLE('',#1908,0.25);
#727=CIRCLE('',#1910,0.249999999999999);
#728=CIRCLE('',#1918,0.25);
#729=CIRCLE('',#1919,0.25);
#730=CIRCLE('',#1920,0.25);
#731=CIRCLE('',#1921,0.25);
#732=CIRCLE('',#1922,0.25);
#733=CIRCLE('',#1923,0.249999999999999);
#734=CIRCLE('',#1925,0.25);
#735=CIRCLE('',#1937,5.);
#736=CIRCLE('',#1940,5.);
#737=CIRCLE('',#1943,5.);
#738=CIRCLE('',#1945,5.);
#739=CIRCLE('',#1951,4.6);
#740=CIRCLE('',#1956,4.6);
#741=CIRCLE('',#1957,2.5);
#742=CIRCLE('',#1961,1.5);
#743=CIRCLE('',#1962,1.5);
#744=CIRCLE('',#1963,1.5);
#745=CIRCLE('',#1964,1.5);
#746=CIRCLE('',#1965,4.6);
#747=CIRCLE('',#1969,2.5);
#748=CIRCLE('',#1971,4.6);
#749=CIRCLE('',#1973,11.);
#750=CIRCLE('',#1974,11.);
#751=CIRCLE('',#1976,4.6);
#752=CIRCLE('',#1978,1.5);
#753=CIRCLE('',#1980,1.5);
#754=CIRCLE('',#1982,1.5);
#755=CIRCLE('',#1984,1.5);
#756=VERTEX_POINT('',#2507);
#757=VERTEX_POINT('',#2510);
#758=VERTEX_POINT('',#2511);
#759=VERTEX_POINT('',#2513);
#760=VERTEX_POINT('',#2515);
#761=VERTEX_POINT('',#2521);
#762=VERTEX_POINT('',#2528);
#763=VERTEX_POINT('',#2529);
#764=VERTEX_POINT('',#2531);
#765=VERTEX_POINT('',#2533);
#766=VERTEX_POINT('',#2535);
#767=VERTEX_POINT('',#2537);
#768=VERTEX_POINT('',#2539);
#769=VERTEX_POINT('',#2541);
#770=VERTEX_POINT('',#2544);
#771=VERTEX_POINT('',#2546);
#772=VERTEX_POINT('',#2548);
#773=VERTEX_POINT('',#2550);
#774=VERTEX_POINT('',#2552);
#775=VERTEX_POINT('',#2555);
#776=VERTEX_POINT('',#2557);
#777=VERTEX_POINT('',#2561);
#778=VERTEX_POINT('',#2565);
#779=VERTEX_POINT('',#2569);
#780=VERTEX_POINT('',#2573);
#781=VERTEX_POINT('',#2577);
#782=VERTEX_POINT('',#2581);
#783=VERTEX_POINT('',#2585);
#784=VERTEX_POINT('',#2589);
#785=VERTEX_POINT('',#2593);
#786=VERTEX_POINT('',#2597);
#787=VERTEX_POINT('',#2601);
#788=VERTEX_POINT('',#2609);
#789=VERTEX_POINT('',#2611);
#790=VERTEX_POINT('',#2615);
#791=VERTEX_POINT('',#2618);
#792=VERTEX_POINT('',#2620);
#793=VERTEX_POINT('',#2624);
#794=VERTEX_POINT('',#2627);
#795=VERTEX_POINT('',#2629);
#796=VERTEX_POINT('',#2633);
#797=VERTEX_POINT('',#2636);
#798=VERTEX_POINT('',#2638);
#799=VERTEX_POINT('',#2642);
#800=VERTEX_POINT('',#2645);
#801=VERTEX_POINT('',#2646);
#802=VERTEX_POINT('',#2648);
#803=VERTEX_POINT('',#2650);
#804=VERTEX_POINT('',#2654);
#805=VERTEX_POINT('',#2656);
#806=VERTEX_POINT('',#2660);
#807=VERTEX_POINT('',#2662);
#808=VERTEX_POINT('',#2666);
#809=VERTEX_POINT('',#2668);
#810=VERTEX_POINT('',#2670);
#811=VERTEX_POINT('',#2672);
#812=VERTEX_POINT('',#2676);
#813=VERTEX_POINT('',#2678);
#814=VERTEX_POINT('',#2680);
#815=VERTEX_POINT('',#2682);
#816=VERTEX_POINT('',#2684);
#817=VERTEX_POINT('',#2686);
#818=VERTEX_POINT('',#2688);
#819=VERTEX_POINT('',#2690);
#820=VERTEX_POINT('',#2692);
#821=VERTEX_POINT('',#2694);
#822=VERTEX_POINT('',#2696);
#823=VERTEX_POINT('',#2698);
#824=VERTEX_POINT('',#2701);
#825=VERTEX_POINT('',#2703);
#826=VERTEX_POINT('',#2705);
#827=VERTEX_POINT('',#2707);
#828=VERTEX_POINT('',#2709);
#829=VERTEX_POINT('',#2711);
#830=VERTEX_POINT('',#2712);
#831=VERTEX_POINT('',#2714);
#832=VERTEX_POINT('',#2716);
#833=VERTEX_POINT('',#2719);
#834=VERTEX_POINT('',#2720);
#835=VERTEX_POINT('',#2722);
#836=VERTEX_POINT('',#2724);
#837=VERTEX_POINT('',#2728);
#838=VERTEX_POINT('',#2730);
#839=VERTEX_POINT('',#2734);
#840=VERTEX_POINT('',#2738);
#841=VERTEX_POINT('',#2745);
#842=VERTEX_POINT('',#2747);
#843=VERTEX_POINT('',#2751);
#844=VERTEX_POINT('',#2755);
#845=VERTEX_POINT('',#2762);
#846=VERTEX_POINT('',#2765);
#847=VERTEX_POINT('',#2768);
#848=VERTEX_POINT('',#2771);
#849=VERTEX_POINT('',#2774);
#850=VERTEX_POINT('',#2777);
#851=VERTEX_POINT('',#2778);
#852=VERTEX_POINT('',#2780);
#853=VERTEX_POINT('',#2782);
#854=VERTEX_POINT('',#2786);
#855=VERTEX_POINT('',#2788);
#856=VERTEX_POINT('',#2792);
#857=VERTEX_POINT('',#2794);
#858=VERTEX_POINT('',#2804);
#859=VERTEX_POINT('',#2806);
#860=VERTEX_POINT('',#2810);
#861=VERTEX_POINT('',#2812);
#862=VERTEX_POINT('',#2814);
#863=VERTEX_POINT('',#2816);
#864=VERTEX_POINT('',#2818);
#865=VERTEX_POINT('',#2820);
#866=VERTEX_POINT('',#2823);
#867=VERTEX_POINT('',#2826);
#868=VERTEX_POINT('',#2830);
#869=VERTEX_POINT('',#2832);
#870=VERTEX_POINT('',#2838);
#871=VERTEX_POINT('',#2854);
#872=VERTEX_POINT('',#2858);
#873=VERTEX_POINT('',#2862);
#874=VERTEX_POINT('',#2866);
#875=VERTEX_POINT('',#2870);
#876=VERTEX_POINT('',#2874);
#877=VERTEX_POINT('',#2886);
#878=VERTEX_POINT('',#2894);
#879=VERTEX_POINT('',#2896);
#880=VERTEX_POINT('',#2899);
#881=VERTEX_POINT('',#2900);
#882=VERTEX_POINT('',#2902);
#883=VERTEX_POINT('',#2904);
#884=VERTEX_POINT('',#2908);
#885=VERTEX_POINT('',#2909);
#886=VERTEX_POINT('',#2911);
#887=VERTEX_POINT('',#2913);
#888=VERTEX_POINT('',#2917);
#889=VERTEX_POINT('',#2925);
#890=VERTEX_POINT('',#2927);
#891=VERTEX_POINT('',#2935);
#892=VERTEX_POINT('',#2951);
#893=VERTEX_POINT('',#2953);
#894=VERTEX_POINT('',#2955);
#895=VERTEX_POINT('',#2957);
#896=VERTEX_POINT('',#2959);
#897=VERTEX_POINT('',#2977);
#898=VERTEX_POINT('',#2979);
#899=VERTEX_POINT('',#2989);
#900=VERTEX_POINT('',#3027);
#901=VERTEX_POINT('',#3058);
#902=VERTEX_POINT('',#3062);
#903=VERTEX_POINT('',#3065);
#904=VERTEX_POINT('',#3067);
#905=VERTEX_POINT('',#3071);
#906=VERTEX_POINT('',#3074);
#907=VERTEX_POINT('',#3078);
#908=VERTEX_POINT('',#3082);
#909=VERTEX_POINT('',#3086);
#910=EDGE_CURVE('',#756,#756,#680,.T.);
#911=EDGE_CURVE('',#757,#758,#141,.T.);
#912=EDGE_CURVE('',#759,#757,#142,.T.);
#913=EDGE_CURVE('',#759,#760,#143,.T.);
#914=EDGE_CURVE('',#758,#760,#144,.T.);
#915=EDGE_CURVE('',#760,#759,#681,.T.);
#916=EDGE_CURVE('',#758,#761,#682,.T.);
#917=EDGE_CURVE('',#761,#757,#683,.T.);
#918=EDGE_CURVE('',#761,#756,#145,.T.);
#919=EDGE_CURVE('',#762,#763,#146,.T.);
#920=EDGE_CURVE('',#764,#762,#684,.T.);
#921=EDGE_CURVE('',#765,#764,#147,.T.);
#922=EDGE_CURVE('',#766,#765,#685,.T.);
#923=EDGE_CURVE('',#767,#766,#148,.T.);
#924=EDGE_CURVE('',#768,#767,#686,.T.);
#925=EDGE_CURVE('',#769,#768,#149,.T.);
#926=EDGE_CURVE('',#763,#769,#687,.T.);
#927=EDGE_CURVE('',#770,#770,#688,.T.);
#928=EDGE_CURVE('',#771,#771,#689,.T.);
#929=EDGE_CURVE('',#772,#772,#690,.T.);
#930=EDGE_CURVE('',#773,#773,#691,.T.);
#931=EDGE_CURVE('',#774,#774,#692,.T.);
#932=EDGE_CURVE('',#765,#775,#150,.T.);
#933=EDGE_CURVE('',#776,#775,#693,.T.);
#934=EDGE_CURVE('',#766,#776,#151,.T.);
#935=EDGE_CURVE('',#764,#777,#152,.T.);
#936=EDGE_CURVE('',#775,#777,#153,.T.);
#937=EDGE_CURVE('',#762,#778,#154,.T.);
#938=EDGE_CURVE('',#777,#778,#694,.T.);
#939=EDGE_CURVE('',#763,#779,#155,.T.);
#940=EDGE_CURVE('',#778,#779,#156,.T.);
#941=EDGE_CURVE('',#774,#780,#157,.T.);
#942=EDGE_CURVE('',#780,#780,#695,.T.);
#943=EDGE_CURVE('',#773,#781,#158,.T.);
#944=EDGE_CURVE('',#781,#781,#696,.T.);
#945=EDGE_CURVE('',#772,#782,#159,.T.);
#946=EDGE_CURVE('',#782,#782,#697,.T.);
#947=EDGE_CURVE('',#771,#783,#160,.T.);
#948=EDGE_CURVE('',#783,#783,#698,.T.);
#949=EDGE_CURVE('',#770,#784,#161,.T.);
#950=EDGE_CURVE('',#784,#784,#699,.T.);
#951=EDGE_CURVE('',#785,#776,#162,.T.);
#952=EDGE_CURVE('',#767,#785,#163,.T.);
#953=EDGE_CURVE('',#786,#785,#700,.T.);
#954=EDGE_CURVE('',#768,#786,#164,.T.);
#955=EDGE_CURVE('',#787,#786,#165,.T.);
#956=EDGE_CURVE('',#769,#787,#166,.T.);
#957=EDGE_CURVE('',#779,#787,#701,.T.);
#958=EDGE_CURVE('',#788,#788,#702,.T.);
#959=EDGE_CURVE('',#788,#789,#167,.T.);
#960=EDGE_CURVE('',#789,#789,#703,.T.);
#961=EDGE_CURVE('',#790,#790,#704,.T.);
#962=EDGE_CURVE('',#791,#791,#705,.T.);
#963=EDGE_CURVE('',#791,#792,#168,.T.);
#964=EDGE_CURVE('',#792,#792,#706,.T.);
#965=EDGE_CURVE('',#793,#793,#707,.T.);
#966=EDGE_CURVE('',#794,#794,#708,.T.);
#967=EDGE_CURVE('',#794,#795,#169,.T.);
#968=EDGE_CURVE('',#795,#795,#709,.T.);
#969=EDGE_CURVE('',#796,#796,#710,.T.);
#970=EDGE_CURVE('',#797,#797,#711,.T.);
#971=EDGE_CURVE('',#797,#798,#170,.T.);
#972=EDGE_CURVE('',#798,#798,#712,.T.);
#973=EDGE_CURVE('',#799,#799,#713,.T.);
#974=EDGE_CURVE('',#800,#801,#171,.T.);
#975=EDGE_CURVE('',#800,#802,#172,.T.);
#976=EDGE_CURVE('',#803,#802,#173,.T.);
#977=EDGE_CURVE('',#801,#803,#174,.T.);
#978=EDGE_CURVE('',#804,#800,#175,.T.);
#979=EDGE_CURVE('',#804,#805,#176,.T.);
#980=EDGE_CURVE('',#802,#805,#177,.T.);
#981=EDGE_CURVE('',#806,#804,#178,.T.);
#982=EDGE_CURVE('',#807,#806,#179,.T.);
#983=EDGE_CURVE('',#805,#807,#180,.T.);
#984=EDGE_CURVE('',#808,#807,#181,.T.);
#985=EDGE_CURVE('',#809,#808,#182,.T.);
#986=EDGE_CURVE('',#810,#809,#183,.T.);
#987=EDGE_CURVE('',#810,#811,#184,.T.);
#988=EDGE_CURVE('',#803,#811,#185,.T.);
#989=EDGE_CURVE('',#812,#801,#186,.T.);
#990=EDGE_CURVE('',#813,#812,#187,.T.);
#991=EDGE_CURVE('',#813,#814,#188,.T.);
#992=EDGE_CURVE('',#815,#814,#714,.T.);
#993=EDGE_CURVE('',#815,#816,#189,.T.);
#994=EDGE_CURVE('',#817,#816,#715,.T.);
#995=EDGE_CURVE('',#817,#818,#190,.T.);
#996=EDGE_CURVE('',#819,#818,#716,.T.);
#997=EDGE_CURVE('',#819,#820,#191,.T.);
#998=EDGE_CURVE('',#821,#820,#717,.T.);
#999=EDGE_CURVE('',#821,#822,#192,.T.);
#1000=EDGE_CURVE('',#822,#823,#193,.T.);
#1001=EDGE_CURVE('',#806,#823,#194,.T.);
#1002=EDGE_CURVE('',#824,#824,#718,.T.);
#1003=EDGE_CURVE('',#825,#825,#719,.T.);
#1004=EDGE_CURVE('',#826,#826,#720,.T.);
#1005=EDGE_CURVE('',#827,#827,#721,.T.);
#1006=EDGE_CURVE('',#828,#828,#722,.T.);
#1007=EDGE_CURVE('',#829,#830,#195,.T.);
#1008=EDGE_CURVE('',#830,#831,#196,.T.);
#1009=EDGE_CURVE('',#831,#832,#197,.T.);
#1010=EDGE_CURVE('',#832,#829,#198,.T.);
#1011=EDGE_CURVE('',#833,#834,#199,.T.);
#1012=EDGE_CURVE('',#834,#835,#200,.T.);
#1013=EDGE_CURVE('',#835,#836,#201,.T.);
#1014=EDGE_CURVE('',#836,#833,#202,.T.);
#1015=EDGE_CURVE('',#833,#837,#203,.T.);
#1016=EDGE_CURVE('',#837,#838,#204,.T.);
#1017=EDGE_CURVE('',#834,#838,#205,.T.);
#1018=EDGE_CURVE('',#836,#839,#206,.T.);
#1019=EDGE_CURVE('',#839,#837,#207,.T.);
#1020=EDGE_CURVE('',#835,#840,#208,.T.);
#1021=EDGE_CURVE('',#840,#839,#209,.T.);
#1022=EDGE_CURVE('',#838,#840,#210,.T.);
#1023=EDGE_CURVE('',#829,#841,#211,.T.);
#1024=EDGE_CURVE('',#841,#842,#212,.T.);
#1025=EDGE_CURVE('',#830,#842,#213,.T.);
#1026=EDGE_CURVE('',#832,#843,#214,.T.);
#1027=EDGE_CURVE('',#843,#841,#215,.T.);
#1028=EDGE_CURVE('',#831,#844,#216,.T.);
#1029=EDGE_CURVE('',#844,#843,#217,.T.);
#1030=EDGE_CURVE('',#842,#844,#218,.T.);
#1031=EDGE_CURVE('',#845,#845,#723,.T.);
#1032=EDGE_CURVE('',#846,#846,#724,.T.);
#1033=EDGE_CURVE('',#847,#847,#725,.T.);
#1034=EDGE_CURVE('',#848,#848,#726,.T.);
#1035=EDGE_CURVE('',#849,#849,#727,.T.);
#1036=EDGE_CURVE('',#850,#851,#219,.T.);
#1037=EDGE_CURVE('',#850,#852,#220,.T.);
#1038=EDGE_CURVE('',#853,#852,#221,.T.);
#1039=EDGE_CURVE('',#851,#853,#222,.T.);
#1040=EDGE_CURVE('',#809,#854,#223,.T.);
#1041=EDGE_CURVE('',#855,#808,#224,.T.);
#1042=EDGE_CURVE('',#854,#855,#225,.T.);
#1043=EDGE_CURVE('',#854,#856,#226,.T.);
#1044=EDGE_CURVE('',#857,#855,#227,.T.);
#1045=EDGE_CURVE('',#856,#857,#228,.T.);
#1046=EDGE_CURVE('',#856,#810,#229,.T.);
#1047=EDGE_CURVE('',#811,#857,#230,.T.);
#1048=EDGE_CURVE('',#823,#853,#231,.T.);
#1049=EDGE_CURVE('',#852,#812,#232,.T.);
#1050=EDGE_CURVE('',#813,#858,#233,.T.);
#1051=EDGE_CURVE('',#859,#858,#234,.T.);
#1052=EDGE_CURVE('',#814,#859,#235,.T.);
#1053=EDGE_CURVE('',#860,#860,#728,.T.);
#1054=EDGE_CURVE('',#861,#861,#729,.T.);
#1055=EDGE_CURVE('',#862,#862,#730,.T.);
#1056=EDGE_CURVE('',#863,#863,#731,.T.);
#1057=EDGE_CURVE('',#864,#864,#732,.T.);
#1058=EDGE_CURVE('',#865,#865,#733,.T.);
#1059=EDGE_CURVE('',#866,#866,#734,.T.);
#1060=EDGE_CURVE('',#867,#850,#236,.T.);
#1061=EDGE_CURVE('',#858,#867,#237,.T.);
#1062=EDGE_CURVE('',#868,#822,#238,.T.);
#1063=EDGE_CURVE('',#868,#869,#239,.T.);
#1064=EDGE_CURVE('',#851,#869,#240,.T.);
#1065=EDGE_CURVE('',#869,#867,#241,.T.);
#1066=EDGE_CURVE('',#870,#821,#242,.T.);
#1067=EDGE_CURVE('',#868,#870,#243,.T.);
#1068=EDGE_CURVE('',#847,#860,#244,.T.);
#1069=EDGE_CURVE('',#848,#861,#245,.T.);
#1070=EDGE_CURVE('',#866,#862,#246,.T.);
#1071=EDGE_CURVE('',#846,#863,#247,.T.);
#1072=EDGE_CURVE('',#845,#864,#248,.T.);
#1073=EDGE_CURVE('',#849,#865,#249,.T.);
#1074=EDGE_CURVE('',#871,#870,#735,.T.);
#1075=EDGE_CURVE('',#820,#871,#250,.T.);
#1076=EDGE_CURVE('',#872,#819,#251,.T.);
#1077=EDGE_CURVE('',#871,#872,#252,.T.);
#1078=EDGE_CURVE('',#859,#873,#736,.T.);
#1079=EDGE_CURVE('',#873,#815,#253,.T.);
#1080=EDGE_CURVE('',#874,#873,#254,.T.);
#1081=EDGE_CURVE('',#816,#874,#255,.T.);
#1082=EDGE_CURVE('',#874,#875,#737,.T.);
#1083=EDGE_CURVE('',#875,#817,#256,.T.);
#1084=EDGE_CURVE('',#876,#872,#738,.T.);
#1085=EDGE_CURVE('',#818,#876,#257,.T.);
#1086=EDGE_CURVE('',#824,#790,#258,.T.);
#1087=EDGE_CURVE('',#825,#799,#259,.T.);
#1088=EDGE_CURVE('',#826,#796,#260,.T.);
#1089=EDGE_CURVE('',#827,#793,#261,.T.);
#1090=EDGE_CURVE('',#828,#877,#262,.T.);
#1091=EDGE_CURVE('',#877,#877,#739,.T.);
#1092=EDGE_CURVE('',#876,#875,#263,.T.);
#1093=EDGE_CURVE('',#878,#878,#740,.T.);
#1094=EDGE_CURVE('',#879,#879,#741,.T.);
#1095=EDGE_CURVE('',#880,#881,#264,.T.);
#1096=EDGE_CURVE('',#882,#880,#265,.T.);
#1097=EDGE_CURVE('',#883,#882,#266,.T.);
#1098=EDGE_CURVE('',#881,#883,#267,.T.);
#1099=EDGE_CURVE('',#884,#885,#268,.T.);
#1100=EDGE_CURVE('',#886,#884,#269,.T.);
#1101=EDGE_CURVE('',#887,#886,#270,.T.);
#1102=EDGE_CURVE('',#885,#887,#271,.T.);
#1103=EDGE_CURVE('',#888,#881,#34,.T.);
#1104=EDGE_CURVE('',#888,#889,#272,.T.);
#1105=EDGE_CURVE('',#890,#889,#35,.T.);
#1106=EDGE_CURVE('',#890,#891,#273,.T.);
#1107=EDGE_CURVE('',#884,#891,#36,.T.);
#1108=EDGE_CURVE('',#880,#885,#37,.T.);
#1109=EDGE_CURVE('',#892,#892,#742,.T.);
#1110=EDGE_CURVE('',#893,#893,#743,.T.);
#1111=EDGE_CURVE('',#894,#894,#744,.T.);
#1112=EDGE_CURVE('',#895,#895,#745,.T.);
#1113=EDGE_CURVE('',#896,#896,#746,.T.);
#1114=EDGE_CURVE('',#878,#896,#274,.T.);
#1115=EDGE_CURVE('',#889,#897,#275,.T.);
#1116=EDGE_CURVE('',#897,#898,#38,.F.);
#1117=EDGE_CURVE('',#898,#890,#276,.T.);
#1118=EDGE_CURVE('',#898,#899,#277,.F.);
#1119=EDGE_CURVE('',#891,#899,#278,.T.);
#1120=EDGE_CURVE('',#899,#886,#39,.F.);
#1121=EDGE_CURVE('',#883,#900,#40,.F.);
#1122=EDGE_CURVE('',#900,#888,#279,.T.);
#1123=EDGE_CURVE('',#887,#882,#41,.F.);
#1124=EDGE_CURVE('',#901,#901,#747,.T.);
#1125=EDGE_CURVE('',#901,#879,#280,.T.);
#1126=EDGE_CURVE('',#902,#902,#748,.T.);
#1127=EDGE_CURVE('',#903,#903,#749,.T.);
#1128=EDGE_CURVE('',#903,#904,#281,.T.);
#1129=EDGE_CURVE('',#904,#904,#750,.F.);
#1130=EDGE_CURVE('',#905,#905,#751,.T.);
#1131=EDGE_CURVE('',#906,#906,#752,.T.);
#1132=EDGE_CURVE('',#906,#892,#282,.T.);
#1133=EDGE_CURVE('',#907,#907,#753,.T.);
#1134=EDGE_CURVE('',#907,#895,#283,.T.);
#1135=EDGE_CURVE('',#908,#908,#754,.T.);
#1136=EDGE_CURVE('',#908,#894,#284,.T.);
#1137=EDGE_CURVE('',#909,#909,#755,.T.);
#1138=EDGE_CURVE('',#909,#893,#285,.T.);
#1139=EDGE_CURVE('',#905,#902,#286,.T.);
#1140=EDGE_CURVE('',#897,#900,#287,.T.);
#1141=ORIENTED_EDGE('',*,*,#910,.F.);
#1142=ORIENTED_EDGE('',*,*,#911,.F.);
#1143=ORIENTED_EDGE('',*,*,#912,.F.);
#1144=ORIENTED_EDGE('',*,*,#913,.T.);
#1145=ORIENTED_EDGE('',*,*,#914,.F.);
#1146=ORIENTED_EDGE('',*,*,#915,.F.);
#1147=ORIENTED_EDGE('',*,*,#913,.F.);
#1148=ORIENTED_EDGE('',*,*,#916,.F.);
#1149=ORIENTED_EDGE('',*,*,#914,.T.);
#1150=ORIENTED_EDGE('',*,*,#915,.T.);
#1151=ORIENTED_EDGE('',*,*,#912,.T.);
#1152=ORIENTED_EDGE('',*,*,#917,.F.);
#1153=ORIENTED_EDGE('',*,*,#918,.T.);
#1154=ORIENTED_EDGE('',*,*,#910,.T.);
#1155=ORIENTED_EDGE('',*,*,#918,.F.);
#1156=ORIENTED_EDGE('',*,*,#911,.T.);
#1157=ORIENTED_EDGE('',*,*,#916,.T.);
#1158=ORIENTED_EDGE('',*,*,#917,.T.);
#1159=ORIENTED_EDGE('',*,*,#919,.F.);
#1160=ORIENTED_EDGE('',*,*,#920,.F.);
#1161=ORIENTED_EDGE('',*,*,#921,.F.);
#1162=ORIENTED_EDGE('',*,*,#922,.F.);
#1163=ORIENTED_EDGE('',*,*,#923,.F.);
#1164=ORIENTED_EDGE('',*,*,#924,.F.);
#1165=ORIENTED_EDGE('',*,*,#925,.F.);
#1166=ORIENTED_EDGE('',*,*,#926,.F.);
#1167=ORIENTED_EDGE('',*,*,#927,.F.);
#1168=ORIENTED_EDGE('',*,*,#928,.F.);
#1169=ORIENTED_EDGE('',*,*,#929,.F.);
#1170=ORIENTED_EDGE('',*,*,#930,.F.);
#1171=ORIENTED_EDGE('',*,*,#931,.F.);
#1172=ORIENTED_EDGE('',*,*,#922,.T.);
#1173=ORIENTED_EDGE('',*,*,#932,.T.);
#1174=ORIENTED_EDGE('',*,*,#933,.F.);
#1175=ORIENTED_EDGE('',*,*,#934,.F.);
#1176=ORIENTED_EDGE('',*,*,#921,.T.);
#1177=ORIENTED_EDGE('',*,*,#935,.T.);
#1178=ORIENTED_EDGE('',*,*,#936,.F.);
#1179=ORIENTED_EDGE('',*,*,#932,.F.);
#1180=ORIENTED_EDGE('',*,*,#920,.T.);
#1181=ORIENTED_EDGE('',*,*,#937,.T.);
#1182=ORIENTED_EDGE('',*,*,#938,.F.);
#1183=ORIENTED_EDGE('',*,*,#935,.F.);
#1184=ORIENTED_EDGE('',*,*,#919,.T.);
#1185=ORIENTED_EDGE('',*,*,#939,.T.);
#1186=ORIENTED_EDGE('',*,*,#940,.F.);
#1187=ORIENTED_EDGE('',*,*,#937,.F.);
#1188=ORIENTED_EDGE('',*,*,#931,.T.);
#1189=ORIENTED_EDGE('',*,*,#941,.T.);
#1190=ORIENTED_EDGE('',*,*,#942,.F.);
#1191=ORIENTED_EDGE('',*,*,#941,.F.);
#1192=ORIENTED_EDGE('',*,*,#930,.T.);
#1193=ORIENTED_EDGE('',*,*,#943,.T.);
#1194=ORIENTED_EDGE('',*,*,#944,.F.);
#1195=ORIENTED_EDGE('',*,*,#943,.F.);
#1196=ORIENTED_EDGE('',*,*,#929,.T.);
#1197=ORIENTED_EDGE('',*,*,#945,.T.);
#1198=ORIENTED_EDGE('',*,*,#946,.F.);
#1199=ORIENTED_EDGE('',*,*,#945,.F.);
#1200=ORIENTED_EDGE('',*,*,#928,.T.);
#1201=ORIENTED_EDGE('',*,*,#947,.T.);
#1202=ORIENTED_EDGE('',*,*,#948,.F.);
#1203=ORIENTED_EDGE('',*,*,#947,.F.);
#1204=ORIENTED_EDGE('',*,*,#927,.T.);
#1205=ORIENTED_EDGE('',*,*,#949,.T.);
#1206=ORIENTED_EDGE('',*,*,#950,.F.);
#1207=ORIENTED_EDGE('',*,*,#949,.F.);
#1208=ORIENTED_EDGE('',*,*,#923,.T.);
#1209=ORIENTED_EDGE('',*,*,#934,.T.);
#1210=ORIENTED_EDGE('',*,*,#951,.F.);
#1211=ORIENTED_EDGE('',*,*,#952,.F.);
#1212=ORIENTED_EDGE('',*,*,#924,.T.);
#1213=ORIENTED_EDGE('',*,*,#952,.T.);
#1214=ORIENTED_EDGE('',*,*,#953,.F.);
#1215=ORIENTED_EDGE('',*,*,#954,.F.);
#1216=ORIENTED_EDGE('',*,*,#925,.T.);
#1217=ORIENTED_EDGE('',*,*,#954,.T.);
#1218=ORIENTED_EDGE('',*,*,#955,.F.);
#1219=ORIENTED_EDGE('',*,*,#956,.F.);
#1220=ORIENTED_EDGE('',*,*,#926,.T.);
#1221=ORIENTED_EDGE('',*,*,#956,.T.);
#1222=ORIENTED_EDGE('',*,*,#957,.F.);
#1223=ORIENTED_EDGE('',*,*,#939,.F.);
#1224=ORIENTED_EDGE('',*,*,#940,.T.);
#1225=ORIENTED_EDGE('',*,*,#957,.T.);
#1226=ORIENTED_EDGE('',*,*,#955,.T.);
#1227=ORIENTED_EDGE('',*,*,#953,.T.);
#1228=ORIENTED_EDGE('',*,*,#951,.T.);
#1229=ORIENTED_EDGE('',*,*,#933,.T.);
#1230=ORIENTED_EDGE('',*,*,#936,.T.);
#1231=ORIENTED_EDGE('',*,*,#938,.T.);
#1232=ORIENTED_EDGE('',*,*,#950,.T.);
#1233=ORIENTED_EDGE('',*,*,#948,.T.);
#1234=ORIENTED_EDGE('',*,*,#946,.T.);
#1235=ORIENTED_EDGE('',*,*,#944,.T.);
#1236=ORIENTED_EDGE('',*,*,#942,.T.);
#1237=ORIENTED_EDGE('',*,*,#958,.F.);
#1238=ORIENTED_EDGE('',*,*,#959,.T.);
#1239=ORIENTED_EDGE('',*,*,#960,.T.);
#1240=ORIENTED_EDGE('',*,*,#959,.F.);
#1241=ORIENTED_EDGE('',*,*,#960,.F.);
#1242=ORIENTED_EDGE('',*,*,#961,.F.);
#1243=ORIENTED_EDGE('',*,*,#962,.F.);
#1244=ORIENTED_EDGE('',*,*,#963,.T.);
#1245=ORIENTED_EDGE('',*,*,#964,.T.);
#1246=ORIENTED_EDGE('',*,*,#963,.F.);
#1247=ORIENTED_EDGE('',*,*,#964,.F.);
#1248=ORIENTED_EDGE('',*,*,#965,.F.);
#1249=ORIENTED_EDGE('',*,*,#966,.F.);
#1250=ORIENTED_EDGE('',*,*,#967,.T.);
#1251=ORIENTED_EDGE('',*,*,#968,.T.);
#1252=ORIENTED_EDGE('',*,*,#967,.F.);
#1253=ORIENTED_EDGE('',*,*,#968,.F.);
#1254=ORIENTED_EDGE('',*,*,#969,.F.);
#1255=ORIENTED_EDGE('',*,*,#970,.F.);
#1256=ORIENTED_EDGE('',*,*,#971,.T.);
#1257=ORIENTED_EDGE('',*,*,#972,.T.);
#1258=ORIENTED_EDGE('',*,*,#971,.F.);
#1259=ORIENTED_EDGE('',*,*,#972,.F.);
#1260=ORIENTED_EDGE('',*,*,#973,.F.);
#1261=ORIENTED_EDGE('',*,*,#974,.F.);
#1262=ORIENTED_EDGE('',*,*,#975,.T.);
#1263=ORIENTED_EDGE('',*,*,#976,.F.);
#1264=ORIENTED_EDGE('',*,*,#977,.F.);
#1265=ORIENTED_EDGE('',*,*,#978,.F.);
#1266=ORIENTED_EDGE('',*,*,#979,.T.);
#1267=ORIENTED_EDGE('',*,*,#980,.F.);
#1268=ORIENTED_EDGE('',*,*,#975,.F.);
#1269=ORIENTED_EDGE('',*,*,#981,.F.);
#1270=ORIENTED_EDGE('',*,*,#982,.F.);
#1271=ORIENTED_EDGE('',*,*,#983,.F.);
#1272=ORIENTED_EDGE('',*,*,#979,.F.);
#1273=ORIENTED_EDGE('',*,*,#976,.T.);
#1274=ORIENTED_EDGE('',*,*,#980,.T.);
#1275=ORIENTED_EDGE('',*,*,#983,.T.);
#1276=ORIENTED_EDGE('',*,*,#984,.F.);
#1277=ORIENTED_EDGE('',*,*,#985,.F.);
#1278=ORIENTED_EDGE('',*,*,#986,.F.);
#1279=ORIENTED_EDGE('',*,*,#987,.T.);
#1280=ORIENTED_EDGE('',*,*,#988,.F.);
#1281=ORIENTED_EDGE('',*,*,#981,.T.);
#1282=ORIENTED_EDGE('',*,*,#978,.T.);
#1283=ORIENTED_EDGE('',*,*,#974,.T.);
#1284=ORIENTED_EDGE('',*,*,#989,.F.);
#1285=ORIENTED_EDGE('',*,*,#990,.F.);
#1286=ORIENTED_EDGE('',*,*,#991,.T.);
#1287=ORIENTED_EDGE('',*,*,#992,.F.);
#1288=ORIENTED_EDGE('',*,*,#993,.T.);
#1289=ORIENTED_EDGE('',*,*,#994,.F.);
#1290=ORIENTED_EDGE('',*,*,#995,.T.);
#1291=ORIENTED_EDGE('',*,*,#996,.F.);
#1292=ORIENTED_EDGE('',*,*,#997,.T.);
#1293=ORIENTED_EDGE('',*,*,#998,.F.);
#1294=ORIENTED_EDGE('',*,*,#999,.T.);
#1295=ORIENTED_EDGE('',*,*,#1000,.T.);
#1296=ORIENTED_EDGE('',*,*,#1001,.F.);
#1297=ORIENTED_EDGE('',*,*,#1002,.F.);
#1298=ORIENTED_EDGE('',*,*,#1003,.F.);
#1299=ORIENTED_EDGE('',*,*,#1004,.F.);
#1300=ORIENTED_EDGE('',*,*,#1005,.F.);
#1301=ORIENTED_EDGE('',*,*,#1006,.F.);
#1302=ORIENTED_EDGE('',*,*,#1007,.T.);
#1303=ORIENTED_EDGE('',*,*,#1008,.T.);
#1304=ORIENTED_EDGE('',*,*,#1009,.T.);
#1305=ORIENTED_EDGE('',*,*,#1010,.T.);
#1306=ORIENTED_EDGE('',*,*,#1011,.T.);
#1307=ORIENTED_EDGE('',*,*,#1012,.T.);
#1308=ORIENTED_EDGE('',*,*,#1013,.T.);
#1309=ORIENTED_EDGE('',*,*,#1014,.T.);
#1310=ORIENTED_EDGE('',*,*,#1011,.F.);
#1311=ORIENTED_EDGE('',*,*,#1015,.T.);
#1312=ORIENTED_EDGE('',*,*,#1016,.T.);
#1313=ORIENTED_EDGE('',*,*,#1017,.F.);
#1314=ORIENTED_EDGE('',*,*,#1014,.F.);
#1315=ORIENTED_EDGE('',*,*,#1018,.T.);
#1316=ORIENTED_EDGE('',*,*,#1019,.T.);
#1317=ORIENTED_EDGE('',*,*,#1015,.F.);
#1318=ORIENTED_EDGE('',*,*,#1013,.F.);
#1319=ORIENTED_EDGE('',*,*,#1020,.T.);
#1320=ORIENTED_EDGE('',*,*,#1021,.T.);
#1321=ORIENTED_EDGE('',*,*,#1018,.F.);
#1322=ORIENTED_EDGE('',*,*,#1012,.F.);
#1323=ORIENTED_EDGE('',*,*,#1017,.T.);
#1324=ORIENTED_EDGE('',*,*,#1022,.T.);
#1325=ORIENTED_EDGE('',*,*,#1020,.F.);
#1326=ORIENTED_EDGE('',*,*,#1022,.F.);
#1327=ORIENTED_EDGE('',*,*,#1016,.F.);
#1328=ORIENTED_EDGE('',*,*,#1019,.F.);
#1329=ORIENTED_EDGE('',*,*,#1021,.F.);
#1330=ORIENTED_EDGE('',*,*,#1007,.F.);
#1331=ORIENTED_EDGE('',*,*,#1023,.T.);
#1332=ORIENTED_EDGE('',*,*,#1024,.T.);
#1333=ORIENTED_EDGE('',*,*,#1025,.F.);
#1334=ORIENTED_EDGE('',*,*,#1010,.F.);
#1335=ORIENTED_EDGE('',*,*,#1026,.T.);
#1336=ORIENTED_EDGE('',*,*,#1027,.T.);
#1337=ORIENTED_EDGE('',*,*,#1023,.F.);
#1338=ORIENTED_EDGE('',*,*,#1009,.F.);
#1339=ORIENTED_EDGE('',*,*,#1028,.T.);
#1340=ORIENTED_EDGE('',*,*,#1029,.T.);
#1341=ORIENTED_EDGE('',*,*,#1026,.F.);
#1342=ORIENTED_EDGE('',*,*,#1008,.F.);
#1343=ORIENTED_EDGE('',*,*,#1025,.T.);
#1344=ORIENTED_EDGE('',*,*,#1030,.T.);
#1345=ORIENTED_EDGE('',*,*,#1028,.F.);
#1346=ORIENTED_EDGE('',*,*,#1030,.F.);
#1347=ORIENTED_EDGE('',*,*,#1024,.F.);
#1348=ORIENTED_EDGE('',*,*,#1027,.F.);
#1349=ORIENTED_EDGE('',*,*,#1029,.F.);
#1350=ORIENTED_EDGE('',*,*,#1031,.T.);
#1351=ORIENTED_EDGE('',*,*,#1032,.T.);
#1352=ORIENTED_EDGE('',*,*,#1033,.T.);
#1353=ORIENTED_EDGE('',*,*,#1034,.T.);
#1354=ORIENTED_EDGE('',*,*,#1035,.T.);
#1355=ORIENTED_EDGE('',*,*,#1036,.F.);
#1356=ORIENTED_EDGE('',*,*,#1037,.T.);
#1357=ORIENTED_EDGE('',*,*,#1038,.F.);
#1358=ORIENTED_EDGE('',*,*,#1039,.F.);
#1359=ORIENTED_EDGE('',*,*,#1040,.F.);
#1360=ORIENTED_EDGE('',*,*,#985,.T.);
#1361=ORIENTED_EDGE('',*,*,#1041,.F.);
#1362=ORIENTED_EDGE('',*,*,#1042,.F.);
#1363=ORIENTED_EDGE('',*,*,#1043,.F.);
#1364=ORIENTED_EDGE('',*,*,#1042,.T.);
#1365=ORIENTED_EDGE('',*,*,#1044,.F.);
#1366=ORIENTED_EDGE('',*,*,#1045,.F.);
#1367=ORIENTED_EDGE('',*,*,#1046,.F.);
#1368=ORIENTED_EDGE('',*,*,#1045,.T.);
#1369=ORIENTED_EDGE('',*,*,#1047,.F.);
#1370=ORIENTED_EDGE('',*,*,#987,.F.);
#1371=ORIENTED_EDGE('',*,*,#977,.T.);
#1372=ORIENTED_EDGE('',*,*,#988,.T.);
#1373=ORIENTED_EDGE('',*,*,#1047,.T.);
#1374=ORIENTED_EDGE('',*,*,#1044,.T.);
#1375=ORIENTED_EDGE('',*,*,#1041,.T.);
#1376=ORIENTED_EDGE('',*,*,#984,.T.);
#1377=ORIENTED_EDGE('',*,*,#982,.T.);
#1378=ORIENTED_EDGE('',*,*,#1001,.T.);
#1379=ORIENTED_EDGE('',*,*,#1048,.T.);
#1380=ORIENTED_EDGE('',*,*,#1038,.T.);
#1381=ORIENTED_EDGE('',*,*,#1049,.T.);
#1382=ORIENTED_EDGE('',*,*,#989,.T.);
#1383=ORIENTED_EDGE('',*,*,#1050,.T.);
#1384=ORIENTED_EDGE('',*,*,#1051,.F.);
#1385=ORIENTED_EDGE('',*,*,#1052,.F.);
#1386=ORIENTED_EDGE('',*,*,#991,.F.);
#1387=ORIENTED_EDGE('',*,*,#1040,.T.);
#1388=ORIENTED_EDGE('',*,*,#1043,.T.);
#1389=ORIENTED_EDGE('',*,*,#1046,.T.);
#1390=ORIENTED_EDGE('',*,*,#986,.T.);
#1391=ORIENTED_EDGE('',*,*,#1053,.T.);
#1392=ORIENTED_EDGE('',*,*,#1054,.T.);
#1393=ORIENTED_EDGE('',*,*,#1055,.T.);
#1394=ORIENTED_EDGE('',*,*,#1056,.T.);
#1395=ORIENTED_EDGE('',*,*,#1057,.T.);
#1396=ORIENTED_EDGE('',*,*,#1058,.T.);
#1397=ORIENTED_EDGE('',*,*,#1059,.T.);
#1398=ORIENTED_EDGE('',*,*,#1050,.F.);
#1399=ORIENTED_EDGE('',*,*,#990,.T.);
#1400=ORIENTED_EDGE('',*,*,#1049,.F.);
#1401=ORIENTED_EDGE('',*,*,#1037,.F.);
#1402=ORIENTED_EDGE('',*,*,#1060,.F.);
#1403=ORIENTED_EDGE('',*,*,#1061,.F.);
#1404=ORIENTED_EDGE('',*,*,#1062,.F.);
#1405=ORIENTED_EDGE('',*,*,#1063,.T.);
#1406=ORIENTED_EDGE('',*,*,#1064,.F.);
#1407=ORIENTED_EDGE('',*,*,#1039,.T.);
#1408=ORIENTED_EDGE('',*,*,#1048,.F.);
#1409=ORIENTED_EDGE('',*,*,#1000,.F.);
#1410=ORIENTED_EDGE('',*,*,#1036,.T.);
#1411=ORIENTED_EDGE('',*,*,#1064,.T.);
#1412=ORIENTED_EDGE('',*,*,#1065,.T.);
#1413=ORIENTED_EDGE('',*,*,#1060,.T.);
#1414=ORIENTED_EDGE('',*,*,#1062,.T.);
#1415=ORIENTED_EDGE('',*,*,#999,.F.);
#1416=ORIENTED_EDGE('',*,*,#1066,.F.);
#1417=ORIENTED_EDGE('',*,*,#1067,.F.);
#1418=ORIENTED_EDGE('',*,*,#1033,.F.);
#1419=ORIENTED_EDGE('',*,*,#1068,.T.);
#1420=ORIENTED_EDGE('',*,*,#1053,.F.);
#1421=ORIENTED_EDGE('',*,*,#1068,.F.);
#1422=ORIENTED_EDGE('',*,*,#1034,.F.);
#1423=ORIENTED_EDGE('',*,*,#1069,.T.);
#1424=ORIENTED_EDGE('',*,*,#1054,.F.);
#1425=ORIENTED_EDGE('',*,*,#1069,.F.);
#1426=ORIENTED_EDGE('',*,*,#1059,.F.);
#1427=ORIENTED_EDGE('',*,*,#1070,.T.);
#1428=ORIENTED_EDGE('',*,*,#1055,.F.);
#1429=ORIENTED_EDGE('',*,*,#1070,.F.);
#1430=ORIENTED_EDGE('',*,*,#1032,.F.);
#1431=ORIENTED_EDGE('',*,*,#1071,.T.);
#1432=ORIENTED_EDGE('',*,*,#1056,.F.);
#1433=ORIENTED_EDGE('',*,*,#1071,.F.);
#1434=ORIENTED_EDGE('',*,*,#1031,.F.);
#1435=ORIENTED_EDGE('',*,*,#1072,.T.);
#1436=ORIENTED_EDGE('',*,*,#1057,.F.);
#1437=ORIENTED_EDGE('',*,*,#1072,.F.);
#1438=ORIENTED_EDGE('',*,*,#1035,.F.);
#1439=ORIENTED_EDGE('',*,*,#1073,.T.);
#1440=ORIENTED_EDGE('',*,*,#1058,.F.);
#1441=ORIENTED_EDGE('',*,*,#1073,.F.);
#1442=ORIENTED_EDGE('',*,*,#1074,.T.);
#1443=ORIENTED_EDGE('',*,*,#1066,.T.);
#1444=ORIENTED_EDGE('',*,*,#998,.T.);
#1445=ORIENTED_EDGE('',*,*,#1075,.T.);
#1446=ORIENTED_EDGE('',*,*,#1075,.F.);
#1447=ORIENTED_EDGE('',*,*,#997,.F.);
#1448=ORIENTED_EDGE('',*,*,#1076,.F.);
#1449=ORIENTED_EDGE('',*,*,#1077,.F.);
#1450=ORIENTED_EDGE('',*,*,#1078,.T.);
#1451=ORIENTED_EDGE('',*,*,#1079,.T.);
#1452=ORIENTED_EDGE('',*,*,#992,.T.);
#1453=ORIENTED_EDGE('',*,*,#1052,.T.);
#1454=ORIENTED_EDGE('',*,*,#1079,.F.);
#1455=ORIENTED_EDGE('',*,*,#1080,.F.);
#1456=ORIENTED_EDGE('',*,*,#1081,.F.);
#1457=ORIENTED_EDGE('',*,*,#993,.F.);
#1458=ORIENTED_EDGE('',*,*,#1082,.T.);
#1459=ORIENTED_EDGE('',*,*,#1083,.T.);
#1460=ORIENTED_EDGE('',*,*,#994,.T.);
#1461=ORIENTED_EDGE('',*,*,#1081,.T.);
#1462=ORIENTED_EDGE('',*,*,#1084,.T.);
#1463=ORIENTED_EDGE('',*,*,#1076,.T.);
#1464=ORIENTED_EDGE('',*,*,#996,.T.);
#1465=ORIENTED_EDGE('',*,*,#1085,.T.);
#1466=ORIENTED_EDGE('',*,*,#1002,.T.);
#1467=ORIENTED_EDGE('',*,*,#1086,.T.);
#1468=ORIENTED_EDGE('',*,*,#961,.T.);
#1469=ORIENTED_EDGE('',*,*,#1086,.F.);
#1470=ORIENTED_EDGE('',*,*,#1003,.T.);
#1471=ORIENTED_EDGE('',*,*,#1087,.T.);
#1472=ORIENTED_EDGE('',*,*,#973,.T.);
#1473=ORIENTED_EDGE('',*,*,#1087,.F.);
#1474=ORIENTED_EDGE('',*,*,#1004,.T.);
#1475=ORIENTED_EDGE('',*,*,#1088,.T.);
#1476=ORIENTED_EDGE('',*,*,#969,.T.);
#1477=ORIENTED_EDGE('',*,*,#1088,.F.);
#1478=ORIENTED_EDGE('',*,*,#1005,.T.);
#1479=ORIENTED_EDGE('',*,*,#1089,.T.);
#1480=ORIENTED_EDGE('',*,*,#965,.T.);
#1481=ORIENTED_EDGE('',*,*,#1089,.F.);
#1482=ORIENTED_EDGE('',*,*,#1006,.T.);
#1483=ORIENTED_EDGE('',*,*,#1090,.T.);
#1484=ORIENTED_EDGE('',*,*,#1091,.F.);
#1485=ORIENTED_EDGE('',*,*,#1090,.F.);
#1486=ORIENTED_EDGE('',*,*,#1083,.F.);
#1487=ORIENTED_EDGE('',*,*,#1092,.F.);
#1488=ORIENTED_EDGE('',*,*,#1085,.F.);
#1489=ORIENTED_EDGE('',*,*,#995,.F.);
#1490=ORIENTED_EDGE('',*,*,#1074,.F.);
#1491=ORIENTED_EDGE('',*,*,#1077,.T.);
#1492=ORIENTED_EDGE('',*,*,#1084,.F.);
#1493=ORIENTED_EDGE('',*,*,#1092,.T.);
#1494=ORIENTED_EDGE('',*,*,#1082,.F.);
#1495=ORIENTED_EDGE('',*,*,#1080,.T.);
#1496=ORIENTED_EDGE('',*,*,#1078,.F.);
#1497=ORIENTED_EDGE('',*,*,#1051,.T.);
#1498=ORIENTED_EDGE('',*,*,#1061,.T.);
#1499=ORIENTED_EDGE('',*,*,#1065,.F.);
#1500=ORIENTED_EDGE('',*,*,#1063,.F.);
#1501=ORIENTED_EDGE('',*,*,#1067,.T.);
#1502=ORIENTED_EDGE('',*,*,#958,.T.);
#1503=ORIENTED_EDGE('',*,*,#962,.T.);
#1504=ORIENTED_EDGE('',*,*,#966,.T.);
#1505=ORIENTED_EDGE('',*,*,#970,.T.);
#1506=ORIENTED_EDGE('',*,*,#1091,.T.);
#1507=ORIENTED_EDGE('',*,*,#1093,.F.);
#1508=ORIENTED_EDGE('',*,*,#1094,.F.);
#1509=ORIENTED_EDGE('',*,*,#1095,.F.);
#1510=ORIENTED_EDGE('',*,*,#1096,.F.);
#1511=ORIENTED_EDGE('',*,*,#1097,.F.);
#1512=ORIENTED_EDGE('',*,*,#1098,.F.);
#1513=ORIENTED_EDGE('',*,*,#1099,.F.);
#1514=ORIENTED_EDGE('',*,*,#1100,.F.);
#1515=ORIENTED_EDGE('',*,*,#1101,.F.);
#1516=ORIENTED_EDGE('',*,*,#1102,.F.);
#1517=ORIENTED_EDGE('',*,*,#1095,.T.);
#1518=ORIENTED_EDGE('',*,*,#1103,.F.);
#1519=ORIENTED_EDGE('',*,*,#1104,.T.);
#1520=ORIENTED_EDGE('',*,*,#1105,.F.);
#1521=ORIENTED_EDGE('',*,*,#1106,.T.);
#1522=ORIENTED_EDGE('',*,*,#1107,.F.);
#1523=ORIENTED_EDGE('',*,*,#1099,.T.);
#1524=ORIENTED_EDGE('',*,*,#1108,.F.);
#1525=ORIENTED_EDGE('',*,*,#1109,.F.);
#1526=ORIENTED_EDGE('',*,*,#1110,.F.);
#1527=ORIENTED_EDGE('',*,*,#1111,.F.);
#1528=ORIENTED_EDGE('',*,*,#1112,.F.);
#1529=ORIENTED_EDGE('',*,*,#1113,.T.);
#1530=ORIENTED_EDGE('',*,*,#1093,.T.);
#1531=ORIENTED_EDGE('',*,*,#1114,.T.);
#1532=ORIENTED_EDGE('',*,*,#1113,.F.);
#1533=ORIENTED_EDGE('',*,*,#1114,.F.);
#1534=ORIENTED_EDGE('',*,*,#1105,.T.);
#1535=ORIENTED_EDGE('',*,*,#1115,.T.);
#1536=ORIENTED_EDGE('',*,*,#1116,.T.);
#1537=ORIENTED_EDGE('',*,*,#1117,.T.);
#1538=ORIENTED_EDGE('',*,*,#1106,.F.);
#1539=ORIENTED_EDGE('',*,*,#1117,.F.);
#1540=ORIENTED_EDGE('',*,*,#1118,.T.);
#1541=ORIENTED_EDGE('',*,*,#1119,.F.);
#1542=ORIENTED_EDGE('',*,*,#1107,.T.);
#1543=ORIENTED_EDGE('',*,*,#1119,.T.);
#1544=ORIENTED_EDGE('',*,*,#1120,.T.);
#1545=ORIENTED_EDGE('',*,*,#1100,.T.);
#1546=ORIENTED_EDGE('',*,*,#1103,.T.);
#1547=ORIENTED_EDGE('',*,*,#1098,.T.);
#1548=ORIENTED_EDGE('',*,*,#1121,.T.);
#1549=ORIENTED_EDGE('',*,*,#1122,.T.);
#1550=ORIENTED_EDGE('',*,*,#1108,.T.);
#1551=ORIENTED_EDGE('',*,*,#1102,.T.);
#1552=ORIENTED_EDGE('',*,*,#1123,.T.);
#1553=ORIENTED_EDGE('',*,*,#1096,.T.);
#1554=ORIENTED_EDGE('',*,*,#1124,.F.);
#1555=ORIENTED_EDGE('',*,*,#1125,.T.);
#1556=ORIENTED_EDGE('',*,*,#1094,.T.);
#1557=ORIENTED_EDGE('',*,*,#1125,.F.);
#1558=ORIENTED_EDGE('',*,*,#1126,.F.);
#1559=ORIENTED_EDGE('',*,*,#1124,.T.);
#1560=ORIENTED_EDGE('',*,*,#1127,.F.);
#1561=ORIENTED_EDGE('',*,*,#1128,.T.);
#1562=ORIENTED_EDGE('',*,*,#1129,.F.);
#1563=ORIENTED_EDGE('',*,*,#1128,.F.);
#1564=ORIENTED_EDGE('',*,*,#1127,.T.);
#1565=ORIENTED_EDGE('',*,*,#1130,.T.);
#1566=ORIENTED_EDGE('',*,*,#1131,.F.);
#1567=ORIENTED_EDGE('',*,*,#1132,.T.);
#1568=ORIENTED_EDGE('',*,*,#1109,.T.);
#1569=ORIENTED_EDGE('',*,*,#1132,.F.);
#1570=ORIENTED_EDGE('',*,*,#1133,.F.);
#1571=ORIENTED_EDGE('',*,*,#1134,.T.);
#1572=ORIENTED_EDGE('',*,*,#1112,.T.);
#1573=ORIENTED_EDGE('',*,*,#1134,.F.);
#1574=ORIENTED_EDGE('',*,*,#1135,.F.);
#1575=ORIENTED_EDGE('',*,*,#1136,.T.);
#1576=ORIENTED_EDGE('',*,*,#1111,.T.);
#1577=ORIENTED_EDGE('',*,*,#1136,.F.);
#1578=ORIENTED_EDGE('',*,*,#1137,.F.);
#1579=ORIENTED_EDGE('',*,*,#1138,.T.);
#1580=ORIENTED_EDGE('',*,*,#1110,.T.);
#1581=ORIENTED_EDGE('',*,*,#1138,.F.);
#1582=ORIENTED_EDGE('',*,*,#1130,.F.);
#1583=ORIENTED_EDGE('',*,*,#1139,.T.);
#1584=ORIENTED_EDGE('',*,*,#1126,.T.);
#1585=ORIENTED_EDGE('',*,*,#1139,.F.);
#1586=ORIENTED_EDGE('',*,*,#1104,.F.);
#1587=ORIENTED_EDGE('',*,*,#1122,.F.);
#1588=ORIENTED_EDGE('',*,*,#1140,.F.);
#1589=ORIENTED_EDGE('',*,*,#1115,.F.);
#1590=ORIENTED_EDGE('',*,*,#1116,.F.);
#1591=ORIENTED_EDGE('',*,*,#1140,.T.);
#1592=ORIENTED_EDGE('',*,*,#1121,.F.);
#1593=ORIENTED_EDGE('',*,*,#1097,.T.);
#1594=ORIENTED_EDGE('',*,*,#1123,.F.);
#1595=ORIENTED_EDGE('',*,*,#1101,.T.);
#1596=ORIENTED_EDGE('',*,*,#1120,.F.);
#1597=ORIENTED_EDGE('',*,*,#1118,.F.);
#1598=ORIENTED_EDGE('',*,*,#1129,.T.);
#1599=ORIENTED_EDGE('',*,*,#1137,.T.);
#1600=ORIENTED_EDGE('',*,*,#1135,.T.);
#1601=ORIENTED_EDGE('',*,*,#1133,.T.);
#1602=ORIENTED_EDGE('',*,*,#1131,.T.);
#1603=PLANE('',#1813);
#1604=PLANE('',#1815);
#1605=PLANE('',#1816);
#1606=PLANE('',#1821);
#1607=PLANE('',#1823);
#1608=PLANE('',#1835);
#1609=PLANE('',#1838);
#1610=PLANE('',#1849);
#1611=PLANE('',#1852);
#1612=PLANE('',#1855);
#1613=PLANE('',#1860);
#1614=PLANE('',#1865);
#1615=PLANE('',#1870);
#1616=PLANE('',#1875);
#1617=PLANE('',#1877);
#1618=PLANE('',#1878);
#1619=PLANE('',#1879);
#1620=PLANE('',#1880);
#1621=PLANE('',#1881);
#1622=PLANE('',#1891);
#1623=PLANE('',#1892);
#1624=PLANE('',#1893);
#1625=PLANE('',#1894);
#1626=PLANE('',#1895);
#1627=PLANE('',#1896);
#1628=PLANE('',#1897);
#1629=PLANE('',#1898);
#1630=PLANE('',#1899);
#1631=PLANE('',#1900);
#1632=PLANE('',#1901);
#1633=PLANE('',#1903);
#1634=PLANE('',#1905);
#1635=PLANE('',#1907);
#1636=PLANE('',#1909);
#1637=PLANE('',#1911);
#1638=PLANE('',#1912);
#1639=PLANE('',#1913);
#1640=PLANE('',#1914);
#1641=PLANE('',#1915);
#1642=PLANE('',#1916);
#1643=PLANE('',#1917);
#1644=PLANE('',#1924);
#1645=PLANE('',#1926);
#1646=PLANE('',#1927);
#1647=PLANE('',#1928);
#1648=PLANE('',#1929);
#1649=PLANE('',#1938);
#1650=PLANE('',#1941);
#1651=PLANE('',#1952);
#1652=PLANE('',#1953);
#1653=PLANE('',#1955);
#1654=PLANE('',#1958);
#1655=PLANE('',#1959);
#1656=PLANE('',#1960);
#1657=PLANE('',#1967);
#1658=PLANE('',#1970);
#1659=PLANE('',#1975);
#1660=PLANE('',#1986);
#1661=PLANE('',#1987);
#1662=ADVANCED_FACE('',(#435),#1603,.F.);
#1663=ADVANCED_FACE('',(#436),#1604,.F.);
#1664=ADVANCED_FACE('',(#437),#1605,.T.);
#1665=ADVANCED_FACE('',(#438),#104,.T.);
#1666=ADVANCED_FACE('',(#439),#1606,.T.);
#1667=ADVANCED_FACE('',(#440,#42,#43,#44,#45,#46),#1607,.F.);
#1668=ADVANCED_FACE('',(#441),#105,.T.);
#1669=ADVANCED_FACE('',(#442),#1608,.T.);
#1670=ADVANCED_FACE('',(#443),#106,.T.);
#1671=ADVANCED_FACE('',(#444),#1609,.T.);
#1672=ADVANCED_FACE('',(#445),#107,.F.);
#1673=ADVANCED_FACE('',(#446),#108,.F.);
#1674=ADVANCED_FACE('',(#447),#109,.F.);
#1675=ADVANCED_FACE('',(#448),#110,.F.);
#1676=ADVANCED_FACE('',(#449),#111,.F.);
#1677=ADVANCED_FACE('',(#450),#1610,.T.);
#1678=ADVANCED_FACE('',(#451),#112,.T.);
#1679=ADVANCED_FACE('',(#452),#1611,.T.);
#1680=ADVANCED_FACE('',(#453),#113,.T.);
#1681=ADVANCED_FACE('',(#454,#47,#48,#49,#50,#51),#1612,.T.);
#1682=ADVANCED_FACE('',(#455),#114,.F.);
#1683=ADVANCED_FACE('',(#456,#52),#1613,.T.);
#1684=ADVANCED_FACE('',(#457),#115,.F.);
#1685=ADVANCED_FACE('',(#458,#53),#1614,.T.);
#1686=ADVANCED_FACE('',(#459),#116,.F.);
#1687=ADVANCED_FACE('',(#460,#54),#1615,.T.);
#1688=ADVANCED_FACE('',(#461),#117,.F.);
#1689=ADVANCED_FACE('',(#462,#55),#1616,.T.);
#1690=ADVANCED_FACE('',(#463),#1617,.F.);
#1691=ADVANCED_FACE('',(#464),#1618,.F.);
#1692=ADVANCED_FACE('',(#465),#1619,.F.);
#1693=ADVANCED_FACE('',(#466),#1620,.T.);
#1694=ADVANCED_FACE('',(#467,#56,#57,#58,#59,#60,#61,#62),#1621,.F.);
#1695=ADVANCED_FACE('',(#468),#1622,.F.);
#1696=ADVANCED_FACE('',(#469),#1623,.F.);
#1697=ADVANCED_FACE('',(#470),#1624,.F.);
#1698=ADVANCED_FACE('',(#471),#1625,.F.);
#1699=ADVANCED_FACE('',(#472),#1626,.F.);
#1700=ADVANCED_FACE('',(#473),#1627,.F.);
#1701=ADVANCED_FACE('',(#474),#1628,.F.);
#1702=ADVANCED_FACE('',(#475),#1629,.F.);
#1703=ADVANCED_FACE('',(#476),#1630,.F.);
#1704=ADVANCED_FACE('',(#477),#1631,.F.);
#1705=ADVANCED_FACE('',(#478),#1632,.T.);
#1706=ADVANCED_FACE('',(#479),#1633,.T.);
#1707=ADVANCED_FACE('',(#480),#1634,.T.);
#1708=ADVANCED_FACE('',(#481),#1635,.T.);
#1709=ADVANCED_FACE('',(#482),#1636,.T.);
#1710=ADVANCED_FACE('',(#483),#1637,.T.);
#1711=ADVANCED_FACE('',(#484),#1638,.T.);
#1712=ADVANCED_FACE('',(#485),#1639,.T.);
#1713=ADVANCED_FACE('',(#486),#1640,.T.);
#1714=ADVANCED_FACE('',(#487),#1641,.T.);
#1715=ADVANCED_FACE('',(#488),#1642,.T.);
#1716=ADVANCED_FACE('',(#489,#63,#64,#65,#66,#67,#68),#1643,.T.);
#1717=ADVANCED_FACE('',(#490),#1644,.T.);
#1718=ADVANCED_FACE('',(#491),#1645,.T.);
#1719=ADVANCED_FACE('',(#492),#1646,.T.);
#1720=ADVANCED_FACE('',(#493),#1647,.T.);
#1721=ADVANCED_FACE('',(#494),#1648,.T.);
#1722=ADVANCED_FACE('',(#495),#118,.T.);
#1723=ADVANCED_FACE('',(#496),#119,.T.);
#1724=ADVANCED_FACE('',(#497),#120,.T.);
#1725=ADVANCED_FACE('',(#498),#121,.T.);
#1726=ADVANCED_FACE('',(#499),#122,.T.);
#1727=ADVANCED_FACE('',(#500),#123,.T.);
#1728=ADVANCED_FACE('',(#501),#124,.T.);
#1729=ADVANCED_FACE('',(#502),#1649,.T.);
#1730=ADVANCED_FACE('',(#503),#125,.T.);
#1731=ADVANCED_FACE('',(#504),#1650,.T.);
#1732=ADVANCED_FACE('',(#505),#126,.T.);
#1733=ADVANCED_FACE('',(#506),#127,.T.);
#1734=ADVANCED_FACE('',(#507),#128,.F.);
#1735=ADVANCED_FACE('',(#508),#129,.F.);
#1736=ADVANCED_FACE('',(#509),#130,.F.);
#1737=ADVANCED_FACE('',(#510),#131,.F.);
#1738=ADVANCED_FACE('',(#511),#132,.F.);
#1739=ADVANCED_FACE('',(#512),#1651,.T.);
#1740=ADVANCED_FACE('',(#513,#69,#70,#71,#72,#73),#1652,.T.);
#1741=ADVANCED_FACE('',(#514,#74),#1653,.T.);
#1742=ADVANCED_FACE('',(#515),#1654,.T.);
#1743=ADVANCED_FACE('',(#516),#1655,.T.);
#1744=ADVANCED_FACE('',(#517,#75,#76,#77,#78,#79),#1656,.F.);
#1745=ADVANCED_FACE('',(#518),#133,.T.);
#1746=ADVANCED_FACE('',(#519),#30,.T.);
#1747=ADVANCED_FACE('',(#520),#1657,.T.);
#1748=ADVANCED_FACE('',(#521),#31,.T.);
#1749=ADVANCED_FACE('',(#522),#32,.T.);
#1750=ADVANCED_FACE('',(#523),#33,.T.);
#1751=ADVANCED_FACE('',(#524),#134,.F.);
#1752=ADVANCED_FACE('',(#525,#80),#1658,.T.);
#1753=ADVANCED_FACE('',(#526),#135,.T.);
#1754=ADVANCED_FACE('',(#527,#81),#1659,.T.);
#1755=ADVANCED_FACE('',(#528),#136,.F.);
#1756=ADVANCED_FACE('',(#529),#137,.F.);
#1757=ADVANCED_FACE('',(#530),#138,.F.);
#1758=ADVANCED_FACE('',(#531),#139,.F.);
#1759=ADVANCED_FACE('',(#532),#140,.F.);
#1760=ADVANCED_FACE('',(#533),#1660,.T.);
#1761=ADVANCED_FACE('',(#534,#82,#83,#84,#85,#86),#1661,.T.);
#1762=CLOSED_SHELL('',(#1662,#1663,#1664,#1665,#1666));
#1763=CLOSED_SHELL('',(#1667,#1668,#1669,#1670,#1671,#1672,#1673,#1674,
#1675,#1676,#1677,#1678,#1679,#1680,#1681));
#1764=CLOSED_SHELL('',(#1682,#1683,#1684,#1685,#1686,#1687,#1688,#1689,
#1690,#1691,#1692,#1693,#1694,#1695,#1696,#1697,#1698,#1699,#1700,#1701,
#1702,#1703,#1704,#1705,#1706,#1707,#1708,#1709,#1710,#1711,#1712,#1713,
#1714,#1715,#1716,#1717,#1718,#1719,#1720,#1721,#1722,#1723,#1724,#1725,
#1726,#1727,#1728,#1729,#1730,#1731,#1732,#1733,#1734,#1735,#1736,#1737,
#1738,#1739,#1740));
#1765=CLOSED_SHELL('',(#1741,#1742,#1743,#1744,#1745,#1746,#1747,#1748,
#1749,#1750,#1751,#1752,#1753,#1754,#1755,#1756,#1757,#1758,#1759,#1760,
#1761));
#1766=DERIVED_UNIT_ELEMENT(#1774,1.);
#1767=DERIVED_UNIT_ELEMENT(#3112,-3.);
#1768=DERIVED_UNIT_ELEMENT(#1774,1.);
#1769=DERIVED_UNIT_ELEMENT(#3112,-3.);
#1770=DERIVED_UNIT_ELEMENT(#1774,1.);
#1771=DERIVED_UNIT_ELEMENT(#3112,-3.);
#1772=DERIVED_UNIT_ELEMENT(#1774,1.);
#1773=DERIVED_UNIT_ELEMENT(#3112,-3.);
#1774=(
MASS_UNIT()
NAMED_UNIT(*)
SI_UNIT(.KILO.,.GRAM.)
);
#1775=DERIVED_UNIT((#1766,#1767));
#1776=DERIVED_UNIT((#1768,#1769));
#1777=DERIVED_UNIT((#1770,#1771));
#1778=DERIVED_UNIT((#1772,#1773));
#1779=MEASURE_REPRESENTATION_ITEM('density measure',
POSITIVE_RATIO_MEASURE(7850.),#1775);
#1780=MEASURE_REPRESENTATION_ITEM('density measure',
POSITIVE_RATIO_MEASURE(7850.),#1776);
#1781=MEASURE_REPRESENTATION_ITEM('density measure',
POSITIVE_RATIO_MEASURE(7850.),#1777);
#1782=MEASURE_REPRESENTATION_ITEM('density measure',
POSITIVE_RATIO_MEASURE(7850.),#1778);
#1783=PROPERTY_DEFINITION_REPRESENTATION(#1803,#1791);
#1784=PROPERTY_DEFINITION_REPRESENTATION(#1804,#1792);
#1785=PROPERTY_DEFINITION_REPRESENTATION(#1805,#1793);
#1786=PROPERTY_DEFINITION_REPRESENTATION(#1806,#1794);
#1787=PROPERTY_DEFINITION_REPRESENTATION(#1807,#1795);
#1788=PROPERTY_DEFINITION_REPRESENTATION(#1808,#1796);
#1789=PROPERTY_DEFINITION_REPRESENTATION(#1809,#1797);
#1790=PROPERTY_DEFINITION_REPRESENTATION(#1810,#1798);
#1791=REPRESENTATION('material name',(#1799),#3106);
#1792=REPRESENTATION('density',(#1779),#3106);
#1793=REPRESENTATION('material name',(#1800),#3107);
#1794=REPRESENTATION('density',(#1780),#3107);
#1795=REPRESENTATION('material name',(#1801),#3108);
#1796=REPRESENTATION('density',(#1781),#3108);
#1797=REPRESENTATION('material name',(#1802),#3109);
#1798=REPRESENTATION('density',(#1782),#3109);
#1799=DESCRIPTIVE_REPRESENTATION_ITEM('Acero','Acero');
#1800=DESCRIPTIVE_REPRESENTATION_ITEM('Acero','Acero');
#1801=DESCRIPTIVE_REPRESENTATION_ITEM('Acero','Acero');
#1802=DESCRIPTIVE_REPRESENTATION_ITEM('Acero','Acero');
#1803=PROPERTY_DEFINITION('material property','material name',#3136);
#1804=PROPERTY_DEFINITION('material property','density of part',#3136);
#1805=PROPERTY_DEFINITION('material property','material name',#3137);
#1806=PROPERTY_DEFINITION('material property','density of part',#3137);
#1807=PROPERTY_DEFINITION('material property','material name',#3138);
#1808=PROPERTY_DEFINITION('material property','density of part',#3138);
#1809=PROPERTY_DEFINITION('material property','material name',#3139);
#1810=PROPERTY_DEFINITION('material property','density of part',#3139);
#1811=AXIS2_PLACEMENT_3D('',#2504,#1993,#1994);
#1812=AXIS2_PLACEMENT_3D('',#2505,#1995,#1996);
#1813=AXIS2_PLACEMENT_3D('',#2506,#1997,#1998);
#1814=AXIS2_PLACEMENT_3D('',#2508,#1999,#2000);
#1815=AXIS2_PLACEMENT_3D('',#2509,#2001,#2002);
#1816=AXIS2_PLACEMENT_3D('',#2518,#2007,#2008);
#1817=AXIS2_PLACEMENT_3D('',#2519,#2009,#2010);
#1818=AXIS2_PLACEMENT_3D('',#2520,#2011,#2012);
#1819=AXIS2_PLACEMENT_3D('',#2522,#2013,#2014);
#1820=AXIS2_PLACEMENT_3D('',#2523,#2015,#2016);
#1821=AXIS2_PLACEMENT_3D('',#2525,#2018,#2019);
#1822=AXIS2_PLACEMENT_3D('',#2526,#2020,#2021);
#1823=AXIS2_PLACEMENT_3D('',#2527,#2022,#2023);
#1824=AXIS2_PLACEMENT_3D('',#2532,#2025,#2026);
#1825=AXIS2_PLACEMENT_3D('',#2536,#2028,#2029);
#1826=AXIS2_PLACEMENT_3D('',#2540,#2031,#2032);
#1827=AXIS2_PLACEMENT_3D('',#2543,#2034,#2035);
#1828=AXIS2_PLACEMENT_3D('',#2545,#2036,#2037);
#1829=AXIS2_PLACEMENT_3D('',#2547,#2038,#2039);
#1830=AXIS2_PLACEMENT_3D('',#2549,#2040,#2041);
#1831=AXIS2_PLACEMENT_3D('',#2551,#2042,#2043);
#1832=AXIS2_PLACEMENT_3D('',#2553,#2044,#2045);
#1833=AXIS2_PLACEMENT_3D('',#2554,#2046,#2047);
#1834=AXIS2_PLACEMENT_3D('',#2558,#2049,#2050);
#1835=AXIS2_PLACEMENT_3D('',#2560,#2052,#2053);
#1836=AXIS2_PLACEMENT_3D('',#2564,#2056,#2057);
#1837=AXIS2_PLACEMENT_3D('',#2567,#2059,#2060);
#1838=AXIS2_PLACEMENT_3D('',#2568,#2061,#2062);
#1839=AXIS2_PLACEMENT_3D('',#2572,#2065,#2066);
#1840=AXIS2_PLACEMENT_3D('',#2575,#2068,#2069);
#1841=AXIS2_PLACEMENT_3D('',#2576,#2070,#2071);
#1842=AXIS2_PLACEMENT_3D('',#2579,#2073,#2074);
#1843=AXIS2_PLACEMENT_3D('',#2580,#2075,#2076);
#1844=AXIS2_PLACEMENT_3D('',#2583,#2078,#2079);
#1845=AXIS2_PLACEMENT_3D('',#2584,#2080,#2081);
#1846=AXIS2_PLACEMENT_3D('',#2587,#2083,#2084);
#1847=AXIS2_PLACEMENT_3D('',#2588,#2085,#2086);
#1848=AXIS2_PLACEMENT_3D('',#2591,#2088,#2089);
#1849=AXIS2_PLACEMENT_3D('',#2592,#2090,#2091);
#1850=AXIS2_PLACEMENT_3D('',#2596,#2094,#2095);
#1851=AXIS2_PLACEMENT_3D('',#2598,#2096,#2097);
#1852=AXIS2_PLACEMENT_3D('',#2600,#2099,#2100);
#1853=AXIS2_PLACEMENT_3D('',#2604,#2103,#2104);
#1854=AXIS2_PLACEMENT_3D('',#2605,#2105,#2106);
#1855=AXIS2_PLACEMENT_3D('',#2606,#2107,#2108);
#1856=AXIS2_PLACEMENT_3D('',#2607,#2109,#2110);
#1857=AXIS2_PLACEMENT_3D('',#2608,#2111,#2112);
#1858=AXIS2_PLACEMENT_3D('',#2610,#2113,#2114);
#1859=AXIS2_PLACEMENT_3D('',#2613,#2116,#2117);
#1860=AXIS2_PLACEMENT_3D('',#2614,#2118,#2119);
#1861=AXIS2_PLACEMENT_3D('',#2616,#2120,#2121);
#1862=AXIS2_PLACEMENT_3D('',#2617,#2122,#2123);
#1863=AXIS2_PLACEMENT_3D('',#2619,#2124,#2125);
#1864=AXIS2_PLACEMENT_3D('',#2622,#2127,#2128);
#1865=AXIS2_PLACEMENT_3D('',#2623,#2129,#2130);
#1866=AXIS2_PLACEMENT_3D('',#2625,#2131,#2132);
#1867=AXIS2_PLACEMENT_3D('',#2626,#2133,#2134);
#1868=AXIS2_PLACEMENT_3D('',#2628,#2135,#2136);
#1869=AXIS2_PLACEMENT_3D('',#2631,#2138,#2139);
#1870=AXIS2_PLACEMENT_3D('',#2632,#2140,#2141);
#1871=AXIS2_PLACEMENT_3D('',#2634,#2142,#2143);
#1872=AXIS2_PLACEMENT_3D('',#2635,#2144,#2145);
#1873=AXIS2_PLACEMENT_3D('',#2637,#2146,#2147);
#1874=AXIS2_PLACEMENT_3D('',#2640,#2149,#2150);
#1875=AXIS2_PLACEMENT_3D('',#2641,#2151,#2152);
#1876=AXIS2_PLACEMENT_3D('',#2643,#2153,#2154);
#1877=AXIS2_PLACEMENT_3D('',#2644,#2155,#2156);
#1878=AXIS2_PLACEMENT_3D('',#2653,#2161,#2162);
#1879=AXIS2_PLACEMENT_3D('',#2659,#2166,#2167);
#1880=AXIS2_PLACEMENT_3D('',#2665,#2171,#2172);
#1881=AXIS2_PLACEMENT_3D('',#2675,#2178,#2179);
#1882=AXIS2_PLACEMENT_3D('',#2683,#2183,#2184);
#1883=AXIS2_PLACEMENT_3D('',#2687,#2186,#2187);
#1884=AXIS2_PLACEMENT_3D('',#2691,#2189,#2190);
#1885=AXIS2_PLACEMENT_3D('',#2695,#2192,#2193);
#1886=AXIS2_PLACEMENT_3D('',#2702,#2197,#2198);
#1887=AXIS2_PLACEMENT_3D('',#2704,#2199,#2200);
#1888=AXIS2_PLACEMENT_3D('',#2706,#2201,#2202);
#1889=AXIS2_PLACEMENT_3D('',#2708,#2203,#2204);
#1890=AXIS2_PLACEMENT_3D('',#2710,#2205,#2206);
#1891=AXIS2_PLACEMENT_3D('',#2727,#2215,#2216);
#1892=AXIS2_PLACEMENT_3D('',#2733,#2220,#2221);
#1893=AXIS2_PLACEMENT_3D('',#2737,#2224,#2225);
#1894=AXIS2_PLACEMENT_3D('',#2741,#2228,#2229);
#1895=AXIS2_PLACEMENT_3D('',#2743,#2231,#2232);
#1896=AXIS2_PLACEMENT_3D('',#2744,#2233,#2234);
#1897=AXIS2_PLACEMENT_3D('',#2750,#2238,#2239);
#1898=AXIS2_PLACEMENT_3D('',#2754,#2242,#2243);
#1899=AXIS2_PLACEMENT_3D('',#2758,#2246,#2247);
#1900=AXIS2_PLACEMENT_3D('',#2760,#2249,#2250);
#1901=AXIS2_PLACEMENT_3D('',#2761,#2251,#2252);
#1902=AXIS2_PLACEMENT_3D('',#2763,#2253,#2254);
#1903=AXIS2_PLACEMENT_3D('',#2764,#2255,#2256);
#1904=AXIS2_PLACEMENT_3D('',#2766,#2257,#2258);
#1905=AXIS2_PLACEMENT_3D('',#2767,#2259,#2260);
#1906=AXIS2_PLACEMENT_3D('',#2769,#2261,#2262);
#1907=AXIS2_PLACEMENT_3D('',#2770,#2263,#2264);
#1908=AXIS2_PLACEMENT_3D('',#2772,#2265,#2266);
#1909=AXIS2_PLACEMENT_3D('',#2773,#2267,#2268);
#1910=AXIS2_PLACEMENT_3D('',#2775,#2269,#2270);
#1911=AXIS2_PLACEMENT_3D('',#2776,#2271,#2272);
#1912=AXIS2_PLACEMENT_3D('',#2785,#2277,#2278);
#1913=AXIS2_PLACEMENT_3D('',#2791,#2282,#2283);
#1914=AXIS2_PLACEMENT_3D('',#2797,#2287,#2288);
#1915=AXIS2_PLACEMENT_3D('',#2800,#2291,#2292);
#1916=AXIS2_PLACEMENT_3D('',#2803,#2295,#2296);
#1917=AXIS2_PLACEMENT_3D('',#2809,#2300,#2301);
#1918=AXIS2_PLACEMENT_3D('',#2811,#2302,#2303);
#1919=AXIS2_PLACEMENT_3D('',#2813,#2304,#2305);
#1920=AXIS2_PLACEMENT_3D('',#2815,#2306,#2307);
#1921=AXIS2_PLACEMENT_3D('',#2817,#2308,#2309);
#1922=AXIS2_PLACEMENT_3D('',#2819,#2310,#2311);
#1923=AXIS2_PLACEMENT_3D('',#2821,#2312,#2313);
#1924=AXIS2_PLACEMENT_3D('',#2822,#2314,#2315);
#1925=AXIS2_PLACEMENT_3D('',#2824,#2316,#2317);
#1926=AXIS2_PLACEMENT_3D('',#2825,#2318,#2319);
#1927=AXIS2_PLACEMENT_3D('',#2829,#2322,#2323);
#1928=AXIS2_PLACEMENT_3D('',#2835,#2327,#2328);
#1929=AXIS2_PLACEMENT_3D('',#2837,#2330,#2331);
#1930=AXIS2_PLACEMENT_3D('',#2841,#2334,#2335);
#1931=AXIS2_PLACEMENT_3D('',#2843,#2337,#2338);
#1932=AXIS2_PLACEMENT_3D('',#2845,#2340,#2341);
#1933=AXIS2_PLACEMENT_3D('',#2847,#2343,#2344);
#1934=AXIS2_PLACEMENT_3D('',#2849,#2346,#2347);
#1935=AXIS2_PLACEMENT_3D('',#2851,#2349,#2350);
#1936=AXIS2_PLACEMENT_3D('',#2853,#2352,#2353);
#1937=AXIS2_PLACEMENT_3D('',#2855,#2354,#2355);
#1938=AXIS2_PLACEMENT_3D('',#2857,#2357,#2358);
#1939=AXIS2_PLACEMENT_3D('',#2861,#2361,#2362);
#1940=AXIS2_PLACEMENT_3D('',#2863,#2363,#2364);
#1941=AXIS2_PLACEMENT_3D('',#2865,#2366,#2367);
#1942=AXIS2_PLACEMENT_3D('',#2869,#2370,#2371);
#1943=AXIS2_PLACEMENT_3D('',#2871,#2372,#2373);
#1944=AXIS2_PLACEMENT_3D('',#2873,#2375,#2376);
#1945=AXIS2_PLACEMENT_3D('',#2875,#2377,#2378);
#1946=AXIS2_PLACEMENT_3D('',#2877,#2380,#2381);
#1947=AXIS2_PLACEMENT_3D('',#2879,#2383,#2384);
#1948=AXIS2_PLACEMENT_3D('',#2881,#2386,#2387);
#1949=AXIS2_PLACEMENT_3D('',#2883,#2389,#2390);
#1950=AXIS2_PLACEMENT_3D('',#2885,#2392,#2393);
#1951=AXIS2_PLACEMENT_3D('',#2888,#2395,#2396);
#1952=AXIS2_PLACEMENT_3D('',#2889,#2397,#2398);
#1953=AXIS2_PLACEMENT_3D('',#2891,#2400,#2401);
#1954=AXIS2_PLACEMENT_3D('',#2892,#2402,#2403);
#1955=AXIS2_PLACEMENT_3D('',#2893,#2404,#2405);
#1956=AXIS2_PLACEMENT_3D('',#2895,#2406,#2407);
#1957=AXIS2_PLACEMENT_3D('',#2897,#2408,#2409);
#1958=AXIS2_PLACEMENT_3D('',#2898,#2410,#2411);
#1959=AXIS2_PLACEMENT_3D('',#2907,#2416,#2417);
#1960=AXIS2_PLACEMENT_3D('',#2916,#2422,#2423);
#1961=AXIS2_PLACEMENT_3D('',#2952,#2426,#2427);
#1962=AXIS2_PLACEMENT_3D('',#2954,#2428,#2429);
#1963=AXIS2_PLACEMENT_3D('',#2956,#2430,#2431);
#1964=AXIS2_PLACEMENT_3D('',#2958,#2432,#2433);
#1965=AXIS2_PLACEMENT_3D('',#2960,#2434,#2435);
#1966=AXIS2_PLACEMENT_3D('',#2961,#2436,#2437);
#1967=AXIS2_PLACEMENT_3D('',#2988,#2441,#2442);
#1968=AXIS2_PLACEMENT_3D('',#3057,#2446,#2447);
#1969=AXIS2_PLACEMENT_3D('',#3059,#2448,#2449);
#1970=AXIS2_PLACEMENT_3D('',#3061,#2451,#2452);
#1971=AXIS2_PLACEMENT_3D('',#3063,#2453,#2454);
#1972=AXIS2_PLACEMENT_3D('',#3064,#2455,#2456);
#1973=AXIS2_PLACEMENT_3D('',#3066,#2457,#2458);
#1974=AXIS2_PLACEMENT_3D('',#3069,#2460,#2461);
#1975=AXIS2_PLACEMENT_3D('',#3070,#2462,#2463);
#1976=AXIS2_PLACEMENT_3D('',#3072,#2464,#2465);
#1977=AXIS2_PLACEMENT_3D('',#3073,#2466,#2467);
#1978=AXIS2_PLACEMENT_3D('',#3075,#2468,#2469);
#1979=AXIS2_PLACEMENT_3D('',#3077,#2471,#2472);
#1980=AXIS2_PLACEMENT_3D('',#3079,#2473,#2474);
#1981=AXIS2_PLACEMENT_3D('',#3081,#2476,#2477);
#1982=AXIS2_PLACEMENT_3D('',#3083,#2478,#2479);
#1983=AXIS2_PLACEMENT_3D('',#3085,#2481,#2482);
#1984=AXIS2_PLACEMENT_3D('',#3087,#2483,#2484);
#1985=AXIS2_PLACEMENT_3D('',#3089,#2486,#2487);
#1986=AXIS2_PLACEMENT_3D('',#3091,#2489,#2490);
#1987=AXIS2_PLACEMENT_3D('',#3093,#2492,#2493);
#1988=AXIS2_PLACEMENT_3D('',#3094,#2494,#2495);
#1989=AXIS2_PLACEMENT_3D('',#3095,#2496,#2497);
#1990=AXIS2_PLACEMENT_3D('',#3096,#2498,#2499);
#1991=AXIS2_PLACEMENT_3D('',#3097,#2500,#2501);
#1992=AXIS2_PLACEMENT_3D('',#3098,#2502,#2503);
#1993=DIRECTION('axis',(0.,0.,1.));
#1994=DIRECTION('refdir',(1.,0.,0.));
#1995=DIRECTION('axis',(0.,0.,1.));
#1996=DIRECTION('refdir',(1.,0.,0.));
#1997=DIRECTION('center_axis',(0.,0.,1.));
#1998=DIRECTION('ref_axis',(1.,0.,0.));
#1999=DIRECTION('center_axis',(0.,0.,1.));
#2000=DIRECTION('ref_axis',(1.,0.,0.));
#2001=DIRECTION('center_axis',(0.,-1.,0.));
#2002=DIRECTION('ref_axis',(-1.,0.,0.));
#2003=DIRECTION('',(-1.,0.,0.));
#2004=DIRECTION('',(0.,0.,1.));
#2005=DIRECTION('',(-1.,0.,0.));
#2006=DIRECTION('',(0.,0.,-1.));
#2007=DIRECTION('center_axis',(0.,0.,1.));
#2008=DIRECTION('ref_axis',(-1.,0.,0.));
#2009=DIRECTION('center_axis',(0.,0.,-1.));
#2010=DIRECTION('ref_axis',(1.,0.,0.));
#2011=DIRECTION('center_axis',(0.,0.,1.));
#2012=DIRECTION('ref_axis',(1.,0.,0.));
#2013=DIRECTION('center_axis',(0.,0.,1.));
#2014=DIRECTION('ref_axis',(1.,0.,0.));
#2015=DIRECTION('center_axis',(0.,0.,1.));
#2016=DIRECTION('ref_axis',(1.,0.,0.));
#2017=DIRECTION('',(0.,0.,-1.));
#2018=DIRECTION('center_axis',(0.,0.,1.));
#2019=DIRECTION('ref_axis',(1.,0.,0.));
#2020=DIRECTION('axis',(0.,0.,1.));
#2021=DIRECTION('refdir',(1.,0.,0.));
#2022=DIRECTION('center_axis',(0.,0.,-1.));
#2023=DIRECTION('ref_axis',(1.,0.,0.));
#2024=DIRECTION('',(0.,-1.,0.));
#2025=DIRECTION('center_axis',(0.,0.,-1.));
#2026=DIRECTION('ref_axis',(1.,0.,0.));
#2027=DIRECTION('',(1.,0.,0.));
#2028=DIRECTION('center_axis',(0.,0.,-1.));
#2029=DIRECTION('ref_axis',(1.,0.,0.));
#2030=DIRECTION('',(0.,1.,0.));
#2031=DIRECTION('center_axis',(0.,0.,-1.));
#2032=DIRECTION('ref_axis',(1.,0.,0.));
#2033=DIRECTION('',(-1.,0.,0.));
#2034=DIRECTION('center_axis',(0.,0.,-1.));
#2035=DIRECTION('ref_axis',(1.,0.,0.));
#2036=DIRECTION('center_axis',(0.,0.,1.));
#2037=DIRECTION('ref_axis',(1.,0.,0.));
#2038=DIRECTION('center_axis',(0.,0.,1.));
#2039=DIRECTION('ref_axis',(1.,0.,0.));
#2040=DIRECTION('center_axis',(0.,0.,1.));
#2041=DIRECTION('ref_axis',(1.,0.,0.));
#2042=DIRECTION('center_axis',(0.,0.,1.));
#2043=DIRECTION('ref_axis',(1.,0.,0.));
#2044=DIRECTION('center_axis',(0.,0.,1.));
#2045=DIRECTION('ref_axis',(1.,0.,0.));
#2046=DIRECTION('center_axis',(0.,0.,-1.));
#2047=DIRECTION('ref_axis',(1.,0.,0.));
#2048=DIRECTION('',(0.,0.,-1.));
#2049=DIRECTION('center_axis',(0.,0.,-1.));
#2050=DIRECTION('ref_axis',(1.,0.,0.));
#2051=DIRECTION('',(0.,0.,-1.));
#2052=DIRECTION('center_axis',(0.,1.,0.));
#2053=DIRECTION('ref_axis',(1.,0.,0.));
#2054=DIRECTION('',(0.,0.,-1.));
#2055=DIRECTION('',(1.,0.,0.));
#2056=DIRECTION('center_axis',(0.,0.,-1.));
#2057=DIRECTION('ref_axis',(1.,0.,0.));
#2058=DIRECTION('',(0.,0.,-1.));
#2059=DIRECTION('center_axis',(0.,0.,-1.));
#2060=DIRECTION('ref_axis',(1.,0.,0.));
#2061=DIRECTION('center_axis',(1.,0.,0.));
#2062=DIRECTION('ref_axis',(0.,-1.,0.));
#2063=DIRECTION('',(0.,0.,-1.));
#2064=DIRECTION('',(0.,-1.,0.));
#2065=DIRECTION('center_axis',(0.,0.,-1.));
#2066=DIRECTION('ref_axis',(1.,0.,0.));
#2067=DIRECTION('',(0.,0.,-1.));
#2068=DIRECTION('center_axis',(0.,0.,1.));
#2069=DIRECTION('ref_axis',(1.,0.,0.));
#2070=DIRECTION('center_axis',(0.,0.,-1.));
#2071=DIRECTION('ref_axis',(1.,0.,0.));
#2072=DIRECTION('',(0.,0.,-1.));
#2073=DIRECTION('center_axis',(0.,0.,1.));
#2074=DIRECTION('ref_axis',(1.,0.,0.));
#2075=DIRECTION('center_axis',(0.,0.,-1.));
#2076=DIRECTION('ref_axis',(1.,0.,0.));
#2077=DIRECTION('',(0.,0.,-1.));
#2078=DIRECTION('center_axis',(0.,0.,1.));
#2079=DIRECTION('ref_axis',(1.,0.,0.));
#2080=DIRECTION('center_axis',(0.,0.,-1.));
#2081=DIRECTION('ref_axis',(1.,0.,0.));
#2082=DIRECTION('',(0.,0.,-1.));
#2083=DIRECTION('center_axis',(0.,0.,1.));
#2084=DIRECTION('ref_axis',(1.,0.,0.));
#2085=DIRECTION('center_axis',(0.,0.,-1.));
#2086=DIRECTION('ref_axis',(1.,0.,0.));
#2087=DIRECTION('',(0.,0.,-1.));
#2088=DIRECTION('center_axis',(0.,0.,1.));
#2089=DIRECTION('ref_axis',(1.,0.,0.));
#2090=DIRECTION('center_axis',(-1.,0.,0.));
#2091=DIRECTION('ref_axis',(0.,1.,0.));
#2092=DIRECTION('',(0.,1.,0.));
#2093=DIRECTION('',(0.,0.,-1.));
#2094=DIRECTION('center_axis',(0.,0.,-1.));
#2095=DIRECTION('ref_axis',(1.,0.,0.));
#2096=DIRECTION('center_axis',(0.,0.,-1.));
#2097=DIRECTION('ref_axis',(1.,0.,0.));
#2098=DIRECTION('',(0.,0.,-1.));
#2099=DIRECTION('center_axis',(0.,-1.,0.));
#2100=DIRECTION('ref_axis',(-1.,0.,0.));
#2101=DIRECTION('',(-1.,0.,0.));
#2102=DIRECTION('',(0.,0.,-1.));
#2103=DIRECTION('center_axis',(0.,0.,-1.));
#2104=DIRECTION('ref_axis',(1.,0.,0.));
#2105=DIRECTION('center_axis',(0.,0.,-1.));
#2106=DIRECTION('ref_axis',(1.,0.,0.));
#2107=DIRECTION('center_axis',(0.,0.,-1.));
#2108=DIRECTION('ref_axis',(1.,0.,0.));
#2109=DIRECTION('axis',(0.,0.,1.));
#2110=DIRECTION('refdir',(1.,0.,0.));
#2111=DIRECTION('center_axis',(0.,0.,1.));
#2112=DIRECTION('ref_axis',(1.,0.,0.));
#2113=DIRECTION('center_axis',(0.,0.,1.));
#2114=DIRECTION('ref_axis',(1.,0.,0.));
#2115=DIRECTION('',(0.,0.,1.));
#2116=DIRECTION('center_axis',(0.,0.,1.));
#2117=DIRECTION('ref_axis',(1.,0.,0.));
#2118=DIRECTION('center_axis',(0.,0.,-1.));
#2119=DIRECTION('ref_axis',(1.,0.,0.));
#2120=DIRECTION('center_axis',(0.,0.,-1.));
#2121=DIRECTION('ref_axis',(1.,0.,0.));
#2122=DIRECTION('center_axis',(0.,0.,1.));
#2123=DIRECTION('ref_axis',(1.,0.,0.));
#2124=DIRECTION('center_axis',(0.,0.,1.));
#2125=DIRECTION('ref_axis',(1.,0.,0.));
#2126=DIRECTION('',(0.,0.,1.));
#2127=DIRECTION('center_axis',(0.,0.,1.));
#2128=DIRECTION('ref_axis',(1.,0.,0.));
#2129=DIRECTION('center_axis',(0.,0.,-1.));
#2130=DIRECTION('ref_axis',(1.,0.,0.));
#2131=DIRECTION('center_axis',(0.,0.,-1.));
#2132=DIRECTION('ref_axis',(1.,0.,0.));
#2133=DIRECTION('center_axis',(0.,0.,1.));
#2134=DIRECTION('ref_axis',(1.,0.,0.));
#2135=DIRECTION('center_axis',(0.,0.,1.));
#2136=DIRECTION('ref_axis',(1.,0.,0.));
#2137=DIRECTION('',(0.,0.,1.));
#2138=DIRECTION('center_axis',(0.,0.,1.));
#2139=DIRECTION('ref_axis',(1.,0.,0.));
#2140=DIRECTION('center_axis',(0.,0.,-1.));
#2141=DIRECTION('ref_axis',(1.,0.,0.));
#2142=DIRECTION('center_axis',(0.,0.,-1.));
#2143=DIRECTION('ref_axis',(1.,0.,0.));
#2144=DIRECTION('center_axis',(0.,0.,1.));
#2145=DIRECTION('ref_axis',(1.,0.,0.));
#2146=DIRECTION('center_axis',(0.,0.,1.));
#2147=DIRECTION('ref_axis',(1.,0.,0.));
#2148=DIRECTION('',(0.,0.,1.));
#2149=DIRECTION('center_axis',(0.,0.,1.));
#2150=DIRECTION('ref_axis',(1.,0.,0.));
#2151=DIRECTION('center_axis',(0.,0.,-1.));
#2152=DIRECTION('ref_axis',(1.,0.,0.));
#2153=DIRECTION('center_axis',(0.,0.,-1.));
#2154=DIRECTION('ref_axis',(1.,0.,0.));
#2155=DIRECTION('center_axis',(0.,-1.,0.));
#2156=DIRECTION('ref_axis',(-1.,0.,0.));
#2157=DIRECTION('',(-1.,0.,0.));
#2158=DIRECTION('',(0.,0.,-1.));
#2159=DIRECTION('',(1.,0.,0.));
#2160=DIRECTION('',(0.,0.,-1.));
#2161=DIRECTION('center_axis',(1.,0.,0.));
#2162=DIRECTION('ref_axis',(0.,-1.,0.));
#2163=DIRECTION('',(0.,-1.,0.));
#2164=DIRECTION('',(0.,0.,-1.));
#2165=DIRECTION('',(0.,1.,0.));
#2166=DIRECTION('center_axis',(0.,1.,0.));
#2167=DIRECTION('ref_axis',(1.,0.,0.));
#2168=DIRECTION('',(1.,0.,0.));
#2169=DIRECTION('',(0.,0.,1.));
#2170=DIRECTION('',(-1.,0.,0.));
#2171=DIRECTION('center_axis',(0.,0.,-1.));
#2172=DIRECTION('ref_axis',(0.,-1.,0.));
#2173=DIRECTION('',(0.,-1.,0.));
#2174=DIRECTION('',(-1.,0.,0.));
#2175=DIRECTION('',(0.,1.,0.));
#2176=DIRECTION('',(-1.,0.,0.));
#2177=DIRECTION('',(0.,-1.,0.));
#2178=DIRECTION('center_axis',(0.,0.,-1.));
#2179=DIRECTION('ref_axis',(1.,0.,0.));
#2180=DIRECTION('',(0.,1.,0.));
#2181=DIRECTION('',(-1.,0.,0.));
#2182=DIRECTION('',(0.,-1.,0.));
#2183=DIRECTION('center_axis',(0.,0.,-1.));
#2184=DIRECTION('ref_axis',(-0.707106781186548,-0.707106781186548,0.));
#2185=DIRECTION('',(1.,0.,0.));
#2186=DIRECTION('center_axis',(0.,0.,-1.));
#2187=DIRECTION('ref_axis',(0.707106781186548,-0.707106781186548,0.));
#2188=DIRECTION('',(0.,1.,0.));
#2189=DIRECTION('center_axis',(0.,0.,-1.));
#2190=DIRECTION('ref_axis',(0.707106781186548,0.707106781186548,0.));
#2191=DIRECTION('',(-1.,0.,0.));
#2192=DIRECTION('center_axis',(0.,0.,-1.));
#2193=DIRECTION('ref_axis',(-0.707106781186548,0.707106781186548,0.));
#2194=DIRECTION('',(0.,-1.,0.));
#2195=DIRECTION('',(-1.,0.,0.));
#2196=DIRECTION('',(0.,1.,0.));
#2197=DIRECTION('center_axis',(0.,0.,1.));
#2198=DIRECTION('ref_axis',(1.,0.,0.));
#2199=DIRECTION('center_axis',(0.,0.,1.));
#2200=DIRECTION('ref_axis',(1.,0.,0.));
#2201=DIRECTION('center_axis',(0.,0.,1.));
#2202=DIRECTION('ref_axis',(1.,0.,0.));
#2203=DIRECTION('center_axis',(0.,0.,1.));
#2204=DIRECTION('ref_axis',(1.,0.,0.));
#2205=DIRECTION('center_axis',(0.,0.,1.));
#2206=DIRECTION('ref_axis',(1.,0.,0.));
#2207=DIRECTION('',(0.,-1.,0.));
#2208=DIRECTION('',(-1.,0.,0.));
#2209=DIRECTION('',(0.,1.,0.));
#2210=DIRECTION('',(1.,0.,0.));
#2211=DIRECTION('',(0.,-1.,0.));
#2212=DIRECTION('',(-1.,0.,0.));
#2213=DIRECTION('',(0.,1.,0.));
#2214=DIRECTION('',(1.,0.,0.));
#2215=DIRECTION('center_axis',(1.,0.,0.));
#2216=DIRECTION('ref_axis',(0.,-1.,0.));
#2217=DIRECTION('',(0.,0.,-1.));
#2218=DIRECTION('',(0.,-1.,0.));
#2219=DIRECTION('',(0.,0.,-1.));
#2220=DIRECTION('center_axis',(0.,1.,0.));
#2221=DIRECTION('ref_axis',(1.,0.,0.));
#2222=DIRECTION('',(0.,0.,-1.));
#2223=DIRECTION('',(1.,0.,0.));
#2224=DIRECTION('center_axis',(-1.,0.,0.));
#2225=DIRECTION('ref_axis',(0.,1.,0.));
#2226=DIRECTION('',(0.,0.,-1.));
#2227=DIRECTION('',(0.,1.,0.));
#2228=DIRECTION('center_axis',(0.,-1.,0.));
#2229=DIRECTION('ref_axis',(-1.,0.,0.));
#2230=DIRECTION('',(-1.,0.,0.));
#2231=DIRECTION('center_axis',(0.,0.,-1.));
#2232=DIRECTION('ref_axis',(-1.,0.,0.));
#2233=DIRECTION('center_axis',(1.,0.,0.));
#2234=DIRECTION('ref_axis',(0.,-1.,0.));
#2235=DIRECTION('',(0.,0.,-1.));
#2236=DIRECTION('',(0.,-1.,0.));
#2237=DIRECTION('',(0.,0.,-1.));
#2238=DIRECTION('center_axis',(0.,1.,0.));
#2239=DIRECTION('ref_axis',(1.,0.,0.));
#2240=DIRECTION('',(0.,0.,-1.));
#2241=DIRECTION('',(1.,0.,0.));
#2242=DIRECTION('center_axis',(-1.,0.,0.));
#2243=DIRECTION('ref_axis',(0.,1.,0.));
#2244=DIRECTION('',(0.,0.,-1.));
#2245=DIRECTION('',(0.,1.,0.));
#2246=DIRECTION('center_axis',(0.,-1.,0.));
#2247=DIRECTION('ref_axis',(-1.,0.,0.));
#2248=DIRECTION('',(-1.,0.,0.));
#2249=DIRECTION('center_axis',(0.,0.,-1.));
#2250=DIRECTION('ref_axis',(-1.,0.,0.));
#2251=DIRECTION('center_axis',(-1.,0.,0.));
#2252=DIRECTION('ref_axis',(0.,-1.,0.));
#2253=DIRECTION('center_axis',(-1.,0.,0.));
#2254=DIRECTION('ref_axis',(0.,-1.,0.));
#2255=DIRECTION('center_axis',(-1.,0.,0.));
#2256=DIRECTION('ref_axis',(0.,-1.,0.));
#2257=DIRECTION('center_axis',(-1.,0.,0.));
#2258=DIRECTION('ref_axis',(0.,-1.,0.));
#2259=DIRECTION('center_axis',(-1.,0.,0.));
#2260=DIRECTION('ref_axis',(0.,-1.,0.));
#2261=DIRECTION('center_axis',(-1.,0.,0.));
#2262=DIRECTION('ref_axis',(0.,-1.,0.));
#2263=DIRECTION('center_axis',(-1.,0.,0.));
#2264=DIRECTION('ref_axis',(0.,-1.,0.));
#2265=DIRECTION('center_axis',(-1.,0.,0.));
#2266=DIRECTION('ref_axis',(0.,-1.,0.));
#2267=DIRECTION('center_axis',(-1.,0.,0.));
#2268=DIRECTION('ref_axis',(0.,-1.,0.));
#2269=DIRECTION('center_axis',(-1.,0.,0.));
#2270=DIRECTION('ref_axis',(0.,-1.,0.));
#2271=DIRECTION('center_axis',(0.,0.,-1.));
#2272=DIRECTION('ref_axis',(0.,-1.,0.));
#2273=DIRECTION('',(0.,1.,0.));
#2274=DIRECTION('',(-1.,0.,0.));
#2275=DIRECTION('',(0.,-1.,0.));
#2276=DIRECTION('',(-1.,0.,0.));
#2277=DIRECTION('center_axis',(0.,-1.,0.));
#2278=DIRECTION('ref_axis',(0.,0.,1.));
#2279=DIRECTION('',(0.,0.,-1.));
#2280=DIRECTION('',(0.,0.,1.));
#2281=DIRECTION('',(-1.,0.,0.));
#2282=DIRECTION('center_axis',(0.,0.,1.));
#2283=DIRECTION('ref_axis',(0.,1.,0.));
#2284=DIRECTION('',(0.,-1.,0.));
#2285=DIRECTION('',(0.,1.,0.));
#2286=DIRECTION('',(-1.,0.,0.));
#2287=DIRECTION('center_axis',(0.,1.,0.));
#2288=DIRECTION('ref_axis',(0.,0.,-1.));
#2289=DIRECTION('',(0.,0.,1.));
#2290=DIRECTION('',(0.,0.,-1.));
#2291=DIRECTION('center_axis',(-1.,0.,0.));
#2292=DIRECTION('ref_axis',(0.,0.,1.));
#2293=DIRECTION('',(0.,-2.00824932884194E-16,-1.));
#2294=DIRECTION('',(0.,1.85037168013591E-16,1.));
#2295=DIRECTION('center_axis',(-1.,0.,0.));
#2296=DIRECTION('ref_axis',(0.,1.,0.));
#2297=DIRECTION('',(0.,-3.70074422421618E-16,-1.));
#2298=DIRECTION('',(0.,1.,0.));
#2299=DIRECTION('',(0.,0.,-1.));
#2300=DIRECTION('center_axis',(-1.,0.,0.));
#2301=DIRECTION('ref_axis',(0.,1.,0.));
#2302=DIRECTION('center_axis',(1.,0.,0.));
#2303=DIRECTION('ref_axis',(0.,-1.,0.));
#2304=DIRECTION('center_axis',(1.,0.,0.));
#2305=DIRECTION('ref_axis',(0.,-1.,0.));
#2306=DIRECTION('center_axis',(1.,0.,0.));
#2307=DIRECTION('ref_axis',(0.,-1.,0.));
#2308=DIRECTION('center_axis',(1.,0.,0.));
#2309=DIRECTION('ref_axis',(0.,-1.,0.));
#2310=DIRECTION('center_axis',(1.,0.,0.));
#2311=DIRECTION('ref_axis',(0.,-1.,0.));
#2312=DIRECTION('center_axis',(1.,0.,0.));
#2313=DIRECTION('ref_axis',(0.,-1.,0.));
#2314=DIRECTION('center_axis',(-1.,0.,0.));
#2315=DIRECTION('ref_axis',(0.,-1.,0.));
#2316=DIRECTION('center_axis',(-1.,0.,0.));
#2317=DIRECTION('ref_axis',(0.,-1.,0.));
#2318=DIRECTION('center_axis',(0.,-1.,3.70074422421618E-16));
#2319=DIRECTION('ref_axis',(0.,3.70074422421618E-16,1.));
#2320=DIRECTION('',(0.,3.70074422421618E-16,1.));
#2321=DIRECTION('',(-1.,0.,0.));
#2322=DIRECTION('center_axis',(0.,1.,-3.70074422421618E-16));
#2323=DIRECTION('ref_axis',(0.,-3.70074422421618E-16,-1.));
#2324=DIRECTION('',(0.,3.70074422421618E-16,1.));
#2325=DIRECTION('',(-1.,0.,0.));
#2326=DIRECTION('',(0.,-3.70074422421618E-16,-1.));
#2327=DIRECTION('center_axis',(-1.,0.,0.));
#2328=DIRECTION('ref_axis',(0.,0.,1.));
#2329=DIRECTION('',(0.,-1.,0.));
#2330=DIRECTION('center_axis',(-1.,0.,0.));
#2331=DIRECTION('ref_axis',(0.,1.,0.));
#2332=DIRECTION('',(0.,0.,1.));
#2333=DIRECTION('',(0.,1.,0.));
#2334=DIRECTION('center_axis',(-1.,0.,0.));
#2335=DIRECTION('ref_axis',(0.,-1.,0.));
#2336=DIRECTION('',(1.,0.,0.));
#2337=DIRECTION('center_axis',(-1.,0.,0.));
#2338=DIRECTION('ref_axis',(0.,-1.,0.));
#2339=DIRECTION('',(1.,0.,0.));
#2340=DIRECTION('center_axis',(-1.,0.,0.));
#2341=DIRECTION('ref_axis',(0.,-1.,0.));
#2342=DIRECTION('',(1.,0.,0.));
#2343=DIRECTION('center_axis',(-1.,0.,0.));
#2344=DIRECTION('ref_axis',(0.,-1.,0.));
#2345=DIRECTION('',(1.,0.,0.));
#2346=DIRECTION('center_axis',(-1.,0.,0.));
#2347=DIRECTION('ref_axis',(0.,-1.,0.));
#2348=DIRECTION('',(1.,0.,0.));
#2349=DIRECTION('center_axis',(-1.,0.,0.));
#2350=DIRECTION('ref_axis',(0.,-1.,0.));
#2351=DIRECTION('',(1.,0.,0.));
#2352=DIRECTION('center_axis',(0.,0.,-1.));
#2353=DIRECTION('ref_axis',(-0.707106781186548,0.707106781186548,0.));
#2354=DIRECTION('center_axis',(0.,0.,1.));
#2355=DIRECTION('ref_axis',(-0.707106781186548,0.707106781186548,0.));
#2356=DIRECTION('',(0.,0.,-1.));
#2357=DIRECTION('center_axis',(0.,1.,0.));
#2358=DIRECTION('ref_axis',(1.,0.,0.));
#2359=DIRECTION('',(0.,0.,1.));
#2360=DIRECTION('',(1.,0.,0.));
#2361=DIRECTION('center_axis',(0.,0.,-1.));
#2362=DIRECTION('ref_axis',(-0.707106781186548,-0.707106781186548,0.));
#2363=DIRECTION('center_axis',(0.,0.,1.));
#2364=DIRECTION('ref_axis',(-0.707106781186548,-0.707106781186548,0.));
#2365=DIRECTION('',(0.,0.,1.));
#2366=DIRECTION('center_axis',(0.,-1.,0.));
#2367=DIRECTION('ref_axis',(-1.,0.,0.));
#2368=DIRECTION('',(-1.,0.,0.));
#2369=DIRECTION('',(0.,0.,-1.));
#2370=DIRECTION('center_axis',(0.,0.,-1.));
#2371=DIRECTION('ref_axis',(0.707106781186548,-0.707106781186548,0.));
#2372=DIRECTION('center_axis',(0.,0.,1.));
#2373=DIRECTION('ref_axis',(0.707106781186548,-0.707106781186548,0.));
#2374=DIRECTION('',(0.,0.,1.));
#2375=DIRECTION('center_axis',(0.,0.,-1.));
#2376=DIRECTION('ref_axis',(0.707106781186548,0.707106781186548,0.));
#2377=DIRECTION('center_axis',(0.,0.,1.));
#2378=DIRECTION('ref_axis',(0.707106781186548,0.707106781186548,0.));
#2379=DIRECTION('',(0.,0.,-1.));
#2380=DIRECTION('center_axis',(0.,0.,-1.));
#2381=DIRECTION('ref_axis',(1.,0.,0.));
#2382=DIRECTION('',(0.,0.,-1.));
#2383=DIRECTION('center_axis',(0.,0.,-1.));
#2384=DIRECTION('ref_axis',(1.,0.,0.));
#2385=DIRECTION('',(0.,0.,-1.));
#2386=DIRECTION('center_axis',(0.,0.,-1.));
#2387=DIRECTION('ref_axis',(1.,0.,0.));
#2388=DIRECTION('',(0.,0.,-1.));
#2389=DIRECTION('center_axis',(0.,0.,-1.));
#2390=DIRECTION('ref_axis',(1.,0.,0.));
#2391=DIRECTION('',(0.,0.,-1.));
#2392=DIRECTION('center_axis',(0.,0.,-1.));
#2393=DIRECTION('ref_axis',(1.,0.,0.));
#2394=DIRECTION('',(0.,0.,-1.));
#2395=DIRECTION('center_axis',(0.,0.,1.));
#2396=DIRECTION('ref_axis',(1.,0.,0.));
#2397=DIRECTION('center_axis',(1.,0.,0.));
#2398=DIRECTION('ref_axis',(0.,-1.,0.));
#2399=DIRECTION('',(0.,-1.,0.));
#2400=DIRECTION('center_axis',(0.,0.,-1.));
#2401=DIRECTION('ref_axis',(1.,0.,0.));
#2402=DIRECTION('axis',(0.,0.,1.));
#2403=DIRECTION('refdir',(1.,0.,0.));
#2404=DIRECTION('center_axis',(0.,0.,-1.));
#2405=DIRECTION('ref_axis',(-1.,0.,0.));
#2406=DIRECTION('center_axis',(0.,0.,1.));
#2407=DIRECTION('ref_axis',(1.,0.,0.));
#2408=DIRECTION('center_axis',(0.,0.,-1.));
#2409=DIRECTION('ref_axis',(1.,0.,0.));
#2410=DIRECTION('center_axis',(-1.,0.,0.));
#2411=DIRECTION('ref_axis',(0.,1.,0.));
#2412=DIRECTION('',(0.,1.,0.));
#2413=DIRECTION('',(0.,0.,-1.));
#2414=DIRECTION('',(0.,-1.,0.));
#2415=DIRECTION('',(0.,0.,1.));
#2416=DIRECTION('center_axis',(0.,-1.,0.));
#2417=DIRECTION('ref_axis',(-1.,0.,0.));
#2418=DIRECTION('',(-1.,0.,0.));
#2419=DIRECTION('',(0.,0.,-1.));
#2420=DIRECTION('',(1.,0.,0.));
#2421=DIRECTION('',(0.,0.,1.));
#2422=DIRECTION('center_axis',(0.,0.,1.));
#2423=DIRECTION('ref_axis',(1.,0.,0.));
#2424=DIRECTION('',(1.,0.,0.));
#2425=DIRECTION('',(0.,-1.,0.));
#2426=DIRECTION('center_axis',(0.,0.,-1.));
#2427=DIRECTION('ref_axis',(1.,0.,0.));
#2428=DIRECTION('center_axis',(0.,0.,-1.));
#2429=DIRECTION('ref_axis',(1.,0.,0.));
#2430=DIRECTION('center_axis',(0.,0.,-1.));
#2431=DIRECTION('ref_axis',(1.,0.,0.));
#2432=DIRECTION('center_axis',(0.,0.,-1.));
#2433=DIRECTION('ref_axis',(1.,0.,0.));
#2434=DIRECTION('center_axis',(0.,0.,1.));
#2435=DIRECTION('ref_axis',(1.,0.,0.));
#2436=DIRECTION('center_axis',(0.,0.,-1.));
#2437=DIRECTION('ref_axis',(1.,0.,0.));
#2438=DIRECTION('',(0.,0.,1.));
#2439=DIRECTION('',(0.,0.,1.));
#2440=DIRECTION('',(0.,0.,-1.));
#2441=DIRECTION('center_axis',(1.,0.,0.));
#2442=DIRECTION('ref_axis',(0.,-1.,0.));
#2443=DIRECTION('',(0.,1.,0.));
#2444=DIRECTION('',(0.,0.,1.));
#2445=DIRECTION('',(0.,0.,-1.));
#2446=DIRECTION('center_axis',(0.,0.,-1.));
#2447=DIRECTION('ref_axis',(1.,0.,0.));
#2448=DIRECTION('center_axis',(0.,0.,-1.));
#2449=DIRECTION('ref_axis',(1.,0.,0.));
#2450=DIRECTION('',(0.,0.,-1.));
#2451=DIRECTION('center_axis',(0.,0.,1.));
#2452=DIRECTION('ref_axis',(1.,0.,0.));
#2453=DIRECTION('center_axis',(0.,0.,-1.));
#2454=DIRECTION('ref_axis',(1.,0.,0.));
#2455=DIRECTION('center_axis',(0.,0.,1.));
#2456=DIRECTION('ref_axis',(1.,0.,0.));
#2457=DIRECTION('center_axis',(0.,0.,1.));
#2458=DIRECTION('ref_axis',(1.,0.,0.));
#2459=DIRECTION('',(0.,0.,-1.));
#2460=DIRECTION('center_axis',(0.,0.,1.));
#2461=DIRECTION('ref_axis',(1.,0.,0.));
#2462=DIRECTION('center_axis',(0.,0.,1.));
#2463=DIRECTION('ref_axis',(1.,0.,0.));
#2464=DIRECTION('center_axis',(0.,0.,-1.));
#2465=DIRECTION('ref_axis',(1.,0.,0.));
#2466=DIRECTION('center_axis',(0.,0.,-1.));
#2467=DIRECTION('ref_axis',(1.,0.,0.));
#2468=DIRECTION('center_axis',(0.,0.,-1.));
#2469=DIRECTION('ref_axis',(1.,0.,0.));
#2470=DIRECTION('',(0.,0.,-1.));
#2471=DIRECTION('center_axis',(0.,0.,-1.));
#2472=DIRECTION('ref_axis',(1.,0.,0.));
#2473=DIRECTION('center_axis',(0.,0.,-1.));
#2474=DIRECTION('ref_axis',(1.,0.,0.));
#2475=DIRECTION('',(0.,0.,-1.));
#2476=DIRECTION('center_axis',(0.,0.,-1.));
#2477=DIRECTION('ref_axis',(1.,0.,0.));
#2478=DIRECTION('center_axis',(0.,0.,-1.));
#2479=DIRECTION('ref_axis',(1.,0.,0.));
#2480=DIRECTION('',(0.,0.,-1.));
#2481=DIRECTION('center_axis',(0.,0.,-1.));
#2482=DIRECTION('ref_axis',(1.,0.,0.));
#2483=DIRECTION('center_axis',(0.,0.,-1.));
#2484=DIRECTION('ref_axis',(1.,0.,0.));
#2485=DIRECTION('',(0.,0.,-1.));
#2486=DIRECTION('center_axis',(0.,0.,-1.));
#2487=DIRECTION('ref_axis',(1.,0.,0.));
#2488=DIRECTION('',(0.,0.,-1.));
#2489=DIRECTION('center_axis',(0.,1.,0.));
#2490=DIRECTION('ref_axis',(1.,0.,0.));
#2491=DIRECTION('',(-1.,0.,0.));
#2492=DIRECTION('center_axis',(0.,0.,1.));
#2493=DIRECTION('ref_axis',(1.,0.,0.));
#2494=DIRECTION('',(0.,0.,1.));
#2495=DIRECTION('',(1.,0.,0.));
#2496=DIRECTION('',(0.,0.,1.));
#2497=DIRECTION('',(1.,0.,0.));
#2498=DIRECTION('',(0.,0.,1.));
#2499=DIRECTION('',(1.,0.,0.));
#2500=DIRECTION('',(0.,0.,1.));
#2501=DIRECTION('',(1.,0.,0.));
#2502=DIRECTION('center_axis',(0.,0.,1.));
#2503=DIRECTION('ref_axis',(1.,0.,0.));
#2504=CARTESIAN_POINT('',(0.,0.,0.));
#2505=CARTESIAN_POINT('',(0.,0.,0.));
#2506=CARTESIAN_POINT('Origin',(0.,0.,-33.7));
#2507=CARTESIAN_POINT('',(-2.5,-3.06161699786838E-16,-33.7));
#2508=CARTESIAN_POINT('Origin',(0.,0.,-33.7));
#2509=CARTESIAN_POINT('Origin',(1.50000005960464,1.99999995529652,27.));
#2510=CARTESIAN_POINT('',(1.50000005960464,1.99999995529652,27.));
#2511=CARTESIAN_POINT('',(-1.50000005960464,1.99999995529652,27.));
#2512=CARTESIAN_POINT('',(0.750000029802321,1.99999995529652,27.));
#2513=CARTESIAN_POINT('',(1.50000005960464,1.99999995529652,12.));
#2514=CARTESIAN_POINT('',(1.50000005960464,1.99999995529652,6.));
#2515=CARTESIAN_POINT('',(-1.50000005960464,1.99999995529652,12.));
#2516=CARTESIAN_POINT('',(0.,1.99999995529652,12.));
#2517=CARTESIAN_POINT('',(-1.50000005960464,1.99999995529652,6.));
#2518=CARTESIAN_POINT('Origin',(0.,2.24999997764826,12.));
#2519=CARTESIAN_POINT('Origin',(0.,0.,12.));
#2520=CARTESIAN_POINT('Origin',(0.,0.,6.));
#2521=CARTESIAN_POINT('',(-2.5,-3.06161699786838E-16,27.));
#2522=CARTESIAN_POINT('Origin',(0.,0.,27.));
#2523=CARTESIAN_POINT('Origin',(0.,0.,27.));
#2524=CARTESIAN_POINT('',(-2.5,-3.06161699786838E-16,6.));
#2525=CARTESIAN_POINT('Origin',(0.,0.,27.));
#2526=CARTESIAN_POINT('',(0.,0.,0.));
#2527=CARTESIAN_POINT('Origin',(0.,0.,-8.8));
#2528=CARTESIAN_POINT('',(21.,13.7480907765406,-8.8));
#2529=CARTESIAN_POINT('',(21.,-13.7480907765406,-8.8));
#2530=CARTESIAN_POINT('',(21.,6.8740453882703,-8.8));
#2531=CARTESIAN_POINT('',(13.7480907765406,21.,-8.8));
#2532=CARTESIAN_POINT('Origin',(0.,0.,-8.8));
#2533=CARTESIAN_POINT('',(-13.7480907765406,21.,-8.8));
#2534=CARTESIAN_POINT('',(-6.8740453882703,21.,-8.8));
#2535=CARTESIAN_POINT('',(-21.,13.7480907765406,-8.8));
#2536=CARTESIAN_POINT('Origin',(0.,0.,-8.8));
#2537=CARTESIAN_POINT('',(-21.,-13.7480907765406,-8.8));
#2538=CARTESIAN_POINT('',(-21.,-6.8740453882703,-8.8));
#2539=CARTESIAN_POINT('',(-13.7480907765406,-21.,-8.8));
#2540=CARTESIAN_POINT('Origin',(0.,0.,-8.8));
#2541=CARTESIAN_POINT('',(13.7480907765406,-21.,-8.8));
#2542=CARTESIAN_POINT('',(6.8740453882703,-21.,-8.8));
#2543=CARTESIAN_POINT('Origin',(0.,0.,-8.8));
#2544=CARTESIAN_POINT('',(-17.1,15.6,-8.8));
#2545=CARTESIAN_POINT('Origin',(-15.6,15.6,-8.8));
#2546=CARTESIAN_POINT('',(14.1,-15.6,-8.8));
#2547=CARTESIAN_POINT('Origin',(15.6,-15.6,-8.8));
#2548=CARTESIAN_POINT('',(-17.1,-15.6,-8.8));
#2549=CARTESIAN_POINT('Origin',(-15.6,-15.6,-8.8));
#2550=CARTESIAN_POINT('',(14.1,15.6,-8.8));
#2551=CARTESIAN_POINT('Origin',(15.6,15.6,-8.8));
#2552=CARTESIAN_POINT('',(-4.6,0.,-8.8));
#2553=CARTESIAN_POINT('Origin',(0.,0.,-8.8));
#2554=CARTESIAN_POINT('Origin',(0.,0.,-2.));
#2555=CARTESIAN_POINT('',(-13.7480907765406,21.,-32.));
#2556=CARTESIAN_POINT('',(-13.7480907765406,21.,-2.));
#2557=CARTESIAN_POINT('',(-21.,13.7480907765406,-32.));
#2558=CARTESIAN_POINT('Origin',(0.,0.,-32.));
#2559=CARTESIAN_POINT('',(-21.,13.7480907765406,-2.));
#2560=CARTESIAN_POINT('Origin',(-13.7480907765406,21.,-2.));
#2561=CARTESIAN_POINT('',(13.7480907765406,21.,-32.));
#2562=CARTESIAN_POINT('',(13.7480907765406,21.,-2.));
#2563=CARTESIAN_POINT('',(-21.,21.,-32.));
#2564=CARTESIAN_POINT('Origin',(0.,0.,-2.));
#2565=CARTESIAN_POINT('',(21.,13.7480907765406,-32.));
#2566=CARTESIAN_POINT('',(21.,13.7480907765406,-2.));
#2567=CARTESIAN_POINT('Origin',(0.,0.,-32.));
#2568=CARTESIAN_POINT('Origin',(21.,13.7480907765406,-2.));
#2569=CARTESIAN_POINT('',(21.,-13.7480907765406,-32.));
#2570=CARTESIAN_POINT('',(21.,-13.7480907765406,-2.));
#2571=CARTESIAN_POINT('',(21.,21.,-32.));
#2572=CARTESIAN_POINT('Origin',(0.,0.,-2.));
#2573=CARTESIAN_POINT('',(-4.6,0.,-32.));
#2574=CARTESIAN_POINT('',(-4.6,5.63337527607783E-16,-2.));
#2575=CARTESIAN_POINT('Origin',(0.,0.,-32.));
#2576=CARTESIAN_POINT('Origin',(15.6,15.6,-2.));
#2577=CARTESIAN_POINT('',(14.1,15.6,-32.));
#2578=CARTESIAN_POINT('',(14.1,15.6,-2.));
#2579=CARTESIAN_POINT('Origin',(15.6,15.6,-32.));
#2580=CARTESIAN_POINT('Origin',(-15.6,-15.6,-2.));
#2581=CARTESIAN_POINT('',(-17.1,-15.6,-32.));
#2582=CARTESIAN_POINT('',(-17.1,-15.6,-2.));
#2583=CARTESIAN_POINT('Origin',(-15.6,-15.6,-32.));
#2584=CARTESIAN_POINT('Origin',(15.6,-15.6,-2.));
#2585=CARTESIAN_POINT('',(14.1,-15.6,-32.));
#2586=CARTESIAN_POINT('',(14.1,-15.6,-2.));
#2587=CARTESIAN_POINT('Origin',(15.6,-15.6,-32.));
#2588=CARTESIAN_POINT('Origin',(-15.6,15.6,-2.));
#2589=CARTESIAN_POINT('',(-17.1,15.6,-32.));
#2590=CARTESIAN_POINT('',(-17.1,15.6,-2.));
#2591=CARTESIAN_POINT('Origin',(-15.6,15.6,-32.));
#2592=CARTESIAN_POINT('Origin',(-21.,-13.7480907765406,-2.));
#2593=CARTESIAN_POINT('',(-21.,-13.7480907765406,-32.));
#2594=CARTESIAN_POINT('',(-21.,-21.,-32.));
#2595=CARTESIAN_POINT('',(-21.,-13.7480907765406,-2.));
#2596=CARTESIAN_POINT('Origin',(0.,0.,-2.));
#2597=CARTESIAN_POINT('',(-13.7480907765406,-21.,-32.));
#2598=CARTESIAN_POINT('Origin',(0.,0.,-32.));
#2599=CARTESIAN_POINT('',(-13.7480907765406,-21.,-2.));
#2600=CARTESIAN_POINT('Origin',(13.7480907765406,-21.,-2.));
#2601=CARTESIAN_POINT('',(13.7480907765406,-21.,-32.));
#2602=CARTESIAN_POINT('',(21.,-21.,-32.));
#2603=CARTESIAN_POINT('',(13.7480907765406,-21.,-2.));
#2604=CARTESIAN_POINT('Origin',(0.,0.,-2.));
#2605=CARTESIAN_POINT('Origin',(0.,0.,-32.));
#2606=CARTESIAN_POINT('Origin',(0.,0.,-32.));
#2607=CARTESIAN_POINT('',(0.,0.,0.));
#2608=CARTESIAN_POINT('Origin',(15.6,-15.6,-41.));
#2609=CARTESIAN_POINT('',(12.6,-15.6,-41.));
#2610=CARTESIAN_POINT('Origin',(15.6,-15.6,-41.));
#2611=CARTESIAN_POINT('',(12.6,-15.6,-39.));
#2612=CARTESIAN_POINT('',(12.6,-15.6,-41.));
#2613=CARTESIAN_POINT('Origin',(15.6,-15.6,-39.));
#2614=CARTESIAN_POINT('Origin',(15.6,-15.6,-39.));
#2615=CARTESIAN_POINT('',(14.1,-15.6,-39.));
#2616=CARTESIAN_POINT('Origin',(15.6,-15.6,-39.));
#2617=CARTESIAN_POINT('Origin',(15.6,15.6,-41.));
#2618=CARTESIAN_POINT('',(12.6,15.6,-41.));
#2619=CARTESIAN_POINT('Origin',(15.6,15.6,-41.));
#2620=CARTESIAN_POINT('',(12.6,15.6,-39.));
#2621=CARTESIAN_POINT('',(12.6,15.6,-41.));
#2622=CARTESIAN_POINT('Origin',(15.6,15.6,-39.));
#2623=CARTESIAN_POINT('Origin',(15.6,15.6,-39.));
#2624=CARTESIAN_POINT('',(14.1,15.6,-39.));
#2625=CARTESIAN_POINT('Origin',(15.6,15.6,-39.));
#2626=CARTESIAN_POINT('Origin',(-15.6,-15.6,-41.));
#2627=CARTESIAN_POINT('',(-18.6,-15.6,-41.));
#2628=CARTESIAN_POINT('Origin',(-15.6,-15.6,-41.));
#2629=CARTESIAN_POINT('',(-18.6,-15.6,-39.));
#2630=CARTESIAN_POINT('',(-18.6,-15.6,-41.));
#2631=CARTESIAN_POINT('Origin',(-15.6,-15.6,-39.));
#2632=CARTESIAN_POINT('Origin',(-15.6,-15.6,-39.));
#2633=CARTESIAN_POINT('',(-17.1,-15.6,-39.));
#2634=CARTESIAN_POINT('Origin',(-15.6,-15.6,-39.));
#2635=CARTESIAN_POINT('Origin',(-15.6,15.6,-41.));
#2636=CARTESIAN_POINT('',(-18.6,15.6,-41.));
#2637=CARTESIAN_POINT('Origin',(-15.6,15.6,-41.));
#2638=CARTESIAN_POINT('',(-18.6,15.6,-39.));
#2639=CARTESIAN_POINT('',(-18.6,15.6,-41.));
#2640=CARTESIAN_POINT('Origin',(-15.6,15.6,-39.));
#2641=CARTESIAN_POINT('Origin',(-15.6,15.6,-39.));
#2642=CARTESIAN_POINT('',(-17.1,15.6,-39.));
#2643=CARTESIAN_POINT('Origin',(-15.6,15.6,-39.));
#2644=CARTESIAN_POINT('Origin',(-22.5000003352761,-4.00389192322319,-32.));
#2645=CARTESIAN_POINT('',(-22.5000003352761,-4.00389192322319,-32.));
#2646=CARTESIAN_POINT('',(-26.,-4.00389192322319,-32.));
#2647=CARTESIAN_POINT('',(-11.2500001676381,-4.00389192322319,-32.));
#2648=CARTESIAN_POINT('',(-22.5000003352761,-4.00389192322319,-33.0000005804817));
#2649=CARTESIAN_POINT('',(-22.5000003352761,-4.00389192322319,-32.));
#2650=CARTESIAN_POINT('',(-26.,-4.00389192322319,-33.0000005804817));
#2651=CARTESIAN_POINT('',(-21.7500001676381,-4.00389192322319,-33.0000005811453));
#2652=CARTESIAN_POINT('',(-26.,-4.00389192322319,-33.5000001639128));
#2653=CARTESIAN_POINT('Origin',(-22.5000003352761,4.00000005960464,-32.));
#2654=CARTESIAN_POINT('',(-22.5000003352761,4.00000005960464,-32.));
#2655=CARTESIAN_POINT('',(-22.5000003352761,2.00000002980232,-32.));
#2656=CARTESIAN_POINT('',(-22.5000003352761,4.00000005960464,-33.0000005804817));
#2657=CARTESIAN_POINT('',(-22.5000003352761,4.00000005960464,-32.));
#2658=CARTESIAN_POINT('',(-22.5000003352761,5.50000008195639,-33.0000005811453));
#2659=CARTESIAN_POINT('Origin',(-26.,4.00000005960464,-32.));
#2660=CARTESIAN_POINT('',(-26.,4.00000005960464,-32.));
#2661=CARTESIAN_POINT('',(-13.,4.00000005960464,-32.));
#2662=CARTESIAN_POINT('',(-26.,4.00000005960464,-33.0000005804817));
#2663=CARTESIAN_POINT('',(-26.,4.00000005960464,-33.5000001639128));
#2664=CARTESIAN_POINT('',(-23.5,4.00000005960464,-33.0000005811453));
#2665=CARTESIAN_POINT('Origin',(-21.,7.00000010430813,-33.0000005811453));
#2666=CARTESIAN_POINT('',(-26.,7.00000010430813,-33.0000005811453));
#2667=CARTESIAN_POINT('',(-26.,-7.00000010430813,-33.0000005811453));
#2668=CARTESIAN_POINT('',(-21.,7.00000010430813,-33.0000005811453));
#2669=CARTESIAN_POINT('',(-21.,7.00000010430813,-33.0000005811453));
#2670=CARTESIAN_POINT('',(-21.,-7.00000010430813,-33.0000005811453));
#2671=CARTESIAN_POINT('',(-21.,-6.99999994784594,-33.0000005811453));
#2672=CARTESIAN_POINT('',(-26.,-7.00000010430813,-33.0000005811453));
#2673=CARTESIAN_POINT('',(-21.,-7.00000010430813,-33.0000005811453));
#2674=CARTESIAN_POINT('',(-26.,-7.00000010430813,-33.0000005811453));
#2675=CARTESIAN_POINT('Origin',(0.,0.,-32.));
#2676=CARTESIAN_POINT('',(-26.,-8.00000011920929,-32.0000002827357));
#2677=CARTESIAN_POINT('',(-26.,-16.,-32.));
#2678=CARTESIAN_POINT('',(-21.,-8.00000011920929,-32.0000002827357));
#2679=CARTESIAN_POINT('',(-21.,-8.00000011920929,-32.0000005662441));
#2680=CARTESIAN_POINT('',(-21.,-16.,-32.));
#2681=CARTESIAN_POINT('',(-21.,21.,-32.));
#2682=CARTESIAN_POINT('',(-16.,-21.,-32.));
#2683=CARTESIAN_POINT('Origin',(-16.,-16.,-32.));
#2684=CARTESIAN_POINT('',(16.,-21.,-32.));
#2685=CARTESIAN_POINT('',(-21.,-21.,-32.));
#2686=CARTESIAN_POINT('',(21.,-16.,-32.));
#2687=CARTESIAN_POINT('Origin',(16.,-16.,-32.));
#2688=CARTESIAN_POINT('',(21.,16.,-32.));
#2689=CARTESIAN_POINT('',(21.,-21.,-32.));
#2690=CARTESIAN_POINT('',(16.,21.,-32.));
#2691=CARTESIAN_POINT('Origin',(16.,16.,-32.));
#2692=CARTESIAN_POINT('',(-16.,21.,-32.));
#2693=CARTESIAN_POINT('',(21.,21.,-32.));
#2694=CARTESIAN_POINT('',(-21.,16.,-32.));
#2695=CARTESIAN_POINT('Origin',(-16.,16.,-32.));
#2696=CARTESIAN_POINT('',(-21.,8.00000011920929,-32.0000002827357));
#2697=CARTESIAN_POINT('',(-21.,21.,-32.));
#2698=CARTESIAN_POINT('',(-26.,8.00000011920929,-32.0000002827357));
#2699=CARTESIAN_POINT('',(-21.,8.00000011920929,-32.0000005662441));
#2700=CARTESIAN_POINT('',(-26.,-16.,-32.));
#2701=CARTESIAN_POINT('',(14.1,-15.6,-32.));
#2702=CARTESIAN_POINT('Origin',(15.6,-15.6,-32.));
#2703=CARTESIAN_POINT('',(-17.1,15.6,-32.));
#2704=CARTESIAN_POINT('Origin',(-15.6,15.6,-32.));
#2705=CARTESIAN_POINT('',(-17.1,-15.6,-32.));
#2706=CARTESIAN_POINT('Origin',(-15.6,-15.6,-32.));
#2707=CARTESIAN_POINT('',(14.1,15.6,-32.));
#2708=CARTESIAN_POINT('Origin',(15.6,15.6,-32.));
#2709=CARTESIAN_POINT('',(-4.6,5.63337527607783E-16,-32.));
#2710=CARTESIAN_POINT('Origin',(0.,0.,-32.));
#2711=CARTESIAN_POINT('',(-23.0000003427267,-5.50000008195639,-32.));
#2712=CARTESIAN_POINT('',(-23.0000003427267,-6.50000009685755,-32.));
#2713=CARTESIAN_POINT('',(-23.0000003427267,-2.75000004097819,-32.));
#2714=CARTESIAN_POINT('',(-25.000000372529,-6.50000009685755,-32.));
#2715=CARTESIAN_POINT('',(-11.5000001713634,-6.50000009685755,-32.));
#2716=CARTESIAN_POINT('',(-25.000000372529,-5.50000008195639,-32.));
#2717=CARTESIAN_POINT('',(-25.000000372529,-3.25000004842877,-32.));
#2718=CARTESIAN_POINT('',(-12.5000001862645,-5.50000008195639,-32.));
#2719=CARTESIAN_POINT('',(-23.0000003427267,6.50000009685755,-32.));
#2720=CARTESIAN_POINT('',(-23.0000003427267,5.50000008195639,-32.));
#2721=CARTESIAN_POINT('',(-23.0000003427267,3.25000004842877,-32.));
#2722=CARTESIAN_POINT('',(-25.000000372529,5.50000008195639,-32.));
#2723=CARTESIAN_POINT('',(-11.5000001713634,5.50000008195639,-32.));
#2724=CARTESIAN_POINT('',(-25.000000372529,6.50000009685755,-32.));
#2725=CARTESIAN_POINT('',(-25.000000372529,2.75000004097819,-32.));
#2726=CARTESIAN_POINT('',(-12.5000001862645,6.50000009685755,-32.));
#2727=CARTESIAN_POINT('Origin',(-23.0000003427267,6.50000009685755,-32.));
#2728=CARTESIAN_POINT('',(-23.0000003427267,6.50000009685755,-32.5));
#2729=CARTESIAN_POINT('',(-23.0000003427267,6.50000009685755,-32.));
#2730=CARTESIAN_POINT('',(-23.0000003427267,5.50000008195639,-32.5));
#2731=CARTESIAN_POINT('',(-23.0000003427267,6.50000009685755,-32.5));
#2732=CARTESIAN_POINT('',(-23.0000003427267,5.50000008195639,-32.));
#2733=CARTESIAN_POINT('Origin',(-25.000000372529,6.50000009685755,-32.));
#2734=CARTESIAN_POINT('',(-25.000000372529,6.50000009685755,-32.5));
#2735=CARTESIAN_POINT('',(-25.000000372529,6.50000009685755,-32.));
#2736=CARTESIAN_POINT('',(-25.000000372529,6.50000009685755,-32.5));
#2737=CARTESIAN_POINT('Origin',(-25.000000372529,5.50000008195639,-32.));
#2738=CARTESIAN_POINT('',(-25.000000372529,5.50000008195639,-32.5));
#2739=CARTESIAN_POINT('',(-25.000000372529,5.50000008195639,-32.));
#2740=CARTESIAN_POINT('',(-25.000000372529,5.50000008195639,-32.5));
#2741=CARTESIAN_POINT('Origin',(-23.0000003427267,5.50000008195639,-32.));
#2742=CARTESIAN_POINT('',(-23.0000003427267,5.50000008195639,-32.5));
#2743=CARTESIAN_POINT('Origin',(-24.0000003576279,6.00000008940697,-32.5));
#2744=CARTESIAN_POINT('Origin',(-23.0000003427267,-5.50000008195639,-32.));
#2745=CARTESIAN_POINT('',(-23.0000003427267,-5.50000008195639,-32.5));
#2746=CARTESIAN_POINT('',(-23.0000003427267,-5.50000008195639,-32.));
#2747=CARTESIAN_POINT('',(-23.0000003427267,-6.50000009685755,-32.5));
#2748=CARTESIAN_POINT('',(-23.0000003427267,-5.50000008195639,-32.5));
#2749=CARTESIAN_POINT('',(-23.0000003427267,-6.50000009685755,-32.));
#2750=CARTESIAN_POINT('Origin',(-25.000000372529,-5.50000008195639,-32.));
#2751=CARTESIAN_POINT('',(-25.000000372529,-5.50000008195639,-32.5));
#2752=CARTESIAN_POINT('',(-25.000000372529,-5.50000008195639,-32.));
#2753=CARTESIAN_POINT('',(-25.000000372529,-5.50000008195639,-32.5));
#2754=CARTESIAN_POINT('Origin',(-25.000000372529,-6.50000009685755,-32.));
#2755=CARTESIAN_POINT('',(-25.000000372529,-6.50000009685755,-32.5));
#2756=CARTESIAN_POINT('',(-25.000000372529,-6.50000009685755,-32.));
#2757=CARTESIAN_POINT('',(-25.000000372529,-6.50000009685755,-32.5));
#2758=CARTESIAN_POINT('Origin',(-23.0000003427267,-6.50000009685755,-32.));
#2759=CARTESIAN_POINT('',(-23.0000003427267,-6.50000009685755,-32.5));
#2760=CARTESIAN_POINT('Origin',(-24.0000003576279,-6.00000008940697,-32.5));
#2761=CARTESIAN_POINT('Origin',(-26.,-5.00000007450581,-35.0000006109476));
#2762=CARTESIAN_POINT('',(-26.,-4.75000007450581,-35.0000006109476));
#2763=CARTESIAN_POINT('Origin',(-26.,-5.00000007450581,-35.0000006109476));
#2764=CARTESIAN_POINT('Origin',(-26.,3.00000004470348,-35.0000006109476));
#2765=CARTESIAN_POINT('',(-26.,3.25000004470348,-35.0000006109476));
#2766=CARTESIAN_POINT('Origin',(-26.,3.00000004470348,-35.0000006109476));
#2767=CARTESIAN_POINT('Origin',(-26.,5.00000007450581,-35.0000006109476));
#2768=CARTESIAN_POINT('',(-26.,5.25000007450581,-35.0000006109476));
#2769=CARTESIAN_POINT('Origin',(-26.,5.00000007450581,-35.0000006109476));
#2770=CARTESIAN_POINT('Origin',(-26.,-3.00000004470348,-35.0000006109476));
#2771=CARTESIAN_POINT('',(-26.,-2.75000004470348,-35.0000006109476));
#2772=CARTESIAN_POINT('Origin',(-26.,-3.00000004470348,-35.0000006109476));
#2773=CARTESIAN_POINT('Origin',(-26.,1.00000001490116,-35.0000006109476));
#2774=CARTESIAN_POINT('',(-26.,1.25000001490116,-35.0000006109476));
#2775=CARTESIAN_POINT('Origin',(-26.,1.00000001490116,-35.0000006109476));
#2776=CARTESIAN_POINT('Origin',(-21.,8.00000011920929,-38.0000006556511));
#2777=CARTESIAN_POINT('',(-25.,-8.00000011920929,-38.0000006556511));
#2778=CARTESIAN_POINT('',(-25.,8.00000011920929,-38.0000006556511));
#2779=CARTESIAN_POINT('',(-25.,4.52749015585088E-16,-38.0000006556511));
#2780=CARTESIAN_POINT('',(-26.,-8.00000011920929,-38.0000006556511));
#2781=CARTESIAN_POINT('',(-21.,-8.00000011920929,-38.0000006556511));
#2782=CARTESIAN_POINT('',(-26.,8.00000011920929,-38.0000006556511));
#2783=CARTESIAN_POINT('',(-26.,4.52749015585088E-16,-38.0000006556511));
#2784=CARTESIAN_POINT('',(-21.,8.00000011920929,-38.0000006556511));
#2785=CARTESIAN_POINT('Origin',(-21.,7.00000010430813,-37.0000006407499));
#2786=CARTESIAN_POINT('',(-21.,7.00000010430813,-37.0000006407499));
#2787=CARTESIAN_POINT('',(-21.,7.00000010430813,-34.500000320375));
#2788=CARTESIAN_POINT('',(-26.,7.00000010430813,-37.0000006407499));
#2789=CARTESIAN_POINT('',(-26.,7.00000010430813,-33.0000005811453));
#2790=CARTESIAN_POINT('',(-21.,7.00000010430813,-37.0000006407499));
#2791=CARTESIAN_POINT('Origin',(-21.,-7.00000010430813,-37.0000006407499));
#2792=CARTESIAN_POINT('',(-21.,-7.00000010430813,-37.0000006407499));
#2793=CARTESIAN_POINT('',(-21.,-14.0000000521541,-37.0000006407499));
#2794=CARTESIAN_POINT('',(-26.,-7.00000010430813,-37.0000006407499));
#2795=CARTESIAN_POINT('',(-26.,7.00000010430813,-37.0000006407499));
#2796=CARTESIAN_POINT('',(-21.,-7.00000010430813,-37.0000006407499));
#2797=CARTESIAN_POINT('Origin',(-21.,-7.00000010430813,-33.0000005811453));
#2798=CARTESIAN_POINT('',(-21.,-7.00000010430813,-32.5000002905726));
#2799=CARTESIAN_POINT('',(-26.,-7.00000010430813,-37.0000006407499));
#2800=CARTESIAN_POINT('Origin',(-26.,2.22044604925031E-15,-35.0000003278255));
#2801=CARTESIAN_POINT('',(-26.,8.00000011920929,-37.5283132547158));
#2802=CARTESIAN_POINT('',(-26.,-8.00000011920929,-38.0000006556511));
#2803=CARTESIAN_POINT('Origin',(-21.,-21.,-32.));
#2804=CARTESIAN_POINT('',(-21.,-8.00000011920929,-41.));
#2805=CARTESIAN_POINT('',(-21.,-8.00000011920929,-36.5));
#2806=CARTESIAN_POINT('',(-21.,-16.,-41.));
#2807=CARTESIAN_POINT('',(-21.,21.,-41.));
#2808=CARTESIAN_POINT('',(-21.,-16.,-32.));
#2809=CARTESIAN_POINT('Origin',(-21.,-21.,-32.));
#2810=CARTESIAN_POINT('',(-21.,5.25000007450581,-35.0000006109476));
#2811=CARTESIAN_POINT('Origin',(-21.,5.00000007450581,-35.0000006109476));
#2812=CARTESIAN_POINT('',(-21.,-2.75000004470348,-35.0000006109476));
#2813=CARTESIAN_POINT('Origin',(-21.,-3.00000004470348,-35.0000006109476));
#2814=CARTESIAN_POINT('',(-21.,-0.750000014901161,-35.0000006109476));
#2815=CARTESIAN_POINT('Origin',(-21.,-1.00000001490116,-35.0000006109476));
#2816=CARTESIAN_POINT('',(-21.,3.25000004470348,-35.0000006109476));
#2817=CARTESIAN_POINT('Origin',(-21.,3.00000004470348,-35.0000006109476));
#2818=CARTESIAN_POINT('',(-21.,-4.75000007450581,-35.0000006109476));
#2819=CARTESIAN_POINT('Origin',(-21.,-5.00000007450581,-35.0000006109476));
#2820=CARTESIAN_POINT('',(-21.,1.25000001490116,-35.0000006109476));
#2821=CARTESIAN_POINT('Origin',(-21.,1.00000001490116,-35.0000006109476));
#2822=CARTESIAN_POINT('Origin',(-26.,-1.00000001490116,-35.0000006109476));
#2823=CARTESIAN_POINT('',(-26.,-0.750000014901161,-35.0000006109476));
#2824=CARTESIAN_POINT('Origin',(-26.,-1.00000001490116,-35.0000006109476));
#2825=CARTESIAN_POINT('Origin',(-21.,-8.00000011920929,-41.));
#2826=CARTESIAN_POINT('',(-25.,-8.00000011920929,-41.));
#2827=CARTESIAN_POINT('',(-25.,-8.00000011920929,-38.0000006556511));
#2828=CARTESIAN_POINT('',(-21.,-8.00000011920929,-41.));
#2829=CARTESIAN_POINT('Origin',(-21.,8.00000011920929,-38.0000006556511));
#2830=CARTESIAN_POINT('',(-21.,8.00000011920929,-41.));
#2831=CARTESIAN_POINT('',(-21.,8.00000011920929,-35.0000003278256));
#2832=CARTESIAN_POINT('',(-25.,8.00000011920929,-41.));
#2833=CARTESIAN_POINT('',(-21.,8.00000011920929,-41.));
#2834=CARTESIAN_POINT('',(-25.,8.00000011920929,-38.0000006556511));
#2835=CARTESIAN_POINT('Origin',(-25.,1.11022302462516E-15,-39.5000003278256));
#2836=CARTESIAN_POINT('',(-25.,16.,-41.));
#2837=CARTESIAN_POINT('Origin',(-21.,-21.,-32.));
#2838=CARTESIAN_POINT('',(-21.,16.,-41.));
#2839=CARTESIAN_POINT('',(-21.,16.,-32.));
#2840=CARTESIAN_POINT('',(-21.,21.,-41.));
#2841=CARTESIAN_POINT('Origin',(-21.,5.00000007450581,-35.0000006109476));
#2842=CARTESIAN_POINT('',(-21.,5.25000007450581,-35.0000006109476));
#2843=CARTESIAN_POINT('Origin',(-21.,-3.00000004470348,-35.0000006109476));
#2844=CARTESIAN_POINT('',(-21.,-2.75000004470348,-35.0000006109476));
#2845=CARTESIAN_POINT('Origin',(-21.,-1.00000001490116,-35.0000006109476));
#2846=CARTESIAN_POINT('',(-21.,-0.75000001490116,-35.0000006109476));
#2847=CARTESIAN_POINT('Origin',(-21.,3.00000004470348,-35.0000006109476));
#2848=CARTESIAN_POINT('',(-21.,3.25000004470348,-35.0000006109476));
#2849=CARTESIAN_POINT('Origin',(-21.,-5.00000007450581,-35.0000006109476));
#2850=CARTESIAN_POINT('',(-21.,-4.75000007450581,-35.0000006109476));
#2851=CARTESIAN_POINT('Origin',(-21.,1.00000001490116,-35.0000006109476));
#2852=CARTESIAN_POINT('',(-21.,1.25000001490116,-35.0000006109476));
#2853=CARTESIAN_POINT('Origin',(-16.,16.,-32.));
#2854=CARTESIAN_POINT('',(-16.,21.,-41.));
#2855=CARTESIAN_POINT('Origin',(-16.,16.,-41.));
#2856=CARTESIAN_POINT('',(-16.,21.,-32.));
#2857=CARTESIAN_POINT('Origin',(-21.,21.,-32.));
#2858=CARTESIAN_POINT('',(16.,21.,-41.));
#2859=CARTESIAN_POINT('',(16.,21.,-32.));
#2860=CARTESIAN_POINT('',(21.,21.,-41.));
#2861=CARTESIAN_POINT('Origin',(-16.,-16.,-32.));
#2862=CARTESIAN_POINT('',(-16.,-21.,-41.));
#2863=CARTESIAN_POINT('Origin',(-16.,-16.,-41.));
#2864=CARTESIAN_POINT('',(-16.,-21.,-32.));
#2865=CARTESIAN_POINT('Origin',(21.,-21.,-32.));
#2866=CARTESIAN_POINT('',(16.,-21.,-41.));
#2867=CARTESIAN_POINT('',(-21.,-21.,-41.));
#2868=CARTESIAN_POINT('',(16.,-21.,-32.));
#2869=CARTESIAN_POINT('Origin',(16.,-16.,-32.));
#2870=CARTESIAN_POINT('',(21.,-16.,-41.));
#2871=CARTESIAN_POINT('Origin',(16.,-16.,-41.));
#2872=CARTESIAN_POINT('',(21.,-16.,-32.));
#2873=CARTESIAN_POINT('Origin',(16.,16.,-32.));
#2874=CARTESIAN_POINT('',(21.,16.,-41.));
#2875=CARTESIAN_POINT('Origin',(16.,16.,-41.));
#2876=CARTESIAN_POINT('',(21.,16.,-32.));
#2877=CARTESIAN_POINT('Origin',(15.6,-15.6,-32.));
#2878=CARTESIAN_POINT('',(14.1,-15.6,-32.));
#2879=CARTESIAN_POINT('Origin',(-15.6,15.6,-32.));
#2880=CARTESIAN_POINT('',(-17.1,15.6,-32.));
#2881=CARTESIAN_POINT('Origin',(-15.6,-15.6,-32.));
#2882=CARTESIAN_POINT('',(-17.1,-15.6,-32.));
#2883=CARTESIAN_POINT('Origin',(15.6,15.6,-32.));
#2884=CARTESIAN_POINT('',(14.1,15.6,-32.));
#2885=CARTESIAN_POINT('Origin',(0.,0.,-32.));
#2886=CARTESIAN_POINT('',(-4.6,5.63337527607783E-16,-41.));
#2887=CARTESIAN_POINT('',(-4.6,5.63337527607783E-16,-32.));
#2888=CARTESIAN_POINT('Origin',(0.,0.,-41.));
#2889=CARTESIAN_POINT('Origin',(21.,21.,-32.));
#2890=CARTESIAN_POINT('',(21.,-21.,-41.));
#2891=CARTESIAN_POINT('Origin',(0.,0.,-41.));
#2892=CARTESIAN_POINT('',(0.,0.,0.));
#2893=CARTESIAN_POINT('Origin',(0.,0.,-34.2));
#2894=CARTESIAN_POINT('',(-4.6,-5.63337527607783E-16,-34.2));
#2895=CARTESIAN_POINT('Origin',(0.,0.,-34.2));
#2896=CARTESIAN_POINT('',(-2.5,3.06161699786838E-16,-34.2));
#2897=CARTESIAN_POINT('Origin',(0.,0.,-34.2));
#2898=CARTESIAN_POINT('Origin',(-21.,-21.,6.));
#2899=CARTESIAN_POINT('',(-21.,-16.0502525316942,-2.));
#2900=CARTESIAN_POINT('',(-21.,16.0502525316942,-2.));
#2901=CARTESIAN_POINT('',(-21.,21.,-2.));
#2902=CARTESIAN_POINT('',(-21.,-16.0502525316942,5.8));
#2903=CARTESIAN_POINT('',(-21.,-16.0502525316942,5.80000000000001));
#2904=CARTESIAN_POINT('',(-21.,16.0502525316942,5.8));
#2905=CARTESIAN_POINT('',(-21.,-10.5,5.8));
#2906=CARTESIAN_POINT('',(-21.,16.0502525316942,-2.));
#2907=CARTESIAN_POINT('Origin',(21.,-21.,6.));
#2908=CARTESIAN_POINT('',(16.0502525316942,-21.,-2.));
#2909=CARTESIAN_POINT('',(-16.0502525316942,-21.,-2.));
#2910=CARTESIAN_POINT('',(-21.,-21.,-2.));
#2911=CARTESIAN_POINT('',(16.0502525316942,-21.,5.8));
#2912=CARTESIAN_POINT('',(16.0502525316942,-21.,5.80000000000001));
#2913=CARTESIAN_POINT('',(-16.0502525316942,-21.,5.8));
#2914=CARTESIAN_POINT('',(10.5,-21.,5.8));
#2915=CARTESIAN_POINT('',(-16.0502525316942,-21.,-2.));
#2916=CARTESIAN_POINT('Origin',(0.,0.,-2.));
#2917=CARTESIAN_POINT('',(-16.0502525316942,21.,-2.));
#2918=CARTESIAN_POINT('Ctrl Pts',(-16.0502525316942,21.,-2.));
#2919=CARTESIAN_POINT('Ctrl Pts',(-16.7169191983608,21.,-2.));
#2920=CARTESIAN_POINT('Ctrl Pts',(-17.8088391141723,20.7863841334686,-2.));
#2921=CARTESIAN_POINT('Ctrl Pts',(-19.4751438879191,19.7759052300401,-2.));
#2922=CARTESIAN_POINT('Ctrl Pts',(-20.7210542414856,18.1792830522874,-2.));
#2923=CARTESIAN_POINT('Ctrl Pts',(-21.,16.7169191983608,-2.));
#2924=CARTESIAN_POINT('Ctrl Pts',(-21.,16.0502525316942,-2.));
#2925=CARTESIAN_POINT('',(16.0502525316942,21.,-2.));
#2926=CARTESIAN_POINT('',(21.,21.,-2.));
#2927=CARTESIAN_POINT('',(21.,16.0502525316942,-2.));
#2928=CARTESIAN_POINT('Ctrl Pts',(21.,16.0502525316942,-2.));
#2929=CARTESIAN_POINT('Ctrl Pts',(21.,16.7169191983608,-2.));
#2930=CARTESIAN_POINT('Ctrl Pts',(20.7863841334686,17.8088391141723,-2.));
#2931=CARTESIAN_POINT('Ctrl Pts',(19.7759052300401,19.4751438879191,-2.));
#2932=CARTESIAN_POINT('Ctrl Pts',(18.1792830522874,20.7210542414856,-2.));
#2933=CARTESIAN_POINT('Ctrl Pts',(16.7169191983608,21.,-2.));
#2934=CARTESIAN_POINT('Ctrl Pts',(16.0502525316942,21.,-2.));
#2935=CARTESIAN_POINT('',(21.,-16.0502525316942,-2.));
#2936=CARTESIAN_POINT('',(21.,-15.6,-2.));
#2937=CARTESIAN_POINT('Ctrl Pts',(16.0502525316942,-21.,-2.));
#2938=CARTESIAN_POINT('Ctrl Pts',(16.7169191983608,-21.,-2.));
#2939=CARTESIAN_POINT('Ctrl Pts',(17.8088391141723,-20.7863841334686,-2.));
#2940=CARTESIAN_POINT('Ctrl Pts',(19.4751438879191,-19.7759052300401,-2.));
#2941=CARTESIAN_POINT('Ctrl Pts',(20.7210542414856,-18.1792830522874,-2.));
#2942=CARTESIAN_POINT('Ctrl Pts',(21.,-16.7169191983608,-2.));
#2943=CARTESIAN_POINT('Ctrl Pts',(21.,-16.0502525316942,-2.));
#2944=CARTESIAN_POINT('Ctrl Pts',(-21.,-16.0502525316942,-2.));
#2945=CARTESIAN_POINT('Ctrl Pts',(-21.,-16.7169191983608,-2.));
#2946=CARTESIAN_POINT('Ctrl Pts',(-20.7863841334686,-17.8088391141723,-2.));
#2947=CARTESIAN_POINT('Ctrl Pts',(-19.7759052300401,-19.4751438879191,-2.));
#2948=CARTESIAN_POINT('Ctrl Pts',(-18.1792830522874,-20.7210542414856,-2.));
#2949=CARTESIAN_POINT('Ctrl Pts',(-16.7169191983608,-21.,-2.));
#2950=CARTESIAN_POINT('Ctrl Pts',(-16.0502525316942,-21.,-2.));
#2951=CARTESIAN_POINT('',(-17.1,15.6,-2.));
#2952=CARTESIAN_POINT('Origin',(-15.6,15.6,-2.));
#2953=CARTESIAN_POINT('',(14.1,-15.6,-2.));
#2954=CARTESIAN_POINT('Origin',(15.6,-15.6,-2.));
#2955=CARTESIAN_POINT('',(-17.1,-15.6,-2.));
#2956=CARTESIAN_POINT('Origin',(-15.6,-15.6,-2.));
#2957=CARTESIAN_POINT('',(14.1,15.6,-2.));
#2958=CARTESIAN_POINT('Origin',(15.6,15.6,-2.));
#2959=CARTESIAN_POINT('',(-4.6,5.63337527607783E-16,-2.));
#2960=CARTESIAN_POINT('Origin',(0.,0.,-2.));
#2961=CARTESIAN_POINT('Origin',(0.,0.,2.));
#2962=CARTESIAN_POINT('',(-4.6,5.63337527607783E-16,2.));
#2963=CARTESIAN_POINT('Ctrl Pts',(16.0502525316942,21.,5.80000000000001));
#2964=CARTESIAN_POINT('Ctrl Pts',(16.0502525316942,21.,-5.432));
#2965=CARTESIAN_POINT('Ctrl Pts',(16.7169191983608,21.,5.80000000000001));
#2966=CARTESIAN_POINT('Ctrl Pts',(16.7169191983608,21.,-5.432));
#2967=CARTESIAN_POINT('Ctrl Pts',(18.1792830522875,20.7210542414856,5.80000000000001));
#2968=CARTESIAN_POINT('Ctrl Pts',(18.1792830522875,20.7210542414856,-5.432));
#2969=CARTESIAN_POINT('Ctrl Pts',(19.77590523004,19.4751438879191,5.80000000000001));
#2970=CARTESIAN_POINT('Ctrl Pts',(19.77590523004,19.4751438879191,-5.432));
#2971=CARTESIAN_POINT('Ctrl Pts',(20.7863841334686,17.8088391141722,5.80000000000001));
#2972=CARTESIAN_POINT('Ctrl Pts',(20.7863841334686,17.8088391141722,-5.432));
#2973=CARTESIAN_POINT('Ctrl Pts',(21.,16.7169191983608,5.80000000000001));
#2974=CARTESIAN_POINT('Ctrl Pts',(21.,16.7169191983608,-5.432));
#2975=CARTESIAN_POINT('Ctrl Pts',(21.,16.0502525316942,5.80000000000001));
#2976=CARTESIAN_POINT('Ctrl Pts',(21.,16.0502525316942,-5.432));
#2977=CARTESIAN_POINT('',(16.0502525316942,21.,5.8));
#2978=CARTESIAN_POINT('',(16.0502525316942,21.,-2.));
#2979=CARTESIAN_POINT('',(21.,16.0502525316942,5.8));
#2980=CARTESIAN_POINT('Ctrl Pts',(21.,16.0502525316942,5.8));
#2981=CARTESIAN_POINT('Ctrl Pts',(21.,16.7169191983608,5.8));
#2982=CARTESIAN_POINT('Ctrl Pts',(20.7863841334686,17.8088391141723,5.8));
#2983=CARTESIAN_POINT('Ctrl Pts',(19.7759052300401,19.4751438879191,5.8));
#2984=CARTESIAN_POINT('Ctrl Pts',(18.1792830522874,20.7210542414856,5.8));
#2985=CARTESIAN_POINT('Ctrl Pts',(16.7169191983608,21.,5.8));
#2986=CARTESIAN_POINT('Ctrl Pts',(16.0502525316942,21.,5.8));
#2987=CARTESIAN_POINT('',(21.,16.0502525316942,5.80000000000001));
#2988=CARTESIAN_POINT('Origin',(21.,21.,6.));
#2989=CARTESIAN_POINT('',(21.,-16.0502525316942,5.8));
#2990=CARTESIAN_POINT('',(21.,10.5,5.8));
#2991=CARTESIAN_POINT('',(21.,-16.0502525316942,-2.));
#2992=CARTESIAN_POINT('Ctrl Pts',(21.,-16.0502525316942,5.80000000000001));
#2993=CARTESIAN_POINT('Ctrl Pts',(21.,-16.0502525316942,-5.432));
#2994=CARTESIAN_POINT('Ctrl Pts',(21.,-16.7169191983608,5.80000000000001));
#2995=CARTESIAN_POINT('Ctrl Pts',(21.,-16.7169191983608,-5.432));
#2996=CARTESIAN_POINT('Ctrl Pts',(20.7210542414856,-18.1792830522875,5.80000000000001));
#2997=CARTESIAN_POINT('Ctrl Pts',(20.7210542414856,-18.1792830522875,-5.432));
#2998=CARTESIAN_POINT('Ctrl Pts',(19.4751438879191,-19.77590523004,5.80000000000001));
#2999=CARTESIAN_POINT('Ctrl Pts',(19.4751438879191,-19.77590523004,-5.432));
#3000=CARTESIAN_POINT('Ctrl Pts',(17.8088391141722,-20.7863841334686,5.80000000000001));
#3001=CARTESIAN_POINT('Ctrl Pts',(17.8088391141722,-20.7863841334686,-5.432));
#3002=CARTESIAN_POINT('Ctrl Pts',(16.7169191983608,-21.,5.80000000000001));
#3003=CARTESIAN_POINT('Ctrl Pts',(16.7169191983608,-21.,-5.432));
#3004=CARTESIAN_POINT('Ctrl Pts',(16.0502525316942,-21.,5.80000000000001));
#3005=CARTESIAN_POINT('Ctrl Pts',(16.0502525316942,-21.,-5.432));
#3006=CARTESIAN_POINT('Ctrl Pts',(16.0502525316942,-21.,5.8));
#3007=CARTESIAN_POINT('Ctrl Pts',(16.7169191983608,-21.,5.8));
#3008=CARTESIAN_POINT('Ctrl Pts',(17.8088391141723,-20.7863841334686,5.8));
#3009=CARTESIAN_POINT('Ctrl Pts',(19.4751438879191,-19.7759052300401,5.8));
#3010=CARTESIAN_POINT('Ctrl Pts',(20.7210542414856,-18.1792830522874,5.8));
#3011=CARTESIAN_POINT('Ctrl Pts',(21.,-16.7169191983608,5.8));
#3012=CARTESIAN_POINT('Ctrl Pts',(21.,-16.0502525316942,5.8));
#3013=CARTESIAN_POINT('Ctrl Pts',(-21.,16.0502525316942,5.80000000000001));
#3014=CARTESIAN_POINT('Ctrl Pts',(-21.,16.0502525316942,-5.432));
#3015=CARTESIAN_POINT('Ctrl Pts',(-21.,16.7169191983608,5.80000000000001));
#3016=CARTESIAN_POINT('Ctrl Pts',(-21.,16.7169191983608,-5.432));
#3017=CARTESIAN_POINT('Ctrl Pts',(-20.7210542414856,18.1792830522875,5.80000000000001));
#3018=CARTESIAN_POINT('Ctrl Pts',(-20.7210542414856,18.1792830522875,-5.432));
#3019=CARTESIAN_POINT('Ctrl Pts',(-19.4751438879191,19.77590523004,5.80000000000001));
#3020=CARTESIAN_POINT('Ctrl Pts',(-19.4751438879191,19.77590523004,-5.432));
#3021=CARTESIAN_POINT('Ctrl Pts',(-17.8088391141722,20.7863841334686,5.80000000000001));
#3022=CARTESIAN_POINT('Ctrl Pts',(-17.8088391141722,20.7863841334686,-5.432));
#3023=CARTESIAN_POINT('Ctrl Pts',(-16.7169191983608,21.,5.80000000000001));
#3024=CARTESIAN_POINT('Ctrl Pts',(-16.7169191983608,21.,-5.432));
#3025=CARTESIAN_POINT('Ctrl Pts',(-16.0502525316942,21.,5.80000000000001));
#3026=CARTESIAN_POINT('Ctrl Pts',(-16.0502525316942,21.,-5.432));
#3027=CARTESIAN_POINT('',(-16.0502525316942,21.,5.8));
#3028=CARTESIAN_POINT('Ctrl Pts',(-16.0502525316942,21.,5.8));
#3029=CARTESIAN_POINT('Ctrl Pts',(-16.7169191983608,21.,5.8));
#3030=CARTESIAN_POINT('Ctrl Pts',(-17.8088391141723,20.7863841334686,5.8));
#3031=CARTESIAN_POINT('Ctrl Pts',(-19.4751438879191,19.7759052300401,5.8));
#3032=CARTESIAN_POINT('Ctrl Pts',(-20.7210542414856,18.1792830522874,5.8));
#3033=CARTESIAN_POINT('Ctrl Pts',(-21.,16.7169191983608,5.8));
#3034=CARTESIAN_POINT('Ctrl Pts',(-21.,16.0502525316942,5.8));
#3035=CARTESIAN_POINT('',(-16.0502525316942,21.,5.80000000000001));
#3036=CARTESIAN_POINT('Ctrl Pts',(-16.0502525316942,-21.,5.80000000000001));
#3037=CARTESIAN_POINT('Ctrl Pts',(-16.0502525316942,-21.,-5.432));
#3038=CARTESIAN_POINT('Ctrl Pts',(-16.7169191983608,-21.,5.80000000000001));
#3039=CARTESIAN_POINT('Ctrl Pts',(-16.7169191983608,-21.,-5.432));
#3040=CARTESIAN_POINT('Ctrl Pts',(-18.1792830522875,-20.7210542414856,5.80000000000001));
#3041=CARTESIAN_POINT('Ctrl Pts',(-18.1792830522875,-20.7210542414856,-5.432));
#3042=CARTESIAN_POINT('Ctrl Pts',(-19.77590523004,-19.4751438879191,5.80000000000001));
#3043=CARTESIAN_POINT('Ctrl Pts',(-19.77590523004,-19.4751438879191,-5.432));
#3044=CARTESIAN_POINT('Ctrl Pts',(-20.7863841334686,-17.8088391141722,5.80000000000001));
#3045=CARTESIAN_POINT('Ctrl Pts',(-20.7863841334686,-17.8088391141722,-5.432));
#3046=CARTESIAN_POINT('Ctrl Pts',(-21.,-16.7169191983608,5.80000000000001));
#3047=CARTESIAN_POINT('Ctrl Pts',(-21.,-16.7169191983608,-5.432));
#3048=CARTESIAN_POINT('Ctrl Pts',(-21.,-16.0502525316942,5.80000000000001));
#3049=CARTESIAN_POINT('Ctrl Pts',(-21.,-16.0502525316942,-5.432));
#3050=CARTESIAN_POINT('Ctrl Pts',(-21.,-16.0502525316942,5.8));
#3051=CARTESIAN_POINT('Ctrl Pts',(-21.,-16.7169191983608,5.8));
#3052=CARTESIAN_POINT('Ctrl Pts',(-20.7863841334686,-17.8088391141723,5.8));
#3053=CARTESIAN_POINT('Ctrl Pts',(-19.7759052300401,-19.4751438879191,5.8));
#3054=CARTESIAN_POINT('Ctrl Pts',(-18.1792830522874,-20.7210542414856,5.8));
#3055=CARTESIAN_POINT('Ctrl Pts',(-16.7169191983608,-21.,5.8));
#3056=CARTESIAN_POINT('Ctrl Pts',(-16.0502525316942,-21.,5.8));
#3057=CARTESIAN_POINT('Origin',(0.,0.,6.));
#3058=CARTESIAN_POINT('',(-2.5,-3.06161699786838E-16,6.));
#3059=CARTESIAN_POINT('Origin',(0.,0.,6.));
#3060=CARTESIAN_POINT('',(-2.5,3.06161699786838E-16,6.));
#3061=CARTESIAN_POINT('Origin',(0.,0.,6.));
#3062=CARTESIAN_POINT('',(-4.6,-5.63337527607783E-16,6.));
#3063=CARTESIAN_POINT('Origin',(0.,0.,6.));
#3064=CARTESIAN_POINT('Origin',(0.,0.,6.));
#3065=CARTESIAN_POINT('',(-11.,-1.34711147906209E-15,8.));
#3066=CARTESIAN_POINT('Origin',(0.,0.,8.));
#3067=CARTESIAN_POINT('',(-11.,-1.34711147906209E-15,5.8));
#3068=CARTESIAN_POINT('',(-11.,-1.34711147906209E-15,6.));
#3069=CARTESIAN_POINT('Origin',(0.,0.,5.8));
#3070=CARTESIAN_POINT('Origin',(0.,0.,8.));
#3071=CARTESIAN_POINT('',(-4.6,-5.63337527607783E-16,8.));
#3072=CARTESIAN_POINT('Origin',(0.,0.,8.));
#3073=CARTESIAN_POINT('Origin',(-15.6,15.6,6.));
#3074=CARTESIAN_POINT('',(-17.1,15.6,5.8));
#3075=CARTESIAN_POINT('Origin',(-15.6,15.6,5.8));
#3076=CARTESIAN_POINT('',(-17.1,15.6,6.));
#3077=CARTESIAN_POINT('Origin',(15.6,15.6,6.));
#3078=CARTESIAN_POINT('',(14.1,15.6,5.8));
#3079=CARTESIAN_POINT('Origin',(15.6,15.6,5.8));
#3080=CARTESIAN_POINT('',(14.1,15.6,6.));
#3081=CARTESIAN_POINT('Origin',(-15.6,-15.6,6.));
#3082=CARTESIAN_POINT('',(-17.1,-15.6,5.8));
#3083=CARTESIAN_POINT('Origin',(-15.6,-15.6,5.8));
#3084=CARTESIAN_POINT('',(-17.1,-15.6,6.));
#3085=CARTESIAN_POINT('Origin',(15.6,-15.6,6.));
#3086=CARTESIAN_POINT('',(14.1,-15.6,5.8));
#3087=CARTESIAN_POINT('Origin',(15.6,-15.6,5.8));
#3088=CARTESIAN_POINT('',(14.1,-15.6,6.));
#3089=CARTESIAN_POINT('Origin',(0.,0.,6.));
#3090=CARTESIAN_POINT('',(-4.6,5.63337527607783E-16,6.));
#3091=CARTESIAN_POINT('Origin',(-21.,21.,6.));
#3092=CARTESIAN_POINT('',(-10.5,21.,5.8));
#3093=CARTESIAN_POINT('Origin',(0.,0.,5.8));
#3094=CARTESIAN_POINT('',(0.,0.,-6.8));
#3095=CARTESIAN_POINT('',(0.,0.,0.));
#3096=CARTESIAN_POINT('',(0.,0.,0.));
#3097=CARTESIAN_POINT('',(0.,0.,-6.8));
#3098=CARTESIAN_POINT('Origin',(0.,0.,0.));
#3099=UNCERTAINTY_MEASURE_WITH_UNIT(LENGTH_MEASURE(0.01),#3111,
'DISTANCE_ACCURACY_VALUE',
'Maximum model space distance between geometric entities at asserted c
onnectivities');
#3100=UNCERTAINTY_MEASURE_WITH_UNIT(LENGTH_MEASURE(0.01),#3111,
'DISTANCE_ACCURACY_VALUE',
'Maximum model space distance between geometric entities at asserted c
onnectivities');
#3101=UNCERTAINTY_MEASURE_WITH_UNIT(LENGTH_MEASURE(0.01),#3111,
'DISTANCE_ACCURACY_VALUE',
'Maximum model space distance between geometric entities at asserted c
onnectivities');
#3102=UNCERTAINTY_MEASURE_WITH_UNIT(LENGTH_MEASURE(0.01),#3111,
'DISTANCE_ACCURACY_VALUE',
'Maximum model space distance between geometric entities at asserted c
onnectivities');
#3103=UNCERTAINTY_MEASURE_WITH_UNIT(LENGTH_MEASURE(0.01),#3111,
'DISTANCE_ACCURACY_VALUE',
'Maximum model space distance between geometric entities at asserted c
onnectivities');
#3104=UNCERTAINTY_MEASURE_WITH_UNIT(LENGTH_MEASURE(0.01),#3111,
'DISTANCE_ACCURACY_VALUE',
'Maximum model space distance between geometric entities at asserted c
onnectivities');
#3105=(
GEOMETRIC_REPRESENTATION_CONTEXT(3)
GLOBAL_UNCERTAINTY_ASSIGNED_CONTEXT((#3099))
GLOBAL_UNIT_ASSIGNED_CONTEXT((#3111,#3113,#3114))
REPRESENTATION_CONTEXT('','3D')
);
#3106=(
GEOMETRIC_REPRESENTATION_CONTEXT(3)
GLOBAL_UNCERTAINTY_ASSIGNED_CONTEXT((#3100))
GLOBAL_UNIT_ASSIGNED_CONTEXT((#3111,#3113,#3114))
REPRESENTATION_CONTEXT('','3D')
);
#3107=(
GEOMETRIC_REPRESENTATION_CONTEXT(3)
GLOBAL_UNCERTAINTY_ASSIGNED_CONTEXT((#3101))
GLOBAL_UNIT_ASSIGNED_CONTEXT((#3111,#3113,#3114))
REPRESENTATION_CONTEXT('','3D')
);
#3108=(
GEOMETRIC_REPRESENTATION_CONTEXT(3)
GLOBAL_UNCERTAINTY_ASSIGNED_CONTEXT((#3102))
GLOBAL_UNIT_ASSIGNED_CONTEXT((#3111,#3113,#3114))
REPRESENTATION_CONTEXT('','3D')
);
#3109=(
GEOMETRIC_REPRESENTATION_CONTEXT(3)
GLOBAL_UNCERTAINTY_ASSIGNED_CONTEXT((#3103))
GLOBAL_UNIT_ASSIGNED_CONTEXT((#3111,#3113,#3114))
REPRESENTATION_CONTEXT('','3D')
);
#3110=(
GEOMETRIC_REPRESENTATION_CONTEXT(3)
GLOBAL_UNCERTAINTY_ASSIGNED_CONTEXT((#3104))
GLOBAL_UNIT_ASSIGNED_CONTEXT((#3111,#3113,#3114))
REPRESENTATION_CONTEXT('','3D')
);
#3111=(
LENGTH_UNIT()
NAMED_UNIT(*)
SI_UNIT(.MILLI.,.METRE.)
);
#3112=(
LENGTH_UNIT()
NAMED_UNIT(*)
SI_UNIT($,.METRE.)
);
#3113=(
NAMED_UNIT(*)
PLANE_ANGLE_UNIT()
SI_UNIT($,.RADIAN.)
);
#3114=(
NAMED_UNIT(*)
SI_UNIT($,.STERADIAN.)
SOLID_ANGLE_UNIT()
);
#3115=SHAPE_DEFINITION_REPRESENTATION(#3120,#3129);
#3116=SHAPE_DEFINITION_REPRESENTATION(#3121,#3130);
#3117=SHAPE_DEFINITION_REPRESENTATION(#3122,#3131);
#3118=SHAPE_DEFINITION_REPRESENTATION(#3123,#3132);
#3119=SHAPE_DEFINITION_REPRESENTATION(#3124,#3133);
#3120=PRODUCT_DEFINITION_SHAPE('',$,#3135);
#3121=PRODUCT_DEFINITION_SHAPE('',$,#3136);
#3122=PRODUCT_DEFINITION_SHAPE('',$,#3137);
#3123=PRODUCT_DEFINITION_SHAPE('',$,#3138);
#3124=PRODUCT_DEFINITION_SHAPE('',$,#3139);
#3125=PRODUCT_DEFINITION_SHAPE($,$,#26);
#3126=PRODUCT_DEFINITION_SHAPE($,$,#27);
#3127=PRODUCT_DEFINITION_SHAPE($,$,#28);
#3128=PRODUCT_DEFINITION_SHAPE($,$,#29);
#3129=SHAPE_REPRESENTATION('',(#1811,#1988,#1989,#1990,#1991),#3105);
#3130=SHAPE_REPRESENTATION('',(#1812),#3106);
#3131=SHAPE_REPRESENTATION('',(#1822),#3107);
#3132=SHAPE_REPRESENTATION('',(#1856),#3108);
#3133=SHAPE_REPRESENTATION('',(#1954),#3109);
#3134=PRODUCT_DEFINITION_CONTEXT('part definition',#3151,'design');
#3135=PRODUCT_DEFINITION(
'003048 Motor Stepper bipolar NEMA 17 (3.06V, 1.7A, 56N.cm, 1.8\X\B0)',
'Motor_Stepper_bipolar_NEMA_17_3.06V_1.7A_56N.cm_1.8_ v1',#3140,#3134);
#3136=PRODUCT_DEFINITION('Component2','Component2',#3141,#3134);
#3137=PRODUCT_DEFINITION('Component4','Component4',#3142,#3134);
#3138=PRODUCT_DEFINITION('Component3','Component3',#3143,#3134);
#3139=PRODUCT_DEFINITION('Component1','Component1',#3144,#3134);
#3140=PRODUCT_DEFINITION_FORMATION('',$,#3153);
#3141=PRODUCT_DEFINITION_FORMATION('',$,#3154);
#3142=PRODUCT_DEFINITION_FORMATION('',$,#3155);
#3143=PRODUCT_DEFINITION_FORMATION('',$,#3156);
#3144=PRODUCT_DEFINITION_FORMATION('',$,#3157);
#3145=PRODUCT_RELATED_PRODUCT_CATEGORY(
'Motor_Stepper_bipolar_NEMA_17_3.06V_1.7A_56N.cm_1.8_ v1',
'Motor_Stepper_bipolar_NEMA_17_3.06V_1.7A_56N.cm_1.8_ v1',(#3153));
#3146=PRODUCT_RELATED_PRODUCT_CATEGORY('Component2','Component2',(#3154));
#3147=PRODUCT_RELATED_PRODUCT_CATEGORY('Component4','Component4',(#3155));
#3148=PRODUCT_RELATED_PRODUCT_CATEGORY('Component3','Component3',(#3156));
#3149=PRODUCT_RELATED_PRODUCT_CATEGORY('Component1','Component1',(#3157));
#3150=APPLICATION_PROTOCOL_DEFINITION('international standard',
'automotive_design',2009,#3151);
#3151=APPLICATION_CONTEXT(
'Core Data for Automotive Mechanical Design Process');
#3152=PRODUCT_CONTEXT('part definition',#3151,'mechanical');
#3153=PRODUCT(
'003048 Motor Stepper bipolar NEMA 17 (3.06V, 1.7A, 56N.cm, 1.8\X\B0)',
'Motor_Stepper_bipolar_NEMA_17_3.06V_1.7A_56N.cm_1.8_ v1',$,(#3152));
#3154=PRODUCT('Component2','Component2',$,(#3152));
#3155=PRODUCT('Component4','Component4',$,(#3152));
#3156=PRODUCT('Component3','Component3',$,(#3152));
#3157=PRODUCT('Component1','Component1',$,(#3152));
#3158=PRESENTATION_STYLE_ASSIGNMENT((#3163));
#3159=PRESENTATION_STYLE_ASSIGNMENT((#3164));
#3160=PRESENTATION_STYLE_ASSIGNMENT((#3165));
#3161=PRESENTATION_STYLE_ASSIGNMENT((#3166));
#3162=PRESENTATION_STYLE_ASSIGNMENT((NULL_STYLE(.NULL.)));
#3163=SURFACE_STYLE_USAGE(.BOTH.,#3167);
#3164=SURFACE_STYLE_USAGE(.BOTH.,#3168);
#3165=SURFACE_STYLE_USAGE(.BOTH.,#3169);
#3166=SURFACE_STYLE_USAGE(.BOTH.,#3170);
#3167=SURFACE_SIDE_STYLE('',(#3171));
#3168=SURFACE_SIDE_STYLE('',(#3172));
#3169=SURFACE_SIDE_STYLE('',(#3173));
#3170=SURFACE_SIDE_STYLE('',(#3174));
#3171=SURFACE_STYLE_FILL_AREA(#3175);
#3172=SURFACE_STYLE_FILL_AREA(#3176);
#3173=SURFACE_STYLE_FILL_AREA(#3177);
#3174=SURFACE_STYLE_FILL_AREA(#3178);
#3175=FILL_AREA_STYLE('Acero - Satinado',(#3179));
#3176=FILL_AREA_STYLE('Pintura - Metalizada con motas (gris oscuro)',(#3180));
#3177=FILL_AREA_STYLE('Opaque(160,160,160)',(#3181));
#3178=FILL_AREA_STYLE('Opaque(25,25,25)',(#3182));
#3179=FILL_AREA_STYLE_COLOUR('Acero - Satinado',#3183);
#3180=FILL_AREA_STYLE_COLOUR(
'Pintura - Metalizada con motas (gris oscuro)',#3184);
#3181=FILL_AREA_STYLE_COLOUR('Opaque(160,160,160)',#3185);
#3182=FILL_AREA_STYLE_COLOUR('Opaque(25,25,25)',#3186);
#3183=COLOUR_RGB('Acero - Satinado',0.627450980392157,0.627450980392157,
0.627450980392157);
#3184=COLOUR_RGB('Pintura - Metalizada con motas (gris oscuro)',0.349019607843137,
0.349019607843137,0.349019607843137);
#3185=COLOUR_RGB('Opaque(160,160,160)',0.627450980392157,0.627450980392157,
0.627450980392157);
#3186=COLOUR_RGB('Opaque(25,25,25)',0.0980392156862745,0.0980392156862745,
0.0980392156862745);
ENDSEC;
END-ISO-10303-21;
