ISO-10303-21;
HEADER;
/* Generated by software containing ST-Developer
 * from STEP Tools, Inc. (www.steptools.com) 
 */

FILE_DESCRIPTION(
/* description */ (''),
/* implementation_level */ '2;1');

FILE_NAME(
/* name */ 'SPST Switch 2 pin.step',
/* time_stamp */ '2026-06-11T13:04:47-04:00',
/* author */ (''),
/* organization */ (''),
/* preprocessor_version */ 'ST-DEVELOPER v20.1',
/* originating_system */ 'Autodesk Translation Framework v15.8.0.0',
/* authorisation */ '');

FILE_SCHEMA (('AUTOMOTIVE_DESIGN { 1 0 10303 214 3 1 1 }'));
ENDSEC;

DATA;
#10=MECHANICAL_DESIGN_GEOMETRIC_PRESENTATION_REPRESENTATION('',(#29,#30,
#31,#32,#33,#34,#35,#36,#37,#38,#39,#40),#5138);
#11=ITEM_DEFINED_TRANSFORMATION($,$,#2922,#3168);
#12=(
REPRESENTATION_RELATIONSHIP($,$,#5149,#5148)
REPRESENTATION_RELATIONSHIP_WITH_TRANSFORMATION(#11)
SHAPE_REPRESENTATION_RELATIONSHIP()
);
#13=CONTEXT_DEPENDENT_SHAPE_REPRESENTATION(#12,#5147);
#14=NEXT_ASSEMBLY_USAGE_OCCURRENCE('SPST Switch:1','SPST Switch:1',
'SPST Switch:1',#5151,#5152,'SPST Switch:1');
#15=SHAPE_REPRESENTATION_RELATIONSHIP('SRR','None',#5149,#16);
#16=ADVANCED_BREP_SHAPE_REPRESENTATION('',(#41,#42,#43,#44),#5137);
#17=B_SPLINE_SURFACE_WITH_KNOTS('',3,3,((#4989,#4990,#4991,#4992),(#4993,
#4994,#4995,#4996),(#4997,#4998,#4999,#5000),(#5001,#5002,#5003,#5004),
(#5005,#5006,#5007,#5008),(#5009,#5010,#5011,#5012),(#5013,#5014,#5015,
#5016),(#5017,#5018,#5019,#5020),(#5021,#5022,#5023,#5024),(#5025,#5026,
#5027,#5028)),.UNSPECIFIED.,.T.,.F.,.F.,(4,1,1,1,1,1,1,4),(4,4),(-3.14159265358979,
-2.24399475256414,-1.34639685153848,-0.448798950512828,0.448798950512828,
1.34639685153848,2.24399475256414,3.14159265358979),(0.,0.0100089272355331),
 .UNSPECIFIED.);
#18=B_SPLINE_SURFACE_WITH_KNOTS('',3,3,((#5041,#5042,#5043,#5044),(#5045,
#5046,#5047,#5048),(#5049,#5050,#5051,#5052),(#5053,#5054,#5055,#5056),
(#5057,#5058,#5059,#5060),(#5061,#5062,#5063,#5064),(#5065,#5066,#5067,
#5068),(#5069,#5070,#5071,#5072),(#5073,#5074,#5075,#5076),(#5077,#5078,
#5079,#5080)),.UNSPECIFIED.,.T.,.F.,.F.,(4,1,1,1,1,1,1,4),(4,4),(-3.14159265358979,
-2.24399475256414,-1.34639685153848,-0.448798950512828,0.448798950512828,
1.34639685153848,2.24399475256414,3.14159265358979),(0.,0.0100248142999494),
 .UNSPECIFIED.);
#19=CONICAL_SURFACE('',#3069,10.823,0.785398163397448);
#20=B_SPLINE_CURVE_WITH_KNOTS('',3,(#4160,#4161,#4162,#4163),
 .UNSPECIFIED.,.F.,.F.,(4,4),(0.916362511175579,0.956567967204018),
 .UNSPECIFIED.);
#21=B_SPLINE_CURVE_WITH_KNOTS('',3,(#4167,#4168,#4169,#4170),
 .UNSPECIFIED.,.F.,.F.,(4,4),(0.498887782110908,0.539093238139343),
 .UNSPECIFIED.);
#22=B_SPLINE_CURVE_WITH_KNOTS('',3,(#4307,#4308,#4309,#4310),
 .UNSPECIFIED.,.F.,.F.,(4,4),(0.188634636518118,0.228840092546553),
 .UNSPECIFIED.);
#23=B_SPLINE_CURVE_WITH_KNOTS('',3,(#4313,#4314,#4315,#4316),
 .UNSPECIFIED.,.F.,.F.,(4,4),(1.22661565676832,1.26682111279676),
 .UNSPECIFIED.);
#24=B_SPLINE_CURVE_WITH_KNOTS('',3,(#4809,#4810,#4811,#4812,#4813,#4814,
#4815,#4816,#4817,#4818,#4819,#4820,#4821,#4822,#4823,#4824,#4825,#4826,
#4827,#4828,#4829,#4830,#4831,#4832,#4833,#4834,#4835,#4836,#4837,#4838,
#4839,#4840,#4841,#4842,#4843,#4844,#4845,#4846,#4847,#4848,#4849,#4850,
#4851,#4852,#4853,#4854,#4855,#4856,#4857,#4858,#4859,#4860,#4861,#4862,
#4863,#4864,#4865,#4866,#4867,#4868,#4869,#4870,#4871,#4872,#4873,#4874,
#4875,#4876,#4877,#4878,#4879,#4880,#4881,#4882,#4883,#4884,#4885,#4886,
#4887,#4888,#4889,#4890,#4891,#4892,#4893,#4894,#4895,#4896,#4897,#4898,
#4899,#4900,#4901,#4902,#4903,#4904,#4905,#4906,#4907,#4908),
 .UNSPECIFIED.,.T.,.F.,(4,3,3,3,3,3,3,3,3,3,3,3,3,3,3,3,3,3,3,3,3,3,3,3,
3,3,3,3,3,3,3,3,3,4),(-3.14159265358979,-2.95219564194248,-2.75476916089522,
-2.54726975060639,-2.30017001352395,-2.24399475256414,-2.01959527730773,
-1.80806680909167,-1.60367754520497,-1.40776208863911,-1.34639685153848,
-1.12404915905539,-0.786424054784111,-0.530980288137824,-0.448798950512828,
-0.258176888374392,-0.0743768019572081,0.109021723748907,0.29725799759966,
0.448798950512828,0.694719992042549,1.02055842179051,1.2503030373979,1.34639685153848,
1.54114194787839,1.7465788954686,1.95963393080312,2.18650008762186,2.24399475256414,
2.47472587228709,2.68201270113281,2.87893668465239,3.06938503636505,3.14159265358979),
 .UNSPECIFIED.);
#25=B_SPLINE_CURVE_WITH_KNOTS('',3,(#4910,#4911,#4912,#4913,#4914,#4915,
#4916,#4917,#4918,#4919,#4920,#4921,#4922,#4923,#4924,#4925,#4926,#4927,
#4928,#4929,#4930,#4931,#4932,#4933,#4934,#4935,#4936,#4937,#4938,#4939,
#4940,#4941,#4942,#4943,#4944,#4945,#4946,#4947,#4948,#4949,#4950,#4951,
#4952,#4953,#4954,#4955,#4956,#4957,#4958,#4959,#4960,#4961,#4962,#4963,
#4964,#4965,#4966,#4967,#4968,#4969,#4970,#4971,#4972,#4973,#4974,#4975,
#4976,#4977,#4978,#4979,#4980,#4981,#4982,#4983,#4984,#4985,#4986,#4987,
#4988),.UNSPECIFIED.,.T.,.F.,(4,3,3,3,3,3,3,3,3,3,3,3,3,3,3,3,3,3,3,3,3,
3,3,3,3,3,4),(-3.14159265358979,-2.89352977995882,-2.63552406240877,-2.33117603848979,
-2.24399475256414,-1.9595982688922,-1.68924754693623,-1.43431147944978,
-1.34639685153848,-1.0491502572009,-0.656623230269421,-0.448798950512828,
-0.207569423599545,0.0293383897356956,0.270915073544278,0.448798950512828,
0.779375756380739,1.11812030742733,1.34639685153848,1.6034438047782,1.87150545192688,
2.16058811865674,2.24399475256414,2.54197317297513,2.80433963835841,3.05126967436872,
3.14159265358979),.UNSPECIFIED.);
#26=B_SPLINE_CURVE_WITH_KNOTS('',3,(#5030,#5031,#5032,#5033,#5034,#5035,
#5036,#5037,#5038,#5039),.UNSPECIFIED.,.T.,.F.,(4,1,1,1,1,1,1,4),(-3.14159265358979,
-2.24399475256414,-1.34639685153848,-0.448798950512828,0.448798950512828,
1.34639685153848,2.24399475256414,3.14159265358979),.UNSPECIFIED.);
#27=B_SPLINE_CURVE_WITH_KNOTS('',3,(#5082,#5083,#5084,#5085,#5086,#5087,
#5088,#5089,#5090,#5091),.UNSPECIFIED.,.T.,.F.,(4,1,1,1,1,1,1,4),(-3.14159265358979,
-2.24399475256414,-1.34639685153848,-0.448798950512828,0.448798950512828,
1.34639685153848,2.24399475256414,3.14159265358979),.UNSPECIFIED.);
#28=B_SPLINE_CURVE_WITH_KNOTS('',3,(#5095,#5096,#5097,#5098,#5099,#5100,
#5101,#5102,#5103,#5104,#5105,#5106,#5107,#5108,#5109,#5110,#5111,#5112,
#5113,#5114,#5115,#5116,#5117,#5118,#5119,#5120,#5121,#5122,#5123,#5124,
#5125,#5126,#5127,#5128),.UNSPECIFIED.,.T.,.F.,(4,2,2,2,2,2,2,2,2,2,2,2,
2,2,2,2,4),(0.,0.241837431645307,0.483674863290614,0.72622650967015,0.968778156049686,
1.22632757371209,1.48387699137449,1.72815017101429,1.97242335065409,2.21669653029389,
2.46096970993368,2.71851912759609,2.97606854525849,3.21862019163802,3.46117183801756,
3.70300926966287,3.94484670130817),.UNSPECIFIED.);
#29=STYLED_ITEM('',(#5163),#41);
#30=STYLED_ITEM('',(#5163),#42);
#31=STYLED_ITEM('',(#5164),#43);
#32=STYLED_ITEM('',(#5165),#2894);
#33=STYLED_ITEM('',(#5165),#2895);
#34=STYLED_ITEM('',(#5165),#2896);
#35=STYLED_ITEM('',(#5165),#2897);
#36=STYLED_ITEM('',(#5165),#2898);
#37=STYLED_ITEM('',(#5165),#2899);
#38=STYLED_ITEM('',(#5165),#2900);
#39=STYLED_ITEM('',(#5165),#2901);
#40=STYLED_ITEM('',(#5164),#44);
#41=MANIFOLD_SOLID_BREP('Cuerpo1',#2905);
#42=MANIFOLD_SOLID_BREP('Cuerpo2',#2906);
#43=MANIFOLD_SOLID_BREP('Cuerpo3',#2907);
#44=MANIFOLD_SOLID_BREP('Cuerpo4',#2908);
#45=FACE_BOUND('',#360,.T.);
#46=FACE_BOUND('',#365,.T.);
#47=FACE_BOUND('',#378,.T.);
#48=FACE_BOUND('',#383,.T.);
#49=FACE_BOUND('',#392,.T.);
#50=FACE_BOUND('',#393,.T.);
#51=FACE_BOUND('',#394,.T.);
#52=FACE_BOUND('',#438,.T.);
#53=FACE_BOUND('',#470,.T.);
#54=FACE_BOUND('',#507,.T.);
#55=FACE_BOUND('',#511,.T.);
#56=FACE_BOUND('',#512,.T.);
#57=CIRCLE('',#2925,0.685);
#58=CIRCLE('',#2926,0.685);
#59=CIRCLE('',#2929,0.685);
#60=CIRCLE('',#2930,0.685);
#61=CIRCLE('',#2933,0.685);
#62=CIRCLE('',#2934,0.685);
#63=CIRCLE('',#2937,0.685);
#64=CIRCLE('',#2938,0.685);
#65=CIRCLE('',#2941,0.685);
#66=CIRCLE('',#2942,0.685);
#67=CIRCLE('',#2945,0.685);
#68=CIRCLE('',#2947,0.685);
#69=CIRCLE('',#2953,0.685);
#70=CIRCLE('',#2954,0.685);
#71=CIRCLE('',#2957,0.685);
#72=CIRCLE('',#2958,0.685);
#73=CIRCLE('',#2961,0.685);
#74=CIRCLE('',#2962,0.685);
#75=CIRCLE('',#2965,0.685);
#76=CIRCLE('',#2966,0.685);
#77=CIRCLE('',#2969,0.685);
#78=CIRCLE('',#2970,0.685);
#79=CIRCLE('',#2973,0.685);
#80=CIRCLE('',#2975,0.685);
#81=CIRCLE('',#2980,8.905);
#82=CIRCLE('',#2981,8.905);
#83=CIRCLE('',#2984,0.685);
#84=CIRCLE('',#2985,0.685);
#85=CIRCLE('',#2987,0.137);
#86=CIRCLE('',#2988,0.137);
#87=CIRCLE('',#2989,0.137);
#88=CIRCLE('',#2990,0.137);
#89=CIRCLE('',#2991,0.137);
#90=CIRCLE('',#2992,0.137);
#91=CIRCLE('',#2993,0.137);
#92=CIRCLE('',#2994,0.137);
#93=CIRCLE('',#2995,0.137);
#94=CIRCLE('',#2996,0.137);
#95=CIRCLE('',#2997,0.137);
#96=CIRCLE('',#3000,0.137);
#97=CIRCLE('',#3001,0.137);
#98=CIRCLE('',#3002,0.137);
#99=CIRCLE('',#3003,0.137);
#100=CIRCLE('',#3004,0.137);
#101=CIRCLE('',#3005,0.137);
#102=CIRCLE('',#3006,0.137);
#103=CIRCLE('',#3007,0.137);
#104=CIRCLE('',#3008,0.137);
#105=CIRCLE('',#3009,0.137);
#106=CIRCLE('',#3010,0.137);
#107=CIRCLE('',#3012,0.685);
#108=CIRCLE('',#3013,0.685);
#109=CIRCLE('',#3015,9.453);
#110=CIRCLE('',#3016,9.453);
#111=CIRCLE('',#3017,9.453);
#112=CIRCLE('',#3019,0.137);
#113=CIRCLE('',#3020,0.137);
#114=CIRCLE('',#3021,0.137);
#115=CIRCLE('',#3022,0.137);
#116=CIRCLE('',#3023,0.137);
#117=CIRCLE('',#3024,0.137);
#118=CIRCLE('',#3025,0.137);
#119=CIRCLE('',#3026,0.137);
#120=CIRCLE('',#3027,0.137);
#121=CIRCLE('',#3028,0.137);
#122=CIRCLE('',#3029,0.137);
#123=CIRCLE('',#3070,11.1655);
#124=CIRCLE('',#3071,10.4805);
#125=CIRCLE('',#3073,11.1655);
#126=CIRCLE('',#3076,0.137);
#127=CIRCLE('',#3077,0.137);
#128=CIRCLE('',#3078,0.137);
#129=CIRCLE('',#3079,0.137);
#130=CIRCLE('',#3080,0.137);
#131=CIRCLE('',#3081,0.137);
#132=CIRCLE('',#3082,0.137);
#133=CIRCLE('',#3083,0.137);
#134=CIRCLE('',#3084,0.137);
#135=CIRCLE('',#3085,0.137);
#136=CIRCLE('',#3086,0.137);
#137=CIRCLE('',#3088,9.453);
#138=CIRCLE('',#3090,9.453);
#139=CIRCLE('',#3119,9.453);
#140=CIRCLE('',#3120,9.453);
#141=CIRCLE('',#3121,9.453);
#142=CIRCLE('',#3123,9.453);
#143=CIRCLE('',#3149,9.453);
#144=CIRCLE('',#3154,8.768);
#145=CIRCLE('',#3156,27.6271307333105);
#146=CIRCLE('',#3157,27.6271307333105);
#147=CIRCLE('',#3159,27.7641307333105);
#148=CIRCLE('',#3162,27.7641307333105);
#149=CYLINDRICAL_SURFACE('',#2924,0.685);
#150=CYLINDRICAL_SURFACE('',#2928,0.685);
#151=CYLINDRICAL_SURFACE('',#2932,0.685);
#152=CYLINDRICAL_SURFACE('',#2936,0.685);
#153=CYLINDRICAL_SURFACE('',#2940,0.685);
#154=CYLINDRICAL_SURFACE('',#2946,0.685);
#155=CYLINDRICAL_SURFACE('',#2952,0.685);
#156=CYLINDRICAL_SURFACE('',#2956,0.685);
#157=CYLINDRICAL_SURFACE('',#2960,0.685);
#158=CYLINDRICAL_SURFACE('',#2964,0.685);
#159=CYLINDRICAL_SURFACE('',#2968,0.685);
#160=CYLINDRICAL_SURFACE('',#2974,0.685);
#161=CYLINDRICAL_SURFACE('',#2979,8.905);
#162=CYLINDRICAL_SURFACE('',#2983,0.685);
#163=CYLINDRICAL_SURFACE('',#3011,0.685);
#164=CYLINDRICAL_SURFACE('',#3072,11.1655);
#165=CYLINDRICAL_SURFACE('',#3091,0.137);
#166=CYLINDRICAL_SURFACE('',#3093,0.137);
#167=CYLINDRICAL_SURFACE('',#3095,0.137);
#168=CYLINDRICAL_SURFACE('',#3096,0.137);
#169=CYLINDRICAL_SURFACE('',#3098,0.137);
#170=CYLINDRICAL_SURFACE('',#3099,0.137);
#171=CYLINDRICAL_SURFACE('',#3101,0.137);
#172=CYLINDRICAL_SURFACE('',#3102,0.137);
#173=CYLINDRICAL_SURFACE('',#3104,0.137);
#174=CYLINDRICAL_SURFACE('',#3105,0.137);
#175=CYLINDRICAL_SURFACE('',#3106,0.137);
#176=CYLINDRICAL_SURFACE('',#3124,0.137);
#177=CYLINDRICAL_SURFACE('',#3126,0.137);
#178=CYLINDRICAL_SURFACE('',#3128,0.137);
#179=CYLINDRICAL_SURFACE('',#3129,0.137);
#180=CYLINDRICAL_SURFACE('',#3131,0.137);
#181=CYLINDRICAL_SURFACE('',#3132,0.137);
#182=CYLINDRICAL_SURFACE('',#3134,0.137);
#183=CYLINDRICAL_SURFACE('',#3135,0.137);
#184=CYLINDRICAL_SURFACE('',#3137,0.137);
#185=CYLINDRICAL_SURFACE('',#3138,0.137);
#186=CYLINDRICAL_SURFACE('',#3139,0.137);
#187=CYLINDRICAL_SURFACE('',#3152,9.453);
#188=CYLINDRICAL_SURFACE('',#3155,27.6271307333105);
#189=CYLINDRICAL_SURFACE('',#3164,27.6271307333105);
#190=CYLINDRICAL_SURFACE('',#3165,27.7641307333105);
#191=CYLINDRICAL_SURFACE('',#3166,27.7641307333105);
#192=CYLINDRICAL_SURFACE('',#3167,8.768);
#193=FACE_OUTER_BOUND('',#348,.T.);
#194=FACE_OUTER_BOUND('',#349,.T.);
#195=FACE_OUTER_BOUND('',#350,.T.);
#196=FACE_OUTER_BOUND('',#351,.T.);
#197=FACE_OUTER_BOUND('',#352,.T.);
#198=FACE_OUTER_BOUND('',#353,.T.);
#199=FACE_OUTER_BOUND('',#354,.T.);
#200=FACE_OUTER_BOUND('',#355,.T.);
#201=FACE_OUTER_BOUND('',#356,.T.);
#202=FACE_OUTER_BOUND('',#357,.T.);
#203=FACE_OUTER_BOUND('',#358,.T.);
#204=FACE_OUTER_BOUND('',#359,.T.);
#205=FACE_OUTER_BOUND('',#361,.T.);
#206=FACE_OUTER_BOUND('',#362,.T.);
#207=FACE_OUTER_BOUND('',#363,.T.);
#208=FACE_OUTER_BOUND('',#364,.T.);
#209=FACE_OUTER_BOUND('',#366,.T.);
#210=FACE_OUTER_BOUND('',#367,.T.);
#211=FACE_OUTER_BOUND('',#368,.T.);
#212=FACE_OUTER_BOUND('',#369,.T.);
#213=FACE_OUTER_BOUND('',#370,.T.);
#214=FACE_OUTER_BOUND('',#371,.T.);
#215=FACE_OUTER_BOUND('',#372,.T.);
#216=FACE_OUTER_BOUND('',#373,.T.);
#217=FACE_OUTER_BOUND('',#374,.T.);
#218=FACE_OUTER_BOUND('',#375,.T.);
#219=FACE_OUTER_BOUND('',#376,.T.);
#220=FACE_OUTER_BOUND('',#377,.T.);
#221=FACE_OUTER_BOUND('',#379,.T.);
#222=FACE_OUTER_BOUND('',#380,.T.);
#223=FACE_OUTER_BOUND('',#381,.T.);
#224=FACE_OUTER_BOUND('',#382,.T.);
#225=FACE_OUTER_BOUND('',#384,.T.);
#226=FACE_OUTER_BOUND('',#385,.T.);
#227=FACE_OUTER_BOUND('',#386,.T.);
#228=FACE_OUTER_BOUND('',#387,.T.);
#229=FACE_OUTER_BOUND('',#388,.T.);
#230=FACE_OUTER_BOUND('',#389,.T.);
#231=FACE_OUTER_BOUND('',#390,.T.);
#232=FACE_OUTER_BOUND('',#391,.T.);
#233=FACE_OUTER_BOUND('',#395,.T.);
#234=FACE_OUTER_BOUND('',#396,.T.);
#235=FACE_OUTER_BOUND('',#397,.T.);
#236=FACE_OUTER_BOUND('',#398,.T.);
#237=FACE_OUTER_BOUND('',#399,.T.);
#238=FACE_OUTER_BOUND('',#400,.T.);
#239=FACE_OUTER_BOUND('',#401,.T.);
#240=FACE_OUTER_BOUND('',#402,.T.);
#241=FACE_OUTER_BOUND('',#403,.T.);
#242=FACE_OUTER_BOUND('',#404,.T.);
#243=FACE_OUTER_BOUND('',#405,.T.);
#244=FACE_OUTER_BOUND('',#406,.T.);
#245=FACE_OUTER_BOUND('',#407,.T.);
#246=FACE_OUTER_BOUND('',#408,.T.);
#247=FACE_OUTER_BOUND('',#409,.T.);
#248=FACE_OUTER_BOUND('',#410,.T.);
#249=FACE_OUTER_BOUND('',#411,.T.);
#250=FACE_OUTER_BOUND('',#412,.T.);
#251=FACE_OUTER_BOUND('',#413,.T.);
#252=FACE_OUTER_BOUND('',#414,.T.);
#253=FACE_OUTER_BOUND('',#415,.T.);
#254=FACE_OUTER_BOUND('',#416,.T.);
#255=FACE_OUTER_BOUND('',#417,.T.);
#256=FACE_OUTER_BOUND('',#418,.T.);
#257=FACE_OUTER_BOUND('',#419,.T.);
#258=FACE_OUTER_BOUND('',#420,.T.);
#259=FACE_OUTER_BOUND('',#421,.T.);
#260=FACE_OUTER_BOUND('',#422,.T.);
#261=FACE_OUTER_BOUND('',#423,.T.);
#262=FACE_OUTER_BOUND('',#424,.T.);
#263=FACE_OUTER_BOUND('',#425,.T.);
#264=FACE_OUTER_BOUND('',#426,.T.);
#265=FACE_OUTER_BOUND('',#427,.T.);
#266=FACE_OUTER_BOUND('',#428,.T.);
#267=FACE_OUTER_BOUND('',#429,.T.);
#268=FACE_OUTER_BOUND('',#430,.T.);
#269=FACE_OUTER_BOUND('',#431,.T.);
#270=FACE_OUTER_BOUND('',#432,.T.);
#271=FACE_OUTER_BOUND('',#433,.T.);
#272=FACE_OUTER_BOUND('',#434,.T.);
#273=FACE_OUTER_BOUND('',#435,.T.);
#274=FACE_OUTER_BOUND('',#436,.T.);
#275=FACE_OUTER_BOUND('',#437,.T.);
#276=FACE_OUTER_BOUND('',#439,.T.);
#277=FACE_OUTER_BOUND('',#440,.T.);
#278=FACE_OUTER_BOUND('',#441,.T.);
#279=FACE_OUTER_BOUND('',#442,.T.);
#280=FACE_OUTER_BOUND('',#443,.T.);
#281=FACE_OUTER_BOUND('',#444,.T.);
#282=FACE_OUTER_BOUND('',#445,.T.);
#283=FACE_OUTER_BOUND('',#446,.T.);
#284=FACE_OUTER_BOUND('',#447,.T.);
#285=FACE_OUTER_BOUND('',#448,.T.);
#286=FACE_OUTER_BOUND('',#449,.T.);
#287=FACE_OUTER_BOUND('',#450,.T.);
#288=FACE_OUTER_BOUND('',#451,.T.);
#289=FACE_OUTER_BOUND('',#452,.T.);
#290=FACE_OUTER_BOUND('',#453,.T.);
#291=FACE_OUTER_BOUND('',#454,.T.);
#292=FACE_OUTER_BOUND('',#455,.T.);
#293=FACE_OUTER_BOUND('',#456,.T.);
#294=FACE_OUTER_BOUND('',#457,.T.);
#295=FACE_OUTER_BOUND('',#458,.T.);
#296=FACE_OUTER_BOUND('',#459,.T.);
#297=FACE_OUTER_BOUND('',#460,.T.);
#298=FACE_OUTER_BOUND('',#461,.T.);
#299=FACE_OUTER_BOUND('',#462,.T.);
#300=FACE_OUTER_BOUND('',#463,.T.);
#301=FACE_OUTER_BOUND('',#464,.T.);
#302=FACE_OUTER_BOUND('',#465,.T.);
#303=FACE_OUTER_BOUND('',#466,.T.);
#304=FACE_OUTER_BOUND('',#467,.T.);
#305=FACE_OUTER_BOUND('',#468,.T.);
#306=FACE_OUTER_BOUND('',#469,.T.);
#307=FACE_OUTER_BOUND('',#471,.T.);
#308=FACE_OUTER_BOUND('',#472,.T.);
#309=FACE_OUTER_BOUND('',#473,.T.);
#310=FACE_OUTER_BOUND('',#474,.T.);
#311=FACE_OUTER_BOUND('',#475,.T.);
#312=FACE_OUTER_BOUND('',#476,.T.);
#313=FACE_OUTER_BOUND('',#477,.T.);
#314=FACE_OUTER_BOUND('',#478,.T.);
#315=FACE_OUTER_BOUND('',#479,.T.);
#316=FACE_OUTER_BOUND('',#480,.T.);
#317=FACE_OUTER_BOUND('',#481,.T.);
#318=FACE_OUTER_BOUND('',#482,.T.);
#319=FACE_OUTER_BOUND('',#483,.T.);
#320=FACE_OUTER_BOUND('',#484,.T.);
#321=FACE_OUTER_BOUND('',#485,.T.);
#322=FACE_OUTER_BOUND('',#486,.T.);
#323=FACE_OUTER_BOUND('',#487,.T.);
#324=FACE_OUTER_BOUND('',#488,.T.);
#325=FACE_OUTER_BOUND('',#489,.T.);
#326=FACE_OUTER_BOUND('',#490,.T.);
#327=FACE_OUTER_BOUND('',#491,.T.);
#328=FACE_OUTER_BOUND('',#492,.T.);
#329=FACE_OUTER_BOUND('',#493,.T.);
#330=FACE_OUTER_BOUND('',#494,.T.);
#331=FACE_OUTER_BOUND('',#495,.T.);
#332=FACE_OUTER_BOUND('',#496,.T.);
#333=FACE_OUTER_BOUND('',#497,.T.);
#334=FACE_OUTER_BOUND('',#498,.T.);
#335=FACE_OUTER_BOUND('',#499,.T.);
#336=FACE_OUTER_BOUND('',#500,.T.);
#337=FACE_OUTER_BOUND('',#501,.T.);
#338=FACE_OUTER_BOUND('',#502,.T.);
#339=FACE_OUTER_BOUND('',#503,.T.);
#340=FACE_OUTER_BOUND('',#504,.T.);
#341=FACE_OUTER_BOUND('',#505,.T.);
#342=FACE_OUTER_BOUND('',#506,.T.);
#343=FACE_OUTER_BOUND('',#508,.T.);
#344=FACE_OUTER_BOUND('',#509,.T.);
#345=FACE_OUTER_BOUND('',#510,.T.);
#346=FACE_OUTER_BOUND('',#513,.T.);
#347=FACE_OUTER_BOUND('',#514,.T.);
#348=EDGE_LOOP('',(#1818,#1819,#1820,#1821));
#349=EDGE_LOOP('',(#1822,#1823,#1824,#1825));
#350=EDGE_LOOP('',(#1826,#1827,#1828,#1829));
#351=EDGE_LOOP('',(#1830,#1831,#1832,#1833));
#352=EDGE_LOOP('',(#1834,#1835,#1836,#1837));
#353=EDGE_LOOP('',(#1838,#1839,#1840,#1841));
#354=EDGE_LOOP('',(#1842,#1843,#1844,#1845));
#355=EDGE_LOOP('',(#1846,#1847,#1848,#1849));
#356=EDGE_LOOP('',(#1850,#1851,#1852,#1853));
#357=EDGE_LOOP('',(#1854,#1855,#1856,#1857));
#358=EDGE_LOOP('',(#1858,#1859,#1860,#1861));
#359=EDGE_LOOP('',(#1862,#1863,#1864,#1865,#1866,#1867));
#360=EDGE_LOOP('',(#1868,#1869,#1870,#1871,#1872,#1873,#1874,#1875));
#361=EDGE_LOOP('',(#1876,#1877,#1878,#1879));
#362=EDGE_LOOP('',(#1880,#1881,#1882,#1883));
#363=EDGE_LOOP('',(#1884,#1885,#1886,#1887));
#364=EDGE_LOOP('',(#1888,#1889,#1890,#1891,#1892,#1893));
#365=EDGE_LOOP('',(#1894,#1895,#1896,#1897,#1898,#1899,#1900,#1901));
#366=EDGE_LOOP('',(#1902,#1903,#1904,#1905));
#367=EDGE_LOOP('',(#1906,#1907,#1908,#1909));
#368=EDGE_LOOP('',(#1910,#1911,#1912,#1913));
#369=EDGE_LOOP('',(#1914,#1915,#1916,#1917));
#370=EDGE_LOOP('',(#1918,#1919,#1920,#1921));
#371=EDGE_LOOP('',(#1922,#1923,#1924,#1925));
#372=EDGE_LOOP('',(#1926,#1927,#1928,#1929));
#373=EDGE_LOOP('',(#1930,#1931,#1932,#1933));
#374=EDGE_LOOP('',(#1934,#1935,#1936,#1937));
#375=EDGE_LOOP('',(#1938,#1939,#1940,#1941));
#376=EDGE_LOOP('',(#1942,#1943,#1944,#1945));
#377=EDGE_LOOP('',(#1946,#1947,#1948,#1949,#1950,#1951));
#378=EDGE_LOOP('',(#1952,#1953,#1954,#1955,#1956,#1957,#1958,#1959));
#379=EDGE_LOOP('',(#1960,#1961,#1962,#1963));
#380=EDGE_LOOP('',(#1964,#1965,#1966,#1967));
#381=EDGE_LOOP('',(#1968,#1969,#1970,#1971));
#382=EDGE_LOOP('',(#1972,#1973,#1974,#1975,#1976,#1977));
#383=EDGE_LOOP('',(#1978,#1979,#1980,#1981,#1982,#1983,#1984,#1985));
#384=EDGE_LOOP('',(#1986,#1987,#1988,#1989));
#385=EDGE_LOOP('',(#1990));
#386=EDGE_LOOP('',(#1991,#1992,#1993,#1994,#1995,#1996));
#387=EDGE_LOOP('',(#1997,#1998,#1999,#2000,#2001,#2002,#2003,#2004,#2005,
#2006,#2007,#2008,#2009,#2010,#2011,#2012,#2013,#2014,#2015,#2016,#2017,
#2018,#2019,#2020,#2021,#2022,#2023,#2024,#2025,#2026,#2027));
#388=EDGE_LOOP('',(#2028,#2029,#2030,#2031));
#389=EDGE_LOOP('',(#2032,#2033,#2034,#2035,#2036,#2037,#2038,#2039,#2040,
#2041,#2042,#2043,#2044,#2045,#2046,#2047,#2048,#2049,#2050,#2051,#2052,
#2053,#2054,#2055,#2056,#2057,#2058,#2059,#2060,#2061,#2062));
#390=EDGE_LOOP('',(#2063,#2064,#2065,#2066,#2067,#2068));
#391=EDGE_LOOP('',(#2069,#2070,#2071,#2072,#2073));
#392=EDGE_LOOP('',(#2074,#2075,#2076,#2077,#2078,#2079,#2080,#2081));
#393=EDGE_LOOP('',(#2082,#2083,#2084,#2085,#2086,#2087,#2088,#2089));
#394=EDGE_LOOP('',(#2090,#2091,#2092,#2093,#2094,#2095,#2096,#2097));
#395=EDGE_LOOP('',(#2098,#2099,#2100,#2101,#2102,#2103,#2104,#2105,#2106,
#2107,#2108,#2109,#2110,#2111,#2112,#2113,#2114,#2115,#2116,#2117,#2118,
#2119,#2120,#2121,#2122,#2123,#2124,#2125,#2126,#2127,#2128));
#396=EDGE_LOOP('',(#2129,#2130,#2131,#2132));
#397=EDGE_LOOP('',(#2133,#2134,#2135,#2136));
#398=EDGE_LOOP('',(#2137,#2138,#2139,#2140));
#399=EDGE_LOOP('',(#2141,#2142,#2143,#2144));
#400=EDGE_LOOP('',(#2145,#2146,#2147,#2148));
#401=EDGE_LOOP('',(#2149,#2150,#2151,#2152));
#402=EDGE_LOOP('',(#2153,#2154,#2155,#2156));
#403=EDGE_LOOP('',(#2157,#2158,#2159,#2160));
#404=EDGE_LOOP('',(#2161,#2162,#2163,#2164));
#405=EDGE_LOOP('',(#2165,#2166,#2167,#2168));
#406=EDGE_LOOP('',(#2169,#2170,#2171,#2172));
#407=EDGE_LOOP('',(#2173,#2174,#2175,#2176));
#408=EDGE_LOOP('',(#2177,#2178,#2179,#2180));
#409=EDGE_LOOP('',(#2181,#2182,#2183,#2184));
#410=EDGE_LOOP('',(#2185,#2186,#2187,#2188));
#411=EDGE_LOOP('',(#2189,#2190,#2191,#2192));
#412=EDGE_LOOP('',(#2193,#2194,#2195,#2196));
#413=EDGE_LOOP('',(#2197,#2198,#2199,#2200));
#414=EDGE_LOOP('',(#2201,#2202,#2203,#2204));
#415=EDGE_LOOP('',(#2205,#2206,#2207,#2208));
#416=EDGE_LOOP('',(#2209,#2210,#2211,#2212));
#417=EDGE_LOOP('',(#2213,#2214,#2215,#2216));
#418=EDGE_LOOP('',(#2217,#2218,#2219,#2220));
#419=EDGE_LOOP('',(#2221,#2222,#2223,#2224));
#420=EDGE_LOOP('',(#2225,#2226,#2227,#2228,#2229,#2230));
#421=EDGE_LOOP('',(#2231,#2232,#2233,#2234));
#422=EDGE_LOOP('',(#2235,#2236,#2237,#2238,#2239,#2240));
#423=EDGE_LOOP('',(#2241,#2242,#2243,#2244));
#424=EDGE_LOOP('',(#2245,#2246,#2247,#2248));
#425=EDGE_LOOP('',(#2249,#2250,#2251,#2252,#2253,#2254));
#426=EDGE_LOOP('',(#2255,#2256,#2257,#2258));
#427=EDGE_LOOP('',(#2259,#2260,#2261,#2262,#2263,#2264));
#428=EDGE_LOOP('',(#2265,#2266,#2267,#2268));
#429=EDGE_LOOP('',(#2269,#2270,#2271,#2272));
#430=EDGE_LOOP('',(#2273,#2274,#2275,#2276,#2277,#2278));
#431=EDGE_LOOP('',(#2279,#2280,#2281,#2282));
#432=EDGE_LOOP('',(#2283,#2284,#2285,#2286,#2287,#2288));
#433=EDGE_LOOP('',(#2289,#2290,#2291,#2292));
#434=EDGE_LOOP('',(#2293,#2294,#2295,#2296));
#435=EDGE_LOOP('',(#2297,#2298,#2299,#2300));
#436=EDGE_LOOP('',(#2301,#2302,#2303,#2304));
#437=EDGE_LOOP('',(#2305));
#438=EDGE_LOOP('',(#2306));
#439=EDGE_LOOP('',(#2307,#2308,#2309,#2310,#2311,#2312,#2313,#2314,#2315,
#2316,#2317,#2318,#2319,#2320,#2321,#2322,#2323,#2324,#2325,#2326,#2327,
#2328,#2329,#2330,#2331,#2332,#2333,#2334,#2335,#2336,#2337));
#440=EDGE_LOOP('',(#2338,#2339,#2340));
#441=EDGE_LOOP('',(#2341,#2342,#2343));
#442=EDGE_LOOP('',(#2344,#2345,#2346,#2347));
#443=EDGE_LOOP('',(#2348,#2349,#2350,#2351));
#444=EDGE_LOOP('',(#2352,#2353,#2354,#2355));
#445=EDGE_LOOP('',(#2356,#2357,#2358,#2359));
#446=EDGE_LOOP('',(#2360,#2361,#2362,#2363));
#447=EDGE_LOOP('',(#2364,#2365,#2366,#2367));
#448=EDGE_LOOP('',(#2368,#2369,#2370,#2371));
#449=EDGE_LOOP('',(#2372,#2373,#2374,#2375));
#450=EDGE_LOOP('',(#2376,#2377,#2378,#2379));
#451=EDGE_LOOP('',(#2380,#2381,#2382,#2383));
#452=EDGE_LOOP('',(#2384,#2385,#2386,#2387));
#453=EDGE_LOOP('',(#2388,#2389,#2390,#2391));
#454=EDGE_LOOP('',(#2392,#2393,#2394,#2395));
#455=EDGE_LOOP('',(#2396,#2397,#2398,#2399));
#456=EDGE_LOOP('',(#2400,#2401,#2402,#2403));
#457=EDGE_LOOP('',(#2404,#2405,#2406,#2407));
#458=EDGE_LOOP('',(#2408,#2409,#2410,#2411));
#459=EDGE_LOOP('',(#2412,#2413,#2414,#2415));
#460=EDGE_LOOP('',(#2416,#2417,#2418,#2419));
#461=EDGE_LOOP('',(#2420,#2421,#2422,#2423));
#462=EDGE_LOOP('',(#2424,#2425,#2426,#2427));
#463=EDGE_LOOP('',(#2428,#2429,#2430,#2431));
#464=EDGE_LOOP('',(#2432,#2433,#2434,#2435));
#465=EDGE_LOOP('',(#2436,#2437,#2438,#2439));
#466=EDGE_LOOP('',(#2440,#2441,#2442,#2443,#2444));
#467=EDGE_LOOP('',(#2445,#2446,#2447,#2448,#2449));
#468=EDGE_LOOP('',(#2450,#2451,#2452,#2453));
#469=EDGE_LOOP('',(#2454));
#470=EDGE_LOOP('',(#2455,#2456,#2457,#2458,#2459,#2460,#2461,#2462,#2463,
#2464,#2465,#2466,#2467));
#471=EDGE_LOOP('',(#2468,#2469,#2470));
#472=EDGE_LOOP('',(#2471,#2472,#2473,#2474));
#473=EDGE_LOOP('',(#2475,#2476,#2477,#2478));
#474=EDGE_LOOP('',(#2479,#2480,#2481,#2482));
#475=EDGE_LOOP('',(#2483,#2484,#2485,#2486));
#476=EDGE_LOOP('',(#2487,#2488,#2489,#2490));
#477=EDGE_LOOP('',(#2491,#2492,#2493,#2494));
#478=EDGE_LOOP('',(#2495,#2496,#2497,#2498));
#479=EDGE_LOOP('',(#2499,#2500,#2501,#2502));
#480=EDGE_LOOP('',(#2503,#2504,#2505,#2506));
#481=EDGE_LOOP('',(#2507,#2508,#2509,#2510));
#482=EDGE_LOOP('',(#2511,#2512,#2513,#2514));
#483=EDGE_LOOP('',(#2515,#2516,#2517,#2518));
#484=EDGE_LOOP('',(#2519,#2520,#2521,#2522));
#485=EDGE_LOOP('',(#2523,#2524,#2525,#2526));
#486=EDGE_LOOP('',(#2527,#2528,#2529,#2530));
#487=EDGE_LOOP('',(#2531,#2532,#2533,#2534));
#488=EDGE_LOOP('',(#2535,#2536,#2537,#2538));
#489=EDGE_LOOP('',(#2539,#2540,#2541,#2542));
#490=EDGE_LOOP('',(#2543,#2544,#2545,#2546));
#491=EDGE_LOOP('',(#2547,#2548,#2549,#2550));
#492=EDGE_LOOP('',(#2551,#2552,#2553,#2554));
#493=EDGE_LOOP('',(#2555,#2556,#2557,#2558));
#494=EDGE_LOOP('',(#2559,#2560,#2561,#2562));
#495=EDGE_LOOP('',(#2563,#2564,#2565,#2566));
#496=EDGE_LOOP('',(#2567,#2568,#2569));
#497=EDGE_LOOP('',(#2570,#2571,#2572,#2573,#2574));
#498=EDGE_LOOP('',(#2575,#2576,#2577,#2578,#2579));
#499=EDGE_LOOP('',(#2580,#2581,#2582,#2583,#2584,#2585,#2586,#2587,#2588,
#2589,#2590,#2591,#2592,#2593,#2594,#2595,#2596,#2597,#2598,#2599));
#500=EDGE_LOOP('',(#2600));
#501=EDGE_LOOP('',(#2601,#2602,#2603,#2604));
#502=EDGE_LOOP('',(#2605,#2606,#2607,#2608));
#503=EDGE_LOOP('',(#2609,#2610,#2611,#2612));
#504=EDGE_LOOP('',(#2613,#2614,#2615,#2616));
#505=EDGE_LOOP('',(#2617,#2618,#2619,#2620));
#506=EDGE_LOOP('',(#2621));
#507=EDGE_LOOP('',(#2622));
#508=EDGE_LOOP('',(#2623,#2624,#2625,#2626));
#509=EDGE_LOOP('',(#2627,#2628,#2629,#2630));
#510=EDGE_LOOP('',(#2631));
#511=EDGE_LOOP('',(#2632,#2633,#2634,#2635));
#512=EDGE_LOOP('',(#2636));
#513=EDGE_LOOP('',(#2637));
#514=EDGE_LOOP('',(#2638,#2639,#2640,#2641));
#515=LINE('',#3981,#826);
#516=LINE('',#3983,#827);
#517=LINE('',#3985,#828);
#518=LINE('',#3986,#829);
#519=LINE('',#3992,#830);
#520=LINE('',#3995,#831);
#521=LINE('',#3998,#832);
#522=LINE('',#4000,#833);
#523=LINE('',#4001,#834);
#524=LINE('',#4006,#835);
#525=LINE('',#4010,#836);
#526=LINE('',#4012,#837);
#527=LINE('',#4013,#838);
#528=LINE('',#4018,#839);
#529=LINE('',#4022,#840);
#530=LINE('',#4024,#841);
#531=LINE('',#4025,#842);
#532=LINE('',#4030,#843);
#533=LINE('',#4033,#844);
#534=LINE('',#4034,#845);
#535=LINE('',#4040,#846);
#536=LINE('',#4043,#847);
#537=LINE('',#4046,#848);
#538=LINE('',#4048,#849);
#539=LINE('',#4049,#850);
#540=LINE('',#4051,#851);
#541=LINE('',#4053,#852);
#542=LINE('',#4057,#853);
#543=LINE('',#4060,#854);
#544=LINE('',#4062,#855);
#545=LINE('',#4067,#856);
#546=LINE('',#4069,#857);
#547=LINE('',#4071,#858);
#548=LINE('',#4072,#859);
#549=LINE('',#4078,#860);
#550=LINE('',#4081,#861);
#551=LINE('',#4084,#862);
#552=LINE('',#4086,#863);
#553=LINE('',#4087,#864);
#554=LINE('',#4092,#865);
#555=LINE('',#4096,#866);
#556=LINE('',#4098,#867);
#557=LINE('',#4099,#868);
#558=LINE('',#4104,#869);
#559=LINE('',#4108,#870);
#560=LINE('',#4110,#871);
#561=LINE('',#4111,#872);
#562=LINE('',#4116,#873);
#563=LINE('',#4119,#874);
#564=LINE('',#4120,#875);
#565=LINE('',#4126,#876);
#566=LINE('',#4129,#877);
#567=LINE('',#4132,#878);
#568=LINE('',#4134,#879);
#569=LINE('',#4135,#880);
#570=LINE('',#4137,#881);
#571=LINE('',#4139,#882);
#572=LINE('',#4143,#883);
#573=LINE('',#4146,#884);
#574=LINE('',#4148,#885);
#575=LINE('',#4154,#886);
#576=LINE('',#4165,#887);
#577=LINE('',#4174,#888);
#578=LINE('',#4178,#889);
#579=LINE('',#4180,#890);
#580=LINE('',#4184,#891);
#581=LINE('',#4188,#892);
#582=LINE('',#4192,#893);
#583=LINE('',#4196,#894);
#584=LINE('',#4200,#895);
#585=LINE('',#4204,#896);
#586=LINE('',#4208,#897);
#587=LINE('',#4212,#898);
#588=LINE('',#4216,#899);
#589=LINE('',#4220,#900);
#590=LINE('',#4224,#901);
#591=LINE('',#4226,#902);
#592=LINE('',#4228,#903);
#593=LINE('',#4230,#904);
#594=LINE('',#4232,#905);
#595=LINE('',#4234,#906);
#596=LINE('',#4235,#907);
#597=LINE('',#4238,#908);
#598=LINE('',#4239,#909);
#599=LINE('',#4242,#910);
#600=LINE('',#4244,#911);
#601=LINE('',#4246,#912);
#602=LINE('',#4248,#913);
#603=LINE('',#4250,#914);
#604=LINE('',#4252,#915);
#605=LINE('',#4254,#916);
#606=LINE('',#4258,#917);
#607=LINE('',#4262,#918);
#608=LINE('',#4266,#919);
#609=LINE('',#4270,#920);
#610=LINE('',#4274,#921);
#611=LINE('',#4278,#922);
#612=LINE('',#4282,#923);
#613=LINE('',#4286,#924);
#614=LINE('',#4290,#925);
#615=LINE('',#4294,#926);
#616=LINE('',#4297,#927);
#617=LINE('',#4303,#928);
#618=LINE('',#4312,#929);
#619=LINE('',#4324,#930);
#620=LINE('',#4326,#931);
#621=LINE('',#4328,#932);
#622=LINE('',#4330,#933);
#623=LINE('',#4332,#934);
#624=LINE('',#4334,#935);
#625=LINE('',#4336,#936);
#626=LINE('',#4337,#937);
#627=LINE('',#4340,#938);
#628=LINE('',#4342,#939);
#629=LINE('',#4344,#940);
#630=LINE('',#4346,#941);
#631=LINE('',#4348,#942);
#632=LINE('',#4350,#943);
#633=LINE('',#4352,#944);
#634=LINE('',#4353,#945);
#635=LINE('',#4356,#946);
#636=LINE('',#4358,#947);
#637=LINE('',#4360,#948);
#638=LINE('',#4362,#949);
#639=LINE('',#4364,#950);
#640=LINE('',#4366,#951);
#641=LINE('',#4368,#952);
#642=LINE('',#4369,#953);
#643=LINE('',#4372,#954);
#644=LINE('',#4374,#955);
#645=LINE('',#4378,#956);
#646=LINE('',#4382,#957);
#647=LINE('',#4386,#958);
#648=LINE('',#4390,#959);
#649=LINE('',#4394,#960);
#650=LINE('',#4398,#961);
#651=LINE('',#4402,#962);
#652=LINE('',#4406,#963);
#653=LINE('',#4410,#964);
#654=LINE('',#4414,#965);
#655=LINE('',#4418,#966);
#656=LINE('',#4420,#967);
#657=LINE('',#4422,#968);
#658=LINE('',#4424,#969);
#659=LINE('',#4426,#970);
#660=LINE('',#4428,#971);
#661=LINE('',#4429,#972);
#662=LINE('',#4432,#973);
#663=LINE('',#4434,#974);
#664=LINE('',#4435,#975);
#665=LINE('',#4438,#976);
#666=LINE('',#4439,#977);
#667=LINE('',#4442,#978);
#668=LINE('',#4443,#979);
#669=LINE('',#4445,#980);
#670=LINE('',#4448,#981);
#671=LINE('',#4450,#982);
#672=LINE('',#4451,#983);
#673=LINE('',#4454,#984);
#674=LINE('',#4455,#985);
#675=LINE('',#4458,#986);
#676=LINE('',#4459,#987);
#677=LINE('',#4461,#988);
#678=LINE('',#4464,#989);
#679=LINE('',#4466,#990);
#680=LINE('',#4467,#991);
#681=LINE('',#4470,#992);
#682=LINE('',#4471,#993);
#683=LINE('',#4474,#994);
#684=LINE('',#4475,#995);
#685=LINE('',#4477,#996);
#686=LINE('',#4480,#997);
#687=LINE('',#4482,#998);
#688=LINE('',#4483,#999);
#689=LINE('',#4486,#1000);
#690=LINE('',#4487,#1001);
#691=LINE('',#4490,#1002);
#692=LINE('',#4491,#1003);
#693=LINE('',#4493,#1004);
#694=LINE('',#4496,#1005);
#695=LINE('',#4498,#1006);
#696=LINE('',#4499,#1007);
#697=LINE('',#4502,#1008);
#698=LINE('',#4503,#1009);
#699=LINE('',#4506,#1010);
#700=LINE('',#4507,#1011);
#701=LINE('',#4509,#1012);
#702=LINE('',#4512,#1013);
#703=LINE('',#4514,#1014);
#704=LINE('',#4515,#1015);
#705=LINE('',#4518,#1016);
#706=LINE('',#4519,#1017);
#707=LINE('',#4522,#1018);
#708=LINE('',#4523,#1019);
#709=LINE('',#4525,#1020);
#710=LINE('',#4528,#1021);
#711=LINE('',#4530,#1022);
#712=LINE('',#4531,#1023);
#713=LINE('',#4534,#1024);
#714=LINE('',#4535,#1025);
#715=LINE('',#4538,#1026);
#716=LINE('',#4539,#1027);
#717=LINE('',#4541,#1028);
#718=LINE('',#4545,#1029);
#719=LINE('',#4547,#1030);
#720=LINE('',#4548,#1031);
#721=LINE('',#4551,#1032);
#722=LINE('',#4552,#1033);
#723=LINE('',#4555,#1034);
#724=LINE('',#4556,#1035);
#725=LINE('',#4558,#1036);
#726=LINE('',#4562,#1037);
#727=LINE('',#4564,#1038);
#728=LINE('',#4565,#1039);
#729=LINE('',#4568,#1040);
#730=LINE('',#4569,#1041);
#731=LINE('',#4572,#1042);
#732=LINE('',#4573,#1043);
#733=LINE('',#4575,#1044);
#734=LINE('',#4581,#1045);
#735=LINE('',#4585,#1046);
#736=LINE('',#4590,#1047);
#737=LINE('',#4592,#1048);
#738=LINE('',#4594,#1049);
#739=LINE('',#4596,#1050);
#740=LINE('',#4598,#1051);
#741=LINE('',#4600,#1052);
#742=LINE('',#4602,#1053);
#743=LINE('',#4606,#1054);
#744=LINE('',#4610,#1055);
#745=LINE('',#4614,#1056);
#746=LINE('',#4618,#1057);
#747=LINE('',#4622,#1058);
#748=LINE('',#4626,#1059);
#749=LINE('',#4630,#1060);
#750=LINE('',#4634,#1061);
#751=LINE('',#4638,#1062);
#752=LINE('',#4642,#1063);
#753=LINE('',#4646,#1064);
#754=LINE('',#4647,#1065);
#755=LINE('',#4651,#1066);
#756=LINE('',#4654,#1067);
#757=LINE('',#4656,#1068);
#758=LINE('',#4657,#1069);
#759=LINE('',#4659,#1070);
#760=LINE('',#4661,#1071);
#761=LINE('',#4662,#1072);
#762=LINE('',#4664,#1073);
#763=LINE('',#4666,#1074);
#764=LINE('',#4668,#1075);
#765=LINE('',#4669,#1076);
#766=LINE('',#4671,#1077);
#767=LINE('',#4673,#1078);
#768=LINE('',#4675,#1079);
#769=LINE('',#4676,#1080);
#770=LINE('',#4678,#1081);
#771=LINE('',#4680,#1082);
#772=LINE('',#4682,#1083);
#773=LINE('',#4683,#1084);
#774=LINE('',#4685,#1085);
#775=LINE('',#4687,#1086);
#776=LINE('',#4689,#1087);
#777=LINE('',#4690,#1088);
#778=LINE('',#4692,#1089);
#779=LINE('',#4693,#1090);
#780=LINE('',#4700,#1091);
#781=LINE('',#4701,#1092);
#782=LINE('',#4706,#1093);
#783=LINE('',#4707,#1094);
#784=LINE('',#4708,#1095);
#785=LINE('',#4717,#1096);
#786=LINE('',#4718,#1097);
#787=LINE('',#4719,#1098);
#788=LINE('',#4723,#1099);
#789=LINE('',#4725,#1100);
#790=LINE('',#4726,#1101);
#791=LINE('',#4729,#1102);
#792=LINE('',#4730,#1103);
#793=LINE('',#4732,#1104);
#794=LINE('',#4734,#1105);
#795=LINE('',#4736,#1106);
#796=LINE('',#4737,#1107);
#797=LINE('',#4739,#1108);
#798=LINE('',#4741,#1109);
#799=LINE('',#4743,#1110);
#800=LINE('',#4744,#1111);
#801=LINE('',#4746,#1112);
#802=LINE('',#4748,#1113);
#803=LINE('',#4750,#1114);
#804=LINE('',#4751,#1115);
#805=LINE('',#4753,#1116);
#806=LINE('',#4755,#1117);
#807=LINE('',#4757,#1118);
#808=LINE('',#4758,#1119);
#809=LINE('',#4760,#1120);
#810=LINE('',#4761,#1121);
#811=LINE('',#4768,#1122);
#812=LINE('',#4773,#1123);
#813=LINE('',#4775,#1124);
#814=LINE('',#4778,#1125);
#815=LINE('',#4787,#1126);
#816=LINE('',#4790,#1127);
#817=LINE('',#4795,#1128);
#818=LINE('',#4796,#1129);
#819=LINE('',#4799,#1130);
#820=LINE('',#4800,#1131);
#821=LINE('',#4804,#1132);
#822=LINE('',#4806,#1133);
#823=LINE('',#5040,#1134);
#824=LINE('',#5092,#1135);
#825=LINE('',#5131,#1136);
#826=VECTOR('',#3175,13.7);
#827=VECTOR('',#3176,13.7);
#828=VECTOR('',#3177,13.7);
#829=VECTOR('',#3178,13.7);
#830=VECTOR('',#3183,13.7);
#831=VECTOR('',#3186,13.7);
#832=VECTOR('',#3189,13.7);
#833=VECTOR('',#3190,13.7);
#834=VECTOR('',#3191,13.7);
#835=VECTOR('',#3196,13.7);
#836=VECTOR('',#3201,13.7);
#837=VECTOR('',#3202,13.7);
#838=VECTOR('',#3203,13.7);
#839=VECTOR('',#3208,13.7);
#840=VECTOR('',#3213,13.7);
#841=VECTOR('',#3214,13.7);
#842=VECTOR('',#3215,13.7);
#843=VECTOR('',#3220,13.7);
#844=VECTOR('',#3225,13.7);
#845=VECTOR('',#3226,13.7);
#846=VECTOR('',#3231,13.7);
#847=VECTOR('',#3234,13.7);
#848=VECTOR('',#3237,13.7);
#849=VECTOR('',#3238,13.7);
#850=VECTOR('',#3239,13.7);
#851=VECTOR('',#3242,13.7);
#852=VECTOR('',#3243,13.7);
#853=VECTOR('',#3248,13.7);
#854=VECTOR('',#3253,13.7);
#855=VECTOR('',#3256,13.7);
#856=VECTOR('',#3261,13.7);
#857=VECTOR('',#3262,13.7);
#858=VECTOR('',#3263,13.7);
#859=VECTOR('',#3264,13.7);
#860=VECTOR('',#3269,13.7);
#861=VECTOR('',#3272,13.7);
#862=VECTOR('',#3275,13.7);
#863=VECTOR('',#3276,13.7);
#864=VECTOR('',#3277,13.7);
#865=VECTOR('',#3282,13.7);
#866=VECTOR('',#3287,13.7);
#867=VECTOR('',#3288,13.7);
#868=VECTOR('',#3289,13.7);
#869=VECTOR('',#3294,13.7);
#870=VECTOR('',#3299,13.7);
#871=VECTOR('',#3300,13.7);
#872=VECTOR('',#3301,13.7);
#873=VECTOR('',#3306,13.7);
#874=VECTOR('',#3311,13.7);
#875=VECTOR('',#3312,13.7);
#876=VECTOR('',#3317,13.7);
#877=VECTOR('',#3320,13.7);
#878=VECTOR('',#3323,13.7);
#879=VECTOR('',#3324,13.7);
#880=VECTOR('',#3325,13.7);
#881=VECTOR('',#3328,13.7);
#882=VECTOR('',#3329,13.7);
#883=VECTOR('',#3334,13.7);
#884=VECTOR('',#3339,13.7);
#885=VECTOR('',#3342,13.7);
#886=VECTOR('',#3349,8.905);
#887=VECTOR('',#3356,13.7);
#888=VECTOR('',#3359,13.7);
#889=VECTOR('',#3364,13.7);
#890=VECTOR('',#3365,13.7);
#891=VECTOR('',#3368,13.7);
#892=VECTOR('',#3371,13.7);
#893=VECTOR('',#3374,13.7);
#894=VECTOR('',#3377,13.7);
#895=VECTOR('',#3380,13.7);
#896=VECTOR('',#3383,13.7);
#897=VECTOR('',#3386,13.7);
#898=VECTOR('',#3389,13.7);
#899=VECTOR('',#3392,13.7);
#900=VECTOR('',#3395,13.7);
#901=VECTOR('',#3398,13.7);
#902=VECTOR('',#3399,13.7);
#903=VECTOR('',#3400,13.7);
#904=VECTOR('',#3401,13.7);
#905=VECTOR('',#3402,13.7);
#906=VECTOR('',#3403,13.7);
#907=VECTOR('',#3404,13.7);
#908=VECTOR('',#3407,13.7);
#909=VECTOR('',#3408,13.7);
#910=VECTOR('',#3411,13.7);
#911=VECTOR('',#3412,13.7);
#912=VECTOR('',#3413,13.7);
#913=VECTOR('',#3414,13.7);
#914=VECTOR('',#3415,13.7);
#915=VECTOR('',#3416,13.7);
#916=VECTOR('',#3417,13.7);
#917=VECTOR('',#3420,13.7);
#918=VECTOR('',#3423,13.7);
#919=VECTOR('',#3426,13.7);
#920=VECTOR('',#3429,13.7);
#921=VECTOR('',#3432,13.7);
#922=VECTOR('',#3435,13.7);
#923=VECTOR('',#3438,13.7);
#924=VECTOR('',#3441,13.7);
#925=VECTOR('',#3444,13.7);
#926=VECTOR('',#3447,13.7);
#927=VECTOR('',#3450,13.7);
#928=VECTOR('',#3455,13.7);
#929=VECTOR('',#3458,13.7);
#930=VECTOR('',#3467,13.7);
#931=VECTOR('',#3468,13.7);
#932=VECTOR('',#3469,13.7);
#933=VECTOR('',#3470,13.7);
#934=VECTOR('',#3471,13.7);
#935=VECTOR('',#3472,13.7);
#936=VECTOR('',#3473,13.7);
#937=VECTOR('',#3474,13.7);
#938=VECTOR('',#3475,13.7);
#939=VECTOR('',#3476,13.7);
#940=VECTOR('',#3477,13.7);
#941=VECTOR('',#3478,13.7);
#942=VECTOR('',#3479,13.7);
#943=VECTOR('',#3480,13.7);
#944=VECTOR('',#3481,13.7);
#945=VECTOR('',#3482,13.7);
#946=VECTOR('',#3483,13.7);
#947=VECTOR('',#3484,13.7);
#948=VECTOR('',#3485,13.7);
#949=VECTOR('',#3486,13.7);
#950=VECTOR('',#3487,13.7);
#951=VECTOR('',#3488,13.7);
#952=VECTOR('',#3489,13.7);
#953=VECTOR('',#3490,13.7);
#954=VECTOR('',#3493,13.7);
#955=VECTOR('',#3494,13.7);
#956=VECTOR('',#3497,13.7);
#957=VECTOR('',#3500,13.7);
#958=VECTOR('',#3503,13.7);
#959=VECTOR('',#3506,13.7);
#960=VECTOR('',#3509,13.7);
#961=VECTOR('',#3512,13.7);
#962=VECTOR('',#3515,13.7);
#963=VECTOR('',#3518,13.7);
#964=VECTOR('',#3521,13.7);
#965=VECTOR('',#3524,13.7);
#966=VECTOR('',#3527,13.7);
#967=VECTOR('',#3528,13.7);
#968=VECTOR('',#3529,13.7);
#969=VECTOR('',#3530,13.7);
#970=VECTOR('',#3531,13.7);
#971=VECTOR('',#3532,13.7);
#972=VECTOR('',#3533,13.7);
#973=VECTOR('',#3536,13.7);
#974=VECTOR('',#3537,13.7);
#975=VECTOR('',#3538,13.7);
#976=VECTOR('',#3541,13.7);
#977=VECTOR('',#3542,13.7);
#978=VECTOR('',#3545,13.7);
#979=VECTOR('',#3546,13.7);
#980=VECTOR('',#3549,13.7);
#981=VECTOR('',#3552,13.7);
#982=VECTOR('',#3553,13.7);
#983=VECTOR('',#3554,13.7);
#984=VECTOR('',#3557,13.7);
#985=VECTOR('',#3558,13.7);
#986=VECTOR('',#3561,13.7);
#987=VECTOR('',#3562,13.7);
#988=VECTOR('',#3565,13.7);
#989=VECTOR('',#3568,13.7);
#990=VECTOR('',#3569,13.7);
#991=VECTOR('',#3570,13.7);
#992=VECTOR('',#3573,13.7);
#993=VECTOR('',#3574,13.7);
#994=VECTOR('',#3577,13.7);
#995=VECTOR('',#3578,13.7);
#996=VECTOR('',#3581,13.7);
#997=VECTOR('',#3584,13.7);
#998=VECTOR('',#3585,13.7);
#999=VECTOR('',#3586,13.7);
#1000=VECTOR('',#3589,13.7);
#1001=VECTOR('',#3590,13.7);
#1002=VECTOR('',#3593,13.7);
#1003=VECTOR('',#3594,13.7);
#1004=VECTOR('',#3597,13.7);
#1005=VECTOR('',#3600,13.7);
#1006=VECTOR('',#3601,13.7);
#1007=VECTOR('',#3602,13.7);
#1008=VECTOR('',#3605,13.7);
#1009=VECTOR('',#3606,13.7);
#1010=VECTOR('',#3609,13.7);
#1011=VECTOR('',#3610,13.7);
#1012=VECTOR('',#3613,13.7);
#1013=VECTOR('',#3616,13.7);
#1014=VECTOR('',#3617,13.7);
#1015=VECTOR('',#3618,13.7);
#1016=VECTOR('',#3621,13.7);
#1017=VECTOR('',#3622,13.7);
#1018=VECTOR('',#3625,13.7);
#1019=VECTOR('',#3626,13.7);
#1020=VECTOR('',#3629,13.7);
#1021=VECTOR('',#3632,13.7);
#1022=VECTOR('',#3633,13.7);
#1023=VECTOR('',#3634,13.7);
#1024=VECTOR('',#3637,13.7);
#1025=VECTOR('',#3638,13.7);
#1026=VECTOR('',#3641,13.7);
#1027=VECTOR('',#3642,13.7);
#1028=VECTOR('',#3645,13.7);
#1029=VECTOR('',#3650,13.7);
#1030=VECTOR('',#3651,13.7);
#1031=VECTOR('',#3652,13.7);
#1032=VECTOR('',#3655,13.7);
#1033=VECTOR('',#3656,13.7);
#1034=VECTOR('',#3659,13.7);
#1035=VECTOR('',#3660,13.7);
#1036=VECTOR('',#3663,13.7);
#1037=VECTOR('',#3668,13.7);
#1038=VECTOR('',#3669,13.7);
#1039=VECTOR('',#3670,13.7);
#1040=VECTOR('',#3673,13.7);
#1041=VECTOR('',#3674,13.7);
#1042=VECTOR('',#3677,13.7);
#1043=VECTOR('',#3678,13.7);
#1044=VECTOR('',#3681,13.7);
#1045=VECTOR('',#3688,10.823);
#1046=VECTOR('',#3693,11.1655);
#1047=VECTOR('',#3700,13.7);
#1048=VECTOR('',#3701,13.7);
#1049=VECTOR('',#3702,13.7);
#1050=VECTOR('',#3703,13.7);
#1051=VECTOR('',#3704,13.7);
#1052=VECTOR('',#3705,13.7);
#1053=VECTOR('',#3706,13.7);
#1054=VECTOR('',#3709,13.7);
#1055=VECTOR('',#3712,13.7);
#1056=VECTOR('',#3715,13.7);
#1057=VECTOR('',#3718,13.7);
#1058=VECTOR('',#3721,13.7);
#1059=VECTOR('',#3724,13.7);
#1060=VECTOR('',#3727,13.7);
#1061=VECTOR('',#3730,13.7);
#1062=VECTOR('',#3733,13.7);
#1063=VECTOR('',#3736,13.7);
#1064=VECTOR('',#3739,13.7);
#1065=VECTOR('',#3740,13.7);
#1066=VECTOR('',#3745,13.7);
#1067=VECTOR('',#3750,13.7);
#1068=VECTOR('',#3753,13.7);
#1069=VECTOR('',#3754,13.7);
#1070=VECTOR('',#3757,13.7);
#1071=VECTOR('',#3760,13.7);
#1072=VECTOR('',#3761,13.7);
#1073=VECTOR('',#3764,13.7);
#1074=VECTOR('',#3767,13.7);
#1075=VECTOR('',#3770,13.7);
#1076=VECTOR('',#3771,13.7);
#1077=VECTOR('',#3774,13.7);
#1078=VECTOR('',#3777,13.7);
#1079=VECTOR('',#3780,13.7);
#1080=VECTOR('',#3781,13.7);
#1081=VECTOR('',#3784,13.7);
#1082=VECTOR('',#3787,13.7);
#1083=VECTOR('',#3790,13.7);
#1084=VECTOR('',#3791,13.7);
#1085=VECTOR('',#3794,13.7);
#1086=VECTOR('',#3797,13.7);
#1087=VECTOR('',#3800,13.7);
#1088=VECTOR('',#3801,13.7);
#1089=VECTOR('',#3804,13.7);
#1090=VECTOR('',#3805,13.7);
#1091=VECTOR('',#3818,13.7);
#1092=VECTOR('',#3819,13.7);
#1093=VECTOR('',#3826,13.7);
#1094=VECTOR('',#3827,13.7);
#1095=VECTOR('',#3828,13.7);
#1096=VECTOR('',#3841,13.7);
#1097=VECTOR('',#3842,13.7);
#1098=VECTOR('',#3843,13.7);
#1099=VECTOR('',#3848,13.7);
#1100=VECTOR('',#3851,13.7);
#1101=VECTOR('',#3852,13.7);
#1102=VECTOR('',#3857,13.7);
#1103=VECTOR('',#3858,13.7);
#1104=VECTOR('',#3861,13.7);
#1105=VECTOR('',#3864,13.7);
#1106=VECTOR('',#3867,13.7);
#1107=VECTOR('',#3868,13.7);
#1108=VECTOR('',#3871,13.7);
#1109=VECTOR('',#3874,13.7);
#1110=VECTOR('',#3877,13.7);
#1111=VECTOR('',#3878,13.7);
#1112=VECTOR('',#3881,13.7);
#1113=VECTOR('',#3884,13.7);
#1114=VECTOR('',#3887,13.7);
#1115=VECTOR('',#3888,13.7);
#1116=VECTOR('',#3891,13.7);
#1117=VECTOR('',#3894,13.7);
#1118=VECTOR('',#3897,13.7);
#1119=VECTOR('',#3898,13.7);
#1120=VECTOR('',#3901,13.7);
#1121=VECTOR('',#3902,13.7);
#1122=VECTOR('',#3915,13.7);
#1123=VECTOR('',#3924,13.7);
#1124=VECTOR('',#3927,13.7);
#1125=VECTOR('',#3932,9.453);
#1126=VECTOR('',#3941,13.7);
#1127=VECTOR('',#3944,13.7);
#1128=VECTOR('',#3949,13.7);
#1129=VECTOR('',#3950,13.7);
#1130=VECTOR('',#3953,13.7);
#1131=VECTOR('',#3954,13.7);
#1132=VECTOR('',#3959,13.7);
#1133=VECTOR('',#3962,13.7);
#1134=VECTOR('',#3965,13.7);
#1135=VECTOR('',#3966,13.7);
#1136=VECTOR('',#3973,8.768);
#1137=VERTEX_POINT('',#3979);
#1138=VERTEX_POINT('',#3980);
#1139=VERTEX_POINT('',#3982);
#1140=VERTEX_POINT('',#3984);
#1141=VERTEX_POINT('',#3988);
#1142=VERTEX_POINT('',#3989);
#1143=VERTEX_POINT('',#3991);
#1144=VERTEX_POINT('',#3993);
#1145=VERTEX_POINT('',#3997);
#1146=VERTEX_POINT('',#3999);
#1147=VERTEX_POINT('',#4003);
#1148=VERTEX_POINT('',#4005);
#1149=VERTEX_POINT('',#4009);
#1150=VERTEX_POINT('',#4011);
#1151=VERTEX_POINT('',#4015);
#1152=VERTEX_POINT('',#4017);
#1153=VERTEX_POINT('',#4021);
#1154=VERTEX_POINT('',#4023);
#1155=VERTEX_POINT('',#4027);
#1156=VERTEX_POINT('',#4029);
#1157=VERTEX_POINT('',#4036);
#1158=VERTEX_POINT('',#4037);
#1159=VERTEX_POINT('',#4039);
#1160=VERTEX_POINT('',#4041);
#1161=VERTEX_POINT('',#4045);
#1162=VERTEX_POINT('',#4047);
#1163=VERTEX_POINT('',#4052);
#1164=VERTEX_POINT('',#4056);
#1165=VERTEX_POINT('',#4065);
#1166=VERTEX_POINT('',#4066);
#1167=VERTEX_POINT('',#4068);
#1168=VERTEX_POINT('',#4070);
#1169=VERTEX_POINT('',#4074);
#1170=VERTEX_POINT('',#4075);
#1171=VERTEX_POINT('',#4077);
#1172=VERTEX_POINT('',#4079);
#1173=VERTEX_POINT('',#4083);
#1174=VERTEX_POINT('',#4085);
#1175=VERTEX_POINT('',#4089);
#1176=VERTEX_POINT('',#4091);
#1177=VERTEX_POINT('',#4095);
#1178=VERTEX_POINT('',#4097);
#1179=VERTEX_POINT('',#4101);
#1180=VERTEX_POINT('',#4103);
#1181=VERTEX_POINT('',#4107);
#1182=VERTEX_POINT('',#4109);
#1183=VERTEX_POINT('',#4113);
#1184=VERTEX_POINT('',#4115);
#1185=VERTEX_POINT('',#4122);
#1186=VERTEX_POINT('',#4123);
#1187=VERTEX_POINT('',#4125);
#1188=VERTEX_POINT('',#4127);
#1189=VERTEX_POINT('',#4131);
#1190=VERTEX_POINT('',#4133);
#1191=VERTEX_POINT('',#4138);
#1192=VERTEX_POINT('',#4142);
#1193=VERTEX_POINT('',#4151);
#1194=VERTEX_POINT('',#4153);
#1195=VERTEX_POINT('',#4158);
#1196=VERTEX_POINT('',#4159);
#1197=VERTEX_POINT('',#4164);
#1198=VERTEX_POINT('',#4166);
#1199=VERTEX_POINT('',#4171);
#1200=VERTEX_POINT('',#4173);
#1201=VERTEX_POINT('',#4177);
#1202=VERTEX_POINT('',#4179);
#1203=VERTEX_POINT('',#4181);
#1204=VERTEX_POINT('',#4183);
#1205=VERTEX_POINT('',#4185);
#1206=VERTEX_POINT('',#4187);
#1207=VERTEX_POINT('',#4189);
#1208=VERTEX_POINT('',#4191);
#1209=VERTEX_POINT('',#4193);
#1210=VERTEX_POINT('',#4195);
#1211=VERTEX_POINT('',#4197);
#1212=VERTEX_POINT('',#4199);
#1213=VERTEX_POINT('',#4201);
#1214=VERTEX_POINT('',#4203);
#1215=VERTEX_POINT('',#4205);
#1216=VERTEX_POINT('',#4207);
#1217=VERTEX_POINT('',#4209);
#1218=VERTEX_POINT('',#4211);
#1219=VERTEX_POINT('',#4213);
#1220=VERTEX_POINT('',#4215);
#1221=VERTEX_POINT('',#4217);
#1222=VERTEX_POINT('',#4219);
#1223=VERTEX_POINT('',#4221);
#1224=VERTEX_POINT('',#4223);
#1225=VERTEX_POINT('',#4225);
#1226=VERTEX_POINT('',#4227);
#1227=VERTEX_POINT('',#4229);
#1228=VERTEX_POINT('',#4231);
#1229=VERTEX_POINT('',#4233);
#1230=VERTEX_POINT('',#4237);
#1231=VERTEX_POINT('',#4241);
#1232=VERTEX_POINT('',#4243);
#1233=VERTEX_POINT('',#4245);
#1234=VERTEX_POINT('',#4247);
#1235=VERTEX_POINT('',#4249);
#1236=VERTEX_POINT('',#4251);
#1237=VERTEX_POINT('',#4253);
#1238=VERTEX_POINT('',#4255);
#1239=VERTEX_POINT('',#4257);
#1240=VERTEX_POINT('',#4259);
#1241=VERTEX_POINT('',#4261);
#1242=VERTEX_POINT('',#4263);
#1243=VERTEX_POINT('',#4265);
#1244=VERTEX_POINT('',#4267);
#1245=VERTEX_POINT('',#4269);
#1246=VERTEX_POINT('',#4271);
#1247=VERTEX_POINT('',#4273);
#1248=VERTEX_POINT('',#4275);
#1249=VERTEX_POINT('',#4277);
#1250=VERTEX_POINT('',#4279);
#1251=VERTEX_POINT('',#4281);
#1252=VERTEX_POINT('',#4283);
#1253=VERTEX_POINT('',#4285);
#1254=VERTEX_POINT('',#4287);
#1255=VERTEX_POINT('',#4289);
#1256=VERTEX_POINT('',#4291);
#1257=VERTEX_POINT('',#4293);
#1258=VERTEX_POINT('',#4295);
#1259=VERTEX_POINT('',#4299);
#1260=VERTEX_POINT('',#4300);
#1261=VERTEX_POINT('',#4302);
#1262=VERTEX_POINT('',#4304);
#1263=VERTEX_POINT('',#4306);
#1264=VERTEX_POINT('',#4311);
#1265=VERTEX_POINT('',#4318);
#1266=VERTEX_POINT('',#4322);
#1267=VERTEX_POINT('',#4323);
#1268=VERTEX_POINT('',#4325);
#1269=VERTEX_POINT('',#4327);
#1270=VERTEX_POINT('',#4329);
#1271=VERTEX_POINT('',#4331);
#1272=VERTEX_POINT('',#4333);
#1273=VERTEX_POINT('',#4335);
#1274=VERTEX_POINT('',#4338);
#1275=VERTEX_POINT('',#4339);
#1276=VERTEX_POINT('',#4341);
#1277=VERTEX_POINT('',#4343);
#1278=VERTEX_POINT('',#4345);
#1279=VERTEX_POINT('',#4347);
#1280=VERTEX_POINT('',#4349);
#1281=VERTEX_POINT('',#4351);
#1282=VERTEX_POINT('',#4354);
#1283=VERTEX_POINT('',#4355);
#1284=VERTEX_POINT('',#4357);
#1285=VERTEX_POINT('',#4359);
#1286=VERTEX_POINT('',#4361);
#1287=VERTEX_POINT('',#4363);
#1288=VERTEX_POINT('',#4365);
#1289=VERTEX_POINT('',#4367);
#1290=VERTEX_POINT('',#4371);
#1291=VERTEX_POINT('',#4373);
#1292=VERTEX_POINT('',#4375);
#1293=VERTEX_POINT('',#4377);
#1294=VERTEX_POINT('',#4379);
#1295=VERTEX_POINT('',#4381);
#1296=VERTEX_POINT('',#4383);
#1297=VERTEX_POINT('',#4385);
#1298=VERTEX_POINT('',#4387);
#1299=VERTEX_POINT('',#4389);
#1300=VERTEX_POINT('',#4391);
#1301=VERTEX_POINT('',#4393);
#1302=VERTEX_POINT('',#4395);
#1303=VERTEX_POINT('',#4397);
#1304=VERTEX_POINT('',#4399);
#1305=VERTEX_POINT('',#4401);
#1306=VERTEX_POINT('',#4403);
#1307=VERTEX_POINT('',#4405);
#1308=VERTEX_POINT('',#4407);
#1309=VERTEX_POINT('',#4409);
#1310=VERTEX_POINT('',#4411);
#1311=VERTEX_POINT('',#4413);
#1312=VERTEX_POINT('',#4415);
#1313=VERTEX_POINT('',#4417);
#1314=VERTEX_POINT('',#4419);
#1315=VERTEX_POINT('',#4421);
#1316=VERTEX_POINT('',#4423);
#1317=VERTEX_POINT('',#4425);
#1318=VERTEX_POINT('',#4427);
#1319=VERTEX_POINT('',#4431);
#1320=VERTEX_POINT('',#4433);
#1321=VERTEX_POINT('',#4437);
#1322=VERTEX_POINT('',#4441);
#1323=VERTEX_POINT('',#4447);
#1324=VERTEX_POINT('',#4449);
#1325=VERTEX_POINT('',#4453);
#1326=VERTEX_POINT('',#4457);
#1327=VERTEX_POINT('',#4463);
#1328=VERTEX_POINT('',#4465);
#1329=VERTEX_POINT('',#4469);
#1330=VERTEX_POINT('',#4473);
#1331=VERTEX_POINT('',#4479);
#1332=VERTEX_POINT('',#4481);
#1333=VERTEX_POINT('',#4485);
#1334=VERTEX_POINT('',#4489);
#1335=VERTEX_POINT('',#4495);
#1336=VERTEX_POINT('',#4497);
#1337=VERTEX_POINT('',#4501);
#1338=VERTEX_POINT('',#4505);
#1339=VERTEX_POINT('',#4511);
#1340=VERTEX_POINT('',#4513);
#1341=VERTEX_POINT('',#4517);
#1342=VERTEX_POINT('',#4521);
#1343=VERTEX_POINT('',#4527);
#1344=VERTEX_POINT('',#4529);
#1345=VERTEX_POINT('',#4533);
#1346=VERTEX_POINT('',#4537);
#1347=VERTEX_POINT('',#4544);
#1348=VERTEX_POINT('',#4546);
#1349=VERTEX_POINT('',#4550);
#1350=VERTEX_POINT('',#4554);
#1351=VERTEX_POINT('',#4561);
#1352=VERTEX_POINT('',#4563);
#1353=VERTEX_POINT('',#4567);
#1354=VERTEX_POINT('',#4571);
#1355=VERTEX_POINT('',#4578);
#1356=VERTEX_POINT('',#4580);
#1357=VERTEX_POINT('',#4584);
#1358=VERTEX_POINT('',#4589);
#1359=VERTEX_POINT('',#4591);
#1360=VERTEX_POINT('',#4593);
#1361=VERTEX_POINT('',#4595);
#1362=VERTEX_POINT('',#4597);
#1363=VERTEX_POINT('',#4599);
#1364=VERTEX_POINT('',#4601);
#1365=VERTEX_POINT('',#4603);
#1366=VERTEX_POINT('',#4605);
#1367=VERTEX_POINT('',#4607);
#1368=VERTEX_POINT('',#4609);
#1369=VERTEX_POINT('',#4611);
#1370=VERTEX_POINT('',#4613);
#1371=VERTEX_POINT('',#4615);
#1372=VERTEX_POINT('',#4617);
#1373=VERTEX_POINT('',#4619);
#1374=VERTEX_POINT('',#4621);
#1375=VERTEX_POINT('',#4623);
#1376=VERTEX_POINT('',#4625);
#1377=VERTEX_POINT('',#4627);
#1378=VERTEX_POINT('',#4629);
#1379=VERTEX_POINT('',#4631);
#1380=VERTEX_POINT('',#4633);
#1381=VERTEX_POINT('',#4635);
#1382=VERTEX_POINT('',#4637);
#1383=VERTEX_POINT('',#4639);
#1384=VERTEX_POINT('',#4641);
#1385=VERTEX_POINT('',#4643);
#1386=VERTEX_POINT('',#4645);
#1387=VERTEX_POINT('',#4649);
#1388=VERTEX_POINT('',#4705);
#1389=VERTEX_POINT('',#4712);
#1390=VERTEX_POINT('',#4714);
#1391=VERTEX_POINT('',#4721);
#1392=VERTEX_POINT('',#4780);
#1393=VERTEX_POINT('',#4783);
#1394=VERTEX_POINT('',#4784);
#1395=VERTEX_POINT('',#4786);
#1396=VERTEX_POINT('',#4788);
#1397=VERTEX_POINT('',#4792);
#1398=VERTEX_POINT('',#4793);
#1399=VERTEX_POINT('',#4798);
#1400=VERTEX_POINT('',#4802);
#1401=VERTEX_POINT('',#4808);
#1402=VERTEX_POINT('',#4909);
#1403=VERTEX_POINT('',#5029);
#1404=VERTEX_POINT('',#5081);
#1405=VERTEX_POINT('',#5094);
#1406=EDGE_CURVE('',#1137,#1138,#515,.T.);
#1407=EDGE_CURVE('',#1138,#1139,#516,.T.);
#1408=EDGE_CURVE('',#1139,#1140,#517,.T.);
#1409=EDGE_CURVE('',#1140,#1137,#518,.T.);
#1410=EDGE_CURVE('',#1141,#1142,#57,.T.);
#1411=EDGE_CURVE('',#1142,#1143,#519,.T.);
#1412=EDGE_CURVE('',#1143,#1144,#58,.T.);
#1413=EDGE_CURVE('',#1144,#1141,#520,.T.);
#1414=EDGE_CURVE('',#1145,#1142,#521,.T.);
#1415=EDGE_CURVE('',#1146,#1145,#522,.T.);
#1416=EDGE_CURVE('',#1143,#1146,#523,.T.);
#1417=EDGE_CURVE('',#1145,#1147,#59,.T.);
#1418=EDGE_CURVE('',#1147,#1148,#524,.T.);
#1419=EDGE_CURVE('',#1148,#1146,#60,.T.);
#1420=EDGE_CURVE('',#1149,#1147,#525,.T.);
#1421=EDGE_CURVE('',#1150,#1149,#526,.T.);
#1422=EDGE_CURVE('',#1148,#1150,#527,.T.);
#1423=EDGE_CURVE('',#1149,#1151,#61,.T.);
#1424=EDGE_CURVE('',#1151,#1152,#528,.T.);
#1425=EDGE_CURVE('',#1152,#1150,#62,.T.);
#1426=EDGE_CURVE('',#1153,#1151,#529,.T.);
#1427=EDGE_CURVE('',#1154,#1153,#530,.T.);
#1428=EDGE_CURVE('',#1152,#1154,#531,.T.);
#1429=EDGE_CURVE('',#1153,#1155,#63,.T.);
#1430=EDGE_CURVE('',#1155,#1156,#532,.T.);
#1431=EDGE_CURVE('',#1156,#1154,#64,.T.);
#1432=EDGE_CURVE('',#1156,#1144,#533,.T.);
#1433=EDGE_CURVE('',#1141,#1155,#534,.T.);
#1434=EDGE_CURVE('',#1157,#1158,#65,.T.);
#1435=EDGE_CURVE('',#1158,#1159,#535,.T.);
#1436=EDGE_CURVE('',#1159,#1160,#66,.T.);
#1437=EDGE_CURVE('',#1160,#1157,#536,.T.);
#1438=EDGE_CURVE('',#1161,#1158,#537,.T.);
#1439=EDGE_CURVE('',#1162,#1161,#538,.T.);
#1440=EDGE_CURVE('',#1162,#1159,#539,.T.);
#1441=EDGE_CURVE('',#1157,#1140,#540,.T.);
#1442=EDGE_CURVE('',#1163,#1139,#541,.T.);
#1443=EDGE_CURVE('',#1161,#1163,#67,.T.);
#1444=EDGE_CURVE('',#1163,#1164,#542,.T.);
#1445=EDGE_CURVE('',#1164,#1162,#68,.T.);
#1446=EDGE_CURVE('',#1164,#1138,#543,.T.);
#1447=EDGE_CURVE('',#1160,#1137,#544,.T.);
#1448=EDGE_CURVE('',#1165,#1166,#545,.T.);
#1449=EDGE_CURVE('',#1166,#1167,#546,.T.);
#1450=EDGE_CURVE('',#1167,#1168,#547,.T.);
#1451=EDGE_CURVE('',#1168,#1165,#548,.T.);
#1452=EDGE_CURVE('',#1169,#1170,#69,.T.);
#1453=EDGE_CURVE('',#1170,#1171,#549,.T.);
#1454=EDGE_CURVE('',#1171,#1172,#70,.T.);
#1455=EDGE_CURVE('',#1172,#1169,#550,.T.);
#1456=EDGE_CURVE('',#1173,#1170,#551,.T.);
#1457=EDGE_CURVE('',#1174,#1173,#552,.T.);
#1458=EDGE_CURVE('',#1171,#1174,#553,.T.);
#1459=EDGE_CURVE('',#1173,#1175,#71,.T.);
#1460=EDGE_CURVE('',#1175,#1176,#554,.T.);
#1461=EDGE_CURVE('',#1176,#1174,#72,.T.);
#1462=EDGE_CURVE('',#1177,#1175,#555,.T.);
#1463=EDGE_CURVE('',#1178,#1177,#556,.T.);
#1464=EDGE_CURVE('',#1176,#1178,#557,.T.);
#1465=EDGE_CURVE('',#1177,#1179,#73,.T.);
#1466=EDGE_CURVE('',#1179,#1180,#558,.T.);
#1467=EDGE_CURVE('',#1180,#1178,#74,.T.);
#1468=EDGE_CURVE('',#1181,#1179,#559,.T.);
#1469=EDGE_CURVE('',#1182,#1181,#560,.T.);
#1470=EDGE_CURVE('',#1180,#1182,#561,.T.);
#1471=EDGE_CURVE('',#1181,#1183,#75,.T.);
#1472=EDGE_CURVE('',#1183,#1184,#562,.T.);
#1473=EDGE_CURVE('',#1184,#1182,#76,.T.);
#1474=EDGE_CURVE('',#1184,#1172,#563,.T.);
#1475=EDGE_CURVE('',#1169,#1183,#564,.T.);
#1476=EDGE_CURVE('',#1185,#1186,#77,.T.);
#1477=EDGE_CURVE('',#1186,#1187,#565,.T.);
#1478=EDGE_CURVE('',#1187,#1188,#78,.T.);
#1479=EDGE_CURVE('',#1188,#1185,#566,.T.);
#1480=EDGE_CURVE('',#1189,#1186,#567,.T.);
#1481=EDGE_CURVE('',#1190,#1189,#568,.T.);
#1482=EDGE_CURVE('',#1190,#1187,#569,.T.);
#1483=EDGE_CURVE('',#1185,#1168,#570,.T.);
#1484=EDGE_CURVE('',#1191,#1167,#571,.T.);
#1485=EDGE_CURVE('',#1189,#1191,#79,.T.);
#1486=EDGE_CURVE('',#1191,#1192,#572,.T.);
#1487=EDGE_CURVE('',#1192,#1190,#80,.T.);
#1488=EDGE_CURVE('',#1192,#1166,#573,.T.);
#1489=EDGE_CURVE('',#1188,#1165,#574,.T.);
#1490=EDGE_CURVE('',#1193,#1193,#81,.T.);
#1491=EDGE_CURVE('',#1193,#1194,#575,.T.);
#1492=EDGE_CURVE('',#1194,#1194,#82,.T.);
#1493=EDGE_CURVE('',#1195,#1196,#20,.T.);
#1494=EDGE_CURVE('',#1196,#1197,#576,.T.);
#1495=EDGE_CURVE('',#1197,#1198,#21,.T.);
#1496=EDGE_CURVE('',#1198,#1199,#83,.T.);
#1497=EDGE_CURVE('',#1199,#1200,#577,.T.);
#1498=EDGE_CURVE('',#1200,#1195,#84,.T.);
#1499=EDGE_CURVE('',#1201,#1200,#578,.T.);
#1500=EDGE_CURVE('',#1202,#1201,#579,.T.);
#1501=EDGE_CURVE('',#1203,#1202,#85,.T.);
#1502=EDGE_CURVE('',#1203,#1204,#580,.T.);
#1503=EDGE_CURVE('',#1205,#1204,#86,.T.);
#1504=EDGE_CURVE('',#1206,#1205,#581,.T.);
#1505=EDGE_CURVE('',#1207,#1206,#87,.T.);
#1506=EDGE_CURVE('',#1207,#1208,#582,.T.);
#1507=EDGE_CURVE('',#1209,#1208,#88,.T.);
#1508=EDGE_CURVE('',#1210,#1209,#583,.T.);
#1509=EDGE_CURVE('',#1211,#1210,#89,.T.);
#1510=EDGE_CURVE('',#1211,#1212,#584,.T.);
#1511=EDGE_CURVE('',#1213,#1212,#90,.T.);
#1512=EDGE_CURVE('',#1214,#1213,#585,.T.);
#1513=EDGE_CURVE('',#1215,#1214,#91,.T.);
#1514=EDGE_CURVE('',#1215,#1216,#586,.T.);
#1515=EDGE_CURVE('',#1217,#1216,#92,.T.);
#1516=EDGE_CURVE('',#1218,#1217,#587,.T.);
#1517=EDGE_CURVE('',#1219,#1218,#93,.T.);
#1518=EDGE_CURVE('',#1219,#1220,#588,.T.);
#1519=EDGE_CURVE('',#1221,#1220,#94,.T.);
#1520=EDGE_CURVE('',#1222,#1221,#589,.T.);
#1521=EDGE_CURVE('',#1223,#1222,#95,.T.);
#1522=EDGE_CURVE('',#1223,#1224,#590,.T.);
#1523=EDGE_CURVE('',#1224,#1225,#591,.T.);
#1524=EDGE_CURVE('',#1226,#1225,#592,.T.);
#1525=EDGE_CURVE('',#1227,#1226,#593,.T.);
#1526=EDGE_CURVE('',#1228,#1227,#594,.T.);
#1527=EDGE_CURVE('',#1228,#1229,#595,.T.);
#1528=EDGE_CURVE('',#1195,#1229,#596,.T.);
#1529=EDGE_CURVE('',#1199,#1230,#597,.T.);
#1530=EDGE_CURVE('',#1230,#1201,#598,.T.);
#1531=EDGE_CURVE('',#1231,#1198,#599,.T.);
#1532=EDGE_CURVE('',#1232,#1231,#600,.T.);
#1533=EDGE_CURVE('',#1233,#1232,#601,.T.);
#1534=EDGE_CURVE('',#1234,#1233,#602,.T.);
#1535=EDGE_CURVE('',#1235,#1234,#603,.T.);
#1536=EDGE_CURVE('',#1235,#1236,#604,.T.);
#1537=EDGE_CURVE('',#1236,#1237,#605,.T.);
#1538=EDGE_CURVE('',#1238,#1237,#96,.T.);
#1539=EDGE_CURVE('',#1239,#1238,#606,.T.);
#1540=EDGE_CURVE('',#1240,#1239,#97,.T.);
#1541=EDGE_CURVE('',#1240,#1241,#607,.T.);
#1542=EDGE_CURVE('',#1242,#1241,#98,.T.);
#1543=EDGE_CURVE('',#1243,#1242,#608,.T.);
#1544=EDGE_CURVE('',#1244,#1243,#99,.T.);
#1545=EDGE_CURVE('',#1244,#1245,#609,.T.);
#1546=EDGE_CURVE('',#1246,#1245,#100,.T.);
#1547=EDGE_CURVE('',#1247,#1246,#610,.T.);
#1548=EDGE_CURVE('',#1248,#1247,#101,.T.);
#1549=EDGE_CURVE('',#1248,#1249,#611,.T.);
#1550=EDGE_CURVE('',#1250,#1249,#102,.T.);
#1551=EDGE_CURVE('',#1251,#1250,#612,.T.);
#1552=EDGE_CURVE('',#1252,#1251,#103,.T.);
#1553=EDGE_CURVE('',#1252,#1253,#613,.T.);
#1554=EDGE_CURVE('',#1254,#1253,#104,.T.);
#1555=EDGE_CURVE('',#1255,#1254,#614,.T.);
#1556=EDGE_CURVE('',#1256,#1255,#105,.T.);
#1557=EDGE_CURVE('',#1256,#1257,#615,.T.);
#1558=EDGE_CURVE('',#1258,#1257,#106,.T.);
#1559=EDGE_CURVE('',#1230,#1258,#616,.T.);
#1560=EDGE_CURVE('',#1259,#1260,#107,.T.);
#1561=EDGE_CURVE('',#1260,#1261,#617,.T.);
#1562=EDGE_CURVE('',#1261,#1262,#108,.T.);
#1563=EDGE_CURVE('',#1262,#1263,#22,.T.);
#1564=EDGE_CURVE('',#1263,#1264,#618,.T.);
#1565=EDGE_CURVE('',#1264,#1259,#23,.T.);
#1566=EDGE_CURVE('',#1265,#1196,#109,.T.);
#1567=EDGE_CURVE('',#1264,#1265,#110,.T.);
#1568=EDGE_CURVE('',#1197,#1263,#111,.T.);
#1569=EDGE_CURVE('',#1266,#1267,#619,.T.);
#1570=EDGE_CURVE('',#1267,#1268,#620,.T.);
#1571=EDGE_CURVE('',#1268,#1269,#621,.T.);
#1572=EDGE_CURVE('',#1269,#1270,#622,.T.);
#1573=EDGE_CURVE('',#1270,#1271,#623,.T.);
#1574=EDGE_CURVE('',#1271,#1272,#624,.T.);
#1575=EDGE_CURVE('',#1272,#1273,#625,.T.);
#1576=EDGE_CURVE('',#1273,#1266,#626,.T.);
#1577=EDGE_CURVE('',#1274,#1275,#627,.T.);
#1578=EDGE_CURVE('',#1275,#1276,#628,.T.);
#1579=EDGE_CURVE('',#1276,#1277,#629,.T.);
#1580=EDGE_CURVE('',#1277,#1278,#630,.T.);
#1581=EDGE_CURVE('',#1278,#1279,#631,.T.);
#1582=EDGE_CURVE('',#1279,#1280,#632,.T.);
#1583=EDGE_CURVE('',#1280,#1281,#633,.T.);
#1584=EDGE_CURVE('',#1281,#1274,#634,.T.);
#1585=EDGE_CURVE('',#1282,#1283,#635,.T.);
#1586=EDGE_CURVE('',#1283,#1284,#636,.T.);
#1587=EDGE_CURVE('',#1284,#1285,#637,.T.);
#1588=EDGE_CURVE('',#1285,#1286,#638,.T.);
#1589=EDGE_CURVE('',#1286,#1287,#639,.T.);
#1590=EDGE_CURVE('',#1287,#1288,#640,.T.);
#1591=EDGE_CURVE('',#1288,#1289,#641,.T.);
#1592=EDGE_CURVE('',#1289,#1282,#642,.T.);
#1593=EDGE_CURVE('',#1261,#1290,#643,.T.);
#1594=EDGE_CURVE('',#1290,#1291,#644,.T.);
#1595=EDGE_CURVE('',#1291,#1292,#112,.T.);
#1596=EDGE_CURVE('',#1293,#1292,#645,.T.);
#1597=EDGE_CURVE('',#1293,#1294,#113,.T.);
#1598=EDGE_CURVE('',#1294,#1295,#646,.T.);
#1599=EDGE_CURVE('',#1295,#1296,#114,.T.);
#1600=EDGE_CURVE('',#1297,#1296,#647,.T.);
#1601=EDGE_CURVE('',#1297,#1298,#115,.T.);
#1602=EDGE_CURVE('',#1298,#1299,#648,.T.);
#1603=EDGE_CURVE('',#1299,#1300,#116,.T.);
#1604=EDGE_CURVE('',#1301,#1300,#649,.T.);
#1605=EDGE_CURVE('',#1301,#1302,#117,.T.);
#1606=EDGE_CURVE('',#1302,#1303,#650,.T.);
#1607=EDGE_CURVE('',#1303,#1304,#118,.T.);
#1608=EDGE_CURVE('',#1305,#1304,#651,.T.);
#1609=EDGE_CURVE('',#1305,#1306,#119,.T.);
#1610=EDGE_CURVE('',#1306,#1307,#652,.T.);
#1611=EDGE_CURVE('',#1307,#1308,#120,.T.);
#1612=EDGE_CURVE('',#1309,#1308,#653,.T.);
#1613=EDGE_CURVE('',#1309,#1310,#121,.T.);
#1614=EDGE_CURVE('',#1310,#1311,#654,.T.);
#1615=EDGE_CURVE('',#1311,#1312,#122,.T.);
#1616=EDGE_CURVE('',#1313,#1312,#655,.T.);
#1617=EDGE_CURVE('',#1314,#1313,#656,.T.);
#1618=EDGE_CURVE('',#1315,#1314,#657,.T.);
#1619=EDGE_CURVE('',#1315,#1316,#658,.T.);
#1620=EDGE_CURVE('',#1316,#1317,#659,.T.);
#1621=EDGE_CURVE('',#1317,#1318,#660,.T.);
#1622=EDGE_CURVE('',#1262,#1318,#661,.T.);
#1623=EDGE_CURVE('',#1268,#1319,#662,.T.);
#1624=EDGE_CURVE('',#1319,#1320,#663,.T.);
#1625=EDGE_CURVE('',#1269,#1320,#664,.T.);
#1626=EDGE_CURVE('',#1267,#1321,#665,.T.);
#1627=EDGE_CURVE('',#1321,#1319,#666,.T.);
#1628=EDGE_CURVE('',#1266,#1322,#667,.T.);
#1629=EDGE_CURVE('',#1322,#1321,#668,.T.);
#1630=EDGE_CURVE('',#1320,#1322,#669,.T.);
#1631=EDGE_CURVE('',#1271,#1323,#670,.T.);
#1632=EDGE_CURVE('',#1323,#1324,#671,.T.);
#1633=EDGE_CURVE('',#1272,#1324,#672,.T.);
#1634=EDGE_CURVE('',#1270,#1325,#673,.T.);
#1635=EDGE_CURVE('',#1325,#1323,#674,.T.);
#1636=EDGE_CURVE('',#1324,#1326,#675,.T.);
#1637=EDGE_CURVE('',#1273,#1326,#676,.T.);
#1638=EDGE_CURVE('',#1326,#1325,#677,.T.);
#1639=EDGE_CURVE('',#1280,#1327,#678,.T.);
#1640=EDGE_CURVE('',#1328,#1327,#679,.T.);
#1641=EDGE_CURVE('',#1281,#1328,#680,.T.);
#1642=EDGE_CURVE('',#1329,#1328,#681,.T.);
#1643=EDGE_CURVE('',#1274,#1329,#682,.T.);
#1644=EDGE_CURVE('',#1330,#1329,#683,.T.);
#1645=EDGE_CURVE('',#1275,#1330,#684,.T.);
#1646=EDGE_CURVE('',#1327,#1330,#685,.T.);
#1647=EDGE_CURVE('',#1276,#1331,#686,.T.);
#1648=EDGE_CURVE('',#1332,#1331,#687,.T.);
#1649=EDGE_CURVE('',#1277,#1332,#688,.T.);
#1650=EDGE_CURVE('',#1333,#1332,#689,.T.);
#1651=EDGE_CURVE('',#1278,#1333,#690,.T.);
#1652=EDGE_CURVE('',#1334,#1333,#691,.T.);
#1653=EDGE_CURVE('',#1279,#1334,#692,.T.);
#1654=EDGE_CURVE('',#1331,#1334,#693,.T.);
#1655=EDGE_CURVE('',#1289,#1335,#694,.T.);
#1656=EDGE_CURVE('',#1336,#1335,#695,.T.);
#1657=EDGE_CURVE('',#1282,#1336,#696,.T.);
#1658=EDGE_CURVE('',#1337,#1336,#697,.T.);
#1659=EDGE_CURVE('',#1283,#1337,#698,.T.);
#1660=EDGE_CURVE('',#1288,#1338,#699,.T.);
#1661=EDGE_CURVE('',#1335,#1338,#700,.T.);
#1662=EDGE_CURVE('',#1338,#1337,#701,.T.);
#1663=EDGE_CURVE('',#1284,#1339,#702,.T.);
#1664=EDGE_CURVE('',#1340,#1339,#703,.T.);
#1665=EDGE_CURVE('',#1285,#1340,#704,.T.);
#1666=EDGE_CURVE('',#1341,#1340,#705,.T.);
#1667=EDGE_CURVE('',#1286,#1341,#706,.T.);
#1668=EDGE_CURVE('',#1342,#1341,#707,.T.);
#1669=EDGE_CURVE('',#1287,#1342,#708,.T.);
#1670=EDGE_CURVE('',#1339,#1342,#709,.T.);
#1671=EDGE_CURVE('',#1266,#1343,#710,.T.);
#1672=EDGE_CURVE('',#1343,#1344,#711,.T.);
#1673=EDGE_CURVE('',#1269,#1344,#712,.T.);
#1674=EDGE_CURVE('',#1273,#1345,#713,.T.);
#1675=EDGE_CURVE('',#1345,#1343,#714,.T.);
#1676=EDGE_CURVE('',#1270,#1346,#715,.T.);
#1677=EDGE_CURVE('',#1346,#1345,#716,.T.);
#1678=EDGE_CURVE('',#1344,#1346,#717,.T.);
#1679=EDGE_CURVE('',#1280,#1347,#718,.T.);
#1680=EDGE_CURVE('',#1347,#1348,#719,.T.);
#1681=EDGE_CURVE('',#1275,#1348,#720,.T.);
#1682=EDGE_CURVE('',#1279,#1349,#721,.T.);
#1683=EDGE_CURVE('',#1349,#1347,#722,.T.);
#1684=EDGE_CURVE('',#1276,#1350,#723,.T.);
#1685=EDGE_CURVE('',#1350,#1349,#724,.T.);
#1686=EDGE_CURVE('',#1348,#1350,#725,.T.);
#1687=EDGE_CURVE('',#1288,#1351,#726,.T.);
#1688=EDGE_CURVE('',#1351,#1352,#727,.T.);
#1689=EDGE_CURVE('',#1283,#1352,#728,.T.);
#1690=EDGE_CURVE('',#1287,#1353,#729,.T.);
#1691=EDGE_CURVE('',#1353,#1351,#730,.T.);
#1692=EDGE_CURVE('',#1284,#1354,#731,.T.);
#1693=EDGE_CURVE('',#1354,#1353,#732,.T.);
#1694=EDGE_CURVE('',#1352,#1354,#733,.T.);
#1695=EDGE_CURVE('',#1355,#1355,#123,.T.);
#1696=EDGE_CURVE('',#1355,#1356,#734,.T.);
#1697=EDGE_CURVE('',#1356,#1356,#124,.T.);
#1698=EDGE_CURVE('',#1355,#1357,#735,.T.);
#1699=EDGE_CURVE('',#1357,#1357,#125,.T.);
#1700=EDGE_CURVE('',#1358,#1259,#736,.T.);
#1701=EDGE_CURVE('',#1359,#1358,#737,.T.);
#1702=EDGE_CURVE('',#1359,#1360,#738,.T.);
#1703=EDGE_CURVE('',#1360,#1361,#739,.T.);
#1704=EDGE_CURVE('',#1362,#1361,#740,.T.);
#1705=EDGE_CURVE('',#1363,#1362,#741,.T.);
#1706=EDGE_CURVE('',#1364,#1363,#742,.T.);
#1707=EDGE_CURVE('',#1364,#1365,#126,.T.);
#1708=EDGE_CURVE('',#1365,#1366,#743,.T.);
#1709=EDGE_CURVE('',#1366,#1367,#127,.T.);
#1710=EDGE_CURVE('',#1368,#1367,#744,.T.);
#1711=EDGE_CURVE('',#1368,#1369,#128,.T.);
#1712=EDGE_CURVE('',#1369,#1370,#745,.T.);
#1713=EDGE_CURVE('',#1370,#1371,#129,.T.);
#1714=EDGE_CURVE('',#1372,#1371,#746,.T.);
#1715=EDGE_CURVE('',#1372,#1373,#130,.T.);
#1716=EDGE_CURVE('',#1373,#1374,#747,.T.);
#1717=EDGE_CURVE('',#1374,#1375,#131,.T.);
#1718=EDGE_CURVE('',#1376,#1375,#748,.T.);
#1719=EDGE_CURVE('',#1376,#1377,#132,.T.);
#1720=EDGE_CURVE('',#1377,#1378,#749,.T.);
#1721=EDGE_CURVE('',#1378,#1379,#133,.T.);
#1722=EDGE_CURVE('',#1380,#1379,#750,.T.);
#1723=EDGE_CURVE('',#1380,#1381,#134,.T.);
#1724=EDGE_CURVE('',#1381,#1382,#751,.T.);
#1725=EDGE_CURVE('',#1382,#1383,#135,.T.);
#1726=EDGE_CURVE('',#1384,#1383,#752,.T.);
#1727=EDGE_CURVE('',#1384,#1385,#136,.T.);
#1728=EDGE_CURVE('',#1385,#1386,#753,.T.);
#1729=EDGE_CURVE('',#1386,#1260,#754,.T.);
#1730=EDGE_CURVE('',#1318,#1387,#137,.T.);
#1731=EDGE_CURVE('',#1317,#1387,#755,.T.);
#1732=EDGE_CURVE('',#1387,#1358,#138,.T.);
#1733=EDGE_CURVE('',#1387,#1359,#756,.T.);
#1734=EDGE_CURVE('',#1292,#1384,#757,.T.);
#1735=EDGE_CURVE('',#1385,#1291,#758,.T.);
#1736=EDGE_CURVE('',#1290,#1386,#759,.T.);
#1737=EDGE_CURVE('',#1383,#1293,#760,.T.);
#1738=EDGE_CURVE('',#1294,#1382,#761,.T.);
#1739=EDGE_CURVE('',#1381,#1295,#762,.T.);
#1740=EDGE_CURVE('',#1296,#1380,#763,.T.);
#1741=EDGE_CURVE('',#1379,#1297,#764,.T.);
#1742=EDGE_CURVE('',#1298,#1378,#765,.T.);
#1743=EDGE_CURVE('',#1377,#1299,#766,.T.);
#1744=EDGE_CURVE('',#1300,#1376,#767,.T.);
#1745=EDGE_CURVE('',#1375,#1301,#768,.T.);
#1746=EDGE_CURVE('',#1302,#1374,#769,.T.);
#1747=EDGE_CURVE('',#1373,#1303,#770,.T.);
#1748=EDGE_CURVE('',#1304,#1372,#771,.T.);
#1749=EDGE_CURVE('',#1371,#1305,#772,.T.);
#1750=EDGE_CURVE('',#1306,#1370,#773,.T.);
#1751=EDGE_CURVE('',#1369,#1307,#774,.T.);
#1752=EDGE_CURVE('',#1308,#1368,#775,.T.);
#1753=EDGE_CURVE('',#1367,#1309,#776,.T.);
#1754=EDGE_CURVE('',#1310,#1366,#777,.T.);
#1755=EDGE_CURVE('',#1312,#1364,#778,.T.);
#1756=EDGE_CURVE('',#1365,#1311,#779,.T.);
#1757=EDGE_CURVE('',#1314,#1362,#780,.T.);
#1758=EDGE_CURVE('',#1363,#1313,#781,.T.);
#1759=EDGE_CURVE('',#1361,#1388,#782,.T.);
#1760=EDGE_CURVE('',#1316,#1360,#783,.T.);
#1761=EDGE_CURVE('',#1388,#1315,#784,.T.);
#1762=EDGE_CURVE('',#1389,#1388,#139,.T.);
#1763=EDGE_CURVE('',#1388,#1390,#140,.T.);
#1764=EDGE_CURVE('',#1390,#1389,#141,.T.);
#1765=EDGE_CURVE('',#1389,#1226,#785,.T.);
#1766=EDGE_CURVE('',#1225,#1235,#786,.T.);
#1767=EDGE_CURVE('',#1234,#1389,#787,.T.);
#1768=EDGE_CURVE('',#1229,#1391,#142,.T.);
#1769=EDGE_CURVE('',#1391,#1228,#788,.T.);
#1770=EDGE_CURVE('',#1202,#1258,#789,.T.);
#1771=EDGE_CURVE('',#1257,#1203,#790,.T.);
#1772=EDGE_CURVE('',#1255,#1205,#791,.T.);
#1773=EDGE_CURVE('',#1204,#1256,#792,.T.);
#1774=EDGE_CURVE('',#1206,#1254,#793,.T.);
#1775=EDGE_CURVE('',#1253,#1207,#794,.T.);
#1776=EDGE_CURVE('',#1251,#1209,#795,.T.);
#1777=EDGE_CURVE('',#1208,#1252,#796,.T.);
#1778=EDGE_CURVE('',#1210,#1250,#797,.T.);
#1779=EDGE_CURVE('',#1249,#1211,#798,.T.);
#1780=EDGE_CURVE('',#1247,#1213,#799,.T.);
#1781=EDGE_CURVE('',#1212,#1248,#800,.T.);
#1782=EDGE_CURVE('',#1214,#1246,#801,.T.);
#1783=EDGE_CURVE('',#1245,#1215,#802,.T.);
#1784=EDGE_CURVE('',#1243,#1217,#803,.T.);
#1785=EDGE_CURVE('',#1216,#1244,#804,.T.);
#1786=EDGE_CURVE('',#1218,#1242,#805,.T.);
#1787=EDGE_CURVE('',#1241,#1219,#806,.T.);
#1788=EDGE_CURVE('',#1239,#1221,#807,.T.);
#1789=EDGE_CURVE('',#1220,#1240,#808,.T.);
#1790=EDGE_CURVE('',#1222,#1238,#809,.T.);
#1791=EDGE_CURVE('',#1237,#1223,#810,.T.);
#1792=EDGE_CURVE('',#1224,#1236,#811,.T.);
#1793=EDGE_CURVE('',#1391,#1231,#143,.T.);
#1794=EDGE_CURVE('',#1232,#1391,#812,.T.);
#1795=EDGE_CURVE('',#1233,#1227,#813,.T.);
#1796=EDGE_CURVE('',#1390,#1265,#814,.T.);
#1797=EDGE_CURVE('',#1392,#1392,#144,.T.);
#1798=EDGE_CURVE('',#1393,#1394,#145,.T.);
#1799=EDGE_CURVE('',#1395,#1393,#815,.T.);
#1800=EDGE_CURVE('',#1396,#1395,#146,.T.);
#1801=EDGE_CURVE('',#1394,#1396,#816,.T.);
#1802=EDGE_CURVE('',#1397,#1398,#147,.T.);
#1803=EDGE_CURVE('',#1397,#1393,#817,.T.);
#1804=EDGE_CURVE('',#1398,#1394,#818,.T.);
#1805=EDGE_CURVE('',#1399,#1397,#819,.T.);
#1806=EDGE_CURVE('',#1399,#1395,#820,.T.);
#1807=EDGE_CURVE('',#1400,#1399,#148,.T.);
#1808=EDGE_CURVE('',#1400,#1396,#821,.T.);
#1809=EDGE_CURVE('',#1398,#1400,#822,.T.);
#1810=EDGE_CURVE('',#1401,#1401,#24,.T.);
#1811=EDGE_CURVE('',#1402,#1402,#25,.T.);
#1812=EDGE_CURVE('',#1403,#1403,#26,.T.);
#1813=EDGE_CURVE('',#1403,#1402,#823,.T.);
#1814=EDGE_CURVE('',#1404,#1404,#27,.T.);
#1815=EDGE_CURVE('',#1404,#1401,#824,.T.);
#1816=EDGE_CURVE('',#1405,#1405,#28,.F.);
#1817=EDGE_CURVE('',#1405,#1392,#825,.T.);
#1818=ORIENTED_EDGE('',*,*,#1406,.T.);
#1819=ORIENTED_EDGE('',*,*,#1407,.T.);
#1820=ORIENTED_EDGE('',*,*,#1408,.T.);
#1821=ORIENTED_EDGE('',*,*,#1409,.T.);
#1822=ORIENTED_EDGE('',*,*,#1410,.T.);
#1823=ORIENTED_EDGE('',*,*,#1411,.T.);
#1824=ORIENTED_EDGE('',*,*,#1412,.T.);
#1825=ORIENTED_EDGE('',*,*,#1413,.T.);
#1826=ORIENTED_EDGE('',*,*,#1411,.F.);
#1827=ORIENTED_EDGE('',*,*,#1414,.F.);
#1828=ORIENTED_EDGE('',*,*,#1415,.F.);
#1829=ORIENTED_EDGE('',*,*,#1416,.F.);
#1830=ORIENTED_EDGE('',*,*,#1417,.T.);
#1831=ORIENTED_EDGE('',*,*,#1418,.T.);
#1832=ORIENTED_EDGE('',*,*,#1419,.T.);
#1833=ORIENTED_EDGE('',*,*,#1415,.T.);
#1834=ORIENTED_EDGE('',*,*,#1418,.F.);
#1835=ORIENTED_EDGE('',*,*,#1420,.F.);
#1836=ORIENTED_EDGE('',*,*,#1421,.F.);
#1837=ORIENTED_EDGE('',*,*,#1422,.F.);
#1838=ORIENTED_EDGE('',*,*,#1423,.T.);
#1839=ORIENTED_EDGE('',*,*,#1424,.T.);
#1840=ORIENTED_EDGE('',*,*,#1425,.T.);
#1841=ORIENTED_EDGE('',*,*,#1421,.T.);
#1842=ORIENTED_EDGE('',*,*,#1424,.F.);
#1843=ORIENTED_EDGE('',*,*,#1426,.F.);
#1844=ORIENTED_EDGE('',*,*,#1427,.F.);
#1845=ORIENTED_EDGE('',*,*,#1428,.F.);
#1846=ORIENTED_EDGE('',*,*,#1429,.T.);
#1847=ORIENTED_EDGE('',*,*,#1430,.T.);
#1848=ORIENTED_EDGE('',*,*,#1431,.T.);
#1849=ORIENTED_EDGE('',*,*,#1427,.T.);
#1850=ORIENTED_EDGE('',*,*,#1413,.F.);
#1851=ORIENTED_EDGE('',*,*,#1432,.F.);
#1852=ORIENTED_EDGE('',*,*,#1430,.F.);
#1853=ORIENTED_EDGE('',*,*,#1433,.F.);
#1854=ORIENTED_EDGE('',*,*,#1434,.T.);
#1855=ORIENTED_EDGE('',*,*,#1435,.T.);
#1856=ORIENTED_EDGE('',*,*,#1436,.T.);
#1857=ORIENTED_EDGE('',*,*,#1437,.T.);
#1858=ORIENTED_EDGE('',*,*,#1435,.F.);
#1859=ORIENTED_EDGE('',*,*,#1438,.F.);
#1860=ORIENTED_EDGE('',*,*,#1439,.F.);
#1861=ORIENTED_EDGE('',*,*,#1440,.T.);
#1862=ORIENTED_EDGE('',*,*,#1434,.F.);
#1863=ORIENTED_EDGE('',*,*,#1441,.T.);
#1864=ORIENTED_EDGE('',*,*,#1408,.F.);
#1865=ORIENTED_EDGE('',*,*,#1442,.F.);
#1866=ORIENTED_EDGE('',*,*,#1443,.F.);
#1867=ORIENTED_EDGE('',*,*,#1438,.T.);
#1868=ORIENTED_EDGE('',*,*,#1414,.T.);
#1869=ORIENTED_EDGE('',*,*,#1410,.F.);
#1870=ORIENTED_EDGE('',*,*,#1433,.T.);
#1871=ORIENTED_EDGE('',*,*,#1429,.F.);
#1872=ORIENTED_EDGE('',*,*,#1426,.T.);
#1873=ORIENTED_EDGE('',*,*,#1423,.F.);
#1874=ORIENTED_EDGE('',*,*,#1420,.T.);
#1875=ORIENTED_EDGE('',*,*,#1417,.F.);
#1876=ORIENTED_EDGE('',*,*,#1443,.T.);
#1877=ORIENTED_EDGE('',*,*,#1444,.T.);
#1878=ORIENTED_EDGE('',*,*,#1445,.T.);
#1879=ORIENTED_EDGE('',*,*,#1439,.T.);
#1880=ORIENTED_EDGE('',*,*,#1444,.F.);
#1881=ORIENTED_EDGE('',*,*,#1442,.T.);
#1882=ORIENTED_EDGE('',*,*,#1407,.F.);
#1883=ORIENTED_EDGE('',*,*,#1446,.F.);
#1884=ORIENTED_EDGE('',*,*,#1437,.F.);
#1885=ORIENTED_EDGE('',*,*,#1447,.T.);
#1886=ORIENTED_EDGE('',*,*,#1409,.F.);
#1887=ORIENTED_EDGE('',*,*,#1441,.F.);
#1888=ORIENTED_EDGE('',*,*,#1436,.F.);
#1889=ORIENTED_EDGE('',*,*,#1440,.F.);
#1890=ORIENTED_EDGE('',*,*,#1445,.F.);
#1891=ORIENTED_EDGE('',*,*,#1446,.T.);
#1892=ORIENTED_EDGE('',*,*,#1406,.F.);
#1893=ORIENTED_EDGE('',*,*,#1447,.F.);
#1894=ORIENTED_EDGE('',*,*,#1416,.T.);
#1895=ORIENTED_EDGE('',*,*,#1419,.F.);
#1896=ORIENTED_EDGE('',*,*,#1422,.T.);
#1897=ORIENTED_EDGE('',*,*,#1425,.F.);
#1898=ORIENTED_EDGE('',*,*,#1428,.T.);
#1899=ORIENTED_EDGE('',*,*,#1431,.F.);
#1900=ORIENTED_EDGE('',*,*,#1432,.T.);
#1901=ORIENTED_EDGE('',*,*,#1412,.F.);
#1902=ORIENTED_EDGE('',*,*,#1448,.T.);
#1903=ORIENTED_EDGE('',*,*,#1449,.T.);
#1904=ORIENTED_EDGE('',*,*,#1450,.T.);
#1905=ORIENTED_EDGE('',*,*,#1451,.T.);
#1906=ORIENTED_EDGE('',*,*,#1452,.T.);
#1907=ORIENTED_EDGE('',*,*,#1453,.T.);
#1908=ORIENTED_EDGE('',*,*,#1454,.T.);
#1909=ORIENTED_EDGE('',*,*,#1455,.T.);
#1910=ORIENTED_EDGE('',*,*,#1453,.F.);
#1911=ORIENTED_EDGE('',*,*,#1456,.F.);
#1912=ORIENTED_EDGE('',*,*,#1457,.F.);
#1913=ORIENTED_EDGE('',*,*,#1458,.F.);
#1914=ORIENTED_EDGE('',*,*,#1459,.T.);
#1915=ORIENTED_EDGE('',*,*,#1460,.T.);
#1916=ORIENTED_EDGE('',*,*,#1461,.T.);
#1917=ORIENTED_EDGE('',*,*,#1457,.T.);
#1918=ORIENTED_EDGE('',*,*,#1460,.F.);
#1919=ORIENTED_EDGE('',*,*,#1462,.F.);
#1920=ORIENTED_EDGE('',*,*,#1463,.F.);
#1921=ORIENTED_EDGE('',*,*,#1464,.F.);
#1922=ORIENTED_EDGE('',*,*,#1465,.T.);
#1923=ORIENTED_EDGE('',*,*,#1466,.T.);
#1924=ORIENTED_EDGE('',*,*,#1467,.T.);
#1925=ORIENTED_EDGE('',*,*,#1463,.T.);
#1926=ORIENTED_EDGE('',*,*,#1466,.F.);
#1927=ORIENTED_EDGE('',*,*,#1468,.F.);
#1928=ORIENTED_EDGE('',*,*,#1469,.F.);
#1929=ORIENTED_EDGE('',*,*,#1470,.F.);
#1930=ORIENTED_EDGE('',*,*,#1471,.T.);
#1931=ORIENTED_EDGE('',*,*,#1472,.T.);
#1932=ORIENTED_EDGE('',*,*,#1473,.T.);
#1933=ORIENTED_EDGE('',*,*,#1469,.T.);
#1934=ORIENTED_EDGE('',*,*,#1455,.F.);
#1935=ORIENTED_EDGE('',*,*,#1474,.F.);
#1936=ORIENTED_EDGE('',*,*,#1472,.F.);
#1937=ORIENTED_EDGE('',*,*,#1475,.F.);
#1938=ORIENTED_EDGE('',*,*,#1476,.T.);
#1939=ORIENTED_EDGE('',*,*,#1477,.T.);
#1940=ORIENTED_EDGE('',*,*,#1478,.T.);
#1941=ORIENTED_EDGE('',*,*,#1479,.T.);
#1942=ORIENTED_EDGE('',*,*,#1477,.F.);
#1943=ORIENTED_EDGE('',*,*,#1480,.F.);
#1944=ORIENTED_EDGE('',*,*,#1481,.F.);
#1945=ORIENTED_EDGE('',*,*,#1482,.T.);
#1946=ORIENTED_EDGE('',*,*,#1476,.F.);
#1947=ORIENTED_EDGE('',*,*,#1483,.T.);
#1948=ORIENTED_EDGE('',*,*,#1450,.F.);
#1949=ORIENTED_EDGE('',*,*,#1484,.F.);
#1950=ORIENTED_EDGE('',*,*,#1485,.F.);
#1951=ORIENTED_EDGE('',*,*,#1480,.T.);
#1952=ORIENTED_EDGE('',*,*,#1456,.T.);
#1953=ORIENTED_EDGE('',*,*,#1452,.F.);
#1954=ORIENTED_EDGE('',*,*,#1475,.T.);
#1955=ORIENTED_EDGE('',*,*,#1471,.F.);
#1956=ORIENTED_EDGE('',*,*,#1468,.T.);
#1957=ORIENTED_EDGE('',*,*,#1465,.F.);
#1958=ORIENTED_EDGE('',*,*,#1462,.T.);
#1959=ORIENTED_EDGE('',*,*,#1459,.F.);
#1960=ORIENTED_EDGE('',*,*,#1485,.T.);
#1961=ORIENTED_EDGE('',*,*,#1486,.T.);
#1962=ORIENTED_EDGE('',*,*,#1487,.T.);
#1963=ORIENTED_EDGE('',*,*,#1481,.T.);
#1964=ORIENTED_EDGE('',*,*,#1486,.F.);
#1965=ORIENTED_EDGE('',*,*,#1484,.T.);
#1966=ORIENTED_EDGE('',*,*,#1449,.F.);
#1967=ORIENTED_EDGE('',*,*,#1488,.F.);
#1968=ORIENTED_EDGE('',*,*,#1479,.F.);
#1969=ORIENTED_EDGE('',*,*,#1489,.T.);
#1970=ORIENTED_EDGE('',*,*,#1451,.F.);
#1971=ORIENTED_EDGE('',*,*,#1483,.F.);
#1972=ORIENTED_EDGE('',*,*,#1478,.F.);
#1973=ORIENTED_EDGE('',*,*,#1482,.F.);
#1974=ORIENTED_EDGE('',*,*,#1487,.F.);
#1975=ORIENTED_EDGE('',*,*,#1488,.T.);
#1976=ORIENTED_EDGE('',*,*,#1448,.F.);
#1977=ORIENTED_EDGE('',*,*,#1489,.F.);
#1978=ORIENTED_EDGE('',*,*,#1458,.T.);
#1979=ORIENTED_EDGE('',*,*,#1461,.F.);
#1980=ORIENTED_EDGE('',*,*,#1464,.T.);
#1981=ORIENTED_EDGE('',*,*,#1467,.F.);
#1982=ORIENTED_EDGE('',*,*,#1470,.T.);
#1983=ORIENTED_EDGE('',*,*,#1473,.F.);
#1984=ORIENTED_EDGE('',*,*,#1474,.T.);
#1985=ORIENTED_EDGE('',*,*,#1454,.F.);
#1986=ORIENTED_EDGE('',*,*,#1490,.F.);
#1987=ORIENTED_EDGE('',*,*,#1491,.T.);
#1988=ORIENTED_EDGE('',*,*,#1492,.T.);
#1989=ORIENTED_EDGE('',*,*,#1491,.F.);
#1990=ORIENTED_EDGE('',*,*,#1492,.F.);
#1991=ORIENTED_EDGE('',*,*,#1493,.T.);
#1992=ORIENTED_EDGE('',*,*,#1494,.T.);
#1993=ORIENTED_EDGE('',*,*,#1495,.T.);
#1994=ORIENTED_EDGE('',*,*,#1496,.T.);
#1995=ORIENTED_EDGE('',*,*,#1497,.T.);
#1996=ORIENTED_EDGE('',*,*,#1498,.T.);
#1997=ORIENTED_EDGE('',*,*,#1498,.F.);
#1998=ORIENTED_EDGE('',*,*,#1499,.F.);
#1999=ORIENTED_EDGE('',*,*,#1500,.F.);
#2000=ORIENTED_EDGE('',*,*,#1501,.F.);
#2001=ORIENTED_EDGE('',*,*,#1502,.T.);
#2002=ORIENTED_EDGE('',*,*,#1503,.F.);
#2003=ORIENTED_EDGE('',*,*,#1504,.F.);
#2004=ORIENTED_EDGE('',*,*,#1505,.F.);
#2005=ORIENTED_EDGE('',*,*,#1506,.T.);
#2006=ORIENTED_EDGE('',*,*,#1507,.F.);
#2007=ORIENTED_EDGE('',*,*,#1508,.F.);
#2008=ORIENTED_EDGE('',*,*,#1509,.F.);
#2009=ORIENTED_EDGE('',*,*,#1510,.T.);
#2010=ORIENTED_EDGE('',*,*,#1511,.F.);
#2011=ORIENTED_EDGE('',*,*,#1512,.F.);
#2012=ORIENTED_EDGE('',*,*,#1513,.F.);
#2013=ORIENTED_EDGE('',*,*,#1514,.T.);
#2014=ORIENTED_EDGE('',*,*,#1515,.F.);
#2015=ORIENTED_EDGE('',*,*,#1516,.F.);
#2016=ORIENTED_EDGE('',*,*,#1517,.F.);
#2017=ORIENTED_EDGE('',*,*,#1518,.T.);
#2018=ORIENTED_EDGE('',*,*,#1519,.F.);
#2019=ORIENTED_EDGE('',*,*,#1520,.F.);
#2020=ORIENTED_EDGE('',*,*,#1521,.F.);
#2021=ORIENTED_EDGE('',*,*,#1522,.T.);
#2022=ORIENTED_EDGE('',*,*,#1523,.T.);
#2023=ORIENTED_EDGE('',*,*,#1524,.F.);
#2024=ORIENTED_EDGE('',*,*,#1525,.F.);
#2025=ORIENTED_EDGE('',*,*,#1526,.F.);
#2026=ORIENTED_EDGE('',*,*,#1527,.T.);
#2027=ORIENTED_EDGE('',*,*,#1528,.F.);
#2028=ORIENTED_EDGE('',*,*,#1497,.F.);
#2029=ORIENTED_EDGE('',*,*,#1529,.T.);
#2030=ORIENTED_EDGE('',*,*,#1530,.T.);
#2031=ORIENTED_EDGE('',*,*,#1499,.T.);
#2032=ORIENTED_EDGE('',*,*,#1496,.F.);
#2033=ORIENTED_EDGE('',*,*,#1531,.F.);
#2034=ORIENTED_EDGE('',*,*,#1532,.F.);
#2035=ORIENTED_EDGE('',*,*,#1533,.F.);
#2036=ORIENTED_EDGE('',*,*,#1534,.F.);
#2037=ORIENTED_EDGE('',*,*,#1535,.F.);
#2038=ORIENTED_EDGE('',*,*,#1536,.T.);
#2039=ORIENTED_EDGE('',*,*,#1537,.T.);
#2040=ORIENTED_EDGE('',*,*,#1538,.F.);
#2041=ORIENTED_EDGE('',*,*,#1539,.F.);
#2042=ORIENTED_EDGE('',*,*,#1540,.F.);
#2043=ORIENTED_EDGE('',*,*,#1541,.T.);
#2044=ORIENTED_EDGE('',*,*,#1542,.F.);
#2045=ORIENTED_EDGE('',*,*,#1543,.F.);
#2046=ORIENTED_EDGE('',*,*,#1544,.F.);
#2047=ORIENTED_EDGE('',*,*,#1545,.T.);
#2048=ORIENTED_EDGE('',*,*,#1546,.F.);
#2049=ORIENTED_EDGE('',*,*,#1547,.F.);
#2050=ORIENTED_EDGE('',*,*,#1548,.F.);
#2051=ORIENTED_EDGE('',*,*,#1549,.T.);
#2052=ORIENTED_EDGE('',*,*,#1550,.F.);
#2053=ORIENTED_EDGE('',*,*,#1551,.F.);
#2054=ORIENTED_EDGE('',*,*,#1552,.F.);
#2055=ORIENTED_EDGE('',*,*,#1553,.T.);
#2056=ORIENTED_EDGE('',*,*,#1554,.F.);
#2057=ORIENTED_EDGE('',*,*,#1555,.F.);
#2058=ORIENTED_EDGE('',*,*,#1556,.F.);
#2059=ORIENTED_EDGE('',*,*,#1557,.T.);
#2060=ORIENTED_EDGE('',*,*,#1558,.F.);
#2061=ORIENTED_EDGE('',*,*,#1559,.F.);
#2062=ORIENTED_EDGE('',*,*,#1529,.F.);
#2063=ORIENTED_EDGE('',*,*,#1560,.T.);
#2064=ORIENTED_EDGE('',*,*,#1561,.T.);
#2065=ORIENTED_EDGE('',*,*,#1562,.T.);
#2066=ORIENTED_EDGE('',*,*,#1563,.T.);
#2067=ORIENTED_EDGE('',*,*,#1564,.T.);
#2068=ORIENTED_EDGE('',*,*,#1565,.T.);
#2069=ORIENTED_EDGE('',*,*,#1494,.F.);
#2070=ORIENTED_EDGE('',*,*,#1566,.F.);
#2071=ORIENTED_EDGE('',*,*,#1567,.F.);
#2072=ORIENTED_EDGE('',*,*,#1564,.F.);
#2073=ORIENTED_EDGE('',*,*,#1568,.F.);
#2074=ORIENTED_EDGE('',*,*,#1569,.T.);
#2075=ORIENTED_EDGE('',*,*,#1570,.T.);
#2076=ORIENTED_EDGE('',*,*,#1571,.T.);
#2077=ORIENTED_EDGE('',*,*,#1572,.T.);
#2078=ORIENTED_EDGE('',*,*,#1573,.T.);
#2079=ORIENTED_EDGE('',*,*,#1574,.T.);
#2080=ORIENTED_EDGE('',*,*,#1575,.T.);
#2081=ORIENTED_EDGE('',*,*,#1576,.T.);
#2082=ORIENTED_EDGE('',*,*,#1577,.T.);
#2083=ORIENTED_EDGE('',*,*,#1578,.T.);
#2084=ORIENTED_EDGE('',*,*,#1579,.T.);
#2085=ORIENTED_EDGE('',*,*,#1580,.T.);
#2086=ORIENTED_EDGE('',*,*,#1581,.T.);
#2087=ORIENTED_EDGE('',*,*,#1582,.T.);
#2088=ORIENTED_EDGE('',*,*,#1583,.T.);
#2089=ORIENTED_EDGE('',*,*,#1584,.T.);
#2090=ORIENTED_EDGE('',*,*,#1585,.T.);
#2091=ORIENTED_EDGE('',*,*,#1586,.T.);
#2092=ORIENTED_EDGE('',*,*,#1587,.T.);
#2093=ORIENTED_EDGE('',*,*,#1588,.T.);
#2094=ORIENTED_EDGE('',*,*,#1589,.T.);
#2095=ORIENTED_EDGE('',*,*,#1590,.T.);
#2096=ORIENTED_EDGE('',*,*,#1591,.T.);
#2097=ORIENTED_EDGE('',*,*,#1592,.T.);
#2098=ORIENTED_EDGE('',*,*,#1562,.F.);
#2099=ORIENTED_EDGE('',*,*,#1593,.T.);
#2100=ORIENTED_EDGE('',*,*,#1594,.T.);
#2101=ORIENTED_EDGE('',*,*,#1595,.T.);
#2102=ORIENTED_EDGE('',*,*,#1596,.F.);
#2103=ORIENTED_EDGE('',*,*,#1597,.T.);
#2104=ORIENTED_EDGE('',*,*,#1598,.T.);
#2105=ORIENTED_EDGE('',*,*,#1599,.T.);
#2106=ORIENTED_EDGE('',*,*,#1600,.F.);
#2107=ORIENTED_EDGE('',*,*,#1601,.T.);
#2108=ORIENTED_EDGE('',*,*,#1602,.T.);
#2109=ORIENTED_EDGE('',*,*,#1603,.T.);
#2110=ORIENTED_EDGE('',*,*,#1604,.F.);
#2111=ORIENTED_EDGE('',*,*,#1605,.T.);
#2112=ORIENTED_EDGE('',*,*,#1606,.T.);
#2113=ORIENTED_EDGE('',*,*,#1607,.T.);
#2114=ORIENTED_EDGE('',*,*,#1608,.F.);
#2115=ORIENTED_EDGE('',*,*,#1609,.T.);
#2116=ORIENTED_EDGE('',*,*,#1610,.T.);
#2117=ORIENTED_EDGE('',*,*,#1611,.T.);
#2118=ORIENTED_EDGE('',*,*,#1612,.F.);
#2119=ORIENTED_EDGE('',*,*,#1613,.T.);
#2120=ORIENTED_EDGE('',*,*,#1614,.T.);
#2121=ORIENTED_EDGE('',*,*,#1615,.T.);
#2122=ORIENTED_EDGE('',*,*,#1616,.F.);
#2123=ORIENTED_EDGE('',*,*,#1617,.F.);
#2124=ORIENTED_EDGE('',*,*,#1618,.F.);
#2125=ORIENTED_EDGE('',*,*,#1619,.T.);
#2126=ORIENTED_EDGE('',*,*,#1620,.T.);
#2127=ORIENTED_EDGE('',*,*,#1621,.T.);
#2128=ORIENTED_EDGE('',*,*,#1622,.F.);
#2129=ORIENTED_EDGE('',*,*,#1571,.F.);
#2130=ORIENTED_EDGE('',*,*,#1623,.T.);
#2131=ORIENTED_EDGE('',*,*,#1624,.T.);
#2132=ORIENTED_EDGE('',*,*,#1625,.F.);
#2133=ORIENTED_EDGE('',*,*,#1570,.F.);
#2134=ORIENTED_EDGE('',*,*,#1626,.T.);
#2135=ORIENTED_EDGE('',*,*,#1627,.T.);
#2136=ORIENTED_EDGE('',*,*,#1623,.F.);
#2137=ORIENTED_EDGE('',*,*,#1569,.F.);
#2138=ORIENTED_EDGE('',*,*,#1628,.T.);
#2139=ORIENTED_EDGE('',*,*,#1629,.T.);
#2140=ORIENTED_EDGE('',*,*,#1626,.F.);
#2141=ORIENTED_EDGE('',*,*,#1630,.F.);
#2142=ORIENTED_EDGE('',*,*,#1624,.F.);
#2143=ORIENTED_EDGE('',*,*,#1627,.F.);
#2144=ORIENTED_EDGE('',*,*,#1629,.F.);
#2145=ORIENTED_EDGE('',*,*,#1574,.F.);
#2146=ORIENTED_EDGE('',*,*,#1631,.T.);
#2147=ORIENTED_EDGE('',*,*,#1632,.T.);
#2148=ORIENTED_EDGE('',*,*,#1633,.F.);
#2149=ORIENTED_EDGE('',*,*,#1573,.F.);
#2150=ORIENTED_EDGE('',*,*,#1634,.T.);
#2151=ORIENTED_EDGE('',*,*,#1635,.T.);
#2152=ORIENTED_EDGE('',*,*,#1631,.F.);
#2153=ORIENTED_EDGE('',*,*,#1575,.F.);
#2154=ORIENTED_EDGE('',*,*,#1633,.T.);
#2155=ORIENTED_EDGE('',*,*,#1636,.T.);
#2156=ORIENTED_EDGE('',*,*,#1637,.F.);
#2157=ORIENTED_EDGE('',*,*,#1636,.F.);
#2158=ORIENTED_EDGE('',*,*,#1632,.F.);
#2159=ORIENTED_EDGE('',*,*,#1635,.F.);
#2160=ORIENTED_EDGE('',*,*,#1638,.F.);
#2161=ORIENTED_EDGE('',*,*,#1583,.F.);
#2162=ORIENTED_EDGE('',*,*,#1639,.T.);
#2163=ORIENTED_EDGE('',*,*,#1640,.F.);
#2164=ORIENTED_EDGE('',*,*,#1641,.F.);
#2165=ORIENTED_EDGE('',*,*,#1584,.F.);
#2166=ORIENTED_EDGE('',*,*,#1641,.T.);
#2167=ORIENTED_EDGE('',*,*,#1642,.F.);
#2168=ORIENTED_EDGE('',*,*,#1643,.F.);
#2169=ORIENTED_EDGE('',*,*,#1577,.F.);
#2170=ORIENTED_EDGE('',*,*,#1643,.T.);
#2171=ORIENTED_EDGE('',*,*,#1644,.F.);
#2172=ORIENTED_EDGE('',*,*,#1645,.F.);
#2173=ORIENTED_EDGE('',*,*,#1646,.T.);
#2174=ORIENTED_EDGE('',*,*,#1644,.T.);
#2175=ORIENTED_EDGE('',*,*,#1642,.T.);
#2176=ORIENTED_EDGE('',*,*,#1640,.T.);
#2177=ORIENTED_EDGE('',*,*,#1579,.F.);
#2178=ORIENTED_EDGE('',*,*,#1647,.T.);
#2179=ORIENTED_EDGE('',*,*,#1648,.F.);
#2180=ORIENTED_EDGE('',*,*,#1649,.F.);
#2181=ORIENTED_EDGE('',*,*,#1580,.F.);
#2182=ORIENTED_EDGE('',*,*,#1649,.T.);
#2183=ORIENTED_EDGE('',*,*,#1650,.F.);
#2184=ORIENTED_EDGE('',*,*,#1651,.F.);
#2185=ORIENTED_EDGE('',*,*,#1581,.F.);
#2186=ORIENTED_EDGE('',*,*,#1651,.T.);
#2187=ORIENTED_EDGE('',*,*,#1652,.F.);
#2188=ORIENTED_EDGE('',*,*,#1653,.F.);
#2189=ORIENTED_EDGE('',*,*,#1654,.T.);
#2190=ORIENTED_EDGE('',*,*,#1652,.T.);
#2191=ORIENTED_EDGE('',*,*,#1650,.T.);
#2192=ORIENTED_EDGE('',*,*,#1648,.T.);
#2193=ORIENTED_EDGE('',*,*,#1592,.F.);
#2194=ORIENTED_EDGE('',*,*,#1655,.T.);
#2195=ORIENTED_EDGE('',*,*,#1656,.F.);
#2196=ORIENTED_EDGE('',*,*,#1657,.F.);
#2197=ORIENTED_EDGE('',*,*,#1585,.F.);
#2198=ORIENTED_EDGE('',*,*,#1657,.T.);
#2199=ORIENTED_EDGE('',*,*,#1658,.F.);
#2200=ORIENTED_EDGE('',*,*,#1659,.F.);
#2201=ORIENTED_EDGE('',*,*,#1591,.F.);
#2202=ORIENTED_EDGE('',*,*,#1660,.T.);
#2203=ORIENTED_EDGE('',*,*,#1661,.F.);
#2204=ORIENTED_EDGE('',*,*,#1655,.F.);
#2205=ORIENTED_EDGE('',*,*,#1661,.T.);
#2206=ORIENTED_EDGE('',*,*,#1662,.T.);
#2207=ORIENTED_EDGE('',*,*,#1658,.T.);
#2208=ORIENTED_EDGE('',*,*,#1656,.T.);
#2209=ORIENTED_EDGE('',*,*,#1587,.F.);
#2210=ORIENTED_EDGE('',*,*,#1663,.T.);
#2211=ORIENTED_EDGE('',*,*,#1664,.F.);
#2212=ORIENTED_EDGE('',*,*,#1665,.F.);
#2213=ORIENTED_EDGE('',*,*,#1588,.F.);
#2214=ORIENTED_EDGE('',*,*,#1665,.T.);
#2215=ORIENTED_EDGE('',*,*,#1666,.F.);
#2216=ORIENTED_EDGE('',*,*,#1667,.F.);
#2217=ORIENTED_EDGE('',*,*,#1589,.F.);
#2218=ORIENTED_EDGE('',*,*,#1667,.T.);
#2219=ORIENTED_EDGE('',*,*,#1668,.F.);
#2220=ORIENTED_EDGE('',*,*,#1669,.F.);
#2221=ORIENTED_EDGE('',*,*,#1670,.T.);
#2222=ORIENTED_EDGE('',*,*,#1668,.T.);
#2223=ORIENTED_EDGE('',*,*,#1666,.T.);
#2224=ORIENTED_EDGE('',*,*,#1664,.T.);
#2225=ORIENTED_EDGE('',*,*,#1671,.T.);
#2226=ORIENTED_EDGE('',*,*,#1672,.T.);
#2227=ORIENTED_EDGE('',*,*,#1673,.F.);
#2228=ORIENTED_EDGE('',*,*,#1625,.T.);
#2229=ORIENTED_EDGE('',*,*,#1630,.T.);
#2230=ORIENTED_EDGE('',*,*,#1628,.F.);
#2231=ORIENTED_EDGE('',*,*,#1576,.F.);
#2232=ORIENTED_EDGE('',*,*,#1674,.T.);
#2233=ORIENTED_EDGE('',*,*,#1675,.T.);
#2234=ORIENTED_EDGE('',*,*,#1671,.F.);
#2235=ORIENTED_EDGE('',*,*,#1676,.T.);
#2236=ORIENTED_EDGE('',*,*,#1677,.T.);
#2237=ORIENTED_EDGE('',*,*,#1674,.F.);
#2238=ORIENTED_EDGE('',*,*,#1637,.T.);
#2239=ORIENTED_EDGE('',*,*,#1638,.T.);
#2240=ORIENTED_EDGE('',*,*,#1634,.F.);
#2241=ORIENTED_EDGE('',*,*,#1572,.F.);
#2242=ORIENTED_EDGE('',*,*,#1673,.T.);
#2243=ORIENTED_EDGE('',*,*,#1678,.T.);
#2244=ORIENTED_EDGE('',*,*,#1676,.F.);
#2245=ORIENTED_EDGE('',*,*,#1678,.F.);
#2246=ORIENTED_EDGE('',*,*,#1672,.F.);
#2247=ORIENTED_EDGE('',*,*,#1675,.F.);
#2248=ORIENTED_EDGE('',*,*,#1677,.F.);
#2249=ORIENTED_EDGE('',*,*,#1679,.T.);
#2250=ORIENTED_EDGE('',*,*,#1680,.T.);
#2251=ORIENTED_EDGE('',*,*,#1681,.F.);
#2252=ORIENTED_EDGE('',*,*,#1645,.T.);
#2253=ORIENTED_EDGE('',*,*,#1646,.F.);
#2254=ORIENTED_EDGE('',*,*,#1639,.F.);
#2255=ORIENTED_EDGE('',*,*,#1582,.F.);
#2256=ORIENTED_EDGE('',*,*,#1682,.T.);
#2257=ORIENTED_EDGE('',*,*,#1683,.T.);
#2258=ORIENTED_EDGE('',*,*,#1679,.F.);
#2259=ORIENTED_EDGE('',*,*,#1684,.T.);
#2260=ORIENTED_EDGE('',*,*,#1685,.T.);
#2261=ORIENTED_EDGE('',*,*,#1682,.F.);
#2262=ORIENTED_EDGE('',*,*,#1653,.T.);
#2263=ORIENTED_EDGE('',*,*,#1654,.F.);
#2264=ORIENTED_EDGE('',*,*,#1647,.F.);
#2265=ORIENTED_EDGE('',*,*,#1578,.F.);
#2266=ORIENTED_EDGE('',*,*,#1681,.T.);
#2267=ORIENTED_EDGE('',*,*,#1686,.T.);
#2268=ORIENTED_EDGE('',*,*,#1684,.F.);
#2269=ORIENTED_EDGE('',*,*,#1686,.F.);
#2270=ORIENTED_EDGE('',*,*,#1680,.F.);
#2271=ORIENTED_EDGE('',*,*,#1683,.F.);
#2272=ORIENTED_EDGE('',*,*,#1685,.F.);
#2273=ORIENTED_EDGE('',*,*,#1687,.T.);
#2274=ORIENTED_EDGE('',*,*,#1688,.T.);
#2275=ORIENTED_EDGE('',*,*,#1689,.F.);
#2276=ORIENTED_EDGE('',*,*,#1659,.T.);
#2277=ORIENTED_EDGE('',*,*,#1662,.F.);
#2278=ORIENTED_EDGE('',*,*,#1660,.F.);
#2279=ORIENTED_EDGE('',*,*,#1590,.F.);
#2280=ORIENTED_EDGE('',*,*,#1690,.T.);
#2281=ORIENTED_EDGE('',*,*,#1691,.T.);
#2282=ORIENTED_EDGE('',*,*,#1687,.F.);
#2283=ORIENTED_EDGE('',*,*,#1692,.T.);
#2284=ORIENTED_EDGE('',*,*,#1693,.T.);
#2285=ORIENTED_EDGE('',*,*,#1690,.F.);
#2286=ORIENTED_EDGE('',*,*,#1669,.T.);
#2287=ORIENTED_EDGE('',*,*,#1670,.F.);
#2288=ORIENTED_EDGE('',*,*,#1663,.F.);
#2289=ORIENTED_EDGE('',*,*,#1586,.F.);
#2290=ORIENTED_EDGE('',*,*,#1689,.T.);
#2291=ORIENTED_EDGE('',*,*,#1694,.T.);
#2292=ORIENTED_EDGE('',*,*,#1692,.F.);
#2293=ORIENTED_EDGE('',*,*,#1694,.F.);
#2294=ORIENTED_EDGE('',*,*,#1688,.F.);
#2295=ORIENTED_EDGE('',*,*,#1691,.F.);
#2296=ORIENTED_EDGE('',*,*,#1693,.F.);
#2297=ORIENTED_EDGE('',*,*,#1695,.T.);
#2298=ORIENTED_EDGE('',*,*,#1696,.T.);
#2299=ORIENTED_EDGE('',*,*,#1697,.T.);
#2300=ORIENTED_EDGE('',*,*,#1696,.F.);
#2301=ORIENTED_EDGE('',*,*,#1695,.F.);
#2302=ORIENTED_EDGE('',*,*,#1698,.T.);
#2303=ORIENTED_EDGE('',*,*,#1699,.T.);
#2304=ORIENTED_EDGE('',*,*,#1698,.F.);
#2305=ORIENTED_EDGE('',*,*,#1697,.F.);
#2306=ORIENTED_EDGE('',*,*,#1490,.T.);
#2307=ORIENTED_EDGE('',*,*,#1560,.F.);
#2308=ORIENTED_EDGE('',*,*,#1700,.F.);
#2309=ORIENTED_EDGE('',*,*,#1701,.F.);
#2310=ORIENTED_EDGE('',*,*,#1702,.T.);
#2311=ORIENTED_EDGE('',*,*,#1703,.T.);
#2312=ORIENTED_EDGE('',*,*,#1704,.F.);
#2313=ORIENTED_EDGE('',*,*,#1705,.F.);
#2314=ORIENTED_EDGE('',*,*,#1706,.F.);
#2315=ORIENTED_EDGE('',*,*,#1707,.T.);
#2316=ORIENTED_EDGE('',*,*,#1708,.T.);
#2317=ORIENTED_EDGE('',*,*,#1709,.T.);
#2318=ORIENTED_EDGE('',*,*,#1710,.F.);
#2319=ORIENTED_EDGE('',*,*,#1711,.T.);
#2320=ORIENTED_EDGE('',*,*,#1712,.T.);
#2321=ORIENTED_EDGE('',*,*,#1713,.T.);
#2322=ORIENTED_EDGE('',*,*,#1714,.F.);
#2323=ORIENTED_EDGE('',*,*,#1715,.T.);
#2324=ORIENTED_EDGE('',*,*,#1716,.T.);
#2325=ORIENTED_EDGE('',*,*,#1717,.T.);
#2326=ORIENTED_EDGE('',*,*,#1718,.F.);
#2327=ORIENTED_EDGE('',*,*,#1719,.T.);
#2328=ORIENTED_EDGE('',*,*,#1720,.T.);
#2329=ORIENTED_EDGE('',*,*,#1721,.T.);
#2330=ORIENTED_EDGE('',*,*,#1722,.F.);
#2331=ORIENTED_EDGE('',*,*,#1723,.T.);
#2332=ORIENTED_EDGE('',*,*,#1724,.T.);
#2333=ORIENTED_EDGE('',*,*,#1725,.T.);
#2334=ORIENTED_EDGE('',*,*,#1726,.F.);
#2335=ORIENTED_EDGE('',*,*,#1727,.T.);
#2336=ORIENTED_EDGE('',*,*,#1728,.T.);
#2337=ORIENTED_EDGE('',*,*,#1729,.T.);
#2338=ORIENTED_EDGE('',*,*,#1730,.F.);
#2339=ORIENTED_EDGE('',*,*,#1621,.F.);
#2340=ORIENTED_EDGE('',*,*,#1731,.T.);
#2341=ORIENTED_EDGE('',*,*,#1732,.F.);
#2342=ORIENTED_EDGE('',*,*,#1733,.T.);
#2343=ORIENTED_EDGE('',*,*,#1701,.T.);
#2344=ORIENTED_EDGE('',*,*,#1727,.F.);
#2345=ORIENTED_EDGE('',*,*,#1734,.F.);
#2346=ORIENTED_EDGE('',*,*,#1595,.F.);
#2347=ORIENTED_EDGE('',*,*,#1735,.F.);
#2348=ORIENTED_EDGE('',*,*,#1735,.T.);
#2349=ORIENTED_EDGE('',*,*,#1594,.F.);
#2350=ORIENTED_EDGE('',*,*,#1736,.T.);
#2351=ORIENTED_EDGE('',*,*,#1728,.F.);
#2352=ORIENTED_EDGE('',*,*,#1597,.F.);
#2353=ORIENTED_EDGE('',*,*,#1737,.F.);
#2354=ORIENTED_EDGE('',*,*,#1725,.F.);
#2355=ORIENTED_EDGE('',*,*,#1738,.F.);
#2356=ORIENTED_EDGE('',*,*,#1738,.T.);
#2357=ORIENTED_EDGE('',*,*,#1724,.F.);
#2358=ORIENTED_EDGE('',*,*,#1739,.T.);
#2359=ORIENTED_EDGE('',*,*,#1598,.F.);
#2360=ORIENTED_EDGE('',*,*,#1723,.F.);
#2361=ORIENTED_EDGE('',*,*,#1740,.F.);
#2362=ORIENTED_EDGE('',*,*,#1599,.F.);
#2363=ORIENTED_EDGE('',*,*,#1739,.F.);
#2364=ORIENTED_EDGE('',*,*,#1601,.F.);
#2365=ORIENTED_EDGE('',*,*,#1741,.F.);
#2366=ORIENTED_EDGE('',*,*,#1721,.F.);
#2367=ORIENTED_EDGE('',*,*,#1742,.F.);
#2368=ORIENTED_EDGE('',*,*,#1742,.T.);
#2369=ORIENTED_EDGE('',*,*,#1720,.F.);
#2370=ORIENTED_EDGE('',*,*,#1743,.T.);
#2371=ORIENTED_EDGE('',*,*,#1602,.F.);
#2372=ORIENTED_EDGE('',*,*,#1719,.F.);
#2373=ORIENTED_EDGE('',*,*,#1744,.F.);
#2374=ORIENTED_EDGE('',*,*,#1603,.F.);
#2375=ORIENTED_EDGE('',*,*,#1743,.F.);
#2376=ORIENTED_EDGE('',*,*,#1605,.F.);
#2377=ORIENTED_EDGE('',*,*,#1745,.F.);
#2378=ORIENTED_EDGE('',*,*,#1717,.F.);
#2379=ORIENTED_EDGE('',*,*,#1746,.F.);
#2380=ORIENTED_EDGE('',*,*,#1746,.T.);
#2381=ORIENTED_EDGE('',*,*,#1716,.F.);
#2382=ORIENTED_EDGE('',*,*,#1747,.T.);
#2383=ORIENTED_EDGE('',*,*,#1606,.F.);
#2384=ORIENTED_EDGE('',*,*,#1715,.F.);
#2385=ORIENTED_EDGE('',*,*,#1748,.F.);
#2386=ORIENTED_EDGE('',*,*,#1607,.F.);
#2387=ORIENTED_EDGE('',*,*,#1747,.F.);
#2388=ORIENTED_EDGE('',*,*,#1609,.F.);
#2389=ORIENTED_EDGE('',*,*,#1749,.F.);
#2390=ORIENTED_EDGE('',*,*,#1713,.F.);
#2391=ORIENTED_EDGE('',*,*,#1750,.F.);
#2392=ORIENTED_EDGE('',*,*,#1750,.T.);
#2393=ORIENTED_EDGE('',*,*,#1712,.F.);
#2394=ORIENTED_EDGE('',*,*,#1751,.T.);
#2395=ORIENTED_EDGE('',*,*,#1610,.F.);
#2396=ORIENTED_EDGE('',*,*,#1711,.F.);
#2397=ORIENTED_EDGE('',*,*,#1752,.F.);
#2398=ORIENTED_EDGE('',*,*,#1611,.F.);
#2399=ORIENTED_EDGE('',*,*,#1751,.F.);
#2400=ORIENTED_EDGE('',*,*,#1613,.F.);
#2401=ORIENTED_EDGE('',*,*,#1753,.F.);
#2402=ORIENTED_EDGE('',*,*,#1709,.F.);
#2403=ORIENTED_EDGE('',*,*,#1754,.F.);
#2404=ORIENTED_EDGE('',*,*,#1707,.F.);
#2405=ORIENTED_EDGE('',*,*,#1755,.F.);
#2406=ORIENTED_EDGE('',*,*,#1615,.F.);
#2407=ORIENTED_EDGE('',*,*,#1756,.F.);
#2408=ORIENTED_EDGE('',*,*,#1748,.T.);
#2409=ORIENTED_EDGE('',*,*,#1714,.T.);
#2410=ORIENTED_EDGE('',*,*,#1749,.T.);
#2411=ORIENTED_EDGE('',*,*,#1608,.T.);
#2412=ORIENTED_EDGE('',*,*,#1734,.T.);
#2413=ORIENTED_EDGE('',*,*,#1726,.T.);
#2414=ORIENTED_EDGE('',*,*,#1737,.T.);
#2415=ORIENTED_EDGE('',*,*,#1596,.T.);
#2416=ORIENTED_EDGE('',*,*,#1752,.T.);
#2417=ORIENTED_EDGE('',*,*,#1710,.T.);
#2418=ORIENTED_EDGE('',*,*,#1753,.T.);
#2419=ORIENTED_EDGE('',*,*,#1612,.T.);
#2420=ORIENTED_EDGE('',*,*,#1744,.T.);
#2421=ORIENTED_EDGE('',*,*,#1718,.T.);
#2422=ORIENTED_EDGE('',*,*,#1745,.T.);
#2423=ORIENTED_EDGE('',*,*,#1604,.T.);
#2424=ORIENTED_EDGE('',*,*,#1740,.T.);
#2425=ORIENTED_EDGE('',*,*,#1722,.T.);
#2426=ORIENTED_EDGE('',*,*,#1741,.T.);
#2427=ORIENTED_EDGE('',*,*,#1600,.T.);
#2428=ORIENTED_EDGE('',*,*,#1757,.F.);
#2429=ORIENTED_EDGE('',*,*,#1617,.T.);
#2430=ORIENTED_EDGE('',*,*,#1758,.F.);
#2431=ORIENTED_EDGE('',*,*,#1705,.T.);
#2432=ORIENTED_EDGE('',*,*,#1758,.T.);
#2433=ORIENTED_EDGE('',*,*,#1616,.T.);
#2434=ORIENTED_EDGE('',*,*,#1755,.T.);
#2435=ORIENTED_EDGE('',*,*,#1706,.T.);
#2436=ORIENTED_EDGE('',*,*,#1754,.T.);
#2437=ORIENTED_EDGE('',*,*,#1708,.F.);
#2438=ORIENTED_EDGE('',*,*,#1756,.T.);
#2439=ORIENTED_EDGE('',*,*,#1614,.F.);
#2440=ORIENTED_EDGE('',*,*,#1759,.F.);
#2441=ORIENTED_EDGE('',*,*,#1703,.F.);
#2442=ORIENTED_EDGE('',*,*,#1760,.F.);
#2443=ORIENTED_EDGE('',*,*,#1619,.F.);
#2444=ORIENTED_EDGE('',*,*,#1761,.F.);
#2445=ORIENTED_EDGE('',*,*,#1760,.T.);
#2446=ORIENTED_EDGE('',*,*,#1702,.F.);
#2447=ORIENTED_EDGE('',*,*,#1733,.F.);
#2448=ORIENTED_EDGE('',*,*,#1731,.F.);
#2449=ORIENTED_EDGE('',*,*,#1620,.F.);
#2450=ORIENTED_EDGE('',*,*,#1561,.F.);
#2451=ORIENTED_EDGE('',*,*,#1729,.F.);
#2452=ORIENTED_EDGE('',*,*,#1736,.F.);
#2453=ORIENTED_EDGE('',*,*,#1593,.F.);
#2454=ORIENTED_EDGE('',*,*,#1699,.F.);
#2455=ORIENTED_EDGE('',*,*,#1762,.T.);
#2456=ORIENTED_EDGE('',*,*,#1761,.T.);
#2457=ORIENTED_EDGE('',*,*,#1618,.T.);
#2458=ORIENTED_EDGE('',*,*,#1757,.T.);
#2459=ORIENTED_EDGE('',*,*,#1704,.T.);
#2460=ORIENTED_EDGE('',*,*,#1759,.T.);
#2461=ORIENTED_EDGE('',*,*,#1763,.T.);
#2462=ORIENTED_EDGE('',*,*,#1764,.T.);
#2463=ORIENTED_EDGE('',*,*,#1765,.T.);
#2464=ORIENTED_EDGE('',*,*,#1524,.T.);
#2465=ORIENTED_EDGE('',*,*,#1766,.T.);
#2466=ORIENTED_EDGE('',*,*,#1535,.T.);
#2467=ORIENTED_EDGE('',*,*,#1767,.T.);
#2468=ORIENTED_EDGE('',*,*,#1768,.F.);
#2469=ORIENTED_EDGE('',*,*,#1527,.F.);
#2470=ORIENTED_EDGE('',*,*,#1769,.F.);
#2471=ORIENTED_EDGE('',*,*,#1501,.T.);
#2472=ORIENTED_EDGE('',*,*,#1770,.T.);
#2473=ORIENTED_EDGE('',*,*,#1558,.T.);
#2474=ORIENTED_EDGE('',*,*,#1771,.T.);
#2475=ORIENTED_EDGE('',*,*,#1770,.F.);
#2476=ORIENTED_EDGE('',*,*,#1500,.T.);
#2477=ORIENTED_EDGE('',*,*,#1530,.F.);
#2478=ORIENTED_EDGE('',*,*,#1559,.T.);
#2479=ORIENTED_EDGE('',*,*,#1556,.T.);
#2480=ORIENTED_EDGE('',*,*,#1772,.T.);
#2481=ORIENTED_EDGE('',*,*,#1503,.T.);
#2482=ORIENTED_EDGE('',*,*,#1773,.T.);
#2483=ORIENTED_EDGE('',*,*,#1772,.F.);
#2484=ORIENTED_EDGE('',*,*,#1555,.T.);
#2485=ORIENTED_EDGE('',*,*,#1774,.F.);
#2486=ORIENTED_EDGE('',*,*,#1504,.T.);
#2487=ORIENTED_EDGE('',*,*,#1505,.T.);
#2488=ORIENTED_EDGE('',*,*,#1774,.T.);
#2489=ORIENTED_EDGE('',*,*,#1554,.T.);
#2490=ORIENTED_EDGE('',*,*,#1775,.T.);
#2491=ORIENTED_EDGE('',*,*,#1552,.T.);
#2492=ORIENTED_EDGE('',*,*,#1776,.T.);
#2493=ORIENTED_EDGE('',*,*,#1507,.T.);
#2494=ORIENTED_EDGE('',*,*,#1777,.T.);
#2495=ORIENTED_EDGE('',*,*,#1776,.F.);
#2496=ORIENTED_EDGE('',*,*,#1551,.T.);
#2497=ORIENTED_EDGE('',*,*,#1778,.F.);
#2498=ORIENTED_EDGE('',*,*,#1508,.T.);
#2499=ORIENTED_EDGE('',*,*,#1509,.T.);
#2500=ORIENTED_EDGE('',*,*,#1778,.T.);
#2501=ORIENTED_EDGE('',*,*,#1550,.T.);
#2502=ORIENTED_EDGE('',*,*,#1779,.T.);
#2503=ORIENTED_EDGE('',*,*,#1548,.T.);
#2504=ORIENTED_EDGE('',*,*,#1780,.T.);
#2505=ORIENTED_EDGE('',*,*,#1511,.T.);
#2506=ORIENTED_EDGE('',*,*,#1781,.T.);
#2507=ORIENTED_EDGE('',*,*,#1780,.F.);
#2508=ORIENTED_EDGE('',*,*,#1547,.T.);
#2509=ORIENTED_EDGE('',*,*,#1782,.F.);
#2510=ORIENTED_EDGE('',*,*,#1512,.T.);
#2511=ORIENTED_EDGE('',*,*,#1513,.T.);
#2512=ORIENTED_EDGE('',*,*,#1782,.T.);
#2513=ORIENTED_EDGE('',*,*,#1546,.T.);
#2514=ORIENTED_EDGE('',*,*,#1783,.T.);
#2515=ORIENTED_EDGE('',*,*,#1544,.T.);
#2516=ORIENTED_EDGE('',*,*,#1784,.T.);
#2517=ORIENTED_EDGE('',*,*,#1515,.T.);
#2518=ORIENTED_EDGE('',*,*,#1785,.T.);
#2519=ORIENTED_EDGE('',*,*,#1784,.F.);
#2520=ORIENTED_EDGE('',*,*,#1543,.T.);
#2521=ORIENTED_EDGE('',*,*,#1786,.F.);
#2522=ORIENTED_EDGE('',*,*,#1516,.T.);
#2523=ORIENTED_EDGE('',*,*,#1517,.T.);
#2524=ORIENTED_EDGE('',*,*,#1786,.T.);
#2525=ORIENTED_EDGE('',*,*,#1542,.T.);
#2526=ORIENTED_EDGE('',*,*,#1787,.T.);
#2527=ORIENTED_EDGE('',*,*,#1540,.T.);
#2528=ORIENTED_EDGE('',*,*,#1788,.T.);
#2529=ORIENTED_EDGE('',*,*,#1519,.T.);
#2530=ORIENTED_EDGE('',*,*,#1789,.T.);
#2531=ORIENTED_EDGE('',*,*,#1521,.T.);
#2532=ORIENTED_EDGE('',*,*,#1790,.T.);
#2533=ORIENTED_EDGE('',*,*,#1538,.T.);
#2534=ORIENTED_EDGE('',*,*,#1791,.T.);
#2535=ORIENTED_EDGE('',*,*,#1783,.F.);
#2536=ORIENTED_EDGE('',*,*,#1545,.F.);
#2537=ORIENTED_EDGE('',*,*,#1785,.F.);
#2538=ORIENTED_EDGE('',*,*,#1514,.F.);
#2539=ORIENTED_EDGE('',*,*,#1771,.F.);
#2540=ORIENTED_EDGE('',*,*,#1557,.F.);
#2541=ORIENTED_EDGE('',*,*,#1773,.F.);
#2542=ORIENTED_EDGE('',*,*,#1502,.F.);
#2543=ORIENTED_EDGE('',*,*,#1787,.F.);
#2544=ORIENTED_EDGE('',*,*,#1541,.F.);
#2545=ORIENTED_EDGE('',*,*,#1789,.F.);
#2546=ORIENTED_EDGE('',*,*,#1518,.F.);
#2547=ORIENTED_EDGE('',*,*,#1779,.F.);
#2548=ORIENTED_EDGE('',*,*,#1549,.F.);
#2549=ORIENTED_EDGE('',*,*,#1781,.F.);
#2550=ORIENTED_EDGE('',*,*,#1510,.F.);
#2551=ORIENTED_EDGE('',*,*,#1775,.F.);
#2552=ORIENTED_EDGE('',*,*,#1553,.F.);
#2553=ORIENTED_EDGE('',*,*,#1777,.F.);
#2554=ORIENTED_EDGE('',*,*,#1506,.F.);
#2555=ORIENTED_EDGE('',*,*,#1766,.F.);
#2556=ORIENTED_EDGE('',*,*,#1523,.F.);
#2557=ORIENTED_EDGE('',*,*,#1792,.T.);
#2558=ORIENTED_EDGE('',*,*,#1536,.F.);
#2559=ORIENTED_EDGE('',*,*,#1792,.F.);
#2560=ORIENTED_EDGE('',*,*,#1522,.F.);
#2561=ORIENTED_EDGE('',*,*,#1791,.F.);
#2562=ORIENTED_EDGE('',*,*,#1537,.F.);
#2563=ORIENTED_EDGE('',*,*,#1788,.F.);
#2564=ORIENTED_EDGE('',*,*,#1539,.T.);
#2565=ORIENTED_EDGE('',*,*,#1790,.F.);
#2566=ORIENTED_EDGE('',*,*,#1520,.T.);
#2567=ORIENTED_EDGE('',*,*,#1793,.F.);
#2568=ORIENTED_EDGE('',*,*,#1794,.F.);
#2569=ORIENTED_EDGE('',*,*,#1532,.T.);
#2570=ORIENTED_EDGE('',*,*,#1765,.F.);
#2571=ORIENTED_EDGE('',*,*,#1767,.F.);
#2572=ORIENTED_EDGE('',*,*,#1534,.T.);
#2573=ORIENTED_EDGE('',*,*,#1795,.T.);
#2574=ORIENTED_EDGE('',*,*,#1525,.T.);
#2575=ORIENTED_EDGE('',*,*,#1795,.F.);
#2576=ORIENTED_EDGE('',*,*,#1533,.T.);
#2577=ORIENTED_EDGE('',*,*,#1794,.T.);
#2578=ORIENTED_EDGE('',*,*,#1769,.T.);
#2579=ORIENTED_EDGE('',*,*,#1526,.T.);
#2580=ORIENTED_EDGE('',*,*,#1763,.F.);
#2581=ORIENTED_EDGE('',*,*,#1762,.F.);
#2582=ORIENTED_EDGE('',*,*,#1764,.F.);
#2583=ORIENTED_EDGE('',*,*,#1796,.T.);
#2584=ORIENTED_EDGE('',*,*,#1566,.T.);
#2585=ORIENTED_EDGE('',*,*,#1493,.F.);
#2586=ORIENTED_EDGE('',*,*,#1528,.T.);
#2587=ORIENTED_EDGE('',*,*,#1768,.T.);
#2588=ORIENTED_EDGE('',*,*,#1793,.T.);
#2589=ORIENTED_EDGE('',*,*,#1531,.T.);
#2590=ORIENTED_EDGE('',*,*,#1495,.F.);
#2591=ORIENTED_EDGE('',*,*,#1568,.T.);
#2592=ORIENTED_EDGE('',*,*,#1563,.F.);
#2593=ORIENTED_EDGE('',*,*,#1622,.T.);
#2594=ORIENTED_EDGE('',*,*,#1730,.T.);
#2595=ORIENTED_EDGE('',*,*,#1732,.T.);
#2596=ORIENTED_EDGE('',*,*,#1700,.T.);
#2597=ORIENTED_EDGE('',*,*,#1565,.F.);
#2598=ORIENTED_EDGE('',*,*,#1567,.T.);
#2599=ORIENTED_EDGE('',*,*,#1796,.F.);
#2600=ORIENTED_EDGE('',*,*,#1797,.T.);
#2601=ORIENTED_EDGE('',*,*,#1798,.F.);
#2602=ORIENTED_EDGE('',*,*,#1799,.F.);
#2603=ORIENTED_EDGE('',*,*,#1800,.F.);
#2604=ORIENTED_EDGE('',*,*,#1801,.F.);
#2605=ORIENTED_EDGE('',*,*,#1802,.F.);
#2606=ORIENTED_EDGE('',*,*,#1803,.T.);
#2607=ORIENTED_EDGE('',*,*,#1798,.T.);
#2608=ORIENTED_EDGE('',*,*,#1804,.F.);
#2609=ORIENTED_EDGE('',*,*,#1805,.F.);
#2610=ORIENTED_EDGE('',*,*,#1806,.T.);
#2611=ORIENTED_EDGE('',*,*,#1799,.T.);
#2612=ORIENTED_EDGE('',*,*,#1803,.F.);
#2613=ORIENTED_EDGE('',*,*,#1807,.F.);
#2614=ORIENTED_EDGE('',*,*,#1808,.T.);
#2615=ORIENTED_EDGE('',*,*,#1800,.T.);
#2616=ORIENTED_EDGE('',*,*,#1806,.F.);
#2617=ORIENTED_EDGE('',*,*,#1809,.F.);
#2618=ORIENTED_EDGE('',*,*,#1804,.T.);
#2619=ORIENTED_EDGE('',*,*,#1801,.T.);
#2620=ORIENTED_EDGE('',*,*,#1808,.F.);
#2621=ORIENTED_EDGE('',*,*,#1810,.T.);
#2622=ORIENTED_EDGE('',*,*,#1811,.T.);
#2623=ORIENTED_EDGE('',*,*,#1812,.F.);
#2624=ORIENTED_EDGE('',*,*,#1813,.T.);
#2625=ORIENTED_EDGE('',*,*,#1811,.F.);
#2626=ORIENTED_EDGE('',*,*,#1813,.F.);
#2627=ORIENTED_EDGE('',*,*,#1814,.F.);
#2628=ORIENTED_EDGE('',*,*,#1815,.T.);
#2629=ORIENTED_EDGE('',*,*,#1810,.F.);
#2630=ORIENTED_EDGE('',*,*,#1815,.F.);
#2631=ORIENTED_EDGE('',*,*,#1816,.T.);
#2632=ORIENTED_EDGE('',*,*,#1802,.T.);
#2633=ORIENTED_EDGE('',*,*,#1809,.T.);
#2634=ORIENTED_EDGE('',*,*,#1807,.T.);
#2635=ORIENTED_EDGE('',*,*,#1805,.T.);
#2636=ORIENTED_EDGE('',*,*,#1814,.T.);
#2637=ORIENTED_EDGE('',*,*,#1812,.T.);
#2638=ORIENTED_EDGE('',*,*,#1816,.F.);
#2639=ORIENTED_EDGE('',*,*,#1817,.T.);
#2640=ORIENTED_EDGE('',*,*,#1797,.F.);
#2641=ORIENTED_EDGE('',*,*,#1817,.F.);
#2642=PLANE('',#2923);
#2643=PLANE('',#2927);
#2644=PLANE('',#2931);
#2645=PLANE('',#2935);
#2646=PLANE('',#2939);
#2647=PLANE('',#2943);
#2648=PLANE('',#2944);
#2649=PLANE('',#2948);
#2650=PLANE('',#2949);
#2651=PLANE('',#2950);
#2652=PLANE('',#2951);
#2653=PLANE('',#2955);
#2654=PLANE('',#2959);
#2655=PLANE('',#2963);
#2656=PLANE('',#2967);
#2657=PLANE('',#2971);
#2658=PLANE('',#2972);
#2659=PLANE('',#2976);
#2660=PLANE('',#2977);
#2661=PLANE('',#2978);
#2662=PLANE('',#2982);
#2663=PLANE('',#2986);
#2664=PLANE('',#2998);
#2665=PLANE('',#2999);
#2666=PLANE('',#3014);
#2667=PLANE('',#3018);
#2668=PLANE('',#3030);
#2669=PLANE('',#3031);
#2670=PLANE('',#3032);
#2671=PLANE('',#3033);
#2672=PLANE('',#3034);
#2673=PLANE('',#3035);
#2674=PLANE('',#3036);
#2675=PLANE('',#3037);
#2676=PLANE('',#3038);
#2677=PLANE('',#3039);
#2678=PLANE('',#3040);
#2679=PLANE('',#3041);
#2680=PLANE('',#3042);
#2681=PLANE('',#3043);
#2682=PLANE('',#3044);
#2683=PLANE('',#3045);
#2684=PLANE('',#3046);
#2685=PLANE('',#3047);
#2686=PLANE('',#3048);
#2687=PLANE('',#3049);
#2688=PLANE('',#3050);
#2689=PLANE('',#3051);
#2690=PLANE('',#3052);
#2691=PLANE('',#3053);
#2692=PLANE('',#3054);
#2693=PLANE('',#3055);
#2694=PLANE('',#3056);
#2695=PLANE('',#3057);
#2696=PLANE('',#3058);
#2697=PLANE('',#3059);
#2698=PLANE('',#3060);
#2699=PLANE('',#3061);
#2700=PLANE('',#3062);
#2701=PLANE('',#3063);
#2702=PLANE('',#3064);
#2703=PLANE('',#3065);
#2704=PLANE('',#3066);
#2705=PLANE('',#3067);
#2706=PLANE('',#3068);
#2707=PLANE('',#3074);
#2708=PLANE('',#3075);
#2709=PLANE('',#3087);
#2710=PLANE('',#3089);
#2711=PLANE('',#3092);
#2712=PLANE('',#3094);
#2713=PLANE('',#3097);
#2714=PLANE('',#3100);
#2715=PLANE('',#3103);
#2716=PLANE('',#3107);
#2717=PLANE('',#3108);
#2718=PLANE('',#3109);
#2719=PLANE('',#3110);
#2720=PLANE('',#3111);
#2721=PLANE('',#3112);
#2722=PLANE('',#3113);
#2723=PLANE('',#3114);
#2724=PLANE('',#3115);
#2725=PLANE('',#3116);
#2726=PLANE('',#3117);
#2727=PLANE('',#3118);
#2728=PLANE('',#3122);
#2729=PLANE('',#3125);
#2730=PLANE('',#3127);
#2731=PLANE('',#3130);
#2732=PLANE('',#3133);
#2733=PLANE('',#3136);
#2734=PLANE('',#3140);
#2735=PLANE('',#3141);
#2736=PLANE('',#3142);
#2737=PLANE('',#3143);
#2738=PLANE('',#3144);
#2739=PLANE('',#3145);
#2740=PLANE('',#3146);
#2741=PLANE('',#3147);
#2742=PLANE('',#3148);
#2743=PLANE('',#3150);
#2744=PLANE('',#3151);
#2745=PLANE('',#3153);
#2746=PLANE('',#3158);
#2747=PLANE('',#3160);
#2748=PLANE('',#3161);
#2749=PLANE('',#3163);
#2750=ADVANCED_FACE('',(#193),#2642,.T.);
#2751=ADVANCED_FACE('',(#194),#149,.F.);
#2752=ADVANCED_FACE('',(#195),#2643,.F.);
#2753=ADVANCED_FACE('',(#196),#150,.F.);
#2754=ADVANCED_FACE('',(#197),#2644,.F.);
#2755=ADVANCED_FACE('',(#198),#151,.F.);
#2756=ADVANCED_FACE('',(#199),#2645,.F.);
#2757=ADVANCED_FACE('',(#200),#152,.F.);
#2758=ADVANCED_FACE('',(#201),#2646,.F.);
#2759=ADVANCED_FACE('',(#202),#153,.T.);
#2760=ADVANCED_FACE('',(#203),#2647,.T.);
#2761=ADVANCED_FACE('',(#204,#45),#2648,.T.);
#2762=ADVANCED_FACE('',(#205),#154,.T.);
#2763=ADVANCED_FACE('',(#206),#2649,.T.);
#2764=ADVANCED_FACE('',(#207),#2650,.T.);
#2765=ADVANCED_FACE('',(#208,#46),#2651,.F.);
#2766=ADVANCED_FACE('',(#209),#2652,.T.);
#2767=ADVANCED_FACE('',(#210),#155,.F.);
#2768=ADVANCED_FACE('',(#211),#2653,.F.);
#2769=ADVANCED_FACE('',(#212),#156,.F.);
#2770=ADVANCED_FACE('',(#213),#2654,.F.);
#2771=ADVANCED_FACE('',(#214),#157,.F.);
#2772=ADVANCED_FACE('',(#215),#2655,.F.);
#2773=ADVANCED_FACE('',(#216),#158,.F.);
#2774=ADVANCED_FACE('',(#217),#2656,.F.);
#2775=ADVANCED_FACE('',(#218),#159,.T.);
#2776=ADVANCED_FACE('',(#219),#2657,.T.);
#2777=ADVANCED_FACE('',(#220,#47),#2658,.T.);
#2778=ADVANCED_FACE('',(#221),#160,.T.);
#2779=ADVANCED_FACE('',(#222),#2659,.T.);
#2780=ADVANCED_FACE('',(#223),#2660,.T.);
#2781=ADVANCED_FACE('',(#224,#48),#2661,.F.);
#2782=ADVANCED_FACE('',(#225),#161,.F.);
#2783=ADVANCED_FACE('',(#226),#2662,.T.);
#2784=ADVANCED_FACE('',(#227),#162,.T.);
#2785=ADVANCED_FACE('',(#228),#2663,.F.);
#2786=ADVANCED_FACE('',(#229),#2664,.F.);
#2787=ADVANCED_FACE('',(#230),#2665,.F.);
#2788=ADVANCED_FACE('',(#231),#163,.T.);
#2789=ADVANCED_FACE('',(#232,#49,#50,#51),#2666,.F.);
#2790=ADVANCED_FACE('',(#233),#2667,.T.);
#2791=ADVANCED_FACE('',(#234),#2668,.F.);
#2792=ADVANCED_FACE('',(#235),#2669,.F.);
#2793=ADVANCED_FACE('',(#236),#2670,.F.);
#2794=ADVANCED_FACE('',(#237),#2671,.F.);
#2795=ADVANCED_FACE('',(#238),#2672,.F.);
#2796=ADVANCED_FACE('',(#239),#2673,.F.);
#2797=ADVANCED_FACE('',(#240),#2674,.F.);
#2798=ADVANCED_FACE('',(#241),#2675,.F.);
#2799=ADVANCED_FACE('',(#242),#2676,.T.);
#2800=ADVANCED_FACE('',(#243),#2677,.T.);
#2801=ADVANCED_FACE('',(#244),#2678,.T.);
#2802=ADVANCED_FACE('',(#245),#2679,.T.);
#2803=ADVANCED_FACE('',(#246),#2680,.T.);
#2804=ADVANCED_FACE('',(#247),#2681,.T.);
#2805=ADVANCED_FACE('',(#248),#2682,.T.);
#2806=ADVANCED_FACE('',(#249),#2683,.T.);
#2807=ADVANCED_FACE('',(#250),#2684,.T.);
#2808=ADVANCED_FACE('',(#251),#2685,.T.);
#2809=ADVANCED_FACE('',(#252),#2686,.T.);
#2810=ADVANCED_FACE('',(#253),#2687,.T.);
#2811=ADVANCED_FACE('',(#254),#2688,.T.);
#2812=ADVANCED_FACE('',(#255),#2689,.T.);
#2813=ADVANCED_FACE('',(#256),#2690,.T.);
#2814=ADVANCED_FACE('',(#257),#2691,.T.);
#2815=ADVANCED_FACE('',(#258),#2692,.F.);
#2816=ADVANCED_FACE('',(#259),#2693,.F.);
#2817=ADVANCED_FACE('',(#260),#2694,.F.);
#2818=ADVANCED_FACE('',(#261),#2695,.F.);
#2819=ADVANCED_FACE('',(#262),#2696,.F.);
#2820=ADVANCED_FACE('',(#263),#2697,.F.);
#2821=ADVANCED_FACE('',(#264),#2698,.F.);
#2822=ADVANCED_FACE('',(#265),#2699,.F.);
#2823=ADVANCED_FACE('',(#266),#2700,.F.);
#2824=ADVANCED_FACE('',(#267),#2701,.F.);
#2825=ADVANCED_FACE('',(#268),#2702,.F.);
#2826=ADVANCED_FACE('',(#269),#2703,.F.);
#2827=ADVANCED_FACE('',(#270),#2704,.F.);
#2828=ADVANCED_FACE('',(#271),#2705,.F.);
#2829=ADVANCED_FACE('',(#272),#2706,.F.);
#2830=ADVANCED_FACE('',(#273),#19,.T.);
#2831=ADVANCED_FACE('',(#274),#164,.T.);
#2832=ADVANCED_FACE('',(#275,#52),#2707,.T.);
#2833=ADVANCED_FACE('',(#276),#2708,.T.);
#2834=ADVANCED_FACE('',(#277),#2709,.T.);
#2835=ADVANCED_FACE('',(#278),#2710,.T.);
#2836=ADVANCED_FACE('',(#279),#165,.T.);
#2837=ADVANCED_FACE('',(#280),#2711,.T.);
#2838=ADVANCED_FACE('',(#281),#166,.T.);
#2839=ADVANCED_FACE('',(#282),#2712,.T.);
#2840=ADVANCED_FACE('',(#283),#167,.T.);
#2841=ADVANCED_FACE('',(#284),#168,.T.);
#2842=ADVANCED_FACE('',(#285),#2713,.T.);
#2843=ADVANCED_FACE('',(#286),#169,.T.);
#2844=ADVANCED_FACE('',(#287),#170,.T.);
#2845=ADVANCED_FACE('',(#288),#2714,.T.);
#2846=ADVANCED_FACE('',(#289),#171,.T.);
#2847=ADVANCED_FACE('',(#290),#172,.T.);
#2848=ADVANCED_FACE('',(#291),#2715,.T.);
#2849=ADVANCED_FACE('',(#292),#173,.T.);
#2850=ADVANCED_FACE('',(#293),#174,.T.);
#2851=ADVANCED_FACE('',(#294),#175,.T.);
#2852=ADVANCED_FACE('',(#295),#2716,.T.);
#2853=ADVANCED_FACE('',(#296),#2717,.T.);
#2854=ADVANCED_FACE('',(#297),#2718,.T.);
#2855=ADVANCED_FACE('',(#298),#2719,.T.);
#2856=ADVANCED_FACE('',(#299),#2720,.T.);
#2857=ADVANCED_FACE('',(#300),#2721,.T.);
#2858=ADVANCED_FACE('',(#301),#2722,.T.);
#2859=ADVANCED_FACE('',(#302),#2723,.T.);
#2860=ADVANCED_FACE('',(#303),#2724,.T.);
#2861=ADVANCED_FACE('',(#304),#2725,.T.);
#2862=ADVANCED_FACE('',(#305),#2726,.T.);
#2863=ADVANCED_FACE('',(#306,#53),#2727,.F.);
#2864=ADVANCED_FACE('',(#307),#2728,.F.);
#2865=ADVANCED_FACE('',(#308),#176,.T.);
#2866=ADVANCED_FACE('',(#309),#2729,.F.);
#2867=ADVANCED_FACE('',(#310),#177,.T.);
#2868=ADVANCED_FACE('',(#311),#2730,.F.);
#2869=ADVANCED_FACE('',(#312),#178,.T.);
#2870=ADVANCED_FACE('',(#313),#179,.T.);
#2871=ADVANCED_FACE('',(#314),#2731,.F.);
#2872=ADVANCED_FACE('',(#315),#180,.T.);
#2873=ADVANCED_FACE('',(#316),#181,.T.);
#2874=ADVANCED_FACE('',(#317),#2732,.F.);
#2875=ADVANCED_FACE('',(#318),#182,.T.);
#2876=ADVANCED_FACE('',(#319),#183,.T.);
#2877=ADVANCED_FACE('',(#320),#2733,.F.);
#2878=ADVANCED_FACE('',(#321),#184,.T.);
#2879=ADVANCED_FACE('',(#322),#185,.T.);
#2880=ADVANCED_FACE('',(#323),#186,.T.);
#2881=ADVANCED_FACE('',(#324),#2734,.F.);
#2882=ADVANCED_FACE('',(#325),#2735,.F.);
#2883=ADVANCED_FACE('',(#326),#2736,.F.);
#2884=ADVANCED_FACE('',(#327),#2737,.F.);
#2885=ADVANCED_FACE('',(#328),#2738,.F.);
#2886=ADVANCED_FACE('',(#329),#2739,.F.);
#2887=ADVANCED_FACE('',(#330),#2740,.F.);
#2888=ADVANCED_FACE('',(#331),#2741,.F.);
#2889=ADVANCED_FACE('',(#332),#2742,.F.);
#2890=ADVANCED_FACE('',(#333),#2743,.F.);
#2891=ADVANCED_FACE('',(#334),#2744,.F.);
#2892=ADVANCED_FACE('',(#335),#187,.T.);
#2893=ADVANCED_FACE('',(#336),#2745,.T.);
#2894=ADVANCED_FACE('',(#337),#188,.F.);
#2895=ADVANCED_FACE('',(#338),#2746,.F.);
#2896=ADVANCED_FACE('',(#339),#2747,.F.);
#2897=ADVANCED_FACE('',(#340),#2748,.F.);
#2898=ADVANCED_FACE('',(#341),#2749,.F.);
#2899=ADVANCED_FACE('',(#342,#54),#189,.F.);
#2900=ADVANCED_FACE('',(#343),#17,.T.);
#2901=ADVANCED_FACE('',(#344),#18,.T.);
#2902=ADVANCED_FACE('',(#345,#55,#56),#190,.F.);
#2903=ADVANCED_FACE('',(#346),#191,.F.);
#2904=ADVANCED_FACE('',(#347),#192,.T.);
#2905=CLOSED_SHELL('',(#2750,#2751,#2752,#2753,#2754,#2755,#2756,#2757,
#2758,#2759,#2760,#2761,#2762,#2763,#2764,#2765));
#2906=CLOSED_SHELL('',(#2766,#2767,#2768,#2769,#2770,#2771,#2772,#2773,
#2774,#2775,#2776,#2777,#2778,#2779,#2780,#2781));
#2907=CLOSED_SHELL('',(#2782,#2783,#2784,#2785,#2786,#2787,#2788,#2789,
#2790,#2791,#2792,#2793,#2794,#2795,#2796,#2797,#2798,#2799,#2800,#2801,
#2802,#2803,#2804,#2805,#2806,#2807,#2808,#2809,#2810,#2811,#2812,#2813,
#2814,#2815,#2816,#2817,#2818,#2819,#2820,#2821,#2822,#2823,#2824,#2825,
#2826,#2827,#2828,#2829,#2830,#2831,#2832,#2833,#2834,#2835,#2836,#2837,
#2838,#2839,#2840,#2841,#2842,#2843,#2844,#2845,#2846,#2847,#2848,#2849,
#2850,#2851,#2852,#2853,#2854,#2855,#2856,#2857,#2858,#2859,#2860,#2861,
#2862,#2863,#2864,#2865,#2866,#2867,#2868,#2869,#2870,#2871,#2872,#2873,
#2874,#2875,#2876,#2877,#2878,#2879,#2880,#2881,#2882,#2883,#2884,#2885,
#2886,#2887,#2888,#2889,#2890,#2891,#2892));
#2908=CLOSED_SHELL('',(#2893,#2894,#2895,#2896,#2897,#2898,#2899,#2900,
#2901,#2902,#2903,#2904));
#2909=DERIVED_UNIT_ELEMENT(#2911,1.);
#2910=DERIVED_UNIT_ELEMENT(#5140,-3.);
#2911=(
MASS_UNIT()
NAMED_UNIT(*)
SI_UNIT(.KILO.,.GRAM.)
);
#2912=DERIVED_UNIT((#2909,#2910));
#2913=MEASURE_REPRESENTATION_ITEM('density measure',
POSITIVE_RATIO_MEASURE(7850.),#2912);
#2914=PROPERTY_DEFINITION_REPRESENTATION(#2919,#2916);
#2915=PROPERTY_DEFINITION_REPRESENTATION(#2920,#2917);
#2916=REPRESENTATION('material name',(#2918),#5137);
#2917=REPRESENTATION('density',(#2913),#5137);
#2918=DESCRIPTIVE_REPRESENTATION_ITEM('Acero','Acero');
#2919=PROPERTY_DEFINITION('material property','material name',#5152);
#2920=PROPERTY_DEFINITION('material property','density of part',#5152);
#2921=AXIS2_PLACEMENT_3D('',#3976,#3169,#3170);
#2922=AXIS2_PLACEMENT_3D('',#3977,#3171,#3172);
#2923=AXIS2_PLACEMENT_3D('',#3978,#3173,#3174);
#2924=AXIS2_PLACEMENT_3D('',#3987,#3179,#3180);
#2925=AXIS2_PLACEMENT_3D('',#3990,#3181,#3182);
#2926=AXIS2_PLACEMENT_3D('',#3994,#3184,#3185);
#2927=AXIS2_PLACEMENT_3D('',#3996,#3187,#3188);
#2928=AXIS2_PLACEMENT_3D('',#4002,#3192,#3193);
#2929=AXIS2_PLACEMENT_3D('',#4004,#3194,#3195);
#2930=AXIS2_PLACEMENT_3D('',#4007,#3197,#3198);
#2931=AXIS2_PLACEMENT_3D('',#4008,#3199,#3200);
#2932=AXIS2_PLACEMENT_3D('',#4014,#3204,#3205);
#2933=AXIS2_PLACEMENT_3D('',#4016,#3206,#3207);
#2934=AXIS2_PLACEMENT_3D('',#4019,#3209,#3210);
#2935=AXIS2_PLACEMENT_3D('',#4020,#3211,#3212);
#2936=AXIS2_PLACEMENT_3D('',#4026,#3216,#3217);
#2937=AXIS2_PLACEMENT_3D('',#4028,#3218,#3219);
#2938=AXIS2_PLACEMENT_3D('',#4031,#3221,#3222);
#2939=AXIS2_PLACEMENT_3D('',#4032,#3223,#3224);
#2940=AXIS2_PLACEMENT_3D('',#4035,#3227,#3228);
#2941=AXIS2_PLACEMENT_3D('',#4038,#3229,#3230);
#2942=AXIS2_PLACEMENT_3D('',#4042,#3232,#3233);
#2943=AXIS2_PLACEMENT_3D('',#4044,#3235,#3236);
#2944=AXIS2_PLACEMENT_3D('',#4050,#3240,#3241);
#2945=AXIS2_PLACEMENT_3D('',#4054,#3244,#3245);
#2946=AXIS2_PLACEMENT_3D('',#4055,#3246,#3247);
#2947=AXIS2_PLACEMENT_3D('',#4058,#3249,#3250);
#2948=AXIS2_PLACEMENT_3D('',#4059,#3251,#3252);
#2949=AXIS2_PLACEMENT_3D('',#4061,#3254,#3255);
#2950=AXIS2_PLACEMENT_3D('',#4063,#3257,#3258);
#2951=AXIS2_PLACEMENT_3D('',#4064,#3259,#3260);
#2952=AXIS2_PLACEMENT_3D('',#4073,#3265,#3266);
#2953=AXIS2_PLACEMENT_3D('',#4076,#3267,#3268);
#2954=AXIS2_PLACEMENT_3D('',#4080,#3270,#3271);
#2955=AXIS2_PLACEMENT_3D('',#4082,#3273,#3274);
#2956=AXIS2_PLACEMENT_3D('',#4088,#3278,#3279);
#2957=AXIS2_PLACEMENT_3D('',#4090,#3280,#3281);
#2958=AXIS2_PLACEMENT_3D('',#4093,#3283,#3284);
#2959=AXIS2_PLACEMENT_3D('',#4094,#3285,#3286);
#2960=AXIS2_PLACEMENT_3D('',#4100,#3290,#3291);
#2961=AXIS2_PLACEMENT_3D('',#4102,#3292,#3293);
#2962=AXIS2_PLACEMENT_3D('',#4105,#3295,#3296);
#2963=AXIS2_PLACEMENT_3D('',#4106,#3297,#3298);
#2964=AXIS2_PLACEMENT_3D('',#4112,#3302,#3303);
#2965=AXIS2_PLACEMENT_3D('',#4114,#3304,#3305);
#2966=AXIS2_PLACEMENT_3D('',#4117,#3307,#3308);
#2967=AXIS2_PLACEMENT_3D('',#4118,#3309,#3310);
#2968=AXIS2_PLACEMENT_3D('',#4121,#3313,#3314);
#2969=AXIS2_PLACEMENT_3D('',#4124,#3315,#3316);
#2970=AXIS2_PLACEMENT_3D('',#4128,#3318,#3319);
#2971=AXIS2_PLACEMENT_3D('',#4130,#3321,#3322);
#2972=AXIS2_PLACEMENT_3D('',#4136,#3326,#3327);
#2973=AXIS2_PLACEMENT_3D('',#4140,#3330,#3331);
#2974=AXIS2_PLACEMENT_3D('',#4141,#3332,#3333);
#2975=AXIS2_PLACEMENT_3D('',#4144,#3335,#3336);
#2976=AXIS2_PLACEMENT_3D('',#4145,#3337,#3338);
#2977=AXIS2_PLACEMENT_3D('',#4147,#3340,#3341);
#2978=AXIS2_PLACEMENT_3D('',#4149,#3343,#3344);
#2979=AXIS2_PLACEMENT_3D('',#4150,#3345,#3346);
#2980=AXIS2_PLACEMENT_3D('',#4152,#3347,#3348);
#2981=AXIS2_PLACEMENT_3D('',#4155,#3350,#3351);
#2982=AXIS2_PLACEMENT_3D('',#4156,#3352,#3353);
#2983=AXIS2_PLACEMENT_3D('',#4157,#3354,#3355);
#2984=AXIS2_PLACEMENT_3D('',#4172,#3357,#3358);
#2985=AXIS2_PLACEMENT_3D('',#4175,#3360,#3361);
#2986=AXIS2_PLACEMENT_3D('',#4176,#3362,#3363);
#2987=AXIS2_PLACEMENT_3D('',#4182,#3366,#3367);
#2988=AXIS2_PLACEMENT_3D('',#4186,#3369,#3370);
#2989=AXIS2_PLACEMENT_3D('',#4190,#3372,#3373);
#2990=AXIS2_PLACEMENT_3D('',#4194,#3375,#3376);
#2991=AXIS2_PLACEMENT_3D('',#4198,#3378,#3379);
#2992=AXIS2_PLACEMENT_3D('',#4202,#3381,#3382);
#2993=AXIS2_PLACEMENT_3D('',#4206,#3384,#3385);
#2994=AXIS2_PLACEMENT_3D('',#4210,#3387,#3388);
#2995=AXIS2_PLACEMENT_3D('',#4214,#3390,#3391);
#2996=AXIS2_PLACEMENT_3D('',#4218,#3393,#3394);
#2997=AXIS2_PLACEMENT_3D('',#4222,#3396,#3397);
#2998=AXIS2_PLACEMENT_3D('',#4236,#3405,#3406);
#2999=AXIS2_PLACEMENT_3D('',#4240,#3409,#3410);
#3000=AXIS2_PLACEMENT_3D('',#4256,#3418,#3419);
#3001=AXIS2_PLACEMENT_3D('',#4260,#3421,#3422);
#3002=AXIS2_PLACEMENT_3D('',#4264,#3424,#3425);
#3003=AXIS2_PLACEMENT_3D('',#4268,#3427,#3428);
#3004=AXIS2_PLACEMENT_3D('',#4272,#3430,#3431);
#3005=AXIS2_PLACEMENT_3D('',#4276,#3433,#3434);
#3006=AXIS2_PLACEMENT_3D('',#4280,#3436,#3437);
#3007=AXIS2_PLACEMENT_3D('',#4284,#3439,#3440);
#3008=AXIS2_PLACEMENT_3D('',#4288,#3442,#3443);
#3009=AXIS2_PLACEMENT_3D('',#4292,#3445,#3446);
#3010=AXIS2_PLACEMENT_3D('',#4296,#3448,#3449);
#3011=AXIS2_PLACEMENT_3D('',#4298,#3451,#3452);
#3012=AXIS2_PLACEMENT_3D('',#4301,#3453,#3454);
#3013=AXIS2_PLACEMENT_3D('',#4305,#3456,#3457);
#3014=AXIS2_PLACEMENT_3D('',#4317,#3459,#3460);
#3015=AXIS2_PLACEMENT_3D('',#4319,#3461,#3462);
#3016=AXIS2_PLACEMENT_3D('',#4320,#3463,#3464);
#3017=AXIS2_PLACEMENT_3D('',#4321,#3465,#3466);
#3018=AXIS2_PLACEMENT_3D('',#4370,#3491,#3492);
#3019=AXIS2_PLACEMENT_3D('',#4376,#3495,#3496);
#3020=AXIS2_PLACEMENT_3D('',#4380,#3498,#3499);
#3021=AXIS2_PLACEMENT_3D('',#4384,#3501,#3502);
#3022=AXIS2_PLACEMENT_3D('',#4388,#3504,#3505);
#3023=AXIS2_PLACEMENT_3D('',#4392,#3507,#3508);
#3024=AXIS2_PLACEMENT_3D('',#4396,#3510,#3511);
#3025=AXIS2_PLACEMENT_3D('',#4400,#3513,#3514);
#3026=AXIS2_PLACEMENT_3D('',#4404,#3516,#3517);
#3027=AXIS2_PLACEMENT_3D('',#4408,#3519,#3520);
#3028=AXIS2_PLACEMENT_3D('',#4412,#3522,#3523);
#3029=AXIS2_PLACEMENT_3D('',#4416,#3525,#3526);
#3030=AXIS2_PLACEMENT_3D('',#4430,#3534,#3535);
#3031=AXIS2_PLACEMENT_3D('',#4436,#3539,#3540);
#3032=AXIS2_PLACEMENT_3D('',#4440,#3543,#3544);
#3033=AXIS2_PLACEMENT_3D('',#4444,#3547,#3548);
#3034=AXIS2_PLACEMENT_3D('',#4446,#3550,#3551);
#3035=AXIS2_PLACEMENT_3D('',#4452,#3555,#3556);
#3036=AXIS2_PLACEMENT_3D('',#4456,#3559,#3560);
#3037=AXIS2_PLACEMENT_3D('',#4460,#3563,#3564);
#3038=AXIS2_PLACEMENT_3D('',#4462,#3566,#3567);
#3039=AXIS2_PLACEMENT_3D('',#4468,#3571,#3572);
#3040=AXIS2_PLACEMENT_3D('',#4472,#3575,#3576);
#3041=AXIS2_PLACEMENT_3D('',#4476,#3579,#3580);
#3042=AXIS2_PLACEMENT_3D('',#4478,#3582,#3583);
#3043=AXIS2_PLACEMENT_3D('',#4484,#3587,#3588);
#3044=AXIS2_PLACEMENT_3D('',#4488,#3591,#3592);
#3045=AXIS2_PLACEMENT_3D('',#4492,#3595,#3596);
#3046=AXIS2_PLACEMENT_3D('',#4494,#3598,#3599);
#3047=AXIS2_PLACEMENT_3D('',#4500,#3603,#3604);
#3048=AXIS2_PLACEMENT_3D('',#4504,#3607,#3608);
#3049=AXIS2_PLACEMENT_3D('',#4508,#3611,#3612);
#3050=AXIS2_PLACEMENT_3D('',#4510,#3614,#3615);
#3051=AXIS2_PLACEMENT_3D('',#4516,#3619,#3620);
#3052=AXIS2_PLACEMENT_3D('',#4520,#3623,#3624);
#3053=AXIS2_PLACEMENT_3D('',#4524,#3627,#3628);
#3054=AXIS2_PLACEMENT_3D('',#4526,#3630,#3631);
#3055=AXIS2_PLACEMENT_3D('',#4532,#3635,#3636);
#3056=AXIS2_PLACEMENT_3D('',#4536,#3639,#3640);
#3057=AXIS2_PLACEMENT_3D('',#4540,#3643,#3644);
#3058=AXIS2_PLACEMENT_3D('',#4542,#3646,#3647);
#3059=AXIS2_PLACEMENT_3D('',#4543,#3648,#3649);
#3060=AXIS2_PLACEMENT_3D('',#4549,#3653,#3654);
#3061=AXIS2_PLACEMENT_3D('',#4553,#3657,#3658);
#3062=AXIS2_PLACEMENT_3D('',#4557,#3661,#3662);
#3063=AXIS2_PLACEMENT_3D('',#4559,#3664,#3665);
#3064=AXIS2_PLACEMENT_3D('',#4560,#3666,#3667);
#3065=AXIS2_PLACEMENT_3D('',#4566,#3671,#3672);
#3066=AXIS2_PLACEMENT_3D('',#4570,#3675,#3676);
#3067=AXIS2_PLACEMENT_3D('',#4574,#3679,#3680);
#3068=AXIS2_PLACEMENT_3D('',#4576,#3682,#3683);
#3069=AXIS2_PLACEMENT_3D('',#4577,#3684,#3685);
#3070=AXIS2_PLACEMENT_3D('',#4579,#3686,#3687);
#3071=AXIS2_PLACEMENT_3D('',#4582,#3689,#3690);
#3072=AXIS2_PLACEMENT_3D('',#4583,#3691,#3692);
#3073=AXIS2_PLACEMENT_3D('',#4586,#3694,#3695);
#3074=AXIS2_PLACEMENT_3D('',#4587,#3696,#3697);
#3075=AXIS2_PLACEMENT_3D('',#4588,#3698,#3699);
#3076=AXIS2_PLACEMENT_3D('',#4604,#3707,#3708);
#3077=AXIS2_PLACEMENT_3D('',#4608,#3710,#3711);
#3078=AXIS2_PLACEMENT_3D('',#4612,#3713,#3714);
#3079=AXIS2_PLACEMENT_3D('',#4616,#3716,#3717);
#3080=AXIS2_PLACEMENT_3D('',#4620,#3719,#3720);
#3081=AXIS2_PLACEMENT_3D('',#4624,#3722,#3723);
#3082=AXIS2_PLACEMENT_3D('',#4628,#3725,#3726);
#3083=AXIS2_PLACEMENT_3D('',#4632,#3728,#3729);
#3084=AXIS2_PLACEMENT_3D('',#4636,#3731,#3732);
#3085=AXIS2_PLACEMENT_3D('',#4640,#3734,#3735);
#3086=AXIS2_PLACEMENT_3D('',#4644,#3737,#3738);
#3087=AXIS2_PLACEMENT_3D('',#4648,#3741,#3742);
#3088=AXIS2_PLACEMENT_3D('',#4650,#3743,#3744);
#3089=AXIS2_PLACEMENT_3D('',#4652,#3746,#3747);
#3090=AXIS2_PLACEMENT_3D('',#4653,#3748,#3749);
#3091=AXIS2_PLACEMENT_3D('',#4655,#3751,#3752);
#3092=AXIS2_PLACEMENT_3D('',#4658,#3755,#3756);
#3093=AXIS2_PLACEMENT_3D('',#4660,#3758,#3759);
#3094=AXIS2_PLACEMENT_3D('',#4663,#3762,#3763);
#3095=AXIS2_PLACEMENT_3D('',#4665,#3765,#3766);
#3096=AXIS2_PLACEMENT_3D('',#4667,#3768,#3769);
#3097=AXIS2_PLACEMENT_3D('',#4670,#3772,#3773);
#3098=AXIS2_PLACEMENT_3D('',#4672,#3775,#3776);
#3099=AXIS2_PLACEMENT_3D('',#4674,#3778,#3779);
#3100=AXIS2_PLACEMENT_3D('',#4677,#3782,#3783);
#3101=AXIS2_PLACEMENT_3D('',#4679,#3785,#3786);
#3102=AXIS2_PLACEMENT_3D('',#4681,#3788,#3789);
#3103=AXIS2_PLACEMENT_3D('',#4684,#3792,#3793);
#3104=AXIS2_PLACEMENT_3D('',#4686,#3795,#3796);
#3105=AXIS2_PLACEMENT_3D('',#4688,#3798,#3799);
#3106=AXIS2_PLACEMENT_3D('',#4691,#3802,#3803);
#3107=AXIS2_PLACEMENT_3D('',#4694,#3806,#3807);
#3108=AXIS2_PLACEMENT_3D('',#4695,#3808,#3809);
#3109=AXIS2_PLACEMENT_3D('',#4696,#3810,#3811);
#3110=AXIS2_PLACEMENT_3D('',#4697,#3812,#3813);
#3111=AXIS2_PLACEMENT_3D('',#4698,#3814,#3815);
#3112=AXIS2_PLACEMENT_3D('',#4699,#3816,#3817);
#3113=AXIS2_PLACEMENT_3D('',#4702,#3820,#3821);
#3114=AXIS2_PLACEMENT_3D('',#4703,#3822,#3823);
#3115=AXIS2_PLACEMENT_3D('',#4704,#3824,#3825);
#3116=AXIS2_PLACEMENT_3D('',#4709,#3829,#3830);
#3117=AXIS2_PLACEMENT_3D('',#4710,#3831,#3832);
#3118=AXIS2_PLACEMENT_3D('',#4711,#3833,#3834);
#3119=AXIS2_PLACEMENT_3D('',#4713,#3835,#3836);
#3120=AXIS2_PLACEMENT_3D('',#4715,#3837,#3838);
#3121=AXIS2_PLACEMENT_3D('',#4716,#3839,#3840);
#3122=AXIS2_PLACEMENT_3D('',#4720,#3844,#3845);
#3123=AXIS2_PLACEMENT_3D('',#4722,#3846,#3847);
#3124=AXIS2_PLACEMENT_3D('',#4724,#3849,#3850);
#3125=AXIS2_PLACEMENT_3D('',#4727,#3853,#3854);
#3126=AXIS2_PLACEMENT_3D('',#4728,#3855,#3856);
#3127=AXIS2_PLACEMENT_3D('',#4731,#3859,#3860);
#3128=AXIS2_PLACEMENT_3D('',#4733,#3862,#3863);
#3129=AXIS2_PLACEMENT_3D('',#4735,#3865,#3866);
#3130=AXIS2_PLACEMENT_3D('',#4738,#3869,#3870);
#3131=AXIS2_PLACEMENT_3D('',#4740,#3872,#3873);
#3132=AXIS2_PLACEMENT_3D('',#4742,#3875,#3876);
#3133=AXIS2_PLACEMENT_3D('',#4745,#3879,#3880);
#3134=AXIS2_PLACEMENT_3D('',#4747,#3882,#3883);
#3135=AXIS2_PLACEMENT_3D('',#4749,#3885,#3886);
#3136=AXIS2_PLACEMENT_3D('',#4752,#3889,#3890);
#3137=AXIS2_PLACEMENT_3D('',#4754,#3892,#3893);
#3138=AXIS2_PLACEMENT_3D('',#4756,#3895,#3896);
#3139=AXIS2_PLACEMENT_3D('',#4759,#3899,#3900);
#3140=AXIS2_PLACEMENT_3D('',#4762,#3903,#3904);
#3141=AXIS2_PLACEMENT_3D('',#4763,#3905,#3906);
#3142=AXIS2_PLACEMENT_3D('',#4764,#3907,#3908);
#3143=AXIS2_PLACEMENT_3D('',#4765,#3909,#3910);
#3144=AXIS2_PLACEMENT_3D('',#4766,#3911,#3912);
#3145=AXIS2_PLACEMENT_3D('',#4767,#3913,#3914);
#3146=AXIS2_PLACEMENT_3D('',#4769,#3916,#3917);
#3147=AXIS2_PLACEMENT_3D('',#4770,#3918,#3919);
#3148=AXIS2_PLACEMENT_3D('',#4771,#3920,#3921);
#3149=AXIS2_PLACEMENT_3D('',#4772,#3922,#3923);
#3150=AXIS2_PLACEMENT_3D('',#4774,#3925,#3926);
#3151=AXIS2_PLACEMENT_3D('',#4776,#3928,#3929);
#3152=AXIS2_PLACEMENT_3D('',#4777,#3930,#3931);
#3153=AXIS2_PLACEMENT_3D('',#4779,#3933,#3934);
#3154=AXIS2_PLACEMENT_3D('',#4781,#3935,#3936);
#3155=AXIS2_PLACEMENT_3D('',#4782,#3937,#3938);
#3156=AXIS2_PLACEMENT_3D('',#4785,#3939,#3940);
#3157=AXIS2_PLACEMENT_3D('',#4789,#3942,#3943);
#3158=AXIS2_PLACEMENT_3D('',#4791,#3945,#3946);
#3159=AXIS2_PLACEMENT_3D('',#4794,#3947,#3948);
#3160=AXIS2_PLACEMENT_3D('',#4797,#3951,#3952);
#3161=AXIS2_PLACEMENT_3D('',#4801,#3955,#3956);
#3162=AXIS2_PLACEMENT_3D('',#4803,#3957,#3958);
#3163=AXIS2_PLACEMENT_3D('',#4805,#3960,#3961);
#3164=AXIS2_PLACEMENT_3D('',#4807,#3963,#3964);
#3165=AXIS2_PLACEMENT_3D('',#5093,#3967,#3968);
#3166=AXIS2_PLACEMENT_3D('',#5129,#3969,#3970);
#3167=AXIS2_PLACEMENT_3D('',#5130,#3971,#3972);
#3168=AXIS2_PLACEMENT_3D('',#5132,#3974,#3975);
#3169=DIRECTION('axis',(0.,0.,1.));
#3170=DIRECTION('refdir',(1.,0.,0.));
#3171=DIRECTION('axis',(0.,0.,1.));
#3172=DIRECTION('refdir',(1.,0.,0.));
#3173=DIRECTION('center_axis',(0.,1.,0.));
#3174=DIRECTION('ref_axis',(0.,0.,1.));
#3175=DIRECTION('',(-1.,0.,0.));
#3176=DIRECTION('',(0.,0.,1.));
#3177=DIRECTION('',(1.,0.,0.));
#3178=DIRECTION('',(0.,0.,-1.));
#3179=DIRECTION('center_axis',(0.,0.,-1.));
#3180=DIRECTION('ref_axis',(-0.707106781186547,0.707106781186548,0.));
#3181=DIRECTION('center_axis',(0.,0.,1.));
#3182=DIRECTION('ref_axis',(-0.707106781186547,0.707106781186548,0.));
#3183=DIRECTION('',(0.,0.,-1.));
#3184=DIRECTION('center_axis',(0.,0.,-1.));
#3185=DIRECTION('ref_axis',(-0.707106781186547,0.707106781186548,0.));
#3186=DIRECTION('',(0.,0.,1.));
#3187=DIRECTION('center_axis',(-1.,5.55111512312578E-17,0.));
#3188=DIRECTION('ref_axis',(5.55111512312578E-17,1.,0.));
#3189=DIRECTION('',(5.55111512312578E-17,1.,0.));
#3190=DIRECTION('',(0.,0.,1.));
#3191=DIRECTION('',(-5.55111512312578E-17,-1.,0.));
#3192=DIRECTION('center_axis',(0.,0.,-1.));
#3193=DIRECTION('ref_axis',(-0.707106781186548,-0.707106781186547,0.));
#3194=DIRECTION('center_axis',(0.,0.,1.));
#3195=DIRECTION('ref_axis',(-0.707106781186548,-0.707106781186547,0.));
#3196=DIRECTION('',(0.,0.,-1.));
#3197=DIRECTION('center_axis',(0.,0.,-1.));
#3198=DIRECTION('ref_axis',(-0.707106781186548,-0.707106781186547,0.));
#3199=DIRECTION('center_axis',(-1.85037170770859E-16,-1.,0.));
#3200=DIRECTION('ref_axis',(-1.,1.85037170770859E-16,0.));
#3201=DIRECTION('',(-1.,1.85037170770859E-16,0.));
#3202=DIRECTION('',(0.,0.,1.));
#3203=DIRECTION('',(1.,-1.85037170770859E-16,0.));
#3204=DIRECTION('center_axis',(0.,0.,-1.));
#3205=DIRECTION('ref_axis',(0.707106781186548,-0.707106781186548,0.));
#3206=DIRECTION('center_axis',(0.,0.,1.));
#3207=DIRECTION('ref_axis',(0.707106781186548,-0.707106781186548,0.));
#3208=DIRECTION('',(0.,0.,-1.));
#3209=DIRECTION('center_axis',(0.,0.,-1.));
#3210=DIRECTION('ref_axis',(0.707106781186548,-0.707106781186548,0.));
#3211=DIRECTION('center_axis',(1.,1.66533453693773E-16,0.));
#3212=DIRECTION('ref_axis',(1.66533453693773E-16,-1.,0.));
#3213=DIRECTION('',(1.66533453693773E-16,-1.,0.));
#3214=DIRECTION('',(0.,0.,1.));
#3215=DIRECTION('',(-1.66533453693773E-16,1.,0.));
#3216=DIRECTION('center_axis',(0.,0.,-1.));
#3217=DIRECTION('ref_axis',(0.707106781186547,0.707106781186548,0.));
#3218=DIRECTION('center_axis',(0.,0.,1.));
#3219=DIRECTION('ref_axis',(0.707106781186547,0.707106781186548,0.));
#3220=DIRECTION('',(0.,0.,-1.));
#3221=DIRECTION('center_axis',(0.,0.,-1.));
#3222=DIRECTION('ref_axis',(0.707106781186547,0.707106781186548,0.));
#3223=DIRECTION('center_axis',(0.,1.,0.));
#3224=DIRECTION('ref_axis',(1.,0.,0.));
#3225=DIRECTION('',(-1.,0.,0.));
#3226=DIRECTION('',(1.,0.,0.));
#3227=DIRECTION('center_axis',(0.,0.,1.));
#3228=DIRECTION('ref_axis',(0.707106781186547,-0.707106781186548,0.));
#3229=DIRECTION('center_axis',(0.,0.,-1.));
#3230=DIRECTION('ref_axis',(0.707106781186547,-0.707106781186548,0.));
#3231=DIRECTION('',(0.,0.,-1.));
#3232=DIRECTION('center_axis',(0.,0.,1.));
#3233=DIRECTION('ref_axis',(0.707106781186547,-0.707106781186548,0.));
#3234=DIRECTION('',(0.,0.,1.));
#3235=DIRECTION('center_axis',(0.,-1.,0.));
#3236=DIRECTION('ref_axis',(1.,0.,0.));
#3237=DIRECTION('',(1.,0.,0.));
#3238=DIRECTION('',(0.,0.,1.));
#3239=DIRECTION('',(1.,0.,0.));
#3240=DIRECTION('center_axis',(0.,0.,1.));
#3241=DIRECTION('ref_axis',(1.,0.,0.));
#3242=DIRECTION('',(4.14262322621327E-17,1.,0.));
#3243=DIRECTION('',(0.,1.,0.));
#3244=DIRECTION('center_axis',(0.,0.,-1.));
#3245=DIRECTION('ref_axis',(-0.707106781186548,-0.707106781186547,0.));
#3246=DIRECTION('center_axis',(0.,0.,1.));
#3247=DIRECTION('ref_axis',(-0.707106781186548,-0.707106781186547,0.));
#3248=DIRECTION('',(0.,0.,-1.));
#3249=DIRECTION('center_axis',(0.,0.,1.));
#3250=DIRECTION('ref_axis',(-0.707106781186548,-0.707106781186547,0.));
#3251=DIRECTION('center_axis',(-1.,1.24278696786398E-16,0.));
#3252=DIRECTION('ref_axis',(-1.24278696786398E-16,-1.,0.));
#3253=DIRECTION('',(0.,1.,0.));
#3254=DIRECTION('center_axis',(1.,-4.14262322621327E-17,0.));
#3255=DIRECTION('ref_axis',(4.14262322621327E-17,1.,0.));
#3256=DIRECTION('',(4.14262322621327E-17,1.,0.));
#3257=DIRECTION('center_axis',(0.,0.,1.));
#3258=DIRECTION('ref_axis',(1.,0.,0.));
#3259=DIRECTION('center_axis',(0.,1.,0.));
#3260=DIRECTION('ref_axis',(0.,0.,1.));
#3261=DIRECTION('',(-1.,0.,0.));
#3262=DIRECTION('',(0.,0.,1.));
#3263=DIRECTION('',(1.,0.,0.));
#3264=DIRECTION('',(0.,0.,-1.));
#3265=DIRECTION('center_axis',(0.,0.,-1.));
#3266=DIRECTION('ref_axis',(-0.707106781186547,0.707106781186548,0.));
#3267=DIRECTION('center_axis',(0.,0.,1.));
#3268=DIRECTION('ref_axis',(-0.707106781186547,0.707106781186548,0.));
#3269=DIRECTION('',(0.,0.,-1.));
#3270=DIRECTION('center_axis',(0.,0.,-1.));
#3271=DIRECTION('ref_axis',(-0.707106781186547,0.707106781186548,0.));
#3272=DIRECTION('',(0.,0.,1.));
#3273=DIRECTION('center_axis',(-1.,5.55111512312578E-17,0.));
#3274=DIRECTION('ref_axis',(5.55111512312578E-17,1.,0.));
#3275=DIRECTION('',(5.55111512312578E-17,1.,0.));
#3276=DIRECTION('',(0.,0.,1.));
#3277=DIRECTION('',(-5.55111512312578E-17,-1.,0.));
#3278=DIRECTION('center_axis',(0.,0.,-1.));
#3279=DIRECTION('ref_axis',(-0.707106781186548,-0.707106781186547,0.));
#3280=DIRECTION('center_axis',(0.,0.,1.));
#3281=DIRECTION('ref_axis',(-0.707106781186548,-0.707106781186547,0.));
#3282=DIRECTION('',(0.,0.,-1.));
#3283=DIRECTION('center_axis',(0.,0.,-1.));
#3284=DIRECTION('ref_axis',(-0.707106781186548,-0.707106781186547,0.));
#3285=DIRECTION('center_axis',(-1.85037170770859E-16,-1.,0.));
#3286=DIRECTION('ref_axis',(-1.,1.85037170770859E-16,0.));
#3287=DIRECTION('',(-1.,1.85037170770859E-16,0.));
#3288=DIRECTION('',(0.,0.,1.));
#3289=DIRECTION('',(1.,-1.85037170770859E-16,0.));
#3290=DIRECTION('center_axis',(0.,0.,-1.));
#3291=DIRECTION('ref_axis',(0.707106781186548,-0.707106781186548,0.));
#3292=DIRECTION('center_axis',(0.,0.,1.));
#3293=DIRECTION('ref_axis',(0.707106781186548,-0.707106781186548,0.));
#3294=DIRECTION('',(0.,0.,-1.));
#3295=DIRECTION('center_axis',(0.,0.,-1.));
#3296=DIRECTION('ref_axis',(0.707106781186548,-0.707106781186548,0.));
#3297=DIRECTION('center_axis',(1.,1.66533453693773E-16,0.));
#3298=DIRECTION('ref_axis',(1.66533453693773E-16,-1.,0.));
#3299=DIRECTION('',(1.66533453693773E-16,-1.,0.));
#3300=DIRECTION('',(0.,0.,1.));
#3301=DIRECTION('',(-1.66533453693773E-16,1.,0.));
#3302=DIRECTION('center_axis',(0.,0.,-1.));
#3303=DIRECTION('ref_axis',(0.707106781186547,0.707106781186548,0.));
#3304=DIRECTION('center_axis',(0.,0.,1.));
#3305=DIRECTION('ref_axis',(0.707106781186547,0.707106781186548,0.));
#3306=DIRECTION('',(0.,0.,-1.));
#3307=DIRECTION('center_axis',(0.,0.,-1.));
#3308=DIRECTION('ref_axis',(0.707106781186547,0.707106781186548,0.));
#3309=DIRECTION('center_axis',(0.,1.,0.));
#3310=DIRECTION('ref_axis',(1.,0.,0.));
#3311=DIRECTION('',(-1.,0.,0.));
#3312=DIRECTION('',(1.,0.,0.));
#3313=DIRECTION('center_axis',(0.,0.,1.));
#3314=DIRECTION('ref_axis',(0.707106781186547,-0.707106781186548,0.));
#3315=DIRECTION('center_axis',(0.,0.,-1.));
#3316=DIRECTION('ref_axis',(0.707106781186547,-0.707106781186548,0.));
#3317=DIRECTION('',(0.,0.,-1.));
#3318=DIRECTION('center_axis',(0.,0.,1.));
#3319=DIRECTION('ref_axis',(0.707106781186547,-0.707106781186548,0.));
#3320=DIRECTION('',(0.,0.,1.));
#3321=DIRECTION('center_axis',(0.,-1.,0.));
#3322=DIRECTION('ref_axis',(1.,0.,0.));
#3323=DIRECTION('',(1.,0.,0.));
#3324=DIRECTION('',(0.,0.,1.));
#3325=DIRECTION('',(1.,0.,0.));
#3326=DIRECTION('center_axis',(0.,0.,1.));
#3327=DIRECTION('ref_axis',(1.,0.,0.));
#3328=DIRECTION('',(4.14262322621327E-17,1.,0.));
#3329=DIRECTION('',(0.,1.,0.));
#3330=DIRECTION('center_axis',(0.,0.,-1.));
#3331=DIRECTION('ref_axis',(-0.707106781186548,-0.707106781186547,0.));
#3332=DIRECTION('center_axis',(0.,0.,1.));
#3333=DIRECTION('ref_axis',(-0.707106781186548,-0.707106781186547,0.));
#3334=DIRECTION('',(0.,0.,-1.));
#3335=DIRECTION('center_axis',(0.,0.,1.));
#3336=DIRECTION('ref_axis',(-0.707106781186548,-0.707106781186547,0.));
#3337=DIRECTION('center_axis',(-1.,1.24278696786398E-16,0.));
#3338=DIRECTION('ref_axis',(-1.24278696786398E-16,-1.,0.));
#3339=DIRECTION('',(0.,1.,0.));
#3340=DIRECTION('center_axis',(1.,-4.14262322621327E-17,0.));
#3341=DIRECTION('ref_axis',(4.14262322621327E-17,1.,0.));
#3342=DIRECTION('',(4.14262322621327E-17,1.,0.));
#3343=DIRECTION('center_axis',(0.,0.,1.));
#3344=DIRECTION('ref_axis',(1.,0.,0.));
#3345=DIRECTION('center_axis',(0.,-1.,0.));
#3346=DIRECTION('ref_axis',(-1.,0.,0.));
#3347=DIRECTION('center_axis',(0.,-1.,0.));
#3348=DIRECTION('ref_axis',(-1.,0.,0.));
#3349=DIRECTION('',(0.,-1.,0.));
#3350=DIRECTION('center_axis',(0.,-1.,0.));
#3351=DIRECTION('ref_axis',(-1.,0.,0.));
#3352=DIRECTION('center_axis',(0.,1.,0.));
#3353=DIRECTION('ref_axis',(-1.,0.,0.));
#3354=DIRECTION('center_axis',(1.,0.,4.89858719658941E-16));
#3355=DIRECTION('ref_axis',(3.11343290588399E-16,-0.772036887425527,-0.635577724951326));
#3356=DIRECTION('',(-1.,0.,-4.89858719658941E-16));
#3357=DIRECTION('center_axis',(1.,0.,4.89858719658941E-16));
#3358=DIRECTION('ref_axis',(3.11343290588399E-16,-0.772036887425527,-0.635577724951326));
#3359=DIRECTION('',(1.,0.,4.89858719658941E-16));
#3360=DIRECTION('center_axis',(-1.,0.,-4.89858719658941E-16));
#3361=DIRECTION('ref_axis',(3.11343290588399E-16,-0.772036887425527,-0.635577724951326));
#3362=DIRECTION('center_axis',(-1.,0.,-4.89858719658941E-16));
#3363=DIRECTION('ref_axis',(-4.89858719658941E-16,0.,1.));
#3364=DIRECTION('',(-9.40929990368727E-17,-0.981378896976839,0.192081911091394));
#3365=DIRECTION('',(1.05323478231422E-16,-0.976612316795047,-0.215007866563551));
#3366=DIRECTION('center_axis',(-1.,0.,-4.89858719658941E-16));
#3367=DIRECTION('ref_axis',(2.63806394453541E-16,0.84260271225163,-0.538535671340531));
#3368=DIRECTION('',(-1.05323478231418E-16,0.976612316795049,0.215007866563544));
#3369=DIRECTION('center_axis',(-1.,0.,-4.89858719658941E-16));
#3370=DIRECTION('ref_axis',(4.12756285804728E-16,-0.538535671340553,-0.842602712251616));
#3371=DIRECTION('',(1.05323478231422E-16,-0.976612316795047,-0.215007866563551));
#3372=DIRECTION('center_axis',(-1.,0.,-4.89858719658941E-16));
#3373=DIRECTION('ref_axis',(2.63806394453552E-16,0.842602712251616,-0.538535671340553));
#3374=DIRECTION('',(-1.05323478231418E-16,0.976612316795049,0.215007866563544));
#3375=DIRECTION('center_axis',(-1.,0.,-4.89858719658941E-16));
#3376=DIRECTION('ref_axis',(4.12756285804728E-16,-0.538535671340553,-0.842602712251616));
#3377=DIRECTION('',(1.05323478231422E-16,-0.976612316795048,-0.215007866563551));
#3378=DIRECTION('center_axis',(-1.,0.,-4.89858719658941E-16));
#3379=DIRECTION('ref_axis',(2.63806394453541E-16,0.84260271225163,-0.538535671340531));
#3380=DIRECTION('',(-1.05323478231418E-16,0.976612316795049,0.215007866563544));
#3381=DIRECTION('center_axis',(-1.,0.,-4.89858719658941E-16));
#3382=DIRECTION('ref_axis',(4.12756285804728E-16,-0.538535671340553,-0.842602712251616));
#3383=DIRECTION('',(1.05323478231422E-16,-0.976612316795047,-0.215007866563551));
#3384=DIRECTION('center_axis',(-1.,0.,-4.89858719658941E-16));
#3385=DIRECTION('ref_axis',(2.63806394453548E-16,0.842602712251621,-0.538535671340545));
#3386=DIRECTION('',(-1.05323478231418E-16,0.976612316795049,0.215007866563544));
#3387=DIRECTION('center_axis',(-1.,0.,-4.89858719658941E-16));
#3388=DIRECTION('ref_axis',(4.12756285804723E-16,-0.538535671340568,-0.842602712251607));
#3389=DIRECTION('',(1.05323478231422E-16,-0.976612316795047,-0.215007866563551));
#3390=DIRECTION('center_axis',(-1.,0.,-4.89858719658941E-16));
#3391=DIRECTION('ref_axis',(2.63806394453552E-16,0.842602712251616,-0.538535671340553));
#3392=DIRECTION('',(-1.05323478231418E-16,0.976612316795049,0.215007866563544));
#3393=DIRECTION('center_axis',(-1.,0.,-4.89858719658941E-16));
#3394=DIRECTION('ref_axis',(4.1275628580473E-16,-0.538535671340545,-0.842602712251621));
#3395=DIRECTION('',(1.05323478231422E-16,-0.976612316795047,-0.215007866563551));
#3396=DIRECTION('center_axis',(-1.,0.,-4.89858719658941E-16));
#3397=DIRECTION('ref_axis',(2.63806394453552E-16,0.842602712251616,-0.538535671340553));
#3398=DIRECTION('',(-1.05323478231418E-16,0.976612316795049,0.215007866563544));
#3399=DIRECTION('',(4.78402059108375E-16,0.215007866563544,-0.976612316795049));
#3400=DIRECTION('',(4.89858719658941E-16,0.,-1.));
#3401=DIRECTION('',(-1.05323478231418E-16,0.976612316795049,0.215007866563543));
#3402=DIRECTION('',(4.08231784663709E-17,0.996521452291637,-0.0833366373365643));
#3403=DIRECTION('',(-4.89858719658941E-16,0.,1.));
#3404=DIRECTION('',(0.,1.,0.));
#3405=DIRECTION('center_axis',(-4.80737009973379E-16,0.192081911091394,
0.981378896976839));
#3406=DIRECTION('ref_axis',(-9.40929990368727E-17,-0.981378896976839,0.192081911091394));
#3407=DIRECTION('',(9.40929990368727E-17,0.981378896976839,-0.192081911091394));
#3408=DIRECTION('',(1.,0.,4.89858719658941E-16));
#3409=DIRECTION('center_axis',(1.,0.,4.89858719658941E-16));
#3410=DIRECTION('ref_axis',(4.89858719658941E-16,0.,-1.));
#3411=DIRECTION('',(0.,-1.,0.));
#3412=DIRECTION('',(-4.89858719658941E-16,0.,1.));
#3413=DIRECTION('',(-4.08231784663709E-17,-0.996521452291637,0.0833366373365643));
#3414=DIRECTION('',(1.05323478231418E-16,-0.976612316795049,-0.215007866563543));
#3415=DIRECTION('',(-4.89858719658941E-16,0.,1.));
#3416=DIRECTION('',(-4.78402059108375E-16,-0.215007866563544,0.976612316795049));
#3417=DIRECTION('',(1.05323478231418E-16,-0.976612316795049,-0.215007866563544));
#3418=DIRECTION('center_axis',(1.,0.,4.89858719658941E-16));
#3419=DIRECTION('ref_axis',(2.63806394453552E-16,0.842602712251616,-0.538535671340553));
#3420=DIRECTION('',(-1.05323478231422E-16,0.976612316795047,0.215007866563551));
#3421=DIRECTION('center_axis',(1.,0.,4.89858719658941E-16));
#3422=DIRECTION('ref_axis',(4.1275628580473E-16,-0.538535671340545,-0.842602712251621));
#3423=DIRECTION('',(1.05323478231418E-16,-0.976612316795049,-0.215007866563544));
#3424=DIRECTION('center_axis',(1.,0.,4.89858719658941E-16));
#3425=DIRECTION('ref_axis',(2.63806394453552E-16,0.842602712251616,-0.538535671340553));
#3426=DIRECTION('',(-1.05323478231422E-16,0.976612316795047,0.215007866563551));
#3427=DIRECTION('center_axis',(1.,0.,4.89858719658941E-16));
#3428=DIRECTION('ref_axis',(4.12756285804723E-16,-0.538535671340568,-0.842602712251607));
#3429=DIRECTION('',(1.05323478231418E-16,-0.976612316795049,-0.215007866563544));
#3430=DIRECTION('center_axis',(1.,0.,4.89858719658941E-16));
#3431=DIRECTION('ref_axis',(2.63806394453548E-16,0.842602712251621,-0.538535671340545));
#3432=DIRECTION('',(-1.05323478231422E-16,0.976612316795047,0.215007866563551));
#3433=DIRECTION('center_axis',(1.,0.,4.89858719658941E-16));
#3434=DIRECTION('ref_axis',(4.12756285804728E-16,-0.538535671340553,-0.842602712251616));
#3435=DIRECTION('',(1.05323478231418E-16,-0.976612316795049,-0.215007866563544));
#3436=DIRECTION('center_axis',(1.,0.,4.89858719658941E-16));
#3437=DIRECTION('ref_axis',(2.63806394453541E-16,0.84260271225163,-0.538535671340531));
#3438=DIRECTION('',(-1.05323478231422E-16,0.976612316795048,0.215007866563551));
#3439=DIRECTION('center_axis',(1.,0.,4.89858719658941E-16));
#3440=DIRECTION('ref_axis',(4.12756285804728E-16,-0.538535671340553,-0.842602712251616));
#3441=DIRECTION('',(1.05323478231418E-16,-0.976612316795049,-0.215007866563544));
#3442=DIRECTION('center_axis',(1.,0.,4.89858719658941E-16));
#3443=DIRECTION('ref_axis',(2.63806394453552E-16,0.842602712251616,-0.538535671340553));
#3444=DIRECTION('',(-1.05323478231422E-16,0.976612316795047,0.215007866563551));
#3445=DIRECTION('center_axis',(1.,0.,4.89858719658941E-16));
#3446=DIRECTION('ref_axis',(4.12756285804728E-16,-0.538535671340553,-0.842602712251616));
#3447=DIRECTION('',(1.05323478231418E-16,-0.976612316795049,-0.215007866563544));
#3448=DIRECTION('center_axis',(1.,0.,4.89858719658941E-16));
#3449=DIRECTION('ref_axis',(2.63806394453541E-16,0.84260271225163,-0.538535671340531));
#3450=DIRECTION('',(-1.05323478231422E-16,0.976612316795047,0.215007866563551));
#3451=DIRECTION('center_axis',(1.,0.,0.));
#3452=DIRECTION('ref_axis',(0.,-0.772036887425527,0.635577724951326));
#3453=DIRECTION('center_axis',(-1.,0.,0.));
#3454=DIRECTION('ref_axis',(0.,-0.772036887425527,0.635577724951326));
#3455=DIRECTION('',(-1.,0.,0.));
#3456=DIRECTION('center_axis',(1.,0.,0.));
#3457=DIRECTION('ref_axis',(0.,-0.772036887425527,0.635577724951326));
#3458=DIRECTION('',(1.,0.,0.));
#3459=DIRECTION('center_axis',(0.,1.,0.));
#3460=DIRECTION('ref_axis',(-1.,0.,0.));
#3461=DIRECTION('center_axis',(0.,1.,0.));
#3462=DIRECTION('ref_axis',(-1.,0.,0.));
#3463=DIRECTION('center_axis',(0.,1.,0.));
#3464=DIRECTION('ref_axis',(-1.,0.,0.));
#3465=DIRECTION('center_axis',(0.,1.,0.));
#3466=DIRECTION('ref_axis',(-1.,0.,0.));
#3467=DIRECTION('',(0.,0.,-1.));
#3468=DIRECTION('',(-1.,0.,0.));
#3469=DIRECTION('',(1.85037171689949E-16,0.,1.));
#3470=DIRECTION('',(0.,0.,1.));
#3471=DIRECTION('',(1.85037171689949E-16,0.,1.));
#3472=DIRECTION('',(1.,0.,2.43798975002146E-16));
#3473=DIRECTION('',(0.,0.,-1.));
#3474=DIRECTION('',(0.,0.,-1.));
#3475=DIRECTION('',(-3.70074343379898E-16,0.,1.));
#3476=DIRECTION('',(0.,0.,1.));
#3477=DIRECTION('',(-3.70074343379898E-16,0.,1.));
#3478=DIRECTION('',(1.,0.,7.50150692314294E-16));
#3479=DIRECTION('',(0.,0.,-1.));
#3480=DIRECTION('',(0.,0.,-1.));
#3481=DIRECTION('',(0.,0.,-1.));
#3482=DIRECTION('',(-1.,0.,-6.00120553851436E-16));
#3483=DIRECTION('',(-1.85037171689949E-16,0.,1.));
#3484=DIRECTION('',(0.,0.,1.));
#3485=DIRECTION('',(-1.85037171689949E-16,0.,1.));
#3486=DIRECTION('',(1.,0.,0.));
#3487=DIRECTION('',(0.,0.,-1.));
#3488=DIRECTION('',(0.,0.,-1.));
#3489=DIRECTION('',(0.,0.,-1.));
#3490=DIRECTION('',(-1.,0.,2.43798975002146E-16));
#3491=DIRECTION('center_axis',(-1.,0.,0.));
#3492=DIRECTION('ref_axis',(0.,0.,1.));
#3493=DIRECTION('',(0.,0.981378896976839,0.192081911091394));
#3494=DIRECTION('',(0.,0.976612316795047,-0.215007866563551));
#3495=DIRECTION('center_axis',(-1.,0.,0.));
#3496=DIRECTION('ref_axis',(0.,0.84260271225163,0.538535671340531));
#3497=DIRECTION('',(0.,-0.976612316795049,0.215007866563544));
#3498=DIRECTION('center_axis',(-1.,0.,0.));
#3499=DIRECTION('ref_axis',(0.,-0.538535671340553,0.842602712251616));
#3500=DIRECTION('',(0.,0.976612316795048,-0.215007866563551));
#3501=DIRECTION('center_axis',(-1.,0.,0.));
#3502=DIRECTION('ref_axis',(0.,0.842602712251616,0.538535671340553));
#3503=DIRECTION('',(0.,-0.976612316795049,0.215007866563544));
#3504=DIRECTION('center_axis',(-1.,0.,0.));
#3505=DIRECTION('ref_axis',(0.,-0.538535671340553,0.842602712251616));
#3506=DIRECTION('',(0.,0.976612316795047,-0.215007866563551));
#3507=DIRECTION('center_axis',(-1.,0.,0.));
#3508=DIRECTION('ref_axis',(0.,0.84260271225163,0.538535671340531));
#3509=DIRECTION('',(0.,-0.976612316795049,0.215007866563544));
#3510=DIRECTION('center_axis',(-1.,0.,0.));
#3511=DIRECTION('ref_axis',(0.,-0.538535671340553,0.842602712251616));
#3512=DIRECTION('',(0.,0.976612316795047,-0.215007866563551));
#3513=DIRECTION('center_axis',(-1.,0.,0.));
#3514=DIRECTION('ref_axis',(0.,0.842602712251621,0.538535671340545));
#3515=DIRECTION('',(0.,-0.976612316795049,0.215007866563544));
#3516=DIRECTION('center_axis',(-1.,0.,0.));
#3517=DIRECTION('ref_axis',(0.,-0.538535671340568,0.842602712251607));
#3518=DIRECTION('',(0.,0.976612316795048,-0.215007866563551));
#3519=DIRECTION('center_axis',(-1.,0.,0.));
#3520=DIRECTION('ref_axis',(0.,0.842602712251616,0.538535671340553));
#3521=DIRECTION('',(0.,-0.976612316795049,0.215007866563544));
#3522=DIRECTION('center_axis',(-1.,0.,0.));
#3523=DIRECTION('ref_axis',(0.,-0.538535671340545,0.842602712251621));
#3524=DIRECTION('',(0.,0.976612316795047,-0.215007866563551));
#3525=DIRECTION('center_axis',(-1.,0.,0.));
#3526=DIRECTION('ref_axis',(0.,0.842602712251616,0.538535671340553));
#3527=DIRECTION('',(0.,-0.976612316795049,0.215007866563544));
#3528=DIRECTION('',(0.,-0.215007866563544,-0.976612316795049));
#3529=DIRECTION('',(0.,0.,1.));
#3530=DIRECTION('',(0.,-0.976612316795049,0.215007866563543));
#3531=DIRECTION('',(0.,-0.996521452291637,-0.0833366373365643));
#3532=DIRECTION('',(0.,0.,-1.));
#3533=DIRECTION('',(0.,1.,0.));
#3534=DIRECTION('center_axis',(1.,0.,-1.85037171689949E-16));
#3535=DIRECTION('ref_axis',(1.85037171689949E-16,0.,1.));
#3536=DIRECTION('',(0.,-1.,0.));
#3537=DIRECTION('',(1.85037171689949E-16,0.,1.));
#3538=DIRECTION('',(0.,-1.,0.));
#3539=DIRECTION('center_axis',(0.,0.,1.));
#3540=DIRECTION('ref_axis',(-1.,0.,0.));
#3541=DIRECTION('',(0.,-1.,0.));
#3542=DIRECTION('',(-1.,0.,0.));
#3543=DIRECTION('center_axis',(-1.,0.,0.));
#3544=DIRECTION('ref_axis',(0.,0.,-1.));
#3545=DIRECTION('',(0.,-1.,0.));
#3546=DIRECTION('',(0.,0.,-1.));
#3547=DIRECTION('center_axis',(0.,1.,0.));
#3548=DIRECTION('ref_axis',(0.,0.,1.));
#3549=DIRECTION('',(1.,-2.22044604925031E-15,0.));
#3550=DIRECTION('center_axis',(2.43798975002146E-16,0.,-1.));
#3551=DIRECTION('ref_axis',(1.,0.,2.43798975002146E-16));
#3552=DIRECTION('',(0.,-1.,0.));
#3553=DIRECTION('',(1.,0.,2.43798975002146E-16));
#3554=DIRECTION('',(0.,-1.,0.));
#3555=DIRECTION('center_axis',(1.,0.,-1.85037171689949E-16));
#3556=DIRECTION('ref_axis',(1.85037171689949E-16,0.,1.));
#3557=DIRECTION('',(0.,-1.,0.));
#3558=DIRECTION('',(1.85037171689949E-16,0.,1.));
#3559=DIRECTION('center_axis',(-1.,0.,0.));
#3560=DIRECTION('ref_axis',(0.,0.,-1.));
#3561=DIRECTION('',(0.,0.,-1.));
#3562=DIRECTION('',(0.,-1.,0.));
#3563=DIRECTION('center_axis',(0.,1.,0.));
#3564=DIRECTION('ref_axis',(0.,0.,1.));
#3565=DIRECTION('',(-1.,0.,0.));
#3566=DIRECTION('center_axis',(1.,0.,0.));
#3567=DIRECTION('ref_axis',(0.,0.,1.));
#3568=DIRECTION('',(0.,-1.,0.));
#3569=DIRECTION('',(0.,0.,1.));
#3570=DIRECTION('',(0.,-1.,0.));
#3571=DIRECTION('center_axis',(6.00120553851436E-16,0.,-1.));
#3572=DIRECTION('ref_axis',(1.,0.,6.00120553851436E-16));
#3573=DIRECTION('',(1.,0.,6.00120553851436E-16));
#3574=DIRECTION('',(0.,-1.,0.));
#3575=DIRECTION('center_axis',(-1.,0.,-3.70074343379898E-16));
#3576=DIRECTION('ref_axis',(3.70074343379898E-16,0.,-1.));
#3577=DIRECTION('',(3.70074343379898E-16,0.,-1.));
#3578=DIRECTION('',(0.,-1.,0.));
#3579=DIRECTION('center_axis',(0.,-1.,0.));
#3580=DIRECTION('ref_axis',(0.,0.,-1.));
#3581=DIRECTION('',(-1.,0.,0.));
#3582=DIRECTION('center_axis',(-1.,0.,-3.70074343379898E-16));
#3583=DIRECTION('ref_axis',(3.70074343379898E-16,0.,-1.));
#3584=DIRECTION('',(0.,-1.,0.));
#3585=DIRECTION('',(3.70074343379898E-16,0.,-1.));
#3586=DIRECTION('',(0.,-1.,0.));
#3587=DIRECTION('center_axis',(-7.50150692314294E-16,0.,1.));
#3588=DIRECTION('ref_axis',(-1.,0.,-7.50150692314294E-16));
#3589=DIRECTION('',(-1.,0.,-7.50150692314294E-16));
#3590=DIRECTION('',(0.,-1.,0.));
#3591=DIRECTION('center_axis',(1.,0.,0.));
#3592=DIRECTION('ref_axis',(0.,0.,1.));
#3593=DIRECTION('',(0.,0.,1.));
#3594=DIRECTION('',(0.,-1.,0.));
#3595=DIRECTION('center_axis',(0.,-1.,0.));
#3596=DIRECTION('ref_axis',(0.,0.,-1.));
#3597=DIRECTION('',(1.,-2.22044604925031E-15,0.));
#3598=DIRECTION('center_axis',(-2.43798975002146E-16,0.,-1.));
#3599=DIRECTION('ref_axis',(1.,0.,-2.43798975002146E-16));
#3600=DIRECTION('',(0.,-1.,0.));
#3601=DIRECTION('',(1.,0.,-2.43798975002146E-16));
#3602=DIRECTION('',(0.,-1.,0.));
#3603=DIRECTION('center_axis',(-1.,0.,-1.85037171689949E-16));
#3604=DIRECTION('ref_axis',(1.85037171689949E-16,0.,-1.));
#3605=DIRECTION('',(1.85037171689949E-16,0.,-1.));
#3606=DIRECTION('',(0.,-1.,0.));
#3607=DIRECTION('center_axis',(1.,0.,0.));
#3608=DIRECTION('ref_axis',(0.,0.,1.));
#3609=DIRECTION('',(0.,-1.,0.));
#3610=DIRECTION('',(0.,0.,1.));
#3611=DIRECTION('center_axis',(0.,-1.,0.));
#3612=DIRECTION('ref_axis',(0.,0.,-1.));
#3613=DIRECTION('',(-1.,0.,0.));
#3614=DIRECTION('center_axis',(-1.,0.,-1.85037171689949E-16));
#3615=DIRECTION('ref_axis',(1.85037171689949E-16,0.,-1.));
#3616=DIRECTION('',(0.,-1.,0.));
#3617=DIRECTION('',(1.85037171689949E-16,0.,-1.));
#3618=DIRECTION('',(0.,-1.,0.));
#3619=DIRECTION('center_axis',(0.,0.,1.));
#3620=DIRECTION('ref_axis',(-1.,0.,0.));
#3621=DIRECTION('',(-1.,0.,0.));
#3622=DIRECTION('',(0.,-1.,0.));
#3623=DIRECTION('center_axis',(1.,0.,0.));
#3624=DIRECTION('ref_axis',(0.,0.,1.));
#3625=DIRECTION('',(0.,0.,1.));
#3626=DIRECTION('',(0.,-1.,0.));
#3627=DIRECTION('center_axis',(0.,-1.,0.));
#3628=DIRECTION('ref_axis',(0.,0.,-1.));
#3629=DIRECTION('',(1.,-2.22044604925031E-15,0.));
#3630=DIRECTION('center_axis',(0.,0.,-1.));
#3631=DIRECTION('ref_axis',(-1.,0.,0.));
#3632=DIRECTION('',(0.,1.,0.));
#3633=DIRECTION('',(-1.,0.,0.));
#3634=DIRECTION('',(0.,1.,0.));
#3635=DIRECTION('center_axis',(1.,0.,0.));
#3636=DIRECTION('ref_axis',(0.,0.,-1.));
#3637=DIRECTION('',(0.,1.,0.));
#3638=DIRECTION('',(0.,0.,-1.));
#3639=DIRECTION('center_axis',(0.,0.,1.));
#3640=DIRECTION('ref_axis',(1.,0.,0.));
#3641=DIRECTION('',(0.,1.,0.));
#3642=DIRECTION('',(1.,0.,0.));
#3643=DIRECTION('center_axis',(-1.,0.,0.));
#3644=DIRECTION('ref_axis',(0.,0.,1.));
#3645=DIRECTION('',(0.,0.,1.));
#3646=DIRECTION('center_axis',(0.,1.,0.));
#3647=DIRECTION('ref_axis',(0.,0.,1.));
#3648=DIRECTION('center_axis',(0.,0.,-1.));
#3649=DIRECTION('ref_axis',(-1.,0.,0.));
#3650=DIRECTION('',(0.,1.,0.));
#3651=DIRECTION('',(-1.,0.,0.));
#3652=DIRECTION('',(0.,1.,0.));
#3653=DIRECTION('center_axis',(1.,0.,0.));
#3654=DIRECTION('ref_axis',(0.,0.,-1.));
#3655=DIRECTION('',(0.,1.,0.));
#3656=DIRECTION('',(0.,0.,-1.));
#3657=DIRECTION('center_axis',(0.,0.,1.));
#3658=DIRECTION('ref_axis',(1.,0.,0.));
#3659=DIRECTION('',(0.,1.,0.));
#3660=DIRECTION('',(1.,0.,0.));
#3661=DIRECTION('center_axis',(-1.,0.,0.));
#3662=DIRECTION('ref_axis',(0.,0.,1.));
#3663=DIRECTION('',(0.,0.,1.));
#3664=DIRECTION('center_axis',(0.,1.,0.));
#3665=DIRECTION('ref_axis',(0.,0.,1.));
#3666=DIRECTION('center_axis',(0.,0.,-1.));
#3667=DIRECTION('ref_axis',(-1.,0.,0.));
#3668=DIRECTION('',(0.,1.,0.));
#3669=DIRECTION('',(-1.,0.,0.));
#3670=DIRECTION('',(0.,1.,0.));
#3671=DIRECTION('center_axis',(1.,0.,0.));
#3672=DIRECTION('ref_axis',(0.,0.,-1.));
#3673=DIRECTION('',(0.,1.,0.));
#3674=DIRECTION('',(0.,0.,-1.));
#3675=DIRECTION('center_axis',(0.,0.,1.));
#3676=DIRECTION('ref_axis',(1.,0.,0.));
#3677=DIRECTION('',(0.,1.,0.));
#3678=DIRECTION('',(1.,0.,0.));
#3679=DIRECTION('center_axis',(-1.,0.,0.));
#3680=DIRECTION('ref_axis',(0.,0.,1.));
#3681=DIRECTION('',(0.,0.,1.));
#3682=DIRECTION('center_axis',(0.,1.,0.));
#3683=DIRECTION('ref_axis',(0.,0.,1.));
#3684=DIRECTION('center_axis',(0.,-1.,0.));
#3685=DIRECTION('ref_axis',(-1.,0.,0.));
#3686=DIRECTION('center_axis',(0.,1.,0.));
#3687=DIRECTION('ref_axis',(-1.,0.,0.));
#3688=DIRECTION('',(-0.707106781186547,0.707106781186548,-8.65956056235493E-17));
#3689=DIRECTION('center_axis',(0.,-1.,0.));
#3690=DIRECTION('ref_axis',(-1.,0.,0.));
#3691=DIRECTION('center_axis',(0.,1.,0.));
#3692=DIRECTION('ref_axis',(-1.,0.,0.));
#3693=DIRECTION('',(0.,-1.,0.));
#3694=DIRECTION('center_axis',(0.,1.,0.));
#3695=DIRECTION('ref_axis',(-1.,0.,0.));
#3696=DIRECTION('center_axis',(0.,1.,0.));
#3697=DIRECTION('ref_axis',(-1.,0.,0.));
#3698=DIRECTION('center_axis',(1.,0.,0.));
#3699=DIRECTION('ref_axis',(0.,0.,-1.));
#3700=DIRECTION('',(0.,-1.,0.));
#3701=DIRECTION('',(0.,0.,-1.));
#3702=DIRECTION('',(0.,0.996521452291637,0.0833366373365643));
#3703=DIRECTION('',(0.,0.976612316795049,-0.215007866563543));
#3704=DIRECTION('',(0.,0.,-1.));
#3705=DIRECTION('',(0.,0.215007866563544,0.976612316795049));
#3706=DIRECTION('',(0.,0.976612316795049,-0.215007866563544));
#3707=DIRECTION('center_axis',(1.,0.,0.));
#3708=DIRECTION('ref_axis',(0.,0.842602712251616,0.538535671340553));
#3709=DIRECTION('',(0.,-0.976612316795048,0.215007866563551));
#3710=DIRECTION('center_axis',(1.,0.,0.));
#3711=DIRECTION('ref_axis',(0.,-0.538535671340545,0.842602712251621));
#3712=DIRECTION('',(0.,0.976612316795049,-0.215007866563544));
#3713=DIRECTION('center_axis',(1.,0.,0.));
#3714=DIRECTION('ref_axis',(0.,0.842602712251616,0.538535671340553));
#3715=DIRECTION('',(0.,-0.976612316795048,0.215007866563551));
#3716=DIRECTION('center_axis',(1.,0.,0.));
#3717=DIRECTION('ref_axis',(0.,-0.538535671340568,0.842602712251607));
#3718=DIRECTION('',(0.,0.976612316795049,-0.215007866563544));
#3719=DIRECTION('center_axis',(1.,0.,0.));
#3720=DIRECTION('ref_axis',(0.,0.842602712251621,0.538535671340545));
#3721=DIRECTION('',(0.,-0.976612316795047,0.215007866563551));
#3722=DIRECTION('center_axis',(1.,0.,0.));
#3723=DIRECTION('ref_axis',(0.,-0.538535671340553,0.842602712251616));
#3724=DIRECTION('',(0.,0.976612316795049,-0.215007866563544));
#3725=DIRECTION('center_axis',(1.,0.,0.));
#3726=DIRECTION('ref_axis',(0.,0.84260271225163,0.538535671340531));
#3727=DIRECTION('',(0.,-0.976612316795047,0.215007866563551));
#3728=DIRECTION('center_axis',(1.,0.,0.));
#3729=DIRECTION('ref_axis',(0.,-0.538535671340553,0.842602712251616));
#3730=DIRECTION('',(0.,0.976612316795049,-0.215007866563544));
#3731=DIRECTION('center_axis',(1.,0.,0.));
#3732=DIRECTION('ref_axis',(0.,0.842602712251616,0.538535671340553));
#3733=DIRECTION('',(0.,-0.976612316795048,0.215007866563551));
#3734=DIRECTION('center_axis',(1.,0.,0.));
#3735=DIRECTION('ref_axis',(0.,-0.538535671340553,0.842602712251616));
#3736=DIRECTION('',(0.,0.976612316795049,-0.215007866563544));
#3737=DIRECTION('center_axis',(1.,0.,0.));
#3738=DIRECTION('ref_axis',(0.,0.84260271225163,0.538535671340531));
#3739=DIRECTION('',(0.,-0.976612316795047,0.215007866563551));
#3740=DIRECTION('',(0.,-0.981378896976839,-0.192081911091394));
#3741=DIRECTION('center_axis',(0.,1.,0.));
#3742=DIRECTION('ref_axis',(0.,0.,1.));
#3743=DIRECTION('center_axis',(0.,1.,0.));
#3744=DIRECTION('ref_axis',(-1.,0.,0.));
#3745=DIRECTION('',(1.,0.,0.));
#3746=DIRECTION('center_axis',(0.,1.,0.));
#3747=DIRECTION('ref_axis',(0.,0.,1.));
#3748=DIRECTION('center_axis',(0.,1.,0.));
#3749=DIRECTION('ref_axis',(-1.,0.,0.));
#3750=DIRECTION('',(1.,0.,0.));
#3751=DIRECTION('center_axis',(-1.,5.56956013770285E-16,-1.22617667452191E-16));
#3752=DIRECTION('ref_axis',(4.03258659948123E-16,0.84260271225163,0.538535671340531));
#3753=DIRECTION('',(1.,-5.56956013770285E-16,1.22617667452191E-16));
#3754=DIRECTION('',(-1.,5.56956013770285E-16,-1.22617667452191E-16));
#3755=DIRECTION('center_axis',(0.,0.215007866563551,0.976612316795048));
#3756=DIRECTION('ref_axis',(0.,-0.976612316795048,0.215007866563551));
#3757=DIRECTION('',(1.,0.,0.));
#3758=DIRECTION('center_axis',(1.,-5.56956013770285E-16,1.22617667452191E-16));
#3759=DIRECTION('ref_axis',(-4.03258659948122E-16,-0.538535671340553,0.842602712251616));
#3760=DIRECTION('',(-1.,5.56956013770285E-16,-1.22617667452191E-16));
#3761=DIRECTION('',(1.,-5.56956013770285E-16,1.22617667452191E-16));
#3762=DIRECTION('center_axis',(0.,0.215007866563551,0.976612316795048));
#3763=DIRECTION('ref_axis',(0.,-0.976612316795048,0.215007866563551));
#3764=DIRECTION('',(-1.,5.56956013770285E-16,-1.22617667452191E-16));
#3765=DIRECTION('center_axis',(-1.,5.56956013770285E-16,-1.22617667452191E-16));
#3766=DIRECTION('ref_axis',(4.03258659948112E-16,0.842602712251616,0.538535671340553));
#3767=DIRECTION('',(1.,-5.56956013770285E-16,1.22617667452191E-16));
#3768=DIRECTION('center_axis',(1.,-5.56956013770285E-16,1.22617667452191E-16));
#3769=DIRECTION('ref_axis',(-4.03258659948122E-16,-0.538535671340553,0.842602712251616));
#3770=DIRECTION('',(-1.,5.56956013770285E-16,-1.22617667452191E-16));
#3771=DIRECTION('',(1.,-5.56956013770285E-16,1.22617667452191E-16));
#3772=DIRECTION('center_axis',(0.,0.215007866563551,0.976612316795048));
#3773=DIRECTION('ref_axis',(0.,-0.976612316795048,0.215007866563551));
#3774=DIRECTION('',(-1.,5.56956013770285E-16,-1.22617667452191E-16));
#3775=DIRECTION('center_axis',(-1.,5.56956013770285E-16,-1.22617667452191E-16));
#3776=DIRECTION('ref_axis',(4.03258659948123E-16,0.84260271225163,0.538535671340531));
#3777=DIRECTION('',(1.,-5.56956013770285E-16,1.22617667452191E-16));
#3778=DIRECTION('center_axis',(1.,-5.56956013770285E-16,1.22617667452191E-16));
#3779=DIRECTION('ref_axis',(-4.03258659948122E-16,-0.538535671340553,0.842602712251616));
#3780=DIRECTION('',(-1.,5.56956013770285E-16,-1.22617667452191E-16));
#3781=DIRECTION('',(1.,-5.56956013770285E-16,1.22617667452191E-16));
#3782=DIRECTION('center_axis',(0.,0.215007866563551,0.976612316795048));
#3783=DIRECTION('ref_axis',(0.,-0.976612316795048,0.215007866563551));
#3784=DIRECTION('',(-1.,9.26536724961754E-19,-2.03983383273904E-19));
#3785=DIRECTION('center_axis',(-1.,9.26536724961754E-19,-2.03983383273904E-19));
#3786=DIRECTION('ref_axis',(6.7085002919978E-19,0.842602712251621,0.538535671340545));
#3787=DIRECTION('',(1.,-9.26536724961545E-19,2.03983383274792E-19));
#3788=DIRECTION('center_axis',(1.,-5.56956013770285E-16,1.22617667452191E-16));
#3789=DIRECTION('ref_axis',(-4.03258659948129E-16,-0.538535671340568,0.842602712251607));
#3790=DIRECTION('',(-1.,5.56956013770285E-16,-1.22617667452191E-16));
#3791=DIRECTION('',(1.,-5.56956013770285E-16,1.22617667452191E-16));
#3792=DIRECTION('center_axis',(0.,0.215007866563551,0.976612316795048));
#3793=DIRECTION('ref_axis',(0.,-0.976612316795048,0.215007866563551));
#3794=DIRECTION('',(-1.,5.56956013770285E-16,-1.22617667452191E-16));
#3795=DIRECTION('center_axis',(-1.,5.56956013770285E-16,-1.22617667452191E-16));
#3796=DIRECTION('ref_axis',(4.03258659948112E-16,0.842602712251616,0.538535671340553));
#3797=DIRECTION('',(1.,-5.56956013770285E-16,1.22617667452191E-16));
#3798=DIRECTION('center_axis',(1.,-5.56956013770285E-16,1.22617667452191E-16));
#3799=DIRECTION('ref_axis',(-4.03258659948118E-16,-0.538535671340545,0.842602712251621));
#3800=DIRECTION('',(-1.,5.56956013770285E-16,-1.22617667452191E-16));
#3801=DIRECTION('',(1.,-5.56956013770285E-16,1.22617667452191E-16));
#3802=DIRECTION('center_axis',(-1.,5.56956013770285E-16,-1.22617667452191E-16));
#3803=DIRECTION('ref_axis',(4.03258659948112E-16,0.842602712251616,0.538535671340553));
#3804=DIRECTION('',(1.,-5.56956013770285E-16,1.22617667452191E-16));
#3805=DIRECTION('',(-1.,5.56956013770285E-16,-1.22617667452191E-16));
#3806=DIRECTION('center_axis',(-4.78402059108375E-16,0.215007866563544,
0.976612316795049));
#3807=DIRECTION('ref_axis',(1.,7.39557098644699E-32,4.89858719658941E-16));
#3808=DIRECTION('center_axis',(-4.78402059108375E-16,0.215007866563544,
0.976612316795049));
#3809=DIRECTION('ref_axis',(1.,7.39557098644699E-32,4.89858719658941E-16));
#3810=DIRECTION('center_axis',(-4.78402059108375E-16,0.215007866563544,
0.976612316795049));
#3811=DIRECTION('ref_axis',(1.,7.39557098644699E-32,4.89858719658941E-16));
#3812=DIRECTION('center_axis',(-4.78402059108375E-16,0.215007866563544,
0.976612316795049));
#3813=DIRECTION('ref_axis',(1.,7.39557098644699E-32,4.89858719658941E-16));
#3814=DIRECTION('center_axis',(-4.78402059108375E-16,0.215007866563544,
0.976612316795049));
#3815=DIRECTION('ref_axis',(1.,7.39557098644699E-32,4.89858719658941E-16));
#3816=DIRECTION('center_axis',(-5.70293866043027E-16,-0.976612316795049,
0.215007866563544));
#3817=DIRECTION('ref_axis',(-1.,5.53130586143131E-16,-1.39993588609858E-16));
#3818=DIRECTION('',(1.,0.,2.65243256052904E-15));
#3819=DIRECTION('',(-1.,5.53130586143132E-16,-1.39993588609858E-16));
#3820=DIRECTION('center_axis',(-4.78402059108375E-16,0.215007866563544,
0.976612316795049));
#3821=DIRECTION('ref_axis',(1.,7.39557098644699E-32,4.89858719658941E-16));
#3822=DIRECTION('center_axis',(0.,0.215007866563551,0.976612316795048));
#3823=DIRECTION('ref_axis',(0.,-0.976612316795048,0.215007866563551));
#3824=DIRECTION('center_axis',(0.,-0.215007866563543,-0.976612316795049));
#3825=DIRECTION('ref_axis',(0.,0.976612316795049,-0.215007866563543));
#3826=DIRECTION('',(-1.,0.,0.));
#3827=DIRECTION('',(1.,0.,0.));
#3828=DIRECTION('',(-1.,0.,0.));
#3829=DIRECTION('center_axis',(0.,0.0833366373365643,-0.996521452291637));
#3830=DIRECTION('ref_axis',(0.,0.996521452291637,0.0833366373365643));
#3831=DIRECTION('center_axis',(0.,-0.192081911091394,0.981378896976839));
#3832=DIRECTION('ref_axis',(0.,-0.981378896976839,-0.192081911091394));
#3833=DIRECTION('center_axis',(0.,1.,0.));
#3834=DIRECTION('ref_axis',(-1.,0.,0.));
#3835=DIRECTION('center_axis',(0.,1.,0.));
#3836=DIRECTION('ref_axis',(-1.,0.,0.));
#3837=DIRECTION('center_axis',(0.,1.,0.));
#3838=DIRECTION('ref_axis',(-1.,0.,0.));
#3839=DIRECTION('center_axis',(0.,1.,0.));
#3840=DIRECTION('ref_axis',(-1.,0.,0.));
#3841=DIRECTION('',(1.,0.,4.89858719658941E-16));
#3842=DIRECTION('',(-1.,0.,2.16257384087009E-15));
#3843=DIRECTION('',(1.,0.,4.89858719658941E-16));
#3844=DIRECTION('center_axis',(0.,-1.,0.));
#3845=DIRECTION('ref_axis',(4.89858719658941E-16,0.,-1.));
#3846=DIRECTION('center_axis',(0.,1.,0.));
#3847=DIRECTION('ref_axis',(-1.,0.,0.));
#3848=DIRECTION('',(1.,0.,4.89858719658941E-16));
#3849=DIRECTION('center_axis',(1.,-5.56956013770285E-16,3.6724105220675E-16));
#3850=DIRECTION('ref_axis',(6.67065054401664E-16,0.84260271225163,-0.538535671340531));
#3851=DIRECTION('',(-1.,5.56956013770285E-16,-3.67241052206751E-16));
#3852=DIRECTION('',(1.,-5.56956013770285E-16,3.6724105220675E-16));
#3853=DIRECTION('center_axis',(-4.78402059108374E-16,-0.215007866563551,
0.976612316795048));
#3854=DIRECTION('ref_axis',(1.05323478231422E-16,-0.976612316795048,-0.215007866563551));
#3855=DIRECTION('center_axis',(-1.,5.56956013770285E-16,-3.6724105220675E-16));
#3856=DIRECTION('ref_axis',(9.49762585660615E-18,-0.538535671340553,-0.842602712251616));
#3857=DIRECTION('',(1.,-5.56956013770285E-16,3.67241052206751E-16));
#3858=DIRECTION('',(-1.,5.56956013770285E-16,-3.6724105220675E-16));
#3859=DIRECTION('center_axis',(-4.78402059108374E-16,-0.215007866563551,
0.976612316795048));
#3860=DIRECTION('ref_axis',(1.05323478231422E-16,-0.976612316795048,-0.215007866563551));
#3861=DIRECTION('',(-1.,5.56956013770285E-16,-3.67241052206751E-16));
#3862=DIRECTION('center_axis',(1.,-5.56956013770285E-16,3.6724105220675E-16));
#3863=DIRECTION('ref_axis',(6.67065054401664E-16,0.842602712251616,-0.538535671340553));
#3864=DIRECTION('',(1.,-5.56956013770285E-16,3.6724105220675E-16));
#3865=DIRECTION('center_axis',(-1.,5.56956013770285E-16,-3.6724105220675E-16));
#3866=DIRECTION('ref_axis',(9.49762585660615E-18,-0.538535671340553,-0.842602712251616));
#3867=DIRECTION('',(1.,-5.56956013770285E-16,3.67241052206751E-16));
#3868=DIRECTION('',(-1.,5.56956013770285E-16,-3.6724105220675E-16));
#3869=DIRECTION('center_axis',(-4.78402059108374E-16,-0.215007866563551,
0.976612316795048));
#3870=DIRECTION('ref_axis',(1.05323478231422E-16,-0.976612316795048,-0.215007866563551));
#3871=DIRECTION('',(-1.,5.56956013770285E-16,-3.67241052206751E-16));
#3872=DIRECTION('center_axis',(1.,-5.56956013770285E-16,3.6724105220675E-16));
#3873=DIRECTION('ref_axis',(6.67065054401664E-16,0.84260271225163,-0.538535671340531));
#3874=DIRECTION('',(1.,-5.56956013770285E-16,3.6724105220675E-16));
#3875=DIRECTION('center_axis',(-1.,5.56956013770285E-16,-3.6724105220675E-16));
#3876=DIRECTION('ref_axis',(9.49762585660615E-18,-0.538535671340553,-0.842602712251616));
#3877=DIRECTION('',(1.,-5.56956013770285E-16,3.67241052206751E-16));
#3878=DIRECTION('',(-1.,5.56956013770285E-16,-3.6724105220675E-16));
#3879=DIRECTION('center_axis',(-4.78402059108374E-16,-0.215007866563551,
0.976612316795048));
#3880=DIRECTION('ref_axis',(1.05323478231422E-16,-0.976612316795048,-0.215007866563551));
#3881=DIRECTION('',(-1.,9.26536724961754E-19,-4.89654736275667E-16));
#3882=DIRECTION('center_axis',(1.,-9.26536724961754E-19,4.89654736275667E-16));
#3883=DIRECTION('ref_axis',(2.64477244482747E-16,0.842602712251621,-0.538535671340545));
#3884=DIRECTION('',(1.,-9.26536724961545E-19,4.89654736275666E-16));
#3885=DIRECTION('center_axis',(-1.,5.56956013770285E-16,-3.6724105220675E-16));
#3886=DIRECTION('ref_axis',(9.49762585659446E-18,-0.538535671340568,-0.842602712251607));
#3887=DIRECTION('',(1.,-5.56956013770285E-16,3.67241052206751E-16));
#3888=DIRECTION('',(-1.,5.56956013770285E-16,-3.6724105220675E-16));
#3889=DIRECTION('center_axis',(-4.78402059108374E-16,-0.215007866563551,
0.976612316795048));
#3890=DIRECTION('ref_axis',(1.05323478231422E-16,-0.976612316795048,-0.215007866563551));
#3891=DIRECTION('',(-1.,5.56956013770285E-16,-3.67241052206751E-16));
#3892=DIRECTION('center_axis',(1.,-5.56956013770285E-16,3.6724105220675E-16));
#3893=DIRECTION('ref_axis',(6.67065054401664E-16,0.842602712251616,-0.538535671340553));
#3894=DIRECTION('',(1.,-5.56956013770285E-16,3.6724105220675E-16));
#3895=DIRECTION('center_axis',(-1.,5.56956013770285E-16,-3.6724105220675E-16));
#3896=DIRECTION('ref_axis',(9.49762585661241E-18,-0.538535671340545,-0.842602712251621));
#3897=DIRECTION('',(1.,-5.56956013770285E-16,3.67241052206751E-16));
#3898=DIRECTION('',(-1.,5.56956013770285E-16,-3.6724105220675E-16));
#3899=DIRECTION('center_axis',(1.,-5.56956013770285E-16,3.6724105220675E-16));
#3900=DIRECTION('ref_axis',(6.67065054401664E-16,0.842602712251616,-0.538535671340553));
#3901=DIRECTION('',(-1.,5.56956013770285E-16,-3.67241052206751E-16));
#3902=DIRECTION('',(1.,-5.56956013770285E-16,3.6724105220675E-16));
#3903=DIRECTION('center_axis',(0.,-0.215007866563544,0.976612316795049));
#3904=DIRECTION('ref_axis',(1.,0.,0.));
#3905=DIRECTION('center_axis',(0.,-0.215007866563544,0.976612316795049));
#3906=DIRECTION('ref_axis',(1.,0.,0.));
#3907=DIRECTION('center_axis',(0.,-0.215007866563544,0.976612316795049));
#3908=DIRECTION('ref_axis',(1.,0.,0.));
#3909=DIRECTION('center_axis',(0.,-0.215007866563544,0.976612316795049));
#3910=DIRECTION('ref_axis',(1.,0.,0.));
#3911=DIRECTION('center_axis',(0.,-0.215007866563544,0.976612316795049));
#3912=DIRECTION('ref_axis',(1.,0.,0.));
#3913=DIRECTION('center_axis',(4.64970387811609E-16,0.976612316795049,0.215007866563544));
#3914=DIRECTION('ref_axis',(-1.,5.53130586143132E-16,-3.49865131049083E-16));
#3915=DIRECTION('',(-1.,5.53130586143132E-16,-3.49865131049083E-16));
#3916=DIRECTION('center_axis',(0.,-0.215007866563544,0.976612316795049));
#3917=DIRECTION('ref_axis',(1.,0.,0.));
#3918=DIRECTION('center_axis',(-4.78402059108374E-16,-0.215007866563551,
0.976612316795048));
#3919=DIRECTION('ref_axis',(1.05323478231422E-16,-0.976612316795048,-0.215007866563551));
#3920=DIRECTION('center_axis',(0.,-1.,0.));
#3921=DIRECTION('ref_axis',(4.89858719658941E-16,0.,-1.));
#3922=DIRECTION('center_axis',(0.,1.,0.));
#3923=DIRECTION('ref_axis',(-1.,0.,0.));
#3924=DIRECTION('',(1.,0.,4.89858719658941E-16));
#3925=DIRECTION('center_axis',(4.78402059108375E-16,0.215007866563543,-0.976612316795049));
#3926=DIRECTION('ref_axis',(-1.05323478231418E-16,0.976612316795049,0.215007866563543));
#3927=DIRECTION('',(1.,0.,4.89858719658941E-16));
#3928=DIRECTION('center_axis',(4.8815472273225E-16,-0.0833366373365643,
-0.996521452291637));
#3929=DIRECTION('ref_axis',(4.08231784663709E-17,0.996521452291637,-0.0833366373365643));
#3930=DIRECTION('center_axis',(0.,1.,0.));
#3931=DIRECTION('ref_axis',(-1.,0.,0.));
#3932=DIRECTION('',(0.,-1.,0.));
#3933=DIRECTION('center_axis',(0.,-1.,0.));
#3934=DIRECTION('ref_axis',(0.,0.,-1.));
#3935=DIRECTION('center_axis',(0.,-1.,0.));
#3936=DIRECTION('ref_axis',(-1.,0.,0.));
#3937=DIRECTION('center_axis',(1.,0.,0.));
#3938=DIRECTION('ref_axis',(0.,-0.995656140017517,0.0931066638077975));
#3939=DIRECTION('center_axis',(-1.,0.,0.));
#3940=DIRECTION('ref_axis',(0.,-0.913058616838429,-0.40782834896203));
#3941=DIRECTION('',(1.,0.,0.));
#3942=DIRECTION('center_axis',(1.,0.,0.));
#3943=DIRECTION('ref_axis',(0.,-0.948798556813601,-0.315881779449889));
#3944=DIRECTION('',(-1.,0.,2.22044604925031E-15));
#3945=DIRECTION('center_axis',(-1.,0.,0.));
#3946=DIRECTION('ref_axis',(0.,0.,1.));
#3947=DIRECTION('center_axis',(-1.,0.,0.));
#3948=DIRECTION('ref_axis',(0.,-0.995656140017517,0.0931066638077975));
#3949=DIRECTION('',(0.,0.913058616838428,0.407828348962031));
#3950=DIRECTION('',(0.,0.948798556813601,0.315881779449889));
#3951=DIRECTION('center_axis',(0.,-0.407828348962031,0.913058616838428));
#3952=DIRECTION('ref_axis',(1.,0.,0.));
#3953=DIRECTION('',(1.,0.,0.));
#3954=DIRECTION('',(0.,0.913058616838428,0.407828348962031));
#3955=DIRECTION('center_axis',(1.,0.,0.));
#3956=DIRECTION('ref_axis',(0.,0.,-1.));
#3957=DIRECTION('center_axis',(1.,0.,0.));
#3958=DIRECTION('ref_axis',(0.,-0.995656140017517,0.0931066638077975));
#3959=DIRECTION('',(0.,0.948798556813601,0.315881779449889));
#3960=DIRECTION('center_axis',(-2.22044604925031E-15,0.315881779449889,
-0.948798556813601));
#3961=DIRECTION('ref_axis',(-1.,-1.97215226305253E-31,2.34027131818934E-15));
#3962=DIRECTION('',(-1.,0.,0.));
#3963=DIRECTION('center_axis',(1.,0.,0.));
#3964=DIRECTION('ref_axis',(0.,-0.995656140017517,0.0931066638077975));
#3965=DIRECTION('',(0.,0.997213888811964,0.0745953078988234));
#3966=DIRECTION('',(0.,0.997213888811964,0.0745953078988234));
#3967=DIRECTION('center_axis',(1.,0.,0.));
#3968=DIRECTION('ref_axis',(0.,-0.995656140017517,0.0931066638077975));
#3969=DIRECTION('center_axis',(1.,0.,0.));
#3970=DIRECTION('ref_axis',(0.,-0.995656140017517,0.0931066638077975));
#3971=DIRECTION('center_axis',(0.,1.,0.));
#3972=DIRECTION('ref_axis',(-1.,0.,0.));
#3973=DIRECTION('',(0.,-1.,0.));
#3974=DIRECTION('',(0.,0.,1.));
#3975=DIRECTION('',(1.,0.,0.));
#3976=CARTESIAN_POINT('',(0.,0.,0.));
#3977=CARTESIAN_POINT('',(0.,0.,0.));
#3978=CARTESIAN_POINT('Origin',(0.166499999999999,4.51127208449641,1.7575));
#3979=CARTESIAN_POINT('',(0.166499999999999,4.51127208449641,1.7575));
#3980=CARTESIAN_POINT('',(-4.9025,4.51127208449641,1.7575));
#3981=CARTESIAN_POINT('',(0.166499999999999,4.51127208449641,1.7575));
#3982=CARTESIAN_POINT('',(-4.9025,4.51127208449641,2.4425));
#3983=CARTESIAN_POINT('',(-4.9025,4.51127208449641,1.7575));
#3984=CARTESIAN_POINT('',(0.166499999999999,4.51127208449641,2.4425));
#3985=CARTESIAN_POINT('',(0.166499999999999,4.51127208449641,2.4425));
#3986=CARTESIAN_POINT('',(0.166499999999999,4.51127208449641,1.7575));
#3987=CARTESIAN_POINT('Origin',(-2.7105,-1.79072791550359,2.4425));
#3988=CARTESIAN_POINT('',(-2.7105,-1.10572791550359,2.4425));
#3989=CARTESIAN_POINT('',(-3.3955,-1.79072791550359,2.4425));
#3990=CARTESIAN_POINT('Origin',(-2.7105,-1.79072791550359,2.4425));
#3991=CARTESIAN_POINT('',(-3.3955,-1.79072791550359,1.7575));
#3992=CARTESIAN_POINT('',(-3.3955,-1.79072791550359,2.4425));
#3993=CARTESIAN_POINT('',(-2.7105,-1.10572791550359,1.7575));
#3994=CARTESIAN_POINT('Origin',(-2.7105,-1.79072791550359,1.7575));
#3995=CARTESIAN_POINT('',(-2.7105,-1.10572791550359,2.4425));
#3996=CARTESIAN_POINT('Origin',(-3.3955,-4.53072791550359,2.4425));
#3997=CARTESIAN_POINT('',(-3.3955,-3.84572791550359,2.4425));
#3998=CARTESIAN_POINT('',(-3.3955,-3.67447791550359,2.4425));
#3999=CARTESIAN_POINT('',(-3.3955,-3.84572791550359,1.7575));
#4000=CARTESIAN_POINT('',(-3.3955,-3.84572791550359,2.4425));
#4001=CARTESIAN_POINT('',(-3.3955,-3.67447791550359,1.7575));
#4002=CARTESIAN_POINT('Origin',(-2.7105,-3.84572791550359,2.4425));
#4003=CARTESIAN_POINT('',(-2.7105,-4.53072791550359,2.4425));
#4004=CARTESIAN_POINT('Origin',(-2.7105,-3.84572791550359,2.4425));
#4005=CARTESIAN_POINT('',(-2.7105,-4.53072791550359,1.7575));
#4006=CARTESIAN_POINT('',(-2.7105,-4.53072791550359,2.4425));
#4007=CARTESIAN_POINT('Origin',(-2.7105,-3.84572791550359,1.7575));
#4008=CARTESIAN_POINT('Origin',(-1.3405,-4.53072791550359,2.4425));
#4009=CARTESIAN_POINT('',(-2.0255,-4.53072791550359,2.4425));
#4010=CARTESIAN_POINT('',(-1.85425,-4.53072791550359,2.4425));
#4011=CARTESIAN_POINT('',(-2.0255,-4.53072791550359,1.7575));
#4012=CARTESIAN_POINT('',(-2.0255,-4.53072791550359,2.4425));
#4013=CARTESIAN_POINT('',(-1.85425,-4.53072791550359,1.7575));
#4014=CARTESIAN_POINT('Origin',(-2.0255,-3.84572791550359,2.4425));
#4015=CARTESIAN_POINT('',(-1.3405,-3.84572791550359,2.4425));
#4016=CARTESIAN_POINT('Origin',(-2.0255,-3.84572791550359,2.4425));
#4017=CARTESIAN_POINT('',(-1.3405,-3.84572791550359,1.7575));
#4018=CARTESIAN_POINT('',(-1.3405,-3.84572791550359,2.4425));
#4019=CARTESIAN_POINT('Origin',(-2.0255,-3.84572791550359,1.7575));
#4020=CARTESIAN_POINT('Origin',(-1.3405,-1.10572791550359,2.4425));
#4021=CARTESIAN_POINT('',(-1.3405,-1.79072791550359,2.4425));
#4022=CARTESIAN_POINT('',(-1.3405,-1.96197791550359,2.4425));
#4023=CARTESIAN_POINT('',(-1.3405,-1.79072791550359,1.7575));
#4024=CARTESIAN_POINT('',(-1.3405,-1.79072791550359,2.4425));
#4025=CARTESIAN_POINT('',(-1.3405,-1.96197791550359,1.7575));
#4026=CARTESIAN_POINT('Origin',(-2.0255,-1.79072791550359,2.4425));
#4027=CARTESIAN_POINT('',(-2.0255,-1.10572791550359,2.4425));
#4028=CARTESIAN_POINT('Origin',(-2.0255,-1.79072791550359,2.4425));
#4029=CARTESIAN_POINT('',(-2.0255,-1.10572791550359,1.7575));
#4030=CARTESIAN_POINT('',(-2.0255,-1.10572791550359,2.4425));
#4031=CARTESIAN_POINT('Origin',(-2.0255,-1.79072791550359,1.7575));
#4032=CARTESIAN_POINT('Origin',(-3.3955,-1.10572791550359,2.4425));
#4033=CARTESIAN_POINT('',(-2.88175,-1.10572791550359,1.7575));
#4034=CARTESIAN_POINT('',(-2.88175,-1.10572791550359,2.4425));
#4035=CARTESIAN_POINT('Origin',(-0.518500000000001,-6.72272791550359,1.7575));
#4036=CARTESIAN_POINT('',(0.166499999999999,-6.72272791550359,2.4425));
#4037=CARTESIAN_POINT('',(-0.518500000000001,-7.40772791550359,2.4425));
#4038=CARTESIAN_POINT('Origin',(-0.518500000000001,-6.72272791550359,2.4425));
#4039=CARTESIAN_POINT('',(-0.518500000000001,-7.40772791550359,1.7575));
#4040=CARTESIAN_POINT('',(-0.518500000000001,-7.40772791550359,1.7575));
#4041=CARTESIAN_POINT('',(0.166499999999999,-6.72272791550359,1.7575));
#4042=CARTESIAN_POINT('Origin',(-0.518500000000001,-6.72272791550359,1.7575));
#4043=CARTESIAN_POINT('',(0.166499999999999,-6.72272791550359,1.7575));
#4044=CARTESIAN_POINT('Origin',(-4.9025,-7.40772791550359,1.7575));
#4045=CARTESIAN_POINT('',(-4.2175,-7.40772791550359,2.4425));
#4046=CARTESIAN_POINT('',(-2.368,-7.40772791550359,2.4425));
#4047=CARTESIAN_POINT('',(-4.2175,-7.40772791550359,1.7575));
#4048=CARTESIAN_POINT('',(-4.2175,-7.40772791550359,1.7575));
#4049=CARTESIAN_POINT('',(-2.368,-7.40772791550359,1.7575));
#4050=CARTESIAN_POINT('Origin',(-2.368,-2.81822791550359,2.4425));
#4051=CARTESIAN_POINT('',(0.166499999999999,-7.40772791550359,2.4425));
#4052=CARTESIAN_POINT('',(-4.9025,-6.72272791550359,2.4425));
#4053=CARTESIAN_POINT('',(-4.9025,1.77127208449641,2.4425));
#4054=CARTESIAN_POINT('Origin',(-4.2175,-6.72272791550359,2.4425));
#4055=CARTESIAN_POINT('Origin',(-4.2175,-6.72272791550359,1.7575));
#4056=CARTESIAN_POINT('',(-4.9025,-6.72272791550359,1.7575));
#4057=CARTESIAN_POINT('',(-4.9025,-6.72272791550359,1.7575));
#4058=CARTESIAN_POINT('Origin',(-4.2175,-6.72272791550359,1.7575));
#4059=CARTESIAN_POINT('Origin',(-4.9025,1.77127208449641,1.7575));
#4060=CARTESIAN_POINT('',(-4.9025,1.77127208449641,1.7575));
#4061=CARTESIAN_POINT('Origin',(0.166499999999999,-7.40772791550359,1.7575));
#4062=CARTESIAN_POINT('',(0.166499999999999,-7.40772791550359,1.7575));
#4063=CARTESIAN_POINT('Origin',(-2.368,-2.81822791550359,1.7575));
#4064=CARTESIAN_POINT('Origin',(0.166499999999999,4.51127208449641,-5.0925));
#4065=CARTESIAN_POINT('',(0.166499999999999,4.51127208449641,-5.0925));
#4066=CARTESIAN_POINT('',(-4.9025,4.51127208449641,-5.0925));
#4067=CARTESIAN_POINT('',(0.166499999999999,4.51127208449641,-5.0925));
#4068=CARTESIAN_POINT('',(-4.9025,4.51127208449641,-4.4075));
#4069=CARTESIAN_POINT('',(-4.9025,4.51127208449641,-5.0925));
#4070=CARTESIAN_POINT('',(0.166499999999999,4.51127208449641,-4.4075));
#4071=CARTESIAN_POINT('',(0.166499999999999,4.51127208449641,-4.4075));
#4072=CARTESIAN_POINT('',(0.166499999999999,4.51127208449641,-5.0925));
#4073=CARTESIAN_POINT('Origin',(-2.7105,-1.79072791550359,-4.4075));
#4074=CARTESIAN_POINT('',(-2.7105,-1.10572791550359,-4.4075));
#4075=CARTESIAN_POINT('',(-3.3955,-1.79072791550359,-4.4075));
#4076=CARTESIAN_POINT('Origin',(-2.7105,-1.79072791550359,-4.4075));
#4077=CARTESIAN_POINT('',(-3.3955,-1.79072791550359,-5.0925));
#4078=CARTESIAN_POINT('',(-3.3955,-1.79072791550359,-4.4075));
#4079=CARTESIAN_POINT('',(-2.7105,-1.10572791550359,-5.0925));
#4080=CARTESIAN_POINT('Origin',(-2.7105,-1.79072791550359,-5.0925));
#4081=CARTESIAN_POINT('',(-2.7105,-1.10572791550359,-4.4075));
#4082=CARTESIAN_POINT('Origin',(-3.3955,-4.53072791550359,-4.4075));
#4083=CARTESIAN_POINT('',(-3.3955,-3.84572791550359,-4.4075));
#4084=CARTESIAN_POINT('',(-3.3955,-3.67447791550359,-4.4075));
#4085=CARTESIAN_POINT('',(-3.3955,-3.84572791550359,-5.0925));
#4086=CARTESIAN_POINT('',(-3.3955,-3.84572791550359,-4.4075));
#4087=CARTESIAN_POINT('',(-3.3955,-3.67447791550359,-5.0925));
#4088=CARTESIAN_POINT('Origin',(-2.7105,-3.84572791550359,-4.4075));
#4089=CARTESIAN_POINT('',(-2.7105,-4.53072791550359,-4.4075));
#4090=CARTESIAN_POINT('Origin',(-2.7105,-3.84572791550359,-4.4075));
#4091=CARTESIAN_POINT('',(-2.7105,-4.53072791550359,-5.0925));
#4092=CARTESIAN_POINT('',(-2.7105,-4.53072791550359,-4.4075));
#4093=CARTESIAN_POINT('Origin',(-2.7105,-3.84572791550359,-5.0925));
#4094=CARTESIAN_POINT('Origin',(-1.3405,-4.53072791550359,-4.4075));
#4095=CARTESIAN_POINT('',(-2.0255,-4.53072791550359,-4.4075));
#4096=CARTESIAN_POINT('',(-1.85425,-4.53072791550359,-4.4075));
#4097=CARTESIAN_POINT('',(-2.0255,-4.53072791550359,-5.0925));
#4098=CARTESIAN_POINT('',(-2.0255,-4.53072791550359,-4.4075));
#4099=CARTESIAN_POINT('',(-1.85425,-4.53072791550359,-5.0925));
#4100=CARTESIAN_POINT('Origin',(-2.0255,-3.84572791550359,-4.4075));
#4101=CARTESIAN_POINT('',(-1.3405,-3.84572791550359,-4.4075));
#4102=CARTESIAN_POINT('Origin',(-2.0255,-3.84572791550359,-4.4075));
#4103=CARTESIAN_POINT('',(-1.3405,-3.84572791550359,-5.0925));
#4104=CARTESIAN_POINT('',(-1.3405,-3.84572791550359,-4.4075));
#4105=CARTESIAN_POINT('Origin',(-2.0255,-3.84572791550359,-5.0925));
#4106=CARTESIAN_POINT('Origin',(-1.3405,-1.10572791550359,-4.4075));
#4107=CARTESIAN_POINT('',(-1.3405,-1.79072791550359,-4.4075));
#4108=CARTESIAN_POINT('',(-1.3405,-1.96197791550359,-4.4075));
#4109=CARTESIAN_POINT('',(-1.3405,-1.79072791550359,-5.0925));
#4110=CARTESIAN_POINT('',(-1.3405,-1.79072791550359,-4.4075));
#4111=CARTESIAN_POINT('',(-1.3405,-1.96197791550359,-5.0925));
#4112=CARTESIAN_POINT('Origin',(-2.0255,-1.79072791550359,-4.4075));
#4113=CARTESIAN_POINT('',(-2.0255,-1.10572791550359,-4.4075));
#4114=CARTESIAN_POINT('Origin',(-2.0255,-1.79072791550359,-4.4075));
#4115=CARTESIAN_POINT('',(-2.0255,-1.10572791550359,-5.0925));
#4116=CARTESIAN_POINT('',(-2.0255,-1.10572791550359,-4.4075));
#4117=CARTESIAN_POINT('Origin',(-2.0255,-1.79072791550359,-5.0925));
#4118=CARTESIAN_POINT('Origin',(-3.3955,-1.10572791550359,-4.4075));
#4119=CARTESIAN_POINT('',(-2.88175,-1.10572791550359,-5.0925));
#4120=CARTESIAN_POINT('',(-2.88175,-1.10572791550359,-4.4075));
#4121=CARTESIAN_POINT('Origin',(-0.518500000000001,-6.72272791550359,-5.0925));
#4122=CARTESIAN_POINT('',(0.166499999999999,-6.72272791550359,-4.4075));
#4123=CARTESIAN_POINT('',(-0.518500000000001,-7.40772791550359,-4.4075));
#4124=CARTESIAN_POINT('Origin',(-0.518500000000001,-6.72272791550359,-4.4075));
#4125=CARTESIAN_POINT('',(-0.518500000000001,-7.40772791550359,-5.0925));
#4126=CARTESIAN_POINT('',(-0.518500000000001,-7.40772791550359,-5.0925));
#4127=CARTESIAN_POINT('',(0.166499999999999,-6.72272791550359,-5.0925));
#4128=CARTESIAN_POINT('Origin',(-0.518500000000001,-6.72272791550359,-5.0925));
#4129=CARTESIAN_POINT('',(0.166499999999999,-6.72272791550359,-5.0925));
#4130=CARTESIAN_POINT('Origin',(-4.9025,-7.40772791550359,-5.0925));
#4131=CARTESIAN_POINT('',(-4.2175,-7.40772791550359,-4.4075));
#4132=CARTESIAN_POINT('',(-2.368,-7.40772791550359,-4.4075));
#4133=CARTESIAN_POINT('',(-4.2175,-7.40772791550359,-5.0925));
#4134=CARTESIAN_POINT('',(-4.2175,-7.40772791550359,-5.0925));
#4135=CARTESIAN_POINT('',(-2.368,-7.40772791550359,-5.0925));
#4136=CARTESIAN_POINT('Origin',(-2.368,-2.81822791550359,-4.4075));
#4137=CARTESIAN_POINT('',(0.166499999999999,-7.40772791550359,-4.4075));
#4138=CARTESIAN_POINT('',(-4.9025,-6.72272791550359,-4.4075));
#4139=CARTESIAN_POINT('',(-4.9025,1.77127208449641,-4.4075));
#4140=CARTESIAN_POINT('Origin',(-4.2175,-6.72272791550359,-4.4075));
#4141=CARTESIAN_POINT('Origin',(-4.2175,-6.72272791550359,-5.0925));
#4142=CARTESIAN_POINT('',(-4.9025,-6.72272791550359,-5.0925));
#4143=CARTESIAN_POINT('',(-4.9025,-6.72272791550359,-5.0925));
#4144=CARTESIAN_POINT('Origin',(-4.2175,-6.72272791550359,-5.0925));
#4145=CARTESIAN_POINT('Origin',(-4.9025,1.77127208449641,-5.0925));
#4146=CARTESIAN_POINT('',(-4.9025,1.77127208449641,-5.0925));
#4147=CARTESIAN_POINT('Origin',(0.166499999999999,-7.40772791550359,-5.0925));
#4148=CARTESIAN_POINT('',(0.166499999999999,-7.40772791550359,-5.0925));
#4149=CARTESIAN_POINT('Origin',(-2.368,-2.81822791550359,-5.0925));
#4150=CARTESIAN_POINT('Origin',(-2.368,18.7592720844964,-4.75));
#4151=CARTESIAN_POINT('',(6.537,18.7592720844964,-4.75));
#4152=CARTESIAN_POINT('Origin',(-2.368,18.7592720844964,-4.75));
#4153=CARTESIAN_POINT('',(6.537,17.3892720844964,-4.75));
#4154=CARTESIAN_POINT('',(6.537,18.7592720844964,-4.75));
#4155=CARTESIAN_POINT('Origin',(-2.368,17.3892720844964,-4.75));
#4156=CARTESIAN_POINT('Origin',(-2.368,17.3892720844964,-4.75));
#4157=CARTESIAN_POINT('Origin',(-2.368,2.45627208449641,-13.6390752074379));
#4158=CARTESIAN_POINT('',(0.303499999999999,1.79495850902131,-13.8176511153661));
#4159=CARTESIAN_POINT('',(0.848139138238784,1.77127208449641,-13.6390752074379));
#4160=CARTESIAN_POINT('Ctrl Pts',(0.303499999999988,1.79495850902134,-13.8176511153661));
#4161=CARTESIAN_POINT('Ctrl Pts',(0.488713097165832,1.78022359861395,-13.7630838649521));
#4162=CARTESIAN_POINT('Ctrl Pts',(0.67064270811369,1.77127208449642,-13.7032948481207));
#4163=CARTESIAN_POINT('Ctrl Pts',(0.848139138238806,1.77127208449641,-13.639075207438));
#4164=CARTESIAN_POINT('',(-5.58413913823877,1.77127208449641,-13.6390752074381));
#4165=CARTESIAN_POINT('',(-2.368,1.77127208449641,-13.6390752074379));
#4166=CARTESIAN_POINT('',(-5.0395,1.79495850902133,-13.8176511153661));
#4167=CARTESIAN_POINT('Ctrl Pts',(-5.58413913823875,1.77127208449641,-13.639075207438));
#4168=CARTESIAN_POINT('Ctrl Pts',(-5.40662139937577,1.77127208449642,-13.703302557794));
#4169=CARTESIAN_POINT('Ctrl Pts',(-5.2246939041266,1.78022512554546,-13.7630895195813));
#4170=CARTESIAN_POINT('Ctrl Pts',(-5.03949999999999,1.79495850902134,-13.8176511153661));
#4171=CARTESIAN_POINT('',(-5.0395,2.32469597539881,-14.3113197518672));
#4172=CARTESIAN_POINT('Origin',(-5.0395,2.45627208449641,-13.6390752074379));
#4173=CARTESIAN_POINT('',(0.303499999999999,2.32469597539881,-14.3113197518672));
#4174=CARTESIAN_POINT('',(-2.368,2.32469597539881,-14.3113197518672));
#4175=CARTESIAN_POINT('Origin',(0.303499999999999,2.45627208449641,-13.6390752074379));
#4176=CARTESIAN_POINT('Origin',(0.303499999999999,9.23777208449641,-15.299));
#4177=CARTESIAN_POINT('',(0.303499999999999,12.970569977517,-16.395));
#4178=CARTESIAN_POINT('',(0.303499999999999,12.970569977517,-16.395));
#4179=CARTESIAN_POINT('',(0.303499999999999,13.1712638086183,-16.3508158834211));
#4180=CARTESIAN_POINT('',(0.303499999999999,16.7042720844964,-15.573));
#4181=CARTESIAN_POINT('',(0.303499999999999,13.2756036183,-16.1875639183011));
#4182=CARTESIAN_POINT('Origin',(0.303500000000013,13.1418077308991,-16.2170199960202));
#4183=CARTESIAN_POINT('',(0.303499999999999,13.6100933368024,-16.113923724003));
#4184=CARTESIAN_POINT('',(0.303499999999999,11.5269315201251,-16.5725460147604));
#4185=CARTESIAN_POINT('',(0.303499999999999,13.7733453019224,-16.2182635336847));
#4186=CARTESIAN_POINT('Origin',(0.303500000000013,13.7438892242033,-16.0844676462838));
#4187=CARTESIAN_POINT('',(0.303499999999999,13.840243245623,-16.2035354948252));
#4188=CARTESIAN_POINT('',(0.303499999999999,16.7042720844964,-15.573));
#4189=CARTESIAN_POINT('',(0.303499999999999,13.9445830553046,-16.040283529705));
#4190=CARTESIAN_POINT('Origin',(0.303500000000013,13.8107871679037,-16.0697396074243));
#4191=CARTESIAN_POINT('',(0.303499999999999,14.279072773807,-15.966643335407));
#4192=CARTESIAN_POINT('',(0.303499999999999,11.8614212386274,-16.4989058204624));
#4193=CARTESIAN_POINT('',(0.303499999999999,14.442324738927,-16.0709831450887));
#4194=CARTESIAN_POINT('Origin',(0.303500000000013,14.4128686612079,-15.9371872576878));
#4195=CARTESIAN_POINT('',(0.303499999999999,14.5092226826275,-16.0562551062291));
#4196=CARTESIAN_POINT('',(0.303499999999999,16.7042720844964,-15.573));
#4197=CARTESIAN_POINT('',(0.303500000000013,14.6135624923092,-15.8930031411089));
#4198=CARTESIAN_POINT('Origin',(0.303500000000013,14.4797666049083,-15.9224592188282));
#4199=CARTESIAN_POINT('',(0.303500000000013,14.9480522108115,-15.8193629468109));
#4200=CARTESIAN_POINT('',(0.303499999999999,12.1959109571296,-16.4252656261644));
#4201=CARTESIAN_POINT('',(0.303499999999999,15.1113041759317,-15.9237027564927));
#4202=CARTESIAN_POINT('Origin',(0.303500000000013,15.0818480982125,-15.7899068690918));
#4203=CARTESIAN_POINT('',(0.303499999999999,15.1782021196321,-15.908974717633));
#4204=CARTESIAN_POINT('',(0.303499999999999,16.7042720844964,-15.573));
#4205=CARTESIAN_POINT('',(0.303500000000013,15.2825419293139,-15.745722752513));
#4206=CARTESIAN_POINT('Origin',(0.303499999999999,15.148746041913,-15.7751788302321));
#4207=CARTESIAN_POINT('',(0.303500000000013,15.6170316478161,-15.672082558215));
#4208=CARTESIAN_POINT('',(0.303499999999999,12.530400675632,-16.3516254318663));
#4209=CARTESIAN_POINT('',(0.303499999999999,15.7802836129363,-15.7764223678966));
#4210=CARTESIAN_POINT('Origin',(0.303500000000013,15.750827535217,-15.6426264804957));
#4211=CARTESIAN_POINT('',(0.303499999999999,15.8471815566367,-15.761694329037));
#4212=CARTESIAN_POINT('',(0.303499999999999,16.7042720844964,-15.573));
#4213=CARTESIAN_POINT('',(0.303500000000013,15.9515213663185,-15.5984423639169));
#4214=CARTESIAN_POINT('Origin',(0.303500000000013,15.8177254789176,-15.6278984416361));
#4215=CARTESIAN_POINT('',(0.303500000000013,16.2860110848208,-15.5248021696189));
#4216=CARTESIAN_POINT('',(0.303499999999999,12.8648903941343,-16.2779852375683));
#4217=CARTESIAN_POINT('',(0.303499999999999,16.4492630499409,-15.6291419793005));
#4218=CARTESIAN_POINT('Origin',(0.303500000000013,16.4198069722217,-15.4953460918996));
#4219=CARTESIAN_POINT('',(0.303499999999999,16.5161609936414,-15.614413940441));
#4220=CARTESIAN_POINT('',(0.303499999999999,16.7042720844964,-15.573));
#4221=CARTESIAN_POINT('',(0.303500000000013,16.6205008033231,-15.4511619753209));
#4222=CARTESIAN_POINT('Origin',(0.303500000000013,16.4867049159221,-15.4806180530401));
#4223=CARTESIAN_POINT('',(0.303499999999999,16.6748160067771,-15.4392041125991));
#4224=CARTESIAN_POINT('',(0.303499999999999,12.2094897579933,-16.4222761604839));
#4225=CARTESIAN_POINT('',(0.303499999999999,16.7042720844964,-15.573));
#4226=CARTESIAN_POINT('',(0.303499999999999,16.5029228065356,-14.6584279521152));
#4227=CARTESIAN_POINT('',(0.303499999999999,16.7042720844964,-14.203));
#4228=CARTESIAN_POINT('',(0.303499999999999,16.7042720844964,-10.0245));
#4229=CARTESIAN_POINT('',(0.303499999999999,12.9705699775168,-15.025));
#4230=CARTESIAN_POINT('',(0.303499999999999,16.7042720844964,-14.203));
#4231=CARTESIAN_POINT('',(0.303499999999999,3.14127208449641,-14.203));
#4232=CARTESIAN_POINT('',(0.303499999999999,3.14127208449641,-14.203));
#4233=CARTESIAN_POINT('',(0.303499999999999,3.14127208449641,-13.8176511153661));
#4234=CARTESIAN_POINT('',(0.303499999999999,3.14127208449641,-13.7777525537071));
#4235=CARTESIAN_POINT('',(0.303499999999999,1.77127208449641,-13.8176511153661));
#4236=CARTESIAN_POINT('Origin',(-2.368,12.970569977517,-16.395));
#4237=CARTESIAN_POINT('',(-5.0395,12.970569977517,-16.395));
#4238=CARTESIAN_POINT('',(-5.0395,12.970569977517,-16.395));
#4239=CARTESIAN_POINT('',(-2.368,12.970569977517,-16.395));
#4240=CARTESIAN_POINT('Origin',(-5.0395,9.23777208449641,-15.299));
#4241=CARTESIAN_POINT('',(-5.0395,3.14127208449641,-13.8176511153661));
#4242=CARTESIAN_POINT('',(-5.0395,1.77127208449641,-13.8176511153661));
#4243=CARTESIAN_POINT('',(-5.0395,3.14127208449641,-14.203));
#4244=CARTESIAN_POINT('',(-5.0395,3.14127208449641,-14.203));
#4245=CARTESIAN_POINT('',(-5.0395,12.9705699775168,-15.025));
#4246=CARTESIAN_POINT('',(-5.0395,3.14127208449641,-14.203));
#4247=CARTESIAN_POINT('',(-5.0395,16.7042720844964,-14.203));
#4248=CARTESIAN_POINT('',(-5.0395,16.7042720844964,-14.203));
#4249=CARTESIAN_POINT('',(-5.0395,16.7042720844964,-15.573));
#4250=CARTESIAN_POINT('',(-5.0395,16.7042720844964,-10.0245));
#4251=CARTESIAN_POINT('',(-5.0395,16.6748160067771,-15.4392041125991));
#4252=CARTESIAN_POINT('',(-5.0395,16.5029228065356,-14.6584279521152));
#4253=CARTESIAN_POINT('',(-5.03949999999999,16.6205008033231,-15.4511619753209));
#4254=CARTESIAN_POINT('',(-5.0395,12.2094897579933,-16.4222761604839));
#4255=CARTESIAN_POINT('',(-5.0395,16.5161609936414,-15.614413940441));
#4256=CARTESIAN_POINT('Origin',(-5.03949999999999,16.4867049159221,-15.4806180530401));
#4257=CARTESIAN_POINT('',(-5.0395,16.4492630499409,-15.6291419793005));
#4258=CARTESIAN_POINT('',(-5.0395,16.7042720844964,-15.573));
#4259=CARTESIAN_POINT('',(-5.03949999999999,16.2860110848208,-15.5248021696189));
#4260=CARTESIAN_POINT('Origin',(-5.03949999999999,16.4198069722217,-15.4953460918996));
#4261=CARTESIAN_POINT('',(-5.03949999999999,15.9515213663185,-15.5984423639169));
#4262=CARTESIAN_POINT('',(-5.0395,12.8648903941343,-16.2779852375683));
#4263=CARTESIAN_POINT('',(-5.0395,15.8471815566367,-15.761694329037));
#4264=CARTESIAN_POINT('Origin',(-5.03949999999999,15.8177254789176,-15.6278984416361));
#4265=CARTESIAN_POINT('',(-5.0395,15.7802836129363,-15.7764223678966));
#4266=CARTESIAN_POINT('',(-5.0395,16.7042720844964,-15.573));
#4267=CARTESIAN_POINT('',(-5.03949999999999,15.6170316478161,-15.672082558215));
#4268=CARTESIAN_POINT('Origin',(-5.03949999999999,15.750827535217,-15.6426264804957));
#4269=CARTESIAN_POINT('',(-5.03949999999999,15.2825419293139,-15.745722752513));
#4270=CARTESIAN_POINT('',(-5.0395,12.530400675632,-16.3516254318663));
#4271=CARTESIAN_POINT('',(-5.0395,15.1782021196321,-15.908974717633));
#4272=CARTESIAN_POINT('Origin',(-5.0395,15.148746041913,-15.7751788302321));
#4273=CARTESIAN_POINT('',(-5.0395,15.1113041759317,-15.9237027564927));
#4274=CARTESIAN_POINT('',(-5.0395,16.7042720844964,-15.573));
#4275=CARTESIAN_POINT('',(-5.03949999999999,14.9480522108115,-15.819362946811));
#4276=CARTESIAN_POINT('Origin',(-5.03949999999999,15.0818480982125,-15.7899068690918));
#4277=CARTESIAN_POINT('',(-5.03949999999999,14.6135624923092,-15.8930031411089));
#4278=CARTESIAN_POINT('',(-5.0395,12.1959109571296,-16.4252656261644));
#4279=CARTESIAN_POINT('',(-5.0395,14.5092226826275,-16.0562551062291));
#4280=CARTESIAN_POINT('Origin',(-5.03949999999999,14.4797666049083,-15.9224592188282));
#4281=CARTESIAN_POINT('',(-5.0395,14.442324738927,-16.0709831450887));
#4282=CARTESIAN_POINT('',(-5.0395,16.7042720844964,-15.573));
#4283=CARTESIAN_POINT('',(-5.03949999999999,14.279072773807,-15.966643335407));
#4284=CARTESIAN_POINT('Origin',(-5.03949999999999,14.4128686612079,-15.9371872576878));
#4285=CARTESIAN_POINT('',(-5.03949999999999,13.9445830553046,-16.040283529705));
#4286=CARTESIAN_POINT('',(-5.0395,11.8614212386274,-16.4989058204624));
#4287=CARTESIAN_POINT('',(-5.0395,13.840243245623,-16.2035354948252));
#4288=CARTESIAN_POINT('Origin',(-5.03949999999999,13.8107871679037,-16.0697396074243));
#4289=CARTESIAN_POINT('',(-5.0395,13.7733453019224,-16.2182635336847));
#4290=CARTESIAN_POINT('',(-5.0395,16.7042720844964,-15.573));
#4291=CARTESIAN_POINT('',(-5.03949999999999,13.6100933368024,-16.113923724003));
#4292=CARTESIAN_POINT('Origin',(-5.03949999999999,13.7438892242033,-16.0844676462838));
#4293=CARTESIAN_POINT('',(-5.03949999999999,13.2756036183,-16.1875639183011));
#4294=CARTESIAN_POINT('',(-5.0395,11.5269315201251,-16.5725460147604));
#4295=CARTESIAN_POINT('',(-5.0395,13.1712638086183,-16.3508158834211));
#4296=CARTESIAN_POINT('Origin',(-5.03949999999999,13.1418077308991,-16.2170199960202));
#4297=CARTESIAN_POINT('',(-5.0395,16.7042720844964,-15.573));
#4298=CARTESIAN_POINT('Origin',(-2.368,2.45627208449641,4.13907520743799));
#4299=CARTESIAN_POINT('',(0.303499999999999,1.79495850902131,4.31765111536609));
#4300=CARTESIAN_POINT('',(0.303499999999999,2.32469597539881,4.81131975186713));
#4301=CARTESIAN_POINT('Origin',(0.303499999999999,2.45627208449641,4.13907520743799));
#4302=CARTESIAN_POINT('',(-5.0395,2.32469597539881,4.81131975186714));
#4303=CARTESIAN_POINT('',(-2.368,2.32469597539881,4.81131975186713));
#4304=CARTESIAN_POINT('',(-5.0395,1.79495850902131,4.31765111536609));
#4305=CARTESIAN_POINT('Origin',(-5.0395,2.45627208449641,4.13907520743799));
#4306=CARTESIAN_POINT('',(-5.58413913823877,1.77127208449641,4.13907520743799));
#4307=CARTESIAN_POINT('Ctrl Pts',(-5.0395,1.79495850902132,4.3176511153661));
#4308=CARTESIAN_POINT('Ctrl Pts',(-5.22471309716583,1.78022359861394,4.26308386495215));
#4309=CARTESIAN_POINT('Ctrl Pts',(-5.40664270811367,1.77127208449641,4.20329484812067));
#4310=CARTESIAN_POINT('Ctrl Pts',(-5.58413913823877,1.77127208449641,4.13907520743799));
#4311=CARTESIAN_POINT('',(0.848139138238771,1.77127208449641,4.13907520743799));
#4312=CARTESIAN_POINT('',(-2.368,1.77127208449641,4.13907520743799));
#4313=CARTESIAN_POINT('Ctrl Pts',(0.848139138238772,1.77127208449641,4.13907520743799));
#4314=CARTESIAN_POINT('Ctrl Pts',(0.670621399375783,1.77127208449641,4.20330255779399));
#4315=CARTESIAN_POINT('Ctrl Pts',(0.488693904126616,1.78022512554544,4.26308951958129));
#4316=CARTESIAN_POINT('Ctrl Pts',(0.3035,1.79495850902132,4.3176511153661));
#4317=CARTESIAN_POINT('Origin',(-2.368,1.77127208449641,-4.75));
#4318=CARTESIAN_POINT('',(7.085,1.77127208449641,-4.75));
#4319=CARTESIAN_POINT('Origin',(-2.368,1.77127208449641,-4.75));
#4320=CARTESIAN_POINT('Origin',(-2.368,1.77127208449641,-4.75));
#4321=CARTESIAN_POINT('Origin',(-2.368,1.77127208449641,-4.75));
#4322=CARTESIAN_POINT('',(0.166499999999999,1.77127208449641,-11.9425));
#4323=CARTESIAN_POINT('',(0.166499999999999,1.77127208449641,-12.6275));
#4324=CARTESIAN_POINT('',(0.166499999999999,1.77127208449641,-8.34625));
#4325=CARTESIAN_POINT('',(-4.9025,1.77127208449641,-12.6275));
#4326=CARTESIAN_POINT('',(-1.10075,1.77127208449641,-12.6275));
#4327=CARTESIAN_POINT('',(-4.9025,1.77127208449641,-11.9425));
#4328=CARTESIAN_POINT('',(-4.9025,1.77127208449641,-8.68875));
#4329=CARTESIAN_POINT('',(-4.9025,1.77127208449641,-11.2575));
#4330=CARTESIAN_POINT('',(-4.9025,1.77127208449641,-8.34625));
#4331=CARTESIAN_POINT('',(-4.9025,1.77127208449641,-10.5725000102073));
#4332=CARTESIAN_POINT('',(-4.9025,1.77127208449641,-8.00375));
#4333=CARTESIAN_POINT('',(0.166499999999999,1.77127208449641,-10.5725000102073));
#4334=CARTESIAN_POINT('',(-3.63525,1.77127208449641,-10.5725000102073));
#4335=CARTESIAN_POINT('',(0.166499999999999,1.77127208449641,-11.2575));
#4336=CARTESIAN_POINT('',(0.166499999999999,1.77127208449641,-7.66125000510365));
#4337=CARTESIAN_POINT('',(0.166499999999999,1.77127208449641,-8.00375));
#4338=CARTESIAN_POINT('',(-4.9025,1.77127208449641,-5.77749999489635));
#4339=CARTESIAN_POINT('',(-4.9025,1.77127208449641,-5.0925));
#4340=CARTESIAN_POINT('',(-4.9025,1.77127208449641,-4.92125));
#4341=CARTESIAN_POINT('',(-4.9025,1.77127208449641,-4.4075));
#4342=CARTESIAN_POINT('',(-4.9025,1.77127208449641,-4.92125));
#4343=CARTESIAN_POINT('',(-4.9025,1.77127208449641,-3.72250000510365));
#4344=CARTESIAN_POINT('',(-4.9025,1.77127208449641,-4.23625000255183));
#4345=CARTESIAN_POINT('',(0.166499999999999,1.77127208449641,-3.72250000510365));
#4346=CARTESIAN_POINT('',(-1.10075,1.77127208449641,-3.72250000510365));
#4347=CARTESIAN_POINT('',(0.166499999999999,1.77127208449641,-4.4075));
#4348=CARTESIAN_POINT('',(0.166499999999999,1.77127208449641,-4.57875));
#4349=CARTESIAN_POINT('',(0.166499999999999,1.77127208449641,-5.0925));
#4350=CARTESIAN_POINT('',(0.166499999999999,1.77127208449641,-4.57875));
#4351=CARTESIAN_POINT('',(0.166499999999999,1.77127208449641,-5.77749999489635));
#4352=CARTESIAN_POINT('',(0.166499999999999,1.77127208449641,-5.26374999744817));
#4353=CARTESIAN_POINT('',(-3.63525,1.77127208449641,-5.77749999489635));
#4354=CARTESIAN_POINT('',(-4.9025,1.77127208449641,1.07250001020729));
#4355=CARTESIAN_POINT('',(-4.9025,1.77127208449641,1.7575));
#4356=CARTESIAN_POINT('',(-4.9025,1.77127208449641,-1.49625));
#4357=CARTESIAN_POINT('',(-4.9025,1.77127208449641,2.4425));
#4358=CARTESIAN_POINT('',(-4.9025,1.77127208449641,-1.49625));
#4359=CARTESIAN_POINT('',(-4.9025,1.77127208449641,3.1275));
#4360=CARTESIAN_POINT('',(-4.9025,1.77127208449641,-0.81125));
#4361=CARTESIAN_POINT('',(0.166499999999999,1.77127208449641,3.1275));
#4362=CARTESIAN_POINT('',(-1.10075,1.77127208449641,3.1275));
#4363=CARTESIAN_POINT('',(0.166499999999999,1.77127208449641,2.4425));
#4364=CARTESIAN_POINT('',(0.166499999999999,1.77127208449641,-1.15375));
#4365=CARTESIAN_POINT('',(0.166499999999999,1.77127208449641,1.7575));
#4366=CARTESIAN_POINT('',(0.166499999999999,1.77127208449641,-1.15375));
#4367=CARTESIAN_POINT('',(0.166499999999999,1.77127208449641,1.07250001020729));
#4368=CARTESIAN_POINT('',(0.166499999999999,1.77127208449641,-1.83874999489635));
#4369=CARTESIAN_POINT('',(-3.63525,1.77127208449641,1.07250001020729));
#4370=CARTESIAN_POINT('Origin',(-5.0395,9.23777208449641,5.79899999999999));
#4371=CARTESIAN_POINT('',(-5.0395,12.970569977517,6.89499999999997));
#4372=CARTESIAN_POINT('',(-5.0395,12.970569977517,6.89499999999997));
#4373=CARTESIAN_POINT('',(-5.0395,13.1712638086183,6.85081588342115));
#4374=CARTESIAN_POINT('',(-5.0395,16.7042720844964,6.073));
#4375=CARTESIAN_POINT('',(-5.0395,13.2756036183,6.68756391830104));
#4376=CARTESIAN_POINT('Origin',(-5.0395,13.1418077308991,6.71701999602024));
#4377=CARTESIAN_POINT('',(-5.0395,13.6100933368024,6.61392372400304));
#4378=CARTESIAN_POINT('',(-5.0395,11.5269315201251,7.07254601476041));
#4379=CARTESIAN_POINT('',(-5.0395,13.7733453019224,6.71826353368473));
#4380=CARTESIAN_POINT('Origin',(-5.0395,13.7438892242033,6.58446764628381));
#4381=CARTESIAN_POINT('',(-5.0395,13.840243245623,6.70353549482513));
#4382=CARTESIAN_POINT('',(-5.0395,16.7042720844964,6.073));
#4383=CARTESIAN_POINT('',(-5.0395,13.9445830553046,6.54028352970501));
#4384=CARTESIAN_POINT('Origin',(-5.0395,13.8107871679037,6.5697396074242));
#4385=CARTESIAN_POINT('',(-5.0395,14.279072773807,6.46664333540699));
#4386=CARTESIAN_POINT('',(-5.0395,11.8614212386274,6.99890582046239));
#4387=CARTESIAN_POINT('',(-5.0395,14.442324738927,6.5709831450887));
#4388=CARTESIAN_POINT('Origin',(-5.0395,14.4128686612079,6.43718725768777));
#4389=CARTESIAN_POINT('',(-5.0395,14.5092226826275,6.55625510622909));
#4390=CARTESIAN_POINT('',(-5.0395,16.7042720844964,6.073));
#4391=CARTESIAN_POINT('',(-5.0395,14.6135624923092,6.39300314110898));
#4392=CARTESIAN_POINT('Origin',(-5.0395,14.4797666049083,6.42245921882818));
#4393=CARTESIAN_POINT('',(-5.0395,14.9480522108115,6.31936294681096));
#4394=CARTESIAN_POINT('',(-5.0395,12.1959109571296,6.92526562616437));
#4395=CARTESIAN_POINT('',(-5.0395,15.1113041759317,6.42370275649266));
#4396=CARTESIAN_POINT('Origin',(-5.0395,15.0818480982125,6.28990686909174));
#4397=CARTESIAN_POINT('',(-5.0395,15.1782021196321,6.40897471763306));
#4398=CARTESIAN_POINT('',(-5.0395,16.7042720844964,6.073));
#4399=CARTESIAN_POINT('',(-5.0395,15.2825419293139,6.24572275251295));
#4400=CARTESIAN_POINT('Origin',(-5.0395,15.148746041913,6.27517883023214));
#4401=CARTESIAN_POINT('',(-5.0395,15.6170316478161,6.17208255821493));
#4402=CARTESIAN_POINT('',(-5.0395,12.530400675632,6.85162543186635));
#4403=CARTESIAN_POINT('',(-5.0395,15.7802836129363,6.27642236789663));
#4404=CARTESIAN_POINT('Origin',(-5.0395,15.750827535217,6.14262648049571));
#4405=CARTESIAN_POINT('',(-5.0395,15.8471815566367,6.26169432903703));
#4406=CARTESIAN_POINT('',(-5.0395,16.7042720844964,6.073));
#4407=CARTESIAN_POINT('',(-5.0395,15.9515213663185,6.09844236391691));
#4408=CARTESIAN_POINT('Origin',(-5.0395,15.8177254789176,6.12789844163611));
#4409=CARTESIAN_POINT('',(-5.0395,16.2860110848208,6.02480216961889));
#4410=CARTESIAN_POINT('',(-5.0395,12.8648903941343,6.77798523756834));
#4411=CARTESIAN_POINT('',(-5.0395,16.4492630499409,6.12914197930059));
#4412=CARTESIAN_POINT('Origin',(-5.0395,16.4198069722217,5.99534609189968));
#4413=CARTESIAN_POINT('',(-5.0395,16.5161609936414,6.114413940441));
#4414=CARTESIAN_POINT('',(-5.0395,16.7042720844964,6.073));
#4415=CARTESIAN_POINT('',(-5.0395,16.6205008033231,5.95116197532087));
#4416=CARTESIAN_POINT('Origin',(-5.0395,16.4867049159221,5.98061805304007));
#4417=CARTESIAN_POINT('',(-5.0395,16.6748160067771,5.9392041125991));
#4418=CARTESIAN_POINT('',(-5.0395,12.2094897579933,6.92227616048392));
#4419=CARTESIAN_POINT('',(-5.0395,16.7042720844964,6.073));
#4420=CARTESIAN_POINT('',(-5.0395,16.5029228065356,5.15842795211517));
#4421=CARTESIAN_POINT('',(-5.0395,16.7042720844964,4.703));
#4422=CARTESIAN_POINT('',(-5.0395,16.7042720844964,0.524499999999993));
#4423=CARTESIAN_POINT('',(-5.0395,12.9705699775168,5.52499999999997));
#4424=CARTESIAN_POINT('',(-5.0395,16.7042720844964,4.703));
#4425=CARTESIAN_POINT('',(-5.0395,3.14127208449641,4.703));
#4426=CARTESIAN_POINT('',(-5.0395,3.14127208449641,4.703));
#4427=CARTESIAN_POINT('',(-5.0395,3.14127208449641,4.31765111536609));
#4428=CARTESIAN_POINT('',(-5.0395,3.14127208449641,4.703));
#4429=CARTESIAN_POINT('',(-5.0395,1.77127208449641,4.31765111536609));
#4430=CARTESIAN_POINT('Origin',(-4.9025,1.77127208449641,-12.6275));
#4431=CARTESIAN_POINT('',(-4.9025,0.401272084496413,-12.6275));
#4432=CARTESIAN_POINT('',(-4.9025,1.77127208449641,-12.6275));
#4433=CARTESIAN_POINT('',(-4.9025,0.401272084496413,-11.9425));
#4434=CARTESIAN_POINT('',(-4.9025,0.401272084496413,-10.5725000102073));
#4435=CARTESIAN_POINT('',(-4.9025,1.77127208449641,-11.9425));
#4436=CARTESIAN_POINT('Origin',(0.166499999999999,1.77127208449641,-12.6275));
#4437=CARTESIAN_POINT('',(0.166499999999999,0.401272084496413,-12.6275));
#4438=CARTESIAN_POINT('',(0.166499999999999,1.77127208449641,-12.6275));
#4439=CARTESIAN_POINT('',(-4.9025,0.401272084496413,-12.6275));
#4440=CARTESIAN_POINT('Origin',(0.166499999999999,1.77127208449641,-11.9425));
#4441=CARTESIAN_POINT('',(0.166499999999999,0.401272084496413,-11.9425));
#4442=CARTESIAN_POINT('',(0.166499999999999,1.77127208449641,-11.9425));
#4443=CARTESIAN_POINT('',(0.166499999999999,0.401272084496413,-12.6275));
#4444=CARTESIAN_POINT('Origin',(-2.368,0.401272084496413,-12.285));
#4445=CARTESIAN_POINT('',(-4.9025,0.401272084496413,-11.9425));
#4446=CARTESIAN_POINT('Origin',(-4.9025,1.77127208449641,-10.5725000102073));
#4447=CARTESIAN_POINT('',(-4.9025,0.401272084496413,-10.5725000102073));
#4448=CARTESIAN_POINT('',(-4.9025,1.77127208449641,-10.5725000102073));
#4449=CARTESIAN_POINT('',(0.166499999999999,0.401272084496413,-10.5725000102073));
#4450=CARTESIAN_POINT('',(0.166499999999999,0.401272084496413,-10.5725000102073));
#4451=CARTESIAN_POINT('',(0.166499999999999,1.77127208449641,-10.5725000102073));
#4452=CARTESIAN_POINT('Origin',(-4.9025,1.77127208449641,-11.2575));
#4453=CARTESIAN_POINT('',(-4.9025,0.401272084496413,-11.2575));
#4454=CARTESIAN_POINT('',(-4.9025,1.77127208449641,-11.2575));
#4455=CARTESIAN_POINT('',(-4.9025,0.401272084496413,-10.5725000102073));
#4456=CARTESIAN_POINT('Origin',(0.166499999999999,1.77127208449641,-10.5725000102073));
#4457=CARTESIAN_POINT('',(0.166499999999999,0.401272084496413,-11.2575));
#4458=CARTESIAN_POINT('',(0.166499999999999,0.401272084496413,-12.6275));
#4459=CARTESIAN_POINT('',(0.166499999999999,1.77127208449641,-11.2575));
#4460=CARTESIAN_POINT('Origin',(-2.368,0.401272084496413,-10.9150000051036));
#4461=CARTESIAN_POINT('',(0.166499999999999,0.401272084496413,-11.2575));
#4462=CARTESIAN_POINT('Origin',(0.166499999999999,1.77127208449641,-5.77749999489635));
#4463=CARTESIAN_POINT('',(0.166499999999999,0.401272084496413,-5.0925));
#4464=CARTESIAN_POINT('',(0.166499999999999,1.77127208449641,-5.0925));
#4465=CARTESIAN_POINT('',(0.166499999999999,0.401272084496413,-5.77749999489635));
#4466=CARTESIAN_POINT('',(0.166499999999999,0.401272084496413,-5.77749999489635));
#4467=CARTESIAN_POINT('',(0.166499999999999,1.77127208449641,-5.77749999489635));
#4468=CARTESIAN_POINT('Origin',(-4.9025,1.77127208449641,-5.77749999489635));
#4469=CARTESIAN_POINT('',(-4.9025,0.401272084496413,-5.77749999489635));
#4470=CARTESIAN_POINT('',(-4.9025,0.401272084496413,-5.77749999489635));
#4471=CARTESIAN_POINT('',(-4.9025,1.77127208449641,-5.77749999489635));
#4472=CARTESIAN_POINT('Origin',(-4.9025,1.77127208449641,-5.0925));
#4473=CARTESIAN_POINT('',(-4.9025,0.401272084496413,-5.0925));
#4474=CARTESIAN_POINT('',(-4.9025,0.401272084496413,-3.72250000510365));
#4475=CARTESIAN_POINT('',(-4.9025,1.77127208449641,-5.0925));
#4476=CARTESIAN_POINT('Origin',(-2.368,0.401272084496413,-5.43499999744818));
#4477=CARTESIAN_POINT('',(0.166499999999999,0.401272084496413,-5.0925));
#4478=CARTESIAN_POINT('Origin',(-4.9025,1.77127208449641,-3.72250000510365));
#4479=CARTESIAN_POINT('',(-4.9025,0.401272084496413,-4.4075));
#4480=CARTESIAN_POINT('',(-4.9025,1.77127208449641,-4.4075));
#4481=CARTESIAN_POINT('',(-4.9025,0.401272084496413,-3.72250000510365));
#4482=CARTESIAN_POINT('',(-4.9025,0.401272084496413,-3.72250000510365));
#4483=CARTESIAN_POINT('',(-4.9025,1.77127208449641,-3.72250000510365));
#4484=CARTESIAN_POINT('Origin',(0.166499999999999,1.77127208449641,-3.72250000510365));
#4485=CARTESIAN_POINT('',(0.166499999999999,0.401272084496413,-3.72250000510365));
#4486=CARTESIAN_POINT('',(0.166499999999999,0.401272084496413,-3.72250000510365));
#4487=CARTESIAN_POINT('',(0.166499999999999,1.77127208449641,-3.72250000510365));
#4488=CARTESIAN_POINT('Origin',(0.166499999999999,1.77127208449641,-4.4075));
#4489=CARTESIAN_POINT('',(0.166499999999999,0.401272084496413,-4.4075));
#4490=CARTESIAN_POINT('',(0.166499999999999,0.401272084496413,-5.77749999489635));
#4491=CARTESIAN_POINT('',(0.166499999999999,1.77127208449641,-4.4075));
#4492=CARTESIAN_POINT('Origin',(-2.368,0.401272084496413,-4.06500000255182));
#4493=CARTESIAN_POINT('',(-4.9025,0.401272084496413,-4.4075));
#4494=CARTESIAN_POINT('Origin',(-4.9025,1.77127208449641,1.07250001020729));
#4495=CARTESIAN_POINT('',(0.166499999999999,0.401272084496413,1.07250001020729));
#4496=CARTESIAN_POINT('',(0.166499999999999,1.77127208449641,1.07250001020729));
#4497=CARTESIAN_POINT('',(-4.9025,0.401272084496413,1.07250001020729));
#4498=CARTESIAN_POINT('',(0.166499999999999,0.401272084496413,1.07250001020729));
#4499=CARTESIAN_POINT('',(-4.9025,1.77127208449641,1.07250001020729));
#4500=CARTESIAN_POINT('Origin',(-4.9025,1.77127208449641,1.7575));
#4501=CARTESIAN_POINT('',(-4.9025,0.401272084496413,1.7575));
#4502=CARTESIAN_POINT('',(-4.9025,0.401272084496413,1.07250001020729));
#4503=CARTESIAN_POINT('',(-4.9025,1.77127208449641,1.7575));
#4504=CARTESIAN_POINT('Origin',(0.166499999999999,1.77127208449641,1.07250001020729));
#4505=CARTESIAN_POINT('',(0.166499999999999,0.401272084496413,1.7575));
#4506=CARTESIAN_POINT('',(0.166499999999999,1.77127208449641,1.7575));
#4507=CARTESIAN_POINT('',(0.166499999999999,0.401272084496413,3.1275));
#4508=CARTESIAN_POINT('Origin',(-2.368,0.401272084496413,1.41500000510365));
#4509=CARTESIAN_POINT('',(0.166499999999999,0.401272084496413,1.7575));
#4510=CARTESIAN_POINT('Origin',(-4.9025,1.77127208449641,3.1275));
#4511=CARTESIAN_POINT('',(-4.9025,0.401272084496413,2.4425));
#4512=CARTESIAN_POINT('',(-4.9025,1.77127208449641,2.4425));
#4513=CARTESIAN_POINT('',(-4.9025,0.401272084496413,3.1275));
#4514=CARTESIAN_POINT('',(-4.9025,0.401272084496413,1.07250001020729));
#4515=CARTESIAN_POINT('',(-4.9025,1.77127208449641,3.1275));
#4516=CARTESIAN_POINT('Origin',(0.166499999999999,1.77127208449641,3.1275));
#4517=CARTESIAN_POINT('',(0.166499999999999,0.401272084496413,3.1275));
#4518=CARTESIAN_POINT('',(-4.9025,0.401272084496413,3.1275));
#4519=CARTESIAN_POINT('',(0.166499999999999,1.77127208449641,3.1275));
#4520=CARTESIAN_POINT('Origin',(0.166499999999999,1.77127208449641,2.4425));
#4521=CARTESIAN_POINT('',(0.166499999999999,0.401272084496413,2.4425));
#4522=CARTESIAN_POINT('',(0.166499999999999,0.401272084496413,3.1275));
#4523=CARTESIAN_POINT('',(0.166499999999999,1.77127208449641,2.4425));
#4524=CARTESIAN_POINT('Origin',(-2.368,0.401272084496413,2.785));
#4525=CARTESIAN_POINT('',(-4.9025,0.401272084496413,2.4425));
#4526=CARTESIAN_POINT('Origin',(0.166499999999999,1.77127208449641,-11.9425));
#4527=CARTESIAN_POINT('',(0.166499999999999,4.51127208449641,-11.9425));
#4528=CARTESIAN_POINT('',(0.166499999999999,1.77127208449641,-11.9425));
#4529=CARTESIAN_POINT('',(-4.9025,4.51127208449641,-11.9425));
#4530=CARTESIAN_POINT('',(0.166499999999999,4.51127208449641,-11.9425));
#4531=CARTESIAN_POINT('',(-4.9025,1.77127208449641,-11.9425));
#4532=CARTESIAN_POINT('Origin',(0.166499999999999,1.77127208449641,-11.2575));
#4533=CARTESIAN_POINT('',(0.166499999999999,4.51127208449641,-11.2575));
#4534=CARTESIAN_POINT('',(0.166499999999999,1.77127208449641,-11.2575));
#4535=CARTESIAN_POINT('',(0.166499999999999,4.51127208449641,3.1275));
#4536=CARTESIAN_POINT('Origin',(-4.9025,1.77127208449641,-11.2575));
#4537=CARTESIAN_POINT('',(-4.9025,4.51127208449641,-11.2575));
#4538=CARTESIAN_POINT('',(-4.9025,1.77127208449641,-11.2575));
#4539=CARTESIAN_POINT('',(-4.9025,4.51127208449641,-11.2575));
#4540=CARTESIAN_POINT('Origin',(-4.9025,1.77127208449641,-11.9425));
#4541=CARTESIAN_POINT('',(-4.9025,4.51127208449641,3.1275));
#4542=CARTESIAN_POINT('Origin',(-2.368,4.51127208449641,-11.6));
#4543=CARTESIAN_POINT('Origin',(0.166499999999999,1.77127208449641,-5.0925));
#4544=CARTESIAN_POINT('',(0.166499999999999,4.51127208449641,-5.0925));
#4545=CARTESIAN_POINT('',(0.166499999999999,1.77127208449641,-5.0925));
#4546=CARTESIAN_POINT('',(-4.9025,4.51127208449641,-5.0925));
#4547=CARTESIAN_POINT('',(0.166499999999999,4.51127208449641,-5.0925));
#4548=CARTESIAN_POINT('',(-4.9025,1.77127208449641,-5.0925));
#4549=CARTESIAN_POINT('Origin',(0.166499999999999,1.77127208449641,-4.4075));
#4550=CARTESIAN_POINT('',(0.166499999999999,4.51127208449641,-4.4075));
#4551=CARTESIAN_POINT('',(0.166499999999999,1.77127208449641,-4.4075));
#4552=CARTESIAN_POINT('',(0.166499999999999,4.51127208449641,3.1275));
#4553=CARTESIAN_POINT('Origin',(-4.9025,1.77127208449641,-4.4075));
#4554=CARTESIAN_POINT('',(-4.9025,4.51127208449641,-4.4075));
#4555=CARTESIAN_POINT('',(-4.9025,1.77127208449641,-4.4075));
#4556=CARTESIAN_POINT('',(-4.9025,4.51127208449641,-4.4075));
#4557=CARTESIAN_POINT('Origin',(-4.9025,1.77127208449641,-5.0925));
#4558=CARTESIAN_POINT('',(-4.9025,4.51127208449641,3.1275));
#4559=CARTESIAN_POINT('Origin',(-2.368,4.51127208449641,-4.75));
#4560=CARTESIAN_POINT('Origin',(0.166499999999999,1.77127208449641,1.7575));
#4561=CARTESIAN_POINT('',(0.166499999999999,4.51127208449641,1.7575));
#4562=CARTESIAN_POINT('',(0.166499999999999,1.77127208449641,1.7575));
#4563=CARTESIAN_POINT('',(-4.9025,4.51127208449641,1.7575));
#4564=CARTESIAN_POINT('',(0.166499999999999,4.51127208449641,1.7575));
#4565=CARTESIAN_POINT('',(-4.9025,1.77127208449641,1.7575));
#4566=CARTESIAN_POINT('Origin',(0.166499999999999,1.77127208449641,2.4425));
#4567=CARTESIAN_POINT('',(0.166499999999999,4.51127208449641,2.4425));
#4568=CARTESIAN_POINT('',(0.166499999999999,1.77127208449641,2.4425));
#4569=CARTESIAN_POINT('',(0.166499999999999,4.51127208449641,3.1275));
#4570=CARTESIAN_POINT('Origin',(-4.9025,1.77127208449641,2.4425));
#4571=CARTESIAN_POINT('',(-4.9025,4.51127208449641,2.4425));
#4572=CARTESIAN_POINT('',(-4.9025,1.77127208449641,2.4425));
#4573=CARTESIAN_POINT('',(-4.9025,4.51127208449641,2.4425));
#4574=CARTESIAN_POINT('Origin',(-4.9025,1.77127208449641,1.7575));
#4575=CARTESIAN_POINT('',(-4.9025,4.51127208449641,3.1275));
#4576=CARTESIAN_POINT('Origin',(-2.368,4.51127208449641,2.1));
#4577=CARTESIAN_POINT('Origin',(-2.368,18.4167720844964,-4.75));
#4578=CARTESIAN_POINT('',(8.7975,18.0742720844964,-4.75));
#4579=CARTESIAN_POINT('Origin',(-2.368,18.0742720844964,-4.75));
#4580=CARTESIAN_POINT('',(8.1125,18.7592720844964,-4.75));
#4581=CARTESIAN_POINT('',(8.455,18.4167720844964,-4.75));
#4582=CARTESIAN_POINT('Origin',(-2.368,18.7592720844964,-4.75));
#4583=CARTESIAN_POINT('Origin',(-2.368,16.7042720844964,-4.75));
#4584=CARTESIAN_POINT('',(8.7975,16.7042720844964,-4.75));
#4585=CARTESIAN_POINT('',(8.7975,16.7042720844964,-4.75));
#4586=CARTESIAN_POINT('Origin',(-2.368,16.7042720844964,-4.75));
#4587=CARTESIAN_POINT('Origin',(-2.368,18.7592720844964,-4.75));
#4588=CARTESIAN_POINT('Origin',(0.303499999999999,9.23777208449641,5.79899999999999));
#4589=CARTESIAN_POINT('',(0.303499999999999,3.14127208449641,4.31765111536609));
#4590=CARTESIAN_POINT('',(0.303499999999999,1.77127208449641,4.31765111536609));
#4591=CARTESIAN_POINT('',(0.303499999999999,3.14127208449641,4.703));
#4592=CARTESIAN_POINT('',(0.303499999999999,3.14127208449641,4.27775255370715));
#4593=CARTESIAN_POINT('',(0.303499999999999,12.9705699775168,5.52499999999997));
#4594=CARTESIAN_POINT('',(0.303499999999999,3.14127208449641,4.703));
#4595=CARTESIAN_POINT('',(0.303499999999999,16.7042720844964,4.703));
#4596=CARTESIAN_POINT('',(0.303499999999999,16.7042720844964,4.703));
#4597=CARTESIAN_POINT('',(0.303499999999999,16.7042720844964,6.073));
#4598=CARTESIAN_POINT('',(0.303499999999999,16.7042720844964,0.52449999999999));
#4599=CARTESIAN_POINT('',(0.303499999999999,16.6748160067771,5.9392041125991));
#4600=CARTESIAN_POINT('',(0.303499999999999,16.5029228065356,5.15842795211517));
#4601=CARTESIAN_POINT('',(0.303499999999999,16.6205008033231,5.95116197532087));
#4602=CARTESIAN_POINT('',(0.303499999999999,12.2094897579933,6.92227616048392));
#4603=CARTESIAN_POINT('',(0.303499999999999,16.5161609936414,6.11441394044099));
#4604=CARTESIAN_POINT('Origin',(0.303499999999999,16.4867049159221,5.98061805304007));
#4605=CARTESIAN_POINT('',(0.303499999999999,16.4492630499409,6.12914197930059));
#4606=CARTESIAN_POINT('',(0.303499999999999,16.7042720844964,6.073));
#4607=CARTESIAN_POINT('',(0.303499999999999,16.2860110848208,6.02480216961889));
#4608=CARTESIAN_POINT('Origin',(0.303499999999999,16.4198069722217,5.99534609189968));
#4609=CARTESIAN_POINT('',(0.303499999999999,15.9515213663185,6.09844236391691));
#4610=CARTESIAN_POINT('',(0.303499999999999,12.8648903941343,6.77798523756834));
#4611=CARTESIAN_POINT('',(0.303499999999999,15.8471815566367,6.26169432903703));
#4612=CARTESIAN_POINT('Origin',(0.303499999999999,15.8177254789176,6.12789844163611));
#4613=CARTESIAN_POINT('',(0.303499999999999,15.7802836129363,6.27642236789663));
#4614=CARTESIAN_POINT('',(0.303499999999999,16.7042720844964,6.073));
#4615=CARTESIAN_POINT('',(0.303499999999999,15.6170316478161,6.17208255821493));
#4616=CARTESIAN_POINT('Origin',(0.303499999999999,15.750827535217,6.14262648049571));
#4617=CARTESIAN_POINT('',(0.303499999999999,15.2825419293139,6.24572275251294));
#4618=CARTESIAN_POINT('',(0.303499999999999,12.530400675632,6.85162543186635));
#4619=CARTESIAN_POINT('',(0.303499999999999,15.1782021196321,6.40897471763306));
#4620=CARTESIAN_POINT('Origin',(0.303499999999999,15.148746041913,6.27517883023214));
#4621=CARTESIAN_POINT('',(0.303499999999999,15.1113041759317,6.42370275649266));
#4622=CARTESIAN_POINT('',(0.303499999999999,16.7042720844964,6.073));
#4623=CARTESIAN_POINT('',(0.303499999999999,14.9480522108115,6.31936294681096));
#4624=CARTESIAN_POINT('Origin',(0.303499999999999,15.0818480982125,6.28990686909174));
#4625=CARTESIAN_POINT('',(0.303499999999999,14.6135624923092,6.39300314110898));
#4626=CARTESIAN_POINT('',(0.303499999999999,12.1959109571296,6.92526562616437));
#4627=CARTESIAN_POINT('',(0.303499999999999,14.5092226826275,6.55625510622909));
#4628=CARTESIAN_POINT('Origin',(0.303499999999999,14.4797666049083,6.42245921882818));
#4629=CARTESIAN_POINT('',(0.303499999999999,14.442324738927,6.5709831450887));
#4630=CARTESIAN_POINT('',(0.303499999999999,16.7042720844964,6.073));
#4631=CARTESIAN_POINT('',(0.303499999999999,14.279072773807,6.46664333540699));
#4632=CARTESIAN_POINT('Origin',(0.303499999999999,14.4128686612079,6.43718725768777));
#4633=CARTESIAN_POINT('',(0.303499999999999,13.9445830553046,6.54028352970501));
#4634=CARTESIAN_POINT('',(0.303499999999999,11.8614212386274,6.99890582046239));
#4635=CARTESIAN_POINT('',(0.303499999999999,13.840243245623,6.70353549482513));
#4636=CARTESIAN_POINT('Origin',(0.303499999999999,13.8107871679037,6.5697396074242));
#4637=CARTESIAN_POINT('',(0.303499999999999,13.7733453019224,6.71826353368473));
#4638=CARTESIAN_POINT('',(0.303499999999999,16.7042720844964,6.073));
#4639=CARTESIAN_POINT('',(0.303499999999999,13.6100933368024,6.61392372400302));
#4640=CARTESIAN_POINT('Origin',(0.303499999999999,13.7438892242033,6.58446764628381));
#4641=CARTESIAN_POINT('',(0.303499999999999,13.2756036183,6.68756391830104));
#4642=CARTESIAN_POINT('',(0.303499999999999,11.5269315201251,7.07254601476041));
#4643=CARTESIAN_POINT('',(0.303499999999999,13.1712638086183,6.85081588342115));
#4644=CARTESIAN_POINT('Origin',(0.303499999999999,13.1418077308991,6.71701999602024));
#4645=CARTESIAN_POINT('',(0.303499999999999,12.970569977517,6.89499999999996));
#4646=CARTESIAN_POINT('',(0.303499999999999,16.7042720844964,6.073));
#4647=CARTESIAN_POINT('',(0.303499999999999,12.970569977517,6.89499999999996));
#4648=CARTESIAN_POINT('Origin',(-5.0395,3.14127208449641,4.13600340494285));
#4649=CARTESIAN_POINT('',(-2.368,3.14127208449641,4.703));
#4650=CARTESIAN_POINT('Origin',(-2.368,3.14127208449641,-4.75));
#4651=CARTESIAN_POINT('',(-2.368,3.14127208449641,4.703));
#4652=CARTESIAN_POINT('Origin',(-5.0395,3.14127208449641,4.13600340494285));
#4653=CARTESIAN_POINT('Origin',(-2.368,3.14127208449641,-4.75));
#4654=CARTESIAN_POINT('',(-2.368,3.14127208449641,4.703));
#4655=CARTESIAN_POINT('Origin',(-3.70375,13.1418077308991,6.71701999602024));
#4656=CARTESIAN_POINT('',(0.303499999999999,13.2756036183,6.68756391830104));
#4657=CARTESIAN_POINT('',(-3.70375,13.1712638086183,6.85081588342115));
#4658=CARTESIAN_POINT('Origin',(-2.368,16.7042720844964,6.073));
#4659=CARTESIAN_POINT('',(-2.368,12.970569977517,6.89499999999997));
#4660=CARTESIAN_POINT('Origin',(-1.03225,13.7438892242033,6.58446764628381));
#4661=CARTESIAN_POINT('',(0.303499999999999,13.6100933368024,6.61392372400302));
#4662=CARTESIAN_POINT('',(-1.03225,13.7733453019224,6.71826353368473));
#4663=CARTESIAN_POINT('Origin',(-2.368,16.7042720844964,6.073));
#4664=CARTESIAN_POINT('',(-3.70375,13.840243245623,6.70353549482513));
#4665=CARTESIAN_POINT('Origin',(-3.70375,13.8107871679037,6.5697396074242));
#4666=CARTESIAN_POINT('',(0.303499999999999,13.9445830553046,6.54028352970501));
#4667=CARTESIAN_POINT('Origin',(-1.03225,14.4128686612079,6.43718725768777));
#4668=CARTESIAN_POINT('',(0.303499999999999,14.279072773807,6.46664333540699));
#4669=CARTESIAN_POINT('',(-1.03225,14.442324738927,6.5709831450887));
#4670=CARTESIAN_POINT('Origin',(-2.368,16.7042720844964,6.073));
#4671=CARTESIAN_POINT('',(-3.70375,14.5092226826275,6.55625510622909));
#4672=CARTESIAN_POINT('Origin',(-3.70375,14.4797666049083,6.42245921882818));
#4673=CARTESIAN_POINT('',(0.303499999999999,14.6135624923092,6.39300314110898));
#4674=CARTESIAN_POINT('Origin',(-1.03225,15.0818480982125,6.28990686909174));
#4675=CARTESIAN_POINT('',(0.303499999999999,14.9480522108115,6.31936294681096));
#4676=CARTESIAN_POINT('',(-1.03225,15.1113041759317,6.42370275649266));
#4677=CARTESIAN_POINT('Origin',(-2.368,16.7042720844964,6.073));
#4678=CARTESIAN_POINT('',(-3.70375,15.1782021196321,6.40897471763306));
#4679=CARTESIAN_POINT('Origin',(-3.70375,15.148746041913,6.27517883023214));
#4680=CARTESIAN_POINT('',(0.303499999999999,15.2825419293139,6.24572275251294));
#4681=CARTESIAN_POINT('Origin',(-1.03225,15.750827535217,6.14262648049571));
#4682=CARTESIAN_POINT('',(0.303499999999999,15.6170316478161,6.17208255821493));
#4683=CARTESIAN_POINT('',(-1.03225,15.7802836129363,6.27642236789663));
#4684=CARTESIAN_POINT('Origin',(-2.368,16.7042720844964,6.073));
#4685=CARTESIAN_POINT('',(-3.70375,15.8471815566367,6.26169432903703));
#4686=CARTESIAN_POINT('Origin',(-3.70375,15.8177254789176,6.12789844163611));
#4687=CARTESIAN_POINT('',(0.303499999999999,15.9515213663185,6.09844236391691));
#4688=CARTESIAN_POINT('Origin',(-1.03225,16.4198069722217,5.99534609189968));
#4689=CARTESIAN_POINT('',(0.303499999999999,16.2860110848208,6.02480216961889));
#4690=CARTESIAN_POINT('',(-1.03225,16.4492630499409,6.12914197930059));
#4691=CARTESIAN_POINT('Origin',(-3.70375,16.4867049159221,5.98061805304007));
#4692=CARTESIAN_POINT('',(0.303499999999999,16.6205008033231,5.95116197532087));
#4693=CARTESIAN_POINT('',(-3.70375,16.5161609936414,6.11441394044099));
#4694=CARTESIAN_POINT('Origin',(-2.368,15.4497867885649,6.20890265536393));
#4695=CARTESIAN_POINT('Origin',(-2.368,13.4428484775512,6.65074382115204));
#4696=CARTESIAN_POINT('Origin',(-2.368,16.1187662255697,6.06162226676791));
#4697=CARTESIAN_POINT('Origin',(-2.368,14.7808073515604,6.35618304395997));
#4698=CARTESIAN_POINT('Origin',(-2.368,14.1118279145558,6.503463432556));
#4699=CARTESIAN_POINT('Origin',(0.303499999999999,16.7042720844964,6.07300000000001));
#4700=CARTESIAN_POINT('',(-1.03225000000001,16.7042720844964,6.07300000000001));
#4701=CARTESIAN_POINT('',(-5.0395,16.6748160067773,5.9392041125991));
#4702=CARTESIAN_POINT('Origin',(-2.368,14.8079649532875,6.35020411259907));
#4703=CARTESIAN_POINT('Origin',(-2.368,16.7042720844964,6.073));
#4704=CARTESIAN_POINT('Origin',(-2.368,12.9705699775168,5.52499999999997));
#4705=CARTESIAN_POINT('',(-2.368,16.7042720844964,4.703));
#4706=CARTESIAN_POINT('',(-2.368,16.7042720844964,4.703));
#4707=CARTESIAN_POINT('',(-2.368,12.9705699775168,5.52499999999997));
#4708=CARTESIAN_POINT('',(-2.368,16.7042720844964,4.703));
#4709=CARTESIAN_POINT('Origin',(-2.368,3.14127208449641,4.703));
#4710=CARTESIAN_POINT('Origin',(-2.368,12.970569977517,6.89499999999997));
#4711=CARTESIAN_POINT('Origin',(-2.368,16.7042720844964,-4.75));
#4712=CARTESIAN_POINT('',(-2.368,16.7042720844964,-14.203));
#4713=CARTESIAN_POINT('Origin',(-2.368,16.7042720844964,-4.75));
#4714=CARTESIAN_POINT('',(7.085,16.7042720844964,-4.75));
#4715=CARTESIAN_POINT('Origin',(-2.368,16.7042720844964,-4.75));
#4716=CARTESIAN_POINT('Origin',(-2.368,16.7042720844964,-4.75));
#4717=CARTESIAN_POINT('',(-2.368,16.7042720844964,-14.203));
#4718=CARTESIAN_POINT('',(-1.03225000000001,16.7042720844964,-15.573));
#4719=CARTESIAN_POINT('',(-2.368,16.7042720844964,-14.203));
#4720=CARTESIAN_POINT('Origin',(-5.0395,3.14127208449641,-13.6360034049429));
#4721=CARTESIAN_POINT('',(-2.368,3.14127208449641,-14.203));
#4722=CARTESIAN_POINT('Origin',(-2.368,3.14127208449641,-4.75));
#4723=CARTESIAN_POINT('',(-2.368,3.14127208449641,-14.203));
#4724=CARTESIAN_POINT('Origin',(-3.70375,13.1418077308991,-16.2170199960202));
#4725=CARTESIAN_POINT('',(-3.70375,13.1712638086183,-16.3508158834211));
#4726=CARTESIAN_POINT('',(0.303499999999999,13.2756036183,-16.1875639183011));
#4727=CARTESIAN_POINT('Origin',(-2.368,16.7042720844964,-15.573));
#4728=CARTESIAN_POINT('Origin',(-1.03225,13.7438892242033,-16.0844676462838));
#4729=CARTESIAN_POINT('',(-1.03225,13.7733453019224,-16.2182635336847));
#4730=CARTESIAN_POINT('',(0.303499999999999,13.6100933368024,-16.113923724003));
#4731=CARTESIAN_POINT('Origin',(-2.368,16.7042720844964,-15.573));
#4732=CARTESIAN_POINT('',(-3.70374999999999,13.840243245623,-16.2035354948252));
#4733=CARTESIAN_POINT('Origin',(-3.70374999999999,13.8107871679037,-16.0697396074243));
#4734=CARTESIAN_POINT('',(0.303499999999999,13.9445830553046,-16.040283529705));
#4735=CARTESIAN_POINT('Origin',(-1.03225,14.4128686612079,-15.9371872576878));
#4736=CARTESIAN_POINT('',(-1.03225,14.442324738927,-16.0709831450887));
#4737=CARTESIAN_POINT('',(0.303499999999999,14.279072773807,-15.966643335407));
#4738=CARTESIAN_POINT('Origin',(-2.368,16.7042720844964,-15.573));
#4739=CARTESIAN_POINT('',(-3.70374999999999,14.5092226826275,-16.0562551062291));
#4740=CARTESIAN_POINT('Origin',(-3.70374999999999,14.4797666049083,-15.9224592188282));
#4741=CARTESIAN_POINT('',(0.303500000000013,14.6135624923092,-15.8930031411089));
#4742=CARTESIAN_POINT('Origin',(-1.03225,15.0818480982125,-15.7899068690918));
#4743=CARTESIAN_POINT('',(-1.03225,15.1113041759317,-15.9237027564927));
#4744=CARTESIAN_POINT('',(0.303500000000013,14.9480522108115,-15.819362946811));
#4745=CARTESIAN_POINT('Origin',(-2.368,16.7042720844964,-15.573));
#4746=CARTESIAN_POINT('',(-3.70374999999999,15.1782021196321,-15.908974717633));
#4747=CARTESIAN_POINT('Origin',(-3.70374999999999,15.148746041913,-15.7751788302321));
#4748=CARTESIAN_POINT('',(0.303500000000013,15.2825419293139,-15.745722752513));
#4749=CARTESIAN_POINT('Origin',(-1.03224999999999,15.750827535217,-15.6426264804957));
#4750=CARTESIAN_POINT('',(-1.03224999999999,15.7802836129363,-15.7764223678966));
#4751=CARTESIAN_POINT('',(0.303500000000013,15.6170316478161,-15.672082558215));
#4752=CARTESIAN_POINT('Origin',(-2.368,16.7042720844964,-15.573));
#4753=CARTESIAN_POINT('',(-3.70374999999999,15.8471815566367,-15.761694329037));
#4754=CARTESIAN_POINT('Origin',(-3.70374999999999,15.8177254789176,-15.6278984416361));
#4755=CARTESIAN_POINT('',(0.303500000000013,15.9515213663185,-15.5984423639169));
#4756=CARTESIAN_POINT('Origin',(-1.03224999999999,16.4198069722217,-15.4953460918996));
#4757=CARTESIAN_POINT('',(-1.03224999999999,16.4492630499409,-15.6291419793005));
#4758=CARTESIAN_POINT('',(0.303500000000013,16.2860110848208,-15.5248021696189));
#4759=CARTESIAN_POINT('Origin',(-3.70374999999999,16.4867049159221,-15.4806180530401));
#4760=CARTESIAN_POINT('',(-3.70374999999999,16.5161609936414,-15.614413940441));
#4761=CARTESIAN_POINT('',(0.303500000000013,16.6205008033231,-15.4511619753209));
#4762=CARTESIAN_POINT('Origin',(-2.36799999999999,15.4497867885649,-15.7089026553639));
#4763=CARTESIAN_POINT('Origin',(-2.368,13.4428484775512,-16.150743821152));
#4764=CARTESIAN_POINT('Origin',(-2.36799999999999,16.1187662255697,-15.5616222667678));
#4765=CARTESIAN_POINT('Origin',(-2.36799999999999,14.7808073515604,-15.85618304396));
#4766=CARTESIAN_POINT('Origin',(-2.36799999999999,14.1118279145558,-16.003463432556));
#4767=CARTESIAN_POINT('Origin',(0.303499999999999,16.7042720844964,-15.573));
#4768=CARTESIAN_POINT('',(-5.0395,16.6748160067773,-15.4392041125991));
#4769=CARTESIAN_POINT('Origin',(-2.368,14.8079649532875,-15.8502041125991));
#4770=CARTESIAN_POINT('Origin',(-2.368,16.7042720844964,-15.573));
#4771=CARTESIAN_POINT('Origin',(-5.0395,3.14127208449641,-13.6360034049429));
#4772=CARTESIAN_POINT('Origin',(-2.368,3.14127208449641,-4.75));
#4773=CARTESIAN_POINT('',(-2.368,3.14127208449641,-14.203));
#4774=CARTESIAN_POINT('Origin',(-2.368,12.9705699775168,-15.025));
#4775=CARTESIAN_POINT('',(-2.368,12.9705699775168,-15.025));
#4776=CARTESIAN_POINT('Origin',(-2.368,3.14127208449641,-14.203));
#4777=CARTESIAN_POINT('Origin',(-2.368,1.77127208449641,-4.75));
#4778=CARTESIAN_POINT('',(7.085,1.77127208449641,-4.75));
#4779=CARTESIAN_POINT('Origin',(-2.368,17.3892720844964,4.018));
#4780=CARTESIAN_POINT('',(6.4,17.3892720844964,-4.75));
#4781=CARTESIAN_POINT('Origin',(-2.368,17.3892720844964,-4.75));
#4782=CARTESIAN_POINT('Origin',(-2.368,47.087799321366,1.43297441389792));
#4783=CARTESIAN_POINT('',(-2.02550700123375,21.8626095467951,-9.83415269962627));
#4784=CARTESIAN_POINT('',(-2.02550700123375,20.8752175527004,-7.29393280323491));
#4785=CARTESIAN_POINT('Origin',(-2.02550700123375,47.087799321366,1.43297441389792));
#4786=CARTESIAN_POINT('',(-2.71050700123375,21.8626095467951,-9.83415269962627));
#4787=CARTESIAN_POINT('',(-2.71050700123375,21.8626095467951,-9.83415269962627));
#4788=CARTESIAN_POINT('',(-2.71050700123375,20.8752175527004,-7.29393280323491));
#4789=CARTESIAN_POINT('Origin',(-2.71050700123375,47.087799321366,1.43297441389792));
#4790=CARTESIAN_POINT('',(-2.02550700123375,20.8752175527004,-7.29393280323491));
#4791=CARTESIAN_POINT('Origin',(-2.02550700123375,21.2098782419302,-8.62586030901315));
#4792=CARTESIAN_POINT('',(-2.02550700123375,21.7375205162883,-9.89002518343408));
#4793=CARTESIAN_POINT('',(-2.02550700123375,20.7452321504169,-7.33720860701955));
#4794=CARTESIAN_POINT('Origin',(-2.02550700123375,47.087799321366,1.43297441389792));
#4795=CARTESIAN_POINT('',(-2.02550700123375,21.7375205162883,-9.89002518343408));
#4796=CARTESIAN_POINT('',(-2.02550700123375,20.7452321504169,-7.33720860701955));
#4797=CARTESIAN_POINT('Origin',(-2.36800700123375,21.7375205162883,-9.89002518343408));
#4798=CARTESIAN_POINT('',(-2.71050700123375,21.7375205162883,-9.89002518343408));
#4799=CARTESIAN_POINT('',(-2.368,21.7375205162883,-9.89002518343408));
#4800=CARTESIAN_POINT('',(-2.71050700123375,21.7375205162883,-9.89002518343408));
#4801=CARTESIAN_POINT('Origin',(-2.71050700123375,21.2098782419302,-8.62586030901315));
#4802=CARTESIAN_POINT('',(-2.71050700123375,20.7452321504169,-7.33720860701955));
#4803=CARTESIAN_POINT('Origin',(-2.71050700123375,47.087799321366,1.43297441389792));
#4804=CARTESIAN_POINT('',(-2.71050700123375,20.7452321504169,-7.33720860701955));
#4805=CARTESIAN_POINT('Origin',(-2.36800700123375,20.7452321504169,-7.33720860701955));
#4806=CARTESIAN_POINT('',(-2.368,20.7452321504169,-7.33720860701955));
#4807=CARTESIAN_POINT('Origin',(-2.368,47.087799321366,1.43297441389792));
#4808=CARTESIAN_POINT('',(-3.73800700123374,19.537640846085,-0.627879909514414));
#4809=CARTESIAN_POINT('Ctrl Pts',(-3.73800700123374,19.537640846085,-0.627879909514417));
#4810=CARTESIAN_POINT('Ctrl Pts',(-3.73800700123374,19.5312208369247,-0.542055177621121));
#4811=CARTESIAN_POINT('Ctrl Pts',(-3.7292831686904,19.5252117675493,-0.456273912682653));
#4812=CARTESIAN_POINT('Ctrl Pts',(-3.71251943735523,19.5196915677039,-0.371959778226837));
#4813=CARTESIAN_POINT('Ctrl Pts',(-3.69504500912672,19.5139373394789,-0.284071153568095));
#4814=CARTESIAN_POINT('Ctrl Pts',(-3.6688345301845,19.5087143496041,-0.197776783496349));
#4815=CARTESIAN_POINT('Ctrl Pts',(-3.63466266008595,19.504052642556,-0.114692124690135));
#4816=CARTESIAN_POINT('Ctrl Pts',(-3.59874730133416,19.4991530897793,-0.0273683897236466));
#4817=CARTESIAN_POINT('Ctrl Pts',(-3.55403742773819,19.4948731428213,0.0564096357247821));
#4818=CARTESIAN_POINT('Ctrl Pts',(-3.50143242353099,19.4911871288028,0.134764858895693));
#4819=CARTESIAN_POINT('Ctrl Pts',(-3.43878799147826,19.4867976556299,0.228073823088014));
#4820=CARTESIAN_POINT('Ctrl Pts',(-3.36494737220394,19.4832497451989,0.313692436081458));
#4821=CARTESIAN_POINT('Ctrl Pts',(-3.28142940393532,19.4804212478323,0.388451335933912));
#4822=CARTESIAN_POINT('Ctrl Pts',(-3.26244256195112,19.4797782217427,0.405446905244771));
#4823=CARTESIAN_POINT('Ctrl Pts',(-3.24295556793919,19.4791721512657,0.421881224387336));
#4824=CARTESIAN_POINT('Ctrl Pts',(-3.22298626745068,19.4786012999548,0.437717075351121));
#4825=CARTESIAN_POINT('Ctrl Pts',(-3.14321626773379,19.476320959242,0.500975466781729));
#4826=CARTESIAN_POINT('Ctrl Pts',(-3.0557500640199,19.4745986174834,0.554681395528614));
#4827=CARTESIAN_POINT('Ctrl Pts',(-2.96319110595227,19.4732818914362,0.598241122641678));
#4828=CARTESIAN_POINT('Ctrl Pts',(-2.8759411041537,19.4720406895863,0.639302369962364));
#4829=CARTESIAN_POINT('Ctrl Pts',(-2.78416580935702,19.4711596628563,0.671348041710875));
#4830=CARTESIAN_POINT('Ctrl Pts',(-2.69004589254262,19.4705565745052,0.693883339409555));
#4831=CARTESIAN_POINT('Ctrl Pts',(-2.59910257565951,19.4699738407238,0.715658058183561));
#4832=CARTESIAN_POINT('Ctrl Pts',(-2.50597023061273,19.4696502779097,0.728553564555566));
#4833=CARTESIAN_POINT('Ctrl Pts',(-2.41261609995275,19.4695596453164,0.732125106482638));
#4834=CARTESIAN_POINT('Ctrl Pts',(-2.3231323531905,19.4694727702743,0.735548575279288));
#4835=CARTESIAN_POINT('Ctrl Pts',(-2.23344482968691,19.4695997422095,0.730405182710305));
#4836=CARTESIAN_POINT('Ctrl Pts',(-2.1452860953824,19.4699656485107,0.716304494112543));
#4837=CARTESIAN_POINT('Ctrl Pts',(-2.11767274762559,19.4700802587988,0.711887833404648));
#4838=CARTESIAN_POINT('Ctrl Pts',(-2.09020938735888,19.4702186885075,0.706592394007253));
#4839=CARTESIAN_POINT('Ctrl Pts',(-2.06294925616049,19.4703827807501,0.700406207149558));
#4840=CARTESIAN_POINT('Ctrl Pts',(-1.96417627727003,19.4709773442717,0.677991490967133));
#4841=CARTESIAN_POINT('Ctrl Pts',(-1.86807142383613,19.4719045221712,0.6438853757982));
#4842=CARTESIAN_POINT('Ctrl Pts',(-1.7766800413116,19.4732379639061,0.5996955947097));
#4843=CARTESIAN_POINT('Ctrl Pts',(-1.63790628247582,19.4752627360086,0.532595373065326));
#4844=CARTESIAN_POINT('Ctrl Pts',(-1.51000040879102,19.4782270494596,0.442244521242423));
#4845=CARTESIAN_POINT('Ctrl Pts',(-1.40012340887473,19.482523933632,0.334282772538883));
#4846=CARTESIAN_POINT('Ctrl Pts',(-1.31699157308607,19.485774913088,0.252599996602905));
#4847=CARTESIAN_POINT('Ctrl Pts',(-1.24417997628076,19.4897935588294,0.160836588735021));
#4848=CARTESIAN_POINT('Ctrl Pts',(-1.18478999657313,19.4947341606547,0.0614396559833512));
#4849=CARTESIAN_POINT('Ctrl Pts',(-1.16568305950446,19.4963236504748,0.0294616868334325));
#4850=CARTESIAN_POINT('Ctrl Pts',(-1.14796530920183,19.4980082027762,-0.00330635593764878));
#4851=CARTESIAN_POINT('Ctrl Pts',(-1.13174001904894,19.4997916748329,-0.0367829301075688));
#4852=CARTESIAN_POINT('Ctrl Pts',(-1.09410497492433,19.5039284914271,-0.114432841705741));
#4853=CARTESIAN_POINT('Ctrl Pts',(-1.06449969254087,19.508601636135,-0.195900235079091));
#4854=CARTESIAN_POINT('Ctrl Pts',(-1.04291053060659,19.5137971217716,-0.279554491606532));
#4855=CARTESIAN_POINT('Ctrl Pts',(-1.02209400084775,19.5188066715492,-0.360214932514691));
#4856=CARTESIAN_POINT('Ctrl Pts',(-1.00873009713349,19.5243020007321,-0.44290842554836));
#4857=CARTESIAN_POINT('Ctrl Pts',(-1.00280659096491,19.5302216897749,-0.526175308368299));
#4858=CARTESIAN_POINT('Ctrl Pts',(-0.996896026288338,19.5361284456652,-0.609260272292957));
#4859=CARTESIAN_POINT('Ctrl Pts',(-0.998393383573873,19.5424578110037,-0.692916038139507));
#4860=CARTESIAN_POINT('Ctrl Pts',(-1.00728651429698,19.5490969541531,-0.775695884152398));
#4861=CARTESIAN_POINT('Ctrl Pts',(-1.01641423102065,19.555911226859,-0.86065932485298));
#4862=CARTESIAN_POINT('Ctrl Pts',(-1.03333304369485,19.5630518720204,-0.944699937129363));
#4863=CARTESIAN_POINT('Ctrl Pts',(-1.05802981683898,19.5703407467117,-1.02625842331203));
#4864=CARTESIAN_POINT('Ctrl Pts',(-1.07791212995314,19.5762087071945,-1.09191766348631));
#4865=CARTESIAN_POINT('Ctrl Pts',(-1.10283547123945,19.5821714990592,-1.15596829253253));
#4866=CARTESIAN_POINT('Ctrl Pts',(-1.13279298698266,19.5881118500576,-1.21759939865518));
#4867=CARTESIAN_POINT('Ctrl Pts',(-1.18140811927258,19.597751866677,-1.31761451349345));
#4868=CARTESIAN_POINT('Ctrl Pts',(-1.24328068981566,19.6073340546655,-1.41126662729228));
#4869=CARTESIAN_POINT('Ctrl Pts',(-1.31568872452118,19.6164094074251,-1.49637513022495));
#4870=CARTESIAN_POINT('Ctrl Pts',(-1.41162732409292,19.6284339933419,-1.609141491254));
#4871=CARTESIAN_POINT('Ctrl Pts',(-1.52606145889042,19.6395642910603,-1.7069092173293));
#4872=CARTESIAN_POINT('Ctrl Pts',(-1.65265966944489,19.6486776055924,-1.7846259376668));
#4873=CARTESIAN_POINT('Ctrl Pts',(-1.74192248980318,19.6551032900818,-1.83942302852565));
#4874=CARTESIAN_POINT('Ctrl Pts',(-1.83723266137031,19.660523303959,-1.88425246602161));
#4875=CARTESIAN_POINT('Ctrl Pts',(-1.93637079762505,19.6645660469205,-1.91734338159082));
#4876=CARTESIAN_POINT('Ctrl Pts',(-1.977836673177,19.6662569792182,-1.93118410765982));
#4877=CARTESIAN_POINT('Ctrl Pts',(-2.01997222992171,19.6677074655902,-1.94297120344357));
#4878=CARTESIAN_POINT('Ctrl Pts',(-2.06261506891044,19.6688932683623,-1.95257478999578));
#4879=CARTESIAN_POINT('Ctrl Pts',(-2.14903565551469,19.6712964331983,-1.97203755567998));
#4880=CARTESIAN_POINT('Ctrl Pts',(-2.23753973422806,19.6726085878433,-1.9825304381006));
#4881=CARTESIAN_POINT('Ctrl Pts',(-2.32641586137831,19.6728495313011,-1.98446330516138));
#4882=CARTESIAN_POINT('Ctrl Pts',(-2.42017144556779,19.6731037029823,-1.98650229005254));
#4883=CARTESIAN_POINT('Ctrl Pts',(-2.51434105186265,19.6721659179776,-1.9790155284012));
#4884=CARTESIAN_POINT('Ctrl Pts',(-2.60691559356626,19.6701177515729,-1.96247693943517));
#4885=CARTESIAN_POINT('Ctrl Pts',(-2.70292301815613,19.6679936343152,-1.94532506048703));
#4886=CARTESIAN_POINT('Ctrl Pts',(-2.79721488724594,19.6646756277894,-1.91843749750386));
#4887=CARTESIAN_POINT('Ctrl Pts',(-2.88755021854103,19.6603118473747,-1.88233604207359));
#4888=CARTESIAN_POINT('Ctrl Pts',(-2.98374146510644,19.6556651884007,-1.84389433880115));
#4889=CARTESIAN_POINT('Ctrl Pts',(-3.07544658903992,19.6498330620149,-1.79500532709744));
#4890=CARTESIAN_POINT('Ctrl Pts',(-3.1599599369579,19.6430530767673,-1.73629302906321));
#4891=CARTESIAN_POINT('Ctrl Pts',(-3.18137814534047,19.6413348258586,-1.72141357788898));
#4892=CARTESIAN_POINT('Ctrl Pts',(-3.20233444962026,19.6395559614844,-1.70590318736116));
#4893=CARTESIAN_POINT('Ctrl Pts',(-3.22278480996471,19.6377208600275,-1.68977197698765));
#4894=CARTESIAN_POINT('Ctrl Pts',(-3.30485389490934,19.6303564373569,-1.62503601869128));
#4895=CARTESIAN_POINT('Ctrl Pts',(-3.37877481800305,19.6220890122391,-1.55030344671483));
#4896=CARTESIAN_POINT('Ctrl Pts',(-3.44331375561937,19.6134063529445,-1.46807428824014));
#4897=CARTESIAN_POINT('Ctrl Pts',(-3.50129497519487,19.6056059274393,-1.39420032828478));
#4898=CARTESIAN_POINT('Ctrl Pts',(-3.55170392942202,19.5974716081233,-1.31427575128389));
#4899=CARTESIAN_POINT('Ctrl Pts',(-3.5936459754743,19.5893214859106,-1.23011951767719));
#4900=CARTESIAN_POINT('Ctrl Pts',(-3.63349122194542,19.5815788109841,-1.15017048834367));
#4901=CARTESIAN_POINT('Ctrl Pts',(-3.66569496767763,19.5738224196299,-1.06640234894362));
#4902=CARTESIAN_POINT('Ctrl Pts',(-3.68949015079458,19.5662792165944,-0.980380860006096));
#4903=CARTESIAN_POINT('Ctrl Pts',(-3.7125028550997,19.5589840636168,-0.897188094517526));
#4904=CARTESIAN_POINT('Ctrl Pts',(-3.72765091711373,19.5518884915538,-0.811887802987111));
#4905=CARTESIAN_POINT('Ctrl Pts',(-3.73424048584054,19.5451486371775,-0.725901646509242));
#4906=CARTESIAN_POINT('Ctrl Pts',(-3.73673889053674,19.5425932523681,-0.693300390484992));
#4907=CARTESIAN_POINT('Ctrl Pts',(-3.73800700123374,19.5400884747988,-0.660600591509694));
#4908=CARTESIAN_POINT('Ctrl Pts',(-3.73800700123374,19.537640846085,-0.627879909514417));
#4909=CARTESIAN_POINT('',(-3.19000700123375,19.537640846085,-0.627879909514414));
#4910=CARTESIAN_POINT('Ctrl Pts',(-3.19000700123375,19.537640846085,-0.627879909514417));
#4911=CARTESIAN_POINT('Ctrl Pts',(-3.19000700123375,19.5426860130826,-0.695325312491645));
#4912=CARTESIAN_POINT('Ctrl Pts',(-3.18102810158925,19.5479778021644,-0.762676294654912));
#4913=CARTESIAN_POINT('Ctrl Pts',(-3.16399215267701,19.5533436334073,-0.82802150013335));
#4914=CARTESIAN_POINT('Ctrl Pts',(-3.14627336969707,19.5589245376347,-0.895985868928825));
#4915=CARTESIAN_POINT('Ctrl Pts',(-3.11983870878769,19.5645852684461,-0.961780399692015));
#4916=CARTESIAN_POINT('Ctrl Pts',(-3.08572537140355,19.5700729488978,-1.02326007112025));
#4917=CARTESIAN_POINT('Ctrl Pts',(-3.04548468634924,19.5765463120357,-1.09578255894744));
#4918=CARTESIAN_POINT('Ctrl Pts',(-2.99455914508916,19.5827783570034,-1.16230086659774));
#4919=CARTESIAN_POINT('Ctrl Pts',(-2.93465124552474,19.5882761123996,-1.2193030668621));
#4920=CARTESIAN_POINT('Ctrl Pts',(-2.91749047131015,19.5898509587843,-1.23563149592711));
#4921=CARTESIAN_POINT('Ctrl Pts',(-2.89959264880451,19.5913651884982,-1.25117912884666));
#4922=CARTESIAN_POINT('Ctrl Pts',(-2.88099779504568,19.5928065700317,-1.26586351371051));
#4923=CARTESIAN_POINT('Ctrl Pts',(-2.82033900838917,19.5975085405909,-1.31376585164718));
#4924=CARTESIAN_POINT('Ctrl Pts',(-2.75226277980436,19.6014312846956,-1.35248145609965));
#4925=CARTESIAN_POINT('Ctrl Pts',(-2.67994921625031,19.6043831250079,-1.38130821817481));
#4926=CARTESIAN_POINT('Ctrl Pts',(-2.61120707196769,19.6071891799535,-1.40871128532265));
#4927=CARTESIAN_POINT('Ctrl Pts',(-2.53863580378035,19.609117408593,-1.42717827271162));
#4928=CARTESIAN_POINT('Ctrl Pts',(-2.46496722905137,19.6100491612112,-1.43610186454769));
#4929=CARTESIAN_POINT('Ctrl Pts',(-2.39549903380165,19.6109277878583,-1.44451665772481));
#4930=CARTESIAN_POINT('Ctrl Pts',(-2.32505509550421,19.6109201086809,-1.444445346009));
#4931=CARTESIAN_POINT('Ctrl Pts',(-2.25592608615748,19.6099731613392,-1.43537390434647));
#4932=CARTESIAN_POINT('Ctrl Pts',(-2.23208696761095,19.6096466068269,-1.43224562035651));
#4933=CARTESIAN_POINT('Ctrl Pts',(-2.20840422215056,19.6092087932717,-1.42804698299348));
#4934=CARTESIAN_POINT('Ctrl Pts',(-2.18497179019401,19.6086590142462,-1.42275675990812));
#4935=CARTESIAN_POINT('Ctrl Pts',(-2.1057448087279,19.6068001661014,-1.40487008015105));
#4936=CARTESIAN_POINT('Ctrl Pts',(-2.02937934056755,19.6036572249098,-1.37450627810171));
#4937=CARTESIAN_POINT('Ctrl Pts',(-1.9588071019578,19.5995741854219,-1.3339429016495));
#4938=CARTESIAN_POINT('Ctrl Pts',(-1.8656133983693,19.5941823545933,-1.28037720278397));
#4939=CARTESIAN_POINT('Ctrl Pts',(-1.78252213041675,19.5871575858137,-1.2090241750012));
#4940=CARTESIAN_POINT('Ctrl Pts',(-1.71628448242914,19.579355576231,-1.12512552085221));
#4941=CARTESIAN_POINT('Ctrl Pts',(-1.68121481705244,19.575224785455,-1.08070519772856));
#4942=CARTESIAN_POINT('Ctrl Pts',(-1.65086955139561,19.5708762782704,-1.03276816500394));
#4943=CARTESIAN_POINT('Ctrl Pts',(-1.62625066792832,19.5664294738787,-0.982093757654393));
#4944=CARTESIAN_POINT('Ctrl Pts',(-1.59767459578264,19.5612678992979,-0.923274050323468));
#4945=CARTESIAN_POINT('Ctrl Pts',(-1.57681375034991,19.5559764718605,-0.860764092754645));
#4946=CARTESIAN_POINT('Ctrl Pts',(-1.56365171918761,19.5507757494547,-0.796528973726545));
#4947=CARTESIAN_POINT('Ctrl Pts',(-1.55072549053886,19.545668199858,-0.733444649916771));
#4948=CARTESIAN_POINT('Ctrl Pts',(-1.54522469312946,19.5406484504411,-0.668696455828707));
#4949=CARTESIAN_POINT('Ctrl Pts',(-1.54713378091243,19.5358760517185,-0.604150201554428));
#4950=CARTESIAN_POINT('Ctrl Pts',(-1.54908049212138,19.5310096007518,-0.538331899319791));
#4951=CARTESIAN_POINT('Ctrl Pts',(-1.55873202766137,19.5264004625671,-0.472723631184797));
#4952=CARTESIAN_POINT('Ctrl Pts',(-1.57607190412968,19.5221622163743,-0.409307744547958));
#4953=CARTESIAN_POINT('Ctrl Pts',(-1.58884004219545,19.519041403337,-0.362611748897576));
#4954=CARTESIAN_POINT('Ctrl Pts',(-1.60577683354393,19.5161204120561,-0.317104566710571));
#4955=CARTESIAN_POINT('Ctrl Pts',(-1.62687569717981,19.5134266329016,-0.273578659726582));
#4956=CARTESIAN_POINT('Ctrl Pts',(-1.66608551803066,19.5084205529591,-0.192690748194192));
#4957=CARTESIAN_POINT('Ctrl Pts',(-1.71966945683551,19.5042001240667,-0.118641950419073));
#4958=CARTESIAN_POINT('Ctrl Pts',(-1.78366021064079,19.5007499433331,-0.0546610150293936));
#4959=CARTESIAN_POINT('Ctrl Pts',(-1.84923201962476,19.4972145170633,0.0109007329499191));
#4960=CARTESIAN_POINT('Ctrl Pts',(-1.92573125053203,19.4944828257911,0.0658907376490438));
#4961=CARTESIAN_POINT('Ctrl Pts',(-2.00888920780255,19.4925150967703,0.106836744119967));
#4962=CARTESIAN_POINT('Ctrl Pts',(-2.06492851837568,19.4911890639847,0.134429845834684));
#4963=CARTESIAN_POINT('Ctrl Pts',(-2.12399174068404,19.4902093382773,0.155645222719955));
#4964=CARTESIAN_POINT('Ctrl Pts',(-2.18477251706883,19.4895786100732,0.169421436696881));
#4965=CARTESIAN_POINT('Ctrl Pts',(-2.25321368541614,19.4888683892145,0.184933910147605));
#4966=CARTESIAN_POINT('Ctrl Pts',(-2.32383262753209,19.4885983899816,0.191012934996062));
#4967=CARTESIAN_POINT('Ctrl Pts',(-2.39426805174643,19.4887243083566,0.18822103201719));
#4968=CARTESIAN_POINT('Ctrl Pts',(-2.46772169745023,19.4888556224475,0.185309493476223));
#4969=CARTESIAN_POINT('Ctrl Pts',(-2.54097576046149,19.4894179499394,0.172750497556186));
#4970=CARTESIAN_POINT('Ctrl Pts',(-2.61135220546993,19.4904195960414,0.151184707406292));
#4971=CARTESIAN_POINT('Ctrl Pts',(-2.68724747289968,19.4914997898302,0.127927758144878));
#4972=CARTESIAN_POINT('Ctrl Pts',(-2.75979610891962,19.4930912571233,0.0941959874694394));
#4973=CARTESIAN_POINT('Ctrl Pts',(-2.82563935787656,19.495265261255,0.0507961703129989));
#4974=CARTESIAN_POINT('Ctrl Pts',(-2.84463656660978,19.495892508709,0.0382743795665552));
#4975=CARTESIAN_POINT('Ctrl Pts',(-2.86307558677658,19.4965685899324,0.0249477961455418));
#4976=CARTESIAN_POINT('Ctrl Pts',(-2.8808757480092,19.4972959829899,0.0108358515625455));
#4977=CARTESIAN_POINT('Ctrl Pts',(-2.94446857844335,19.4998946663815,-0.0395804613705152));
#4978=CARTESIAN_POINT('Ctrl Pts',(-2.99990735811261,19.5031512516589,-0.100019920013887));
#4979=CARTESIAN_POINT('Ctrl Pts',(-3.04559761591001,19.5070488234786,-0.167198866940459));
#4980=CARTESIAN_POINT('Ctrl Pts',(-3.08582734605026,19.5104805892437,-0.226349133020082));
#4981=CARTESIAN_POINT('Ctrl Pts',(-3.11849944330398,19.5144104777801,-0.290724126663348));
#4982=CARTESIAN_POINT('Ctrl Pts',(-3.14252551104587,19.518786563662,-0.358083407887724));
#4983=CARTESIAN_POINT('Ctrl Pts',(-3.16513799608288,19.5229051808901,-0.421479580542887));
#4984=CARTESIAN_POINT('Ctrl Pts',(-3.18009190727747,19.5274193366688,-0.487519128657651));
#4985=CARTESIAN_POINT('Ctrl Pts',(-3.18647987555728,19.5322382202393,-0.554336572711048));
#4986=CARTESIAN_POINT('Ctrl Pts',(-3.18881649015276,19.5340008892431,-0.578777303811853));
#4987=CARTESIAN_POINT('Ctrl Pts',(-3.19000700123375,19.5358038339307,-0.603322144611914));
#4988=CARTESIAN_POINT('Ctrl Pts',(-3.19000700123375,19.537640846085,-0.627879909514417));
#4989=CARTESIAN_POINT('Ctrl Pts',(-3.19000700123375,19.4010225433178,-0.638099466696564));
#4990=CARTESIAN_POINT('Ctrl Pts',(-3.19000700123375,19.4466026316991,-0.634689906556042));
#4991=CARTESIAN_POINT('Ctrl Pts',(-3.19000700123375,19.4921827200804,-0.631280346415535));
#4992=CARTESIAN_POINT('Ctrl Pts',(-3.19000700123375,19.5377628084617,-0.627870786275013));
#4993=CARTESIAN_POINT('Ctrl Pts',(-3.19000700123375,19.41936864947,-0.883356070307686));
#4994=CARTESIAN_POINT('Ctrl Pts',(-3.19000700123375,19.4649194366603,-0.879543293229471));
#4995=CARTESIAN_POINT('Ctrl Pts',(-3.19000700123375,19.5104675167218,-0.875728885002739));
#4996=CARTESIAN_POINT('Ctrl Pts',(-3.19000700123375,19.5560183087456,-0.871916110836853));
#4997=CARTESIAN_POINT('Ctrl Pts',(-2.95488502188421,19.4643724109193,-1.37120169536192));
#4998=CARTESIAN_POINT('Ctrl Pts',(-2.95488502188421,19.5098479714945,-1.36658593069765));
#4999=CARTESIAN_POINT('Ctrl Pts',(-2.95488502188421,19.5553242419372,-1.36196811098448));
#5000=CARTESIAN_POINT('Ctrl Pts',(-2.95488502188421,19.600799801245,-1.35735234998939));
#5001=CARTESIAN_POINT('Ctrl Pts',(-2.15887869182873,19.4848904322446,-1.55119383204652));
#5002=CARTESIAN_POINT('Ctrl Pts',(-2.15887869182873,19.530332449212,-1.54628033728895));
#5003=CARTESIAN_POINT('Ctrl Pts',(-2.15887869182873,19.5757744712364,-1.54136903110394));
#5004=CARTESIAN_POINT('Ctrl Pts',(-2.15887869182873,19.6212164881947,-1.53645553243881));
#5005=CARTESIAN_POINT('Ctrl Pts',(-1.51943095196498,19.4309606834391,-1.04547527548428));
#5006=CARTESIAN_POINT('Ctrl Pts',(-1.51943095196498,19.4764914814973,-1.04139537828287));
#5007=CARTESIAN_POINT('Ctrl Pts',(-1.51943095196498,19.5220222911706,-1.0373145318256));
#5008=CARTESIAN_POINT('Ctrl Pts',(-1.51943095196498,19.5675530892082,-1.03323463631903));
#5009=CARTESIAN_POINT('Ctrl Pts',(-1.52090150788123,19.3701275242694,-0.231399728759319));
#5010=CARTESIAN_POINT('Ctrl Pts',(-1.52090150788123,19.4157584609685,-0.228660205192177));
#5011=CARTESIAN_POINT('Ctrl Pts',(-1.52090150788123,19.4613894379764,-0.225919191168891));
#5012=CARTESIAN_POINT('Ctrl Pts',(-1.52090150788123,19.5070203746035,-0.223179670262879));
#5013=CARTESIAN_POINT('Ctrl Pts',(-2.15821719958897,19.3481718710615,0.278796409877833));
#5014=CARTESIAN_POINT('Ctrl Pts',(-2.15821719958897,19.3938391471853,0.280697842710629));
#5015=CARTESIAN_POINT('Ctrl Pts',(-2.15821719958897,19.4395058800472,0.282595261640696));
#5016=CARTESIAN_POINT('Ctrl Pts',(-2.15821719958897,19.485173157141,0.284496701640103));
#5017=CARTESIAN_POINT('Ctrl Pts',(-2.95486479617588,19.3545728643106,0.0951961109643773));
#5018=CARTESIAN_POINT('Ctrl Pts',(-2.95486479617588,19.4002290267663,0.097397302273047));
#5019=CARTESIAN_POINT('Ctrl Pts',(-2.95486479617588,19.4458863750936,0.0996019814833138));
#5020=CARTESIAN_POINT('Ctrl Pts',(-2.95486479617588,19.491542535432,0.101803166564506));
#5021=CARTESIAN_POINT('Ctrl Pts',(-3.19000700123375,19.3826764371655,-0.392842863085441));
#5022=CARTESIAN_POINT('Ctrl Pts',(-3.19000700123375,19.4282875453198,-0.389836401142817));
#5023=CARTESIAN_POINT('Ctrl Pts',(-3.19000700123375,19.4738962002542,-0.386831926886132));
#5024=CARTESIAN_POINT('Ctrl Pts',(-3.19000700123375,19.5195073127886,-0.383825461394614));
#5025=CARTESIAN_POINT('Ctrl Pts',(-3.19000700123375,19.4010225433178,-0.638099466696564));
#5026=CARTESIAN_POINT('Ctrl Pts',(-3.19000700123375,19.4466026316991,-0.634689906556042));
#5027=CARTESIAN_POINT('Ctrl Pts',(-3.19000700123375,19.4921827200804,-0.631280346415535));
#5028=CARTESIAN_POINT('Ctrl Pts',(-3.19000700123375,19.5377628084617,-0.627870786275013));
#5029=CARTESIAN_POINT('',(-3.19000700123375,19.4010225433178,-0.638099466696564));
#5030=CARTESIAN_POINT('Ctrl Pts',(-3.19000700123375,19.4010225433178,-0.638099466696564));
#5031=CARTESIAN_POINT('Ctrl Pts',(-3.19000700123375,19.3826764371655,-0.392842863085441));
#5032=CARTESIAN_POINT('Ctrl Pts',(-2.95486479617588,19.3545728643106,0.0951961109643773));
#5033=CARTESIAN_POINT('Ctrl Pts',(-2.15821719958897,19.3481718710615,0.278796409877833));
#5034=CARTESIAN_POINT('Ctrl Pts',(-1.52090150788123,19.3701275242694,-0.231399728759319));
#5035=CARTESIAN_POINT('Ctrl Pts',(-1.51943095196498,19.4309606834391,-1.04547527548428));
#5036=CARTESIAN_POINT('Ctrl Pts',(-2.15887869182873,19.4848904322446,-1.55119383204652));
#5037=CARTESIAN_POINT('Ctrl Pts',(-2.95488502188421,19.4643724109193,-1.37120169536192));
#5038=CARTESIAN_POINT('Ctrl Pts',(-3.19000700123375,19.41936864947,-0.883356070307686));
#5039=CARTESIAN_POINT('Ctrl Pts',(-3.19000700123375,19.4010225433178,-0.638099466696564));
#5040=CARTESIAN_POINT('',(-3.19000700123375,19.4010225433178,-0.638099466696564));
#5041=CARTESIAN_POINT('Ctrl Pts',(-3.73800700123374,19.4010225433178,-0.638099466696564));
#5042=CARTESIAN_POINT('Ctrl Pts',(-3.73800700123374,19.4466749804916,-0.634684494597267));
#5043=CARTESIAN_POINT('Ctrl Pts',(-3.73800700123374,19.4923274176655,-0.631269522497985));
#5044=CARTESIAN_POINT('Ctrl Pts',(-3.73800700123374,19.5379798548394,-0.627854550398687));
#5045=CARTESIAN_POINT('Ctrl Pts',(-3.73800700123374,19.3704456997308,-0.229338460678026));
#5046=CARTESIAN_POINT('Ctrl Pts',(-3.73800700123374,19.4161508665933,-0.226596407424915));
#5047=CARTESIAN_POINT('Ctrl Pts',(-3.73800700123374,19.4618490806942,-0.22385761096059));
#5048=CARTESIAN_POINT('Ctrl Pts',(-3.73800700123374,19.5075542820623,-0.221115541544492));
#5049=CARTESIAN_POINT('Ctrl Pts',(-3.34612553140272,19.3330721299946,0.58639434419054));
#5050=CARTESIAN_POINT('Ctrl Pts',(-3.34612553140272,19.3788357372079,0.587791388282496));
#5051=CARTESIAN_POINT('Ctrl Pts',(-3.34612553140272,19.4246019689809,0.5891850428239));
#5052=CARTESIAN_POINT('Ctrl Pts',(-3.34612553140272,19.4703655631688,0.590582103737721));
#5053=CARTESIAN_POINT('Ctrl Pts',(-2.01946774294394,19.3300640435347,0.888366124744407));
#5054=CARTESIAN_POINT('Ctrl Pts',(-2.01946774294394,19.3758337168414,0.889262875983212));
#5055=CARTESIAN_POINT('Ctrl Pts',(-2.01946774294394,19.4216026882004,0.890163379560218));
#5056=CARTESIAN_POINT('Ctrl Pts',(-2.01946774294394,19.4673723649909,0.891060112176692));
#5057=CARTESIAN_POINT('Ctrl Pts',(-0.953699033784509,19.3487517142466,0.0408216705521083));
#5058=CARTESIAN_POINT('Ctrl Pts',(-0.953699033784509,19.3944902235365,0.0431177261938151));
#5059=CARTESIAN_POINT('Ctrl Pts',(-0.953699033784509,19.4402290838199,0.045412129192092));
#5060=CARTESIAN_POINT('Ctrl Pts',(-0.953699033784509,19.4859675913681,0.0477081930356374));
#5061=CARTESIAN_POINT('Ctrl Pts',(-0.956176236211695,19.4504373032803,-1.31620878300588));
#5062=CARTESIAN_POINT('Ctrl Pts',(-0.956176236211695,19.4960080619076,-1.31167487986585));
#5063=CARTESIAN_POINT('Ctrl Pts',(-0.956176236211695,19.5415794192112,-1.30714339371458));
#5064=CARTESIAN_POINT('Ctrl Pts',(-0.956176236211695,19.5871501748673,-1.30260947857938));
#5065=CARTESIAN_POINT('Ctrl Pts',(-2.01835394326468,19.55861836858,-2.16057592094492));
#5066=CARTESIAN_POINT('Ctrl Pts',(-2.01835394326468,19.6040118904084,-2.15465267924167));
#5067=CARTESIAN_POINT('Ctrl Pts',(-2.01835394326468,19.6494025769222,-2.14872304393294));
#5068=CARTESIAN_POINT('Ctrl Pts',(-2.01835394326468,19.6947961128218,-2.14279983396026));
#5069=CARTESIAN_POINT('Ctrl Pts',(-3.34609840419226,19.5155652632575,-1.85730706535844));
#5070=CARTESIAN_POINT('Ctrl Pts',(-3.34609840419226,19.5610273634046,-1.85188002158005));
#5071=CARTESIAN_POINT('Ctrl Pts',(-3.34609840419226,19.6064938806806,-1.84645818969792));
#5072=CARTESIAN_POINT('Ctrl Pts',(-3.34609840419226,19.651955958906,-1.84103112005361));
#5073=CARTESIAN_POINT('Ctrl Pts',(-3.73800700123374,19.4315993869047,-1.0468604727151));
#5074=CARTESIAN_POINT('Ctrl Pts',(-3.73800700123374,19.4772038683194,-1.04277221317372));
#5075=CARTESIAN_POINT('Ctrl Pts',(-3.73800700123374,19.5228009451686,-1.03868180537523));
#5076=CARTESIAN_POINT('Ctrl Pts',(-3.73800700123374,19.5684054633313,-1.03459355649534));
#5077=CARTESIAN_POINT('Ctrl Pts',(-3.73800700123374,19.4010225433178,-0.638099466696564));
#5078=CARTESIAN_POINT('Ctrl Pts',(-3.73800700123374,19.4466749804916,-0.634684494597267));
#5079=CARTESIAN_POINT('Ctrl Pts',(-3.73800700123374,19.4923274176655,-0.631269522497985));
#5080=CARTESIAN_POINT('Ctrl Pts',(-3.73800700123374,19.5379798548394,-0.627854550398687));
#5081=CARTESIAN_POINT('',(-3.73800700123374,19.4010225433178,-0.638099466696564));
#5082=CARTESIAN_POINT('Ctrl Pts',(-3.73800700123374,19.4010225433178,-0.638099466696564));
#5083=CARTESIAN_POINT('Ctrl Pts',(-3.73800700123374,19.4315993869047,-1.0468604727151));
#5084=CARTESIAN_POINT('Ctrl Pts',(-3.34609840419226,19.5155652632575,-1.85730706535844));
#5085=CARTESIAN_POINT('Ctrl Pts',(-2.01835394326468,19.55861836858,-2.16057592094492));
#5086=CARTESIAN_POINT('Ctrl Pts',(-0.956176236211695,19.4504373032803,-1.31620878300588));
#5087=CARTESIAN_POINT('Ctrl Pts',(-0.953699033784509,19.3487517142466,0.0408216705521083));
#5088=CARTESIAN_POINT('Ctrl Pts',(-2.01946774294394,19.3300640435347,0.888366124744407));
#5089=CARTESIAN_POINT('Ctrl Pts',(-3.34612553140272,19.3330721299946,0.58639434419054));
#5090=CARTESIAN_POINT('Ctrl Pts',(-3.73800700123374,19.3704456997308,-0.229338460678026));
#5091=CARTESIAN_POINT('Ctrl Pts',(-3.73800700123374,19.4010225433178,-0.638099466696564));
#5092=CARTESIAN_POINT('',(-3.73800700123374,19.4010225433178,-0.638099466696564));
#5093=CARTESIAN_POINT('Origin',(-2.368,47.087799321366,1.43297441389792));
#5094=CARTESIAN_POINT('',(6.4,20.0208862581178,-4.75));
#5095=CARTESIAN_POINT('Ctrl Pts',(-2.368,19.4442720844964,4.018));
#5096=CARTESIAN_POINT('Ctrl Pts',(-3.4723909378469,19.4442720844964,4.018));
#5097=CARTESIAN_POINT('Ctrl Pts',(-4.6496186368962,19.4207962352926,3.79665555056762));
#5098=CARTESIAN_POINT('Ctrl Pts',(-6.81401723485949,19.3586584612566,2.89748572265423));
#5099=CARTESIAN_POINT('Ctrl Pts',(-7.8013097110047,19.3237871899915,2.21969503736778));
#5100=CARTESIAN_POINT('Ctrl Pts',(-9.36224623626417,19.3235502711666,0.652336316270558));
#5101=CARTESIAN_POINT('Ctrl Pts',(-10.0366351790161,19.3591399289653,-0.341547288876069));
#5102=CARTESIAN_POINT('Ctrl Pts',(-10.923331482544,19.5826164870983,-2.50306378450328));
#5103=CARTESIAN_POINT('Ctrl Pts',(-11.136,19.774215932043,-3.67016304383511));
#5104=CARTESIAN_POINT('Ctrl Pts',(-11.136,20.2828090270762,-5.89660685005382));
#5105=CARTESIAN_POINT('Ctrl Pts',(-10.8990463042465,20.6404044846858,-7.09521420478555));
#5106=CARTESIAN_POINT('Ctrl Pts',(-9.9718423808941,21.4446694800986,-9.27331279291363));
#5107=CARTESIAN_POINT('Ctrl Pts',(-9.28264483016705,21.8884753544481,-10.2543082270788));
#5108=CARTESIAN_POINT('Ctrl Pts',(-7.73394774245392,22.6466524810225,-11.7637433585458));
#5109=CARTESIAN_POINT('Ctrl Pts',(-6.7780238517921,23.0181861057354,-12.4148608635356));
#5110=CARTESIAN_POINT('Ctrl Pts',(-4.65384884579086,23.5448380150581,-13.292439492103));
#5111=CARTESIAN_POINT('Ctrl Pts',(-3.48351418702174,23.6930281224138,-13.518));
#5112=CARTESIAN_POINT('Ctrl Pts',(-1.25248581297826,23.6930281224138,-13.518));
#5113=CARTESIAN_POINT('Ctrl Pts',(-0.0821511542091372,23.5448380150581,
-13.292439492103));
#5114=CARTESIAN_POINT('Ctrl Pts',(2.0420238517921,23.0181861057354,-12.4148608635356));
#5115=CARTESIAN_POINT('Ctrl Pts',(2.99794774245392,22.6466524810225,-11.7637433585458));
#5116=CARTESIAN_POINT('Ctrl Pts',(4.54664483016705,21.8884753544481,-10.2543082270788));
#5117=CARTESIAN_POINT('Ctrl Pts',(5.2358423808941,21.4446694800986,-9.27331279291363));
#5118=CARTESIAN_POINT('Ctrl Pts',(6.16304630424654,20.6404044846858,-7.09521420478555));
#5119=CARTESIAN_POINT('Ctrl Pts',(6.4,20.2828090270762,-5.89660685005382));
#5120=CARTESIAN_POINT('Ctrl Pts',(6.4,19.774215932043,-3.67016304383511));
#5121=CARTESIAN_POINT('Ctrl Pts',(6.18733148254404,19.5826164870983,-2.50306378450328));
#5122=CARTESIAN_POINT('Ctrl Pts',(5.30063517901613,19.3591399289653,-0.341547288876067));
#5123=CARTESIAN_POINT('Ctrl Pts',(4.62624623626417,19.3235502711666,0.652336316270561));
#5124=CARTESIAN_POINT('Ctrl Pts',(3.0653097110047,19.3237871899915,2.21969503736778));
#5125=CARTESIAN_POINT('Ctrl Pts',(2.07801723485949,19.3586584612566,2.89748572265423));
#5126=CARTESIAN_POINT('Ctrl Pts',(-0.0863813631038013,19.4207962352926,
3.79665555056762));
#5127=CARTESIAN_POINT('Ctrl Pts',(-1.2636090621531,19.4442720844964,4.018));
#5128=CARTESIAN_POINT('Ctrl Pts',(-2.368,19.4442720844964,4.018));
#5129=CARTESIAN_POINT('Origin',(-2.368,47.087799321366,1.43297441389792));
#5130=CARTESIAN_POINT('Origin',(-2.368,18.7592720844964,-4.75));
#5131=CARTESIAN_POINT('',(6.4,18.7592720844964,-4.75));
#5132=CARTESIAN_POINT('',(0.,0.,0.));
#5133=UNCERTAINTY_MEASURE_WITH_UNIT(LENGTH_MEASURE(0.01),#5139,
'DISTANCE_ACCURACY_VALUE',
'Maximum model space distance between geometric entities at asserted c
onnectivities');
#5134=UNCERTAINTY_MEASURE_WITH_UNIT(LENGTH_MEASURE(0.01),#5139,
'DISTANCE_ACCURACY_VALUE',
'Maximum model space distance between geometric entities at asserted c
onnectivities');
#5135=UNCERTAINTY_MEASURE_WITH_UNIT(LENGTH_MEASURE(0.01),#5139,
'DISTANCE_ACCURACY_VALUE',
'Maximum model space distance between geometric entities at asserted c
onnectivities');
#5136=(
GEOMETRIC_REPRESENTATION_CONTEXT(3)
GLOBAL_UNCERTAINTY_ASSIGNED_CONTEXT((#5133))
GLOBAL_UNIT_ASSIGNED_CONTEXT((#5139,#5141,#5142))
REPRESENTATION_CONTEXT('','3D')
);
#5137=(
GEOMETRIC_REPRESENTATION_CONTEXT(3)
GLOBAL_UNCERTAINTY_ASSIGNED_CONTEXT((#5134))
GLOBAL_UNIT_ASSIGNED_CONTEXT((#5139,#5141,#5142))
REPRESENTATION_CONTEXT('','3D')
);
#5138=(
GEOMETRIC_REPRESENTATION_CONTEXT(3)
GLOBAL_UNCERTAINTY_ASSIGNED_CONTEXT((#5135))
GLOBAL_UNIT_ASSIGNED_CONTEXT((#5139,#5141,#5142))
REPRESENTATION_CONTEXT('','3D')
);
#5139=(
LENGTH_UNIT()
NAMED_UNIT(*)
SI_UNIT(.MILLI.,.METRE.)
);
#5140=(
LENGTH_UNIT()
NAMED_UNIT(*)
SI_UNIT($,.METRE.)
);
#5141=(
NAMED_UNIT(*)
PLANE_ANGLE_UNIT()
SI_UNIT($,.RADIAN.)
);
#5142=(
NAMED_UNIT(*)
SI_UNIT($,.STERADIAN.)
SOLID_ANGLE_UNIT()
);
#5143=SHAPE_DEFINITION_REPRESENTATION(#5145,#5148);
#5144=SHAPE_DEFINITION_REPRESENTATION(#5146,#5149);
#5145=PRODUCT_DEFINITION_SHAPE('',$,#5151);
#5146=PRODUCT_DEFINITION_SHAPE('',$,#5152);
#5147=PRODUCT_DEFINITION_SHAPE($,$,#14);
#5148=SHAPE_REPRESENTATION('',(#2921,#3168),#5136);
#5149=SHAPE_REPRESENTATION('',(#2922),#5137);
#5150=PRODUCT_DEFINITION_CONTEXT('part definition',#5158,'design');
#5151=PRODUCT_DEFINITION('Button','SPST Switch 2 pin v1',#5153,#5150);
#5152=PRODUCT_DEFINITION('SPST Switch','SPST Switch',#5154,#5150);
#5153=PRODUCT_DEFINITION_FORMATION('',$,#5160);
#5154=PRODUCT_DEFINITION_FORMATION('',$,#5161);
#5155=PRODUCT_RELATED_PRODUCT_CATEGORY('SPST Switch 2 pin v1',
'SPST Switch 2 pin v1',(#5160));
#5156=PRODUCT_RELATED_PRODUCT_CATEGORY('SPST Switch','SPST Switch',(#5161));
#5157=APPLICATION_PROTOCOL_DEFINITION('international standard',
'automotive_design',2009,#5158);
#5158=APPLICATION_CONTEXT(
'Core Data for Automotive Mechanical Design Process');
#5159=PRODUCT_CONTEXT('part definition',#5158,'mechanical');
#5160=PRODUCT('Button','SPST Switch 2 pin v1',$,(#5159));
#5161=PRODUCT('SPST Switch','SPST Switch',$,(#5159));
#5162=PRESENTATION_STYLE_ASSIGNMENT((#5166));
#5163=PRESENTATION_STYLE_ASSIGNMENT((#5167));
#5164=PRESENTATION_STYLE_ASSIGNMENT((#5168));
#5165=PRESENTATION_STYLE_ASSIGNMENT((#5169));
#5166=SURFACE_STYLE_USAGE(.BOTH.,#5170);
#5167=SURFACE_STYLE_USAGE(.BOTH.,#5171);
#5168=SURFACE_STYLE_USAGE(.BOTH.,#5172);
#5169=SURFACE_STYLE_USAGE(.BOTH.,#5173);
#5170=SURFACE_SIDE_STYLE('',(#5174));
#5171=SURFACE_SIDE_STYLE('',(#5175));
#5172=SURFACE_SIDE_STYLE('',(#5176));
#5173=SURFACE_SIDE_STYLE('',(#5177));
#5174=SURFACE_STYLE_FILL_AREA(#5178);
#5175=SURFACE_STYLE_FILL_AREA(#5179);
#5176=SURFACE_STYLE_FILL_AREA(#5180);
#5177=SURFACE_STYLE_FILL_AREA(#5181);
#5178=FILL_AREA_STYLE('Acero - Satinado',(#5182));
#5179=FILL_AREA_STYLE('Opaque(251,250,245)',(#5183));
#5180=FILL_AREA_STYLE('Opaque(25,25,25)',(#5184));
#5181=FILL_AREA_STYLE('Opaque(246,246,243)',(#5185));
#5182=FILL_AREA_STYLE_COLOUR('Acero - Satinado',#5186);
#5183=FILL_AREA_STYLE_COLOUR('Opaque(251,250,245)',#5187);
#5184=FILL_AREA_STYLE_COLOUR('Opaque(25,25,25)',#5188);
#5185=FILL_AREA_STYLE_COLOUR('Opaque(246,246,243)',#5189);
#5186=COLOUR_RGB('Acero - Satinado',0.627450980392157,0.627450980392157,
0.627450980392157);
#5187=COLOUR_RGB('Opaque(251,250,245)',0.984313725490196,0.980392156862745,
0.96078431372549);
#5188=COLOUR_RGB('Opaque(25,25,25)',0.0980392156862745,0.0980392156862745,
0.0980392156862745);
#5189=COLOUR_RGB('Opaque(246,246,243)',0.964705882352941,0.964705882352941,
0.952941176470588);
ENDSEC;
END-ISO-10303-21;
