ISO-10303-21;
HEADER;
/* Generated by software containing ST-Developer
 * from STEP Tools, Inc. (www.steptools.com) 
 */

FILE_DESCRIPTION(
/* description */ (''),
/* implementation_level */ '2;1');

FILE_NAME(
/* name */ 'Minicart.step',
/* time_stamp */ '2026-06-26T19:03:16-04:00',
/* author */ (''),
/* organization */ (''),
/* preprocessor_version */ 'ST-DEVELOPER v20.1',
/* originating_system */ 'Autodesk Translation Framework v15.8.0.0',
/* authorisation */ '');

FILE_SCHEMA (('AUTOMOTIVE_DESIGN { 1 0 10303 214 3 1 1 }'));
ENDSEC;

DATA;
#10=MECHANICAL_DESIGN_GEOMETRIC_PRESENTATION_REPRESENTATION('',(#421,#422,
#423,#424,#425,#426,#427),#8909);
#11=ITEM_DEFINED_TRANSFORMATION($,$,#3617,#3821);
#12=(
REPRESENTATION_RELATIONSHIP($,$,#8920,#8919)
REPRESENTATION_RELATIONSHIP_WITH_TRANSFORMATION(#11)
SHAPE_REPRESENTATION_RELATIONSHIP()
);
#13=CONTEXT_DEPENDENT_SHAPE_REPRESENTATION(#12,#8918);
#14=NEXT_ASSEMBLY_USAGE_OCCURRENCE('Minicart:1','Minicart:1',
'Minicart:1',#8922,#8923,'Minicart:1');
#15=SHAPE_REPRESENTATION_RELATIONSHIP('SRR','None',#8920,#16);
#16=ADVANCED_BREP_SHAPE_REPRESENTATION('',(#428,#429,#430,#431,#432,#433,
#434),#8908);
#17=ELLIPSE('',#3736,1.01,0.999999999999996);
#18=ELLIPSE('',#3737,1.01000000000001,1.00000000000001);
#19=ELLIPSE('',#3738,1.01,1.);
#20=ELLIPSE('',#3739,1.01,0.999999999999996);
#21=ELLIPSE('',#3742,1.01,1.);
#22=ELLIPSE('',#3743,1.01,0.999999999999996);
#23=ELLIPSE('',#3744,1.01,1.);
#24=ELLIPSE('',#3745,1.01,0.999999999999996);
#25=ELLIPSE('',#3747,1.01,1.);
#26=ELLIPSE('',#3748,1.01000000000001,1.00000000000001);
#27=ELLIPSE('',#3751,1.01,1.);
#28=ELLIPSE('',#3752,1.01000000000001,1.00000000000001);
#29=ELLIPSE('',#3753,1.01,1.);
#30=ELLIPSE('',#3754,1.01000000000001,1.00000000000001);
#31=ELLIPSE('',#3756,1.01,1.);
#32=ELLIPSE('',#3757,1.00999999999999,0.999999999999992);
#33=ELLIPSE('',#3758,1.01,1.);
#34=ELLIPSE('',#3759,1.01000000000005,1.00000000000005);
#35=ELLIPSE('',#3760,1.01,0.999999999999996);
#36=ELLIPSE('',#3762,1.01,1.);
#37=ELLIPSE('',#3770,1.01,1.);
#38=ELLIPSE('',#3771,1.01000000000003,1.00000000000003);
#39=ELLIPSE('',#3772,1.01,1.);
#40=ELLIPSE('',#3773,1.00999999999999,0.999999999999987);
#41=ELLIPSE('',#3793,2.525,2.5);
#42=ELLIPSE('',#3794,2.525,2.5);
#43=ELLIPSE('',#3795,2.525,2.5);
#44=ELLIPSE('',#3796,2.525,2.5);
#45=ELLIPSE('',#3798,1.277145,1.2645);
#46=ELLIPSE('',#3799,1.277145,1.2645);
#47=ELLIPSE('',#3801,1.277145,1.2645);
#48=ELLIPSE('',#3802,1.277145,1.2645);
#49=ELLIPSE('',#3804,1.277145,1.2645);
#50=ELLIPSE('',#3805,1.277145,1.2645);
#51=ELLIPSE('',#3807,1.277145,1.2645);
#52=ELLIPSE('',#3808,1.277145,1.2645);
#53=(
BOUNDED_SURFACE()
B_SPLINE_SURFACE(2,2,((#6352,#6353,#6354,#6355,#6356,#6357,#6358,#6359,
#6360),(#6361,#6362,#6363,#6364,#6365,#6366,#6367,#6368,#6369),(#6370,#6371,
#6372,#6373,#6374,#6375,#6376,#6377,#6378),(#6379,#6380,#6381,#6382,#6383,
#6384,#6385,#6386,#6387),(#6388,#6389,#6390,#6391,#6392,#6393,#6394,#6395,
#6396)),.UNSPECIFIED.,.F.,.T.,.F.)
B_SPLINE_SURFACE_WITH_KNOTS((3,2,3),(3,2,2,2,3),(-1.5707963267949,0.,1.5707963267949),
(0.,1.5707963267949,3.14159265358979,4.71238898038469,6.28318530717959),
 .UNSPECIFIED.)
GEOMETRIC_REPRESENTATION_ITEM()
RATIONAL_B_SPLINE_SURFACE(((1.,0.707106781186548,1.,0.707106781186548,1.,
0.707106781186548,1.,0.707106781186548,1.),(0.70710678118656,0.500000000000009,
0.70710678118656,0.500000000000009,0.70710678118656,0.500000000000009,0.70710678118656,
0.500000000000009,0.70710678118656),(1.,0.707106781186548,1.,0.707106781186548,
1.,0.707106781186548,1.,0.707106781186548,1.),(0.707106781186547,0.5,0.707106781186547,
0.5,0.707106781186547,0.5,0.707106781186547,0.5,0.707106781186547),(1.,
0.707106781186548,1.,0.707106781186548,1.,0.707106781186548,1.,0.707106781186548,
1.)))
REPRESENTATION_ITEM('')
SURFACE()
);
#54=(
BOUNDED_SURFACE()
B_SPLINE_SURFACE(2,2,((#6403,#6404,#6405,#6406,#6407,#6408,#6409,#6410,
#6411),(#6412,#6413,#6414,#6415,#6416,#6417,#6418,#6419,#6420),(#6421,#6422,
#6423,#6424,#6425,#6426,#6427,#6428,#6429),(#6430,#6431,#6432,#6433,#6434,
#6435,#6436,#6437,#6438),(#6439,#6440,#6441,#6442,#6443,#6444,#6445,#6446,
#6447)),.UNSPECIFIED.,.F.,.T.,.F.)
B_SPLINE_SURFACE_WITH_KNOTS((3,2,3),(3,2,2,2,3),(-1.5707963267949,0.,1.5707963267949),
(0.,1.5707963267949,3.14159265358979,4.71238898038469,6.28318530717959),
 .UNSPECIFIED.)
GEOMETRIC_REPRESENTATION_ITEM()
RATIONAL_B_SPLINE_SURFACE(((1.,0.707106781186548,1.,0.707106781186548,1.,
0.707106781186548,1.,0.707106781186548,1.),(0.707106781186545,0.499999999999998,
0.707106781186545,0.499999999999998,0.707106781186545,0.499999999999998,
0.707106781186545,0.499999999999998,0.707106781186545),(1.,0.707106781186548,
1.,0.707106781186548,1.,0.707106781186548,1.,0.707106781186548,1.),(0.707106781186553,
0.500000000000004,0.707106781186553,0.500000000000004,0.707106781186553,
0.500000000000004,0.707106781186553,0.500000000000004,0.707106781186553),
(1.,0.707106781186548,1.,0.707106781186548,1.,0.707106781186548,1.,0.707106781186548,
1.)))
REPRESENTATION_ITEM('')
SURFACE()
);
#55=(
BOUNDED_SURFACE()
B_SPLINE_SURFACE(2,2,((#6454,#6455,#6456,#6457,#6458,#6459,#6460,#6461,
#6462),(#6463,#6464,#6465,#6466,#6467,#6468,#6469,#6470,#6471),(#6472,#6473,
#6474,#6475,#6476,#6477,#6478,#6479,#6480),(#6481,#6482,#6483,#6484,#6485,
#6486,#6487,#6488,#6489),(#6490,#6491,#6492,#6493,#6494,#6495,#6496,#6497,
#6498)),.UNSPECIFIED.,.F.,.T.,.F.)
B_SPLINE_SURFACE_WITH_KNOTS((3,2,3),(3,2,2,2,3),(-1.5707963267949,0.,1.5707963267949),
(0.,1.5707963267949,3.14159265358979,4.71238898038469,6.28318530717959),
 .UNSPECIFIED.)
GEOMETRIC_REPRESENTATION_ITEM()
RATIONAL_B_SPLINE_SURFACE(((1.,0.707106781186548,1.,0.707106781186548,1.,
0.707106781186548,1.,0.707106781186548,1.),(0.707106781186566,0.500000000000013,
0.707106781186566,0.500000000000013,0.707106781186566,0.500000000000013,
0.707106781186566,0.500000000000013,0.707106781186566),(1.,0.707106781186548,
1.,0.707106781186548,1.,0.707106781186548,1.,0.707106781186548,1.),(0.707106781186546,
0.499999999999999,0.707106781186546,0.499999999999999,0.707106781186546,
0.499999999999999,0.707106781186546,0.499999999999999,0.707106781186546),
(1.,0.707106781186548,1.,0.707106781186548,1.,0.707106781186548,1.,0.707106781186548,
1.)))
REPRESENTATION_ITEM('')
SURFACE()
);
#56=(
BOUNDED_SURFACE()
B_SPLINE_SURFACE(2,2,((#6505,#6506,#6507,#6508,#6509,#6510,#6511,#6512,
#6513),(#6514,#6515,#6516,#6517,#6518,#6519,#6520,#6521,#6522),(#6523,#6524,
#6525,#6526,#6527,#6528,#6529,#6530,#6531),(#6532,#6533,#6534,#6535,#6536,
#6537,#6538,#6539,#6540),(#6541,#6542,#6543,#6544,#6545,#6546,#6547,#6548,
#6549)),.UNSPECIFIED.,.F.,.T.,.F.)
B_SPLINE_SURFACE_WITH_KNOTS((3,2,3),(3,2,2,2,3),(-1.5707963267949,0.,1.5707963267949),
(0.,1.5707963267949,3.14159265358979,4.71238898038469,6.28318530717959),
 .UNSPECIFIED.)
GEOMETRIC_REPRESENTATION_ITEM()
RATIONAL_B_SPLINE_SURFACE(((1.,0.707106781186548,1.,0.707106781186548,1.,
0.707106781186548,1.,0.707106781186548,1.),(0.707106781186553,0.500000000000004,
0.707106781186553,0.500000000000004,0.707106781186553,0.500000000000004,
0.707106781186553,0.500000000000004,0.707106781186553),(1.,0.707106781186548,
1.,0.707106781186548,1.,0.707106781186548,1.,0.707106781186548,1.),(0.707106781186545,
0.499999999999998,0.707106781186545,0.499999999999998,0.707106781186545,
0.499999999999998,0.707106781186545,0.499999999999998,0.707106781186545),
(1.,0.707106781186548,1.,0.707106781186548,1.,0.707106781186548,1.,0.707106781186548,
1.)))
REPRESENTATION_ITEM('')
SURFACE()
);
#57=(
BOUNDED_SURFACE()
B_SPLINE_SURFACE(2,2,((#6556,#6557,#6558,#6559,#6560,#6561,#6562,#6563,
#6564),(#6565,#6566,#6567,#6568,#6569,#6570,#6571,#6572,#6573),(#6574,#6575,
#6576,#6577,#6578,#6579,#6580,#6581,#6582),(#6583,#6584,#6585,#6586,#6587,
#6588,#6589,#6590,#6591),(#6592,#6593,#6594,#6595,#6596,#6597,#6598,#6599,
#6600)),.UNSPECIFIED.,.F.,.T.,.F.)
B_SPLINE_SURFACE_WITH_KNOTS((3,2,3),(3,2,2,2,3),(-1.5707963267949,0.,1.5707963267949),
(0.,1.5707963267949,3.14159265358979,4.71238898038469,6.28318530717959),
 .UNSPECIFIED.)
GEOMETRIC_REPRESENTATION_ITEM()
RATIONAL_B_SPLINE_SURFACE(((1.,0.707106781186548,1.,0.707106781186548,1.,
0.707106781186548,1.,0.707106781186548,1.),(0.70710678118662,0.500000000000051,
0.70710678118662,0.500000000000051,0.70710678118662,0.500000000000051,0.70710678118662,
0.500000000000051,0.70710678118662),(1.,0.707106781186548,1.,0.707106781186548,
1.,0.707106781186548,1.,0.707106781186548,1.),(0.707106781186566,0.500000000000013,
0.707106781186566,0.500000000000013,0.707106781186566,0.500000000000013,
0.707106781186566,0.500000000000013,0.707106781186566),(1.,0.707106781186548,
1.,0.707106781186548,1.,0.707106781186548,1.,0.707106781186548,1.)))
REPRESENTATION_ITEM('')
SURFACE()
);
#58=(
BOUNDED_SURFACE()
B_SPLINE_SURFACE(2,2,((#6607,#6608,#6609,#6610,#6611,#6612,#6613,#6614,
#6615),(#6616,#6617,#6618,#6619,#6620,#6621,#6622,#6623,#6624),(#6625,#6626,
#6627,#6628,#6629,#6630,#6631,#6632,#6633),(#6634,#6635,#6636,#6637,#6638,
#6639,#6640,#6641,#6642),(#6643,#6644,#6645,#6646,#6647,#6648,#6649,#6650,
#6651)),.UNSPECIFIED.,.F.,.T.,.F.)
B_SPLINE_SURFACE_WITH_KNOTS((3,2,3),(3,2,2,2,3),(-1.5707963267949,0.,1.5707963267949),
(0.,1.5707963267949,3.14159265358979,4.71238898038469,6.28318530717959),
 .UNSPECIFIED.)
GEOMETRIC_REPRESENTATION_ITEM()
RATIONAL_B_SPLINE_SURFACE(((1.,0.707106781186548,1.,0.707106781186548,1.,
0.707106781186548,1.,0.707106781186548,1.),(0.707106781186545,0.499999999999999,
0.707106781186545,0.499999999999999,0.707106781186545,0.499999999999999,
0.707106781186545,0.499999999999999,0.707106781186545),(1.,0.707106781186548,
1.,0.707106781186548,1.,0.707106781186548,1.,0.707106781186548,1.),(0.707106781186553,
0.500000000000004,0.707106781186553,0.500000000000004,0.707106781186553,
0.500000000000004,0.707106781186553,0.500000000000004,0.707106781186553),
(1.,0.707106781186548,1.,0.707106781186548,1.,0.707106781186548,1.,0.707106781186548,
1.)))
REPRESENTATION_ITEM('')
SURFACE()
);
#59=(
BOUNDED_SURFACE()
B_SPLINE_SURFACE(2,2,((#6658,#6659,#6660,#6661,#6662,#6663,#6664,#6665,
#6666),(#6667,#6668,#6669,#6670,#6671,#6672,#6673,#6674,#6675),(#6676,#6677,
#6678,#6679,#6680,#6681,#6682,#6683,#6684),(#6685,#6686,#6687,#6688,#6689,
#6690,#6691,#6692,#6693),(#6694,#6695,#6696,#6697,#6698,#6699,#6700,#6701,
#6702)),.UNSPECIFIED.,.F.,.T.,.F.)
B_SPLINE_SURFACE_WITH_KNOTS((3,2,3),(3,2,2,2,3),(-1.5707963267949,0.,1.5707963267949),
(0.,1.5707963267949,3.14159265358979,4.71238898038469,6.28318530717959),
 .UNSPECIFIED.)
GEOMETRIC_REPRESENTATION_ITEM()
RATIONAL_B_SPLINE_SURFACE(((1.,0.707106781186548,1.,0.707106781186548,1.,
0.707106781186548,1.,0.707106781186548,1.),(0.707106781186566,0.500000000000013,
0.707106781186566,0.500000000000013,0.707106781186566,0.500000000000013,
0.707106781186566,0.500000000000013,0.707106781186566),(1.,0.707106781186548,
1.,0.707106781186548,1.,0.707106781186548,1.,0.707106781186548,1.),(0.70710678118662,
0.500000000000051,0.70710678118662,0.500000000000051,0.70710678118662,0.500000000000051,
0.70710678118662,0.500000000000051,0.70710678118662),(1.,0.707106781186548,
1.,0.707106781186548,1.,0.707106781186548,1.,0.707106781186548,1.)))
REPRESENTATION_ITEM('')
SURFACE()
);
#60=(
BOUNDED_SURFACE()
B_SPLINE_SURFACE(1,2,((#6709,#6710,#6711),(#6712,#6713,#6714)),
 .UNSPECIFIED.,.F.,.F.,.F.)
B_SPLINE_SURFACE_WITH_KNOTS((2,2),(3,3),(22.1507735873957,27.2277227722773),
(-3.14159265358979,-1.57079632679488),.UNSPECIFIED.)
GEOMETRIC_REPRESENTATION_ITEM()
RATIONAL_B_SPLINE_SURFACE(((1.,0.707106781186541,1.),(1.,0.707106781186541,
1.)))
REPRESENTATION_ITEM('')
SURFACE()
);
#61=(
BOUNDED_SURFACE()
B_SPLINE_SURFACE(1,2,((#6769,#6770,#6771),(#6772,#6773,#6774)),
 .UNSPECIFIED.,.F.,.F.,.F.)
B_SPLINE_SURFACE_WITH_KNOTS((2,2),(3,3),(2.34879338937588,16.4630877949673),
(-3.14159265358979,-1.57079632546914),.UNSPECIFIED.)
GEOMETRIC_REPRESENTATION_ITEM()
RATIONAL_B_SPLINE_SURFACE(((1.,0.707106780717821,1.),(1.,0.707106780717821,
1.)))
REPRESENTATION_ITEM('')
SURFACE()
);
#62=(
BOUNDED_SURFACE()
B_SPLINE_SURFACE(1,2,((#6838,#6839,#6840),(#6841,#6842,#6843)),
 .UNSPECIFIED.,.F.,.F.,.F.)
B_SPLINE_SURFACE_WITH_KNOTS((2,2),(3,3),(-8.41584158415843,-3.33889240305292),
(-3.14159265358979,-1.570796325469),.UNSPECIFIED.)
GEOMETRIC_REPRESENTATION_ITEM()
RATIONAL_B_SPLINE_SURFACE(((1.,0.707106780717771,1.),(1.,0.707106780717771,
1.)))
REPRESENTATION_ITEM('')
SURFACE()
);
#63=(
BOUNDED_SURFACE()
B_SPLINE_SURFACE(2,2,((#6846,#6847,#6848,#6849,#6850,#6851,#6852,#6853,
#6854),(#6855,#6856,#6857,#6858,#6859,#6860,#6861,#6862,#6863),(#6864,#6865,
#6866,#6867,#6868,#6869,#6870,#6871,#6872),(#6873,#6874,#6875,#6876,#6877,
#6878,#6879,#6880,#6881),(#6882,#6883,#6884,#6885,#6886,#6887,#6888,#6889,
#6890)),.UNSPECIFIED.,.F.,.T.,.F.)
B_SPLINE_SURFACE_WITH_KNOTS((3,2,3),(3,2,2,2,3),(-1.5707963267949,0.,1.5707963267949),
(0.,1.5707963267949,3.14159265358979,4.71238898038469,6.28318530717959),
 .UNSPECIFIED.)
GEOMETRIC_REPRESENTATION_ITEM()
RATIONAL_B_SPLINE_SURFACE(((1.,0.707106781186548,1.,0.707106781186548,1.,
0.707106781186548,1.,0.707106781186548,1.),(0.70710678118662,0.500000000000051,
0.70710678118662,0.500000000000051,0.70710678118662,0.500000000000051,0.70710678118662,
0.500000000000051,0.70710678118662),(1.,0.707106781186548,1.,0.707106781186548,
1.,0.707106781186548,1.,0.707106781186548,1.),(0.707106781186566,0.500000000000013,
0.707106781186566,0.500000000000013,0.707106781186566,0.500000000000013,
0.707106781186566,0.500000000000013,0.707106781186566),(1.,0.707106781186548,
1.,0.707106781186548,1.,0.707106781186548,1.,0.707106781186548,1.)))
REPRESENTATION_ITEM('')
SURFACE()
);
#64=(
BOUNDED_SURFACE()
B_SPLINE_SURFACE(1,2,((#7056,#7057,#7058),(#7059,#7060,#7061)),
 .UNSPECIFIED.,.F.,.F.,.F.)
B_SPLINE_SURFACE_WITH_KNOTS((2,2),(3,3),(-27.2277227722773,-22.1480144132159),
(-1.57079632725252,3.39400419513237E-16),.UNSPECIFIED.)
GEOMETRIC_REPRESENTATION_ITEM()
RATIONAL_B_SPLINE_SURFACE(((1.,0.707106781024753,1.),(1.,0.707106781024753,
1.)))
REPRESENTATION_ITEM('')
SURFACE()
);
#65=(
BOUNDED_SURFACE()
B_SPLINE_SURFACE(1,2,((#7188,#7189,#7190),(#7191,#7192,#7193)),
 .UNSPECIFIED.,.F.,.F.,.F.)
B_SPLINE_SURFACE_WITH_KNOTS((2,2),(3,3),(-16.4658469916784,-2.8493754229531),
(-1.57079633250502,4.23304231674094E-16),.UNSPECIFIED.)
GEOMETRIC_REPRESENTATION_ITEM()
RATIONAL_B_SPLINE_SURFACE(((1.,0.707106779167713,1.),(1.,0.707106779167713,
1.)))
REPRESENTATION_ITEM('')
SURFACE()
);
#66=(
BOUNDED_SURFACE()
B_SPLINE_SURFACE(1,2,((#7338,#7339,#7340),(#7341,#7342,#7343)),
 .UNSPECIFIED.,.F.,.F.,.F.)
B_SPLINE_SURFACE_WITH_KNOTS((2,2),(3,3),(3.83947440217093,8.41584158415843),
(-1.5707963267949,6.72467326900774E-16),.UNSPECIFIED.)
GEOMETRIC_REPRESENTATION_ITEM()
RATIONAL_B_SPLINE_SURFACE(((1.,0.707106781186547,1.),(1.,0.707106781186547,
1.)))
REPRESENTATION_ITEM('')
SURFACE()
);
#67=(
BOUNDED_SURFACE()
B_SPLINE_SURFACE(1,2,((#7346,#7347,#7348),(#7349,#7350,#7351)),
 .UNSPECIFIED.,.F.,.F.,.F.)
B_SPLINE_SURFACE_WITH_KNOTS((2,2),(3,3),(0.990099009901004,2.97029702970294),
(-1.5707963267949,3.05311331771925E-16),.UNSPECIFIED.)
GEOMETRIC_REPRESENTATION_ITEM()
RATIONAL_B_SPLINE_SURFACE(((1.,0.707106781186547,1.),(1.,0.707106781186547,
1.)))
REPRESENTATION_ITEM('')
SURFACE()
);
#68=(
BOUNDED_SURFACE()
B_SPLINE_SURFACE(1,2,((#7354,#7355,#7356),(#7357,#7358,#7359)),
 .UNSPECIFIED.,.F.,.F.,.F.)
B_SPLINE_SURFACE_WITH_KNOTS((2,2),(3,3),(0.990099009901004,2.97029702970294),
(-3.14159265358979,-1.5707963267949),.UNSPECIFIED.)
GEOMETRIC_REPRESENTATION_ITEM()
RATIONAL_B_SPLINE_SURFACE(((1.,0.707106781186547,1.),(1.,0.707106781186547,
1.)))
REPRESENTATION_ITEM('')
SURFACE()
);
#69=(
BOUNDED_SURFACE()
B_SPLINE_SURFACE(1,2,((#7362,#7363,#7364),(#7365,#7366,#7367)),
 .UNSPECIFIED.,.F.,.F.,.F.)
B_SPLINE_SURFACE_WITH_KNOTS((2,2),(3,3),(-27.2277227722773,8.41584158415843),
(-3.14159265358979,-1.5707963267949),.UNSPECIFIED.)
GEOMETRIC_REPRESENTATION_ITEM()
RATIONAL_B_SPLINE_SURFACE(((1.,0.707106781186547,1.),(1.,0.707106781186547,
1.)))
REPRESENTATION_ITEM('')
SURFACE()
);
#70=(
BOUNDED_SURFACE()
B_SPLINE_SURFACE(1,2,((#7630,#7631,#7632),(#7633,#7634,#7635)),
 .UNSPECIFIED.,.F.,.F.,.F.)
B_SPLINE_SURFACE_WITH_KNOTS((2,2),(3,3),(0.990099009901004,2.97029702970294),
(-3.14159265358979,-1.57079632679489),.UNSPECIFIED.)
GEOMETRIC_REPRESENTATION_ITEM()
RATIONAL_B_SPLINE_SURFACE(((1.,0.707106781186547,1.),(1.,0.707106781186547,
1.)))
REPRESENTATION_ITEM('')
SURFACE()
);
#71=(
BOUNDED_SURFACE()
B_SPLINE_SURFACE(1,2,((#7638,#7639,#7640),(#7641,#7642,#7643)),
 .UNSPECIFIED.,.F.,.F.,.F.)
B_SPLINE_SURFACE_WITH_KNOTS((2,2),(3,3),(-8.41584158415843,27.2277227722773),
(-1.5707963267949,3.25522631705413E-16),.UNSPECIFIED.)
GEOMETRIC_REPRESENTATION_ITEM()
RATIONAL_B_SPLINE_SURFACE(((1.,0.707106781186547,1.),(1.,0.707106781186547,
1.)))
REPRESENTATION_ITEM('')
SURFACE()
);
#72=(
BOUNDED_SURFACE()
B_SPLINE_SURFACE(1,2,((#7646,#7647,#7648),(#7649,#7650,#7651)),
 .UNSPECIFIED.,.F.,.F.,.F.)
B_SPLINE_SURFACE_WITH_KNOTS((2,2),(3,3),(0.990099009901004,2.97029702970294),
(-1.5707963267949,1.44328993201271E-15),.UNSPECIFIED.)
GEOMETRIC_REPRESENTATION_ITEM()
RATIONAL_B_SPLINE_SURFACE(((1.,0.707106781186547,1.),(1.,0.707106781186547,
1.)))
REPRESENTATION_ITEM('')
SURFACE()
);
#73=(
BOUNDED_SURFACE()
B_SPLINE_SURFACE(1,2,((#8482,#8483,#8484,#8485,#8486,#8487,#8488,#8489,
#8490),(#8491,#8492,#8493,#8494,#8495,#8496,#8497,#8498,#8499)),
 .UNSPECIFIED.,.F.,.T.,.F.)
B_SPLINE_SURFACE_WITH_KNOTS((2,2),(3,2,2,2,3),(-1.4952638011812E-17,2.37623762376237),
(-3.14159265358979,-1.5707963267949,0.,1.5707963267949,3.14159265358979),
 .UNSPECIFIED.)
GEOMETRIC_REPRESENTATION_ITEM()
RATIONAL_B_SPLINE_SURFACE(((1.,0.707106781186548,1.,0.707106781186548,1.,
0.707106781186548,1.,0.707106781186548,1.),(1.,0.707106781186548,1.,0.707106781186548,
1.,0.707106781186548,1.,0.707106781186548,1.)))
REPRESENTATION_ITEM('')
SURFACE()
);
#74=(
BOUNDED_SURFACE()
B_SPLINE_SURFACE(1,2,((#8503,#8504,#8505,#8506,#8507,#8508,#8509,#8510,
#8511),(#8512,#8513,#8514,#8515,#8516,#8517,#8518,#8519,#8520)),
 .UNSPECIFIED.,.F.,.T.,.F.)
B_SPLINE_SURFACE_WITH_KNOTS((2,2),(3,2,2,2,3),(-1.4952638011812E-17,2.37623762376243),
(-3.14159265358979,-1.5707963267949,0.,1.5707963267949,3.14159265358979),
 .UNSPECIFIED.)
GEOMETRIC_REPRESENTATION_ITEM()
RATIONAL_B_SPLINE_SURFACE(((1.,0.707106781186548,1.,0.707106781186548,1.,
0.707106781186548,1.,0.707106781186548,1.),(1.,0.707106781186548,1.,0.707106781186548,
1.,0.707106781186548,1.,0.707106781186548,1.)))
REPRESENTATION_ITEM('')
SURFACE()
);
#75=(
BOUNDED_SURFACE()
B_SPLINE_SURFACE(1,2,((#8524,#8525,#8526,#8527,#8528,#8529,#8530,#8531,
#8532),(#8533,#8534,#8535,#8536,#8537,#8538,#8539,#8540,#8541)),
 .UNSPECIFIED.,.F.,.T.,.F.)
B_SPLINE_SURFACE_WITH_KNOTS((2,2),(3,2,2,2,3),(-1.49526380118121E-17,2.37623762376237),
(-3.14159265358979,-1.5707963267949,0.,1.5707963267949,3.14159265358979),
 .UNSPECIFIED.)
GEOMETRIC_REPRESENTATION_ITEM()
RATIONAL_B_SPLINE_SURFACE(((1.,0.707106781186548,1.,0.707106781186548,1.,
0.707106781186548,1.,0.707106781186548,1.),(1.,0.707106781186548,1.,0.707106781186548,
1.,0.707106781186548,1.,0.707106781186548,1.)))
REPRESENTATION_ITEM('')
SURFACE()
);
#76=(
BOUNDED_SURFACE()
B_SPLINE_SURFACE(1,2,((#8760,#8761,#8762,#8763,#8764,#8765,#8766,#8767,
#8768),(#8769,#8770,#8771,#8772,#8773,#8774,#8775,#8776,#8777)),
 .UNSPECIFIED.,.F.,.T.,.F.)
B_SPLINE_SURFACE_WITH_KNOTS((2,2),(3,2,2,2,3),(-1.4952638011812E-17,2.37623762376237),
(-3.14159265358979,-1.5707963267949,0.,1.5707963267949,3.14159265358979),
 .UNSPECIFIED.)
GEOMETRIC_REPRESENTATION_ITEM()
RATIONAL_B_SPLINE_SURFACE(((1.,0.707106781186548,1.,0.707106781186548,1.,
0.707106781186548,1.,0.707106781186548,1.),(1.,0.707106781186548,1.,0.707106781186548,
1.,0.707106781186548,1.,0.707106781186548,1.)))
REPRESENTATION_ITEM('')
SURFACE()
);
#77=(
BOUNDED_SURFACE()
B_SPLINE_SURFACE(1,2,((#8786,#8787,#8788,#8789,#8790,#8791,#8792,#8793,
#8794),(#8795,#8796,#8797,#8798,#8799,#8800,#8801,#8802,#8803)),
 .UNSPECIFIED.,.F.,.T.,.F.)
B_SPLINE_SURFACE_WITH_KNOTS((2,2),(3,2,2,2,3),(-4.69797869466663,4.6979786946666),
(-3.14159265358979,-1.5707963267949,0.,1.5707963267949,3.14159265358979),
 .UNSPECIFIED.)
GEOMETRIC_REPRESENTATION_ITEM()
RATIONAL_B_SPLINE_SURFACE(((1.,0.707106781186548,1.,0.707106781186548,1.,
0.707106781186548,1.,0.707106781186548,1.),(1.,0.707106781186548,1.,0.707106781186548,
1.,0.707106781186548,1.,0.707106781186548,1.)))
REPRESENTATION_ITEM('')
SURFACE()
);
#78=(
BOUNDED_SURFACE()
B_SPLINE_SURFACE(1,2,((#8812,#8813,#8814,#8815,#8816,#8817,#8818,#8819,
#8820),(#8821,#8822,#8823,#8824,#8825,#8826,#8827,#8828,#8829)),
 .UNSPECIFIED.,.F.,.T.,.F.)
B_SPLINE_SURFACE_WITH_KNOTS((2,2),(3,2,2,2,3),(-4.69797869466663,4.6979786946666),
(-3.14159265358979,-1.5707963267949,0.,1.5707963267949,3.14159265358979),
 .UNSPECIFIED.)
GEOMETRIC_REPRESENTATION_ITEM()
RATIONAL_B_SPLINE_SURFACE(((1.,0.707106781186548,1.,0.707106781186548,1.,
0.707106781186548,1.,0.707106781186548,1.),(1.,0.707106781186548,1.,0.707106781186548,
1.,0.707106781186548,1.,0.707106781186548,1.)))
REPRESENTATION_ITEM('')
SURFACE()
);
#79=(
BOUNDED_SURFACE()
B_SPLINE_SURFACE(1,2,((#8838,#8839,#8840,#8841,#8842,#8843,#8844,#8845,
#8846),(#8847,#8848,#8849,#8850,#8851,#8852,#8853,#8854,#8855)),
 .UNSPECIFIED.,.F.,.T.,.F.)
B_SPLINE_SURFACE_WITH_KNOTS((2,2),(3,2,2,2,3),(-4.69797869466663,4.6979786946666),
(-3.14159265358979,-1.5707963267949,0.,1.5707963267949,3.14159265358979),
 .UNSPECIFIED.)
GEOMETRIC_REPRESENTATION_ITEM()
RATIONAL_B_SPLINE_SURFACE(((1.,0.707106781186548,1.,0.707106781186548,1.,
0.707106781186548,1.,0.707106781186548,1.),(1.,0.707106781186548,1.,0.707106781186548,
1.,0.707106781186548,1.,0.707106781186548,1.)))
REPRESENTATION_ITEM('')
SURFACE()
);
#80=(
BOUNDED_SURFACE()
B_SPLINE_SURFACE(1,2,((#8864,#8865,#8866,#8867,#8868,#8869,#8870,#8871,
#8872),(#8873,#8874,#8875,#8876,#8877,#8878,#8879,#8880,#8881)),
 .UNSPECIFIED.,.F.,.T.,.F.)
B_SPLINE_SURFACE_WITH_KNOTS((2,2),(3,2,2,2,3),(-4.69797869466663,4.6979786946666),
(-3.14159265358979,-1.5707963267949,0.,1.5707963267949,3.14159265358979),
 .UNSPECIFIED.)
GEOMETRIC_REPRESENTATION_ITEM()
RATIONAL_B_SPLINE_SURFACE(((1.,0.707106781186548,1.,0.707106781186548,1.,
0.707106781186548,1.,0.707106781186548,1.),(1.,0.707106781186548,1.,0.707106781186548,
1.,0.707106781186548,1.,0.707106781186548,1.)))
REPRESENTATION_ITEM('')
SURFACE()
);
#81=B_SPLINE_CURVE_WITH_KNOTS('',3,(#4693,#4694,#4695,#4696,#4697),
 .UNSPECIFIED.,.F.,.F.,(4,1,4),(0.,0.0472745972093173,0.086673797035469),
 .UNSPECIFIED.);
#82=B_SPLINE_CURVE_WITH_KNOTS('',3,(#4700,#4701,#4702,#4703,#4704),
 .UNSPECIFIED.,.F.,.F.,(4,1,4),(0.,0.0472745972093173,0.086673797035469),
 .UNSPECIFIED.);
#83=B_SPLINE_CURVE_WITH_KNOTS('',3,(#4716,#4717,#4718,#4719,#4720),
 .UNSPECIFIED.,.F.,.F.,(4,1,4),(0.,0.055189712244631,0.107749572506389),
 .UNSPECIFIED.);
#84=B_SPLINE_CURVE_WITH_KNOTS('',3,(#4723,#4724,#4725,#4726,#4727),
 .UNSPECIFIED.,.F.,.F.,(4,1,4),(0.,0.055189712244631,0.107749572506389),
 .UNSPECIFIED.);
#85=B_SPLINE_CURVE_WITH_KNOTS('',3,(#4745,#4746,#4747,#4748,#4749),
 .UNSPECIFIED.,.F.,.F.,(4,1,4),(0.,0.0388394638774466,0.0720638734377718),
 .UNSPECIFIED.);
#86=B_SPLINE_CURVE_WITH_KNOTS('',3,(#4752,#4753,#4754,#4755,#4756),
 .UNSPECIFIED.,.F.,.F.,(4,1,4),(0.,0.0388394638774466,0.0720638734377718),
 .UNSPECIFIED.);
#87=B_SPLINE_CURVE_WITH_KNOTS('',3,(#4768,#4769,#4770,#4771,#4772),
 .UNSPECIFIED.,.F.,.F.,(4,1,4),(0.,0.0332213910107131,0.0720194275944278),
 .UNSPECIFIED.);
#88=B_SPLINE_CURVE_WITH_KNOTS('',3,(#4775,#4776,#4777,#4778,#4779),
 .UNSPECIFIED.,.F.,.F.,(4,1,4),(0.,0.0332213910107131,0.0720194275944278),
 .UNSPECIFIED.);
#89=B_SPLINE_CURVE_WITH_KNOTS('',3,(#4816,#4817,#4818,#4819,#4820),
 .UNSPECIFIED.,.F.,.F.,(4,1,4),(0.,0.0329070565782188,0.076633224457045),
 .UNSPECIFIED.);
#90=B_SPLINE_CURVE_WITH_KNOTS('',3,(#4823,#4824,#4825,#4826,#4827),
 .UNSPECIFIED.,.F.,.F.,(4,1,4),(0.,0.0329070565782188,0.076633224457045),
 .UNSPECIFIED.);
#91=B_SPLINE_CURVE_WITH_KNOTS('',3,(#4839,#4840,#4841,#4842,#4843),
 .UNSPECIFIED.,.F.,.F.,(4,1,4),(0.,0.0253392409704712,0.0518120335904896),
 .UNSPECIFIED.);
#92=B_SPLINE_CURVE_WITH_KNOTS('',3,(#4846,#4847,#4848,#4849,#4850),
 .UNSPECIFIED.,.F.,.F.,(4,1,4),(0.,0.0253392409704712,0.0518120335904896),
 .UNSPECIFIED.);
#93=B_SPLINE_CURVE_WITH_KNOTS('',3,(#4862,#4863,#4864,#4865,#4866),
 .UNSPECIFIED.,.F.,.F.,(4,1,4),(0.,0.0251724964704276,0.0503266914270505),
 .UNSPECIFIED.);
#94=B_SPLINE_CURVE_WITH_KNOTS('',3,(#4869,#4870,#4871,#4872,#4873),
 .UNSPECIFIED.,.F.,.F.,(4,1,4),(0.,0.0251724964704276,0.0503266914270505),
 .UNSPECIFIED.);
#95=B_SPLINE_CURVE_WITH_KNOTS('',3,(#4885,#4886,#4887,#4888,#4889),
 .UNSPECIFIED.,.F.,.F.,(4,1,4),(0.,0.025037451407721,0.0548117140012497),
 .UNSPECIFIED.);
#96=B_SPLINE_CURVE_WITH_KNOTS('',3,(#4892,#4893,#4894,#4895,#4896),
 .UNSPECIFIED.,.F.,.F.,(4,1,4),(0.,0.025037451407721,0.0548117140012497),
 .UNSPECIFIED.);
#97=B_SPLINE_CURVE_WITH_KNOTS('',3,(#4908,#4909,#4910,#4911,#4912),
 .UNSPECIFIED.,.F.,.F.,(4,1,4),(0.,0.0360076967032069,0.0639542109937224),
 .UNSPECIFIED.);
#98=B_SPLINE_CURVE_WITH_KNOTS('',3,(#4915,#4916,#4917,#4918,#4919),
 .UNSPECIFIED.,.F.,.F.,(4,1,4),(0.,0.0360076967032069,0.0639542109937224),
 .UNSPECIFIED.);
#99=B_SPLINE_CURVE_WITH_KNOTS('',3,(#4949,#4950,#4951,#4952,#4953),
 .UNSPECIFIED.,.F.,.F.,(4,1,4),(0.,0.038078699447079,0.0867922579298159),
 .UNSPECIFIED.);
#100=B_SPLINE_CURVE_WITH_KNOTS('',3,(#4956,#4957,#4958,#4959,#4960),
 .UNSPECIFIED.,.F.,.F.,(4,1,4),(0.,0.038078699447079,0.0867922579298159),
 .UNSPECIFIED.);
#101=B_SPLINE_CURVE_WITH_KNOTS('',3,(#4972,#4973,#4974,#4975,#4976),
 .UNSPECIFIED.,.F.,.F.,(4,1,4),(0.,0.035531519910221,0.069798323727161),
 .UNSPECIFIED.);
#102=B_SPLINE_CURVE_WITH_KNOTS('',3,(#4979,#4980,#4981,#4982,#4983),
 .UNSPECIFIED.,.F.,.F.,(4,1,4),(0.,0.035531519910221,0.069798323727161),
 .UNSPECIFIED.);
#103=B_SPLINE_CURVE_WITH_KNOTS('',3,(#4995,#4996,#4997,#4998,#4999),
 .UNSPECIFIED.,.F.,.F.,(4,1,4),(0.,0.0185968343992209,0.038532486848591),
 .UNSPECIFIED.);
#104=B_SPLINE_CURVE_WITH_KNOTS('',3,(#5002,#5003,#5004,#5005,#5006),
 .UNSPECIFIED.,.F.,.F.,(4,1,4),(0.,0.0185968343992209,0.038532486848591),
 .UNSPECIFIED.);
#105=B_SPLINE_CURVE_WITH_KNOTS('',3,(#5018,#5019,#5020,#5021,#5022),
 .UNSPECIFIED.,.F.,.F.,(4,1,4),(0.,0.0168633499616619,0.0343939242910134),
 .UNSPECIFIED.);
#106=B_SPLINE_CURVE_WITH_KNOTS('',3,(#5025,#5026,#5027,#5028,#5029),
 .UNSPECIFIED.,.F.,.F.,(4,1,4),(0.,0.0168633499616619,0.0343939242910134),
 .UNSPECIFIED.);
#107=B_SPLINE_CURVE_WITH_KNOTS('',3,(#5041,#5042,#5043,#5044,#5045),
 .UNSPECIFIED.,.F.,.F.,(4,1,4),(0.,0.0317114769022632,0.0535346643516801),
 .UNSPECIFIED.);
#108=B_SPLINE_CURVE_WITH_KNOTS('',3,(#5048,#5049,#5050,#5051,#5052),
 .UNSPECIFIED.,.F.,.F.,(4,1,4),(0.,0.0317114769022632,0.0535346643516801),
 .UNSPECIFIED.);
#109=B_SPLINE_CURVE_WITH_KNOTS('',3,(#5082,#5083,#5084,#5085,#5086),
 .UNSPECIFIED.,.F.,.F.,(4,1,4),(0.,0.0436946112259235,0.0981946852182548),
 .UNSPECIFIED.);
#110=B_SPLINE_CURVE_WITH_KNOTS('',3,(#5089,#5090,#5091,#5092,#5093),
 .UNSPECIFIED.,.F.,.F.,(4,1,4),(0.,0.0436946112259235,0.0981946852182548),
 .UNSPECIFIED.);
#111=B_SPLINE_CURVE_WITH_KNOTS('',3,(#5105,#5106,#5107,#5108,#5109),
 .UNSPECIFIED.,.F.,.F.,(4,1,4),(0.,0.0482440706229448,0.0899700511745457),
 .UNSPECIFIED.);
#112=B_SPLINE_CURVE_WITH_KNOTS('',3,(#5112,#5113,#5114,#5115,#5116),
 .UNSPECIFIED.,.F.,.F.,(4,1,4),(0.,0.0482440706229448,0.0899700511745457),
 .UNSPECIFIED.);
#113=B_SPLINE_CURVE_WITH_KNOTS('',3,(#5128,#5129,#5130,#5131,#5132),
 .UNSPECIFIED.,.F.,.F.,(4,1,4),(0.,0.0686253403986958,0.133023409530805),
 .UNSPECIFIED.);
#114=B_SPLINE_CURVE_WITH_KNOTS('',3,(#5135,#5136,#5137,#5138,#5139),
 .UNSPECIFIED.,.F.,.F.,(4,1,4),(0.,0.0686253403986958,0.133023409530805),
 .UNSPECIFIED.);
#115=B_SPLINE_CURVE_WITH_KNOTS('',3,(#5151,#5152,#5153,#5154,#5155),
 .UNSPECIFIED.,.F.,.F.,(4,1,4),(0.,0.0297248376464142,0.0600346493209035),
 .UNSPECIFIED.);
#116=B_SPLINE_CURVE_WITH_KNOTS('',3,(#5158,#5159,#5160,#5161,#5162),
 .UNSPECIFIED.,.F.,.F.,(4,1,4),(0.,0.0297248376464142,0.0600346493209035),
 .UNSPECIFIED.);
#117=B_SPLINE_CURVE_WITH_KNOTS('',3,(#5174,#5175,#5176,#5177,#5178),
 .UNSPECIFIED.,.F.,.F.,(4,1,4),(0.,0.0368593641299243,0.0687959111683691),
 .UNSPECIFIED.);
#118=B_SPLINE_CURVE_WITH_KNOTS('',3,(#5181,#5182,#5183,#5184,#5185),
 .UNSPECIFIED.,.F.,.F.,(4,1,4),(0.,0.0368593641299243,0.0687959111683691),
 .UNSPECIFIED.);
#119=B_SPLINE_CURVE_WITH_KNOTS('',3,(#5197,#5198,#5199,#5200,#5201),
 .UNSPECIFIED.,.F.,.F.,(4,1,4),(0.,0.0326169897033987,0.0670477584628593),
 .UNSPECIFIED.);
#120=B_SPLINE_CURVE_WITH_KNOTS('',3,(#5204,#5205,#5206,#5207,#5208),
 .UNSPECIFIED.,.F.,.F.,(4,1,4),(0.,0.0326169897033987,0.0670477584628593),
 .UNSPECIFIED.);
#121=B_SPLINE_CURVE_WITH_KNOTS('',3,(#5220,#5221,#5222,#5223,#5224),
 .UNSPECIFIED.,.F.,.F.,(4,1,4),(0.,0.0311578367224097,0.0628352217633175),
 .UNSPECIFIED.);
#122=B_SPLINE_CURVE_WITH_KNOTS('',3,(#5227,#5228,#5229,#5230,#5231),
 .UNSPECIFIED.,.F.,.F.,(4,1,4),(0.,0.0311578367224097,0.0628352217633175),
 .UNSPECIFIED.);
#123=B_SPLINE_CURVE_WITH_KNOTS('',3,(#5274,#5275,#5276,#5277,#5278),
 .UNSPECIFIED.,.F.,.F.,(4,1,4),(0.,0.0329070565782188,0.076633224457045),
 .UNSPECIFIED.);
#124=B_SPLINE_CURVE_WITH_KNOTS('',3,(#5281,#5282,#5283,#5284,#5285),
 .UNSPECIFIED.,.F.,.F.,(4,1,4),(0.,0.0329070565782188,0.076633224457045),
 .UNSPECIFIED.);
#125=B_SPLINE_CURVE_WITH_KNOTS('',3,(#5297,#5298,#5299,#5300,#5301),
 .UNSPECIFIED.,.F.,.F.,(4,1,4),(0.,0.0253392409704712,0.0518120335904896),
 .UNSPECIFIED.);
#126=B_SPLINE_CURVE_WITH_KNOTS('',3,(#5304,#5305,#5306,#5307,#5308),
 .UNSPECIFIED.,.F.,.F.,(4,1,4),(0.,0.0253392409704712,0.0518120335904896),
 .UNSPECIFIED.);
#127=B_SPLINE_CURVE_WITH_KNOTS('',3,(#5320,#5321,#5322,#5323,#5324),
 .UNSPECIFIED.,.F.,.F.,(4,1,4),(0.,0.0251724964704276,0.0503266914270505),
 .UNSPECIFIED.);
#128=B_SPLINE_CURVE_WITH_KNOTS('',3,(#5327,#5328,#5329,#5330,#5331),
 .UNSPECIFIED.,.F.,.F.,(4,1,4),(0.,0.0251724964704276,0.0503266914270505),
 .UNSPECIFIED.);
#129=B_SPLINE_CURVE_WITH_KNOTS('',3,(#5343,#5344,#5345,#5346,#5347),
 .UNSPECIFIED.,.F.,.F.,(4,1,4),(0.,0.0250373572223851,0.0548117372522734),
 .UNSPECIFIED.);
#130=B_SPLINE_CURVE_WITH_KNOTS('',3,(#5350,#5351,#5352,#5353,#5354),
 .UNSPECIFIED.,.F.,.F.,(4,1,4),(0.,0.0250373572223851,0.0548117372522734),
 .UNSPECIFIED.);
#131=B_SPLINE_CURVE_WITH_KNOTS('',3,(#5366,#5367,#5368,#5369,#5370),
 .UNSPECIFIED.,.F.,.F.,(4,1,4),(0.,0.0360076967032069,0.0639542109937224),
 .UNSPECIFIED.);
#132=B_SPLINE_CURVE_WITH_KNOTS('',3,(#5373,#5374,#5375,#5376,#5377),
 .UNSPECIFIED.,.F.,.F.,(4,1,4),(0.,0.0360076967032069,0.0639542109937224),
 .UNSPECIFIED.);
#133=B_SPLINE_CURVE_WITH_KNOTS('',3,(#5407,#5408,#5409,#5410,#5411),
 .UNSPECIFIED.,.F.,.F.,(4,1,4),(0.,0.038078699447079,0.0867922579298159),
 .UNSPECIFIED.);
#134=B_SPLINE_CURVE_WITH_KNOTS('',3,(#5414,#5415,#5416,#5417,#5418),
 .UNSPECIFIED.,.F.,.F.,(4,1,4),(0.,0.038078699447079,0.0867922579298159),
 .UNSPECIFIED.);
#135=B_SPLINE_CURVE_WITH_KNOTS('',3,(#5430,#5431,#5432,#5433,#5434),
 .UNSPECIFIED.,.F.,.F.,(4,1,4),(0.,0.035531519910221,0.069798323727161),
 .UNSPECIFIED.);
#136=B_SPLINE_CURVE_WITH_KNOTS('',3,(#5437,#5438,#5439,#5440,#5441),
 .UNSPECIFIED.,.F.,.F.,(4,1,4),(0.,0.035531519910221,0.069798323727161),
 .UNSPECIFIED.);
#137=B_SPLINE_CURVE_WITH_KNOTS('',3,(#5453,#5454,#5455,#5456,#5457),
 .UNSPECIFIED.,.F.,.F.,(4,1,4),(0.,0.0185967250846878,0.0385322592453117),
 .UNSPECIFIED.);
#138=B_SPLINE_CURVE_WITH_KNOTS('',3,(#5460,#5461,#5462,#5463,#5464),
 .UNSPECIFIED.,.F.,.F.,(4,1,4),(0.,0.0185967250846878,0.0385322592453117),
 .UNSPECIFIED.);
#139=B_SPLINE_CURVE_WITH_KNOTS('',3,(#5476,#5477,#5478,#5479,#5480),
 .UNSPECIFIED.,.F.,.F.,(4,1,4),(0.,0.0168634093331801,0.0343941639868219),
 .UNSPECIFIED.);
#140=B_SPLINE_CURVE_WITH_KNOTS('',3,(#5483,#5484,#5485,#5486,#5487),
 .UNSPECIFIED.,.F.,.F.,(4,1,4),(0.,0.0168634093331801,0.0343941639868219),
 .UNSPECIFIED.);
#141=B_SPLINE_CURVE_WITH_KNOTS('',3,(#5499,#5500,#5501,#5502,#5503),
 .UNSPECIFIED.,.F.,.F.,(4,1,4),(0.,0.0317114712932473,0.0535346831954905),
 .UNSPECIFIED.);
#142=B_SPLINE_CURVE_WITH_KNOTS('',3,(#5506,#5507,#5508,#5509,#5510),
 .UNSPECIFIED.,.F.,.F.,(4,1,4),(0.,0.0317114712932473,0.0535346831954905),
 .UNSPECIFIED.);
#143=B_SPLINE_CURVE_WITH_KNOTS('',3,(#5540,#5541,#5542,#5543,#5544),
 .UNSPECIFIED.,.F.,.F.,(4,1,4),(0.,0.0436946112259235,0.0981946693656093),
 .UNSPECIFIED.);
#144=B_SPLINE_CURVE_WITH_KNOTS('',3,(#5547,#5548,#5549,#5550,#5551),
 .UNSPECIFIED.,.F.,.F.,(4,1,4),(0.,0.0436946112259235,0.0981946693656093),
 .UNSPECIFIED.);
#145=B_SPLINE_CURVE_WITH_KNOTS('',3,(#5563,#5564,#5565,#5566,#5567),
 .UNSPECIFIED.,.F.,.F.,(4,1,4),(0.,0.0482443061733339,0.0899702867249348),
 .UNSPECIFIED.);
#146=B_SPLINE_CURVE_WITH_KNOTS('',3,(#5570,#5571,#5572,#5573,#5574),
 .UNSPECIFIED.,.F.,.F.,(4,1,4),(0.,0.0482443061733339,0.0899702867249348),
 .UNSPECIFIED.);
#147=B_SPLINE_CURVE_WITH_KNOTS('',3,(#5586,#5587,#5588,#5589,#5590),
 .UNSPECIFIED.,.F.,.F.,(4,1,4),(0.,0.0686252544914746,0.133023554699036),
 .UNSPECIFIED.);
#148=B_SPLINE_CURVE_WITH_KNOTS('',3,(#5593,#5594,#5595,#5596,#5597),
 .UNSPECIFIED.,.F.,.F.,(4,1,4),(0.,0.0686252544914746,0.133023554699036),
 .UNSPECIFIED.);
#149=B_SPLINE_CURVE_WITH_KNOTS('',3,(#5609,#5610,#5611,#5612,#5613),
 .UNSPECIFIED.,.F.,.F.,(4,1,4),(0.,0.0297249256993241,0.0600346243602696),
 .UNSPECIFIED.);
#150=B_SPLINE_CURVE_WITH_KNOTS('',3,(#5616,#5617,#5618,#5619,#5620),
 .UNSPECIFIED.,.F.,.F.,(4,1,4),(0.,0.0297249256993241,0.0600346243602696),
 .UNSPECIFIED.);
#151=B_SPLINE_CURVE_WITH_KNOTS('',3,(#5632,#5633,#5634,#5635,#5636),
 .UNSPECIFIED.,.F.,.F.,(4,1,4),(0.,0.0368593641299243,0.0687959111683691),
 .UNSPECIFIED.);
#152=B_SPLINE_CURVE_WITH_KNOTS('',3,(#5639,#5640,#5641,#5642,#5643),
 .UNSPECIFIED.,.F.,.F.,(4,1,4),(0.,0.0368593641299243,0.0687959111683691),
 .UNSPECIFIED.);
#153=B_SPLINE_CURVE_WITH_KNOTS('',3,(#5655,#5656,#5657,#5658,#5659),
 .UNSPECIFIED.,.F.,.F.,(4,1,4),(0.,0.0326169897033987,0.0670477584628593),
 .UNSPECIFIED.);
#154=B_SPLINE_CURVE_WITH_KNOTS('',3,(#5662,#5663,#5664,#5665,#5666),
 .UNSPECIFIED.,.F.,.F.,(4,1,4),(0.,0.0326169897033987,0.0670477584628593),
 .UNSPECIFIED.);
#155=B_SPLINE_CURVE_WITH_KNOTS('',3,(#5678,#5679,#5680,#5681,#5682),
 .UNSPECIFIED.,.F.,.F.,(4,1,4),(0.,0.0311578367224097,0.0628352217633175),
 .UNSPECIFIED.);
#156=B_SPLINE_CURVE_WITH_KNOTS('',3,(#5685,#5686,#5687,#5688,#5689),
 .UNSPECIFIED.,.F.,.F.,(4,1,4),(0.,0.0311578367224097,0.0628352217633175),
 .UNSPECIFIED.);
#157=B_SPLINE_CURVE_WITH_KNOTS('',3,(#5724,#5725,#5726,#5727,#5728),
 .UNSPECIFIED.,.F.,.F.,(4,1,4),(0.,0.0610333033456081,0.118245815574016),
 .UNSPECIFIED.);
#158=B_SPLINE_CURVE_WITH_KNOTS('',3,(#5732,#5733,#5734,#5735,#5736),
 .UNSPECIFIED.,.F.,.F.,(4,1,4),(0.,0.0610333033456081,0.118245815574016),
 .UNSPECIFIED.);
#159=B_SPLINE_CURVE_WITH_KNOTS('',3,(#5749,#5750,#5751,#5752,#5753),
 .UNSPECIFIED.,.F.,.F.,(4,1,4),(0.,0.0639413352413962,0.13158403327513),
 .UNSPECIFIED.);
#160=B_SPLINE_CURVE_WITH_KNOTS('',3,(#5756,#5757,#5758,#5759,#5760),
 .UNSPECIFIED.,.F.,.F.,(4,1,4),(0.,0.0639413352413962,0.13158403327513),
 .UNSPECIFIED.);
#161=B_SPLINE_CURVE_WITH_KNOTS('',3,(#5772,#5773,#5774,#5775,#5776),
 .UNSPECIFIED.,.F.,.F.,(4,1,4),(0.,0.0616627564387193,0.123588230350327),
 .UNSPECIFIED.);
#162=B_SPLINE_CURVE_WITH_KNOTS('',3,(#5779,#5780,#5781,#5782,#5783),
 .UNSPECIFIED.,.F.,.F.,(4,1,4),(0.,0.0616627564387193,0.123588230350327),
 .UNSPECIFIED.);
#163=B_SPLINE_CURVE_WITH_KNOTS('',3,(#5795,#5796,#5797,#5798,#5799),
 .UNSPECIFIED.,.F.,.F.,(4,1,4),(0.,0.0406877115428404,0.0854912732214503),
 .UNSPECIFIED.);
#164=B_SPLINE_CURVE_WITH_KNOTS('',3,(#5802,#5803,#5804,#5805,#5806),
 .UNSPECIFIED.,.F.,.F.,(4,1,4),(0.,0.0406877115428404,0.0854912732214503),
 .UNSPECIFIED.);
#165=B_SPLINE_CURVE_WITH_KNOTS('',3,(#5818,#5819,#5820,#5821,#5822),
 .UNSPECIFIED.,.F.,.F.,(4,1,4),(0.,0.0424179727043892,0.0822289326201915),
 .UNSPECIFIED.);
#166=B_SPLINE_CURVE_WITH_KNOTS('',3,(#5825,#5826,#5827,#5828,#5829),
 .UNSPECIFIED.,.F.,.F.,(4,1,4),(0.,0.0424179727043892,0.0822289326201915),
 .UNSPECIFIED.);
#167=B_SPLINE_CURVE_WITH_KNOTS('',3,(#5841,#5842,#5843,#5844,#5845),
 .UNSPECIFIED.,.F.,.F.,(4,1,4),(0.,0.0321769124501472,0.0673182240740687),
 .UNSPECIFIED.);
#168=B_SPLINE_CURVE_WITH_KNOTS('',3,(#5848,#5849,#5850,#5851,#5852),
 .UNSPECIFIED.,.F.,.F.,(4,1,4),(0.,0.0321769124501472,0.0673182240740687),
 .UNSPECIFIED.);
#169=B_SPLINE_CURVE_WITH_KNOTS('',3,(#5864,#5865,#5866,#5867,#5868),
 .UNSPECIFIED.,.F.,.F.,(4,1,4),(0.,0.0312555459400157,0.0621931597493705),
 .UNSPECIFIED.);
#170=B_SPLINE_CURVE_WITH_KNOTS('',3,(#5871,#5872,#5873,#5874,#5875),
 .UNSPECIFIED.,.F.,.F.,(4,1,4),(0.,0.0312555459400157,0.0621931597493705),
 .UNSPECIFIED.);
#171=B_SPLINE_CURVE_WITH_KNOTS('',3,(#5887,#5888,#5889,#5890,#5891),
 .UNSPECIFIED.,.F.,.F.,(4,1,4),(0.,0.0341542731002922,0.0676349637414384),
 .UNSPECIFIED.);
#172=B_SPLINE_CURVE_WITH_KNOTS('',3,(#5894,#5895,#5896,#5897,#5898),
 .UNSPECIFIED.,.F.,.F.,(4,1,4),(0.,0.0341542731002922,0.0676349637414384),
 .UNSPECIFIED.);
#173=B_SPLINE_CURVE_WITH_KNOTS('',3,(#5910,#5911,#5912,#5913,#5914),
 .UNSPECIFIED.,.F.,.F.,(4,1,4),(0.,0.0368112709428379,0.0719492166506987),
 .UNSPECIFIED.);
#174=B_SPLINE_CURVE_WITH_KNOTS('',3,(#5917,#5918,#5919,#5920,#5921),
 .UNSPECIFIED.,.F.,.F.,(4,1,4),(0.,0.0368112709428379,0.0719492166506987),
 .UNSPECIFIED.);
#175=B_SPLINE_CURVE_WITH_KNOTS('',3,(#5933,#5934,#5935,#5936,#5937),
 .UNSPECIFIED.,.F.,.F.,(4,1,4),(0.,0.0395521710506646,0.0779502137363393),
 .UNSPECIFIED.);
#176=B_SPLINE_CURVE_WITH_KNOTS('',3,(#5940,#5941,#5942,#5943,#5944),
 .UNSPECIFIED.,.F.,.F.,(4,1,4),(0.,0.0395521710506646,0.0779502137363393),
 .UNSPECIFIED.);
#177=B_SPLINE_CURVE_WITH_KNOTS('',3,(#5956,#5957,#5958,#5959,#5960),
 .UNSPECIFIED.,.F.,.F.,(4,1,4),(0.,0.0514944282115091,0.10663599453871),
 .UNSPECIFIED.);
#178=B_SPLINE_CURVE_WITH_KNOTS('',3,(#5963,#5964,#5965,#5966,#5967),
 .UNSPECIFIED.,.F.,.F.,(4,1,4),(0.,0.0514944282115091,0.10663599453871),
 .UNSPECIFIED.);
#179=B_SPLINE_CURVE_WITH_KNOTS('',3,(#5979,#5980,#5981,#5982,#5983),
 .UNSPECIFIED.,.F.,.F.,(4,1,4),(0.,0.0577964177538839,0.110176145507017),
 .UNSPECIFIED.);
#180=B_SPLINE_CURVE_WITH_KNOTS('',3,(#5986,#5987,#5988,#5989,#5990),
 .UNSPECIFIED.,.F.,.F.,(4,1,4),(0.,0.0577964177538839,0.110176145507017),
 .UNSPECIFIED.);
#181=B_SPLINE_CURVE_WITH_KNOTS('',3,(#6008,#6009,#6010,#6011,#6012),
 .UNSPECIFIED.,.F.,.F.,(4,1,4),(0.,0.0342977185500588,0.0752204452181142),
 .UNSPECIFIED.);
#182=B_SPLINE_CURVE_WITH_KNOTS('',3,(#6015,#6016,#6017,#6018,#6019),
 .UNSPECIFIED.,.F.,.F.,(4,1,4),(0.,0.0342977185500588,0.0752204452181142),
 .UNSPECIFIED.);
#183=B_SPLINE_CURVE_WITH_KNOTS('',3,(#6031,#6032,#6033,#6034,#6035),
 .UNSPECIFIED.,.F.,.F.,(4,1,4),(0.,0.033306306008572,0.065030406248906),
 .UNSPECIFIED.);
#184=B_SPLINE_CURVE_WITH_KNOTS('',3,(#6038,#6039,#6040,#6041,#6042),
 .UNSPECIFIED.,.F.,.F.,(4,1,4),(0.,0.033306306008572,0.065030406248906),
 .UNSPECIFIED.);
#185=B_SPLINE_CURVE_WITH_KNOTS('',3,(#6054,#6055,#6056,#6057,#6058),
 .UNSPECIFIED.,.F.,.F.,(4,1,4),(0.,0.0310108161563622,0.0643028216353424),
 .UNSPECIFIED.);
#186=B_SPLINE_CURVE_WITH_KNOTS('',3,(#6061,#6062,#6063,#6064,#6065),
 .UNSPECIFIED.,.F.,.F.,(4,1,4),(0.,0.0310108161563622,0.0643028216353424),
 .UNSPECIFIED.);
#187=B_SPLINE_CURVE_WITH_KNOTS('',3,(#6077,#6078,#6079,#6080,#6081),
 .UNSPECIFIED.,.F.,.F.,(4,1,4),(0.,0.0313905135194249,0.0617573024486545),
 .UNSPECIFIED.);
#188=B_SPLINE_CURVE_WITH_KNOTS('',3,(#6084,#6085,#6086,#6087,#6088),
 .UNSPECIFIED.,.F.,.F.,(4,1,4),(0.,0.0313905135194249,0.0617573024486545),
 .UNSPECIFIED.);
#189=B_SPLINE_CURVE_WITH_KNOTS('',3,(#6100,#6101,#6102,#6103,#6104),
 .UNSPECIFIED.,.F.,.F.,(4,1,4),(0.,0.0350733940645461,0.0729845698641105),
 .UNSPECIFIED.);
#190=B_SPLINE_CURVE_WITH_KNOTS('',3,(#6107,#6108,#6109,#6110,#6111),
 .UNSPECIFIED.,.F.,.F.,(4,1,4),(0.,0.0350733940645461,0.0729845698641105),
 .UNSPECIFIED.);
#191=B_SPLINE_CURVE_WITH_KNOTS('',3,(#6123,#6124,#6125,#6126,#6127),
 .UNSPECIFIED.,.F.,.F.,(4,1,4),(0.,0.0376108509299973,0.074312957823039),
 .UNSPECIFIED.);
#192=B_SPLINE_CURVE_WITH_KNOTS('',3,(#6130,#6131,#6132,#6133,#6134),
 .UNSPECIFIED.,.F.,.F.,(4,1,4),(0.,0.0376108509299973,0.074312957823039),
 .UNSPECIFIED.);
#193=B_SPLINE_CURVE_WITH_KNOTS('',3,(#6146,#6147,#6148,#6149,#6150),
 .UNSPECIFIED.,.F.,.F.,(4,1,4),(0.,0.00556583951964758,0.00991775793900036),
 .UNSPECIFIED.);
#194=B_SPLINE_CURVE_WITH_KNOTS('',3,(#6153,#6154,#6155,#6156,#6157),
 .UNSPECIFIED.,.F.,.F.,(4,1,4),(0.,0.00556583951964758,0.00991775793900036),
 .UNSPECIFIED.);
#195=B_SPLINE_CURVE_WITH_KNOTS('',3,(#6175,#6176,#6177,#6178,#6179),
 .UNSPECIFIED.,.F.,.F.,(4,1,4),(0.,0.0196002445156327,0.0439333562806178),
 .UNSPECIFIED.);
#196=B_SPLINE_CURVE_WITH_KNOTS('',3,(#6182,#6183,#6184,#6185,#6186),
 .UNSPECIFIED.,.F.,.F.,(4,1,4),(0.,0.0196002445156327,0.0439333562806178),
 .UNSPECIFIED.);
#197=B_SPLINE_CURVE_WITH_KNOTS('',3,(#6198,#6199,#6200,#6201,#6202),
 .UNSPECIFIED.,.F.,.F.,(4,1,4),(0.,0.0375312586250089,0.0770137693144078),
 .UNSPECIFIED.);
#198=B_SPLINE_CURVE_WITH_KNOTS('',3,(#6205,#6206,#6207,#6208,#6209),
 .UNSPECIFIED.,.F.,.F.,(4,1,4),(0.,0.0375312586250089,0.0770137693144078),
 .UNSPECIFIED.);
#199=B_SPLINE_CURVE_WITH_KNOTS('',3,(#6221,#6222,#6223,#6224,#6225),
 .UNSPECIFIED.,.F.,.F.,(4,1,4),(0.,0.0391961757158895,0.0766199841591455),
 .UNSPECIFIED.);
#200=B_SPLINE_CURVE_WITH_KNOTS('',3,(#6228,#6229,#6230,#6231,#6232),
 .UNSPECIFIED.,.F.,.F.,(4,1,4),(0.,0.0391961757158895,0.0766199841591455),
 .UNSPECIFIED.);
#201=B_SPLINE_CURVE_WITH_KNOTS('',3,(#6244,#6245,#6246,#6247,#6248),
 .UNSPECIFIED.,.F.,.F.,(4,1,4),(0.,0.0403680970969876,0.0818024833668733),
 .UNSPECIFIED.);
#202=B_SPLINE_CURVE_WITH_KNOTS('',3,(#6251,#6252,#6253,#6254,#6255),
 .UNSPECIFIED.,.F.,.F.,(4,1,4),(0.,0.0403680970969876,0.0818024833668733),
 .UNSPECIFIED.);
#203=B_SPLINE_CURVE_WITH_KNOTS('',3,(#6267,#6268,#6269,#6270,#6271),
 .UNSPECIFIED.,.F.,.F.,(4,1,4),(0.,0.0406457064037429,0.0807666291347032),
 .UNSPECIFIED.);
#204=B_SPLINE_CURVE_WITH_KNOTS('',3,(#6274,#6275,#6276,#6277,#6278),
 .UNSPECIFIED.,.F.,.F.,(4,1,4),(0.,0.0406457064037429,0.0807666291347032),
 .UNSPECIFIED.);
#205=B_SPLINE_CURVE_WITH_KNOTS('',3,(#6290,#6291,#6292,#6293,#6294),
 .UNSPECIFIED.,.F.,.F.,(4,1,4),(0.,0.033049449173531,0.0672597592862064),
 .UNSPECIFIED.);
#206=B_SPLINE_CURVE_WITH_KNOTS('',3,(#6297,#6298,#6299,#6300,#6301),
 .UNSPECIFIED.,.F.,.F.,(4,1,4),(0.,0.033049449173531,0.0672597592862064),
 .UNSPECIFIED.);
#207=B_SPLINE_CURVE_WITH_KNOTS('',3,(#6313,#6314,#6315,#6316,#6317),
 .UNSPECIFIED.,.F.,.F.,(4,1,4),(0.,0.047109665310144,0.0843886123079373),
 .UNSPECIFIED.);
#208=B_SPLINE_CURVE_WITH_KNOTS('',3,(#6320,#6321,#6322,#6323,#6324),
 .UNSPECIFIED.,.F.,.F.,(4,1,4),(0.,0.047109665310144,0.0843886123079373),
 .UNSPECIFIED.);
#209=B_SPLINE_CURVE_WITH_KNOTS('',3,(#6341,#6342,#6343,#6344,#6345),
 .UNSPECIFIED.,.F.,.F.,(4,1,4),(0.,0.0565066240623796,0.115200289771935),
 .UNSPECIFIED.);
#210=B_SPLINE_CURVE_WITH_KNOTS('',3,(#6346,#6347,#6348,#6349,#6350),
 .UNSPECIFIED.,.F.,.F.,(4,1,4),(0.,0.0565066240623796,0.115200289771935),
 .UNSPECIFIED.);
#211=B_SPLINE_CURVE_WITH_KNOTS('',3,(#6753,#6754,#6755,#6756,#6757,#6758,
#6759,#6760,#6761,#6762),.UNSPECIFIED.,.F.,.F.,(4,3,3,4),(-0.575057018310784,
-0.410755013079132,-0.246453007847479,0.),.UNSPECIFIED.);
#212=B_SPLINE_CURVE_WITH_KNOTS('',3,(#6763,#6764,#6765,#6766,#6767,#6768),
 .UNSPECIFIED.,.F.,.F.,(4,1,1,4),(0.,0.246453007847479,0.410755013079132,
0.575057018310784),.UNSPECIFIED.);
#213=B_SPLINE_CURVE_WITH_KNOTS('',3,(#6818,#6819,#6820,#6821,#6822,#6823,
#6824,#6825,#6826,#6827,#6828,#6829,#6830),.UNSPECIFIED.,.F.,.F.,(4,3,3,
3,4),(-0.575057018310849,-0.410755013079178,-0.246453007847506,-0.123226503923753,
0.),.UNSPECIFIED.);
#214=B_SPLINE_CURVE_WITH_KNOTS('',3,(#6831,#6832,#6833,#6834,#6835,#6836,
#6837),.UNSPECIFIED.,.F.,.F.,(4,1,1,1,4),(0.,0.123226503923753,0.246453007847507,
0.410755013079178,0.575057018310849),.UNSPECIFIED.);
#215=B_SPLINE_CURVE_WITH_KNOTS('',3,(#6957,#6958,#6959,#6960,#6961,#6962,
#6963,#6964,#6965,#6966,#6967,#6968,#6969),.UNSPECIFIED.,.F.,.F.,(4,3,3,
3,4),(-0.575057022596397,-0.53398152098237,-0.492906019368341,-0.410755016140284,
-0.287533511638),.UNSPECIFIED.);
#216=B_SPLINE_CURVE_WITH_KNOTS('',3,(#6970,#6971,#6972,#6973,#6974,#6975,
#6976,#6977,#6978,#6979,#6980,#6981,#6982),.UNSPECIFIED.,.F.,.F.,(4,3,3,
3,4),(-0.287533511638,-0.24645300968417,-0.123226504842085,-0.0410755016140283,
0.),.UNSPECIFIED.);
#217=B_SPLINE_CURVE_WITH_KNOTS('',3,(#6983,#6984,#6985,#6986,#6987,#6988,
#6989,#6990,#6991,#6992),.UNSPECIFIED.,.F.,.F.,(4,1,1,1,1,1,1,4),(0.,0.0410755016140283,
0.123226504842085,0.24645300968417,0.410755016140283,0.49290601936834,0.533981520982368,
0.575057022596397),.UNSPECIFIED.);
#218=B_SPLINE_CURVE_WITH_KNOTS('',3,(#7033,#7034,#7035,#7036,#7037,#7038,
#7039),.UNSPECIFIED.,.F.,.F.,(4,3,4),(-0.575057022596551,-0.410755016140394,
-0.287533511638191),.UNSPECIFIED.);
#219=B_SPLINE_CURVE_WITH_KNOTS('',3,(#7040,#7041,#7042,#7043,#7044,#7045,
#7046),.UNSPECIFIED.,.F.,.F.,(4,3,4),(-0.287533511638191,-0.246453009684236,
0.),.UNSPECIFIED.);
#220=B_SPLINE_CURVE_WITH_KNOTS('',3,(#7047,#7048,#7049,#7050,#7051,#7052),
 .UNSPECIFIED.,.F.,.F.,(4,1,1,4),(0.,0.246453009684236,0.410755016140394,
0.575057022596551),.UNSPECIFIED.);
#221=B_SPLINE_CURVE_WITH_KNOTS('',3,(#7140,#7141,#7142,#7143,#7144,#7145,
#7146,#7147,#7148,#7149,#7150,#7151,#7152,#7153,#7154,#7155,#7156,#7157,
#7158,#7159,#7160,#7161,#7162,#7163,#7164,#7165,#7166,#7167,#7168,#7169,
#7170,#7171,#7172,#7173),.UNSPECIFIED.,.F.,.F.,(4,3,3,3,3,3,3,3,3,3,3,4),
(-0.574495723490819,-0.564236871285626,-0.553978019080433,-0.533460314670047,
-0.492424905849274,-0.451389497028501,-0.410354088207728,-0.246212452924637,
-0.123106226462318,-0.0820708176415456,-0.0410354088207728,0.),
 .UNSPECIFIED.);
#222=B_SPLINE_CURVE_WITH_KNOTS('',3,(#7174,#7175,#7176,#7177,#7178,#7179,
#7180,#7181,#7182,#7183,#7184,#7185,#7186,#7187),.UNSPECIFIED.,.F.,.F.,
(4,1,1,1,1,1,1,1,1,1,1,4),(0.,0.0410354088207728,0.0820708176415456,0.123106226462318,
0.246212452924637,0.410354088207728,0.451389497028501,0.492424905849274,
0.533460314670047,0.553978019080433,0.564236871285626,0.574495723490819),
 .UNSPECIFIED.);
#223=B_SPLINE_CURVE_WITH_KNOTS('',3,(#7282,#7283,#7284,#7285,#7286,#7287,
#7288,#7289,#7290,#7291,#7292,#7293,#7294,#7295,#7296,#7297,#7298,#7299,
#7300,#7301,#7302,#7303,#7304,#7305,#7306,#7307,#7308,#7309,#7310,#7311,
#7312,#7313,#7314,#7315,#7316,#7317,#7318,#7319,#7320,#7321),
 .UNSPECIFIED.,.F.,.F.,(4,3,3,3,3,3,3,3,3,3,3,3,3,4),(-0.677490013139984,
-0.665391977191055,-0.653293941242127,-0.629097869344271,-0.580705725548557,
-0.483921437957131,-0.387137150365705,-0.290352862774279,-0.193568575182853,
-0.145176431387139,-0.0967842875914263,-0.0483921437957131,-0.0241960718978566,
0.),.UNSPECIFIED.);
#224=B_SPLINE_CURVE_WITH_KNOTS('',3,(#7322,#7323,#7324,#7325,#7326,#7327,
#7328,#7329,#7330,#7331,#7332,#7333,#7334,#7335,#7336,#7337),
 .UNSPECIFIED.,.F.,.F.,(4,1,1,1,1,1,1,1,1,1,1,1,1,4),(0.,0.0241960718978566,
0.0483921437957131,0.0967842875914263,0.145176431387139,0.193568575182853,
0.290352862774279,0.387137150365705,0.483921437957131,0.580705725548557,
0.629097869344271,0.653293941242127,0.665391977191055,0.677490013139984),
 .UNSPECIFIED.);
#225=B_SPLINE_CURVE_WITH_KNOTS('',3,(#7452,#7453,#7454,#7455,#7456,#7457,
#7458,#7459,#7460,#7461,#7462,#7463,#7464,#7465,#7466,#7467,#7468,#7469,
#7470,#7471,#7472,#7473,#7474,#7475,#7476,#7477,#7478,#7479,#7480,#7481,
#7482,#7483,#7484,#7485),.UNSPECIFIED.,.F.,.F.,(4,3,3,3,3,3,3,3,3,3,3,4),
(-0.575057018445399,-0.564788143116017,-0.554519267786635,-0.533981517127871,
-0.492906015810342,-0.451830514492814,-0.410755013175285,-0.246453007905171,
-0.123226503952586,-0.082151002635057,-0.0410755013175285,0.),
 .UNSPECIFIED.);
#226=B_SPLINE_CURVE_WITH_KNOTS('',3,(#7486,#7487,#7488,#7489,#7490,#7491,
#7492,#7493,#7494,#7495,#7496,#7497,#7498,#7499),.UNSPECIFIED.,.F.,.F.,
(4,1,1,1,1,1,1,1,1,1,1,4),(0.,0.0410755013175285,0.082151002635057,0.123226503952586,
0.246453007905171,0.410755013175285,0.451830514492814,0.492906015810342,
0.533981517127871,0.554519267786635,0.564788143116017,0.575057018445399),
 .UNSPECIFIED.);
#227=B_SPLINE_CURVE_WITH_KNOTS('',3,(#7579,#7580,#7581,#7582,#7583,#7584,
#7585,#7586,#7587,#7588,#7589,#7590,#7591,#7592,#7593,#7594,#7595,#7596,
#7597,#7598,#7599,#7600,#7601,#7602,#7603,#7604,#7605,#7606,#7607,#7608,
#7609,#7610,#7611,#7612),.UNSPECIFIED.,.F.,.F.,(4,3,3,3,3,3,3,3,3,3,3,4),
(-0.575057018445407,-0.564788143116024,-0.554519267786642,-0.533981517127878,
-0.492906015810349,-0.45183051449282,-0.41075501317529,-0.246453007905174,
-0.123226503952587,-0.0821510026350579,-0.0410755013175288,0.),
 .UNSPECIFIED.);
#228=B_SPLINE_CURVE_WITH_KNOTS('',3,(#7613,#7614,#7615,#7616,#7617,#7618,
#7619,#7620,#7621,#7622,#7623,#7624,#7625,#7626),.UNSPECIFIED.,.F.,.F.,
(4,1,1,1,1,1,1,1,1,1,1,4),(0.,0.0410755013175291,0.0821510026350581,0.123226503952587,
0.246453007905174,0.410755013175291,0.45183051449282,0.492906015810349,
0.533981517127878,0.554519267786642,0.564788143116024,0.575057018445407),
 .UNSPECIFIED.);
#229=B_SPLINE_CURVE_WITH_KNOTS('',3,(#7837,#7838,#7839,#7840,#7841,#7842,
#7843,#7844,#7845,#7846,#7847,#7848,#7849),.UNSPECIFIED.,.F.,.F.,(4,3,3,
3,4),(-3.6956412090892,-3.51262490793759,-3.41768909961496,-3.03794586632441,
-2.94986538922364),.UNSPECIFIED.);
#230=B_SPLINE_CURVE_WITH_KNOTS('',3,(#7851,#7852,#7853,#7854,#7855,#7856,
#7857,#7858,#7859,#7860,#7861,#7862,#7863,#7864,#7865,#7866,#7867,#7868,
#7869,#7870,#7871,#7872),.UNSPECIFIED.,.F.,.F.,(4,3,3,3,3,3,3,4),(-2.36653987811607,
-2.2784593997433,-2.02529724421627,-1.5189729331622,-1.13922969987165,-0.759486466581098,
-0.379743233290547,-6.90054263211501E-15),.UNSPECIFIED.);
#231=B_SPLINE_CURVE_WITH_KNOTS('',3,(#7874,#7875,#7876,#7877,#7878,#7879,
#7880,#7881,#7882,#7883,#7884,#7885,#7886,#7887,#7888,#7889,#7890,#7891,
#7892,#7893,#7894,#7895),.UNSPECIFIED.,.F.,.F.,(4,3,3,3,3,3,3,4),(1.31887766529408E-12,
0.142857142858241,0.285714285715202,0.428571428572163,0.571428571429124,
0.714285714286085,0.857142857143047,1.),.UNSPECIFIED.);
#232=B_SPLINE_CURVE_WITH_KNOTS('',3,(#7897,#7898,#7899,#7900,#7901,#7902,
#7903),.UNSPECIFIED.,.F.,.F.,(4,1,1,1,4),(0.,0.37974323329055,0.759486466581101,
1.13922969987165,1.32910133060503),.UNSPECIFIED.);
#233=B_SPLINE_CURVE_WITH_KNOTS('',3,(#7904,#7905,#7906,#7907,#7908,#7909,
#7910,#7911,#7912,#7913,#7914,#7915,#7916,#7917,#7918),.UNSPECIFIED.,.F.,
 .F.,(4,1,1,1,1,1,1,1,1,1,1,1,4),(1.32910133060503,1.5189729331622,2.02529724421627,
2.2784593997433,2.65820263303385,3.0379458663244,3.41768909961495,3.51262490793759,
3.7974323329055,4.17717556619605,4.55691879948661,4.93666203277716,5.31640526606771),
 .UNSPECIFIED.);
#234=B_SPLINE_CURVE_WITH_KNOTS('',3,(#7919,#7920,#7921,#7922,#7923,#7924,
#7925,#7926,#7927,#7928),.UNSPECIFIED.,.F.,.F.,(4,3,3,4),(-5.31640526606771,
-4.93666203277716,-4.55691879948661,-4.27896678606656),.UNSPECIFIED.);
#235=B_SPLINE_CURVE_WITH_KNOTS('',3,(#7931,#7932,#7933,#7934,#7935,#7936,
#7937,#7938,#7939,#7940),.UNSPECIFIED.,.F.,.F.,(4,3,3,4),(-2.36653987812392,
-2.2784593997433,-2.02529724421627,-1.62046932825109),.UNSPECIFIED.);
#236=B_SPLINE_CURVE_WITH_KNOTS('',3,(#7942,#7943,#7944,#7945,#7946,#7947,
#7948,#7949,#7950,#7951),.UNSPECIFIED.,.F.,.F.,(4,3,3,4),(-0.983305777623923,
-0.759486466581101,-0.379743233290549,-0.291662719903727),.UNSPECIFIED.);
#237=B_SPLINE_CURVE_WITH_KNOTS('',3,(#7954,#7955,#7956,#7957,#7958,#7959,
#7960,#7961,#7962,#7963,#7964,#7965,#7966,#7967,#7968,#7969,#7970,#7971,
#7972,#7973,#7974,#7975),.UNSPECIFIED.,.F.,.F.,(4,3,3,3,3,3,3,4),(-5.3164052660677,
-4.93666203277715,-4.5569187994866,-4.17717556619605,-3.7974323329055,-3.41768909961495,
-3.0379458663244,-2.94986538925013),.UNSPECIFIED.);
#238=B_SPLINE_CURVE_WITH_KNOTS('',3,(#7976,#7977,#7978,#7979,#7980,#7981,
#7982,#7983,#7984,#7985),.UNSPECIFIED.,.F.,.F.,(4,3,3,4),(-1.03773321008179,
-0.7594864665811,-0.379743233290548,-7.1215778324014E-15),.UNSPECIFIED.);
#239=B_SPLINE_CURVE_WITH_KNOTS('',3,(#7986,#7987,#7988,#7989,#7990,#7991,
#7992,#7993,#7994,#7995,#7996,#7997,#7998,#7999,#8000,#8001,#8002,#8003,
#8004,#8005,#8006,#8007,#8008,#8009,#8010,#8011,#8012,#8013,#8014,#8015,
#8016),.UNSPECIFIED.,.F.,.F.,(4,3,3,3,3,3,3,3,3,3,4),(-5.0247425462143,
-4.93666203277715,-4.5569187994866,-4.17717556619605,-3.7974323329055,-3.41768909961495,
-3.0379458663244,-2.65820263303385,-2.2784593997433,-2.02529724421627,-1.67489676172127),
 .UNSPECIFIED.);
#240=B_SPLINE_CURVE_WITH_KNOTS('',3,(#8017,#8018,#8019,#8020,#8021,#8022,
#8023,#8024,#8025,#8026,#8027,#8028,#8029,#8030,#8031,#8032,#8033,#8034,
#8035,#8036,#8037,#8038,#8039,#8040,#8041,#8042,#8043,#8044,#8045,#8046,
#8047),.UNSPECIFIED.,.F.,.F.,(4,3,3,3,3,3,3,3,3,3,4),(-3.69564120906565,
-3.41768909961495,-3.0379458663244,-2.65820263303385,-2.2784593997433,-2.02529724421627,
-1.5189729331622,-1.13922969987165,-0.759486466581095,-0.379743233290544,
-0.291662719903704),.UNSPECIFIED.);
#241=B_SPLINE_CURVE_WITH_KNOTS('',3,(#8049,#8050,#8051,#8052,#8053,#8054,
#8055,#8056,#8057,#8058),.UNSPECIFIED.,.F.,.F.,(4,3,3,4),(-5.0247425462141,
-4.93666203277716,-4.55691879948661,-4.27896678605973),.UNSPECIFIED.);
#242=B_SPLINE_CURVE_WITH_KNOTS('',3,(#8230,#8231,#8232,#8233,#8234,#8235,
#8236,#8237,#8238,#8239),.UNSPECIFIED.,.F.,.F.,(4,1,1,1,1,1,1,4),(0.,0.142857142857143,
0.285714285714286,0.428571428571429,0.571428571428571,0.714285714285714,
0.857142857142857,1.),.UNSPECIFIED.);
#243=B_SPLINE_CURVE_WITH_KNOTS('',3,(#8241,#8242,#8243,#8244,#8245,#8246,
#8247),.UNSPECIFIED.,.F.,.F.,(4,1,1,1,4),(0.,0.37974323329055,0.7594864665811,
1.13922969987165,1.32910133060503),.UNSPECIFIED.);
#244=B_SPLINE_CURVE_WITH_KNOTS('',3,(#8248,#8249,#8250,#8251,#8252,#8253,
#8254,#8255,#8256,#8257,#8258,#8259,#8260,#8261),.UNSPECIFIED.,.F.,.F.,
(4,1,1,1,1,1,1,1,1,1,1,4),(1.32910133060503,1.5189729331622,2.02529724421627,
2.2784593997433,2.78478371079737,3.0379458663244,3.41768909961495,3.7974323329055,
4.17717556619605,4.5569187994866,4.93666203277715,5.3164052660677),
 .UNSPECIFIED.);
#245=B_SPLINE_CURVE_WITH_KNOTS('',3,(#8438,#8439,#8440,#8441,#8442,#8443,
#8444,#8445,#8446,#8447,#8448,#8449,#8450,#8451,#8452,#8453,#8454,#8455,
#8456,#8457,#8458,#8459),.UNSPECIFIED.,.F.,.F.,(4,3,3,3,3,3,3,4),(0.0584735495801461,
0.142857142856622,0.285714285713853,0.428571428571083,0.571428571428314,
0.714285714285544,0.857142857142775,1.),.UNSPECIFIED.);
#246=B_SPLINE_CURVE_WITH_KNOTS('',3,(#8461,#8462,#8463,#8464,#8465,#8466,
#8467),.UNSPECIFIED.,.F.,.F.,(4,1,1,1,4),(0.,0.37974323329055,0.759486466581101,
1.13922969987165,1.32910133060547),.UNSPECIFIED.);
#247=B_SPLINE_CURVE_WITH_KNOTS('',3,(#8468,#8469,#8470,#8471,#8472,#8473,
#8474,#8475,#8476,#8477,#8478,#8479,#8480,#8481),.UNSPECIFIED.,.F.,.F.,
(4,1,1,1,1,1,1,1,1,1,1,4),(1.32910133060547,1.5189729331622,2.02529724421627,
2.2784593997433,2.65820263303385,3.0379458663244,3.41768909961495,3.7974323329055,
4.17717556619605,4.5569187994866,4.93666203277715,5.3164052660677),
 .UNSPECIFIED.);
#248=B_SPLINE_CURVE_WITH_KNOTS('',3,(#8716,#8717,#8718,#8719,#8720,#8721,
#8722,#8723,#8724,#8725,#8726,#8727,#8728,#8729,#8730,#8731,#8732,#8733,
#8734,#8735,#8736,#8737),.UNSPECIFIED.,.F.,.F.,(4,3,3,3,3,3,3,4),(0.0584735495801207,
0.142857142851207,0.28571428570934,0.428571428567474,0.571428571425607,
0.714285714283741,0.857142857141874,1.),.UNSPECIFIED.);
#249=B_SPLINE_CURVE_WITH_KNOTS('',3,(#8739,#8740,#8741,#8742,#8743,#8744,
#8745),.UNSPECIFIED.,.F.,.F.,(4,1,1,1,4),(0.,0.37974323329055,0.759486466581101,
1.13922969987165,1.32910133060548),.UNSPECIFIED.);
#250=B_SPLINE_CURVE_WITH_KNOTS('',3,(#8746,#8747,#8748,#8749,#8750,#8751,
#8752,#8753,#8754,#8755,#8756,#8757,#8758,#8759),.UNSPECIFIED.,.F.,.F.,
(4,1,1,1,1,1,1,1,1,1,1,4),(1.32910133060548,1.5189729331622,2.02529724421627,
2.2784593997433,2.65820263303385,3.0379458663244,3.41768909961495,3.7974323329055,
4.17717556619605,4.5569187994866,4.93666203277716,5.31640526606771),
 .UNSPECIFIED.);
#251=B_SPLINE_SURFACE_WITH_KNOTS('',3,1,((#4682,#4683),(#4684,#4685),(#4686,
#4687),(#4688,#4689),(#4690,#4691)),.UNSPECIFIED.,.F.,.F.,.F.,(4,1,4),(2,
2),(0.,0.0472745972093173,0.086673797035469),(0.,0.0560000000000009),
 .UNSPECIFIED.);
#252=B_SPLINE_SURFACE_WITH_KNOTS('',3,1,((#4705,#4706),(#4707,#4708),(#4709,
#4710),(#4711,#4712),(#4713,#4714)),.UNSPECIFIED.,.F.,.F.,.F.,(4,1,4),(2,
2),(0.,0.055189712244631,0.107749572506389),(0.,0.0560000000000009),
 .UNSPECIFIED.);
#253=B_SPLINE_SURFACE_WITH_KNOTS('',3,1,((#4734,#4735),(#4736,#4737),(#4738,
#4739),(#4740,#4741),(#4742,#4743)),.UNSPECIFIED.,.F.,.F.,.F.,(4,1,4),(2,
2),(0.,0.0388394638774466,0.0720638734377718),(0.,0.0560000000000009),
 .UNSPECIFIED.);
#254=B_SPLINE_SURFACE_WITH_KNOTS('',3,1,((#4757,#4758),(#4759,#4760),(#4761,
#4762),(#4763,#4764),(#4765,#4766)),.UNSPECIFIED.,.F.,.F.,.F.,(4,1,4),(2,
2),(0.,0.0332213910107131,0.0720194275944278),(0.,0.0560000000000009),
 .UNSPECIFIED.);
#255=B_SPLINE_SURFACE_WITH_KNOTS('',3,1,((#4805,#4806),(#4807,#4808),(#4809,
#4810),(#4811,#4812),(#4813,#4814)),.UNSPECIFIED.,.F.,.F.,.F.,(4,1,4),(2,
2),(0.,0.0329070565782188,0.076633224457045),(0.,0.0560000000000009),
 .UNSPECIFIED.);
#256=B_SPLINE_SURFACE_WITH_KNOTS('',3,1,((#4828,#4829),(#4830,#4831),(#4832,
#4833),(#4834,#4835),(#4836,#4837)),.UNSPECIFIED.,.F.,.F.,.F.,(4,1,4),(2,
2),(0.,0.0253392409704712,0.0518120335904896),(0.,0.0560000000000009),
 .UNSPECIFIED.);
#257=B_SPLINE_SURFACE_WITH_KNOTS('',3,1,((#4851,#4852),(#4853,#4854),(#4855,
#4856),(#4857,#4858),(#4859,#4860)),.UNSPECIFIED.,.F.,.F.,.F.,(4,1,4),(2,
2),(0.,0.0251724964704276,0.0503266914270505),(0.,0.0560000000000009),
 .UNSPECIFIED.);
#258=B_SPLINE_SURFACE_WITH_KNOTS('',3,1,((#4874,#4875),(#4876,#4877),(#4878,
#4879),(#4880,#4881),(#4882,#4883)),.UNSPECIFIED.,.F.,.F.,.F.,(4,1,4),(2,
2),(0.,0.025037451407721,0.0548117140012497),(0.,0.0560000000000009),
 .UNSPECIFIED.);
#259=B_SPLINE_SURFACE_WITH_KNOTS('',3,1,((#4897,#4898),(#4899,#4900),(#4901,
#4902),(#4903,#4904),(#4905,#4906)),.UNSPECIFIED.,.F.,.F.,.F.,(4,1,4),(2,
2),(0.,0.0360076967032069,0.0639542109937224),(0.,0.0560000000000009),
 .UNSPECIFIED.);
#260=B_SPLINE_SURFACE_WITH_KNOTS('',3,1,((#4938,#4939),(#4940,#4941),(#4942,
#4943),(#4944,#4945),(#4946,#4947)),.UNSPECIFIED.,.F.,.F.,.F.,(4,1,4),(2,
2),(0.,0.038078699447079,0.0867922579298159),(0.,0.0560000000000009),
 .UNSPECIFIED.);
#261=B_SPLINE_SURFACE_WITH_KNOTS('',3,1,((#4961,#4962),(#4963,#4964),(#4965,
#4966),(#4967,#4968),(#4969,#4970)),.UNSPECIFIED.,.F.,.F.,.F.,(4,1,4),(2,
2),(0.,0.035531519910221,0.069798323727161),(0.,0.0560000000000009),
 .UNSPECIFIED.);
#262=B_SPLINE_SURFACE_WITH_KNOTS('',3,1,((#4984,#4985),(#4986,#4987),(#4988,
#4989),(#4990,#4991),(#4992,#4993)),.UNSPECIFIED.,.F.,.F.,.F.,(4,1,4),(2,
2),(0.,0.0185968343992209,0.038532486848591),(0.,0.0560000000000009),
 .UNSPECIFIED.);
#263=B_SPLINE_SURFACE_WITH_KNOTS('',3,1,((#5007,#5008),(#5009,#5010),(#5011,
#5012),(#5013,#5014),(#5015,#5016)),.UNSPECIFIED.,.F.,.F.,.F.,(4,1,4),(2,
2),(0.,0.0168633499616619,0.0343939242910134),(0.,0.0560000000000009),
 .UNSPECIFIED.);
#264=B_SPLINE_SURFACE_WITH_KNOTS('',3,1,((#5030,#5031),(#5032,#5033),(#5034,
#5035),(#5036,#5037),(#5038,#5039)),.UNSPECIFIED.,.F.,.F.,.F.,(4,1,4),(2,
2),(0.,0.0317114769022632,0.0535346643516801),(0.,0.0560000000000009),
 .UNSPECIFIED.);
#265=B_SPLINE_SURFACE_WITH_KNOTS('',3,1,((#5071,#5072),(#5073,#5074),(#5075,
#5076),(#5077,#5078),(#5079,#5080)),.UNSPECIFIED.,.F.,.F.,.F.,(4,1,4),(2,
2),(0.,0.0436946112259235,0.0981946852182548),(0.,0.0560000000000009),
 .UNSPECIFIED.);
#266=B_SPLINE_SURFACE_WITH_KNOTS('',3,1,((#5094,#5095),(#5096,#5097),(#5098,
#5099),(#5100,#5101),(#5102,#5103)),.UNSPECIFIED.,.F.,.F.,.F.,(4,1,4),(2,
2),(0.,0.0482440706229448,0.0899700511745457),(0.,0.0560000000000009),
 .UNSPECIFIED.);
#267=B_SPLINE_SURFACE_WITH_KNOTS('',3,1,((#5117,#5118),(#5119,#5120),(#5121,
#5122),(#5123,#5124),(#5125,#5126)),.UNSPECIFIED.,.F.,.F.,.F.,(4,1,4),(2,
2),(0.,0.0686253403986958,0.133023409530805),(0.,0.0560000000000009),
 .UNSPECIFIED.);
#268=B_SPLINE_SURFACE_WITH_KNOTS('',3,1,((#5140,#5141),(#5142,#5143),(#5144,
#5145),(#5146,#5147),(#5148,#5149)),.UNSPECIFIED.,.F.,.F.,.F.,(4,1,4),(2,
2),(0.,0.0297248376464142,0.0600346493209035),(0.,0.0560000000000009),
 .UNSPECIFIED.);
#269=B_SPLINE_SURFACE_WITH_KNOTS('',3,1,((#5163,#5164),(#5165,#5166),(#5167,
#5168),(#5169,#5170),(#5171,#5172)),.UNSPECIFIED.,.F.,.F.,.F.,(4,1,4),(2,
2),(0.,0.0368593641299243,0.0687959111683691),(0.,0.0560000000000009),
 .UNSPECIFIED.);
#270=B_SPLINE_SURFACE_WITH_KNOTS('',3,1,((#5186,#5187),(#5188,#5189),(#5190,
#5191),(#5192,#5193),(#5194,#5195)),.UNSPECIFIED.,.F.,.F.,.F.,(4,1,4),(2,
2),(0.,0.0326169897033987,0.0670477584628593),(0.,0.0560000000000009),
 .UNSPECIFIED.);
#271=B_SPLINE_SURFACE_WITH_KNOTS('',3,1,((#5209,#5210),(#5211,#5212),(#5213,
#5214),(#5215,#5216),(#5217,#5218)),.UNSPECIFIED.,.F.,.F.,.F.,(4,1,4),(2,
2),(0.,0.0311578367224097,0.0628352217633175),(0.,0.0560000000000009),
 .UNSPECIFIED.);
#272=B_SPLINE_SURFACE_WITH_KNOTS('',3,1,((#5263,#5264),(#5265,#5266),(#5267,
#5268),(#5269,#5270),(#5271,#5272)),.UNSPECIFIED.,.F.,.F.,.F.,(4,1,4),(2,
2),(0.,0.0329070565782188,0.076633224457045),(0.,0.0560000000000009),
 .UNSPECIFIED.);
#273=B_SPLINE_SURFACE_WITH_KNOTS('',3,1,((#5286,#5287),(#5288,#5289),(#5290,
#5291),(#5292,#5293),(#5294,#5295)),.UNSPECIFIED.,.F.,.F.,.F.,(4,1,4),(2,
2),(0.,0.0253392409704712,0.0518120335904896),(0.,0.0560000000000009),
 .UNSPECIFIED.);
#274=B_SPLINE_SURFACE_WITH_KNOTS('',3,1,((#5309,#5310),(#5311,#5312),(#5313,
#5314),(#5315,#5316),(#5317,#5318)),.UNSPECIFIED.,.F.,.F.,.F.,(4,1,4),(2,
2),(0.,0.0251724964704276,0.0503266914270505),(0.,0.0560000000000009),
 .UNSPECIFIED.);
#275=B_SPLINE_SURFACE_WITH_KNOTS('',3,1,((#5332,#5333),(#5334,#5335),(#5336,
#5337),(#5338,#5339),(#5340,#5341)),.UNSPECIFIED.,.F.,.F.,.F.,(4,1,4),(2,
2),(0.,0.0250373572223851,0.0548117372522734),(0.,0.0560000000000009),
 .UNSPECIFIED.);
#276=B_SPLINE_SURFACE_WITH_KNOTS('',3,1,((#5355,#5356),(#5357,#5358),(#5359,
#5360),(#5361,#5362),(#5363,#5364)),.UNSPECIFIED.,.F.,.F.,.F.,(4,1,4),(2,
2),(0.,0.0360076967032069,0.0639542109937224),(0.,0.0560000000000009),
 .UNSPECIFIED.);
#277=B_SPLINE_SURFACE_WITH_KNOTS('',3,1,((#5396,#5397),(#5398,#5399),(#5400,
#5401),(#5402,#5403),(#5404,#5405)),.UNSPECIFIED.,.F.,.F.,.F.,(4,1,4),(2,
2),(0.,0.038078699447079,0.0867922579298159),(0.,0.0560000000000009),
 .UNSPECIFIED.);
#278=B_SPLINE_SURFACE_WITH_KNOTS('',3,1,((#5419,#5420),(#5421,#5422),(#5423,
#5424),(#5425,#5426),(#5427,#5428)),.UNSPECIFIED.,.F.,.F.,.F.,(4,1,4),(2,
2),(0.,0.035531519910221,0.069798323727161),(0.,0.0560000000000009),
 .UNSPECIFIED.);
#279=B_SPLINE_SURFACE_WITH_KNOTS('',3,1,((#5442,#5443),(#5444,#5445),(#5446,
#5447),(#5448,#5449),(#5450,#5451)),.UNSPECIFIED.,.F.,.F.,.F.,(4,1,4),(2,
2),(0.,0.0185967250846878,0.0385322592453117),(0.,0.0560000000000009),
 .UNSPECIFIED.);
#280=B_SPLINE_SURFACE_WITH_KNOTS('',3,1,((#5465,#5466),(#5467,#5468),(#5469,
#5470),(#5471,#5472),(#5473,#5474)),.UNSPECIFIED.,.F.,.F.,.F.,(4,1,4),(2,
2),(0.,0.0168634093331801,0.0343941639868219),(0.,0.0560000000000009),
 .UNSPECIFIED.);
#281=B_SPLINE_SURFACE_WITH_KNOTS('',3,1,((#5488,#5489),(#5490,#5491),(#5492,
#5493),(#5494,#5495),(#5496,#5497)),.UNSPECIFIED.,.F.,.F.,.F.,(4,1,4),(2,
2),(0.,0.0317114712932473,0.0535346831954905),(0.,0.0560000000000009),
 .UNSPECIFIED.);
#282=B_SPLINE_SURFACE_WITH_KNOTS('',3,1,((#5529,#5530),(#5531,#5532),(#5533,
#5534),(#5535,#5536),(#5537,#5538)),.UNSPECIFIED.,.F.,.F.,.F.,(4,1,4),(2,
2),(0.,0.0436946112259235,0.0981946693656093),(0.,0.0560000000000009),
 .UNSPECIFIED.);
#283=B_SPLINE_SURFACE_WITH_KNOTS('',3,1,((#5552,#5553),(#5554,#5555),(#5556,
#5557),(#5558,#5559),(#5560,#5561)),.UNSPECIFIED.,.F.,.F.,.F.,(4,1,4),(2,
2),(0.,0.0482443061733339,0.0899702867249348),(0.,0.0560000000000009),
 .UNSPECIFIED.);
#284=B_SPLINE_SURFACE_WITH_KNOTS('',3,1,((#5575,#5576),(#5577,#5578),(#5579,
#5580),(#5581,#5582),(#5583,#5584)),.UNSPECIFIED.,.F.,.F.,.F.,(4,1,4),(2,
2),(0.,0.0686252544914746,0.133023554699036),(0.,0.0560000000000009),
 .UNSPECIFIED.);
#285=B_SPLINE_SURFACE_WITH_KNOTS('',3,1,((#5598,#5599),(#5600,#5601),(#5602,
#5603),(#5604,#5605),(#5606,#5607)),.UNSPECIFIED.,.F.,.F.,.F.,(4,1,4),(2,
2),(0.,0.0297249256993241,0.0600346243602696),(0.,0.0560000000000009),
 .UNSPECIFIED.);
#286=B_SPLINE_SURFACE_WITH_KNOTS('',3,1,((#5621,#5622),(#5623,#5624),(#5625,
#5626),(#5627,#5628),(#5629,#5630)),.UNSPECIFIED.,.F.,.F.,.F.,(4,1,4),(2,
2),(0.,0.0368593641299243,0.0687959111683691),(0.,0.0560000000000009),
 .UNSPECIFIED.);
#287=B_SPLINE_SURFACE_WITH_KNOTS('',3,1,((#5644,#5645),(#5646,#5647),(#5648,
#5649),(#5650,#5651),(#5652,#5653)),.UNSPECIFIED.,.F.,.F.,.F.,(4,1,4),(2,
2),(0.,0.0326169897033987,0.0670477584628593),(0.,0.0560000000000009),
 .UNSPECIFIED.);
#288=B_SPLINE_SURFACE_WITH_KNOTS('',3,1,((#5667,#5668),(#5669,#5670),(#5671,
#5672),(#5673,#5674),(#5675,#5676)),.UNSPECIFIED.,.F.,.F.,.F.,(4,1,4),(2,
2),(0.,0.0311578367224097,0.0628352217633175),(0.,0.0560000000000009),
 .UNSPECIFIED.);
#289=B_SPLINE_SURFACE_WITH_KNOTS('',3,1,((#5712,#5713),(#5714,#5715),(#5716,
#5717),(#5718,#5719),(#5720,#5721)),.UNSPECIFIED.,.F.,.F.,.F.,(4,1,4),(2,
2),(0.,0.0610333033456081,0.118245815574016),(0.,0.0560000000000009),
 .UNSPECIFIED.);
#290=B_SPLINE_SURFACE_WITH_KNOTS('',3,1,((#5738,#5739),(#5740,#5741),(#5742,
#5743),(#5744,#5745),(#5746,#5747)),.UNSPECIFIED.,.F.,.F.,.F.,(4,1,4),(2,
2),(0.,0.0639413352413962,0.13158403327513),(0.,0.0560000000000009),
 .UNSPECIFIED.);
#291=B_SPLINE_SURFACE_WITH_KNOTS('',3,1,((#5761,#5762),(#5763,#5764),(#5765,
#5766),(#5767,#5768),(#5769,#5770)),.UNSPECIFIED.,.F.,.F.,.F.,(4,1,4),(2,
2),(0.,0.0616627564387193,0.123588230350327),(0.,0.0560000000000009),
 .UNSPECIFIED.);
#292=B_SPLINE_SURFACE_WITH_KNOTS('',3,1,((#5784,#5785),(#5786,#5787),(#5788,
#5789),(#5790,#5791),(#5792,#5793)),.UNSPECIFIED.,.F.,.F.,.F.,(4,1,4),(2,
2),(0.,0.0406877115428404,0.0854912732214503),(0.,0.0560000000000009),
 .UNSPECIFIED.);
#293=B_SPLINE_SURFACE_WITH_KNOTS('',3,1,((#5807,#5808),(#5809,#5810),(#5811,
#5812),(#5813,#5814),(#5815,#5816)),.UNSPECIFIED.,.F.,.F.,.F.,(4,1,4),(2,
2),(0.,0.0424179727043892,0.0822289326201915),(0.,0.0560000000000009),
 .UNSPECIFIED.);
#294=B_SPLINE_SURFACE_WITH_KNOTS('',3,1,((#5830,#5831),(#5832,#5833),(#5834,
#5835),(#5836,#5837),(#5838,#5839)),.UNSPECIFIED.,.F.,.F.,.F.,(4,1,4),(2,
2),(0.,0.0321769124501472,0.0673182240740687),(0.,0.0560000000000009),
 .UNSPECIFIED.);
#295=B_SPLINE_SURFACE_WITH_KNOTS('',3,1,((#5853,#5854),(#5855,#5856),(#5857,
#5858),(#5859,#5860),(#5861,#5862)),.UNSPECIFIED.,.F.,.F.,.F.,(4,1,4),(2,
2),(0.,0.0312555459400157,0.0621931597493705),(0.,0.0560000000000009),
 .UNSPECIFIED.);
#296=B_SPLINE_SURFACE_WITH_KNOTS('',3,1,((#5876,#5877),(#5878,#5879),(#5880,
#5881),(#5882,#5883),(#5884,#5885)),.UNSPECIFIED.,.F.,.F.,.F.,(4,1,4),(2,
2),(0.,0.0341542731002922,0.0676349637414384),(0.,0.0560000000000009),
 .UNSPECIFIED.);
#297=B_SPLINE_SURFACE_WITH_KNOTS('',3,1,((#5899,#5900),(#5901,#5902),(#5903,
#5904),(#5905,#5906),(#5907,#5908)),.UNSPECIFIED.,.F.,.F.,.F.,(4,1,4),(2,
2),(0.,0.0368112709428379,0.0719492166506987),(0.,0.0560000000000009),
 .UNSPECIFIED.);
#298=B_SPLINE_SURFACE_WITH_KNOTS('',3,1,((#5922,#5923),(#5924,#5925),(#5926,
#5927),(#5928,#5929),(#5930,#5931)),.UNSPECIFIED.,.F.,.F.,.F.,(4,1,4),(2,
2),(0.,0.0395521710506646,0.0779502137363393),(0.,0.0560000000000009),
 .UNSPECIFIED.);
#299=B_SPLINE_SURFACE_WITH_KNOTS('',3,1,((#5945,#5946),(#5947,#5948),(#5949,
#5950),(#5951,#5952),(#5953,#5954)),.UNSPECIFIED.,.F.,.F.,.F.,(4,1,4),(2,
2),(0.,0.0514944282115091,0.10663599453871),(0.,0.0560000000000009),
 .UNSPECIFIED.);
#300=B_SPLINE_SURFACE_WITH_KNOTS('',3,1,((#5968,#5969),(#5970,#5971),(#5972,
#5973),(#5974,#5975),(#5976,#5977)),.UNSPECIFIED.,.F.,.F.,.F.,(4,1,4),(2,
2),(0.,0.0577964177538839,0.110176145507017),(0.,0.0560000000000009),
 .UNSPECIFIED.);
#301=B_SPLINE_SURFACE_WITH_KNOTS('',3,1,((#5997,#5998),(#5999,#6000),(#6001,
#6002),(#6003,#6004),(#6005,#6006)),.UNSPECIFIED.,.F.,.F.,.F.,(4,1,4),(2,
2),(0.,0.0342977185500588,0.0752204452181142),(0.,0.0560000000000009),
 .UNSPECIFIED.);
#302=B_SPLINE_SURFACE_WITH_KNOTS('',3,1,((#6020,#6021),(#6022,#6023),(#6024,
#6025),(#6026,#6027),(#6028,#6029)),.UNSPECIFIED.,.F.,.F.,.F.,(4,1,4),(2,
2),(0.,0.033306306008572,0.065030406248906),(0.,0.0560000000000009),
 .UNSPECIFIED.);
#303=B_SPLINE_SURFACE_WITH_KNOTS('',3,1,((#6043,#6044),(#6045,#6046),(#6047,
#6048),(#6049,#6050),(#6051,#6052)),.UNSPECIFIED.,.F.,.F.,.F.,(4,1,4),(2,
2),(0.,0.0310108161563622,0.0643028216353424),(0.,0.0560000000000009),
 .UNSPECIFIED.);
#304=B_SPLINE_SURFACE_WITH_KNOTS('',3,1,((#6066,#6067),(#6068,#6069),(#6070,
#6071),(#6072,#6073),(#6074,#6075)),.UNSPECIFIED.,.F.,.F.,.F.,(4,1,4),(2,
2),(0.,0.0313905135194249,0.0617573024486545),(0.,0.0560000000000009),
 .UNSPECIFIED.);
#305=B_SPLINE_SURFACE_WITH_KNOTS('',3,1,((#6089,#6090),(#6091,#6092),(#6093,
#6094),(#6095,#6096),(#6097,#6098)),.UNSPECIFIED.,.F.,.F.,.F.,(4,1,4),(2,
2),(0.,0.0350733940645461,0.0729845698641105),(0.,0.0560000000000009),
 .UNSPECIFIED.);
#306=B_SPLINE_SURFACE_WITH_KNOTS('',3,1,((#6112,#6113),(#6114,#6115),(#6116,
#6117),(#6118,#6119),(#6120,#6121)),.UNSPECIFIED.,.F.,.F.,.F.,(4,1,4),(2,
2),(0.,0.0376108509299973,0.074312957823039),(0.,0.0560000000000009),
 .UNSPECIFIED.);
#307=B_SPLINE_SURFACE_WITH_KNOTS('',3,1,((#6135,#6136),(#6137,#6138),(#6139,
#6140),(#6141,#6142),(#6143,#6144)),.UNSPECIFIED.,.F.,.F.,.F.,(4,1,4),(2,
2),(0.,0.00556583951964758,0.00991775793900036),(0.,0.0560000000000009),
 .UNSPECIFIED.);
#308=B_SPLINE_SURFACE_WITH_KNOTS('',3,1,((#6164,#6165),(#6166,#6167),(#6168,
#6169),(#6170,#6171),(#6172,#6173)),.UNSPECIFIED.,.F.,.F.,.F.,(4,1,4),(2,
2),(0.,0.0196002445156327,0.0439333562806178),(0.,0.0560000000000009),
 .UNSPECIFIED.);
#309=B_SPLINE_SURFACE_WITH_KNOTS('',3,1,((#6187,#6188),(#6189,#6190),(#6191,
#6192),(#6193,#6194),(#6195,#6196)),.UNSPECIFIED.,.F.,.F.,.F.,(4,1,4),(2,
2),(0.,0.0375312586250089,0.0770137693144078),(0.,0.0560000000000009),
 .UNSPECIFIED.);
#310=B_SPLINE_SURFACE_WITH_KNOTS('',3,1,((#6210,#6211),(#6212,#6213),(#6214,
#6215),(#6216,#6217),(#6218,#6219)),.UNSPECIFIED.,.F.,.F.,.F.,(4,1,4),(2,
2),(0.,0.0391961757158895,0.0766199841591455),(0.,0.0560000000000009),
 .UNSPECIFIED.);
#311=B_SPLINE_SURFACE_WITH_KNOTS('',3,1,((#6233,#6234),(#6235,#6236),(#6237,
#6238),(#6239,#6240),(#6241,#6242)),.UNSPECIFIED.,.F.,.F.,.F.,(4,1,4),(2,
2),(0.,0.0403680970969876,0.0818024833668733),(0.,0.0560000000000009),
 .UNSPECIFIED.);
#312=B_SPLINE_SURFACE_WITH_KNOTS('',3,1,((#6256,#6257),(#6258,#6259),(#6260,
#6261),(#6262,#6263),(#6264,#6265)),.UNSPECIFIED.,.F.,.F.,.F.,(4,1,4),(2,
2),(0.,0.0406457064037429,0.0807666291347032),(0.,0.0560000000000009),
 .UNSPECIFIED.);
#313=B_SPLINE_SURFACE_WITH_KNOTS('',3,1,((#6279,#6280),(#6281,#6282),(#6283,
#6284),(#6285,#6286),(#6287,#6288)),.UNSPECIFIED.,.F.,.F.,.F.,(4,1,4),(2,
2),(0.,0.033049449173531,0.0672597592862064),(0.,0.0560000000000009),
 .UNSPECIFIED.);
#314=B_SPLINE_SURFACE_WITH_KNOTS('',3,1,((#6302,#6303),(#6304,#6305),(#6306,
#6307),(#6308,#6309),(#6310,#6311)),.UNSPECIFIED.,.F.,.F.,.F.,(4,1,4),(2,
2),(0.,0.047109665310144,0.0843886123079373),(0.,0.0560000000000009),
 .UNSPECIFIED.);
#315=B_SPLINE_SURFACE_WITH_KNOTS('',3,1,((#6331,#6332),(#6333,#6334),(#6335,
#6336),(#6337,#6338),(#6339,#6340)),.UNSPECIFIED.,.F.,.F.,.F.,(4,1,4),(2,
2),(0.,0.0565066240623796,0.115200289771935),(0.,0.0560000000000009),
 .UNSPECIFIED.);
#316=B_SPLINE_SURFACE_WITH_KNOTS('',3,3,((#6720,#6721,#6722,#6723,#6724,
#6725),(#6726,#6727,#6728,#6729,#6730,#6731),(#6732,#6733,#6734,#6735,#6736,
#6737),(#6738,#6739,#6740,#6741,#6742,#6743),(#6744,#6745,#6746,#6747,#6748,
#6749)),.UNSPECIFIED.,.F.,.F.,.F.,(4,1,4),(4,1,1,4),(0.,0.571428571428571,
1.),(0.,0.246453007847479,0.410755013079132,0.575057018310784),
 .UNSPECIFIED.);
#317=B_SPLINE_SURFACE_WITH_KNOTS('',3,3,((#6780,#6781,#6782,#6783,#6784,
#6785,#6786),(#6787,#6788,#6789,#6790,#6791,#6792,#6793),(#6794,#6795,#6796,
#6797,#6798,#6799,#6800),(#6801,#6802,#6803,#6804,#6805,#6806,#6807),(#6808,
#6809,#6810,#6811,#6812,#6813,#6814)),.UNSPECIFIED.,.F.,.F.,.F.,(4,1,4),
(4,1,1,1,4),(0.,0.571428571428571,1.),(0.,0.123226503923753,0.246453007847507,
0.410755013079178,0.575057018310849),.UNSPECIFIED.);
#318=B_SPLINE_SURFACE_WITH_KNOTS('',3,3,((#6903,#6904,#6905,#6906,#6907,
#6908,#6909,#6910,#6911,#6912),(#6913,#6914,#6915,#6916,#6917,#6918,#6919,
#6920,#6921,#6922),(#6923,#6924,#6925,#6926,#6927,#6928,#6929,#6930,#6931,
#6932),(#6933,#6934,#6935,#6936,#6937,#6938,#6939,#6940,#6941,#6942),(#6943,
#6944,#6945,#6946,#6947,#6948,#6949,#6950,#6951,#6952)),.UNSPECIFIED.,.F.,
 .F.,.F.,(4,1,4),(4,1,1,1,1,1,1,4),(0.,0.571428571428571,1.),(0.,0.0410755016140283,
0.123226504842085,0.24645300968417,0.410755016140283,0.49290601936834,0.533981520982368,
0.575057022596397),.UNSPECIFIED.);
#319=B_SPLINE_SURFACE_WITH_KNOTS('',3,3,((#6999,#7000,#7001,#7002,#7003,
#7004),(#7005,#7006,#7007,#7008,#7009,#7010),(#7011,#7012,#7013,#7014,#7015,
#7016),(#7017,#7018,#7019,#7020,#7021,#7022),(#7023,#7024,#7025,#7026,#7027,
#7028)),.UNSPECIFIED.,.F.,.F.,.F.,(4,1,4),(4,1,1,4),(0.,0.571428571428571,
1.),(0.,0.246453009684236,0.410755016140394,0.575057022596551),
 .UNSPECIFIED.);
#320=B_SPLINE_SURFACE_WITH_KNOTS('',3,3,((#7067,#7068,#7069,#7070,#7071,
#7072,#7073,#7074,#7075,#7076,#7077,#7078,#7079,#7080),(#7081,#7082,#7083,
#7084,#7085,#7086,#7087,#7088,#7089,#7090,#7091,#7092,#7093,#7094),(#7095,
#7096,#7097,#7098,#7099,#7100,#7101,#7102,#7103,#7104,#7105,#7106,#7107,
#7108),(#7109,#7110,#7111,#7112,#7113,#7114,#7115,#7116,#7117,#7118,#7119,
#7120,#7121,#7122),(#7123,#7124,#7125,#7126,#7127,#7128,#7129,#7130,#7131,
#7132,#7133,#7134,#7135,#7136)),.UNSPECIFIED.,.F.,.F.,.F.,(4,1,4),(4,1,
1,1,1,1,1,1,1,1,1,4),(0.,0.571428571428571,1.),(0.,0.0410354088207728,0.0820708176415456,
0.123106226462318,0.246212452924637,0.410354088207728,0.451389497028501,
0.492424905849274,0.533460314670047,0.553978019080433,0.564236871285626,
0.574495723490819),.UNSPECIFIED.);
#321=B_SPLINE_SURFACE_WITH_KNOTS('',3,3,((#7199,#7200,#7201,#7202,#7203,
#7204,#7205,#7206,#7207,#7208,#7209,#7210,#7211,#7212,#7213,#7214),(#7215,
#7216,#7217,#7218,#7219,#7220,#7221,#7222,#7223,#7224,#7225,#7226,#7227,
#7228,#7229,#7230),(#7231,#7232,#7233,#7234,#7235,#7236,#7237,#7238,#7239,
#7240,#7241,#7242,#7243,#7244,#7245,#7246),(#7247,#7248,#7249,#7250,#7251,
#7252,#7253,#7254,#7255,#7256,#7257,#7258,#7259,#7260,#7261,#7262),(#7263,
#7264,#7265,#7266,#7267,#7268,#7269,#7270,#7271,#7272,#7273,#7274,#7275,
#7276,#7277,#7278)),.UNSPECIFIED.,.F.,.F.,.F.,(4,1,4),(4,1,1,1,1,1,1,1,
1,1,1,1,1,4),(0.,0.571428571428571,1.),(0.,0.0241960718978566,0.0483921437957131,
0.0967842875914263,0.145176431387139,0.193568575182853,0.290352862774279,
0.387137150365705,0.483921437957131,0.580705725548557,0.629097869344271,
0.653293941242127,0.665391977191055,0.677490013139984),.UNSPECIFIED.);
#322=B_SPLINE_SURFACE_WITH_KNOTS('',3,3,((#7379,#7380,#7381,#7382,#7383,
#7384,#7385,#7386,#7387,#7388,#7389,#7390,#7391,#7392),(#7393,#7394,#7395,
#7396,#7397,#7398,#7399,#7400,#7401,#7402,#7403,#7404,#7405,#7406),(#7407,
#7408,#7409,#7410,#7411,#7412,#7413,#7414,#7415,#7416,#7417,#7418,#7419,
#7420),(#7421,#7422,#7423,#7424,#7425,#7426,#7427,#7428,#7429,#7430,#7431,
#7432,#7433,#7434),(#7435,#7436,#7437,#7438,#7439,#7440,#7441,#7442,#7443,
#7444,#7445,#7446,#7447,#7448)),.UNSPECIFIED.,.F.,.F.,.F.,(4,1,4),(4,1,
1,1,1,1,1,1,1,1,1,4),(0.,0.571428571428571,1.),(0.,0.0410755013175285,0.082151002635057,
0.123226503952586,0.246453007905171,0.410755013175285,0.451830514492814,
0.492906015810342,0.533981517127871,0.554519267786635,0.564788143116017,
0.575057018445399),.UNSPECIFIED.);
#323=B_SPLINE_SURFACE_WITH_KNOTS('',3,3,((#7506,#7507,#7508,#7509,#7510,
#7511,#7512,#7513,#7514,#7515,#7516,#7517,#7518,#7519),(#7520,#7521,#7522,
#7523,#7524,#7525,#7526,#7527,#7528,#7529,#7530,#7531,#7532,#7533),(#7534,
#7535,#7536,#7537,#7538,#7539,#7540,#7541,#7542,#7543,#7544,#7545,#7546,
#7547),(#7548,#7549,#7550,#7551,#7552,#7553,#7554,#7555,#7556,#7557,#7558,
#7559,#7560,#7561),(#7562,#7563,#7564,#7565,#7566,#7567,#7568,#7569,#7570,
#7571,#7572,#7573,#7574,#7575)),.UNSPECIFIED.,.F.,.F.,.F.,(4,1,4),(4,1,
1,1,1,1,1,1,1,1,1,4),(0.,0.571428571428571,1.),(0.,0.0410755013175291,0.0821510026350581,
0.123226503952587,0.246453007905174,0.410755013175291,0.45183051449282,
0.492906015810349,0.533981517127878,0.554519267786642,0.564788143116024,
0.575057018445407),.UNSPECIFIED.);
#324=B_SPLINE_SURFACE_WITH_KNOTS('',3,3,((#7657,#7658,#7659,#7660,#7661,
#7662,#7663,#7664,#7665,#7666,#7667,#7668,#7669,#7670,#7671,#7672,#7673,
#7674),(#7675,#7676,#7677,#7678,#7679,#7680,#7681,#7682,#7683,#7684,#7685,
#7686,#7687,#7688,#7689,#7690,#7691,#7692),(#7693,#7694,#7695,#7696,#7697,
#7698,#7699,#7700,#7701,#7702,#7703,#7704,#7705,#7706,#7707,#7708,#7709,
#7710),(#7711,#7712,#7713,#7714,#7715,#7716,#7717,#7718,#7719,#7720,#7721,
#7722,#7723,#7724,#7725,#7726,#7727,#7728),(#7729,#7730,#7731,#7732,#7733,
#7734,#7735,#7736,#7737,#7738,#7739,#7740,#7741,#7742,#7743,#7744,#7745,
#7746),(#7747,#7748,#7749,#7750,#7751,#7752,#7753,#7754,#7755,#7756,#7757,
#7758,#7759,#7760,#7761,#7762,#7763,#7764),(#7765,#7766,#7767,#7768,#7769,
#7770,#7771,#7772,#7773,#7774,#7775,#7776,#7777,#7778,#7779,#7780,#7781,
#7782),(#7783,#7784,#7785,#7786,#7787,#7788,#7789,#7790,#7791,#7792,#7793,
#7794,#7795,#7796,#7797,#7798,#7799,#7800),(#7801,#7802,#7803,#7804,#7805,
#7806,#7807,#7808,#7809,#7810,#7811,#7812,#7813,#7814,#7815,#7816,#7817,
#7818),(#7819,#7820,#7821,#7822,#7823,#7824,#7825,#7826,#7827,#7828,#7829,
#7830,#7831,#7832,#7833,#7834,#7835,#7836)),.UNSPECIFIED.,.F.,.T.,.F.,(4,
1,1,1,1,1,1,4),(4,1,1,1,1,1,1,1,1,1,1,1,1,1,1,4),(0.,0.142857142857143,
0.285714285714286,0.428571428571429,0.571428571428571,0.714285714285714,
0.857142857142857,1.),(0.,0.37974323329055,0.759486466581101,1.13922969987165,
1.5189729331622,2.02529724421627,2.2784593997433,2.65820263303385,3.0379458663244,
3.41768909961495,3.51262490793759,3.7974323329055,4.17717556619605,4.55691879948661,
4.93666203277716,5.31640526606771),.UNSPECIFIED.);
#325=B_SPLINE_SURFACE_WITH_KNOTS('',3,3,((#8059,#8060,#8061,#8062,#8063,
#8064,#8065,#8066,#8067,#8068,#8069,#8070,#8071,#8072,#8073,#8074,#8075),
(#8076,#8077,#8078,#8079,#8080,#8081,#8082,#8083,#8084,#8085,#8086,#8087,
#8088,#8089,#8090,#8091,#8092),(#8093,#8094,#8095,#8096,#8097,#8098,#8099,
#8100,#8101,#8102,#8103,#8104,#8105,#8106,#8107,#8108,#8109),(#8110,#8111,
#8112,#8113,#8114,#8115,#8116,#8117,#8118,#8119,#8120,#8121,#8122,#8123,
#8124,#8125,#8126),(#8127,#8128,#8129,#8130,#8131,#8132,#8133,#8134,#8135,
#8136,#8137,#8138,#8139,#8140,#8141,#8142,#8143),(#8144,#8145,#8146,#8147,
#8148,#8149,#8150,#8151,#8152,#8153,#8154,#8155,#8156,#8157,#8158,#8159,
#8160),(#8161,#8162,#8163,#8164,#8165,#8166,#8167,#8168,#8169,#8170,#8171,
#8172,#8173,#8174,#8175,#8176,#8177),(#8178,#8179,#8180,#8181,#8182,#8183,
#8184,#8185,#8186,#8187,#8188,#8189,#8190,#8191,#8192,#8193,#8194),(#8195,
#8196,#8197,#8198,#8199,#8200,#8201,#8202,#8203,#8204,#8205,#8206,#8207,
#8208,#8209,#8210,#8211),(#8212,#8213,#8214,#8215,#8216,#8217,#8218,#8219,
#8220,#8221,#8222,#8223,#8224,#8225,#8226,#8227,#8228)),.UNSPECIFIED.,.F.,
 .T.,.F.,(4,1,1,1,1,1,1,4),(4,1,1,1,1,1,1,1,1,1,1,1,1,1,4),(0.,0.142857142857143,
0.285714285714286,0.428571428571429,0.571428571428571,0.714285714285714,
0.857142857142857,1.),(0.,0.37974323329055,0.7594864665811,1.13922969987165,
1.5189729331622,2.02529724421627,2.2784593997433,2.78478371079737,3.0379458663244,
3.41768909961495,3.7974323329055,4.17717556619605,4.5569187994866,4.93666203277715,
5.3164052660677),.UNSPECIFIED.);
#326=B_SPLINE_SURFACE_WITH_KNOTS('',3,3,((#8267,#8268,#8269,#8270,#8271,
#8272,#8273,#8274,#8275,#8276,#8277,#8278,#8279,#8280,#8281,#8282,#8283),
(#8284,#8285,#8286,#8287,#8288,#8289,#8290,#8291,#8292,#8293,#8294,#8295,
#8296,#8297,#8298,#8299,#8300),(#8301,#8302,#8303,#8304,#8305,#8306,#8307,
#8308,#8309,#8310,#8311,#8312,#8313,#8314,#8315,#8316,#8317),(#8318,#8319,
#8320,#8321,#8322,#8323,#8324,#8325,#8326,#8327,#8328,#8329,#8330,#8331,
#8332,#8333,#8334),(#8335,#8336,#8337,#8338,#8339,#8340,#8341,#8342,#8343,
#8344,#8345,#8346,#8347,#8348,#8349,#8350,#8351),(#8352,#8353,#8354,#8355,
#8356,#8357,#8358,#8359,#8360,#8361,#8362,#8363,#8364,#8365,#8366,#8367,
#8368),(#8369,#8370,#8371,#8372,#8373,#8374,#8375,#8376,#8377,#8378,#8379,
#8380,#8381,#8382,#8383,#8384,#8385),(#8386,#8387,#8388,#8389,#8390,#8391,
#8392,#8393,#8394,#8395,#8396,#8397,#8398,#8399,#8400,#8401,#8402),(#8403,
#8404,#8405,#8406,#8407,#8408,#8409,#8410,#8411,#8412,#8413,#8414,#8415,
#8416,#8417,#8418,#8419),(#8420,#8421,#8422,#8423,#8424,#8425,#8426,#8427,
#8428,#8429,#8430,#8431,#8432,#8433,#8434,#8435,#8436)),.UNSPECIFIED.,.F.,
 .T.,.F.,(4,1,1,1,1,1,1,4),(4,1,1,1,1,1,1,1,1,1,1,1,1,1,4),(0.,0.142857142857143,
0.285714285714286,0.428571428571429,0.571428571428571,0.714285714285714,
0.857142857142857,1.),(0.,0.37974323329055,0.759486466581101,1.13922969987165,
1.5189729331622,2.02529724421627,2.2784593997433,2.65820263303385,3.0379458663244,
3.41768909961495,3.7974323329055,4.17717556619605,4.5569187994866,4.93666203277715,
5.3164052660677),.UNSPECIFIED.);
#327=B_SPLINE_SURFACE_WITH_KNOTS('',3,3,((#8545,#8546,#8547,#8548,#8549,
#8550,#8551,#8552,#8553,#8554,#8555,#8556,#8557,#8558,#8559,#8560,#8561),
(#8562,#8563,#8564,#8565,#8566,#8567,#8568,#8569,#8570,#8571,#8572,#8573,
#8574,#8575,#8576,#8577,#8578),(#8579,#8580,#8581,#8582,#8583,#8584,#8585,
#8586,#8587,#8588,#8589,#8590,#8591,#8592,#8593,#8594,#8595),(#8596,#8597,
#8598,#8599,#8600,#8601,#8602,#8603,#8604,#8605,#8606,#8607,#8608,#8609,
#8610,#8611,#8612),(#8613,#8614,#8615,#8616,#8617,#8618,#8619,#8620,#8621,
#8622,#8623,#8624,#8625,#8626,#8627,#8628,#8629),(#8630,#8631,#8632,#8633,
#8634,#8635,#8636,#8637,#8638,#8639,#8640,#8641,#8642,#8643,#8644,#8645,
#8646),(#8647,#8648,#8649,#8650,#8651,#8652,#8653,#8654,#8655,#8656,#8657,
#8658,#8659,#8660,#8661,#8662,#8663),(#8664,#8665,#8666,#8667,#8668,#8669,
#8670,#8671,#8672,#8673,#8674,#8675,#8676,#8677,#8678,#8679,#8680),(#8681,
#8682,#8683,#8684,#8685,#8686,#8687,#8688,#8689,#8690,#8691,#8692,#8693,
#8694,#8695,#8696,#8697),(#8698,#8699,#8700,#8701,#8702,#8703,#8704,#8705,
#8706,#8707,#8708,#8709,#8710,#8711,#8712,#8713,#8714)),.UNSPECIFIED.,.F.,
 .T.,.F.,(4,1,1,1,1,1,1,4),(4,1,1,1,1,1,1,1,1,1,1,1,1,1,4),(0.,0.142857142857143,
0.285714285714286,0.428571428571429,0.571428571428571,0.714285714285714,
0.857142857142857,1.),(0.,0.37974323329055,0.759486466581101,1.13922969987165,
1.5189729331622,2.02529724421627,2.2784593997433,2.65820263303385,3.0379458663244,
3.41768909961495,3.7974323329055,4.17717556619605,4.5569187994866,4.93666203277716,
5.31640526606771),.UNSPECIFIED.);
#328=CONICAL_SURFACE('',#3638,6.27250000000001,0.785398163397446);
#329=CONICAL_SURFACE('',#3642,6.27250000000001,0.785398163397447);
#330=CONICAL_SURFACE('',#3654,6.27250000000001,0.785398163397446);
#331=CONICAL_SURFACE('',#3658,6.27250000000001,0.785398163397447);
#332=CONICAL_SURFACE('',#3670,6.27250000000001,0.785398163397446);
#333=CONICAL_SURFACE('',#3674,6.27250000000001,0.785398163397447);
#334=CONICAL_SURFACE('',#3687,6.39321340784214,0.785398163397593);
#335=CONICAL_SURFACE('',#3689,5.61571831482402,1.57068833911599);
#336=CONICAL_SURFACE('',#3692,6.39321831482413,0.785398163400741);
#337=CONICAL_SURFACE('',#3797,0.6385725,1.03412676850932);
#338=CONICAL_SURFACE('',#3800,0.6385725,1.03412676850932);
#339=CONICAL_SURFACE('',#3803,0.6385725,1.03412676850932);
#340=CONICAL_SURFACE('',#3806,0.6385725,1.03412676850932);
#341=CIRCLE('',#3630,3.24999999999999);
#342=CIRCLE('',#3631,3.24999999999999);
#343=CIRCLE('',#3633,4.84999999999999);
#344=CIRCLE('',#3635,4.84999999999999);
#345=CIRCLE('',#3637,5.54500000000002);
#346=CIRCLE('',#3639,7.);
#347=CIRCLE('',#3641,7.);
#348=CIRCLE('',#3643,5.54500000000002);
#349=CIRCLE('',#3646,3.24999999999999);
#350=CIRCLE('',#3647,3.24999999999999);
#351=CIRCLE('',#3649,4.84999999999999);
#352=CIRCLE('',#3651,4.84999999999999);
#353=CIRCLE('',#3653,5.54500000000002);
#354=CIRCLE('',#3655,7.);
#355=CIRCLE('',#3657,7.);
#356=CIRCLE('',#3659,5.54500000000002);
#357=CIRCLE('',#3662,3.24999999999999);
#358=CIRCLE('',#3663,3.24999999999999);
#359=CIRCLE('',#3665,4.84999999999999);
#360=CIRCLE('',#3667,4.84999999999999);
#361=CIRCLE('',#3669,5.54500000000002);
#362=CIRCLE('',#3671,7.);
#363=CIRCLE('',#3673,7.);
#364=CIRCLE('',#3675,5.54500000000002);
#365=CIRCLE('',#3678,6.9);
#366=CIRCLE('',#3679,6.9);
#367=CIRCLE('',#3680,6.9);
#368=CIRCLE('',#3681,6.9);
#369=CIRCLE('',#3683,5.);
#370=CIRCLE('',#3684,5.);
#371=CIRCLE('',#3686,4.84999999999999);
#372=CIRCLE('',#3688,5.68642681568432);
#373=CIRCLE('',#3690,5.68643662964833);
#374=CIRCLE('',#3691,5.54500000000002);
#375=CIRCLE('',#3694,3.24999999999999);
#376=CIRCLE('',#3695,3.24999999999999);
#377=CIRCLE('',#3697,4.84999999999999);
#378=CIRCLE('',#3735,0.999999999999996);
#379=CIRCLE('',#3740,1.00000000000001);
#380=CIRCLE('',#3741,1.00000000000001);
#381=CIRCLE('',#3746,1.00000000000001);
#382=CIRCLE('',#3749,0.999999999999996);
#383=CIRCLE('',#3750,0.999999999999996);
#384=CIRCLE('',#3755,0.999999999999996);
#385=CIRCLE('',#3761,1.00000000000001);
#386=CIRCLE('',#3764,0.999999999999996);
#387=CIRCLE('',#3765,0.999999999999996);
#388=CIRCLE('',#3767,0.999999999999996);
#389=CIRCLE('',#3768,0.999999999999996);
#390=CIRCLE('',#3776,0.999999999999996);
#391=CIRCLE('',#3777,1.00000000000001);
#392=CIRCLE('',#3779,0.999999999999996);
#393=CIRCLE('',#3780,0.999999999999961);
#394=CIRCLE('',#3814,1.6);
#395=CIRCLE('',#3815,1.6);
#396=CIRCLE('',#3817,2.5);
#397=CIRCLE('',#3818,2.5);
#398=CYLINDRICAL_SURFACE('',#3629,3.24999999999999);
#399=CYLINDRICAL_SURFACE('',#3634,4.84999999999999);
#400=CYLINDRICAL_SURFACE('',#3640,7.);
#401=CYLINDRICAL_SURFACE('',#3645,3.24999999999999);
#402=CYLINDRICAL_SURFACE('',#3650,4.84999999999999);
#403=CYLINDRICAL_SURFACE('',#3656,7.);
#404=CYLINDRICAL_SURFACE('',#3661,3.24999999999999);
#405=CYLINDRICAL_SURFACE('',#3666,4.84999999999999);
#406=CYLINDRICAL_SURFACE('',#3672,7.);
#407=CYLINDRICAL_SURFACE('',#3677,6.9);
#408=CYLINDRICAL_SURFACE('',#3682,5.);
#409=CYLINDRICAL_SURFACE('',#3693,3.24999999999999);
#410=CYLINDRICAL_SURFACE('',#3698,4.84999999999999);
#411=CYLINDRICAL_SURFACE('',#3763,1.);
#412=CYLINDRICAL_SURFACE('',#3766,1.);
#413=CYLINDRICAL_SURFACE('',#3769,1.);
#414=CYLINDRICAL_SURFACE('',#3774,1.);
#415=CYLINDRICAL_SURFACE('',#3775,1.);
#416=CYLINDRICAL_SURFACE('',#3778,1.);
#417=CYLINDRICAL_SURFACE('',#3781,1.);
#418=CYLINDRICAL_SURFACE('',#3782,1.);
#419=CYLINDRICAL_SURFACE('',#3813,1.6);
#420=CYLINDRICAL_SURFACE('',#3816,2.5);
#421=STYLED_ITEM('',(#8933),#428);
#422=STYLED_ITEM('',(#8933),#429);
#423=STYLED_ITEM('',(#8933),#430);
#424=STYLED_ITEM('',(#8933),#431);
#425=STYLED_ITEM('',(#8933),#432);
#426=STYLED_ITEM('',(#8933),#433);
#427=STYLED_ITEM('',(#8933),#434);
#428=MANIFOLD_SOLID_BREP('Caja',#3597);
#429=MANIFOLD_SOLID_BREP('Rueda',#3598);
#430=MANIFOLD_SOLID_BREP('Rueda (1)',#3599);
#431=MANIFOLD_SOLID_BREP('Rueda (2)',#3600);
#432=MANIFOLD_SOLID_BREP('Rueda (3)',#3601);
#433=MANIFOLD_SOLID_BREP('Plataforma',#3602);
#434=MANIFOLD_SOLID_BREP('Cuerpo7',#3603);
#435=FACE_BOUND('',#679,.T.);
#436=FACE_BOUND('',#688,.T.);
#437=FACE_BOUND('',#691,.T.);
#438=FACE_BOUND('',#696,.T.);
#439=FACE_BOUND('',#699,.T.);
#440=FACE_BOUND('',#702,.T.);
#441=FACE_BOUND('',#707,.T.);
#442=FACE_BOUND('',#710,.T.);
#443=FACE_BOUND('',#713,.T.);
#444=FACE_BOUND('',#718,.T.);
#445=FACE_BOUND('',#722,.T.);
#446=FACE_BOUND('',#728,.T.);
#447=FACE_BOUND('',#731,.T.);
#448=FACE_BOUND('',#733,.T.);
#449=FACE_BOUND('',#874,.T.);
#450=FACE_BOUND('',#875,.T.);
#451=FACE_BOUND('',#876,.T.);
#452=FACE_BOUND('',#877,.T.);
#453=FACE_BOUND('',#900,.T.);
#454=FACE_BOUND('',#902,.T.);
#455=FACE_BOUND('',#904,.T.);
#456=FACE_BOUND('',#906,.T.);
#457=FACE_BOUND('',#910,.T.);
#458=FACE_BOUND('',#912,.T.);
#459=FACE_OUTER_BOUND('',#674,.T.);
#460=FACE_OUTER_BOUND('',#675,.T.);
#461=FACE_OUTER_BOUND('',#676,.T.);
#462=FACE_OUTER_BOUND('',#677,.T.);
#463=FACE_OUTER_BOUND('',#678,.T.);
#464=FACE_OUTER_BOUND('',#680,.T.);
#465=FACE_OUTER_BOUND('',#681,.T.);
#466=FACE_OUTER_BOUND('',#682,.T.);
#467=FACE_OUTER_BOUND('',#683,.T.);
#468=FACE_OUTER_BOUND('',#684,.T.);
#469=FACE_OUTER_BOUND('',#685,.T.);
#470=FACE_OUTER_BOUND('',#686,.T.);
#471=FACE_OUTER_BOUND('',#687,.T.);
#472=FACE_OUTER_BOUND('',#689,.T.);
#473=FACE_OUTER_BOUND('',#690,.T.);
#474=FACE_OUTER_BOUND('',#692,.T.);
#475=FACE_OUTER_BOUND('',#693,.T.);
#476=FACE_OUTER_BOUND('',#694,.T.);
#477=FACE_OUTER_BOUND('',#695,.T.);
#478=FACE_OUTER_BOUND('',#697,.T.);
#479=FACE_OUTER_BOUND('',#698,.T.);
#480=FACE_OUTER_BOUND('',#700,.T.);
#481=FACE_OUTER_BOUND('',#701,.T.);
#482=FACE_OUTER_BOUND('',#703,.T.);
#483=FACE_OUTER_BOUND('',#704,.T.);
#484=FACE_OUTER_BOUND('',#705,.T.);
#485=FACE_OUTER_BOUND('',#706,.T.);
#486=FACE_OUTER_BOUND('',#708,.T.);
#487=FACE_OUTER_BOUND('',#709,.T.);
#488=FACE_OUTER_BOUND('',#711,.T.);
#489=FACE_OUTER_BOUND('',#712,.T.);
#490=FACE_OUTER_BOUND('',#714,.T.);
#491=FACE_OUTER_BOUND('',#715,.T.);
#492=FACE_OUTER_BOUND('',#716,.T.);
#493=FACE_OUTER_BOUND('',#717,.T.);
#494=FACE_OUTER_BOUND('',#719,.T.);
#495=FACE_OUTER_BOUND('',#720,.T.);
#496=FACE_OUTER_BOUND('',#721,.T.);
#497=FACE_OUTER_BOUND('',#723,.T.);
#498=FACE_OUTER_BOUND('',#724,.T.);
#499=FACE_OUTER_BOUND('',#725,.T.);
#500=FACE_OUTER_BOUND('',#726,.T.);
#501=FACE_OUTER_BOUND('',#727,.T.);
#502=FACE_OUTER_BOUND('',#729,.T.);
#503=FACE_OUTER_BOUND('',#730,.T.);
#504=FACE_OUTER_BOUND('',#732,.T.);
#505=FACE_OUTER_BOUND('',#734,.T.);
#506=FACE_OUTER_BOUND('',#735,.T.);
#507=FACE_OUTER_BOUND('',#736,.T.);
#508=FACE_OUTER_BOUND('',#737,.T.);
#509=FACE_OUTER_BOUND('',#738,.T.);
#510=FACE_OUTER_BOUND('',#739,.T.);
#511=FACE_OUTER_BOUND('',#740,.T.);
#512=FACE_OUTER_BOUND('',#741,.T.);
#513=FACE_OUTER_BOUND('',#742,.T.);
#514=FACE_OUTER_BOUND('',#743,.T.);
#515=FACE_OUTER_BOUND('',#744,.T.);
#516=FACE_OUTER_BOUND('',#745,.T.);
#517=FACE_OUTER_BOUND('',#746,.T.);
#518=FACE_OUTER_BOUND('',#747,.T.);
#519=FACE_OUTER_BOUND('',#748,.T.);
#520=FACE_OUTER_BOUND('',#749,.T.);
#521=FACE_OUTER_BOUND('',#750,.T.);
#522=FACE_OUTER_BOUND('',#751,.T.);
#523=FACE_OUTER_BOUND('',#752,.T.);
#524=FACE_OUTER_BOUND('',#753,.T.);
#525=FACE_OUTER_BOUND('',#754,.T.);
#526=FACE_OUTER_BOUND('',#755,.T.);
#527=FACE_OUTER_BOUND('',#756,.T.);
#528=FACE_OUTER_BOUND('',#757,.T.);
#529=FACE_OUTER_BOUND('',#758,.T.);
#530=FACE_OUTER_BOUND('',#759,.T.);
#531=FACE_OUTER_BOUND('',#760,.T.);
#532=FACE_OUTER_BOUND('',#761,.T.);
#533=FACE_OUTER_BOUND('',#762,.T.);
#534=FACE_OUTER_BOUND('',#763,.T.);
#535=FACE_OUTER_BOUND('',#764,.T.);
#536=FACE_OUTER_BOUND('',#765,.T.);
#537=FACE_OUTER_BOUND('',#766,.T.);
#538=FACE_OUTER_BOUND('',#767,.T.);
#539=FACE_OUTER_BOUND('',#768,.T.);
#540=FACE_OUTER_BOUND('',#769,.T.);
#541=FACE_OUTER_BOUND('',#770,.T.);
#542=FACE_OUTER_BOUND('',#771,.T.);
#543=FACE_OUTER_BOUND('',#772,.T.);
#544=FACE_OUTER_BOUND('',#773,.T.);
#545=FACE_OUTER_BOUND('',#774,.T.);
#546=FACE_OUTER_BOUND('',#775,.T.);
#547=FACE_OUTER_BOUND('',#776,.T.);
#548=FACE_OUTER_BOUND('',#777,.T.);
#549=FACE_OUTER_BOUND('',#778,.T.);
#550=FACE_OUTER_BOUND('',#779,.T.);
#551=FACE_OUTER_BOUND('',#780,.T.);
#552=FACE_OUTER_BOUND('',#781,.T.);
#553=FACE_OUTER_BOUND('',#782,.T.);
#554=FACE_OUTER_BOUND('',#783,.T.);
#555=FACE_OUTER_BOUND('',#784,.T.);
#556=FACE_OUTER_BOUND('',#785,.T.);
#557=FACE_OUTER_BOUND('',#786,.T.);
#558=FACE_OUTER_BOUND('',#787,.T.);
#559=FACE_OUTER_BOUND('',#788,.T.);
#560=FACE_OUTER_BOUND('',#789,.T.);
#561=FACE_OUTER_BOUND('',#790,.T.);
#562=FACE_OUTER_BOUND('',#791,.T.);
#563=FACE_OUTER_BOUND('',#792,.T.);
#564=FACE_OUTER_BOUND('',#793,.T.);
#565=FACE_OUTER_BOUND('',#794,.T.);
#566=FACE_OUTER_BOUND('',#795,.T.);
#567=FACE_OUTER_BOUND('',#796,.T.);
#568=FACE_OUTER_BOUND('',#797,.T.);
#569=FACE_OUTER_BOUND('',#798,.T.);
#570=FACE_OUTER_BOUND('',#799,.T.);
#571=FACE_OUTER_BOUND('',#800,.T.);
#572=FACE_OUTER_BOUND('',#801,.T.);
#573=FACE_OUTER_BOUND('',#802,.T.);
#574=FACE_OUTER_BOUND('',#803,.T.);
#575=FACE_OUTER_BOUND('',#804,.T.);
#576=FACE_OUTER_BOUND('',#805,.T.);
#577=FACE_OUTER_BOUND('',#806,.T.);
#578=FACE_OUTER_BOUND('',#807,.T.);
#579=FACE_OUTER_BOUND('',#808,.T.);
#580=FACE_OUTER_BOUND('',#809,.T.);
#581=FACE_OUTER_BOUND('',#810,.T.);
#582=FACE_OUTER_BOUND('',#811,.T.);
#583=FACE_OUTER_BOUND('',#812,.T.);
#584=FACE_OUTER_BOUND('',#813,.T.);
#585=FACE_OUTER_BOUND('',#814,.T.);
#586=FACE_OUTER_BOUND('',#815,.T.);
#587=FACE_OUTER_BOUND('',#816,.T.);
#588=FACE_OUTER_BOUND('',#817,.T.);
#589=FACE_OUTER_BOUND('',#818,.T.);
#590=FACE_OUTER_BOUND('',#819,.T.);
#591=FACE_OUTER_BOUND('',#820,.T.);
#592=FACE_OUTER_BOUND('',#821,.T.);
#593=FACE_OUTER_BOUND('',#822,.T.);
#594=FACE_OUTER_BOUND('',#823,.T.);
#595=FACE_OUTER_BOUND('',#824,.T.);
#596=FACE_OUTER_BOUND('',#825,.T.);
#597=FACE_OUTER_BOUND('',#826,.T.);
#598=FACE_OUTER_BOUND('',#827,.T.);
#599=FACE_OUTER_BOUND('',#828,.T.);
#600=FACE_OUTER_BOUND('',#829,.T.);
#601=FACE_OUTER_BOUND('',#830,.T.);
#602=FACE_OUTER_BOUND('',#831,.T.);
#603=FACE_OUTER_BOUND('',#832,.T.);
#604=FACE_OUTER_BOUND('',#833,.T.);
#605=FACE_OUTER_BOUND('',#834,.T.);
#606=FACE_OUTER_BOUND('',#835,.T.);
#607=FACE_OUTER_BOUND('',#836,.T.);
#608=FACE_OUTER_BOUND('',#837,.T.);
#609=FACE_OUTER_BOUND('',#838,.T.);
#610=FACE_OUTER_BOUND('',#839,.T.);
#611=FACE_OUTER_BOUND('',#840,.T.);
#612=FACE_OUTER_BOUND('',#841,.T.);
#613=FACE_OUTER_BOUND('',#842,.T.);
#614=FACE_OUTER_BOUND('',#843,.T.);
#615=FACE_OUTER_BOUND('',#844,.T.);
#616=FACE_OUTER_BOUND('',#845,.T.);
#617=FACE_OUTER_BOUND('',#846,.T.);
#618=FACE_OUTER_BOUND('',#847,.T.);
#619=FACE_OUTER_BOUND('',#848,.T.);
#620=FACE_OUTER_BOUND('',#849,.T.);
#621=FACE_OUTER_BOUND('',#850,.T.);
#622=FACE_OUTER_BOUND('',#851,.T.);
#623=FACE_OUTER_BOUND('',#852,.T.);
#624=FACE_OUTER_BOUND('',#853,.T.);
#625=FACE_OUTER_BOUND('',#854,.T.);
#626=FACE_OUTER_BOUND('',#855,.T.);
#627=FACE_OUTER_BOUND('',#856,.T.);
#628=FACE_OUTER_BOUND('',#857,.T.);
#629=FACE_OUTER_BOUND('',#858,.T.);
#630=FACE_OUTER_BOUND('',#859,.T.);
#631=FACE_OUTER_BOUND('',#860,.T.);
#632=FACE_OUTER_BOUND('',#861,.T.);
#633=FACE_OUTER_BOUND('',#862,.T.);
#634=FACE_OUTER_BOUND('',#863,.T.);
#635=FACE_OUTER_BOUND('',#864,.T.);
#636=FACE_OUTER_BOUND('',#865,.T.);
#637=FACE_OUTER_BOUND('',#866,.T.);
#638=FACE_OUTER_BOUND('',#867,.T.);
#639=FACE_OUTER_BOUND('',#868,.T.);
#640=FACE_OUTER_BOUND('',#869,.T.);
#641=FACE_OUTER_BOUND('',#870,.T.);
#642=FACE_OUTER_BOUND('',#871,.T.);
#643=FACE_OUTER_BOUND('',#872,.T.);
#644=FACE_OUTER_BOUND('',#873,.T.);
#645=FACE_OUTER_BOUND('',#878,.T.);
#646=FACE_OUTER_BOUND('',#879,.T.);
#647=FACE_OUTER_BOUND('',#880,.T.);
#648=FACE_OUTER_BOUND('',#881,.T.);
#649=FACE_OUTER_BOUND('',#882,.T.);
#650=FACE_OUTER_BOUND('',#883,.T.);
#651=FACE_OUTER_BOUND('',#884,.T.);
#652=FACE_OUTER_BOUND('',#885,.T.);
#653=FACE_OUTER_BOUND('',#886,.T.);
#654=FACE_OUTER_BOUND('',#887,.T.);
#655=FACE_OUTER_BOUND('',#888,.T.);
#656=FACE_OUTER_BOUND('',#889,.T.);
#657=FACE_OUTER_BOUND('',#890,.T.);
#658=FACE_OUTER_BOUND('',#891,.T.);
#659=FACE_OUTER_BOUND('',#892,.T.);
#660=FACE_OUTER_BOUND('',#893,.T.);
#661=FACE_OUTER_BOUND('',#894,.T.);
#662=FACE_OUTER_BOUND('',#895,.T.);
#663=FACE_OUTER_BOUND('',#896,.T.);
#664=FACE_OUTER_BOUND('',#897,.T.);
#665=FACE_OUTER_BOUND('',#898,.T.);
#666=FACE_OUTER_BOUND('',#899,.T.);
#667=FACE_OUTER_BOUND('',#901,.T.);
#668=FACE_OUTER_BOUND('',#903,.T.);
#669=FACE_OUTER_BOUND('',#905,.T.);
#670=FACE_OUTER_BOUND('',#907,.T.);
#671=FACE_OUTER_BOUND('',#908,.T.);
#672=FACE_OUTER_BOUND('',#909,.T.);
#673=FACE_OUTER_BOUND('',#911,.T.);
#674=EDGE_LOOP('',(#2272,#2273,#2274,#2275));
#675=EDGE_LOOP('',(#2276,#2277,#2278,#2279));
#676=EDGE_LOOP('',(#2280,#2281,#2282,#2283));
#677=EDGE_LOOP('',(#2284,#2285,#2286,#2287));
#678=EDGE_LOOP('',(#2288,#2289,#2290,#2291));
#679=EDGE_LOOP('',(#2292,#2293,#2294,#2295));
#680=EDGE_LOOP('',(#2296,#2297,#2298,#2299));
#681=EDGE_LOOP('',(#2300,#2301,#2302,#2303));
#682=EDGE_LOOP('',(#2304,#2305,#2306,#2307));
#683=EDGE_LOOP('',(#2308,#2309,#2310,#2311));
#684=EDGE_LOOP('',(#2312,#2313,#2314,#2315));
#685=EDGE_LOOP('',(#2316,#2317,#2318,#2319));
#686=EDGE_LOOP('',(#2320,#2321,#2322,#2323));
#687=EDGE_LOOP('',(#2324));
#688=EDGE_LOOP('',(#2325));
#689=EDGE_LOOP('',(#2326,#2327,#2328,#2329));
#690=EDGE_LOOP('',(#2330));
#691=EDGE_LOOP('',(#2331));
#692=EDGE_LOOP('',(#2332,#2333,#2334,#2335));
#693=EDGE_LOOP('',(#2336,#2337,#2338,#2339));
#694=EDGE_LOOP('',(#2340,#2341,#2342,#2343));
#695=EDGE_LOOP('',(#2344));
#696=EDGE_LOOP('',(#2345));
#697=EDGE_LOOP('',(#2346,#2347,#2348,#2349));
#698=EDGE_LOOP('',(#2350));
#699=EDGE_LOOP('',(#2351));
#700=EDGE_LOOP('',(#2352,#2353,#2354,#2355));
#701=EDGE_LOOP('',(#2356));
#702=EDGE_LOOP('',(#2357));
#703=EDGE_LOOP('',(#2358,#2359,#2360,#2361));
#704=EDGE_LOOP('',(#2362,#2363,#2364,#2365));
#705=EDGE_LOOP('',(#2366,#2367,#2368,#2369));
#706=EDGE_LOOP('',(#2370));
#707=EDGE_LOOP('',(#2371));
#708=EDGE_LOOP('',(#2372,#2373,#2374,#2375));
#709=EDGE_LOOP('',(#2376));
#710=EDGE_LOOP('',(#2377));
#711=EDGE_LOOP('',(#2378,#2379,#2380,#2381));
#712=EDGE_LOOP('',(#2382));
#713=EDGE_LOOP('',(#2383));
#714=EDGE_LOOP('',(#2384,#2385,#2386,#2387));
#715=EDGE_LOOP('',(#2388,#2389,#2390,#2391));
#716=EDGE_LOOP('',(#2392,#2393,#2394,#2395));
#717=EDGE_LOOP('',(#2396));
#718=EDGE_LOOP('',(#2397));
#719=EDGE_LOOP('',(#2398,#2399,#2400,#2401,#2402,#2403));
#720=EDGE_LOOP('',(#2404,#2405,#2406,#2407));
#721=EDGE_LOOP('',(#2408));
#722=EDGE_LOOP('',(#2409));
#723=EDGE_LOOP('',(#2410,#2411,#2412,#2413,#2414));
#724=EDGE_LOOP('',(#2415,#2416,#2417,#2418));
#725=EDGE_LOOP('',(#2419,#2420,#2421,#2422,#2423));
#726=EDGE_LOOP('',(#2424,#2425,#2426,#2427));
#727=EDGE_LOOP('',(#2428));
#728=EDGE_LOOP('',(#2429));
#729=EDGE_LOOP('',(#2430,#2431,#2432,#2433));
#730=EDGE_LOOP('',(#2434));
#731=EDGE_LOOP('',(#2435));
#732=EDGE_LOOP('',(#2436));
#733=EDGE_LOOP('',(#2437));
#734=EDGE_LOOP('',(#2438,#2439,#2440,#2441));
#735=EDGE_LOOP('',(#2442,#2443,#2444,#2445));
#736=EDGE_LOOP('',(#2446,#2447,#2448,#2449));
#737=EDGE_LOOP('',(#2450,#2451,#2452,#2453));
#738=EDGE_LOOP('',(#2454,#2455,#2456,#2457));
#739=EDGE_LOOP('',(#2458,#2459,#2460,#2461));
#740=EDGE_LOOP('',(#2462,#2463,#2464,#2465));
#741=EDGE_LOOP('',(#2466,#2467,#2468,#2469));
#742=EDGE_LOOP('',(#2470,#2471,#2472,#2473));
#743=EDGE_LOOP('',(#2474,#2475,#2476,#2477,#2478,#2479,#2480,#2481,#2482));
#744=EDGE_LOOP('',(#2483,#2484,#2485,#2486));
#745=EDGE_LOOP('',(#2487,#2488,#2489,#2490));
#746=EDGE_LOOP('',(#2491,#2492,#2493,#2494));
#747=EDGE_LOOP('',(#2495,#2496,#2497,#2498));
#748=EDGE_LOOP('',(#2499,#2500,#2501,#2502));
#749=EDGE_LOOP('',(#2503,#2504,#2505,#2506));
#750=EDGE_LOOP('',(#2507,#2508,#2509,#2510));
#751=EDGE_LOOP('',(#2511,#2512,#2513,#2514));
#752=EDGE_LOOP('',(#2515,#2516,#2517,#2518));
#753=EDGE_LOOP('',(#2519,#2520,#2521,#2522));
#754=EDGE_LOOP('',(#2523,#2524,#2525,#2526));
#755=EDGE_LOOP('',(#2527,#2528,#2529,#2530));
#756=EDGE_LOOP('',(#2531,#2532,#2533,#2534));
#757=EDGE_LOOP('',(#2535,#2536,#2537,#2538));
#758=EDGE_LOOP('',(#2539,#2540,#2541,#2542));
#759=EDGE_LOOP('',(#2543,#2544,#2545,#2546));
#760=EDGE_LOOP('',(#2547,#2548,#2549,#2550));
#761=EDGE_LOOP('',(#2551,#2552,#2553,#2554));
#762=EDGE_LOOP('',(#2555,#2556,#2557,#2558));
#763=EDGE_LOOP('',(#2559,#2560,#2561,#2562));
#764=EDGE_LOOP('',(#2563,#2564,#2565,#2566));
#765=EDGE_LOOP('',(#2567,#2568,#2569,#2570));
#766=EDGE_LOOP('',(#2571,#2572,#2573,#2574));
#767=EDGE_LOOP('',(#2575,#2576,#2577,#2578));
#768=EDGE_LOOP('',(#2579,#2580,#2581,#2582));
#769=EDGE_LOOP('',(#2583,#2584,#2585,#2586));
#770=EDGE_LOOP('',(#2587,#2588,#2589,#2590));
#771=EDGE_LOOP('',(#2591,#2592,#2593,#2594));
#772=EDGE_LOOP('',(#2595,#2596,#2597,#2598,#2599,#2600,#2601,#2602,#2603,
#2604,#2605,#2606,#2607,#2608,#2609,#2610,#2611,#2612,#2613,#2614,#2615,
#2616,#2617,#2618,#2619,#2620,#2621,#2622));
#773=EDGE_LOOP('',(#2623,#2624,#2625,#2626));
#774=EDGE_LOOP('',(#2627,#2628,#2629,#2630));
#775=EDGE_LOOP('',(#2631,#2632,#2633,#2634));
#776=EDGE_LOOP('',(#2635,#2636,#2637,#2638));
#777=EDGE_LOOP('',(#2639,#2640,#2641,#2642));
#778=EDGE_LOOP('',(#2643,#2644,#2645,#2646));
#779=EDGE_LOOP('',(#2647,#2648,#2649,#2650));
#780=EDGE_LOOP('',(#2651,#2652,#2653,#2654));
#781=EDGE_LOOP('',(#2655,#2656,#2657,#2658));
#782=EDGE_LOOP('',(#2659,#2660,#2661,#2662));
#783=EDGE_LOOP('',(#2663,#2664,#2665,#2666));
#784=EDGE_LOOP('',(#2667,#2668,#2669,#2670));
#785=EDGE_LOOP('',(#2671,#2672,#2673,#2674));
#786=EDGE_LOOP('',(#2675,#2676,#2677,#2678));
#787=EDGE_LOOP('',(#2679,#2680,#2681,#2682));
#788=EDGE_LOOP('',(#2683,#2684,#2685,#2686));
#789=EDGE_LOOP('',(#2687,#2688,#2689,#2690));
#790=EDGE_LOOP('',(#2691,#2692,#2693,#2694));
#791=EDGE_LOOP('',(#2695,#2696,#2697,#2698));
#792=EDGE_LOOP('',(#2699,#2700,#2701,#2702));
#793=EDGE_LOOP('',(#2703,#2704,#2705,#2706));
#794=EDGE_LOOP('',(#2707,#2708,#2709,#2710));
#795=EDGE_LOOP('',(#2711,#2712,#2713,#2714));
#796=EDGE_LOOP('',(#2715,#2716,#2717,#2718));
#797=EDGE_LOOP('',(#2719,#2720,#2721,#2722));
#798=EDGE_LOOP('',(#2723,#2724,#2725,#2726));
#799=EDGE_LOOP('',(#2727,#2728,#2729,#2730));
#800=EDGE_LOOP('',(#2731,#2732,#2733,#2734));
#801=EDGE_LOOP('',(#2735,#2736,#2737,#2738,#2739,#2740,#2741,#2742,#2743,
#2744,#2745,#2746,#2747,#2748,#2749,#2750,#2751,#2752,#2753,#2754,#2755,
#2756,#2757,#2758,#2759,#2760,#2761,#2762));
#802=EDGE_LOOP('',(#2763,#2764,#2765,#2766));
#803=EDGE_LOOP('',(#2767,#2768,#2769,#2770));
#804=EDGE_LOOP('',(#2771,#2772,#2773,#2774));
#805=EDGE_LOOP('',(#2775,#2776,#2777,#2778));
#806=EDGE_LOOP('',(#2779,#2780,#2781,#2782));
#807=EDGE_LOOP('',(#2783,#2784,#2785,#2786));
#808=EDGE_LOOP('',(#2787,#2788,#2789,#2790));
#809=EDGE_LOOP('',(#2791,#2792,#2793,#2794));
#810=EDGE_LOOP('',(#2795,#2796,#2797,#2798));
#811=EDGE_LOOP('',(#2799,#2800,#2801,#2802));
#812=EDGE_LOOP('',(#2803,#2804,#2805,#2806));
#813=EDGE_LOOP('',(#2807,#2808,#2809,#2810));
#814=EDGE_LOOP('',(#2811,#2812,#2813,#2814));
#815=EDGE_LOOP('',(#2815,#2816,#2817,#2818));
#816=EDGE_LOOP('',(#2819,#2820,#2821,#2822));
#817=EDGE_LOOP('',(#2823,#2824,#2825,#2826));
#818=EDGE_LOOP('',(#2827,#2828,#2829,#2830));
#819=EDGE_LOOP('',(#2831,#2832,#2833,#2834));
#820=EDGE_LOOP('',(#2835,#2836,#2837,#2838));
#821=EDGE_LOOP('',(#2839,#2840,#2841,#2842));
#822=EDGE_LOOP('',(#2843,#2844,#2845,#2846));
#823=EDGE_LOOP('',(#2847,#2848,#2849,#2850));
#824=EDGE_LOOP('',(#2851,#2852,#2853,#2854));
#825=EDGE_LOOP('',(#2855,#2856,#2857,#2858));
#826=EDGE_LOOP('',(#2859,#2860,#2861,#2862));
#827=EDGE_LOOP('',(#2863,#2864,#2865,#2866));
#828=EDGE_LOOP('',(#2867,#2868,#2869,#2870));
#829=EDGE_LOOP('',(#2871,#2872,#2873,#2874));
#830=EDGE_LOOP('',(#2875,#2876,#2877,#2878));
#831=EDGE_LOOP('',(#2879,#2880,#2881,#2882));
#832=EDGE_LOOP('',(#2883,#2884,#2885,#2886,#2887,#2888,#2889,#2890,#2891,
#2892,#2893,#2894,#2895,#2896,#2897,#2898,#2899,#2900,#2901,#2902,#2903,
#2904,#2905,#2906,#2907,#2908,#2909,#2910,#2911,#2912));
#833=EDGE_LOOP('',(#2913,#2914,#2915));
#834=EDGE_LOOP('',(#2916,#2917,#2918));
#835=EDGE_LOOP('',(#2919,#2920,#2921));
#836=EDGE_LOOP('',(#2922,#2923,#2924));
#837=EDGE_LOOP('',(#2925,#2926,#2927));
#838=EDGE_LOOP('',(#2928,#2929,#2930));
#839=EDGE_LOOP('',(#2931,#2932,#2933));
#840=EDGE_LOOP('',(#2934,#2935,#2936,#2937));
#841=EDGE_LOOP('',(#2938,#2939,#2940,#2941));
#842=EDGE_LOOP('',(#2942,#2943,#2944,#2945));
#843=EDGE_LOOP('',(#2946,#2947,#2948,#2949));
#844=EDGE_LOOP('',(#2950,#2951,#2952,#2953));
#845=EDGE_LOOP('',(#2954,#2955,#2956));
#846=EDGE_LOOP('',(#2957,#2958,#2959,#2960));
#847=EDGE_LOOP('',(#2961,#2962,#2963,#2964,#2965));
#848=EDGE_LOOP('',(#2966,#2967,#2968,#2969));
#849=EDGE_LOOP('',(#2970,#2971,#2972,#2973,#2974));
#850=EDGE_LOOP('',(#2975,#2976,#2977,#2978));
#851=EDGE_LOOP('',(#2979,#2980,#2981,#2982));
#852=EDGE_LOOP('',(#2983,#2984,#2985,#2986));
#853=EDGE_LOOP('',(#2987,#2988,#2989,#2990));
#854=EDGE_LOOP('',(#2991,#2992,#2993,#2994));
#855=EDGE_LOOP('',(#2995,#2996,#2997,#2998));
#856=EDGE_LOOP('',(#2999,#3000,#3001,#3002));
#857=EDGE_LOOP('',(#3003,#3004,#3005,#3006));
#858=EDGE_LOOP('',(#3007,#3008,#3009,#3010));
#859=EDGE_LOOP('',(#3011,#3012,#3013,#3014));
#860=EDGE_LOOP('',(#3015,#3016,#3017,#3018));
#861=EDGE_LOOP('',(#3019,#3020,#3021,#3022));
#862=EDGE_LOOP('',(#3023,#3024,#3025,#3026));
#863=EDGE_LOOP('',(#3027,#3028,#3029,#3030));
#864=EDGE_LOOP('',(#3031,#3032,#3033,#3034));
#865=EDGE_LOOP('',(#3035,#3036,#3037,#3038));
#866=EDGE_LOOP('',(#3039,#3040,#3041,#3042));
#867=EDGE_LOOP('',(#3043,#3044,#3045,#3046));
#868=EDGE_LOOP('',(#3047,#3048,#3049,#3050));
#869=EDGE_LOOP('',(#3051,#3052,#3053,#3054,#3055,#3056,#3057,#3058,#3059));
#870=EDGE_LOOP('',(#3060,#3061,#3062));
#871=EDGE_LOOP('',(#3063,#3064,#3065));
#872=EDGE_LOOP('',(#3066,#3067,#3068));
#873=EDGE_LOOP('',(#3069,#3070,#3071,#3072,#3073,#3074,#3075,#3076,#3077,
#3078));
#874=EDGE_LOOP('',(#3079,#3080,#3081,#3082,#3083,#3084,#3085,#3086,#3087));
#875=EDGE_LOOP('',(#3088,#3089,#3090,#3091,#3092,#3093,#3094,#3095,#3096,
#3097,#3098,#3099,#3100,#3101,#3102,#3103,#3104,#3105,#3106,#3107,#3108,
#3109,#3110,#3111,#3112,#3113,#3114,#3115));
#876=EDGE_LOOP('',(#3116,#3117,#3118,#3119,#3120,#3121,#3122,#3123,#3124,
#3125,#3126,#3127,#3128,#3129,#3130,#3131,#3132,#3133,#3134,#3135,#3136,
#3137,#3138,#3139,#3140,#3141,#3142,#3143));
#877=EDGE_LOOP('',(#3144,#3145,#3146,#3147,#3148,#3149,#3150,#3151,#3152,
#3153,#3154,#3155,#3156,#3157,#3158,#3159,#3160,#3161,#3162,#3163,#3164,
#3165,#3166,#3167,#3168,#3169,#3170,#3171,#3172,#3173));
#878=EDGE_LOOP('',(#3174,#3175,#3176));
#879=EDGE_LOOP('',(#3177,#3178,#3179,#3180,#3181,#3182,#3183,#3184,#3185));
#880=EDGE_LOOP('',(#3186,#3187,#3188,#3189,#3190,#3191,#3192,#3193));
#881=EDGE_LOOP('',(#3194,#3195,#3196,#3197,#3198,#3199,#3200,#3201));
#882=EDGE_LOOP('',(#3202,#3203,#3204,#3205,#3206,#3207,#3208,#3209));
#883=EDGE_LOOP('',(#3210,#3211,#3212,#3213));
#884=EDGE_LOOP('',(#3214,#3215,#3216,#3217,#3218,#3219,#3220,#3221));
#885=EDGE_LOOP('',(#3222,#3223,#3224,#3225,#3226,#3227,#3228,#3229,#3230));
#886=EDGE_LOOP('',(#3231,#3232,#3233,#3234,#3235));
#887=EDGE_LOOP('',(#3236,#3237,#3238,#3239,#3240));
#888=EDGE_LOOP('',(#3241,#3242,#3243,#3244,#3245));
#889=EDGE_LOOP('',(#3246,#3247,#3248,#3249,#3250,#3251,#3252,#3253,#3254));
#890=EDGE_LOOP('',(#3255,#3256,#3257,#3258,#3259));
#891=EDGE_LOOP('',(#3260,#3261,#3262));
#892=EDGE_LOOP('',(#3263,#3264,#3265,#3266));
#893=EDGE_LOOP('',(#3267,#3268,#3269));
#894=EDGE_LOOP('',(#3270,#3271,#3272,#3273));
#895=EDGE_LOOP('',(#3274,#3275,#3276));
#896=EDGE_LOOP('',(#3277,#3278,#3279,#3280));
#897=EDGE_LOOP('',(#3281,#3282,#3283));
#898=EDGE_LOOP('',(#3284,#3285,#3286,#3287));
#899=EDGE_LOOP('',(#3288));
#900=EDGE_LOOP('',(#3289));
#901=EDGE_LOOP('',(#3290));
#902=EDGE_LOOP('',(#3291));
#903=EDGE_LOOP('',(#3292));
#904=EDGE_LOOP('',(#3293));
#905=EDGE_LOOP('',(#3294));
#906=EDGE_LOOP('',(#3295));
#907=EDGE_LOOP('',(#3296,#3297,#3298,#3299));
#908=EDGE_LOOP('',(#3300,#3301,#3302,#3303));
#909=EDGE_LOOP('',(#3304));
#910=EDGE_LOOP('',(#3305));
#911=EDGE_LOOP('',(#3306));
#912=EDGE_LOOP('',(#3307));
#913=LINE('',#4494,#1168);
#914=LINE('',#4496,#1169);
#915=LINE('',#4498,#1170);
#916=LINE('',#4499,#1171);
#917=LINE('',#4502,#1172);
#918=LINE('',#4504,#1173);
#919=LINE('',#4505,#1174);
#920=LINE('',#4508,#1175);
#921=LINE('',#4510,#1176);
#922=LINE('',#4511,#1177);
#923=LINE('',#4513,#1178);
#924=LINE('',#4514,#1179);
#925=LINE('',#4518,#1180);
#926=LINE('',#4520,#1181);
#927=LINE('',#4522,#1182);
#928=LINE('',#4523,#1183);
#929=LINE('',#4527,#1184);
#930=LINE('',#4528,#1185);
#931=LINE('',#4529,#1186);
#932=LINE('',#4532,#1187);
#933=LINE('',#4533,#1188);
#934=LINE('',#4536,#1189);
#935=LINE('',#4537,#1190);
#936=LINE('',#4539,#1191);
#937=LINE('',#4546,#1192);
#938=LINE('',#4554,#1193);
#939=LINE('',#4561,#1194);
#940=LINE('',#4565,#1195);
#941=LINE('',#4569,#1196);
#942=LINE('',#4575,#1197);
#943=LINE('',#4583,#1198);
#944=LINE('',#4590,#1199);
#945=LINE('',#4594,#1200);
#946=LINE('',#4598,#1201);
#947=LINE('',#4604,#1202);
#948=LINE('',#4612,#1203);
#949=LINE('',#4619,#1204);
#950=LINE('',#4623,#1205);
#951=LINE('',#4627,#1206);
#952=LINE('',#4634,#1207);
#953=LINE('',#4643,#1208);
#954=LINE('',#4651,#1209);
#955=LINE('',#4656,#1210);
#956=LINE('',#4659,#1211);
#957=LINE('',#4664,#1212);
#958=LINE('',#4670,#1213);
#959=LINE('',#4676,#1214);
#960=LINE('',#4678,#1215);
#961=LINE('',#4680,#1216);
#962=LINE('',#4681,#1217);
#963=LINE('',#4699,#1218);
#964=LINE('',#4722,#1219);
#965=LINE('',#4730,#1220);
#966=LINE('',#4732,#1221);
#967=LINE('',#4733,#1222);
#968=LINE('',#4751,#1223);
#969=LINE('',#4774,#1224);
#970=LINE('',#4782,#1225);
#971=LINE('',#4784,#1226);
#972=LINE('',#4785,#1227);
#973=LINE('',#4788,#1228);
#974=LINE('',#4790,#1229);
#975=LINE('',#4791,#1230);
#976=LINE('',#4793,#1231);
#977=LINE('',#4794,#1232);
#978=LINE('',#4799,#1233);
#979=LINE('',#4801,#1234);
#980=LINE('',#4803,#1235);
#981=LINE('',#4804,#1236);
#982=LINE('',#4822,#1237);
#983=LINE('',#4845,#1238);
#984=LINE('',#4868,#1239);
#985=LINE('',#4891,#1240);
#986=LINE('',#4914,#1241);
#987=LINE('',#4922,#1242);
#988=LINE('',#4924,#1243);
#989=LINE('',#4925,#1244);
#990=LINE('',#4928,#1245);
#991=LINE('',#4930,#1246);
#992=LINE('',#4931,#1247);
#993=LINE('',#4934,#1248);
#994=LINE('',#4936,#1249);
#995=LINE('',#4937,#1250);
#996=LINE('',#4955,#1251);
#997=LINE('',#4978,#1252);
#998=LINE('',#5001,#1253);
#999=LINE('',#5024,#1254);
#1000=LINE('',#5047,#1255);
#1001=LINE('',#5055,#1256);
#1002=LINE('',#5057,#1257);
#1003=LINE('',#5058,#1258);
#1004=LINE('',#5061,#1259);
#1005=LINE('',#5063,#1260);
#1006=LINE('',#5064,#1261);
#1007=LINE('',#5067,#1262);
#1008=LINE('',#5069,#1263);
#1009=LINE('',#5070,#1264);
#1010=LINE('',#5088,#1265);
#1011=LINE('',#5111,#1266);
#1012=LINE('',#5134,#1267);
#1013=LINE('',#5157,#1268);
#1014=LINE('',#5180,#1269);
#1015=LINE('',#5203,#1270);
#1016=LINE('',#5226,#1271);
#1017=LINE('',#5234,#1272);
#1018=LINE('',#5236,#1273);
#1019=LINE('',#5237,#1274);
#1020=LINE('',#5240,#1275);
#1021=LINE('',#5242,#1276);
#1022=LINE('',#5243,#1277);
#1023=LINE('',#5246,#1278);
#1024=LINE('',#5248,#1279);
#1025=LINE('',#5249,#1280);
#1026=LINE('',#5251,#1281);
#1027=LINE('',#5252,#1282);
#1028=LINE('',#5257,#1283);
#1029=LINE('',#5259,#1284);
#1030=LINE('',#5261,#1285);
#1031=LINE('',#5262,#1286);
#1032=LINE('',#5280,#1287);
#1033=LINE('',#5303,#1288);
#1034=LINE('',#5326,#1289);
#1035=LINE('',#5349,#1290);
#1036=LINE('',#5372,#1291);
#1037=LINE('',#5380,#1292);
#1038=LINE('',#5382,#1293);
#1039=LINE('',#5383,#1294);
#1040=LINE('',#5386,#1295);
#1041=LINE('',#5388,#1296);
#1042=LINE('',#5389,#1297);
#1043=LINE('',#5392,#1298);
#1044=LINE('',#5394,#1299);
#1045=LINE('',#5395,#1300);
#1046=LINE('',#5413,#1301);
#1047=LINE('',#5436,#1302);
#1048=LINE('',#5459,#1303);
#1049=LINE('',#5482,#1304);
#1050=LINE('',#5505,#1305);
#1051=LINE('',#5513,#1306);
#1052=LINE('',#5515,#1307);
#1053=LINE('',#5516,#1308);
#1054=LINE('',#5519,#1309);
#1055=LINE('',#5521,#1310);
#1056=LINE('',#5522,#1311);
#1057=LINE('',#5525,#1312);
#1058=LINE('',#5527,#1313);
#1059=LINE('',#5528,#1314);
#1060=LINE('',#5546,#1315);
#1061=LINE('',#5569,#1316);
#1062=LINE('',#5592,#1317);
#1063=LINE('',#5615,#1318);
#1064=LINE('',#5638,#1319);
#1065=LINE('',#5661,#1320);
#1066=LINE('',#5684,#1321);
#1067=LINE('',#5692,#1322);
#1068=LINE('',#5694,#1323);
#1069=LINE('',#5695,#1324);
#1070=LINE('',#5698,#1325);
#1071=LINE('',#5700,#1326);
#1072=LINE('',#5701,#1327);
#1073=LINE('',#5704,#1328);
#1074=LINE('',#5706,#1329);
#1075=LINE('',#5707,#1330);
#1076=LINE('',#5709,#1331);
#1077=LINE('',#5710,#1332);
#1078=LINE('',#5730,#1333);
#1079=LINE('',#5737,#1334);
#1080=LINE('',#5755,#1335);
#1081=LINE('',#5778,#1336);
#1082=LINE('',#5801,#1337);
#1083=LINE('',#5824,#1338);
#1084=LINE('',#5847,#1339);
#1085=LINE('',#5870,#1340);
#1086=LINE('',#5893,#1341);
#1087=LINE('',#5916,#1342);
#1088=LINE('',#5939,#1343);
#1089=LINE('',#5962,#1344);
#1090=LINE('',#5985,#1345);
#1091=LINE('',#5993,#1346);
#1092=LINE('',#5995,#1347);
#1093=LINE('',#5996,#1348);
#1094=LINE('',#6014,#1349);
#1095=LINE('',#6037,#1350);
#1096=LINE('',#6060,#1351);
#1097=LINE('',#6083,#1352);
#1098=LINE('',#6106,#1353);
#1099=LINE('',#6129,#1354);
#1100=LINE('',#6152,#1355);
#1101=LINE('',#6160,#1356);
#1102=LINE('',#6162,#1357);
#1103=LINE('',#6163,#1358);
#1104=LINE('',#6181,#1359);
#1105=LINE('',#6204,#1360);
#1106=LINE('',#6227,#1361);
#1107=LINE('',#6250,#1362);
#1108=LINE('',#6273,#1363);
#1109=LINE('',#6296,#1364);
#1110=LINE('',#6319,#1365);
#1111=LINE('',#6327,#1366);
#1112=LINE('',#6329,#1367);
#1113=LINE('',#6330,#1368);
#1114=LINE('',#6718,#1369);
#1115=LINE('',#6719,#1370);
#1116=LINE('',#6776,#1371);
#1117=LINE('',#6779,#1372);
#1118=LINE('',#6844,#1373);
#1119=LINE('',#6845,#1374);
#1120=LINE('',#6901,#1375);
#1121=LINE('',#6902,#1376);
#1122=LINE('',#6995,#1377);
#1123=LINE('',#6998,#1378);
#1124=LINE('',#7054,#1379);
#1125=LINE('',#7055,#1380);
#1126=LINE('',#7065,#1381);
#1127=LINE('',#7066,#1382);
#1128=LINE('',#7195,#1383);
#1129=LINE('',#7198,#1384);
#1130=LINE('',#7344,#1385);
#1131=LINE('',#7345,#1386);
#1132=LINE('',#7352,#1387);
#1133=LINE('',#7353,#1388);
#1134=LINE('',#7360,#1389);
#1135=LINE('',#7361,#1390);
#1136=LINE('',#7368,#1391);
#1137=LINE('',#7369,#1392);
#1138=LINE('',#7371,#1393);
#1139=LINE('',#7372,#1394);
#1140=LINE('',#7377,#1395);
#1141=LINE('',#7378,#1396);
#1142=LINE('',#7502,#1397);
#1143=LINE('',#7505,#1398);
#1144=LINE('',#7628,#1399);
#1145=LINE('',#7629,#1400);
#1146=LINE('',#7636,#1401);
#1147=LINE('',#7637,#1402);
#1148=LINE('',#7644,#1403);
#1149=LINE('',#7645,#1404);
#1150=LINE('',#7652,#1405);
#1151=LINE('',#7653,#1406);
#1152=LINE('',#7655,#1407);
#1153=LINE('',#7656,#1408);
#1154=LINE('',#8501,#1409);
#1155=LINE('',#8522,#1410);
#1156=LINE('',#8543,#1411);
#1157=LINE('',#8779,#1412);
#1158=LINE('',#8785,#1413);
#1159=LINE('',#8806,#1414);
#1160=LINE('',#8811,#1415);
#1161=LINE('',#8832,#1416);
#1162=LINE('',#8837,#1417);
#1163=LINE('',#8858,#1418);
#1164=LINE('',#8863,#1419);
#1165=LINE('',#8884,#1420);
#1166=LINE('',#8893,#1421);
#1167=LINE('',#8899,#1422);
#1168=VECTOR('',#3828,10.);
#1169=VECTOR('',#3829,10.);
#1170=VECTOR('',#3830,10.);
#1171=VECTOR('',#3831,10.);
#1172=VECTOR('',#3834,10.);
#1173=VECTOR('',#3835,10.);
#1174=VECTOR('',#3836,10.);
#1175=VECTOR('',#3839,10.);
#1176=VECTOR('',#3840,10.);
#1177=VECTOR('',#3841,10.);
#1178=VECTOR('',#3844,10.);
#1179=VECTOR('',#3845,10.);
#1180=VECTOR('',#3848,10.);
#1181=VECTOR('',#3849,10.);
#1182=VECTOR('',#3850,10.);
#1183=VECTOR('',#3851,10.);
#1184=VECTOR('',#3854,10.);
#1185=VECTOR('',#3855,10.);
#1186=VECTOR('',#3856,10.);
#1187=VECTOR('',#3859,10.);
#1188=VECTOR('',#3860,10.);
#1189=VECTOR('',#3863,10.);
#1190=VECTOR('',#3864,10.);
#1191=VECTOR('',#3867,10.);
#1192=VECTOR('',#3876,3.24999999999999);
#1193=VECTOR('',#3887,4.84999999999999);
#1194=VECTOR('',#3896,6.27250000000001);
#1195=VECTOR('',#3901,7.);
#1196=VECTOR('',#3906,6.27250000000001);
#1197=VECTOR('',#3913,3.24999999999999);
#1198=VECTOR('',#3924,4.84999999999999);
#1199=VECTOR('',#3933,6.27250000000001);
#1200=VECTOR('',#3938,7.);
#1201=VECTOR('',#3943,6.27250000000001);
#1202=VECTOR('',#3950,3.24999999999999);
#1203=VECTOR('',#3961,4.84999999999999);
#1204=VECTOR('',#3970,6.27250000000001);
#1205=VECTOR('',#3975,7.);
#1206=VECTOR('',#3980,6.27250000000001);
#1207=VECTOR('',#3987,6.9);
#1208=VECTOR('',#3998,5.);
#1209=VECTOR('',#4009,6.39321340784214);
#1210=VECTOR('',#4014,5.61571831482402);
#1211=VECTOR('',#4019,6.39321831482413);
#1212=VECTOR('',#4024,3.24999999999999);
#1213=VECTOR('',#4033,4.84999999999999);
#1214=VECTOR('',#4040,10.);
#1215=VECTOR('',#4041,10.);
#1216=VECTOR('',#4042,10.);
#1217=VECTOR('',#4043,10.);
#1218=VECTOR('',#4044,10.);
#1219=VECTOR('',#4045,10.);
#1220=VECTOR('',#4048,10.);
#1221=VECTOR('',#4049,10.);
#1222=VECTOR('',#4050,10.);
#1223=VECTOR('',#4051,10.);
#1224=VECTOR('',#4052,10.);
#1225=VECTOR('',#4055,10.);
#1226=VECTOR('',#4056,10.);
#1227=VECTOR('',#4057,10.);
#1228=VECTOR('',#4060,10.);
#1229=VECTOR('',#4061,10.);
#1230=VECTOR('',#4062,10.);
#1231=VECTOR('',#4065,10.);
#1232=VECTOR('',#4066,10.);
#1233=VECTOR('',#4071,10.);
#1234=VECTOR('',#4072,10.);
#1235=VECTOR('',#4073,10.);
#1236=VECTOR('',#4074,10.);
#1237=VECTOR('',#4075,10.);
#1238=VECTOR('',#4076,10.);
#1239=VECTOR('',#4077,10.);
#1240=VECTOR('',#4078,10.);
#1241=VECTOR('',#4079,10.);
#1242=VECTOR('',#4082,10.);
#1243=VECTOR('',#4083,10.);
#1244=VECTOR('',#4084,10.);
#1245=VECTOR('',#4087,10.);
#1246=VECTOR('',#4088,10.);
#1247=VECTOR('',#4089,10.);
#1248=VECTOR('',#4092,10.);
#1249=VECTOR('',#4093,10.);
#1250=VECTOR('',#4094,10.);
#1251=VECTOR('',#4095,10.);
#1252=VECTOR('',#4096,10.);
#1253=VECTOR('',#4097,10.);
#1254=VECTOR('',#4098,10.);
#1255=VECTOR('',#4099,10.);
#1256=VECTOR('',#4102,10.);
#1257=VECTOR('',#4103,10.);
#1258=VECTOR('',#4104,10.);
#1259=VECTOR('',#4107,10.);
#1260=VECTOR('',#4108,10.);
#1261=VECTOR('',#4109,10.);
#1262=VECTOR('',#4112,10.);
#1263=VECTOR('',#4113,10.);
#1264=VECTOR('',#4114,10.);
#1265=VECTOR('',#4115,10.);
#1266=VECTOR('',#4116,10.);
#1267=VECTOR('',#4117,10.);
#1268=VECTOR('',#4118,10.);
#1269=VECTOR('',#4119,10.);
#1270=VECTOR('',#4120,10.);
#1271=VECTOR('',#4121,10.);
#1272=VECTOR('',#4124,10.);
#1273=VECTOR('',#4125,10.);
#1274=VECTOR('',#4126,10.);
#1275=VECTOR('',#4129,10.);
#1276=VECTOR('',#4130,10.);
#1277=VECTOR('',#4131,10.);
#1278=VECTOR('',#4134,10.);
#1279=VECTOR('',#4135,10.);
#1280=VECTOR('',#4136,10.);
#1281=VECTOR('',#4139,10.);
#1282=VECTOR('',#4140,10.);
#1283=VECTOR('',#4145,10.);
#1284=VECTOR('',#4146,10.);
#1285=VECTOR('',#4147,10.);
#1286=VECTOR('',#4148,10.);
#1287=VECTOR('',#4149,10.);
#1288=VECTOR('',#4150,10.);
#1289=VECTOR('',#4151,10.);
#1290=VECTOR('',#4152,10.);
#1291=VECTOR('',#4153,10.);
#1292=VECTOR('',#4156,10.);
#1293=VECTOR('',#4157,10.);
#1294=VECTOR('',#4158,10.);
#1295=VECTOR('',#4161,10.);
#1296=VECTOR('',#4162,10.);
#1297=VECTOR('',#4163,10.);
#1298=VECTOR('',#4166,10.);
#1299=VECTOR('',#4167,10.);
#1300=VECTOR('',#4168,10.);
#1301=VECTOR('',#4169,10.);
#1302=VECTOR('',#4170,10.);
#1303=VECTOR('',#4171,10.);
#1304=VECTOR('',#4172,10.);
#1305=VECTOR('',#4173,10.);
#1306=VECTOR('',#4176,10.);
#1307=VECTOR('',#4177,10.);
#1308=VECTOR('',#4178,10.);
#1309=VECTOR('',#4181,10.);
#1310=VECTOR('',#4182,10.);
#1311=VECTOR('',#4183,10.);
#1312=VECTOR('',#4186,10.);
#1313=VECTOR('',#4187,10.);
#1314=VECTOR('',#4188,10.);
#1315=VECTOR('',#4189,10.);
#1316=VECTOR('',#4190,10.);
#1317=VECTOR('',#4191,10.);
#1318=VECTOR('',#4192,10.);
#1319=VECTOR('',#4193,10.);
#1320=VECTOR('',#4194,10.);
#1321=VECTOR('',#4195,10.);
#1322=VECTOR('',#4198,10.);
#1323=VECTOR('',#4199,10.);
#1324=VECTOR('',#4200,10.);
#1325=VECTOR('',#4203,10.);
#1326=VECTOR('',#4204,10.);
#1327=VECTOR('',#4205,10.);
#1328=VECTOR('',#4208,10.);
#1329=VECTOR('',#4209,10.);
#1330=VECTOR('',#4210,10.);
#1331=VECTOR('',#4213,10.);
#1332=VECTOR('',#4214,10.);
#1333=VECTOR('',#4217,10.);
#1334=VECTOR('',#4218,10.);
#1335=VECTOR('',#4219,10.);
#1336=VECTOR('',#4220,10.);
#1337=VECTOR('',#4221,10.);
#1338=VECTOR('',#4222,10.);
#1339=VECTOR('',#4223,10.);
#1340=VECTOR('',#4224,10.);
#1341=VECTOR('',#4225,10.);
#1342=VECTOR('',#4226,10.);
#1343=VECTOR('',#4227,10.);
#1344=VECTOR('',#4228,10.);
#1345=VECTOR('',#4229,10.);
#1346=VECTOR('',#4232,10.);
#1347=VECTOR('',#4233,10.);
#1348=VECTOR('',#4234,10.);
#1349=VECTOR('',#4235,10.);
#1350=VECTOR('',#4236,10.);
#1351=VECTOR('',#4237,10.);
#1352=VECTOR('',#4238,10.);
#1353=VECTOR('',#4239,10.);
#1354=VECTOR('',#4240,10.);
#1355=VECTOR('',#4241,10.);
#1356=VECTOR('',#4244,10.);
#1357=VECTOR('',#4245,10.);
#1358=VECTOR('',#4246,10.);
#1359=VECTOR('',#4247,10.);
#1360=VECTOR('',#4248,10.);
#1361=VECTOR('',#4249,10.);
#1362=VECTOR('',#4250,10.);
#1363=VECTOR('',#4251,10.);
#1364=VECTOR('',#4252,10.);
#1365=VECTOR('',#4253,10.);
#1366=VECTOR('',#4256,10.);
#1367=VECTOR('',#4257,10.);
#1368=VECTOR('',#4258,10.);
#1369=VECTOR('',#4305,10.);
#1370=VECTOR('',#4306,10.);
#1371=VECTOR('',#4309,10.);
#1372=VECTOR('',#4312,10.);
#1373=VECTOR('',#4315,10.);
#1374=VECTOR('',#4316,10.);
#1375=VECTOR('',#4327,10.1);
#1376=VECTOR('',#4328,10.1);
#1377=VECTOR('',#4333,10.1);
#1378=VECTOR('',#4336,10.1);
#1379=VECTOR('',#4341,10.1);
#1380=VECTOR('',#4342,10.1);
#1381=VECTOR('',#4345,10.);
#1382=VECTOR('',#4346,10.);
#1383=VECTOR('',#4349,10.);
#1384=VECTOR('',#4352,10.);
#1385=VECTOR('',#4355,10.);
#1386=VECTOR('',#4356,10.);
#1387=VECTOR('',#4357,10.);
#1388=VECTOR('',#4358,10.);
#1389=VECTOR('',#4359,10.);
#1390=VECTOR('',#4360,10.);
#1391=VECTOR('',#4361,10.);
#1392=VECTOR('',#4362,10.);
#1393=VECTOR('',#4365,10.1);
#1394=VECTOR('',#4366,10.1);
#1395=VECTOR('',#4371,10.1);
#1396=VECTOR('',#4372,10.1);
#1397=VECTOR('',#4377,10.1);
#1398=VECTOR('',#4380,10.1);
#1399=VECTOR('',#4385,10.1);
#1400=VECTOR('',#4386,10.1);
#1401=VECTOR('',#4387,10.);
#1402=VECTOR('',#4388,10.);
#1403=VECTOR('',#4389,10.);
#1404=VECTOR('',#4390,10.);
#1405=VECTOR('',#4391,10.);
#1406=VECTOR('',#4392,10.);
#1407=VECTOR('',#4395,10.1);
#1408=VECTOR('',#4396,10.1);
#1409=VECTOR('',#4417,2.525);
#1410=VECTOR('',#4420,2.525);
#1411=VECTOR('',#4423,2.525);
#1412=VECTOR('',#4426,2.525);
#1413=VECTOR('',#4433,0.6385725);
#1414=VECTOR('',#4436,1.277145);
#1415=VECTOR('',#4441,0.6385725);
#1416=VECTOR('',#4444,1.277145);
#1417=VECTOR('',#4449,0.6385725);
#1418=VECTOR('',#4452,1.277145);
#1419=VECTOR('',#4457,0.6385725);
#1420=VECTOR('',#4460,1.277145);
#1421=VECTOR('',#4473,1.6);
#1422=VECTOR('',#4480,2.5);
#1423=VERTEX_POINT('',#4492);
#1424=VERTEX_POINT('',#4493);
#1425=VERTEX_POINT('',#4495);
#1426=VERTEX_POINT('',#4497);
#1427=VERTEX_POINT('',#4501);
#1428=VERTEX_POINT('',#4503);
#1429=VERTEX_POINT('',#4507);
#1430=VERTEX_POINT('',#4509);
#1431=VERTEX_POINT('',#4516);
#1432=VERTEX_POINT('',#4517);
#1433=VERTEX_POINT('',#4519);
#1434=VERTEX_POINT('',#4521);
#1435=VERTEX_POINT('',#4525);
#1436=VERTEX_POINT('',#4526);
#1437=VERTEX_POINT('',#4531);
#1438=VERTEX_POINT('',#4535);
#1439=VERTEX_POINT('',#4543);
#1440=VERTEX_POINT('',#4545);
#1441=VERTEX_POINT('',#4549);
#1442=VERTEX_POINT('',#4552);
#1443=VERTEX_POINT('',#4556);
#1444=VERTEX_POINT('',#4559);
#1445=VERTEX_POINT('',#4563);
#1446=VERTEX_POINT('',#4567);
#1447=VERTEX_POINT('',#4572);
#1448=VERTEX_POINT('',#4574);
#1449=VERTEX_POINT('',#4578);
#1450=VERTEX_POINT('',#4581);
#1451=VERTEX_POINT('',#4585);
#1452=VERTEX_POINT('',#4588);
#1453=VERTEX_POINT('',#4592);
#1454=VERTEX_POINT('',#4596);
#1455=VERTEX_POINT('',#4601);
#1456=VERTEX_POINT('',#4603);
#1457=VERTEX_POINT('',#4607);
#1458=VERTEX_POINT('',#4610);
#1459=VERTEX_POINT('',#4614);
#1460=VERTEX_POINT('',#4617);
#1461=VERTEX_POINT('',#4621);
#1462=VERTEX_POINT('',#4625);
#1463=VERTEX_POINT('',#4630);
#1464=VERTEX_POINT('',#4631);
#1465=VERTEX_POINT('',#4633);
#1466=VERTEX_POINT('',#4635);
#1467=VERTEX_POINT('',#4640);
#1468=VERTEX_POINT('',#4642);
#1469=VERTEX_POINT('',#4646);
#1470=VERTEX_POINT('',#4649);
#1471=VERTEX_POINT('',#4653);
#1472=VERTEX_POINT('',#4655);
#1473=VERTEX_POINT('',#4661);
#1474=VERTEX_POINT('',#4663);
#1475=VERTEX_POINT('',#4667);
#1476=VERTEX_POINT('',#4674);
#1477=VERTEX_POINT('',#4675);
#1478=VERTEX_POINT('',#4677);
#1479=VERTEX_POINT('',#4679);
#1480=VERTEX_POINT('',#4692);
#1481=VERTEX_POINT('',#4698);
#1482=VERTEX_POINT('',#4715);
#1483=VERTEX_POINT('',#4721);
#1484=VERTEX_POINT('',#4729);
#1485=VERTEX_POINT('',#4731);
#1486=VERTEX_POINT('',#4744);
#1487=VERTEX_POINT('',#4750);
#1488=VERTEX_POINT('',#4767);
#1489=VERTEX_POINT('',#4773);
#1490=VERTEX_POINT('',#4781);
#1491=VERTEX_POINT('',#4783);
#1492=VERTEX_POINT('',#4787);
#1493=VERTEX_POINT('',#4789);
#1494=VERTEX_POINT('',#4797);
#1495=VERTEX_POINT('',#4798);
#1496=VERTEX_POINT('',#4800);
#1497=VERTEX_POINT('',#4802);
#1498=VERTEX_POINT('',#4815);
#1499=VERTEX_POINT('',#4821);
#1500=VERTEX_POINT('',#4838);
#1501=VERTEX_POINT('',#4844);
#1502=VERTEX_POINT('',#4861);
#1503=VERTEX_POINT('',#4867);
#1504=VERTEX_POINT('',#4884);
#1505=VERTEX_POINT('',#4890);
#1506=VERTEX_POINT('',#4907);
#1507=VERTEX_POINT('',#4913);
#1508=VERTEX_POINT('',#4921);
#1509=VERTEX_POINT('',#4923);
#1510=VERTEX_POINT('',#4927);
#1511=VERTEX_POINT('',#4929);
#1512=VERTEX_POINT('',#4933);
#1513=VERTEX_POINT('',#4935);
#1514=VERTEX_POINT('',#4948);
#1515=VERTEX_POINT('',#4954);
#1516=VERTEX_POINT('',#4971);
#1517=VERTEX_POINT('',#4977);
#1518=VERTEX_POINT('',#4994);
#1519=VERTEX_POINT('',#5000);
#1520=VERTEX_POINT('',#5017);
#1521=VERTEX_POINT('',#5023);
#1522=VERTEX_POINT('',#5040);
#1523=VERTEX_POINT('',#5046);
#1524=VERTEX_POINT('',#5054);
#1525=VERTEX_POINT('',#5056);
#1526=VERTEX_POINT('',#5060);
#1527=VERTEX_POINT('',#5062);
#1528=VERTEX_POINT('',#5066);
#1529=VERTEX_POINT('',#5068);
#1530=VERTEX_POINT('',#5081);
#1531=VERTEX_POINT('',#5087);
#1532=VERTEX_POINT('',#5104);
#1533=VERTEX_POINT('',#5110);
#1534=VERTEX_POINT('',#5127);
#1535=VERTEX_POINT('',#5133);
#1536=VERTEX_POINT('',#5150);
#1537=VERTEX_POINT('',#5156);
#1538=VERTEX_POINT('',#5173);
#1539=VERTEX_POINT('',#5179);
#1540=VERTEX_POINT('',#5196);
#1541=VERTEX_POINT('',#5202);
#1542=VERTEX_POINT('',#5219);
#1543=VERTEX_POINT('',#5225);
#1544=VERTEX_POINT('',#5233);
#1545=VERTEX_POINT('',#5235);
#1546=VERTEX_POINT('',#5239);
#1547=VERTEX_POINT('',#5241);
#1548=VERTEX_POINT('',#5245);
#1549=VERTEX_POINT('',#5247);
#1550=VERTEX_POINT('',#5255);
#1551=VERTEX_POINT('',#5256);
#1552=VERTEX_POINT('',#5258);
#1553=VERTEX_POINT('',#5260);
#1554=VERTEX_POINT('',#5273);
#1555=VERTEX_POINT('',#5279);
#1556=VERTEX_POINT('',#5296);
#1557=VERTEX_POINT('',#5302);
#1558=VERTEX_POINT('',#5319);
#1559=VERTEX_POINT('',#5325);
#1560=VERTEX_POINT('',#5342);
#1561=VERTEX_POINT('',#5348);
#1562=VERTEX_POINT('',#5365);
#1563=VERTEX_POINT('',#5371);
#1564=VERTEX_POINT('',#5379);
#1565=VERTEX_POINT('',#5381);
#1566=VERTEX_POINT('',#5385);
#1567=VERTEX_POINT('',#5387);
#1568=VERTEX_POINT('',#5391);
#1569=VERTEX_POINT('',#5393);
#1570=VERTEX_POINT('',#5406);
#1571=VERTEX_POINT('',#5412);
#1572=VERTEX_POINT('',#5429);
#1573=VERTEX_POINT('',#5435);
#1574=VERTEX_POINT('',#5452);
#1575=VERTEX_POINT('',#5458);
#1576=VERTEX_POINT('',#5475);
#1577=VERTEX_POINT('',#5481);
#1578=VERTEX_POINT('',#5498);
#1579=VERTEX_POINT('',#5504);
#1580=VERTEX_POINT('',#5512);
#1581=VERTEX_POINT('',#5514);
#1582=VERTEX_POINT('',#5518);
#1583=VERTEX_POINT('',#5520);
#1584=VERTEX_POINT('',#5524);
#1585=VERTEX_POINT('',#5526);
#1586=VERTEX_POINT('',#5539);
#1587=VERTEX_POINT('',#5545);
#1588=VERTEX_POINT('',#5562);
#1589=VERTEX_POINT('',#5568);
#1590=VERTEX_POINT('',#5585);
#1591=VERTEX_POINT('',#5591);
#1592=VERTEX_POINT('',#5608);
#1593=VERTEX_POINT('',#5614);
#1594=VERTEX_POINT('',#5631);
#1595=VERTEX_POINT('',#5637);
#1596=VERTEX_POINT('',#5654);
#1597=VERTEX_POINT('',#5660);
#1598=VERTEX_POINT('',#5677);
#1599=VERTEX_POINT('',#5683);
#1600=VERTEX_POINT('',#5691);
#1601=VERTEX_POINT('',#5693);
#1602=VERTEX_POINT('',#5697);
#1603=VERTEX_POINT('',#5699);
#1604=VERTEX_POINT('',#5703);
#1605=VERTEX_POINT('',#5705);
#1606=VERTEX_POINT('',#5722);
#1607=VERTEX_POINT('',#5723);
#1608=VERTEX_POINT('',#5729);
#1609=VERTEX_POINT('',#5731);
#1610=VERTEX_POINT('',#5748);
#1611=VERTEX_POINT('',#5754);
#1612=VERTEX_POINT('',#5771);
#1613=VERTEX_POINT('',#5777);
#1614=VERTEX_POINT('',#5794);
#1615=VERTEX_POINT('',#5800);
#1616=VERTEX_POINT('',#5817);
#1617=VERTEX_POINT('',#5823);
#1618=VERTEX_POINT('',#5840);
#1619=VERTEX_POINT('',#5846);
#1620=VERTEX_POINT('',#5863);
#1621=VERTEX_POINT('',#5869);
#1622=VERTEX_POINT('',#5886);
#1623=VERTEX_POINT('',#5892);
#1624=VERTEX_POINT('',#5909);
#1625=VERTEX_POINT('',#5915);
#1626=VERTEX_POINT('',#5932);
#1627=VERTEX_POINT('',#5938);
#1628=VERTEX_POINT('',#5955);
#1629=VERTEX_POINT('',#5961);
#1630=VERTEX_POINT('',#5978);
#1631=VERTEX_POINT('',#5984);
#1632=VERTEX_POINT('',#5992);
#1633=VERTEX_POINT('',#5994);
#1634=VERTEX_POINT('',#6007);
#1635=VERTEX_POINT('',#6013);
#1636=VERTEX_POINT('',#6030);
#1637=VERTEX_POINT('',#6036);
#1638=VERTEX_POINT('',#6053);
#1639=VERTEX_POINT('',#6059);
#1640=VERTEX_POINT('',#6076);
#1641=VERTEX_POINT('',#6082);
#1642=VERTEX_POINT('',#6099);
#1643=VERTEX_POINT('',#6105);
#1644=VERTEX_POINT('',#6122);
#1645=VERTEX_POINT('',#6128);
#1646=VERTEX_POINT('',#6145);
#1647=VERTEX_POINT('',#6151);
#1648=VERTEX_POINT('',#6159);
#1649=VERTEX_POINT('',#6161);
#1650=VERTEX_POINT('',#6174);
#1651=VERTEX_POINT('',#6180);
#1652=VERTEX_POINT('',#6197);
#1653=VERTEX_POINT('',#6203);
#1654=VERTEX_POINT('',#6220);
#1655=VERTEX_POINT('',#6226);
#1656=VERTEX_POINT('',#6243);
#1657=VERTEX_POINT('',#6249);
#1658=VERTEX_POINT('',#6266);
#1659=VERTEX_POINT('',#6272);
#1660=VERTEX_POINT('',#6289);
#1661=VERTEX_POINT('',#6295);
#1662=VERTEX_POINT('',#6312);
#1663=VERTEX_POINT('',#6318);
#1664=VERTEX_POINT('',#6326);
#1665=VERTEX_POINT('',#6328);
#1666=VERTEX_POINT('',#6397);
#1667=VERTEX_POINT('',#6398);
#1668=VERTEX_POINT('',#6400);
#1669=VERTEX_POINT('',#6448);
#1670=VERTEX_POINT('',#6449);
#1671=VERTEX_POINT('',#6451);
#1672=VERTEX_POINT('',#6499);
#1673=VERTEX_POINT('',#6500);
#1674=VERTEX_POINT('',#6502);
#1675=VERTEX_POINT('',#6550);
#1676=VERTEX_POINT('',#6551);
#1677=VERTEX_POINT('',#6553);
#1678=VERTEX_POINT('',#6601);
#1679=VERTEX_POINT('',#6602);
#1680=VERTEX_POINT('',#6604);
#1681=VERTEX_POINT('',#6652);
#1682=VERTEX_POINT('',#6653);
#1683=VERTEX_POINT('',#6655);
#1684=VERTEX_POINT('',#6703);
#1685=VERTEX_POINT('',#6704);
#1686=VERTEX_POINT('',#6706);
#1687=VERTEX_POINT('',#6715);
#1688=VERTEX_POINT('',#6716);
#1689=VERTEX_POINT('',#6750);
#1690=VERTEX_POINT('',#6751);
#1691=VERTEX_POINT('',#6775);
#1692=VERTEX_POINT('',#6777);
#1693=VERTEX_POINT('',#6815);
#1694=VERTEX_POINT('',#6816);
#1695=VERTEX_POINT('',#6891);
#1696=VERTEX_POINT('',#6892);
#1697=VERTEX_POINT('',#6894);
#1698=VERTEX_POINT('',#6898);
#1699=VERTEX_POINT('',#6899);
#1700=VERTEX_POINT('',#6953);
#1701=VERTEX_POINT('',#6954);
#1702=VERTEX_POINT('',#6956);
#1703=VERTEX_POINT('',#6994);
#1704=VERTEX_POINT('',#6996);
#1705=VERTEX_POINT('',#7029);
#1706=VERTEX_POINT('',#7030);
#1707=VERTEX_POINT('',#7032);
#1708=VERTEX_POINT('',#7062);
#1709=VERTEX_POINT('',#7063);
#1710=VERTEX_POINT('',#7137);
#1711=VERTEX_POINT('',#7138);
#1712=VERTEX_POINT('',#7194);
#1713=VERTEX_POINT('',#7196);
#1714=VERTEX_POINT('',#7279);
#1715=VERTEX_POINT('',#7280);
#1716=VERTEX_POINT('',#7374);
#1717=VERTEX_POINT('',#7375);
#1718=VERTEX_POINT('',#7449);
#1719=VERTEX_POINT('',#7450);
#1720=VERTEX_POINT('',#7501);
#1721=VERTEX_POINT('',#7503);
#1722=VERTEX_POINT('',#7576);
#1723=VERTEX_POINT('',#7577);
#1724=VERTEX_POINT('',#7850);
#1725=VERTEX_POINT('',#7873);
#1726=VERTEX_POINT('',#7896);
#1727=VERTEX_POINT('',#7953);
#1728=VERTEX_POINT('',#8229);
#1729=VERTEX_POINT('',#8240);
#1730=VERTEX_POINT('',#8437);
#1731=VERTEX_POINT('',#8460);
#1732=VERTEX_POINT('',#8500);
#1733=VERTEX_POINT('',#8521);
#1734=VERTEX_POINT('',#8542);
#1735=VERTEX_POINT('',#8715);
#1736=VERTEX_POINT('',#8738);
#1737=VERTEX_POINT('',#8778);
#1738=VERTEX_POINT('',#8782);
#1739=VERTEX_POINT('',#8784);
#1740=VERTEX_POINT('',#8804);
#1741=VERTEX_POINT('',#8808);
#1742=VERTEX_POINT('',#8810);
#1743=VERTEX_POINT('',#8830);
#1744=VERTEX_POINT('',#8834);
#1745=VERTEX_POINT('',#8836);
#1746=VERTEX_POINT('',#8856);
#1747=VERTEX_POINT('',#8860);
#1748=VERTEX_POINT('',#8862);
#1749=VERTEX_POINT('',#8882);
#1750=VERTEX_POINT('',#8890);
#1751=VERTEX_POINT('',#8892);
#1752=VERTEX_POINT('',#8896);
#1753=VERTEX_POINT('',#8898);
#1754=EDGE_CURVE('',#1423,#1424,#913,.T.);
#1755=EDGE_CURVE('',#1423,#1425,#914,.T.);
#1756=EDGE_CURVE('',#1426,#1425,#915,.T.);
#1757=EDGE_CURVE('',#1424,#1426,#916,.T.);
#1758=EDGE_CURVE('',#1427,#1423,#917,.T.);
#1759=EDGE_CURVE('',#1427,#1428,#918,.T.);
#1760=EDGE_CURVE('',#1425,#1428,#919,.T.);
#1761=EDGE_CURVE('',#1424,#1429,#920,.T.);
#1762=EDGE_CURVE('',#1430,#1426,#921,.T.);
#1763=EDGE_CURVE('',#1429,#1430,#922,.T.);
#1764=EDGE_CURVE('',#1429,#1427,#923,.T.);
#1765=EDGE_CURVE('',#1428,#1430,#924,.T.);
#1766=EDGE_CURVE('',#1431,#1432,#925,.T.);
#1767=EDGE_CURVE('',#1432,#1433,#926,.T.);
#1768=EDGE_CURVE('',#1433,#1434,#927,.T.);
#1769=EDGE_CURVE('',#1434,#1431,#928,.T.);
#1770=EDGE_CURVE('',#1435,#1436,#929,.T.);
#1771=EDGE_CURVE('',#1436,#1431,#930,.T.);
#1772=EDGE_CURVE('',#1435,#1434,#931,.T.);
#1773=EDGE_CURVE('',#1437,#1435,#932,.T.);
#1774=EDGE_CURVE('',#1437,#1433,#933,.T.);
#1775=EDGE_CURVE('',#1438,#1437,#934,.T.);
#1776=EDGE_CURVE('',#1438,#1432,#935,.T.);
#1777=EDGE_CURVE('',#1436,#1438,#936,.T.);
#1778=EDGE_CURVE('',#1439,#1439,#341,.T.);
#1779=EDGE_CURVE('',#1439,#1440,#937,.T.);
#1780=EDGE_CURVE('',#1440,#1440,#342,.T.);
#1781=EDGE_CURVE('',#1441,#1441,#343,.T.);
#1782=EDGE_CURVE('',#1442,#1442,#344,.T.);
#1783=EDGE_CURVE('',#1442,#1441,#938,.T.);
#1784=EDGE_CURVE('',#1443,#1443,#345,.T.);
#1785=EDGE_CURVE('',#1444,#1444,#346,.T.);
#1786=EDGE_CURVE('',#1444,#1443,#939,.T.);
#1787=EDGE_CURVE('',#1445,#1445,#347,.T.);
#1788=EDGE_CURVE('',#1445,#1444,#940,.T.);
#1789=EDGE_CURVE('',#1446,#1446,#348,.T.);
#1790=EDGE_CURVE('',#1446,#1445,#941,.T.);
#1791=EDGE_CURVE('',#1447,#1447,#349,.T.);
#1792=EDGE_CURVE('',#1447,#1448,#942,.T.);
#1793=EDGE_CURVE('',#1448,#1448,#350,.T.);
#1794=EDGE_CURVE('',#1449,#1449,#351,.T.);
#1795=EDGE_CURVE('',#1450,#1450,#352,.T.);
#1796=EDGE_CURVE('',#1450,#1449,#943,.T.);
#1797=EDGE_CURVE('',#1451,#1451,#353,.T.);
#1798=EDGE_CURVE('',#1452,#1452,#354,.T.);
#1799=EDGE_CURVE('',#1452,#1451,#944,.T.);
#1800=EDGE_CURVE('',#1453,#1453,#355,.T.);
#1801=EDGE_CURVE('',#1453,#1452,#945,.T.);
#1802=EDGE_CURVE('',#1454,#1454,#356,.T.);
#1803=EDGE_CURVE('',#1454,#1453,#946,.T.);
#1804=EDGE_CURVE('',#1455,#1455,#357,.T.);
#1805=EDGE_CURVE('',#1455,#1456,#947,.T.);
#1806=EDGE_CURVE('',#1456,#1456,#358,.T.);
#1807=EDGE_CURVE('',#1457,#1457,#359,.T.);
#1808=EDGE_CURVE('',#1458,#1458,#360,.T.);
#1809=EDGE_CURVE('',#1458,#1457,#948,.T.);
#1810=EDGE_CURVE('',#1459,#1459,#361,.T.);
#1811=EDGE_CURVE('',#1460,#1460,#362,.T.);
#1812=EDGE_CURVE('',#1460,#1459,#949,.T.);
#1813=EDGE_CURVE('',#1461,#1461,#363,.T.);
#1814=EDGE_CURVE('',#1461,#1460,#950,.T.);
#1815=EDGE_CURVE('',#1462,#1462,#364,.T.);
#1816=EDGE_CURVE('',#1462,#1461,#951,.T.);
#1817=EDGE_CURVE('',#1463,#1464,#365,.T.);
#1818=EDGE_CURVE('',#1463,#1465,#952,.T.);
#1819=EDGE_CURVE('',#1466,#1465,#366,.T.);
#1820=EDGE_CURVE('',#1465,#1466,#367,.T.);
#1821=EDGE_CURVE('',#1464,#1463,#368,.T.);
#1822=EDGE_CURVE('',#1467,#1467,#369,.T.);
#1823=EDGE_CURVE('',#1467,#1468,#953,.T.);
#1824=EDGE_CURVE('',#1468,#1468,#370,.T.);
#1825=EDGE_CURVE('',#1469,#1469,#371,.T.);
#1826=EDGE_CURVE('',#1470,#1470,#372,.T.);
#1827=EDGE_CURVE('',#1470,#1464,#954,.T.);
#1828=EDGE_CURVE('',#1471,#1471,#373,.T.);
#1829=EDGE_CURVE('',#1471,#1472,#955,.T.);
#1830=EDGE_CURVE('',#1472,#1472,#374,.T.);
#1831=EDGE_CURVE('',#1466,#1471,#956,.T.);
#1832=EDGE_CURVE('',#1473,#1473,#375,.T.);
#1833=EDGE_CURVE('',#1473,#1474,#957,.T.);
#1834=EDGE_CURVE('',#1474,#1474,#376,.T.);
#1835=EDGE_CURVE('',#1475,#1475,#377,.T.);
#1836=EDGE_CURVE('',#1469,#1475,#958,.T.);
#1837=EDGE_CURVE('',#1476,#1477,#959,.T.);
#1838=EDGE_CURVE('',#1476,#1478,#960,.T.);
#1839=EDGE_CURVE('',#1478,#1479,#961,.T.);
#1840=EDGE_CURVE('',#1477,#1479,#962,.T.);
#1841=EDGE_CURVE('',#1480,#1476,#81,.T.);
#1842=EDGE_CURVE('',#1480,#1481,#963,.T.);
#1843=EDGE_CURVE('',#1481,#1478,#82,.T.);
#1844=EDGE_CURVE('',#1482,#1480,#83,.T.);
#1845=EDGE_CURVE('',#1482,#1483,#964,.T.);
#1846=EDGE_CURVE('',#1483,#1481,#84,.T.);
#1847=EDGE_CURVE('',#1484,#1482,#965,.T.);
#1848=EDGE_CURVE('',#1484,#1485,#966,.T.);
#1849=EDGE_CURVE('',#1485,#1483,#967,.T.);
#1850=EDGE_CURVE('',#1486,#1484,#85,.T.);
#1851=EDGE_CURVE('',#1486,#1487,#968,.T.);
#1852=EDGE_CURVE('',#1487,#1485,#86,.T.);
#1853=EDGE_CURVE('',#1488,#1486,#87,.T.);
#1854=EDGE_CURVE('',#1488,#1489,#969,.T.);
#1855=EDGE_CURVE('',#1489,#1487,#88,.T.);
#1856=EDGE_CURVE('',#1490,#1488,#970,.T.);
#1857=EDGE_CURVE('',#1490,#1491,#971,.T.);
#1858=EDGE_CURVE('',#1491,#1489,#972,.T.);
#1859=EDGE_CURVE('',#1492,#1490,#973,.T.);
#1860=EDGE_CURVE('',#1492,#1493,#974,.T.);
#1861=EDGE_CURVE('',#1493,#1491,#975,.T.);
#1862=EDGE_CURVE('',#1477,#1492,#976,.T.);
#1863=EDGE_CURVE('',#1479,#1493,#977,.T.);
#1864=EDGE_CURVE('',#1494,#1495,#978,.T.);
#1865=EDGE_CURVE('',#1494,#1496,#979,.T.);
#1866=EDGE_CURVE('',#1496,#1497,#980,.T.);
#1867=EDGE_CURVE('',#1495,#1497,#981,.T.);
#1868=EDGE_CURVE('',#1498,#1494,#89,.T.);
#1869=EDGE_CURVE('',#1498,#1499,#982,.T.);
#1870=EDGE_CURVE('',#1499,#1496,#90,.T.);
#1871=EDGE_CURVE('',#1500,#1498,#91,.T.);
#1872=EDGE_CURVE('',#1500,#1501,#983,.T.);
#1873=EDGE_CURVE('',#1501,#1499,#92,.T.);
#1874=EDGE_CURVE('',#1502,#1500,#93,.T.);
#1875=EDGE_CURVE('',#1502,#1503,#984,.T.);
#1876=EDGE_CURVE('',#1503,#1501,#94,.T.);
#1877=EDGE_CURVE('',#1504,#1502,#95,.T.);
#1878=EDGE_CURVE('',#1504,#1505,#985,.T.);
#1879=EDGE_CURVE('',#1505,#1503,#96,.T.);
#1880=EDGE_CURVE('',#1506,#1504,#97,.T.);
#1881=EDGE_CURVE('',#1506,#1507,#986,.T.);
#1882=EDGE_CURVE('',#1507,#1505,#98,.T.);
#1883=EDGE_CURVE('',#1508,#1506,#987,.T.);
#1884=EDGE_CURVE('',#1508,#1509,#988,.T.);
#1885=EDGE_CURVE('',#1509,#1507,#989,.T.);
#1886=EDGE_CURVE('',#1510,#1508,#990,.T.);
#1887=EDGE_CURVE('',#1510,#1511,#991,.T.);
#1888=EDGE_CURVE('',#1511,#1509,#992,.T.);
#1889=EDGE_CURVE('',#1512,#1510,#993,.T.);
#1890=EDGE_CURVE('',#1512,#1513,#994,.T.);
#1891=EDGE_CURVE('',#1513,#1511,#995,.T.);
#1892=EDGE_CURVE('',#1514,#1512,#99,.T.);
#1893=EDGE_CURVE('',#1514,#1515,#996,.T.);
#1894=EDGE_CURVE('',#1515,#1513,#100,.T.);
#1895=EDGE_CURVE('',#1516,#1514,#101,.T.);
#1896=EDGE_CURVE('',#1516,#1517,#997,.T.);
#1897=EDGE_CURVE('',#1517,#1515,#102,.T.);
#1898=EDGE_CURVE('',#1518,#1516,#103,.T.);
#1899=EDGE_CURVE('',#1518,#1519,#998,.T.);
#1900=EDGE_CURVE('',#1519,#1517,#104,.T.);
#1901=EDGE_CURVE('',#1520,#1518,#105,.T.);
#1902=EDGE_CURVE('',#1520,#1521,#999,.T.);
#1903=EDGE_CURVE('',#1521,#1519,#106,.T.);
#1904=EDGE_CURVE('',#1522,#1520,#107,.T.);
#1905=EDGE_CURVE('',#1522,#1523,#1000,.T.);
#1906=EDGE_CURVE('',#1523,#1521,#108,.T.);
#1907=EDGE_CURVE('',#1524,#1522,#1001,.T.);
#1908=EDGE_CURVE('',#1524,#1525,#1002,.T.);
#1909=EDGE_CURVE('',#1525,#1523,#1003,.T.);
#1910=EDGE_CURVE('',#1526,#1524,#1004,.T.);
#1911=EDGE_CURVE('',#1526,#1527,#1005,.T.);
#1912=EDGE_CURVE('',#1527,#1525,#1006,.T.);
#1913=EDGE_CURVE('',#1528,#1526,#1007,.T.);
#1914=EDGE_CURVE('',#1528,#1529,#1008,.T.);
#1915=EDGE_CURVE('',#1529,#1527,#1009,.T.);
#1916=EDGE_CURVE('',#1530,#1528,#109,.T.);
#1917=EDGE_CURVE('',#1530,#1531,#1010,.T.);
#1918=EDGE_CURVE('',#1531,#1529,#110,.T.);
#1919=EDGE_CURVE('',#1532,#1530,#111,.T.);
#1920=EDGE_CURVE('',#1532,#1533,#1011,.T.);
#1921=EDGE_CURVE('',#1533,#1531,#112,.T.);
#1922=EDGE_CURVE('',#1534,#1532,#113,.T.);
#1923=EDGE_CURVE('',#1534,#1535,#1012,.T.);
#1924=EDGE_CURVE('',#1535,#1533,#114,.T.);
#1925=EDGE_CURVE('',#1536,#1534,#115,.T.);
#1926=EDGE_CURVE('',#1536,#1537,#1013,.T.);
#1927=EDGE_CURVE('',#1537,#1535,#116,.T.);
#1928=EDGE_CURVE('',#1538,#1536,#117,.T.);
#1929=EDGE_CURVE('',#1538,#1539,#1014,.T.);
#1930=EDGE_CURVE('',#1539,#1537,#118,.T.);
#1931=EDGE_CURVE('',#1540,#1538,#119,.T.);
#1932=EDGE_CURVE('',#1540,#1541,#1015,.T.);
#1933=EDGE_CURVE('',#1541,#1539,#120,.T.);
#1934=EDGE_CURVE('',#1542,#1540,#121,.T.);
#1935=EDGE_CURVE('',#1542,#1543,#1016,.T.);
#1936=EDGE_CURVE('',#1543,#1541,#122,.T.);
#1937=EDGE_CURVE('',#1544,#1542,#1017,.T.);
#1938=EDGE_CURVE('',#1544,#1545,#1018,.T.);
#1939=EDGE_CURVE('',#1545,#1543,#1019,.T.);
#1940=EDGE_CURVE('',#1546,#1544,#1020,.T.);
#1941=EDGE_CURVE('',#1546,#1547,#1021,.T.);
#1942=EDGE_CURVE('',#1547,#1545,#1022,.T.);
#1943=EDGE_CURVE('',#1548,#1546,#1023,.T.);
#1944=EDGE_CURVE('',#1548,#1549,#1024,.T.);
#1945=EDGE_CURVE('',#1549,#1547,#1025,.T.);
#1946=EDGE_CURVE('',#1495,#1548,#1026,.T.);
#1947=EDGE_CURVE('',#1497,#1549,#1027,.T.);
#1948=EDGE_CURVE('',#1550,#1551,#1028,.T.);
#1949=EDGE_CURVE('',#1550,#1552,#1029,.T.);
#1950=EDGE_CURVE('',#1552,#1553,#1030,.T.);
#1951=EDGE_CURVE('',#1551,#1553,#1031,.T.);
#1952=EDGE_CURVE('',#1554,#1550,#123,.T.);
#1953=EDGE_CURVE('',#1554,#1555,#1032,.T.);
#1954=EDGE_CURVE('',#1555,#1552,#124,.T.);
#1955=EDGE_CURVE('',#1556,#1554,#125,.T.);
#1956=EDGE_CURVE('',#1556,#1557,#1033,.T.);
#1957=EDGE_CURVE('',#1557,#1555,#126,.T.);
#1958=EDGE_CURVE('',#1558,#1556,#127,.T.);
#1959=EDGE_CURVE('',#1558,#1559,#1034,.T.);
#1960=EDGE_CURVE('',#1559,#1557,#128,.T.);
#1961=EDGE_CURVE('',#1560,#1558,#129,.T.);
#1962=EDGE_CURVE('',#1560,#1561,#1035,.T.);
#1963=EDGE_CURVE('',#1561,#1559,#130,.T.);
#1964=EDGE_CURVE('',#1562,#1560,#131,.T.);
#1965=EDGE_CURVE('',#1562,#1563,#1036,.T.);
#1966=EDGE_CURVE('',#1563,#1561,#132,.T.);
#1967=EDGE_CURVE('',#1564,#1562,#1037,.T.);
#1968=EDGE_CURVE('',#1564,#1565,#1038,.T.);
#1969=EDGE_CURVE('',#1565,#1563,#1039,.T.);
#1970=EDGE_CURVE('',#1566,#1564,#1040,.T.);
#1971=EDGE_CURVE('',#1566,#1567,#1041,.T.);
#1972=EDGE_CURVE('',#1567,#1565,#1042,.T.);
#1973=EDGE_CURVE('',#1568,#1566,#1043,.T.);
#1974=EDGE_CURVE('',#1568,#1569,#1044,.T.);
#1975=EDGE_CURVE('',#1569,#1567,#1045,.T.);
#1976=EDGE_CURVE('',#1570,#1568,#133,.T.);
#1977=EDGE_CURVE('',#1570,#1571,#1046,.T.);
#1978=EDGE_CURVE('',#1571,#1569,#134,.T.);
#1979=EDGE_CURVE('',#1572,#1570,#135,.T.);
#1980=EDGE_CURVE('',#1572,#1573,#1047,.T.);
#1981=EDGE_CURVE('',#1573,#1571,#136,.T.);
#1982=EDGE_CURVE('',#1574,#1572,#137,.T.);
#1983=EDGE_CURVE('',#1574,#1575,#1048,.T.);
#1984=EDGE_CURVE('',#1575,#1573,#138,.T.);
#1985=EDGE_CURVE('',#1576,#1574,#139,.T.);
#1986=EDGE_CURVE('',#1576,#1577,#1049,.T.);
#1987=EDGE_CURVE('',#1577,#1575,#140,.T.);
#1988=EDGE_CURVE('',#1578,#1576,#141,.T.);
#1989=EDGE_CURVE('',#1578,#1579,#1050,.T.);
#1990=EDGE_CURVE('',#1579,#1577,#142,.T.);
#1991=EDGE_CURVE('',#1580,#1578,#1051,.T.);
#1992=EDGE_CURVE('',#1580,#1581,#1052,.T.);
#1993=EDGE_CURVE('',#1581,#1579,#1053,.T.);
#1994=EDGE_CURVE('',#1582,#1580,#1054,.T.);
#1995=EDGE_CURVE('',#1582,#1583,#1055,.T.);
#1996=EDGE_CURVE('',#1583,#1581,#1056,.T.);
#1997=EDGE_CURVE('',#1584,#1582,#1057,.T.);
#1998=EDGE_CURVE('',#1584,#1585,#1058,.T.);
#1999=EDGE_CURVE('',#1585,#1583,#1059,.T.);
#2000=EDGE_CURVE('',#1586,#1584,#143,.T.);
#2001=EDGE_CURVE('',#1586,#1587,#1060,.T.);
#2002=EDGE_CURVE('',#1587,#1585,#144,.T.);
#2003=EDGE_CURVE('',#1588,#1586,#145,.T.);
#2004=EDGE_CURVE('',#1588,#1589,#1061,.T.);
#2005=EDGE_CURVE('',#1589,#1587,#146,.T.);
#2006=EDGE_CURVE('',#1590,#1588,#147,.T.);
#2007=EDGE_CURVE('',#1590,#1591,#1062,.T.);
#2008=EDGE_CURVE('',#1591,#1589,#148,.T.);
#2009=EDGE_CURVE('',#1592,#1590,#149,.T.);
#2010=EDGE_CURVE('',#1592,#1593,#1063,.T.);
#2011=EDGE_CURVE('',#1593,#1591,#150,.T.);
#2012=EDGE_CURVE('',#1594,#1592,#151,.T.);
#2013=EDGE_CURVE('',#1594,#1595,#1064,.T.);
#2014=EDGE_CURVE('',#1595,#1593,#152,.T.);
#2015=EDGE_CURVE('',#1596,#1594,#153,.T.);
#2016=EDGE_CURVE('',#1596,#1597,#1065,.T.);
#2017=EDGE_CURVE('',#1597,#1595,#154,.T.);
#2018=EDGE_CURVE('',#1598,#1596,#155,.T.);
#2019=EDGE_CURVE('',#1598,#1599,#1066,.T.);
#2020=EDGE_CURVE('',#1599,#1597,#156,.T.);
#2021=EDGE_CURVE('',#1600,#1598,#1067,.T.);
#2022=EDGE_CURVE('',#1600,#1601,#1068,.T.);
#2023=EDGE_CURVE('',#1601,#1599,#1069,.T.);
#2024=EDGE_CURVE('',#1602,#1600,#1070,.T.);
#2025=EDGE_CURVE('',#1602,#1603,#1071,.T.);
#2026=EDGE_CURVE('',#1603,#1601,#1072,.T.);
#2027=EDGE_CURVE('',#1604,#1602,#1073,.T.);
#2028=EDGE_CURVE('',#1604,#1605,#1074,.T.);
#2029=EDGE_CURVE('',#1605,#1603,#1075,.T.);
#2030=EDGE_CURVE('',#1551,#1604,#1076,.T.);
#2031=EDGE_CURVE('',#1553,#1605,#1077,.T.);
#2032=EDGE_CURVE('',#1606,#1607,#157,.T.);
#2033=EDGE_CURVE('',#1606,#1608,#1078,.T.);
#2034=EDGE_CURVE('',#1608,#1609,#158,.T.);
#2035=EDGE_CURVE('',#1607,#1609,#1079,.T.);
#2036=EDGE_CURVE('',#1610,#1606,#159,.T.);
#2037=EDGE_CURVE('',#1610,#1611,#1080,.T.);
#2038=EDGE_CURVE('',#1611,#1608,#160,.T.);
#2039=EDGE_CURVE('',#1612,#1610,#161,.T.);
#2040=EDGE_CURVE('',#1612,#1613,#1081,.T.);
#2041=EDGE_CURVE('',#1613,#1611,#162,.T.);
#2042=EDGE_CURVE('',#1614,#1612,#163,.T.);
#2043=EDGE_CURVE('',#1614,#1615,#1082,.T.);
#2044=EDGE_CURVE('',#1615,#1613,#164,.T.);
#2045=EDGE_CURVE('',#1616,#1614,#165,.T.);
#2046=EDGE_CURVE('',#1616,#1617,#1083,.T.);
#2047=EDGE_CURVE('',#1617,#1615,#166,.T.);
#2048=EDGE_CURVE('',#1618,#1616,#167,.T.);
#2049=EDGE_CURVE('',#1618,#1619,#1084,.T.);
#2050=EDGE_CURVE('',#1619,#1617,#168,.T.);
#2051=EDGE_CURVE('',#1620,#1618,#169,.T.);
#2052=EDGE_CURVE('',#1620,#1621,#1085,.T.);
#2053=EDGE_CURVE('',#1621,#1619,#170,.T.);
#2054=EDGE_CURVE('',#1622,#1620,#171,.T.);
#2055=EDGE_CURVE('',#1622,#1623,#1086,.T.);
#2056=EDGE_CURVE('',#1623,#1621,#172,.T.);
#2057=EDGE_CURVE('',#1624,#1622,#173,.T.);
#2058=EDGE_CURVE('',#1624,#1625,#1087,.T.);
#2059=EDGE_CURVE('',#1625,#1623,#174,.T.);
#2060=EDGE_CURVE('',#1626,#1624,#175,.T.);
#2061=EDGE_CURVE('',#1626,#1627,#1088,.T.);
#2062=EDGE_CURVE('',#1627,#1625,#176,.T.);
#2063=EDGE_CURVE('',#1628,#1626,#177,.T.);
#2064=EDGE_CURVE('',#1628,#1629,#1089,.T.);
#2065=EDGE_CURVE('',#1629,#1627,#178,.T.);
#2066=EDGE_CURVE('',#1630,#1628,#179,.T.);
#2067=EDGE_CURVE('',#1630,#1631,#1090,.T.);
#2068=EDGE_CURVE('',#1631,#1629,#180,.T.);
#2069=EDGE_CURVE('',#1632,#1630,#1091,.T.);
#2070=EDGE_CURVE('',#1632,#1633,#1092,.T.);
#2071=EDGE_CURVE('',#1633,#1631,#1093,.T.);
#2072=EDGE_CURVE('',#1634,#1632,#181,.T.);
#2073=EDGE_CURVE('',#1634,#1635,#1094,.T.);
#2074=EDGE_CURVE('',#1635,#1633,#182,.T.);
#2075=EDGE_CURVE('',#1636,#1634,#183,.T.);
#2076=EDGE_CURVE('',#1636,#1637,#1095,.T.);
#2077=EDGE_CURVE('',#1637,#1635,#184,.T.);
#2078=EDGE_CURVE('',#1638,#1636,#185,.T.);
#2079=EDGE_CURVE('',#1638,#1639,#1096,.T.);
#2080=EDGE_CURVE('',#1639,#1637,#186,.T.);
#2081=EDGE_CURVE('',#1640,#1638,#187,.T.);
#2082=EDGE_CURVE('',#1640,#1641,#1097,.T.);
#2083=EDGE_CURVE('',#1641,#1639,#188,.T.);
#2084=EDGE_CURVE('',#1642,#1640,#189,.T.);
#2085=EDGE_CURVE('',#1642,#1643,#1098,.T.);
#2086=EDGE_CURVE('',#1643,#1641,#190,.T.);
#2087=EDGE_CURVE('',#1644,#1642,#191,.T.);
#2088=EDGE_CURVE('',#1644,#1645,#1099,.T.);
#2089=EDGE_CURVE('',#1645,#1643,#192,.T.);
#2090=EDGE_CURVE('',#1646,#1644,#193,.T.);
#2091=EDGE_CURVE('',#1646,#1647,#1100,.T.);
#2092=EDGE_CURVE('',#1647,#1645,#194,.T.);
#2093=EDGE_CURVE('',#1648,#1646,#1101,.T.);
#2094=EDGE_CURVE('',#1648,#1649,#1102,.T.);
#2095=EDGE_CURVE('',#1649,#1647,#1103,.T.);
#2096=EDGE_CURVE('',#1650,#1648,#195,.T.);
#2097=EDGE_CURVE('',#1650,#1651,#1104,.T.);
#2098=EDGE_CURVE('',#1651,#1649,#196,.T.);
#2099=EDGE_CURVE('',#1652,#1650,#197,.T.);
#2100=EDGE_CURVE('',#1652,#1653,#1105,.T.);
#2101=EDGE_CURVE('',#1653,#1651,#198,.T.);
#2102=EDGE_CURVE('',#1654,#1652,#199,.T.);
#2103=EDGE_CURVE('',#1654,#1655,#1106,.T.);
#2104=EDGE_CURVE('',#1655,#1653,#200,.T.);
#2105=EDGE_CURVE('',#1656,#1654,#201,.T.);
#2106=EDGE_CURVE('',#1656,#1657,#1107,.T.);
#2107=EDGE_CURVE('',#1657,#1655,#202,.T.);
#2108=EDGE_CURVE('',#1658,#1656,#203,.T.);
#2109=EDGE_CURVE('',#1658,#1659,#1108,.T.);
#2110=EDGE_CURVE('',#1659,#1657,#204,.T.);
#2111=EDGE_CURVE('',#1660,#1658,#205,.T.);
#2112=EDGE_CURVE('',#1660,#1661,#1109,.T.);
#2113=EDGE_CURVE('',#1661,#1659,#206,.T.);
#2114=EDGE_CURVE('',#1662,#1660,#207,.T.);
#2115=EDGE_CURVE('',#1662,#1663,#1110,.T.);
#2116=EDGE_CURVE('',#1663,#1661,#208,.T.);
#2117=EDGE_CURVE('',#1664,#1662,#1111,.T.);
#2118=EDGE_CURVE('',#1664,#1665,#1112,.T.);
#2119=EDGE_CURVE('',#1665,#1663,#1113,.T.);
#2120=EDGE_CURVE('',#1607,#1664,#209,.T.);
#2121=EDGE_CURVE('',#1609,#1665,#210,.T.);
#2122=EDGE_CURVE('',#1666,#1667,#378,.F.);
#2123=EDGE_CURVE('',#1668,#1666,#17,.F.);
#2124=EDGE_CURVE('',#1667,#1668,#18,.F.);
#2125=EDGE_CURVE('',#1669,#1670,#19,.F.);
#2126=EDGE_CURVE('',#1671,#1669,#20,.F.);
#2127=EDGE_CURVE('',#1670,#1671,#379,.F.);
#2128=EDGE_CURVE('',#1672,#1673,#380,.F.);
#2129=EDGE_CURVE('',#1674,#1672,#21,.F.);
#2130=EDGE_CURVE('',#1673,#1674,#22,.F.);
#2131=EDGE_CURVE('',#1675,#1676,#23,.F.);
#2132=EDGE_CURVE('',#1677,#1675,#24,.F.);
#2133=EDGE_CURVE('',#1676,#1677,#381,.F.);
#2134=EDGE_CURVE('',#1678,#1679,#25,.F.);
#2135=EDGE_CURVE('',#1680,#1678,#26,.F.);
#2136=EDGE_CURVE('',#1679,#1680,#382,.F.);
#2137=EDGE_CURVE('',#1681,#1682,#383,.F.);
#2138=EDGE_CURVE('',#1683,#1681,#27,.F.);
#2139=EDGE_CURVE('',#1682,#1683,#28,.F.);
#2140=EDGE_CURVE('',#1684,#1685,#29,.F.);
#2141=EDGE_CURVE('',#1686,#1684,#30,.F.);
#2142=EDGE_CURVE('',#1685,#1686,#384,.F.);
#2143=EDGE_CURVE('',#1687,#1688,#31,.T.);
#2144=EDGE_CURVE('',#1688,#1686,#1114,.T.);
#2145=EDGE_CURVE('',#1684,#1687,#1115,.T.);
#2146=EDGE_CURVE('',#1689,#1690,#32,.T.);
#2147=EDGE_CURVE('',#1690,#1688,#211,.T.);
#2148=EDGE_CURVE('',#1687,#1689,#212,.T.);
#2149=EDGE_CURVE('',#1689,#1691,#1116,.T.);
#2150=EDGE_CURVE('',#1691,#1692,#33,.T.);
#2151=EDGE_CURVE('',#1692,#1690,#1117,.T.);
#2152=EDGE_CURVE('',#1693,#1694,#34,.T.);
#2153=EDGE_CURVE('',#1694,#1692,#213,.T.);
#2154=EDGE_CURVE('',#1691,#1693,#214,.T.);
#2155=EDGE_CURVE('',#1693,#1674,#1118,.T.);
#2156=EDGE_CURVE('',#1672,#1694,#1119,.T.);
#2157=EDGE_CURVE('',#1695,#1696,#35,.F.);
#2158=EDGE_CURVE('',#1697,#1695,#385,.F.);
#2159=EDGE_CURVE('',#1696,#1697,#36,.F.);
#2160=EDGE_CURVE('',#1698,#1699,#386,.T.);
#2161=EDGE_CURVE('',#1699,#1697,#1120,.T.);
#2162=EDGE_CURVE('',#1695,#1698,#1121,.T.);
#2163=EDGE_CURVE('',#1700,#1701,#387,.T.);
#2164=EDGE_CURVE('',#1701,#1702,#215,.T.);
#2165=EDGE_CURVE('',#1702,#1699,#216,.T.);
#2166=EDGE_CURVE('',#1698,#1700,#217,.T.);
#2167=EDGE_CURVE('',#1700,#1703,#1122,.T.);
#2168=EDGE_CURVE('',#1703,#1704,#388,.T.);
#2169=EDGE_CURVE('',#1704,#1701,#1123,.T.);
#2170=EDGE_CURVE('',#1705,#1706,#389,.T.);
#2171=EDGE_CURVE('',#1706,#1707,#218,.T.);
#2172=EDGE_CURVE('',#1707,#1704,#219,.T.);
#2173=EDGE_CURVE('',#1703,#1705,#220,.T.);
#2174=EDGE_CURVE('',#1705,#1685,#1124,.T.);
#2175=EDGE_CURVE('',#1686,#1706,#1125,.T.);
#2176=EDGE_CURVE('',#1708,#1709,#37,.T.);
#2177=EDGE_CURVE('',#1709,#1680,#1126,.T.);
#2178=EDGE_CURVE('',#1678,#1708,#1127,.T.);
#2179=EDGE_CURVE('',#1710,#1711,#38,.T.);
#2180=EDGE_CURVE('',#1711,#1709,#221,.T.);
#2181=EDGE_CURVE('',#1708,#1710,#222,.T.);
#2182=EDGE_CURVE('',#1710,#1712,#1128,.T.);
#2183=EDGE_CURVE('',#1712,#1713,#39,.T.);
#2184=EDGE_CURVE('',#1713,#1711,#1129,.T.);
#2185=EDGE_CURVE('',#1714,#1715,#40,.T.);
#2186=EDGE_CURVE('',#1715,#1713,#223,.T.);
#2187=EDGE_CURVE('',#1712,#1714,#224,.T.);
#2188=EDGE_CURVE('',#1714,#1696,#1130,.T.);
#2189=EDGE_CURVE('',#1697,#1715,#1131,.T.);
#2190=EDGE_CURVE('',#1681,#1695,#1132,.T.);
#2191=EDGE_CURVE('',#1696,#1683,#1133,.T.);
#2192=EDGE_CURVE('',#1675,#1684,#1134,.T.);
#2193=EDGE_CURVE('',#1685,#1677,#1135,.T.);
#2194=EDGE_CURVE('',#1670,#1682,#1136,.T.);
#2195=EDGE_CURVE('',#1683,#1669,#1137,.T.);
#2196=EDGE_CURVE('',#1682,#1676,#1138,.T.);
#2197=EDGE_CURVE('',#1677,#1681,#1139,.T.);
#2198=EDGE_CURVE('',#1716,#1717,#390,.T.);
#2199=EDGE_CURVE('',#1717,#1672,#1140,.T.);
#2200=EDGE_CURVE('',#1673,#1716,#1141,.T.);
#2201=EDGE_CURVE('',#1718,#1719,#391,.T.);
#2202=EDGE_CURVE('',#1719,#1717,#225,.T.);
#2203=EDGE_CURVE('',#1716,#1718,#226,.T.);
#2204=EDGE_CURVE('',#1718,#1720,#1142,.T.);
#2205=EDGE_CURVE('',#1720,#1721,#392,.T.);
#2206=EDGE_CURVE('',#1721,#1719,#1143,.T.);
#2207=EDGE_CURVE('',#1722,#1723,#393,.T.);
#2208=EDGE_CURVE('',#1723,#1721,#227,.T.);
#2209=EDGE_CURVE('',#1720,#1722,#228,.T.);
#2210=EDGE_CURVE('',#1722,#1679,#1144,.T.);
#2211=EDGE_CURVE('',#1680,#1723,#1145,.T.);
#2212=EDGE_CURVE('',#1669,#1678,#1146,.T.);
#2213=EDGE_CURVE('',#1679,#1671,#1147,.T.);
#2214=EDGE_CURVE('',#1676,#1667,#1148,.T.);
#2215=EDGE_CURVE('',#1668,#1675,#1149,.T.);
#2216=EDGE_CURVE('',#1666,#1673,#1150,.T.);
#2217=EDGE_CURVE('',#1674,#1668,#1151,.T.);
#2218=EDGE_CURVE('',#1667,#1670,#1152,.T.);
#2219=EDGE_CURVE('',#1671,#1666,#1153,.T.);
#2220=EDGE_CURVE('',#1694,#1717,#229,.T.);
#2221=EDGE_CURVE('',#1719,#1724,#230,.T.);
#2222=EDGE_CURVE('',#1724,#1725,#231,.T.);
#2223=EDGE_CURVE('',#1725,#1726,#232,.T.);
#2224=EDGE_CURVE('',#1726,#1725,#233,.T.);
#2225=EDGE_CURVE('',#1724,#1692,#234,.T.);
#2226=EDGE_CURVE('',#1723,#1709,#235,.T.);
#2227=EDGE_CURVE('',#1715,#1699,#236,.T.);
#2228=EDGE_CURVE('',#1727,#1721,#237,.T.);
#2229=EDGE_CURVE('',#1711,#1727,#238,.T.);
#2230=EDGE_CURVE('',#1701,#1713,#239,.T.);
#2231=EDGE_CURVE('',#1690,#1704,#240,.T.);
#2232=EDGE_CURVE('',#1706,#1688,#241,.T.);
#2233=EDGE_CURVE('',#1727,#1728,#242,.T.);
#2234=EDGE_CURVE('',#1728,#1729,#243,.T.);
#2235=EDGE_CURVE('',#1729,#1728,#244,.T.);
#2236=EDGE_CURVE('',#1702,#1730,#245,.T.);
#2237=EDGE_CURVE('',#1730,#1731,#246,.T.);
#2238=EDGE_CURVE('',#1731,#1730,#247,.T.);
#2239=EDGE_CURVE('',#1731,#1732,#1154,.T.);
#2240=EDGE_CURVE('',#1732,#1732,#41,.T.);
#2241=EDGE_CURVE('',#1729,#1733,#1155,.T.);
#2242=EDGE_CURVE('',#1733,#1733,#42,.T.);
#2243=EDGE_CURVE('',#1726,#1734,#1156,.T.);
#2244=EDGE_CURVE('',#1734,#1734,#43,.T.);
#2245=EDGE_CURVE('',#1707,#1735,#248,.T.);
#2246=EDGE_CURVE('',#1735,#1736,#249,.T.);
#2247=EDGE_CURVE('',#1736,#1735,#250,.T.);
#2248=EDGE_CURVE('',#1736,#1737,#1157,.T.);
#2249=EDGE_CURVE('',#1737,#1737,#44,.T.);
#2250=EDGE_CURVE('',#1738,#1738,#45,.T.);
#2251=EDGE_CURVE('',#1738,#1739,#1158,.T.);
#2252=EDGE_CURVE('',#1740,#1740,#46,.T.);
#2253=EDGE_CURVE('',#1740,#1738,#1159,.T.);
#2254=EDGE_CURVE('',#1741,#1741,#47,.T.);
#2255=EDGE_CURVE('',#1741,#1742,#1160,.T.);
#2256=EDGE_CURVE('',#1743,#1743,#48,.T.);
#2257=EDGE_CURVE('',#1743,#1741,#1161,.T.);
#2258=EDGE_CURVE('',#1744,#1744,#49,.T.);
#2259=EDGE_CURVE('',#1744,#1745,#1162,.T.);
#2260=EDGE_CURVE('',#1746,#1746,#50,.T.);
#2261=EDGE_CURVE('',#1746,#1744,#1163,.T.);
#2262=EDGE_CURVE('',#1747,#1747,#51,.T.);
#2263=EDGE_CURVE('',#1747,#1748,#1164,.T.);
#2264=EDGE_CURVE('',#1749,#1749,#52,.T.);
#2265=EDGE_CURVE('',#1749,#1747,#1165,.T.);
#2266=EDGE_CURVE('',#1750,#1750,#394,.T.);
#2267=EDGE_CURVE('',#1750,#1751,#1166,.T.);
#2268=EDGE_CURVE('',#1751,#1751,#395,.T.);
#2269=EDGE_CURVE('',#1752,#1752,#396,.T.);
#2270=EDGE_CURVE('',#1752,#1753,#1167,.T.);
#2271=EDGE_CURVE('',#1753,#1753,#397,.T.);
#2272=ORIENTED_EDGE('',*,*,#1754,.F.);
#2273=ORIENTED_EDGE('',*,*,#1755,.T.);
#2274=ORIENTED_EDGE('',*,*,#1756,.F.);
#2275=ORIENTED_EDGE('',*,*,#1757,.F.);
#2276=ORIENTED_EDGE('',*,*,#1758,.F.);
#2277=ORIENTED_EDGE('',*,*,#1759,.T.);
#2278=ORIENTED_EDGE('',*,*,#1760,.F.);
#2279=ORIENTED_EDGE('',*,*,#1755,.F.);
#2280=ORIENTED_EDGE('',*,*,#1761,.F.);
#2281=ORIENTED_EDGE('',*,*,#1757,.T.);
#2282=ORIENTED_EDGE('',*,*,#1762,.F.);
#2283=ORIENTED_EDGE('',*,*,#1763,.F.);
#2284=ORIENTED_EDGE('',*,*,#1764,.F.);
#2285=ORIENTED_EDGE('',*,*,#1763,.T.);
#2286=ORIENTED_EDGE('',*,*,#1765,.F.);
#2287=ORIENTED_EDGE('',*,*,#1759,.F.);
#2288=ORIENTED_EDGE('',*,*,#1766,.T.);
#2289=ORIENTED_EDGE('',*,*,#1767,.T.);
#2290=ORIENTED_EDGE('',*,*,#1768,.T.);
#2291=ORIENTED_EDGE('',*,*,#1769,.T.);
#2292=ORIENTED_EDGE('',*,*,#1765,.T.);
#2293=ORIENTED_EDGE('',*,*,#1762,.T.);
#2294=ORIENTED_EDGE('',*,*,#1756,.T.);
#2295=ORIENTED_EDGE('',*,*,#1760,.T.);
#2296=ORIENTED_EDGE('',*,*,#1770,.T.);
#2297=ORIENTED_EDGE('',*,*,#1771,.T.);
#2298=ORIENTED_EDGE('',*,*,#1769,.F.);
#2299=ORIENTED_EDGE('',*,*,#1772,.F.);
#2300=ORIENTED_EDGE('',*,*,#1773,.T.);
#2301=ORIENTED_EDGE('',*,*,#1772,.T.);
#2302=ORIENTED_EDGE('',*,*,#1768,.F.);
#2303=ORIENTED_EDGE('',*,*,#1774,.F.);
#2304=ORIENTED_EDGE('',*,*,#1775,.T.);
#2305=ORIENTED_EDGE('',*,*,#1774,.T.);
#2306=ORIENTED_EDGE('',*,*,#1767,.F.);
#2307=ORIENTED_EDGE('',*,*,#1776,.F.);
#2308=ORIENTED_EDGE('',*,*,#1777,.T.);
#2309=ORIENTED_EDGE('',*,*,#1776,.T.);
#2310=ORIENTED_EDGE('',*,*,#1766,.F.);
#2311=ORIENTED_EDGE('',*,*,#1771,.F.);
#2312=ORIENTED_EDGE('',*,*,#1758,.T.);
#2313=ORIENTED_EDGE('',*,*,#1754,.T.);
#2314=ORIENTED_EDGE('',*,*,#1761,.T.);
#2315=ORIENTED_EDGE('',*,*,#1764,.T.);
#2316=ORIENTED_EDGE('',*,*,#1777,.F.);
#2317=ORIENTED_EDGE('',*,*,#1770,.F.);
#2318=ORIENTED_EDGE('',*,*,#1773,.F.);
#2319=ORIENTED_EDGE('',*,*,#1775,.F.);
#2320=ORIENTED_EDGE('',*,*,#1778,.F.);
#2321=ORIENTED_EDGE('',*,*,#1779,.T.);
#2322=ORIENTED_EDGE('',*,*,#1780,.F.);
#2323=ORIENTED_EDGE('',*,*,#1779,.F.);
#2324=ORIENTED_EDGE('',*,*,#1781,.F.);
#2325=ORIENTED_EDGE('',*,*,#1778,.T.);
#2326=ORIENTED_EDGE('',*,*,#1782,.F.);
#2327=ORIENTED_EDGE('',*,*,#1783,.T.);
#2328=ORIENTED_EDGE('',*,*,#1781,.T.);
#2329=ORIENTED_EDGE('',*,*,#1783,.F.);
#2330=ORIENTED_EDGE('',*,*,#1784,.F.);
#2331=ORIENTED_EDGE('',*,*,#1780,.T.);
#2332=ORIENTED_EDGE('',*,*,#1785,.F.);
#2333=ORIENTED_EDGE('',*,*,#1786,.T.);
#2334=ORIENTED_EDGE('',*,*,#1784,.T.);
#2335=ORIENTED_EDGE('',*,*,#1786,.F.);
#2336=ORIENTED_EDGE('',*,*,#1787,.F.);
#2337=ORIENTED_EDGE('',*,*,#1788,.T.);
#2338=ORIENTED_EDGE('',*,*,#1785,.T.);
#2339=ORIENTED_EDGE('',*,*,#1788,.F.);
#2340=ORIENTED_EDGE('',*,*,#1789,.F.);
#2341=ORIENTED_EDGE('',*,*,#1790,.T.);
#2342=ORIENTED_EDGE('',*,*,#1787,.T.);
#2343=ORIENTED_EDGE('',*,*,#1790,.F.);
#2344=ORIENTED_EDGE('',*,*,#1789,.T.);
#2345=ORIENTED_EDGE('',*,*,#1782,.T.);
#2346=ORIENTED_EDGE('',*,*,#1791,.F.);
#2347=ORIENTED_EDGE('',*,*,#1792,.T.);
#2348=ORIENTED_EDGE('',*,*,#1793,.F.);
#2349=ORIENTED_EDGE('',*,*,#1792,.F.);
#2350=ORIENTED_EDGE('',*,*,#1794,.F.);
#2351=ORIENTED_EDGE('',*,*,#1791,.T.);
#2352=ORIENTED_EDGE('',*,*,#1795,.F.);
#2353=ORIENTED_EDGE('',*,*,#1796,.T.);
#2354=ORIENTED_EDGE('',*,*,#1794,.T.);
#2355=ORIENTED_EDGE('',*,*,#1796,.F.);
#2356=ORIENTED_EDGE('',*,*,#1797,.F.);
#2357=ORIENTED_EDGE('',*,*,#1793,.T.);
#2358=ORIENTED_EDGE('',*,*,#1798,.F.);
#2359=ORIENTED_EDGE('',*,*,#1799,.T.);
#2360=ORIENTED_EDGE('',*,*,#1797,.T.);
#2361=ORIENTED_EDGE('',*,*,#1799,.F.);
#2362=ORIENTED_EDGE('',*,*,#1800,.F.);
#2363=ORIENTED_EDGE('',*,*,#1801,.T.);
#2364=ORIENTED_EDGE('',*,*,#1798,.T.);
#2365=ORIENTED_EDGE('',*,*,#1801,.F.);
#2366=ORIENTED_EDGE('',*,*,#1802,.F.);
#2367=ORIENTED_EDGE('',*,*,#1803,.T.);
#2368=ORIENTED_EDGE('',*,*,#1800,.T.);
#2369=ORIENTED_EDGE('',*,*,#1803,.F.);
#2370=ORIENTED_EDGE('',*,*,#1802,.T.);
#2371=ORIENTED_EDGE('',*,*,#1795,.T.);
#2372=ORIENTED_EDGE('',*,*,#1804,.F.);
#2373=ORIENTED_EDGE('',*,*,#1805,.T.);
#2374=ORIENTED_EDGE('',*,*,#1806,.F.);
#2375=ORIENTED_EDGE('',*,*,#1805,.F.);
#2376=ORIENTED_EDGE('',*,*,#1807,.F.);
#2377=ORIENTED_EDGE('',*,*,#1804,.T.);
#2378=ORIENTED_EDGE('',*,*,#1808,.F.);
#2379=ORIENTED_EDGE('',*,*,#1809,.T.);
#2380=ORIENTED_EDGE('',*,*,#1807,.T.);
#2381=ORIENTED_EDGE('',*,*,#1809,.F.);
#2382=ORIENTED_EDGE('',*,*,#1810,.F.);
#2383=ORIENTED_EDGE('',*,*,#1806,.T.);
#2384=ORIENTED_EDGE('',*,*,#1811,.F.);
#2385=ORIENTED_EDGE('',*,*,#1812,.T.);
#2386=ORIENTED_EDGE('',*,*,#1810,.T.);
#2387=ORIENTED_EDGE('',*,*,#1812,.F.);
#2388=ORIENTED_EDGE('',*,*,#1813,.F.);
#2389=ORIENTED_EDGE('',*,*,#1814,.T.);
#2390=ORIENTED_EDGE('',*,*,#1811,.T.);
#2391=ORIENTED_EDGE('',*,*,#1814,.F.);
#2392=ORIENTED_EDGE('',*,*,#1815,.F.);
#2393=ORIENTED_EDGE('',*,*,#1816,.T.);
#2394=ORIENTED_EDGE('',*,*,#1813,.T.);
#2395=ORIENTED_EDGE('',*,*,#1816,.F.);
#2396=ORIENTED_EDGE('',*,*,#1815,.T.);
#2397=ORIENTED_EDGE('',*,*,#1808,.T.);
#2398=ORIENTED_EDGE('',*,*,#1817,.F.);
#2399=ORIENTED_EDGE('',*,*,#1818,.T.);
#2400=ORIENTED_EDGE('',*,*,#1819,.F.);
#2401=ORIENTED_EDGE('',*,*,#1820,.F.);
#2402=ORIENTED_EDGE('',*,*,#1818,.F.);
#2403=ORIENTED_EDGE('',*,*,#1821,.F.);
#2404=ORIENTED_EDGE('',*,*,#1822,.F.);
#2405=ORIENTED_EDGE('',*,*,#1823,.T.);
#2406=ORIENTED_EDGE('',*,*,#1824,.T.);
#2407=ORIENTED_EDGE('',*,*,#1823,.F.);
#2408=ORIENTED_EDGE('',*,*,#1824,.F.);
#2409=ORIENTED_EDGE('',*,*,#1825,.F.);
#2410=ORIENTED_EDGE('',*,*,#1826,.F.);
#2411=ORIENTED_EDGE('',*,*,#1827,.T.);
#2412=ORIENTED_EDGE('',*,*,#1821,.T.);
#2413=ORIENTED_EDGE('',*,*,#1817,.T.);
#2414=ORIENTED_EDGE('',*,*,#1827,.F.);
#2415=ORIENTED_EDGE('',*,*,#1828,.F.);
#2416=ORIENTED_EDGE('',*,*,#1829,.T.);
#2417=ORIENTED_EDGE('',*,*,#1830,.F.);
#2418=ORIENTED_EDGE('',*,*,#1829,.F.);
#2419=ORIENTED_EDGE('',*,*,#1820,.T.);
#2420=ORIENTED_EDGE('',*,*,#1831,.T.);
#2421=ORIENTED_EDGE('',*,*,#1828,.T.);
#2422=ORIENTED_EDGE('',*,*,#1831,.F.);
#2423=ORIENTED_EDGE('',*,*,#1819,.T.);
#2424=ORIENTED_EDGE('',*,*,#1832,.F.);
#2425=ORIENTED_EDGE('',*,*,#1833,.T.);
#2426=ORIENTED_EDGE('',*,*,#1834,.F.);
#2427=ORIENTED_EDGE('',*,*,#1833,.F.);
#2428=ORIENTED_EDGE('',*,*,#1835,.F.);
#2429=ORIENTED_EDGE('',*,*,#1832,.T.);
#2430=ORIENTED_EDGE('',*,*,#1825,.T.);
#2431=ORIENTED_EDGE('',*,*,#1836,.T.);
#2432=ORIENTED_EDGE('',*,*,#1835,.T.);
#2433=ORIENTED_EDGE('',*,*,#1836,.F.);
#2434=ORIENTED_EDGE('',*,*,#1826,.T.);
#2435=ORIENTED_EDGE('',*,*,#1834,.T.);
#2436=ORIENTED_EDGE('',*,*,#1830,.T.);
#2437=ORIENTED_EDGE('',*,*,#1822,.T.);
#2438=ORIENTED_EDGE('',*,*,#1837,.F.);
#2439=ORIENTED_EDGE('',*,*,#1838,.T.);
#2440=ORIENTED_EDGE('',*,*,#1839,.T.);
#2441=ORIENTED_EDGE('',*,*,#1840,.F.);
#2442=ORIENTED_EDGE('',*,*,#1841,.F.);
#2443=ORIENTED_EDGE('',*,*,#1842,.T.);
#2444=ORIENTED_EDGE('',*,*,#1843,.T.);
#2445=ORIENTED_EDGE('',*,*,#1838,.F.);
#2446=ORIENTED_EDGE('',*,*,#1844,.F.);
#2447=ORIENTED_EDGE('',*,*,#1845,.T.);
#2448=ORIENTED_EDGE('',*,*,#1846,.T.);
#2449=ORIENTED_EDGE('',*,*,#1842,.F.);
#2450=ORIENTED_EDGE('',*,*,#1847,.F.);
#2451=ORIENTED_EDGE('',*,*,#1848,.T.);
#2452=ORIENTED_EDGE('',*,*,#1849,.T.);
#2453=ORIENTED_EDGE('',*,*,#1845,.F.);
#2454=ORIENTED_EDGE('',*,*,#1850,.F.);
#2455=ORIENTED_EDGE('',*,*,#1851,.T.);
#2456=ORIENTED_EDGE('',*,*,#1852,.T.);
#2457=ORIENTED_EDGE('',*,*,#1848,.F.);
#2458=ORIENTED_EDGE('',*,*,#1853,.F.);
#2459=ORIENTED_EDGE('',*,*,#1854,.T.);
#2460=ORIENTED_EDGE('',*,*,#1855,.T.);
#2461=ORIENTED_EDGE('',*,*,#1851,.F.);
#2462=ORIENTED_EDGE('',*,*,#1856,.F.);
#2463=ORIENTED_EDGE('',*,*,#1857,.T.);
#2464=ORIENTED_EDGE('',*,*,#1858,.T.);
#2465=ORIENTED_EDGE('',*,*,#1854,.F.);
#2466=ORIENTED_EDGE('',*,*,#1859,.F.);
#2467=ORIENTED_EDGE('',*,*,#1860,.T.);
#2468=ORIENTED_EDGE('',*,*,#1861,.T.);
#2469=ORIENTED_EDGE('',*,*,#1857,.F.);
#2470=ORIENTED_EDGE('',*,*,#1862,.F.);
#2471=ORIENTED_EDGE('',*,*,#1840,.T.);
#2472=ORIENTED_EDGE('',*,*,#1863,.T.);
#2473=ORIENTED_EDGE('',*,*,#1860,.F.);
#2474=ORIENTED_EDGE('',*,*,#1863,.F.);
#2475=ORIENTED_EDGE('',*,*,#1839,.F.);
#2476=ORIENTED_EDGE('',*,*,#1843,.F.);
#2477=ORIENTED_EDGE('',*,*,#1846,.F.);
#2478=ORIENTED_EDGE('',*,*,#1849,.F.);
#2479=ORIENTED_EDGE('',*,*,#1852,.F.);
#2480=ORIENTED_EDGE('',*,*,#1855,.F.);
#2481=ORIENTED_EDGE('',*,*,#1858,.F.);
#2482=ORIENTED_EDGE('',*,*,#1861,.F.);
#2483=ORIENTED_EDGE('',*,*,#1864,.F.);
#2484=ORIENTED_EDGE('',*,*,#1865,.T.);
#2485=ORIENTED_EDGE('',*,*,#1866,.T.);
#2486=ORIENTED_EDGE('',*,*,#1867,.F.);
#2487=ORIENTED_EDGE('',*,*,#1868,.F.);
#2488=ORIENTED_EDGE('',*,*,#1869,.T.);
#2489=ORIENTED_EDGE('',*,*,#1870,.T.);
#2490=ORIENTED_EDGE('',*,*,#1865,.F.);
#2491=ORIENTED_EDGE('',*,*,#1871,.F.);
#2492=ORIENTED_EDGE('',*,*,#1872,.T.);
#2493=ORIENTED_EDGE('',*,*,#1873,.T.);
#2494=ORIENTED_EDGE('',*,*,#1869,.F.);
#2495=ORIENTED_EDGE('',*,*,#1874,.F.);
#2496=ORIENTED_EDGE('',*,*,#1875,.T.);
#2497=ORIENTED_EDGE('',*,*,#1876,.T.);
#2498=ORIENTED_EDGE('',*,*,#1872,.F.);
#2499=ORIENTED_EDGE('',*,*,#1877,.F.);
#2500=ORIENTED_EDGE('',*,*,#1878,.T.);
#2501=ORIENTED_EDGE('',*,*,#1879,.T.);
#2502=ORIENTED_EDGE('',*,*,#1875,.F.);
#2503=ORIENTED_EDGE('',*,*,#1880,.F.);
#2504=ORIENTED_EDGE('',*,*,#1881,.T.);
#2505=ORIENTED_EDGE('',*,*,#1882,.T.);
#2506=ORIENTED_EDGE('',*,*,#1878,.F.);
#2507=ORIENTED_EDGE('',*,*,#1883,.F.);
#2508=ORIENTED_EDGE('',*,*,#1884,.T.);
#2509=ORIENTED_EDGE('',*,*,#1885,.T.);
#2510=ORIENTED_EDGE('',*,*,#1881,.F.);
#2511=ORIENTED_EDGE('',*,*,#1886,.F.);
#2512=ORIENTED_EDGE('',*,*,#1887,.T.);
#2513=ORIENTED_EDGE('',*,*,#1888,.T.);
#2514=ORIENTED_EDGE('',*,*,#1884,.F.);
#2515=ORIENTED_EDGE('',*,*,#1889,.F.);
#2516=ORIENTED_EDGE('',*,*,#1890,.T.);
#2517=ORIENTED_EDGE('',*,*,#1891,.T.);
#2518=ORIENTED_EDGE('',*,*,#1887,.F.);
#2519=ORIENTED_EDGE('',*,*,#1892,.F.);
#2520=ORIENTED_EDGE('',*,*,#1893,.T.);
#2521=ORIENTED_EDGE('',*,*,#1894,.T.);
#2522=ORIENTED_EDGE('',*,*,#1890,.F.);
#2523=ORIENTED_EDGE('',*,*,#1895,.F.);
#2524=ORIENTED_EDGE('',*,*,#1896,.T.);
#2525=ORIENTED_EDGE('',*,*,#1897,.T.);
#2526=ORIENTED_EDGE('',*,*,#1893,.F.);
#2527=ORIENTED_EDGE('',*,*,#1898,.F.);
#2528=ORIENTED_EDGE('',*,*,#1899,.T.);
#2529=ORIENTED_EDGE('',*,*,#1900,.T.);
#2530=ORIENTED_EDGE('',*,*,#1896,.F.);
#2531=ORIENTED_EDGE('',*,*,#1901,.F.);
#2532=ORIENTED_EDGE('',*,*,#1902,.T.);
#2533=ORIENTED_EDGE('',*,*,#1903,.T.);
#2534=ORIENTED_EDGE('',*,*,#1899,.F.);
#2535=ORIENTED_EDGE('',*,*,#1904,.F.);
#2536=ORIENTED_EDGE('',*,*,#1905,.T.);
#2537=ORIENTED_EDGE('',*,*,#1906,.T.);
#2538=ORIENTED_EDGE('',*,*,#1902,.F.);
#2539=ORIENTED_EDGE('',*,*,#1907,.F.);
#2540=ORIENTED_EDGE('',*,*,#1908,.T.);
#2541=ORIENTED_EDGE('',*,*,#1909,.T.);
#2542=ORIENTED_EDGE('',*,*,#1905,.F.);
#2543=ORIENTED_EDGE('',*,*,#1910,.F.);
#2544=ORIENTED_EDGE('',*,*,#1911,.T.);
#2545=ORIENTED_EDGE('',*,*,#1912,.T.);
#2546=ORIENTED_EDGE('',*,*,#1908,.F.);
#2547=ORIENTED_EDGE('',*,*,#1913,.F.);
#2548=ORIENTED_EDGE('',*,*,#1914,.T.);
#2549=ORIENTED_EDGE('',*,*,#1915,.T.);
#2550=ORIENTED_EDGE('',*,*,#1911,.F.);
#2551=ORIENTED_EDGE('',*,*,#1916,.F.);
#2552=ORIENTED_EDGE('',*,*,#1917,.T.);
#2553=ORIENTED_EDGE('',*,*,#1918,.T.);
#2554=ORIENTED_EDGE('',*,*,#1914,.F.);
#2555=ORIENTED_EDGE('',*,*,#1919,.F.);
#2556=ORIENTED_EDGE('',*,*,#1920,.T.);
#2557=ORIENTED_EDGE('',*,*,#1921,.T.);
#2558=ORIENTED_EDGE('',*,*,#1917,.F.);
#2559=ORIENTED_EDGE('',*,*,#1922,.F.);
#2560=ORIENTED_EDGE('',*,*,#1923,.T.);
#2561=ORIENTED_EDGE('',*,*,#1924,.T.);
#2562=ORIENTED_EDGE('',*,*,#1920,.F.);
#2563=ORIENTED_EDGE('',*,*,#1925,.F.);
#2564=ORIENTED_EDGE('',*,*,#1926,.T.);
#2565=ORIENTED_EDGE('',*,*,#1927,.T.);
#2566=ORIENTED_EDGE('',*,*,#1923,.F.);
#2567=ORIENTED_EDGE('',*,*,#1928,.F.);
#2568=ORIENTED_EDGE('',*,*,#1929,.T.);
#2569=ORIENTED_EDGE('',*,*,#1930,.T.);
#2570=ORIENTED_EDGE('',*,*,#1926,.F.);
#2571=ORIENTED_EDGE('',*,*,#1931,.F.);
#2572=ORIENTED_EDGE('',*,*,#1932,.T.);
#2573=ORIENTED_EDGE('',*,*,#1933,.T.);
#2574=ORIENTED_EDGE('',*,*,#1929,.F.);
#2575=ORIENTED_EDGE('',*,*,#1934,.F.);
#2576=ORIENTED_EDGE('',*,*,#1935,.T.);
#2577=ORIENTED_EDGE('',*,*,#1936,.T.);
#2578=ORIENTED_EDGE('',*,*,#1932,.F.);
#2579=ORIENTED_EDGE('',*,*,#1937,.F.);
#2580=ORIENTED_EDGE('',*,*,#1938,.T.);
#2581=ORIENTED_EDGE('',*,*,#1939,.T.);
#2582=ORIENTED_EDGE('',*,*,#1935,.F.);
#2583=ORIENTED_EDGE('',*,*,#1940,.F.);
#2584=ORIENTED_EDGE('',*,*,#1941,.T.);
#2585=ORIENTED_EDGE('',*,*,#1942,.T.);
#2586=ORIENTED_EDGE('',*,*,#1938,.F.);
#2587=ORIENTED_EDGE('',*,*,#1943,.F.);
#2588=ORIENTED_EDGE('',*,*,#1944,.T.);
#2589=ORIENTED_EDGE('',*,*,#1945,.T.);
#2590=ORIENTED_EDGE('',*,*,#1941,.F.);
#2591=ORIENTED_EDGE('',*,*,#1946,.F.);
#2592=ORIENTED_EDGE('',*,*,#1867,.T.);
#2593=ORIENTED_EDGE('',*,*,#1947,.T.);
#2594=ORIENTED_EDGE('',*,*,#1944,.F.);
#2595=ORIENTED_EDGE('',*,*,#1947,.F.);
#2596=ORIENTED_EDGE('',*,*,#1866,.F.);
#2597=ORIENTED_EDGE('',*,*,#1870,.F.);
#2598=ORIENTED_EDGE('',*,*,#1873,.F.);
#2599=ORIENTED_EDGE('',*,*,#1876,.F.);
#2600=ORIENTED_EDGE('',*,*,#1879,.F.);
#2601=ORIENTED_EDGE('',*,*,#1882,.F.);
#2602=ORIENTED_EDGE('',*,*,#1885,.F.);
#2603=ORIENTED_EDGE('',*,*,#1888,.F.);
#2604=ORIENTED_EDGE('',*,*,#1891,.F.);
#2605=ORIENTED_EDGE('',*,*,#1894,.F.);
#2606=ORIENTED_EDGE('',*,*,#1897,.F.);
#2607=ORIENTED_EDGE('',*,*,#1900,.F.);
#2608=ORIENTED_EDGE('',*,*,#1903,.F.);
#2609=ORIENTED_EDGE('',*,*,#1906,.F.);
#2610=ORIENTED_EDGE('',*,*,#1909,.F.);
#2611=ORIENTED_EDGE('',*,*,#1912,.F.);
#2612=ORIENTED_EDGE('',*,*,#1915,.F.);
#2613=ORIENTED_EDGE('',*,*,#1918,.F.);
#2614=ORIENTED_EDGE('',*,*,#1921,.F.);
#2615=ORIENTED_EDGE('',*,*,#1924,.F.);
#2616=ORIENTED_EDGE('',*,*,#1927,.F.);
#2617=ORIENTED_EDGE('',*,*,#1930,.F.);
#2618=ORIENTED_EDGE('',*,*,#1933,.F.);
#2619=ORIENTED_EDGE('',*,*,#1936,.F.);
#2620=ORIENTED_EDGE('',*,*,#1939,.F.);
#2621=ORIENTED_EDGE('',*,*,#1942,.F.);
#2622=ORIENTED_EDGE('',*,*,#1945,.F.);
#2623=ORIENTED_EDGE('',*,*,#1948,.F.);
#2624=ORIENTED_EDGE('',*,*,#1949,.T.);
#2625=ORIENTED_EDGE('',*,*,#1950,.T.);
#2626=ORIENTED_EDGE('',*,*,#1951,.F.);
#2627=ORIENTED_EDGE('',*,*,#1952,.F.);
#2628=ORIENTED_EDGE('',*,*,#1953,.T.);
#2629=ORIENTED_EDGE('',*,*,#1954,.T.);
#2630=ORIENTED_EDGE('',*,*,#1949,.F.);
#2631=ORIENTED_EDGE('',*,*,#1955,.F.);
#2632=ORIENTED_EDGE('',*,*,#1956,.T.);
#2633=ORIENTED_EDGE('',*,*,#1957,.T.);
#2634=ORIENTED_EDGE('',*,*,#1953,.F.);
#2635=ORIENTED_EDGE('',*,*,#1958,.F.);
#2636=ORIENTED_EDGE('',*,*,#1959,.T.);
#2637=ORIENTED_EDGE('',*,*,#1960,.T.);
#2638=ORIENTED_EDGE('',*,*,#1956,.F.);
#2639=ORIENTED_EDGE('',*,*,#1961,.F.);
#2640=ORIENTED_EDGE('',*,*,#1962,.T.);
#2641=ORIENTED_EDGE('',*,*,#1963,.T.);
#2642=ORIENTED_EDGE('',*,*,#1959,.F.);
#2643=ORIENTED_EDGE('',*,*,#1964,.F.);
#2644=ORIENTED_EDGE('',*,*,#1965,.T.);
#2645=ORIENTED_EDGE('',*,*,#1966,.T.);
#2646=ORIENTED_EDGE('',*,*,#1962,.F.);
#2647=ORIENTED_EDGE('',*,*,#1967,.F.);
#2648=ORIENTED_EDGE('',*,*,#1968,.T.);
#2649=ORIENTED_EDGE('',*,*,#1969,.T.);
#2650=ORIENTED_EDGE('',*,*,#1965,.F.);
#2651=ORIENTED_EDGE('',*,*,#1970,.F.);
#2652=ORIENTED_EDGE('',*,*,#1971,.T.);
#2653=ORIENTED_EDGE('',*,*,#1972,.T.);
#2654=ORIENTED_EDGE('',*,*,#1968,.F.);
#2655=ORIENTED_EDGE('',*,*,#1973,.F.);
#2656=ORIENTED_EDGE('',*,*,#1974,.T.);
#2657=ORIENTED_EDGE('',*,*,#1975,.T.);
#2658=ORIENTED_EDGE('',*,*,#1971,.F.);
#2659=ORIENTED_EDGE('',*,*,#1976,.F.);
#2660=ORIENTED_EDGE('',*,*,#1977,.T.);
#2661=ORIENTED_EDGE('',*,*,#1978,.T.);
#2662=ORIENTED_EDGE('',*,*,#1974,.F.);
#2663=ORIENTED_EDGE('',*,*,#1979,.F.);
#2664=ORIENTED_EDGE('',*,*,#1980,.T.);
#2665=ORIENTED_EDGE('',*,*,#1981,.T.);
#2666=ORIENTED_EDGE('',*,*,#1977,.F.);
#2667=ORIENTED_EDGE('',*,*,#1982,.F.);
#2668=ORIENTED_EDGE('',*,*,#1983,.T.);
#2669=ORIENTED_EDGE('',*,*,#1984,.T.);
#2670=ORIENTED_EDGE('',*,*,#1980,.F.);
#2671=ORIENTED_EDGE('',*,*,#1985,.F.);
#2672=ORIENTED_EDGE('',*,*,#1986,.T.);
#2673=ORIENTED_EDGE('',*,*,#1987,.T.);
#2674=ORIENTED_EDGE('',*,*,#1983,.F.);
#2675=ORIENTED_EDGE('',*,*,#1988,.F.);
#2676=ORIENTED_EDGE('',*,*,#1989,.T.);
#2677=ORIENTED_EDGE('',*,*,#1990,.T.);
#2678=ORIENTED_EDGE('',*,*,#1986,.F.);
#2679=ORIENTED_EDGE('',*,*,#1991,.F.);
#2680=ORIENTED_EDGE('',*,*,#1992,.T.);
#2681=ORIENTED_EDGE('',*,*,#1993,.T.);
#2682=ORIENTED_EDGE('',*,*,#1989,.F.);
#2683=ORIENTED_EDGE('',*,*,#1994,.F.);
#2684=ORIENTED_EDGE('',*,*,#1995,.T.);
#2685=ORIENTED_EDGE('',*,*,#1996,.T.);
#2686=ORIENTED_EDGE('',*,*,#1992,.F.);
#2687=ORIENTED_EDGE('',*,*,#1997,.F.);
#2688=ORIENTED_EDGE('',*,*,#1998,.T.);
#2689=ORIENTED_EDGE('',*,*,#1999,.T.);
#2690=ORIENTED_EDGE('',*,*,#1995,.F.);
#2691=ORIENTED_EDGE('',*,*,#2000,.F.);
#2692=ORIENTED_EDGE('',*,*,#2001,.T.);
#2693=ORIENTED_EDGE('',*,*,#2002,.T.);
#2694=ORIENTED_EDGE('',*,*,#1998,.F.);
#2695=ORIENTED_EDGE('',*,*,#2003,.F.);
#2696=ORIENTED_EDGE('',*,*,#2004,.T.);
#2697=ORIENTED_EDGE('',*,*,#2005,.T.);
#2698=ORIENTED_EDGE('',*,*,#2001,.F.);
#2699=ORIENTED_EDGE('',*,*,#2006,.F.);
#2700=ORIENTED_EDGE('',*,*,#2007,.T.);
#2701=ORIENTED_EDGE('',*,*,#2008,.T.);
#2702=ORIENTED_EDGE('',*,*,#2004,.F.);
#2703=ORIENTED_EDGE('',*,*,#2009,.F.);
#2704=ORIENTED_EDGE('',*,*,#2010,.T.);
#2705=ORIENTED_EDGE('',*,*,#2011,.T.);
#2706=ORIENTED_EDGE('',*,*,#2007,.F.);
#2707=ORIENTED_EDGE('',*,*,#2012,.F.);
#2708=ORIENTED_EDGE('',*,*,#2013,.T.);
#2709=ORIENTED_EDGE('',*,*,#2014,.T.);
#2710=ORIENTED_EDGE('',*,*,#2010,.F.);
#2711=ORIENTED_EDGE('',*,*,#2015,.F.);
#2712=ORIENTED_EDGE('',*,*,#2016,.T.);
#2713=ORIENTED_EDGE('',*,*,#2017,.T.);
#2714=ORIENTED_EDGE('',*,*,#2013,.F.);
#2715=ORIENTED_EDGE('',*,*,#2018,.F.);
#2716=ORIENTED_EDGE('',*,*,#2019,.T.);
#2717=ORIENTED_EDGE('',*,*,#2020,.T.);
#2718=ORIENTED_EDGE('',*,*,#2016,.F.);
#2719=ORIENTED_EDGE('',*,*,#2021,.F.);
#2720=ORIENTED_EDGE('',*,*,#2022,.T.);
#2721=ORIENTED_EDGE('',*,*,#2023,.T.);
#2722=ORIENTED_EDGE('',*,*,#2019,.F.);
#2723=ORIENTED_EDGE('',*,*,#2024,.F.);
#2724=ORIENTED_EDGE('',*,*,#2025,.T.);
#2725=ORIENTED_EDGE('',*,*,#2026,.T.);
#2726=ORIENTED_EDGE('',*,*,#2022,.F.);
#2727=ORIENTED_EDGE('',*,*,#2027,.F.);
#2728=ORIENTED_EDGE('',*,*,#2028,.T.);
#2729=ORIENTED_EDGE('',*,*,#2029,.T.);
#2730=ORIENTED_EDGE('',*,*,#2025,.F.);
#2731=ORIENTED_EDGE('',*,*,#2030,.F.);
#2732=ORIENTED_EDGE('',*,*,#1951,.T.);
#2733=ORIENTED_EDGE('',*,*,#2031,.T.);
#2734=ORIENTED_EDGE('',*,*,#2028,.F.);
#2735=ORIENTED_EDGE('',*,*,#2031,.F.);
#2736=ORIENTED_EDGE('',*,*,#1950,.F.);
#2737=ORIENTED_EDGE('',*,*,#1954,.F.);
#2738=ORIENTED_EDGE('',*,*,#1957,.F.);
#2739=ORIENTED_EDGE('',*,*,#1960,.F.);
#2740=ORIENTED_EDGE('',*,*,#1963,.F.);
#2741=ORIENTED_EDGE('',*,*,#1966,.F.);
#2742=ORIENTED_EDGE('',*,*,#1969,.F.);
#2743=ORIENTED_EDGE('',*,*,#1972,.F.);
#2744=ORIENTED_EDGE('',*,*,#1975,.F.);
#2745=ORIENTED_EDGE('',*,*,#1978,.F.);
#2746=ORIENTED_EDGE('',*,*,#1981,.F.);
#2747=ORIENTED_EDGE('',*,*,#1984,.F.);
#2748=ORIENTED_EDGE('',*,*,#1987,.F.);
#2749=ORIENTED_EDGE('',*,*,#1990,.F.);
#2750=ORIENTED_EDGE('',*,*,#1993,.F.);
#2751=ORIENTED_EDGE('',*,*,#1996,.F.);
#2752=ORIENTED_EDGE('',*,*,#1999,.F.);
#2753=ORIENTED_EDGE('',*,*,#2002,.F.);
#2754=ORIENTED_EDGE('',*,*,#2005,.F.);
#2755=ORIENTED_EDGE('',*,*,#2008,.F.);
#2756=ORIENTED_EDGE('',*,*,#2011,.F.);
#2757=ORIENTED_EDGE('',*,*,#2014,.F.);
#2758=ORIENTED_EDGE('',*,*,#2017,.F.);
#2759=ORIENTED_EDGE('',*,*,#2020,.F.);
#2760=ORIENTED_EDGE('',*,*,#2023,.F.);
#2761=ORIENTED_EDGE('',*,*,#2026,.F.);
#2762=ORIENTED_EDGE('',*,*,#2029,.F.);
#2763=ORIENTED_EDGE('',*,*,#2032,.F.);
#2764=ORIENTED_EDGE('',*,*,#2033,.T.);
#2765=ORIENTED_EDGE('',*,*,#2034,.T.);
#2766=ORIENTED_EDGE('',*,*,#2035,.F.);
#2767=ORIENTED_EDGE('',*,*,#2036,.F.);
#2768=ORIENTED_EDGE('',*,*,#2037,.T.);
#2769=ORIENTED_EDGE('',*,*,#2038,.T.);
#2770=ORIENTED_EDGE('',*,*,#2033,.F.);
#2771=ORIENTED_EDGE('',*,*,#2039,.F.);
#2772=ORIENTED_EDGE('',*,*,#2040,.T.);
#2773=ORIENTED_EDGE('',*,*,#2041,.T.);
#2774=ORIENTED_EDGE('',*,*,#2037,.F.);
#2775=ORIENTED_EDGE('',*,*,#2042,.F.);
#2776=ORIENTED_EDGE('',*,*,#2043,.T.);
#2777=ORIENTED_EDGE('',*,*,#2044,.T.);
#2778=ORIENTED_EDGE('',*,*,#2040,.F.);
#2779=ORIENTED_EDGE('',*,*,#2045,.F.);
#2780=ORIENTED_EDGE('',*,*,#2046,.T.);
#2781=ORIENTED_EDGE('',*,*,#2047,.T.);
#2782=ORIENTED_EDGE('',*,*,#2043,.F.);
#2783=ORIENTED_EDGE('',*,*,#2048,.F.);
#2784=ORIENTED_EDGE('',*,*,#2049,.T.);
#2785=ORIENTED_EDGE('',*,*,#2050,.T.);
#2786=ORIENTED_EDGE('',*,*,#2046,.F.);
#2787=ORIENTED_EDGE('',*,*,#2051,.F.);
#2788=ORIENTED_EDGE('',*,*,#2052,.T.);
#2789=ORIENTED_EDGE('',*,*,#2053,.T.);
#2790=ORIENTED_EDGE('',*,*,#2049,.F.);
#2791=ORIENTED_EDGE('',*,*,#2054,.F.);
#2792=ORIENTED_EDGE('',*,*,#2055,.T.);
#2793=ORIENTED_EDGE('',*,*,#2056,.T.);
#2794=ORIENTED_EDGE('',*,*,#2052,.F.);
#2795=ORIENTED_EDGE('',*,*,#2057,.F.);
#2796=ORIENTED_EDGE('',*,*,#2058,.T.);
#2797=ORIENTED_EDGE('',*,*,#2059,.T.);
#2798=ORIENTED_EDGE('',*,*,#2055,.F.);
#2799=ORIENTED_EDGE('',*,*,#2060,.F.);
#2800=ORIENTED_EDGE('',*,*,#2061,.T.);
#2801=ORIENTED_EDGE('',*,*,#2062,.T.);
#2802=ORIENTED_EDGE('',*,*,#2058,.F.);
#2803=ORIENTED_EDGE('',*,*,#2063,.F.);
#2804=ORIENTED_EDGE('',*,*,#2064,.T.);
#2805=ORIENTED_EDGE('',*,*,#2065,.T.);
#2806=ORIENTED_EDGE('',*,*,#2061,.F.);
#2807=ORIENTED_EDGE('',*,*,#2066,.F.);
#2808=ORIENTED_EDGE('',*,*,#2067,.T.);
#2809=ORIENTED_EDGE('',*,*,#2068,.T.);
#2810=ORIENTED_EDGE('',*,*,#2064,.F.);
#2811=ORIENTED_EDGE('',*,*,#2069,.F.);
#2812=ORIENTED_EDGE('',*,*,#2070,.T.);
#2813=ORIENTED_EDGE('',*,*,#2071,.T.);
#2814=ORIENTED_EDGE('',*,*,#2067,.F.);
#2815=ORIENTED_EDGE('',*,*,#2072,.F.);
#2816=ORIENTED_EDGE('',*,*,#2073,.T.);
#2817=ORIENTED_EDGE('',*,*,#2074,.T.);
#2818=ORIENTED_EDGE('',*,*,#2070,.F.);
#2819=ORIENTED_EDGE('',*,*,#2075,.F.);
#2820=ORIENTED_EDGE('',*,*,#2076,.T.);
#2821=ORIENTED_EDGE('',*,*,#2077,.T.);
#2822=ORIENTED_EDGE('',*,*,#2073,.F.);
#2823=ORIENTED_EDGE('',*,*,#2078,.F.);
#2824=ORIENTED_EDGE('',*,*,#2079,.T.);
#2825=ORIENTED_EDGE('',*,*,#2080,.T.);
#2826=ORIENTED_EDGE('',*,*,#2076,.F.);
#2827=ORIENTED_EDGE('',*,*,#2081,.F.);
#2828=ORIENTED_EDGE('',*,*,#2082,.T.);
#2829=ORIENTED_EDGE('',*,*,#2083,.T.);
#2830=ORIENTED_EDGE('',*,*,#2079,.F.);
#2831=ORIENTED_EDGE('',*,*,#2084,.F.);
#2832=ORIENTED_EDGE('',*,*,#2085,.T.);
#2833=ORIENTED_EDGE('',*,*,#2086,.T.);
#2834=ORIENTED_EDGE('',*,*,#2082,.F.);
#2835=ORIENTED_EDGE('',*,*,#2087,.F.);
#2836=ORIENTED_EDGE('',*,*,#2088,.T.);
#2837=ORIENTED_EDGE('',*,*,#2089,.T.);
#2838=ORIENTED_EDGE('',*,*,#2085,.F.);
#2839=ORIENTED_EDGE('',*,*,#2090,.F.);
#2840=ORIENTED_EDGE('',*,*,#2091,.T.);
#2841=ORIENTED_EDGE('',*,*,#2092,.T.);
#2842=ORIENTED_EDGE('',*,*,#2088,.F.);
#2843=ORIENTED_EDGE('',*,*,#2093,.F.);
#2844=ORIENTED_EDGE('',*,*,#2094,.T.);
#2845=ORIENTED_EDGE('',*,*,#2095,.T.);
#2846=ORIENTED_EDGE('',*,*,#2091,.F.);
#2847=ORIENTED_EDGE('',*,*,#2096,.F.);
#2848=ORIENTED_EDGE('',*,*,#2097,.T.);
#2849=ORIENTED_EDGE('',*,*,#2098,.T.);
#2850=ORIENTED_EDGE('',*,*,#2094,.F.);
#2851=ORIENTED_EDGE('',*,*,#2099,.F.);
#2852=ORIENTED_EDGE('',*,*,#2100,.T.);
#2853=ORIENTED_EDGE('',*,*,#2101,.T.);
#2854=ORIENTED_EDGE('',*,*,#2097,.F.);
#2855=ORIENTED_EDGE('',*,*,#2102,.F.);
#2856=ORIENTED_EDGE('',*,*,#2103,.T.);
#2857=ORIENTED_EDGE('',*,*,#2104,.T.);
#2858=ORIENTED_EDGE('',*,*,#2100,.F.);
#2859=ORIENTED_EDGE('',*,*,#2105,.F.);
#2860=ORIENTED_EDGE('',*,*,#2106,.T.);
#2861=ORIENTED_EDGE('',*,*,#2107,.T.);
#2862=ORIENTED_EDGE('',*,*,#2103,.F.);
#2863=ORIENTED_EDGE('',*,*,#2108,.F.);
#2864=ORIENTED_EDGE('',*,*,#2109,.T.);
#2865=ORIENTED_EDGE('',*,*,#2110,.T.);
#2866=ORIENTED_EDGE('',*,*,#2106,.F.);
#2867=ORIENTED_EDGE('',*,*,#2111,.F.);
#2868=ORIENTED_EDGE('',*,*,#2112,.T.);
#2869=ORIENTED_EDGE('',*,*,#2113,.T.);
#2870=ORIENTED_EDGE('',*,*,#2109,.F.);
#2871=ORIENTED_EDGE('',*,*,#2114,.F.);
#2872=ORIENTED_EDGE('',*,*,#2115,.T.);
#2873=ORIENTED_EDGE('',*,*,#2116,.T.);
#2874=ORIENTED_EDGE('',*,*,#2112,.F.);
#2875=ORIENTED_EDGE('',*,*,#2117,.F.);
#2876=ORIENTED_EDGE('',*,*,#2118,.T.);
#2877=ORIENTED_EDGE('',*,*,#2119,.T.);
#2878=ORIENTED_EDGE('',*,*,#2115,.F.);
#2879=ORIENTED_EDGE('',*,*,#2120,.F.);
#2880=ORIENTED_EDGE('',*,*,#2035,.T.);
#2881=ORIENTED_EDGE('',*,*,#2121,.T.);
#2882=ORIENTED_EDGE('',*,*,#2118,.F.);
#2883=ORIENTED_EDGE('',*,*,#2121,.F.);
#2884=ORIENTED_EDGE('',*,*,#2034,.F.);
#2885=ORIENTED_EDGE('',*,*,#2038,.F.);
#2886=ORIENTED_EDGE('',*,*,#2041,.F.);
#2887=ORIENTED_EDGE('',*,*,#2044,.F.);
#2888=ORIENTED_EDGE('',*,*,#2047,.F.);
#2889=ORIENTED_EDGE('',*,*,#2050,.F.);
#2890=ORIENTED_EDGE('',*,*,#2053,.F.);
#2891=ORIENTED_EDGE('',*,*,#2056,.F.);
#2892=ORIENTED_EDGE('',*,*,#2059,.F.);
#2893=ORIENTED_EDGE('',*,*,#2062,.F.);
#2894=ORIENTED_EDGE('',*,*,#2065,.F.);
#2895=ORIENTED_EDGE('',*,*,#2068,.F.);
#2896=ORIENTED_EDGE('',*,*,#2071,.F.);
#2897=ORIENTED_EDGE('',*,*,#2074,.F.);
#2898=ORIENTED_EDGE('',*,*,#2077,.F.);
#2899=ORIENTED_EDGE('',*,*,#2080,.F.);
#2900=ORIENTED_EDGE('',*,*,#2083,.F.);
#2901=ORIENTED_EDGE('',*,*,#2086,.F.);
#2902=ORIENTED_EDGE('',*,*,#2089,.F.);
#2903=ORIENTED_EDGE('',*,*,#2092,.F.);
#2904=ORIENTED_EDGE('',*,*,#2095,.F.);
#2905=ORIENTED_EDGE('',*,*,#2098,.F.);
#2906=ORIENTED_EDGE('',*,*,#2101,.F.);
#2907=ORIENTED_EDGE('',*,*,#2104,.F.);
#2908=ORIENTED_EDGE('',*,*,#2107,.F.);
#2909=ORIENTED_EDGE('',*,*,#2110,.F.);
#2910=ORIENTED_EDGE('',*,*,#2113,.F.);
#2911=ORIENTED_EDGE('',*,*,#2116,.F.);
#2912=ORIENTED_EDGE('',*,*,#2119,.F.);
#2913=ORIENTED_EDGE('',*,*,#2122,.F.);
#2914=ORIENTED_EDGE('',*,*,#2123,.F.);
#2915=ORIENTED_EDGE('',*,*,#2124,.F.);
#2916=ORIENTED_EDGE('',*,*,#2125,.F.);
#2917=ORIENTED_EDGE('',*,*,#2126,.F.);
#2918=ORIENTED_EDGE('',*,*,#2127,.F.);
#2919=ORIENTED_EDGE('',*,*,#2128,.F.);
#2920=ORIENTED_EDGE('',*,*,#2129,.F.);
#2921=ORIENTED_EDGE('',*,*,#2130,.F.);
#2922=ORIENTED_EDGE('',*,*,#2131,.F.);
#2923=ORIENTED_EDGE('',*,*,#2132,.F.);
#2924=ORIENTED_EDGE('',*,*,#2133,.F.);
#2925=ORIENTED_EDGE('',*,*,#2134,.F.);
#2926=ORIENTED_EDGE('',*,*,#2135,.F.);
#2927=ORIENTED_EDGE('',*,*,#2136,.F.);
#2928=ORIENTED_EDGE('',*,*,#2137,.F.);
#2929=ORIENTED_EDGE('',*,*,#2138,.F.);
#2930=ORIENTED_EDGE('',*,*,#2139,.F.);
#2931=ORIENTED_EDGE('',*,*,#2140,.F.);
#2932=ORIENTED_EDGE('',*,*,#2141,.F.);
#2933=ORIENTED_EDGE('',*,*,#2142,.F.);
#2934=ORIENTED_EDGE('',*,*,#2143,.T.);
#2935=ORIENTED_EDGE('',*,*,#2144,.T.);
#2936=ORIENTED_EDGE('',*,*,#2141,.T.);
#2937=ORIENTED_EDGE('',*,*,#2145,.T.);
#2938=ORIENTED_EDGE('',*,*,#2146,.T.);
#2939=ORIENTED_EDGE('',*,*,#2147,.T.);
#2940=ORIENTED_EDGE('',*,*,#2143,.F.);
#2941=ORIENTED_EDGE('',*,*,#2148,.T.);
#2942=ORIENTED_EDGE('',*,*,#2146,.F.);
#2943=ORIENTED_EDGE('',*,*,#2149,.T.);
#2944=ORIENTED_EDGE('',*,*,#2150,.T.);
#2945=ORIENTED_EDGE('',*,*,#2151,.T.);
#2946=ORIENTED_EDGE('',*,*,#2152,.T.);
#2947=ORIENTED_EDGE('',*,*,#2153,.T.);
#2948=ORIENTED_EDGE('',*,*,#2150,.F.);
#2949=ORIENTED_EDGE('',*,*,#2154,.T.);
#2950=ORIENTED_EDGE('',*,*,#2152,.F.);
#2951=ORIENTED_EDGE('',*,*,#2155,.T.);
#2952=ORIENTED_EDGE('',*,*,#2129,.T.);
#2953=ORIENTED_EDGE('',*,*,#2156,.T.);
#2954=ORIENTED_EDGE('',*,*,#2157,.F.);
#2955=ORIENTED_EDGE('',*,*,#2158,.F.);
#2956=ORIENTED_EDGE('',*,*,#2159,.F.);
#2957=ORIENTED_EDGE('',*,*,#2160,.T.);
#2958=ORIENTED_EDGE('',*,*,#2161,.T.);
#2959=ORIENTED_EDGE('',*,*,#2158,.T.);
#2960=ORIENTED_EDGE('',*,*,#2162,.T.);
#2961=ORIENTED_EDGE('',*,*,#2163,.T.);
#2962=ORIENTED_EDGE('',*,*,#2164,.T.);
#2963=ORIENTED_EDGE('',*,*,#2165,.T.);
#2964=ORIENTED_EDGE('',*,*,#2160,.F.);
#2965=ORIENTED_EDGE('',*,*,#2166,.T.);
#2966=ORIENTED_EDGE('',*,*,#2163,.F.);
#2967=ORIENTED_EDGE('',*,*,#2167,.T.);
#2968=ORIENTED_EDGE('',*,*,#2168,.T.);
#2969=ORIENTED_EDGE('',*,*,#2169,.T.);
#2970=ORIENTED_EDGE('',*,*,#2170,.T.);
#2971=ORIENTED_EDGE('',*,*,#2171,.T.);
#2972=ORIENTED_EDGE('',*,*,#2172,.T.);
#2973=ORIENTED_EDGE('',*,*,#2168,.F.);
#2974=ORIENTED_EDGE('',*,*,#2173,.T.);
#2975=ORIENTED_EDGE('',*,*,#2170,.F.);
#2976=ORIENTED_EDGE('',*,*,#2174,.T.);
#2977=ORIENTED_EDGE('',*,*,#2142,.T.);
#2978=ORIENTED_EDGE('',*,*,#2175,.T.);
#2979=ORIENTED_EDGE('',*,*,#2176,.T.);
#2980=ORIENTED_EDGE('',*,*,#2177,.T.);
#2981=ORIENTED_EDGE('',*,*,#2135,.T.);
#2982=ORIENTED_EDGE('',*,*,#2178,.T.);
#2983=ORIENTED_EDGE('',*,*,#2179,.T.);
#2984=ORIENTED_EDGE('',*,*,#2180,.T.);
#2985=ORIENTED_EDGE('',*,*,#2176,.F.);
#2986=ORIENTED_EDGE('',*,*,#2181,.T.);
#2987=ORIENTED_EDGE('',*,*,#2179,.F.);
#2988=ORIENTED_EDGE('',*,*,#2182,.T.);
#2989=ORIENTED_EDGE('',*,*,#2183,.T.);
#2990=ORIENTED_EDGE('',*,*,#2184,.T.);
#2991=ORIENTED_EDGE('',*,*,#2185,.T.);
#2992=ORIENTED_EDGE('',*,*,#2186,.T.);
#2993=ORIENTED_EDGE('',*,*,#2183,.F.);
#2994=ORIENTED_EDGE('',*,*,#2187,.T.);
#2995=ORIENTED_EDGE('',*,*,#2185,.F.);
#2996=ORIENTED_EDGE('',*,*,#2188,.T.);
#2997=ORIENTED_EDGE('',*,*,#2159,.T.);
#2998=ORIENTED_EDGE('',*,*,#2189,.T.);
#2999=ORIENTED_EDGE('',*,*,#2138,.T.);
#3000=ORIENTED_EDGE('',*,*,#2190,.T.);
#3001=ORIENTED_EDGE('',*,*,#2157,.T.);
#3002=ORIENTED_EDGE('',*,*,#2191,.T.);
#3003=ORIENTED_EDGE('',*,*,#2132,.T.);
#3004=ORIENTED_EDGE('',*,*,#2192,.T.);
#3005=ORIENTED_EDGE('',*,*,#2140,.T.);
#3006=ORIENTED_EDGE('',*,*,#2193,.T.);
#3007=ORIENTED_EDGE('',*,*,#2125,.T.);
#3008=ORIENTED_EDGE('',*,*,#2194,.T.);
#3009=ORIENTED_EDGE('',*,*,#2139,.T.);
#3010=ORIENTED_EDGE('',*,*,#2195,.T.);
#3011=ORIENTED_EDGE('',*,*,#2137,.T.);
#3012=ORIENTED_EDGE('',*,*,#2196,.T.);
#3013=ORIENTED_EDGE('',*,*,#2133,.T.);
#3014=ORIENTED_EDGE('',*,*,#2197,.T.);
#3015=ORIENTED_EDGE('',*,*,#2198,.T.);
#3016=ORIENTED_EDGE('',*,*,#2199,.T.);
#3017=ORIENTED_EDGE('',*,*,#2128,.T.);
#3018=ORIENTED_EDGE('',*,*,#2200,.T.);
#3019=ORIENTED_EDGE('',*,*,#2201,.T.);
#3020=ORIENTED_EDGE('',*,*,#2202,.T.);
#3021=ORIENTED_EDGE('',*,*,#2198,.F.);
#3022=ORIENTED_EDGE('',*,*,#2203,.T.);
#3023=ORIENTED_EDGE('',*,*,#2201,.F.);
#3024=ORIENTED_EDGE('',*,*,#2204,.T.);
#3025=ORIENTED_EDGE('',*,*,#2205,.T.);
#3026=ORIENTED_EDGE('',*,*,#2206,.T.);
#3027=ORIENTED_EDGE('',*,*,#2207,.T.);
#3028=ORIENTED_EDGE('',*,*,#2208,.T.);
#3029=ORIENTED_EDGE('',*,*,#2205,.F.);
#3030=ORIENTED_EDGE('',*,*,#2209,.T.);
#3031=ORIENTED_EDGE('',*,*,#2207,.F.);
#3032=ORIENTED_EDGE('',*,*,#2210,.T.);
#3033=ORIENTED_EDGE('',*,*,#2136,.T.);
#3034=ORIENTED_EDGE('',*,*,#2211,.T.);
#3035=ORIENTED_EDGE('',*,*,#2126,.T.);
#3036=ORIENTED_EDGE('',*,*,#2212,.T.);
#3037=ORIENTED_EDGE('',*,*,#2134,.T.);
#3038=ORIENTED_EDGE('',*,*,#2213,.T.);
#3039=ORIENTED_EDGE('',*,*,#2131,.T.);
#3040=ORIENTED_EDGE('',*,*,#2214,.T.);
#3041=ORIENTED_EDGE('',*,*,#2124,.T.);
#3042=ORIENTED_EDGE('',*,*,#2215,.T.);
#3043=ORIENTED_EDGE('',*,*,#2123,.T.);
#3044=ORIENTED_EDGE('',*,*,#2216,.T.);
#3045=ORIENTED_EDGE('',*,*,#2130,.T.);
#3046=ORIENTED_EDGE('',*,*,#2217,.T.);
#3047=ORIENTED_EDGE('',*,*,#2122,.T.);
#3048=ORIENTED_EDGE('',*,*,#2218,.T.);
#3049=ORIENTED_EDGE('',*,*,#2127,.T.);
#3050=ORIENTED_EDGE('',*,*,#2219,.T.);
#3051=ORIENTED_EDGE('',*,*,#2153,.F.);
#3052=ORIENTED_EDGE('',*,*,#2220,.T.);
#3053=ORIENTED_EDGE('',*,*,#2202,.F.);
#3054=ORIENTED_EDGE('',*,*,#2221,.T.);
#3055=ORIENTED_EDGE('',*,*,#2222,.T.);
#3056=ORIENTED_EDGE('',*,*,#2223,.T.);
#3057=ORIENTED_EDGE('',*,*,#2224,.T.);
#3058=ORIENTED_EDGE('',*,*,#2222,.F.);
#3059=ORIENTED_EDGE('',*,*,#2225,.T.);
#3060=ORIENTED_EDGE('',*,*,#2156,.F.);
#3061=ORIENTED_EDGE('',*,*,#2199,.F.);
#3062=ORIENTED_EDGE('',*,*,#2220,.F.);
#3063=ORIENTED_EDGE('',*,*,#2211,.F.);
#3064=ORIENTED_EDGE('',*,*,#2177,.F.);
#3065=ORIENTED_EDGE('',*,*,#2226,.F.);
#3066=ORIENTED_EDGE('',*,*,#2161,.F.);
#3067=ORIENTED_EDGE('',*,*,#2227,.F.);
#3068=ORIENTED_EDGE('',*,*,#2189,.F.);
#3069=ORIENTED_EDGE('',*,*,#2151,.F.);
#3070=ORIENTED_EDGE('',*,*,#2225,.F.);
#3071=ORIENTED_EDGE('',*,*,#2221,.F.);
#3072=ORIENTED_EDGE('',*,*,#2206,.F.);
#3073=ORIENTED_EDGE('',*,*,#2228,.F.);
#3074=ORIENTED_EDGE('',*,*,#2229,.F.);
#3075=ORIENTED_EDGE('',*,*,#2184,.F.);
#3076=ORIENTED_EDGE('',*,*,#2230,.F.);
#3077=ORIENTED_EDGE('',*,*,#2169,.F.);
#3078=ORIENTED_EDGE('',*,*,#2231,.F.);
#3079=ORIENTED_EDGE('',*,*,#1837,.T.);
#3080=ORIENTED_EDGE('',*,*,#1862,.T.);
#3081=ORIENTED_EDGE('',*,*,#1859,.T.);
#3082=ORIENTED_EDGE('',*,*,#1856,.T.);
#3083=ORIENTED_EDGE('',*,*,#1853,.T.);
#3084=ORIENTED_EDGE('',*,*,#1850,.T.);
#3085=ORIENTED_EDGE('',*,*,#1847,.T.);
#3086=ORIENTED_EDGE('',*,*,#1844,.T.);
#3087=ORIENTED_EDGE('',*,*,#1841,.T.);
#3088=ORIENTED_EDGE('',*,*,#1864,.T.);
#3089=ORIENTED_EDGE('',*,*,#1946,.T.);
#3090=ORIENTED_EDGE('',*,*,#1943,.T.);
#3091=ORIENTED_EDGE('',*,*,#1940,.T.);
#3092=ORIENTED_EDGE('',*,*,#1937,.T.);
#3093=ORIENTED_EDGE('',*,*,#1934,.T.);
#3094=ORIENTED_EDGE('',*,*,#1931,.T.);
#3095=ORIENTED_EDGE('',*,*,#1928,.T.);
#3096=ORIENTED_EDGE('',*,*,#1925,.T.);
#3097=ORIENTED_EDGE('',*,*,#1922,.T.);
#3098=ORIENTED_EDGE('',*,*,#1919,.T.);
#3099=ORIENTED_EDGE('',*,*,#1916,.T.);
#3100=ORIENTED_EDGE('',*,*,#1913,.T.);
#3101=ORIENTED_EDGE('',*,*,#1910,.T.);
#3102=ORIENTED_EDGE('',*,*,#1907,.T.);
#3103=ORIENTED_EDGE('',*,*,#1904,.T.);
#3104=ORIENTED_EDGE('',*,*,#1901,.T.);
#3105=ORIENTED_EDGE('',*,*,#1898,.T.);
#3106=ORIENTED_EDGE('',*,*,#1895,.T.);
#3107=ORIENTED_EDGE('',*,*,#1892,.T.);
#3108=ORIENTED_EDGE('',*,*,#1889,.T.);
#3109=ORIENTED_EDGE('',*,*,#1886,.T.);
#3110=ORIENTED_EDGE('',*,*,#1883,.T.);
#3111=ORIENTED_EDGE('',*,*,#1880,.T.);
#3112=ORIENTED_EDGE('',*,*,#1877,.T.);
#3113=ORIENTED_EDGE('',*,*,#1874,.T.);
#3114=ORIENTED_EDGE('',*,*,#1871,.T.);
#3115=ORIENTED_EDGE('',*,*,#1868,.T.);
#3116=ORIENTED_EDGE('',*,*,#1948,.T.);
#3117=ORIENTED_EDGE('',*,*,#2030,.T.);
#3118=ORIENTED_EDGE('',*,*,#2027,.T.);
#3119=ORIENTED_EDGE('',*,*,#2024,.T.);
#3120=ORIENTED_EDGE('',*,*,#2021,.T.);
#3121=ORIENTED_EDGE('',*,*,#2018,.T.);
#3122=ORIENTED_EDGE('',*,*,#2015,.T.);
#3123=ORIENTED_EDGE('',*,*,#2012,.T.);
#3124=ORIENTED_EDGE('',*,*,#2009,.T.);
#3125=ORIENTED_EDGE('',*,*,#2006,.T.);
#3126=ORIENTED_EDGE('',*,*,#2003,.T.);
#3127=ORIENTED_EDGE('',*,*,#2000,.T.);
#3128=ORIENTED_EDGE('',*,*,#1997,.T.);
#3129=ORIENTED_EDGE('',*,*,#1994,.T.);
#3130=ORIENTED_EDGE('',*,*,#1991,.T.);
#3131=ORIENTED_EDGE('',*,*,#1988,.T.);
#3132=ORIENTED_EDGE('',*,*,#1985,.T.);
#3133=ORIENTED_EDGE('',*,*,#1982,.T.);
#3134=ORIENTED_EDGE('',*,*,#1979,.T.);
#3135=ORIENTED_EDGE('',*,*,#1976,.T.);
#3136=ORIENTED_EDGE('',*,*,#1973,.T.);
#3137=ORIENTED_EDGE('',*,*,#1970,.T.);
#3138=ORIENTED_EDGE('',*,*,#1967,.T.);
#3139=ORIENTED_EDGE('',*,*,#1964,.T.);
#3140=ORIENTED_EDGE('',*,*,#1961,.T.);
#3141=ORIENTED_EDGE('',*,*,#1958,.T.);
#3142=ORIENTED_EDGE('',*,*,#1955,.T.);
#3143=ORIENTED_EDGE('',*,*,#1952,.T.);
#3144=ORIENTED_EDGE('',*,*,#2032,.T.);
#3145=ORIENTED_EDGE('',*,*,#2120,.T.);
#3146=ORIENTED_EDGE('',*,*,#2117,.T.);
#3147=ORIENTED_EDGE('',*,*,#2114,.T.);
#3148=ORIENTED_EDGE('',*,*,#2111,.T.);
#3149=ORIENTED_EDGE('',*,*,#2108,.T.);
#3150=ORIENTED_EDGE('',*,*,#2105,.T.);
#3151=ORIENTED_EDGE('',*,*,#2102,.T.);
#3152=ORIENTED_EDGE('',*,*,#2099,.T.);
#3153=ORIENTED_EDGE('',*,*,#2096,.T.);
#3154=ORIENTED_EDGE('',*,*,#2093,.T.);
#3155=ORIENTED_EDGE('',*,*,#2090,.T.);
#3156=ORIENTED_EDGE('',*,*,#2087,.T.);
#3157=ORIENTED_EDGE('',*,*,#2084,.T.);
#3158=ORIENTED_EDGE('',*,*,#2081,.T.);
#3159=ORIENTED_EDGE('',*,*,#2078,.T.);
#3160=ORIENTED_EDGE('',*,*,#2075,.T.);
#3161=ORIENTED_EDGE('',*,*,#2072,.T.);
#3162=ORIENTED_EDGE('',*,*,#2069,.T.);
#3163=ORIENTED_EDGE('',*,*,#2066,.T.);
#3164=ORIENTED_EDGE('',*,*,#2063,.T.);
#3165=ORIENTED_EDGE('',*,*,#2060,.T.);
#3166=ORIENTED_EDGE('',*,*,#2057,.T.);
#3167=ORIENTED_EDGE('',*,*,#2054,.T.);
#3168=ORIENTED_EDGE('',*,*,#2051,.T.);
#3169=ORIENTED_EDGE('',*,*,#2048,.T.);
#3170=ORIENTED_EDGE('',*,*,#2045,.T.);
#3171=ORIENTED_EDGE('',*,*,#2042,.T.);
#3172=ORIENTED_EDGE('',*,*,#2039,.T.);
#3173=ORIENTED_EDGE('',*,*,#2036,.T.);
#3174=ORIENTED_EDGE('',*,*,#2175,.F.);
#3175=ORIENTED_EDGE('',*,*,#2144,.F.);
#3176=ORIENTED_EDGE('',*,*,#2232,.F.);
#3177=ORIENTED_EDGE('',*,*,#2208,.F.);
#3178=ORIENTED_EDGE('',*,*,#2226,.T.);
#3179=ORIENTED_EDGE('',*,*,#2180,.F.);
#3180=ORIENTED_EDGE('',*,*,#2229,.T.);
#3181=ORIENTED_EDGE('',*,*,#2233,.T.);
#3182=ORIENTED_EDGE('',*,*,#2234,.T.);
#3183=ORIENTED_EDGE('',*,*,#2235,.T.);
#3184=ORIENTED_EDGE('',*,*,#2233,.F.);
#3185=ORIENTED_EDGE('',*,*,#2228,.T.);
#3186=ORIENTED_EDGE('',*,*,#2145,.F.);
#3187=ORIENTED_EDGE('',*,*,#2192,.F.);
#3188=ORIENTED_EDGE('',*,*,#2215,.F.);
#3189=ORIENTED_EDGE('',*,*,#2217,.F.);
#3190=ORIENTED_EDGE('',*,*,#2155,.F.);
#3191=ORIENTED_EDGE('',*,*,#2154,.F.);
#3192=ORIENTED_EDGE('',*,*,#2149,.F.);
#3193=ORIENTED_EDGE('',*,*,#2148,.F.);
#3194=ORIENTED_EDGE('',*,*,#2162,.F.);
#3195=ORIENTED_EDGE('',*,*,#2190,.F.);
#3196=ORIENTED_EDGE('',*,*,#2197,.F.);
#3197=ORIENTED_EDGE('',*,*,#2193,.F.);
#3198=ORIENTED_EDGE('',*,*,#2174,.F.);
#3199=ORIENTED_EDGE('',*,*,#2173,.F.);
#3200=ORIENTED_EDGE('',*,*,#2167,.F.);
#3201=ORIENTED_EDGE('',*,*,#2166,.F.);
#3202=ORIENTED_EDGE('',*,*,#2178,.F.);
#3203=ORIENTED_EDGE('',*,*,#2212,.F.);
#3204=ORIENTED_EDGE('',*,*,#2195,.F.);
#3205=ORIENTED_EDGE('',*,*,#2191,.F.);
#3206=ORIENTED_EDGE('',*,*,#2188,.F.);
#3207=ORIENTED_EDGE('',*,*,#2187,.F.);
#3208=ORIENTED_EDGE('',*,*,#2182,.F.);
#3209=ORIENTED_EDGE('',*,*,#2181,.F.);
#3210=ORIENTED_EDGE('',*,*,#2194,.F.);
#3211=ORIENTED_EDGE('',*,*,#2218,.F.);
#3212=ORIENTED_EDGE('',*,*,#2214,.F.);
#3213=ORIENTED_EDGE('',*,*,#2196,.F.);
#3214=ORIENTED_EDGE('',*,*,#2200,.F.);
#3215=ORIENTED_EDGE('',*,*,#2216,.F.);
#3216=ORIENTED_EDGE('',*,*,#2219,.F.);
#3217=ORIENTED_EDGE('',*,*,#2213,.F.);
#3218=ORIENTED_EDGE('',*,*,#2210,.F.);
#3219=ORIENTED_EDGE('',*,*,#2209,.F.);
#3220=ORIENTED_EDGE('',*,*,#2204,.F.);
#3221=ORIENTED_EDGE('',*,*,#2203,.F.);
#3222=ORIENTED_EDGE('',*,*,#2164,.F.);
#3223=ORIENTED_EDGE('',*,*,#2230,.T.);
#3224=ORIENTED_EDGE('',*,*,#2186,.F.);
#3225=ORIENTED_EDGE('',*,*,#2227,.T.);
#3226=ORIENTED_EDGE('',*,*,#2165,.F.);
#3227=ORIENTED_EDGE('',*,*,#2236,.T.);
#3228=ORIENTED_EDGE('',*,*,#2237,.T.);
#3229=ORIENTED_EDGE('',*,*,#2238,.T.);
#3230=ORIENTED_EDGE('',*,*,#2236,.F.);
#3231=ORIENTED_EDGE('',*,*,#2237,.F.);
#3232=ORIENTED_EDGE('',*,*,#2238,.F.);
#3233=ORIENTED_EDGE('',*,*,#2239,.T.);
#3234=ORIENTED_EDGE('',*,*,#2240,.F.);
#3235=ORIENTED_EDGE('',*,*,#2239,.F.);
#3236=ORIENTED_EDGE('',*,*,#2234,.F.);
#3237=ORIENTED_EDGE('',*,*,#2235,.F.);
#3238=ORIENTED_EDGE('',*,*,#2241,.T.);
#3239=ORIENTED_EDGE('',*,*,#2242,.F.);
#3240=ORIENTED_EDGE('',*,*,#2241,.F.);
#3241=ORIENTED_EDGE('',*,*,#2223,.F.);
#3242=ORIENTED_EDGE('',*,*,#2224,.F.);
#3243=ORIENTED_EDGE('',*,*,#2243,.T.);
#3244=ORIENTED_EDGE('',*,*,#2244,.F.);
#3245=ORIENTED_EDGE('',*,*,#2243,.F.);
#3246=ORIENTED_EDGE('',*,*,#2171,.F.);
#3247=ORIENTED_EDGE('',*,*,#2232,.T.);
#3248=ORIENTED_EDGE('',*,*,#2147,.F.);
#3249=ORIENTED_EDGE('',*,*,#2231,.T.);
#3250=ORIENTED_EDGE('',*,*,#2172,.F.);
#3251=ORIENTED_EDGE('',*,*,#2245,.T.);
#3252=ORIENTED_EDGE('',*,*,#2246,.T.);
#3253=ORIENTED_EDGE('',*,*,#2247,.T.);
#3254=ORIENTED_EDGE('',*,*,#2245,.F.);
#3255=ORIENTED_EDGE('',*,*,#2246,.F.);
#3256=ORIENTED_EDGE('',*,*,#2247,.F.);
#3257=ORIENTED_EDGE('',*,*,#2248,.T.);
#3258=ORIENTED_EDGE('',*,*,#2249,.F.);
#3259=ORIENTED_EDGE('',*,*,#2248,.F.);
#3260=ORIENTED_EDGE('',*,*,#2250,.F.);
#3261=ORIENTED_EDGE('',*,*,#2251,.T.);
#3262=ORIENTED_EDGE('',*,*,#2251,.F.);
#3263=ORIENTED_EDGE('',*,*,#2252,.F.);
#3264=ORIENTED_EDGE('',*,*,#2253,.T.);
#3265=ORIENTED_EDGE('',*,*,#2250,.T.);
#3266=ORIENTED_EDGE('',*,*,#2253,.F.);
#3267=ORIENTED_EDGE('',*,*,#2254,.F.);
#3268=ORIENTED_EDGE('',*,*,#2255,.T.);
#3269=ORIENTED_EDGE('',*,*,#2255,.F.);
#3270=ORIENTED_EDGE('',*,*,#2256,.F.);
#3271=ORIENTED_EDGE('',*,*,#2257,.T.);
#3272=ORIENTED_EDGE('',*,*,#2254,.T.);
#3273=ORIENTED_EDGE('',*,*,#2257,.F.);
#3274=ORIENTED_EDGE('',*,*,#2258,.F.);
#3275=ORIENTED_EDGE('',*,*,#2259,.T.);
#3276=ORIENTED_EDGE('',*,*,#2259,.F.);
#3277=ORIENTED_EDGE('',*,*,#2260,.F.);
#3278=ORIENTED_EDGE('',*,*,#2261,.T.);
#3279=ORIENTED_EDGE('',*,*,#2258,.T.);
#3280=ORIENTED_EDGE('',*,*,#2261,.F.);
#3281=ORIENTED_EDGE('',*,*,#2262,.F.);
#3282=ORIENTED_EDGE('',*,*,#2263,.T.);
#3283=ORIENTED_EDGE('',*,*,#2263,.F.);
#3284=ORIENTED_EDGE('',*,*,#2264,.F.);
#3285=ORIENTED_EDGE('',*,*,#2265,.T.);
#3286=ORIENTED_EDGE('',*,*,#2262,.T.);
#3287=ORIENTED_EDGE('',*,*,#2265,.F.);
#3288=ORIENTED_EDGE('',*,*,#2240,.T.);
#3289=ORIENTED_EDGE('',*,*,#2252,.T.);
#3290=ORIENTED_EDGE('',*,*,#2249,.T.);
#3291=ORIENTED_EDGE('',*,*,#2260,.T.);
#3292=ORIENTED_EDGE('',*,*,#2244,.T.);
#3293=ORIENTED_EDGE('',*,*,#2256,.T.);
#3294=ORIENTED_EDGE('',*,*,#2242,.T.);
#3295=ORIENTED_EDGE('',*,*,#2264,.T.);
#3296=ORIENTED_EDGE('',*,*,#2266,.F.);
#3297=ORIENTED_EDGE('',*,*,#2267,.T.);
#3298=ORIENTED_EDGE('',*,*,#2268,.F.);
#3299=ORIENTED_EDGE('',*,*,#2267,.F.);
#3300=ORIENTED_EDGE('',*,*,#2269,.F.);
#3301=ORIENTED_EDGE('',*,*,#2270,.T.);
#3302=ORIENTED_EDGE('',*,*,#2271,.F.);
#3303=ORIENTED_EDGE('',*,*,#2270,.F.);
#3304=ORIENTED_EDGE('',*,*,#2271,.T.);
#3305=ORIENTED_EDGE('',*,*,#2268,.T.);
#3306=ORIENTED_EDGE('',*,*,#2269,.T.);
#3307=ORIENTED_EDGE('',*,*,#2266,.T.);
#3308=PLANE('',#3618);
#3309=PLANE('',#3619);
#3310=PLANE('',#3620);
#3311=PLANE('',#3621);
#3312=PLANE('',#3622);
#3313=PLANE('',#3623);
#3314=PLANE('',#3624);
#3315=PLANE('',#3625);
#3316=PLANE('',#3626);
#3317=PLANE('',#3627);
#3318=PLANE('',#3628);
#3319=PLANE('',#3632);
#3320=PLANE('',#3636);
#3321=PLANE('',#3644);
#3322=PLANE('',#3648);
#3323=PLANE('',#3652);
#3324=PLANE('',#3660);
#3325=PLANE('',#3664);
#3326=PLANE('',#3668);
#3327=PLANE('',#3676);
#3328=PLANE('',#3685);
#3329=PLANE('',#3696);
#3330=PLANE('',#3699);
#3331=PLANE('',#3700);
#3332=PLANE('',#3701);
#3333=PLANE('',#3702);
#3334=PLANE('',#3703);
#3335=PLANE('',#3704);
#3336=PLANE('',#3705);
#3337=PLANE('',#3706);
#3338=PLANE('',#3707);
#3339=PLANE('',#3708);
#3340=PLANE('',#3709);
#3341=PLANE('',#3710);
#3342=PLANE('',#3711);
#3343=PLANE('',#3712);
#3344=PLANE('',#3713);
#3345=PLANE('',#3714);
#3346=PLANE('',#3715);
#3347=PLANE('',#3716);
#3348=PLANE('',#3717);
#3349=PLANE('',#3718);
#3350=PLANE('',#3719);
#3351=PLANE('',#3720);
#3352=PLANE('',#3721);
#3353=PLANE('',#3722);
#3354=PLANE('',#3723);
#3355=PLANE('',#3724);
#3356=PLANE('',#3725);
#3357=PLANE('',#3726);
#3358=PLANE('',#3727);
#3359=PLANE('',#3728);
#3360=PLANE('',#3729);
#3361=PLANE('',#3730);
#3362=PLANE('',#3731);
#3363=PLANE('',#3732);
#3364=PLANE('',#3733);
#3365=PLANE('',#3734);
#3366=PLANE('',#3783);
#3367=PLANE('',#3784);
#3368=PLANE('',#3785);
#3369=PLANE('',#3786);
#3370=PLANE('',#3787);
#3371=PLANE('',#3788);
#3372=PLANE('',#3789);
#3373=PLANE('',#3790);
#3374=PLANE('',#3791);
#3375=PLANE('',#3792);
#3376=PLANE('',#3809);
#3377=PLANE('',#3810);
#3378=PLANE('',#3811);
#3379=PLANE('',#3812);
#3380=PLANE('',#3819);
#3381=PLANE('',#3820);
#3382=ADVANCED_FACE('',(#459),#3308,.T.);
#3383=ADVANCED_FACE('',(#460),#3309,.T.);
#3384=ADVANCED_FACE('',(#461),#3310,.T.);
#3385=ADVANCED_FACE('',(#462),#3311,.T.);
#3386=ADVANCED_FACE('',(#463,#435),#3312,.T.);
#3387=ADVANCED_FACE('',(#464),#3313,.T.);
#3388=ADVANCED_FACE('',(#465),#3314,.T.);
#3389=ADVANCED_FACE('',(#466),#3315,.T.);
#3390=ADVANCED_FACE('',(#467),#3316,.T.);
#3391=ADVANCED_FACE('',(#468),#3317,.T.);
#3392=ADVANCED_FACE('',(#469),#3318,.F.);
#3393=ADVANCED_FACE('',(#470),#398,.F.);
#3394=ADVANCED_FACE('',(#471,#436),#3319,.T.);
#3395=ADVANCED_FACE('',(#472),#399,.F.);
#3396=ADVANCED_FACE('',(#473,#437),#3320,.T.);
#3397=ADVANCED_FACE('',(#474),#328,.T.);
#3398=ADVANCED_FACE('',(#475),#400,.T.);
#3399=ADVANCED_FACE('',(#476),#329,.T.);
#3400=ADVANCED_FACE('',(#477,#438),#3321,.T.);
#3401=ADVANCED_FACE('',(#478),#401,.F.);
#3402=ADVANCED_FACE('',(#479,#439),#3322,.T.);
#3403=ADVANCED_FACE('',(#480),#402,.F.);
#3404=ADVANCED_FACE('',(#481,#440),#3323,.T.);
#3405=ADVANCED_FACE('',(#482),#330,.T.);
#3406=ADVANCED_FACE('',(#483),#403,.T.);
#3407=ADVANCED_FACE('',(#484),#331,.T.);
#3408=ADVANCED_FACE('',(#485,#441),#3324,.T.);
#3409=ADVANCED_FACE('',(#486),#404,.F.);
#3410=ADVANCED_FACE('',(#487,#442),#3325,.T.);
#3411=ADVANCED_FACE('',(#488),#405,.F.);
#3412=ADVANCED_FACE('',(#489,#443),#3326,.T.);
#3413=ADVANCED_FACE('',(#490),#332,.T.);
#3414=ADVANCED_FACE('',(#491),#406,.T.);
#3415=ADVANCED_FACE('',(#492),#333,.T.);
#3416=ADVANCED_FACE('',(#493,#444),#3327,.T.);
#3417=ADVANCED_FACE('',(#494),#407,.T.);
#3418=ADVANCED_FACE('',(#495),#408,.F.);
#3419=ADVANCED_FACE('',(#496,#445),#3328,.T.);
#3420=ADVANCED_FACE('',(#497),#334,.T.);
#3421=ADVANCED_FACE('',(#498),#335,.T.);
#3422=ADVANCED_FACE('',(#499),#336,.T.);
#3423=ADVANCED_FACE('',(#500),#409,.F.);
#3424=ADVANCED_FACE('',(#501,#446),#3329,.T.);
#3425=ADVANCED_FACE('',(#502),#410,.F.);
#3426=ADVANCED_FACE('',(#503,#447),#3330,.T.);
#3427=ADVANCED_FACE('',(#504,#448),#3331,.T.);
#3428=ADVANCED_FACE('',(#505),#3332,.F.);
#3429=ADVANCED_FACE('',(#506),#251,.F.);
#3430=ADVANCED_FACE('',(#507),#252,.F.);
#3431=ADVANCED_FACE('',(#508),#3333,.F.);
#3432=ADVANCED_FACE('',(#509),#253,.F.);
#3433=ADVANCED_FACE('',(#510),#254,.F.);
#3434=ADVANCED_FACE('',(#511),#3334,.F.);
#3435=ADVANCED_FACE('',(#512),#3335,.F.);
#3436=ADVANCED_FACE('',(#513),#3336,.F.);
#3437=ADVANCED_FACE('',(#514),#3337,.T.);
#3438=ADVANCED_FACE('',(#515),#3338,.F.);
#3439=ADVANCED_FACE('',(#516),#255,.F.);
#3440=ADVANCED_FACE('',(#517),#256,.F.);
#3441=ADVANCED_FACE('',(#518),#257,.F.);
#3442=ADVANCED_FACE('',(#519),#258,.F.);
#3443=ADVANCED_FACE('',(#520),#259,.F.);
#3444=ADVANCED_FACE('',(#521),#3339,.F.);
#3445=ADVANCED_FACE('',(#522),#3340,.F.);
#3446=ADVANCED_FACE('',(#523),#3341,.F.);
#3447=ADVANCED_FACE('',(#524),#260,.F.);
#3448=ADVANCED_FACE('',(#525),#261,.F.);
#3449=ADVANCED_FACE('',(#526),#262,.F.);
#3450=ADVANCED_FACE('',(#527),#263,.F.);
#3451=ADVANCED_FACE('',(#528),#264,.F.);
#3452=ADVANCED_FACE('',(#529),#3342,.F.);
#3453=ADVANCED_FACE('',(#530),#3343,.F.);
#3454=ADVANCED_FACE('',(#531),#3344,.F.);
#3455=ADVANCED_FACE('',(#532),#265,.F.);
#3456=ADVANCED_FACE('',(#533),#266,.F.);
#3457=ADVANCED_FACE('',(#534),#267,.F.);
#3458=ADVANCED_FACE('',(#535),#268,.F.);
#3459=ADVANCED_FACE('',(#536),#269,.F.);
#3460=ADVANCED_FACE('',(#537),#270,.F.);
#3461=ADVANCED_FACE('',(#538),#271,.F.);
#3462=ADVANCED_FACE('',(#539),#3345,.F.);
#3463=ADVANCED_FACE('',(#540),#3346,.F.);
#3464=ADVANCED_FACE('',(#541),#3347,.F.);
#3465=ADVANCED_FACE('',(#542),#3348,.F.);
#3466=ADVANCED_FACE('',(#543),#3349,.T.);
#3467=ADVANCED_FACE('',(#544),#3350,.F.);
#3468=ADVANCED_FACE('',(#545),#272,.F.);
#3469=ADVANCED_FACE('',(#546),#273,.F.);
#3470=ADVANCED_FACE('',(#547),#274,.F.);
#3471=ADVANCED_FACE('',(#548),#275,.F.);
#3472=ADVANCED_FACE('',(#549),#276,.F.);
#3473=ADVANCED_FACE('',(#550),#3351,.F.);
#3474=ADVANCED_FACE('',(#551),#3352,.F.);
#3475=ADVANCED_FACE('',(#552),#3353,.F.);
#3476=ADVANCED_FACE('',(#553),#277,.F.);
#3477=ADVANCED_FACE('',(#554),#278,.F.);
#3478=ADVANCED_FACE('',(#555),#279,.F.);
#3479=ADVANCED_FACE('',(#556),#280,.F.);
#3480=ADVANCED_FACE('',(#557),#281,.F.);
#3481=ADVANCED_FACE('',(#558),#3354,.F.);
#3482=ADVANCED_FACE('',(#559),#3355,.F.);
#3483=ADVANCED_FACE('',(#560),#3356,.F.);
#3484=ADVANCED_FACE('',(#561),#282,.F.);
#3485=ADVANCED_FACE('',(#562),#283,.F.);
#3486=ADVANCED_FACE('',(#563),#284,.F.);
#3487=ADVANCED_FACE('',(#564),#285,.F.);
#3488=ADVANCED_FACE('',(#565),#286,.F.);
#3489=ADVANCED_FACE('',(#566),#287,.F.);
#3490=ADVANCED_FACE('',(#567),#288,.F.);
#3491=ADVANCED_FACE('',(#568),#3357,.F.);
#3492=ADVANCED_FACE('',(#569),#3358,.F.);
#3493=ADVANCED_FACE('',(#570),#3359,.F.);
#3494=ADVANCED_FACE('',(#571),#3360,.F.);
#3495=ADVANCED_FACE('',(#572),#3361,.T.);
#3496=ADVANCED_FACE('',(#573),#289,.F.);
#3497=ADVANCED_FACE('',(#574),#290,.F.);
#3498=ADVANCED_FACE('',(#575),#291,.F.);
#3499=ADVANCED_FACE('',(#576),#292,.F.);
#3500=ADVANCED_FACE('',(#577),#293,.F.);
#3501=ADVANCED_FACE('',(#578),#294,.F.);
#3502=ADVANCED_FACE('',(#579),#295,.F.);
#3503=ADVANCED_FACE('',(#580),#296,.F.);
#3504=ADVANCED_FACE('',(#581),#297,.F.);
#3505=ADVANCED_FACE('',(#582),#298,.F.);
#3506=ADVANCED_FACE('',(#583),#299,.F.);
#3507=ADVANCED_FACE('',(#584),#300,.F.);
#3508=ADVANCED_FACE('',(#585),#3362,.F.);
#3509=ADVANCED_FACE('',(#586),#301,.F.);
#3510=ADVANCED_FACE('',(#587),#302,.F.);
#3511=ADVANCED_FACE('',(#588),#303,.F.);
#3512=ADVANCED_FACE('',(#589),#304,.F.);
#3513=ADVANCED_FACE('',(#590),#305,.F.);
#3514=ADVANCED_FACE('',(#591),#306,.F.);
#3515=ADVANCED_FACE('',(#592),#307,.F.);
#3516=ADVANCED_FACE('',(#593),#3363,.F.);
#3517=ADVANCED_FACE('',(#594),#308,.F.);
#3518=ADVANCED_FACE('',(#595),#309,.F.);
#3519=ADVANCED_FACE('',(#596),#310,.F.);
#3520=ADVANCED_FACE('',(#597),#311,.F.);
#3521=ADVANCED_FACE('',(#598),#312,.F.);
#3522=ADVANCED_FACE('',(#599),#313,.F.);
#3523=ADVANCED_FACE('',(#600),#314,.F.);
#3524=ADVANCED_FACE('',(#601),#3364,.F.);
#3525=ADVANCED_FACE('',(#602),#315,.F.);
#3526=ADVANCED_FACE('',(#603),#3365,.T.);
#3527=ADVANCED_FACE('',(#604),#53,.F.);
#3528=ADVANCED_FACE('',(#605),#54,.F.);
#3529=ADVANCED_FACE('',(#606),#55,.F.);
#3530=ADVANCED_FACE('',(#607),#56,.F.);
#3531=ADVANCED_FACE('',(#608),#57,.F.);
#3532=ADVANCED_FACE('',(#609),#58,.F.);
#3533=ADVANCED_FACE('',(#610),#59,.F.);
#3534=ADVANCED_FACE('',(#611),#60,.F.);
#3535=ADVANCED_FACE('',(#612),#316,.F.);
#3536=ADVANCED_FACE('',(#613),#61,.F.);
#3537=ADVANCED_FACE('',(#614),#317,.F.);
#3538=ADVANCED_FACE('',(#615),#62,.F.);
#3539=ADVANCED_FACE('',(#616),#63,.F.);
#3540=ADVANCED_FACE('',(#617),#411,.T.);
#3541=ADVANCED_FACE('',(#618),#318,.F.);
#3542=ADVANCED_FACE('',(#619),#412,.T.);
#3543=ADVANCED_FACE('',(#620),#319,.F.);
#3544=ADVANCED_FACE('',(#621),#413,.T.);
#3545=ADVANCED_FACE('',(#622),#64,.F.);
#3546=ADVANCED_FACE('',(#623),#320,.F.);
#3547=ADVANCED_FACE('',(#624),#65,.F.);
#3548=ADVANCED_FACE('',(#625),#321,.F.);
#3549=ADVANCED_FACE('',(#626),#66,.F.);
#3550=ADVANCED_FACE('',(#627),#67,.F.);
#3551=ADVANCED_FACE('',(#628),#68,.F.);
#3552=ADVANCED_FACE('',(#629),#69,.F.);
#3553=ADVANCED_FACE('',(#630),#414,.T.);
#3554=ADVANCED_FACE('',(#631),#415,.T.);
#3555=ADVANCED_FACE('',(#632),#322,.F.);
#3556=ADVANCED_FACE('',(#633),#416,.T.);
#3557=ADVANCED_FACE('',(#634),#323,.F.);
#3558=ADVANCED_FACE('',(#635),#417,.T.);
#3559=ADVANCED_FACE('',(#636),#70,.F.);
#3560=ADVANCED_FACE('',(#637),#71,.F.);
#3561=ADVANCED_FACE('',(#638),#72,.F.);
#3562=ADVANCED_FACE('',(#639),#418,.T.);
#3563=ADVANCED_FACE('',(#640),#324,.T.);
#3564=ADVANCED_FACE('',(#641),#3366,.F.);
#3565=ADVANCED_FACE('',(#642),#3367,.F.);
#3566=ADVANCED_FACE('',(#643),#3368,.F.);
#3567=ADVANCED_FACE('',(#644,#449,#450,#451,#452),#3369,.F.);
#3568=ADVANCED_FACE('',(#645),#3370,.F.);
#3569=ADVANCED_FACE('',(#646),#325,.T.);
#3570=ADVANCED_FACE('',(#647),#3371,.T.);
#3571=ADVANCED_FACE('',(#648),#3372,.T.);
#3572=ADVANCED_FACE('',(#649),#3373,.T.);
#3573=ADVANCED_FACE('',(#650),#3374,.T.);
#3574=ADVANCED_FACE('',(#651),#3375,.T.);
#3575=ADVANCED_FACE('',(#652),#326,.T.);
#3576=ADVANCED_FACE('',(#653),#73,.F.);
#3577=ADVANCED_FACE('',(#654),#74,.F.);
#3578=ADVANCED_FACE('',(#655),#75,.F.);
#3579=ADVANCED_FACE('',(#656),#327,.T.);
#3580=ADVANCED_FACE('',(#657),#76,.F.);
#3581=ADVANCED_FACE('',(#658),#337,.F.);
#3582=ADVANCED_FACE('',(#659),#77,.T.);
#3583=ADVANCED_FACE('',(#660),#338,.F.);
#3584=ADVANCED_FACE('',(#661),#78,.T.);
#3585=ADVANCED_FACE('',(#662),#339,.F.);
#3586=ADVANCED_FACE('',(#663),#79,.T.);
#3587=ADVANCED_FACE('',(#664),#340,.F.);
#3588=ADVANCED_FACE('',(#665),#80,.T.);
#3589=ADVANCED_FACE('',(#666,#453),#3376,.T.);
#3590=ADVANCED_FACE('',(#667,#454),#3377,.T.);
#3591=ADVANCED_FACE('',(#668,#455),#3378,.T.);
#3592=ADVANCED_FACE('',(#669,#456),#3379,.T.);
#3593=ADVANCED_FACE('',(#670),#419,.F.);
#3594=ADVANCED_FACE('',(#671),#420,.T.);
#3595=ADVANCED_FACE('',(#672,#457),#3380,.T.);
#3596=ADVANCED_FACE('',(#673,#458),#3381,.F.);
#3597=CLOSED_SHELL('',(#3382,#3383,#3384,#3385,#3386,#3387,#3388,#3389,
#3390,#3391,#3392));
#3598=CLOSED_SHELL('',(#3393,#3394,#3395,#3396,#3397,#3398,#3399,#3400));
#3599=CLOSED_SHELL('',(#3401,#3402,#3403,#3404,#3405,#3406,#3407,#3408));
#3600=CLOSED_SHELL('',(#3409,#3410,#3411,#3412,#3413,#3414,#3415,#3416));
#3601=CLOSED_SHELL('',(#3417,#3418,#3419,#3420,#3421,#3422,#3423,#3424,
#3425,#3426,#3427));
#3602=CLOSED_SHELL('',(#3428,#3429,#3430,#3431,#3432,#3433,#3434,#3435,
#3436,#3437,#3438,#3439,#3440,#3441,#3442,#3443,#3444,#3445,#3446,#3447,
#3448,#3449,#3450,#3451,#3452,#3453,#3454,#3455,#3456,#3457,#3458,#3459,
#3460,#3461,#3462,#3463,#3464,#3465,#3466,#3467,#3468,#3469,#3470,#3471,
#3472,#3473,#3474,#3475,#3476,#3477,#3478,#3479,#3480,#3481,#3482,#3483,
#3484,#3485,#3486,#3487,#3488,#3489,#3490,#3491,#3492,#3493,#3494,#3495,
#3496,#3497,#3498,#3499,#3500,#3501,#3502,#3503,#3504,#3505,#3506,#3507,
#3508,#3509,#3510,#3511,#3512,#3513,#3514,#3515,#3516,#3517,#3518,#3519,
#3520,#3521,#3522,#3523,#3524,#3525,#3526,#3527,#3528,#3529,#3530,#3531,
#3532,#3533,#3534,#3535,#3536,#3537,#3538,#3539,#3540,#3541,#3542,#3543,
#3544,#3545,#3546,#3547,#3548,#3549,#3550,#3551,#3552,#3553,#3554,#3555,
#3556,#3557,#3558,#3559,#3560,#3561,#3562,#3563,#3564,#3565,#3566,#3567,
#3568,#3569,#3570,#3571,#3572,#3573,#3574,#3575,#3576,#3577,#3578,#3579,
#3580,#3581,#3582,#3583,#3584,#3585,#3586,#3587,#3588,#3589,#3590,#3591,
#3592));
#3603=CLOSED_SHELL('',(#3593,#3594,#3595,#3596));
#3604=DERIVED_UNIT_ELEMENT(#3606,1.);
#3605=DERIVED_UNIT_ELEMENT(#8911,-3.);
#3606=(
MASS_UNIT()
NAMED_UNIT(*)
SI_UNIT(.KILO.,.GRAM.)
);
#3607=DERIVED_UNIT((#3604,#3605));
#3608=MEASURE_REPRESENTATION_ITEM('density measure',
POSITIVE_RATIO_MEASURE(7850.),#3607);
#3609=PROPERTY_DEFINITION_REPRESENTATION(#3614,#3611);
#3610=PROPERTY_DEFINITION_REPRESENTATION(#3615,#3612);
#3611=REPRESENTATION('material name',(#3613),#8908);
#3612=REPRESENTATION('density',(#3608),#8908);
#3613=DESCRIPTIVE_REPRESENTATION_ITEM('Acero','Acero');
#3614=PROPERTY_DEFINITION('material property','material name',#8923);
#3615=PROPERTY_DEFINITION('material property','density of part',#8923);
#3616=AXIS2_PLACEMENT_3D('',#4489,#3822,#3823);
#3617=AXIS2_PLACEMENT_3D('',#4490,#3824,#3825);
#3618=AXIS2_PLACEMENT_3D('',#4491,#3826,#3827);
#3619=AXIS2_PLACEMENT_3D('',#4500,#3832,#3833);
#3620=AXIS2_PLACEMENT_3D('',#4506,#3837,#3838);
#3621=AXIS2_PLACEMENT_3D('',#4512,#3842,#3843);
#3622=AXIS2_PLACEMENT_3D('',#4515,#3846,#3847);
#3623=AXIS2_PLACEMENT_3D('',#4524,#3852,#3853);
#3624=AXIS2_PLACEMENT_3D('',#4530,#3857,#3858);
#3625=AXIS2_PLACEMENT_3D('',#4534,#3861,#3862);
#3626=AXIS2_PLACEMENT_3D('',#4538,#3865,#3866);
#3627=AXIS2_PLACEMENT_3D('',#4540,#3868,#3869);
#3628=AXIS2_PLACEMENT_3D('',#4541,#3870,#3871);
#3629=AXIS2_PLACEMENT_3D('',#4542,#3872,#3873);
#3630=AXIS2_PLACEMENT_3D('',#4544,#3874,#3875);
#3631=AXIS2_PLACEMENT_3D('',#4547,#3877,#3878);
#3632=AXIS2_PLACEMENT_3D('',#4548,#3879,#3880);
#3633=AXIS2_PLACEMENT_3D('',#4550,#3881,#3882);
#3634=AXIS2_PLACEMENT_3D('',#4551,#3883,#3884);
#3635=AXIS2_PLACEMENT_3D('',#4553,#3885,#3886);
#3636=AXIS2_PLACEMENT_3D('',#4555,#3888,#3889);
#3637=AXIS2_PLACEMENT_3D('',#4557,#3890,#3891);
#3638=AXIS2_PLACEMENT_3D('',#4558,#3892,#3893);
#3639=AXIS2_PLACEMENT_3D('',#4560,#3894,#3895);
#3640=AXIS2_PLACEMENT_3D('',#4562,#3897,#3898);
#3641=AXIS2_PLACEMENT_3D('',#4564,#3899,#3900);
#3642=AXIS2_PLACEMENT_3D('',#4566,#3902,#3903);
#3643=AXIS2_PLACEMENT_3D('',#4568,#3904,#3905);
#3644=AXIS2_PLACEMENT_3D('',#4570,#3907,#3908);
#3645=AXIS2_PLACEMENT_3D('',#4571,#3909,#3910);
#3646=AXIS2_PLACEMENT_3D('',#4573,#3911,#3912);
#3647=AXIS2_PLACEMENT_3D('',#4576,#3914,#3915);
#3648=AXIS2_PLACEMENT_3D('',#4577,#3916,#3917);
#3649=AXIS2_PLACEMENT_3D('',#4579,#3918,#3919);
#3650=AXIS2_PLACEMENT_3D('',#4580,#3920,#3921);
#3651=AXIS2_PLACEMENT_3D('',#4582,#3922,#3923);
#3652=AXIS2_PLACEMENT_3D('',#4584,#3925,#3926);
#3653=AXIS2_PLACEMENT_3D('',#4586,#3927,#3928);
#3654=AXIS2_PLACEMENT_3D('',#4587,#3929,#3930);
#3655=AXIS2_PLACEMENT_3D('',#4589,#3931,#3932);
#3656=AXIS2_PLACEMENT_3D('',#4591,#3934,#3935);
#3657=AXIS2_PLACEMENT_3D('',#4593,#3936,#3937);
#3658=AXIS2_PLACEMENT_3D('',#4595,#3939,#3940);
#3659=AXIS2_PLACEMENT_3D('',#4597,#3941,#3942);
#3660=AXIS2_PLACEMENT_3D('',#4599,#3944,#3945);
#3661=AXIS2_PLACEMENT_3D('',#4600,#3946,#3947);
#3662=AXIS2_PLACEMENT_3D('',#4602,#3948,#3949);
#3663=AXIS2_PLACEMENT_3D('',#4605,#3951,#3952);
#3664=AXIS2_PLACEMENT_3D('',#4606,#3953,#3954);
#3665=AXIS2_PLACEMENT_3D('',#4608,#3955,#3956);
#3666=AXIS2_PLACEMENT_3D('',#4609,#3957,#3958);
#3667=AXIS2_PLACEMENT_3D('',#4611,#3959,#3960);
#3668=AXIS2_PLACEMENT_3D('',#4613,#3962,#3963);
#3669=AXIS2_PLACEMENT_3D('',#4615,#3964,#3965);
#3670=AXIS2_PLACEMENT_3D('',#4616,#3966,#3967);
#3671=AXIS2_PLACEMENT_3D('',#4618,#3968,#3969);
#3672=AXIS2_PLACEMENT_3D('',#4620,#3971,#3972);
#3673=AXIS2_PLACEMENT_3D('',#4622,#3973,#3974);
#3674=AXIS2_PLACEMENT_3D('',#4624,#3976,#3977);
#3675=AXIS2_PLACEMENT_3D('',#4626,#3978,#3979);
#3676=AXIS2_PLACEMENT_3D('',#4628,#3981,#3982);
#3677=AXIS2_PLACEMENT_3D('',#4629,#3983,#3984);
#3678=AXIS2_PLACEMENT_3D('',#4632,#3985,#3986);
#3679=AXIS2_PLACEMENT_3D('',#4636,#3988,#3989);
#3680=AXIS2_PLACEMENT_3D('',#4637,#3990,#3991);
#3681=AXIS2_PLACEMENT_3D('',#4638,#3992,#3993);
#3682=AXIS2_PLACEMENT_3D('',#4639,#3994,#3995);
#3683=AXIS2_PLACEMENT_3D('',#4641,#3996,#3997);
#3684=AXIS2_PLACEMENT_3D('',#4644,#3999,#4000);
#3685=AXIS2_PLACEMENT_3D('',#4645,#4001,#4002);
#3686=AXIS2_PLACEMENT_3D('',#4647,#4003,#4004);
#3687=AXIS2_PLACEMENT_3D('',#4648,#4005,#4006);
#3688=AXIS2_PLACEMENT_3D('',#4650,#4007,#4008);
#3689=AXIS2_PLACEMENT_3D('',#4652,#4010,#4011);
#3690=AXIS2_PLACEMENT_3D('',#4654,#4012,#4013);
#3691=AXIS2_PLACEMENT_3D('',#4657,#4015,#4016);
#3692=AXIS2_PLACEMENT_3D('',#4658,#4017,#4018);
#3693=AXIS2_PLACEMENT_3D('',#4660,#4020,#4021);
#3694=AXIS2_PLACEMENT_3D('',#4662,#4022,#4023);
#3695=AXIS2_PLACEMENT_3D('',#4665,#4025,#4026);
#3696=AXIS2_PLACEMENT_3D('',#4666,#4027,#4028);
#3697=AXIS2_PLACEMENT_3D('',#4668,#4029,#4030);
#3698=AXIS2_PLACEMENT_3D('',#4669,#4031,#4032);
#3699=AXIS2_PLACEMENT_3D('',#4671,#4034,#4035);
#3700=AXIS2_PLACEMENT_3D('',#4672,#4036,#4037);
#3701=AXIS2_PLACEMENT_3D('',#4673,#4038,#4039);
#3702=AXIS2_PLACEMENT_3D('',#4728,#4046,#4047);
#3703=AXIS2_PLACEMENT_3D('',#4780,#4053,#4054);
#3704=AXIS2_PLACEMENT_3D('',#4786,#4058,#4059);
#3705=AXIS2_PLACEMENT_3D('',#4792,#4063,#4064);
#3706=AXIS2_PLACEMENT_3D('',#4795,#4067,#4068);
#3707=AXIS2_PLACEMENT_3D('',#4796,#4069,#4070);
#3708=AXIS2_PLACEMENT_3D('',#4920,#4080,#4081);
#3709=AXIS2_PLACEMENT_3D('',#4926,#4085,#4086);
#3710=AXIS2_PLACEMENT_3D('',#4932,#4090,#4091);
#3711=AXIS2_PLACEMENT_3D('',#5053,#4100,#4101);
#3712=AXIS2_PLACEMENT_3D('',#5059,#4105,#4106);
#3713=AXIS2_PLACEMENT_3D('',#5065,#4110,#4111);
#3714=AXIS2_PLACEMENT_3D('',#5232,#4122,#4123);
#3715=AXIS2_PLACEMENT_3D('',#5238,#4127,#4128);
#3716=AXIS2_PLACEMENT_3D('',#5244,#4132,#4133);
#3717=AXIS2_PLACEMENT_3D('',#5250,#4137,#4138);
#3718=AXIS2_PLACEMENT_3D('',#5253,#4141,#4142);
#3719=AXIS2_PLACEMENT_3D('',#5254,#4143,#4144);
#3720=AXIS2_PLACEMENT_3D('',#5378,#4154,#4155);
#3721=AXIS2_PLACEMENT_3D('',#5384,#4159,#4160);
#3722=AXIS2_PLACEMENT_3D('',#5390,#4164,#4165);
#3723=AXIS2_PLACEMENT_3D('',#5511,#4174,#4175);
#3724=AXIS2_PLACEMENT_3D('',#5517,#4179,#4180);
#3725=AXIS2_PLACEMENT_3D('',#5523,#4184,#4185);
#3726=AXIS2_PLACEMENT_3D('',#5690,#4196,#4197);
#3727=AXIS2_PLACEMENT_3D('',#5696,#4201,#4202);
#3728=AXIS2_PLACEMENT_3D('',#5702,#4206,#4207);
#3729=AXIS2_PLACEMENT_3D('',#5708,#4211,#4212);
#3730=AXIS2_PLACEMENT_3D('',#5711,#4215,#4216);
#3731=AXIS2_PLACEMENT_3D('',#5991,#4230,#4231);
#3732=AXIS2_PLACEMENT_3D('',#6158,#4242,#4243);
#3733=AXIS2_PLACEMENT_3D('',#6325,#4254,#4255);
#3734=AXIS2_PLACEMENT_3D('',#6351,#4259,#4260);
#3735=AXIS2_PLACEMENT_3D('',#6399,#4261,#4262);
#3736=AXIS2_PLACEMENT_3D('',#6401,#4263,#4264);
#3737=AXIS2_PLACEMENT_3D('',#6402,#4265,#4266);
#3738=AXIS2_PLACEMENT_3D('',#6450,#4267,#4268);
#3739=AXIS2_PLACEMENT_3D('',#6452,#4269,#4270);
#3740=AXIS2_PLACEMENT_3D('',#6453,#4271,#4272);
#3741=AXIS2_PLACEMENT_3D('',#6501,#4273,#4274);
#3742=AXIS2_PLACEMENT_3D('',#6503,#4275,#4276);
#3743=AXIS2_PLACEMENT_3D('',#6504,#4277,#4278);
#3744=AXIS2_PLACEMENT_3D('',#6552,#4279,#4280);
#3745=AXIS2_PLACEMENT_3D('',#6554,#4281,#4282);
#3746=AXIS2_PLACEMENT_3D('',#6555,#4283,#4284);
#3747=AXIS2_PLACEMENT_3D('',#6603,#4285,#4286);
#3748=AXIS2_PLACEMENT_3D('',#6605,#4287,#4288);
#3749=AXIS2_PLACEMENT_3D('',#6606,#4289,#4290);
#3750=AXIS2_PLACEMENT_3D('',#6654,#4291,#4292);
#3751=AXIS2_PLACEMENT_3D('',#6656,#4293,#4294);
#3752=AXIS2_PLACEMENT_3D('',#6657,#4295,#4296);
#3753=AXIS2_PLACEMENT_3D('',#6705,#4297,#4298);
#3754=AXIS2_PLACEMENT_3D('',#6707,#4299,#4300);
#3755=AXIS2_PLACEMENT_3D('',#6708,#4301,#4302);
#3756=AXIS2_PLACEMENT_3D('',#6717,#4303,#4304);
#3757=AXIS2_PLACEMENT_3D('',#6752,#4307,#4308);
#3758=AXIS2_PLACEMENT_3D('',#6778,#4310,#4311);
#3759=AXIS2_PLACEMENT_3D('',#6817,#4313,#4314);
#3760=AXIS2_PLACEMENT_3D('',#6893,#4317,#4318);
#3761=AXIS2_PLACEMENT_3D('',#6895,#4319,#4320);
#3762=AXIS2_PLACEMENT_3D('',#6896,#4321,#4322);
#3763=AXIS2_PLACEMENT_3D('',#6897,#4323,#4324);
#3764=AXIS2_PLACEMENT_3D('',#6900,#4325,#4326);
#3765=AXIS2_PLACEMENT_3D('',#6955,#4329,#4330);
#3766=AXIS2_PLACEMENT_3D('',#6993,#4331,#4332);
#3767=AXIS2_PLACEMENT_3D('',#6997,#4334,#4335);
#3768=AXIS2_PLACEMENT_3D('',#7031,#4337,#4338);
#3769=AXIS2_PLACEMENT_3D('',#7053,#4339,#4340);
#3770=AXIS2_PLACEMENT_3D('',#7064,#4343,#4344);
#3771=AXIS2_PLACEMENT_3D('',#7139,#4347,#4348);
#3772=AXIS2_PLACEMENT_3D('',#7197,#4350,#4351);
#3773=AXIS2_PLACEMENT_3D('',#7281,#4353,#4354);
#3774=AXIS2_PLACEMENT_3D('',#7370,#4363,#4364);
#3775=AXIS2_PLACEMENT_3D('',#7373,#4367,#4368);
#3776=AXIS2_PLACEMENT_3D('',#7376,#4369,#4370);
#3777=AXIS2_PLACEMENT_3D('',#7451,#4373,#4374);
#3778=AXIS2_PLACEMENT_3D('',#7500,#4375,#4376);
#3779=AXIS2_PLACEMENT_3D('',#7504,#4378,#4379);
#3780=AXIS2_PLACEMENT_3D('',#7578,#4381,#4382);
#3781=AXIS2_PLACEMENT_3D('',#7627,#4383,#4384);
#3782=AXIS2_PLACEMENT_3D('',#7654,#4393,#4394);
#3783=AXIS2_PLACEMENT_3D('',#7929,#4397,#4398);
#3784=AXIS2_PLACEMENT_3D('',#7930,#4399,#4400);
#3785=AXIS2_PLACEMENT_3D('',#7941,#4401,#4402);
#3786=AXIS2_PLACEMENT_3D('',#7952,#4403,#4404);
#3787=AXIS2_PLACEMENT_3D('',#8048,#4405,#4406);
#3788=AXIS2_PLACEMENT_3D('',#8262,#4407,#4408);
#3789=AXIS2_PLACEMENT_3D('',#8263,#4409,#4410);
#3790=AXIS2_PLACEMENT_3D('',#8264,#4411,#4412);
#3791=AXIS2_PLACEMENT_3D('',#8265,#4413,#4414);
#3792=AXIS2_PLACEMENT_3D('',#8266,#4415,#4416);
#3793=AXIS2_PLACEMENT_3D('',#8502,#4418,#4419);
#3794=AXIS2_PLACEMENT_3D('',#8523,#4421,#4422);
#3795=AXIS2_PLACEMENT_3D('',#8544,#4424,#4425);
#3796=AXIS2_PLACEMENT_3D('',#8780,#4427,#4428);
#3797=AXIS2_PLACEMENT_3D('',#8781,#4429,#4430);
#3798=AXIS2_PLACEMENT_3D('',#8783,#4431,#4432);
#3799=AXIS2_PLACEMENT_3D('',#8805,#4434,#4435);
#3800=AXIS2_PLACEMENT_3D('',#8807,#4437,#4438);
#3801=AXIS2_PLACEMENT_3D('',#8809,#4439,#4440);
#3802=AXIS2_PLACEMENT_3D('',#8831,#4442,#4443);
#3803=AXIS2_PLACEMENT_3D('',#8833,#4445,#4446);
#3804=AXIS2_PLACEMENT_3D('',#8835,#4447,#4448);
#3805=AXIS2_PLACEMENT_3D('',#8857,#4450,#4451);
#3806=AXIS2_PLACEMENT_3D('',#8859,#4453,#4454);
#3807=AXIS2_PLACEMENT_3D('',#8861,#4455,#4456);
#3808=AXIS2_PLACEMENT_3D('',#8883,#4458,#4459);
#3809=AXIS2_PLACEMENT_3D('',#8885,#4461,#4462);
#3810=AXIS2_PLACEMENT_3D('',#8886,#4463,#4464);
#3811=AXIS2_PLACEMENT_3D('',#8887,#4465,#4466);
#3812=AXIS2_PLACEMENT_3D('',#8888,#4467,#4468);
#3813=AXIS2_PLACEMENT_3D('',#8889,#4469,#4470);
#3814=AXIS2_PLACEMENT_3D('',#8891,#4471,#4472);
#3815=AXIS2_PLACEMENT_3D('',#8894,#4474,#4475);
#3816=AXIS2_PLACEMENT_3D('',#8895,#4476,#4477);
#3817=AXIS2_PLACEMENT_3D('',#8897,#4478,#4479);
#3818=AXIS2_PLACEMENT_3D('',#8900,#4481,#4482);
#3819=AXIS2_PLACEMENT_3D('',#8901,#4483,#4484);
#3820=AXIS2_PLACEMENT_3D('',#8902,#4485,#4486);
#3821=AXIS2_PLACEMENT_3D('',#8903,#4487,#4488);
#3822=DIRECTION('axis',(0.,0.,1.));
#3823=DIRECTION('refdir',(1.,0.,0.));
#3824=DIRECTION('axis',(0.,0.,1.));
#3825=DIRECTION('refdir',(1.,0.,0.));
#3826=DIRECTION('center_axis',(-1.,0.,0.));
#3827=DIRECTION('ref_axis',(0.,2.22044604925031E-16,1.));
#3828=DIRECTION('',(0.,-2.22044604925031E-16,-1.));
#3829=DIRECTION('',(0.,1.,-2.22044604925031E-16));
#3830=DIRECTION('',(0.,2.22044604925031E-16,1.));
#3831=DIRECTION('',(0.,1.,-2.22044604925031E-16));
#3832=DIRECTION('center_axis',(0.,-2.22044604925031E-16,-1.));
#3833=DIRECTION('ref_axis',(-1.,0.,0.));
#3834=DIRECTION('',(1.,0.,0.));
#3835=DIRECTION('',(0.,1.,-2.22044604925031E-16));
#3836=DIRECTION('',(-1.,0.,0.));
#3837=DIRECTION('center_axis',(0.,2.22044604925031E-16,1.));
#3838=DIRECTION('ref_axis',(1.,0.,0.));
#3839=DIRECTION('',(-1.,0.,0.));
#3840=DIRECTION('',(1.,0.,0.));
#3841=DIRECTION('',(0.,1.,-2.22044604925031E-16));
#3842=DIRECTION('center_axis',(1.,1.12054105855257E-32,5.04646829375071E-17));
#3843=DIRECTION('ref_axis',(5.04646829375071E-17,-2.22044604925031E-16,
-1.));
#3844=DIRECTION('',(-5.04646829375071E-17,2.22044604925031E-16,1.));
#3845=DIRECTION('',(5.04646829375071E-17,-2.22044604925031E-16,-1.));
#3846=DIRECTION('center_axis',(0.,1.,-2.22044604925031E-16));
#3847=DIRECTION('ref_axis',(1.,0.,0.));
#3848=DIRECTION('',(0.,2.22044604925031E-16,1.));
#3849=DIRECTION('',(1.,0.,0.));
#3850=DIRECTION('',(0.,-2.22044604925031E-16,-1.));
#3851=DIRECTION('',(-1.,0.,0.));
#3852=DIRECTION('center_axis',(0.,-2.22044604925031E-16,-1.));
#3853=DIRECTION('ref_axis',(-1.,0.,0.));
#3854=DIRECTION('',(-1.,0.,0.));
#3855=DIRECTION('',(0.,1.,-2.22044604925031E-16));
#3856=DIRECTION('',(0.,1.,-2.22044604925031E-16));
#3857=DIRECTION('center_axis',(1.,0.,0.));
#3858=DIRECTION('ref_axis',(0.,-2.22044604925031E-16,-1.));
#3859=DIRECTION('',(0.,-2.22044604925031E-16,-1.));
#3860=DIRECTION('',(0.,1.,-2.22044604925031E-16));
#3861=DIRECTION('center_axis',(0.,2.22044604925031E-16,1.));
#3862=DIRECTION('ref_axis',(1.,0.,0.));
#3863=DIRECTION('',(1.,0.,0.));
#3864=DIRECTION('',(0.,1.,-2.22044604925031E-16));
#3865=DIRECTION('center_axis',(-1.,0.,0.));
#3866=DIRECTION('ref_axis',(0.,2.22044604925031E-16,1.));
#3867=DIRECTION('',(0.,2.22044604925031E-16,1.));
#3868=DIRECTION('center_axis',(0.,1.,-2.22044604925031E-16));
#3869=DIRECTION('ref_axis',(1.,0.,0.));
#3870=DIRECTION('center_axis',(0.,1.,-2.22044604925031E-16));
#3871=DIRECTION('ref_axis',(1.,0.,0.));
#3872=DIRECTION('center_axis',(6.12323399573677E-17,1.,-9.95799250102959E-17));
#3873=DIRECTION('ref_axis',(-7.49879891330929E-33,9.9579925010296E-17,1.));
#3874=DIRECTION('center_axis',(6.12323399573677E-17,1.,-9.95799250102959E-17));
#3875=DIRECTION('ref_axis',(-7.49879891330929E-33,9.9579925010296E-17,1.));
#3876=DIRECTION('',(6.12323399573677E-17,1.,-9.95799250102959E-17));
#3877=DIRECTION('center_axis',(-6.12323399573677E-17,-1.,9.95799250102959E-17));
#3878=DIRECTION('ref_axis',(-7.49879891330929E-33,9.9579925010296E-17,1.));
#3879=DIRECTION('center_axis',(-6.12323399573677E-17,-1.,9.95799250102959E-17));
#3880=DIRECTION('ref_axis',(-7.49879891330929E-33,9.95799250102959E-17,
1.));
#3881=DIRECTION('center_axis',(6.12323399573677E-17,1.,-9.95799250102959E-17));
#3882=DIRECTION('ref_axis',(-7.49879891330929E-33,9.95799250102959E-17,
1.));
#3883=DIRECTION('center_axis',(6.12323399573677E-17,1.,-9.95799250102959E-17));
#3884=DIRECTION('ref_axis',(-7.49879891330929E-33,9.95799250102959E-17,
1.));
#3885=DIRECTION('center_axis',(6.12323399573677E-17,1.,-9.95799250102959E-17));
#3886=DIRECTION('ref_axis',(-7.49879891330929E-33,9.95799250102959E-17,
1.));
#3887=DIRECTION('',(6.12323399573677E-17,1.,-9.95799250102959E-17));
#3888=DIRECTION('center_axis',(6.12323399573677E-17,1.,-9.95799250102959E-17));
#3889=DIRECTION('ref_axis',(-7.49879891330929E-33,9.95799250102959E-17,
1.));
#3890=DIRECTION('center_axis',(-6.12323399573677E-17,-1.,9.95799250102959E-17));
#3891=DIRECTION('ref_axis',(7.49879891330929E-33,-9.95799250102959E-17,
-1.));
#3892=DIRECTION('center_axis',(-6.12323399573677E-17,-1.,9.95799250102959E-17));
#3893=DIRECTION('ref_axis',(-1.,6.12323399573677E-17,-1.35963107344689E-32));
#3894=DIRECTION('center_axis',(-6.12323399573677E-17,-1.,9.95799250102959E-17));
#3895=DIRECTION('ref_axis',(7.49879891330929E-33,-9.9579925010296E-17,-1.));
#3896=DIRECTION('',(-0.707106781186546,0.707106781186549,-1.57009245868377E-16));
#3897=DIRECTION('center_axis',(-6.12323399573677E-17,-1.,9.95799250102959E-17));
#3898=DIRECTION('ref_axis',(-1.,6.12323399573677E-17,-1.35963107344689E-32));
#3899=DIRECTION('center_axis',(-6.12323399573677E-17,-1.,9.95799250102959E-17));
#3900=DIRECTION('ref_axis',(7.49879891330929E-33,-9.9579925010296E-17,-1.));
#3901=DIRECTION('',(6.12323399573677E-17,1.,-9.95799250102959E-17));
#3902=DIRECTION('center_axis',(6.12323399573677E-17,1.,-9.95799250102959E-17));
#3903=DIRECTION('ref_axis',(-1.,6.12323399573677E-17,-1.35963107344689E-32));
#3904=DIRECTION('center_axis',(-6.12323399573677E-17,-1.,9.95799250102959E-17));
#3905=DIRECTION('ref_axis',(7.49879891330929E-33,-9.9579925010296E-17,-1.));
#3906=DIRECTION('',(0.707106781186546,0.707106781186548,1.6181965378721E-17));
#3907=DIRECTION('center_axis',(-6.12323399573677E-17,-1.,9.95799250102959E-17));
#3908=DIRECTION('ref_axis',(7.49879891330929E-33,-9.95799250102959E-17,
-1.));
#3909=DIRECTION('center_axis',(6.12323399573677E-17,1.,-9.95799250102959E-17));
#3910=DIRECTION('ref_axis',(-7.49879891330929E-33,9.9579925010296E-17,1.));
#3911=DIRECTION('center_axis',(6.12323399573677E-17,1.,-9.95799250102959E-17));
#3912=DIRECTION('ref_axis',(-7.49879891330929E-33,9.9579925010296E-17,1.));
#3913=DIRECTION('',(6.12323399573677E-17,1.,-9.95799250102959E-17));
#3914=DIRECTION('center_axis',(-6.12323399573677E-17,-1.,9.95799250102959E-17));
#3915=DIRECTION('ref_axis',(-7.49879891330929E-33,9.9579925010296E-17,1.));
#3916=DIRECTION('center_axis',(-6.12323399573677E-17,-1.,9.95799250102959E-17));
#3917=DIRECTION('ref_axis',(-7.49879891330929E-33,9.95799250102959E-17,
1.));
#3918=DIRECTION('center_axis',(6.12323399573677E-17,1.,-9.95799250102959E-17));
#3919=DIRECTION('ref_axis',(-7.49879891330929E-33,9.95799250102959E-17,
1.));
#3920=DIRECTION('center_axis',(6.12323399573677E-17,1.,-9.95799250102959E-17));
#3921=DIRECTION('ref_axis',(-7.49879891330929E-33,9.95799250102959E-17,
1.));
#3922=DIRECTION('center_axis',(6.12323399573677E-17,1.,-9.95799250102959E-17));
#3923=DIRECTION('ref_axis',(-7.49879891330929E-33,9.95799250102959E-17,
1.));
#3924=DIRECTION('',(6.12323399573677E-17,1.,-9.95799250102959E-17));
#3925=DIRECTION('center_axis',(6.12323399573677E-17,1.,-9.95799250102959E-17));
#3926=DIRECTION('ref_axis',(-7.49879891330929E-33,9.95799250102959E-17,
1.));
#3927=DIRECTION('center_axis',(-6.12323399573677E-17,-1.,9.95799250102959E-17));
#3928=DIRECTION('ref_axis',(7.49879891330929E-33,-9.95799250102959E-17,
-1.));
#3929=DIRECTION('center_axis',(-6.12323399573677E-17,-1.,9.95799250102959E-17));
#3930=DIRECTION('ref_axis',(-1.,6.12323399573677E-17,-1.35963107344689E-32));
#3931=DIRECTION('center_axis',(-6.12323399573677E-17,-1.,9.95799250102959E-17));
#3932=DIRECTION('ref_axis',(7.49879891330929E-33,-9.9579925010296E-17,-1.));
#3933=DIRECTION('',(-0.707106781186546,0.707106781186549,-1.57009245868377E-16));
#3934=DIRECTION('center_axis',(-6.12323399573677E-17,-1.,9.95799250102959E-17));
#3935=DIRECTION('ref_axis',(-1.,6.12323399573677E-17,-1.35963107344689E-32));
#3936=DIRECTION('center_axis',(-6.12323399573677E-17,-1.,9.95799250102959E-17));
#3937=DIRECTION('ref_axis',(7.49879891330929E-33,-9.9579925010296E-17,-1.));
#3938=DIRECTION('',(6.12323399573677E-17,1.,-9.95799250102959E-17));
#3939=DIRECTION('center_axis',(6.12323399573677E-17,1.,-9.95799250102959E-17));
#3940=DIRECTION('ref_axis',(-1.,6.12323399573677E-17,-1.35963107344689E-32));
#3941=DIRECTION('center_axis',(-6.12323399573677E-17,-1.,9.95799250102959E-17));
#3942=DIRECTION('ref_axis',(7.49879891330929E-33,-9.9579925010296E-17,-1.));
#3943=DIRECTION('',(0.707106781186546,0.707106781186549,1.6181965378721E-17));
#3944=DIRECTION('center_axis',(-6.12323399573677E-17,-1.,9.95799250102959E-17));
#3945=DIRECTION('ref_axis',(7.49879891330929E-33,-9.95799250102959E-17,
-1.));
#3946=DIRECTION('center_axis',(6.12323399573677E-17,1.,-9.95799250102959E-17));
#3947=DIRECTION('ref_axis',(-7.49879891330929E-33,9.9579925010296E-17,1.));
#3948=DIRECTION('center_axis',(6.12323399573677E-17,1.,-9.95799250102959E-17));
#3949=DIRECTION('ref_axis',(-7.49879891330929E-33,9.9579925010296E-17,1.));
#3950=DIRECTION('',(6.12323399573677E-17,1.,-9.95799250102959E-17));
#3951=DIRECTION('center_axis',(-6.12323399573677E-17,-1.,9.95799250102959E-17));
#3952=DIRECTION('ref_axis',(-7.49879891330929E-33,9.9579925010296E-17,1.));
#3953=DIRECTION('center_axis',(-6.12323399573677E-17,-1.,9.95799250102959E-17));
#3954=DIRECTION('ref_axis',(-7.49879891330929E-33,9.95799250102959E-17,
1.));
#3955=DIRECTION('center_axis',(6.12323399573677E-17,1.,-9.95799250102959E-17));
#3956=DIRECTION('ref_axis',(-7.49879891330929E-33,9.95799250102959E-17,
1.));
#3957=DIRECTION('center_axis',(6.12323399573677E-17,1.,-9.95799250102959E-17));
#3958=DIRECTION('ref_axis',(-7.49879891330929E-33,9.95799250102959E-17,
1.));
#3959=DIRECTION('center_axis',(6.12323399573677E-17,1.,-9.95799250102959E-17));
#3960=DIRECTION('ref_axis',(-7.49879891330929E-33,9.95799250102959E-17,
1.));
#3961=DIRECTION('',(6.12323399573677E-17,1.,-9.95799250102959E-17));
#3962=DIRECTION('center_axis',(6.12323399573677E-17,1.,-9.95799250102959E-17));
#3963=DIRECTION('ref_axis',(-7.49879891330929E-33,9.95799250102959E-17,
1.));
#3964=DIRECTION('center_axis',(-6.12323399573677E-17,-1.,9.95799250102959E-17));
#3965=DIRECTION('ref_axis',(7.49879891330929E-33,-9.95799250102959E-17,
-1.));
#3966=DIRECTION('center_axis',(-6.12323399573677E-17,-1.,9.95799250102959E-17));
#3967=DIRECTION('ref_axis',(-1.,6.12323399573677E-17,-1.35963107344689E-32));
#3968=DIRECTION('center_axis',(-6.12323399573677E-17,-1.,9.95799250102959E-17));
#3969=DIRECTION('ref_axis',(7.49879891330929E-33,-9.9579925010296E-17,-1.));
#3970=DIRECTION('',(-0.707106781186546,0.707106781186549,-1.57009245868377E-16));
#3971=DIRECTION('center_axis',(-6.12323399573677E-17,-1.,9.95799250102959E-17));
#3972=DIRECTION('ref_axis',(-1.,6.12323399573677E-17,-1.35963107344689E-32));
#3973=DIRECTION('center_axis',(-6.12323399573677E-17,-1.,9.95799250102959E-17));
#3974=DIRECTION('ref_axis',(7.49879891330929E-33,-9.9579925010296E-17,-1.));
#3975=DIRECTION('',(6.12323399573677E-17,1.,-9.95799250102959E-17));
#3976=DIRECTION('center_axis',(6.12323399573677E-17,1.,-9.95799250102959E-17));
#3977=DIRECTION('ref_axis',(-1.,6.12323399573677E-17,-1.35963107344689E-32));
#3978=DIRECTION('center_axis',(-6.12323399573677E-17,-1.,9.95799250102959E-17));
#3979=DIRECTION('ref_axis',(7.49879891330929E-33,-9.9579925010296E-17,-1.));
#3980=DIRECTION('',(0.707106781186546,0.707106781186548,1.6181965378721E-17));
#3981=DIRECTION('center_axis',(-6.12323399573677E-17,-1.,9.95799250102959E-17));
#3982=DIRECTION('ref_axis',(7.49879891330929E-33,-9.95799250102959E-17,
-1.));
#3983=DIRECTION('center_axis',(-6.12323399573677E-17,-1.,2.22044604925031E-16));
#3984=DIRECTION('ref_axis',(0.,-2.22044604925031E-16,-1.));
#3985=DIRECTION('center_axis',(6.12323399573677E-17,1.,-2.22044604925031E-16));
#3986=DIRECTION('ref_axis',(0.,-2.22044604925031E-16,-1.));
#3987=DIRECTION('',(-6.12323399573677E-17,-1.,2.22044604925031E-16));
#3988=DIRECTION('center_axis',(-6.12323399573677E-17,-1.,2.22044604925031E-16));
#3989=DIRECTION('ref_axis',(0.,-2.22044604925031E-16,-1.));
#3990=DIRECTION('center_axis',(-6.12323399573677E-17,-1.,2.22044604925031E-16));
#3991=DIRECTION('ref_axis',(0.,-2.22044604925031E-16,-1.));
#3992=DIRECTION('center_axis',(6.12323399573677E-17,1.,-2.22044604925031E-16));
#3993=DIRECTION('ref_axis',(0.,-2.22044604925031E-16,-1.));
#3994=DIRECTION('center_axis',(6.12323399573677E-17,1.,-2.22044604925031E-16));
#3995=DIRECTION('ref_axis',(0.,2.22044604925031E-16,1.));
#3996=DIRECTION('center_axis',(6.12323399573677E-17,1.,-9.95799250102959E-17));
#3997=DIRECTION('ref_axis',(0.,2.22044604925031E-16,1.));
#3998=DIRECTION('',(6.12323399573677E-17,1.,-2.22044604925031E-16));
#3999=DIRECTION('center_axis',(6.12323399573677E-17,1.,-2.22044604925031E-16));
#4000=DIRECTION('ref_axis',(0.,2.22044604925031E-16,1.));
#4001=DIRECTION('center_axis',(-6.12323399573677E-17,-1.,2.22044604925031E-16));
#4002=DIRECTION('ref_axis',(0.,2.22044604925031E-16,1.));
#4003=DIRECTION('center_axis',(-6.12323399573677E-17,-1.,2.22044604925031E-16));
#4004=DIRECTION('ref_axis',(-7.49879891330929E-33,9.95799250102959E-17,
1.));
#4005=DIRECTION('center_axis',(-6.12323399573677E-17,-1.,2.22044604925031E-16));
#4006=DIRECTION('ref_axis',(0.,2.22044604925031E-16,1.));
#4007=DIRECTION('center_axis',(6.12323399573677E-17,1.,-2.22044604925031E-16));
#4008=DIRECTION('ref_axis',(0.,2.22044604925031E-16,1.));
#4009=DIRECTION('',(-1.2989340843533E-16,-0.707106781186445,-0.70710678118665));
#4010=DIRECTION('center_axis',(6.12323399573677E-17,1.,-2.22044604925031E-16));
#4011=DIRECTION('ref_axis',(0.,2.22044604925031E-16,1.));
#4012=DIRECTION('center_axis',(6.12323399573677E-17,1.,-2.22044604925031E-16));
#4013=DIRECTION('ref_axis',(0.,2.22044604925031E-16,1.));
#4014=DIRECTION('',(1.22458066862405E-16,-0.000107987679119801,0.99999999416933));
#4015=DIRECTION('center_axis',(-6.12323399573677E-17,-1.,9.95799250102959E-17));
#4016=DIRECTION('ref_axis',(7.49879891330929E-33,-9.9579925010296E-17,-1.));
#4017=DIRECTION('center_axis',(6.12323399573677E-17,1.,-2.22044604925031E-16));
#4018=DIRECTION('ref_axis',(0.,2.22044604925031E-16,1.));
#4019=DIRECTION('',(4.32978028122023E-17,-0.707106781184219,0.707106781188876));
#4020=DIRECTION('center_axis',(6.12323399573677E-17,1.,-9.95799250102959E-17));
#4021=DIRECTION('ref_axis',(-7.49879891330929E-33,9.9579925010296E-17,1.));
#4022=DIRECTION('center_axis',(6.12323399573677E-17,1.,-9.95799250102959E-17));
#4023=DIRECTION('ref_axis',(-7.49879891330929E-33,9.9579925010296E-17,1.));
#4024=DIRECTION('',(6.12323399573677E-17,1.,-9.95799250102959E-17));
#4025=DIRECTION('center_axis',(-6.12323399573677E-17,-1.,9.95799250102959E-17));
#4026=DIRECTION('ref_axis',(-7.49879891330929E-33,9.9579925010296E-17,1.));
#4027=DIRECTION('center_axis',(-6.12323399573677E-17,-1.,9.95799250102959E-17));
#4028=DIRECTION('ref_axis',(-7.49879891330929E-33,9.95799250102959E-17,
1.));
#4029=DIRECTION('center_axis',(6.12323399573677E-17,1.,-9.95799250102959E-17));
#4030=DIRECTION('ref_axis',(-7.49879891330929E-33,9.95799250102959E-17,
1.));
#4031=DIRECTION('center_axis',(6.12323399573677E-17,1.,-9.95799250102959E-17));
#4032=DIRECTION('ref_axis',(-7.49879891330929E-33,9.95799250102959E-17,
1.));
#4033=DIRECTION('',(6.12323399573677E-17,1.,-9.95799250102959E-17));
#4034=DIRECTION('center_axis',(6.12323399573677E-17,1.,-9.95799250102959E-17));
#4035=DIRECTION('ref_axis',(-7.49879891330929E-33,9.95799250102959E-17,
1.));
#4036=DIRECTION('center_axis',(-6.12323399573677E-17,-1.,9.95799250102959E-17));
#4037=DIRECTION('ref_axis',(7.49879891330929E-33,-9.95799250102959E-17,
-1.));
#4038=DIRECTION('center_axis',(1.,-6.12323399573677E-17,1.35963107344689E-32));
#4039=DIRECTION('ref_axis',(0.,-2.22044604925031E-16,-1.));
#4040=DIRECTION('',(0.,-2.22044604925031E-16,-1.));
#4041=DIRECTION('',(6.12323399573677E-17,1.,-2.22044604925031E-16));
#4042=DIRECTION('',(0.,-2.22044604925031E-16,-1.));
#4043=DIRECTION('',(6.12323399573677E-17,1.,-2.22044604925031E-16));
#4044=DIRECTION('',(6.12323399573677E-17,1.,-2.22044604925031E-16));
#4045=DIRECTION('',(6.12323399573677E-17,1.,-2.22044604925031E-16));
#4046=DIRECTION('center_axis',(0.,2.22044604925031E-16,1.));
#4047=DIRECTION('ref_axis',(1.,-6.12323399573677E-17,1.35963107344689E-32));
#4048=DIRECTION('',(1.,-6.12323399573677E-17,1.35963107344689E-32));
#4049=DIRECTION('',(6.12323399573677E-17,1.,-2.22044604925031E-16));
#4050=DIRECTION('',(1.,-6.12323399573677E-17,1.35963107344689E-32));
#4051=DIRECTION('',(6.12323399573677E-17,1.,-2.22044604925031E-16));
#4052=DIRECTION('',(6.12323399573677E-17,1.,-2.22044604925031E-16));
#4053=DIRECTION('center_axis',(0.,2.22044604925031E-16,1.));
#4054=DIRECTION('ref_axis',(1.,-6.12323399573677E-17,1.35963107344689E-32));
#4055=DIRECTION('',(1.,-6.12323399573677E-17,1.35963107344689E-32));
#4056=DIRECTION('',(6.12323399573677E-17,1.,-2.22044604925031E-16));
#4057=DIRECTION('',(1.,-6.12323399573677E-17,1.35963107344689E-32));
#4058=DIRECTION('center_axis',(-1.,6.12323399573677E-17,-1.35963107344689E-32));
#4059=DIRECTION('ref_axis',(0.,2.22044604925031E-16,1.));
#4060=DIRECTION('',(0.,2.22044604925031E-16,1.));
#4061=DIRECTION('',(6.12323399573677E-17,1.,-2.22044604925031E-16));
#4062=DIRECTION('',(0.,2.22044604925031E-16,1.));
#4063=DIRECTION('center_axis',(0.,-2.22044604925031E-16,-1.));
#4064=DIRECTION('ref_axis',(-1.,6.12323399573677E-17,-1.35963107344689E-32));
#4065=DIRECTION('',(-1.,6.12323399573677E-17,-1.35963107344689E-32));
#4066=DIRECTION('',(-1.,6.12323399573677E-17,-1.35963107344689E-32));
#4067=DIRECTION('center_axis',(-6.12323399573677E-17,-1.,2.22044604925031E-16));
#4068=DIRECTION('ref_axis',(0.,2.22044604925031E-16,1.));
#4069=DIRECTION('center_axis',(0.,-2.22044604925031E-16,-1.));
#4070=DIRECTION('ref_axis',(-1.,6.12323399573677E-17,-1.35963107344689E-32));
#4071=DIRECTION('',(-1.,6.12323399573677E-17,-1.35963107344689E-32));
#4072=DIRECTION('',(6.12323399573677E-17,1.,-2.22044604925031E-16));
#4073=DIRECTION('',(-1.,6.12323399573677E-17,-1.35963107344689E-32));
#4074=DIRECTION('',(6.12323399573677E-17,1.,-2.22044604925031E-16));
#4075=DIRECTION('',(6.12323399573677E-17,1.,-2.22044604925031E-16));
#4076=DIRECTION('',(6.12323399573677E-17,1.,-2.22044604925031E-16));
#4077=DIRECTION('',(6.12323399573677E-17,1.,-2.22044604925031E-16));
#4078=DIRECTION('',(6.12323399573677E-17,1.,-2.22044604925031E-16));
#4079=DIRECTION('',(6.12323399573677E-17,1.,-2.22044604925031E-16));
#4080=DIRECTION('center_axis',(0.,2.22044604925031E-16,1.));
#4081=DIRECTION('ref_axis',(1.,-6.12323399573677E-17,1.35963107344689E-32));
#4082=DIRECTION('',(1.,-6.12323399573677E-17,1.35963107344689E-32));
#4083=DIRECTION('',(6.12323399573677E-17,1.,-2.22044604925031E-16));
#4084=DIRECTION('',(1.,-6.12323399573677E-17,1.35963107344689E-32));
#4085=DIRECTION('center_axis',(-1.,6.12323399573677E-17,-1.35963107344689E-32));
#4086=DIRECTION('ref_axis',(0.,2.22044604925031E-16,1.));
#4087=DIRECTION('',(0.,2.22044604925031E-16,1.));
#4088=DIRECTION('',(6.12323399573677E-17,1.,-2.22044604925031E-16));
#4089=DIRECTION('',(0.,2.22044604925031E-16,1.));
#4090=DIRECTION('center_axis',(0.,-2.22044604925031E-16,-1.));
#4091=DIRECTION('ref_axis',(-1.,6.12323399573677E-17,-1.35963107344689E-32));
#4092=DIRECTION('',(-1.,6.12323399573677E-17,-1.35963107344689E-32));
#4093=DIRECTION('',(6.12323399573677E-17,1.,-2.22044604925031E-16));
#4094=DIRECTION('',(-1.,6.12323399573677E-17,-1.35963107344689E-32));
#4095=DIRECTION('',(6.12323399573677E-17,1.,-2.22044604925031E-16));
#4096=DIRECTION('',(6.12323399573677E-17,1.,-2.22044604925031E-16));
#4097=DIRECTION('',(6.12323399573677E-17,1.,-2.22044604925031E-16));
#4098=DIRECTION('',(6.12323399573677E-17,1.,-2.22044604925031E-16));
#4099=DIRECTION('',(6.12323399573677E-17,1.,-2.22044604925031E-16));
#4100=DIRECTION('center_axis',(0.,2.22044604925031E-16,1.));
#4101=DIRECTION('ref_axis',(1.,-6.12323399573677E-17,1.35963107344689E-32));
#4102=DIRECTION('',(1.,-6.12323399573677E-17,1.35963107344689E-32));
#4103=DIRECTION('',(6.12323399573677E-17,1.,-2.22044604925031E-16));
#4104=DIRECTION('',(1.,-6.12323399573677E-17,1.35963107344689E-32));
#4105=DIRECTION('center_axis',(-1.,6.12323399573677E-17,-1.35963107344689E-32));
#4106=DIRECTION('ref_axis',(0.,2.22044604925031E-16,1.));
#4107=DIRECTION('',(0.,2.22044604925031E-16,1.));
#4108=DIRECTION('',(6.12323399573677E-17,1.,-2.22044604925031E-16));
#4109=DIRECTION('',(0.,2.22044604925031E-16,1.));
#4110=DIRECTION('center_axis',(0.,-2.22044604925031E-16,-1.));
#4111=DIRECTION('ref_axis',(-1.,6.12323399573677E-17,-1.35963107344689E-32));
#4112=DIRECTION('',(-1.,6.12323399573677E-17,-1.35963107344689E-32));
#4113=DIRECTION('',(6.12323399573677E-17,1.,-2.22044604925031E-16));
#4114=DIRECTION('',(-1.,6.12323399573677E-17,-1.35963107344689E-32));
#4115=DIRECTION('',(6.12323399573677E-17,1.,-2.22044604925031E-16));
#4116=DIRECTION('',(6.12323399573677E-17,1.,-2.22044604925031E-16));
#4117=DIRECTION('',(6.12323399573677E-17,1.,-2.22044604925031E-16));
#4118=DIRECTION('',(6.12323399573677E-17,1.,-2.22044604925031E-16));
#4119=DIRECTION('',(6.12323399573677E-17,1.,-2.22044604925031E-16));
#4120=DIRECTION('',(6.12323399573677E-17,1.,-2.22044604925031E-16));
#4121=DIRECTION('',(6.12323399573677E-17,1.,-2.22044604925031E-16));
#4122=DIRECTION('center_axis',(0.,-2.22044604925031E-16,-1.));
#4123=DIRECTION('ref_axis',(-1.,6.12323399573677E-17,-1.35963107344689E-32));
#4124=DIRECTION('',(-1.,6.12323399573677E-17,-1.35963107344689E-32));
#4125=DIRECTION('',(6.12323399573677E-17,1.,-2.22044604925031E-16));
#4126=DIRECTION('',(-1.,6.12323399573677E-17,-1.35963107344689E-32));
#4127=DIRECTION('center_axis',(1.,-6.12323399573677E-17,1.35963107344689E-32));
#4128=DIRECTION('ref_axis',(0.,-2.22044604925031E-16,-1.));
#4129=DIRECTION('',(0.,-2.22044604925031E-16,-1.));
#4130=DIRECTION('',(6.12323399573677E-17,1.,-2.22044604925031E-16));
#4131=DIRECTION('',(0.,-2.22044604925031E-16,-1.));
#4132=DIRECTION('center_axis',(0.,2.22044604925031E-16,1.));
#4133=DIRECTION('ref_axis',(1.,-6.12323399573677E-17,1.35963107344689E-32));
#4134=DIRECTION('',(1.,-6.12323399573677E-17,1.35963107344689E-32));
#4135=DIRECTION('',(6.12323399573677E-17,1.,-2.22044604925031E-16));
#4136=DIRECTION('',(1.,-6.12323399573677E-17,1.35963107344689E-32));
#4137=DIRECTION('center_axis',(-1.,6.12323399573677E-17,-1.35963107344689E-32));
#4138=DIRECTION('ref_axis',(0.,2.22044604925031E-16,1.));
#4139=DIRECTION('',(0.,2.22044604925031E-16,1.));
#4140=DIRECTION('',(0.,2.22044604925031E-16,1.));
#4141=DIRECTION('center_axis',(-6.12323399573677E-17,-1.,2.22044604925031E-16));
#4142=DIRECTION('ref_axis',(0.,2.22044604925031E-16,1.));
#4143=DIRECTION('center_axis',(0.,-2.22044604925031E-16,-1.));
#4144=DIRECTION('ref_axis',(-1.,6.12323399573677E-17,-1.35963107344689E-32));
#4145=DIRECTION('',(-1.,6.12323399573677E-17,-1.35963107344689E-32));
#4146=DIRECTION('',(6.12323399573677E-17,1.,-2.22044604925031E-16));
#4147=DIRECTION('',(-1.,6.12323399573677E-17,-1.35963107344689E-32));
#4148=DIRECTION('',(6.12323399573677E-17,1.,-2.22044604925031E-16));
#4149=DIRECTION('',(6.12323399573677E-17,1.,-2.22044604925031E-16));
#4150=DIRECTION('',(6.12323399573677E-17,1.,-2.22044604925031E-16));
#4151=DIRECTION('',(6.12323399573677E-17,1.,-2.22044604925031E-16));
#4152=DIRECTION('',(6.12323399573677E-17,1.,-2.22044604925031E-16));
#4153=DIRECTION('',(6.12323399573677E-17,1.,-2.22044604925031E-16));
#4154=DIRECTION('center_axis',(0.,2.22044604925031E-16,1.));
#4155=DIRECTION('ref_axis',(1.,-6.12323399573677E-17,1.35963107344689E-32));
#4156=DIRECTION('',(1.,-6.12323399573677E-17,1.35963107344689E-32));
#4157=DIRECTION('',(6.12323399573677E-17,1.,-2.22044604925031E-16));
#4158=DIRECTION('',(1.,-6.12323399573677E-17,1.35963107344689E-32));
#4159=DIRECTION('center_axis',(-1.,6.12323399573677E-17,-1.35963107344689E-32));
#4160=DIRECTION('ref_axis',(0.,2.22044604925031E-16,1.));
#4161=DIRECTION('',(0.,2.22044604925031E-16,1.));
#4162=DIRECTION('',(6.12323399573677E-17,1.,-2.22044604925031E-16));
#4163=DIRECTION('',(0.,2.22044604925031E-16,1.));
#4164=DIRECTION('center_axis',(0.,-2.22044604925031E-16,-1.));
#4165=DIRECTION('ref_axis',(-1.,6.12323399573677E-17,-1.35963107344689E-32));
#4166=DIRECTION('',(-1.,6.12323399573677E-17,-1.35963107344689E-32));
#4167=DIRECTION('',(6.12323399573677E-17,1.,-2.22044604925031E-16));
#4168=DIRECTION('',(-1.,6.12323399573677E-17,-1.35963107344689E-32));
#4169=DIRECTION('',(6.12323399573677E-17,1.,-2.22044604925031E-16));
#4170=DIRECTION('',(6.12323399573677E-17,1.,-2.22044604925031E-16));
#4171=DIRECTION('',(6.12323399573677E-17,1.,-2.22044604925031E-16));
#4172=DIRECTION('',(6.12323399573677E-17,1.,-2.22044604925031E-16));
#4173=DIRECTION('',(6.12323399573677E-17,1.,-2.22044604925031E-16));
#4174=DIRECTION('center_axis',(0.,2.22044604925031E-16,1.));
#4175=DIRECTION('ref_axis',(1.,-6.12323399573677E-17,1.35963107344689E-32));
#4176=DIRECTION('',(1.,-6.12323399573677E-17,1.35963107344689E-32));
#4177=DIRECTION('',(6.12323399573677E-17,1.,-2.22044604925031E-16));
#4178=DIRECTION('',(1.,-6.12323399573677E-17,1.35963107344689E-32));
#4179=DIRECTION('center_axis',(-1.,6.12323399573677E-17,-1.35963107344689E-32));
#4180=DIRECTION('ref_axis',(0.,2.22044604925031E-16,1.));
#4181=DIRECTION('',(0.,2.22044604925031E-16,1.));
#4182=DIRECTION('',(6.12323399573677E-17,1.,-2.22044604925031E-16));
#4183=DIRECTION('',(0.,2.22044604925031E-16,1.));
#4184=DIRECTION('center_axis',(0.,-2.22044604925031E-16,-1.));
#4185=DIRECTION('ref_axis',(-1.,6.12323399573677E-17,-1.35963107344689E-32));
#4186=DIRECTION('',(-1.,6.12323399573677E-17,-1.35963107344689E-32));
#4187=DIRECTION('',(6.12323399573677E-17,1.,-2.22044604925031E-16));
#4188=DIRECTION('',(-1.,6.12323399573677E-17,-1.35963107344689E-32));
#4189=DIRECTION('',(6.12323399573677E-17,1.,-2.22044604925031E-16));
#4190=DIRECTION('',(6.12323399573677E-17,1.,-2.22044604925031E-16));
#4191=DIRECTION('',(6.12323399573677E-17,1.,-2.22044604925031E-16));
#4192=DIRECTION('',(6.12323399573677E-17,1.,-2.22044604925031E-16));
#4193=DIRECTION('',(6.12323399573677E-17,1.,-2.22044604925031E-16));
#4194=DIRECTION('',(6.12323399573677E-17,1.,-2.22044604925031E-16));
#4195=DIRECTION('',(6.12323399573677E-17,1.,-2.22044604925031E-16));
#4196=DIRECTION('center_axis',(0.,-2.22044604925031E-16,-1.));
#4197=DIRECTION('ref_axis',(-1.,6.12323399573677E-17,-1.35963107344689E-32));
#4198=DIRECTION('',(-1.,6.12323399573677E-17,-1.35963107344689E-32));
#4199=DIRECTION('',(6.12323399573677E-17,1.,-2.22044604925031E-16));
#4200=DIRECTION('',(-1.,6.12323399573677E-17,-1.35963107344689E-32));
#4201=DIRECTION('center_axis',(1.,-6.12323399573677E-17,1.35963107344689E-32));
#4202=DIRECTION('ref_axis',(0.,-2.22044604925031E-16,-1.));
#4203=DIRECTION('',(0.,-2.22044604925031E-16,-1.));
#4204=DIRECTION('',(6.12323399573677E-17,1.,-2.22044604925031E-16));
#4205=DIRECTION('',(0.,-2.22044604925031E-16,-1.));
#4206=DIRECTION('center_axis',(0.,2.22044604925031E-16,1.));
#4207=DIRECTION('ref_axis',(1.,-6.12323399573677E-17,1.35963107344689E-32));
#4208=DIRECTION('',(1.,-6.12323399573677E-17,1.35963107344689E-32));
#4209=DIRECTION('',(6.12323399573677E-17,1.,-2.22044604925031E-16));
#4210=DIRECTION('',(1.,-6.12323399573677E-17,1.35963107344689E-32));
#4211=DIRECTION('center_axis',(-1.,6.12323399573677E-17,-1.35963107344689E-32));
#4212=DIRECTION('ref_axis',(0.,2.22044604925031E-16,1.));
#4213=DIRECTION('',(0.,2.22044604925031E-16,1.));
#4214=DIRECTION('',(0.,2.22044604925031E-16,1.));
#4215=DIRECTION('center_axis',(-6.12323399573677E-17,-1.,2.22044604925031E-16));
#4216=DIRECTION('ref_axis',(0.,2.22044604925031E-16,1.));
#4217=DIRECTION('',(6.12323399573677E-17,1.,-2.22044604925031E-16));
#4218=DIRECTION('',(6.12323399573677E-17,1.,-2.22044604925031E-16));
#4219=DIRECTION('',(6.12323399573677E-17,1.,-2.22044604925031E-16));
#4220=DIRECTION('',(6.12323399573677E-17,1.,-2.22044604925031E-16));
#4221=DIRECTION('',(6.12323399573677E-17,1.,-2.22044604925031E-16));
#4222=DIRECTION('',(6.12323399573677E-17,1.,-2.22044604925031E-16));
#4223=DIRECTION('',(6.12323399573677E-17,1.,-2.22044604925031E-16));
#4224=DIRECTION('',(6.12323399573677E-17,1.,-2.22044604925031E-16));
#4225=DIRECTION('',(6.12323399573677E-17,1.,-2.22044604925031E-16));
#4226=DIRECTION('',(6.12323399573677E-17,1.,-2.22044604925031E-16));
#4227=DIRECTION('',(6.12323399573677E-17,1.,-2.22044604925031E-16));
#4228=DIRECTION('',(6.12323399573677E-17,1.,-2.22044604925031E-16));
#4229=DIRECTION('',(6.12323399573677E-17,1.,-2.22044604925031E-16));
#4230=DIRECTION('center_axis',(-0.984562487651943,9.91522977565632E-17,
0.175033447971005));
#4231=DIRECTION('ref_axis',(0.175033447971005,2.07899081004611E-16,0.984562487651943));
#4232=DIRECTION('',(0.175033447971005,2.07899081004611E-16,0.984562487651943));
#4233=DIRECTION('',(6.12323399573677E-17,1.,-2.22044604925031E-16));
#4234=DIRECTION('',(0.175033447971005,2.07899081004611E-16,0.984562487651943));
#4235=DIRECTION('',(6.12323399573677E-17,1.,-2.22044604925031E-16));
#4236=DIRECTION('',(6.12323399573677E-17,1.,-2.22044604925031E-16));
#4237=DIRECTION('',(6.12323399573677E-17,1.,-2.22044604925031E-16));
#4238=DIRECTION('',(6.12323399573677E-17,1.,-2.22044604925031E-16));
#4239=DIRECTION('',(6.12323399573677E-17,1.,-2.22044604925031E-16));
#4240=DIRECTION('',(6.12323399573677E-17,1.,-2.22044604925031E-16));
#4241=DIRECTION('',(6.12323399573677E-17,1.,-2.22044604925031E-16));
#4242=DIRECTION('center_axis',(0.125580090718167,2.1259722262859E-16,0.992083484801162));
#4243=DIRECTION('ref_axis',(0.992083484801162,-8.86319748373998E-17,-0.125580090718167));
#4244=DIRECTION('',(0.992083484801162,-8.86319748373998E-17,-0.125580090718167));
#4245=DIRECTION('',(6.12323399573677E-17,1.,-2.22044604925031E-16));
#4246=DIRECTION('',(0.992083484801162,-8.86319748373998E-17,-0.125580090718167));
#4247=DIRECTION('',(6.12323399573677E-17,1.,-2.22044604925031E-16));
#4248=DIRECTION('',(6.12323399573677E-17,1.,-2.22044604925031E-16));
#4249=DIRECTION('',(6.12323399573677E-17,1.,-2.22044604925031E-16));
#4250=DIRECTION('',(6.12323399573677E-17,1.,-2.22044604925031E-16));
#4251=DIRECTION('',(6.12323399573677E-17,1.,-2.22044604925031E-16));
#4252=DIRECTION('',(6.12323399573677E-17,1.,-2.22044604925031E-16));
#4253=DIRECTION('',(6.12323399573677E-17,1.,-2.22044604925031E-16));
#4254=DIRECTION('center_axis',(0.991227909087668,-3.13489772886505E-17,
0.13216365705325));
#4255=DIRECTION('ref_axis',(0.13216365705325,-2.2818949944273E-16,-0.991227909087668));
#4256=DIRECTION('',(0.13216365705325,-2.2818949944273E-16,-0.991227909087668));
#4257=DIRECTION('',(6.12323399573677E-17,1.,-2.22044604925031E-16));
#4258=DIRECTION('',(0.13216365705325,-2.2818949944273E-16,-0.991227909087668));
#4259=DIRECTION('center_axis',(-6.12323399573677E-17,-1.,2.22044604925031E-16));
#4260=DIRECTION('ref_axis',(0.,2.22044604925031E-16,1.));
#4261=DIRECTION('center_axis',(-1.,4.54653335944294E-15,-1.00953320357598E-30));
#4262=DIRECTION('ref_axis',(0.,-2.22044604925031E-16,-1.));
#4263=DIRECTION('center_axis',(6.12323399573677E-17,1.,-2.22044604925031E-16));
#4264=DIRECTION('ref_axis',(-1.,6.12323399573677E-17,-1.35963107344689E-32));
#4265=DIRECTION('center_axis',(0.,-2.22044604925031E-16,-1.));
#4266=DIRECTION('ref_axis',(1.,-6.12323399573677E-17,1.35963107344689E-32));
#4267=DIRECTION('center_axis',(0.,-2.22044604925031E-16,-1.));
#4268=DIRECTION('ref_axis',(1.,-6.12323399573677E-17,1.35963107344689E-32));
#4269=DIRECTION('center_axis',(6.12323399573677E-17,1.,-2.22044604925031E-16));
#4270=DIRECTION('ref_axis',(-1.,6.12323399573677E-17,-1.35963107344689E-32));
#4271=DIRECTION('center_axis',(1.,-6.12323399573677E-17,1.35963107344689E-32));
#4272=DIRECTION('ref_axis',(6.12323399573677E-17,1.,-2.22044604925031E-16));
#4273=DIRECTION('center_axis',(-1.,6.12323399573687E-17,4.48530101948565E-15));
#4274=DIRECTION('ref_axis',(-6.12323399573677E-17,-1.,2.22044604925031E-16));
#4275=DIRECTION('center_axis',(0.,-2.22044604925031E-16,-1.));
#4276=DIRECTION('ref_axis',(-1.,6.12323399573677E-17,-1.35963107344689E-32));
#4277=DIRECTION('center_axis',(-6.12323399573677E-17,-1.,2.22044604925031E-16));
#4278=DIRECTION('ref_axis',(1.,-6.12323399573677E-17,1.35963107344689E-32));
#4279=DIRECTION('center_axis',(0.,2.22044604925031E-16,1.));
#4280=DIRECTION('ref_axis',(-1.,6.12323399573677E-17,-1.35963107344689E-32));
#4281=DIRECTION('center_axis',(6.12323399573677E-17,1.,-2.22044604925031E-16));
#4282=DIRECTION('ref_axis',(1.,-6.12323399573677E-17,1.35963107344689E-32));
#4283=DIRECTION('center_axis',(-1.,6.12323399573677E-17,-1.35963107344689E-32));
#4284=DIRECTION('ref_axis',(6.12323399573677E-17,1.,-2.22044604925031E-16));
#4285=DIRECTION('center_axis',(-6.12323399573677E-17,-1.,2.22044604925031E-16));
#4286=DIRECTION('ref_axis',(1.,-6.12323399573677E-17,1.35963107344689E-32));
#4287=DIRECTION('center_axis',(0.,-2.22044604925031E-16,-1.));
#4288=DIRECTION('ref_axis',(-1.,6.12323399573677E-17,-1.35963107344689E-32));
#4289=DIRECTION('center_axis',(1.,-6.12323399573677E-17,1.35963107344689E-32));
#4290=DIRECTION('ref_axis',(0.,-2.22044604925031E-16,-1.));
#4291=DIRECTION('center_axis',(1.,-6.12323399573677E-17,1.35963107344689E-32));
#4292=DIRECTION('ref_axis',(0.,2.22044604925031E-16,1.));
#4293=DIRECTION('center_axis',(6.12323399573677E-17,1.,-2.22044604925031E-16));
#4294=DIRECTION('ref_axis',(1.,-6.12323399573677E-17,1.35963107344689E-32));
#4295=DIRECTION('center_axis',(0.,2.22044604925031E-16,1.));
#4296=DIRECTION('ref_axis',(-1.,6.12323399573677E-17,-1.35963107344689E-32));
#4297=DIRECTION('center_axis',(-6.12323399573677E-17,-1.,2.22044604925031E-16));
#4298=DIRECTION('ref_axis',(-1.,6.12323399573677E-17,-1.35963107344689E-32));
#4299=DIRECTION('center_axis',(0.,2.22044604925031E-16,1.));
#4300=DIRECTION('ref_axis',(1.,-6.12323399573677E-17,1.35963107344689E-32));
#4301=DIRECTION('center_axis',(-1.,6.12323399573677E-17,-1.35963107344689E-32));
#4302=DIRECTION('ref_axis',(0.,2.22044604925031E-16,1.));
#4303=DIRECTION('center_axis',(0.,2.22044604925031E-16,1.));
#4304=DIRECTION('ref_axis',(-1.,6.12323399573677E-17,-1.35963107344689E-32));
#4305=DIRECTION('',(0.,2.22044604925031E-16,1.));
#4306=DIRECTION('',(0.,-2.22044604925031E-16,-1.));
#4307=DIRECTION('center_axis',(2.90928418571878E-26,4.75122385879E-10,1.));
#4308=DIRECTION('ref_axis',(-1.,6.12323399573677E-17,-1.35963107344689E-32));
#4309=DIRECTION('',(0.,-2.22044604925031E-16,-1.));
#4310=DIRECTION('center_axis',(0.,2.22044604925031E-16,1.));
#4311=DIRECTION('ref_axis',(-1.,6.12323399573677E-17,-1.35963107344689E-32));
#4312=DIRECTION('',(0.,2.22044604925031E-16,1.));
#4313=DIRECTION('center_axis',(2.90939295620455E-26,4.75140149447377E-10,
1.));
#4314=DIRECTION('ref_axis',(-1.,6.12323399573676E-17,-1.35963107344689E-32));
#4315=DIRECTION('',(0.,-2.22044604925031E-16,-1.));
#4316=DIRECTION('',(0.,2.22044604925031E-16,1.));
#4317=DIRECTION('center_axis',(-6.12323399573677E-17,-1.,2.22044604925031E-16));
#4318=DIRECTION('ref_axis',(-1.,6.12323399573677E-17,-1.35963107344689E-32));
#4319=DIRECTION('center_axis',(1.,-6.12323399573677E-17,1.35963107344689E-32));
#4320=DIRECTION('ref_axis',(-6.12323399573677E-17,-1.,2.22044604925031E-16));
#4321=DIRECTION('center_axis',(0.,2.22044604925031E-16,1.));
#4322=DIRECTION('ref_axis',(1.,-6.12323399573677E-17,1.35963107344689E-32));
#4323=DIRECTION('center_axis',(1.,-6.12323399573677E-17,1.35963107344689E-32));
#4324=DIRECTION('ref_axis',(-4.32978028117747E-17,-0.707106781186547,0.707106781186548));
#4325=DIRECTION('center_axis',(1.,-2.30388284970015E-15,5.11564757155225E-31));
#4326=DIRECTION('ref_axis',(0.,2.22044604925031E-16,1.));
#4327=DIRECTION('',(1.,-6.12323399573677E-17,1.35963107344689E-32));
#4328=DIRECTION('',(-1.,6.12323399573677E-17,-1.35963107344689E-32));
#4329=DIRECTION('center_axis',(1.,-1.35299717576182E-11,3.00425723356716E-27));
#4330=DIRECTION('ref_axis',(0.,2.22044604925031E-16,1.));
#4331=DIRECTION('center_axis',(1.,-6.12323399573677E-17,1.35963107344689E-32));
#4332=DIRECTION('ref_axis',(-4.32978028117747E-17,-0.707106781186547,0.707106781186548));
#4333=DIRECTION('',(-1.,6.12323399573677E-17,-1.35963107344689E-32));
#4334=DIRECTION('center_axis',(1.,-6.12323399573677E-17,1.35963107344689E-32));
#4335=DIRECTION('ref_axis',(0.,2.22044604925031E-16,1.));
#4336=DIRECTION('',(1.,-6.12323399573677E-17,1.35963107344689E-32));
#4337=DIRECTION('center_axis',(1.,-1.35703394667935E-11,3.01322066560273E-27));
#4338=DIRECTION('ref_axis',(0.,2.22044604925031E-16,1.));
#4339=DIRECTION('center_axis',(1.,-6.12323399573677E-17,1.35963107344689E-32));
#4340=DIRECTION('ref_axis',(-4.32978028117747E-17,-0.707106781186547,0.707106781186548));
#4341=DIRECTION('',(-1.,6.12323399573677E-17,-1.35963107344689E-32));
#4342=DIRECTION('',(1.,-6.12323399573677E-17,1.35963107344689E-32));
#4343=DIRECTION('center_axis',(0.,-2.22044604925031E-16,-1.));
#4344=DIRECTION('ref_axis',(1.,-6.12323399573677E-17,1.35963107344689E-32));
#4345=DIRECTION('',(0.,-2.22044604925031E-16,-1.));
#4346=DIRECTION('',(0.,2.22044604925031E-16,1.));
#4347=DIRECTION('center_axis',(-1.10960035756433E-25,-1.81211512462202E-9,
-1.));
#4348=DIRECTION('ref_axis',(1.,-6.12323399573677E-17,1.35963107344689E-32));
#4349=DIRECTION('',(0.,2.22044604925031E-16,1.));
#4350=DIRECTION('center_axis',(0.,-2.22044604925031E-16,-1.));
#4351=DIRECTION('ref_axis',(1.,-6.12323399573677E-17,1.35963107344689E-32));
#4352=DIRECTION('',(0.,-2.22044604925031E-16,-1.));
#4353=DIRECTION('center_axis',(-4.33221968194539E-26,-7.07505387609346E-10,
-1.));
#4354=DIRECTION('ref_axis',(1.,-6.12323399573677E-17,1.35963107344689E-32));
#4355=DIRECTION('',(0.,2.22044604925031E-16,1.));
#4356=DIRECTION('',(0.,-2.22044604925031E-16,-1.));
#4357=DIRECTION('',(-6.12323399573677E-17,-1.,2.22044604925031E-16));
#4358=DIRECTION('',(6.12323399573677E-17,1.,-2.22044604925031E-16));
#4359=DIRECTION('',(-6.12323399573677E-17,-1.,2.22044604925031E-16));
#4360=DIRECTION('',(6.12323399573677E-17,1.,-2.22044604925031E-16));
#4361=DIRECTION('',(0.,2.22044604925031E-16,1.));
#4362=DIRECTION('',(0.,-2.22044604925031E-16,-1.));
#4363=DIRECTION('center_axis',(1.,-6.12323399573677E-17,1.35963107344689E-32));
#4364=DIRECTION('ref_axis',(4.32978028117747E-17,0.707106781186548,0.707106781186547));
#4365=DIRECTION('',(-1.,6.12323399573677E-17,-1.35963107344689E-32));
#4366=DIRECTION('',(1.,-6.12323399573677E-17,1.35963107344689E-32));
#4367=DIRECTION('center_axis',(1.,-6.12323399573677E-17,1.35963107344689E-32));
#4368=DIRECTION('ref_axis',(-4.32978028117747E-17,-0.707106781186548,-0.707106781186547));
#4369=DIRECTION('center_axis',(-1.,-2.18141816978542E-15,4.84372135686288E-31));
#4370=DIRECTION('ref_axis',(0.,-2.22044604925031E-16,-1.));
#4371=DIRECTION('',(-1.,6.12323399573677E-17,-1.35963107344689E-32));
#4372=DIRECTION('',(1.,-6.12323399573677E-17,1.35963107344689E-32));
#4373=DIRECTION('center_axis',(-1.,-1.55347273361394E-9,3.44940239397115E-25));
#4374=DIRECTION('ref_axis',(0.,-2.22044604925031E-16,-1.));
#4375=DIRECTION('center_axis',(1.,-6.12323399573677E-17,1.35963107344689E-32));
#4376=DIRECTION('ref_axis',(-4.32978028117747E-17,-0.707106781186548,-0.707106781186547));
#4377=DIRECTION('',(1.,-6.12323399573677E-17,1.35963107344689E-32));
#4378=DIRECTION('center_axis',(-1.,6.12323399573677E-17,-1.35963107344689E-32));
#4379=DIRECTION('ref_axis',(0.,-2.22044604925031E-16,-1.));
#4380=DIRECTION('',(-1.,6.12323399573677E-17,-1.35963107344689E-32));
#4381=DIRECTION('center_axis',(-1.,-1.55339872614717E-9,3.44923806438396E-25));
#4382=DIRECTION('ref_axis',(0.,-2.22044604925031E-16,-1.));
#4383=DIRECTION('center_axis',(1.,-6.12323399573677E-17,1.35963107344689E-32));
#4384=DIRECTION('ref_axis',(-4.32978028117747E-17,-0.707106781186548,-0.707106781186547));
#4385=DIRECTION('',(1.,-6.12323399573677E-17,1.35963107344689E-32));
#4386=DIRECTION('',(-1.,6.12323399573677E-17,-1.35963107344689E-32));
#4387=DIRECTION('',(-6.12323399573677E-17,-1.,2.22044604925031E-16));
#4388=DIRECTION('',(6.12323399573677E-17,1.,-2.22044604925031E-16));
#4389=DIRECTION('',(0.,-2.22044604925031E-16,-1.));
#4390=DIRECTION('',(0.,2.22044604925031E-16,1.));
#4391=DIRECTION('',(-6.12323399573677E-17,-1.,2.22044604925031E-16));
#4392=DIRECTION('',(6.12323399573677E-17,1.,-2.22044604925031E-16));
#4393=DIRECTION('center_axis',(1.,-6.12323399573677E-17,1.35963107344689E-32));
#4394=DIRECTION('ref_axis',(4.32978028117747E-17,0.707106781186547,-0.707106781186548));
#4395=DIRECTION('',(1.,-6.12323399573677E-17,1.35963107344689E-32));
#4396=DIRECTION('',(-1.,6.12323399573677E-17,-1.35963107344689E-32));
#4397=DIRECTION('center_axis',(6.12323399573677E-17,1.,-2.22044604925031E-16));
#4398=DIRECTION('ref_axis',(0.,2.22044604925031E-16,1.));
#4399=DIRECTION('center_axis',(6.12323399573677E-17,1.,-2.22044604925031E-16));
#4400=DIRECTION('ref_axis',(0.,2.22044604925031E-16,1.));
#4401=DIRECTION('center_axis',(6.12323399573677E-17,1.,-2.22044604925031E-16));
#4402=DIRECTION('ref_axis',(0.,2.22044604925031E-16,1.));
#4403=DIRECTION('center_axis',(6.12323399573677E-17,1.,-2.22044604925031E-16));
#4404=DIRECTION('ref_axis',(0.,2.22044604925031E-16,1.));
#4405=DIRECTION('center_axis',(6.12323399573677E-17,1.,-2.22044604925031E-16));
#4406=DIRECTION('ref_axis',(0.,2.22044604925031E-16,1.));
#4407=DIRECTION('center_axis',(-1.,6.12323399573677E-17,-1.35963107344689E-32));
#4408=DIRECTION('ref_axis',(-6.12323399573677E-17,-1.,2.22044604925031E-16));
#4409=DIRECTION('center_axis',(0.,2.22044604925031E-16,1.));
#4410=DIRECTION('ref_axis',(-6.12323399573677E-17,-1.,2.22044604925031E-16));
#4411=DIRECTION('center_axis',(1.,-6.12323399573677E-17,1.35963107344689E-32));
#4412=DIRECTION('ref_axis',(6.12323399573677E-17,1.,-2.22044604925031E-16));
#4413=DIRECTION('center_axis',(6.12323399573677E-17,1.,-2.22044604925031E-16));
#4414=DIRECTION('ref_axis',(0.,2.22044604925031E-16,1.));
#4415=DIRECTION('center_axis',(0.,-2.22044604925031E-16,-1.));
#4416=DIRECTION('ref_axis',(6.12323399573677E-17,1.,-2.22044604925031E-16));
#4417=DIRECTION('',(-6.12323399573677E-17,-1.,2.22044604925031E-16));
#4418=DIRECTION('center_axis',(-6.12323399573677E-17,-1.,9.95799250102959E-17));
#4419=DIRECTION('ref_axis',(1.,-6.12323399573677E-17,1.35963107344689E-32));
#4420=DIRECTION('',(-6.12323399573677E-17,-1.,2.22044604925031E-16));
#4421=DIRECTION('center_axis',(-6.12323399573677E-17,-1.,9.95799250102959E-17));
#4422=DIRECTION('ref_axis',(1.,-6.12323399573677E-17,1.35963107344689E-32));
#4423=DIRECTION('',(-6.12323399573677E-17,-1.,2.22044604925031E-16));
#4424=DIRECTION('center_axis',(-6.12323399573677E-17,-1.,9.95799250102959E-17));
#4425=DIRECTION('ref_axis',(1.,-6.12323399573677E-17,1.35963107344689E-32));
#4426=DIRECTION('',(-6.12323399573677E-17,-1.,2.22044604925031E-16));
#4427=DIRECTION('center_axis',(-6.12323399573677E-17,-1.,9.95799250102959E-17));
#4428=DIRECTION('ref_axis',(1.,-6.12323399573677E-17,1.35963107344689E-32));
#4429=DIRECTION('center_axis',(-6.12323399573677E-17,-1.,2.22044604925031E-16));
#4430=DIRECTION('ref_axis',(-1.,6.12323399573677E-17,-1.35963107344689E-32));
#4431=DIRECTION('center_axis',(6.12323399573677E-17,1.,-2.22044604925031E-16));
#4432=DIRECTION('ref_axis',(-1.,6.12323399573677E-17,-1.35963107344689E-32));
#4433=DIRECTION('',(-0.85941622137169,0.511276596807644,-9.32013819921599E-18));
#4434=DIRECTION('center_axis',(6.12323399573677E-17,1.,-9.95799250102959E-17));
#4435=DIRECTION('ref_axis',(-1.,6.12323399573677E-17,-1.35963107344689E-32));
#4436=DIRECTION('',(6.12323399573677E-17,1.,-2.22044604925031E-16));
#4437=DIRECTION('center_axis',(-6.12323399573677E-17,-1.,2.22044604925031E-16));
#4438=DIRECTION('ref_axis',(-1.,6.12323399573677E-17,-1.35963107344689E-32));
#4439=DIRECTION('center_axis',(6.12323399573677E-17,1.,-2.22044604925031E-16));
#4440=DIRECTION('ref_axis',(-1.,6.12323399573677E-17,-1.35963107344689E-32));
#4441=DIRECTION('',(-0.85941622137169,0.511276596807644,-9.32013819921599E-18));
#4442=DIRECTION('center_axis',(6.12323399573677E-17,1.,-9.95799250102959E-17));
#4443=DIRECTION('ref_axis',(-1.,6.12323399573677E-17,-1.35963107344689E-32));
#4444=DIRECTION('',(6.12323399573677E-17,1.,-2.22044604925031E-16));
#4445=DIRECTION('center_axis',(-6.12323399573677E-17,-1.,2.22044604925031E-16));
#4446=DIRECTION('ref_axis',(-1.,6.12323399573677E-17,-1.35963107344689E-32));
#4447=DIRECTION('center_axis',(6.12323399573677E-17,1.,-2.22044604925031E-16));
#4448=DIRECTION('ref_axis',(-1.,6.12323399573677E-17,-1.35963107344689E-32));
#4449=DIRECTION('',(-0.85941622137169,0.511276596807644,-9.32013819921599E-18));
#4450=DIRECTION('center_axis',(6.12323399573677E-17,1.,-9.95799250102959E-17));
#4451=DIRECTION('ref_axis',(-1.,6.12323399573677E-17,-1.35963107344689E-32));
#4452=DIRECTION('',(6.12323399573677E-17,1.,-2.22044604925031E-16));
#4453=DIRECTION('center_axis',(-6.12323399573677E-17,-1.,2.22044604925031E-16));
#4454=DIRECTION('ref_axis',(-1.,6.12323399573677E-17,-1.35963107344689E-32));
#4455=DIRECTION('center_axis',(6.12323399573677E-17,1.,-2.22044604925031E-16));
#4456=DIRECTION('ref_axis',(-1.,6.12323399573677E-17,-1.35963107344689E-32));
#4457=DIRECTION('',(-0.85941622137169,0.511276596807644,-9.32013819921599E-18));
#4458=DIRECTION('center_axis',(6.12323399573677E-17,1.,-9.95799250102959E-17));
#4459=DIRECTION('ref_axis',(-1.,6.12323399573677E-17,-1.35963107344689E-32));
#4460=DIRECTION('',(6.12323399573677E-17,1.,-2.22044604925031E-16));
#4461=DIRECTION('center_axis',(-6.12323399573677E-17,-1.,9.95799250102959E-17));
#4462=DIRECTION('ref_axis',(7.49879891330929E-33,-9.95799250102959E-17,
-1.));
#4463=DIRECTION('center_axis',(-6.12323399573677E-17,-1.,9.95799250102959E-17));
#4464=DIRECTION('ref_axis',(7.49879891330929E-33,-9.95799250102959E-17,
-1.));
#4465=DIRECTION('center_axis',(-6.12323399573677E-17,-1.,9.95799250102959E-17));
#4466=DIRECTION('ref_axis',(7.49879891330929E-33,-9.95799250102959E-17,
-1.));
#4467=DIRECTION('center_axis',(-6.12323399573677E-17,-1.,9.95799250102959E-17));
#4468=DIRECTION('ref_axis',(7.49879891330929E-33,-9.95799250102959E-17,
-1.));
#4469=DIRECTION('center_axis',(-6.12323399573677E-17,-1.,2.22044604925031E-16));
#4470=DIRECTION('ref_axis',(0.,-2.22044604925031E-16,-1.));
#4471=DIRECTION('center_axis',(6.12323399573677E-17,1.,-2.22044604925031E-16));
#4472=DIRECTION('ref_axis',(0.,-2.22044604925031E-16,-1.));
#4473=DIRECTION('',(6.12323399573677E-17,1.,-2.22044604925031E-16));
#4474=DIRECTION('center_axis',(-6.12323399573677E-17,-1.,2.22044604925031E-16));
#4475=DIRECTION('ref_axis',(0.,-2.22044604925031E-16,-1.));
#4476=DIRECTION('center_axis',(-6.12323399573677E-17,-1.,2.22044604925031E-16));
#4477=DIRECTION('ref_axis',(0.,-2.22044604925031E-16,-1.));
#4478=DIRECTION('center_axis',(-6.12323399573677E-17,-1.,2.22044604925031E-16));
#4479=DIRECTION('ref_axis',(0.,-2.22044604925031E-16,-1.));
#4480=DIRECTION('',(6.12323399573677E-17,1.,-2.22044604925031E-16));
#4481=DIRECTION('center_axis',(6.12323399573677E-17,1.,-2.22044604925031E-16));
#4482=DIRECTION('ref_axis',(0.,-2.22044604925031E-16,-1.));
#4483=DIRECTION('center_axis',(6.12323399573677E-17,1.,-2.22044604925031E-16));
#4484=DIRECTION('ref_axis',(0.,-2.22044604925031E-16,-1.));
#4485=DIRECTION('center_axis',(6.12323399573677E-17,1.,-2.22044604925031E-16));
#4486=DIRECTION('ref_axis',(0.,-2.22044604925031E-16,-1.));
#4487=DIRECTION('',(0.,0.,1.));
#4488=DIRECTION('',(1.,0.,0.));
#4489=CARTESIAN_POINT('',(0.,0.,0.));
#4490=CARTESIAN_POINT('',(0.,0.,0.));
#4491=CARTESIAN_POINT('Origin',(47.,-7.77156117237609E-15,-35.));
#4492=CARTESIAN_POINT('',(47.,2.,-2.));
#4493=CARTESIAN_POINT('',(47.,1.99999999999999,-35.));
#4494=CARTESIAN_POINT('',(47.,1.99999999999999,-26.75));
#4495=CARTESIAN_POINT('',(47.,30.,-2.00000000000001));
#4496=CARTESIAN_POINT('',(47.,-4.44089209850063E-16,-2.));
#4497=CARTESIAN_POINT('',(47.,30.,-35.));
#4498=CARTESIAN_POINT('',(47.,30.,-2.00000000000001));
#4499=CARTESIAN_POINT('',(47.,-7.77156117237609E-15,-35.));
#4500=CARTESIAN_POINT('Origin',(47.,-4.44089209850063E-16,-2.));
#4501=CARTESIAN_POINT('',(2.,2.,-2.));
#4502=CARTESIAN_POINT('',(35.75,2.,-2.));
#4503=CARTESIAN_POINT('',(2.,30.,-2.00000000000001));
#4504=CARTESIAN_POINT('',(2.,-4.44089209850063E-16,-2.));
#4505=CARTESIAN_POINT('',(2.,30.,-2.00000000000001));
#4506=CARTESIAN_POINT('Origin',(2.,-7.77156117237609E-15,-35.));
#4507=CARTESIAN_POINT('',(2.,1.99999999999999,-35.));
#4508=CARTESIAN_POINT('',(13.25,1.99999999999999,-35.));
#4509=CARTESIAN_POINT('',(2.,30.,-35.));
#4510=CARTESIAN_POINT('',(47.,30.,-35.));
#4511=CARTESIAN_POINT('',(2.,-7.77156117237609E-15,-35.));
#4512=CARTESIAN_POINT('Origin',(2.,-4.44089209850063E-16,-2.));
#4513=CARTESIAN_POINT('',(2.,2.,-10.25));
#4514=CARTESIAN_POINT('',(2.,30.,-35.));
#4515=CARTESIAN_POINT('Origin',(24.5,30.,-18.5));
#4516=CARTESIAN_POINT('',(0.,30.,-37.));
#4517=CARTESIAN_POINT('',(0.,30.,-6.66133814775094E-15));
#4518=CARTESIAN_POINT('',(0.,30.,-37.));
#4519=CARTESIAN_POINT('',(49.,30.,-6.66133814775094E-15));
#4520=CARTESIAN_POINT('',(0.,30.,-6.66133814775094E-15));
#4521=CARTESIAN_POINT('',(49.,30.,-37.));
#4522=CARTESIAN_POINT('',(49.,30.,-6.66133814775094E-15));
#4523=CARTESIAN_POINT('',(49.,30.,-37.));
#4524=CARTESIAN_POINT('Origin',(49.,-8.21565038222616E-15,-37.));
#4525=CARTESIAN_POINT('',(49.,-8.21565038222616E-15,-37.));
#4526=CARTESIAN_POINT('',(0.,-8.21565038222616E-15,-37.));
#4527=CARTESIAN_POINT('',(49.,-8.21565038222616E-15,-37.));
#4528=CARTESIAN_POINT('',(0.,-8.21565038222616E-15,-37.));
#4529=CARTESIAN_POINT('',(49.,-8.21565038222616E-15,-37.));
#4530=CARTESIAN_POINT('Origin',(49.,0.,0.));
#4531=CARTESIAN_POINT('',(49.,0.,0.));
#4532=CARTESIAN_POINT('',(49.,0.,0.));
#4533=CARTESIAN_POINT('',(49.,0.,0.));
#4534=CARTESIAN_POINT('Origin',(0.,0.,0.));
#4535=CARTESIAN_POINT('',(0.,0.,0.));
#4536=CARTESIAN_POINT('',(0.,0.,0.));
#4537=CARTESIAN_POINT('',(0.,0.,0.));
#4538=CARTESIAN_POINT('Origin',(0.,-8.21565038222616E-15,-37.));
#4539=CARTESIAN_POINT('',(0.,-8.21565038222616E-15,-37.));
#4540=CARTESIAN_POINT('Origin',(24.5,2.,-18.5));
#4541=CARTESIAN_POINT('Origin',(24.5,-4.10782519111308E-15,-18.5));
#4542=CARTESIAN_POINT('Origin',(40.8922771867684,-16.,-8.49999999999998));
#4543=CARTESIAN_POINT('',(40.8922771867684,-16.,-11.75));
#4544=CARTESIAN_POINT('Origin',(40.8922771867684,-16.,-8.49999999999998));
#4545=CARTESIAN_POINT('',(40.8922771867684,-14.2735533905933,-11.75));
#4546=CARTESIAN_POINT('',(40.8922771867684,-16.,-11.75));
#4547=CARTESIAN_POINT('Origin',(40.8922771867684,-14.2735533905933,-8.49999999999998));
#4548=CARTESIAN_POINT('Origin',(40.8922771867684,-16.,-8.49999999999998));
#4549=CARTESIAN_POINT('',(40.8922771867684,-16.,-13.35));
#4550=CARTESIAN_POINT('Origin',(40.8922771867684,-16.,-8.49999999999998));
#4551=CARTESIAN_POINT('Origin',(40.8922771867684,-22.7264466094067,-8.49999999999997));
#4552=CARTESIAN_POINT('',(40.8922771867684,-22.7264466094067,-13.35));
#4553=CARTESIAN_POINT('Origin',(40.8922771867684,-22.7264466094067,-8.49999999999997));
#4554=CARTESIAN_POINT('',(40.8922771867684,-22.7264466094067,-13.35));
#4555=CARTESIAN_POINT('Origin',(35.3472771867684,-14.2735533905933,-8.49999999999998));
#4556=CARTESIAN_POINT('',(46.4372771867684,-14.2735533905933,-8.49999999999998));
#4557=CARTESIAN_POINT('Origin',(40.8922771867684,-14.2735533905933,-8.49999999999998));
#4558=CARTESIAN_POINT('Origin',(40.8922771867684,-15.0010533905933,-8.49999999999998));
#4559=CARTESIAN_POINT('',(47.8922771867684,-15.7285533905933,-8.49999999999998));
#4560=CARTESIAN_POINT('Origin',(40.8922771867684,-15.7285533905933,-8.49999999999998));
#4561=CARTESIAN_POINT('',(47.1647771867684,-15.0010533905933,-8.49999999999998));
#4562=CARTESIAN_POINT('Origin',(40.8922771867684,-18.5,-8.49999999999998));
#4563=CARTESIAN_POINT('',(47.8922771867684,-21.2714466094067,-8.49999999999997));
#4564=CARTESIAN_POINT('Origin',(40.8922771867684,-21.2714466094067,-8.49999999999998));
#4565=CARTESIAN_POINT('',(47.8922771867684,-18.5,-8.49999999999997));
#4566=CARTESIAN_POINT('Origin',(40.8922771867684,-21.9989466094067,-8.49999999999998));
#4567=CARTESIAN_POINT('',(46.4372771867684,-22.7264466094067,-8.49999999999997));
#4568=CARTESIAN_POINT('Origin',(40.8922771867684,-22.7264466094067,-8.49999999999997));
#4569=CARTESIAN_POINT('',(47.1647771867684,-21.9989466094067,-8.49999999999997));
#4570=CARTESIAN_POINT('Origin',(40.8922771867684,-22.7264466094067,-8.49999999999997));
#4571=CARTESIAN_POINT('Origin',(40.8922771867684,-16.,-28.5));
#4572=CARTESIAN_POINT('',(40.8922771867684,-16.,-31.75));
#4573=CARTESIAN_POINT('Origin',(40.8922771867684,-16.,-28.5));
#4574=CARTESIAN_POINT('',(40.8922771867684,-14.2735533905933,-31.75));
#4575=CARTESIAN_POINT('',(40.8922771867684,-16.,-31.75));
#4576=CARTESIAN_POINT('Origin',(40.8922771867684,-14.2735533905933,-28.5));
#4577=CARTESIAN_POINT('Origin',(40.8922771867684,-16.,-28.5));
#4578=CARTESIAN_POINT('',(40.8922771867684,-16.,-33.35));
#4579=CARTESIAN_POINT('Origin',(40.8922771867684,-16.,-28.5));
#4580=CARTESIAN_POINT('Origin',(40.8922771867684,-22.7264466094067,-28.5));
#4581=CARTESIAN_POINT('',(40.8922771867684,-22.7264466094067,-33.35));
#4582=CARTESIAN_POINT('Origin',(40.8922771867684,-22.7264466094067,-28.5));
#4583=CARTESIAN_POINT('',(40.8922771867684,-22.7264466094067,-33.35));
#4584=CARTESIAN_POINT('Origin',(35.3472771867684,-14.2735533905933,-28.5));
#4585=CARTESIAN_POINT('',(46.4372771867684,-14.2735533905933,-28.5));
#4586=CARTESIAN_POINT('Origin',(40.8922771867684,-14.2735533905933,-28.5));
#4587=CARTESIAN_POINT('Origin',(40.8922771867684,-15.0010533905933,-28.5));
#4588=CARTESIAN_POINT('',(47.8922771867684,-15.7285533905933,-28.5));
#4589=CARTESIAN_POINT('Origin',(40.8922771867684,-15.7285533905933,-28.5));
#4590=CARTESIAN_POINT('',(47.1647771867684,-15.0010533905933,-28.5));
#4591=CARTESIAN_POINT('Origin',(40.8922771867684,-18.5,-28.5));
#4592=CARTESIAN_POINT('',(47.8922771867684,-21.2714466094067,-28.5));
#4593=CARTESIAN_POINT('Origin',(40.8922771867684,-21.2714466094067,-28.5));
#4594=CARTESIAN_POINT('',(47.8922771867684,-18.5,-28.5));
#4595=CARTESIAN_POINT('Origin',(40.8922771867684,-21.9989466094067,-28.5));
#4596=CARTESIAN_POINT('',(46.4372771867684,-22.7264466094067,-28.5));
#4597=CARTESIAN_POINT('Origin',(40.8922771867684,-22.7264466094067,-28.5));
#4598=CARTESIAN_POINT('',(47.1647771867684,-21.9989466094067,-28.5));
#4599=CARTESIAN_POINT('Origin',(40.8922771867684,-22.7264466094067,-28.5));
#4600=CARTESIAN_POINT('Origin',(10.0932771867684,-16.,-28.5));
#4601=CARTESIAN_POINT('',(10.0932771867684,-16.,-31.75));
#4602=CARTESIAN_POINT('Origin',(10.0932771867684,-16.,-28.5));
#4603=CARTESIAN_POINT('',(10.0932771867684,-14.2735533905933,-31.75));
#4604=CARTESIAN_POINT('',(10.0932771867684,-16.,-31.75));
#4605=CARTESIAN_POINT('Origin',(10.0932771867684,-14.2735533905933,-28.5));
#4606=CARTESIAN_POINT('Origin',(10.0932771867684,-16.,-28.5));
#4607=CARTESIAN_POINT('',(10.0932771867684,-16.,-33.35));
#4608=CARTESIAN_POINT('Origin',(10.0932771867684,-16.,-28.5));
#4609=CARTESIAN_POINT('Origin',(10.0932771867684,-22.7264466094067,-28.5));
#4610=CARTESIAN_POINT('',(10.0932771867684,-22.7264466094067,-33.35));
#4611=CARTESIAN_POINT('Origin',(10.0932771867684,-22.7264466094067,-28.5));
#4612=CARTESIAN_POINT('',(10.0932771867684,-22.7264466094067,-33.35));
#4613=CARTESIAN_POINT('Origin',(4.54827718676837,-14.2735533905933,-28.5));
#4614=CARTESIAN_POINT('',(15.6382771867684,-14.2735533905933,-28.5));
#4615=CARTESIAN_POINT('Origin',(10.0932771867684,-14.2735533905933,-28.5));
#4616=CARTESIAN_POINT('Origin',(10.0932771867684,-15.0010533905933,-28.5));
#4617=CARTESIAN_POINT('',(17.0932771867684,-15.7285533905933,-28.5));
#4618=CARTESIAN_POINT('Origin',(10.0932771867684,-15.7285533905933,-28.5));
#4619=CARTESIAN_POINT('',(16.3657771867684,-15.0010533905933,-28.5));
#4620=CARTESIAN_POINT('Origin',(10.0932771867684,-18.5,-28.5));
#4621=CARTESIAN_POINT('',(17.0932771867684,-21.2714466094067,-28.5));
#4622=CARTESIAN_POINT('Origin',(10.0932771867684,-21.2714466094067,-28.5));
#4623=CARTESIAN_POINT('',(17.0932771867684,-18.5,-28.5));
#4624=CARTESIAN_POINT('Origin',(10.0932771867684,-21.9989466094067,-28.5));
#4625=CARTESIAN_POINT('',(15.6382771867684,-22.7264466094067,-28.5));
#4626=CARTESIAN_POINT('Origin',(10.0932771867684,-22.7264466094067,-28.5));
#4627=CARTESIAN_POINT('',(16.3657771867684,-21.9989466094067,-28.5));
#4628=CARTESIAN_POINT('Origin',(10.0932771867684,-22.7264466094067,-28.5));
#4629=CARTESIAN_POINT('Origin',(10.0932771867684,-14.2735533905933,-8.50000000000001));
#4630=CARTESIAN_POINT('',(10.0932771867684,-15.487132034356,-1.60000000000002));
#4631=CARTESIAN_POINT('',(10.0932771867684,-15.487132034356,-15.4));
#4632=CARTESIAN_POINT('Origin',(10.0932771867684,-15.487132034356,-8.50000000000001));
#4633=CARTESIAN_POINT('',(10.0932771867684,-21.5128679656492,-1.60000000000001));
#4634=CARTESIAN_POINT('',(10.0932771867684,-14.2735533905933,-1.60000000000002));
#4635=CARTESIAN_POINT('',(10.0932771867684,-21.5128679656492,-15.4));
#4636=CARTESIAN_POINT('Origin',(10.0932771867684,-21.5128679656492,-8.50000000000001));
#4637=CARTESIAN_POINT('Origin',(10.0932771867684,-21.5128679656492,-8.50000000000001));
#4638=CARTESIAN_POINT('Origin',(10.0932771867684,-15.487132034356,-8.50000000000001));
#4639=CARTESIAN_POINT('Origin',(10.0932771867684,-22.7264466094067,-8.50000000000001));
#4640=CARTESIAN_POINT('',(10.0932771867684,-22.7264466094067,-13.5));
#4641=CARTESIAN_POINT('Origin',(10.0932771867684,-22.7264466094067,-8.50000000000001));
#4642=CARTESIAN_POINT('',(10.0932771867684,-16.0004466094067,-13.5));
#4643=CARTESIAN_POINT('',(10.0932771867684,-22.7264466094067,-13.5));
#4644=CARTESIAN_POINT('Origin',(10.0932771867684,-16.0004466094067,-8.50000000000001));
#4645=CARTESIAN_POINT('Origin',(10.0932771867684,-16.0004466094067,-8.50000000000001));
#4646=CARTESIAN_POINT('',(10.0932771867684,-16.0004466094067,-13.35));
#4647=CARTESIAN_POINT('Origin',(10.0932771867684,-16.0004466094067,-8.49999999999998));
#4648=CARTESIAN_POINT('Origin',(10.0932771867684,-14.9803454421983,-8.49999999999998));
#4649=CARTESIAN_POINT('',(10.0932771867684,-14.2735588500406,-14.1864268156843));
#4650=CARTESIAN_POINT('Origin',(10.0932771867684,-14.2735588500406,-8.49999999999998));
#4651=CARTESIAN_POINT('',(10.0932771867684,-14.9803454421983,-14.8932134078421));
#4652=CARTESIAN_POINT('Origin',(10.0932771867684,-22.7264389726999,-8.49999999999997));
#4653=CARTESIAN_POINT('',(10.0932771867684,-22.7264313359932,-14.1864366296483));
#4654=CARTESIAN_POINT('Origin',(10.0932771867684,-22.7264313359928,-8.49999999999997));
#4655=CARTESIAN_POINT('',(10.0932771867684,-22.7264466094067,-14.045));
#4656=CARTESIAN_POINT('',(10.0932771867684,-22.7264389726999,-14.115718314824));
#4657=CARTESIAN_POINT('Origin',(10.0932771867684,-22.7264466094067,-8.49999999999997));
#4658=CARTESIAN_POINT('Origin',(10.0932771867684,-22.0196496508217,-8.49999999999998));
#4659=CARTESIAN_POINT('',(10.0932771867684,-22.0196496508217,-14.8932183148241));
#4660=CARTESIAN_POINT('Origin',(10.0932771867684,-16.,-8.49999999999998));
#4661=CARTESIAN_POINT('',(10.0932771867684,-16.,-11.75));
#4662=CARTESIAN_POINT('Origin',(10.0932771867684,-16.,-8.49999999999998));
#4663=CARTESIAN_POINT('',(10.0932771867684,-14.2735533905933,-11.75));
#4664=CARTESIAN_POINT('',(10.0932771867684,-16.,-11.75));
#4665=CARTESIAN_POINT('Origin',(10.0932771867684,-14.2735533905933,-8.49999999999998));
#4666=CARTESIAN_POINT('Origin',(10.0932771867684,-16.,-8.49999999999998));
#4667=CARTESIAN_POINT('',(10.0932771867684,-16.,-13.35));
#4668=CARTESIAN_POINT('Origin',(10.0932771867684,-16.,-8.49999999999998));
#4669=CARTESIAN_POINT('Origin',(10.0932771867684,-22.7264466094067,-8.49999999999997));
#4670=CARTESIAN_POINT('',(10.0932771867684,-22.7264466094067,-13.35));
#4671=CARTESIAN_POINT('Origin',(4.54827718676837,-14.2735533905933,-8.49999999999998));
#4672=CARTESIAN_POINT('Origin',(10.0932771867684,-22.7264466094067,-8.49999999999997));
#4673=CARTESIAN_POINT('Origin',(31.5141879482728,-3.99999999999999,-14.9962471090257));
#4674=CARTESIAN_POINT('',(31.5141879482728,-3.99999999999999,-14.9962471090257));
#4675=CARTESIAN_POINT('',(31.5141879482728,-3.99999999999999,-15.3918812833726));
#4676=CARTESIAN_POINT('',(31.5141879482728,-3.99999999999999,-16.7481235545128));
#4677=CARTESIAN_POINT('',(31.5141879482728,-3.43999999999998,-14.9962471090257));
#4678=CARTESIAN_POINT('',(31.5141879482728,-3.99999999999999,-14.9962471090257));
#4679=CARTESIAN_POINT('',(31.5141879482728,-3.43999999999998,-15.3918812833726));
#4680=CARTESIAN_POINT('',(31.5141879482728,-3.43999999999998,-14.9962471090257));
#4681=CARTESIAN_POINT('',(31.5141879482728,-3.99999999999999,-15.3918812833726));
#4682=CARTESIAN_POINT('Ctrl Pts',(30.845702187584,-3.99999999999999,-14.4505445323884));
#4683=CARTESIAN_POINT('Ctrl Pts',(30.845702187584,-3.43999999999998,-14.4505445323884));
#4684=CARTESIAN_POINT('Ctrl Pts',(30.9537713894983,-3.99999999999999,-14.5665495416846));
#4685=CARTESIAN_POINT('Ctrl Pts',(30.9537713894983,-3.43999999999998,-14.5665495416846));
#4686=CARTESIAN_POINT('Ctrl Pts',(31.151906722752,-3.99999999999999,-14.7792344766046));
#4687=CARTESIAN_POINT('Ctrl Pts',(31.151906722752,-3.43999999999998,-14.7792344766046));
#4688=CARTESIAN_POINT('Ctrl Pts',(31.4009710758824,-3.99999999999999,-14.9284282716664));
#4689=CARTESIAN_POINT('Ctrl Pts',(31.4009710758824,-3.43999999999998,-14.9284282716664));
#4690=CARTESIAN_POINT('Ctrl Pts',(31.5141879482728,-3.99999999999999,-14.9962471090257));
#4691=CARTESIAN_POINT('Ctrl Pts',(31.5141879482728,-3.43999999999998,-14.9962471090257));
#4692=CARTESIAN_POINT('',(30.845702187584,-3.99999999999999,-14.4505445323884));
#4693=CARTESIAN_POINT('Ctrl Pts',(30.845702187584,-3.99999999999999,-14.4505445323884));
#4694=CARTESIAN_POINT('Ctrl Pts',(30.9537713894983,-3.99999999999999,-14.5665495416846));
#4695=CARTESIAN_POINT('Ctrl Pts',(31.151906722752,-3.99999999999999,-14.7792344766046));
#4696=CARTESIAN_POINT('Ctrl Pts',(31.4009710758824,-3.99999999999999,-14.9284282716664));
#4697=CARTESIAN_POINT('Ctrl Pts',(31.5141879482728,-3.99999999999999,-14.9962471090257));
#4698=CARTESIAN_POINT('',(30.845702187584,-3.43999999999998,-14.4505445323884));
#4699=CARTESIAN_POINT('',(30.845702187584,-3.99999999999999,-14.4505445323884));
#4700=CARTESIAN_POINT('Ctrl Pts',(30.845702187584,-3.43999999999998,-14.4505445323884));
#4701=CARTESIAN_POINT('Ctrl Pts',(30.9537713894983,-3.43999999999998,-14.5665495416846));
#4702=CARTESIAN_POINT('Ctrl Pts',(31.151906722752,-3.43999999999998,-14.7792344766046));
#4703=CARTESIAN_POINT('Ctrl Pts',(31.4009710758824,-3.43999999999998,-14.9284282716664));
#4704=CARTESIAN_POINT('Ctrl Pts',(31.5141879482728,-3.43999999999998,-14.9962471090257));
#4705=CARTESIAN_POINT('Ctrl Pts',(30.2590717835885,-3.99999999999999,-13.5501353107393));
#4706=CARTESIAN_POINT('Ctrl Pts',(30.2590717835885,-3.43999999999998,-13.5501353107393));
#4707=CARTESIAN_POINT('Ctrl Pts',(30.3425873747315,-3.99999999999999,-13.7147512609021));
#4708=CARTESIAN_POINT('Ctrl Pts',(30.3425873747315,-3.43999999999998,-13.7147512609021));
#4709=CARTESIAN_POINT('Ctrl Pts',(30.5056389449841,-3.99999999999999,-14.0361390256934));
#4710=CARTESIAN_POINT('Ctrl Pts',(30.5056389449841,-3.43999999999998,-14.0361390256934));
#4711=CARTESIAN_POINT('Ctrl Pts',(30.7342073353936,-3.99999999999999,-14.3146754500301));
#4712=CARTESIAN_POINT('Ctrl Pts',(30.7342073353936,-3.43999999999998,-14.3146754500301));
#4713=CARTESIAN_POINT('Ctrl Pts',(30.845702187584,-3.99999999999999,-14.4505445323884));
#4714=CARTESIAN_POINT('Ctrl Pts',(30.845702187584,-3.43999999999998,-14.4505445323884));
#4715=CARTESIAN_POINT('',(30.2590717835885,-3.99999999999999,-13.5501353107393));
#4716=CARTESIAN_POINT('Ctrl Pts',(30.2590717835885,-3.99999999999999,-13.5501353107393));
#4717=CARTESIAN_POINT('Ctrl Pts',(30.3425873747315,-3.99999999999999,-13.7147512609021));
#4718=CARTESIAN_POINT('Ctrl Pts',(30.5056389449841,-3.99999999999999,-14.0361390256934));
#4719=CARTESIAN_POINT('Ctrl Pts',(30.7342073353936,-3.99999999999999,-14.3146754500301));
#4720=CARTESIAN_POINT('Ctrl Pts',(30.845702187584,-3.99999999999999,-14.4505445323884));
#4721=CARTESIAN_POINT('',(30.2590717835885,-3.43999999999998,-13.5501353107393));
#4722=CARTESIAN_POINT('',(30.2590717835885,-3.99999999999999,-13.5501353107393));
#4723=CARTESIAN_POINT('Ctrl Pts',(30.2590717835885,-3.43999999999998,-13.5501353107393));
#4724=CARTESIAN_POINT('Ctrl Pts',(30.3425873747315,-3.43999999999998,-13.7147512609021));
#4725=CARTESIAN_POINT('Ctrl Pts',(30.5056389449841,-3.43999999999998,-14.0361390256934));
#4726=CARTESIAN_POINT('Ctrl Pts',(30.7342073353936,-3.43999999999998,-14.3146754500301));
#4727=CARTESIAN_POINT('Ctrl Pts',(30.845702187584,-3.43999999999998,-14.4505445323884));
#4728=CARTESIAN_POINT('Origin',(29.6656202240449,-3.99999999999999,-13.5501353107393));
#4729=CARTESIAN_POINT('',(29.6656202240449,-3.99999999999999,-13.5501353107393));
#4730=CARTESIAN_POINT('',(27.5158101120225,-3.99999999999999,-13.5501353107393));
#4731=CARTESIAN_POINT('',(29.6656202240449,-3.43999999999998,-13.5501353107393));
#4732=CARTESIAN_POINT('',(29.6656202240449,-3.99999999999999,-13.5501353107393));
#4733=CARTESIAN_POINT('',(29.6656202240449,-3.43999999999998,-13.5501353107393));
#4734=CARTESIAN_POINT('Ctrl Pts',(29.9828099174958,-3.99999999999999,-14.1964517198503));
#4735=CARTESIAN_POINT('Ctrl Pts',(29.9828099174958,-3.43999999999998,-14.1964517198503));
#4736=CARTESIAN_POINT('Ctrl Pts',(29.9183919366428,-3.99999999999999,-14.0839559825616));
#4737=CARTESIAN_POINT('Ctrl Pts',(29.9183919366428,-3.43999999999998,-14.0839559825616));
#4738=CARTESIAN_POINT('Ctrl Pts',(29.7988689372018,-3.99999999999999,-13.8752281123768));
#4739=CARTESIAN_POINT('Ctrl Pts',(29.7988689372018,-3.43999999999998,-13.8752281123768));
#4740=CARTESIAN_POINT('Ctrl Pts',(29.7076677310727,-3.99999999999999,-13.6527204805146));
#4741=CARTESIAN_POINT('Ctrl Pts',(29.7076677310727,-3.43999999999998,-13.6527204805146));
#4742=CARTESIAN_POINT('Ctrl Pts',(29.6656202240449,-3.99999999999999,-13.5501353107393));
#4743=CARTESIAN_POINT('Ctrl Pts',(29.6656202240449,-3.43999999999998,-13.5501353107393));
#4744=CARTESIAN_POINT('',(29.9828099174958,-3.99999999999999,-14.1964517198503));
#4745=CARTESIAN_POINT('Ctrl Pts',(29.9828099174958,-3.99999999999999,-14.1964517198503));
#4746=CARTESIAN_POINT('Ctrl Pts',(29.9183919366428,-3.99999999999999,-14.0839559825616));
#4747=CARTESIAN_POINT('Ctrl Pts',(29.7988689372018,-3.99999999999999,-13.8752281123768));
#4748=CARTESIAN_POINT('Ctrl Pts',(29.7076677310727,-3.99999999999999,-13.6527204805146));
#4749=CARTESIAN_POINT('Ctrl Pts',(29.6656202240449,-3.99999999999999,-13.5501353107393));
#4750=CARTESIAN_POINT('',(29.9828099174958,-3.43999999999998,-14.1964517198503));
#4751=CARTESIAN_POINT('',(29.9828099174958,-3.99999999999999,-14.1964517198503));
#4752=CARTESIAN_POINT('Ctrl Pts',(29.9828099174958,-3.43999999999998,-14.1964517198503));
#4753=CARTESIAN_POINT('Ctrl Pts',(29.9183919366428,-3.43999999999998,-14.0839559825616));
#4754=CARTESIAN_POINT('Ctrl Pts',(29.7988689372018,-3.43999999999998,-13.8752281123768));
#4755=CARTESIAN_POINT('Ctrl Pts',(29.7076677310727,-3.43999999999998,-13.6527204805146));
#4756=CARTESIAN_POINT('Ctrl Pts',(29.6656202240449,-3.43999999999998,-13.5501353107393));
#4757=CARTESIAN_POINT('Ctrl Pts',(30.4057293100816,-3.99999999999999,-14.7779659591615));
#4758=CARTESIAN_POINT('Ctrl Pts',(30.4057293100816,-3.43999999999998,-14.7779659591615));
#4759=CARTESIAN_POINT('Ctrl Pts',(30.3329060186199,-3.99999999999999,-14.6942730785512));
#4760=CARTESIAN_POINT('Ctrl Pts',(30.3329060186199,-3.43999999999998,-14.6942730785512));
#4761=CARTESIAN_POINT('Ctrl Pts',(30.175035092477,-3.99999999999999,-14.5128383712163));
#4762=CARTESIAN_POINT('Ctrl Pts',(30.175035092477,-3.43999999999998,-14.5128383712163));
#4763=CARTESIAN_POINT('Ctrl Pts',(30.0501094124495,-3.99999999999999,-14.3072210914952));
#4764=CARTESIAN_POINT('Ctrl Pts',(30.0501094124495,-3.43999999999998,-14.3072210914952));
#4765=CARTESIAN_POINT('Ctrl Pts',(29.9828099174958,-3.99999999999999,-14.1964517198503));
#4766=CARTESIAN_POINT('Ctrl Pts',(29.9828099174958,-3.43999999999998,-14.1964517198503));
#4767=CARTESIAN_POINT('',(30.4057293100816,-3.99999999999999,-14.7779659591615));
#4768=CARTESIAN_POINT('Ctrl Pts',(30.4057293100816,-3.99999999999999,-14.7779659591615));
#4769=CARTESIAN_POINT('Ctrl Pts',(30.3329060186199,-3.99999999999999,-14.6942730785512));
#4770=CARTESIAN_POINT('Ctrl Pts',(30.175035092477,-3.99999999999999,-14.5128383712163));
#4771=CARTESIAN_POINT('Ctrl Pts',(30.0501094124495,-3.99999999999999,-14.3072210914952));
#4772=CARTESIAN_POINT('Ctrl Pts',(29.9828099174958,-3.99999999999999,-14.1964517198503));
#4773=CARTESIAN_POINT('',(30.4057293100816,-3.43999999999998,-14.7779659591615));
#4774=CARTESIAN_POINT('',(30.4057293100816,-3.99999999999999,-14.7779659591615));
#4775=CARTESIAN_POINT('Ctrl Pts',(30.4057293100816,-3.43999999999998,-14.7779659591615));
#4776=CARTESIAN_POINT('Ctrl Pts',(30.3329060186199,-3.43999999999998,-14.6942730785512));
#4777=CARTESIAN_POINT('Ctrl Pts',(30.175035092477,-3.43999999999998,-14.5128383712163));
#4778=CARTESIAN_POINT('Ctrl Pts',(30.0501094124495,-3.43999999999998,-14.3072210914952));
#4779=CARTESIAN_POINT('Ctrl Pts',(29.9828099174958,-3.43999999999998,-14.1964517198503));
#4780=CARTESIAN_POINT('Origin',(26.4937238855821,-3.99999999999999,-14.7779659591615));
#4781=CARTESIAN_POINT('',(26.4937238855821,-3.99999999999999,-14.7779659591615));
#4782=CARTESIAN_POINT('',(25.929861942791,-3.99999999999999,-14.7779659591615));
#4783=CARTESIAN_POINT('',(26.4937238855821,-3.43999999999998,-14.7779659591615));
#4784=CARTESIAN_POINT('',(26.4937238855821,-3.99999999999999,-14.7779659591615));
#4785=CARTESIAN_POINT('',(26.4937238855821,-3.43999999999998,-14.7779659591615));
#4786=CARTESIAN_POINT('Origin',(26.4937238855821,-3.99999999999999,-15.3918812833726));
#4787=CARTESIAN_POINT('',(26.4937238855821,-3.99999999999999,-15.3918812833726));
#4788=CARTESIAN_POINT('',(26.4937238855821,-3.99999999999999,-16.9459406416863));
#4789=CARTESIAN_POINT('',(26.4937238855821,-3.43999999999998,-15.3918812833726));
#4790=CARTESIAN_POINT('',(26.4937238855821,-3.99999999999999,-15.3918812833726));
#4791=CARTESIAN_POINT('',(26.4937238855821,-3.43999999999998,-15.3918812833726));
#4792=CARTESIAN_POINT('Origin',(31.5141879482728,-3.99999999999999,-15.3918812833726));
#4793=CARTESIAN_POINT('',(28.4400939741364,-3.99999999999999,-15.3918812833726));
#4794=CARTESIAN_POINT('',(31.5141879482728,-3.43999999999998,-15.3918812833726));
#4795=CARTESIAN_POINT('Origin',(28.9596175117951,-3.43999999999998,-19.4999988786876));
#4796=CARTESIAN_POINT('Origin',(28.3729874058228,-3.99999999999999,-19.6892903409898));
#4797=CARTESIAN_POINT('',(28.3729874058228,-3.99999999999999,-19.6892903409898));
#4798=CARTESIAN_POINT('',(26.4937238855821,-3.99999999999999,-19.6892903409898));
#4799=CARTESIAN_POINT('',(26.8694937029114,-3.99999999999999,-19.6892903409898));
#4800=CARTESIAN_POINT('',(28.3729874058228,-3.43999999999998,-19.6892903409898));
#4801=CARTESIAN_POINT('',(28.3729874058228,-3.99999999999999,-19.6892903409898));
#4802=CARTESIAN_POINT('',(26.4937238855821,-3.43999999999998,-19.6892903409898));
#4803=CARTESIAN_POINT('',(28.3729874058228,-3.43999999999998,-19.6892903409898));
#4804=CARTESIAN_POINT('',(26.4937238855821,-3.99999999999999,-19.6892903409898));
#4805=CARTESIAN_POINT('Ctrl Pts',(29.130149678753,-3.99999999999999,-19.7881982885301));
#4806=CARTESIAN_POINT('Ctrl Pts',(29.130149678753,-3.43999999999998,-19.7881982885301));
#4807=CARTESIAN_POINT('Ctrl Pts',(29.0238514414637,-3.99999999999999,-19.759493824639));
#4808=CARTESIAN_POINT('Ctrl Pts',(29.0238514414637,-3.43999999999998,-19.759493824639));
#4809=CARTESIAN_POINT('Ctrl Pts',(28.7763064610059,-3.99999999999999,-19.6926475049428));
#4810=CARTESIAN_POINT('Ctrl Pts',(28.7763064610059,-3.43999999999998,-19.6926475049428));
#4811=CARTESIAN_POINT('Ctrl Pts',(28.5195118803437,-3.99999999999999,-19.6905099875147));
#4812=CARTESIAN_POINT('Ctrl Pts',(28.5195118803437,-3.43999999999998,-19.6905099875147));
#4813=CARTESIAN_POINT('Ctrl Pts',(28.3729874058228,-3.99999999999999,-19.6892903409898));
#4814=CARTESIAN_POINT('Ctrl Pts',(28.3729874058228,-3.43999999999998,-19.6892903409898));
#4815=CARTESIAN_POINT('',(29.130149678753,-3.99999999999999,-19.7881982885301));
#4816=CARTESIAN_POINT('Ctrl Pts',(29.130149678753,-3.99999999999999,-19.7881982885301));
#4817=CARTESIAN_POINT('Ctrl Pts',(29.0238514414637,-3.99999999999999,-19.759493824639));
#4818=CARTESIAN_POINT('Ctrl Pts',(28.7763064610059,-3.99999999999999,-19.6926475049428));
#4819=CARTESIAN_POINT('Ctrl Pts',(28.5195118803437,-3.99999999999999,-19.6905099875147));
#4820=CARTESIAN_POINT('Ctrl Pts',(28.3729874058228,-3.99999999999999,-19.6892903409898));
#4821=CARTESIAN_POINT('',(29.130149678753,-3.43999999999998,-19.7881982885301));
#4822=CARTESIAN_POINT('',(29.130149678753,-3.99999999999999,-19.7881982885301));
#4823=CARTESIAN_POINT('Ctrl Pts',(29.130149678753,-3.43999999999998,-19.7881982885301));
#4824=CARTESIAN_POINT('Ctrl Pts',(29.0238514414637,-3.43999999999998,-19.759493824639));
#4825=CARTESIAN_POINT('Ctrl Pts',(28.7763064610059,-3.43999999999998,-19.6926475049428));
#4826=CARTESIAN_POINT('Ctrl Pts',(28.5195118803437,-3.43999999999998,-19.6905099875147));
#4827=CARTESIAN_POINT('Ctrl Pts',(28.3729874058228,-3.43999999999998,-19.6892903409898));
#4828=CARTESIAN_POINT('Ctrl Pts',(29.529194430874,-3.99999999999999,-20.1070938669145));
#4829=CARTESIAN_POINT('Ctrl Pts',(29.529194430874,-3.43999999999998,-20.1070938669145));
#4830=CARTESIAN_POINT('Ctrl Pts',(29.4775396666256,-3.99999999999999,-20.0384695994267));
#4831=CARTESIAN_POINT('Ctrl Pts',(29.4775396666256,-3.43999999999998,-20.0384695994267));
#4832=CARTESIAN_POINT('Ctrl Pts',(29.3719193608135,-3.99999999999999,-19.8981511559364));
#4833=CARTESIAN_POINT('Ctrl Pts',(29.3719193608135,-3.43999999999998,-19.8981511559364));
#4834=CARTESIAN_POINT('Ctrl Pts',(29.2119065014326,-3.99999999999999,-19.8253799442573));
#4835=CARTESIAN_POINT('Ctrl Pts',(29.2119065014326,-3.43999999999998,-19.8253799442573));
#4836=CARTESIAN_POINT('Ctrl Pts',(29.130149678753,-3.99999999999999,-19.7881982885301));
#4837=CARTESIAN_POINT('Ctrl Pts',(29.130149678753,-3.43999999999998,-19.7881982885301));
#4838=CARTESIAN_POINT('',(29.529194430874,-3.99999999999999,-20.1070938669145));
#4839=CARTESIAN_POINT('Ctrl Pts',(29.529194430874,-3.99999999999999,-20.1070938669145));
#4840=CARTESIAN_POINT('Ctrl Pts',(29.4775396666256,-3.99999999999999,-20.0384695994267));
#4841=CARTESIAN_POINT('Ctrl Pts',(29.3719193608135,-3.99999999999999,-19.8981511559364));
#4842=CARTESIAN_POINT('Ctrl Pts',(29.2119065014326,-3.99999999999999,-19.8253799442573));
#4843=CARTESIAN_POINT('Ctrl Pts',(29.130149678753,-3.99999999999999,-19.7881982885301));
#4844=CARTESIAN_POINT('',(29.529194430874,-3.43999999999998,-20.1070938669145));
#4845=CARTESIAN_POINT('',(29.529194430874,-3.99999999999999,-20.1070938669145));
#4846=CARTESIAN_POINT('Ctrl Pts',(29.529194430874,-3.43999999999998,-20.1070938669145));
#4847=CARTESIAN_POINT('Ctrl Pts',(29.4775396666256,-3.43999999999998,-20.0384695994267));
#4848=CARTESIAN_POINT('Ctrl Pts',(29.3719193608135,-3.43999999999998,-19.8981511559364));
#4849=CARTESIAN_POINT('Ctrl Pts',(29.2119065014326,-3.43999999999998,-19.8253799442573));
#4850=CARTESIAN_POINT('Ctrl Pts',(29.130149678753,-3.43999999999998,-19.7881982885301));
#4851=CARTESIAN_POINT('Ctrl Pts',(29.6656202240449,-3.99999999999999,-20.5862889848649));
#4852=CARTESIAN_POINT('Ctrl Pts',(29.6656202240449,-3.43999999999998,-20.5862889848649));
#4853=CARTESIAN_POINT('Ctrl Pts',(29.659944126406,-3.99999999999999,-20.5015333970211));
#4854=CARTESIAN_POINT('Ctrl Pts',(29.659944126406,-3.43999999999998,-20.5015333970211));
#4855=CARTESIAN_POINT('Ctrl Pts',(29.6485960579013,-3.99999999999999,-20.3320838423795));
#4856=CARTESIAN_POINT('Ctrl Pts',(29.6485960579013,-3.43999999999998,-20.3320838423795));
#4857=CARTESIAN_POINT('Ctrl Pts',(29.5689853229564,-3.99999999999999,-20.1820723412976));
#4858=CARTESIAN_POINT('Ctrl Pts',(29.5689853229564,-3.43999999999998,-20.1820723412976));
#4859=CARTESIAN_POINT('Ctrl Pts',(29.529194430874,-3.99999999999999,-20.1070938669145));
#4860=CARTESIAN_POINT('Ctrl Pts',(29.529194430874,-3.43999999999998,-20.1070938669145));
#4861=CARTESIAN_POINT('',(29.6656202240449,-3.99999999999999,-20.5862889848649));
#4862=CARTESIAN_POINT('Ctrl Pts',(29.6656202240449,-3.99999999999999,-20.5862889848649));
#4863=CARTESIAN_POINT('Ctrl Pts',(29.659944126406,-3.99999999999999,-20.5015333970211));
#4864=CARTESIAN_POINT('Ctrl Pts',(29.6485960579013,-3.99999999999999,-20.3320838423795));
#4865=CARTESIAN_POINT('Ctrl Pts',(29.5689853229564,-3.99999999999999,-20.1820723412976));
#4866=CARTESIAN_POINT('Ctrl Pts',(29.529194430874,-3.99999999999999,-20.1070938669145));
#4867=CARTESIAN_POINT('',(29.6656202240449,-3.43999999999998,-20.5862889848649));
#4868=CARTESIAN_POINT('',(29.6656202240449,-3.99999999999999,-20.5862889848649));
#4869=CARTESIAN_POINT('Ctrl Pts',(29.6656202240449,-3.43999999999998,-20.5862889848649));
#4870=CARTESIAN_POINT('Ctrl Pts',(29.659944126406,-3.43999999999998,-20.5015333970211));
#4871=CARTESIAN_POINT('Ctrl Pts',(29.6485960579013,-3.43999999999998,-20.3320838423795));
#4872=CARTESIAN_POINT('Ctrl Pts',(29.5689853229564,-3.43999999999998,-20.1820723412976));
#4873=CARTESIAN_POINT('Ctrl Pts',(29.529194430874,-3.43999999999998,-20.1070938669145));
#4874=CARTESIAN_POINT('Ctrl Pts',(29.4609816833001,-3.99999999999999,-21.0774205289781));
#4875=CARTESIAN_POINT('Ctrl Pts',(29.4609816833001,-3.43999999999998,-21.0774205289781));
#4876=CARTESIAN_POINT('Ctrl Pts',(29.5205507309309,-3.99999999999999,-21.0151992951206));
#4877=CARTESIAN_POINT('Ctrl Pts',(29.5205507309309,-3.43999999999998,-21.0151992951206));
#4878=CARTESIAN_POINT('Ctrl Pts',(29.6509586366275,-3.99999999999999,-20.8789852524265));
#4879=CARTESIAN_POINT('Ctrl Pts',(29.6509586366275,-3.43999999999998,-20.8789852524265));
#4880=CARTESIAN_POINT('Ctrl Pts',(29.6604593454764,-3.99999999999999,-20.6893180670055));
#4881=CARTESIAN_POINT('Ctrl Pts',(29.6604593454764,-3.43999999999998,-20.6893180670055));
#4882=CARTESIAN_POINT('Ctrl Pts',(29.6656202240449,-3.99999999999999,-20.5862889848649));
#4883=CARTESIAN_POINT('Ctrl Pts',(29.6656202240449,-3.43999999999998,-20.5862889848649));
#4884=CARTESIAN_POINT('',(29.4609816833001,-3.99999999999999,-21.0774205289781));
#4885=CARTESIAN_POINT('Ctrl Pts',(29.4609816833001,-3.99999999999999,-21.0774205289781));
#4886=CARTESIAN_POINT('Ctrl Pts',(29.5205507309309,-3.99999999999999,-21.0151992951206));
#4887=CARTESIAN_POINT('Ctrl Pts',(29.6509586366275,-3.99999999999999,-20.8789852524265));
#4888=CARTESIAN_POINT('Ctrl Pts',(29.6604593454764,-3.99999999999999,-20.6893180670055));
#4889=CARTESIAN_POINT('Ctrl Pts',(29.6656202240449,-3.99999999999999,-20.5862889848649));
#4890=CARTESIAN_POINT('',(29.4609816833001,-3.43999999999998,-21.0774205289781));
#4891=CARTESIAN_POINT('',(29.4609816833001,-3.99999999999999,-21.0774205289781));
#4892=CARTESIAN_POINT('Ctrl Pts',(29.4609816833001,-3.43999999999998,-21.0774205289781));
#4893=CARTESIAN_POINT('Ctrl Pts',(29.5205507309309,-3.43999999999998,-21.0151992951206));
#4894=CARTESIAN_POINT('Ctrl Pts',(29.6509586366275,-3.43999999999998,-20.8789852524265));
#4895=CARTESIAN_POINT('Ctrl Pts',(29.6604593454764,-3.43999999999998,-20.6893180670055));
#4896=CARTESIAN_POINT('Ctrl Pts',(29.6656202240449,-3.43999999999998,-20.5862889848649));
#4897=CARTESIAN_POINT('Ctrl Pts',(28.847066359089,-3.99999999999999,-21.2274895273149));
#4898=CARTESIAN_POINT('Ctrl Pts',(28.847066359089,-3.43999999999998,-21.2274895273149));
#4899=CARTESIAN_POINT('Ctrl Pts',(28.9691163227848,-3.99999999999999,-21.225071772991));
#4900=CARTESIAN_POINT('Ctrl Pts',(28.9691163227848,-3.43999999999998,-21.225071772991));
#4901=CARTESIAN_POINT('Ctrl Pts',(29.1858924524639,-3.99999999999999,-21.2207775363605));
#4902=CARTESIAN_POINT('Ctrl Pts',(29.1858924524639,-3.43999999999998,-21.2207775363605));
#4903=CARTESIAN_POINT('Ctrl Pts',(29.3773285336981,-3.99999999999999,-21.1210146207882));
#4904=CARTESIAN_POINT('Ctrl Pts',(29.3773285336981,-3.43999999999998,-21.1210146207882));
#4905=CARTESIAN_POINT('Ctrl Pts',(29.4609816833001,-3.99999999999999,-21.0774205289781));
#4906=CARTESIAN_POINT('Ctrl Pts',(29.4609816833001,-3.43999999999998,-21.0774205289781));
#4907=CARTESIAN_POINT('',(28.847066359089,-3.99999999999999,-21.2274895273149));
#4908=CARTESIAN_POINT('Ctrl Pts',(28.847066359089,-3.99999999999999,-21.2274895273149));
#4909=CARTESIAN_POINT('Ctrl Pts',(28.9691163227848,-3.99999999999999,-21.225071772991));
#4910=CARTESIAN_POINT('Ctrl Pts',(29.1858924524639,-3.99999999999999,-21.2207775363605));
#4911=CARTESIAN_POINT('Ctrl Pts',(29.3773285336981,-3.99999999999999,-21.1210146207882));
#4912=CARTESIAN_POINT('Ctrl Pts',(29.4609816833001,-3.99999999999999,-21.0774205289781));
#4913=CARTESIAN_POINT('',(28.847066359089,-3.43999999999998,-21.2274895273149));
#4914=CARTESIAN_POINT('',(28.847066359089,-3.99999999999999,-21.2274895273149));
#4915=CARTESIAN_POINT('Ctrl Pts',(28.847066359089,-3.43999999999998,-21.2274895273149));
#4916=CARTESIAN_POINT('Ctrl Pts',(28.9691163227848,-3.43999999999998,-21.225071772991));
#4917=CARTESIAN_POINT('Ctrl Pts',(29.1858924524639,-3.43999999999998,-21.2207775363605));
#4918=CARTESIAN_POINT('Ctrl Pts',(29.3773285336981,-3.43999999999998,-21.1210146207882));
#4919=CARTESIAN_POINT('Ctrl Pts',(29.4609816833001,-3.43999999999998,-21.0774205289781));
#4920=CARTESIAN_POINT('Origin',(26.4937238855821,-3.99999999999999,-21.2274895273149));
#4921=CARTESIAN_POINT('',(26.4937238855821,-3.99999999999999,-21.2274895273149));
#4922=CARTESIAN_POINT('',(25.929861942791,-3.99999999999999,-21.2274895273149));
#4923=CARTESIAN_POINT('',(26.4937238855821,-3.43999999999998,-21.2274895273149));
#4924=CARTESIAN_POINT('',(26.4937238855821,-3.99999999999999,-21.2274895273149));
#4925=CARTESIAN_POINT('',(26.4937238855821,-3.43999999999998,-21.2274895273149));
#4926=CARTESIAN_POINT('Origin',(26.4937238855821,-3.99999999999999,-21.8414042554796));
#4927=CARTESIAN_POINT('',(26.4937238855821,-3.99999999999999,-21.8414042554796));
#4928=CARTESIAN_POINT('',(26.4937238855821,-3.99999999999999,-20.1707021277398));
#4929=CARTESIAN_POINT('',(26.4937238855821,-3.43999999999998,-21.8414042554796));
#4930=CARTESIAN_POINT('',(26.4937238855821,-3.99999999999999,-21.8414042554796));
#4931=CARTESIAN_POINT('',(26.4937238855821,-3.43999999999998,-21.8414042554796));
#4932=CARTESIAN_POINT('Origin',(28.5980897112351,-3.99999999999999,-21.8414042554796));
#4933=CARTESIAN_POINT('',(28.5980897112351,-3.99999999999999,-21.8414042554796));
#4934=CARTESIAN_POINT('',(26.9820448556176,-3.99999999999999,-21.8414042554796));
#4935=CARTESIAN_POINT('',(28.5980897112351,-3.43999999999998,-21.8414042554796));
#4936=CARTESIAN_POINT('',(28.5980897112351,-3.99999999999999,-21.8414042554796));
#4937=CARTESIAN_POINT('',(28.5980897112351,-3.43999999999998,-21.8414042554796));
#4938=CARTESIAN_POINT('Ctrl Pts',(29.4115274115067,-3.99999999999999,-22.0937917791307));
#4939=CARTESIAN_POINT('Ctrl Pts',(29.4115274115067,-3.43999999999998,-22.0937917791307));
#4940=CARTESIAN_POINT('Ctrl Pts',(29.3048415581975,-3.99999999999999,-22.0204603403925));
#4941=CARTESIAN_POINT('Ctrl Pts',(29.3048415581975,-3.43999999999998,-22.0204603403925));
#4942=CARTESIAN_POINT('Ctrl Pts',(29.061673954463,-3.99999999999999,-21.8533169967978));
#4943=CARTESIAN_POINT('Ctrl Pts',(29.061673954463,-3.43999999999998,-21.8533169967978));
#4944=CARTESIAN_POINT('Ctrl Pts',(28.7647455695741,-3.99999999999999,-21.8456868171899));
#4945=CARTESIAN_POINT('Ctrl Pts',(28.7647455695741,-3.43999999999998,-21.8456868171899));
#4946=CARTESIAN_POINT('Ctrl Pts',(28.5980897112351,-3.99999999999999,-21.8414042554796));
#4947=CARTESIAN_POINT('Ctrl Pts',(28.5980897112351,-3.43999999999998,-21.8414042554796));
#4948=CARTESIAN_POINT('',(29.4115274115067,-3.99999999999999,-22.0937917791307));
#4949=CARTESIAN_POINT('Ctrl Pts',(29.4115274115067,-3.99999999999999,-22.0937917791307));
#4950=CARTESIAN_POINT('Ctrl Pts',(29.3048415581975,-3.99999999999999,-22.0204603403925));
#4951=CARTESIAN_POINT('Ctrl Pts',(29.061673954463,-3.99999999999999,-21.8533169967978));
#4952=CARTESIAN_POINT('Ctrl Pts',(28.7647455695741,-3.99999999999999,-21.8456868171899));
#4953=CARTESIAN_POINT('Ctrl Pts',(28.5980897112351,-3.99999999999999,-21.8414042554796));
#4954=CARTESIAN_POINT('',(29.4115274115067,-3.43999999999998,-22.0937917791307));
#4955=CARTESIAN_POINT('',(29.4115274115067,-3.99999999999999,-22.0937917791307));
#4956=CARTESIAN_POINT('Ctrl Pts',(29.4115274115067,-3.43999999999998,-22.0937917791307));
#4957=CARTESIAN_POINT('Ctrl Pts',(29.3048415581975,-3.43999999999998,-22.0204603403925));
#4958=CARTESIAN_POINT('Ctrl Pts',(29.061673954463,-3.43999999999998,-21.8533169967978));
#4959=CARTESIAN_POINT('Ctrl Pts',(28.7647455695741,-3.43999999999998,-21.8456868171899));
#4960=CARTESIAN_POINT('Ctrl Pts',(28.5980897112351,-3.43999999999998,-21.8414042554796));
#4961=CARTESIAN_POINT('Ctrl Pts',(29.6656202240449,-3.99999999999999,-22.7281711660325));
#4962=CARTESIAN_POINT('Ctrl Pts',(29.6656202240449,-3.43999999999998,-22.7281711660325));
#4963=CARTESIAN_POINT('Ctrl Pts',(29.6558216820726,-3.99999999999999,-22.6070346606233));
#4964=CARTESIAN_POINT('Ctrl Pts',(29.6558216820726,-3.43999999999998,-22.6070346606233));
#4965=CARTESIAN_POINT('Ctrl Pts',(29.6365733694092,-3.99999999999999,-22.369073407035));
#4966=CARTESIAN_POINT('Ctrl Pts',(29.6365733694092,-3.43999999999998,-22.369073407035));
#4967=CARTESIAN_POINT('Ctrl Pts',(29.4856310605507,-3.99999999999999,-22.1844371447822));
#4968=CARTESIAN_POINT('Ctrl Pts',(29.4856310605507,-3.43999999999998,-22.1844371447822));
#4969=CARTESIAN_POINT('Ctrl Pts',(29.4115274115067,-3.99999999999999,-22.0937917791307));
#4970=CARTESIAN_POINT('Ctrl Pts',(29.4115274115067,-3.43999999999998,-22.0937917791307));
#4971=CARTESIAN_POINT('',(29.6656202240449,-3.99999999999999,-22.7281711660325));
#4972=CARTESIAN_POINT('Ctrl Pts',(29.6656202240449,-3.99999999999999,-22.7281711660325));
#4973=CARTESIAN_POINT('Ctrl Pts',(29.6558216820726,-3.99999999999999,-22.6070346606233));
#4974=CARTESIAN_POINT('Ctrl Pts',(29.6365733694092,-3.99999999999999,-22.369073407035));
#4975=CARTESIAN_POINT('Ctrl Pts',(29.4856310605507,-3.99999999999999,-22.1844371447822));
#4976=CARTESIAN_POINT('Ctrl Pts',(29.4115274115067,-3.99999999999999,-22.0937917791307));
#4977=CARTESIAN_POINT('',(29.6656202240449,-3.43999999999998,-22.7281711660325));
#4978=CARTESIAN_POINT('',(29.6656202240449,-3.99999999999999,-22.7281711660325));
#4979=CARTESIAN_POINT('Ctrl Pts',(29.6656202240449,-3.43999999999998,-22.7281711660325));
#4980=CARTESIAN_POINT('Ctrl Pts',(29.6558216820726,-3.43999999999998,-22.6070346606233));
#4981=CARTESIAN_POINT('Ctrl Pts',(29.6365733694092,-3.43999999999998,-22.369073407035));
#4982=CARTESIAN_POINT('Ctrl Pts',(29.4856310605507,-3.43999999999998,-22.1844371447822));
#4983=CARTESIAN_POINT('Ctrl Pts',(29.4115274115067,-3.43999999999998,-22.0937917791307));
#4984=CARTESIAN_POINT('Ctrl Pts',(29.5667116804582,-3.99999999999999,-23.0965207181871));
#4985=CARTESIAN_POINT('Ctrl Pts',(29.5667116804582,-3.43999999999998,-23.0965207181871));
#4986=CARTESIAN_POINT('Ctrl Pts',(29.5955504622048,-3.99999999999999,-23.0408026797958));
#4987=CARTESIAN_POINT('Ctrl Pts',(29.5955504622048,-3.43999999999998,-23.0408026797958));
#4988=CARTESIAN_POINT('Ctrl Pts',(29.6553041791291,-3.99999999999999,-22.9253553657287));
#4989=CARTESIAN_POINT('Ctrl Pts',(29.6553041791291,-3.43999999999998,-22.9253553657287));
#4990=CARTESIAN_POINT('Ctrl Pts',(29.6621028026157,-3.99999999999999,-22.7954042902751));
#4991=CARTESIAN_POINT('Ctrl Pts',(29.6621028026157,-3.43999999999998,-22.7954042902751));
#4992=CARTESIAN_POINT('Ctrl Pts',(29.6656202240449,-3.99999999999999,-22.7281711660325));
#4993=CARTESIAN_POINT('Ctrl Pts',(29.6656202240449,-3.43999999999998,-22.7281711660325));
#4994=CARTESIAN_POINT('',(29.5667116804582,-3.99999999999999,-23.0965207181871));
#4995=CARTESIAN_POINT('Ctrl Pts',(29.5667116804582,-3.99999999999999,-23.0965207181871));
#4996=CARTESIAN_POINT('Ctrl Pts',(29.5955504622048,-3.99999999999999,-23.0408026797958));
#4997=CARTESIAN_POINT('Ctrl Pts',(29.6553041791291,-3.99999999999999,-22.9253553657287));
#4998=CARTESIAN_POINT('Ctrl Pts',(29.6621028026157,-3.99999999999999,-22.7954042902751));
#4999=CARTESIAN_POINT('Ctrl Pts',(29.6656202240449,-3.99999999999999,-22.7281711660325));
#5000=CARTESIAN_POINT('',(29.5667116804582,-3.43999999999998,-23.0965207181871));
#5001=CARTESIAN_POINT('',(29.5667116804582,-3.99999999999999,-23.0965207181871));
#5002=CARTESIAN_POINT('Ctrl Pts',(29.5667116804582,-3.43999999999998,-23.0965207181871));
#5003=CARTESIAN_POINT('Ctrl Pts',(29.5955504622048,-3.43999999999998,-23.0408026797958));
#5004=CARTESIAN_POINT('Ctrl Pts',(29.6553041791291,-3.43999999999998,-22.9253553657287));
#5005=CARTESIAN_POINT('Ctrl Pts',(29.6621028026157,-3.43999999999998,-22.7954042902751));
#5006=CARTESIAN_POINT('Ctrl Pts',(29.6656202240449,-3.43999999999998,-22.7281711660325));
#5007=CARTESIAN_POINT('Ctrl Pts',(29.3057977123719,-3.99999999999999,-23.3130965791642));
#5008=CARTESIAN_POINT('Ctrl Pts',(29.3057977123719,-3.43999999999998,-23.3130965791642));
#5009=CARTESIAN_POINT('Ctrl Pts',(29.357476093262,-3.99999999999999,-23.288660356969));
#5010=CARTESIAN_POINT('Ctrl Pts',(29.357476093262,-3.43999999999998,-23.288660356969));
#5011=CARTESIAN_POINT('Ctrl Pts',(29.4628775896347,-3.99999999999999,-23.2388210558781));
#5012=CARTESIAN_POINT('Ctrl Pts',(29.4628775896347,-3.43999999999998,-23.2388210558781));
#5013=CARTESIAN_POINT('Ctrl Pts',(29.5316555644538,-3.99999999999999,-23.1445636788948));
#5014=CARTESIAN_POINT('Ctrl Pts',(29.5316555644538,-3.43999999999998,-23.1445636788948));
#5015=CARTESIAN_POINT('Ctrl Pts',(29.5667116804582,-3.99999999999999,-23.0965207181871));
#5016=CARTESIAN_POINT('Ctrl Pts',(29.5667116804582,-3.43999999999998,-23.0965207181871));
#5017=CARTESIAN_POINT('',(29.3057977123719,-3.99999999999999,-23.3130965791642));
#5018=CARTESIAN_POINT('Ctrl Pts',(29.3057977123719,-3.99999999999999,-23.3130965791642));
#5019=CARTESIAN_POINT('Ctrl Pts',(29.357476093262,-3.99999999999999,-23.288660356969));
#5020=CARTESIAN_POINT('Ctrl Pts',(29.4628775896347,-3.99999999999999,-23.2388210558781));
#5021=CARTESIAN_POINT('Ctrl Pts',(29.5316555644538,-3.99999999999999,-23.1445636788948));
#5022=CARTESIAN_POINT('Ctrl Pts',(29.5667116804582,-3.99999999999999,-23.0965207181871));
#5023=CARTESIAN_POINT('',(29.3057977123719,-3.43999999999998,-23.3130965791642));
#5024=CARTESIAN_POINT('',(29.3057977123719,-3.99999999999999,-23.3130965791642));
#5025=CARTESIAN_POINT('Ctrl Pts',(29.3057977123719,-3.43999999999998,-23.3130965791642));
#5026=CARTESIAN_POINT('Ctrl Pts',(29.357476093262,-3.43999999999998,-23.288660356969));
#5027=CARTESIAN_POINT('Ctrl Pts',(29.4628775896347,-3.43999999999998,-23.2388210558781));
#5028=CARTESIAN_POINT('Ctrl Pts',(29.5316555644538,-3.43999999999998,-23.1445636788948));
#5029=CARTESIAN_POINT('Ctrl Pts',(29.5667116804582,-3.43999999999998,-23.0965207181871));
#5030=CARTESIAN_POINT('Ctrl Pts',(28.7754427357179,-3.99999999999999,-23.3727822862565));
#5031=CARTESIAN_POINT('Ctrl Pts',(28.7754427357179,-3.43999999999998,-23.3727822862565));
#5032=CARTESIAN_POINT('Ctrl Pts',(28.8816616092129,-3.99999999999999,-23.3727571974003));
#5033=CARTESIAN_POINT('Ctrl Pts',(28.8816616092129,-3.43999999999998,-23.3727571974003));
#5034=CARTESIAN_POINT('Ctrl Pts',(29.0609781310479,-3.99999999999999,-23.3727148429083));
#5035=CARTESIAN_POINT('Ctrl Pts',(29.0609781310479,-3.43999999999998,-23.3727148429083));
#5036=CARTESIAN_POINT('Ctrl Pts',(29.2348994119715,-3.99999999999999,-23.3303616751562));
#5037=CARTESIAN_POINT('Ctrl Pts',(29.2348994119715,-3.43999999999998,-23.3303616751562));
#5038=CARTESIAN_POINT('Ctrl Pts',(29.3057977123719,-3.99999999999999,-23.3130965791642));
#5039=CARTESIAN_POINT('Ctrl Pts',(29.3057977123719,-3.43999999999998,-23.3130965791642));
#5040=CARTESIAN_POINT('',(28.7754427357179,-3.99999999999999,-23.3727822862565));
#5041=CARTESIAN_POINT('Ctrl Pts',(28.7754427357179,-3.99999999999999,-23.3727822862565));
#5042=CARTESIAN_POINT('Ctrl Pts',(28.8816616092129,-3.99999999999999,-23.3727571974003));
#5043=CARTESIAN_POINT('Ctrl Pts',(29.0609781310479,-3.99999999999999,-23.3727148429083));
#5044=CARTESIAN_POINT('Ctrl Pts',(29.2348994119715,-3.99999999999999,-23.3303616751562));
#5045=CARTESIAN_POINT('Ctrl Pts',(29.3057977123719,-3.99999999999999,-23.3130965791642));
#5046=CARTESIAN_POINT('',(28.7754427357179,-3.43999999999998,-23.3727822862565));
#5047=CARTESIAN_POINT('',(28.7754427357179,-3.99999999999999,-23.3727822862565));
#5048=CARTESIAN_POINT('Ctrl Pts',(28.7754427357179,-3.43999999999998,-23.3727822862565));
#5049=CARTESIAN_POINT('Ctrl Pts',(28.8816616092129,-3.43999999999998,-23.3727571974003));
#5050=CARTESIAN_POINT('Ctrl Pts',(29.0609781310479,-3.43999999999998,-23.3727148429083));
#5051=CARTESIAN_POINT('Ctrl Pts',(29.2348994119715,-3.43999999999998,-23.3303616751562));
#5052=CARTESIAN_POINT('Ctrl Pts',(29.3057977123719,-3.43999999999998,-23.3130965791642));
#5053=CARTESIAN_POINT('Origin',(26.4937238855821,-3.99999999999999,-23.3727822862565));
#5054=CARTESIAN_POINT('',(26.4937238855821,-3.99999999999999,-23.3727822862565));
#5055=CARTESIAN_POINT('',(25.929861942791,-3.99999999999999,-23.3727822862565));
#5056=CARTESIAN_POINT('',(26.4937238855821,-3.43999999999998,-23.3727822862565));
#5057=CARTESIAN_POINT('',(26.4937238855821,-3.99999999999999,-23.3727822862565));
#5058=CARTESIAN_POINT('',(26.4937238855821,-3.43999999999998,-23.3727822862565));
#5059=CARTESIAN_POINT('Origin',(26.4937238855821,-3.99999999999999,-23.9832864366472));
#5060=CARTESIAN_POINT('',(26.4937238855821,-3.99999999999999,-23.9832864366472));
#5061=CARTESIAN_POINT('',(26.4937238855821,-3.99999999999999,-21.2416432183236));
#5062=CARTESIAN_POINT('',(26.4937238855821,-3.43999999999998,-23.9832864366472));
#5063=CARTESIAN_POINT('',(26.4937238855821,-3.99999999999999,-23.9832864366472));
#5064=CARTESIAN_POINT('',(26.4937238855821,-3.43999999999998,-23.9832864366472));
#5065=CARTESIAN_POINT('Origin',(28.9800812764626,-3.99999999999999,-23.9832864366472));
#5066=CARTESIAN_POINT('',(28.9800812764626,-3.99999999999999,-23.9832864366472));
#5067=CARTESIAN_POINT('',(27.1730406382313,-3.99999999999999,-23.9832864366472));
#5068=CARTESIAN_POINT('',(28.9800812764626,-3.43999999999998,-23.9832864366472));
#5069=CARTESIAN_POINT('',(28.9800812764626,-3.99999999999999,-23.9832864366472));
#5070=CARTESIAN_POINT('',(28.9800812764626,-3.43999999999998,-23.9832864366472));
#5071=CARTESIAN_POINT('Ctrl Pts',(29.8992492719155,-3.99999999999999,-23.6933825574815));
#5072=CARTESIAN_POINT('Ctrl Pts',(29.8992492719155,-3.43999999999998,-23.6933825574815));
#5073=CARTESIAN_POINT('Ctrl Pts',(29.7769224361317,-3.99999999999999,-23.7776744560025));
#5074=CARTESIAN_POINT('Ctrl Pts',(29.7769224361317,-3.43999999999998,-23.7776744560025));
#5075=CARTESIAN_POINT('Ctrl Pts',(29.5020179388373,-3.99999999999999,-23.9671032255806));
#5076=CARTESIAN_POINT('Ctrl Pts',(29.5020179388373,-3.43999999999998,-23.9671032255806));
#5077=CARTESIAN_POINT('Ctrl Pts',(29.16637180055,-3.99999999999999,-23.9775102973407));
#5078=CARTESIAN_POINT('Ctrl Pts',(29.16637180055,-3.43999999999998,-23.9775102973407));
#5079=CARTESIAN_POINT('Ctrl Pts',(28.9800812764626,-3.99999999999999,-23.9832864366472));
#5080=CARTESIAN_POINT('Ctrl Pts',(28.9800812764626,-3.43999999999998,-23.9832864366472));
#5081=CARTESIAN_POINT('',(29.8992492719155,-3.99999999999999,-23.6933825574815));
#5082=CARTESIAN_POINT('Ctrl Pts',(29.8992492719155,-3.99999999999999,-23.6933825574815));
#5083=CARTESIAN_POINT('Ctrl Pts',(29.7769224361317,-3.99999999999999,-23.7776744560025));
#5084=CARTESIAN_POINT('Ctrl Pts',(29.5020179388373,-3.99999999999999,-23.9671032255806));
#5085=CARTESIAN_POINT('Ctrl Pts',(29.16637180055,-3.99999999999999,-23.9775102973407));
#5086=CARTESIAN_POINT('Ctrl Pts',(28.9800812764626,-3.99999999999999,-23.9832864366472));
#5087=CARTESIAN_POINT('',(29.8992492719155,-3.43999999999998,-23.6933825574815));
#5088=CARTESIAN_POINT('',(29.8992492719155,-3.99999999999999,-23.6933825574815));
#5089=CARTESIAN_POINT('Ctrl Pts',(29.8992492719155,-3.43999999999998,-23.6933825574815));
#5090=CARTESIAN_POINT('Ctrl Pts',(29.7769224361317,-3.43999999999998,-23.7776744560025));
#5091=CARTESIAN_POINT('Ctrl Pts',(29.5020179388373,-3.43999999999998,-23.9671032255806));
#5092=CARTESIAN_POINT('Ctrl Pts',(29.16637180055,-3.43999999999998,-23.9775102973407));
#5093=CARTESIAN_POINT('Ctrl Pts',(28.9800812764626,-3.43999999999998,-23.9832864366472));
#5094=CARTESIAN_POINT('Ctrl Pts',(30.1976801915627,-3.99999999999999,-22.8645966611802));
#5095=CARTESIAN_POINT('Ctrl Pts',(30.1976801915627,-3.43999999999998,-22.8645966611802));
#5096=CARTESIAN_POINT('Ctrl Pts',(30.1892711630939,-3.99999999999999,-23.0296849191595));
#5097=CARTESIAN_POINT('Ctrl Pts',(30.1892711630939,-3.43999999999998,-23.0296849191595));
#5098=CARTESIAN_POINT('Ctrl Pts',(30.1735892210045,-3.99999999999999,-23.3375569296869));
#5099=CARTESIAN_POINT('Ctrl Pts',(30.1735892210045,-3.43999999999998,-23.3375569296869));
#5100=CARTESIAN_POINT('Ctrl Pts',(29.9861699120455,-3.99999999999999,-23.5806443600543));
#5101=CARTESIAN_POINT('Ctrl Pts',(29.9861699120455,-3.43999999999998,-23.5806443600543));
#5102=CARTESIAN_POINT('Ctrl Pts',(29.8992492719155,-3.99999999999999,-23.6933825574815));
#5103=CARTESIAN_POINT('Ctrl Pts',(29.8992492719155,-3.43999999999998,-23.6933825574815));
#5104=CARTESIAN_POINT('',(30.1976801915627,-3.99999999999999,-22.8645966611802));
#5105=CARTESIAN_POINT('Ctrl Pts',(30.1976801915627,-3.99999999999999,-22.8645966611802));
#5106=CARTESIAN_POINT('Ctrl Pts',(30.1892711630939,-3.99999999999999,-23.0296849191595));
#5107=CARTESIAN_POINT('Ctrl Pts',(30.1735892210045,-3.99999999999999,-23.3375569296869));
#5108=CARTESIAN_POINT('Ctrl Pts',(29.9861699120455,-3.99999999999999,-23.5806443600543));
#5109=CARTESIAN_POINT('Ctrl Pts',(29.8992492719155,-3.99999999999999,-23.6933825574815));
#5110=CARTESIAN_POINT('',(30.1976801915627,-3.43999999999998,-22.8645966611802));
#5111=CARTESIAN_POINT('',(30.1976801915627,-3.99999999999999,-22.8645966611802));
#5112=CARTESIAN_POINT('Ctrl Pts',(30.1976801915627,-3.43999999999998,-22.8645966611802));
#5113=CARTESIAN_POINT('Ctrl Pts',(30.1892711630939,-3.43999999999998,-23.0296849191595));
#5114=CARTESIAN_POINT('Ctrl Pts',(30.1735892210045,-3.43999999999998,-23.3375569296869));
#5115=CARTESIAN_POINT('Ctrl Pts',(29.9861699120455,-3.43999999999998,-23.5806443600543));
#5116=CARTESIAN_POINT('Ctrl Pts',(29.8992492719155,-3.43999999999998,-23.6933825574815));
#5117=CARTESIAN_POINT('Ctrl Pts',(29.5633011026841,-3.99999999999999,-21.7459068857133));
#5118=CARTESIAN_POINT('Ctrl Pts',(29.5633011026841,-3.43999999999998,-21.7459068857133));
#5119=CARTESIAN_POINT('Ctrl Pts',(29.7482731601204,-3.99999999999999,-21.8960884528221));
#5120=CARTESIAN_POINT('Ctrl Pts',(29.7482731601204,-3.43999999999998,-21.8960884528221));
#5121=CARTESIAN_POINT('Ctrl Pts',(30.1068231302212,-3.99999999999999,-22.1872005112748));
#5122=CARTESIAN_POINT('Ctrl Pts',(30.1068231302212,-3.43999999999998,-22.1872005112748));
#5123=CARTESIAN_POINT('Ctrl Pts',(30.1680429942474,-3.99999999999999,-22.643632841099));
#5124=CARTESIAN_POINT('Ctrl Pts',(30.1680429942474,-3.43999999999998,-22.643632841099));
#5125=CARTESIAN_POINT('Ctrl Pts',(30.1976801915627,-3.99999999999999,-22.8645966611802));
#5126=CARTESIAN_POINT('Ctrl Pts',(30.1976801915627,-3.43999999999998,-22.8645966611802));
#5127=CARTESIAN_POINT('',(29.5633011026841,-3.99999999999999,-21.7459068857133));
#5128=CARTESIAN_POINT('Ctrl Pts',(29.5633011026841,-3.99999999999999,-21.7459068857133));
#5129=CARTESIAN_POINT('Ctrl Pts',(29.7482731601204,-3.99999999999999,-21.8960884528221));
#5130=CARTESIAN_POINT('Ctrl Pts',(30.1068231302212,-3.99999999999999,-22.1872005112748));
#5131=CARTESIAN_POINT('Ctrl Pts',(30.1680429942474,-3.99999999999999,-22.643632841099));
#5132=CARTESIAN_POINT('Ctrl Pts',(30.1976801915627,-3.99999999999999,-22.8645966611802));
#5133=CARTESIAN_POINT('',(29.5633011026841,-3.43999999999998,-21.7459068857133));
#5134=CARTESIAN_POINT('',(29.5633011026841,-3.99999999999999,-21.7459068857133));
#5135=CARTESIAN_POINT('Ctrl Pts',(29.5633011026841,-3.43999999999998,-21.7459068857133));
#5136=CARTESIAN_POINT('Ctrl Pts',(29.7482731601204,-3.43999999999998,-21.8960884528221));
#5137=CARTESIAN_POINT('Ctrl Pts',(30.1068231302212,-3.43999999999998,-22.1872005112748));
#5138=CARTESIAN_POINT('Ctrl Pts',(30.1680429942474,-3.43999999999998,-22.643632841099));
#5139=CARTESIAN_POINT('Ctrl Pts',(30.1976801915627,-3.43999999999998,-22.8645966611802));
#5140=CARTESIAN_POINT('Ctrl Pts',(30.0305589004022,-3.99999999999999,-21.3826737962663));
#5141=CARTESIAN_POINT('Ctrl Pts',(30.0305589004022,-3.43999999999998,-21.3826737962663));
#5142=CARTESIAN_POINT('Ctrl Pts',(29.9688304858593,-3.99999999999999,-21.4623514087212));
#5143=CARTESIAN_POINT('Ctrl Pts',(29.9688304858593,-3.43999999999998,-21.4623514087212));
#5144=CARTESIAN_POINT('Ctrl Pts',(29.8441588639551,-3.99999999999999,-21.6232746601569));
#5145=CARTESIAN_POINT('Ctrl Pts',(29.8441588639551,-3.43999999999998,-21.6232746601569));
#5146=CARTESIAN_POINT('Ctrl Pts',(29.6575265345219,-3.99999999999999,-21.7047647988506));
#5147=CARTESIAN_POINT('Ctrl Pts',(29.6575265345219,-3.43999999999998,-21.7047647988506));
#5148=CARTESIAN_POINT('Ctrl Pts',(29.5633011026841,-3.99999999999999,-21.7459068857133));
#5149=CARTESIAN_POINT('Ctrl Pts',(29.5633011026841,-3.43999999999998,-21.7459068857133));
#5150=CARTESIAN_POINT('',(30.0305589004022,-3.99999999999999,-21.3826737962663));
#5151=CARTESIAN_POINT('Ctrl Pts',(30.0305589004022,-3.99999999999999,-21.3826737962663));
#5152=CARTESIAN_POINT('Ctrl Pts',(29.9688304858593,-3.99999999999999,-21.4623514087212));
#5153=CARTESIAN_POINT('Ctrl Pts',(29.8441588639551,-3.99999999999999,-21.6232746601569));
#5154=CARTESIAN_POINT('Ctrl Pts',(29.6575265345219,-3.99999999999999,-21.7047647988506));
#5155=CARTESIAN_POINT('Ctrl Pts',(29.5633011026841,-3.99999999999999,-21.7459068857133));
#5156=CARTESIAN_POINT('',(30.0305589004022,-3.43999999999998,-21.3826737962663));
#5157=CARTESIAN_POINT('',(30.0305589004022,-3.99999999999999,-21.3826737962663));
#5158=CARTESIAN_POINT('Ctrl Pts',(30.0305589004022,-3.43999999999998,-21.3826737962663));
#5159=CARTESIAN_POINT('Ctrl Pts',(29.9688304858593,-3.43999999999998,-21.4623514087212));
#5160=CARTESIAN_POINT('Ctrl Pts',(29.8441588639551,-3.43999999999998,-21.6232746601569));
#5161=CARTESIAN_POINT('Ctrl Pts',(29.6575265345219,-3.43999999999998,-21.7047647988506));
#5162=CARTESIAN_POINT('Ctrl Pts',(29.5633011026841,-3.43999999999998,-21.7459068857133));
#5163=CARTESIAN_POINT('Ctrl Pts',(30.1976801915627,-3.99999999999999,-20.7227144800126));
#5164=CARTESIAN_POINT('Ctrl Pts',(30.1976801915627,-3.43999999999998,-20.7227144800126));
#5165=CARTESIAN_POINT('Ctrl Pts',(30.1929404134799,-3.99999999999999,-20.847215905645));
#5166=CARTESIAN_POINT('Ctrl Pts',(30.1929404134799,-3.43999999999998,-20.847215905645));
#5167=CARTESIAN_POINT('Ctrl Pts',(30.1840938866979,-3.99999999999999,-21.0795907504184));
#5168=CARTESIAN_POINT('Ctrl Pts',(30.1840938866979,-3.43999999999998,-21.0795907504184));
#5169=CARTESIAN_POINT('Ctrl Pts',(30.079236133135,-3.99999999999999,-21.2865833590568));
#5170=CARTESIAN_POINT('Ctrl Pts',(30.079236133135,-3.43999999999998,-21.2865833590568));
#5171=CARTESIAN_POINT('Ctrl Pts',(30.0305589004022,-3.99999999999999,-21.3826737962663));
#5172=CARTESIAN_POINT('Ctrl Pts',(30.0305589004022,-3.43999999999998,-21.3826737962663));
#5173=CARTESIAN_POINT('',(30.1976801915627,-3.99999999999999,-20.7227144800126));
#5174=CARTESIAN_POINT('Ctrl Pts',(30.1976801915627,-3.99999999999999,-20.7227144800126));
#5175=CARTESIAN_POINT('Ctrl Pts',(30.1929404134799,-3.99999999999999,-20.847215905645));
#5176=CARTESIAN_POINT('Ctrl Pts',(30.1840938866979,-3.99999999999999,-21.0795907504184));
#5177=CARTESIAN_POINT('Ctrl Pts',(30.079236133135,-3.99999999999999,-21.2865833590568));
#5178=CARTESIAN_POINT('Ctrl Pts',(30.0305589004022,-3.99999999999999,-21.3826737962663));
#5179=CARTESIAN_POINT('',(30.1976801915627,-3.43999999999998,-20.7227144800126));
#5180=CARTESIAN_POINT('',(30.1976801915627,-3.99999999999999,-20.7227144800126));
#5181=CARTESIAN_POINT('Ctrl Pts',(30.1976801915627,-3.43999999999998,-20.7227144800126));
#5182=CARTESIAN_POINT('Ctrl Pts',(30.1929404134799,-3.43999999999998,-20.847215905645));
#5183=CARTESIAN_POINT('Ctrl Pts',(30.1840938866979,-3.43999999999998,-21.0795907504184));
#5184=CARTESIAN_POINT('Ctrl Pts',(30.079236133135,-3.43999999999998,-21.2865833590568));
#5185=CARTESIAN_POINT('Ctrl Pts',(30.0305589004022,-3.43999999999998,-21.3826737962663));
#5186=CARTESIAN_POINT('Ctrl Pts',(30.0356747670632,-3.99999999999999,-20.0781033597886));
#5187=CARTESIAN_POINT('Ctrl Pts',(30.0356747670632,-3.43999999999998,-20.0781033597886));
#5188=CARTESIAN_POINT('Ctrl Pts',(30.0829167296292,-3.99999999999999,-20.1772814952177));
#5189=CARTESIAN_POINT('Ctrl Pts',(30.0829167296292,-3.43999999999998,-20.1772814952177));
#5190=CARTESIAN_POINT('Ctrl Pts',(30.1800277053581,-3.99999999999999,-20.3811529048576));
#5191=CARTESIAN_POINT('Ctrl Pts',(30.1800277053581,-3.43999999999998,-20.3811529048576));
#5192=CARTESIAN_POINT('Ctrl Pts',(30.1916908587731,-3.99999999999999,-20.606825651773));
#5193=CARTESIAN_POINT('Ctrl Pts',(30.1916908587731,-3.43999999999998,-20.606825651773));
#5194=CARTESIAN_POINT('Ctrl Pts',(30.1976801915627,-3.99999999999999,-20.7227144800126));
#5195=CARTESIAN_POINT('Ctrl Pts',(30.1976801915627,-3.43999999999998,-20.7227144800126));
#5196=CARTESIAN_POINT('',(30.0356747670632,-3.99999999999999,-20.0781033597886));
#5197=CARTESIAN_POINT('Ctrl Pts',(30.0356747670632,-3.99999999999999,-20.0781033597886));
#5198=CARTESIAN_POINT('Ctrl Pts',(30.0829167296292,-3.99999999999999,-20.1772814952177));
#5199=CARTESIAN_POINT('Ctrl Pts',(30.1800277053581,-3.99999999999999,-20.3811529048576));
#5200=CARTESIAN_POINT('Ctrl Pts',(30.1916908587731,-3.99999999999999,-20.606825651773));
#5201=CARTESIAN_POINT('Ctrl Pts',(30.1976801915627,-3.99999999999999,-20.7227144800126));
#5202=CARTESIAN_POINT('',(30.0356747670632,-3.43999999999998,-20.0781033597886));
#5203=CARTESIAN_POINT('',(30.0356747670632,-3.99999999999999,-20.0781033597886));
#5204=CARTESIAN_POINT('Ctrl Pts',(30.0356747670632,-3.43999999999998,-20.0781033597886));
#5205=CARTESIAN_POINT('Ctrl Pts',(30.0829167296292,-3.43999999999998,-20.1772814952177));
#5206=CARTESIAN_POINT('Ctrl Pts',(30.1800277053581,-3.43999999999998,-20.3811529048576));
#5207=CARTESIAN_POINT('Ctrl Pts',(30.1916908587731,-3.43999999999998,-20.606825651773));
#5208=CARTESIAN_POINT('Ctrl Pts',(30.1976801915627,-3.43999999999998,-20.7227144800126));
#5209=CARTESIAN_POINT('Ctrl Pts',(29.6076392097932,-3.99999999999999,-19.62448817119));
#5210=CARTESIAN_POINT('Ctrl Pts',(29.6076392097932,-3.43999999999998,-19.62448817119));
#5211=CARTESIAN_POINT('Ctrl Pts',(29.6922006004208,-3.99999999999999,-19.6864059696569));
#5212=CARTESIAN_POINT('Ctrl Pts',(29.6922006004208,-3.43999999999998,-19.6864059696569));
#5213=CARTESIAN_POINT('Ctrl Pts',(29.8627334195006,-3.99999999999999,-19.8112740287723));
#5214=CARTESIAN_POINT('Ctrl Pts',(29.8627334195006,-3.43999999999998,-19.8112740287723));
#5215=CARTESIAN_POINT('Ctrl Pts',(29.9777107573774,-3.99999999999999,-19.9886713173911));
#5216=CARTESIAN_POINT('Ctrl Pts',(29.9777107573774,-3.43999999999998,-19.9886713173911));
#5217=CARTESIAN_POINT('Ctrl Pts',(30.0356747670632,-3.99999999999999,-20.0781033597886));
#5218=CARTESIAN_POINT('Ctrl Pts',(30.0356747670632,-3.43999999999998,-20.0781033597886));
#5219=CARTESIAN_POINT('',(29.6076392097932,-3.99999999999999,-19.62448817119));
#5220=CARTESIAN_POINT('Ctrl Pts',(29.6076392097932,-3.99999999999999,-19.62448817119));
#5221=CARTESIAN_POINT('Ctrl Pts',(29.6922006004208,-3.99999999999999,-19.6864059696569));
#5222=CARTESIAN_POINT('Ctrl Pts',(29.8627334195006,-3.99999999999999,-19.8112740287723));
#5223=CARTESIAN_POINT('Ctrl Pts',(29.9777107573774,-3.99999999999999,-19.9886713173911));
#5224=CARTESIAN_POINT('Ctrl Pts',(30.0356747670632,-3.99999999999999,-20.0781033597886));
#5225=CARTESIAN_POINT('',(29.6076392097932,-3.43999999999998,-19.62448817119));
#5226=CARTESIAN_POINT('',(29.6076392097932,-3.99999999999999,-19.62448817119));
#5227=CARTESIAN_POINT('Ctrl Pts',(29.6076392097932,-3.43999999999998,-19.62448817119));
#5228=CARTESIAN_POINT('Ctrl Pts',(29.6922006004208,-3.43999999999998,-19.6864059696569));
#5229=CARTESIAN_POINT('Ctrl Pts',(29.8627334195006,-3.43999999999998,-19.8112740287723));
#5230=CARTESIAN_POINT('Ctrl Pts',(29.9777107573774,-3.43999999999998,-19.9886713173911));
#5231=CARTESIAN_POINT('Ctrl Pts',(30.0356747670632,-3.43999999999998,-20.0781033597886));
#5232=CARTESIAN_POINT('Origin',(30.1158248348695,-3.99999999999999,-19.62448817119));
#5233=CARTESIAN_POINT('',(30.1158248348695,-3.99999999999999,-19.62448817119));
#5234=CARTESIAN_POINT('',(27.7409124174347,-3.99999999999999,-19.62448817119));
#5235=CARTESIAN_POINT('',(30.1158248348695,-3.43999999999998,-19.62448817119));
#5236=CARTESIAN_POINT('',(30.1158248348695,-3.99999999999999,-19.62448817119));
#5237=CARTESIAN_POINT('',(30.1158248348695,-3.43999999999998,-19.62448817119));
#5238=CARTESIAN_POINT('Origin',(30.1158248348695,-3.99999999999999,-19.0753744207322));
#5239=CARTESIAN_POINT('',(30.1158248348695,-3.99999999999999,-19.0753744207322));
#5240=CARTESIAN_POINT('',(30.1158248348695,-3.99999999999999,-18.7876872103661));
#5241=CARTESIAN_POINT('',(30.1158248348695,-3.43999999999998,-19.0753744207322));
#5242=CARTESIAN_POINT('',(30.1158248348695,-3.99999999999999,-19.0753744207322));
#5243=CARTESIAN_POINT('',(30.1158248348695,-3.43999999999998,-19.0753744207322));
#5244=CARTESIAN_POINT('Origin',(26.4937238855821,-3.99999999999999,-19.0753744207322));
#5245=CARTESIAN_POINT('',(26.4937238855821,-3.99999999999999,-19.0753744207322));
#5246=CARTESIAN_POINT('',(25.929861942791,-3.99999999999999,-19.0753744207322));
#5247=CARTESIAN_POINT('',(26.4937238855821,-3.43999999999998,-19.0753744207322));
#5248=CARTESIAN_POINT('',(26.4937238855821,-3.99999999999999,-19.0753744207322));
#5249=CARTESIAN_POINT('',(26.4937238855821,-3.43999999999998,-19.0753744207322));
#5250=CARTESIAN_POINT('Origin',(26.4937238855821,-3.99999999999999,-19.6892903409898));
#5251=CARTESIAN_POINT('',(26.4937238855821,-3.99999999999999,-19.0946451704949));
#5252=CARTESIAN_POINT('',(26.4937238855821,-3.43999999999998,-19.6892903409898));
#5253=CARTESIAN_POINT('Origin',(28.9596175117951,-3.43999999999998,-19.4999988786876));
#5254=CARTESIAN_POINT('Origin',(28.3729874058228,-3.99999999999999,-25.507843311876));
#5255=CARTESIAN_POINT('',(28.3729874058228,-3.99999999999999,-25.507843311876));
#5256=CARTESIAN_POINT('',(26.4937238855821,-3.99999999999999,-25.507843311876));
#5257=CARTESIAN_POINT('',(26.8694937029114,-3.99999999999999,-25.507843311876));
#5258=CARTESIAN_POINT('',(28.3729874058228,-3.43999999999998,-25.507843311876));
#5259=CARTESIAN_POINT('',(28.3729874058228,-3.99999999999999,-25.507843311876));
#5260=CARTESIAN_POINT('',(26.4937238855821,-3.43999999999998,-25.507843311876));
#5261=CARTESIAN_POINT('',(28.3729874058228,-3.43999999999998,-25.507843311876));
#5262=CARTESIAN_POINT('',(26.4937238855821,-3.99999999999999,-25.507843311876));
#5263=CARTESIAN_POINT('Ctrl Pts',(29.130149678753,-3.99999999999999,-25.6067512594163));
#5264=CARTESIAN_POINT('Ctrl Pts',(29.130149678753,-3.43999999999998,-25.6067512594163));
#5265=CARTESIAN_POINT('Ctrl Pts',(29.0238514414637,-3.99999999999999,-25.5780467955252));
#5266=CARTESIAN_POINT('Ctrl Pts',(29.0238514414637,-3.43999999999998,-25.5780467955252));
#5267=CARTESIAN_POINT('Ctrl Pts',(28.7763064610059,-3.99999999999999,-25.511200475829));
#5268=CARTESIAN_POINT('Ctrl Pts',(28.7763064610059,-3.43999999999998,-25.511200475829));
#5269=CARTESIAN_POINT('Ctrl Pts',(28.5195118803437,-3.99999999999999,-25.509062958401));
#5270=CARTESIAN_POINT('Ctrl Pts',(28.5195118803437,-3.43999999999998,-25.509062958401));
#5271=CARTESIAN_POINT('Ctrl Pts',(28.3729874058228,-3.99999999999999,-25.507843311876));
#5272=CARTESIAN_POINT('Ctrl Pts',(28.3729874058228,-3.43999999999998,-25.507843311876));
#5273=CARTESIAN_POINT('',(29.130149678753,-3.99999999999999,-25.6067512594163));
#5274=CARTESIAN_POINT('Ctrl Pts',(29.130149678753,-3.99999999999999,-25.6067512594163));
#5275=CARTESIAN_POINT('Ctrl Pts',(29.0238514414637,-3.99999999999999,-25.5780467955252));
#5276=CARTESIAN_POINT('Ctrl Pts',(28.7763064610059,-3.99999999999999,-25.511200475829));
#5277=CARTESIAN_POINT('Ctrl Pts',(28.5195118803437,-3.99999999999999,-25.509062958401));
#5278=CARTESIAN_POINT('Ctrl Pts',(28.3729874058228,-3.99999999999999,-25.507843311876));
#5279=CARTESIAN_POINT('',(29.130149678753,-3.43999999999998,-25.6067512594163));
#5280=CARTESIAN_POINT('',(29.130149678753,-3.99999999999999,-25.6067512594163));
#5281=CARTESIAN_POINT('Ctrl Pts',(29.130149678753,-3.43999999999998,-25.6067512594163));
#5282=CARTESIAN_POINT('Ctrl Pts',(29.0238514414637,-3.43999999999998,-25.5780467955252));
#5283=CARTESIAN_POINT('Ctrl Pts',(28.7763064610059,-3.43999999999998,-25.511200475829));
#5284=CARTESIAN_POINT('Ctrl Pts',(28.5195118803437,-3.43999999999998,-25.509062958401));
#5285=CARTESIAN_POINT('Ctrl Pts',(28.3729874058228,-3.43999999999998,-25.507843311876));
#5286=CARTESIAN_POINT('Ctrl Pts',(29.529194430874,-3.99999999999999,-25.9256468378007));
#5287=CARTESIAN_POINT('Ctrl Pts',(29.529194430874,-3.43999999999998,-25.9256468378007));
#5288=CARTESIAN_POINT('Ctrl Pts',(29.4775396666256,-3.99999999999999,-25.8570225703129));
#5289=CARTESIAN_POINT('Ctrl Pts',(29.4775396666256,-3.43999999999998,-25.8570225703129));
#5290=CARTESIAN_POINT('Ctrl Pts',(29.3719193608135,-3.99999999999999,-25.7167041268227));
#5291=CARTESIAN_POINT('Ctrl Pts',(29.3719193608135,-3.43999999999998,-25.7167041268227));
#5292=CARTESIAN_POINT('Ctrl Pts',(29.2119065014326,-3.99999999999999,-25.6439329151435));
#5293=CARTESIAN_POINT('Ctrl Pts',(29.2119065014326,-3.43999999999998,-25.6439329151435));
#5294=CARTESIAN_POINT('Ctrl Pts',(29.130149678753,-3.99999999999999,-25.6067512594163));
#5295=CARTESIAN_POINT('Ctrl Pts',(29.130149678753,-3.43999999999998,-25.6067512594163));
#5296=CARTESIAN_POINT('',(29.529194430874,-3.99999999999999,-25.9256468378007));
#5297=CARTESIAN_POINT('Ctrl Pts',(29.529194430874,-3.99999999999999,-25.9256468378007));
#5298=CARTESIAN_POINT('Ctrl Pts',(29.4775396666256,-3.99999999999999,-25.8570225703129));
#5299=CARTESIAN_POINT('Ctrl Pts',(29.3719193608135,-3.99999999999999,-25.7167041268227));
#5300=CARTESIAN_POINT('Ctrl Pts',(29.2119065014326,-3.99999999999999,-25.6439329151435));
#5301=CARTESIAN_POINT('Ctrl Pts',(29.130149678753,-3.99999999999999,-25.6067512594163));
#5302=CARTESIAN_POINT('',(29.529194430874,-3.43999999999998,-25.9256468378007));
#5303=CARTESIAN_POINT('',(29.529194430874,-3.99999999999999,-25.9256468378007));
#5304=CARTESIAN_POINT('Ctrl Pts',(29.529194430874,-3.43999999999998,-25.9256468378007));
#5305=CARTESIAN_POINT('Ctrl Pts',(29.4775396666256,-3.43999999999998,-25.8570225703129));
#5306=CARTESIAN_POINT('Ctrl Pts',(29.3719193608135,-3.43999999999998,-25.7167041268227));
#5307=CARTESIAN_POINT('Ctrl Pts',(29.2119065014326,-3.43999999999998,-25.6439329151435));
#5308=CARTESIAN_POINT('Ctrl Pts',(29.130149678753,-3.43999999999998,-25.6067512594163));
#5309=CARTESIAN_POINT('Ctrl Pts',(29.6656202240449,-3.99999999999999,-26.4048419557512));
#5310=CARTESIAN_POINT('Ctrl Pts',(29.6656202240449,-3.43999999999998,-26.4048419557512));
#5311=CARTESIAN_POINT('Ctrl Pts',(29.659944126406,-3.99999999999999,-26.3200863679074));
#5312=CARTESIAN_POINT('Ctrl Pts',(29.659944126406,-3.43999999999998,-26.3200863679074));
#5313=CARTESIAN_POINT('Ctrl Pts',(29.6485960579013,-3.99999999999999,-26.1506368132657));
#5314=CARTESIAN_POINT('Ctrl Pts',(29.6485960579013,-3.43999999999998,-26.1506368132657));
#5315=CARTESIAN_POINT('Ctrl Pts',(29.5689853229564,-3.99999999999999,-26.0006253121838));
#5316=CARTESIAN_POINT('Ctrl Pts',(29.5689853229564,-3.43999999999998,-26.0006253121838));
#5317=CARTESIAN_POINT('Ctrl Pts',(29.529194430874,-3.99999999999999,-25.9256468378007));
#5318=CARTESIAN_POINT('Ctrl Pts',(29.529194430874,-3.43999999999998,-25.9256468378007));
#5319=CARTESIAN_POINT('',(29.6656202240449,-3.99999999999999,-26.4048419557512));
#5320=CARTESIAN_POINT('Ctrl Pts',(29.6656202240449,-3.99999999999999,-26.4048419557512));
#5321=CARTESIAN_POINT('Ctrl Pts',(29.659944126406,-3.99999999999999,-26.3200863679074));
#5322=CARTESIAN_POINT('Ctrl Pts',(29.6485960579013,-3.99999999999999,-26.1506368132657));
#5323=CARTESIAN_POINT('Ctrl Pts',(29.5689853229564,-3.99999999999999,-26.0006253121838));
#5324=CARTESIAN_POINT('Ctrl Pts',(29.529194430874,-3.99999999999999,-25.9256468378007));
#5325=CARTESIAN_POINT('',(29.6656202240449,-3.43999999999998,-26.4048419557512));
#5326=CARTESIAN_POINT('',(29.6656202240449,-3.99999999999999,-26.4048419557512));
#5327=CARTESIAN_POINT('Ctrl Pts',(29.6656202240449,-3.43999999999998,-26.4048419557512));
#5328=CARTESIAN_POINT('Ctrl Pts',(29.659944126406,-3.43999999999998,-26.3200863679074));
#5329=CARTESIAN_POINT('Ctrl Pts',(29.6485960579013,-3.43999999999998,-26.1506368132657));
#5330=CARTESIAN_POINT('Ctrl Pts',(29.5689853229564,-3.43999999999998,-26.0006253121838));
#5331=CARTESIAN_POINT('Ctrl Pts',(29.529194430874,-3.43999999999998,-25.9256468378007));
#5332=CARTESIAN_POINT('Ctrl Pts',(29.4609816833001,-3.99999999999999,-26.8959734998643));
#5333=CARTESIAN_POINT('Ctrl Pts',(29.4609816833001,-3.43999999999998,-26.8959734998643));
#5334=CARTESIAN_POINT('Ctrl Pts',(29.5205507209681,-3.99999999999999,-26.8337526701792));
#5335=CARTESIAN_POINT('Ctrl Pts',(29.5205507209681,-3.43999999999998,-26.8337526701792));
#5336=CARTESIAN_POINT('Ctrl Pts',(29.6509591507407,-3.99999999999999,-26.6975389421076));
#5337=CARTESIAN_POINT('Ctrl Pts',(29.6509591507407,-3.43999999999998,-26.6975389421076));
#5338=CARTESIAN_POINT('Ctrl Pts',(29.6604595146728,-3.99999999999999,-26.5078715259147));
#5339=CARTESIAN_POINT('Ctrl Pts',(29.6604595146728,-3.43999999999998,-26.5078715259147));
#5340=CARTESIAN_POINT('Ctrl Pts',(29.6656202240449,-3.99999999999999,-26.4048419557512));
#5341=CARTESIAN_POINT('Ctrl Pts',(29.6656202240449,-3.43999999999998,-26.4048419557512));
#5342=CARTESIAN_POINT('',(29.4609816833001,-3.99999999999999,-26.8959734998643));
#5343=CARTESIAN_POINT('Ctrl Pts',(29.4609816833001,-3.99999999999999,-26.8959734998643));
#5344=CARTESIAN_POINT('Ctrl Pts',(29.5205507209681,-3.99999999999999,-26.8337526701792));
#5345=CARTESIAN_POINT('Ctrl Pts',(29.6509591507407,-3.99999999999999,-26.6975389421076));
#5346=CARTESIAN_POINT('Ctrl Pts',(29.6604595146728,-3.99999999999999,-26.5078715259147));
#5347=CARTESIAN_POINT('Ctrl Pts',(29.6656202240449,-3.99999999999999,-26.4048419557512));
#5348=CARTESIAN_POINT('',(29.4609816833001,-3.43999999999998,-26.8959734998643));
#5349=CARTESIAN_POINT('',(29.4609816833001,-3.99999999999999,-26.8959734998643));
#5350=CARTESIAN_POINT('Ctrl Pts',(29.4609816833001,-3.43999999999998,-26.8959734998643));
#5351=CARTESIAN_POINT('Ctrl Pts',(29.5205507209681,-3.43999999999998,-26.8337526701792));
#5352=CARTESIAN_POINT('Ctrl Pts',(29.6509591507407,-3.43999999999998,-26.6975389421076));
#5353=CARTESIAN_POINT('Ctrl Pts',(29.6604595146728,-3.43999999999998,-26.5078715259147));
#5354=CARTESIAN_POINT('Ctrl Pts',(29.6656202240449,-3.43999999999998,-26.4048419557512));
#5355=CARTESIAN_POINT('Ctrl Pts',(28.847066359089,-3.99999999999999,-27.0460424982011));
#5356=CARTESIAN_POINT('Ctrl Pts',(28.847066359089,-3.43999999999998,-27.0460424982011));
#5357=CARTESIAN_POINT('Ctrl Pts',(28.9691163227848,-3.99999999999999,-27.0436247438772));
#5358=CARTESIAN_POINT('Ctrl Pts',(28.9691163227848,-3.43999999999998,-27.0436247438772));
#5359=CARTESIAN_POINT('Ctrl Pts',(29.1858924524639,-3.99999999999999,-27.0393305072467));
#5360=CARTESIAN_POINT('Ctrl Pts',(29.1858924524639,-3.43999999999998,-27.0393305072467));
#5361=CARTESIAN_POINT('Ctrl Pts',(29.3773285336981,-3.99999999999999,-26.9395675916744));
#5362=CARTESIAN_POINT('Ctrl Pts',(29.3773285336981,-3.43999999999998,-26.9395675916744));
#5363=CARTESIAN_POINT('Ctrl Pts',(29.4609816833001,-3.99999999999999,-26.8959734998643));
#5364=CARTESIAN_POINT('Ctrl Pts',(29.4609816833001,-3.43999999999998,-26.8959734998643));
#5365=CARTESIAN_POINT('',(28.847066359089,-3.99999999999999,-27.0460424982011));
#5366=CARTESIAN_POINT('Ctrl Pts',(28.847066359089,-3.99999999999999,-27.0460424982011));
#5367=CARTESIAN_POINT('Ctrl Pts',(28.9691163227848,-3.99999999999999,-27.0436247438772));
#5368=CARTESIAN_POINT('Ctrl Pts',(29.1858924524639,-3.99999999999999,-27.0393305072467));
#5369=CARTESIAN_POINT('Ctrl Pts',(29.3773285336981,-3.99999999999999,-26.9395675916744));
#5370=CARTESIAN_POINT('Ctrl Pts',(29.4609816833001,-3.99999999999999,-26.8959734998643));
#5371=CARTESIAN_POINT('',(28.847066359089,-3.43999999999998,-27.0460424982011));
#5372=CARTESIAN_POINT('',(28.847066359089,-3.99999999999999,-27.0460424982011));
#5373=CARTESIAN_POINT('Ctrl Pts',(28.847066359089,-3.43999999999998,-27.0460424982011));
#5374=CARTESIAN_POINT('Ctrl Pts',(28.9691163227848,-3.43999999999998,-27.0436247438772));
#5375=CARTESIAN_POINT('Ctrl Pts',(29.1858924524639,-3.43999999999998,-27.0393305072467));
#5376=CARTESIAN_POINT('Ctrl Pts',(29.3773285336981,-3.43999999999998,-26.9395675916744));
#5377=CARTESIAN_POINT('Ctrl Pts',(29.4609816833001,-3.43999999999998,-26.8959734998643));
#5378=CARTESIAN_POINT('Origin',(26.4937238855821,-3.99999999999999,-27.0460424982011));
#5379=CARTESIAN_POINT('',(26.4937238855821,-3.99999999999999,-27.0460424982011));
#5380=CARTESIAN_POINT('',(25.929861942791,-3.99999999999999,-27.0460424982011));
#5381=CARTESIAN_POINT('',(26.4937238855821,-3.43999999999998,-27.0460424982011));
#5382=CARTESIAN_POINT('',(26.4937238855821,-3.99999999999999,-27.0460424982011));
#5383=CARTESIAN_POINT('',(26.4937238855821,-3.43999999999998,-27.0460424982011));
#5384=CARTESIAN_POINT('Origin',(26.4937238855821,-3.99999999999999,-27.6599572263658));
#5385=CARTESIAN_POINT('',(26.4937238855821,-3.99999999999999,-27.6599572263658));
#5386=CARTESIAN_POINT('',(26.4937238855821,-3.99999999999999,-23.0799786131829));
#5387=CARTESIAN_POINT('',(26.4937238855821,-3.43999999999998,-27.6599572263658));
#5388=CARTESIAN_POINT('',(26.4937238855821,-3.99999999999999,-27.6599572263658));
#5389=CARTESIAN_POINT('',(26.4937238855821,-3.43999999999998,-27.6599572263658));
#5390=CARTESIAN_POINT('Origin',(28.5980897112351,-3.99999999999999,-27.6599572263658));
#5391=CARTESIAN_POINT('',(28.5980897112351,-3.99999999999999,-27.6599572263658));
#5392=CARTESIAN_POINT('',(26.9820448556176,-3.99999999999999,-27.6599572263658));
#5393=CARTESIAN_POINT('',(28.5980897112351,-3.43999999999998,-27.6599572263658));
#5394=CARTESIAN_POINT('',(28.5980897112351,-3.99999999999999,-27.6599572263658));
#5395=CARTESIAN_POINT('',(28.5980897112351,-3.43999999999998,-27.6599572263658));
#5396=CARTESIAN_POINT('Ctrl Pts',(29.4115274115067,-3.99999999999999,-27.9123447500169));
#5397=CARTESIAN_POINT('Ctrl Pts',(29.4115274115067,-3.43999999999998,-27.9123447500169));
#5398=CARTESIAN_POINT('Ctrl Pts',(29.3048415581975,-3.99999999999999,-27.8390133112788));
#5399=CARTESIAN_POINT('Ctrl Pts',(29.3048415581975,-3.43999999999998,-27.8390133112788));
#5400=CARTESIAN_POINT('Ctrl Pts',(29.061673954463,-3.99999999999999,-27.671869967684));
#5401=CARTESIAN_POINT('Ctrl Pts',(29.061673954463,-3.43999999999998,-27.671869967684));
#5402=CARTESIAN_POINT('Ctrl Pts',(28.7647455695741,-3.99999999999999,-27.6642397880761));
#5403=CARTESIAN_POINT('Ctrl Pts',(28.7647455695741,-3.43999999999998,-27.6642397880761));
#5404=CARTESIAN_POINT('Ctrl Pts',(28.5980897112351,-3.99999999999999,-27.6599572263658));
#5405=CARTESIAN_POINT('Ctrl Pts',(28.5980897112351,-3.43999999999998,-27.6599572263658));
#5406=CARTESIAN_POINT('',(29.4115274115067,-3.99999999999999,-27.9123447500169));
#5407=CARTESIAN_POINT('Ctrl Pts',(29.4115274115067,-3.99999999999999,-27.9123447500169));
#5408=CARTESIAN_POINT('Ctrl Pts',(29.3048415581975,-3.99999999999999,-27.8390133112788));
#5409=CARTESIAN_POINT('Ctrl Pts',(29.061673954463,-3.99999999999999,-27.671869967684));
#5410=CARTESIAN_POINT('Ctrl Pts',(28.7647455695741,-3.99999999999999,-27.6642397880761));
#5411=CARTESIAN_POINT('Ctrl Pts',(28.5980897112351,-3.99999999999999,-27.6599572263658));
#5412=CARTESIAN_POINT('',(29.4115274115067,-3.43999999999998,-27.9123447500169));
#5413=CARTESIAN_POINT('',(29.4115274115067,-3.99999999999999,-27.9123447500169));
#5414=CARTESIAN_POINT('Ctrl Pts',(29.4115274115067,-3.43999999999998,-27.9123447500169));
#5415=CARTESIAN_POINT('Ctrl Pts',(29.3048415581975,-3.43999999999998,-27.8390133112788));
#5416=CARTESIAN_POINT('Ctrl Pts',(29.061673954463,-3.43999999999998,-27.671869967684));
#5417=CARTESIAN_POINT('Ctrl Pts',(28.7647455695741,-3.43999999999998,-27.6642397880761));
#5418=CARTESIAN_POINT('Ctrl Pts',(28.5980897112351,-3.43999999999998,-27.6599572263658));
#5419=CARTESIAN_POINT('Ctrl Pts',(29.6656202240449,-3.99999999999999,-28.5467241369188));
#5420=CARTESIAN_POINT('Ctrl Pts',(29.6656202240449,-3.43999999999998,-28.5467241369188));
#5421=CARTESIAN_POINT('Ctrl Pts',(29.6558216820726,-3.99999999999999,-28.4255876315095));
#5422=CARTESIAN_POINT('Ctrl Pts',(29.6558216820726,-3.43999999999998,-28.4255876315095));
#5423=CARTESIAN_POINT('Ctrl Pts',(29.6365733694092,-3.99999999999999,-28.1876263779213));
#5424=CARTESIAN_POINT('Ctrl Pts',(29.6365733694092,-3.43999999999998,-28.1876263779213));
#5425=CARTESIAN_POINT('Ctrl Pts',(29.4856310605507,-3.99999999999999,-28.0029901156684));
#5426=CARTESIAN_POINT('Ctrl Pts',(29.4856310605507,-3.43999999999998,-28.0029901156684));
#5427=CARTESIAN_POINT('Ctrl Pts',(29.4115274115067,-3.99999999999999,-27.9123447500169));
#5428=CARTESIAN_POINT('Ctrl Pts',(29.4115274115067,-3.43999999999998,-27.9123447500169));
#5429=CARTESIAN_POINT('',(29.6656202240449,-3.99999999999999,-28.5467241369188));
#5430=CARTESIAN_POINT('Ctrl Pts',(29.6656202240449,-3.99999999999999,-28.5467241369188));
#5431=CARTESIAN_POINT('Ctrl Pts',(29.6558216820726,-3.99999999999999,-28.4255876315095));
#5432=CARTESIAN_POINT('Ctrl Pts',(29.6365733694092,-3.99999999999999,-28.1876263779213));
#5433=CARTESIAN_POINT('Ctrl Pts',(29.4856310605507,-3.99999999999999,-28.0029901156684));
#5434=CARTESIAN_POINT('Ctrl Pts',(29.4115274115067,-3.99999999999999,-27.9123447500169));
#5435=CARTESIAN_POINT('',(29.6656202240449,-3.43999999999998,-28.5467241369188));
#5436=CARTESIAN_POINT('',(29.6656202240449,-3.99999999999999,-28.5467241369188));
#5437=CARTESIAN_POINT('Ctrl Pts',(29.6656202240449,-3.43999999999998,-28.5467241369188));
#5438=CARTESIAN_POINT('Ctrl Pts',(29.6558216820726,-3.43999999999998,-28.4255876315095));
#5439=CARTESIAN_POINT('Ctrl Pts',(29.6365733694092,-3.43999999999998,-28.1876263779213));
#5440=CARTESIAN_POINT('Ctrl Pts',(29.4856310605507,-3.43999999999998,-28.0029901156684));
#5441=CARTESIAN_POINT('Ctrl Pts',(29.4115274115067,-3.43999999999998,-27.9123447500169));
#5442=CARTESIAN_POINT('Ctrl Pts',(29.5667116804582,-3.99999999999999,-28.9150713048875));
#5443=CARTESIAN_POINT('Ctrl Pts',(29.5667116804582,-3.43999999999998,-28.9150713048875));
#5444=CARTESIAN_POINT('Ctrl Pts',(29.5955504622198,-3.99999999999999,-28.8593536711548));
#5445=CARTESIAN_POINT('Ctrl Pts',(29.5955504622198,-3.43999999999998,-28.8593536711548));
#5446=CARTESIAN_POINT('Ctrl Pts',(29.6553041774626,-3.99999999999999,-28.7439071988461));
#5447=CARTESIAN_POINT('Ctrl Pts',(29.6553041774626,-3.43999999999998,-28.7439071988461));
#5448=CARTESIAN_POINT('Ctrl Pts',(29.6621028021094,-3.99999999999999,-28.613956872036));
#5449=CARTESIAN_POINT('Ctrl Pts',(29.6621028021094,-3.43999999999998,-28.613956872036));
#5450=CARTESIAN_POINT('Ctrl Pts',(29.6656202240449,-3.99999999999999,-28.5467241369188));
#5451=CARTESIAN_POINT('Ctrl Pts',(29.6656202240449,-3.43999999999998,-28.5467241369188));
#5452=CARTESIAN_POINT('',(29.5667116804582,-3.99999999999999,-28.9150713048875));
#5453=CARTESIAN_POINT('Ctrl Pts',(29.5667116804582,-3.99999999999999,-28.9150713048875));
#5454=CARTESIAN_POINT('Ctrl Pts',(29.5955504622198,-3.99999999999999,-28.8593536711548));
#5455=CARTESIAN_POINT('Ctrl Pts',(29.6553041774626,-3.99999999999999,-28.7439071988461));
#5456=CARTESIAN_POINT('Ctrl Pts',(29.6621028021094,-3.99999999999999,-28.613956872036));
#5457=CARTESIAN_POINT('Ctrl Pts',(29.6656202240449,-3.99999999999999,-28.5467241369188));
#5458=CARTESIAN_POINT('',(29.5667116804582,-3.43999999999998,-28.9150713048875));
#5459=CARTESIAN_POINT('',(29.5667116804582,-3.99999999999999,-28.9150713048875));
#5460=CARTESIAN_POINT('Ctrl Pts',(29.5667116804582,-3.43999999999998,-28.9150713048875));
#5461=CARTESIAN_POINT('Ctrl Pts',(29.5955504622198,-3.43999999999998,-28.8593536711548));
#5462=CARTESIAN_POINT('Ctrl Pts',(29.6553041774626,-3.43999999999998,-28.7439071988461));
#5463=CARTESIAN_POINT('Ctrl Pts',(29.6621028021094,-3.43999999999998,-28.613956872036));
#5464=CARTESIAN_POINT('Ctrl Pts',(29.6656202240449,-3.43999999999998,-28.5467241369188));
#5465=CARTESIAN_POINT('Ctrl Pts',(29.3057977123719,-3.99999999999999,-29.1316507421434));
#5466=CARTESIAN_POINT('Ctrl Pts',(29.3057977123719,-3.43999999999998,-29.1316507421434));
#5467=CARTESIAN_POINT('Ctrl Pts',(29.3574761441313,-3.99999999999999,-29.1072141297952));
#5468=CARTESIAN_POINT('Ctrl Pts',(29.3574761441313,-3.43999999999998,-29.1072141297952));
#5469=CARTESIAN_POINT('Ctrl Pts',(29.4628781077199,-3.99999999999999,-29.0573738610939));
#5470=CARTESIAN_POINT('Ctrl Pts',(29.4628781077199,-3.43999999999998,-29.0573738610939));
#5471=CARTESIAN_POINT('Ctrl Pts',(29.5316556623431,-3.99999999999999,-28.9631151201646));
#5472=CARTESIAN_POINT('Ctrl Pts',(29.5316556623431,-3.43999999999998,-28.9631151201646));
#5473=CARTESIAN_POINT('Ctrl Pts',(29.5667116804582,-3.99999999999999,-28.9150713048875));
#5474=CARTESIAN_POINT('Ctrl Pts',(29.5667116804582,-3.43999999999998,-28.9150713048875));
#5475=CARTESIAN_POINT('',(29.3057977123719,-3.99999999999999,-29.1316507421434));
#5476=CARTESIAN_POINT('Ctrl Pts',(29.3057977123719,-3.99999999999999,-29.1316507421434));
#5477=CARTESIAN_POINT('Ctrl Pts',(29.3574761441313,-3.99999999999999,-29.1072141297952));
#5478=CARTESIAN_POINT('Ctrl Pts',(29.4628781077199,-3.99999999999999,-29.0573738610939));
#5479=CARTESIAN_POINT('Ctrl Pts',(29.5316556623431,-3.99999999999999,-28.9631151201646));
#5480=CARTESIAN_POINT('Ctrl Pts',(29.5667116804582,-3.99999999999999,-28.9150713048875));
#5481=CARTESIAN_POINT('',(29.3057977123719,-3.43999999999998,-29.1316507421434));
#5482=CARTESIAN_POINT('',(29.3057977123719,-3.99999999999999,-29.1316507421434));
#5483=CARTESIAN_POINT('Ctrl Pts',(29.3057977123719,-3.43999999999998,-29.1316507421434));
#5484=CARTESIAN_POINT('Ctrl Pts',(29.3574761441313,-3.43999999999998,-29.1072141297952));
#5485=CARTESIAN_POINT('Ctrl Pts',(29.4628781077199,-3.43999999999998,-29.0573738610939));
#5486=CARTESIAN_POINT('Ctrl Pts',(29.5316556623431,-3.43999999999998,-28.9631151201646));
#5487=CARTESIAN_POINT('Ctrl Pts',(29.5667116804582,-3.43999999999998,-28.9150713048875));
#5488=CARTESIAN_POINT('Ctrl Pts',(28.7754427357179,-3.99999999999999,-29.1913364492357));
#5489=CARTESIAN_POINT('Ctrl Pts',(28.7754427357179,-3.43999999999998,-29.1913364492357));
#5490=CARTESIAN_POINT('Ctrl Pts',(28.8816616486327,-3.99999999999999,-29.1913120355015));
#5491=CARTESIAN_POINT('Ctrl Pts',(28.8816616486327,-3.43999999999998,-29.1913120355015));
#5492=CARTESIAN_POINT('Ctrl Pts',(29.0609783318507,-3.99999999999999,-29.1912708207149));
#5493=CARTESIAN_POINT('Ctrl Pts',(29.0609783318507,-3.43999999999998,-29.1912708207149));
#5494=CARTESIAN_POINT('Ctrl Pts',(29.234899431416,-3.99999999999999,-29.1489163731248));
#5495=CARTESIAN_POINT('Ctrl Pts',(29.234899431416,-3.43999999999998,-29.1489163731248));
#5496=CARTESIAN_POINT('Ctrl Pts',(29.3057977123719,-3.99999999999999,-29.1316507421434));
#5497=CARTESIAN_POINT('Ctrl Pts',(29.3057977123719,-3.43999999999998,-29.1316507421434));
#5498=CARTESIAN_POINT('',(28.7754427357179,-3.99999999999999,-29.1913364492357));
#5499=CARTESIAN_POINT('Ctrl Pts',(28.7754427357179,-3.99999999999999,-29.1913364492357));
#5500=CARTESIAN_POINT('Ctrl Pts',(28.8816616486327,-3.99999999999999,-29.1913120355015));
#5501=CARTESIAN_POINT('Ctrl Pts',(29.0609783318507,-3.99999999999999,-29.1912708207149));
#5502=CARTESIAN_POINT('Ctrl Pts',(29.234899431416,-3.99999999999999,-29.1489163731248));
#5503=CARTESIAN_POINT('Ctrl Pts',(29.3057977123719,-3.99999999999999,-29.1316507421434));
#5504=CARTESIAN_POINT('',(28.7754427357179,-3.43999999999998,-29.1913364492357));
#5505=CARTESIAN_POINT('',(28.7754427357179,-3.99999999999999,-29.1913364492357));
#5506=CARTESIAN_POINT('Ctrl Pts',(28.7754427357179,-3.43999999999998,-29.1913364492357));
#5507=CARTESIAN_POINT('Ctrl Pts',(28.8816616486327,-3.43999999999998,-29.1913120355015));
#5508=CARTESIAN_POINT('Ctrl Pts',(29.0609783318507,-3.43999999999998,-29.1912708207149));
#5509=CARTESIAN_POINT('Ctrl Pts',(29.234899431416,-3.43999999999998,-29.1489163731248));
#5510=CARTESIAN_POINT('Ctrl Pts',(29.3057977123719,-3.43999999999998,-29.1316507421434));
#5511=CARTESIAN_POINT('Origin',(26.4937238855821,-3.99999999999999,-29.1913364492357));
#5512=CARTESIAN_POINT('',(26.4937238855821,-3.99999999999999,-29.1913364492357));
#5513=CARTESIAN_POINT('',(25.929861942791,-3.99999999999999,-29.1913364492357));
#5514=CARTESIAN_POINT('',(26.4937238855821,-3.43999999999998,-29.1913364492357));
#5515=CARTESIAN_POINT('',(26.4937238855821,-3.99999999999999,-29.1913364492357));
#5516=CARTESIAN_POINT('',(26.4937238855821,-3.43999999999998,-29.1913364492357));
#5517=CARTESIAN_POINT('Origin',(26.4937238855821,-3.99999999999999,-29.8018405996263));
#5518=CARTESIAN_POINT('',(26.4937238855821,-3.99999999999999,-29.8018405996263));
#5519=CARTESIAN_POINT('',(26.4937238855821,-3.99999999999999,-24.1509202998131));
#5520=CARTESIAN_POINT('',(26.4937238855821,-3.43999999999998,-29.8018405996263));
#5521=CARTESIAN_POINT('',(26.4937238855821,-3.99999999999999,-29.8018405996263));
#5522=CARTESIAN_POINT('',(26.4937238855821,-3.43999999999998,-29.8018405996263));
#5523=CARTESIAN_POINT('Origin',(28.9800812764626,-3.99999999999999,-29.8018405996263));
#5524=CARTESIAN_POINT('',(28.9800812764626,-3.99999999999999,-29.8018405996263));
#5525=CARTESIAN_POINT('',(27.1730406382313,-3.99999999999999,-29.8018405996263));
#5526=CARTESIAN_POINT('',(28.9800812764626,-3.43999999999998,-29.8018405996263));
#5527=CARTESIAN_POINT('',(28.9800812764626,-3.99999999999999,-29.8018405996263));
#5528=CARTESIAN_POINT('',(28.9800812764626,-3.43999999999998,-29.8018405996263));
#5529=CARTESIAN_POINT('Ctrl Pts',(29.8992492719155,-3.99999999999999,-29.5119379125535));
#5530=CARTESIAN_POINT('Ctrl Pts',(29.8992492719155,-3.43999999999998,-29.5119379125535));
#5531=CARTESIAN_POINT('Ctrl Pts',(29.7769224461211,-3.99999999999999,-29.5962298826096));
#5532=CARTESIAN_POINT('Ctrl Pts',(29.7769224461211,-3.43999999999998,-29.5962298826096));
#5533=CARTESIAN_POINT('Ctrl Pts',(29.5020180156566,-3.99999999999999,-29.7856587823664));
#5534=CARTESIAN_POINT('Ctrl Pts',(29.5020180156566,-3.43999999999998,-29.7856587823664));
#5535=CARTESIAN_POINT('Ctrl Pts',(29.1663718124625,-3.99999999999999,-29.7960649582805));
#5536=CARTESIAN_POINT('Ctrl Pts',(29.1663718124625,-3.43999999999998,-29.7960649582805));
#5537=CARTESIAN_POINT('Ctrl Pts',(28.9800812764626,-3.99999999999999,-29.8018405996263));
#5538=CARTESIAN_POINT('Ctrl Pts',(28.9800812764626,-3.43999999999998,-29.8018405996263));
#5539=CARTESIAN_POINT('',(29.8992492719155,-3.99999999999999,-29.5119379125535));
#5540=CARTESIAN_POINT('Ctrl Pts',(29.8992492719155,-3.99999999999999,-29.5119379125535));
#5541=CARTESIAN_POINT('Ctrl Pts',(29.7769224461211,-3.99999999999999,-29.5962298826096));
#5542=CARTESIAN_POINT('Ctrl Pts',(29.5020180156566,-3.99999999999999,-29.7856587823664));
#5543=CARTESIAN_POINT('Ctrl Pts',(29.1663718124625,-3.99999999999999,-29.7960649582805));
#5544=CARTESIAN_POINT('Ctrl Pts',(28.9800812764626,-3.99999999999999,-29.8018405996263));
#5545=CARTESIAN_POINT('',(29.8992492719155,-3.43999999999998,-29.5119379125535));
#5546=CARTESIAN_POINT('',(29.8992492719155,-3.99999999999999,-29.5119379125535));
#5547=CARTESIAN_POINT('Ctrl Pts',(29.8992492719155,-3.43999999999998,-29.5119379125535));
#5548=CARTESIAN_POINT('Ctrl Pts',(29.7769224461211,-3.43999999999998,-29.5962298826096));
#5549=CARTESIAN_POINT('Ctrl Pts',(29.5020180156566,-3.43999999999998,-29.7856587823664));
#5550=CARTESIAN_POINT('Ctrl Pts',(29.1663718124625,-3.43999999999998,-29.7960649582805));
#5551=CARTESIAN_POINT('Ctrl Pts',(28.9800812764626,-3.43999999999998,-29.8018405996263));
#5552=CARTESIAN_POINT('Ctrl Pts',(30.1976801915627,-3.99999999999999,-28.6831496320665));
#5553=CARTESIAN_POINT('Ctrl Pts',(30.1976801915627,-3.43999999999998,-28.6831496320665));
#5554=CARTESIAN_POINT('Ctrl Pts',(30.1892713132878,-3.99999999999999,-28.8482387342471));
#5555=CARTESIAN_POINT('Ctrl Pts',(30.1892713132878,-3.43999999999998,-28.8482387342471));
#5556=CARTESIAN_POINT('Ctrl Pts',(30.173589686803,-3.99999999999999,-29.156111621982));
#5557=CARTESIAN_POINT('Ctrl Pts',(30.173589686803,-3.43999999999998,-29.156111621982));
#5558=CARTESIAN_POINT('Ctrl Pts',(29.9861699041615,-3.99999999999999,-29.3991997067777));
#5559=CARTESIAN_POINT('Ctrl Pts',(29.9861699041615,-3.43999999999998,-29.3991997067777));
#5560=CARTESIAN_POINT('Ctrl Pts',(29.8992492719155,-3.99999999999999,-29.5119379125535));
#5561=CARTESIAN_POINT('Ctrl Pts',(29.8992492719155,-3.43999999999998,-29.5119379125535));
#5562=CARTESIAN_POINT('',(30.1976801915627,-3.99999999999999,-28.6831496320665));
#5563=CARTESIAN_POINT('Ctrl Pts',(30.1976801915627,-3.99999999999999,-28.6831496320665));
#5564=CARTESIAN_POINT('Ctrl Pts',(30.1892713132878,-3.99999999999999,-28.8482387342471));
#5565=CARTESIAN_POINT('Ctrl Pts',(30.173589686803,-3.99999999999999,-29.156111621982));
#5566=CARTESIAN_POINT('Ctrl Pts',(29.9861699041615,-3.99999999999999,-29.3991997067777));
#5567=CARTESIAN_POINT('Ctrl Pts',(29.8992492719155,-3.99999999999999,-29.5119379125535));
#5568=CARTESIAN_POINT('',(30.1976801915627,-3.43999999999998,-28.6831496320665));
#5569=CARTESIAN_POINT('',(30.1976801915627,-3.99999999999999,-28.6831496320665));
#5570=CARTESIAN_POINT('Ctrl Pts',(30.1976801915627,-3.43999999999998,-28.6831496320665));
#5571=CARTESIAN_POINT('Ctrl Pts',(30.1892713132878,-3.43999999999998,-28.8482387342471));
#5572=CARTESIAN_POINT('Ctrl Pts',(30.173589686803,-3.43999999999998,-29.156111621982));
#5573=CARTESIAN_POINT('Ctrl Pts',(29.9861699041615,-3.43999999999998,-29.3991997067777));
#5574=CARTESIAN_POINT('Ctrl Pts',(29.8992492719155,-3.43999999999998,-29.5119379125535));
#5575=CARTESIAN_POINT('Ctrl Pts',(29.5633011026841,-3.99999999999999,-27.5644586645067));
#5576=CARTESIAN_POINT('Ctrl Pts',(29.5633011026841,-3.43999999999998,-27.5644586645067));
#5577=CARTESIAN_POINT('Ctrl Pts',(29.7482731686474,-3.99999999999999,-27.7146398244582));
#5578=CARTESIAN_POINT('Ctrl Pts',(29.7482731686474,-3.43999999999998,-27.7146398244582));
#5579=CARTESIAN_POINT('Ctrl Pts',(30.1068239954062,-3.99999999999999,-28.005751775789));
#5580=CARTESIAN_POINT('Ctrl Pts',(30.1068239954062,-3.43999999999998,-28.005751775789));
#5581=CARTESIAN_POINT('Ctrl Pts',(30.1680432266048,-3.99999999999999,-28.4621848836137));
#5582=CARTESIAN_POINT('Ctrl Pts',(30.1680432266048,-3.43999999999998,-28.4621848836137));
#5583=CARTESIAN_POINT('Ctrl Pts',(30.1976801915627,-3.99999999999999,-28.6831496320665));
#5584=CARTESIAN_POINT('Ctrl Pts',(30.1976801915627,-3.43999999999998,-28.6831496320665));
#5585=CARTESIAN_POINT('',(29.5633011026841,-3.99999999999999,-27.5644586645067));
#5586=CARTESIAN_POINT('Ctrl Pts',(29.5633011026841,-3.99999999999999,-27.5644586645067));
#5587=CARTESIAN_POINT('Ctrl Pts',(29.7482731686474,-3.99999999999999,-27.7146398244582));
#5588=CARTESIAN_POINT('Ctrl Pts',(30.1068239954062,-3.99999999999999,-28.005751775789));
#5589=CARTESIAN_POINT('Ctrl Pts',(30.1680432266048,-3.99999999999999,-28.4621848836137));
#5590=CARTESIAN_POINT('Ctrl Pts',(30.1976801915627,-3.99999999999999,-28.6831496320665));
#5591=CARTESIAN_POINT('',(29.5633011026841,-3.43999999999998,-27.5644586645067));
#5592=CARTESIAN_POINT('',(29.5633011026841,-3.99999999999999,-27.5644586645067));
#5593=CARTESIAN_POINT('Ctrl Pts',(29.5633011026841,-3.43999999999998,-27.5644586645067));
#5594=CARTESIAN_POINT('Ctrl Pts',(29.7482731686474,-3.43999999999998,-27.7146398244582));
#5595=CARTESIAN_POINT('Ctrl Pts',(30.1068239954062,-3.43999999999998,-28.005751775789));
#5596=CARTESIAN_POINT('Ctrl Pts',(30.1680432266048,-3.43999999999998,-28.4621848836137));
#5597=CARTESIAN_POINT('Ctrl Pts',(30.1976801915627,-3.43999999999998,-28.6831496320665));
#5598=CARTESIAN_POINT('Ctrl Pts',(30.0305589004022,-3.99999999999999,-27.2012267671525));
#5599=CARTESIAN_POINT('Ctrl Pts',(30.0305589004022,-3.43999999999998,-27.2012267671525));
#5600=CARTESIAN_POINT('Ctrl Pts',(29.968830647477,-3.99999999999999,-27.2809050124258));
#5601=CARTESIAN_POINT('Ctrl Pts',(29.968830647477,-3.43999999999998,-27.2809050124258));
#5602=CARTESIAN_POINT('Ctrl Pts',(29.8441597731319,-3.99999999999999,-27.4418289983442));
#5603=CARTESIAN_POINT('Ctrl Pts',(29.8441597731319,-3.43999999999998,-27.4418289983442));
#5604=CARTESIAN_POINT('Ctrl Pts',(29.6575266321132,-3.99999999999999,-27.5233175268681));
#5605=CARTESIAN_POINT('Ctrl Pts',(29.6575266321132,-3.43999999999998,-27.5233175268681));
#5606=CARTESIAN_POINT('Ctrl Pts',(29.5633011026841,-3.99999999999999,-27.5644586645067));
#5607=CARTESIAN_POINT('Ctrl Pts',(29.5633011026841,-3.43999999999998,-27.5644586645067));
#5608=CARTESIAN_POINT('',(30.0305589004022,-3.99999999999999,-27.2012267671525));
#5609=CARTESIAN_POINT('Ctrl Pts',(30.0305589004022,-3.99999999999999,-27.2012267671525));
#5610=CARTESIAN_POINT('Ctrl Pts',(29.968830647477,-3.99999999999999,-27.2809050124258));
#5611=CARTESIAN_POINT('Ctrl Pts',(29.8441597731319,-3.99999999999999,-27.4418289983442));
#5612=CARTESIAN_POINT('Ctrl Pts',(29.6575266321132,-3.99999999999999,-27.5233175268681));
#5613=CARTESIAN_POINT('Ctrl Pts',(29.5633011026841,-3.99999999999999,-27.5644586645067));
#5614=CARTESIAN_POINT('',(30.0305589004022,-3.43999999999998,-27.2012267671525));
#5615=CARTESIAN_POINT('',(30.0305589004022,-3.99999999999999,-27.2012267671525));
#5616=CARTESIAN_POINT('Ctrl Pts',(30.0305589004022,-3.43999999999998,-27.2012267671525));
#5617=CARTESIAN_POINT('Ctrl Pts',(29.968830647477,-3.43999999999998,-27.2809050124258));
#5618=CARTESIAN_POINT('Ctrl Pts',(29.8441597731319,-3.43999999999998,-27.4418289983442));
#5619=CARTESIAN_POINT('Ctrl Pts',(29.6575266321132,-3.43999999999998,-27.5233175268681));
#5620=CARTESIAN_POINT('Ctrl Pts',(29.5633011026841,-3.43999999999998,-27.5644586645067));
#5621=CARTESIAN_POINT('Ctrl Pts',(30.1976801915627,-3.99999999999999,-26.5412674508989));
#5622=CARTESIAN_POINT('Ctrl Pts',(30.1976801915627,-3.43999999999998,-26.5412674508989));
#5623=CARTESIAN_POINT('Ctrl Pts',(30.1929404134799,-3.99999999999999,-26.6657688765312));
#5624=CARTESIAN_POINT('Ctrl Pts',(30.1929404134799,-3.43999999999998,-26.6657688765312));
#5625=CARTESIAN_POINT('Ctrl Pts',(30.1840938866979,-3.99999999999999,-26.8981437213046));
#5626=CARTESIAN_POINT('Ctrl Pts',(30.1840938866979,-3.43999999999998,-26.8981437213046));
#5627=CARTESIAN_POINT('Ctrl Pts',(30.079236133135,-3.99999999999999,-27.1051363299431));
#5628=CARTESIAN_POINT('Ctrl Pts',(30.079236133135,-3.43999999999998,-27.1051363299431));
#5629=CARTESIAN_POINT('Ctrl Pts',(30.0305589004022,-3.99999999999999,-27.2012267671525));
#5630=CARTESIAN_POINT('Ctrl Pts',(30.0305589004022,-3.43999999999998,-27.2012267671525));
#5631=CARTESIAN_POINT('',(30.1976801915627,-3.99999999999999,-26.5412674508989));
#5632=CARTESIAN_POINT('Ctrl Pts',(30.1976801915627,-3.99999999999999,-26.5412674508989));
#5633=CARTESIAN_POINT('Ctrl Pts',(30.1929404134799,-3.99999999999999,-26.6657688765312));
#5634=CARTESIAN_POINT('Ctrl Pts',(30.1840938866979,-3.99999999999999,-26.8981437213046));
#5635=CARTESIAN_POINT('Ctrl Pts',(30.079236133135,-3.99999999999999,-27.1051363299431));
#5636=CARTESIAN_POINT('Ctrl Pts',(30.0305589004022,-3.99999999999999,-27.2012267671525));
#5637=CARTESIAN_POINT('',(30.1976801915627,-3.43999999999998,-26.5412674508989));
#5638=CARTESIAN_POINT('',(30.1976801915627,-3.99999999999999,-26.5412674508989));
#5639=CARTESIAN_POINT('Ctrl Pts',(30.1976801915627,-3.43999999999998,-26.5412674508989));
#5640=CARTESIAN_POINT('Ctrl Pts',(30.1929404134799,-3.43999999999998,-26.6657688765312));
#5641=CARTESIAN_POINT('Ctrl Pts',(30.1840938866979,-3.43999999999998,-26.8981437213046));
#5642=CARTESIAN_POINT('Ctrl Pts',(30.079236133135,-3.43999999999998,-27.1051363299431));
#5643=CARTESIAN_POINT('Ctrl Pts',(30.0305589004022,-3.43999999999998,-27.2012267671525));
#5644=CARTESIAN_POINT('Ctrl Pts',(30.0356747670632,-3.99999999999999,-25.8966563306749));
#5645=CARTESIAN_POINT('Ctrl Pts',(30.0356747670632,-3.43999999999998,-25.8966563306749));
#5646=CARTESIAN_POINT('Ctrl Pts',(30.0829167296292,-3.99999999999999,-25.9958344661039));
#5647=CARTESIAN_POINT('Ctrl Pts',(30.0829167296292,-3.43999999999998,-25.9958344661039));
#5648=CARTESIAN_POINT('Ctrl Pts',(30.1800277053581,-3.99999999999999,-26.1997058757438));
#5649=CARTESIAN_POINT('Ctrl Pts',(30.1800277053581,-3.43999999999998,-26.1997058757438));
#5650=CARTESIAN_POINT('Ctrl Pts',(30.1916908587731,-3.99999999999999,-26.4253786226592));
#5651=CARTESIAN_POINT('Ctrl Pts',(30.1916908587731,-3.43999999999998,-26.4253786226592));
#5652=CARTESIAN_POINT('Ctrl Pts',(30.1976801915627,-3.99999999999999,-26.5412674508989));
#5653=CARTESIAN_POINT('Ctrl Pts',(30.1976801915627,-3.43999999999998,-26.5412674508989));
#5654=CARTESIAN_POINT('',(30.0356747670632,-3.99999999999999,-25.8966563306749));
#5655=CARTESIAN_POINT('Ctrl Pts',(30.0356747670632,-3.99999999999999,-25.8966563306749));
#5656=CARTESIAN_POINT('Ctrl Pts',(30.0829167296292,-3.99999999999999,-25.9958344661039));
#5657=CARTESIAN_POINT('Ctrl Pts',(30.1800277053581,-3.99999999999999,-26.1997058757438));
#5658=CARTESIAN_POINT('Ctrl Pts',(30.1916908587731,-3.99999999999999,-26.4253786226592));
#5659=CARTESIAN_POINT('Ctrl Pts',(30.1976801915627,-3.99999999999999,-26.5412674508989));
#5660=CARTESIAN_POINT('',(30.0356747670632,-3.43999999999998,-25.8966563306749));
#5661=CARTESIAN_POINT('',(30.0356747670632,-3.99999999999999,-25.8966563306749));
#5662=CARTESIAN_POINT('Ctrl Pts',(30.0356747670632,-3.43999999999998,-25.8966563306749));
#5663=CARTESIAN_POINT('Ctrl Pts',(30.0829167296292,-3.43999999999998,-25.9958344661039));
#5664=CARTESIAN_POINT('Ctrl Pts',(30.1800277053581,-3.43999999999998,-26.1997058757438));
#5665=CARTESIAN_POINT('Ctrl Pts',(30.1916908587731,-3.43999999999998,-26.4253786226592));
#5666=CARTESIAN_POINT('Ctrl Pts',(30.1976801915627,-3.43999999999998,-26.5412674508989));
#5667=CARTESIAN_POINT('Ctrl Pts',(29.6076392097932,-3.99999999999999,-25.4430411420762));
#5668=CARTESIAN_POINT('Ctrl Pts',(29.6076392097932,-3.43999999999998,-25.4430411420762));
#5669=CARTESIAN_POINT('Ctrl Pts',(29.6922006004208,-3.99999999999999,-25.5049589405431));
#5670=CARTESIAN_POINT('Ctrl Pts',(29.6922006004208,-3.43999999999998,-25.5049589405431));
#5671=CARTESIAN_POINT('Ctrl Pts',(29.8627334195006,-3.99999999999999,-25.6298269996585));
#5672=CARTESIAN_POINT('Ctrl Pts',(29.8627334195006,-3.43999999999998,-25.6298269996585));
#5673=CARTESIAN_POINT('Ctrl Pts',(29.9777107573774,-3.99999999999999,-25.8072242882774));
#5674=CARTESIAN_POINT('Ctrl Pts',(29.9777107573774,-3.43999999999998,-25.8072242882774));
#5675=CARTESIAN_POINT('Ctrl Pts',(30.0356747670632,-3.99999999999999,-25.8966563306749));
#5676=CARTESIAN_POINT('Ctrl Pts',(30.0356747670632,-3.43999999999998,-25.8966563306749));
#5677=CARTESIAN_POINT('',(29.6076392097932,-3.99999999999999,-25.4430411420762));
#5678=CARTESIAN_POINT('Ctrl Pts',(29.6076392097932,-3.99999999999999,-25.4430411420762));
#5679=CARTESIAN_POINT('Ctrl Pts',(29.6922006004208,-3.99999999999999,-25.5049589405431));
#5680=CARTESIAN_POINT('Ctrl Pts',(29.8627334195006,-3.99999999999999,-25.6298269996585));
#5681=CARTESIAN_POINT('Ctrl Pts',(29.9777107573774,-3.99999999999999,-25.8072242882774));
#5682=CARTESIAN_POINT('Ctrl Pts',(30.0356747670632,-3.99999999999999,-25.8966563306749));
#5683=CARTESIAN_POINT('',(29.6076392097932,-3.43999999999998,-25.4430411420762));
#5684=CARTESIAN_POINT('',(29.6076392097932,-3.99999999999999,-25.4430411420762));
#5685=CARTESIAN_POINT('Ctrl Pts',(29.6076392097932,-3.43999999999998,-25.4430411420762));
#5686=CARTESIAN_POINT('Ctrl Pts',(29.6922006004208,-3.43999999999998,-25.5049589405431));
#5687=CARTESIAN_POINT('Ctrl Pts',(29.8627334195006,-3.43999999999998,-25.6298269996585));
#5688=CARTESIAN_POINT('Ctrl Pts',(29.9777107573774,-3.43999999999998,-25.8072242882774));
#5689=CARTESIAN_POINT('Ctrl Pts',(30.0356747670632,-3.43999999999998,-25.8966563306749));
#5690=CARTESIAN_POINT('Origin',(30.1158248348695,-3.99999999999999,-25.4430411420762));
#5691=CARTESIAN_POINT('',(30.1158248348695,-3.99999999999999,-25.4430411420762));
#5692=CARTESIAN_POINT('',(27.7409124174347,-3.99999999999999,-25.4430411420762));
#5693=CARTESIAN_POINT('',(30.1158248348695,-3.43999999999998,-25.4430411420762));
#5694=CARTESIAN_POINT('',(30.1158248348695,-3.99999999999999,-25.4430411420762));
#5695=CARTESIAN_POINT('',(30.1158248348695,-3.43999999999998,-25.4430411420762));
#5696=CARTESIAN_POINT('Origin',(30.1158248348695,-3.99999999999999,-24.8939273916185));
#5697=CARTESIAN_POINT('',(30.1158248348695,-3.99999999999999,-24.8939273916185));
#5698=CARTESIAN_POINT('',(30.1158248348695,-3.99999999999999,-21.6969636958092));
#5699=CARTESIAN_POINT('',(30.1158248348695,-3.43999999999998,-24.8939273916185));
#5700=CARTESIAN_POINT('',(30.1158248348695,-3.99999999999999,-24.8939273916185));
#5701=CARTESIAN_POINT('',(30.1158248348695,-3.43999999999998,-24.8939273916185));
#5702=CARTESIAN_POINT('Origin',(26.4937238855821,-3.99999999999999,-24.8939273916185));
#5703=CARTESIAN_POINT('',(26.4937238855821,-3.99999999999999,-24.8939273916185));
#5704=CARTESIAN_POINT('',(25.929861942791,-3.99999999999999,-24.8939273916185));
#5705=CARTESIAN_POINT('',(26.4937238855821,-3.43999999999998,-24.8939273916185));
#5706=CARTESIAN_POINT('',(26.4937238855821,-3.99999999999999,-24.8939273916185));
#5707=CARTESIAN_POINT('',(26.4937238855821,-3.43999999999998,-24.8939273916185));
#5708=CARTESIAN_POINT('Origin',(26.4937238855821,-3.99999999999999,-25.507843311876));
#5709=CARTESIAN_POINT('',(26.4937238855821,-3.99999999999999,-22.003921655938));
#5710=CARTESIAN_POINT('',(26.4937238855821,-3.43999999999998,-25.507843311876));
#5711=CARTESIAN_POINT('Origin',(28.9596175117951,-3.43999999999998,-19.4999988786876));
#5712=CARTESIAN_POINT('Ctrl Pts',(26.4050470753175,-3.99999999999999,-10.787516053766));
#5713=CARTESIAN_POINT('Ctrl Pts',(26.4050470753175,-3.43999999999998,-10.787516053766));
#5714=CARTESIAN_POINT('Ctrl Pts',(26.4191715031259,-3.99999999999999,-10.5799245779731));
#5715=CARTESIAN_POINT('Ctrl Pts',(26.4191715031259,-3.43999999999998,-10.5799245779731));
#5716=CARTESIAN_POINT('Ctrl Pts',(26.4465361449553,-3.99999999999999,-10.1777372144227));
#5717=CARTESIAN_POINT('Ctrl Pts',(26.4465361449553,-3.43999999999998,-10.1777372144227));
#5718=CARTESIAN_POINT('Ctrl Pts',(26.6829050349752,-3.99999999999999,-9.85200759233089));
#5719=CARTESIAN_POINT('Ctrl Pts',(26.6829050349752,-3.43999999999998,-9.85200759233089));
#5720=CARTESIAN_POINT('Ctrl Pts',(26.7972706718904,-3.99999999999999,-9.69440531358121));
#5721=CARTESIAN_POINT('Ctrl Pts',(26.7972706718904,-3.43999999999998,-9.69440531358121));
#5722=CARTESIAN_POINT('',(26.4050470753175,-3.99999999999999,-10.787516053766));
#5723=CARTESIAN_POINT('',(26.7972706718904,-3.99999999999999,-9.69440531358121));
#5724=CARTESIAN_POINT('Ctrl Pts',(26.4050470753175,-3.99999999999999,-10.787516053766));
#5725=CARTESIAN_POINT('Ctrl Pts',(26.4191715031259,-3.99999999999999,-10.5799245779731));
#5726=CARTESIAN_POINT('Ctrl Pts',(26.4465361449553,-3.99999999999999,-10.1777372144227));
#5727=CARTESIAN_POINT('Ctrl Pts',(26.6829050349752,-3.99999999999999,-9.85200759233089));
#5728=CARTESIAN_POINT('Ctrl Pts',(26.7972706718904,-3.99999999999999,-9.69440531358121));
#5729=CARTESIAN_POINT('',(26.4050470753175,-3.43999999999998,-10.787516053766));
#5730=CARTESIAN_POINT('',(26.4050470753175,-3.99999999999999,-10.787516053766));
#5731=CARTESIAN_POINT('',(26.7972706718904,-3.43999999999998,-9.69440531358121));
#5732=CARTESIAN_POINT('Ctrl Pts',(26.4050470753175,-3.43999999999998,-10.787516053766));
#5733=CARTESIAN_POINT('Ctrl Pts',(26.4191715031259,-3.43999999999998,-10.5799245779731));
#5734=CARTESIAN_POINT('Ctrl Pts',(26.4465361449553,-3.43999999999998,-10.1777372144227));
#5735=CARTESIAN_POINT('Ctrl Pts',(26.6829050349752,-3.43999999999998,-9.85200759233089));
#5736=CARTESIAN_POINT('Ctrl Pts',(26.7972706718904,-3.43999999999998,-9.69440531358121));
#5737=CARTESIAN_POINT('',(26.7972706718904,-3.99999999999999,-9.69440531358121));
#5738=CARTESIAN_POINT('Ctrl Pts',(26.8603675528031,-3.99999999999999,-11.9948829375207));
#5739=CARTESIAN_POINT('Ctrl Pts',(26.8603675528031,-3.43999999999998,-11.9948829375207));
#5740=CARTESIAN_POINT('Ctrl Pts',(26.7275948752213,-3.99999999999999,-11.8219528713591));
#5741=CARTESIAN_POINT('Ctrl Pts',(26.7275948752213,-3.43999999999998,-11.8219528713591));
#5742=CARTESIAN_POINT('Ctrl Pts',(26.4543637273416,-3.99999999999999,-11.4660823613959));
#5743=CARTESIAN_POINT('Ctrl Pts',(26.4543637273416,-3.43999999999998,-11.4660823613959));
#5744=CARTESIAN_POINT('Ctrl Pts',(26.4217913715221,-3.99999999999999,-11.0179071039093));
#5745=CARTESIAN_POINT('Ctrl Pts',(26.4217913715221,-3.43999999999998,-11.0179071039093));
#5746=CARTESIAN_POINT('Ctrl Pts',(26.4050470753175,-3.99999999999999,-10.787516053766));
#5747=CARTESIAN_POINT('Ctrl Pts',(26.4050470753175,-3.43999999999998,-10.787516053766));
#5748=CARTESIAN_POINT('',(26.8603675528031,-3.99999999999999,-11.9948829375207));
#5749=CARTESIAN_POINT('Ctrl Pts',(26.8603675528031,-3.99999999999999,-11.9948829375207));
#5750=CARTESIAN_POINT('Ctrl Pts',(26.7275948752213,-3.99999999999999,-11.8219528713591));
#5751=CARTESIAN_POINT('Ctrl Pts',(26.4543637273416,-3.99999999999999,-11.4660823613959));
#5752=CARTESIAN_POINT('Ctrl Pts',(26.4217913715221,-3.99999999999999,-11.0179071039093));
#5753=CARTESIAN_POINT('Ctrl Pts',(26.4050470753175,-3.99999999999999,-10.787516053766));
#5754=CARTESIAN_POINT('',(26.8603675528031,-3.43999999999998,-11.9948829375207));
#5755=CARTESIAN_POINT('',(26.8603675528031,-3.99999999999999,-11.9948829375207));
#5756=CARTESIAN_POINT('Ctrl Pts',(26.8603675528031,-3.43999999999998,-11.9948829375207));
#5757=CARTESIAN_POINT('Ctrl Pts',(26.7275948752213,-3.43999999999998,-11.8219528713591));
#5758=CARTESIAN_POINT('Ctrl Pts',(26.4543637273416,-3.43999999999998,-11.4660823613959));
#5759=CARTESIAN_POINT('Ctrl Pts',(26.4217913715221,-3.43999999999998,-11.0179071039093));
#5760=CARTESIAN_POINT('Ctrl Pts',(26.4050470753175,-3.43999999999998,-10.787516053766));
#5761=CARTESIAN_POINT('Ctrl Pts',(27.9705314798814,-3.99999999999999,-12.4723724685609));
#5762=CARTESIAN_POINT('Ctrl Pts',(27.9705314798814,-3.43999999999998,-12.4723724685609));
#5763=CARTESIAN_POINT('Ctrl Pts',(27.7604032304196,-3.99999999999999,-12.4523086252838));
#5764=CARTESIAN_POINT('Ctrl Pts',(27.7604032304196,-3.43999999999998,-12.4523086252838));
#5765=CARTESIAN_POINT('Ctrl Pts',(27.339251468847,-3.99999999999999,-12.4120954556517));
#5766=CARTESIAN_POINT('Ctrl Pts',(27.339251468847,-3.43999999999998,-12.4120954556517));
#5767=CARTESIAN_POINT('Ctrl Pts',(27.0202215838983,-3.99999999999999,-12.1341507237466));
#5768=CARTESIAN_POINT('Ctrl Pts',(27.0202215838983,-3.43999999999998,-12.1341507237466));
#5769=CARTESIAN_POINT('Ctrl Pts',(26.8603675528031,-3.99999999999999,-11.9948829375207));
#5770=CARTESIAN_POINT('Ctrl Pts',(26.8603675528031,-3.43999999999998,-11.9948829375207));
#5771=CARTESIAN_POINT('',(27.9705314798814,-3.99999999999999,-12.4723724685609));
#5772=CARTESIAN_POINT('Ctrl Pts',(27.9705314798814,-3.99999999999999,-12.4723724685609));
#5773=CARTESIAN_POINT('Ctrl Pts',(27.7604032304196,-3.99999999999999,-12.4523086252838));
#5774=CARTESIAN_POINT('Ctrl Pts',(27.339251468847,-3.99999999999999,-12.4120954556517));
#5775=CARTESIAN_POINT('Ctrl Pts',(27.0202215838983,-3.99999999999999,-12.1341507237466));
#5776=CARTESIAN_POINT('Ctrl Pts',(26.8603675528031,-3.99999999999999,-11.9948829375207));
#5777=CARTESIAN_POINT('',(27.9705314798814,-3.43999999999998,-12.4723724685609));
#5778=CARTESIAN_POINT('',(27.9705314798814,-3.99999999999999,-12.4723724685609));
#5779=CARTESIAN_POINT('Ctrl Pts',(27.9705314798814,-3.43999999999998,-12.4723724685609));
#5780=CARTESIAN_POINT('Ctrl Pts',(27.7604032304196,-3.43999999999998,-12.4523086252838));
#5781=CARTESIAN_POINT('Ctrl Pts',(27.339251468847,-3.43999999999998,-12.4120954556517));
#5782=CARTESIAN_POINT('Ctrl Pts',(27.0202215838983,-3.43999999999998,-12.1341507237466));
#5783=CARTESIAN_POINT('Ctrl Pts',(26.8603675528031,-3.43999999999998,-11.9948829375207));
#5784=CARTESIAN_POINT('Ctrl Pts',(28.7771480246049,-3.99999999999999,-12.2268066965043));
#5785=CARTESIAN_POINT('Ctrl Pts',(28.7771480246049,-3.43999999999998,-12.2268066965043));
#5786=CARTESIAN_POINT('Ctrl Pts',(28.6594036773726,-3.99999999999999,-12.2983847220887));
#5787=CARTESIAN_POINT('Ctrl Pts',(28.6594036773726,-3.43999999999998,-12.2983847220887));
#5788=CARTESIAN_POINT('Ctrl Pts',(28.4120043084276,-3.99999999999999,-12.4487813973954));
#5789=CARTESIAN_POINT('Ctrl Pts',(28.4120043084276,-3.43999999999998,-12.4487813973954));
#5790=CARTESIAN_POINT('Ctrl Pts',(28.1223376133967,-3.99999999999999,-12.4642603740728));
#5791=CARTESIAN_POINT('Ctrl Pts',(28.1223376133967,-3.43999999999998,-12.4642603740728));
#5792=CARTESIAN_POINT('Ctrl Pts',(27.9705314798814,-3.99999999999999,-12.4723724685609));
#5793=CARTESIAN_POINT('Ctrl Pts',(27.9705314798814,-3.43999999999998,-12.4723724685609));
#5794=CARTESIAN_POINT('',(28.7771480246049,-3.99999999999999,-12.2268066965043));
#5795=CARTESIAN_POINT('Ctrl Pts',(28.7771480246049,-3.99999999999999,-12.2268066965043));
#5796=CARTESIAN_POINT('Ctrl Pts',(28.6594036773726,-3.99999999999999,-12.2983847220887));
#5797=CARTESIAN_POINT('Ctrl Pts',(28.4120043084276,-3.99999999999999,-12.4487813973954));
#5798=CARTESIAN_POINT('Ctrl Pts',(28.1223376133967,-3.99999999999999,-12.4642603740728));
#5799=CARTESIAN_POINT('Ctrl Pts',(27.9705314798814,-3.99999999999999,-12.4723724685609));
#5800=CARTESIAN_POINT('',(28.7771480246049,-3.43999999999998,-12.2268066965043));
#5801=CARTESIAN_POINT('',(28.7771480246049,-3.99999999999999,-12.2268066965043));
#5802=CARTESIAN_POINT('Ctrl Pts',(28.7771480246049,-3.43999999999998,-12.2268066965043));
#5803=CARTESIAN_POINT('Ctrl Pts',(28.6594036773726,-3.43999999999998,-12.2983847220887));
#5804=CARTESIAN_POINT('Ctrl Pts',(28.4120043084276,-3.43999999999998,-12.4487813973954));
#5805=CARTESIAN_POINT('Ctrl Pts',(28.1223376133967,-3.43999999999998,-12.4642603740728));
#5806=CARTESIAN_POINT('Ctrl Pts',(27.9705314798814,-3.43999999999998,-12.4723724685609));
#5807=CARTESIAN_POINT('Ctrl Pts',(29.2017727060777,-3.99999999999999,-11.5378568731248));
#5808=CARTESIAN_POINT('Ctrl Pts',(29.2017727060777,-3.43999999999998,-11.5378568731248));
#5809=CARTESIAN_POINT('Ctrl Pts',(29.1602958063458,-3.99999999999999,-11.6760093090161));
#5810=CARTESIAN_POINT('Ctrl Pts',(29.1602958063458,-3.43999999999998,-11.6760093090161));
#5811=CARTESIAN_POINT('Ctrl Pts',(29.0798911812328,-3.99999999999999,-11.9438233184547));
#5812=CARTESIAN_POINT('Ctrl Pts',(29.0798911812328,-3.43999999999998,-11.9438233184547));
#5813=CARTESIAN_POINT('Ctrl Pts',(28.8759066798515,-3.99999999999999,-12.1344939315038));
#5814=CARTESIAN_POINT('Ctrl Pts',(28.8759066798515,-3.43999999999998,-12.1344939315038));
#5815=CARTESIAN_POINT('Ctrl Pts',(28.7771480246049,-3.99999999999999,-12.2268066965043));
#5816=CARTESIAN_POINT('Ctrl Pts',(28.7771480246049,-3.43999999999998,-12.2268066965043));
#5817=CARTESIAN_POINT('',(29.2017727060777,-3.99999999999999,-11.5378568731248));
#5818=CARTESIAN_POINT('Ctrl Pts',(29.2017727060777,-3.99999999999999,-11.5378568731248));
#5819=CARTESIAN_POINT('Ctrl Pts',(29.1602958063458,-3.99999999999999,-11.6760093090161));
#5820=CARTESIAN_POINT('Ctrl Pts',(29.0798911812328,-3.99999999999999,-11.9438233184547));
#5821=CARTESIAN_POINT('Ctrl Pts',(28.8759066798515,-3.99999999999999,-12.1344939315038));
#5822=CARTESIAN_POINT('Ctrl Pts',(28.7771480246049,-3.99999999999999,-12.2268066965043));
#5823=CARTESIAN_POINT('',(29.2017727060777,-3.43999999999998,-11.5378568731248));
#5824=CARTESIAN_POINT('',(29.2017727060777,-3.99999999999999,-11.5378568731248));
#5825=CARTESIAN_POINT('Ctrl Pts',(29.2017727060777,-3.43999999999998,-11.5378568731248));
#5826=CARTESIAN_POINT('Ctrl Pts',(29.1602958063458,-3.43999999999998,-11.6760093090161));
#5827=CARTESIAN_POINT('Ctrl Pts',(29.0798911812328,-3.43999999999998,-11.9438233184547));
#5828=CARTESIAN_POINT('Ctrl Pts',(28.8759066798515,-3.43999999999998,-12.1344939315038));
#5829=CARTESIAN_POINT('Ctrl Pts',(28.7771480246049,-3.43999999999998,-12.2268066965043));
#5830=CARTESIAN_POINT('Ctrl Pts',(29.6246920986634,-3.99999999999999,-12.0528636537492));
#5831=CARTESIAN_POINT('Ctrl Pts',(29.6246920986634,-3.43999999999998,-12.0528636537492));
#5832=CARTESIAN_POINT('Ctrl Pts',(29.5395256417419,-3.99999999999999,-11.9856015546542));
#5833=CARTESIAN_POINT('Ctrl Pts',(29.5395256417419,-3.43999999999998,-11.9856015546542));
#5834=CARTESIAN_POINT('Ctrl Pts',(29.3613465004237,-3.99999999999999,-11.8448806242173));
#5835=CARTESIAN_POINT('Ctrl Pts',(29.3613465004237,-3.43999999999998,-11.8448806242173));
#5836=CARTESIAN_POINT('Ctrl Pts',(29.2565029212394,-3.99999999999999,-11.6431591003854));
#5837=CARTESIAN_POINT('Ctrl Pts',(29.2565029212394,-3.43999999999998,-11.6431591003854));
#5838=CARTESIAN_POINT('Ctrl Pts',(29.2017727060777,-3.99999999999999,-11.5378568731248));
#5839=CARTESIAN_POINT('Ctrl Pts',(29.2017727060777,-3.43999999999998,-11.5378568731248));
#5840=CARTESIAN_POINT('',(29.6246920986634,-3.99999999999999,-12.0528636537492));
#5841=CARTESIAN_POINT('Ctrl Pts',(29.6246920986634,-3.99999999999999,-12.0528636537492));
#5842=CARTESIAN_POINT('Ctrl Pts',(29.5395256417419,-3.99999999999999,-11.9856015546542));
#5843=CARTESIAN_POINT('Ctrl Pts',(29.3613465004237,-3.99999999999999,-11.8448806242173));
#5844=CARTESIAN_POINT('Ctrl Pts',(29.2565029212394,-3.99999999999999,-11.6431591003854));
#5845=CARTESIAN_POINT('Ctrl Pts',(29.2017727060777,-3.99999999999999,-11.5378568731248));
#5846=CARTESIAN_POINT('',(29.6246920986634,-3.43999999999998,-12.0528636537492));
#5847=CARTESIAN_POINT('',(29.6246920986634,-3.99999999999999,-12.0528636537492));
#5848=CARTESIAN_POINT('Ctrl Pts',(29.6246920986634,-3.43999999999998,-12.0528636537492));
#5849=CARTESIAN_POINT('Ctrl Pts',(29.5395256417419,-3.43999999999998,-11.9856015546542));
#5850=CARTESIAN_POINT('Ctrl Pts',(29.3613465004237,-3.43999999999998,-11.8448806242173));
#5851=CARTESIAN_POINT('Ctrl Pts',(29.2565029212394,-3.43999999999998,-11.6431591003854));
#5852=CARTESIAN_POINT('Ctrl Pts',(29.2017727060777,-3.43999999999998,-11.5378568731248));
#5853=CARTESIAN_POINT('Ctrl Pts',(30.214733080433,-3.99999999999999,-12.2268066965043));
#5854=CARTESIAN_POINT('Ctrl Pts',(30.214733080433,-3.43999999999998,-12.2268066965043));
#5855=CARTESIAN_POINT('Ctrl Pts',(30.1093744790075,-3.99999999999999,-12.2197084117584));
#5856=CARTESIAN_POINT('Ctrl Pts',(30.1093744790075,-3.43999999999998,-12.2197084117584));
#5857=CARTESIAN_POINT('Ctrl Pts',(29.8997289862684,-3.99999999999999,-12.2055840461817));
#5858=CARTESIAN_POINT('Ctrl Pts',(29.8997289862684,-3.43999999999998,-12.2055840461817));
#5859=CARTESIAN_POINT('Ctrl Pts',(29.716058085296,-3.99999999999999,-12.1035966643465));
#5860=CARTESIAN_POINT('Ctrl Pts',(29.716058085296,-3.43999999999998,-12.1035966643465));
#5861=CARTESIAN_POINT('Ctrl Pts',(29.6246920986634,-3.99999999999999,-12.0528636537492));
#5862=CARTESIAN_POINT('Ctrl Pts',(29.6246920986634,-3.43999999999998,-12.0528636537492));
#5863=CARTESIAN_POINT('',(30.214733080433,-3.99999999999999,-12.2268066965043));
#5864=CARTESIAN_POINT('Ctrl Pts',(30.214733080433,-3.99999999999999,-12.2268066965043));
#5865=CARTESIAN_POINT('Ctrl Pts',(30.1093744790075,-3.99999999999999,-12.2197084117584));
#5866=CARTESIAN_POINT('Ctrl Pts',(29.8997289862684,-3.99999999999999,-12.2055840461817));
#5867=CARTESIAN_POINT('Ctrl Pts',(29.716058085296,-3.99999999999999,-12.1035966643465));
#5868=CARTESIAN_POINT('Ctrl Pts',(29.6246920986634,-3.99999999999999,-12.0528636537492));
#5869=CARTESIAN_POINT('',(30.214733080433,-3.43999999999998,-12.2268066965043));
#5870=CARTESIAN_POINT('',(30.214733080433,-3.99999999999999,-12.2268066965043));
#5871=CARTESIAN_POINT('Ctrl Pts',(30.214733080433,-3.43999999999998,-12.2268066965043));
#5872=CARTESIAN_POINT('Ctrl Pts',(30.1093744790075,-3.43999999999998,-12.2197084117584));
#5873=CARTESIAN_POINT('Ctrl Pts',(29.8997289862684,-3.43999999999998,-12.2055840461817));
#5874=CARTESIAN_POINT('Ctrl Pts',(29.716058085296,-3.43999999999998,-12.1035966643465));
#5875=CARTESIAN_POINT('Ctrl Pts',(29.6246920986634,-3.43999999999998,-12.0528636537492));
#5876=CARTESIAN_POINT('Ctrl Pts',(30.859344200657,-3.99999999999999,-12.0443372093141));
#5877=CARTESIAN_POINT('Ctrl Pts',(30.859344200657,-3.43999999999998,-12.0443372093141));
#5878=CARTESIAN_POINT('Ctrl Pts',(30.7571757484539,-3.99999999999999,-12.0975558780727));
#5879=CARTESIAN_POINT('Ctrl Pts',(30.7571757484539,-3.43999999999998,-12.0975558780727));
#5880=CARTESIAN_POINT('Ctrl Pts',(30.5548537859872,-3.99999999999999,-12.2029436496492));
#5881=CARTESIAN_POINT('Ctrl Pts',(30.5548537859872,-3.43999999999998,-12.2029436496492));
#5882=CARTESIAN_POINT('Ctrl Pts',(30.3273514103329,-3.99999999999999,-12.2189053354897));
#5883=CARTESIAN_POINT('Ctrl Pts',(30.3273514103329,-3.43999999999998,-12.2189053354897));
#5884=CARTESIAN_POINT('Ctrl Pts',(30.214733080433,-3.99999999999999,-12.2268066965043));
#5885=CARTESIAN_POINT('Ctrl Pts',(30.214733080433,-3.43999999999998,-12.2268066965043));
#5886=CARTESIAN_POINT('',(30.859344200657,-3.99999999999999,-12.0443372093141));
#5887=CARTESIAN_POINT('Ctrl Pts',(30.859344200657,-3.99999999999999,-12.0443372093141));
#5888=CARTESIAN_POINT('Ctrl Pts',(30.7571757484539,-3.99999999999999,-12.0975558780727));
#5889=CARTESIAN_POINT('Ctrl Pts',(30.5548537859872,-3.99999999999999,-12.2029436496492));
#5890=CARTESIAN_POINT('Ctrl Pts',(30.3273514103329,-3.99999999999999,-12.2189053354897));
#5891=CARTESIAN_POINT('Ctrl Pts',(30.214733080433,-3.99999999999999,-12.2268066965043));
#5892=CARTESIAN_POINT('',(30.859344200657,-3.43999999999998,-12.0443372093141));
#5893=CARTESIAN_POINT('',(30.859344200657,-3.99999999999999,-12.0443372093141));
#5894=CARTESIAN_POINT('Ctrl Pts',(30.859344200657,-3.43999999999998,-12.0443372093141));
#5895=CARTESIAN_POINT('Ctrl Pts',(30.7571757484539,-3.43999999999998,-12.0975558780727));
#5896=CARTESIAN_POINT('Ctrl Pts',(30.5548537859872,-3.43999999999998,-12.2029436496492));
#5897=CARTESIAN_POINT('Ctrl Pts',(30.3273514103329,-3.43999999999998,-12.2189053354897));
#5898=CARTESIAN_POINT('Ctrl Pts',(30.214733080433,-3.43999999999998,-12.2268066965043));
#5899=CARTESIAN_POINT('Ctrl Pts',(31.3385393186074,-3.99999999999999,-11.5173931084573));
#5900=CARTESIAN_POINT('Ctrl Pts',(31.3385393186074,-3.43999999999998,-11.5173931084573));
#5901=CARTESIAN_POINT('Ctrl Pts',(31.2758875770681,-3.99999999999999,-11.624719287048));
#5902=CARTESIAN_POINT('Ctrl Pts',(31.2758875770681,-3.43999999999998,-11.624719287048));
#5903=CARTESIAN_POINT('Ctrl Pts',(31.1534320461912,-3.99999999999999,-11.8344929318566));
#5904=CARTESIAN_POINT('Ctrl Pts',(31.1534320461912,-3.43999999999998,-11.8344929318566));
#5905=CARTESIAN_POINT('Ctrl Pts',(30.9558416941205,-3.99999999999999,-11.975482113465));
#5906=CARTESIAN_POINT('Ctrl Pts',(30.9558416941205,-3.43999999999998,-11.975482113465));
#5907=CARTESIAN_POINT('Ctrl Pts',(30.859344200657,-3.99999999999999,-12.0443372093141));
#5908=CARTESIAN_POINT('Ctrl Pts',(30.859344200657,-3.43999999999998,-12.0443372093141));
#5909=CARTESIAN_POINT('',(31.3385393186074,-3.99999999999999,-11.5173931084573));
#5910=CARTESIAN_POINT('Ctrl Pts',(31.3385393186074,-3.99999999999999,-11.5173931084573));
#5911=CARTESIAN_POINT('Ctrl Pts',(31.2758875770681,-3.99999999999999,-11.624719287048));
#5912=CARTESIAN_POINT('Ctrl Pts',(31.1534320461912,-3.99999999999999,-11.8344929318566));
#5913=CARTESIAN_POINT('Ctrl Pts',(30.9558416941205,-3.99999999999999,-11.975482113465));
#5914=CARTESIAN_POINT('Ctrl Pts',(30.859344200657,-3.99999999999999,-12.0443372093141));
#5915=CARTESIAN_POINT('',(31.3385393186074,-3.43999999999998,-11.5173931084573));
#5916=CARTESIAN_POINT('',(31.3385393186074,-3.99999999999999,-11.5173931084573));
#5917=CARTESIAN_POINT('Ctrl Pts',(31.3385393186074,-3.43999999999998,-11.5173931084573));
#5918=CARTESIAN_POINT('Ctrl Pts',(31.2758875770681,-3.43999999999998,-11.624719287048));
#5919=CARTESIAN_POINT('Ctrl Pts',(31.1534320461912,-3.43999999999998,-11.8344929318566));
#5920=CARTESIAN_POINT('Ctrl Pts',(30.9558416941205,-3.43999999999998,-11.975482113465));
#5921=CARTESIAN_POINT('Ctrl Pts',(30.859344200657,-3.43999999999998,-12.0443372093141));
#5922=CARTESIAN_POINT('Ctrl Pts',(31.5141873522264,-3.99999999999999,-10.7636414133012));
#5923=CARTESIAN_POINT('Ctrl Pts',(31.5141873522264,-3.43999999999998,-10.7636414133012));
#5924=CARTESIAN_POINT('Ctrl Pts',(31.5073119325567,-3.99999999999999,-10.8964902438269));
#5925=CARTESIAN_POINT('Ctrl Pts',(31.5073119325567,-3.43999999999998,-10.8964902438269));
#5926=CARTESIAN_POINT('Ctrl Pts',(31.4937617172705,-3.99999999999999,-11.1583113893927));
#5927=CARTESIAN_POINT('Ctrl Pts',(31.4937617172705,-3.43999999999998,-11.1583113893927));
#5928=CARTESIAN_POINT('Ctrl Pts',(31.3897668700373,-3.99999999999999,-11.3988865179823));
#5929=CARTESIAN_POINT('Ctrl Pts',(31.3897668700373,-3.43999999999998,-11.3988865179823));
#5930=CARTESIAN_POINT('Ctrl Pts',(31.3385393186074,-3.99999999999999,-11.5173931084573));
#5931=CARTESIAN_POINT('Ctrl Pts',(31.3385393186074,-3.43999999999998,-11.5173931084573));
#5932=CARTESIAN_POINT('',(31.5141873522264,-3.99999999999999,-10.7636414133012));
#5933=CARTESIAN_POINT('Ctrl Pts',(31.5141873522264,-3.99999999999999,-10.7636414133012));
#5934=CARTESIAN_POINT('Ctrl Pts',(31.5073119325567,-3.99999999999999,-10.8964902438269));
#5935=CARTESIAN_POINT('Ctrl Pts',(31.4937617172705,-3.99999999999999,-11.1583113893927));
#5936=CARTESIAN_POINT('Ctrl Pts',(31.3897668700373,-3.99999999999999,-11.3988865179823));
#5937=CARTESIAN_POINT('Ctrl Pts',(31.3385393186074,-3.99999999999999,-11.5173931084573));
#5938=CARTESIAN_POINT('',(31.5141873522264,-3.43999999999998,-10.7636414133012));
#5939=CARTESIAN_POINT('',(31.5141873522264,-3.99999999999999,-10.7636414133012));
#5940=CARTESIAN_POINT('Ctrl Pts',(31.5141873522264,-3.43999999999998,-10.7636414133012));
#5941=CARTESIAN_POINT('Ctrl Pts',(31.5073119325567,-3.43999999999998,-10.8964902438269));
#5942=CARTESIAN_POINT('Ctrl Pts',(31.4937617172705,-3.43999999999998,-11.1583113893927));
#5943=CARTESIAN_POINT('Ctrl Pts',(31.3897668700373,-3.43999999999998,-11.3988865179823));
#5944=CARTESIAN_POINT('Ctrl Pts',(31.3385393186074,-3.43999999999998,-11.5173931084573));
#5945=CARTESIAN_POINT('Ctrl Pts',(31.1748283071977,-3.99999999999999,-9.7711448036134));
#5946=CARTESIAN_POINT('Ctrl Pts',(31.1748283071977,-3.43999999999998,-9.7711448036134));
#5947=CARTESIAN_POINT('Ctrl Pts',(31.2737760419461,-3.99999999999999,-9.9154375168939));
#5948=CARTESIAN_POINT('Ctrl Pts',(31.2737760419461,-3.43999999999998,-9.9154375168939));
#5949=CARTESIAN_POINT('Ctrl Pts',(31.4786795716815,-3.99999999999999,-10.2142426016334));
#5950=CARTESIAN_POINT('Ctrl Pts',(31.4786795716815,-3.43999999999998,-10.2142426016334));
#5951=CARTESIAN_POINT('Ctrl Pts',(31.50208459443,-3.99999999999999,-10.5763798990868));
#5952=CARTESIAN_POINT('Ctrl Pts',(31.50208459443,-3.43999999999998,-10.5763798990868));
#5953=CARTESIAN_POINT('Ctrl Pts',(31.5141873522264,-3.99999999999999,-10.7636414133012));
#5954=CARTESIAN_POINT('Ctrl Pts',(31.5141873522264,-3.43999999999998,-10.7636414133012));
#5955=CARTESIAN_POINT('',(31.1748283071977,-3.99999999999999,-9.7711448036134));
#5956=CARTESIAN_POINT('Ctrl Pts',(31.1748283071977,-3.99999999999999,-9.7711448036134));
#5957=CARTESIAN_POINT('Ctrl Pts',(31.2737760419461,-3.99999999999999,-9.9154375168939));
#5958=CARTESIAN_POINT('Ctrl Pts',(31.4786795716815,-3.99999999999999,-10.2142426016334));
#5959=CARTESIAN_POINT('Ctrl Pts',(31.50208459443,-3.99999999999999,-10.5763798990868));
#5960=CARTESIAN_POINT('Ctrl Pts',(31.5141873522264,-3.99999999999999,-10.7636414133012));
#5961=CARTESIAN_POINT('',(31.1748283071977,-3.43999999999998,-9.7711448036134));
#5962=CARTESIAN_POINT('',(31.1748283071977,-3.99999999999999,-9.7711448036134));
#5963=CARTESIAN_POINT('Ctrl Pts',(31.1748283071977,-3.43999999999998,-9.7711448036134));
#5964=CARTESIAN_POINT('Ctrl Pts',(31.2737760419461,-3.43999999999998,-9.9154375168939));
#5965=CARTESIAN_POINT('Ctrl Pts',(31.4786795716815,-3.43999999999998,-10.2142426016334));
#5966=CARTESIAN_POINT('Ctrl Pts',(31.50208459443,-3.43999999999998,-10.5763798990868));
#5967=CARTESIAN_POINT('Ctrl Pts',(31.5141873522264,-3.43999999999998,-10.7636414133012));
#5968=CARTESIAN_POINT('Ctrl Pts',(30.218143658207,-3.99999999999999,-9.25954860076306));
#5969=CARTESIAN_POINT('Ctrl Pts',(30.218143658207,-3.43999999999998,-9.25954860076306));
#5970=CARTESIAN_POINT('Ctrl Pts',(30.409209890236,-3.99999999999999,-9.30545568566577));
#5971=CARTESIAN_POINT('Ctrl Pts',(30.409209890236,-3.43999999999998,-9.30545568566577));
#5972=CARTESIAN_POINT('Ctrl Pts',(30.773435594866,-3.99999999999999,-9.39296743574656));
#5973=CARTESIAN_POINT('Ctrl Pts',(30.773435594866,-3.43999999999998,-9.39296743574656));
#5974=CARTESIAN_POINT('Ctrl Pts',(31.0454891417012,-3.99999999999999,-9.64928622555046));
#5975=CARTESIAN_POINT('Ctrl Pts',(31.0454891417012,-3.43999999999998,-9.64928622555046));
#5976=CARTESIAN_POINT('Ctrl Pts',(31.1748283071977,-3.99999999999999,-9.7711448036134));
#5977=CARTESIAN_POINT('Ctrl Pts',(31.1748283071977,-3.43999999999998,-9.7711448036134));
#5978=CARTESIAN_POINT('',(30.218143658207,-3.99999999999999,-9.25954860076306));
#5979=CARTESIAN_POINT('Ctrl Pts',(30.218143658207,-3.99999999999999,-9.25954860076306));
#5980=CARTESIAN_POINT('Ctrl Pts',(30.409209890236,-3.99999999999999,-9.30545568566577));
#5981=CARTESIAN_POINT('Ctrl Pts',(30.773435594866,-3.99999999999999,-9.39296743574656));
#5982=CARTESIAN_POINT('Ctrl Pts',(31.0454891417012,-3.99999999999999,-9.64928622555046));
#5983=CARTESIAN_POINT('Ctrl Pts',(31.1748283071977,-3.99999999999999,-9.7711448036134));
#5984=CARTESIAN_POINT('',(30.218143658207,-3.43999999999998,-9.25954860076306));
#5985=CARTESIAN_POINT('',(30.218143658207,-3.99999999999999,-9.25954860076306));
#5986=CARTESIAN_POINT('Ctrl Pts',(30.218143658207,-3.43999999999998,-9.25954860076306));
#5987=CARTESIAN_POINT('Ctrl Pts',(30.409209890236,-3.43999999999998,-9.30545568566577));
#5988=CARTESIAN_POINT('Ctrl Pts',(30.773435594866,-3.43999999999998,-9.39296743574656));
#5989=CARTESIAN_POINT('Ctrl Pts',(31.0454891417012,-3.43999999999998,-9.64928622555046));
#5990=CARTESIAN_POINT('Ctrl Pts',(31.1748283071977,-3.43999999999998,-9.7711448036134));
#5991=CARTESIAN_POINT('Origin',(30.1090030832749,-3.99999999999999,-9.87346392497418));
#5992=CARTESIAN_POINT('',(30.1090030832749,-3.99999999999999,-9.87346392497418));
#5993=CARTESIAN_POINT('',(29.293036706284,-3.99999999999999,-14.4632717319003));
#5994=CARTESIAN_POINT('',(30.1090030832749,-3.43999999999998,-9.87346392497418));
#5995=CARTESIAN_POINT('',(30.1090030832749,-3.99999999999999,-9.87346392497418));
#5996=CARTESIAN_POINT('',(30.1090030832749,-3.43999999999998,-9.87346392497418));
#5997=CARTESIAN_POINT('Ctrl Pts',(30.7843099995118,-3.99999999999999,-10.180421885103));
#5998=CARTESIAN_POINT('Ctrl Pts',(30.7843099995118,-3.43999999999998,-10.180421885103));
#5999=CARTESIAN_POINT('Ctrl Pts',(30.6942241753277,-3.99999999999999,-10.10720792163));
#6000=CARTESIAN_POINT('Ctrl Pts',(30.6942241753277,-3.43999999999998,-10.10720792163));
#6001=CARTESIAN_POINT('Ctrl Pts',(30.4966513894562,-3.99999999999999,-9.94663785570623));
#6002=CARTESIAN_POINT('Ctrl Pts',(30.4966513894562,-3.43999999999998,-9.94663785570623));
#6003=CARTESIAN_POINT('Ctrl Pts',(30.2455898960816,-3.99999999999999,-9.89924655789133));
#6004=CARTESIAN_POINT('Ctrl Pts',(30.2455898960816,-3.43999999999998,-9.89924655789133));
#6005=CARTESIAN_POINT('Ctrl Pts',(30.1090030832749,-3.99999999999999,-9.87346392497418));
#6006=CARTESIAN_POINT('Ctrl Pts',(30.1090030832749,-3.43999999999998,-9.87346392497418));
#6007=CARTESIAN_POINT('',(30.7843099995118,-3.99999999999999,-10.180421885103));
#6008=CARTESIAN_POINT('Ctrl Pts',(30.7843099995118,-3.99999999999999,-10.180421885103));
#6009=CARTESIAN_POINT('Ctrl Pts',(30.6942241753277,-3.99999999999999,-10.10720792163));
#6010=CARTESIAN_POINT('Ctrl Pts',(30.4966513894562,-3.99999999999999,-9.94663785570623));
#6011=CARTESIAN_POINT('Ctrl Pts',(30.2455898960816,-3.99999999999999,-9.89924655789133));
#6012=CARTESIAN_POINT('Ctrl Pts',(30.1090030832749,-3.99999999999999,-9.87346392497418));
#6013=CARTESIAN_POINT('',(30.7843099995118,-3.43999999999998,-10.180421885103));
#6014=CARTESIAN_POINT('',(30.7843099995118,-3.99999999999999,-10.180421885103));
#6015=CARTESIAN_POINT('Ctrl Pts',(30.7843099995118,-3.43999999999998,-10.180421885103));
#6016=CARTESIAN_POINT('Ctrl Pts',(30.6942241753277,-3.43999999999998,-10.10720792163));
#6017=CARTESIAN_POINT('Ctrl Pts',(30.4966513894562,-3.43999999999998,-9.94663785570623));
#6018=CARTESIAN_POINT('Ctrl Pts',(30.2455898960816,-3.43999999999998,-9.89924655789133));
#6019=CARTESIAN_POINT('Ctrl Pts',(30.1090030832749,-3.43999999999998,-9.87346392497418));
#6020=CARTESIAN_POINT('Ctrl Pts',(31.0094123049241,-3.99999999999999,-10.7772840224206));
#6021=CARTESIAN_POINT('Ctrl Pts',(31.0094123049241,-3.43999999999998,-10.7772840224206));
#6022=CARTESIAN_POINT('Ctrl Pts',(31.0009799849309,-3.99999999999999,-10.6639077872602));
#6023=CARTESIAN_POINT('Ctrl Pts',(31.0009799849309,-3.43999999999998,-10.6639077872602));
#6024=CARTESIAN_POINT('Ctrl Pts',(30.9845159196983,-3.99999999999999,-10.4425412199335));
#6025=CARTESIAN_POINT('Ctrl Pts',(30.9845159196983,-3.43999999999998,-10.4425412199335));
#6026=CARTESIAN_POINT('Ctrl Pts',(30.849953998031,-3.99999999999999,-10.2663662028906));
#6027=CARTESIAN_POINT('Ctrl Pts',(30.849953998031,-3.43999999999998,-10.2663662028906));
#6028=CARTESIAN_POINT('Ctrl Pts',(30.7843099995118,-3.99999999999999,-10.180421885103));
#6029=CARTESIAN_POINT('Ctrl Pts',(30.7843099995118,-3.43999999999998,-10.180421885103));
#6030=CARTESIAN_POINT('',(31.0094123049241,-3.99999999999999,-10.7772840224206));
#6031=CARTESIAN_POINT('Ctrl Pts',(31.0094123049241,-3.99999999999999,-10.7772840224206));
#6032=CARTESIAN_POINT('Ctrl Pts',(31.0009799849309,-3.99999999999999,-10.6639077872602));
#6033=CARTESIAN_POINT('Ctrl Pts',(30.9845159196983,-3.99999999999999,-10.4425412199335));
#6034=CARTESIAN_POINT('Ctrl Pts',(30.849953998031,-3.99999999999999,-10.2663662028906));
#6035=CARTESIAN_POINT('Ctrl Pts',(30.7843099995118,-3.99999999999999,-10.180421885103));
#6036=CARTESIAN_POINT('',(31.0094123049241,-3.43999999999998,-10.7772840224206));
#6037=CARTESIAN_POINT('',(31.0094123049241,-3.99999999999999,-10.7772840224206));
#6038=CARTESIAN_POINT('Ctrl Pts',(31.0094123049241,-3.43999999999998,-10.7772840224206));
#6039=CARTESIAN_POINT('Ctrl Pts',(31.0009799849309,-3.43999999999998,-10.6639077872602));
#6040=CARTESIAN_POINT('Ctrl Pts',(30.9845159196983,-3.43999999999998,-10.4425412199335));
#6041=CARTESIAN_POINT('Ctrl Pts',(30.849953998031,-3.43999999999998,-10.2663662028906));
#6042=CARTESIAN_POINT('Ctrl Pts',(30.7843099995118,-3.43999999999998,-10.180421885103));
#6043=CARTESIAN_POINT('Ctrl Pts',(30.7877205772859,-3.99999999999999,-11.3673250041902));
#6044=CARTESIAN_POINT('Ctrl Pts',(30.7877205772859,-3.43999999999998,-11.3673250041902));
#6045=CARTESIAN_POINT('Ctrl Pts',(30.8523582106584,-3.99999999999999,-11.2836071961363));
#6046=CARTESIAN_POINT('Ctrl Pts',(30.8523582106584,-3.43999999999998,-11.2836071961363));
#6047=CARTESIAN_POINT('Ctrl Pts',(30.9863882919285,-3.99999999999999,-11.1100132071279));
#6048=CARTESIAN_POINT('Ctrl Pts',(30.9863882919285,-3.43999999999998,-11.1100132071279));
#6049=CARTESIAN_POINT('Ctrl Pts',(31.0015582455496,-3.99999999999999,-10.8907861635466));
#6050=CARTESIAN_POINT('Ctrl Pts',(31.0015582455496,-3.43999999999998,-10.8907861635466));
#6051=CARTESIAN_POINT('Ctrl Pts',(31.0094123049241,-3.99999999999999,-10.7772840224206));
#6052=CARTESIAN_POINT('Ctrl Pts',(31.0094123049241,-3.43999999999998,-10.7772840224206));
#6053=CARTESIAN_POINT('',(30.7877205772859,-3.99999999999999,-11.3673250041902));
#6054=CARTESIAN_POINT('Ctrl Pts',(30.7877205772859,-3.99999999999999,-11.3673250041902));
#6055=CARTESIAN_POINT('Ctrl Pts',(30.8523582106584,-3.99999999999999,-11.2836071961363));
#6056=CARTESIAN_POINT('Ctrl Pts',(30.9863882919285,-3.99999999999999,-11.1100132071279));
#6057=CARTESIAN_POINT('Ctrl Pts',(31.0015582455496,-3.99999999999999,-10.8907861635466));
#6058=CARTESIAN_POINT('Ctrl Pts',(31.0094123049241,-3.99999999999999,-10.7772840224206));
#6059=CARTESIAN_POINT('',(30.7877205772859,-3.43999999999998,-11.3673250041902));
#6060=CARTESIAN_POINT('',(30.7877205772859,-3.99999999999999,-11.3673250041902));
#6061=CARTESIAN_POINT('Ctrl Pts',(30.7877205772859,-3.43999999999998,-11.3673250041902));
#6062=CARTESIAN_POINT('Ctrl Pts',(30.8523582106584,-3.43999999999998,-11.2836071961363));
#6063=CARTESIAN_POINT('Ctrl Pts',(30.9863882919285,-3.43999999999998,-11.1100132071279));
#6064=CARTESIAN_POINT('Ctrl Pts',(31.0015582455496,-3.43999999999998,-10.8907861635466));
#6065=CARTESIAN_POINT('Ctrl Pts',(31.0094123049241,-3.43999999999998,-10.7772840224206));
#6066=CARTESIAN_POINT('Ctrl Pts',(30.2283756895524,-3.99999999999999,-11.5958378873765));
#6067=CARTESIAN_POINT('Ctrl Pts',(30.2283756895524,-3.43999999999998,-11.5958378873765));
#6068=CARTESIAN_POINT('Ctrl Pts',(30.3354592622182,-3.99999999999999,-11.5869638818911));
#6069=CARTESIAN_POINT('Ctrl Pts',(30.3354592622182,-3.43999999999998,-11.5869638818911));
#6070=CARTESIAN_POINT('Ctrl Pts',(30.5461341395281,-3.99999999999999,-11.5695052748391));
#6071=CARTESIAN_POINT('Ctrl Pts',(30.5461341395281,-3.43999999999998,-11.5695052748391));
#6072=CARTESIAN_POINT('Ctrl Pts',(30.7080866373053,-3.99999999999999,-11.4339695215213));
#6073=CARTESIAN_POINT('Ctrl Pts',(30.7080866373053,-3.43999999999998,-11.4339695215213));
#6074=CARTESIAN_POINT('Ctrl Pts',(30.7877205772859,-3.99999999999999,-11.3673250041902));
#6075=CARTESIAN_POINT('Ctrl Pts',(30.7877205772859,-3.43999999999998,-11.3673250041902));
#6076=CARTESIAN_POINT('',(30.2283756895524,-3.99999999999999,-11.5958378873765));
#6077=CARTESIAN_POINT('Ctrl Pts',(30.2283756895524,-3.99999999999999,-11.5958378873765));
#6078=CARTESIAN_POINT('Ctrl Pts',(30.3354592622182,-3.99999999999999,-11.5869638818911));
#6079=CARTESIAN_POINT('Ctrl Pts',(30.5461341395281,-3.99999999999999,-11.5695052748391));
#6080=CARTESIAN_POINT('Ctrl Pts',(30.7080866373053,-3.99999999999999,-11.4339695215213));
#6081=CARTESIAN_POINT('Ctrl Pts',(30.7877205772859,-3.99999999999999,-11.3673250041902));
#6082=CARTESIAN_POINT('',(30.2283756895524,-3.43999999999998,-11.5958378873765));
#6083=CARTESIAN_POINT('',(30.2283756895524,-3.99999999999999,-11.5958378873765));
#6084=CARTESIAN_POINT('Ctrl Pts',(30.2283756895524,-3.43999999999998,-11.5958378873765));
#6085=CARTESIAN_POINT('Ctrl Pts',(30.3354592622182,-3.43999999999998,-11.5869638818911));
#6086=CARTESIAN_POINT('Ctrl Pts',(30.5461341395281,-3.43999999999998,-11.5695052748391));
#6087=CARTESIAN_POINT('Ctrl Pts',(30.7080866373053,-3.43999999999998,-11.4339695215213));
#6088=CARTESIAN_POINT('Ctrl Pts',(30.7877205772859,-3.43999999999998,-11.3673250041902));
#6089=CARTESIAN_POINT('Ctrl Pts',(29.5974068804246,-3.99999999999999,-11.2820587716996));
#6090=CARTESIAN_POINT('Ctrl Pts',(29.5974068804246,-3.43999999999998,-11.2820587716996));
#6091=CARTESIAN_POINT('Ctrl Pts',(29.6774397956764,-3.99999999999999,-11.3735396288789));
#6092=CARTESIAN_POINT('Ctrl Pts',(29.6774397956764,-3.43999999999998,-11.3735396288789));
#6093=CARTESIAN_POINT('Ctrl Pts',(29.8439810743412,-3.99999999999999,-11.5639030422327));
#6094=CARTESIAN_POINT('Ctrl Pts',(29.8439810743412,-3.43999999999998,-11.5639030422327));
#6095=CARTESIAN_POINT('Ctrl Pts',(30.096965311756,-3.99999999999999,-11.5849205386439));
#6096=CARTESIAN_POINT('Ctrl Pts',(30.096965311756,-3.43999999999998,-11.5849205386439));
#6097=CARTESIAN_POINT('Ctrl Pts',(30.2283756895524,-3.99999999999999,-11.5958378873765));
#6098=CARTESIAN_POINT('Ctrl Pts',(30.2283756895524,-3.43999999999998,-11.5958378873765));
#6099=CARTESIAN_POINT('',(29.5974068804246,-3.99999999999999,-11.2820587716996));
#6100=CARTESIAN_POINT('Ctrl Pts',(29.5974068804246,-3.99999999999999,-11.2820587716996));
#6101=CARTESIAN_POINT('Ctrl Pts',(29.6774397956764,-3.99999999999999,-11.3735396288789));
#6102=CARTESIAN_POINT('Ctrl Pts',(29.8439810743412,-3.99999999999999,-11.5639030422327));
#6103=CARTESIAN_POINT('Ctrl Pts',(30.096965311756,-3.99999999999999,-11.5849205386439));
#6104=CARTESIAN_POINT('Ctrl Pts',(30.2283756895524,-3.99999999999999,-11.5958378873765));
#6105=CARTESIAN_POINT('',(29.5974068804246,-3.43999999999998,-11.2820587716996));
#6106=CARTESIAN_POINT('',(29.5974068804246,-3.99999999999999,-11.2820587716996));
#6107=CARTESIAN_POINT('Ctrl Pts',(29.5974068804246,-3.43999999999998,-11.2820587716996));
#6108=CARTESIAN_POINT('Ctrl Pts',(29.6774397956764,-3.43999999999998,-11.3735396288789));
#6109=CARTESIAN_POINT('Ctrl Pts',(29.8439810743412,-3.43999999999998,-11.5639030422327));
#6110=CARTESIAN_POINT('Ctrl Pts',(30.096965311756,-3.43999999999998,-11.5849205386439));
#6111=CARTESIAN_POINT('Ctrl Pts',(30.2283756895524,-3.43999999999998,-11.5958378873765));
#6112=CARTESIAN_POINT('Ctrl Pts',(29.392768637703,-3.99999999999999,-10.5760560594499));
#6113=CARTESIAN_POINT('Ctrl Pts',(29.392768637703,-3.43999999999998,-10.5760560594499));
#6114=CARTESIAN_POINT('Ctrl Pts',(29.4008705628595,-3.99999999999999,-10.7028725508742));
#6115=CARTESIAN_POINT('Ctrl Pts',(29.4008705628595,-3.43999999999998,-10.7028725508742));
#6116=CARTESIAN_POINT('Ctrl Pts',(29.4168786564696,-3.99999999999999,-10.9534414251605));
#6117=CARTESIAN_POINT('Ctrl Pts',(29.4168786564696,-3.43999999999998,-10.9534414251605));
#6118=CARTESIAN_POINT('Ctrl Pts',(29.5377233934154,-3.99999999999999,-11.1734163184395));
#6119=CARTESIAN_POINT('Ctrl Pts',(29.5377233934154,-3.43999999999998,-11.1734163184395));
#6120=CARTESIAN_POINT('Ctrl Pts',(29.5974068804246,-3.99999999999999,-11.2820587716996));
#6121=CARTESIAN_POINT('Ctrl Pts',(29.5974068804246,-3.43999999999998,-11.2820587716996));
#6122=CARTESIAN_POINT('',(29.392768637703,-3.99999999999999,-10.5760560594499));
#6123=CARTESIAN_POINT('Ctrl Pts',(29.392768637703,-3.99999999999999,-10.5760560594499));
#6124=CARTESIAN_POINT('Ctrl Pts',(29.4008705628595,-3.99999999999999,-10.7028725508742));
#6125=CARTESIAN_POINT('Ctrl Pts',(29.4168786564696,-3.99999999999999,-10.9534414251605));
#6126=CARTESIAN_POINT('Ctrl Pts',(29.5377233934154,-3.99999999999999,-11.1734163184395));
#6127=CARTESIAN_POINT('Ctrl Pts',(29.5974068804246,-3.99999999999999,-11.2820587716996));
#6128=CARTESIAN_POINT('',(29.392768637703,-3.43999999999998,-10.5760560594499));
#6129=CARTESIAN_POINT('',(29.392768637703,-3.99999999999999,-10.5760560594499));
#6130=CARTESIAN_POINT('Ctrl Pts',(29.392768637703,-3.43999999999998,-10.5760560594499));
#6131=CARTESIAN_POINT('Ctrl Pts',(29.4008705628595,-3.43999999999998,-10.7028725508742));
#6132=CARTESIAN_POINT('Ctrl Pts',(29.4168786564696,-3.43999999999998,-10.9534414251605));
#6133=CARTESIAN_POINT('Ctrl Pts',(29.5377233934154,-3.43999999999998,-11.1734163184395));
#6134=CARTESIAN_POINT('Ctrl Pts',(29.5974068804246,-3.43999999999998,-11.2820587716996));
#6135=CARTESIAN_POINT('Ctrl Pts',(29.3995897932511,-3.99999999999999,-10.4771475158632));
#6136=CARTESIAN_POINT('Ctrl Pts',(29.3995897932511,-3.43999999999998,-10.4771475158632));
#6137=CARTESIAN_POINT('Ctrl Pts',(29.3976099931607,-3.99999999999999,-10.4956037374809));
#6138=CARTESIAN_POINT('Ctrl Pts',(29.3976099931607,-3.43999999999998,-10.4956037374809));
#6139=CARTESIAN_POINT('Ctrl Pts',(29.3940821914705,-3.99999999999999,-10.5284908406441));
#6140=CARTESIAN_POINT('Ctrl Pts',(29.3940821914705,-3.43999999999998,-10.5284908406441));
#6141=CARTESIAN_POINT('Ctrl Pts',(29.3931692409607,-3.99999999999999,-10.561549777272));
#6142=CARTESIAN_POINT('Ctrl Pts',(29.3931692409607,-3.43999999999998,-10.561549777272));
#6143=CARTESIAN_POINT('Ctrl Pts',(29.392768637703,-3.99999999999999,-10.5760560594499));
#6144=CARTESIAN_POINT('Ctrl Pts',(29.392768637703,-3.43999999999998,-10.5760560594499));
#6145=CARTESIAN_POINT('',(29.3995897932511,-3.99999999999999,-10.4771475158632));
#6146=CARTESIAN_POINT('Ctrl Pts',(29.3995897932511,-3.99999999999999,-10.4771475158632));
#6147=CARTESIAN_POINT('Ctrl Pts',(29.3976099931607,-3.99999999999999,-10.4956037374809));
#6148=CARTESIAN_POINT('Ctrl Pts',(29.3940821914705,-3.99999999999999,-10.5284908406441));
#6149=CARTESIAN_POINT('Ctrl Pts',(29.3931692409607,-3.99999999999999,-10.561549777272));
#6150=CARTESIAN_POINT('Ctrl Pts',(29.392768637703,-3.99999999999999,-10.5760560594499));
#6151=CARTESIAN_POINT('',(29.3995897932511,-3.43999999999998,-10.4771475158632));
#6152=CARTESIAN_POINT('',(29.3995897932511,-3.99999999999999,-10.4771475158632));
#6153=CARTESIAN_POINT('Ctrl Pts',(29.3995897932511,-3.43999999999998,-10.4771475158632));
#6154=CARTESIAN_POINT('Ctrl Pts',(29.3976099931607,-3.43999999999998,-10.4956037374809));
#6155=CARTESIAN_POINT('Ctrl Pts',(29.3940821914705,-3.43999999999998,-10.5284908406441));
#6156=CARTESIAN_POINT('Ctrl Pts',(29.3931692409607,-3.43999999999998,-10.561549777272));
#6157=CARTESIAN_POINT('Ctrl Pts',(29.392768637703,-3.43999999999998,-10.5760560594499));
#6158=CARTESIAN_POINT('Origin',(28.8607086701852,-3.99999999999999,-10.4089347682893));
#6159=CARTESIAN_POINT('',(28.8607086701852,-3.99999999999999,-10.4089347682893));
#6160=CARTESIAN_POINT('',(27.6449272001402,-3.99999999999999,-10.2550384988314));
#6161=CARTESIAN_POINT('',(28.8607086701852,-3.43999999999998,-10.4089347682893));
#6162=CARTESIAN_POINT('',(28.8607086701852,-3.99999999999999,-10.4089347682893));
#6163=CARTESIAN_POINT('',(28.8607086701852,-3.43999999999998,-10.4089347682893));
#6164=CARTESIAN_POINT('Ctrl Pts',(28.9289217157823,-3.99999999999999,-10.8420861922204));
#6165=CARTESIAN_POINT('Ctrl Pts',(28.9289217157823,-3.43999999999998,-10.8420861922204));
#6166=CARTESIAN_POINT('Ctrl Pts',(28.9250333175222,-3.99999999999999,-10.7767293241363));
#6167=CARTESIAN_POINT('Ctrl Pts',(28.9250333175222,-3.43999999999998,-10.7767293241363));
#6168=CARTESIAN_POINT('Ctrl Pts',(28.9163175902268,-3.99999999999999,-10.6302338776823));
#6169=CARTESIAN_POINT('Ctrl Pts',(28.9163175902268,-3.43999999999998,-10.6302338776823));
#6170=CARTESIAN_POINT('Ctrl Pts',(28.8805300862514,-3.99999999999999,-10.4878153097398));
#6171=CARTESIAN_POINT('Ctrl Pts',(28.8805300862514,-3.43999999999998,-10.4878153097398));
#6172=CARTESIAN_POINT('Ctrl Pts',(28.8607086701852,-3.99999999999999,-10.4089347682893));
#6173=CARTESIAN_POINT('Ctrl Pts',(28.8607086701852,-3.43999999999998,-10.4089347682893));
#6174=CARTESIAN_POINT('',(28.9289217157823,-3.99999999999999,-10.8420861922204));
#6175=CARTESIAN_POINT('Ctrl Pts',(28.9289217157823,-3.99999999999999,-10.8420861922204));
#6176=CARTESIAN_POINT('Ctrl Pts',(28.9250333175222,-3.99999999999999,-10.7767293241363));
#6177=CARTESIAN_POINT('Ctrl Pts',(28.9163175902268,-3.99999999999999,-10.6302338776823));
#6178=CARTESIAN_POINT('Ctrl Pts',(28.8805300862514,-3.99999999999999,-10.4878153097398));
#6179=CARTESIAN_POINT('Ctrl Pts',(28.8607086701852,-3.99999999999999,-10.4089347682893));
#6180=CARTESIAN_POINT('',(28.9289217157823,-3.43999999999998,-10.8420861922204));
#6181=CARTESIAN_POINT('',(28.9289217157823,-3.99999999999999,-10.8420861922204));
#6182=CARTESIAN_POINT('Ctrl Pts',(28.9289217157823,-3.43999999999998,-10.8420861922204));
#6183=CARTESIAN_POINT('Ctrl Pts',(28.9250333175222,-3.43999999999998,-10.7767293241363));
#6184=CARTESIAN_POINT('Ctrl Pts',(28.9163175902268,-3.43999999999998,-10.6302338776823));
#6185=CARTESIAN_POINT('Ctrl Pts',(28.8805300862514,-3.43999999999998,-10.4878153097398));
#6186=CARTESIAN_POINT('Ctrl Pts',(28.8607086701852,-3.43999999999998,-10.4089347682893));
#6187=CARTESIAN_POINT('Ctrl Pts',(28.6543648405534,-3.99999999999999,-11.5446783266961));
#6188=CARTESIAN_POINT('Ctrl Pts',(28.6543648405534,-3.43999999999998,-11.5446783266961));
#6189=CARTESIAN_POINT('Ctrl Pts',(28.7344297513763,-3.99999999999999,-11.4446189767754));
#6190=CARTESIAN_POINT('Ctrl Pts',(28.7344297513763,-3.43999999999998,-11.4446189767754));
#6191=CARTESIAN_POINT('Ctrl Pts',(28.8987221518499,-3.99999999999999,-11.23929818619));
#6192=CARTESIAN_POINT('Ctrl Pts',(28.8987221518499,-3.43999999999998,-11.23929818619));
#6193=CARTESIAN_POINT('Ctrl Pts',(28.9186865854782,-3.99999999999999,-10.9767078882724));
#6194=CARTESIAN_POINT('Ctrl Pts',(28.9186865854782,-3.43999999999998,-10.9767078882724));
#6195=CARTESIAN_POINT('Ctrl Pts',(28.9289217157823,-3.99999999999999,-10.8420861922204));
#6196=CARTESIAN_POINT('Ctrl Pts',(28.9289217157823,-3.43999999999998,-10.8420861922204));
#6197=CARTESIAN_POINT('',(28.6543648405534,-3.99999999999999,-11.5446783266961));
#6198=CARTESIAN_POINT('Ctrl Pts',(28.6543648405534,-3.99999999999999,-11.5446783266961));
#6199=CARTESIAN_POINT('Ctrl Pts',(28.7344297513763,-3.99999999999999,-11.4446189767754));
#6200=CARTESIAN_POINT('Ctrl Pts',(28.8987221518499,-3.99999999999999,-11.23929818619));
#6201=CARTESIAN_POINT('Ctrl Pts',(28.9186865854782,-3.99999999999999,-10.9767078882724));
#6202=CARTESIAN_POINT('Ctrl Pts',(28.9289217157823,-3.99999999999999,-10.8420861922204));
#6203=CARTESIAN_POINT('',(28.6543648405534,-3.43999999999998,-11.5446783266961));
#6204=CARTESIAN_POINT('',(28.6543648405534,-3.99999999999999,-11.5446783266961));
#6205=CARTESIAN_POINT('Ctrl Pts',(28.6543648405534,-3.43999999999998,-11.5446783266961));
#6206=CARTESIAN_POINT('Ctrl Pts',(28.7344297513763,-3.43999999999998,-11.4446189767754));
#6207=CARTESIAN_POINT('Ctrl Pts',(28.8987221518499,-3.43999999999998,-11.23929818619));
#6208=CARTESIAN_POINT('Ctrl Pts',(28.9186865854782,-3.43999999999998,-10.9767078882724));
#6209=CARTESIAN_POINT('Ctrl Pts',(28.9289217157823,-3.43999999999998,-10.8420861922204));
#6210=CARTESIAN_POINT('Ctrl Pts',(27.956888870762,-3.99999999999999,-11.8209401927888));
#6211=CARTESIAN_POINT('Ctrl Pts',(27.956888870762,-3.43999999999998,-11.8209401927888));
#6212=CARTESIAN_POINT('Ctrl Pts',(28.0905649254946,-3.99999999999999,-11.8105320770802));
#6213=CARTESIAN_POINT('Ctrl Pts',(28.0905649254946,-3.43999999999998,-11.8105320770802));
#6214=CARTESIAN_POINT('Ctrl Pts',(28.3518724895363,-3.99999999999999,-11.7901864784049));
#6215=CARTESIAN_POINT('Ctrl Pts',(28.3518724895363,-3.43999999999998,-11.7901864784049));
#6216=CARTESIAN_POINT('Ctrl Pts',(28.5551010793114,-3.99999999999999,-11.6252425540964));
#6217=CARTESIAN_POINT('Ctrl Pts',(28.5551010793114,-3.43999999999998,-11.6252425540964));
#6218=CARTESIAN_POINT('Ctrl Pts',(28.6543648405534,-3.99999999999999,-11.5446783266961));
#6219=CARTESIAN_POINT('Ctrl Pts',(28.6543648405534,-3.43999999999998,-11.5446783266961));
#6220=CARTESIAN_POINT('',(27.956888870762,-3.99999999999999,-11.8209401927888));
#6221=CARTESIAN_POINT('Ctrl Pts',(27.956888870762,-3.99999999999999,-11.8209401927888));
#6222=CARTESIAN_POINT('Ctrl Pts',(28.0905649254946,-3.99999999999999,-11.8105320770802));
#6223=CARTESIAN_POINT('Ctrl Pts',(28.3518724895363,-3.99999999999999,-11.7901864784049));
#6224=CARTESIAN_POINT('Ctrl Pts',(28.5551010793114,-3.99999999999999,-11.6252425540964));
#6225=CARTESIAN_POINT('Ctrl Pts',(28.6543648405534,-3.99999999999999,-11.5446783266961));
#6226=CARTESIAN_POINT('',(27.956888870762,-3.43999999999998,-11.8209401927888));
#6227=CARTESIAN_POINT('',(27.956888870762,-3.99999999999999,-11.8209401927888));
#6228=CARTESIAN_POINT('Ctrl Pts',(27.956888870762,-3.43999999999998,-11.8209401927888));
#6229=CARTESIAN_POINT('Ctrl Pts',(28.0905649254946,-3.43999999999998,-11.8105320770802));
#6230=CARTESIAN_POINT('Ctrl Pts',(28.3518724895363,-3.43999999999998,-11.7901864784049));
#6231=CARTESIAN_POINT('Ctrl Pts',(28.5551010793114,-3.43999999999998,-11.6252425540964));
#6232=CARTESIAN_POINT('Ctrl Pts',(28.6543648405534,-3.43999999999998,-11.5446783266961));
#6233=CARTESIAN_POINT('Ctrl Pts',(27.213368908928,-3.99999999999999,-11.5225089751184));
#6234=CARTESIAN_POINT('Ctrl Pts',(27.213368908928,-3.43999999999998,-11.5225089751184));
#6235=CARTESIAN_POINT('Ctrl Pts',(27.3203236033521,-3.99999999999999,-11.6095472793908));
#6236=CARTESIAN_POINT('Ctrl Pts',(27.3203236033521,-3.43999999999998,-11.6095472793908));
#6237=CARTESIAN_POINT('Ctrl Pts',(27.5370581100743,-3.99999999999999,-11.7859229311939));
#6238=CARTESIAN_POINT('Ctrl Pts',(27.5370581100743,-3.43999999999998,-11.7859229311939));
#6239=CARTESIAN_POINT('Ctrl Pts',(27.8157344422408,-3.99999999999999,-11.8091667783284));
#6240=CARTESIAN_POINT('Ctrl Pts',(27.8157344422408,-3.43999999999998,-11.8091667783284));
#6241=CARTESIAN_POINT('Ctrl Pts',(27.956888870762,-3.99999999999999,-11.8209401927888));
#6242=CARTESIAN_POINT('Ctrl Pts',(27.956888870762,-3.43999999999998,-11.8209401927888));
#6243=CARTESIAN_POINT('',(27.213368908928,-3.99999999999999,-11.5225089751184));
#6244=CARTESIAN_POINT('Ctrl Pts',(27.213368908928,-3.99999999999999,-11.5225089751184));
#6245=CARTESIAN_POINT('Ctrl Pts',(27.3203236033521,-3.99999999999999,-11.6095472793908));
#6246=CARTESIAN_POINT('Ctrl Pts',(27.5370581100743,-3.99999999999999,-11.7859229311939));
#6247=CARTESIAN_POINT('Ctrl Pts',(27.8157344422408,-3.99999999999999,-11.8091667783284));
#6248=CARTESIAN_POINT('Ctrl Pts',(27.956888870762,-3.99999999999999,-11.8209401927888));
#6249=CARTESIAN_POINT('',(27.213368908928,-3.43999999999998,-11.5225089751184));
#6250=CARTESIAN_POINT('',(27.213368908928,-3.99999999999999,-11.5225089751184));
#6251=CARTESIAN_POINT('Ctrl Pts',(27.213368908928,-3.43999999999998,-11.5225089751184));
#6252=CARTESIAN_POINT('Ctrl Pts',(27.3203236033521,-3.43999999999998,-11.6095472793908));
#6253=CARTESIAN_POINT('Ctrl Pts',(27.5370581100743,-3.43999999999998,-11.7859229311939));
#6254=CARTESIAN_POINT('Ctrl Pts',(27.8157344422408,-3.43999999999998,-11.8091667783284));
#6255=CARTESIAN_POINT('Ctrl Pts',(27.956888870762,-3.43999999999998,-11.8209401927888));
#6256=CARTESIAN_POINT('Ctrl Pts',(26.9132327003938,-3.99999999999999,-10.79092663154));
#6257=CARTESIAN_POINT('Ctrl Pts',(26.9132327003938,-3.43999999999998,-10.79092663154));
#6258=CARTESIAN_POINT('Ctrl Pts',(26.9254100883698,-3.99999999999999,-10.9293691661564));
#6259=CARTESIAN_POINT('Ctrl Pts',(26.9254100883698,-3.43999999999998,-10.9293691661564));
#6260=CARTESIAN_POINT('Ctrl Pts',(26.9496076399811,-3.99999999999999,-11.2044667801272));
#6261=CARTESIAN_POINT('Ctrl Pts',(26.9496076399811,-3.43999999999998,-11.2044667801272));
#6262=CARTESIAN_POINT('Ctrl Pts',(27.125830156364,-3.99999999999999,-11.4169551266576));
#6263=CARTESIAN_POINT('Ctrl Pts',(27.125830156364,-3.43999999999998,-11.4169551266576));
#6264=CARTESIAN_POINT('Ctrl Pts',(27.213368908928,-3.99999999999999,-11.5225089751184));
#6265=CARTESIAN_POINT('Ctrl Pts',(27.213368908928,-3.43999999999998,-11.5225089751184));
#6266=CARTESIAN_POINT('',(26.9132327003938,-3.99999999999999,-10.79092663154));
#6267=CARTESIAN_POINT('Ctrl Pts',(26.9132327003938,-3.99999999999999,-10.79092663154));
#6268=CARTESIAN_POINT('Ctrl Pts',(26.9254100883698,-3.99999999999999,-10.9293691661564));
#6269=CARTESIAN_POINT('Ctrl Pts',(26.9496076399811,-3.99999999999999,-11.2044667801272));
#6270=CARTESIAN_POINT('Ctrl Pts',(27.125830156364,-3.99999999999999,-11.4169551266576));
#6271=CARTESIAN_POINT('Ctrl Pts',(27.213368908928,-3.99999999999999,-11.5225089751184));
#6272=CARTESIAN_POINT('',(26.9132327003938,-3.43999999999998,-10.79092663154));
#6273=CARTESIAN_POINT('',(26.9132327003938,-3.99999999999999,-10.79092663154));
#6274=CARTESIAN_POINT('Ctrl Pts',(26.9132327003938,-3.43999999999998,-10.79092663154));
#6275=CARTESIAN_POINT('Ctrl Pts',(26.9254100883698,-3.43999999999998,-10.9293691661564));
#6276=CARTESIAN_POINT('Ctrl Pts',(26.9496076399811,-3.43999999999998,-11.2044667801272));
#6277=CARTESIAN_POINT('Ctrl Pts',(27.125830156364,-3.43999999999998,-11.4169551266576));
#6278=CARTESIAN_POINT('Ctrl Pts',(27.213368908928,-3.43999999999998,-11.5225089751184));
#6279=CARTESIAN_POINT('Ctrl Pts',(27.1434508724671,-3.99999999999999,-10.1718951426446));
#6280=CARTESIAN_POINT('Ctrl Pts',(27.1434508724671,-3.43999999999998,-10.1718951426446));
#6281=CARTESIAN_POINT('Ctrl Pts',(27.0763093762177,-3.99999999999999,-10.2622282865265));
#6282=CARTESIAN_POINT('Ctrl Pts',(27.0763093762177,-3.43999999999998,-10.2622282865265));
#6283=CARTESIAN_POINT('Ctrl Pts',(26.9396680406197,-3.99999999999999,-10.4460675233368));
#6284=CARTESIAN_POINT('Ctrl Pts',(26.9396680406197,-3.43999999999998,-10.4460675233368));
#6285=CARTESIAN_POINT('Ctrl Pts',(26.9221452909973,-3.99999999999999,-10.6746584836349));
#6286=CARTESIAN_POINT('Ctrl Pts',(26.9221452909973,-3.43999999999998,-10.6746584836349));
#6287=CARTESIAN_POINT('Ctrl Pts',(26.9132327003938,-3.99999999999999,-10.79092663154));
#6288=CARTESIAN_POINT('Ctrl Pts',(26.9132327003938,-3.43999999999998,-10.79092663154));
#6289=CARTESIAN_POINT('',(27.1434508724671,-3.99999999999999,-10.1718951426446));
#6290=CARTESIAN_POINT('Ctrl Pts',(27.1434508724671,-3.99999999999999,-10.1718951426446));
#6291=CARTESIAN_POINT('Ctrl Pts',(27.0763093762177,-3.99999999999999,-10.2622282865265));
#6292=CARTESIAN_POINT('Ctrl Pts',(26.9396680406197,-3.99999999999999,-10.4460675233368));
#6293=CARTESIAN_POINT('Ctrl Pts',(26.9221452909973,-3.99999999999999,-10.6746584836349));
#6294=CARTESIAN_POINT('Ctrl Pts',(26.9132327003938,-3.99999999999999,-10.79092663154));
#6295=CARTESIAN_POINT('',(27.1434508724671,-3.43999999999998,-10.1718951426446));
#6296=CARTESIAN_POINT('',(27.1434508724671,-3.99999999999999,-10.1718951426446));
#6297=CARTESIAN_POINT('Ctrl Pts',(27.1434508724671,-3.43999999999998,-10.1718951426446));
#6298=CARTESIAN_POINT('Ctrl Pts',(27.0763093762177,-3.43999999999998,-10.2622282865265));
#6299=CARTESIAN_POINT('Ctrl Pts',(26.9396680406197,-3.43999999999998,-10.4460675233368));
#6300=CARTESIAN_POINT('Ctrl Pts',(26.9221452909973,-3.43999999999998,-10.6746584836349));
#6301=CARTESIAN_POINT('Ctrl Pts',(26.9132327003938,-3.43999999999998,-10.79092663154));
#6302=CARTESIAN_POINT('Ctrl Pts',(27.8954972787362,-3.99999999999999,-9.81207263097165));
#6303=CARTESIAN_POINT('Ctrl Pts',(27.8954972787362,-3.43999999999998,-9.81207263097165));
#6304=CARTESIAN_POINT('Ctrl Pts',(27.7397267142752,-3.99999999999999,-9.84745324844397));
#6305=CARTESIAN_POINT('Ctrl Pts',(27.7397267142752,-3.43999999999998,-9.84745324844397));
#6306=CARTESIAN_POINT('Ctrl Pts',(27.4606913679879,-3.99999999999999,-9.91083135124791));
#6307=CARTESIAN_POINT('Ctrl Pts',(27.4606913679879,-3.43999999999998,-9.91083135124791));
#6308=CARTESIAN_POINT('Ctrl Pts',(27.2406533780944,-3.99999999999999,-10.0919051823129));
#6309=CARTESIAN_POINT('Ctrl Pts',(27.2406533780944,-3.43999999999998,-10.0919051823129));
#6310=CARTESIAN_POINT('Ctrl Pts',(27.1434508724671,-3.99999999999999,-10.1718951426446));
#6311=CARTESIAN_POINT('Ctrl Pts',(27.1434508724671,-3.43999999999998,-10.1718951426446));
#6312=CARTESIAN_POINT('',(27.8954972787362,-3.99999999999999,-9.81207263097165));
#6313=CARTESIAN_POINT('Ctrl Pts',(27.8954972787362,-3.99999999999999,-9.81207263097165));
#6314=CARTESIAN_POINT('Ctrl Pts',(27.7397267142752,-3.99999999999999,-9.84745324844397));
#6315=CARTESIAN_POINT('Ctrl Pts',(27.4606913679879,-3.99999999999999,-9.91083135124791));
#6316=CARTESIAN_POINT('Ctrl Pts',(27.2406533780944,-3.99999999999999,-10.0919051823129));
#6317=CARTESIAN_POINT('Ctrl Pts',(27.1434508724671,-3.99999999999999,-10.1718951426446));
#6318=CARTESIAN_POINT('',(27.8954972787362,-3.43999999999998,-9.81207263097165));
#6319=CARTESIAN_POINT('',(27.8954972787362,-3.99999999999999,-9.81207263097165));
#6320=CARTESIAN_POINT('Ctrl Pts',(27.8954972787362,-3.43999999999998,-9.81207263097165));
#6321=CARTESIAN_POINT('Ctrl Pts',(27.7397267142752,-3.43999999999998,-9.84745324844397));
#6322=CARTESIAN_POINT('Ctrl Pts',(27.4606913679879,-3.43999999999998,-9.91083135124791));
#6323=CARTESIAN_POINT('Ctrl Pts',(27.2406533780944,-3.43999999999998,-10.0919051823129));
#6324=CARTESIAN_POINT('Ctrl Pts',(27.1434508724671,-3.43999999999998,-10.1718951426446));
#6325=CARTESIAN_POINT('Origin',(27.8136419220429,-3.99999999999999,-9.19815715774891));
#6326=CARTESIAN_POINT('',(27.8136419220429,-3.99999999999999,-9.19815715774891));
#6327=CARTESIAN_POINT('',(28.4015558875122,-3.99999999999999,-13.6075140392758));
#6328=CARTESIAN_POINT('',(27.8136419220429,-3.43999999999998,-9.19815715774891));
#6329=CARTESIAN_POINT('',(27.8136419220429,-3.99999999999999,-9.19815715774891));
#6330=CARTESIAN_POINT('',(27.8136419220429,-3.43999999999998,-9.19815715774891));
#6331=CARTESIAN_POINT('Ctrl Pts',(26.7972706718904,-3.99999999999999,-9.69440531358121));
#6332=CARTESIAN_POINT('Ctrl Pts',(26.7972706718904,-3.43999999999998,-9.69440531358121));
#6333=CARTESIAN_POINT('Ctrl Pts',(26.9395834962486,-3.99999999999999,-9.56483814382398));
#6334=CARTESIAN_POINT('Ctrl Pts',(26.9395834962486,-3.43999999999998,-9.56483814382398));
#6335=CARTESIAN_POINT('Ctrl Pts',(27.2297172438644,-3.99999999999999,-9.30068901531676));
#6336=CARTESIAN_POINT('Ctrl Pts',(27.2297172438644,-3.43999999999998,-9.30068901531676));
#6337=CARTESIAN_POINT('Ctrl Pts',(27.6165523810887,-3.99999999999999,-9.23276428688117));
#6338=CARTESIAN_POINT('Ctrl Pts',(27.6165523810887,-3.43999999999998,-9.23276428688117));
#6339=CARTESIAN_POINT('Ctrl Pts',(27.8136419220429,-3.99999999999999,-9.19815715774891));
#6340=CARTESIAN_POINT('Ctrl Pts',(27.8136419220429,-3.43999999999998,-9.19815715774891));
#6341=CARTESIAN_POINT('Ctrl Pts',(26.7972706718904,-3.99999999999999,-9.69440531358121));
#6342=CARTESIAN_POINT('Ctrl Pts',(26.9395834962486,-3.99999999999999,-9.56483814382398));
#6343=CARTESIAN_POINT('Ctrl Pts',(27.2297172438644,-3.99999999999999,-9.30068901531676));
#6344=CARTESIAN_POINT('Ctrl Pts',(27.6165523810887,-3.99999999999999,-9.23276428688117));
#6345=CARTESIAN_POINT('Ctrl Pts',(27.8136419220429,-3.99999999999999,-9.19815715774891));
#6346=CARTESIAN_POINT('Ctrl Pts',(26.7972706718904,-3.43999999999998,-9.69440531358121));
#6347=CARTESIAN_POINT('Ctrl Pts',(26.9395834962486,-3.43999999999998,-9.56483814382398));
#6348=CARTESIAN_POINT('Ctrl Pts',(27.2297172438644,-3.43999999999998,-9.30068901531676));
#6349=CARTESIAN_POINT('Ctrl Pts',(27.6165523810887,-3.43999999999998,-9.23276428688117));
#6350=CARTESIAN_POINT('Ctrl Pts',(27.8136419220429,-3.43999999999998,-9.19815715774891));
#6351=CARTESIAN_POINT('Origin',(28.9596175117951,-3.43999999999998,-19.4999988786876));
#6352=CARTESIAN_POINT('Ctrl Pts',(2.556661546737,-0.591751709536163,-36.9082482904639));
#6353=CARTESIAN_POINT('Ctrl Pts',(2.556661546737,-0.591751709536163,-36.9082482904639));
#6354=CARTESIAN_POINT('Ctrl Pts',(2.556661546737,-0.591751709536163,-36.9082482904639));
#6355=CARTESIAN_POINT('Ctrl Pts',(2.55666154673701,-0.591751709536163,-36.9082482904639));
#6356=CARTESIAN_POINT('Ctrl Pts',(2.55666154673701,-0.591751709536163,-36.9082482904639));
#6357=CARTESIAN_POINT('Ctrl Pts',(2.55666154673701,-0.591751709536163,-36.9082482904639));
#6358=CARTESIAN_POINT('Ctrl Pts',(2.556661546737,-0.591751709536163,-36.9082482904639));
#6359=CARTESIAN_POINT('Ctrl Pts',(2.556661546737,-0.591751709536163,-36.9082482904639));
#6360=CARTESIAN_POINT('Ctrl Pts',(2.556661546737,-0.591751709536163,-36.9082482904639));
#6361=CARTESIAN_POINT('Ctrl Pts',(3.13978531861851,-1.16910197872579,-36.3308980212743));
#6362=CARTESIAN_POINT('Ctrl Pts',(3.13978531861851,-0.461995197539239,-35.6237912400877));
#6363=CARTESIAN_POINT('Ctrl Pts',(2.556661546737,0.115355071650383,-36.2011415092773));
#6364=CARTESIAN_POINT('Ctrl Pts',(1.97353777485549,0.692705340840006,-36.778491778467));
#6365=CARTESIAN_POINT('Ctrl Pts',(1.97353777485549,-0.0144014403465403,
-37.4855985596535));
#6366=CARTESIAN_POINT('Ctrl Pts',(1.9735377748555,-0.721508221533087,-38.19270534084));
#6367=CARTESIAN_POINT('Ctrl Pts',(2.55666154673701,-1.29885849072271,-37.6153550716504));
#6368=CARTESIAN_POINT('Ctrl Pts',(3.13978531861852,-1.87620875991233,-37.0380048024608));
#6369=CARTESIAN_POINT('Ctrl Pts',(3.13978531861851,-1.16910197872579,-36.3308980212743));
#6370=CARTESIAN_POINT('Ctrl Pts',(2.31512377188152,-1.57735026918964,-35.9226497308104));
#6371=CARTESIAN_POINT('Ctrl Pts',(2.31512377188151,-0.870243488003098,-35.2155429496239));
#6372=CARTESIAN_POINT('Ctrl Pts',(1.732,-0.292893218813476,-35.7928932188135));
#6373=CARTESIAN_POINT('Ctrl Pts',(1.14887622811849,0.284457050376146,-36.3702434880031));
#6374=CARTESIAN_POINT('Ctrl Pts',(1.14887622811849,-0.4226497308104,-37.0773502691896));
#6375=CARTESIAN_POINT('Ctrl Pts',(1.1488762281185,-1.12975651199695,-37.7844570503762));
#6376=CARTESIAN_POINT('Ctrl Pts',(1.732,-1.70710678118657,-37.2071067811866));
#6377=CARTESIAN_POINT('Ctrl Pts',(2.31512377188152,-2.28445705037619,-36.6297565119969));
#6378=CARTESIAN_POINT('Ctrl Pts',(2.31512377188152,-1.57735026918964,-35.9226497308104));
#6379=CARTESIAN_POINT('Ctrl Pts',(1.49046222514452,-1.9855985596535,-35.5144014403465));
#6380=CARTESIAN_POINT('Ctrl Pts',(1.49046222514451,-1.27849177846696,-34.80729465916));
#6381=CARTESIAN_POINT('Ctrl Pts',(0.907338453262998,-0.701141509277336,
-35.3846449283496));
#6382=CARTESIAN_POINT('Ctrl Pts',(0.324214681381481,-0.123791240087713,
-35.9619951975392));
#6383=CARTESIAN_POINT('Ctrl Pts',(0.324214681381481,-0.830898021274259,
-36.6691019787258));
#6384=CARTESIAN_POINT('Ctrl Pts',(0.324214681381489,-1.53800480246081,-37.3762087599123));
#6385=CARTESIAN_POINT('Ctrl Pts',(0.907338453263007,-2.11535507165043,-36.7988584907227));
#6386=CARTESIAN_POINT('Ctrl Pts',(1.49046222514452,-2.69270534084005,-36.2215082215331));
#6387=CARTESIAN_POINT('Ctrl Pts',(1.49046222514452,-1.9855985596535,-35.5144014403465));
#6388=CARTESIAN_POINT('Ctrl Pts',(0.907338453262998,-1.40824829046388,-36.0917517095362));
#6389=CARTESIAN_POINT('Ctrl Pts',(0.907338453262998,-1.40824829046388,-36.0917517095362));
#6390=CARTESIAN_POINT('Ctrl Pts',(0.907338453262998,-1.40824829046388,-36.0917517095362));
#6391=CARTESIAN_POINT('Ctrl Pts',(0.907338453262989,-1.40824829046388,-36.0917517095362));
#6392=CARTESIAN_POINT('Ctrl Pts',(0.907338453262989,-1.40824829046388,-36.0917517095362));
#6393=CARTESIAN_POINT('Ctrl Pts',(0.907338453262989,-1.40824829046388,-36.0917517095362));
#6394=CARTESIAN_POINT('Ctrl Pts',(0.907338453262998,-1.40824829046388,-36.0917517095362));
#6395=CARTESIAN_POINT('Ctrl Pts',(0.907338453262998,-1.40824829046388,-36.0917517095362));
#6396=CARTESIAN_POINT('Ctrl Pts',(0.907338453262998,-1.40824829046388,-36.0917517095362));
#6397=CARTESIAN_POINT('',(1.732,-1.00000000000002,-37.5));
#6398=CARTESIAN_POINT('',(1.732,-8.10462807976365E-15,-36.5));
#6399=CARTESIAN_POINT('Origin',(1.732,-1.00000000000002,-36.5));
#6400=CARTESIAN_POINT('',(0.722000000000005,-1.00000000000002,-36.5));
#6401=CARTESIAN_POINT('Origin',(1.732,-1.00000000000002,-36.5));
#6402=CARTESIAN_POINT('Origin',(1.732,-1.00000000000002,-36.5));
#6403=CARTESIAN_POINT('Ctrl Pts',(49.824661546737,-1.40824829046388,-36.0917517095362));
#6404=CARTESIAN_POINT('Ctrl Pts',(49.824661546737,-1.40824829046388,-36.0917517095362));
#6405=CARTESIAN_POINT('Ctrl Pts',(49.824661546737,-1.40824829046388,-36.0917517095362));
#6406=CARTESIAN_POINT('Ctrl Pts',(49.824661546737,-1.40824829046388,-36.0917517095362));
#6407=CARTESIAN_POINT('Ctrl Pts',(49.824661546737,-1.40824829046388,-36.0917517095362));
#6408=CARTESIAN_POINT('Ctrl Pts',(49.824661546737,-1.40824829046388,-36.0917517095362));
#6409=CARTESIAN_POINT('Ctrl Pts',(49.824661546737,-1.40824829046388,-36.0917517095362));
#6410=CARTESIAN_POINT('Ctrl Pts',(49.824661546737,-1.40824829046388,-36.0917517095362));
#6411=CARTESIAN_POINT('Ctrl Pts',(49.824661546737,-1.40824829046388,-36.0917517095362));
#6412=CARTESIAN_POINT('Ctrl Pts',(49.2415377748555,-1.9855985596535,-35.5144014403465));
#6413=CARTESIAN_POINT('Ctrl Pts',(49.2415377748555,-1.27849177846696,-34.80729465916));
#6414=CARTESIAN_POINT('Ctrl Pts',(49.824661546737,-0.701141509277336,-35.3846449283496));
#6415=CARTESIAN_POINT('Ctrl Pts',(50.4077853186185,-0.123791240087713,-35.9619951975392));
#6416=CARTESIAN_POINT('Ctrl Pts',(50.4077853186185,-0.830898021274259,-36.6691019787258));
#6417=CARTESIAN_POINT('Ctrl Pts',(50.4077853186185,-1.53800480246081,-37.3762087599123));
#6418=CARTESIAN_POINT('Ctrl Pts',(49.824661546737,-2.11535507165043,-36.7988584907227));
#6419=CARTESIAN_POINT('Ctrl Pts',(49.2415377748555,-2.69270534084005,-36.2215082215331));
#6420=CARTESIAN_POINT('Ctrl Pts',(49.2415377748555,-1.9855985596535,-35.5144014403465));
#6421=CARTESIAN_POINT('Ctrl Pts',(48.4168762281185,-1.57735026918964,-35.9226497308104));
#6422=CARTESIAN_POINT('Ctrl Pts',(48.4168762281185,-0.870243488003098,-35.2155429496239));
#6423=CARTESIAN_POINT('Ctrl Pts',(49.,-0.292893218813476,-35.7928932188135));
#6424=CARTESIAN_POINT('Ctrl Pts',(49.5831237718815,0.284457050376146,-36.3702434880031));
#6425=CARTESIAN_POINT('Ctrl Pts',(49.5831237718815,-0.4226497308104,-37.0773502691896));
#6426=CARTESIAN_POINT('Ctrl Pts',(49.5831237718815,-1.12975651199695,-37.7844570503762));
#6427=CARTESIAN_POINT('Ctrl Pts',(49.,-1.70710678118657,-37.2071067811866));
#6428=CARTESIAN_POINT('Ctrl Pts',(48.4168762281185,-2.28445705037619,-36.6297565119969));
#6429=CARTESIAN_POINT('Ctrl Pts',(48.4168762281185,-1.57735026918964,-35.9226497308104));
#6430=CARTESIAN_POINT('Ctrl Pts',(47.5922146813815,-1.16910197872579,-36.3308980212743));
#6431=CARTESIAN_POINT('Ctrl Pts',(47.5922146813815,-0.461995197539239,-35.6237912400877));
#6432=CARTESIAN_POINT('Ctrl Pts',(48.175338453263,0.115355071650383,-36.2011415092773));
#6433=CARTESIAN_POINT('Ctrl Pts',(48.7584622251445,0.692705340840006,-36.778491778467));
#6434=CARTESIAN_POINT('Ctrl Pts',(48.7584622251445,-0.0144014403465403,
-37.4855985596535));
#6435=CARTESIAN_POINT('Ctrl Pts',(48.7584622251445,-0.721508221533087,-38.19270534084));
#6436=CARTESIAN_POINT('Ctrl Pts',(48.175338453263,-1.29885849072271,-37.6153550716504));
#6437=CARTESIAN_POINT('Ctrl Pts',(47.5922146813815,-1.87620875991233,-37.0380048024608));
#6438=CARTESIAN_POINT('Ctrl Pts',(47.5922146813815,-1.16910197872579,-36.3308980212743));
#6439=CARTESIAN_POINT('Ctrl Pts',(48.175338453263,-0.591751709536163,-36.9082482904639));
#6440=CARTESIAN_POINT('Ctrl Pts',(48.175338453263,-0.591751709536163,-36.9082482904639));
#6441=CARTESIAN_POINT('Ctrl Pts',(48.175338453263,-0.591751709536163,-36.9082482904639));
#6442=CARTESIAN_POINT('Ctrl Pts',(48.175338453263,-0.591751709536163,-36.9082482904639));
#6443=CARTESIAN_POINT('Ctrl Pts',(48.175338453263,-0.591751709536163,-36.9082482904639));
#6444=CARTESIAN_POINT('Ctrl Pts',(48.175338453263,-0.591751709536163,-36.9082482904639));
#6445=CARTESIAN_POINT('Ctrl Pts',(48.175338453263,-0.591751709536163,-36.9082482904639));
#6446=CARTESIAN_POINT('Ctrl Pts',(48.175338453263,-0.591751709536163,-36.9082482904639));
#6447=CARTESIAN_POINT('Ctrl Pts',(48.175338453263,-0.591751709536163,-36.9082482904639));
#6448=CARTESIAN_POINT('',(50.01,-1.00000000000002,-36.5));
#6449=CARTESIAN_POINT('',(49.,-8.10462807976365E-15,-36.5));
#6450=CARTESIAN_POINT('Origin',(49.,-1.00000000000002,-36.5));
#6451=CARTESIAN_POINT('',(49.,-1.00000000000002,-37.5));
#6452=CARTESIAN_POINT('Origin',(49.,-1.00000000000002,-36.5));
#6453=CARTESIAN_POINT('Origin',(49.,-1.00000000000002,-36.5));
#6454=CARTESIAN_POINT('Ctrl Pts',(2.556661546737,-3.40824829046384,-36.9082482904639));
#6455=CARTESIAN_POINT('Ctrl Pts',(2.556661546737,-3.40824829046384,-36.9082482904639));
#6456=CARTESIAN_POINT('Ctrl Pts',(2.556661546737,-3.40824829046384,-36.9082482904639));
#6457=CARTESIAN_POINT('Ctrl Pts',(2.556661546737,-3.40824829046384,-36.9082482904639));
#6458=CARTESIAN_POINT('Ctrl Pts',(2.556661546737,-3.40824829046384,-36.9082482904639));
#6459=CARTESIAN_POINT('Ctrl Pts',(2.556661546737,-3.40824829046384,-36.9082482904639));
#6460=CARTESIAN_POINT('Ctrl Pts',(2.556661546737,-3.40824829046384,-36.9082482904639));
#6461=CARTESIAN_POINT('Ctrl Pts',(2.556661546737,-3.40824829046384,-36.9082482904639));
#6462=CARTESIAN_POINT('Ctrl Pts',(2.556661546737,-3.40824829046384,-36.9082482904639));
#6463=CARTESIAN_POINT('Ctrl Pts',(3.13978531861852,-2.83089802127422,-36.3308980212743));
#6464=CARTESIAN_POINT('Ctrl Pts',(3.13978531861853,-2.12379124008767,-37.0380048024608));
#6465=CARTESIAN_POINT('Ctrl Pts',(2.55666154673701,-2.70114150927729,-37.6153550716504));
#6466=CARTESIAN_POINT('Ctrl Pts',(1.97353777485549,-3.27849177846692,-38.19270534084));
#6467=CARTESIAN_POINT('Ctrl Pts',(1.97353777485548,-3.98559855965346,-37.4855985596535));
#6468=CARTESIAN_POINT('Ctrl Pts',(1.97353777485548,-4.69270534084001,-36.778491778467));
#6469=CARTESIAN_POINT('Ctrl Pts',(2.556661546737,-4.11535507165039,-36.2011415092773));
#6470=CARTESIAN_POINT('Ctrl Pts',(3.13978531861852,-3.53800480246076,-35.6237912400877));
#6471=CARTESIAN_POINT('Ctrl Pts',(3.13978531861852,-2.83089802127422,-36.3308980212743));
#6472=CARTESIAN_POINT('Ctrl Pts',(2.31512377188153,-2.42264973081036,-35.9226497308104));
#6473=CARTESIAN_POINT('Ctrl Pts',(2.31512377188153,-1.71554294962381,-36.6297565119969));
#6474=CARTESIAN_POINT('Ctrl Pts',(1.73200000000001,-2.29289321881343,-37.2071067811866));
#6475=CARTESIAN_POINT('Ctrl Pts',(1.1488762281185,-2.87024348800306,-37.7844570503762));
#6476=CARTESIAN_POINT('Ctrl Pts',(1.14887622811849,-3.5773502691896,-37.0773502691896));
#6477=CARTESIAN_POINT('Ctrl Pts',(1.14887622811849,-4.28445705037615,-36.3702434880031));
#6478=CARTESIAN_POINT('Ctrl Pts',(1.732,-3.70710678118653,-35.7928932188135));
#6479=CARTESIAN_POINT('Ctrl Pts',(2.31512377188152,-3.1297565119969,-35.2155429496239));
#6480=CARTESIAN_POINT('Ctrl Pts',(2.31512377188153,-2.42264973081036,-35.9226497308104));
#6481=CARTESIAN_POINT('Ctrl Pts',(1.49046222514453,-2.0144014403465,-35.5144014403465));
#6482=CARTESIAN_POINT('Ctrl Pts',(1.49046222514453,-1.30729465915995,-36.2215082215331));
#6483=CARTESIAN_POINT('Ctrl Pts',(0.907338453263016,-1.88464492834957,-36.7988584907227));
#6484=CARTESIAN_POINT('Ctrl Pts',(0.324214681381498,-2.4619951975392,-37.3762087599123));
#6485=CARTESIAN_POINT('Ctrl Pts',(0.324214681381489,-3.16910197872574,-36.6691019787258));
#6486=CARTESIAN_POINT('Ctrl Pts',(0.324214681381489,-3.87620875991229,-35.9619951975392));
#6487=CARTESIAN_POINT('Ctrl Pts',(0.907338453263007,-3.29885849072267,-35.3846449283496));
#6488=CARTESIAN_POINT('Ctrl Pts',(1.49046222514452,-2.72150822153304,-34.80729465916));
#6489=CARTESIAN_POINT('Ctrl Pts',(1.49046222514453,-2.0144014403465,-35.5144014403465));
#6490=CARTESIAN_POINT('Ctrl Pts',(0.907338453263007,-2.59175170953612,-36.0917517095362));
#6491=CARTESIAN_POINT('Ctrl Pts',(0.907338453263007,-2.59175170953612,-36.0917517095362));
#6492=CARTESIAN_POINT('Ctrl Pts',(0.907338453263007,-2.59175170953612,-36.0917517095362));
#6493=CARTESIAN_POINT('Ctrl Pts',(0.907338453263007,-2.59175170953612,-36.0917517095362));
#6494=CARTESIAN_POINT('Ctrl Pts',(0.907338453263007,-2.59175170953612,-36.0917517095362));
#6495=CARTESIAN_POINT('Ctrl Pts',(0.907338453263007,-2.59175170953612,-36.0917517095362));
#6496=CARTESIAN_POINT('Ctrl Pts',(0.907338453263007,-2.59175170953612,-36.0917517095362));
#6497=CARTESIAN_POINT('Ctrl Pts',(0.907338453263007,-2.59175170953612,-36.0917517095362));
#6498=CARTESIAN_POINT('Ctrl Pts',(0.907338453263007,-2.59175170953612,-36.0917517095362));
#6499=CARTESIAN_POINT('',(1.732,-3.99999999999999,-36.5));
#6500=CARTESIAN_POINT('',(1.732,-2.99999999999998,-37.5));
#6501=CARTESIAN_POINT('Origin',(1.732,-2.99999999999998,-36.5));
#6502=CARTESIAN_POINT('',(0.722000000000005,-2.99999999999998,-36.5));
#6503=CARTESIAN_POINT('Origin',(1.732,-2.99999999999998,-36.5));
#6504=CARTESIAN_POINT('Origin',(1.732,-2.99999999999998,-36.5));
#6505=CARTESIAN_POINT('Ctrl Pts',(2.556661546737,-0.591751709536155,-0.0917517095361119));
#6506=CARTESIAN_POINT('Ctrl Pts',(2.556661546737,-0.591751709536155,-0.0917517095361119));
#6507=CARTESIAN_POINT('Ctrl Pts',(2.556661546737,-0.591751709536155,-0.0917517095361119));
#6508=CARTESIAN_POINT('Ctrl Pts',(2.556661546737,-0.591751709536155,-0.0917517095361119));
#6509=CARTESIAN_POINT('Ctrl Pts',(2.556661546737,-0.591751709536155,-0.0917517095361119));
#6510=CARTESIAN_POINT('Ctrl Pts',(2.556661546737,-0.591751709536155,-0.0917517095361119));
#6511=CARTESIAN_POINT('Ctrl Pts',(2.556661546737,-0.591751709536155,-0.0917517095361119));
#6512=CARTESIAN_POINT('Ctrl Pts',(2.556661546737,-0.591751709536155,-0.0917517095361119));
#6513=CARTESIAN_POINT('Ctrl Pts',(2.556661546737,-0.591751709536155,-0.0917517095361119));
#6514=CARTESIAN_POINT('Ctrl Pts',(3.13978531861852,-1.16910197872578,-0.669101978725734));
#6515=CARTESIAN_POINT('Ctrl Pts',(3.13978531861853,-1.87620875991232,0.0380048024608119));
#6516=CARTESIAN_POINT('Ctrl Pts',(2.55666154673701,-1.2988584907227,0.615355071650434));
#6517=CARTESIAN_POINT('Ctrl Pts',(1.97353777485549,-0.721508221533078,1.19270534084006));
#6518=CARTESIAN_POINT('Ctrl Pts',(1.97353777485548,-0.0144014403465319,
0.485598559653511));
#6519=CARTESIAN_POINT('Ctrl Pts',(1.97353777485548,0.692705340840014,-0.221508221533036));
#6520=CARTESIAN_POINT('Ctrl Pts',(2.556661546737,0.115355071650391,-0.798858490722658));
#6521=CARTESIAN_POINT('Ctrl Pts',(3.13978531861852,-0.461995197539231,-1.37620875991228));
#6522=CARTESIAN_POINT('Ctrl Pts',(3.13978531861852,-1.16910197872578,-0.669101978725734));
#6523=CARTESIAN_POINT('Ctrl Pts',(2.31512377188152,-1.57735026918964,-1.07735026918959));
#6524=CARTESIAN_POINT('Ctrl Pts',(2.31512377188153,-2.28445705037618,-0.370243488003048));
#6525=CARTESIAN_POINT('Ctrl Pts',(1.732,-1.70710678118656,0.207106781186575));
#6526=CARTESIAN_POINT('Ctrl Pts',(1.14887622811849,-1.12975651199694,0.784457050376197));
#6527=CARTESIAN_POINT('Ctrl Pts',(1.14887622811849,-0.422649730810392,0.0773502691896511));
#6528=CARTESIAN_POINT('Ctrl Pts',(1.14887622811848,0.284457050376154,-0.629756511996895));
#6529=CARTESIAN_POINT('Ctrl Pts',(1.732,-0.292893218813468,-1.20710678118652));
#6530=CARTESIAN_POINT('Ctrl Pts',(2.31512377188152,-0.870243488003091,-1.78445705037614));
#6531=CARTESIAN_POINT('Ctrl Pts',(2.31512377188152,-1.57735026918964,-1.07735026918959));
#6532=CARTESIAN_POINT('Ctrl Pts',(1.49046222514452,-1.9855985596535,-1.48559855965345));
#6533=CARTESIAN_POINT('Ctrl Pts',(1.49046222514452,-2.69270534084004,-0.778491778466907));
#6534=CARTESIAN_POINT('Ctrl Pts',(0.907338453263007,-2.11535507165042,-0.201141509277285));
#6535=CARTESIAN_POINT('Ctrl Pts',(0.324214681381489,-1.5380048024608,0.376208759912338));
#6536=CARTESIAN_POINT('Ctrl Pts',(0.324214681381481,-0.830898021274251,
-0.330898021274208));
#6537=CARTESIAN_POINT('Ctrl Pts',(0.324214681381481,-0.123791240087705,
-1.03800480246075));
#6538=CARTESIAN_POINT('Ctrl Pts',(0.907338453262998,-0.701141509277328,
-1.61535507165038));
#6539=CARTESIAN_POINT('Ctrl Pts',(1.49046222514452,-1.27849177846695,-2.19270534084));
#6540=CARTESIAN_POINT('Ctrl Pts',(1.49046222514452,-1.9855985596535,-1.48559855965345));
#6541=CARTESIAN_POINT('Ctrl Pts',(0.907338453263007,-1.40824829046387,-0.908248290463831));
#6542=CARTESIAN_POINT('Ctrl Pts',(0.907338453263007,-1.40824829046387,-0.908248290463831));
#6543=CARTESIAN_POINT('Ctrl Pts',(0.907338453263007,-1.40824829046387,-0.908248290463831));
#6544=CARTESIAN_POINT('Ctrl Pts',(0.907338453263007,-1.40824829046387,-0.908248290463831));
#6545=CARTESIAN_POINT('Ctrl Pts',(0.907338453263007,-1.40824829046387,-0.908248290463831));
#6546=CARTESIAN_POINT('Ctrl Pts',(0.907338453263007,-1.40824829046387,-0.908248290463831));
#6547=CARTESIAN_POINT('Ctrl Pts',(0.907338453263007,-1.40824829046387,-0.908248290463831));
#6548=CARTESIAN_POINT('Ctrl Pts',(0.907338453263007,-1.40824829046387,-0.908248290463831));
#6549=CARTESIAN_POINT('Ctrl Pts',(0.907338453263007,-1.40824829046387,-0.908248290463831));
#6550=CARTESIAN_POINT('',(0.722000000000005,-1.00000000000001,-0.499999999999971));
#6551=CARTESIAN_POINT('',(1.732,-1.11022302462509E-16,-0.499999999999972));
#6552=CARTESIAN_POINT('Origin',(1.732,-1.00000000000001,-0.499999999999971));
#6553=CARTESIAN_POINT('',(1.732,-1.00000000000001,0.500000000000025));
#6554=CARTESIAN_POINT('Origin',(1.732,-1.00000000000001,-0.499999999999971));
#6555=CARTESIAN_POINT('Origin',(1.732,-1.00000000000001,-0.499999999999971));
#6556=CARTESIAN_POINT('Ctrl Pts',(49.824661546737,-2.59175170953612,-36.0917517095361));
#6557=CARTESIAN_POINT('Ctrl Pts',(49.824661546737,-2.59175170953612,-36.0917517095361));
#6558=CARTESIAN_POINT('Ctrl Pts',(49.824661546737,-2.59175170953612,-36.0917517095362));
#6559=CARTESIAN_POINT('Ctrl Pts',(49.824661546737,-2.59175170953612,-36.0917517095362));
#6560=CARTESIAN_POINT('Ctrl Pts',(49.824661546737,-2.59175170953612,-36.0917517095362));
#6561=CARTESIAN_POINT('Ctrl Pts',(49.824661546737,-2.59175170953612,-36.0917517095362));
#6562=CARTESIAN_POINT('Ctrl Pts',(49.824661546737,-2.59175170953612,-36.0917517095362));
#6563=CARTESIAN_POINT('Ctrl Pts',(49.824661546737,-2.59175170953612,-36.0917517095361));
#6564=CARTESIAN_POINT('Ctrl Pts',(49.824661546737,-2.59175170953612,-36.0917517095361));
#6565=CARTESIAN_POINT('Ctrl Pts',(49.2415377748555,-2.01440144034646,-35.5144014403465));
#6566=CARTESIAN_POINT('Ctrl Pts',(49.2415377748555,-1.30729465915992,-36.2215082215331));
#6567=CARTESIAN_POINT('Ctrl Pts',(49.824661546737,-1.88464492834957,-36.7988584907227));
#6568=CARTESIAN_POINT('Ctrl Pts',(50.4077853186186,-2.46199519753923,-37.3762087599124));
#6569=CARTESIAN_POINT('Ctrl Pts',(50.4077853186186,-3.16910197872578,-36.6691019787258));
#6570=CARTESIAN_POINT('Ctrl Pts',(50.4077853186186,-3.87620875991232,-35.9619951975392));
#6571=CARTESIAN_POINT('Ctrl Pts',(49.824661546737,-3.29885849072267,-35.3846449283496));
#6572=CARTESIAN_POINT('Ctrl Pts',(49.2415377748555,-2.72150822153301,-34.8072946591599));
#6573=CARTESIAN_POINT('Ctrl Pts',(49.2415377748555,-2.01440144034646,-35.5144014403465));
#6574=CARTESIAN_POINT('Ctrl Pts',(48.4168762281185,-2.42264973081036,-35.9226497308104));
#6575=CARTESIAN_POINT('Ctrl Pts',(48.4168762281185,-1.71554294962381,-36.6297565119969));
#6576=CARTESIAN_POINT('Ctrl Pts',(49.,-2.29289321881343,-37.2071067811866));
#6577=CARTESIAN_POINT('Ctrl Pts',(49.5831237718815,-2.87024348800306,-37.7844570503762));
#6578=CARTESIAN_POINT('Ctrl Pts',(49.5831237718815,-3.5773502691896,-37.0773502691896));
#6579=CARTESIAN_POINT('Ctrl Pts',(49.5831237718815,-4.28445705037615,-36.3702434880031));
#6580=CARTESIAN_POINT('Ctrl Pts',(49.,-3.70710678118653,-35.7928932188135));
#6581=CARTESIAN_POINT('Ctrl Pts',(48.4168762281185,-3.1297565119969,-35.2155429496239));
#6582=CARTESIAN_POINT('Ctrl Pts',(48.4168762281185,-2.42264973081036,-35.9226497308104));
#6583=CARTESIAN_POINT('Ctrl Pts',(47.5922146813815,-2.83089802127422,-36.3308980212743));
#6584=CARTESIAN_POINT('Ctrl Pts',(47.5922146813815,-2.12379124008767,-37.0380048024608));
#6585=CARTESIAN_POINT('Ctrl Pts',(48.175338453263,-2.70114150927729,-37.6153550716504));
#6586=CARTESIAN_POINT('Ctrl Pts',(48.7584622251445,-3.27849177846692,-38.19270534084));
#6587=CARTESIAN_POINT('Ctrl Pts',(48.7584622251445,-3.98559855965346,-37.4855985596535));
#6588=CARTESIAN_POINT('Ctrl Pts',(48.7584622251445,-4.69270534084001,-36.778491778467));
#6589=CARTESIAN_POINT('Ctrl Pts',(48.175338453263,-4.11535507165039,-36.2011415092773));
#6590=CARTESIAN_POINT('Ctrl Pts',(47.5922146813815,-3.53800480246076,-35.6237912400877));
#6591=CARTESIAN_POINT('Ctrl Pts',(47.5922146813815,-2.83089802127422,-36.3308980212743));
#6592=CARTESIAN_POINT('Ctrl Pts',(48.175338453263,-3.40824829046384,-36.9082482904639));
#6593=CARTESIAN_POINT('Ctrl Pts',(48.175338453263,-3.40824829046384,-36.9082482904639));
#6594=CARTESIAN_POINT('Ctrl Pts',(48.175338453263,-3.40824829046384,-36.9082482904639));
#6595=CARTESIAN_POINT('Ctrl Pts',(48.175338453263,-3.40824829046384,-36.9082482904639));
#6596=CARTESIAN_POINT('Ctrl Pts',(48.175338453263,-3.40824829046384,-36.9082482904639));
#6597=CARTESIAN_POINT('Ctrl Pts',(48.175338453263,-3.40824829046384,-36.9082482904639));
#6598=CARTESIAN_POINT('Ctrl Pts',(48.175338453263,-3.40824829046384,-36.9082482904639));
#6599=CARTESIAN_POINT('Ctrl Pts',(48.175338453263,-3.40824829046384,-36.9082482904639));
#6600=CARTESIAN_POINT('Ctrl Pts',(48.175338453263,-3.40824829046384,-36.9082482904639));
#6601=CARTESIAN_POINT('',(50.01,-2.99999999999998,-36.5));
#6602=CARTESIAN_POINT('',(49.,-2.99999999999998,-37.5));
#6603=CARTESIAN_POINT('Origin',(49.,-2.99999999999998,-36.5));
#6604=CARTESIAN_POINT('',(49.,-3.99999999999999,-36.5));
#6605=CARTESIAN_POINT('Origin',(49.,-2.99999999999998,-36.5));
#6606=CARTESIAN_POINT('Origin',(49.,-2.99999999999998,-36.5));
#6607=CARTESIAN_POINT('Ctrl Pts',(49.824661546737,-1.40824829046387,-0.908248290463831));
#6608=CARTESIAN_POINT('Ctrl Pts',(49.824661546737,-1.40824829046387,-0.908248290463831));
#6609=CARTESIAN_POINT('Ctrl Pts',(49.824661546737,-1.40824829046387,-0.908248290463831));
#6610=CARTESIAN_POINT('Ctrl Pts',(49.824661546737,-1.40824829046387,-0.908248290463831));
#6611=CARTESIAN_POINT('Ctrl Pts',(49.824661546737,-1.40824829046387,-0.908248290463831));
#6612=CARTESIAN_POINT('Ctrl Pts',(49.824661546737,-1.40824829046387,-0.908248290463831));
#6613=CARTESIAN_POINT('Ctrl Pts',(49.824661546737,-1.40824829046387,-0.908248290463831));
#6614=CARTESIAN_POINT('Ctrl Pts',(49.824661546737,-1.40824829046387,-0.908248290463831));
#6615=CARTESIAN_POINT('Ctrl Pts',(49.824661546737,-1.40824829046387,-0.908248290463831));
#6616=CARTESIAN_POINT('Ctrl Pts',(49.2415377748555,-1.9855985596535,-1.48559855965345));
#6617=CARTESIAN_POINT('Ctrl Pts',(49.2415377748555,-2.69270534084004,-0.778491778466907));
#6618=CARTESIAN_POINT('Ctrl Pts',(49.824661546737,-2.11535507165042,-0.201141509277285));
#6619=CARTESIAN_POINT('Ctrl Pts',(50.4077853186185,-1.5380048024608,0.376208759912338));
#6620=CARTESIAN_POINT('Ctrl Pts',(50.4077853186185,-0.830898021274251,-0.330898021274208));
#6621=CARTESIAN_POINT('Ctrl Pts',(50.4077853186185,-0.123791240087705,-1.03800480246075));
#6622=CARTESIAN_POINT('Ctrl Pts',(49.824661546737,-0.701141509277328,-1.61535507165038));
#6623=CARTESIAN_POINT('Ctrl Pts',(49.2415377748555,-1.27849177846695,-2.19270534084));
#6624=CARTESIAN_POINT('Ctrl Pts',(49.2415377748555,-1.9855985596535,-1.48559855965345));
#6625=CARTESIAN_POINT('Ctrl Pts',(48.4168762281185,-1.57735026918964,-1.07735026918959));
#6626=CARTESIAN_POINT('Ctrl Pts',(48.4168762281185,-2.28445705037618,-0.370243488003048));
#6627=CARTESIAN_POINT('Ctrl Pts',(49.,-1.70710678118656,0.207106781186575));
#6628=CARTESIAN_POINT('Ctrl Pts',(49.5831237718815,-1.12975651199694,0.784457050376197));
#6629=CARTESIAN_POINT('Ctrl Pts',(49.5831237718815,-0.422649730810392,0.0773502691896511));
#6630=CARTESIAN_POINT('Ctrl Pts',(49.5831237718815,0.284457050376154,-0.629756511996895));
#6631=CARTESIAN_POINT('Ctrl Pts',(49.,-0.292893218813468,-1.20710678118652));
#6632=CARTESIAN_POINT('Ctrl Pts',(48.4168762281185,-0.870243488003091,-1.78445705037614));
#6633=CARTESIAN_POINT('Ctrl Pts',(48.4168762281185,-1.57735026918964,-1.07735026918959));
#6634=CARTESIAN_POINT('Ctrl Pts',(47.5922146813815,-1.16910197872578,-0.669101978725734));
#6635=CARTESIAN_POINT('Ctrl Pts',(47.5922146813815,-1.87620875991232,0.0380048024608119));
#6636=CARTESIAN_POINT('Ctrl Pts',(48.175338453263,-1.2988584907227,0.615355071650434));
#6637=CARTESIAN_POINT('Ctrl Pts',(48.7584622251445,-0.721508221533078,1.19270534084006));
#6638=CARTESIAN_POINT('Ctrl Pts',(48.7584622251445,-0.0144014403465319,
0.485598559653511));
#6639=CARTESIAN_POINT('Ctrl Pts',(48.7584622251445,0.692705340840014,-0.221508221533036));
#6640=CARTESIAN_POINT('Ctrl Pts',(48.175338453263,0.115355071650391,-0.798858490722658));
#6641=CARTESIAN_POINT('Ctrl Pts',(47.5922146813815,-0.461995197539231,-1.37620875991228));
#6642=CARTESIAN_POINT('Ctrl Pts',(47.5922146813815,-1.16910197872578,-0.669101978725734));
#6643=CARTESIAN_POINT('Ctrl Pts',(48.175338453263,-0.591751709536155,-0.0917517095361119));
#6644=CARTESIAN_POINT('Ctrl Pts',(48.175338453263,-0.591751709536155,-0.0917517095361119));
#6645=CARTESIAN_POINT('Ctrl Pts',(48.175338453263,-0.591751709536155,-0.0917517095361119));
#6646=CARTESIAN_POINT('Ctrl Pts',(48.175338453263,-0.591751709536155,-0.0917517095361119));
#6647=CARTESIAN_POINT('Ctrl Pts',(48.175338453263,-0.591751709536155,-0.0917517095361119));
#6648=CARTESIAN_POINT('Ctrl Pts',(48.175338453263,-0.591751709536155,-0.0917517095361119));
#6649=CARTESIAN_POINT('Ctrl Pts',(48.175338453263,-0.591751709536155,-0.0917517095361119));
#6650=CARTESIAN_POINT('Ctrl Pts',(48.175338453263,-0.591751709536155,-0.0917517095361119));
#6651=CARTESIAN_POINT('Ctrl Pts',(48.175338453263,-0.591751709536155,-0.0917517095361119));
#6652=CARTESIAN_POINT('',(49.,-1.00000000000001,0.500000000000025));
#6653=CARTESIAN_POINT('',(49.,-1.11022302462509E-16,-0.499999999999972));
#6654=CARTESIAN_POINT('Origin',(49.,-1.00000000000001,-0.499999999999971));
#6655=CARTESIAN_POINT('',(50.01,-1.00000000000001,-0.499999999999971));
#6656=CARTESIAN_POINT('Origin',(49.,-1.00000000000001,-0.499999999999971));
#6657=CARTESIAN_POINT('Origin',(49.,-1.00000000000001,-0.499999999999971));
#6658=CARTESIAN_POINT('Ctrl Pts',(2.55666154673701,-3.40824829046383,-0.0917517095360935));
#6659=CARTESIAN_POINT('Ctrl Pts',(2.55666154673702,-3.40824829046383,-0.0917517095360935));
#6660=CARTESIAN_POINT('Ctrl Pts',(2.55666154673703,-3.40824829046383,-0.0917517095361112));
#6661=CARTESIAN_POINT('Ctrl Pts',(2.55666154673703,-3.40824829046383,-0.091751709536129));
#6662=CARTESIAN_POINT('Ctrl Pts',(2.55666154673702,-3.40824829046383,-0.091751709536129));
#6663=CARTESIAN_POINT('Ctrl Pts',(2.55666154673701,-3.40824829046383,-0.091751709536129));
#6664=CARTESIAN_POINT('Ctrl Pts',(2.55666154673701,-3.40824829046383,-0.0917517095361112));
#6665=CARTESIAN_POINT('Ctrl Pts',(2.556661546737,-3.40824829046383,-0.0917517095360935));
#6666=CARTESIAN_POINT('Ctrl Pts',(2.55666154673701,-3.40824829046383,-0.0917517095360935));
#6667=CARTESIAN_POINT('Ctrl Pts',(3.13978531861854,-2.83089802127421,-0.669101978725734));
#6668=CARTESIAN_POINT('Ctrl Pts',(3.13978531861854,-3.53800480246076,-1.37620875991228));
#6669=CARTESIAN_POINT('Ctrl Pts',(2.55666154673701,-4.11535507165038,-0.798858490722657));
#6670=CARTESIAN_POINT('Ctrl Pts',(1.97353777485549,-4.69270534084,-0.221508221533034));
#6671=CARTESIAN_POINT('Ctrl Pts',(1.97353777485549,-3.98559855965345,0.485598559653512));
#6672=CARTESIAN_POINT('Ctrl Pts',(1.9735377748555,-3.27849177846691,1.19270534084006));
#6673=CARTESIAN_POINT('Ctrl Pts',(2.55666154673702,-2.70114150927729,0.615355071650435));
#6674=CARTESIAN_POINT('Ctrl Pts',(3.13978531861855,-2.12379124008766,0.038004802460812));
#6675=CARTESIAN_POINT('Ctrl Pts',(3.13978531861854,-2.83089802127421,-0.669101978725734));
#6676=CARTESIAN_POINT('Ctrl Pts',(2.31512377188154,-2.42264973081035,-1.07735026918959));
#6677=CARTESIAN_POINT('Ctrl Pts',(2.31512377188154,-3.1297565119969,-1.78445705037614));
#6678=CARTESIAN_POINT('Ctrl Pts',(1.73200000000001,-3.70710678118652,-1.20710678118652));
#6679=CARTESIAN_POINT('Ctrl Pts',(1.14887622811849,-4.28445705037614,-0.629756511996894));
#6680=CARTESIAN_POINT('Ctrl Pts',(1.1488762281185,-3.57735026918959,0.0773502691896518));
#6681=CARTESIAN_POINT('Ctrl Pts',(1.1488762281185,-2.87024348800305,0.784457050376198));
#6682=CARTESIAN_POINT('Ctrl Pts',(1.73200000000002,-2.29289321881343,0.207106781186575));
#6683=CARTESIAN_POINT('Ctrl Pts',(2.31512377188155,-1.7155429496238,-0.370243488003048));
#6684=CARTESIAN_POINT('Ctrl Pts',(2.31512377188154,-2.42264973081035,-1.07735026918959));
#6685=CARTESIAN_POINT('Ctrl Pts',(1.49046222514452,-2.01440144034645,-1.48559855965347));
#6686=CARTESIAN_POINT('Ctrl Pts',(1.49046222514453,-2.721508221533,-2.19270534084005));
#6687=CARTESIAN_POINT('Ctrl Pts',(0.907338453262998,-3.29885849072266,-1.61535507165041));
#6688=CARTESIAN_POINT('Ctrl Pts',(0.324214681381454,-3.87620875991232,-1.03800480246077));
#6689=CARTESIAN_POINT('Ctrl Pts',(0.324214681381454,-3.16910197872577,-0.33089802127419));
#6690=CARTESIAN_POINT('Ctrl Pts',(0.324214681381445,-2.46199519753922,0.376208759912391));
#6691=CARTESIAN_POINT('Ctrl Pts',(0.907338453262989,-1.88464492834957,-0.201141509277249));
#6692=CARTESIAN_POINT('Ctrl Pts',(1.49046222514452,-1.30729465915991,-0.77849177846689));
#6693=CARTESIAN_POINT('Ctrl Pts',(1.49046222514452,-2.01440144034645,-1.48559855965347));
#6694=CARTESIAN_POINT('Ctrl Pts',(0.907338453262998,-2.59175170953611,-0.908248290463848));
#6695=CARTESIAN_POINT('Ctrl Pts',(0.907338453262989,-2.59175170953611,-0.908248290463848));
#6696=CARTESIAN_POINT('Ctrl Pts',(0.90733845326298,-2.59175170953611,-0.908248290463831));
#6697=CARTESIAN_POINT('Ctrl Pts',(0.90733845326298,-2.59175170953611,-0.908248290463813));
#6698=CARTESIAN_POINT('Ctrl Pts',(0.907338453262989,-2.59175170953611,-0.908248290463813));
#6699=CARTESIAN_POINT('Ctrl Pts',(0.907338453262998,-2.59175170953611,-0.908248290463813));
#6700=CARTESIAN_POINT('Ctrl Pts',(0.907338453262998,-2.59175170953611,-0.908248290463831));
#6701=CARTESIAN_POINT('Ctrl Pts',(0.907338453263007,-2.59175170953611,-0.908248290463848));
#6702=CARTESIAN_POINT('Ctrl Pts',(0.907338453262998,-2.59175170953611,-0.908248290463848));
#6703=CARTESIAN_POINT('',(0.722000000000005,-2.99999999999997,-0.499999999999971));
#6704=CARTESIAN_POINT('',(1.732,-2.99999999999997,0.500000000000026));
#6705=CARTESIAN_POINT('Origin',(1.732,-2.99999999999997,-0.499999999999971));
#6706=CARTESIAN_POINT('',(1.732,-3.99999999999999,-0.499999999999971));
#6707=CARTESIAN_POINT('Origin',(1.732,-2.99999999999997,-0.499999999999971));
#6708=CARTESIAN_POINT('Origin',(1.732,-2.99999999999997,-0.499999999999971));
#6709=CARTESIAN_POINT('Ctrl Pts',(0.722000000000005,-2.99999999999997,-5.62771867673037));
#6710=CARTESIAN_POINT('Ctrl Pts',(0.721999999999996,-3.99999999999998,-5.62771867673037));
#6711=CARTESIAN_POINT('Ctrl Pts',(1.732,-3.99999999999997,-5.62771867673037));
#6712=CARTESIAN_POINT('Ctrl Pts',(0.722000000000005,-2.99999999999997,-0.499999999999972));
#6713=CARTESIAN_POINT('Ctrl Pts',(0.721999999999996,-3.99999999999998,-0.499999999999971));
#6714=CARTESIAN_POINT('Ctrl Pts',(1.732,-3.99999999999997,-0.499999999999971));
#6715=CARTESIAN_POINT('',(0.722000000000005,-2.99999999999997,-5.62771867673037));
#6716=CARTESIAN_POINT('',(1.73200000000002,-3.99999999999999,-5.62771867673037));
#6717=CARTESIAN_POINT('Origin',(1.732,-2.99999999999997,-5.62771867673037));
#6718=CARTESIAN_POINT('',(1.732,-3.99999999999999,-28.));
#6719=CARTESIAN_POINT('',(0.722000000000005,-2.99999999999998,-28.));
#6720=CARTESIAN_POINT('Ctrl Pts',(0.722,-2.99999999999997,-5.62771871756022));
#6721=CARTESIAN_POINT('Ctrl Pts',(0.722,-3.00000000361323,-6.44922874371852));
#6722=CARTESIAN_POINT('Ctrl Pts',(0.722,-3.15270459679616,-7.81471111805808));
#6723=CARTESIAN_POINT('Ctrl Pts',(0.722,-3.09008324891803,-9.73280506904058));
#6724=CARTESIAN_POINT('Ctrl Pts',(0.722,-2.99999999974695,-10.824607976786));
#6725=CARTESIAN_POINT('Ctrl Pts',(0.722,-3.00000000000001,-11.3722813275582));
#6726=CARTESIAN_POINT('Ctrl Pts',(0.722,-3.29919929800844,-5.62771871624425));
#6727=CARTESIAN_POINT('Ctrl Pts',(0.723954006850817,-3.25123267901907,-6.42263611256454));
#6728=CARTESIAN_POINT('Ctrl Pts',(0.723694371173046,-3.35877639549518,-7.80553280809237));
#6729=CARTESIAN_POINT('Ctrl Pts',(0.72381545479695,-3.310593866049,-9.74922007752071));
#6730=CARTESIAN_POINT('Ctrl Pts',(0.723302671281593,-3.26722155158743,-10.8423363976385));
#6731=CARTESIAN_POINT('Ctrl Pts',(0.722,-3.29919930058701,-11.3722813274199));
#6732=CARTESIAN_POINT('Ctrl Pts',(0.975491439871391,-3.81737696521649,-5.62771871396514));
#6733=CARTESIAN_POINT('Ctrl Pts',(0.890550522193826,-3.69305561393215,-6.37695780048924));
#6734=CARTESIAN_POINT('Ctrl Pts',(0.839276638842478,-3.72082749187634,-7.78931848420789));
#6735=CARTESIAN_POINT('Ctrl Pts',(0.854444543656469,-3.69833515524634,-9.77799817706899));
#6736=CARTESIAN_POINT('Ctrl Pts',(0.91886416473511,-3.7344960678421,-10.872788605778));
#6737=CARTESIAN_POINT('Ctrl Pts',(0.975491444504065,-3.81737697207354,-11.3722813271805));
#6738=CARTESIAN_POINT('Ctrl Pts',(1.50535651938568,-3.99999999725097,-5.6277187131619));
#6739=CARTESIAN_POINT('Ctrl Pts',(1.29146261987602,-3.94416702391737,-6.36066092907548));
#6740=CARTESIAN_POINT('Ctrl Pts',(1.12203626985695,-3.96169265621782,-7.77418569958815));
#6741=CARTESIAN_POINT('Ctrl Pts',(1.17462053206241,-3.94636579389973,-9.80062077920697));
#6742=CARTESIAN_POINT('Ctrl Pts',(1.36276059576159,-3.96277801679834,-10.8836531861396));
#6743=CARTESIAN_POINT('Ctrl Pts',(1.50535653110509,-4.00000000028876,-11.3722813270961));
#6744=CARTESIAN_POINT('Ctrl Pts',(1.73199998762709,-3.99999999999995,-5.6277187131619));
#6745=CARTESIAN_POINT('Ctrl Pts',(1.4830526526058,-4.00000000020447,-6.36073285313195));
#6746=CARTESIAN_POINT('Ctrl Pts',(1.2596744141928,-4.03313322574841,-7.76841627543985));
#6747=CARTESIAN_POINT('Ctrl Pts',(1.33035194413154,-4.01504587671918,-9.80826956711483));
#6748=CARTESIAN_POINT('Ctrl Pts',(1.56603510917029,-3.99999999998565,-10.8836052364047));
#6749=CARTESIAN_POINT('Ctrl Pts',(1.73200000129974,-3.99999999999999,-11.3722813270961));
#6750=CARTESIAN_POINT('',(0.722000000000005,-3.00000000000001,-11.3722813275582));
#6751=CARTESIAN_POINT('',(1.73200000133902,-3.99999999999999,-11.3722813270831));
#6752=CARTESIAN_POINT('Origin',(1.732,-3.00000000000001,-11.3722813275582));
#6753=CARTESIAN_POINT('Ctrl Pts',(1.73200000129974,-3.99999999999999,-11.3722813270961));
#6754=CARTESIAN_POINT('Ctrl Pts',(1.56603510917029,-3.99999999998565,-10.8836052364047));
#6755=CARTESIAN_POINT('Ctrl Pts',(1.44819352665091,-4.00752293835242,-10.3459374017597));
#6756=CARTESIAN_POINT('Ctrl Pts',(1.37917594539998,-4.01386831453997,-9.78569587134086));
#6757=CARTESIAN_POINT('Ctrl Pts',(1.31015836414904,-4.02021369072753,-9.22545434092198));
#6758=CARTESIAN_POINT('Ctrl Pts',(1.28996478416655,-4.02538150473588,-8.64263911472913));
#6759=CARTESIAN_POINT('Ctrl Pts',(1.31358915432313,-4.02318087705387,-8.06772063144415));
#6760=CARTESIAN_POINT('Ctrl Pts',(1.349025709558,-4.01987993553084,-7.20534290651669));
#6761=CARTESIAN_POINT('Ctrl Pts',(1.4830526526058,-4.00000000020447,-6.36073285313195));
#6762=CARTESIAN_POINT('Ctrl Pts',(1.73199998762709,-3.99999999999995,-5.6277187131619));
#6763=CARTESIAN_POINT('Ctrl Pts',(0.722,-2.99999999999997,-5.62771871756022));
#6764=CARTESIAN_POINT('Ctrl Pts',(0.722,-3.00000000361323,-6.44922874371852));
#6765=CARTESIAN_POINT('Ctrl Pts',(0.722,-3.15270459679616,-7.81471111805808));
#6766=CARTESIAN_POINT('Ctrl Pts',(0.722,-3.09008324891803,-9.73280506904058));
#6767=CARTESIAN_POINT('Ctrl Pts',(0.722,-2.99999999974695,-10.824607976786));
#6768=CARTESIAN_POINT('Ctrl Pts',(0.722,-3.00000000000001,-11.3722813275582));
#6769=CARTESIAN_POINT('Ctrl Pts',(0.722000000000005,-2.99999999999998,-25.6277186767304));
#6770=CARTESIAN_POINT('Ctrl Pts',(0.722000000000005,-4.00000000132574,-25.6277186767304));
#6771=CARTESIAN_POINT('Ctrl Pts',(1.73200000133902,-3.99999999999998,-25.6277186767304));
#6772=CARTESIAN_POINT('Ctrl Pts',(0.722000000000005,-2.99999999999997,-11.372281327083));
#6773=CARTESIAN_POINT('Ctrl Pts',(0.722000000000005,-4.00000000132573,-11.372281327083));
#6774=CARTESIAN_POINT('Ctrl Pts',(1.73200000133902,-3.99999999999997,-11.372281327083));
#6775=CARTESIAN_POINT('',(0.722000000000005,-2.99999999999998,-25.6277186767304));
#6776=CARTESIAN_POINT('',(0.722000000000005,-2.99999999999998,-28.));
#6777=CARTESIAN_POINT('',(1.73200000000002,-3.99999999999999,-25.6277186767304));
#6778=CARTESIAN_POINT('Origin',(1.732,-2.99999999999998,-25.6277186767304));
#6779=CARTESIAN_POINT('',(1.732,-3.99999999999999,-28.));
#6780=CARTESIAN_POINT('Ctrl Pts',(0.722,-3.00000000000001,-25.6277187175602));
#6781=CARTESIAN_POINT('Ctrl Pts',(0.722,-3.00000000180664,-26.0384737306394));
#6782=CARTESIAN_POINT('Ctrl Pts',(0.722,-3.05223622500786,-26.8582050263301));
#6783=CARTESIAN_POINT('Ctrl Pts',(0.722,-3.13816982031072,-28.2257292373221));
#6784=CARTESIAN_POINT('Ctrl Pts',(0.722000000000001,-3.09255474498877,-29.7324452692845));
#6785=CARTESIAN_POINT('Ctrl Pts',(0.722,-2.99999999974691,-30.8246079767863));
#6786=CARTESIAN_POINT('Ctrl Pts',(0.722,-2.99999999999997,-31.3722813275586));
#6787=CARTESIAN_POINT('Ctrl Pts',(0.722,-3.29919929800848,-25.6277187162442));
#6788=CARTESIAN_POINT('Ctrl Pts',(0.722977003425409,-3.2752159885138,-26.025177414402));
#6789=CARTESIAN_POINT('Ctrl Pts',(0.723517902086701,-3.2872141340429,-26.8393042403648));
#6790=CARTESIAN_POINT('Ctrl Pts',(0.72396061118014,-3.34776574897803,-28.2214947427333));
#6791=CARTESIAN_POINT('Ctrl Pts',(0.723709354063091,-3.31181418395059,-29.7498263137439));
#6792=CARTESIAN_POINT('Ctrl Pts',(0.723302671281594,-3.26722155158741,-30.8423363976365));
#6793=CARTESIAN_POINT('Ctrl Pts',(0.722,-3.29919930058701,-31.3722813274203));
#6794=CARTESIAN_POINT('Ctrl Pts',(0.975647546941555,-3.81719151326988,-25.6277187139659));
#6795=CARTESIAN_POINT('Ctrl Pts',(0.933177088102773,-3.75503083762772,-26.0023382572216));
#6796=CARTESIAN_POINT('Ctrl Pts',(0.874595167211569,-3.69909247123347,-26.8064281686617));
#6797=CARTESIAN_POINT('Ctrl Pts',(0.842743479842576,-3.7163917894968,-28.2140657985923));
#6798=CARTESIAN_POINT('Ctrl Pts',(0.854174616927862,-3.69679727307419,-29.7801669595527));
#6799=CARTESIAN_POINT('Ctrl Pts',(0.919020271808949,-3.73431061588822,-30.8727886057722));
#6800=CARTESIAN_POINT('Ctrl Pts',(0.975647551577936,-3.81719152011971,-31.372281327181));
#6801=CARTESIAN_POINT('Ctrl Pts',(1.50535651938569,-3.99999999725098,-25.6277187131619));
#6802=CARTESIAN_POINT('Ctrl Pts',(1.39840956963086,-3.97208351058418,-25.9941898211108));
#6803=CARTESIAN_POINT('Ctrl Pts',(1.23254597676714,-3.94225617569728,-26.7865518584756));
#6804=CARTESIAN_POINT('Ctrl Pts',(1.13481364383973,-3.95972816425333,-28.2080120703085));
#6805=CARTESIAN_POINT('Ctrl Pts',(1.17086405165336,-3.94292301838791,-29.8013689967031));
#6806=CARTESIAN_POINT('Ctrl Pts',(1.36276059576162,-3.96277801679837,-30.8836531861324));
#6807=CARTESIAN_POINT('Ctrl Pts',(1.5053565311052,-4.00000000028881,-31.3722813270965));
#6808=CARTESIAN_POINT('Ctrl Pts',(1.73199998762711,-3.99999999999995,-25.6277187131619));
#6809=CARTESIAN_POINT('Ctrl Pts',(1.60752632011647,-4.00000000010222,-25.9942257831391));
#6810=CARTESIAN_POINT('Ctrl Pts',(1.40285851137703,-4.00224617760122,-26.7815932787132));
#6811=CARTESIAN_POINT('Ctrl Pts',(1.27731930388987,-4.03065155901798,-28.2058923843041));
#6812=CARTESIAN_POINT('Ctrl Pts',(1.32435122087101,-4.01153493854934,-29.8077895152932));
#6813=CARTESIAN_POINT('Ctrl Pts',(1.56603510917033,-3.9999999999857,-30.8836052363974));
#6814=CARTESIAN_POINT('Ctrl Pts',(1.73200000129988,-4.00000000000002,-31.3722813270965));
#6815=CARTESIAN_POINT('',(0.722000000000005,-2.99999999999998,-31.3722813275586));
#6816=CARTESIAN_POINT('',(1.73200000133916,-3.99999999999999,-31.3722813270835));
#6817=CARTESIAN_POINT('Origin',(1.73200000000005,-2.99999999999998,-31.3722813275586));
#6818=CARTESIAN_POINT('Ctrl Pts',(1.73200000129988,-4.00000000000002,-31.3722813270965));
#6819=CARTESIAN_POINT('Ctrl Pts',(1.56603510917033,-3.9999999999857,-30.8836052363974));
#6820=CARTESIAN_POINT('Ctrl Pts',(1.44519316502067,-4.00576746926752,-30.3456973758453));
#6821=CARTESIAN_POINT('Ctrl Pts',(1.37622093531291,-4.01212695308455,-29.785489421753));
#6822=CARTESIAN_POINT('Ctrl Pts',(1.30724870560514,-4.01848643690157,-29.2252814676608));
#6823=CARTESIAN_POINT('Ctrl Pts',(1.29014619033927,-4.02543793525381,-28.6427734200284));
#6824=CARTESIAN_POINT('Ctrl Pts',(1.31151121693668,-4.02192449022379,-28.0675730326223));
#6825=CARTESIAN_POINT('Ctrl Pts',(1.32753498688473,-4.01928940645128,-27.6361727420677));
#6826=CARTESIAN_POINT('Ctrl Pts',(1.36519674913088,-4.01076779202625,-27.2088830103905));
#6827=CARTESIAN_POINT('Ctrl Pts',(1.43519458243881,-4.00594544043899,-26.7983962706583));
#6828=CARTESIAN_POINT('Ctrl Pts',(1.50519241574675,-4.00112308885172,-26.3879095309262));
#6829=CARTESIAN_POINT('Ctrl Pts',(1.60752632011646,-4.00000000010222,-25.9942257831391));
#6830=CARTESIAN_POINT('Ctrl Pts',(1.7319999876271,-3.99999999999995,-25.6277187131619));
#6831=CARTESIAN_POINT('Ctrl Pts',(0.722,-3.00000000000001,-25.6277187175602));
#6832=CARTESIAN_POINT('Ctrl Pts',(0.722,-3.00000000180664,-26.0384737306394));
#6833=CARTESIAN_POINT('Ctrl Pts',(0.722,-3.05223622500786,-26.8582050263301));
#6834=CARTESIAN_POINT('Ctrl Pts',(0.722,-3.13816982031072,-28.2257292373221));
#6835=CARTESIAN_POINT('Ctrl Pts',(0.722000000000001,-3.09255474498877,-29.7324452692845));
#6836=CARTESIAN_POINT('Ctrl Pts',(0.722,-2.99999999974691,-30.8246079767863));
#6837=CARTESIAN_POINT('Ctrl Pts',(0.722,-2.99999999999997,-31.3722813275586));
#6838=CARTESIAN_POINT('Ctrl Pts',(0.722000000000005,-2.99999999999998,-36.5));
#6839=CARTESIAN_POINT('Ctrl Pts',(0.722000000000005,-4.00000000132588,-36.5));
#6840=CARTESIAN_POINT('Ctrl Pts',(1.73200000133916,-3.99999999999998,-36.5));
#6841=CARTESIAN_POINT('Ctrl Pts',(0.722000000000005,-2.99999999999998,-31.3722813270835));
#6842=CARTESIAN_POINT('Ctrl Pts',(0.722000000000005,-4.00000000132588,-31.3722813270835));
#6843=CARTESIAN_POINT('Ctrl Pts',(1.73200000133916,-3.99999999999998,-31.3722813270835));
#6844=CARTESIAN_POINT('',(0.722000000000005,-2.99999999999998,-28.));
#6845=CARTESIAN_POINT('',(1.732,-3.99999999999999,-28.));
#6846=CARTESIAN_POINT('Ctrl Pts',(49.824661546737,-2.59175170953611,-0.908248290463848));
#6847=CARTESIAN_POINT('Ctrl Pts',(49.824661546737,-2.59175170953611,-0.908248290463848));
#6848=CARTESIAN_POINT('Ctrl Pts',(49.824661546737,-2.59175170953611,-0.908248290463831));
#6849=CARTESIAN_POINT('Ctrl Pts',(49.824661546737,-2.59175170953611,-0.908248290463813));
#6850=CARTESIAN_POINT('Ctrl Pts',(49.824661546737,-2.59175170953611,-0.908248290463813));
#6851=CARTESIAN_POINT('Ctrl Pts',(49.824661546737,-2.59175170953611,-0.908248290463813));
#6852=CARTESIAN_POINT('Ctrl Pts',(49.824661546737,-2.59175170953611,-0.908248290463831));
#6853=CARTESIAN_POINT('Ctrl Pts',(49.824661546737,-2.59175170953611,-0.908248290463848));
#6854=CARTESIAN_POINT('Ctrl Pts',(49.824661546737,-2.59175170953611,-0.908248290463848));
#6855=CARTESIAN_POINT('Ctrl Pts',(49.2415377748555,-2.01440144034645,-1.48559855965347));
#6856=CARTESIAN_POINT('Ctrl Pts',(49.2415377748555,-2.721508221533,-2.19270534084005));
#6857=CARTESIAN_POINT('Ctrl Pts',(49.824661546737,-3.29885849072266,-1.61535507165041));
#6858=CARTESIAN_POINT('Ctrl Pts',(50.4077853186186,-3.87620875991232,-1.03800480246077));
#6859=CARTESIAN_POINT('Ctrl Pts',(50.4077853186186,-3.16910197872577,-0.33089802127419));
#6860=CARTESIAN_POINT('Ctrl Pts',(50.4077853186186,-2.46199519753922,0.376208759912391));
#6861=CARTESIAN_POINT('Ctrl Pts',(49.824661546737,-1.88464492834957,-0.201141509277249));
#6862=CARTESIAN_POINT('Ctrl Pts',(49.2415377748555,-1.30729465915991,-0.77849177846689));
#6863=CARTESIAN_POINT('Ctrl Pts',(49.2415377748555,-2.01440144034645,-1.48559855965347));
#6864=CARTESIAN_POINT('Ctrl Pts',(48.4168762281185,-2.42264973081035,-1.07735026918959));
#6865=CARTESIAN_POINT('Ctrl Pts',(48.4168762281185,-3.1297565119969,-1.78445705037614));
#6866=CARTESIAN_POINT('Ctrl Pts',(49.,-3.70710678118652,-1.20710678118652));
#6867=CARTESIAN_POINT('Ctrl Pts',(49.5831237718815,-4.28445705037614,-0.629756511996894));
#6868=CARTESIAN_POINT('Ctrl Pts',(49.5831237718815,-3.57735026918959,0.0773502691896518));
#6869=CARTESIAN_POINT('Ctrl Pts',(49.5831237718815,-2.87024348800305,0.784457050376198));
#6870=CARTESIAN_POINT('Ctrl Pts',(49.,-2.29289321881343,0.207106781186575));
#6871=CARTESIAN_POINT('Ctrl Pts',(48.4168762281185,-1.7155429496238,-0.370243488003048));
#6872=CARTESIAN_POINT('Ctrl Pts',(48.4168762281185,-2.42264973081035,-1.07735026918959));
#6873=CARTESIAN_POINT('Ctrl Pts',(47.5922146813815,-2.83089802127421,-0.669101978725734));
#6874=CARTESIAN_POINT('Ctrl Pts',(47.5922146813815,-3.53800480246076,-1.37620875991228));
#6875=CARTESIAN_POINT('Ctrl Pts',(48.175338453263,-4.11535507165038,-0.798858490722657));
#6876=CARTESIAN_POINT('Ctrl Pts',(48.7584622251445,-4.69270534084,-0.221508221533034));
#6877=CARTESIAN_POINT('Ctrl Pts',(48.7584622251445,-3.98559855965345,0.485598559653512));
#6878=CARTESIAN_POINT('Ctrl Pts',(48.7584622251445,-3.27849177846691,1.19270534084006));
#6879=CARTESIAN_POINT('Ctrl Pts',(48.175338453263,-2.70114150927729,0.615355071650435));
#6880=CARTESIAN_POINT('Ctrl Pts',(47.5922146813815,-2.12379124008766,0.038004802460812));
#6881=CARTESIAN_POINT('Ctrl Pts',(47.5922146813815,-2.83089802127421,-0.669101978725734));
#6882=CARTESIAN_POINT('Ctrl Pts',(48.175338453263,-3.40824829046383,-0.0917517095360935));
#6883=CARTESIAN_POINT('Ctrl Pts',(48.175338453263,-3.40824829046383,-0.0917517095360935));
#6884=CARTESIAN_POINT('Ctrl Pts',(48.175338453263,-3.40824829046383,-0.0917517095361112));
#6885=CARTESIAN_POINT('Ctrl Pts',(48.175338453263,-3.40824829046383,-0.091751709536129));
#6886=CARTESIAN_POINT('Ctrl Pts',(48.175338453263,-3.40824829046383,-0.091751709536129));
#6887=CARTESIAN_POINT('Ctrl Pts',(48.175338453263,-3.40824829046383,-0.091751709536129));
#6888=CARTESIAN_POINT('Ctrl Pts',(48.175338453263,-3.40824829046383,-0.0917517095361112));
#6889=CARTESIAN_POINT('Ctrl Pts',(48.175338453263,-3.40824829046383,-0.0917517095360935));
#6890=CARTESIAN_POINT('Ctrl Pts',(48.175338453263,-3.40824829046383,-0.0917517095360935));
#6891=CARTESIAN_POINT('',(49.,-2.99999999999997,0.500000000000026));
#6892=CARTESIAN_POINT('',(50.01,-2.99999999999997,-0.499999999999971));
#6893=CARTESIAN_POINT('Origin',(49.,-2.99999999999997,-0.499999999999971));
#6894=CARTESIAN_POINT('',(49.,-3.99999999999999,-0.499999999999971));
#6895=CARTESIAN_POINT('Origin',(49.,-2.99999999999997,-0.499999999999971));
#6896=CARTESIAN_POINT('Origin',(49.,-2.99999999999997,-0.499999999999971));
#6897=CARTESIAN_POINT('Origin',(13.044,-2.99999999999997,-0.499999999999971));
#6898=CARTESIAN_POINT('',(44.0230041368923,-2.99999999999997,0.500000000000026));
#6899=CARTESIAN_POINT('',(44.0230041368923,-3.99999999999999,-0.500000000069142));
#6900=CARTESIAN_POINT('Origin',(44.0230041368923,-2.99999999999997,-0.499999999999971));
#6901=CARTESIAN_POINT('',(13.044,-3.99999999999999,-0.499999999999971));
#6902=CARTESIAN_POINT('',(13.044,-2.99999999999997,0.500000000000026));
#6903=CARTESIAN_POINT('Ctrl Pts',(44.0230041366433,-3.00000000000001,0.500000000000025));
#6904=CARTESIAN_POINT('Ctrl Pts',(43.8847166145428,-2.99999999999796,0.500000000000025));
#6905=CARTESIAN_POINT('Ctrl Pts',(43.4696980440024,-3.00914924774286,0.500000000000025));
#6906=CARTESIAN_POINT('Ctrl Pts',(42.642056850523,-3.06092102211773,0.500000000000025));
#6907=CARTESIAN_POINT('Ctrl Pts',(41.3990432596136,-3.13833579653476,0.500000000000025));
#6908=CARTESIAN_POINT('Ctrl Pts',(40.1537870924859,-3.10116246615104,0.500000000000025));
#6909=CARTESIAN_POINT('Ctrl Pts',(39.1883743358622,-3.03285582279025,0.500000000000025));
#6910=CARTESIAN_POINT('Ctrl Pts',(38.635804563084,-3.00621354070895,0.500000000000025));
#6911=CARTESIAN_POINT('Ctrl Pts',(38.359283385721,-3.00000000000176,0.500000000000025));
#6912=CARTESIAN_POINT('Ctrl Pts',(38.2209958636205,-2.99999999999997,0.500000000000025));
#6913=CARTESIAN_POINT('Ctrl Pts',(44.0230041366388,-3.29919930034984,0.500000000000025));
#6914=CARTESIAN_POINT('Ctrl Pts',(43.8891930408459,-3.29120486310951,0.499677556612175));
#6915=CARTESIAN_POINT('Ctrl Pts',(43.4838884484409,-3.27768381212533,0.499019685420281));
#6916=CARTESIAN_POINT('Ctrl Pts',(42.6596894309984,-3.29329527846039,0.498308484422764));
#6917=CARTESIAN_POINT('Ctrl Pts',(41.4034765377132,-3.34760678063168,0.498103963145136));
#6918=CARTESIAN_POINT('Ctrl Pts',(40.1401527346997,-3.31877753505399,0.498116420319305));
#6919=CARTESIAN_POINT('Ctrl Pts',(39.1715684237778,-3.28267823611476,0.498572366085449));
#6920=CARTESIAN_POINT('Ctrl Pts',(38.6248755670122,-3.28235240910604,0.499274309737449));
#6921=CARTESIAN_POINT('Ctrl Pts',(38.3548069594117,-3.29120486309894,0.499677556612244));
#6922=CARTESIAN_POINT('Ctrl Pts',(38.2209958636165,-3.29919930033494,0.500000000000025));
#6923=CARTESIAN_POINT('Ctrl Pts',(44.023004136631,-3.81714144378823,0.248822076085224));
#6924=CARTESIAN_POINT('Ctrl Pts',(43.8968822234676,-3.79642121765356,0.262838729567857));
#6925=CARTESIAN_POINT('Ctrl Pts',(43.5084017299171,-3.74600024256097,0.300341526605859));
#6926=CARTESIAN_POINT('Ctrl Pts',(42.6903632090192,-3.70089031630915,0.352037183621515));
#6927=CARTESIAN_POINT('Ctrl Pts',(41.411217569517,-3.71546516918642,0.380532911940146));
#6928=CARTESIAN_POINT('Ctrl Pts',(40.1163822008823,-3.70116419777282,0.370997331301956));
#6929=CARTESIAN_POINT('Ctrl Pts',(39.1424238235182,-3.71976847171909,0.327623129932338));
#6930=CARTESIAN_POINT('Ctrl Pts',(38.6060183058415,-3.76300603430855,0.287792186222176));
#6931=CARTESIAN_POINT('Ctrl Pts',(38.3471177767791,-3.79642121761892,0.262838729592414));
#6932=CARTESIAN_POINT('Ctrl Pts',(38.2209958636097,-3.81714144374871,0.248822076111667));
#6933=CARTESIAN_POINT('Ctrl Pts',(44.0230041366282,-4.00000000000943,-0.275600524779288));
#6934=CARTESIAN_POINT('Ctrl Pts',(43.8996255300468,-3.99069450409663,-0.240304500969559));
#6935=CARTESIAN_POINT('Ctrl Pts',(43.5192930760927,-3.96741816106716,-0.142524590390887));
#6936=CARTESIAN_POINT('Ctrl Pts',(42.7090449566406,-3.94403033586088,0.00417576555077639));
#6937=CARTESIAN_POINT('Ctrl Pts',(41.4168863077871,-3.9586733690034,0.0923072570187939));
#6938=CARTESIAN_POINT('Ctrl Pts',(40.1002746266461,-3.94673810823981,0.0614033812976366));
#6939=CARTESIAN_POINT('Ctrl Pts',(39.1269716873968,-3.95394101734705,-0.0660422633392778));
#6940=CARTESIAN_POINT('Ctrl Pts',(38.5979747963267,-3.97533361979479,-0.175267336421558));
#6941=CARTESIAN_POINT('Ctrl Pts',(38.3443744701952,-3.99069450408084,-0.240304500906074));
#6942=CARTESIAN_POINT('Ctrl Pts',(38.2209958636073,-3.99999999999181,-0.275600524712452));
#6943=CARTESIAN_POINT('Ctrl Pts',(44.0230041366282,-4.00000000000009,-0.500000000041663));
#6944=CARTESIAN_POINT('Ctrl Pts',(43.8996134227471,-3.99999999999998,-0.458919580939724));
#6945=CARTESIAN_POINT('Ctrl Pts',(43.5205077367444,-4.00078022615513,-0.34306310302842));
#6946=CARTESIAN_POINT('Ctrl Pts',(42.7137569937777,-4.00516745922286,-0.161711027302307));
#6947=CARTESIAN_POINT('Ctrl Pts',(41.4187121299088,-4.02987464164888,-0.0482326559825704));
#6948=CARTESIAN_POINT('Ctrl Pts',(40.09554335976,-4.0156736089761,-0.0888424469741901));
#6949=CARTESIAN_POINT('Ctrl Pts',(39.1239644162361,-4.0024807792384,-0.249071277719802));
#6950=CARTESIAN_POINT('Ctrl Pts',(38.5972291349695,-4.00059593668993,-0.381864827144853));
#6951=CARTESIAN_POINT('Ctrl Pts',(38.3443865774944,-4.00000000000005,-0.45891958086478));
#6952=CARTESIAN_POINT('Ctrl Pts',(38.2209958636073,-3.99999999999995,-0.499999999963681));
#6953=CARTESIAN_POINT('',(38.2209958636205,-2.99999999999997,0.500000000000026));
#6954=CARTESIAN_POINT('',(38.2209958636069,-3.99999999999999,-0.499999999962596));
#6955=CARTESIAN_POINT('Origin',(38.2209958636205,-2.99999999999997,-0.499999999999971));
#6956=CARTESIAN_POINT('',(41.122,-4.02285335836613,-0.0748934550654203));
#6957=CARTESIAN_POINT('Ctrl Pts',(38.2209958636073,-3.99999999999995,-0.499999999963675));
#6958=CARTESIAN_POINT('Ctrl Pts',(38.3443865774944,-4.00000000000005,-0.458919580864777));
#6959=CARTESIAN_POINT('Ctrl Pts',(38.470807856232,-4.00029796834499,-0.420392204004815));
#6960=CARTESIAN_POINT('Ctrl Pts',(38.5998604057591,-4.00068255783602,-0.384529321896703));
#6961=CARTESIAN_POINT('Ctrl Pts',(38.7289129552862,-4.00106714732705,-0.34866643978859));
#6962=CARTESIAN_POINT('Ctrl Pts',(38.8605967756028,-4.00153835796417,-0.315468052432326));
#6963=CARTESIAN_POINT('Ctrl Pts',(38.9946516531246,-4.00248072837642,-0.285705849873598));
#6964=CARTESIAN_POINT('Ctrl Pts',(39.2627614081681,-4.00436546920093,-0.226181444756141));
#6965=CARTESIAN_POINT('Ctrl Pts',(39.5403553920321,-4.00813484912598,-0.180401778828823));
#6966=CARTESIAN_POINT('Ctrl Pts',(39.8234305494339,-4.01169969742215,-0.146873868877898));
#6967=CARTESIAN_POINT('Ctrl Pts',(40.2480260554126,-4.01704675288241,-0.0965840447171261));
#6968=CARTESIAN_POINT('Ctrl Pts',(40.684953200993,-4.02193364952501,-0.0738584343412687));
#6969=CARTESIAN_POINT('Ctrl Pts',(41.1219507229073,-4.0225372625888,-0.0745321525569231));
#6970=CARTESIAN_POINT('Ctrl Pts',(41.1219507229073,-4.0225372625888,-0.0745321525569275));
#6971=CARTESIAN_POINT('Ctrl Pts',(41.2676402080774,-4.02273849960297,-0.0747567617482072));
#6972=CARTESIAN_POINT('Ctrl Pts',(41.4133375153789,-4.0224636617038,-0.0775821404487098));
#6973=CARTESIAN_POINT('Ctrl Pts',(41.5585883027749,-4.02157108271441,-0.082853958522893));
#6974=CARTESIAN_POINT('Ctrl Pts',(41.9942876249617,-4.01889367168176,-0.0986674876802299));
#6975=CARTESIAN_POINT('Ctrl Pts',(42.4259692462513,-4.01065794420642,-0.136493611453475));
#6976=CARTESIAN_POINT('Ctrl Pts',(42.8406671176572,-4.00604748329597,-0.206029683680606));
#6977=CARTESIAN_POINT('Ctrl Pts',(43.1171323652611,-4.002973842689,-0.25238706516536));
#6978=CARTESIAN_POINT('Ctrl Pts',(43.3860492795833,-4.00151143166642,-0.312837757074064));
#6979=CARTESIAN_POINT('Ctrl Pts',(43.6441796670252,-4.00067719414549,-0.384479755670877));
#6980=CARTESIAN_POINT('Ctrl Pts',(43.7732448607462,-4.00026007538503,-0.420300754969283));
#6981=CARTESIAN_POINT('Ctrl Pts',(43.8996134227471,-3.99999999999998,-0.458919580939717));
#6982=CARTESIAN_POINT('Ctrl Pts',(44.0230041366282,-4.00000000000009,-0.500000000041655));
#6983=CARTESIAN_POINT('Ctrl Pts',(44.0230041366433,-3.00000000000001,0.500000000000025));
#6984=CARTESIAN_POINT('Ctrl Pts',(43.8847166145428,-2.99999999999796,0.500000000000025));
#6985=CARTESIAN_POINT('Ctrl Pts',(43.4696980440024,-3.00914924774286,0.500000000000025));
#6986=CARTESIAN_POINT('Ctrl Pts',(42.642056850523,-3.06092102211773,0.500000000000025));
#6987=CARTESIAN_POINT('Ctrl Pts',(41.3990432596136,-3.13833579653476,0.500000000000025));
#6988=CARTESIAN_POINT('Ctrl Pts',(40.1537870924859,-3.10116246615104,0.500000000000025));
#6989=CARTESIAN_POINT('Ctrl Pts',(39.1883743358622,-3.03285582279025,0.500000000000025));
#6990=CARTESIAN_POINT('Ctrl Pts',(38.635804563084,-3.00621354070895,0.500000000000025));
#6991=CARTESIAN_POINT('Ctrl Pts',(38.359283385721,-3.00000000000176,0.500000000000025));
#6992=CARTESIAN_POINT('Ctrl Pts',(38.2209958636205,-2.99999999999997,0.500000000000025));
#6993=CARTESIAN_POINT('Origin',(13.044,-2.99999999999997,-0.499999999999971));
#6994=CARTESIAN_POINT('',(12.7130041368935,-2.99999999999997,0.500000000000026));
#6995=CARTESIAN_POINT('',(13.044,-2.99999999999997,0.500000000000026));
#6996=CARTESIAN_POINT('',(12.7130041368935,-3.99999999999999,-0.500000000069142));
#6997=CARTESIAN_POINT('Origin',(12.7130041368935,-2.99999999999997,-0.499999999999971));
#6998=CARTESIAN_POINT('',(13.044,-3.99999999999999,-0.499999999999971));
#6999=CARTESIAN_POINT('Ctrl Pts',(12.7130041366453,-3.00000000000004,0.500000000000025));
#7000=CARTESIAN_POINT('Ctrl Pts',(11.8832790040417,-2.99999999998769,0.500000000000025));
#7001=CARTESIAN_POINT('Ctrl Pts',(10.5041417290949,-3.15270403218749,0.500000000000025));
#7002=CARTESIAN_POINT('Ctrl Pts',(8.56686683260344,-3.09008296588734,0.500000000000025));
#7003=CARTESIAN_POINT('Ctrl Pts',(7.46414595202323,-3.00000000000713,0.500000000000025));
#7004=CARTESIAN_POINT('Ctrl Pts',(6.91099586362083,-2.99999999999997,0.500000000000025));
#7005=CARTESIAN_POINT('Ctrl Pts',(12.7130041366407,-3.29919930034968,0.500000000000025));
#7006=CARTESIAN_POINT('Ctrl Pts',(11.9101375618827,-3.25123267690759,0.498065339672929));
#7007=CARTESIAN_POINT('Ctrl Pts',(10.5134119903481,-3.35877585656505,0.49832183617872));
#7008=CARTESIAN_POINT('Ctrl Pts',(8.55028771269422,-3.31059356547557,0.498202115591624));
#7009=CARTESIAN_POINT('Ctrl Pts',(7.44624024679523,-3.26722155139094,0.498710226448899));
#7010=CARTESIAN_POINT('Ctrl Pts',(6.91099586361688,-3.29919930033492,0.500000000000025));
#7011=CARTESIAN_POINT('Ctrl Pts',(12.7130041366329,-3.81737525474257,0.249016941449098));
#7012=CARTESIAN_POINT('Ctrl Pts',(11.9562726576511,-3.69305389793441,0.333116862344879));
#7013=CARTESIAN_POINT('Ctrl Pts',(10.5297887218247,-3.72082661695354,0.383883469114785));
#7014=CARTESIAN_POINT('Ctrl Pts',(8.52122191659071,-3.69833405557071,0.368865632532399));
#7015=CARTESIAN_POINT('Ctrl Pts',(7.41548351628157,-3.73449435018425,0.305083555398228));
#7016=CARTESIAN_POINT('Ctrl Pts',(6.91099586361004,-3.81737525470345,0.249016941475234));
#7017=CARTESIAN_POINT('Ctrl Pts',(12.7130041366301,-4.00000000000916,-0.275600524778472));
#7018=CARTESIAN_POINT('Ctrl Pts',(11.9727324971398,-3.94416702453211,-0.0638243819200354));
#7019=CARTESIAN_POINT('Ctrl Pts',(10.5450726205819,-3.9616932442232,0.103923790178085));
#7020=CARTESIAN_POINT('Ctrl Pts',(8.49837307457704,-3.94636614456987,0.051860456021243));
#7021=CARTESIAN_POINT('Ctrl Pts',(7.40451028995171,-3.96277801634791,-0.134416429486829));
#7022=CARTESIAN_POINT('Ctrl Pts',(6.91099586360763,-3.99999999999178,-0.275600524712361));
#7023=CARTESIAN_POINT('Ctrl Pts',(12.7130041366301,-4.00000000000002,-0.500000000040703));
#7024=CARTESIAN_POINT('Ctrl Pts',(11.9726598533416,-3.99999999999904,-0.253517485428938));
#7025=CARTESIAN_POINT('Ctrl Pts',(10.5508995391519,-4.03313396035687,-0.0323521954378762));
#7026=CARTESIAN_POINT('Ctrl Pts',(8.49064777454655,-4.0150463102486,-0.102329423290678));
#7027=CARTESIAN_POINT('Ctrl Pts',(7.40455871914842,-4.00000000000036,-0.335678323567944));
#7028=CARTESIAN_POINT('Ctrl Pts',(6.91099586360763,-3.99999999999995,-0.499999999963574));
#7029=CARTESIAN_POINT('',(6.91099586362084,-2.99999999999997,0.500000000000026));
#7030=CARTESIAN_POINT('',(6.91099586360727,-3.99999999999999,-0.49999999996249));
#7031=CARTESIAN_POINT('Origin',(6.91099586362084,-2.99999999999997,-0.499999999999971));
#7032=CARTESIAN_POINT('',(9.81199999999997,-4.02285335836609,-0.074893455065367));
#7033=CARTESIAN_POINT('Ctrl Pts',(6.91099586360764,-3.99999999999995,-0.499999999963573));
#7034=CARTESIAN_POINT('Ctrl Pts',(7.40455871914842,-4.00000000000036,-0.335678323567944));
#7035=CARTESIAN_POINT('Ctrl Pts',(7.94760324684748,-4.00752315512448,-0.219003873429311));
#7036=CARTESIAN_POINT('Ctrl Pts',(8.51344719135492,-4.01386868270201,-0.15066990152388));
#7037=CARTESIAN_POINT('Ctrl Pts',(8.93781292893509,-4.01862763526642,-0.0994215022595333));
#7038=CARTESIAN_POINT('Ctrl Pts',(9.3750022976806,-4.02272422609437,-0.0753624152670343));
#7039=CARTESIAN_POINT('Ctrl Pts',(9.81203362806731,-4.02354695928982,-0.0764018149713446));
#7040=CARTESIAN_POINT('Ctrl Pts',(9.81203362806731,-4.02354695928982,-0.0764018149713446));
#7041=CARTESIAN_POINT('Ctrl Pts',(9.957734384558,-4.02382124820376,-0.0767483377780237));
#7042=CARTESIAN_POINT('Ctrl Pts',(10.1034175755299,-4.02373165705699,-0.0798844867346112));
#7043=CARTESIAN_POINT('Ctrl Pts',(10.248602164238,-4.02318141667177,-0.0857327861414392));
#7044=CARTESIAN_POINT('Ctrl Pts',(11.1196036648278,-4.01988037621372,-0.120818311434261));
#7045=CARTESIAN_POINT('Ctrl Pts',(11.9726598533416,-3.999999999999,-0.253517485428861));
#7046=CARTESIAN_POINT('Ctrl Pts',(12.7130041366301,-4.00000000000002,-0.500000000040565));
#7047=CARTESIAN_POINT('Ctrl Pts',(12.7130041366453,-3.00000000000004,0.500000000000025));
#7048=CARTESIAN_POINT('Ctrl Pts',(11.8832790040417,-2.99999999998769,0.500000000000025));
#7049=CARTESIAN_POINT('Ctrl Pts',(10.5041417290949,-3.15270403218749,0.500000000000025));
#7050=CARTESIAN_POINT('Ctrl Pts',(8.56686683260344,-3.09008296588734,0.500000000000025));
#7051=CARTESIAN_POINT('Ctrl Pts',(7.46414595202323,-3.00000000000713,0.500000000000025));
#7052=CARTESIAN_POINT('Ctrl Pts',(6.91099586362083,-2.99999999999997,0.500000000000025));
#7053=CARTESIAN_POINT('Origin',(13.044,-2.99999999999997,-0.499999999999971));
#7054=CARTESIAN_POINT('',(13.044,-2.99999999999997,0.500000000000026));
#7055=CARTESIAN_POINT('',(13.044,-3.99999999999999,-0.499999999999971));
#7056=CARTESIAN_POINT('Ctrl Pts',(48.9999999995378,-3.99999999999998,-36.5));
#7057=CARTESIAN_POINT('Ctrl Pts',(50.01,-4.0000000004576,-36.5));
#7058=CARTESIAN_POINT('Ctrl Pts',(50.01,-2.99999999999998,-36.5));
#7059=CARTESIAN_POINT('Ctrl Pts',(48.9999999995378,-3.99999999999998,-31.3694945573481));
#7060=CARTESIAN_POINT('Ctrl Pts',(50.01,-4.0000000004576,-31.3694945573481));
#7061=CARTESIAN_POINT('Ctrl Pts',(50.01,-2.99999999999998,-31.3694945573481));
#7062=CARTESIAN_POINT('',(50.01,-2.99999999999998,-31.3694945573481));
#7063=CARTESIAN_POINT('',(48.9999999995378,-3.99999999999999,-31.3694945573481));
#7064=CARTESIAN_POINT('Origin',(49.,-2.99999999999998,-31.3694945573481));
#7065=CARTESIAN_POINT('',(49.,-3.99999999999999,-8.99999999999998));
#7066=CARTESIAN_POINT('',(50.01,-2.99999999999997,-8.99999999999998));
#7067=CARTESIAN_POINT('Ctrl Pts',(50.01,-2.99999999999997,-31.3694945557149));
#7068=CARTESIAN_POINT('Ctrl Pts',(50.01,-2.99999999998645,-31.2327098596456));
#7069=CARTESIAN_POINT('Ctrl Pts',(50.01,-3.00602139459049,-30.9591523379746));
#7070=CARTESIAN_POINT('Ctrl Pts',(50.01,-3.02631160898348,-30.5492495439252));
#7071=CARTESIAN_POINT('Ctrl Pts',(50.01,-3.06922329914305,-29.8669908157862));
#7072=CARTESIAN_POINT('Ctrl Pts',(50.01,-3.13748964050953,-28.7740382375176));
#7073=CARTESIAN_POINT('Ctrl Pts',(50.01,-3.10513567359918,-27.6791318686278));
#7074=CARTESIAN_POINT('Ctrl Pts',(50.01,-3.05175221931515,-26.860289088899));
#7075=CARTESIAN_POINT('Ctrl Pts',(50.01,-3.02643727084419,-26.4506809296801));
#7076=CARTESIAN_POINT('Ctrl Pts',(50.01,-3.00932751015753,-26.1091575203674));
#7077=CARTESIAN_POINT('Ctrl Pts',(50.01,-3.00249884288838,-25.8698660350747));
#7078=CARTESIAN_POINT('Ctrl Pts',(50.01,-3.00037282575156,-25.7330953897878));
#7079=CARTESIAN_POINT('Ctrl Pts',(50.01,-3.00000000006027,-25.6647016356125));
#7080=CARTESIAN_POINT('Ctrl Pts',(50.01,-3.00000000000001,-25.6305054615951));
#7081=CARTESIAN_POINT('Ctrl Pts',(50.01,-3.29919930039432,-31.3694945556853));
#7082=CARTESIAN_POINT('Ctrl Pts',(50.0096749250889,-3.29121941781315,-31.237129051062));
#7083=CARTESIAN_POINT('Ctrl Pts',(50.0092332740201,-3.28209006576592,-30.9699304353864));
#7084=CARTESIAN_POINT('Ctrl Pts',(50.0086864711555,-3.28285709254119,-30.5644019327515));
#7085=CARTESIAN_POINT('Ctrl Pts',(50.0081478850444,-3.2990922217826,-29.8829522029628));
#7086=CARTESIAN_POINT('Ctrl Pts',(50.007938871359,-3.34676955104324,-28.7784052743387));
#7087=CARTESIAN_POINT('Ctrl Pts',(50.0079369063612,-3.32198359612752,-27.6676578919207));
#7088=CARTESIAN_POINT('Ctrl Pts',(50.008333476013,-3.29232437241099,-26.8445570255699));
#7089=CARTESIAN_POINT('Ctrl Pts',(50.0086875686285,-3.28297871001177,-26.4355682252928));
#7090=CARTESIAN_POINT('Ctrl Pts',(50.0090836706666,-3.28213152915275,-26.0976260306781));
#7091=CARTESIAN_POINT('Ctrl Pts',(50.0094941387402,-3.28810553352775,-25.8631667892941));
#7092=CARTESIAN_POINT('Ctrl Pts',(50.0097701307079,-3.29363907366289,-25.7299356923229));
#7093=CARTESIAN_POINT('Ctrl Pts',(50.0099187312734,-3.29720432883259,-25.6635968372499));
#7094=CARTESIAN_POINT('Ctrl Pts',(50.01,-3.29919929940597,-25.6305054610679));
#7095=CARTESIAN_POINT('Ctrl Pts',(49.7562430023599,-3.81706149955301,-31.3694945556341));
#7096=CARTESIAN_POINT('Ctrl Pts',(49.7703740484771,-3.79637899664667,-31.2447199209965));
#7097=CARTESIAN_POINT('Ctrl Pts',(49.7956570083922,-3.76258683212701,-30.9885287975832));
#7098=CARTESIAN_POINT('Ctrl Pts',(49.8255607558008,-3.7310812540734,-30.5906509478924));
#7099=CARTESIAN_POINT('Ctrl Pts',(49.8635760060866,-3.70247926861203,-29.9107158712462));
#7100=CARTESIAN_POINT('Ctrl Pts',(49.889252679041,-3.71477633317933,-28.7860305779246));
#7101=CARTESIAN_POINT('Ctrl Pts',(49.8804571977,-3.70318908713867,-27.6476593366157));
#7102=CARTESIAN_POINT('Ctrl Pts',(49.8483987239428,-3.71375621721894,-26.8172376881474));
#7103=CARTESIAN_POINT('Ctrl Pts',(49.8255387778486,-3.73119055531907,-26.4093868050026));
#7104=CARTESIAN_POINT('Ctrl Pts',(49.8006550858491,-3.75731638783813,-26.0777126867275));
#7105=CARTESIAN_POINT('Ctrl Pts',(49.7796805630529,-3.78414355986097,-25.8516270905045));
#7106=CARTESIAN_POINT('Ctrl Pts',(49.7666539128757,-3.80202157868193,-25.7245024493675));
#7107=CARTESIAN_POINT('Ctrl Pts',(49.7597757656359,-3.81189087128357,-25.6616991188849));
#7108=CARTESIAN_POINT('Ctrl Pts',(49.7562430041381,-3.81706149692938,-25.6305054601553));
#7109=CARTESIAN_POINT('Ctrl Pts',(49.2266434697705,-4.00000000006176,-31.369494555616));
#7110=CARTESIAN_POINT('Ctrl Pts',(49.2622275512895,-3.99071144572898,-31.247428152084));
#7111=CARTESIAN_POINT('Ctrl Pts',(49.3281750271951,-3.97493576317447,-30.9965221532059));
#7112=CARTESIAN_POINT('Ctrl Pts',(49.4100520635229,-3.95975377166501,-30.6040236667953));
#7113=CARTESIAN_POINT('Ctrl Pts',(49.5186702509774,-3.94559547007947,-29.9276718822068));
#7114=CARTESIAN_POINT('Ctrl Pts',(49.5980375673114,-3.95811104115616,-28.791612952529));
#7115=CARTESIAN_POINT('Ctrl Pts',(49.5695976229437,-3.94842241190309,-27.6342041820468));
#7116=CARTESIAN_POINT('Ctrl Pts',(49.4751516937788,-3.95129351382458,-26.8017302147557));
#7117=CARTESIAN_POINT('Ctrl Pts',(49.4100329766893,-3.95979360434932,-26.3960047696185));
#7118=CARTESIAN_POINT('Ctrl Pts',(49.3417959316548,-3.97241216260051,-26.0688291196669));
#7119=CARTESIAN_POINT('Ctrl Pts',(49.2865661629212,-3.98501038483863,-25.8469854749921));
#7120=CARTESIAN_POINT('Ctrl Pts',(49.25300122932,-3.99321147519378,-25.7224765627467));
#7121=CARTESIAN_POINT('Ctrl Pts',(49.2355394945865,-3.99767786034456,-25.661022060787));
#7122=CARTESIAN_POINT('Ctrl Pts',(49.2266434742628,-3.9999999988974,-25.6305054598329));
#7123=CARTESIAN_POINT('Ctrl Pts',(48.9999999997218,-3.99999999999995,-31.369494555616));
#7124=CARTESIAN_POINT('Ctrl Pts',(49.0414156841044,-3.99999999999917,-31.2474161995847));
#7125=CARTESIAN_POINT('Ctrl Pts',(49.1195836487286,-4.00022284410418,-30.9972946044803));
#7126=CARTESIAN_POINT('Ctrl Pts',(49.2190613474107,-4.00235222960202,-30.6063968310644));
#7127=CARTESIAN_POINT('Ctrl Pts',(49.3538198410648,-4.00778815814654,-29.9319758356414));
#7128=CARTESIAN_POINT('Ctrl Pts',(49.4559769749934,-4.02940611049821,-28.793407999371));
#7129=CARTESIAN_POINT('Ctrl Pts',(49.4186570381075,-4.01748715021726,-27.6302872031394));
#7130=CARTESIAN_POINT('Ctrl Pts',(49.2997385634428,-4.00574335928058,-26.7982521640598));
#7131=CARTESIAN_POINT('Ctrl Pts',(49.21906313501,-4.00235815738621,-26.3936087278453));
#7132=CARTESIAN_POINT('Ctrl Pts',(49.1360962195815,-4.00061778835251,-26.0678052261962));
#7133=CARTESIAN_POINT('Ctrl Pts',(49.0703041182695,-4.00016417109463,-25.8466949705482));
#7134=CARTESIAN_POINT('Ctrl Pts',(49.0307645238859,-4.00001868146942,-25.7224340863551));
#7135=CARTESIAN_POINT('Ctrl Pts',(49.0103539260077,-4.00000000000343,-25.6610250489031));
#7136=CARTESIAN_POINT('Ctrl Pts',(49.0000000049628,-4.00000000000002,-25.6305054598329));
#7137=CARTESIAN_POINT('',(50.01,-3.00000000000001,-25.6305054615951));
#7138=CARTESIAN_POINT('',(49.0000000051127,-3.99999999999999,-25.630505459783));
#7139=CARTESIAN_POINT('Origin',(49.,-3.00000000000001,-25.6305054615951));
#7140=CARTESIAN_POINT('Ctrl Pts',(49.0000000049628,-4.00000000000002,-25.6305054598329));
#7141=CARTESIAN_POINT('Ctrl Pts',(49.0103539260077,-4.00000000000343,-25.6610250489031));
#7142=CARTESIAN_POINT('Ctrl Pts',(49.0205592249468,-4.00000934073643,-25.6917295676291));
#7143=CARTESIAN_POINT('Ctrl Pts',(49.0306043237143,-4.00003219730608,-25.7226144375163));
#7144=CARTESIAN_POINT('Ctrl Pts',(49.0406494224818,-4.00005505387573,-25.7534993074034));
#7145=CARTESIAN_POINT('Ctrl Pts',(49.0505343210777,-4.00009142628203,-25.7845645284517));
#7146=CARTESIAN_POINT('Ctrl Pts',(49.0602572106803,-4.0001372753747,-25.8158037356099));
#7147=CARTESIAN_POINT('Ctrl Pts',(49.0797029898855,-4.00022897356004,-25.8782821499264));
#7148=CARTESIAN_POINT('Ctrl Pts',(49.0985007331175,-4.00035857849087,-25.941456508683));
#7149=CARTESIAN_POINT('Ctrl Pts',(49.116563689634,-4.00056100638033,-26.0052929812973));
#7150=CARTESIAN_POINT('Ctrl Pts',(49.1526896026672,-4.00096586215925,-26.132965926526));
#7151=CARTESIAN_POINT('Ctrl Pts',(49.1858763688386,-4.00166200977273,-26.2632873271856));
#7152=CARTESIAN_POINT('Ctrl Pts',(49.2159156566631,-4.00257428389519,-26.3958886002179));
#7153=CARTESIAN_POINT('Ctrl Pts',(49.2459549444876,-4.00348655801766,-26.5284898732501));
#7154=CARTESIAN_POINT('Ctrl Pts',(49.2728467539652,-4.00461495864912,-26.663371018655));
#7155=CARTESIAN_POINT('Ctrl Pts',(49.2962025315927,-4.00615780820957,-26.800147844614));
#7156=CARTESIAN_POINT('Ctrl Pts',(49.3195583092203,-4.00770065777002,-26.9369246705731));
#7157=CARTESIAN_POINT('Ctrl Pts',(49.3393780549977,-4.00965795625947,-27.0755971770863));
#7158=CARTESIAN_POINT('Ctrl Pts',(49.3561668500418,-4.01152176905805,-27.2156132022027));
#7159=CARTESIAN_POINT('Ctrl Pts',(49.4233220302183,-4.01897702025237,-27.7756773026683));
#7160=CARTESIAN_POINT('Ctrl Pts',(49.4419819986612,-4.02493650039284,-28.3572377007842));
#7161=CARTESIAN_POINT('Ctrl Pts',(49.4207913754429,-4.02131400549542,-28.9317829674825));
#7162=CARTESIAN_POINT('Ctrl Pts',(49.4048984080291,-4.01859713432236,-29.3626919175062));
#7163=CARTESIAN_POINT('Ctrl Pts',(49.3665894828059,-4.01049040219049,-29.7896548561076));
#7164=CARTESIAN_POINT('Ctrl Pts',(49.2963709293557,-4.00601755131249,-30.1998850386983));
#7165=CARTESIAN_POINT('Ctrl Pts',(49.2729647448723,-4.00452660101982,-30.3366284328952));
#7166=CARTESIAN_POINT('Ctrl Pts',(49.2460130461415,-4.00343941531091,-30.4715126319798));
#7167=CARTESIAN_POINT('Ctrl Pts',(49.2159575803291,-4.00254092487349,-30.6041043604248));
#7168=CARTESIAN_POINT('Ctrl Pts',(49.1859021145167,-4.00164243443607,-30.7366960888697));
#7169=CARTESIAN_POINT('Ctrl Pts',(49.1527428816227,-4.00093263927012,-30.866995346675));
#7170=CARTESIAN_POINT('Ctrl Pts',(49.1166212740196,-4.0005220306609,-30.9946753743538));
#7171=CARTESIAN_POINT('Ctrl Pts',(49.0804996664165,-4.00011142205167,-31.1223554020325));
#7172=CARTESIAN_POINT('Ctrl Pts',(49.0414156841044,-3.99999999999917,-31.2474161995847));
#7173=CARTESIAN_POINT('Ctrl Pts',(48.9999999997218,-3.99999999999995,-31.369494555616));
#7174=CARTESIAN_POINT('Ctrl Pts',(50.01,-2.99999999999997,-31.3694945557149));
#7175=CARTESIAN_POINT('Ctrl Pts',(50.01,-2.99999999998645,-31.2327098596456));
#7176=CARTESIAN_POINT('Ctrl Pts',(50.01,-3.00602139459049,-30.9591523379746));
#7177=CARTESIAN_POINT('Ctrl Pts',(50.01,-3.02631160898348,-30.5492495439252));
#7178=CARTESIAN_POINT('Ctrl Pts',(50.01,-3.06922329914305,-29.8669908157862));
#7179=CARTESIAN_POINT('Ctrl Pts',(50.01,-3.13748964050953,-28.7740382375176));
#7180=CARTESIAN_POINT('Ctrl Pts',(50.01,-3.10513567359918,-27.6791318686278));
#7181=CARTESIAN_POINT('Ctrl Pts',(50.01,-3.05175221931515,-26.860289088899));
#7182=CARTESIAN_POINT('Ctrl Pts',(50.01,-3.02643727084419,-26.4506809296801));
#7183=CARTESIAN_POINT('Ctrl Pts',(50.01,-3.00932751015753,-26.1091575203674));
#7184=CARTESIAN_POINT('Ctrl Pts',(50.01,-3.00249884288838,-25.8698660350747));
#7185=CARTESIAN_POINT('Ctrl Pts',(50.01,-3.00037282575156,-25.7330953897878));
#7186=CARTESIAN_POINT('Ctrl Pts',(50.01,-3.00000000006027,-25.6647016356125));
#7187=CARTESIAN_POINT('Ctrl Pts',(50.01,-3.00000000000001,-25.6305054615951));
#7188=CARTESIAN_POINT('Ctrl Pts',(48.9999999942328,-3.99999999999998,-25.6305054615951));
#7189=CARTESIAN_POINT('Ctrl Pts',(50.01,-4.0000000057101,-25.6305054615951));
#7190=CARTESIAN_POINT('Ctrl Pts',(50.01,-2.99999999999998,-25.6305054615951));
#7191=CARTESIAN_POINT('Ctrl Pts',(48.9999999942328,-3.99999999999997,-11.8778691771826));
#7192=CARTESIAN_POINT('Ctrl Pts',(50.01,-4.0000000057101,-11.8778691771826));
#7193=CARTESIAN_POINT('Ctrl Pts',(50.01,-2.99999999999998,-11.8778691771826));
#7194=CARTESIAN_POINT('',(50.01,-2.99999999999997,-11.8778691771826));
#7195=CARTESIAN_POINT('',(50.01,-2.99999999999997,-8.99999999999998));
#7196=CARTESIAN_POINT('',(48.9999999942328,-3.99999999999999,-11.8778691771826));
#7197=CARTESIAN_POINT('Origin',(49.,-2.99999999999997,-11.8778691771826));
#7198=CARTESIAN_POINT('',(49.,-3.99999999999999,-8.99999999999998));
#7199=CARTESIAN_POINT('Ctrl Pts',(50.01,-2.99999999999994,-11.8778691568395));
#7200=CARTESIAN_POINT('Ctrl Pts',(50.01,-2.9999999999275,-11.7972155838467));
#7201=CARTESIAN_POINT('Ctrl Pts',(50.01,-3.00291025218485,-11.6358740223869));
#7202=CARTESIAN_POINT('Ctrl Pts',(50.01,-3.01816042366424,-11.3135002217764));
#7203=CARTESIAN_POINT('Ctrl Pts',(50.01,-3.05121567530558,-10.9115874288486));
#7204=CARTESIAN_POINT('Ctrl Pts',(50.01,-3.10161443197055,-10.4306108718753));
#7205=CARTESIAN_POINT('Ctrl Pts',(50.01,-3.16953439385754,-9.78911063993471));
#7206=CARTESIAN_POINT('Ctrl Pts',(50.01,-3.23084270690111,-8.98448222367808));
#7207=CARTESIAN_POINT('Ctrl Pts',(50.01,-3.23097840616534,-8.01579532011871));
#7208=CARTESIAN_POINT('Ctrl Pts',(50.01,-3.1572111800582,-7.05034929677077));
#7209=CARTESIAN_POINT('Ctrl Pts',(50.01,-3.06442495276594,-6.24912812253363));
#7210=CARTESIAN_POINT('Ctrl Pts',(50.01,-3.0181219676448,-5.68638057299509));
#7211=CARTESIAN_POINT('Ctrl Pts',(50.01,-3.00481151927421,-5.40439258570919));
#7212=CARTESIAN_POINT('Ctrl Pts',(50.01,-3.0007238250759,-5.24311576835325));
#7213=CARTESIAN_POINT('Ctrl Pts',(50.01,-3.00000000002775,-5.16245764030378));
#7214=CARTESIAN_POINT('Ctrl Pts',(50.01,-3.00000000000001,-5.12213085380735));
#7215=CARTESIAN_POINT('Ctrl Pts',(50.01,-3.29919930073681,-11.8778691565708));
#7216=CARTESIAN_POINT('Ctrl Pts',(50.0097800331145,-3.29379959170937,-11.8008263862509));
#7217=CARTESIAN_POINT('Ctrl Pts',(50.0094389829766,-3.28611636744123,-11.6456147259854));
#7218=CARTESIAN_POINT('Ctrl Pts',(50.0088410450001,-3.28125734486587,-11.3319132873304));
#7219=CARTESIAN_POINT('Ctrl Pts',(50.0084861586486,-3.29196417230209,-10.9352979607328));
#7220=CARTESIAN_POINT('Ctrl Pts',(50.0081197085029,-3.32144407850195,-10.4546298890138));
#7221=CARTESIAN_POINT('Ctrl Pts',(50.008038735815,-3.37071370034173,-9.80819678426972));
#7222=CARTESIAN_POINT('Ctrl Pts',(50.0080812675797,-3.42245027357418,-8.99215676767589));
#7223=CARTESIAN_POINT('Ctrl Pts',(50.0080014540238,-3.42272558065166,-8.00816329195156));
#7224=CARTESIAN_POINT('Ctrl Pts',(50.007990423644,-3.35995720912504,-7.02899251315916));
#7225=CARTESIAN_POINT('Ctrl Pts',(50.0081995516822,-3.29591303933892,-6.22331283244112));
#7226=CARTESIAN_POINT('Ctrl Pts',(50.0088470492319,-3.28129941277673,-5.66796561779753));
#7227=CARTESIAN_POINT('Ctrl Pts',(50.0093356736474,-3.28548129733905,-5.39356866916184));
#7228=CARTESIAN_POINT('Ctrl Pts',(50.0096962659119,-3.29188033116637,-5.23797343806823));
#7229=CARTESIAN_POINT('Ctrl Pts',(50.0098900165582,-3.29649944559346,-5.16065223878559));
#7230=CARTESIAN_POINT('Ctrl Pts',(50.01,-3.29919930003926,-5.12213085360148));
#7231=CARTESIAN_POINT('Ctrl Pts',(49.7562712253865,-3.81709502956237,-11.8778691561057));
#7232=CARTESIAN_POINT('Ctrl Pts',(49.7658332127662,-3.80309989922302,-11.8070286818312));
#7233=CARTESIAN_POINT('Ctrl Pts',(49.7838225801462,-3.77828951519588,-11.6623954936941));
#7234=CARTESIAN_POINT('Ctrl Pts',(49.8156003808579,-3.74044783335216,-11.3637625901496));
#7235=CARTESIAN_POINT('Ctrl Pts',(49.8476989287117,-3.71355266099185,-10.9764683627774));
#7236=CARTESIAN_POINT('Ctrl Pts',(49.8750512321241,-3.70752896298669,-10.496438657682));
#7237=CARTESIAN_POINT('Ctrl Pts',(49.8980471410645,-3.72464102987311,-9.84148025488958));
#7238=CARTESIAN_POINT('Ctrl Pts',(49.9094639404079,-3.75969048567143,-9.00554822817642));
#7239=CARTESIAN_POINT('Ctrl Pts',(49.9093059288914,-3.76032127380882,-7.99484722815459));
#7240=CARTESIAN_POINT('Ctrl Pts',(49.8961047040394,-3.71665719590229,-6.99174385851991));
#7241=CARTESIAN_POINT('Ctrl Pts',(49.8608126302937,-3.70208616407821,-6.17843377431453));
#7242=CARTESIAN_POINT('Ctrl Pts',(49.8155300369784,-3.7406256894975,-5.63611419202028));
#7243=CARTESIAN_POINT('Ctrl Pts',(49.7878110487537,-3.77353117312768,-5.37490643649878));
#7244=CARTESIAN_POINT('Ctrl Pts',(49.7703258467081,-3.7969060012341,-5.22912774158916));
#7245=CARTESIAN_POINT('Ctrl Pts',(49.7610522203065,-3.81009746261057,-5.15755109044693));
#7246=CARTESIAN_POINT('Ctrl Pts',(49.7562712266414,-3.81709502771025,-5.12213085324515));
#7247=CARTESIAN_POINT('Ctrl Pts',(49.2266434682137,-4.00000000046519,-11.8778691559414));
#7248=CARTESIAN_POINT('Ctrl Pts',(49.2507219784153,-3.99371475882778,-11.8092415045687));
#7249=CARTESIAN_POINT('Ctrl Pts',(49.2970603005982,-3.98232782437035,-11.6691410137485));
#7250=CARTESIAN_POINT('Ctrl Pts',(49.3820491461537,-3.96429886822473,-11.3789727907267));
#7251=CARTESIAN_POINT('Ctrl Pts',(49.4726859918414,-3.95104362557278,-10.999629789781));
#7252=CARTESIAN_POINT('Ctrl Pts',(49.553795063593,-3.95020074631629,-10.5229492408543));
#7253=CARTESIAN_POINT('Ctrl Pts',(49.6245174561256,-3.96746844635542,-9.86471393443338));
#7254=CARTESIAN_POINT('Ctrl Pts',(49.6609007197355,-4.00065738876975,-9.01527637401279));
#7255=CARTESIAN_POINT('Ctrl Pts',(49.6602970981533,-4.00131860094653,-7.98516576464413));
#7256=CARTESIAN_POINT('Ctrl Pts',(49.6184193730618,-3.95969886268353,-6.96560972173577));
#7257=CARTESIAN_POINT('Ctrl Pts',(49.5098505326216,-3.94481768340944,-6.15187595851799));
#7258=CARTESIAN_POINT('Ctrl Pts',(49.3817868813467,-3.96454114602209,-5.6209590440132));
#7259=CARTESIAN_POINT('Ctrl Pts',(49.3077233057021,-3.98002728804434,-5.36709408525119));
#7260=CARTESIAN_POINT('Ctrl Pts',(49.2622901810583,-3.99088346132115,-5.22578243402084));
#7261=CARTESIAN_POINT('Ctrl Pts',(49.2386827264453,-3.99685737885038,-5.15644467886748));
#7262=CARTESIAN_POINT('Ctrl Pts',(49.2266434713844,-3.99999999964346,-5.12213085311931));
#7263=CARTESIAN_POINT('Ctrl Pts',(48.9999999979055,-3.99999999999981,-11.8778691559414));
#7264=CARTESIAN_POINT('Ctrl Pts',(49.0280245509039,-3.99999999999571,-11.8092317384927));
#7265=CARTESIAN_POINT('Ctrl Pts',(49.0825961549017,-4.00016407050261,-11.6695588823026));
#7266=CARTESIAN_POINT('Ctrl Pts',(49.1846410012213,-4.00139087946457,-11.3812206645701));
#7267=CARTESIAN_POINT('Ctrl Pts',(49.296423531144,-4.00528798700774,-11.0047328058757));
#7268=CARTESIAN_POINT('Ctrl Pts',(49.3988581253965,-4.01641872156519,-10.5300797010515));
#7269=CARTESIAN_POINT('Ctrl Pts',(49.4896881386148,-4.04174658710274,-9.87181016255861));
#7270=CARTESIAN_POINT('Ctrl Pts',(49.537163432407,-4.07793595224183,-9.0183938899378));
#7271=CARTESIAN_POINT('Ctrl Pts',(49.5363372433215,-4.07856253067033,-7.98206134312827));
#7272=CARTESIAN_POINT('Ctrl Pts',(49.481773530198,-4.03348586291891,-6.95758414965746));
#7273=CARTESIAN_POINT('Ctrl Pts',(49.3423477497102,-4.00601670398151,-6.14548757379097));
#7274=CARTESIAN_POINT('Ctrl Pts',(49.1842796238545,-4.00162543586219,-5.61874851293653));
#7275=CARTESIAN_POINT('Ctrl Pts',(49.0953987637776,-4.00027979056117,-5.36644164916863));
#7276=CARTESIAN_POINT('Ctrl Pts',(49.0416449940339,-4.00005764915291,-5.2256860690712));
#7277=CARTESIAN_POINT('Ctrl Pts',(49.0140122780713,-4.00000000000156,-5.15644956189548));
#7278=CARTESIAN_POINT('Ctrl Pts',(49.0000000016047,-3.99999999999999,-5.12213085311931));
#7279=CARTESIAN_POINT('',(50.01,-3.00000000000001,-5.12213085380734));
#7280=CARTESIAN_POINT('',(49.0000000016534,-3.99999999999999,-5.12213085309984));
#7281=CARTESIAN_POINT('Origin',(49.,-3.00000000000001,-5.12213085380734));
#7282=CARTESIAN_POINT('Ctrl Pts',(49.0000000016047,-3.99999999999999,-5.12213085311931));
#7283=CARTESIAN_POINT('Ctrl Pts',(49.0140122780713,-4.00000000000156,-5.15644956189548));
#7284=CARTESIAN_POINT('Ctrl Pts',(49.0278286360526,-4.00002882457723,-5.19106781548334));
#7285=CARTESIAN_POINT('Ctrl Pts',(49.0414560362612,-4.0000710045411,-5.22597138978945));
#7286=CARTESIAN_POINT('Ctrl Pts',(49.0550834364698,-4.00011318450497,-5.26087496409556));
#7287=CARTESIAN_POINT('Ctrl Pts',(49.0685218789057,-4.00016871985704,-5.29606385911992));
#7288=CARTESIAN_POINT('Ctrl Pts',(49.0817132624381,-4.00026982177275,-5.33153773502986));
#7289=CARTESIAN_POINT('Ctrl Pts',(49.1080960295029,-4.00047202560418,-5.40248548684976));
#7290=CARTESIAN_POINT('Ctrl Pts',(49.1334905609534,-4.00085649569018,-5.47457316221202));
#7291=CARTESIAN_POINT('Ctrl Pts',(49.1579473021993,-4.00132191708653,-5.54771442487516));
#7292=CARTESIAN_POINT('Ctrl Pts',(49.206860784691,-4.00225275987924,-5.69399695020145));
#7293=CARTESIAN_POINT('Ctrl Pts',(49.2520231063641,-4.00350740791333,-5.84449382473129));
#7294=CARTESIAN_POINT('Ctrl Pts',(49.2914263728453,-4.00617511719855,-5.99896484614228));
#7295=CARTESIAN_POINT('Ctrl Pts',(49.3702329058078,-4.01151053576899,-6.30790688896427));
#7296=CARTESIAN_POINT('Ctrl Pts',(49.4260032180029,-4.02249819934395,-6.63274551931087));
#7297=CARTESIAN_POINT('Ctrl Pts',(49.4629823262877,-4.03550480909,-6.96591103339597));
#7298=CARTESIAN_POINT('Ctrl Pts',(49.4999614345725,-4.04851141883605,-7.29907654748106));
#7299=CARTESIAN_POINT('Ctrl Pts',(49.518149338947,-4.06353697475319,-7.64056894530467));
#7300=CARTESIAN_POINT('Ctrl Pts',(49.5273809893152,-4.07094532297368,-7.98403723535139));
#7301=CARTESIAN_POINT('Ctrl Pts',(49.5366126396834,-4.07835367119416,-8.32750552539812));
#7302=CARTESIAN_POINT('Ctrl Pts',(49.5368880360452,-4.078144811718,-8.67294970766796));
#7303=CARTESIAN_POINT('Ctrl Pts',(49.5275306754677,-4.0708025089521,-9.01635505332704));
#7304=CARTESIAN_POINT('Ctrl Pts',(49.5181733148901,-4.0634602061862,-9.35976039898613));
#7305=CARTESIAN_POINT('Ctrl Pts',(49.4991831973732,-4.04898446013056,-9.70112690803445));
#7306=CARTESIAN_POINT('Ctrl Pts',(49.4625764871282,-4.0357165895995,-10.0343389238815));
#7307=CARTESIAN_POINT('Ctrl Pts',(49.4442731320056,-4.02908265433397,-10.200944931805));
#7308=CARTESIAN_POINT('Ctrl Pts',(49.421565628701,-4.02275068794958,-10.3655123164282));
#7309=CARTESIAN_POINT('Ctrl Pts',(49.3931394446734,-4.01772958233114,-10.5269048595439));
#7310=CARTESIAN_POINT('Ctrl Pts',(49.3647132606457,-4.0127084767127,-10.6882974026595));
#7311=CARTESIAN_POINT('Ctrl Pts',(49.3305683958948,-4.00899823186022,-10.8465151042676));
#7312=CARTESIAN_POINT('Ctrl Pts',(49.2911394575349,-4.00636368792535,-11.0009215268106));
#7313=CARTESIAN_POINT('Ctrl Pts',(49.2517105191749,-4.00372914399047,-11.1553279493535));
#7314=CARTESIAN_POINT('Ctrl Pts',(49.2069975072059,-4.00217030097321,-11.3059230928312));
#7315=CARTESIAN_POINT('Ctrl Pts',(49.1580782211096,-4.00124175031346,-11.4522342132346));
#7316=CARTESIAN_POINT('Ctrl Pts',(49.1336185780615,-4.00077747498359,-11.5253897734363));
#7317=CARTESIAN_POINT('Ctrl Pts',(49.1081073664816,-4.0004707727431,-11.5974743278694));
#7318=CARTESIAN_POINT('Ctrl Pts',(49.0817088596922,-4.00027640399613,-11.6684348191335));
#7319=CARTESIAN_POINT('Ctrl Pts',(49.0553103529028,-4.00008203524916,-11.7393953103976));
#7320=CARTESIAN_POINT('Ctrl Pts',(49.0280245509039,-3.99999999999571,-11.8092317384927));
#7321=CARTESIAN_POINT('Ctrl Pts',(48.9999999979055,-3.99999999999981,-11.8778691559414));
#7322=CARTESIAN_POINT('Ctrl Pts',(50.01,-2.99999999999994,-11.8778691568395));
#7323=CARTESIAN_POINT('Ctrl Pts',(50.01,-2.9999999999275,-11.7972155838467));
#7324=CARTESIAN_POINT('Ctrl Pts',(50.01,-3.00291025218485,-11.6358740223869));
#7325=CARTESIAN_POINT('Ctrl Pts',(50.01,-3.01816042366424,-11.3135002217764));
#7326=CARTESIAN_POINT('Ctrl Pts',(50.01,-3.05121567530558,-10.9115874288486));
#7327=CARTESIAN_POINT('Ctrl Pts',(50.01,-3.10161443197055,-10.4306108718753));
#7328=CARTESIAN_POINT('Ctrl Pts',(50.01,-3.16953439385754,-9.78911063993471));
#7329=CARTESIAN_POINT('Ctrl Pts',(50.01,-3.23084270690111,-8.98448222367808));
#7330=CARTESIAN_POINT('Ctrl Pts',(50.01,-3.23097840616534,-8.01579532011871));
#7331=CARTESIAN_POINT('Ctrl Pts',(50.01,-3.1572111800582,-7.05034929677077));
#7332=CARTESIAN_POINT('Ctrl Pts',(50.01,-3.06442495276594,-6.24912812253363));
#7333=CARTESIAN_POINT('Ctrl Pts',(50.01,-3.0181219676448,-5.68638057299509));
#7334=CARTESIAN_POINT('Ctrl Pts',(50.01,-3.00481151927421,-5.40439258570919));
#7335=CARTESIAN_POINT('Ctrl Pts',(50.01,-3.0007238250759,-5.24311576835325));
#7336=CARTESIAN_POINT('Ctrl Pts',(50.01,-3.00000000002775,-5.16245764030378));
#7337=CARTESIAN_POINT('Ctrl Pts',(50.01,-3.00000000000001,-5.12213085380735));
#7338=CARTESIAN_POINT('Ctrl Pts',(49.,-3.99999999999997,-5.12213085380735));
#7339=CARTESIAN_POINT('Ctrl Pts',(50.01,-3.99999999999997,-5.12213085380735));
#7340=CARTESIAN_POINT('Ctrl Pts',(50.01,-2.99999999999997,-5.12213085380735));
#7341=CARTESIAN_POINT('Ctrl Pts',(49.,-3.99999999999997,-0.499999999999969));
#7342=CARTESIAN_POINT('Ctrl Pts',(50.01,-3.99999999999997,-0.499999999999969));
#7343=CARTESIAN_POINT('Ctrl Pts',(50.01,-2.99999999999997,-0.499999999999969));
#7344=CARTESIAN_POINT('',(50.01,-2.99999999999997,-8.99999999999998));
#7345=CARTESIAN_POINT('',(49.,-3.99999999999999,-8.99999999999998));
#7346=CARTESIAN_POINT('Ctrl Pts',(49.,-2.99999999999997,0.500000000000029));
#7347=CARTESIAN_POINT('Ctrl Pts',(50.01,-2.99999999999997,0.50000000000003));
#7348=CARTESIAN_POINT('Ctrl Pts',(50.01,-2.99999999999997,-0.499999999999971));
#7349=CARTESIAN_POINT('Ctrl Pts',(49.,-1.00000000000001,0.500000000000028));
#7350=CARTESIAN_POINT('Ctrl Pts',(50.01,-1.00000000000001,0.500000000000029));
#7351=CARTESIAN_POINT('Ctrl Pts',(50.01,-1.00000000000001,-0.499999999999971));
#7352=CARTESIAN_POINT('',(49.,-3.99999999999999,0.500000000000026));
#7353=CARTESIAN_POINT('',(50.01,-3.99999999999999,-0.499999999999971));
#7354=CARTESIAN_POINT('Ctrl Pts',(0.722000000000005,-2.99999999999997,-0.499999999999971));
#7355=CARTESIAN_POINT('Ctrl Pts',(0.722000000000005,-2.99999999999997,0.500000000000029));
#7356=CARTESIAN_POINT('Ctrl Pts',(1.732,-2.99999999999997,0.500000000000029));
#7357=CARTESIAN_POINT('Ctrl Pts',(0.722000000000005,-1.00000000000001,-0.499999999999971));
#7358=CARTESIAN_POINT('Ctrl Pts',(0.722000000000006,-1.00000000000001,0.500000000000029));
#7359=CARTESIAN_POINT('Ctrl Pts',(1.73200000000001,-1.00000000000001,0.500000000000028));
#7360=CARTESIAN_POINT('',(0.722000000000005,-3.99999999999999,-0.499999999999971));
#7361=CARTESIAN_POINT('',(1.732,-3.99999999999999,0.500000000000026));
#7362=CARTESIAN_POINT('Ctrl Pts',(50.01,-1.00000000000002,-36.5));
#7363=CARTESIAN_POINT('Ctrl Pts',(50.01,-2.15149079108023E-14,-36.5));
#7364=CARTESIAN_POINT('Ctrl Pts',(49.,-2.24798478443144E-14,-36.5));
#7365=CARTESIAN_POINT('Ctrl Pts',(50.01,-1.00000000000001,-0.49999999999997));
#7366=CARTESIAN_POINT('Ctrl Pts',(50.01,-1.346579098227E-14,-0.499999999999971));
#7367=CARTESIAN_POINT('Ctrl Pts',(49.,-1.44307309157821E-14,-0.499999999999971));
#7368=CARTESIAN_POINT('',(49.,-1.99840144432528E-15,-8.99999999999999));
#7369=CARTESIAN_POINT('',(50.01,-1.00000000000002,-8.99999999999999));
#7370=CARTESIAN_POINT('Origin',(13.044,-1.00000000000001,-0.499999999999971));
#7371=CARTESIAN_POINT('',(13.044,-1.11022302462509E-16,-0.499999999999972));
#7372=CARTESIAN_POINT('',(13.044,-1.00000000000001,0.500000000000025));
#7373=CARTESIAN_POINT('Origin',(37.688,-2.99999999999998,-36.5));
#7374=CARTESIAN_POINT('',(6.91099586348634,-2.99999999999998,-37.5));
#7375=CARTESIAN_POINT('',(6.91099586348634,-3.99999999999999,-36.4999999999979));
#7376=CARTESIAN_POINT('Origin',(6.91099586348634,-2.99999999999998,-36.5));
#7377=CARTESIAN_POINT('',(37.688,-3.99999999999999,-36.5));
#7378=CARTESIAN_POINT('',(37.688,-2.99999999999998,-37.5));
#7379=CARTESIAN_POINT('Ctrl Pts',(6.9109958864361,-2.99999999999997,-37.5));
#7380=CARTESIAN_POINT('Ctrl Pts',(7.04928340753845,-3.00000000033494,-37.5));
#7381=CARTESIAN_POINT('Ctrl Pts',(7.32584674927628,-3.00604439493717,-37.5));
#7382=CARTESIAN_POINT('Ctrl Pts',(7.74024972073017,-3.02641467542026,-37.5));
#7383=CARTESIAN_POINT('Ctrl Pts',(8.42999575726304,-3.06949827180415,-37.5));
#7384=CARTESIAN_POINT('Ctrl Pts',(9.53494989065538,-3.13803789596138,-37.5));
#7385=CARTESIAN_POINT('Ctrl Pts',(10.6418881808206,-3.10556140888648,-37.5));
#7386=CARTESIAN_POINT('Ctrl Pts',(11.4697176198981,-3.05195855937187,-37.5));
#7387=CARTESIAN_POINT('Ctrl Pts',(11.883822428349,-3.02654258061967,-37.5));
#7388=CARTESIAN_POINT('Ctrl Pts',(12.2290916469127,-3.00936433955226,-37.5));
#7389=CARTESIAN_POINT('Ctrl Pts',(12.4710128203436,-3.0025087632708,-37.5));
#7390=CARTESIAN_POINT('Ctrl Pts',(12.6092867910725,-3.00037431710971,-37.5));
#7391=CARTESIAN_POINT('Ctrl Pts',(12.678432242202,-3.00000000005121,-37.5));
#7392=CARTESIAN_POINT('Ctrl Pts',(12.7130041224776,-3.00000000000001,-37.5));
#7393=CARTESIAN_POINT('Ctrl Pts',(6.9109958856968,-3.29919929904396,-37.5));
#7394=CARTESIAN_POINT('Ctrl Pts',(7.04480698066365,-3.29120486224201,-37.4996775566205));
#7395=CARTESIAN_POINT('Ctrl Pts',(7.31493076401561,-3.28209290029628,-37.499289054699));
#7396=CARTESIAN_POINT('Ctrl Pts',(7.72490479977737,-3.28290838002733,-37.498758368656));
#7397=CARTESIAN_POINT('Ctrl Pts',(8.41383535138229,-3.29928920445921,-37.498275476051));
#7398=CARTESIAN_POINT('Ctrl Pts',(9.53053067819151,-3.34725248452891,-37.4981236007491));
#7399=CARTESIAN_POINT('Ctrl Pts',(10.6535027314268,-3.32232441881469,-37.4980795633607));
#7400=CARTESIAN_POINT('Ctrl Pts',(11.4856479276229,-3.29245818716476,-37.4984270975492));
#7401=CARTESIAN_POINT('Ctrl Pts',(11.8991269943397,-3.28303262850633,-37.4987603098558));
#7402=CARTESIAN_POINT('Ctrl Pts',(12.2407708670648,-3.28212981096667,-37.4991147569515));
#7403=CARTESIAN_POINT('Ctrl Pts',(12.4777983390866,-3.2880943536837,-37.4995070329093));
#7404=CARTESIAN_POINT('Ctrl Pts',(12.6124873006702,-3.29363138061007,-37.4997756336471));
#7405=CARTESIAN_POINT('Ctrl Pts',(12.6795513492015,-3.29720069031112,-37.4999193891546));
#7406=CARTESIAN_POINT('Ctrl Pts',(12.7130041229296,-3.29919929954836,-37.5));
#7407=CARTESIAN_POINT('Ctrl Pts',(6.91099588441703,-3.81712477127871,-37.2488081859097));
#7408=CARTESIAN_POINT('Ctrl Pts',(7.03711779704513,-3.79640454572094,-37.262824839126));
#7409=CARTESIAN_POINT('Ctrl Pts',(7.29609238377069,-3.76254817757542,-37.2878873424469));
#7410=CARTESIAN_POINT('Ctrl Pts',(7.69831982305968,-3.73102075469207,-37.3175386265427));
#7411=CARTESIAN_POINT('Ctrl Pts',(8.38572243396729,-3.70244404235799,-37.3552147843198));
#7412=CARTESIAN_POINT('Ctrl Pts',(9.52281301726482,-3.71496883044409,-37.3806192457809));
#7413=CARTESIAN_POINT('Ctrl Pts',(10.673748658351,-3.70326647161413,-37.3719308042261));
#7414=CARTESIAN_POINT('Ctrl Pts',(11.5133142381494,-3.71371493004136,-37.340175983773));
#7415=CARTESIAN_POINT('Ctrl Pts',(11.9256431154254,-3.73113220865979,-37.3175161237424));
#7416=CARTESIAN_POINT('Ctrl Pts',(12.2609405354811,-3.75728047171187,-37.2928513545765));
#7417=CARTESIAN_POINT('Ctrl Pts',(12.4894870699051,-3.78414885297625,-37.2720528072332));
#7418=CARTESIAN_POINT('Ctrl Pts',(12.6179909051611,-3.80205718777541,-37.2591336811588));
#7419=CARTESIAN_POINT('Ctrl Pts',(12.6814736455916,-3.81194471618736,-37.2523123483316));
#7420=CARTESIAN_POINT('Ctrl Pts',(12.713004123712,-3.81712477261806,-37.2488081850115));
#7421=CARTESIAN_POINT('Ctrl Pts',(6.91099588396516,-3.99999999847095,-36.724399481097));
#7422=CARTESIAN_POINT('Ctrl Pts',(7.0343744900357,-3.99069450278587,-36.759695504359));
#7423=CARTESIAN_POINT('Ctrl Pts',(7.2879944725958,-3.97490525117111,-36.825099503639));
#7424=CARTESIAN_POINT('Ctrl Pts',(7.68476996890568,-3.95971629121225,-36.9063038615489));
#7425=CARTESIAN_POINT('Ctrl Pts',(8.3685426610185,-3.94558897486045,-37.0140096796921));
#7426=CARTESIAN_POINT('Ctrl Pts',(9.51715936819592,-3.95831083968782,-37.0926007876623));
#7427=CARTESIAN_POINT('Ctrl Pts',(10.6873784166172,-3.94850739867292,-37.0644631853419));
#7428=CARTESIAN_POINT('Ctrl Pts',(11.5290270048111,-3.95127333512427,-36.9708576324351));
#7429=CARTESIAN_POINT('Ctrl Pts',(11.9392021177645,-3.95975729439625,-36.9062840646212));
#7430=CARTESIAN_POINT('Ctrl Pts',(12.2699411171315,-3.97237337611173,-36.8386142712184));
#7431=CARTESIAN_POINT('Ctrl Pts',(12.4941893748886,-3.98498681197771,-36.7838352062096));
#7432=CARTESIAN_POINT('Ctrl Pts',(12.6200430931576,-3.9932002320708,-36.7505431620628));
#7433=CARTESIAN_POINT('Ctrl Pts',(12.6821594725077,-3.99767362512839,-36.7332234846711));
#7434=CARTESIAN_POINT('Ctrl Pts',(12.7130041239883,-3.99999999906516,-36.7243994788273));
#7435=CARTESIAN_POINT('Ctrl Pts',(6.91099588396516,-4.00000000000002,-36.500000006814));
#7436=CARTESIAN_POINT('Ctrl Pts',(7.03438659728878,-4.00000000001898,-36.5410804253542));
#7437=CARTESIAN_POINT('Ctrl Pts',(7.28721019733574,-4.00022291684292,-36.6186187917404));
#7438=CARTESIAN_POINT('Ctrl Pts',(7.68236156631171,-4.00236418908329,-36.7172889310875));
#7439=CARTESIAN_POINT('Ctrl Pts',(8.36417624623635,-4.00782957238671,-36.8509421536922));
#7440=CARTESIAN_POINT('Ctrl Pts',(9.51533941670873,-4.02961688296899,-36.95212772734));
#7441=CARTESIAN_POINT('Ctrl Pts',(10.6913505794559,-4.01760664158033,-36.9151879995326));
#7442=CARTESIAN_POINT('Ctrl Pts',(11.5325559043407,-4.0057749611574,-36.7973027274365));
#7443=CARTESIAN_POINT('Ctrl Pts',(11.9416335851251,-4.00237031738826,-36.7172901612303));
#7444=CARTESIAN_POINT('Ctrl Pts',(12.2709803609241,-4.00062026527105,-36.6349975143225));
#7445=CARTESIAN_POINT('Ctrl Pts',(12.4944842702476,-4.00016491694712,-36.5697359235521));
#7446=CARTESIAN_POINT('Ctrl Pts',(12.6200862490468,-4.00001874149507,-36.5305157100399));
#7447=CARTESIAN_POINT('Ctrl Pts',(12.68215644569,-4.00000000000292,-36.5102701088267));
#7448=CARTESIAN_POINT('Ctrl Pts',(12.7130041239883,-4.00000000000002,-36.5000000041661));
#7449=CARTESIAN_POINT('',(12.7130041224776,-3.00000000000002,-37.5));
#7450=CARTESIAN_POINT('',(12.713004124031,-4.00000000000003,-36.5000000042919));
#7451=CARTESIAN_POINT('Origin',(12.7130041224776,-3.00000000000002,-36.5));
#7452=CARTESIAN_POINT('Ctrl Pts',(12.7130041239883,-4.00000000000002,-36.5000000041661));
#7453=CARTESIAN_POINT('Ctrl Pts',(12.68215644569,-4.00000000000292,-36.5102701088267));
#7454=CARTESIAN_POINT('Ctrl Pts',(12.6511213473684,-4.00000937074899,-36.5203929094333));
#7455=CARTESIAN_POINT('Ctrl Pts',(12.6199035508577,-4.00003232805354,-36.5303568364256));
#7456=CARTESIAN_POINT('Ctrl Pts',(12.588685754347,-4.00005528535808,-36.540320763418));
#7457=CARTESIAN_POINT('Ctrl Pts',(12.5572852596472,-4.00009182922109,-36.550125816796));
#7458=CARTESIAN_POINT('Ctrl Pts',(12.5257085532129,-4.00013787504996,-36.5597702138467));
#7459=CARTESIAN_POINT('Ctrl Pts',(12.4625551403442,-4.00022996670769,-36.5790590079479));
#7460=CARTESIAN_POINT('Ctrl Pts',(12.3986968805375,-4.00036006622881,-36.5977051767394));
#7461=CARTESIAN_POINT('Ctrl Pts',(12.3341682556131,-4.00056346938404,-36.6156221323943));
#7462=CARTESIAN_POINT('Ctrl Pts',(12.2051110057643,-4.0009702756945,-36.6514560437041));
#7463=CARTESIAN_POINT('Ctrl Pts',(12.0733722954447,-4.00167029654138,-36.6843731024672));
#7464=CARTESIAN_POINT('Ctrl Pts',(11.9393233268208,-4.00258774759301,-36.7141670595498));
#7465=CARTESIAN_POINT('Ctrl Pts',(11.805274358197,-4.00350519864464,-36.7439610166324));
#7466=CARTESIAN_POINT('Ctrl Pts',(11.6689151312688,-4.00464007990102,-36.7706318720344));
#7467=CARTESIAN_POINT('Ctrl Pts',(11.5306350740643,-4.00619349389778,-36.7937910724101));
#7468=CARTESIAN_POINT('Ctrl Pts',(11.3923550168599,-4.00774690789455,-36.8169502727859));
#7469=CARTESIAN_POINT('Ctrl Pts',(11.2521541293791,-4.00971885463171,-36.8365978181352));
#7470=CARTESIAN_POINT('Ctrl Pts',(11.1105931403258,-4.01159666805615,-36.8532393476099));
#7471=CARTESIAN_POINT('Ctrl Pts',(10.5443491841125,-4.01910792175391,-36.9198054655086));
#7472=CARTESIAN_POINT('Ctrl Pts',(9.95634360273892,-4.02511304244824,-36.9382753294122));
#7473=CARTESIAN_POINT('Ctrl Pts',(9.37543744772956,-4.0214617197223,-36.9172808214716));
#7474=CARTESIAN_POINT('Ctrl Pts',(8.93975783147254,-4.01872322767785,-36.9015349405161));
#7475=CARTESIAN_POINT('Ctrl Pts',(8.5080716425454,-4.01055298620949,-36.8635903503982));
#7476=CARTESIAN_POINT('Ctrl Pts',(8.09333348934752,-4.00605100335586,-36.7939602526966));
#7477=CARTESIAN_POINT('Ctrl Pts',(7.95508743828156,-4.00455034240465,-36.7707502201294));
#7478=CARTESIAN_POINT('Ctrl Pts',(7.81872450229664,-4.00345726574397,-36.7440195756085));
#7479=CARTESIAN_POINT('Ctrl Pts',(7.68468447280818,-4.0025538487069,-36.7142092301235));
#7480=CARTESIAN_POINT('Ctrl Pts',(7.55064444331972,-4.00165043166983,-36.6843988846385));
#7481=CARTESIAN_POINT('Ctrl Pts',(7.41892732032773,-4.00093667425638,-36.6515088381894));
#7482=CARTESIAN_POINT('Ctrl Pts',(7.28986285881999,-4.00052406634366,-36.6156792233684));
#7483=CARTESIAN_POINT('Ctrl Pts',(7.16079839731226,-4.00011145843095,-36.5798496085473));
#7484=CARTESIAN_POINT('Ctrl Pts',(7.03438659728878,-4.00000000001898,-36.5410804253542));
#7485=CARTESIAN_POINT('Ctrl Pts',(6.91099588396516,-4.00000000000002,-36.500000006814));
#7486=CARTESIAN_POINT('Ctrl Pts',(6.9109958864361,-2.99999999999997,-37.5));
#7487=CARTESIAN_POINT('Ctrl Pts',(7.04928340753845,-3.00000000033494,-37.5));
#7488=CARTESIAN_POINT('Ctrl Pts',(7.32584674927628,-3.00604439493717,-37.5));
#7489=CARTESIAN_POINT('Ctrl Pts',(7.74024972073017,-3.02641467542026,-37.5));
#7490=CARTESIAN_POINT('Ctrl Pts',(8.42999575726304,-3.06949827180415,-37.5));
#7491=CARTESIAN_POINT('Ctrl Pts',(9.53494989065538,-3.13803789596138,-37.5));
#7492=CARTESIAN_POINT('Ctrl Pts',(10.6418881808206,-3.10556140888648,-37.5));
#7493=CARTESIAN_POINT('Ctrl Pts',(11.4697176198981,-3.05195855937187,-37.5));
#7494=CARTESIAN_POINT('Ctrl Pts',(11.883822428349,-3.02654258061967,-37.5));
#7495=CARTESIAN_POINT('Ctrl Pts',(12.2290916469127,-3.00936433955226,-37.5));
#7496=CARTESIAN_POINT('Ctrl Pts',(12.4710128203436,-3.0025087632708,-37.5));
#7497=CARTESIAN_POINT('Ctrl Pts',(12.6092867910725,-3.00037431710971,-37.5));
#7498=CARTESIAN_POINT('Ctrl Pts',(12.678432242202,-3.00000000005121,-37.5));
#7499=CARTESIAN_POINT('Ctrl Pts',(12.7130041224776,-3.00000000000001,-37.5));
#7500=CARTESIAN_POINT('Origin',(37.688,-2.99999999999998,-36.5));
#7501=CARTESIAN_POINT('',(38.0179858634863,-2.99999999999998,-37.5));
#7502=CARTESIAN_POINT('',(37.688,-2.99999999999998,-37.5));
#7503=CARTESIAN_POINT('',(38.0179858634863,-3.99999999999999,-36.4999999999979));
#7504=CARTESIAN_POINT('Origin',(38.0179858634863,-2.99999999999998,-36.5));
#7505=CARTESIAN_POINT('',(37.688,-3.99999999999999,-36.5));
#7506=CARTESIAN_POINT('Ctrl Pts',(38.0179858864365,-2.99999999999997,-37.5));
#7507=CARTESIAN_POINT('Ctrl Pts',(38.1562734075388,-3.00000000033494,-37.5));
#7508=CARTESIAN_POINT('Ctrl Pts',(38.4328367480906,-3.00604500366707,-37.5));
#7509=CARTESIAN_POINT('Ctrl Pts',(38.8472396582829,-3.02641531731663,-37.5));
#7510=CARTESIAN_POINT('Ctrl Pts',(39.5369860802014,-3.06949979712375,-37.5));
#7511=CARTESIAN_POINT('Ctrl Pts',(40.6419401729726,-3.13804017823568,-37.5));
#7512=CARTESIAN_POINT('Ctrl Pts',(41.748877703514,-3.105556846018,-37.5));
#7513=CARTESIAN_POINT('Ctrl Pts',(42.5767076379357,-3.05195805601641,-37.5));
#7514=CARTESIAN_POINT('Ctrl Pts',(42.9908123471202,-3.02654148590805,-37.5));
#7515=CARTESIAN_POINT('Ctrl Pts',(43.3360816511151,-3.0093641831681,-37.5));
#7516=CARTESIAN_POINT('Ctrl Pts',(43.5780028117711,-3.00250863167894,-37.5));
#7517=CARTESIAN_POINT('Ctrl Pts',(43.7162767902387,-3.00037428265092,-37.5));
#7518=CARTESIAN_POINT('Ctrl Pts',(43.7854222422025,-3.0000000000512,-37.5));
#7519=CARTESIAN_POINT('Ctrl Pts',(43.8199941224781,-3.00000000000001,-37.5));
#7520=CARTESIAN_POINT('Ctrl Pts',(38.0179858856972,-3.29919929904394,-37.5));
#7521=CARTESIAN_POINT('Ctrl Pts',(38.1517969806639,-3.29120486224199,-37.4996775566205));
#7522=CARTESIAN_POINT('Ctrl Pts',(38.4219201389166,-3.28207050027326,-37.4992402474296));
#7523=CARTESIAN_POINT('Ctrl Pts',(38.8318941334364,-3.28288076597665,-37.4986983667195));
#7524=CARTESIAN_POINT('Ctrl Pts',(39.5208245313798,-3.29923989435711,-37.4981655286352));
#7525=CARTESIAN_POINT('Ctrl Pts',(40.6375203030002,-3.34717987437506,-37.49795998415));
#7526=CARTESIAN_POINT('Ctrl Pts',(41.760493188684,-3.32226257380545,-37.4979569957856));
#7527=CARTESIAN_POINT('Ctrl Pts',(42.5926385702782,-3.29242117511702,-37.4983488956298));
#7528=CARTESIAN_POINT('Ctrl Pts',(43.0061175359956,-3.28300294875319,-37.4986994671703));
#7529=CARTESIAN_POINT('Ctrl Pts',(43.3477611692572,-3.28211869170634,-37.499091562998));
#7530=CARTESIAN_POINT('Ctrl Pts',(43.5847884440889,-3.28809013335801,-37.4994983925051));
#7531=CARTESIAN_POINT('Ctrl Pts',(43.7194773513002,-3.29362964390299,-37.4997720459786));
#7532=CARTESIAN_POINT('Ctrl Pts',(43.7865413492019,-3.29720069031114,-37.4999193891546));
#7533=CARTESIAN_POINT('Ctrl Pts',(43.8199941229301,-3.29919929954839,-37.5));
#7534=CARTESIAN_POINT('Ctrl Pts',(38.0179858844176,-3.81706157354426,-37.2487555149406));
#7535=CARTESIAN_POINT('Ctrl Pts',(38.1441077970452,-3.7963413479865,-37.2627721681569));
#7536=CARTESIAN_POINT('Ctrl Pts',(38.4030826006818,-3.7624959204197,-37.2878487812037));
#7537=CARTESIAN_POINT('Ctrl Pts',(38.8053101827689,-3.73097060848363,-37.3175034186191));
#7538=CARTESIAN_POINT('Ctrl Pts',(39.4927122531001,-3.70240647694631,-37.3551937086979));
#7539=CARTESIAN_POINT('Ctrl Pts',(40.6298026425397,-3.71494289412441,-37.3806140054731));
#7540=CARTESIAN_POINT('Ctrl Pts',(41.7807386834741,-3.70322301523754,-37.3719152791112));
#7541=CARTESIAN_POINT('Ctrl Pts',(42.6203036700797,-3.71366783892019,-37.3401461639763));
#7542=CARTESIAN_POINT('Ctrl Pts',(43.0326327715942,-3.73108054351593,-37.3174814401031));
#7543=CARTESIAN_POINT('Ctrl Pts',(43.3679303280017,-3.75722206405317,-37.292805432048));
#7544=CARTESIAN_POINT('Ctrl Pts',(43.5964770070619,-3.78408733251005,-37.272002675243));
#7545=CARTESIAN_POINT('Ctrl Pts',(43.7249808733424,-3.80199471677517,-37.2590820561916));
#7546=CARTESIAN_POINT('Ctrl Pts',(43.7884636455916,-3.81188151845252,-37.2522596773621));
#7547=CARTESIAN_POINT('Ctrl Pts',(43.8199941237124,-3.81706157488323,-37.2487555140421));
#7548=CARTESIAN_POINT('Ctrl Pts',(38.0179858839655,-3.99999999847094,-36.7243994810971));
#7549=CARTESIAN_POINT('Ctrl Pts',(38.1413644900355,-3.99069450278586,-36.759695504359));
#7550=CARTESIAN_POINT('Ctrl Pts',(38.3949839935007,-3.97489236892191,-36.8251093921384));
#7551=CARTESIAN_POINT('Ctrl Pts',(38.7917595471687,-3.95970006875749,-36.9063162163059));
#7552=CARTESIAN_POINT('Ctrl Pts',(39.4755315583094,-3.94556144830835,-37.0140300828839));
#7553=CARTESIAN_POINT('Ctrl Pts',(40.6241486225217,-3.95826916405431,-37.0926308957983));
#7554=CARTESIAN_POINT('Ctrl Pts',(41.79436950016,-3.94847047805014,-37.0644901113051));
#7555=CARTESIAN_POINT('Ctrl Pts',(42.6360174318591,-3.95125228421234,-36.9708733079257));
#7556=CARTESIAN_POINT('Ctrl Pts',(43.0461926281445,-3.95974015256599,-36.9062968748348));
#7557=CARTESIAN_POINT('Ctrl Pts',(43.3769313205739,-3.97236710712459,-36.8386190648744));
#7558=CARTESIAN_POINT('Ctrl Pts',(43.6011794609811,-3.98498439910941,-36.7838370418002));
#7559=CARTESIAN_POINT('Ctrl Pts',(43.7270331292746,-3.99319925087243,-36.7505439167824));
#7560=CARTESIAN_POINT('Ctrl Pts',(43.7891494725077,-3.99767362512836,-36.733223484671));
#7561=CARTESIAN_POINT('Ctrl Pts',(43.8199941239887,-3.99999999906514,-36.7243994788272));
#7562=CARTESIAN_POINT('Ctrl Pts',(38.0179858839655,-4.00000000000002,-36.5000000068141));
#7563=CARTESIAN_POINT('Ctrl Pts',(38.1413765972886,-4.00000000001898,-36.5410804253543));
#7564=CARTESIAN_POINT('Ctrl Pts',(38.394200137351,-4.00022307168861,-36.6186187003092));
#7565=CARTESIAN_POINT('Ctrl Pts',(38.7893515561862,-4.00236402486069,-36.7172892484435));
#7566=CARTESIAN_POINT('Ctrl Pts',(39.4711658879369,-4.00783134585198,-36.8509402334867));
#7567=CARTESIAN_POINT('Ctrl Pts',(40.6223290751489,-4.02961870469698,-36.9521258685368));
#7568=CARTESIAN_POINT('Ctrl Pts',(41.7983412057198,-4.01760411836236,-36.9151908338755));
#7569=CARTESIAN_POINT('Ctrl Pts',(42.6395459279678,-4.00577523000314,-36.7973024555115));
#7570=CARTESIAN_POINT('Ctrl Pts',(43.048623715849,-4.00236996141397,-36.7172905757847));
#7571=CARTESIAN_POINT('Ctrl Pts',(43.3779703689558,-4.00062032676855,-36.6349974511131));
#7572=CARTESIAN_POINT('Ctrl Pts',(43.601474285093,-4.00016488201834,-36.569735964543));
#7573=CARTESIAN_POINT('Ctrl Pts',(43.727076251986,-4.00001874223542,-36.5305157099849));
#7574=CARTESIAN_POINT('Ctrl Pts',(43.78914644569,-4.00000000000285,-36.5102701088266));
#7575=CARTESIAN_POINT('Ctrl Pts',(43.8199941239887,-3.99999999999995,-36.5000000041659));
#7576=CARTESIAN_POINT('',(43.8199941224781,-3.00000000000002,-37.5));
#7577=CARTESIAN_POINT('',(43.8199941240315,-3.99999999999999,-36.5000000042918));
#7578=CARTESIAN_POINT('Origin',(43.8199941224781,-3.00000000000002,-36.5000000000001));
#7579=CARTESIAN_POINT('Ctrl Pts',(43.8199941239887,-3.99999999999995,-36.5000000041659));
#7580=CARTESIAN_POINT('Ctrl Pts',(43.78914644569,-4.00000000000285,-36.5102701088266));
#7581=CARTESIAN_POINT('Ctrl Pts',(43.758111348838,-4.00000937111913,-36.5203929094057));
#7582=CARTESIAN_POINT('Ctrl Pts',(43.7268935545504,-4.00003232415014,-36.5303568415151));
#7583=CARTESIAN_POINT('Ctrl Pts',(43.6956757602627,-4.00005527718115,-36.5403207736244));
#7584=CARTESIAN_POINT('Ctrl Pts',(43.6642752685395,-4.00009181212688,-36.5501258372639));
#7585=CARTESIAN_POINT('Ctrl Pts',(43.6326985637651,-4.00013785660261,-36.5597702361936));
#7586=CARTESIAN_POINT('Ctrl Pts',(43.5695451542163,-4.00022994555408,-36.579059034053));
#7587=CARTESIAN_POINT('Ctrl Pts',(43.5056868924628,-4.00036007262558,-36.597705173073));
#7588=CARTESIAN_POINT('Ctrl Pts',(43.44115827442,-4.00056346631626,-36.6156221407311));
#7589=CARTESIAN_POINT('Ctrl Pts',(43.3121010383344,-4.00097025369764,-36.6514560760474));
#7590=CARTESIAN_POINT('Ctrl Pts',(43.1803623770917,-4.00167010755581,-36.684373325916));
#7591=CARTESIAN_POINT('Ctrl Pts',(43.0463134151568,-4.00258757924975,-36.7141672641382));
#7592=CARTESIAN_POINT('Ctrl Pts',(42.9122644532219,-4.00350505094369,-36.7439612023603));
#7593=CARTESIAN_POINT('Ctrl Pts',(42.7759051905949,-4.00464014047342,-36.7706318289359));
#7594=CARTESIAN_POINT('Ctrl Pts',(42.6376251657606,-4.00619342593488,-36.793791173754));
#7595=CARTESIAN_POINT('Ctrl Pts',(42.4993451409264,-4.00774671139634,-36.8169505185722));
#7596=CARTESIAN_POINT('Ctrl Pts',(42.3591443538851,-4.00971819278954,-36.8365985816328));
#7597=CARTESIAN_POINT('Ctrl Pts',(42.2175834209878,-4.01159574256247,-36.8532404079479));
#7598=CARTESIAN_POINT('Ctrl Pts',(41.6513396893985,-4.01910594165418,-36.9198077132082));
#7599=CARTESIAN_POINT('Ctrl Pts',(41.063333624113,-4.02511323482149,-36.9382752305388));
#7600=CARTESIAN_POINT('Ctrl Pts',(40.4824272569301,-4.02146282936606,-36.9172796993805));
#7601=CARTESIAN_POINT('Ctrl Pts',(40.0467474815429,-4.01872502527448,-36.9015330510118));
#7602=CARTESIAN_POINT('Ctrl Pts',(39.6150612863384,-4.0105547657076,-36.863588437868));
#7603=CARTESIAN_POINT('Ctrl Pts',(39.2003232882495,-4.00605190636981,-36.7939593413126));
#7604=CARTESIAN_POINT('Ctrl Pts',(39.0620772888865,-4.00455095325721,-36.7707496424608));
#7605=CARTESIAN_POINT('Ctrl Pts',(38.9257144225364,-4.00345748905895,-36.7440194454521));
#7606=CARTESIAN_POINT('Ctrl Pts',(38.7916744195554,-4.00255393143114,-36.7142092555921));
#7607=CARTESIAN_POINT('Ctrl Pts',(38.6576344165745,-4.00165037380333,-36.684399065732));
#7608=CARTESIAN_POINT('Ctrl Pts',(38.5259172769627,-4.00093672274597,-36.6515088830206));
#7609=CARTESIAN_POINT('Ctrl Pts',(38.3968528221413,-4.00052412929989,-36.6156792229262));
#7610=CARTESIAN_POINT('Ctrl Pts',(38.2677883673198,-4.0001115358538,-36.5798495628318));
#7611=CARTESIAN_POINT('Ctrl Pts',(38.1413765972886,-4.00000000001898,-36.5410804253543));
#7612=CARTESIAN_POINT('Ctrl Pts',(38.0179858839655,-4.00000000000002,-36.5000000068141));
#7613=CARTESIAN_POINT('Ctrl Pts',(38.0179858864365,-2.99999999999997,-37.5));
#7614=CARTESIAN_POINT('Ctrl Pts',(38.1562734075388,-3.00000000033494,-37.5));
#7615=CARTESIAN_POINT('Ctrl Pts',(38.4328367480906,-3.00604500366707,-37.5));
#7616=CARTESIAN_POINT('Ctrl Pts',(38.8472396582829,-3.02641531731663,-37.5));
#7617=CARTESIAN_POINT('Ctrl Pts',(39.5369860802014,-3.06949979712375,-37.5));
#7618=CARTESIAN_POINT('Ctrl Pts',(40.6419401729726,-3.13804017823568,-37.5));
#7619=CARTESIAN_POINT('Ctrl Pts',(41.748877703514,-3.105556846018,-37.5));
#7620=CARTESIAN_POINT('Ctrl Pts',(42.5767076379357,-3.05195805601641,-37.5));
#7621=CARTESIAN_POINT('Ctrl Pts',(42.9908123471202,-3.02654148590805,-37.5));
#7622=CARTESIAN_POINT('Ctrl Pts',(43.3360816511151,-3.0093641831681,-37.5));
#7623=CARTESIAN_POINT('Ctrl Pts',(43.5780028117711,-3.00250863167894,-37.5));
#7624=CARTESIAN_POINT('Ctrl Pts',(43.7162767902387,-3.00037428265092,-37.5));
#7625=CARTESIAN_POINT('Ctrl Pts',(43.7854222422025,-3.0000000000512,-37.5));
#7626=CARTESIAN_POINT('Ctrl Pts',(43.8199941224781,-3.00000000000001,-37.5));
#7627=CARTESIAN_POINT('Origin',(37.688,-2.99999999999998,-36.5));
#7628=CARTESIAN_POINT('',(37.688,-2.99999999999998,-37.5));
#7629=CARTESIAN_POINT('',(37.688,-3.99999999999999,-36.5));
#7630=CARTESIAN_POINT('Ctrl Pts',(50.01,-2.99999999999998,-36.5));
#7631=CARTESIAN_POINT('Ctrl Pts',(50.01,-2.99999999999998,-37.5));
#7632=CARTESIAN_POINT('Ctrl Pts',(49.,-2.99999999999998,-37.5));
#7633=CARTESIAN_POINT('Ctrl Pts',(50.01,-1.00000000000002,-36.5));
#7634=CARTESIAN_POINT('Ctrl Pts',(50.01,-1.00000000000002,-37.5));
#7635=CARTESIAN_POINT('Ctrl Pts',(49.,-1.00000000000002,-37.5));
#7636=CARTESIAN_POINT('',(50.01,-3.99999999999999,-36.5));
#7637=CARTESIAN_POINT('',(49.,-3.99999999999999,-37.5));
#7638=CARTESIAN_POINT('Ctrl Pts',(1.732,-2.22565021967824E-14,-36.5));
#7639=CARTESIAN_POINT('Ctrl Pts',(0.722000000000005,-2.17057274931598E-14,
-36.5));
#7640=CARTESIAN_POINT('Ctrl Pts',(0.722000000000005,-1.00000000000002,-36.5));
#7641=CARTESIAN_POINT('Ctrl Pts',(1.732,-1.42073852682501E-14,-0.499999999999972));
#7642=CARTESIAN_POINT('Ctrl Pts',(0.722000000000005,-1.36566105646274E-14,
-0.499999999999972));
#7643=CARTESIAN_POINT('Ctrl Pts',(0.722000000000005,-1.00000000000001,-0.499999999999972));
#7644=CARTESIAN_POINT('',(1.732,-6.21724893790088E-15,-28.));
#7645=CARTESIAN_POINT('',(0.722000000000005,-1.00000000000002,-28.));
#7646=CARTESIAN_POINT('Ctrl Pts',(1.732,-2.99999999999998,-37.5));
#7647=CARTESIAN_POINT('Ctrl Pts',(0.721999999999995,-2.99999999999998,-37.5));
#7648=CARTESIAN_POINT('Ctrl Pts',(0.721999999999996,-2.99999999999998,-36.5));
#7649=CARTESIAN_POINT('Ctrl Pts',(1.732,-1.00000000000002,-37.5));
#7650=CARTESIAN_POINT('Ctrl Pts',(0.721999999999995,-1.00000000000002,-37.5));
#7651=CARTESIAN_POINT('Ctrl Pts',(0.721999999999996,-1.00000000000002,-36.5));
#7652=CARTESIAN_POINT('',(1.732,-3.99999999999999,-37.5));
#7653=CARTESIAN_POINT('',(0.722000000000005,-3.99999999999999,-36.5));
#7654=CARTESIAN_POINT('Origin',(37.688,-1.00000000000002,-36.5));
#7655=CARTESIAN_POINT('',(37.688,-8.10462807976365E-15,-36.5));
#7656=CARTESIAN_POINT('',(37.688,-1.00000000000002,-37.5));
#7657=CARTESIAN_POINT('Ctrl Pts',(9.81199999999997,-3.99999999999999,-19.9999999999984));
#7658=CARTESIAN_POINT('Ctrl Pts',(11.0963072879176,-3.99999999999999,-19.9999999999984));
#7659=CARTESIAN_POINT('Ctrl Pts',(13.6633213691045,-3.99999999999998,-20.5794538470078));
#7660=CARTESIAN_POINT('Ctrl Pts',(16.755258182695,-3.99999999999998,-23.0198555344457));
#7661=CARTESIAN_POINT('Ctrl Pts',(18.4653276781537,-3.99999999999999,-26.541998683806));
#7662=CARTESIAN_POINT('Ctrl Pts',(18.47253296619,-3.99999999999999,-30.8945040365385));
#7663=CARTESIAN_POINT('Ctrl Pts',(16.4592852450305,-3.99999999999999,-34.3443395974528));
#7664=CARTESIAN_POINT('Ctrl Pts',(13.2336218241422,-3.99999999999999,-36.5148222774912));
#7665=CARTESIAN_POINT('Ctrl Pts',(9.81321518941462,-3.99999999999998,-37.2913618128593));
#7666=CARTESIAN_POINT('Ctrl Pts',(5.95868745175335,-3.99999999999999,-36.4198917397886));
#7667=CARTESIAN_POINT('Ctrl Pts',(3.64354350765034,-3.99999999999998,-34.5905427613112));
#7668=CARTESIAN_POINT('Ctrl Pts',(2.15561624454984,-3.99999999999999,-32.5121899672341));
#7669=CARTESIAN_POINT('Ctrl Pts',(1.156427625365,-3.99999999999998,-30.1302946563977));
#7670=CARTESIAN_POINT('Ctrl Pts',(1.15638196715908,-3.99999999999999,-26.5438511181998));
#7671=CARTESIAN_POINT('Ctrl Pts',(2.86987125635397,-3.99999999999998,-23.0190179611406));
#7672=CARTESIAN_POINT('Ctrl Pts',(5.96006624400986,-3.99999999999998,-20.5799283589972));
#7673=CARTESIAN_POINT('Ctrl Pts',(8.52769271208253,-3.99999999999999,-19.9999999999995));
#7674=CARTESIAN_POINT('Ctrl Pts',(9.81200000000007,-3.99999999999999,-19.9999999999995));
#7675=CARTESIAN_POINT('Ctrl Pts',(9.81199999999997,-3.99999999999999,-20.0404061017805));
#7676=CARTESIAN_POINT('Ctrl Pts',(11.0901544070998,-3.99999999999999,-20.0404061017805));
#7677=CARTESIAN_POINT('Ctrl Pts',(13.6450129058298,-3.99999999999998,-20.6171268204231));
#7678=CARTESIAN_POINT('Ctrl Pts',(16.7222323585687,-3.99999999999998,-23.0459445306877));
#7679=CARTESIAN_POINT('Ctrl Pts',(18.424165858407,-3.99999999999999,-26.5513215276417));
#7680=CARTESIAN_POINT('Ctrl Pts',(18.4313292658561,-3.99999999999999,-30.8831468010539));
#7681=CARTESIAN_POINT('Ctrl Pts',(16.4276665542276,-3.99999999999999,-34.3165330133779));
#7682=CARTESIAN_POINT('Ctrl Pts',(13.2173623162321,-3.99999999999999,-36.4766890694879));
#7683=CARTESIAN_POINT('Ctrl Pts',(9.8131792514573,-3.99999999999998,-37.249542742146));
#7684=CARTESIAN_POINT('Ctrl Pts',(5.97704519691785,-3.99999999999999,-36.3822250726962));
#7685=CARTESIAN_POINT('Ctrl Pts',(3.67286650068668,-3.99999999999998,-34.5615600835677));
#7686=CARTESIAN_POINT('Ctrl Pts',(2.19204856219624,-3.99999999999999,-32.4931307314673));
#7687=CARTESIAN_POINT('Ctrl Pts',(1.19761523371196,-3.99999999999998,-30.1225865647255));
#7688=CARTESIAN_POINT('Ctrl Pts',(1.19755215269382,-3.99999999999999,-26.553131619218));
#7689=CARTESIAN_POINT('Ctrl Pts',(2.90289352097461,-3.99999999999998,-23.0451214269143));
#7690=CARTESIAN_POINT('Ctrl Pts',(5.97837680108395,-3.99999999999998,-20.6175917810562));
#7691=CARTESIAN_POINT('Ctrl Pts',(8.5338455929003,-3.99999999999998,-20.0404061017816));
#7692=CARTESIAN_POINT('Ctrl Pts',(9.81200000000007,-3.99999999999998,-20.0404061017816));
#7693=CARTESIAN_POINT('Ctrl Pts',(9.81199999999996,-4.07942869080796,-20.2111019852347));
#7694=CARTESIAN_POINT('Ctrl Pts',(11.0644632878922,-4.07942869080796,-20.2111019852347));
#7695=CARTESIAN_POINT('Ctrl Pts',(13.5676724242226,-4.07942869080796,-20.7761412729098));
#7696=CARTESIAN_POINT('Ctrl Pts',(16.582840619544,-4.07942869080797,-23.1559157661763));
#7697=CARTESIAN_POINT('Ctrl Pts',(18.2504472293703,-4.07942869080798,-26.5906100034459));
#7698=CARTESIAN_POINT('Ctrl Pts',(18.2574819551134,-4.07942869080799,-30.835007326903));
#7699=CARTESIAN_POINT('Ctrl Pts',(16.2942181293478,-4.07942869080797,-34.1992193614974));
#7700=CARTESIAN_POINT('Ctrl Pts',(13.1486377588726,-4.07942869080797,-36.3158067287676));
#7701=CARTESIAN_POINT('Ctrl Pts',(9.81321815866488,-4.07942869080798,-37.0730544046144));
#7702=CARTESIAN_POINT('Ctrl Pts',(6.05434208792715,-4.07942869080798,-36.223217054578));
#7703=CARTESIAN_POINT('Ctrl Pts',(3.79674010029453,-4.07942869080797,-34.4393142350294));
#7704=CARTESIAN_POINT('Ctrl Pts',(2.34572648168857,-4.07942869080798,-32.4125304427784));
#7705=CARTESIAN_POINT('Ctrl Pts',(1.37134720670719,-4.07942869080798,-30.0897595170694));
#7706=CARTESIAN_POINT('Ctrl Pts',(1.37132206969215,-4.07942869080799,-26.5924532907752));
#7707=CARTESIAN_POINT('Ctrl Pts',(3.04225878058397,-4.07942869080797,-23.1550874675204));
#7708=CARTESIAN_POINT('Ctrl Pts',(6.05573129608132,-4.07942869080796,-20.7766120185365));
#7709=CARTESIAN_POINT('Ctrl Pts',(8.55953671210788,-4.07942869080796,-20.2111019852358));
#7710=CARTESIAN_POINT('Ctrl Pts',(9.81200000000007,-4.07942869080796,-20.2111019852358));
#7711=CARTESIAN_POINT('Ctrl Pts',(9.81199999999997,-4.67362115869194,-20.958777676027));
#7712=CARTESIAN_POINT('Ctrl Pts',(10.951304788264,-4.67362115869193,-20.958777676027));
#7713=CARTESIAN_POINT('Ctrl Pts',(13.2289007387677,-4.67362115869191,-21.4729316357017));
#7714=CARTESIAN_POINT('Ctrl Pts',(15.9720200586281,-4.67362115869193,-23.638110475304));
#7715=CARTESIAN_POINT('Ctrl Pts',(17.489178517066,-4.67362115869193,-26.7628993345124));
#7716=CARTESIAN_POINT('Ctrl Pts',(17.4955493240653,-4.67362115869194,-30.6244827194991));
#7717=CARTESIAN_POINT('Ctrl Pts',(15.709432600866,-4.67362115869193,-33.685043367346));
#7718=CARTESIAN_POINT('Ctrl Pts',(12.8476881585551,-4.67362115869194,-35.6106759663232));
#7719=CARTESIAN_POINT('Ctrl Pts',(9.81299215729628,-4.67362115869193,-36.2996396751262));
#7720=CARTESIAN_POINT('Ctrl Pts',(6.39344616162705,-4.67362115869193,-35.5264968744812));
#7721=CARTESIAN_POINT('Ctrl Pts',(4.33932992369693,-4.67362115869192,-33.9034591363866));
#7722=CARTESIAN_POINT('Ctrl Pts',(3.01934019388163,-4.67362115869192,-32.0596635171017));
#7723=CARTESIAN_POINT('Ctrl Pts',(2.13287306987897,-4.67362115869193,-29.9465207574957));
#7724=CARTESIAN_POINT('Ctrl Pts',(2.1327822870024,-4.67362115869195,-26.7644472364944));
#7725=CARTESIAN_POINT('Ctrl Pts',(3.65298713975431,-4.67362115869194,-23.6373972695683));
#7726=CARTESIAN_POINT('Ctrl Pts',(6.39455362067774,-4.67362115869192,-21.4733318307745));
#7727=CARTESIAN_POINT('Ctrl Pts',(8.67269521173615,-4.67362115869194,-20.958777676028));
#7728=CARTESIAN_POINT('Ctrl Pts',(9.81200000000007,-4.67362115869194,-20.958777676028));
#7729=CARTESIAN_POINT('Ctrl Pts',(9.81199999999996,-5.95380879520246,-22.3543601330791));
#7730=CARTESIAN_POINT('Ctrl Pts',(10.7407860125278,-5.95380879520246,-22.3543601330791));
#7731=CARTESIAN_POINT('Ctrl Pts',(12.5965713487366,-5.95380879520245,-22.7732203206175));
#7732=CARTESIAN_POINT('Ctrl Pts',(14.8321779690627,-5.95380879520247,-24.5375964524305));
#7733=CARTESIAN_POINT('Ctrl Pts',(16.0686168561895,-5.95380879520249,-27.0842658342203));
#7734=CARTESIAN_POINT('Ctrl Pts',(16.07386008339,-5.95380879520249,-30.231153579741));
#7735=CARTESIAN_POINT('Ctrl Pts',(14.6181838750284,-5.95380879520248,-32.7256622552409));
#7736=CARTESIAN_POINT('Ctrl Pts',(12.2858636449459,-5.95380879520248,-34.2949961978144));
#7737=CARTESIAN_POINT('Ctrl Pts',(9.81301177578358,-5.95380879520247,-34.8564225921137));
#7738=CARTESIAN_POINT('Ctrl Pts',(7.02581319102704,-5.95380879520246,-34.2262924186763));
#7739=CARTESIAN_POINT('Ctrl Pts',(5.35210333250567,-5.95380879520246,-32.9036964842631));
#7740=CARTESIAN_POINT('Ctrl Pts',(4.27614748719221,-5.95380879520246,-31.4008204331729));
#7741=CARTESIAN_POINT('Ctrl Pts',(3.55369343927187,-5.95380879520247,-29.678545418241));
#7742=CARTESIAN_POINT('Ctrl Pts',(3.55373831428652,-5.95380879520248,-27.0857532532289));
#7743=CARTESIAN_POINT('Ctrl Pts',(4.79263064449212,-5.95380879520248,-24.536944564681));
#7744=CARTESIAN_POINT('Ctrl Pts',(7.02698949406509,-5.95380879520245,-22.7735956138217));
#7745=CARTESIAN_POINT('Ctrl Pts',(8.88321398747229,-5.95380879520246,-22.3543601330798));
#7746=CARTESIAN_POINT('Ctrl Pts',(9.81200000000005,-5.95380879520246,-22.3543601330798));
#7747=CARTESIAN_POINT('Ctrl Pts',(9.81199999999995,-7.64816714255452,-24.0491631988019));
#7748=CARTESIAN_POINT('Ctrl Pts',(10.4846284318232,-7.64816714255452,-24.0491631988019));
#7749=CARTESIAN_POINT('Ctrl Pts',(11.8286607745885,-7.64816714255448,-24.3525233749543));
#7750=CARTESIAN_POINT('Ctrl Pts',(13.4477374722416,-7.64816714255451,-25.6303399833659));
#7751=CARTESIAN_POINT('Ctrl Pts',(14.3431962267242,-7.64816714255452,-27.4746948340276));
#7752=CARTESIAN_POINT('Ctrl Pts',(14.3469897959588,-7.64816714255453,-29.7537601169935));
#7753=CARTESIAN_POINT('Ctrl Pts',(13.2927573116631,-7.64816714255451,-31.5603256750091));
#7754=CARTESIAN_POINT('Ctrl Pts',(11.6036410171268,-7.64816714255452,-32.6968749693704));
#7755=CARTESIAN_POINT('Ctrl Pts',(9.81271806335136,-7.6481671425545,-33.1034776828045));
#7756=CARTESIAN_POINT('Ctrl Pts',(7.79418866069376,-7.64816714255451,-32.6471252943331));
#7757=CARTESIAN_POINT('Ctrl Pts',(6.58202364499557,-7.6481671425545,-31.6892600364542));
#7758=CARTESIAN_POINT('Ctrl Pts',(5.80280528332372,-7.6481671425545,-30.6008582626588));
#7759=CARTESIAN_POINT('Ctrl Pts',(5.27958740813137,-7.64816714255451,-29.3535544685508));
#7760=CARTESIAN_POINT('Ctrl Pts',(5.27961131536226,-7.64816714255454,-27.4757557266494));
#7761=CARTESIAN_POINT('Ctrl Pts',(6.17684902872455,-7.64816714255452,-25.6298729775684));
#7762=CARTESIAN_POINT('Ctrl Pts',(7.79502077791965,-7.6481671425545,-24.3527916185693));
#7763=CARTESIAN_POINT('Ctrl Pts',(9.13937156817681,-7.64816714255449,-24.0491631988023));
#7764=CARTESIAN_POINT('Ctrl Pts',(9.81200000000004,-7.64816714255449,-24.0491631988023));
#7765=CARTESIAN_POINT('Ctrl Pts',(9.81199999999995,-9.03890259270969,-25.3242506645568));
#7766=CARTESIAN_POINT('Ctrl Pts',(10.2916904323773,-9.03890259270969,-25.3242506645568));
#7767=CARTESIAN_POINT('Ctrl Pts',(11.2509194660409,-9.03890259270965,-25.5408117609818));
#7768=CARTESIAN_POINT('Ctrl Pts',(12.4060608381073,-9.03890259270968,-26.4526414669717));
#7769=CARTESIAN_POINT('Ctrl Pts',(13.044951227683,-9.03890259270967,-27.7685037892708));
#7770=CARTESIAN_POINT('Ctrl Pts',(13.0476193764207,-9.03890259270968,-29.3947083234265));
#7771=CARTESIAN_POINT('Ctrl Pts',(12.2954807084926,-9.03890259270967,-30.6834710149562));
#7772=CARTESIAN_POINT('Ctrl Pts',(11.0903959130986,-9.03890259270969,-31.4943736601223));
#7773=CARTESIAN_POINT('Ctrl Pts',(9.81235963333431,-9.03890259270967,-31.7845198141605));
#7774=CARTESIAN_POINT('Ctrl Pts',(8.37246119069118,-9.03890259270968,-31.4589537381951));
#7775=CARTESIAN_POINT('Ctrl Pts',(7.50735707679184,-9.03890259270967,-30.7754389187826));
#7776=CARTESIAN_POINT('Ctrl Pts',(6.95155466987956,-9.03890259270967,-29.999066428658));
#7777=CARTESIAN_POINT('Ctrl Pts',(6.57825742269273,-9.03890259270967,-29.1092374454825));
#7778=CARTESIAN_POINT('Ctrl Pts',(6.57818516426676,-9.0389025927097,-27.769090945344));
#7779=CARTESIAN_POINT('Ctrl Pts',(7.21836680244522,-9.03890259270968,-26.4523613545429));
#7780=CARTESIAN_POINT('Ctrl Pts',(8.37284917797984,-9.03890259270966,-25.5409662168831));
#7781=CARTESIAN_POINT('Ctrl Pts',(9.3323095676227,-9.03890259270966,-25.3242506645569));
#7782=CARTESIAN_POINT('Ctrl Pts',(9.81200000000002,-9.03890259270966,-25.3242506645569));
#7783=CARTESIAN_POINT('Ctrl Pts',(9.81199999999995,-9.78973768286405,-25.9213648704626));
#7784=CARTESIAN_POINT('Ctrl Pts',(10.2017318662195,-9.78973768286405,-25.9213648704626));
#7785=CARTESIAN_POINT('Ctrl Pts',(10.9803723002499,-9.78973768286403,-26.0971024189871));
#7786=CARTESIAN_POINT('Ctrl Pts',(11.9184154161621,-9.78973768286405,-26.8374043019639));
#7787=CARTESIAN_POINT('Ctrl Pts',(12.4372135793812,-9.78973768286405,-27.9059674683003));
#7788=CARTESIAN_POINT('Ctrl Pts',(12.4394175129994,-9.78973768286405,-29.2263576870496));
#7789=CARTESIAN_POINT('Ctrl Pts',(11.8286260259445,-9.78973768286404,-30.2730487634308));
#7790=CARTESIAN_POINT('Ctrl Pts',(10.8499998989788,-9.78973768286405,-30.9315266329375));
#7791=CARTESIAN_POINT('Ctrl Pts',(9.81244010446796,-9.78973768286402,-31.167091402011));
#7792=CARTESIAN_POINT('Ctrl Pts',(8.64292931063559,-9.78973768286404,-30.9026914822117));
#7793=CARTESIAN_POINT('Ctrl Pts',(7.94068191491654,-9.78973768286403,-30.3477527007543));
#7794=CARTESIAN_POINT('Ctrl Pts',(7.48920532824663,-9.78973768286404,-29.7171417907854));
#7795=CARTESIAN_POINT('Ctrl Pts',(7.18606963412304,-9.78973768286402,-28.9944816337201));
#7796=CARTESIAN_POINT('Ctrl Pts',(7.18609757260122,-9.78973768286406,-27.9066088900485));
#7797=CARTESIAN_POINT('Ctrl Pts',(7.70592293373806,-9.78973768286405,-26.8371253617087));
#7798=CARTESIAN_POINT('Ctrl Pts',(8.64344385682915,-9.78973768286404,-26.0972636550106));
#7799=CARTESIAN_POINT('Ctrl Pts',(9.42226813378049,-9.78973768286405,-25.9213648704626));
#7800=CARTESIAN_POINT('Ctrl Pts',(9.81200000000002,-9.78973768286405,-25.9213648704626));
#7801=CARTESIAN_POINT('Ctrl Pts',(9.81199999999995,-9.95959389821791,-26.));
#7802=CARTESIAN_POINT('Ctrl Pts',(10.1897541489829,-9.95959389821791,-26.));
#7803=CARTESIAN_POINT('Ctrl Pts',(10.9447417873873,-9.95959389821791,-26.1704201089825));
#7804=CARTESIAN_POINT('Ctrl Pts',(11.8541417430043,-9.95959389821791,-26.8881794069716));
#7805=CARTESIAN_POINT('Ctrl Pts',(12.3571057784861,-9.95959389821791,-27.9241119465586));
#7806=CARTESIAN_POINT('Ctrl Pts',(12.3592276524276,-9.95959389821791,-29.204256991373));
#7807=CARTESIAN_POINT('Ctrl Pts',(11.7670908163395,-9.95959389821791,-30.2189320207234));
#7808=CARTESIAN_POINT('Ctrl Pts',(10.8183573585456,-9.95959389821792,-30.8573123924449));
#7809=CARTESIAN_POINT('Ctrl Pts',(9.81236797062834,-9.9595938982179,-31.0857044329115));
#7810=CARTESIAN_POINT('Ctrl Pts',(8.67865862865099,-9.95959389821792,-30.8293862975503));
#7811=CARTESIAN_POINT('Ctrl Pts',(7.99774800150035,-9.95959389821791,-30.2913467217416));
#7812=CARTESIAN_POINT('Ctrl Pts',(7.56010965026871,-9.95959389821791,-29.6800511987218));
#7813=CARTESIAN_POINT('Ctrl Pts',(7.26622872258185,-9.95959389821791,-28.9794838000972));
#7814=CARTESIAN_POINT('Ctrl Pts',(7.2662214708643,-9.95959389821792,-27.9246685242616));
#7815=CARTESIAN_POINT('Ctrl Pts',(7.77018981130947,-9.95959389821791,-26.8879293891713));
#7816=CARTESIAN_POINT('Ctrl Pts',(8.67907838501947,-9.95959389821791,-26.1705622261535));
#7817=CARTESIAN_POINT('Ctrl Pts',(9.4342458510171,-9.95959389821791,-26.));
#7818=CARTESIAN_POINT('Ctrl Pts',(9.81200000000002,-9.95959389821791,-26.));
#7819=CARTESIAN_POINT('Ctrl Pts',(9.81199999999994,-10.,-26.));
#7820=CARTESIAN_POINT('Ctrl Pts',(10.1897374376228,-10.,-26.));
#7821=CARTESIAN_POINT('Ctrl Pts',(10.9447415791483,-10.,-26.1704276020614));
#7822=CARTESIAN_POINT('Ctrl Pts',(11.8541347596162,-10.,-26.8881928042488));
#7823=CARTESIAN_POINT('Ctrl Pts',(12.3570963759275,-10.,-27.9241172599429));
#7824=CARTESIAN_POINT('Ctrl Pts',(12.3592155782911,-10.,-29.2042658930995));
#7825=CARTESIAN_POINT('Ctrl Pts',(11.7670838955972,-10.,-30.2189234110155));
#7826=CARTESIAN_POINT('Ctrl Pts',(10.8183593600418,-10.,-30.8573006698503));
#7827=CARTESIAN_POINT('Ctrl Pts',(9.81235740865135,-9.99999999999999,-31.0856946508409));
#7828=CARTESIAN_POINT('Ctrl Pts',(8.67867277992748,-10.,-30.8293799234672));
#7829=CARTESIAN_POINT('Ctrl Pts',(7.99774809048543,-9.99999999999999,-30.2913361062679));
#7830=CARTESIAN_POINT('Ctrl Pts',(7.56012242486761,-10.,-29.6800558727159));
#7831=CARTESIAN_POINT('Ctrl Pts',(7.26624341922502,-10.,-28.9794984283522));
#7832=CARTESIAN_POINT('Ctrl Pts',(7.26622999034095,-10.,-27.9246620935882));
#7833=CARTESIAN_POINT('Ctrl Pts',(7.77019742833944,-10.,-26.887946459159));
#7834=CARTESIAN_POINT('Ctrl Pts',(8.67907830706176,-10.,-26.170567164411));
#7835=CARTESIAN_POINT('Ctrl Pts',(9.43426256237722,-10.,-26.));
#7836=CARTESIAN_POINT('Ctrl Pts',(9.81200000000002,-10.,-26.));
#7837=CARTESIAN_POINT('Ctrl Pts',(1.7319633245063,-3.99999999999999,-31.3721875212915));
#7838=CARTESIAN_POINT('Ctrl Pts',(1.94141540401369,-3.99999999999999,-31.9488102191937));
#7839=CARTESIAN_POINT('Ctrl Pts',(2.21376302797243,-3.99999999999999,-32.5031775530533));
#7840=CARTESIAN_POINT('Ctrl Pts',(2.54287114294733,-3.99999999999999,-33.0222924621046));
#7841=CARTESIAN_POINT('Ctrl Pts',(2.71358896821253,-3.99999999999999,-33.291572265013));
#7842=CARTESIAN_POINT('Ctrl Pts',(2.89957987610009,-3.99999999999999,-33.5513663642726));
#7843=CARTESIAN_POINT('Ctrl Pts',(3.09982024561243,-3.99999999999999,-33.7998538432021));
#7844=CARTESIAN_POINT('Ctrl Pts',(3.90078172366178,-3.99999999999998,-34.7938037589198));
#7845=CARTESIAN_POINT('Ctrl Pts',(4.92973458770756,-3.99999999999999,-35.6068477493542));
#7846=CARTESIAN_POINT('Ctrl Pts',(6.08663230934066,-3.99999999999999,-36.1586147567499));
#7847=CARTESIAN_POINT('Ctrl Pts',(6.35497179335266,-3.99999999999999,-36.2865957107191));
#7848=CARTESIAN_POINT('Ctrl Pts',(6.630194662416,-3.99999999999999,-36.4005200616077));
#7849=CARTESIAN_POINT('Ctrl Pts',(6.91069066814584,-3.99999999999999,-36.5000188247643));
#7850=CARTESIAN_POINT('',(9.81200000000008,-3.99999999999999,-19.9999999999995));
#7851=CARTESIAN_POINT('Ctrl Pts',(12.712245505161,-3.99999999999999,-36.4992392569854));
#7852=CARTESIAN_POINT('Ctrl Pts',(12.9927378437278,-3.99999999999999,-36.3998354995145));
#7853=CARTESIAN_POINT('Ctrl Pts',(13.2680737628508,-3.99999999999999,-36.2860847398051));
#7854=CARTESIAN_POINT('Ctrl Pts',(13.5367138448471,-3.99999999999999,-36.1583796950203));
#7855=CARTESIAN_POINT('Ctrl Pts',(14.3088429644382,-3.99999999999999,-35.7913280508116));
#7856=CARTESIAN_POINT('Ctrl Pts',(15.0256570579689,-3.99999999999999,-35.3089985663586));
#7857=CARTESIAN_POINT('Ctrl Pts',(15.6526625811493,-3.99999999999999,-34.7319022018407));
#7858=CARTESIAN_POINT('Ctrl Pts',(16.9066736275101,-3.99999999999999,-33.5777094728049));
#7859=CARTESIAN_POINT('Ctrl Pts',(17.8014503924697,-3.99999999999999,-32.0444492235097));
#7860=CARTESIAN_POINT('Ctrl Pts',(18.1832792259012,-3.99999999999999,-30.3924793217587));
#7861=CARTESIAN_POINT('Ctrl Pts',(18.4696508509748,-3.99999999999999,-29.1535018954454));
#7862=CARTESIAN_POINT('Ctrl Pts',(18.4674892645638,-3.99999999999999,-27.8477502896258));
#7863=CARTESIAN_POINT('Ctrl Pts',(18.1813968887819,-3.99999999999998,-26.6078506284893));
#7864=CARTESIAN_POINT('Ctrl Pts',(17.895304513,-3.99999999999999,-25.3679509673529));
#7865=CARTESIAN_POINT('Ctrl Pts',(17.325281347847,-3.99999999999998,-24.1939032508996));
#7866=CARTESIAN_POINT('Ctrl Pts',(16.5249469630055,-3.99999999999998,-23.2001457781001));
#7867=CARTESIAN_POINT('Ctrl Pts',(15.7246125781641,-3.99999999999998,-22.2063883053006));
#7868=CARTESIAN_POINT('Ctrl Pts',(14.693966973634,-3.99999999999998,-21.3929210761548));
#7869=CARTESIAN_POINT('Ctrl Pts',(13.5368906510723,-3.99999999999998,-20.8413239998296));
#7870=CARTESIAN_POINT('Ctrl Pts',(12.3798143285107,-3.99999999999998,-20.2897269235045));
#7871=CARTESIAN_POINT('Ctrl Pts',(11.0963072879174,-3.99999999999999,-19.9999999999999));
#7872=CARTESIAN_POINT('Ctrl Pts',(9.81200000000008,-3.99999999999999,-20.));
#7873=CARTESIAN_POINT('',(9.81199999999995,-10.,-26.));
#7874=CARTESIAN_POINT('Ctrl Pts',(9.81199999999997,-3.99999999999999,-19.9999999999985));
#7875=CARTESIAN_POINT('Ctrl Pts',(9.81199999999997,-4.00000000000001,-20.0404061017806));
#7876=CARTESIAN_POINT('Ctrl Pts',(9.81199999999996,-4.03971434540401,-20.1257540435076));
#7877=CARTESIAN_POINT('Ctrl Pts',(9.81199999999996,-4.15860359608663,-20.2930406295032));
#7878=CARTESIAN_POINT('Ctrl Pts',(9.81199999999996,-4.27749284676929,-20.4603272154988));
#7879=CARTESIAN_POINT('Ctrl Pts',(9.81199999999996,-4.47555700273061,-20.7095524457629));
#7880=CARTESIAN_POINT('Ctrl Pts',(9.81199999999996,-4.78795368679636,-21.0667621370703));
#7881=CARTESIAN_POINT('Ctrl Pts',(9.81199999999996,-5.10035037086211,-21.4239718283777));
#7882=CARTESIAN_POINT('Ctrl Pts',(9.81199999999996,-5.52707958303229,-21.8891659807284));
#7883=CARTESIAN_POINT('Ctrl Pts',(9.81199999999996,-6.02283724700938,-22.4042302345242));
#7884=CARTESIAN_POINT('Ctrl Pts',(9.81199999999996,-6.51859491098648,-22.91929448832));
#7885=CARTESIAN_POINT('Ctrl Pts',(9.81199999999996,-7.0833810267705,-23.484228843561));
#7886=CARTESIAN_POINT('Ctrl Pts',(9.81199999999995,-7.59756332635504,-23.9792105988073));
#7887=CARTESIAN_POINT('Ctrl Pts',(9.81199999999995,-8.11174562593958,-24.4741923540536));
#7888=CARTESIAN_POINT('Ctrl Pts',(9.81199999999995,-8.57532410932463,-24.8992215093052));
#7889=CARTESIAN_POINT('Ctrl Pts',(9.81199999999995,-8.93225253270955,-25.2112551212486));
#7890=CARTESIAN_POINT('Ctrl Pts',(9.81199999999995,-9.28918095609448,-25.5232887331921));
#7891=CARTESIAN_POINT('Ctrl Pts',(9.81199999999995,-9.53945931947926,-25.7223268018273));
#7892=CARTESIAN_POINT('Ctrl Pts',(9.81199999999995,-9.70706255501012,-25.8415046185293));
#7893=CARTESIAN_POINT('Ctrl Pts',(9.81199999999995,-9.87466579054098,-25.9606824352313));
#7894=CARTESIAN_POINT('Ctrl Pts',(9.81199999999995,-9.95959389821791,-26.));
#7895=CARTESIAN_POINT('Ctrl Pts',(9.81199999999994,-9.99999999999999,-26.));
#7896=CARTESIAN_POINT('',(12.3370035464045,-10.,-28.500150280829));
#7897=CARTESIAN_POINT('Ctrl Pts',(9.81199999999994,-10.,-26.));
#7898=CARTESIAN_POINT('Ctrl Pts',(10.1897374376228,-10.,-26.));
#7899=CARTESIAN_POINT('Ctrl Pts',(10.9447415791483,-10.,-26.1704276020614));
#7900=CARTESIAN_POINT('Ctrl Pts',(11.8541347596162,-10.,-26.8881928042488));
#7901=CARTESIAN_POINT('Ctrl Pts',(12.2732694460954,-10.,-27.7514631968045));
#7902=CARTESIAN_POINT('Ctrl Pts',(12.3368548758575,-10.,-28.3130039324228));
#7903=CARTESIAN_POINT('Ctrl Pts',(12.3370035464045,-10.,-28.500150280829));
#7904=CARTESIAN_POINT('Ctrl Pts',(12.3370035464045,-10.,-28.500150280829));
#7905=CARTESIAN_POINT('Ctrl Pts',(12.3371522169295,-10.,-28.6872966014635));
#7906=CARTESIAN_POINT('Ctrl Pts',(12.2605269571863,-10.,-29.3733754919664));
#7907=CARTESIAN_POINT('Ctrl Pts',(11.7670838955972,-10.,-30.2189234110155));
#7908=CARTESIAN_POINT('Ctrl Pts',(10.8183593600418,-10.,-30.8573006698503));
#7909=CARTESIAN_POINT('Ctrl Pts',(9.81235740865135,-9.99999999999999,-31.0856946508409));
#7910=CARTESIAN_POINT('Ctrl Pts',(8.67867277992748,-10.,-30.8293799234672));
#7911=CARTESIAN_POINT('Ctrl Pts',(7.99774809048543,-9.99999999999999,-30.2913361062679));
#7912=CARTESIAN_POINT('Ctrl Pts',(7.56012242486761,-10.,-29.6800558727159));
#7913=CARTESIAN_POINT('Ctrl Pts',(7.26624341922502,-10.,-28.9794984283522));
#7914=CARTESIAN_POINT('Ctrl Pts',(7.26622999034095,-10.,-27.9246620935882));
#7915=CARTESIAN_POINT('Ctrl Pts',(7.77019742833944,-10.,-26.887946459159));
#7916=CARTESIAN_POINT('Ctrl Pts',(8.67907830706176,-10.,-26.170567164411));
#7917=CARTESIAN_POINT('Ctrl Pts',(9.43426256237722,-10.,-26.));
#7918=CARTESIAN_POINT('Ctrl Pts',(9.81200000000002,-10.,-26.));
#7919=CARTESIAN_POINT('Ctrl Pts',(9.81200000000011,-3.99999999999999,-20.0000000000011));
#7920=CARTESIAN_POINT('Ctrl Pts',(8.5276927120828,-3.99999999999999,-20.0000000000009));
#7921=CARTESIAN_POINT('Ctrl Pts',(7.2438794780466,-3.99999999999999,-20.2899641794996));
#7922=CARTESIAN_POINT('Ctrl Pts',(6.08694036308585,-3.99999999999998,-20.8414612029393));
#7923=CARTESIAN_POINT('Ctrl Pts',(4.9300012481251,-3.99999999999998,-21.3929582263791));
#7924=CARTESIAN_POINT('Ctrl Pts',(3.89993625223979,-3.99999999999998,-22.20598809376));
#7925=CARTESIAN_POINT('Ctrl Pts',(3.09932220609792,-3.99999999999999,-23.1999752202936));
#7926=CARTESIAN_POINT('Ctrl Pts',(2.51331496070417,-3.99999999999999,-23.9275213591401));
#7927=CARTESIAN_POINT('Ctrl Pts',(2.05023532039069,-3.99999999999999,-24.7520147649925));
#7928=CARTESIAN_POINT('Ctrl Pts',(1.73209750198604,-3.99999999999999,-25.6278306054339));
#7929=CARTESIAN_POINT('Origin',(25.366,-3.99999999999999,-18.5));
#7930=CARTESIAN_POINT('Origin',(25.366,-3.99999999999999,-18.5));
#7931=CARTESIAN_POINT('Ctrl Pts',(43.8194000156136,-3.99999999999999,-36.5000687223622));
#7932=CARTESIAN_POINT('Ctrl Pts',(44.099981189987,-3.99999999999999,-36.4012672891866));
#7933=CARTESIAN_POINT('Ctrl Pts',(44.375388771034,-3.99999999999999,-36.2880215998444));
#7934=CARTESIAN_POINT('Ctrl Pts',(44.6440621525133,-3.99999999999999,-36.1605625252342));
#7935=CARTESIAN_POINT('Ctrl Pts',(45.4162869818803,-3.99999999999999,-35.7942178520096));
#7936=CARTESIAN_POINT('Ctrl Pts',(46.1328798689726,-3.99999999999999,-35.3104548841817));
#7937=CARTESIAN_POINT('Ctrl Pts',(46.7597525473122,-3.99999999999999,-34.7325861844174));
#7938=CARTESIAN_POINT('Ctrl Pts',(47.7621755177575,-3.99999999999999,-33.8085247624404));
#7939=CARTESIAN_POINT('Ctrl Pts',(48.5351772542143,-3.99999999999999,-32.6438279981432));
#7940=CARTESIAN_POINT('Ctrl Pts',(49.0000063968045,-3.99999999999999,-31.3697917391219));
#7941=CARTESIAN_POINT('Origin',(25.366,-3.99999999999999,-18.5));
#7942=CARTESIAN_POINT('Ctrl Pts',(48.9989281366074,-3.99999999999999,-5.12192975969934));
#7943=CARTESIAN_POINT('Ctrl Pts',(48.6981262161144,-3.99999999999999,-4.43443268126056));
#7944=CARTESIAN_POINT('Ctrl Pts',(48.3063448887471,-3.99999999999999,-3.7861183322189));
#7945=CARTESIAN_POINT('Ctrl Pts',(47.834635125344,-3.99999999999999,-3.20039038646247));
#7946=CARTESIAN_POINT('Ctrl Pts',(47.0343083354222,-3.99999999999998,-2.20661454596931));
#7947=CARTESIAN_POINT('Ctrl Pts',(46.0038976118468,-3.99999999999999,-1.39300144323627));
#7948=CARTESIAN_POINT('Ctrl Pts',(44.8468973499738,-3.99999999999999,-0.841347806743547));
#7949=CARTESIAN_POINT('Ctrl Pts',(44.5785339714578,-3.99999999999999,-0.71339309615412));
#7950=CARTESIAN_POINT('Ctrl Pts',(44.3033601179453,-3.99999999999999,-0.599531717595853));
#7951=CARTESIAN_POINT('Ctrl Pts',(44.0229465091252,-3.99999999999999,-0.500109764148725));
#7952=CARTESIAN_POINT('Origin',(25.366,-3.99999999999999,-18.5));
#7953=CARTESIAN_POINT('',(40.9189900000001,-3.99999999999999,-19.9999999999996));
#7954=CARTESIAN_POINT('Ctrl Pts',(40.9189900000001,-3.99999999999999,-20.0000000000011));
#7955=CARTESIAN_POINT('Ctrl Pts',(39.6346827120703,-3.99999999999999,-20.000000000001));
#7956=CARTESIAN_POINT('Ctrl Pts',(38.3508673295176,-3.99999999999998,-20.2900666422966));
#7957=CARTESIAN_POINT('Ctrl Pts',(37.1939016430187,-3.99999999999998,-20.8415330975349));
#7958=CARTESIAN_POINT('Ctrl Pts',(36.0369359565197,-3.99999999999998,-21.3929995527731));
#7959=CARTESIAN_POINT('Ctrl Pts',(35.0068199660746,-3.99999999999999,-22.2058658209541));
#7960=CARTESIAN_POINT('Ctrl Pts',(34.2062358201784,-3.99999999999999,-23.1998861581901));
#7961=CARTESIAN_POINT('Ctrl Pts',(33.4056516742822,-3.99999999999999,-24.193906495426));
#7962=CARTESIAN_POINT('Ctrl Pts',(32.834599372935,-3.99999999999999,-25.369080901717));
#7963=CARTESIAN_POINT('Ctrl Pts',(32.5490010120905,-3.99999999999999,-26.6084791277513));
#7964=CARTESIAN_POINT('Ctrl Pts',(32.263402651246,-3.99999999999999,-27.8478773537856));
#7965=CARTESIAN_POINT('Ctrl Pts',(32.2632582309042,-3.99999999999999,-29.1514993995632));
#7966=CARTESIAN_POINT('Ctrl Pts',(32.5489977095431,-3.99999999999999,-30.3910595425628));
#7967=CARTESIAN_POINT('Ctrl Pts',(32.8347371881819,-3.99999999999999,-31.6306196855623));
#7968=CARTESIAN_POINT('Ctrl Pts',(33.4063605658015,-3.99999999999998,-32.8061179257838));
#7969=CARTESIAN_POINT('Ctrl Pts',(34.2068458643311,-3.99999999999998,-33.7997650979943));
#7970=CARTESIAN_POINT('Ctrl Pts',(35.0073311628608,-3.99999999999999,-34.7934122702049));
#7971=CARTESIAN_POINT('Ctrl Pts',(36.0366783823005,-3.99999999999999,-35.6052083744045));
#7972=CARTESIAN_POINT('Ctrl Pts',(37.193664568097,-3.99999999999999,-36.158200885391));
#7973=CARTESIAN_POINT('Ctrl Pts',(37.462024571066,-3.99999999999999,-36.2864660917625));
#7974=CARTESIAN_POINT('Ctrl Pts',(37.7372515022494,-3.99999999999999,-36.4008077625009));
#7975=CARTESIAN_POINT('Ctrl Pts',(38.0177344535693,-3.99999999999999,-36.500663311148));
#7976=CARTESIAN_POINT('Ctrl Pts',(48.9992362033445,-3.99999999999998,-25.6301161470869));
#7977=CARTESIAN_POINT('Ctrl Pts',(48.6811732047528,-3.99999999999998,-24.753314960218));
#7978=CARTESIAN_POINT('Ctrl Pts',(48.2183497098803,-3.99999999999998,-23.9283396651174));
#7979=CARTESIAN_POINT('Ctrl Pts',(47.6319191766343,-3.99999999999998,-23.2001852825993));
#7980=CARTESIAN_POINT('Ctrl Pts',(46.8315754817058,-3.99999999999998,-22.2064209133446));
#7981=CARTESIAN_POINT('Ctrl Pts',(45.8010011534891,-3.99999999999998,-21.3929953040241));
#7982=CARTESIAN_POINT('Ctrl Pts',(44.6439316050451,-3.99999999999998,-20.8413900756879));
#7983=CARTESIAN_POINT('Ctrl Pts',(43.4868620566011,-3.99999999999998,-20.2897848473517));
#7984=CARTESIAN_POINT('Ctrl Pts',(42.2032972879299,-3.99999999999999,-19.9999999999998));
#7985=CARTESIAN_POINT('Ctrl Pts',(40.9189900000001,-3.99999999999999,-20.));
#7986=CARTESIAN_POINT('Ctrl Pts',(38.2209084648804,-3.99999999999999,-0.500294813978061));
#7987=CARTESIAN_POINT('Ctrl Pts',(37.9404847911707,-3.99999999999999,-0.599719031823936));
#7988=CARTESIAN_POINT('Ctrl Pts',(37.6653080202989,-3.99999999999999,-0.713567165768647));
#7989=CARTESIAN_POINT('Ctrl Pts',(37.3969541068909,-3.99999999999999,-0.841483548940323));
#7990=CARTESIAN_POINT('Ctrl Pts',(36.2399946527837,-3.99999999999999,-1.39297194337511));
#7991=CARTESIAN_POINT('Ctrl Pts',(35.2098548956413,-3.99999999999998,-2.20595357773867));
#7992=CARTESIAN_POINT('Ctrl Pts',(34.4092834572915,-3.99999999999998,-3.1999501366509));
#7993=CARTESIAN_POINT('Ctrl Pts',(33.6087120189417,-3.99999999999998,-4.19394669556314));
#7994=CARTESIAN_POINT('Ctrl Pts',(33.0377088993844,-3.99999999999999,-5.36895817902406));
#7995=CARTESIAN_POINT('Ctrl Pts',(32.7520807437317,-3.99999999999999,-6.60846616453519));
#7996=CARTESIAN_POINT('Ctrl Pts',(32.466452588079,-3.99999999999999,-7.84797415004631));
#7997=CARTESIAN_POINT('Ctrl Pts',(32.4661993963309,-3.99999999999998,-9.15197863760764));
#7998=CARTESIAN_POINT('Ctrl Pts',(32.7518749588648,-3.99999999999998,-10.3914641313366));
#7999=CARTESIAN_POINT('Ctrl Pts',(33.0375505213987,-3.99999999999998,-11.6309496250655));
#8000=CARTESIAN_POINT('Ctrl Pts',(33.6091548382145,-3.99999999999998,-12.805916124962));
#8001=CARTESIAN_POINT('Ctrl Pts',(34.4096794271925,-3.99999999999999,-13.7999038002787));
#8002=CARTESIAN_POINT('Ctrl Pts',(35.2102040161705,-3.99999999999999,-14.7938914755954));
#8003=CARTESIAN_POINT('Ctrl Pts',(36.2396488773107,-3.99999999999999,-15.6069003263323));
#8004=CARTESIAN_POINT('Ctrl Pts',(37.3966857366209,-3.99999999999999,-16.1586476086802));
#8005=CARTESIAN_POINT('Ctrl Pts',(38.5537225959311,-3.99999999999999,-16.7103948910282));
#8006=CARTESIAN_POINT('Ctrl Pts',(39.8383514534113,-3.99999999999999,-17.0008806049872));
#8007=CARTESIAN_POINT('Ctrl Pts',(41.1220592691256,-3.99999999999999,-17.0005216169351));
#8008=CARTESIAN_POINT('Ctrl Pts',(42.4057670848399,-3.99999999999999,-17.0001626288831));
#8009=CARTESIAN_POINT('Ctrl Pts',(43.6885538587884,-3.99999999999999,-16.7089589388199));
#8010=CARTESIAN_POINT('Ctrl Pts',(44.8467717512792,-3.99999999999999,-16.1583941753839));
#8011=CARTESIAN_POINT('Ctrl Pts',(45.6189170129398,-3.99999999999999,-15.79135099976));
#8012=CARTESIAN_POINT('Ctrl Pts',(46.3356983272859,-3.99999999999999,-15.3090362359703));
#8013=CARTESIAN_POINT('Ctrl Pts',(46.9626845508855,-3.99999999999999,-14.7319244220016));
#8014=CARTESIAN_POINT('Ctrl Pts',(47.8304930699338,-3.99999999999999,-13.933146825693));
#8015=CARTESIAN_POINT('Ctrl Pts',(48.5262794216331,-3.99999999999999,-12.9527647129849));
#8016=CARTESIAN_POINT('Ctrl Pts',(48.9990839661691,-3.99999999999999,-11.8771645036945));
#8017=CARTESIAN_POINT('Ctrl Pts',(1.7321143988209,-3.99999999999999,-11.3720803427229));
#8018=CARTESIAN_POINT('Ctrl Pts',(2.05044404425538,-3.99999999999999,-12.2478767968986));
#8019=CARTESIAN_POINT('Ctrl Pts',(2.51377467479976,-3.99999999999999,-13.0723793159465));
#8020=CARTESIAN_POINT('Ctrl Pts',(3.09971482287459,-3.99999999999999,-13.7999309420712));
#8021=CARTESIAN_POINT('Ctrl Pts',(3.90023692283064,-3.99999999999999,-14.7939252220081));
#8022=CARTESIAN_POINT('Ctrl Pts',(4.92961608696794,-3.99999999999999,-15.6069555998675));
#8023=CARTESIAN_POINT('Ctrl Pts',(6.08665825267843,-3.99999999999999,-16.1587057130136));
#8024=CARTESIAN_POINT('Ctrl Pts',(7.24370041838892,-3.99999999999999,-16.7104558261597));
#8025=CARTESIAN_POINT('Ctrl Pts',(8.52840558567259,-3.99999999999998,-17.0009256745924));
#8026=CARTESIAN_POINT('Ctrl Pts',(9.81209816701934,-3.99999999999998,-17.000532943831));
#8027=CARTESIAN_POINT('Ctrl Pts',(11.0957907483661,-3.99999999999998,-17.0001402130696));
#8028=CARTESIAN_POINT('Ctrl Pts',(12.3784707437759,-3.99999999999999,-16.7088849031141));
#8029=CARTESIAN_POINT('Ctrl Pts',(13.5366817056575,-3.99999999999999,-16.1583190745456));
#8030=CARTESIAN_POINT('Ctrl Pts',(14.3088223469119,-3.99999999999999,-15.7912751888332));
#8031=CARTESIAN_POINT('Ctrl Pts',(15.0256434177094,-3.99999999999999,-15.3089821837373));
#8032=CARTESIAN_POINT('Ctrl Pts',(15.6526547584608,-3.99999999999999,-14.7318881716276));
#8033=CARTESIAN_POINT('Ctrl Pts',(16.9066774399636,-3.99999999999999,-13.5777001474082));
#8034=CARTESIAN_POINT('Ctrl Pts',(17.801461201282,-3.99999999999999,-12.0443080951336));
#8035=CARTESIAN_POINT('Ctrl Pts',(18.1833180312834,-3.99999999999999,-10.3923400143605));
#8036=CARTESIAN_POINT('Ctrl Pts',(18.4697106537845,-3.99999999999999,-9.15336395378072));
#8037=CARTESIAN_POINT('Ctrl Pts',(18.4675818774198,-3.99999999999998,-7.8476888771705));
#8038=CARTESIAN_POINT('Ctrl Pts',(18.181408810365,-3.99999999999998,-6.60788802547303));
#8039=CARTESIAN_POINT('Ctrl Pts',(17.8952357433101,-3.99999999999998,-5.36808717377555));
#8040=CARTESIAN_POINT('Ctrl Pts',(17.3250183855652,-3.99999999999999,-4.19416054699081));
#8041=CARTESIAN_POINT('Ctrl Pts',(16.5246869291341,-3.99999999999999,-3.20037047178916));
#8042=CARTESIAN_POINT('Ctrl Pts',(15.724355472703,-3.99999999999999,-2.20658039658751));
#8043=CARTESIAN_POINT('Ctrl Pts',(14.6939099175858,-3.99999999999999,-1.39292687296895));
#8044=CARTESIAN_POINT('Ctrl Pts',(13.5368978713894,-3.99999999999999,-0.8412817738217));
#8045=CARTESIAN_POINT('Ctrl Pts',(13.2685317595284,-3.99999999999999,-0.71332904344863));
#8046=CARTESIAN_POINT('Ctrl Pts',(12.9933564126036,-3.99999999999999,-0.599472279043246));
#8047=CARTESIAN_POINT('Ctrl Pts',(12.7129421221584,-3.99999999999999,-0.50005624528029));
#8048=CARTESIAN_POINT('Origin',(25.366,-3.99999999999999,-18.5));
#8049=CARTESIAN_POINT('Ctrl Pts',(6.91092103310621,-3.99999999999999,-0.500257259310012));
#8050=CARTESIAN_POINT('Ctrl Pts',(6.63049984703762,-3.99999999999999,-0.599677870933199));
#8051=CARTESIAN_POINT('Ctrl Pts',(6.35532592008451,-3.99999999999999,-0.713523645546409));
#8052=CARTESIAN_POINT('Ctrl Pts',(6.08697519518647,-3.99999999999999,-0.841439998275931));
#8053=CARTESIAN_POINT('Ctrl Pts',(4.93002948776166,-3.99999999999999,-1.39292826146615));
#8054=CARTESIAN_POINT('Ctrl Pts',(3.8999098823833,-3.99999999999999,-2.20595305276041));
#8055=CARTESIAN_POINT('Ctrl Pts',(3.0993208972552,-3.99999999999999,-3.19996014258486));
#8056=CARTESIAN_POINT('Ctrl Pts',(2.51333199518706,-3.99999999999999,-3.92752089352497));
#8057=CARTESIAN_POINT('Ctrl Pts',(2.05031338142189,-3.99999999999999,-4.75204232624133));
#8058=CARTESIAN_POINT('Ctrl Pts',(1.73217505825581,-3.99999999999998,-5.62785419770103));
#8059=CARTESIAN_POINT('Ctrl Pts',(40.91899,-3.99999999999999,-19.9999999999984));
#8060=CARTESIAN_POINT('Ctrl Pts',(42.2032972879301,-3.99999999999999,-19.9999999999984));
#8061=CARTESIAN_POINT('Ctrl Pts',(44.7704268252728,-3.99999999999998,-20.5795696947027));
#8062=CARTESIAN_POINT('Ctrl Pts',(47.862149809923,-3.99999999999999,-23.019846522665));
#8063=CARTESIAN_POINT('Ctrl Pts',(49.5724889948429,-3.99999999999998,-26.5421559102315));
#8064=CARTESIAN_POINT('Ctrl Pts',(49.5795108169119,-3.99999999999999,-30.8955682121594));
#8065=CARTESIAN_POINT('Ctrl Pts',(47.5660656431571,-3.99999999999999,-34.3429289485259));
#8066=CARTESIAN_POINT('Ctrl Pts',(43.9831012076958,-3.99999999999999,-36.7617437876654));
#8067=CARTESIAN_POINT('Ctrl Pts',(40.4491463520302,-3.99999999999999,-37.2877761237371));
#8068=CARTESIAN_POINT('Ctrl Pts',(36.722909861927,-3.99999999999999,-36.1464057772044));
#8069=CARTESIAN_POINT('Ctrl Pts',(33.9779839434207,-3.99999999999998,-33.9816161660054));
#8070=CARTESIAN_POINT('Ctrl Pts',(32.2631138105618,-3.99999999999999,-30.455121445341));
#8071=CARTESIAN_POINT('Ctrl Pts',(32.2635470715869,-3.99999999999999,-26.5442553080078));
#8072=CARTESIAN_POINT('Ctrl Pts',(33.9767039756285,-3.99999999999999,-23.0187320891344));
#8073=CARTESIAN_POINT('Ctrl Pts',(37.0670519469642,-3.99999999999998,-20.5801332845909));
#8074=CARTESIAN_POINT('Ctrl Pts',(39.63468271207,-3.99999999999999,-19.9999999999996));
#8075=CARTESIAN_POINT('Ctrl Pts',(40.9189900000001,-3.99999999999999,-19.9999999999996));
#8076=CARTESIAN_POINT('Ctrl Pts',(40.91899,-3.99999999999999,-20.0404061017805));
#8077=CARTESIAN_POINT('Ctrl Pts',(42.1971444071123,-3.99999999999999,-20.0404061017805));
#8078=CARTESIAN_POINT('Ctrl Pts',(44.7521007972188,-3.99999999999998,-20.6172530286402));
#8079=CARTESIAN_POINT('Ctrl Pts',(47.8291016072095,-3.99999999999999,-23.0459558037416));
#8080=CARTESIAN_POINT('Ctrl Pts',(49.5312990322994,-3.99999999999999,-26.5514557862282));
#8081=CARTESIAN_POINT('Ctrl Pts',(49.5382726020011,-3.99999999999999,-30.8841874647302));
#8082=CARTESIAN_POINT('Ctrl Pts',(47.5344285076376,-3.99999999999999,-34.3151098670817));
#8083=CARTESIAN_POINT('Ctrl Pts',(43.9685232792519,-3.99999999999999,-36.722400215603));
#8084=CARTESIAN_POINT('Ctrl Pts',(40.4513440793281,-3.99999999999999,-37.2459539956047));
#8085=CARTESIAN_POINT('Ctrl Pts',(36.7429074894103,-3.99999999999999,-36.1100098673048));
#8086=CARTESIAN_POINT('Ctrl Pts',(34.0110293927903,-3.99999999999998,-33.9555441191694));
#8087=CARTESIAN_POINT('Ctrl Pts',(32.3043385043367,-3.99999999999998,-30.4458153578758));
#8088=CARTESIAN_POINT('Ctrl Pts',(32.3047445168192,-3.99999999999999,-26.5535442082903));
#8089=CARTESIAN_POINT('Ctrl Pts',(34.0097501991285,-3.99999999999999,-23.0448432682203));
#8090=CARTESIAN_POINT('Ctrl Pts',(37.0853797187984,-3.99999999999998,-20.6178141769732));
#8091=CARTESIAN_POINT('Ctrl Pts',(39.6408355928879,-3.99999999999998,-20.0404061017816));
#8092=CARTESIAN_POINT('Ctrl Pts',(40.9189900000001,-3.99999999999998,-20.0404061017816));
#8093=CARTESIAN_POINT('Ctrl Pts',(40.91899,-4.07946196247651,-20.2111269326147));
#8094=CARTESIAN_POINT('Ctrl Pts',(42.1714532879044,-4.07946196247651,-20.2111269326147));
#8095=CARTESIAN_POINT('Ctrl Pts',(44.6747838016024,-4.07946196247652,-20.7762629457463));
#8096=CARTESIAN_POINT('Ctrl Pts',(47.6897428009197,-4.07946196247653,-23.1558961944714));
#8097=CARTESIAN_POINT('Ctrl Pts',(49.3576132084123,-4.07946196247653,-26.5907940495345));
#8098=CARTESIAN_POINT('Ctrl Pts',(49.3644781403248,-4.07946196247652,-30.8360577730709));
#8099=CARTESIAN_POINT('Ctrl Pts',(47.4010086875319,-4.07946196247652,-34.197851162038));
#8100=CARTESIAN_POINT('Ctrl Pts',(43.9070077545216,-4.07946196247652,-36.5566173059327));
#8101=CARTESIAN_POINT('Ctrl Pts',(40.4608586601607,-4.07946196247653,-37.0695578641776));
#8102=CARTESIAN_POINT('Ctrl Pts',(36.8270740871653,-4.07946196247653,-35.9565367747459));
#8103=CARTESIAN_POINT('Ctrl Pts',(34.150328638983,-4.07946196247652,-33.8454781084917));
#8104=CARTESIAN_POINT('Ctrl Pts',(32.4780210402101,-4.07946196247653,-30.406573496633));
#8105=CARTESIAN_POINT('Ctrl Pts',(32.4784732134723,-4.07946196247653,-26.5928424747057));
#8106=CARTESIAN_POINT('Ctrl Pts',(34.1490867195213,-4.07946196247653,-23.154813446676));
#8107=CARTESIAN_POINT('Ctrl Pts',(37.1627081729988,-4.07946196247651,-20.7768122570728));
#8108=CARTESIAN_POINT('Ctrl Pts',(39.6665267120957,-4.07946196247652,-20.2111269326158));
#8109=CARTESIAN_POINT('Ctrl Pts',(40.9189900000001,-4.07946196247652,-20.2111269326158));
#8110=CARTESIAN_POINT('Ctrl Pts',(40.91899,-4.6736782539032,-20.9588244365094));
#8111=CARTESIAN_POINT('Ctrl Pts',(42.058294788275,-4.6736782539032,-20.9588244365094));
#8112=CARTESIAN_POINT('Ctrl Pts',(44.335926094805,-4.67367825390319,-21.4731043025848));
#8113=CARTESIAN_POINT('Ctrl Pts',(47.0788258076824,-4.67367825390321,-23.6381816577185));
#8114=CARTESIAN_POINT('Ctrl Pts',(48.5962030381513,-4.67367825390321,-26.7629873103495));
#8115=CARTESIAN_POINT('Ctrl Pts',(48.6023925913464,-4.6736782539032,-30.625360055917));
#8116=CARTESIAN_POINT('Ctrl Pts',(46.8161504702202,-4.6736782539032,-33.6837114454876));
#8117=CARTESIAN_POINT('Ctrl Pts',(43.6374277209042,-4.6736782539032,-35.8296060360216));
#8118=CARTESIAN_POINT('Ctrl Pts',(40.5020494712974,-4.6736782539032,-36.2963599169301));
#8119=CARTESIAN_POINT('Ctrl Pts',(37.1963772791394,-4.67367825390319,-35.2837408663599));
#8120=CARTESIAN_POINT('Ctrl Pts',(34.7610852203279,-4.6736782539032,-33.3632354304908));
#8121=CARTESIAN_POINT('Ctrl Pts',(33.2397312322266,-4.6736782539032,-30.2345454129228));
#8122=CARTESIAN_POINT('Ctrl Pts',(33.2400475591341,-4.67367825390321,-26.764847199101));
#8123=CARTESIAN_POINT('Ctrl Pts',(34.7599352877891,-4.6736782539032,-23.6371837496409));
#8124=CARTESIAN_POINT('Ctrl Pts',(37.5016074910843,-4.67367825390319,-21.4736049598015));
#8125=CARTESIAN_POINT('Ctrl Pts',(39.7796852117251,-4.6736782539032,-20.9588244365104));
#8126=CARTESIAN_POINT('Ctrl Pts',(40.9189900000001,-4.6736782539032,-20.9588244365104));
#8127=CARTESIAN_POINT('Ctrl Pts',(40.91899,-5.95394736320199,-22.3544817773885));
#8128=CARTESIAN_POINT('Ctrl Pts',(41.8477760125368,-5.95394736320199,-22.3544817773885));
#8129=CARTESIAN_POINT('Ctrl Pts',(43.7036716216259,-5.95394736320199,-22.7733568096548));
#8130=CARTESIAN_POINT('Ctrl Pts',(45.9391148341454,-5.95394736320201,-24.5375564566975));
#8131=CARTESIAN_POINT('Ctrl Pts',(47.1757484119643,-5.95394736320201,-27.0845083562744));
#8132=CARTESIAN_POINT('Ctrl Pts',(47.1808966026619,-5.95394736320201,-30.2319675076448));
#8133=CARTESIAN_POINT('Ctrl Pts',(45.7250281416423,-5.953947363202,-32.7246603684614));
#8134=CARTESIAN_POINT('Ctrl Pts',(43.1344074834138,-5.953947363202,-34.4735947905901));
#8135=CARTESIAN_POINT('Ctrl Pts',(40.57946365016,-5.953947363202,-34.8538115787352));
#8136=CARTESIAN_POINT('Ctrl Pts',(37.8849707502847,-5.953947363202,-34.0285958136825));
#8137=CARTESIAN_POINT('Ctrl Pts',(35.900386402865,-5.953947363202,-32.4632889478449));
#8138=CARTESIAN_POINT('Ctrl Pts',(34.6604003908454,-5.953947363202,-29.9136151151655));
#8139=CARTESIAN_POINT('Ctrl Pts',(34.6608345597388,-5.953947363202,-27.0860310061754));
#8140=CARTESIAN_POINT('Ctrl Pts',(35.8994864761103,-5.953947363202,-24.5367670388602));
#8141=CARTESIAN_POINT('Ctrl Pts',(38.1339490566131,-5.95394736320198,-22.773763145945));
#8142=CARTESIAN_POINT('Ctrl Pts',(39.9902039874633,-5.95394736320198,-22.3544817773892));
#8143=CARTESIAN_POINT('Ctrl Pts',(40.9189900000001,-5.95394736320198,-22.3544817773892));
#8144=CARTESIAN_POINT('Ctrl Pts',(40.91899,-7.64824928836339,-24.0492421548545));
#8145=CARTESIAN_POINT('Ctrl Pts',(41.5916184318298,-7.64824928836339,-24.0492421548545));
#8146=CARTESIAN_POINT('Ctrl Pts',(42.9357259812208,-7.64824928836339,-24.3526199553896));
#8147=CARTESIAN_POINT('Ctrl Pts',(44.5546840910848,-7.6482492883634,-25.6303166765676));
#8148=CARTESIAN_POINT('Ctrl Pts',(45.4502831722992,-7.6482492883634,-27.4748573416049));
#8149=CARTESIAN_POINT('Ctrl Pts',(45.4540039620635,-7.6482492883634,-29.7543433748771));
#8150=CARTESIAN_POINT('Ctrl Pts',(44.3996383121624,-7.64824928836339,-31.5595957446366));
#8151=CARTESIAN_POINT('Ctrl Pts',(42.5234516145099,-7.64824928836339,-32.8262098861258));
#8152=CARTESIAN_POINT('Ctrl Pts',(40.6730769806631,-7.64824928836338,-33.1015849861101));
#8153=CARTESIAN_POINT('Ctrl Pts',(38.7216938429959,-7.64824928836338,-32.5039407000561));
#8154=CARTESIAN_POINT('Ctrl Pts',(37.2844014943331,-7.64824928836339,-31.3703183924659));
#8155=CARTESIAN_POINT('Ctrl Pts',(36.386382714637,-7.64824928836339,-29.5237737388713));
#8156=CARTESIAN_POINT('Ctrl Pts',(36.3866841530725,-7.6482492883634,-27.4759595737252));
#8157=CARTESIAN_POINT('Ctrl Pts',(37.2837470014955,-7.64824928836339,-25.6297432034758));
#8158=CARTESIAN_POINT('Ctrl Pts',(38.9019934581114,-7.64824928836338,-24.3529143581997));
#8159=CARTESIAN_POINT('Ctrl Pts',(40.2463615681703,-7.64824928836339,-24.0492421548549));
#8160=CARTESIAN_POINT('Ctrl Pts',(40.9189900000001,-7.64824928836339,-24.0492421548549));
#8161=CARTESIAN_POINT('Ctrl Pts',(40.91899,-9.03892034595224,-25.3242729581405));
#8162=CARTESIAN_POINT('Ctrl Pts',(41.398680432382,-9.03892034595224,-25.3242729581405));
#8163=CARTESIAN_POINT('Ctrl Pts',(42.3578904967647,-9.03892034595224,-25.5409076807646));
#8164=CARTESIAN_POINT('Ctrl Pts',(43.5129274023994,-9.03892034595224,-26.4527116864912));
#8165=CARTESIAN_POINT('Ctrl Pts',(44.1519008448937,-9.03892034595224,-27.7684986306818));
#8166=CARTESIAN_POINT('Ctrl Pts',(44.154478810815,-9.03892034595224,-29.3950413983941));
#8167=CARTESIAN_POINT('Ctrl Pts',(43.4023168947495,-9.03892034595223,-30.6828716463683));
#8168=CARTESIAN_POINT('Ctrl Pts',(42.0637504629654,-9.03892034595223,-31.5864966718926));
#8169=CARTESIAN_POINT('Ctrl Pts',(40.7433400455463,-9.03892034595223,-31.783097573857));
#8170=CARTESIAN_POINT('Ctrl Pts',(39.351427411298,-9.03892034595223,-31.3566661829414));
#8171=CARTESIAN_POINT('Ctrl Pts',(38.3258801658194,-9.03892034595223,-30.5479699507005));
#8172=CARTESIAN_POINT('Ctrl Pts',(37.6852626670889,-9.03892034595223,-29.2304255628063));
#8173=CARTESIAN_POINT('Ctrl Pts',(37.6853474949855,-9.03892034595224,-27.7692799509547));
#8174=CARTESIAN_POINT('Ctrl Pts',(38.3253857079268,-9.03892034595223,-26.452284919107));
#8175=CARTESIAN_POINT('Ctrl Pts',(39.479900282907,-9.03892034595222,-25.5411189729859));
#8176=CARTESIAN_POINT('Ctrl Pts',(40.439299567618,-9.03892034595222,-25.3242729581406));
#8177=CARTESIAN_POINT('Ctrl Pts',(40.91899,-9.03892034595222,-25.3242729581406));
#8178=CARTESIAN_POINT('Ctrl Pts',(40.91899,-9.78977131006172,-25.921399287904));
#8179=CARTESIAN_POINT('Ctrl Pts',(41.3087218662233,-9.78977131006172,-25.921399287904));
#8180=CARTESIAN_POINT('Ctrl Pts',(42.0874239618702,-9.78977131006171,-26.09714026427));
#8181=CARTESIAN_POINT('Ctrl Pts',(43.0254062459014,-9.78977131006172,-26.8373694286509));
#8182=CARTESIAN_POINT('Ctrl Pts',(43.5442911589466,-9.78977131006172,-27.9060765027697));
#8183=CARTESIAN_POINT('Ctrl Pts',(43.5464581882232,-9.78977131006173,-29.2267137822955));
#8184=CARTESIAN_POINT('Ctrl Pts',(42.9355758536406,-9.78977131006172,-30.2726474228166));
#8185=CARTESIAN_POINT('Ctrl Pts',(41.8485636554659,-9.78977131006171,-31.0064957744388));
#8186=CARTESIAN_POINT('Ctrl Pts',(40.7765445679504,-9.7897713100617,-31.1660208916431));
#8187=CARTESIAN_POINT('Ctrl Pts',(39.6459209168689,-9.78977131006171,-30.8197679963162));
#8188=CARTESIAN_POINT('Ctrl Pts',(38.8132085793525,-9.78977131006171,-30.1629648022357));
#8189=CARTESIAN_POINT('Ctrl Pts',(38.2929096216808,-9.78977131006171,-29.0931450068302));
#8190=CARTESIAN_POINT('Ctrl Pts',(38.2931034766899,-9.78977131006172,-27.9067158539813));
#8191=CARTESIAN_POINT('Ctrl Pts',(38.812833441492,-9.78977131006172,-26.8370397731168));
#8192=CARTESIAN_POINT('Ctrl Pts',(39.7504055664491,-9.78977131006171,-26.0973106489211));
#8193=CARTESIAN_POINT('Ctrl Pts',(40.5292581337767,-9.78977131006171,-25.9213992879039));
#8194=CARTESIAN_POINT('Ctrl Pts',(40.91899,-9.78977131006171,-25.9213992879039));
#8195=CARTESIAN_POINT('Ctrl Pts',(40.9189899999999,-9.95959389821791,-26.));
#8196=CARTESIAN_POINT('Ctrl Pts',(41.2967441489866,-9.95959389821791,-26.));
#8197=CARTESIAN_POINT('Ctrl Pts',(42.0517717037661,-9.95959389821791,-26.1704503609161));
#8198=CARTESIAN_POINT('Ctrl Pts',(42.9611108101788,-9.95959389821791,-26.8881696680578));
#8199=CARTESIAN_POINT('Ctrl Pts',(43.464155735677,-9.95959389821792,-27.9241659708307));
#8200=CARTESIAN_POINT('Ctrl Pts',(43.4662261857313,-9.95959389821791,-29.2045764461939));
#8201=CARTESIAN_POINT('Ctrl Pts',(42.8740259766575,-9.95959389821791,-30.218523848572));
#8202=CARTESIAN_POINT('Ctrl Pts',(41.8202034469398,-9.95959389821791,-30.9299491768844));
#8203=CARTESIAN_POINT('Ctrl Pts',(40.7808132105144,-9.95959389821791,-31.0846568580268));
#8204=CARTESIAN_POINT('Ctrl Pts',(39.6848309610074,-9.95959389821791,-30.7489595107136));
#8205=CARTESIAN_POINT('Ctrl Pts',(38.8775000256192,-9.95959389821791,-30.1122450608565));
#8206=CARTESIAN_POINT('Ctrl Pts',(38.3731168843683,-9.95959389821792,-29.0750399587868));
#8207=CARTESIAN_POINT('Ctrl Pts',(38.3732531348139,-9.95959389821791,-27.924783789509));
#8208=CARTESIAN_POINT('Ctrl Pts',(38.8771254241124,-9.95959389821792,-26.8878430839796));
#8209=CARTESIAN_POINT('Ctrl Pts',(39.7860611000301,-9.95959389821791,-26.1706160394588));
#8210=CARTESIAN_POINT('Ctrl Pts',(40.5412358510134,-9.95959389821791,-26.));
#8211=CARTESIAN_POINT('Ctrl Pts',(40.91899,-9.95959389821791,-26.));
#8212=CARTESIAN_POINT('Ctrl Pts',(40.9189899999999,-10.,-26.));
#8213=CARTESIAN_POINT('Ctrl Pts',(41.2967274376264,-10.,-26.));
#8214=CARTESIAN_POINT('Ctrl Pts',(42.0517655368449,-10.,-26.1704616749128));
#8215=CARTESIAN_POINT('Ctrl Pts',(42.9610958264479,-10.,-26.8881901537251));
#8216=CARTESIAN_POINT('Ctrl Pts',(43.464136763189,-10.,-27.9241635030093));
#8217=CARTESIAN_POINT('Ctrl Pts',(43.4662020049741,-10.,-29.2045788859292));
#8218=CARTESIAN_POINT('Ctrl Pts',(42.8740122479874,-10.,-30.2185085142723));
#8219=CARTESIAN_POINT('Ctrl Pts',(41.820199178734,-10.,-30.929924643431));
#8220=CARTESIAN_POINT('Ctrl Pts',(40.7808006917736,-10.,-31.0846400363932));
#8221=CARTESIAN_POINT('Ctrl Pts',(39.6848487829197,-10.,-30.7489428756483));
#8222=CARTESIAN_POINT('Ctrl Pts',(38.8775176304179,-10.,-30.1122400488251));
#8223=CARTESIAN_POINT('Ctrl Pts',(38.37314406193,-10.,-29.0750357192179));
#8224=CARTESIAN_POINT('Ctrl Pts',(38.3732714916432,-10.,-27.9247809729435));
#8225=CARTESIAN_POINT('Ctrl Pts',(38.8771411693025,-10.,-26.8878623791572));
#8226=CARTESIAN_POINT('Ctrl Pts',(39.7860670432248,-10.,-26.1706274366444));
#8227=CARTESIAN_POINT('Ctrl Pts',(40.5412525623736,-10.,-26.));
#8228=CARTESIAN_POINT('Ctrl Pts',(40.91899,-10.,-26.));
#8229=CARTESIAN_POINT('',(40.9189899999999,-10.,-26.));
#8230=CARTESIAN_POINT('Ctrl Pts',(40.91899,-3.99999999999999,-19.9999999999984));
#8231=CARTESIAN_POINT('Ctrl Pts',(40.91899,-3.99999999999999,-20.0404061017805));
#8232=CARTESIAN_POINT('Ctrl Pts',(40.91899,-4.07946196247651,-20.2111269326147));
#8233=CARTESIAN_POINT('Ctrl Pts',(40.91899,-4.6736782539032,-20.9588244365094));
#8234=CARTESIAN_POINT('Ctrl Pts',(40.91899,-5.95394736320199,-22.3544817773885));
#8235=CARTESIAN_POINT('Ctrl Pts',(40.91899,-7.64824928836339,-24.0492421548545));
#8236=CARTESIAN_POINT('Ctrl Pts',(40.91899,-9.03892034595224,-25.3242729581405));
#8237=CARTESIAN_POINT('Ctrl Pts',(40.91899,-9.78977131006172,-25.921399287904));
#8238=CARTESIAN_POINT('Ctrl Pts',(40.9189899999999,-9.95959389821791,-26.));
#8239=CARTESIAN_POINT('Ctrl Pts',(40.9189899999999,-10.,-26.));
#8240=CARTESIAN_POINT('',(43.4440168173173,-9.99999999999986,-28.5003032591568));
#8241=CARTESIAN_POINT('Ctrl Pts',(40.9189899999999,-10.,-26.));
#8242=CARTESIAN_POINT('Ctrl Pts',(41.2967274376264,-10.,-26.));
#8243=CARTESIAN_POINT('Ctrl Pts',(42.0517655368449,-10.,-26.1704616749128));
#8244=CARTESIAN_POINT('Ctrl Pts',(42.9610958264479,-10.,-26.8881901537251));
#8245=CARTESIAN_POINT('Ctrl Pts',(43.3802966132863,-10.,-27.7515012909398));
#8246=CARTESIAN_POINT('Ctrl Pts',(43.4438737464055,-10.,-28.3131381663062));
#8247=CARTESIAN_POINT('Ctrl Pts',(43.4440168173173,-10.,-28.5003032591568));
#8248=CARTESIAN_POINT('Ctrl Pts',(43.4440168173173,-10.,-28.5003032591568));
#8249=CARTESIAN_POINT('Ctrl Pts',(43.4441598882079,-10.,-28.6874683242329));
#8250=CARTESIAN_POINT('Ctrl Pts',(43.3675037048197,-10.,-29.3735671698583));
#8251=CARTESIAN_POINT('Ctrl Pts',(42.8740122479874,-10.,-30.2185085142723));
#8252=CARTESIAN_POINT('Ctrl Pts',(41.820199178734,-10.,-30.929924643431));
#8253=CARTESIAN_POINT('Ctrl Pts',(40.7808006917736,-10.,-31.0846400363932));
#8254=CARTESIAN_POINT('Ctrl Pts',(39.6848487829197,-10.,-30.7489428756483));
#8255=CARTESIAN_POINT('Ctrl Pts',(38.8775176304179,-10.,-30.1122400488251));
#8256=CARTESIAN_POINT('Ctrl Pts',(38.37314406193,-10.,-29.0750357192179));
#8257=CARTESIAN_POINT('Ctrl Pts',(38.3732714916432,-10.,-27.9247809729435));
#8258=CARTESIAN_POINT('Ctrl Pts',(38.8771411693025,-10.,-26.8878623791572));
#8259=CARTESIAN_POINT('Ctrl Pts',(39.7860670432248,-10.,-26.1706274366444));
#8260=CARTESIAN_POINT('Ctrl Pts',(40.5412525623736,-10.,-26.));
#8261=CARTESIAN_POINT('Ctrl Pts',(40.91899,-10.,-26.));
#8262=CARTESIAN_POINT('Origin',(0.722000000000005,-3.99999999999999,-37.5));
#8263=CARTESIAN_POINT('Origin',(0.721999999999996,-3.99999999999999,0.500000000000026));
#8264=CARTESIAN_POINT('Origin',(50.01,-3.99999999999999,0.500000000000026));
#8265=CARTESIAN_POINT('Origin',(25.366,-4.10782519111308E-15,-18.5));
#8266=CARTESIAN_POINT('Origin',(50.01,-3.99999999999999,-37.5));
#8267=CARTESIAN_POINT('Ctrl Pts',(41.122,-3.99999999999999,1.58095758706622E-12));
#8268=CARTESIAN_POINT('Ctrl Pts',(42.4063072879302,-3.99999999999999,1.58086975379934E-12));
#8269=CARTESIAN_POINT('Ctrl Pts',(44.9734868882714,-3.99999999999999,-0.57938834050323));
#8270=CARTESIAN_POINT('Ctrl Pts',(48.0647190589976,-3.99999999999998,-3.02022764870235));
#8271=CARTESIAN_POINT('Ctrl Pts',(49.7754476278021,-3.99999999999999,-6.5420433834622));
#8272=CARTESIAN_POINT('Ctrl Pts',(49.782543145457,-3.99999999999998,-10.894230093921));
#8273=CARTESIAN_POINT('Ctrl Pts',(47.7692609559784,-3.99999999999999,-14.3444067083911));
#8274=CARTESIAN_POINT('Ctrl Pts',(44.5437450414207,-3.99999999999999,-16.5148231454447));
#8275=CARTESIAN_POINT('Ctrl Pts',(41.1229803108914,-3.99999999999999,-17.2913663189464));
#8276=CARTESIAN_POINT('Ctrl Pts',(37.2690937384509,-3.99999999999999,-16.4199091770693));
#8277=CARTESIAN_POINT('Ctrl Pts',(34.1807591550302,-3.99999999999999,-13.9808826248585));
#8278=CARTESIAN_POINT('Ctrl Pts',(32.4659462045827,-3.99999999999998,-10.455983125169));
#8279=CARTESIAN_POINT('Ctrl Pts',(32.466705779827,-3.99999999999999,-6.54396966248495));
#8280=CARTESIAN_POINT('Ctrl Pts',(34.1797151384989,-3.99999999999998,-3.0189352121022));
#8281=CARTESIAN_POINT('Ctrl Pts',(37.2701344099262,-3.99999999999999,-0.579990309011539));
#8282=CARTESIAN_POINT('Ctrl Pts',(39.83769271207,-3.99999999999999,4.63539176968244E-13));
#8283=CARTESIAN_POINT('Ctrl Pts',(41.1220000000001,-3.99999999999999,4.61852778244065E-13));
#8284=CARTESIAN_POINT('Ctrl Pts',(41.122,-3.99999999999998,-0.0404061017805148));
#8285=CARTESIAN_POINT('Ctrl Pts',(42.4001544071123,-3.99999999999998,-0.040406101780515));
#8286=CARTESIAN_POINT('Ctrl Pts',(44.9551782614464,-3.99999999999998,-0.617075157754851));
#8287=CARTESIAN_POINT('Ctrl Pts',(48.0316766170887,-3.99999999999998,-3.04629875807934));
#8288=CARTESIAN_POINT('Ctrl Pts',(49.734287005964,-3.99999999999999,-6.55140282073752));
#8289=CARTESIAN_POINT('Ctrl Pts',(49.741331987395,-3.99999999999999,-10.8828563678488));
#8290=CARTESIAN_POINT('Ctrl Pts',(47.7376394910357,-3.99999999999999,-14.3166031319242));
#8291=CARTESIAN_POINT('Ctrl Pts',(44.5274813873664,-3.99999999999999,-16.476679806206));
#8292=CARTESIAN_POINT('Ctrl Pts',(41.1229497222359,-3.99999999999999,-17.2495453637232));
#8293=CARTESIAN_POINT('Ctrl Pts',(37.2874453846106,-3.99999999999999,-16.3822326661341));
#8294=CARTESIAN_POINT('Ctrl Pts',(34.2137785502472,-3.99999999999998,-13.954812441471));
#8295=CARTESIAN_POINT('Ctrl Pts',(32.5071529521755,-3.99999999999999,-10.4467220824625));
#8296=CARTESIAN_POINT('Ctrl Pts',(32.507877513016,-3.99999999999998,-6.55325435317553));
#8297=CARTESIAN_POINT('Ctrl Pts',(34.2127444833811,-3.99999999999999,-3.04504165897563));
#8298=CARTESIAN_POINT('Ctrl Pts',(37.2884478557843,-3.99999999999999,-0.617658494277656));
#8299=CARTESIAN_POINT('Ctrl Pts',(39.8438455928878,-3.99999999999998,-0.0404061017816272));
#8300=CARTESIAN_POINT('Ctrl Pts',(41.1220000000001,-3.99999999999998,-0.0404061017816289));
#8301=CARTESIAN_POINT('Ctrl Pts',(41.122,-4.07944180711809,-0.211111529591956));
#8302=CARTESIAN_POINT('Ctrl Pts',(42.3744632879045,-4.07944180711809,-0.211111529591957));
#8303=CARTESIAN_POINT('Ctrl Pts',(44.8778288220549,-4.07944180711808,-0.776070358572665));
#8304=CARTESIAN_POINT('Ctrl Pts',(47.892329352382,-4.07944180711811,-3.15630183737069));
#8305=CARTESIAN_POINT('Ctrl Pts',(49.5605532980539,-4.07944180711811,-6.59061376883982));
#8306=CARTESIAN_POINT('Ctrl Pts',(49.567491566088,-4.0794418071181,-10.8347568242625));
#8307=CARTESIAN_POINT('Ctrl Pts',(47.6041908399351,-4.0794418071181,-14.1992752294995));
#8308=CARTESIAN_POINT('Ctrl Pts',(44.458757921801,-4.0794418071181,-16.3158110235188));
#8309=CARTESIAN_POINT('Ctrl Pts',(41.1229852438435,-4.07944180711811,-17.0730518753567));
#8310=CARTESIAN_POINT('Ctrl Pts',(37.3647460958366,-4.0794418071181,-16.2232367386813));
#8311=CARTESIAN_POINT('Ctrl Pts',(34.3531302385322,-4.0794418071181,-13.8447738548402));
#8312=CARTESIAN_POINT('Ctrl Pts',(32.6808671644373,-4.0794418071181,-10.4073612339768));
#8313=CARTESIAN_POINT('Ctrl Pts',(32.6816433378222,-4.0794418071181,-6.59256627456845));
#8314=CARTESIAN_POINT('Ctrl Pts',(34.3521065204283,-4.07944180711811,-3.15500853276773));
#8315=CARTESIAN_POINT('Ctrl Pts',(37.3657984727466,-4.07944180711811,-0.776675185403638));
#8316=CARTESIAN_POINT('Ctrl Pts',(39.8695367120956,-4.07944180711808,-0.211111529593028));
#8317=CARTESIAN_POINT('Ctrl Pts',(41.1220000000001,-4.07944180711808,-0.21111152959303));
#8318=CARTESIAN_POINT('Ctrl Pts',(41.122,-4.6736447707543,-0.958796791788867));
#8319=CARTESIAN_POINT('Ctrl Pts',(42.2613047882751,-4.6736447707543,-0.958796791788868));
#8320=CARTESIAN_POINT('Ctrl Pts',(44.5390407007819,-4.67364477075432,-1.47292778521743));
#8321=CARTESIAN_POINT('Ctrl Pts',(47.2814738349388,-4.67364477075434,-3.63840566229786));
#8322=CARTESIAN_POINT('Ctrl Pts',(48.7992720331589,-4.67364477075434,-6.76304514889046));
#8323=CARTESIAN_POINT('Ctrl Pts',(48.8055202964676,-4.67364477075434,-10.6241831200867));
#8324=CARTESIAN_POINT('Ctrl Pts',(47.0193892379102,-4.67364477075433,-13.6851005326215));
#8325=CARTESIAN_POINT('Ctrl Pts',(44.1577795041864,-4.67364477075433,-15.6106324877716));
#8326=CARTESIAN_POINT('Ctrl Pts',(41.1227974032208,-4.67364477075433,-16.2996203954239));
#8327=CARTESIAN_POINT('Ctrl Pts',(37.7038012134137,-4.67364477075433,-15.5264684067404));
#8328=CARTESIAN_POINT('Ctrl Pts',(34.9637929492463,-4.67364477075433,-13.3625966787466));
#8329=CARTESIAN_POINT('Ctrl Pts',(33.4425098846104,-4.67364477075434,-10.2354522753215));
#8330=CARTESIAN_POINT('Ctrl Pts',(33.4430961781831,-4.67364477075434,-6.76457117891999));
#8331=CARTESIAN_POINT('Ctrl Pts',(34.9628806081951,-4.67364477075434,-3.6373404491784));
#8332=CARTESIAN_POINT('Ctrl Pts',(37.7046317359529,-4.67364477075433,-1.47341785957511));
#8333=CARTESIAN_POINT('Ctrl Pts',(39.982695211725,-4.67364477075433,-0.958796791789827));
#8334=CARTESIAN_POINT('Ctrl Pts',(41.122,-4.67364477075433,-0.958796791789829));
#8335=CARTESIAN_POINT('Ctrl Pts',(41.122,-5.95386893726439,-2.35441283426304));
#8336=CARTESIAN_POINT('Ctrl Pts',(42.0507860125369,-5.95386893726439,-2.35441283426304));
#8337=CARTESIAN_POINT('Ctrl Pts',(43.9066643853092,-5.95386893726441,-2.77315648793453));
#8338=CARTESIAN_POINT('Ctrl Pts',(46.1418363455495,-5.95386893726444,-4.53796694512587));
#8339=CARTESIAN_POINT('Ctrl Pts',(47.3786463075574,-5.95386893726444,-7.08413910704729));
#8340=CARTESIAN_POINT('Ctrl Pts',(47.3838534512286,-5.95386893726444,-10.2310179594767));
#8341=CARTESIAN_POINT('Ctrl Pts',(45.9281416382475,-5.95386893726444,-12.7256634004859));
#8342=CARTESIAN_POINT('Ctrl Pts',(43.5959468787228,-5.95386893726443,-14.2949991229385));
#8343=CARTESIAN_POINT('Ctrl Pts',(41.1228275858385,-5.95386893726443,-14.8563845406258));
#8344=CARTESIAN_POINT('Ctrl Pts',(38.3361431857324,-5.95386893726443,-14.2263036858145));
#8345=CARTESIAN_POINT('Ctrl Pts',(36.1033058247538,-5.95386893726444,-12.4628073665131));
#8346=CARTESIAN_POINT('Ctrl Pts',(34.863314815881,-5.95386893726443,-9.91402615838451));
#8347=CARTESIAN_POINT('Ctrl Pts',(34.8640078955732,-5.95386893726443,-7.08583237428282));
#8348=CARTESIAN_POINT('Ctrl Pts',(36.1025281395381,-5.95386893726444,-4.53689872772197));
#8349=CARTESIAN_POINT('Ctrl Pts',(38.3370479764766,-5.95386893726443,-2.77366398123363));
#8350=CARTESIAN_POINT('Ctrl Pts',(40.1932139874632,-5.95386893726442,-2.35441283426373));
#8351=CARTESIAN_POINT('Ctrl Pts',(41.1220000000001,-5.95386893726442,-2.35441283426373));
#8352=CARTESIAN_POINT('Ctrl Pts',(41.1219999999999,-7.64820191841747,-4.04919678292568));
#8353=CARTESIAN_POINT('Ctrl Pts',(41.7946284318298,-7.64820191841747,-4.04919678292568));
#8354=CARTESIAN_POINT('Ctrl Pts',(43.138730535027,-7.64820191841747,-4.35247997318059));
#8355=CARTESIAN_POINT('Ctrl Pts',(44.7574838923941,-7.64820191841751,-5.6305978193751));
#8356=CARTESIAN_POINT('Ctrl Pts',(45.6532227196783,-7.64820191841751,-7.47462068168252));
#8357=CARTESIAN_POINT('Ctrl Pts',(45.6569854458073,-7.6482019184175,-9.75365463194468));
#8358=CARTESIAN_POINT('Ctrl Pts',(44.6027285708041,-7.6482019184175,-11.5603309678206));
#8359=CARTESIAN_POINT('Ctrl Pts',(42.9137014393569,-7.6482019184175,-12.6968758439567));
#8360=CARTESIAN_POINT('Ctrl Pts',(41.1225863541192,-7.64820191841749,-13.1034535255579));
#8361=CARTESIAN_POINT('Ctrl Pts',(39.1044240699541,-7.64820191841749,-12.6471325645686));
#8362=CARTESIAN_POINT('Ctrl Pts',(37.4873352629107,-7.6482019184175,-11.3699660703822));
#8363=CARTESIAN_POINT('Ctrl Pts',(36.5893175929679,-7.6482019184175,-9.52409520393094));
#8364=CARTESIAN_POINT('Ctrl Pts',(36.5898037876423,-7.64820191841751,-7.47581409126072));
#8365=CARTESIAN_POINT('Ctrl Pts',(37.4867745433548,-7.6482019184175,-5.62983883109985));
#8366=CARTESIAN_POINT('Ctrl Pts',(39.1050626637663,-7.64820191841749,-4.35283960301732));
#8367=CARTESIAN_POINT('Ctrl Pts',(40.4493715681702,-7.64820191841748,-4.04919678292604));
#8368=CARTESIAN_POINT('Ctrl Pts',(41.122,-7.64820191841748,-4.04919678292604));
#8369=CARTESIAN_POINT('Ctrl Pts',(41.122,-9.03890801566847,-5.32425836040927));
#8370=CARTESIAN_POINT('Ctrl Pts',(41.601690432382,-9.03890801566847,-5.32425836040927));
#8371=CARTESIAN_POINT('Ctrl Pts',(42.5609797694766,-9.03890801566847,-5.54083595330535));
#8372=CARTESIAN_POINT('Ctrl Pts',(43.7157940583119,-9.0389080156685,-6.45273447996976));
#8373=CARTESIAN_POINT('Ctrl Pts',(44.3549943522328,-9.03890801566848,-7.76863617139473));
#8374=CARTESIAN_POINT('Ctrl Pts',(44.3575931732841,-9.03890801566849,-9.3945479417017));
#8375=CARTESIAN_POINT('Ctrl Pts',(43.6054571249301,-9.03890801566848,-10.6835017252054));
#8376=CARTESIAN_POINT('Ctrl Pts',(42.4004276572391,-9.03890801566848,-11.4943360998951));
#8377=CARTESIAN_POINT('Ctrl Pts',(41.1222857549287,-9.03890801566848,-11.7845084340153));
#8378=CARTESIAN_POINT('Ctrl Pts',(39.682602550134,-9.03890801566848,-11.4589232192166));
#8379=CARTESIAN_POINT('Ctrl Pts',(38.528708487388,-9.03890801566848,-10.5476995990408));
#8380=CARTESIAN_POINT('Ctrl Pts',(37.8881366897209,-9.03890801566849,-9.23090287618441));
#8381=CARTESIAN_POINT('Ctrl Pts',(37.8883229746773,-9.03890801566849,-7.76915221216848));
#8382=CARTESIAN_POINT('Ctrl Pts',(38.5283339088017,-9.03890801566848,-6.4523422474733));
#8383=CARTESIAN_POINT('Ctrl Pts',(39.6828881143196,-9.03890801566848,-5.54101189323331));
#8384=CARTESIAN_POINT('Ctrl Pts',(40.642309567618,-9.03890801566847,-5.32425836040939));
#8385=CARTESIAN_POINT('Ctrl Pts',(41.122,-9.03890801566847,-5.32425836040939));
#8386=CARTESIAN_POINT('Ctrl Pts',(41.1219999999999,-9.7897513780149,-5.92137904262852));
#8387=CARTESIAN_POINT('Ctrl Pts',(41.5117318662233,-9.7897513780149,-5.92137904262852));
#8388=CARTESIAN_POINT('Ctrl Pts',(42.2904146141239,-9.78975137801491,-6.09706212606931));
#8389=CARTESIAN_POINT('Ctrl Pts',(43.2282874824733,-9.78975137801492,-6.83756351718529));
#8390=CARTESIAN_POINT('Ctrl Pts',(43.7472324770908,-9.78975137801491,-7.90589476574524));
#8391=CARTESIAN_POINT('Ctrl Pts',(43.7494255939588,-9.78975137801492,-9.22631239933956));
#8392=CARTESIAN_POINT('Ctrl Pts',(43.1386154364171,-9.78975137801492,-10.2730524513264));
#8393=CARTESIAN_POINT('Ctrl Pts',(42.1600399122374,-9.78975137801491,-10.9315394811981));
#8394=CARTESIAN_POINT('Ctrl Pts',(41.1223599838031,-9.78975137801489,-11.1670838618548));
#8395=CARTESIAN_POINT('Ctrl Pts',(39.9530672364681,-9.7897513780149,-10.9027079461225));
#8396=CARTESIAN_POINT('Ctrl Pts',(39.0161996296404,-9.78975137801491,-10.1627583277361));
#8397=CARTESIAN_POINT('Ctrl Pts',(38.4958954588306,-9.78975137801489,-9.09329167046993));
#8398=CARTESIAN_POINT('Ctrl Pts',(38.4962016950423,-9.78975137801492,-7.9066374641686));
#8399=CARTESIAN_POINT('Ctrl Pts',(39.0158708716208,-9.78975137801493,-6.83710096298016));
#8400=CARTESIAN_POINT('Ctrl Pts',(39.9534632129928,-9.78975137801492,-6.09728281218458));
#8401=CARTESIAN_POINT('Ctrl Pts',(40.7322681337767,-9.78975137801492,-5.92137904262854));
#8402=CARTESIAN_POINT('Ctrl Pts',(41.122,-9.78975137801492,-5.92137904262854));
#8403=CARTESIAN_POINT('Ctrl Pts',(41.1219999999999,-9.95959389821791,-5.99999999999998));
#8404=CARTESIAN_POINT('Ctrl Pts',(41.4997541489866,-9.95959389821791,-5.99999999999998));
#8405=CARTESIAN_POINT('Ctrl Pts',(42.2547902512366,-9.95959389821791,-6.17039610354145));
#8406=CARTESIAN_POINT('Ctrl Pts',(43.1639898939164,-9.95959389821792,-6.88829449656684));
#8407=CARTESIAN_POINT('Ctrl Pts',(43.667140438634,-9.95959389821791,-7.92411220472968));
#8408=CARTESIAN_POINT('Ctrl Pts',(43.6692332409498,-9.95959389821791,-9.20418265074596));
#8409=CARTESIAN_POINT('Ctrl Pts',(43.0770846843882,-9.95959389821791,-10.2189505943073));
#8410=CARTESIAN_POINT('Ctrl Pts',(42.1283948457149,-9.95959389821791,-10.8573161940605));
#8411=CARTESIAN_POINT('Ctrl Pts',(41.1222974064685,-9.95959389821791,-11.0857064106524));
#8412=CARTESIAN_POINT('Ctrl Pts',(39.9887795841783,-9.95959389821791,-10.8293948442756));
#8413=CARTESIAN_POINT('Ctrl Pts',(39.0804504847551,-9.95959389821791,-10.1120298820011));
#8414=CARTESIAN_POINT('Ctrl Pts',(38.5760812274036,-9.95959389821791,-9.07527618575667));
#8415=CARTESIAN_POINT('Ctrl Pts',(38.5763156288891,-9.95959389821792,-7.92470172574398));
#8416=CARTESIAN_POINT('Ctrl Pts',(39.0801416747917,-9.95959389821791,-6.88790414503825));
#8417=CARTESIAN_POINT('Ctrl Pts',(39.9890973087449,-9.95959389821791,-6.17057867562981));
#8418=CARTESIAN_POINT('Ctrl Pts',(40.7442458510134,-9.95959389821791,-5.99999999999998));
#8419=CARTESIAN_POINT('Ctrl Pts',(41.122,-9.95959389821791,-5.99999999999998));
#8420=CARTESIAN_POINT('Ctrl Pts',(41.1219999999999,-10.,-5.99999999999998));
#8421=CARTESIAN_POINT('Ctrl Pts',(41.4997374376265,-10.,-5.99999999999998));
#8422=CARTESIAN_POINT('Ctrl Pts',(42.2547902612562,-10.,-6.17040833544254));
#8423=CARTESIAN_POINT('Ctrl Pts',(43.1639761938228,-10.,-6.88830224961835));
#8424=CARTESIAN_POINT('Ctrl Pts',(43.6671316552358,-10.,-7.92413040690066));
#8425=CARTESIAN_POINT('Ctrl Pts',(43.6692185721932,-10.,-9.20418532174145));
#8426=CARTESIAN_POINT('Ctrl Pts',(43.0770767517583,-10.,-10.2189431495267));
#8427=CARTESIAN_POINT('Ctrl Pts',(42.1283956004178,-10.,-10.8573009251307));
#8428=CARTESIAN_POINT('Ctrl Pts',(41.1222883267328,-10.,-11.0856959761607));
#8429=CARTESIAN_POINT('Ctrl Pts',(39.988792276015,-10.,-10.8293850520792));
#8430=CARTESIAN_POINT('Ctrl Pts',(39.0804585750089,-10.,-10.1120243014289));
#8431=CARTESIAN_POINT('Ctrl Pts',(38.5761018248773,-10.,-9.07528915446145));
#8432=CARTESIAN_POINT('Ctrl Pts',(38.5763252293609,-10.,-7.92469695955441));
#8433=CARTESIAN_POINT('Ctrl Pts',(39.0801515113233,-10.,-6.88792212120659));
#8434=CARTESIAN_POINT('Ctrl Pts',(39.9890983558607,-10.,-6.17058538500345));
#8435=CARTESIAN_POINT('Ctrl Pts',(40.7442625623735,-10.,-5.99999999999998));
#8436=CARTESIAN_POINT('Ctrl Pts',(41.122,-10.,-5.99999999999998));
#8437=CARTESIAN_POINT('',(41.122,-10.,-5.99999999999998));
#8438=CARTESIAN_POINT('Ctrl Pts',(41.122,-4.02266985382936,-0.0747440488363728));
#8439=CARTESIAN_POINT('Ctrl Pts',(41.122,-4.04578131110433,-0.124006124713743));
#8440=CARTESIAN_POINT('Ctrl Pts',(41.122,-4.0883860972062,-0.194233328663839));
#8441=CARTESIAN_POINT('Ctrl Pts',(41.122,-4.15861518261126,-0.293049383005248));
#8442=CARTESIAN_POINT('Ctrl Pts',(41.122,-4.27750946166349,-0.46033995032426));
#8443=CARTESIAN_POINT('Ctrl Pts',(41.122,-4.4755771162089,-0.709568371056564));
#8444=CARTESIAN_POINT('Ctrl Pts',(41.122,-4.78798163789995,-1.06678525516841));
#8445=CARTESIAN_POINT('Ctrl Pts',(41.122,-5.100386159591,-1.42400213928026));
#8446=CARTESIAN_POINT('Ctrl Pts',(41.122,-5.5271275484277,-1.88920748677165));
#8447=CARTESIAN_POINT('Ctrl Pts',(41.122,-6.02288707303822,-2.40427415196112));
#8448=CARTESIAN_POINT('Ctrl Pts',(41.122,-6.51864659764875,-2.91934081715059));
#8449=CARTESIAN_POINT('Ctrl Pts',(41.1219999999999,-7.08342425803311,-3.48426880003813));
#8450=CARTESIAN_POINT('Ctrl Pts',(41.1219999999999,-7.59759743776713,-3.97924305439584));
#8451=CARTESIAN_POINT('Ctrl Pts',(41.1219999999999,-8.11177061750113,-4.47421730875354));
#8452=CARTESIAN_POINT('Ctrl Pts',(41.1219999999999,-8.5753393165848,-4.89923783458141));
#8453=CARTESIAN_POINT('Ctrl Pts',(41.1219999999999,-8.93226422651771,-5.21126821119855));
#8454=CARTESIAN_POINT('Ctrl Pts',(41.1219999999999,-9.28918913645061,-5.52329858781569));
#8455=CARTESIAN_POINT('Ctrl Pts',(41.1219999999999,-9.53947025723276,-5.72233881522211));
#8456=CARTESIAN_POINT('Ctrl Pts',(41.1219999999999,-9.70707144767458,-5.84151416826818));
#8457=CARTESIAN_POINT('Ctrl Pts',(41.1219999999999,-9.8746726381164,-5.96068952131425));
#8458=CARTESIAN_POINT('Ctrl Pts',(41.1219999999999,-9.9595938982179,-5.99999999999998));
#8459=CARTESIAN_POINT('Ctrl Pts',(41.1219999999999,-10.,-5.99999999999998));
#8460=CARTESIAN_POINT('',(43.6470199913306,-10.,-8.50012480097689));
#8461=CARTESIAN_POINT('Ctrl Pts',(41.1219999999999,-10.,-5.99999999999998));
#8462=CARTESIAN_POINT('Ctrl Pts',(41.4997374376265,-10.,-5.99999999999998));
#8463=CARTESIAN_POINT('Ctrl Pts',(42.2547902612562,-10.,-6.17040833544254));
#8464=CARTESIAN_POINT('Ctrl Pts',(43.1639761938228,-10.,-6.88830224961835));
#8465=CARTESIAN_POINT('Ctrl Pts',(43.5832724178894,-10.,-7.75149239349675));
#8466=CARTESIAN_POINT('Ctrl Pts',(43.6468711819628,-10.,-8.31298946188152));
#8467=CARTESIAN_POINT('Ctrl Pts',(43.6470199913306,-10.,-8.50012480097688));
#8468=CARTESIAN_POINT('Ctrl Pts',(43.6470199913306,-10.,-8.50012480097688));
#8469=CARTESIAN_POINT('Ctrl Pts',(43.6471688006764,-10.,-8.68726011230124));
#8470=CARTESIAN_POINT('Ctrl Pts',(43.5705282614645,-10.,-9.37331163892156));
#8471=CARTESIAN_POINT('Ctrl Pts',(43.0770767517583,-10.,-10.2189431495267));
#8472=CARTESIAN_POINT('Ctrl Pts',(42.1283956004178,-10.,-10.8573009251307));
#8473=CARTESIAN_POINT('Ctrl Pts',(41.1222883267328,-10.,-11.0856959761607));
#8474=CARTESIAN_POINT('Ctrl Pts',(39.988792276015,-10.,-10.8293850520792));
#8475=CARTESIAN_POINT('Ctrl Pts',(39.0804585750089,-10.,-10.1120243014289));
#8476=CARTESIAN_POINT('Ctrl Pts',(38.5761018248773,-10.,-9.07528915446145));
#8477=CARTESIAN_POINT('Ctrl Pts',(38.5763252293609,-10.,-7.92469695955441));
#8478=CARTESIAN_POINT('Ctrl Pts',(39.0801515113233,-10.,-6.88792212120659));
#8479=CARTESIAN_POINT('Ctrl Pts',(39.9890983558607,-10.,-6.17058538500345));
#8480=CARTESIAN_POINT('Ctrl Pts',(40.7442625623735,-10.,-5.99999999999998));
#8481=CARTESIAN_POINT('Ctrl Pts',(41.122,-10.,-5.99999999999998));
#8482=CARTESIAN_POINT('Ctrl Pts',(43.647,-16.,-8.49999999999998));
#8483=CARTESIAN_POINT('Ctrl Pts',(43.647,-16.,-11.));
#8484=CARTESIAN_POINT('Ctrl Pts',(41.122,-16.,-11.));
#8485=CARTESIAN_POINT('Ctrl Pts',(38.597,-16.,-11.));
#8486=CARTESIAN_POINT('Ctrl Pts',(38.597,-16.,-8.49999999999998));
#8487=CARTESIAN_POINT('Ctrl Pts',(38.597,-16.,-5.99999999999998));
#8488=CARTESIAN_POINT('Ctrl Pts',(41.122,-16.,-5.99999999999998));
#8489=CARTESIAN_POINT('Ctrl Pts',(43.647,-16.,-5.99999999999998));
#8490=CARTESIAN_POINT('Ctrl Pts',(43.647,-16.,-8.49999999999998));
#8491=CARTESIAN_POINT('Ctrl Pts',(43.647,-10.,-8.49999999999998));
#8492=CARTESIAN_POINT('Ctrl Pts',(43.647,-10.,-11.));
#8493=CARTESIAN_POINT('Ctrl Pts',(41.122,-10.,-11.));
#8494=CARTESIAN_POINT('Ctrl Pts',(38.597,-10.,-11.));
#8495=CARTESIAN_POINT('Ctrl Pts',(38.597,-10.,-8.49999999999998));
#8496=CARTESIAN_POINT('Ctrl Pts',(38.597,-10.,-5.99999999999998));
#8497=CARTESIAN_POINT('Ctrl Pts',(41.122,-10.,-5.99999999999998));
#8498=CARTESIAN_POINT('Ctrl Pts',(43.647,-10.,-5.99999999999998));
#8499=CARTESIAN_POINT('Ctrl Pts',(43.647,-10.,-8.49999999999998));
#8500=CARTESIAN_POINT('',(43.647,-16.,-8.49999999999998));
#8501=CARTESIAN_POINT('',(43.647,-16.,-8.49999999999998));
#8502=CARTESIAN_POINT('Origin',(41.122,-16.,-8.49999999999998));
#8503=CARTESIAN_POINT('Ctrl Pts',(43.44399,-16.,-28.5));
#8504=CARTESIAN_POINT('Ctrl Pts',(43.44399,-16.,-31.));
#8505=CARTESIAN_POINT('Ctrl Pts',(40.91899,-16.,-31.));
#8506=CARTESIAN_POINT('Ctrl Pts',(38.39399,-16.,-31.));
#8507=CARTESIAN_POINT('Ctrl Pts',(38.39399,-16.,-28.5));
#8508=CARTESIAN_POINT('Ctrl Pts',(38.39399,-16.,-26.));
#8509=CARTESIAN_POINT('Ctrl Pts',(40.91899,-16.,-26.));
#8510=CARTESIAN_POINT('Ctrl Pts',(43.44399,-16.,-26.));
#8511=CARTESIAN_POINT('Ctrl Pts',(43.44399,-16.,-28.5));
#8512=CARTESIAN_POINT('Ctrl Pts',(43.44399,-9.99999999999986,-28.5));
#8513=CARTESIAN_POINT('Ctrl Pts',(43.44399,-9.99999999999986,-31.));
#8514=CARTESIAN_POINT('Ctrl Pts',(40.91899,-9.99999999999986,-31.));
#8515=CARTESIAN_POINT('Ctrl Pts',(38.39399,-9.99999999999986,-31.));
#8516=CARTESIAN_POINT('Ctrl Pts',(38.39399,-9.99999999999986,-28.5));
#8517=CARTESIAN_POINT('Ctrl Pts',(38.39399,-9.99999999999986,-26.));
#8518=CARTESIAN_POINT('Ctrl Pts',(40.91899,-9.99999999999986,-26.));
#8519=CARTESIAN_POINT('Ctrl Pts',(43.44399,-9.99999999999986,-26.));
#8520=CARTESIAN_POINT('Ctrl Pts',(43.44399,-9.99999999999986,-28.5));
#8521=CARTESIAN_POINT('',(43.44399,-16.,-28.5));
#8522=CARTESIAN_POINT('',(43.44399,-16.,-28.5));
#8523=CARTESIAN_POINT('Origin',(40.91899,-16.,-28.5));
#8524=CARTESIAN_POINT('Ctrl Pts',(12.337,-16.,-28.5));
#8525=CARTESIAN_POINT('Ctrl Pts',(12.337,-16.,-31.));
#8526=CARTESIAN_POINT('Ctrl Pts',(9.812,-16.,-31.));
#8527=CARTESIAN_POINT('Ctrl Pts',(7.287,-16.,-31.));
#8528=CARTESIAN_POINT('Ctrl Pts',(7.287,-16.,-28.5));
#8529=CARTESIAN_POINT('Ctrl Pts',(7.287,-16.,-26.));
#8530=CARTESIAN_POINT('Ctrl Pts',(9.812,-16.,-26.));
#8531=CARTESIAN_POINT('Ctrl Pts',(12.337,-16.,-26.));
#8532=CARTESIAN_POINT('Ctrl Pts',(12.337,-16.,-28.5));
#8533=CARTESIAN_POINT('Ctrl Pts',(12.337,-10.,-28.5));
#8534=CARTESIAN_POINT('Ctrl Pts',(12.337,-10.,-31.));
#8535=CARTESIAN_POINT('Ctrl Pts',(9.812,-10.,-31.));
#8536=CARTESIAN_POINT('Ctrl Pts',(7.287,-10.,-31.));
#8537=CARTESIAN_POINT('Ctrl Pts',(7.287,-10.,-28.5));
#8538=CARTESIAN_POINT('Ctrl Pts',(7.287,-10.,-26.));
#8539=CARTESIAN_POINT('Ctrl Pts',(9.812,-10.,-26.));
#8540=CARTESIAN_POINT('Ctrl Pts',(12.337,-10.,-26.));
#8541=CARTESIAN_POINT('Ctrl Pts',(12.337,-10.,-28.5));
#8542=CARTESIAN_POINT('',(12.337,-16.,-28.5));
#8543=CARTESIAN_POINT('',(12.337,-16.,-28.5));
#8544=CARTESIAN_POINT('Origin',(9.812,-16.,-28.5));
#8545=CARTESIAN_POINT('Ctrl Pts',(9.81199999999997,-3.99999999999999,1.58095758706622E-12));
#8546=CARTESIAN_POINT('Ctrl Pts',(11.0963072879176,-3.99999999999999,1.57870905543398E-12));
#8547=CARTESIAN_POINT('Ctrl Pts',(13.6634643624686,-3.99999999999998,-0.579273349350307));
#8548=CARTESIAN_POINT('Ctrl Pts',(16.7548010278203,-3.99999999999999,-3.02023392020602));
#8549=CARTESIAN_POINT('Ctrl Pts',(18.4654531010552,-3.99999999999998,-6.54201380056027));
#8550=CARTESIAN_POINT('Ctrl Pts',(18.4725490222709,-3.99999999999999,-10.8942640559277));
#8551=CARTESIAN_POINT('Ctrl Pts',(16.4592855593044,-3.99999999999998,-14.3443961735455));
#8552=CARTESIAN_POINT('Ctrl Pts',(13.2335907407158,-3.99999999999999,-16.5147146964771));
#8553=CARTESIAN_POINT('Ctrl Pts',(9.81311075295627,-3.99999999999998,-17.2913955230251));
#8554=CARTESIAN_POINT('Ctrl Pts',(5.95899525110523,-3.99999999999999,-16.419985977727));
#8555=CARTESIAN_POINT('Ctrl Pts',(2.87085775869333,-3.99999999999998,-13.9808948441486));
#8556=CARTESIAN_POINT('Ctrl Pts',(1.15586265136897,-3.99999999999999,-10.4560202981055));
#8557=CARTESIAN_POINT('Ctrl Pts',(1.15661518237144,-3.99999999999998,-6.54394600911861));
#8558=CARTESIAN_POINT('Ctrl Pts',(2.86979027700494,-3.99999999999999,-3.01897784405466));
#8559=CARTESIAN_POINT('Ctrl Pts',(5.96014909314001,-3.99999999999999,-0.579903470171896));
#8560=CARTESIAN_POINT('Ctrl Pts',(8.52769271208253,-3.99999999999999,4.65717441986975E-13));
#8561=CARTESIAN_POINT('Ctrl Pts',(9.81200000000007,-3.99999999999999,4.61852778244065E-13));
#8562=CARTESIAN_POINT('Ctrl Pts',(9.81199999999997,-3.99999999999999,-0.0404061017805182));
#8563=CARTESIAN_POINT('Ctrl Pts',(11.0901544070998,-3.99999999999999,-0.0404061017805205));
#8564=CARTESIAN_POINT('Ctrl Pts',(13.6451674229993,-3.99999999999998,-0.616948711492602));
#8565=CARTESIAN_POINT('Ctrl Pts',(16.7217704175202,-3.99999999999999,-3.04629188198988));
#8566=CARTESIAN_POINT('Ctrl Pts',(18.4243078532122,-3.99999999999999,-6.55135626596049));
#8567=CARTESIAN_POINT('Ctrl Pts',(18.4313537241774,-3.99999999999999,-10.8828865436096));
#8568=CARTESIAN_POINT('Ctrl Pts',(16.4276749583934,-3.99999999999999,-14.3166023332166));
#8569=CARTESIAN_POINT('Ctrl Pts',(13.2173299024421,-3.99999999999999,-16.4765867976299));
#8570=CARTESIAN_POINT('Ctrl Pts',(9.81308620768214,-3.99999999999998,-17.2495918597181));
#8571=CARTESIAN_POINT('Ctrl Pts',(5.97732719604608,-3.99999999999999,-16.3823148909589));
#8572=CARTESIAN_POINT('Ctrl Pts',(2.90386788904613,-3.99999999999998,-13.954837452813));
#8573=CARTESIAN_POINT('Ctrl Pts',(1.19704794304225,-3.99999999999999,-10.4467502755789));
#8574=CARTESIAN_POINT('Ctrl Pts',(1.19777202358353,-3.99999999999992,-6.55322812607118));
#8575=CARTESIAN_POINT('Ctrl Pts',(2.90280829294566,-3.99999999999999,-3.04507014710185));
#8576=CARTESIAN_POINT('Ctrl Pts',(5.97845160900131,-3.99999999999998,-0.617561684896695));
#8577=CARTESIAN_POINT('Ctrl Pts',(8.5338455929003,-3.99999999999998,-0.040406101781625));
#8578=CARTESIAN_POINT('Ctrl Pts',(9.81200000000007,-3.99999999999998,-0.0404061017816289));
#8579=CARTESIAN_POINT('Ctrl Pts',(9.81199999999997,-4.07940529422419,-0.211087364059089));
#8580=CARTESIAN_POINT('Ctrl Pts',(11.0644632878922,-4.07940529422419,-0.211087364059092));
#8581=CARTESIAN_POINT('Ctrl Pts',(13.5678056163116,-4.0794052942242,-0.775951012349563));
#8582=CARTESIAN_POINT('Ctrl Pts',(16.582413164299,-4.07940529422422,-3.15630787804745));
#8583=CARTESIAN_POINT('Ctrl Pts',(18.2505651054586,-4.07940529422421,-6.59060134660018));
#8584=CARTESIAN_POINT('Ctrl Pts',(18.2575019876671,-4.0794052942242,-10.8348011493277));
#8585=CARTESIAN_POINT('Ctrl Pts',(16.2942204368303,-4.0794052942242,-14.199269748168));
#8586=CARTESIAN_POINT('Ctrl Pts',(13.1486151537385,-4.0794052942242,-16.3157090054027));
#8587=CARTESIAN_POINT('Ctrl Pts',(9.81310345041284,-4.07940529422421,-17.0730847177304));
#8588=CARTESIAN_POINT('Ctrl Pts',(6.05466310719511,-4.07940529422421,-16.2233259141784));
#8589=CARTESIAN_POINT('Ctrl Pts',(3.04321768744316,-4.07940529422419,-13.84478660535));
#8590=CARTESIAN_POINT('Ctrl Pts',(1.37078858355582,-4.07940529422422,-10.4074151458071));
#8591=CARTESIAN_POINT('Ctrl Pts',(1.37154861199783,-4.07940529422402,-6.59253943414894));
#8592=CARTESIAN_POINT('Ctrl Pts',(3.04217375591214,-4.07940529422422,-3.15505312774993));
#8593=CARTESIAN_POINT('Ctrl Pts',(6.05581350248706,-4.07940529422418,-0.77658038365955));
#8594=CARTESIAN_POINT('Ctrl Pts',(8.55953671210789,-4.07940529422419,-0.211087364060165));
#8595=CARTESIAN_POINT('Ctrl Pts',(9.81200000000007,-4.07940529422419,-0.211087364060169));
#8596=CARTESIAN_POINT('Ctrl Pts',(9.81199999999997,-4.67356953586197,-0.958737747267727));
#8597=CARTESIAN_POINT('Ctrl Pts',(10.951304788264,-4.67356953586197,-0.95873774726773));
#8598=CARTESIAN_POINT('Ctrl Pts',(13.2290819436627,-4.67356953586195,-1.47274155131015));
#8599=CARTESIAN_POINT('Ctrl Pts',(15.9716238479601,-4.67356953586199,-3.63833825567419));
#8600=CARTESIAN_POINT('Ctrl Pts',(17.4893781484717,-4.67356953586198,-6.76296408396518));
#8601=CARTESIAN_POINT('Ctrl Pts',(17.4956251294272,-4.67356953586198,-10.6242205194638));
#8602=CARTESIAN_POINT('Ctrl Pts',(15.7094856907596,-4.67356953586197,-13.6851566397658));
#8603=CARTESIAN_POINT('Ctrl Pts',(12.847672977133,-4.67356953586198,-15.6106282177341));
#8604=CARTESIAN_POINT('Ctrl Pts',(9.81292812569683,-4.67356953586197,-16.2997536859501));
#8605=CARTESIAN_POINT('Ctrl Pts',(6.39363381236767,-4.67356953586197,-15.5266035639131));
#8606=CARTESIAN_POINT('Ctrl Pts',(3.65381035176827,-4.67356953586194,-13.3626808613903));
#8607=CARTESIAN_POINT('Ctrl Pts',(2.13232157745246,-4.673569535862,-10.2354795634429));
#8608=CARTESIAN_POINT('Ctrl Pts',(2.13291519370262,-4.6735695358616,-6.76452606628136));
#8609=CARTESIAN_POINT('Ctrl Pts',(3.65287164153575,-4.67356953586201,-3.63730829962121));
#8610=CARTESIAN_POINT('Ctrl Pts',(6.39458624009321,-4.67356953586191,-1.47325847572998));
#8611=CARTESIAN_POINT('Ctrl Pts',(8.67269521173615,-4.67356953586198,-0.958737747268668));
#8612=CARTESIAN_POINT('Ctrl Pts',(9.81200000000006,-4.67356953586198,-0.958737747268672));
#8613=CARTESIAN_POINT('Ctrl Pts',(9.81199999999996,-5.95365192257577,-2.35422336196451));
#8614=CARTESIAN_POINT('Ctrl Pts',(10.7407860125278,-5.95365192257577,-2.35422336196451));
#8615=CARTESIAN_POINT('Ctrl Pts',(12.5966878519383,-5.95365192257576,-2.77296553788577));
#8616=CARTESIAN_POINT('Ctrl Pts',(14.8319782319318,-5.9536519225758,-4.53791485205027));
#8617=CARTESIAN_POINT('Ctrl Pts',(16.0687667827032,-5.95365192257579,-7.08417340314368));
#8618=CARTESIAN_POINT('Ctrl Pts',(16.0739623511401,-5.95365192257579,-10.2311148954477));
#8619=CARTESIAN_POINT('Ctrl Pts',(14.6182502809532,-5.95365192257578,-12.7257347334228));
#8620=CARTESIAN_POINT('Ctrl Pts',(12.2859045884339,-5.95365192257578,-14.2950137749403));
#8621=CARTESIAN_POINT('Ctrl Pts',(9.81287983085105,-5.95365192257577,-14.8565143327055));
#8622=CARTESIAN_POINT('Ctrl Pts',(7.02608815542205,-5.95365192257578,-14.2264959269387));
#8623=CARTESIAN_POINT('Ctrl Pts',(4.79327128085146,-5.95365192257573,-12.4628776413109));
#8624=CARTESIAN_POINT('Ctrl Pts',(3.55318376543751,-5.95365192257582,-9.91415390991059));
#8625=CARTESIAN_POINT('Ctrl Pts',(3.55382692333017,-5.9536519225753,-7.08577420282586));
#8626=CARTESIAN_POINT('Ctrl Pts',(4.79248826191721,-5.95365192257582,-4.53689368790665));
#8627=CARTESIAN_POINT('Ctrl Pts',(7.0270177743479,-5.95365192257571,-2.77347749397609));
#8628=CARTESIAN_POINT('Ctrl Pts',(8.88321398747229,-5.95365192257576,-2.3542233619652));
#8629=CARTESIAN_POINT('Ctrl Pts',(9.81200000000005,-5.95365192257576,-2.3542233619652));
#8630=CARTESIAN_POINT('Ctrl Pts',(9.81199999999995,-7.64808290778226,-4.049080552112));
#8631=CARTESIAN_POINT('Ctrl Pts',(10.4846284318232,-7.64808290778226,-4.049080552112));
#8632=CARTESIAN_POINT('Ctrl Pts',(11.8287430566379,-7.64808290778224,-4.35235369756522));
#8633=CARTESIAN_POINT('Ctrl Pts',(13.4475774238457,-7.64808290778229,-5.63056644434089));
#8634=CARTESIAN_POINT('Ctrl Pts',(14.3432969703418,-7.64808290778228,-7.4746394538333));
#8635=CARTESIAN_POINT('Ctrl Pts',(14.3470526250932,-7.64808290778227,-9.75371683886796));
#8636=CARTESIAN_POINT('Ctrl Pts',(13.2927971217471,-7.64808290778226,-11.5603738246014));
#8637=CARTESIAN_POINT('Ctrl Pts',(11.6036631250583,-7.64808290778227,-12.6968760559863));
#8638=CARTESIAN_POINT('Ctrl Pts',(9.81262881150527,-7.64808290778225,-13.1035353802047));
#8639=CARTESIAN_POINT('Ctrl Pts',(7.79438254461947,-7.64808290778226,-12.6472566105965));
#8640=CARTESIAN_POINT('Ctrl Pts',(6.17732202286943,-7.64808290778222,-11.3700100815666));
#8641=CARTESIAN_POINT('Ctrl Pts',(5.27923063977244,-7.6480829077823,-9.5241766028185));
#8642=CARTESIAN_POINT('Ctrl Pts',(5.27968560669063,-7.64808290778188,-7.47577652786554));
#8643=CARTESIAN_POINT('Ctrl Pts',(6.17675616496367,-7.6480829077823,-5.6298392379597));
#8644=CARTESIAN_POINT('Ctrl Pts',(7.79504537780098,-7.6480829077822,-4.35271831026291));
#8645=CARTESIAN_POINT('Ctrl Pts',(9.1393715681768,-7.64808290778226,-4.04908055211238));
#8646=CARTESIAN_POINT('Ctrl Pts',(9.81200000000003,-7.64808290778226,-4.04908055211238));
#8647=CARTESIAN_POINT('Ctrl Pts',(9.81199999999995,-9.0389061871142,-5.32424614614341));
#8648=CARTESIAN_POINT('Ctrl Pts',(10.2916904323773,-9.0389061871142,-5.32424614614341));
#8649=CARTESIAN_POINT('Ctrl Pts',(11.2510132923924,-9.03890618711415,-5.54074523138329));
#8650=CARTESIAN_POINT('Ctrl Pts',(12.4058715652334,-9.03890618711421,-6.45268856841497));
#8651=CARTESIAN_POINT('Ctrl Pts',(13.0450562728909,-9.03890618711417,-7.76857052100648));
#8652=CARTESIAN_POINT('Ctrl Pts',(13.0476561386887,-9.03890618711419,-9.394552971126));
#8653=CARTESIAN_POINT('Ctrl Pts',(12.2955095125448,-9.03890618711418,-10.6835358140638));
#8654=CARTESIAN_POINT('Ctrl Pts',(11.090381553813,-9.03890618711418,-11.4943523295667));
#8655=CARTESIAN_POINT('Ctrl Pts',(9.81235443616626,-9.03890618711418,-11.7845856205213));
#8656=CARTESIAN_POINT('Ctrl Pts',(8.37249821472987,-9.03890618711418,-11.4589804115263));
#8657=CARTESIAN_POINT('Ctrl Pts',(7.21870859532889,-9.03890618711416,-10.5477518192519));
#8658=CARTESIAN_POINT('Ctrl Pts',(6.57802661219239,-9.0389061871142,-9.23089333437813));
#8659=CARTESIAN_POINT('Ctrl Pts',(6.57822958086834,-9.03890618711395,-7.76913159354765));
#8660=CARTESIAN_POINT('Ctrl Pts',(7.2183186018678,-9.0389061871142,-6.45230845959462));
#8661=CARTESIAN_POINT('Ctrl Pts',(8.37285404108463,-9.03890618711413,-5.54093616804362));
#8662=CARTESIAN_POINT('Ctrl Pts',(9.3323095676227,-9.03890618711416,-5.32424614614353));
#8663=CARTESIAN_POINT('Ctrl Pts',(9.81200000000003,-9.03890618711416,-5.32424614614353));
#8664=CARTESIAN_POINT('Ctrl Pts',(9.81199999999995,-9.7897080468425,-5.92133314980624));
#8665=CARTESIAN_POINT('Ctrl Pts',(10.2017318662195,-9.7897080468425,-5.92133314980625));
#8666=CARTESIAN_POINT('Ctrl Pts',(10.9804023080965,-9.78970804684249,-6.09701677916017));
#8667=CARTESIAN_POINT('Ctrl Pts',(11.9183164242969,-9.7897080468425,-6.83756880994419));
#8668=CARTESIAN_POINT('Ctrl Pts',(12.4372422774861,-9.78970804684249,-7.90592159433383));
#8669=CARTESIAN_POINT('Ctrl Pts',(12.4394320061942,-9.78970804684251,-9.22634496089895));
#8670=CARTESIAN_POINT('Ctrl Pts',(11.8286305867458,-9.78970804684249,-10.2730557470915));
#8671=CARTESIAN_POINT('Ctrl Pts',(10.8500071654039,-9.7897080468425,-10.9315096595288));
#8672=CARTESIAN_POINT('Ctrl Pts',(9.81238067725635,-9.78970804684247,-11.1670963141207));
#8673=CARTESIAN_POINT('Ctrl Pts',(8.64306757869244,-9.78970804684248,-10.9027568093907));
#8674=CARTESIAN_POINT('Ctrl Pts',(7.70621537849499,-9.78970804684248,-10.162760159194));
#8675=CARTESIAN_POINT('Ctrl Pts',(7.18588149876384,-9.78970804684247,-9.09333886050391));
#8676=CARTESIAN_POINT('Ctrl Pts',(7.18616622385259,-9.7897080468424,-7.90662384372151));
#8677=CARTESIAN_POINT('Ctrl Pts',(7.70588515641151,-9.78970804684251,-6.837123389436));
#8678=CARTESIAN_POINT('Ctrl Pts',(8.64347194281177,-9.78970804684247,-6.09724004613714));
#8679=CARTESIAN_POINT('Ctrl Pts',(9.42226813378049,-9.78970804684249,-5.92133314980625));
#8680=CARTESIAN_POINT('Ctrl Pts',(9.81200000000002,-9.78970804684249,-5.92133314980625));
#8681=CARTESIAN_POINT('Ctrl Pts',(9.81199999999995,-9.95959389821791,-5.99999999999998));
#8682=CARTESIAN_POINT('Ctrl Pts',(10.1897541489829,-9.95959389821791,-5.99999999999998));
#8683=CARTESIAN_POINT('Ctrl Pts',(10.944779570792,-9.95959389821791,-6.17036648541108));
#8684=CARTESIAN_POINT('Ctrl Pts',(11.8540097227236,-9.95959389821792,-6.88830093474223));
#8685=CARTESIAN_POINT('Ctrl Pts',(12.3571366556012,-9.9595938982179,-7.92410949637272));
#8686=CARTESIAN_POINT('Ctrl Pts',(12.3592294057602,-9.95959389821792,-9.20419390891327));
#8687=CARTESIAN_POINT('Ctrl Pts',(11.7670880753123,-9.9595938982179,-10.2189441039362));
#8688=CARTESIAN_POINT('Ctrl Pts',(10.8183487339742,-9.95959389821791,-10.8572790708818));
#8689=CARTESIAN_POINT('Ctrl Pts',(9.81233343835608,-9.95959389821791,-11.0857088961486));
#8690=CARTESIAN_POINT('Ctrl Pts',(8.67875768027808,-9.95959389821791,-10.8294154054105));
#8691=CARTESIAN_POINT('Ctrl Pts',(7.77048256608461,-9.95959389821791,-10.1120289760181));
#8692=CARTESIAN_POINT('Ctrl Pts',(7.2660643054999,-9.95959389821791,-9.07529020166806));
#8693=CARTESIAN_POINT('Ctrl Pts',(7.26629434830424,-9.95959389821788,-7.92469570952482));
#8694=CARTESIAN_POINT('Ctrl Pts',(7.77016761646834,-9.95959389821792,-6.88792156579914));
#8695=CARTESIAN_POINT('Ctrl Pts',(8.67910543038762,-9.9595938982179,-6.1705567708586));
#8696=CARTESIAN_POINT('Ctrl Pts',(9.4342458510171,-9.95959389821791,-5.99999999999998));
#8697=CARTESIAN_POINT('Ctrl Pts',(9.81200000000002,-9.95959389821791,-5.99999999999998));
#8698=CARTESIAN_POINT('Ctrl Pts',(9.81199999999995,-10.,-5.99999999999998));
#8699=CARTESIAN_POINT('Ctrl Pts',(10.1897374376228,-10.,-5.99999999999998));
#8700=CARTESIAN_POINT('Ctrl Pts',(10.9447836360201,-10.,-6.17037451451507));
#8701=CARTESIAN_POINT('Ctrl Pts',(11.8540003023001,-10.,-6.88830409417824));
#8702=CARTESIAN_POINT('Ctrl Pts',(12.3571332650161,-10.,-7.92412170604714));
#8703=CARTESIAN_POINT('Ctrl Pts',(12.3592203006679,-10.,-9.20419531056695));
#8704=CARTESIAN_POINT('Ctrl Pts',(11.7670839880307,-10.,-10.2189400510427));
#8705=CARTESIAN_POINT('Ctrl Pts',(10.8183502178575,-10.,-10.8572690283756));
#8706=CARTESIAN_POINT('Ctrl Pts',(9.81232669204602,-10.,-11.0857045655956));
#8707=CARTESIAN_POINT('Ctrl Pts',(8.67876330914851,-9.99999999999999,-10.8294076405078));
#8708=CARTESIAN_POINT('Ctrl Pts',(7.77048757608664,-10.,-10.1120278953378));
#8709=CARTESIAN_POINT('Ctrl Pts',(7.26607725040218,-10.,-9.075300087678));
#8710=CARTESIAN_POINT('Ctrl Pts',(7.26629858305548,-10.,-7.92469000268305));
#8711=CARTESIAN_POINT('Ctrl Pts',(7.77017361088343,-10.,-6.88793466001604));
#8712=CARTESIAN_POINT('Ctrl Pts',(8.67910267445355,-10.,-6.17055984416837));
#8713=CARTESIAN_POINT('Ctrl Pts',(9.43426256237722,-10.,-5.99999999999998));
#8714=CARTESIAN_POINT('Ctrl Pts',(9.81200000000002,-10.,-5.99999999999998));
#8715=CARTESIAN_POINT('',(9.81199999999995,-10.,-5.99999999999998));
#8716=CARTESIAN_POINT('Ctrl Pts',(9.81199999999997,-4.02266211321881,-0.0747388200946088));
#8717=CARTESIAN_POINT('Ctrl Pts',(9.81199999999997,-4.0457668139324,-0.123996271647633));
#8718=CARTESIAN_POINT('Ctrl Pts',(9.81199999999997,-4.08836146286532,-0.194216393661871));
#8719=CARTESIAN_POINT('Ctrl Pts',(9.81199999999997,-4.15858134427444,-0.293025445690886));
#8720=CARTESIAN_POINT('Ctrl Pts',(9.81199999999997,-4.27746004143679,-0.460304158461969));
#8721=CARTESIAN_POINT('Ctrl Pts',(9.81199999999997,-4.47551478864938,-0.709520952864848));
#8722=CARTESIAN_POINT('Ctrl Pts',(9.81199999999997,-4.78788922670797,-1.06671028584908));
#8723=CARTESIAN_POINT('Ctrl Pts',(9.81199999999997,-5.10026366476657,-1.42389961883332));
#8724=CARTESIAN_POINT('Ctrl Pts',(9.81199999999997,-5.52695779367117,-1.88906149039892));
#8725=CARTESIAN_POINT('Ctrl Pts',(9.81199999999996,-6.02271002232455,-2.40411862453963));
#8726=CARTESIAN_POINT('Ctrl Pts',(9.81199999999996,-6.51846225097793,-2.91917575868034));
#8727=CARTESIAN_POINT('Ctrl Pts',(9.81199999999996,-7.0832725793801,-3.48412815539617));
#8728=CARTESIAN_POINT('Ctrl Pts',(9.81199999999996,-7.59748162346984,-3.97913195275932));
#8729=CARTESIAN_POINT('Ctrl Pts',(9.81199999999995,-8.11169066755957,-4.47413575012247));
#8730=CARTESIAN_POINT('Ctrl Pts',(9.81199999999995,-8.57529842733688,-4.89919094813294));
#8731=CARTESIAN_POINT('Ctrl Pts',(9.81199999999995,-8.93223595051359,-5.21123304774865));
#8732=CARTESIAN_POINT('Ctrl Pts',(9.81199999999995,-9.2891734736903,-5.52327514736435));
#8733=CARTESIAN_POINT('Ctrl Pts',(9.81199999999995,-9.53944076026639,-5.7223041485853));
#8734=CARTESIAN_POINT('Ctrl Pts',(9.81199999999995,-9.7070458663983,-5.8414853617442));
#8735=CARTESIAN_POINT('Ctrl Pts',(9.81199999999995,-9.8746509725302,-5.96066657490311));
#8736=CARTESIAN_POINT('Ctrl Pts',(9.81199999999995,-9.95959389821791,-5.99999999999997));
#8737=CARTESIAN_POINT('Ctrl Pts',(9.81199999999995,-9.99999999999999,-5.99999999999998));
#8738=CARTESIAN_POINT('',(12.3370222219176,-10.,-8.50012454653513));
#8739=CARTESIAN_POINT('Ctrl Pts',(9.81199999999995,-10.,-5.99999999999998));
#8740=CARTESIAN_POINT('Ctrl Pts',(10.1897374376228,-10.,-5.99999999999998));
#8741=CARTESIAN_POINT('Ctrl Pts',(10.9447836360201,-10.,-6.17037451451507));
#8742=CARTESIAN_POINT('Ctrl Pts',(11.8540003023001,-10.,-6.88830409417824));
#8743=CARTESIAN_POINT('Ctrl Pts',(12.2732777774522,-10.,-7.751485450212));
#8744=CARTESIAN_POINT('Ctrl Pts',(12.336873769248,-10.,-8.31298750818716));
#8745=CARTESIAN_POINT('Ctrl Pts',(12.3370222219176,-10.,-8.50012454653513));
#8746=CARTESIAN_POINT('Ctrl Pts',(12.3370222219176,-10.,-8.50012454653513));
#8747=CARTESIAN_POINT('Ctrl Pts',(12.3371706745652,-10.,-8.68726155711181));
#8748=CARTESIAN_POINT('Ctrl Pts',(12.2605309079055,-10.,-9.37331944652866));
#8749=CARTESIAN_POINT('Ctrl Pts',(11.7670839880307,-10.,-10.2189400510427));
#8750=CARTESIAN_POINT('Ctrl Pts',(10.8183502178575,-10.,-10.8572690283756));
#8751=CARTESIAN_POINT('Ctrl Pts',(9.81232669204602,-10.,-11.0857045655956));
#8752=CARTESIAN_POINT('Ctrl Pts',(8.67876330914851,-9.99999999999999,-10.8294076405078));
#8753=CARTESIAN_POINT('Ctrl Pts',(7.77048757608664,-10.,-10.1120278953378));
#8754=CARTESIAN_POINT('Ctrl Pts',(7.26607725040218,-10.,-9.075300087678));
#8755=CARTESIAN_POINT('Ctrl Pts',(7.26629858305548,-10.,-7.92469000268305));
#8756=CARTESIAN_POINT('Ctrl Pts',(7.77017361088343,-10.,-6.88793466001604));
#8757=CARTESIAN_POINT('Ctrl Pts',(8.67910267445355,-10.,-6.17055984416837));
#8758=CARTESIAN_POINT('Ctrl Pts',(9.43426256237722,-10.,-5.99999999999998));
#8759=CARTESIAN_POINT('Ctrl Pts',(9.81200000000002,-10.,-5.99999999999998));
#8760=CARTESIAN_POINT('Ctrl Pts',(12.337,-16.,-8.49999999999998));
#8761=CARTESIAN_POINT('Ctrl Pts',(12.337,-16.,-11.));
#8762=CARTESIAN_POINT('Ctrl Pts',(9.812,-16.,-11.));
#8763=CARTESIAN_POINT('Ctrl Pts',(7.287,-16.,-11.));
#8764=CARTESIAN_POINT('Ctrl Pts',(7.287,-16.,-8.49999999999998));
#8765=CARTESIAN_POINT('Ctrl Pts',(7.287,-16.,-5.99999999999998));
#8766=CARTESIAN_POINT('Ctrl Pts',(9.812,-16.,-5.99999999999998));
#8767=CARTESIAN_POINT('Ctrl Pts',(12.337,-16.,-5.99999999999998));
#8768=CARTESIAN_POINT('Ctrl Pts',(12.337,-16.,-8.49999999999998));
#8769=CARTESIAN_POINT('Ctrl Pts',(12.337,-10.,-8.49999999999998));
#8770=CARTESIAN_POINT('Ctrl Pts',(12.337,-10.,-11.));
#8771=CARTESIAN_POINT('Ctrl Pts',(9.812,-10.,-11.));
#8772=CARTESIAN_POINT('Ctrl Pts',(7.287,-10.,-11.));
#8773=CARTESIAN_POINT('Ctrl Pts',(7.287,-10.,-8.49999999999998));
#8774=CARTESIAN_POINT('Ctrl Pts',(7.287,-10.,-5.99999999999998));
#8775=CARTESIAN_POINT('Ctrl Pts',(9.812,-10.,-5.99999999999998));
#8776=CARTESIAN_POINT('Ctrl Pts',(12.337,-10.,-5.99999999999998));
#8777=CARTESIAN_POINT('Ctrl Pts',(12.337,-10.,-8.49999999999998));
#8778=CARTESIAN_POINT('',(12.337,-16.,-8.49999999999998));
#8779=CARTESIAN_POINT('',(12.337,-16.,-8.49999999999998));
#8780=CARTESIAN_POINT('Origin',(9.812,-16.,-8.49999999999998));
#8781=CARTESIAN_POINT('Origin',(40.91899,-3.62010587361979,-8.49999999999998));
#8782=CARTESIAN_POINT('',(42.196135,-3.99999999999997,-8.49999999999998));
#8783=CARTESIAN_POINT('Origin',(40.91899,-3.99999999999999,-8.49999999999998));
#8784=CARTESIAN_POINT('',(40.91899,-3.24021174723964,-8.49999999999998));
#8785=CARTESIAN_POINT('',(41.5575625,-3.62010587361979,-8.49999999999998));
#8786=CARTESIAN_POINT('Ctrl Pts',(42.196135,-16.,-8.49999999999998));
#8787=CARTESIAN_POINT('Ctrl Pts',(42.196135,-16.,-9.76449999999998));
#8788=CARTESIAN_POINT('Ctrl Pts',(40.91899,-16.,-9.76449999999998));
#8789=CARTESIAN_POINT('Ctrl Pts',(39.641845,-16.,-9.76449999999998));
#8790=CARTESIAN_POINT('Ctrl Pts',(39.641845,-16.,-8.49999999999998));
#8791=CARTESIAN_POINT('Ctrl Pts',(39.641845,-16.,-7.23549999999997));
#8792=CARTESIAN_POINT('Ctrl Pts',(40.91899,-16.,-7.23549999999997));
#8793=CARTESIAN_POINT('Ctrl Pts',(42.196135,-16.,-7.23549999999997));
#8794=CARTESIAN_POINT('Ctrl Pts',(42.196135,-16.,-8.49999999999998));
#8795=CARTESIAN_POINT('Ctrl Pts',(42.196135,-3.99999999999999,-8.49999999999998));
#8796=CARTESIAN_POINT('Ctrl Pts',(42.196135,-3.99999999999999,-9.76449999999998));
#8797=CARTESIAN_POINT('Ctrl Pts',(40.91899,-3.99999999999999,-9.76449999999998));
#8798=CARTESIAN_POINT('Ctrl Pts',(39.641845,-3.99999999999999,-9.76449999999998));
#8799=CARTESIAN_POINT('Ctrl Pts',(39.641845,-3.99999999999999,-8.49999999999998));
#8800=CARTESIAN_POINT('Ctrl Pts',(39.641845,-3.99999999999999,-7.23549999999998));
#8801=CARTESIAN_POINT('Ctrl Pts',(40.91899,-3.99999999999999,-7.23549999999998));
#8802=CARTESIAN_POINT('Ctrl Pts',(42.196135,-3.99999999999999,-7.23549999999998));
#8803=CARTESIAN_POINT('Ctrl Pts',(42.196135,-3.99999999999999,-8.49999999999998));
#8804=CARTESIAN_POINT('',(42.196135,-16.,-8.49999999999998));
#8805=CARTESIAN_POINT('Origin',(40.91899,-16.,-8.49999999999998));
#8806=CARTESIAN_POINT('',(42.196135,-9.99999999999997,-8.49999999999998));
#8807=CARTESIAN_POINT('Origin',(9.812,-3.6201058736198,-28.5));
#8808=CARTESIAN_POINT('',(11.089145,-3.99999999999998,-28.5));
#8809=CARTESIAN_POINT('Origin',(9.812,-3.99999999999999,-28.5));
#8810=CARTESIAN_POINT('',(9.812,-3.24021174723964,-28.5));
#8811=CARTESIAN_POINT('',(10.4505725,-3.6201058736198,-28.5));
#8812=CARTESIAN_POINT('Ctrl Pts',(11.089145,-16.,-28.5));
#8813=CARTESIAN_POINT('Ctrl Pts',(11.089145,-16.,-29.7645));
#8814=CARTESIAN_POINT('Ctrl Pts',(9.812,-16.,-29.7645));
#8815=CARTESIAN_POINT('Ctrl Pts',(8.534855,-16.,-29.7645));
#8816=CARTESIAN_POINT('Ctrl Pts',(8.534855,-16.,-28.5));
#8817=CARTESIAN_POINT('Ctrl Pts',(8.534855,-16.,-27.2355));
#8818=CARTESIAN_POINT('Ctrl Pts',(9.812,-16.,-27.2355));
#8819=CARTESIAN_POINT('Ctrl Pts',(11.089145,-16.,-27.2355));
#8820=CARTESIAN_POINT('Ctrl Pts',(11.089145,-16.,-28.5));
#8821=CARTESIAN_POINT('Ctrl Pts',(11.089145,-3.99999999999999,-28.5));
#8822=CARTESIAN_POINT('Ctrl Pts',(11.089145,-3.99999999999999,-29.7645));
#8823=CARTESIAN_POINT('Ctrl Pts',(9.812,-3.99999999999999,-29.7645));
#8824=CARTESIAN_POINT('Ctrl Pts',(8.534855,-3.99999999999999,-29.7645));
#8825=CARTESIAN_POINT('Ctrl Pts',(8.534855,-3.99999999999999,-28.5));
#8826=CARTESIAN_POINT('Ctrl Pts',(8.534855,-3.99999999999999,-27.2355));
#8827=CARTESIAN_POINT('Ctrl Pts',(9.812,-3.99999999999999,-27.2355));
#8828=CARTESIAN_POINT('Ctrl Pts',(11.089145,-3.99999999999999,-27.2355));
#8829=CARTESIAN_POINT('Ctrl Pts',(11.089145,-3.99999999999999,-28.5));
#8830=CARTESIAN_POINT('',(11.089145,-16.,-28.5));
#8831=CARTESIAN_POINT('Origin',(9.812,-16.,-28.5));
#8832=CARTESIAN_POINT('',(11.089145,-9.99999999999997,-28.5));
#8833=CARTESIAN_POINT('Origin',(9.812,-3.62010587361979,-8.49999999999998));
#8834=CARTESIAN_POINT('',(11.089145,-3.99999999999997,-8.49999999999998));
#8835=CARTESIAN_POINT('Origin',(9.812,-3.99999999999999,-8.49999999999998));
#8836=CARTESIAN_POINT('',(9.812,-3.24021174723964,-8.49999999999998));
#8837=CARTESIAN_POINT('',(10.4505725,-3.62010587361979,-8.49999999999998));
#8838=CARTESIAN_POINT('Ctrl Pts',(11.089145,-16.,-8.49999999999998));
#8839=CARTESIAN_POINT('Ctrl Pts',(11.089145,-16.,-9.76449999999998));
#8840=CARTESIAN_POINT('Ctrl Pts',(9.812,-16.,-9.76449999999998));
#8841=CARTESIAN_POINT('Ctrl Pts',(8.534855,-16.,-9.76449999999998));
#8842=CARTESIAN_POINT('Ctrl Pts',(8.534855,-16.,-8.49999999999998));
#8843=CARTESIAN_POINT('Ctrl Pts',(8.534855,-16.,-7.23549999999998));
#8844=CARTESIAN_POINT('Ctrl Pts',(9.812,-16.,-7.23549999999998));
#8845=CARTESIAN_POINT('Ctrl Pts',(11.089145,-16.,-7.23549999999998));
#8846=CARTESIAN_POINT('Ctrl Pts',(11.089145,-16.,-8.49999999999998));
#8847=CARTESIAN_POINT('Ctrl Pts',(11.089145,-3.99999999999999,-8.49999999999998));
#8848=CARTESIAN_POINT('Ctrl Pts',(11.089145,-3.99999999999999,-9.76449999999998));
#8849=CARTESIAN_POINT('Ctrl Pts',(9.812,-3.99999999999999,-9.76449999999998));
#8850=CARTESIAN_POINT('Ctrl Pts',(8.534855,-3.99999999999999,-9.76449999999998));
#8851=CARTESIAN_POINT('Ctrl Pts',(8.534855,-3.99999999999999,-8.49999999999998));
#8852=CARTESIAN_POINT('Ctrl Pts',(8.534855,-3.99999999999999,-7.23549999999998));
#8853=CARTESIAN_POINT('Ctrl Pts',(9.812,-3.99999999999999,-7.23549999999998));
#8854=CARTESIAN_POINT('Ctrl Pts',(11.089145,-3.99999999999999,-7.23549999999998));
#8855=CARTESIAN_POINT('Ctrl Pts',(11.089145,-3.99999999999999,-8.49999999999998));
#8856=CARTESIAN_POINT('',(11.089145,-16.,-8.49999999999998));
#8857=CARTESIAN_POINT('Origin',(9.812,-16.,-8.49999999999998));
#8858=CARTESIAN_POINT('',(11.089145,-9.99999999999997,-8.49999999999998));
#8859=CARTESIAN_POINT('Origin',(40.91899,-3.6201058736198,-28.5));
#8860=CARTESIAN_POINT('',(42.196135,-3.99999999999998,-28.5));
#8861=CARTESIAN_POINT('Origin',(40.91899,-3.99999999999999,-28.5));
#8862=CARTESIAN_POINT('',(40.91899,-3.24021174723964,-28.5));
#8863=CARTESIAN_POINT('',(41.5575625,-3.6201058736198,-28.5));
#8864=CARTESIAN_POINT('Ctrl Pts',(42.196135,-16.,-28.5));
#8865=CARTESIAN_POINT('Ctrl Pts',(42.196135,-16.,-29.7645));
#8866=CARTESIAN_POINT('Ctrl Pts',(40.91899,-16.,-29.7645));
#8867=CARTESIAN_POINT('Ctrl Pts',(39.641845,-16.,-29.7645));
#8868=CARTESIAN_POINT('Ctrl Pts',(39.641845,-16.,-28.5));
#8869=CARTESIAN_POINT('Ctrl Pts',(39.641845,-16.,-27.2355));
#8870=CARTESIAN_POINT('Ctrl Pts',(40.91899,-16.,-27.2355));
#8871=CARTESIAN_POINT('Ctrl Pts',(42.196135,-16.,-27.2355));
#8872=CARTESIAN_POINT('Ctrl Pts',(42.196135,-16.,-28.5));
#8873=CARTESIAN_POINT('Ctrl Pts',(42.196135,-3.99999999999999,-28.5));
#8874=CARTESIAN_POINT('Ctrl Pts',(42.196135,-3.99999999999999,-29.7645));
#8875=CARTESIAN_POINT('Ctrl Pts',(40.91899,-3.99999999999999,-29.7645));
#8876=CARTESIAN_POINT('Ctrl Pts',(39.641845,-3.99999999999999,-29.7645));
#8877=CARTESIAN_POINT('Ctrl Pts',(39.641845,-3.99999999999999,-28.5));
#8878=CARTESIAN_POINT('Ctrl Pts',(39.641845,-3.99999999999999,-27.2355));
#8879=CARTESIAN_POINT('Ctrl Pts',(40.91899,-3.99999999999999,-27.2355));
#8880=CARTESIAN_POINT('Ctrl Pts',(42.196135,-3.99999999999999,-27.2355));
#8881=CARTESIAN_POINT('Ctrl Pts',(42.196135,-3.99999999999999,-28.5));
#8882=CARTESIAN_POINT('',(42.196135,-16.,-28.5));
#8883=CARTESIAN_POINT('Origin',(40.91899,-16.,-28.5));
#8884=CARTESIAN_POINT('',(42.196135,-9.99999999999997,-28.5));
#8885=CARTESIAN_POINT('Origin',(41.122,-16.,-8.49999999999998));
#8886=CARTESIAN_POINT('Origin',(9.812,-16.,-8.49999999999998));
#8887=CARTESIAN_POINT('Origin',(9.812,-16.,-28.5));
#8888=CARTESIAN_POINT('Origin',(40.91899,-16.,-28.5));
#8889=CARTESIAN_POINT('Origin',(10.0932771867684,-14.2735533905933,-8.50000000000001));
#8890=CARTESIAN_POINT('',(10.0932771867684,-16.2735533905933,-6.90000000000001));
#8891=CARTESIAN_POINT('Origin',(10.0932771867684,-16.2735533905933,-8.50000000000001));
#8892=CARTESIAN_POINT('',(10.0932771867684,-14.2735533905933,-6.90000000000001));
#8893=CARTESIAN_POINT('',(10.0932771867684,-14.2735533905933,-6.90000000000001));
#8894=CARTESIAN_POINT('Origin',(10.0932771867684,-14.2735533905933,-8.50000000000001));
#8895=CARTESIAN_POINT('Origin',(10.0932771867684,-14.2735533905933,-8.50000000000001));
#8896=CARTESIAN_POINT('',(10.0932771867684,-16.2735533905933,-6.00000000000001));
#8897=CARTESIAN_POINT('Origin',(10.0932771867684,-16.2735533905933,-8.50000000000001));
#8898=CARTESIAN_POINT('',(10.0932771867684,-14.2735533905933,-6.00000000000001));
#8899=CARTESIAN_POINT('',(10.0932771867684,-14.2735533905933,-6.00000000000001));
#8900=CARTESIAN_POINT('Origin',(10.0932771867684,-14.2735533905933,-8.50000000000001));
#8901=CARTESIAN_POINT('Origin',(10.0932771867684,-14.2735533905933,-8.50000000000001));
#8902=CARTESIAN_POINT('Origin',(10.0932771867684,-16.2735533905933,-8.50000000000001));
#8903=CARTESIAN_POINT('',(0.,0.,0.));
#8904=UNCERTAINTY_MEASURE_WITH_UNIT(LENGTH_MEASURE(0.01),#8910,
'DISTANCE_ACCURACY_VALUE',
'Maximum model space distance between geometric entities at asserted c
onnectivities');
#8905=UNCERTAINTY_MEASURE_WITH_UNIT(LENGTH_MEASURE(0.01),#8910,
'DISTANCE_ACCURACY_VALUE',
'Maximum model space distance between geometric entities at asserted c
onnectivities');
#8906=UNCERTAINTY_MEASURE_WITH_UNIT(LENGTH_MEASURE(0.01),#8910,
'DISTANCE_ACCURACY_VALUE',
'Maximum model space distance between geometric entities at asserted c
onnectivities');
#8907=(
GEOMETRIC_REPRESENTATION_CONTEXT(3)
GLOBAL_UNCERTAINTY_ASSIGNED_CONTEXT((#8904))
GLOBAL_UNIT_ASSIGNED_CONTEXT((#8910,#8912,#8913))
REPRESENTATION_CONTEXT('','3D')
);
#8908=(
GEOMETRIC_REPRESENTATION_CONTEXT(3)
GLOBAL_UNCERTAINTY_ASSIGNED_CONTEXT((#8905))
GLOBAL_UNIT_ASSIGNED_CONTEXT((#8910,#8912,#8913))
REPRESENTATION_CONTEXT('','3D')
);
#8909=(
GEOMETRIC_REPRESENTATION_CONTEXT(3)
GLOBAL_UNCERTAINTY_ASSIGNED_CONTEXT((#8906))
GLOBAL_UNIT_ASSIGNED_CONTEXT((#8910,#8912,#8913))
REPRESENTATION_CONTEXT('','3D')
);
#8910=(
LENGTH_UNIT()
NAMED_UNIT(*)
SI_UNIT(.MILLI.,.METRE.)
);
#8911=(
LENGTH_UNIT()
NAMED_UNIT(*)
SI_UNIT($,.METRE.)
);
#8912=(
NAMED_UNIT(*)
PLANE_ANGLE_UNIT()
SI_UNIT($,.RADIAN.)
);
#8913=(
NAMED_UNIT(*)
SI_UNIT($,.STERADIAN.)
SOLID_ANGLE_UNIT()
);
#8914=SHAPE_DEFINITION_REPRESENTATION(#8916,#8919);
#8915=SHAPE_DEFINITION_REPRESENTATION(#8917,#8920);
#8916=PRODUCT_DEFINITION_SHAPE('',$,#8922);
#8917=PRODUCT_DEFINITION_SHAPE('',$,#8923);
#8918=PRODUCT_DEFINITION_SHAPE($,$,#14);
#8919=SHAPE_REPRESENTATION('',(#3616,#3821),#8907);
#8920=SHAPE_REPRESENTATION('',(#3617),#8908);
#8921=PRODUCT_DEFINITION_CONTEXT('part definition',#8929,'design');
#8922=PRODUCT_DEFINITION('Minicart','Minicart v2',#8924,#8921);
#8923=PRODUCT_DEFINITION('Minicart_1','Minicart',#8925,#8921);
#8924=PRODUCT_DEFINITION_FORMATION('',$,#8931);
#8925=PRODUCT_DEFINITION_FORMATION('',$,#8932);
#8926=PRODUCT_RELATED_PRODUCT_CATEGORY('Minicart v2','Minicart v2',(#8931));
#8927=PRODUCT_RELATED_PRODUCT_CATEGORY('Minicart','Minicart',(#8932));
#8928=APPLICATION_PROTOCOL_DEFINITION('international standard',
'automotive_design',2009,#8929);
#8929=APPLICATION_CONTEXT(
'Core Data for Automotive Mechanical Design Process');
#8930=PRODUCT_CONTEXT('part definition',#8929,'mechanical');
#8931=PRODUCT('Minicart','Minicart v2',$,(#8930));
#8932=PRODUCT('Minicart_1','Minicart',$,(#8930));
#8933=PRESENTATION_STYLE_ASSIGNMENT((#8934));
#8934=SURFACE_STYLE_USAGE(.BOTH.,#8935);
#8935=SURFACE_SIDE_STYLE('',(#8936));
#8936=SURFACE_STYLE_FILL_AREA(#8937);
#8937=FILL_AREA_STYLE('Pl\X\E1stico - Mate (blanco)',(#8938));
#8938=FILL_AREA_STYLE_COLOUR('Pl\X\E1stico - Mate (blanco)',#8939);
#8939=COLOUR_RGB('Pl\X\E1stico - Mate (blanco)',0.964705882352941,0.964705882352941,
0.952941176470588);
ENDSEC;
END-ISO-10303-21;
