ISO-10303-21;
HEADER;
/* Generated by software containing ST-Developer
 * from STEP Tools, Inc. (www.steptools.com) 
 */

FILE_DESCRIPTION(
/* description */ (''),
/* implementation_level */ '2;1');

FILE_NAME(
/* name */ 'Pivote.step',
/* time_stamp */ '2026-06-26T19:03:23-04:00',
/* author */ (''),
/* organization */ (''),
/* preprocessor_version */ 'ST-DEVELOPER v20.1',
/* originating_system */ 'Autodesk Translation Framework v15.8.0.0',
/* authorisation */ '');

FILE_SCHEMA (('AUTOMOTIVE_DESIGN { 1 0 10303 214 3 1 1 }'));
ENDSEC;

DATA;
#10=MECHANICAL_DESIGN_GEOMETRIC_PRESENTATION_REPRESENTATION('',(#67,#68,
#69,#70,#71,#72,#73,#74,#75,#76,#77),#6336);
#11=B_SPLINE_SURFACE_WITH_KNOTS('',3,3,((#5664,#5665,#5666,#5667,#5668,
#5669,#5670,#5671,#5672,#5673,#5674,#5675,#5676,#5677,#5678,#5679,#5680,
#5681,#5682,#5683,#5684,#5685,#5686,#5687,#5688,#5689,#5690,#5691,#5692,
#5693,#5694),(#5695,#5696,#5697,#5698,#5699,#5700,#5701,#5702,#5703,#5704,
#5705,#5706,#5707,#5708,#5709,#5710,#5711,#5712,#5713,#5714,#5715,#5716,
#5717,#5718,#5719,#5720,#5721,#5722,#5723,#5724,#5725),(#5726,#5727,#5728,
#5729,#5730,#5731,#5732,#5733,#5734,#5735,#5736,#5737,#5738,#5739,#5740,
#5741,#5742,#5743,#5744,#5745,#5746,#5747,#5748,#5749,#5750,#5751,#5752,
#5753,#5754,#5755,#5756),(#5757,#5758,#5759,#5760,#5761,#5762,#5763,#5764,
#5765,#5766,#5767,#5768,#5769,#5770,#5771,#5772,#5773,#5774,#5775,#5776,
#5777,#5778,#5779,#5780,#5781,#5782,#5783,#5784,#5785,#5786,#5787)),
 .UNSPECIFIED.,.F.,.F.,.F.,(4,4),(4,1,1,1,1,1,1,1,1,1,1,1,1,1,1,1,1,1,1,
1,1,1,1,1,1,1,1,1,4),(0.,0.0321584099938622),(11.8553612635793,12.825122467882,
13.7948836721846,14.7646448764873,15.73440608079,16.7041672850926,17.6739284893953,
18.643689693698,19.6134508980006,20.5832121023033,21.552973306606,22.5227345109086,
23.4924957152113,24.462256919514,25.4320181238166,26.4017793281193,27.3715405324219,
28.3413017367246,29.3110629410273,30.2808241453299,31.2505853496326,32.2203465539353,
33.1901077582379,34.1598689625406,35.1296301668433,36.0993913711459,37.0691525754486,
38.0389137797513,39.0086749840539),.UNSPECIFIED.);
#12=B_SPLINE_SURFACE_WITH_KNOTS('',3,3,((#5895,#5896,#5897,#5898,#5899,
#5900,#5901,#5902,#5903,#5904,#5905,#5906,#5907,#5908,#5909,#5910,#5911,
#5912,#5913,#5914,#5915,#5916,#5917,#5918,#5919,#5920,#5921,#5922,#5923,
#5924,#5925),(#5926,#5927,#5928,#5929,#5930,#5931,#5932,#5933,#5934,#5935,
#5936,#5937,#5938,#5939,#5940,#5941,#5942,#5943,#5944,#5945,#5946,#5947,
#5948,#5949,#5950,#5951,#5952,#5953,#5954,#5955,#5956),(#5957,#5958,#5959,
#5960,#5961,#5962,#5963,#5964,#5965,#5966,#5967,#5968,#5969,#5970,#5971,
#5972,#5973,#5974,#5975,#5976,#5977,#5978,#5979,#5980,#5981,#5982,#5983,
#5984,#5985,#5986,#5987),(#5988,#5989,#5990,#5991,#5992,#5993,#5994,#5995,
#5996,#5997,#5998,#5999,#6000,#6001,#6002,#6003,#6004,#6005,#6006,#6007,
#6008,#6009,#6010,#6011,#6012,#6013,#6014,#6015,#6016,#6017,#6018)),
 .UNSPECIFIED.,.F.,.F.,.F.,(4,4),(4,1,1,1,1,1,1,1,1,1,1,1,1,1,1,1,1,1,1,
1,1,1,1,1,1,1,1,1,4),(0.,0.0321584099938622),(14.3984001269718,15.3681613312745,
16.3379225355772,17.3076837398798,18.2774449441825,19.2472061484851,20.2169673527878,
21.1867285570905,22.1564897613931,23.1262509656958,24.0960121699985,25.0657733743011,
26.0355345786038,27.0052957829065,27.9750569872091,28.9448181915118,29.9145793958145,
30.8843406001171,31.8541018044198,32.8238630087224,33.7936242130251,34.7633854173278,
35.7331466216304,36.7029078259331,37.6726690302358,38.6424302345384,39.6121914388411,
40.5819526431438,41.5517138474464),.UNSPECIFIED.);
#13=B_SPLINE_CURVE_WITH_KNOTS('',3,(#5186,#5187,#5188,#5189),
 .UNSPECIFIED.,.F.,.F.,(4,4),(26.4423043696955,27.1533137204746),
 .UNSPECIFIED.);
#14=B_SPLINE_CURVE_WITH_KNOTS('',3,(#5192,#5193,#5194,#5195,#5196,#5197,
#5198,#5199,#5200,#5201),.UNSPECIFIED.,.F.,.F.,(4,3,3,4),(-25.1327412287177,
-24.2440301075666,-23.2742689032639,-22.7021579259084),.UNSPECIFIED.);
#15=B_SPLINE_CURVE_WITH_KNOTS('',3,(#5206,#5207,#5208,#5209,#5210,#5211,
#5212,#5213,#5214,#5215,#5216,#5217,#5218,#5219,#5220,#5221,#5222,#5223,
#5224,#5225,#5226,#5227,#5228,#5229,#5230),.UNSPECIFIED.,.F.,.F.,(4,3,3,
3,3,3,3,3,4),(20.1591190625159,20.3649852903559,21.3347464946586,22.3045076989613,
23.2742689032639,24.2440301075666,25.2137913118693,26.1835525161719,26.4423043696955),
 .UNSPECIFIED.);
#16=B_SPLINE_CURVE_WITH_KNOTS('',3,(#5231,#5232,#5233,#5234,#5235,#5236,
#5237,#5238,#5239,#5240,#5241,#5242,#5243,#5244,#5245,#5246,#5247,#5248,
#5249,#5250,#5251,#5252,#5253,#5254,#5255),.UNSPECIFIED.,.F.,.F.,(4,3,3,
3,3,3,3,3,4),(-22.7021579259084,-22.3045076989613,-21.3347464946586,-20.364985290356,
-19.3952240860533,-18.4254628817506,-17.455701677448,-16.4859404731453,
-16.4189726187288),.UNSPECIFIED.);
#17=B_SPLINE_CURVE_WITH_KNOTS('',3,(#5260,#5261,#5262,#5263,#5264,#5265,
#5266,#5267,#5268,#5269,#5270,#5271,#5272,#5273,#5274,#5275,#5276,#5277,
#5278,#5279,#5280,#5281),.UNSPECIFIED.,.F.,.F.,(4,3,3,3,3,3,3,4),(13.8759337553363,
14.54641806454,15.5161792688426,16.4859404731453,17.455701677448,18.4254628817506,
19.3952240860533,20.1591190625159),.UNSPECIFIED.);
#18=B_SPLINE_CURVE_WITH_KNOTS('',3,(#5282,#5283,#5284,#5285,#5286,#5287,
#5288,#5289,#5290,#5291,#5292,#5293,#5294,#5295,#5296,#5297,#5298,#5299,
#5300,#5301,#5302,#5303),.UNSPECIFIED.,.F.,.F.,(4,3,3,3,3,3,3,4),(-16.4189726187288,
-15.5161792688426,-14.54641806454,-13.5766568602373,-12.6068956559346,-11.637134451632,
-10.6673732473293,-10.1357873115492),.UNSPECIFIED.);
#19=B_SPLINE_CURVE_WITH_KNOTS('',3,(#5309,#5310,#5311,#5312,#5313,#5314,
#5315,#5316,#5317,#5318,#5319,#5320,#5321),.UNSPECIFIED.,.F.,.F.,(4,3,3,
3,4),(-3.85260200436965,-2.90928361290799,-1.93952240860533,-0.969761204302665,
0.),.UNSPECIFIED.);
#20=B_SPLINE_CURVE_WITH_KNOTS('',3,(#5324,#5325,#5326,#5327,#5328,#5329,
#5330,#5331,#5332,#5333,#5334,#5335,#5336,#5337,#5338,#5339,#5340,#5341,
#5342),.UNSPECIFIED.,.F.,.F.,(4,3,3,3,3,3,4),(2.02057249175685,2.90928361290799,
3.87904481721065,4.84880602151332,5.81856722581598,6.78832843011864,7.59274844815672),
 .UNSPECIFIED.);
#21=B_SPLINE_CURVE_WITH_KNOTS('',3,(#5348,#5349,#5350,#5351,#5352,#5353,
#5354,#5355),.UNSPECIFIED.,.F.,.F.,(4,1,1,1,1,4),(34.5575191894877,35.1296301668433,
36.0993913711459,37.0691525754486,38.0389137797513,39.0086749840539),
 .UNSPECIFIED.);
#22=B_SPLINE_CURVE_WITH_KNOTS('',3,(#5358,#5359,#5360,#5361,#5362,#5363,
#5364,#5365,#5366),.UNSPECIFIED.,.F.,.F.,(4,1,1,1,1,1,4),(34.5575191894877,
34.7633854173278,35.7331466216304,36.7029078259331,37.6726690302358,38.6424302345384,
39.5311413556895),.UNSPECIFIED.);
#23=B_SPLINE_CURVE_WITH_KNOTS('',3,(#5371,#5372,#5373,#5374,#5375,#5376,
#5377,#5378,#5379,#5380,#5381),.UNSPECIFIED.,.F.,.F.,(4,1,1,1,1,1,1,1,4),
(28.2743338823081,28.3413017367246,29.3110629410273,30.2808241453299,31.2505853496326,
32.2203465539353,33.1901077582379,34.1598689625406,34.5575191894877),
 .UNSPECIFIED.);
#24=B_SPLINE_CURVE_WITH_KNOTS('',3,(#5382,#5383,#5384,#5385,#5386,#5387,
#5388,#5389,#5390,#5391),.UNSPECIFIED.,.F.,.F.,(4,1,1,1,1,1,1,4),(28.2743338823081,
28.9448181915118,29.9145793958145,30.8843406001171,31.8541018044198,32.8238630087224,
33.7936242130251,34.5575191894877),.UNSPECIFIED.);
#25=B_SPLINE_CURVE_WITH_KNOTS('',3,(#5396,#5397,#5398,#5399,#5400,#5401,
#5402,#5403,#5404,#5405),.UNSPECIFIED.,.F.,.F.,(4,1,1,1,1,1,1,4),(21.9911485751285,
22.5227345109086,23.4924957152113,24.462256919514,25.4320181238166,26.4017793281193,
27.3715405324219,28.2743338823081),.UNSPECIFIED.);
#26=B_SPLINE_CURVE_WITH_KNOTS('',3,(#5406,#5407,#5408,#5409,#5410,#5411,
#5412,#5413,#5414,#5415,#5416),.UNSPECIFIED.,.F.,.F.,(4,1,1,1,1,1,1,1,4),
(21.9911485751285,22.1564897613931,23.1262509656958,24.0960121699985,25.0657733743011,
26.0355345786038,27.0052957829065,27.9750569872091,28.2743338823081),
 .UNSPECIFIED.);
#27=B_SPLINE_CURVE_WITH_KNOTS('',3,(#5422,#5423,#5424,#5425,#5426),
 .UNSPECIFIED.,.F.,.F.,(4,1,4),(14.3984001269718,15.3681613312745,15.707963267949),
 .UNSPECIFIED.);
#28=B_SPLINE_CURVE_WITH_KNOTS('',3,(#5429,#5430,#5431,#5432,#5433),
 .UNSPECIFIED.,.F.,.F.,(4,1,4),(13.8759337553362,14.7646448764873,15.707963267949),
 .UNSPECIFIED.);
#29=B_SPLINE_CURVE_WITH_KNOTS('',3,(#5457,#5458,#5459,#5460,#5461,#5462,
#5463,#5464,#5465,#5466,#5467,#5468,#5469,#5470,#5471,#5472,#5473,#5474,
#5475,#5476,#5477,#5478,#5479,#5480,#5481,#5482,#5483,#5484,#5485,#5486,
#5487,#5488,#5489,#5490,#5491,#5492,#5493,#5494,#5495,#5496,#5497,#5498,
#5499,#5500,#5501,#5502,#5503,#5504,#5505,#5506,#5507,#5508,#5509,#5510,
#5511,#5512,#5513,#5514,#5515,#5516,#5517,#5518,#5519,#5520,#5521,#5522,
#5523,#5524,#5525,#5526,#5527,#5528,#5529,#5530,#5531,#5532,#5533,#5534,
#5535),.UNSPECIFIED.,.F.,.F.,(4,3,3,3,3,3,3,3,3,3,3,3,3,3,3,3,3,3,3,3,3,
3,3,3,3,3,4),(0.,0.0180469476949782,0.0362788312052612,0.0497909249995817,
0.0564428535345764,0.0594960389839224,0.0772364222012174,0.094664778284605,
0.10709247910341,0.114964392049186,0.11808751121495,0.134961202844254,0.144375581559825,
0.160821883027942,0.168625703430018,0.173118011227382,0.189888137780245,
0.206622588355476,0.217641510997829,0.223773058295775,0.227176754695567,
0.243240698753097,0.252067493532403,0.25594338845109,0.27148405989253,0.275945993304757,
0.286347380332227),.UNSPECIFIED.);
#30=B_SPLINE_CURVE_WITH_KNOTS('',3,(#5536,#5537,#5538,#5539,#5540,#5541,
#5542,#5543,#5544,#5545,#5546,#5547,#5548,#5549,#5550,#5551,#5552,#5553,
#5554,#5555,#5556,#5557,#5558,#5559,#5560,#5561,#5562,#5563,#5564,#5565,
#5566,#5567,#5568,#5569,#5570,#5571,#5572,#5573,#5574,#5575,#5576,#5577,
#5578,#5579,#5580,#5581,#5582,#5583,#5584,#5585,#5586,#5587,#5588,#5589,
#5590,#5591,#5592,#5593,#5594,#5595,#5596,#5597,#5598,#5599,#5600,#5601,
#5602,#5603,#5604,#5605,#5606,#5607,#5608,#5609,#5610,#5611,#5612,#5613,
#5614,#5615,#5616,#5617),.UNSPECIFIED.,.F.,.F.,(4,3,3,3,3,3,3,3,3,3,3,3,
3,3,3,3,3,3,3,3,3,3,3,3,3,3,3,4),(0.,0.0151354771170397,0.0309452144577778,
0.0433355094675478,0.0479921685846286,0.0521595157578609,0.0684555675499846,
0.0850581710643138,0.0963105219322197,0.10079004298331,0.104382267295057,
0.121454183707076,0.130067574535937,0.14666412340706,0.155847435888838,
0.15856325445264,0.17562162111146,0.193072656858258,0.204610276429077,0.210944495665406,
0.215063049801229,0.233050156070094,0.242954114041345,0.247566897767412,
0.251101089352267,0.269305820866455,0.272665987955098,0.285142803995018),
 .UNSPECIFIED.);
#31=B_SPLINE_CURVE_WITH_KNOTS('',3,(#5643,#5644,#5645,#5646,#5647,#5648,
#5649,#5650,#5651,#5652,#5653),.UNSPECIFIED.,.F.,.F.,(4,1,1,1,1,1,1,1,4),
(15.707963267949,15.73440608079,16.7041672850926,17.6739284893953,18.643689693698,
19.6134508980006,20.5832121023033,21.552973306606,21.9911485751285),
 .UNSPECIFIED.);
#32=B_SPLINE_CURVE_WITH_KNOTS('',3,(#5654,#5655,#5656,#5657,#5658,#5659,
#5660,#5661,#5662,#5663),.UNSPECIFIED.,.F.,.F.,(4,1,1,1,1,1,1,4),(15.707963267949,
16.3379225355772,17.3076837398798,18.2774449441825,19.2472061484851,20.2169673527878,
21.1867285570905,21.9911485751285),.UNSPECIFIED.);
#33=B_SPLINE_CURVE_WITH_KNOTS('',3,(#5788,#5789,#5790,#5791,#5792,#5793,
#5794,#5795,#5796,#5797,#5798,#5799,#5800,#5801,#5802,#5803,#5804,#5805,
#5806,#5807,#5808,#5809,#5810,#5811,#5812,#5813,#5814,#5815,#5816,#5817,
#5818,#5819,#5820,#5821,#5822,#5823,#5824,#5825,#5826,#5827,#5828,#5829,
#5830,#5831,#5832,#5833,#5834,#5835,#5836,#5837,#5838,#5839,#5840,#5841,
#5842,#5843,#5844,#5845,#5846,#5847,#5848,#5849,#5850,#5851,#5852,#5853,
#5854,#5855,#5856,#5857,#5858,#5859,#5860,#5861,#5862,#5863,#5864,#5865,
#5866,#5867,#5868,#5869),.UNSPECIFIED.,.F.,.F.,(4,3,3,3,3,3,3,3,3,3,3,3,
3,3,3,3,3,3,3,3,3,3,3,3,3,3,3,4),(0.,0.0151354746769504,0.0309452102122574,
0.0433355057527198,0.0479921605521852,0.0521595165194867,0.0684555665884814,
0.085058170002942,0.0963105211361955,0.100790041334284,0.104382266778187,
0.121454183150386,0.130067574535956,0.146664124453959,0.155847438082186,
0.158563257753852,0.175621625574583,0.193072661889115,0.204610278864488,
0.210944494899954,0.215063049788204,0.233050156126076,0.242954114083359,
0.247566899014441,0.25110109075643,0.269305822183691,0.272665987955205,
0.285142803995155),.UNSPECIFIED.);
#34=B_SPLINE_CURVE_WITH_KNOTS('',3,(#5870,#5871,#5872,#5873,#5874,#5875,
#5876,#5877,#5878,#5879,#5880,#5881,#5882,#5883,#5884,#5885,#5886,#5887,
#5888,#5889,#5890,#5891,#5892,#5893,#5894),.UNSPECIFIED.,.F.,.F.,(4,3,3,
3,3,3,3,3,4),(-10.1357873115492,-9.69761204302664,-8.72785083872397,-7.75808963442131,
-6.78832843011865,-5.81856722581599,-4.84880602151332,-3.87904481721066,
-3.85260200436965),.UNSPECIFIED.);
#35=B_SPLINE_CURVE_WITH_KNOTS('',3,(#6019,#6020,#6021,#6022,#6023,#6024,
#6025,#6026,#6027,#6028,#6029,#6030,#6031,#6032,#6033,#6034,#6035,#6036,
#6037,#6038,#6039,#6040,#6041,#6042,#6043),.UNSPECIFIED.,.F.,.F.,(4,3,3,
3,3,3,3,3,4),(7.59274844815672,7.75808963442131,8.72785083872397,9.69761204302663,
10.6673732473293,11.637134451632,12.6068956559346,13.5766568602373,13.8759337553363),
 .UNSPECIFIED.);
#36=B_SPLINE_CURVE_WITH_KNOTS('',3,(#6044,#6045,#6046,#6047,#6048,#6049,
#6050,#6051,#6052,#6053,#6054,#6055,#6056,#6057,#6058,#6059,#6060,#6061,
#6062,#6063,#6064,#6065,#6066,#6067,#6068,#6069,#6070,#6071,#6072,#6073,
#6074,#6075,#6076,#6077,#6078,#6079,#6080,#6081,#6082,#6083,#6084,#6085,
#6086,#6087,#6088,#6089,#6090,#6091,#6092,#6093,#6094,#6095,#6096,#6097,
#6098,#6099,#6100,#6101,#6102,#6103,#6104,#6105,#6106,#6107,#6108,#6109,
#6110,#6111,#6112,#6113,#6114,#6115,#6116,#6117,#6118,#6119,#6120,#6121,
#6122),.UNSPECIFIED.,.F.,.F.,(4,3,3,3,3,3,3,3,3,3,3,3,3,3,3,3,3,3,3,3,3,
3,3,3,3,3,4),(0.,0.0180469476949703,0.036278831459553,0.0497909252220792,
0.0564428540091963,0.0594960394977143,0.0772364229040555,0.0946647784268825,
0.107092479210103,0.114964392279401,0.118087511405564,0.134961202511537,
0.144375581559763,0.160821883027875,0.168625703295834,0.173118011233658,
0.189888137896277,0.206622588551353,0.217641511244334,0.223773057895439,
0.227176754454263,0.243240698235249,0.252067492716148,0.255943387687719,
0.271484058621132,0.275945993304662,0.286347380332158),.UNSPECIFIED.);
#37=B_SPLINE_CURVE_WITH_KNOTS('',3,(#6140,#6141,#6142,#6143,#6144,#6145,
#6146,#6147,#6148,#6149,#6150,#6151,#6152,#6153,#6154,#6155),
 .UNSPECIFIED.,.F.,.F.,(4,2,2,2,2,2,2,4),(-0.82287653904753,-0.671127287303063,
-0.519378035558597,-0.440045021903352,-0.360712008248108,-0.270534006186081,
-0.180356004124054,0.),.UNSPECIFIED.);
#38=B_SPLINE_CURVE_WITH_KNOTS('',3,(#6179,#6180,#6181,#6182,#6183,#6184,
#6185,#6186,#6187,#6188,#6189,#6190,#6191,#6192,#6193,#6194),
 .UNSPECIFIED.,.F.,.F.,(4,2,2,2,2,2,2,4),(-1.645753141998,-1.46539713208464,
-1.37521912712797,-1.28504112217129,-1.20570810563075,-1.12637508909021,
-0.974625830044605,-0.822876570999),.UNSPECIFIED.);
#39=B_SPLINE_CURVE_WITH_KNOTS('',3,(#6217,#6218,#6219,#6220,#6221,#6222,
#6223,#6224,#6225,#6226,#6227,#6228,#6229,#6230,#6231,#6232),
 .UNSPECIFIED.,.F.,.F.,(4,2,2,2,2,2,2,4),(-1.64575307809506,-1.46539707397101,
-1.37521907190898,-1.28504106984695,-1.20570805619171,-1.12637504253646,
-0.974625790791998,-0.822876539047531),.UNSPECIFIED.);
#40=B_SPLINE_CURVE_WITH_KNOTS('',3,(#6254,#6255,#6256,#6257,#6258,#6259,
#6260,#6261,#6262,#6263,#6264,#6265,#6266,#6267,#6268,#6269),
 .UNSPECIFIED.,.F.,.F.,(4,2,2,2,2,2,2,4),(-0.822876570999,-0.671127311953395,
-0.51937805290779,-0.440045036367251,-0.360712019826714,-0.270534014870035,
-0.180356009913357,0.),.UNSPECIFIED.);
#41=ITEM_DEFINED_TRANSFORMATION($,$,#3124,#3435);
#42=ITEM_DEFINED_TRANSFORMATION($,$,#3124,#3436);
#43=ITEM_DEFINED_TRANSFORMATION($,$,#3122,#3520);
#44=ITEM_DEFINED_TRANSFORMATION($,$,#3123,#3521);
#45=(
REPRESENTATION_RELATIONSHIP($,$,#6356,#6354)
REPRESENTATION_RELATIONSHIP_WITH_TRANSFORMATION(#41)
SHAPE_REPRESENTATION_RELATIONSHIP()
);
#46=(
REPRESENTATION_RELATIONSHIP($,$,#6356,#6355)
REPRESENTATION_RELATIONSHIP_WITH_TRANSFORMATION(#42)
SHAPE_REPRESENTATION_RELATIONSHIP()
);
#47=(
REPRESENTATION_RELATIONSHIP($,$,#6354,#6353)
REPRESENTATION_RELATIONSHIP_WITH_TRANSFORMATION(#43)
SHAPE_REPRESENTATION_RELATIONSHIP()
);
#48=(
REPRESENTATION_RELATIONSHIP($,$,#6355,#6353)
REPRESENTATION_RELATIONSHIP_WITH_TRANSFORMATION(#44)
SHAPE_REPRESENTATION_RELATIONSHIP()
);
#49=CONTEXT_DEPENDENT_SHAPE_REPRESENTATION(#45,#6349);
#50=CONTEXT_DEPENDENT_SHAPE_REPRESENTATION(#46,#6350);
#51=CONTEXT_DEPENDENT_SHAPE_REPRESENTATION(#47,#6351);
#52=CONTEXT_DEPENDENT_SHAPE_REPRESENTATION(#48,#6352);
#53=NEXT_ASSEMBLY_USAGE_OCCURRENCE('Steel Ball Bearing_625zz:1',
'Steel Ball Bearing_625zz:1','Steel Ball Bearing_625zz:1',#6359,#6361,
'Steel Ball Bearing_625zz:1');
#54=NEXT_ASSEMBLY_USAGE_OCCURRENCE('Steel Ball Bearing_625zz:1',
'Steel Ball Bearing_625zz:1','Steel Ball Bearing_625zz:1',#6360,#6361,
'Steel Ball Bearing_625zz:1');
#55=NEXT_ASSEMBLY_USAGE_OCCURRENCE('Rodamiento 625zz v1:1',
'Rodamiento 625zz v1:1','Rodamiento 625zz v1:1',#6358,#6359,
'Rodamiento 625zz v1:1');
#56=NEXT_ASSEMBLY_USAGE_OCCURRENCE('Rodamiento 625zz v1:2',
'Rodamiento 625zz v1:2','Rodamiento 625zz v1:2',#6358,#6360,
'Rodamiento 625zz v1:2');
#57=SHAPE_REPRESENTATION_RELATIONSHIP('SRR','None',#6356,#59);
#58=SHAPE_REPRESENTATION_RELATIONSHIP('SRR','None',#6353,#60);
#59=ADVANCED_BREP_SHAPE_REPRESENTATION('',(#78,#79,#80,#81,#82,#83,#84,
#85,#86,#87),#6335);
#60=ADVANCED_BREP_SHAPE_REPRESENTATION('',(#88),#6332);
#61=SPHERICAL_SURFACE('',#3183,1.5625);
#62=SPHERICAL_SURFACE('',#3185,1.5625);
#63=SPHERICAL_SURFACE('',#3187,1.5625);
#64=SPHERICAL_SURFACE('',#3189,1.5625);
#65=SPHERICAL_SURFACE('',#3191,1.5625);
#66=SPHERICAL_SURFACE('',#3193,1.5625);
#67=STYLED_ITEM('',(#6377),#78);
#68=STYLED_ITEM('',(#6377),#79);
#69=STYLED_ITEM('',(#6377),#80);
#70=STYLED_ITEM('',(#6377),#81);
#71=STYLED_ITEM('',(#6377),#82);
#72=STYLED_ITEM('',(#6377),#83);
#73=STYLED_ITEM('',(#6377),#84);
#74=STYLED_ITEM('',(#6377),#85);
#75=STYLED_ITEM('',(#6377),#86);
#76=STYLED_ITEM('',(#6377),#87);
#77=STYLED_ITEM('',(#6378),#88);
#78=MANIFOLD_SOLID_BREP('Cuerpo1',#3098);
#79=MANIFOLD_SOLID_BREP('Cuerpo2',#3099);
#80=MANIFOLD_SOLID_BREP('Cuerpo3',#3100);
#81=MANIFOLD_SOLID_BREP('Cuerpo4',#3101);
#82=MANIFOLD_SOLID_BREP('Cuerpo5',#3102);
#83=MANIFOLD_SOLID_BREP('Cuerpo6',#3103);
#84=MANIFOLD_SOLID_BREP('Cuerpo7',#3104);
#85=MANIFOLD_SOLID_BREP('Cuerpo8',#3105);
#86=MANIFOLD_SOLID_BREP('Cuerpo9',#3106);
#87=MANIFOLD_SOLID_BREP('Cuerpo10',#3107);
#88=MANIFOLD_SOLID_BREP('Pivote',#3108);
#89=FACE_BOUND('',#898,.T.);
#90=FACE_BOUND('',#900,.T.);
#91=FACE_BOUND('',#910,.T.);
#92=FACE_BOUND('',#912,.T.);
#93=FACE_BOUND('',#955,.T.);
#94=FACE_BOUND('',#957,.T.);
#95=FACE_BOUND('',#959,.T.);
#96=FACE_BOUND('',#961,.T.);
#97=FACE_BOUND('',#1015,.T.);
#98=FACE_BOUND('',#1017,.T.);
#99=FACE_BOUND('',#1019,.T.);
#100=FACE_BOUND('',#1021,.T.);
#101=FACE_BOUND('',#1049,.T.);
#102=FACE_BOUND('',#1060,.T.);
#103=FACE_BOUND('',#1066,.T.);
#104=FACE_BOUND('',#1074,.T.);
#105=FACE_BOUND('',#1080,.T.);
#106=FACE_BOUND('',#1084,.T.);
#107=FACE_BOUND('',#1089,.T.);
#108=FACE_BOUND('',#1091,.T.);
#109=FACE_BOUND('',#1093,.T.);
#110=FACE_BOUND('',#1099,.T.);
#111=PLANE('',#3158);
#112=PLANE('',#3159);
#113=PLANE('',#3181);
#114=PLANE('',#3182);
#115=PLANE('',#3262);
#116=PLANE('',#3264);
#117=PLANE('',#3266);
#118=PLANE('',#3268);
#119=PLANE('',#3270);
#120=PLANE('',#3282);
#121=PLANE('',#3283);
#122=PLANE('',#3284);
#123=PLANE('',#3285);
#124=PLANE('',#3286);
#125=PLANE('',#3289);
#126=PLANE('',#3293);
#127=PLANE('',#3294);
#128=PLANE('',#3295);
#129=PLANE('',#3296);
#130=PLANE('',#3297);
#131=PLANE('',#3299);
#132=PLANE('',#3300);
#133=PLANE('',#3302);
#134=PLANE('',#3303);
#135=PLANE('',#3305);
#136=PLANE('',#3306);
#137=PLANE('',#3307);
#138=PLANE('',#3308);
#139=PLANE('',#3310);
#140=PLANE('',#3311);
#141=PLANE('',#3313);
#142=PLANE('',#3314);
#143=PLANE('',#3382);
#144=PLANE('',#3384);
#145=PLANE('',#3386);
#146=PLANE('',#3388);
#147=PLANE('',#3390);
#148=PLANE('',#3402);
#149=PLANE('',#3403);
#150=PLANE('',#3404);
#151=PLANE('',#3405);
#152=PLANE('',#3406);
#153=PLANE('',#3409);
#154=PLANE('',#3413);
#155=PLANE('',#3414);
#156=PLANE('',#3415);
#157=PLANE('',#3416);
#158=PLANE('',#3417);
#159=PLANE('',#3419);
#160=PLANE('',#3420);
#161=PLANE('',#3422);
#162=PLANE('',#3423);
#163=PLANE('',#3425);
#164=PLANE('',#3426);
#165=PLANE('',#3427);
#166=PLANE('',#3428);
#167=PLANE('',#3430);
#168=PLANE('',#3431);
#169=PLANE('',#3433);
#170=PLANE('',#3434);
#171=PLANE('',#3452);
#172=PLANE('',#3456);
#173=PLANE('',#3459);
#174=PLANE('',#3462);
#175=PLANE('',#3466);
#176=PLANE('',#3471);
#177=PLANE('',#3474);
#178=PLANE('',#3481);
#179=PLANE('',#3488);
#180=PLANE('',#3499);
#181=PLANE('',#3506);
#182=PLANE('',#3507);
#183=PLANE('',#3508);
#184=PLANE('',#3511);
#185=PLANE('',#3512);
#186=PLANE('',#3513);
#187=PLANE('',#3515);
#188=PLANE('',#3517);
#189=PLANE('',#3518);
#190=PLANE('',#3519);
#191=CONICAL_SURFACE('',#3140,7.02170602220836,1.39626340159547);
#192=CONICAL_SURFACE('',#3150,6.6,1.39626340159547);
#193=CONICAL_SURFACE('',#3164,4.22499999999999,0.785398163397444);
#194=CONICAL_SURFACE('',#3168,2.5,0.785398163397454);
#195=CONICAL_SURFACE('',#3171,4.375,0.785398163397448);
#196=CONICAL_SURFACE('',#3174,2.65,0.785398163397447);
#197=CONICAL_SURFACE('',#3207,6.2,1.37039777296902);
#198=CONICAL_SURFACE('',#3222,6.84,1.37039777296902);
#199=CONICAL_SURFACE('',#3327,6.2,1.37039777296902);
#200=CONICAL_SURFACE('',#3342,6.84,1.37039777296902);
#201=LINE('',#4544,#408);
#202=LINE('',#4553,#409);
#203=LINE('',#4562,#410);
#204=LINE('',#4566,#411);
#205=LINE('',#4576,#412);
#206=LINE('',#4579,#413);
#207=LINE('',#4590,#414);
#208=LINE('',#4605,#415);
#209=LINE('',#4611,#416);
#210=LINE('',#4617,#417);
#211=LINE('',#4625,#418);
#212=LINE('',#4628,#419);
#213=LINE('',#4630,#420);
#214=LINE('',#4632,#421);
#215=LINE('',#4664,#422);
#216=LINE('',#4667,#423);
#217=LINE('',#4686,#424);
#218=LINE('',#4696,#425);
#219=LINE('',#4702,#426);
#220=LINE('',#4709,#427);
#221=LINE('',#4764,#428);
#222=LINE('',#4767,#429);
#223=LINE('',#4770,#430);
#224=LINE('',#4773,#431);
#225=LINE('',#4776,#432);
#226=LINE('',#4779,#433);
#227=LINE('',#4782,#434);
#228=LINE('',#4785,#435);
#229=LINE('',#4788,#436);
#230=LINE('',#4791,#437);
#231=LINE('',#4794,#438);
#232=LINE('',#4797,#439);
#233=LINE('',#4800,#440);
#234=LINE('',#4803,#441);
#235=LINE('',#4806,#442);
#236=LINE('',#4809,#443);
#237=LINE('',#4812,#444);
#238=LINE('',#4815,#445);
#239=LINE('',#4818,#446);
#240=LINE('',#4821,#447);
#241=LINE('',#4824,#448);
#242=LINE('',#4827,#449);
#243=LINE('',#4830,#450);
#244=LINE('',#4833,#451);
#245=LINE('',#4836,#452);
#246=LINE('',#4839,#453);
#247=LINE('',#4842,#454);
#248=LINE('',#4845,#455);
#249=LINE('',#4848,#456);
#250=LINE('',#4851,#457);
#251=LINE('',#4853,#458);
#252=LINE('',#4854,#459);
#253=LINE('',#4856,#460);
#254=LINE('',#4857,#461);
#255=LINE('',#4859,#462);
#256=LINE('',#4860,#463);
#257=LINE('',#4862,#464);
#258=LINE('',#4863,#465);
#259=LINE('',#4865,#466);
#260=LINE('',#4866,#467);
#261=LINE('',#4871,#468);
#262=LINE('',#4872,#469);
#263=LINE('',#4877,#470);
#264=LINE('',#4878,#471);
#265=LINE('',#4883,#472);
#266=LINE('',#4884,#473);
#267=LINE('',#4886,#474);
#268=LINE('',#4887,#475);
#269=LINE('',#4893,#476);
#270=LINE('',#4894,#477);
#271=LINE('',#4898,#478);
#272=LINE('',#4899,#479);
#273=LINE('',#4903,#480);
#274=LINE('',#4904,#481);
#275=LINE('',#4910,#482);
#276=LINE('',#4911,#483);
#277=LINE('',#4915,#484);
#278=LINE('',#4916,#485);
#279=LINE('',#4924,#486);
#280=LINE('',#4927,#487);
#281=LINE('',#4946,#488);
#282=LINE('',#4956,#489);
#283=LINE('',#4962,#490);
#284=LINE('',#4969,#491);
#285=LINE('',#5024,#492);
#286=LINE('',#5027,#493);
#287=LINE('',#5030,#494);
#288=LINE('',#5033,#495);
#289=LINE('',#5036,#496);
#290=LINE('',#5039,#497);
#291=LINE('',#5042,#498);
#292=LINE('',#5045,#499);
#293=LINE('',#5048,#500);
#294=LINE('',#5051,#501);
#295=LINE('',#5054,#502);
#296=LINE('',#5057,#503);
#297=LINE('',#5060,#504);
#298=LINE('',#5063,#505);
#299=LINE('',#5066,#506);
#300=LINE('',#5069,#507);
#301=LINE('',#5072,#508);
#302=LINE('',#5075,#509);
#303=LINE('',#5078,#510);
#304=LINE('',#5081,#511);
#305=LINE('',#5084,#512);
#306=LINE('',#5087,#513);
#307=LINE('',#5090,#514);
#308=LINE('',#5093,#515);
#309=LINE('',#5096,#516);
#310=LINE('',#5099,#517);
#311=LINE('',#5102,#518);
#312=LINE('',#5105,#519);
#313=LINE('',#5108,#520);
#314=LINE('',#5111,#521);
#315=LINE('',#5113,#522);
#316=LINE('',#5114,#523);
#317=LINE('',#5116,#524);
#318=LINE('',#5117,#525);
#319=LINE('',#5119,#526);
#320=LINE('',#5120,#527);
#321=LINE('',#5122,#528);
#322=LINE('',#5123,#529);
#323=LINE('',#5125,#530);
#324=LINE('',#5126,#531);
#325=LINE('',#5131,#532);
#326=LINE('',#5132,#533);
#327=LINE('',#5137,#534);
#328=LINE('',#5138,#535);
#329=LINE('',#5143,#536);
#330=LINE('',#5144,#537);
#331=LINE('',#5146,#538);
#332=LINE('',#5147,#539);
#333=LINE('',#5153,#540);
#334=LINE('',#5154,#541);
#335=LINE('',#5158,#542);
#336=LINE('',#5159,#543);
#337=LINE('',#5163,#544);
#338=LINE('',#5164,#545);
#339=LINE('',#5170,#546);
#340=LINE('',#5171,#547);
#341=LINE('',#5175,#548);
#342=LINE('',#5176,#549);
#343=LINE('',#5184,#550);
#344=LINE('',#5205,#551);
#345=LINE('',#5259,#552);
#346=LINE('',#5307,#553);
#347=LINE('',#5346,#554);
#348=LINE('',#5370,#555);
#349=LINE('',#5395,#556);
#350=LINE('',#5420,#557);
#351=LINE('',#5439,#558);
#352=LINE('',#5442,#559);
#353=LINE('',#5445,#560);
#354=LINE('',#5449,#561);
#355=LINE('',#5453,#562);
#356=LINE('',#5456,#563);
#357=LINE('',#5620,#564);
#358=LINE('',#5621,#565);
#359=LINE('',#5624,#566);
#360=LINE('',#5627,#567);
#361=LINE('',#5630,#568);
#362=LINE('',#5631,#569);
#363=LINE('',#5634,#570);
#364=LINE('',#5638,#571);
#365=LINE('',#5639,#572);
#366=LINE('',#6130,#573);
#367=LINE('',#6132,#574);
#368=LINE('',#6138,#575);
#369=LINE('',#6156,#576);
#370=LINE('',#6159,#577);
#371=LINE('',#6163,#578);
#372=LINE('',#6165,#579);
#373=LINE('',#6166,#580);
#374=LINE('',#6171,#581);
#375=LINE('',#6174,#582);
#376=LINE('',#6195,#583);
#377=LINE('',#6198,#584);
#378=LINE('',#6200,#585);
#379=LINE('',#6202,#586);
#380=LINE('',#6204,#587);
#381=LINE('',#6205,#588);
#382=LINE('',#6208,#589);
#383=LINE('',#6215,#590);
#384=LINE('',#6233,#591);
#385=LINE('',#6236,#592);
#386=LINE('',#6239,#593);
#387=LINE('',#6242,#594);
#388=LINE('',#6244,#595);
#389=LINE('',#6246,#596);
#390=LINE('',#6249,#597);
#391=LINE('',#6273,#598);
#392=LINE('',#6277,#599);
#393=LINE('',#6280,#600);
#394=LINE('',#6289,#601);
#395=LINE('',#6293,#602);
#396=LINE('',#6298,#603);
#397=LINE('',#6299,#604);
#398=LINE('',#6302,#605);
#399=LINE('',#6303,#606);
#400=LINE('',#6307,#607);
#401=LINE('',#6309,#608);
#402=LINE('',#6310,#609);
#403=LINE('',#6315,#610);
#404=LINE('',#6316,#611);
#405=LINE('',#6318,#612);
#406=LINE('',#6320,#613);
#407=LINE('',#6323,#614);
#408=VECTOR('',#3542,8.);
#409=VECTOR('',#3553,7.);
#410=VECTOR('',#3566,7.02170602220836);
#411=VECTOR('',#3571,6.6);
#412=VECTOR('',#3584,6.6);
#413=VECTOR('',#3587,6.6);
#414=VECTOR('',#3602,7.);
#415=VECTOR('',#3621,4.22499999999999);
#416=VECTOR('',#3628,2.5);
#417=VECTOR('',#3635,4.375);
#418=VECTOR('',#3644,2.65);
#419=VECTOR('',#3649,4.375);
#420=VECTOR('',#3652,4.375);
#421=VECTOR('',#3655,2.5);
#422=VECTOR('',#3688,1000.);
#423=VECTOR('',#3691,1000.);
#424=VECTOR('',#3714,6.2);
#425=VECTOR('',#3727,4.435);
#426=VECTOR('',#3734,4.375);
#427=VECTOR('',#3745,6.84);
#428=VECTOR('',#3806,1000.);
#429=VECTOR('',#3809,1000.);
#430=VECTOR('',#3812,1000.);
#431=VECTOR('',#3815,1000.);
#432=VECTOR('',#3818,1000.);
#433=VECTOR('',#3821,1000.);
#434=VECTOR('',#3824,1000.);
#435=VECTOR('',#3827,1000.);
#436=VECTOR('',#3830,1000.);
#437=VECTOR('',#3833,1000.);
#438=VECTOR('',#3836,1000.);
#439=VECTOR('',#3839,1000.);
#440=VECTOR('',#3842,1000.);
#441=VECTOR('',#3845,1000.);
#442=VECTOR('',#3848,1000.);
#443=VECTOR('',#3851,1000.);
#444=VECTOR('',#3854,1000.);
#445=VECTOR('',#3857,1000.);
#446=VECTOR('',#3860,1000.);
#447=VECTOR('',#3863,1000.);
#448=VECTOR('',#3866,1000.);
#449=VECTOR('',#3869,1000.);
#450=VECTOR('',#3872,1000.);
#451=VECTOR('',#3875,1000.);
#452=VECTOR('',#3878,1000.);
#453=VECTOR('',#3881,1000.);
#454=VECTOR('',#3884,1000.);
#455=VECTOR('',#3887,1000.);
#456=VECTOR('',#3890,1000.);
#457=VECTOR('',#3893,1000.);
#458=VECTOR('',#3896,1000.);
#459=VECTOR('',#3897,1000.);
#460=VECTOR('',#3900,1000.);
#461=VECTOR('',#3901,1000.);
#462=VECTOR('',#3904,1000.);
#463=VECTOR('',#3905,1000.);
#464=VECTOR('',#3908,1000.);
#465=VECTOR('',#3909,1000.);
#466=VECTOR('',#3912,1000.);
#467=VECTOR('',#3913,1000.);
#468=VECTOR('',#3918,1000.);
#469=VECTOR('',#3919,1000.);
#470=VECTOR('',#3924,1000.);
#471=VECTOR('',#3925,1000.);
#472=VECTOR('',#3930,1000.);
#473=VECTOR('',#3931,1000.);
#474=VECTOR('',#3934,1000.);
#475=VECTOR('',#3935,1000.);
#476=VECTOR('',#3946,1000.);
#477=VECTOR('',#3947,1000.);
#478=VECTOR('',#3954,1000.);
#479=VECTOR('',#3955,1000.);
#480=VECTOR('',#3962,1000.);
#481=VECTOR('',#3963,1000.);
#482=VECTOR('',#3974,1000.);
#483=VECTOR('',#3975,1000.);
#484=VECTOR('',#3982,1000.);
#485=VECTOR('',#3983,1000.);
#486=VECTOR('',#3992,1000.);
#487=VECTOR('',#3995,1000.);
#488=VECTOR('',#4018,6.2);
#489=VECTOR('',#4031,4.435);
#490=VECTOR('',#4038,4.375);
#491=VECTOR('',#4049,6.84);
#492=VECTOR('',#4110,1000.);
#493=VECTOR('',#4113,1000.);
#494=VECTOR('',#4116,1000.);
#495=VECTOR('',#4119,1000.);
#496=VECTOR('',#4122,1000.);
#497=VECTOR('',#4125,1000.);
#498=VECTOR('',#4128,1000.);
#499=VECTOR('',#4131,1000.);
#500=VECTOR('',#4134,1000.);
#501=VECTOR('',#4137,1000.);
#502=VECTOR('',#4140,1000.);
#503=VECTOR('',#4143,1000.);
#504=VECTOR('',#4146,1000.);
#505=VECTOR('',#4149,1000.);
#506=VECTOR('',#4152,1000.);
#507=VECTOR('',#4155,1000.);
#508=VECTOR('',#4158,1000.);
#509=VECTOR('',#4161,1000.);
#510=VECTOR('',#4164,1000.);
#511=VECTOR('',#4167,1000.);
#512=VECTOR('',#4170,1000.);
#513=VECTOR('',#4173,1000.);
#514=VECTOR('',#4176,1000.);
#515=VECTOR('',#4179,1000.);
#516=VECTOR('',#4182,1000.);
#517=VECTOR('',#4185,1000.);
#518=VECTOR('',#4188,1000.);
#519=VECTOR('',#4191,1000.);
#520=VECTOR('',#4194,1000.);
#521=VECTOR('',#4197,1000.);
#522=VECTOR('',#4200,1000.);
#523=VECTOR('',#4201,1000.);
#524=VECTOR('',#4204,1000.);
#525=VECTOR('',#4205,1000.);
#526=VECTOR('',#4208,1000.);
#527=VECTOR('',#4209,1000.);
#528=VECTOR('',#4212,1000.);
#529=VECTOR('',#4213,1000.);
#530=VECTOR('',#4216,1000.);
#531=VECTOR('',#4217,1000.);
#532=VECTOR('',#4222,1000.);
#533=VECTOR('',#4223,1000.);
#534=VECTOR('',#4228,1000.);
#535=VECTOR('',#4229,1000.);
#536=VECTOR('',#4234,1000.);
#537=VECTOR('',#4235,1000.);
#538=VECTOR('',#4238,1000.);
#539=VECTOR('',#4239,1000.);
#540=VECTOR('',#4250,1000.);
#541=VECTOR('',#4251,1000.);
#542=VECTOR('',#4258,1000.);
#543=VECTOR('',#4259,1000.);
#544=VECTOR('',#4266,1000.);
#545=VECTOR('',#4267,1000.);
#546=VECTOR('',#4278,1000.);
#547=VECTOR('',#4279,1000.);
#548=VECTOR('',#4286,1000.);
#549=VECTOR('',#4287,1000.);
#550=VECTOR('',#4298,1.5);
#551=VECTOR('',#4303,1.5);
#552=VECTOR('',#4306,1.5);
#553=VECTOR('',#4309,1.5);
#554=VECTOR('',#4314,1.543);
#555=VECTOR('',#4319,1.543);
#556=VECTOR('',#4322,1.543);
#557=VECTOR('',#4325,1.543);
#558=VECTOR('',#4332,10.);
#559=VECTOR('',#4335,10.);
#560=VECTOR('',#4338,10.);
#561=VECTOR('',#4341,10.);
#562=VECTOR('',#4344,10.);
#563=VECTOR('',#4347,10.);
#564=VECTOR('',#4350,10.);
#565=VECTOR('',#4351,10.);
#566=VECTOR('',#4354,10.);
#567=VECTOR('',#4357,10.);
#568=VECTOR('',#4360,10.);
#569=VECTOR('',#4361,10.);
#570=VECTOR('',#4364,10.);
#571=VECTOR('',#4369,10.);
#572=VECTOR('',#4370,10.);
#573=VECTOR('',#4387,3.5);
#574=VECTOR('',#4390,10.);
#575=VECTOR('',#4395,10.);
#576=VECTOR('',#4396,10.);
#577=VECTOR('',#4399,10.);
#578=VECTOR('',#4402,10.);
#579=VECTOR('',#4403,10.);
#580=VECTOR('',#4404,10.);
#581=VECTOR('',#4409,10.);
#582=VECTOR('',#4412,10.);
#583=VECTOR('',#4417,10.);
#584=VECTOR('',#4420,10.);
#585=VECTOR('',#4421,10.);
#586=VECTOR('',#4422,10.);
#587=VECTOR('',#4423,10.);
#588=VECTOR('',#4424,10.);
#589=VECTOR('',#4427,10.);
#590=VECTOR('',#4434,10.);
#591=VECTOR('',#4435,10.);
#592=VECTOR('',#4438,10.);
#593=VECTOR('',#4441,10.);
#594=VECTOR('',#4444,10.);
#595=VECTOR('',#4445,10.);
#596=VECTOR('',#4446,10.);
#597=VECTOR('',#4449,10.);
#598=VECTOR('',#4460,10.);
#599=VECTOR('',#4465,2.75);
#600=VECTOR('',#4468,2.75);
#601=VECTOR('',#4479,8.);
#602=VECTOR('',#4484,8.);
#603=VECTOR('',#4491,10.);
#604=VECTOR('',#4492,10.);
#605=VECTOR('',#4495,10.);
#606=VECTOR('',#4496,10.);
#607=VECTOR('',#4503,10.);
#608=VECTOR('',#4506,10.);
#609=VECTOR('',#4507,10.);
#610=VECTOR('',#4512,10.);
#611=VECTOR('',#4513,10.);
#612=VECTOR('',#4516,10.);
#613=VECTOR('',#4519,10.);
#614=VECTOR('',#4524,10.);
#615=CYLINDRICAL_SURFACE('',#3129,8.);
#616=CYLINDRICAL_SURFACE('',#3134,7.);
#617=CYLINDRICAL_SURFACE('',#3142,6.6);
#618=CYLINDRICAL_SURFACE('',#3147,6.6);
#619=CYLINDRICAL_SURFACE('',#3156,7.);
#620=CYLINDRICAL_SURFACE('',#3178,4.375);
#621=CYLINDRICAL_SURFACE('',#3179,4.375);
#622=CYLINDRICAL_SURFACE('',#3180,2.5);
#623=CYLINDRICAL_SURFACE('',#3195,6.99999999999999);
#624=CYLINDRICAL_SURFACE('',#3214,4.435);
#625=CYLINDRICAL_SURFACE('',#3216,4.375);
#626=CYLINDRICAL_SURFACE('',#3252,7.);
#627=CYLINDRICAL_SURFACE('',#3254,7.);
#628=CYLINDRICAL_SURFACE('',#3256,7.);
#629=CYLINDRICAL_SURFACE('',#3258,7.);
#630=CYLINDRICAL_SURFACE('',#3260,7.);
#631=CYLINDRICAL_SURFACE('',#3272,6.904);
#632=CYLINDRICAL_SURFACE('',#3274,6.904);
#633=CYLINDRICAL_SURFACE('',#3276,6.904);
#634=CYLINDRICAL_SURFACE('',#3278,6.904);
#635=CYLINDRICAL_SURFACE('',#3280,6.904);
#636=CYLINDRICAL_SURFACE('',#3287,7.);
#637=CYLINDRICAL_SURFACE('',#3291,6.904);
#638=CYLINDRICAL_SURFACE('',#3298,6.99999999999999);
#639=CYLINDRICAL_SURFACE('',#3301,6.99999999999999);
#640=CYLINDRICAL_SURFACE('',#3304,6.99999999999999);
#641=CYLINDRICAL_SURFACE('',#3309,6.99999999999999);
#642=CYLINDRICAL_SURFACE('',#3312,6.99999999999999);
#643=CYLINDRICAL_SURFACE('',#3315,6.99999999999999);
#644=CYLINDRICAL_SURFACE('',#3334,4.435);
#645=CYLINDRICAL_SURFACE('',#3336,4.375);
#646=CYLINDRICAL_SURFACE('',#3372,7.);
#647=CYLINDRICAL_SURFACE('',#3374,7.);
#648=CYLINDRICAL_SURFACE('',#3376,7.);
#649=CYLINDRICAL_SURFACE('',#3378,7.);
#650=CYLINDRICAL_SURFACE('',#3380,7.);
#651=CYLINDRICAL_SURFACE('',#3392,6.904);
#652=CYLINDRICAL_SURFACE('',#3394,6.904);
#653=CYLINDRICAL_SURFACE('',#3396,6.904);
#654=CYLINDRICAL_SURFACE('',#3398,6.904);
#655=CYLINDRICAL_SURFACE('',#3400,6.904);
#656=CYLINDRICAL_SURFACE('',#3407,7.);
#657=CYLINDRICAL_SURFACE('',#3411,6.904);
#658=CYLINDRICAL_SURFACE('',#3418,6.99999999999999);
#659=CYLINDRICAL_SURFACE('',#3421,6.99999999999999);
#660=CYLINDRICAL_SURFACE('',#3424,6.99999999999999);
#661=CYLINDRICAL_SURFACE('',#3429,6.99999999999999);
#662=CYLINDRICAL_SURFACE('',#3432,6.99999999999999);
#663=CYLINDRICAL_SURFACE('',#3437,1.2645);
#664=CYLINDRICAL_SURFACE('',#3439,1.2645);
#665=CYLINDRICAL_SURFACE('',#3440,1.2645);
#666=CYLINDRICAL_SURFACE('',#3441,1.2645);
#667=CYLINDRICAL_SURFACE('',#3443,1.543);
#668=CYLINDRICAL_SURFACE('',#3445,1.543);
#669=CYLINDRICAL_SURFACE('',#3446,1.543);
#670=CYLINDRICAL_SURFACE('',#3447,1.543);
#671=CYLINDRICAL_SURFACE('',#3449,7.65);
#672=CYLINDRICAL_SURFACE('',#3457,7.65);
#673=CYLINDRICAL_SURFACE('',#3460,7.65);
#674=CYLINDRICAL_SURFACE('',#3463,7.65);
#675=CYLINDRICAL_SURFACE('',#3465,1.543);
#676=CYLINDRICAL_SURFACE('',#3468,1.2645);
#677=CYLINDRICAL_SURFACE('',#3469,3.5);
#678=CYLINDRICAL_SURFACE('',#3472,4.);
#679=CYLINDRICAL_SURFACE('',#3477,3.99999999999999);
#680=CYLINDRICAL_SURFACE('',#3479,4.);
#681=CYLINDRICAL_SURFACE('',#3482,4.);
#682=CYLINDRICAL_SURFACE('',#3484,4.);
#683=CYLINDRICAL_SURFACE('',#3486,3.99999999999999);
#684=CYLINDRICAL_SURFACE('',#3491,4.);
#685=CYLINDRICAL_SURFACE('',#3493,4.);
#686=CYLINDRICAL_SURFACE('',#3495,2.75);
#687=CYLINDRICAL_SURFACE('',#3497,2.75);
#688=CYLINDRICAL_SURFACE('',#3501,8.1);
#689=CYLINDRICAL_SURFACE('',#3504,8.1);
#690=CYLINDRICAL_SURFACE('',#3509,10.);
#691=CYLINDRICAL_SURFACE('',#3516,10.);
#692=FACE_OUTER_BOUND('',#885,.T.);
#693=FACE_OUTER_BOUND('',#886,.T.);
#694=FACE_OUTER_BOUND('',#887,.T.);
#695=FACE_OUTER_BOUND('',#888,.T.);
#696=FACE_OUTER_BOUND('',#889,.T.);
#697=FACE_OUTER_BOUND('',#890,.T.);
#698=FACE_OUTER_BOUND('',#891,.T.);
#699=FACE_OUTER_BOUND('',#892,.T.);
#700=FACE_OUTER_BOUND('',#893,.T.);
#701=FACE_OUTER_BOUND('',#894,.T.);
#702=FACE_OUTER_BOUND('',#895,.T.);
#703=FACE_OUTER_BOUND('',#896,.T.);
#704=FACE_OUTER_BOUND('',#897,.T.);
#705=FACE_OUTER_BOUND('',#899,.T.);
#706=FACE_OUTER_BOUND('',#901,.T.);
#707=FACE_OUTER_BOUND('',#902,.T.);
#708=FACE_OUTER_BOUND('',#903,.T.);
#709=FACE_OUTER_BOUND('',#904,.T.);
#710=FACE_OUTER_BOUND('',#905,.T.);
#711=FACE_OUTER_BOUND('',#906,.T.);
#712=FACE_OUTER_BOUND('',#907,.T.);
#713=FACE_OUTER_BOUND('',#908,.T.);
#714=FACE_OUTER_BOUND('',#909,.T.);
#715=FACE_OUTER_BOUND('',#911,.T.);
#716=FACE_OUTER_BOUND('',#913,.T.);
#717=FACE_OUTER_BOUND('',#914,.T.);
#718=FACE_OUTER_BOUND('',#915,.T.);
#719=FACE_OUTER_BOUND('',#916,.T.);
#720=FACE_OUTER_BOUND('',#917,.T.);
#721=FACE_OUTER_BOUND('',#918,.T.);
#722=FACE_OUTER_BOUND('',#919,.T.);
#723=FACE_OUTER_BOUND('',#920,.T.);
#724=FACE_OUTER_BOUND('',#921,.T.);
#725=FACE_OUTER_BOUND('',#922,.T.);
#726=FACE_OUTER_BOUND('',#923,.T.);
#727=FACE_OUTER_BOUND('',#924,.T.);
#728=FACE_OUTER_BOUND('',#925,.T.);
#729=FACE_OUTER_BOUND('',#926,.T.);
#730=FACE_OUTER_BOUND('',#927,.T.);
#731=FACE_OUTER_BOUND('',#928,.T.);
#732=FACE_OUTER_BOUND('',#929,.T.);
#733=FACE_OUTER_BOUND('',#930,.T.);
#734=FACE_OUTER_BOUND('',#931,.T.);
#735=FACE_OUTER_BOUND('',#932,.T.);
#736=FACE_OUTER_BOUND('',#933,.T.);
#737=FACE_OUTER_BOUND('',#934,.T.);
#738=FACE_OUTER_BOUND('',#935,.T.);
#739=FACE_OUTER_BOUND('',#936,.T.);
#740=FACE_OUTER_BOUND('',#937,.T.);
#741=FACE_OUTER_BOUND('',#938,.T.);
#742=FACE_OUTER_BOUND('',#939,.T.);
#743=FACE_OUTER_BOUND('',#940,.T.);
#744=FACE_OUTER_BOUND('',#941,.T.);
#745=FACE_OUTER_BOUND('',#942,.T.);
#746=FACE_OUTER_BOUND('',#943,.T.);
#747=FACE_OUTER_BOUND('',#944,.T.);
#748=FACE_OUTER_BOUND('',#945,.T.);
#749=FACE_OUTER_BOUND('',#946,.T.);
#750=FACE_OUTER_BOUND('',#947,.T.);
#751=FACE_OUTER_BOUND('',#948,.T.);
#752=FACE_OUTER_BOUND('',#949,.T.);
#753=FACE_OUTER_BOUND('',#950,.T.);
#754=FACE_OUTER_BOUND('',#951,.T.);
#755=FACE_OUTER_BOUND('',#952,.T.);
#756=FACE_OUTER_BOUND('',#953,.T.);
#757=FACE_OUTER_BOUND('',#954,.T.);
#758=FACE_OUTER_BOUND('',#956,.T.);
#759=FACE_OUTER_BOUND('',#958,.T.);
#760=FACE_OUTER_BOUND('',#960,.T.);
#761=FACE_OUTER_BOUND('',#962,.T.);
#762=FACE_OUTER_BOUND('',#963,.T.);
#763=FACE_OUTER_BOUND('',#964,.T.);
#764=FACE_OUTER_BOUND('',#965,.T.);
#765=FACE_OUTER_BOUND('',#966,.T.);
#766=FACE_OUTER_BOUND('',#967,.T.);
#767=FACE_OUTER_BOUND('',#968,.T.);
#768=FACE_OUTER_BOUND('',#969,.T.);
#769=FACE_OUTER_BOUND('',#970,.T.);
#770=FACE_OUTER_BOUND('',#971,.T.);
#771=FACE_OUTER_BOUND('',#972,.T.);
#772=FACE_OUTER_BOUND('',#973,.T.);
#773=FACE_OUTER_BOUND('',#974,.T.);
#774=FACE_OUTER_BOUND('',#975,.T.);
#775=FACE_OUTER_BOUND('',#976,.T.);
#776=FACE_OUTER_BOUND('',#977,.T.);
#777=FACE_OUTER_BOUND('',#978,.T.);
#778=FACE_OUTER_BOUND('',#979,.T.);
#779=FACE_OUTER_BOUND('',#980,.T.);
#780=FACE_OUTER_BOUND('',#981,.T.);
#781=FACE_OUTER_BOUND('',#982,.T.);
#782=FACE_OUTER_BOUND('',#983,.T.);
#783=FACE_OUTER_BOUND('',#984,.T.);
#784=FACE_OUTER_BOUND('',#985,.T.);
#785=FACE_OUTER_BOUND('',#986,.T.);
#786=FACE_OUTER_BOUND('',#987,.T.);
#787=FACE_OUTER_BOUND('',#988,.T.);
#788=FACE_OUTER_BOUND('',#989,.T.);
#789=FACE_OUTER_BOUND('',#990,.T.);
#790=FACE_OUTER_BOUND('',#991,.T.);
#791=FACE_OUTER_BOUND('',#992,.T.);
#792=FACE_OUTER_BOUND('',#993,.T.);
#793=FACE_OUTER_BOUND('',#994,.T.);
#794=FACE_OUTER_BOUND('',#995,.T.);
#795=FACE_OUTER_BOUND('',#996,.T.);
#796=FACE_OUTER_BOUND('',#997,.T.);
#797=FACE_OUTER_BOUND('',#998,.T.);
#798=FACE_OUTER_BOUND('',#999,.T.);
#799=FACE_OUTER_BOUND('',#1000,.T.);
#800=FACE_OUTER_BOUND('',#1001,.T.);
#801=FACE_OUTER_BOUND('',#1002,.T.);
#802=FACE_OUTER_BOUND('',#1003,.T.);
#803=FACE_OUTER_BOUND('',#1004,.T.);
#804=FACE_OUTER_BOUND('',#1005,.T.);
#805=FACE_OUTER_BOUND('',#1006,.T.);
#806=FACE_OUTER_BOUND('',#1007,.T.);
#807=FACE_OUTER_BOUND('',#1008,.T.);
#808=FACE_OUTER_BOUND('',#1009,.T.);
#809=FACE_OUTER_BOUND('',#1010,.T.);
#810=FACE_OUTER_BOUND('',#1011,.T.);
#811=FACE_OUTER_BOUND('',#1012,.T.);
#812=FACE_OUTER_BOUND('',#1013,.T.);
#813=FACE_OUTER_BOUND('',#1014,.T.);
#814=FACE_OUTER_BOUND('',#1016,.T.);
#815=FACE_OUTER_BOUND('',#1018,.T.);
#816=FACE_OUTER_BOUND('',#1020,.T.);
#817=FACE_OUTER_BOUND('',#1022,.T.);
#818=FACE_OUTER_BOUND('',#1023,.T.);
#819=FACE_OUTER_BOUND('',#1024,.T.);
#820=FACE_OUTER_BOUND('',#1025,.T.);
#821=FACE_OUTER_BOUND('',#1026,.T.);
#822=FACE_OUTER_BOUND('',#1027,.T.);
#823=FACE_OUTER_BOUND('',#1028,.T.);
#824=FACE_OUTER_BOUND('',#1029,.T.);
#825=FACE_OUTER_BOUND('',#1030,.T.);
#826=FACE_OUTER_BOUND('',#1031,.T.);
#827=FACE_OUTER_BOUND('',#1032,.T.);
#828=FACE_OUTER_BOUND('',#1033,.T.);
#829=FACE_OUTER_BOUND('',#1034,.T.);
#830=FACE_OUTER_BOUND('',#1035,.T.);
#831=FACE_OUTER_BOUND('',#1036,.T.);
#832=FACE_OUTER_BOUND('',#1037,.T.);
#833=FACE_OUTER_BOUND('',#1038,.T.);
#834=FACE_OUTER_BOUND('',#1039,.T.);
#835=FACE_OUTER_BOUND('',#1040,.T.);
#836=FACE_OUTER_BOUND('',#1041,.T.);
#837=FACE_OUTER_BOUND('',#1042,.T.);
#838=FACE_OUTER_BOUND('',#1043,.T.);
#839=FACE_OUTER_BOUND('',#1044,.T.);
#840=FACE_OUTER_BOUND('',#1045,.T.);
#841=FACE_OUTER_BOUND('',#1046,.T.);
#842=FACE_OUTER_BOUND('',#1047,.T.);
#843=FACE_OUTER_BOUND('',#1048,.T.);
#844=FACE_OUTER_BOUND('',#1050,.T.);
#845=FACE_OUTER_BOUND('',#1051,.T.);
#846=FACE_OUTER_BOUND('',#1052,.T.);
#847=FACE_OUTER_BOUND('',#1053,.T.);
#848=FACE_OUTER_BOUND('',#1054,.T.);
#849=FACE_OUTER_BOUND('',#1055,.T.);
#850=FACE_OUTER_BOUND('',#1056,.T.);
#851=FACE_OUTER_BOUND('',#1057,.T.);
#852=FACE_OUTER_BOUND('',#1058,.T.);
#853=FACE_OUTER_BOUND('',#1059,.T.);
#854=FACE_OUTER_BOUND('',#1061,.T.);
#855=FACE_OUTER_BOUND('',#1062,.T.);
#856=FACE_OUTER_BOUND('',#1063,.T.);
#857=FACE_OUTER_BOUND('',#1064,.T.);
#858=FACE_OUTER_BOUND('',#1065,.T.);
#859=FACE_OUTER_BOUND('',#1067,.T.);
#860=FACE_OUTER_BOUND('',#1068,.T.);
#861=FACE_OUTER_BOUND('',#1069,.T.);
#862=FACE_OUTER_BOUND('',#1070,.T.);
#863=FACE_OUTER_BOUND('',#1071,.T.);
#864=FACE_OUTER_BOUND('',#1072,.T.);
#865=FACE_OUTER_BOUND('',#1073,.T.);
#866=FACE_OUTER_BOUND('',#1075,.T.);
#867=FACE_OUTER_BOUND('',#1076,.T.);
#868=FACE_OUTER_BOUND('',#1077,.T.);
#869=FACE_OUTER_BOUND('',#1078,.T.);
#870=FACE_OUTER_BOUND('',#1079,.T.);
#871=FACE_OUTER_BOUND('',#1081,.T.);
#872=FACE_OUTER_BOUND('',#1082,.T.);
#873=FACE_OUTER_BOUND('',#1083,.T.);
#874=FACE_OUTER_BOUND('',#1085,.T.);
#875=FACE_OUTER_BOUND('',#1086,.T.);
#876=FACE_OUTER_BOUND('',#1087,.T.);
#877=FACE_OUTER_BOUND('',#1088,.T.);
#878=FACE_OUTER_BOUND('',#1090,.T.);
#879=FACE_OUTER_BOUND('',#1092,.T.);
#880=FACE_OUTER_BOUND('',#1094,.T.);
#881=FACE_OUTER_BOUND('',#1095,.T.);
#882=FACE_OUTER_BOUND('',#1096,.T.);
#883=FACE_OUTER_BOUND('',#1097,.T.);
#884=FACE_OUTER_BOUND('',#1098,.T.);
#885=EDGE_LOOP('',(#2013,#2014,#2015,#2016));
#886=EDGE_LOOP('',(#2017,#2018,#2019,#2020));
#887=EDGE_LOOP('',(#2021,#2022,#2023,#2024));
#888=EDGE_LOOP('',(#2025,#2026,#2027,#2028));
#889=EDGE_LOOP('',(#2029,#2030,#2031,#2032));
#890=EDGE_LOOP('',(#2033,#2034,#2035,#2036));
#891=EDGE_LOOP('',(#2037,#2038,#2039,#2040));
#892=EDGE_LOOP('',(#2041,#2042,#2043,#2044));
#893=EDGE_LOOP('',(#2045,#2046,#2047,#2048,#2049));
#894=EDGE_LOOP('',(#2050,#2051,#2052,#2053,#2054,#2055));
#895=EDGE_LOOP('',(#2056,#2057,#2058,#2059,#2060));
#896=EDGE_LOOP('',(#2061,#2062,#2063,#2064));
#897=EDGE_LOOP('',(#2065));
#898=EDGE_LOOP('',(#2066));
#899=EDGE_LOOP('',(#2067));
#900=EDGE_LOOP('',(#2068));
#901=EDGE_LOOP('',(#2069,#2070,#2071,#2072));
#902=EDGE_LOOP('',(#2073,#2074,#2075,#2076,#2077));
#903=EDGE_LOOP('',(#2078,#2079,#2080,#2081));
#904=EDGE_LOOP('',(#2082,#2083,#2084,#2085));
#905=EDGE_LOOP('',(#2086,#2087,#2088,#2089,#2090));
#906=EDGE_LOOP('',(#2091,#2092,#2093,#2094,#2095));
#907=EDGE_LOOP('',(#2096,#2097,#2098,#2099));
#908=EDGE_LOOP('',(#2100,#2101,#2102,#2103,#2104));
#909=EDGE_LOOP('',(#2105));
#910=EDGE_LOOP('',(#2106));
#911=EDGE_LOOP('',(#2107));
#912=EDGE_LOOP('',(#2108));
#913=EDGE_LOOP('',(#2109,#2110));
#914=EDGE_LOOP('',(#2111,#2112));
#915=EDGE_LOOP('',(#2113,#2114));
#916=EDGE_LOOP('',(#2115,#2116));
#917=EDGE_LOOP('',(#2117,#2118));
#918=EDGE_LOOP('',(#2119,#2120));
#919=EDGE_LOOP('',(#2121,#2122,#2123,#2124));
#920=EDGE_LOOP('',(#2125,#2126,#2127,#2128,#2129));
#921=EDGE_LOOP('',(#2130,#2131,#2132,#2133));
#922=EDGE_LOOP('',(#2134,#2135,#2136,#2137));
#923=EDGE_LOOP('',(#2138,#2139,#2140,#2141));
#924=EDGE_LOOP('',(#2142,#2143,#2144,#2145));
#925=EDGE_LOOP('',(#2146,#2147,#2148,#2149));
#926=EDGE_LOOP('',(#2150,#2151,#2152,#2153));
#927=EDGE_LOOP('',(#2154,#2155,#2156,#2157));
#928=EDGE_LOOP('',(#2158,#2159,#2160,#2161,#2162,#2163,#2164,#2165,#2166,
#2167,#2168,#2169,#2170,#2171,#2172,#2173,#2174));
#929=EDGE_LOOP('',(#2175,#2176,#2177,#2178,#2179,#2180,#2181,#2182,#2183,
#2184,#2185,#2186,#2187,#2188,#2189,#2190));
#930=EDGE_LOOP('',(#2191,#2192,#2193,#2194));
#931=EDGE_LOOP('',(#2195,#2196,#2197,#2198));
#932=EDGE_LOOP('',(#2199,#2200,#2201,#2202));
#933=EDGE_LOOP('',(#2203,#2204,#2205,#2206));
#934=EDGE_LOOP('',(#2207,#2208,#2209,#2210));
#935=EDGE_LOOP('',(#2211,#2212,#2213,#2214));
#936=EDGE_LOOP('',(#2215,#2216,#2217,#2218));
#937=EDGE_LOOP('',(#2219,#2220,#2221,#2222));
#938=EDGE_LOOP('',(#2223,#2224,#2225,#2226));
#939=EDGE_LOOP('',(#2227,#2228,#2229,#2230));
#940=EDGE_LOOP('',(#2231,#2232,#2233,#2234));
#941=EDGE_LOOP('',(#2235,#2236,#2237,#2238));
#942=EDGE_LOOP('',(#2239,#2240,#2241,#2242));
#943=EDGE_LOOP('',(#2243,#2244,#2245,#2246));
#944=EDGE_LOOP('',(#2247,#2248,#2249,#2250));
#945=EDGE_LOOP('',(#2251,#2252,#2253,#2254));
#946=EDGE_LOOP('',(#2255,#2256,#2257,#2258));
#947=EDGE_LOOP('',(#2259,#2260,#2261,#2262));
#948=EDGE_LOOP('',(#2263,#2264,#2265,#2266));
#949=EDGE_LOOP('',(#2267,#2268,#2269,#2270));
#950=EDGE_LOOP('',(#2271,#2272,#2273,#2274));
#951=EDGE_LOOP('',(#2275,#2276,#2277,#2278));
#952=EDGE_LOOP('',(#2279,#2280,#2281,#2282));
#953=EDGE_LOOP('',(#2283,#2284,#2285,#2286));
#954=EDGE_LOOP('',(#2287));
#955=EDGE_LOOP('',(#2288));
#956=EDGE_LOOP('',(#2289));
#957=EDGE_LOOP('',(#2290));
#958=EDGE_LOOP('',(#2291));
#959=EDGE_LOOP('',(#2292));
#960=EDGE_LOOP('',(#2293));
#961=EDGE_LOOP('',(#2294));
#962=EDGE_LOOP('',(#2295,#2296,#2297,#2298,#2299,#2300));
#963=EDGE_LOOP('',(#2301,#2302,#2303,#2304,#2305));
#964=EDGE_LOOP('',(#2306,#2307,#2308,#2309,#2310));
#965=EDGE_LOOP('',(#2311,#2312,#2313,#2314));
#966=EDGE_LOOP('',(#2315,#2316,#2317,#2318,#2319));
#967=EDGE_LOOP('',(#2320,#2321,#2322,#2323,#2324));
#968=EDGE_LOOP('',(#2325,#2326,#2327,#2328));
#969=EDGE_LOOP('',(#2329,#2330,#2331,#2332,#2333));
#970=EDGE_LOOP('',(#2334,#2335,#2336,#2337,#2338));
#971=EDGE_LOOP('',(#2339,#2340,#2341,#2342,#2343));
#972=EDGE_LOOP('',(#2344,#2345,#2346,#2347,#2348));
#973=EDGE_LOOP('',(#2349,#2350,#2351,#2352));
#974=EDGE_LOOP('',(#2353,#2354,#2355,#2356,#2357));
#975=EDGE_LOOP('',(#2358,#2359,#2360,#2361,#2362));
#976=EDGE_LOOP('',(#2363,#2364,#2365,#2366));
#977=EDGE_LOOP('',(#2367,#2368,#2369,#2370,#2371));
#978=EDGE_LOOP('',(#2372,#2373,#2374,#2375,#2376));
#979=EDGE_LOOP('',(#2377,#2378,#2379,#2380));
#980=EDGE_LOOP('',(#2381,#2382,#2383,#2384,#2385));
#981=EDGE_LOOP('',(#2386,#2387,#2388,#2389));
#982=EDGE_LOOP('',(#2390,#2391,#2392,#2393));
#983=EDGE_LOOP('',(#2394,#2395,#2396,#2397));
#984=EDGE_LOOP('',(#2398,#2399,#2400,#2401));
#985=EDGE_LOOP('',(#2402,#2403,#2404,#2405));
#986=EDGE_LOOP('',(#2406,#2407,#2408,#2409));
#987=EDGE_LOOP('',(#2410,#2411,#2412,#2413));
#988=EDGE_LOOP('',(#2414,#2415,#2416,#2417,#2418,#2419,#2420,#2421,#2422,
#2423,#2424,#2425,#2426,#2427,#2428,#2429,#2430));
#989=EDGE_LOOP('',(#2431,#2432,#2433,#2434,#2435,#2436,#2437,#2438,#2439,
#2440,#2441,#2442,#2443,#2444,#2445,#2446));
#990=EDGE_LOOP('',(#2447,#2448,#2449,#2450));
#991=EDGE_LOOP('',(#2451,#2452,#2453,#2454));
#992=EDGE_LOOP('',(#2455,#2456,#2457,#2458));
#993=EDGE_LOOP('',(#2459,#2460,#2461,#2462));
#994=EDGE_LOOP('',(#2463,#2464,#2465,#2466));
#995=EDGE_LOOP('',(#2467,#2468,#2469,#2470));
#996=EDGE_LOOP('',(#2471,#2472,#2473,#2474));
#997=EDGE_LOOP('',(#2475,#2476,#2477,#2478));
#998=EDGE_LOOP('',(#2479,#2480,#2481,#2482));
#999=EDGE_LOOP('',(#2483,#2484,#2485,#2486));
#1000=EDGE_LOOP('',(#2487,#2488,#2489,#2490));
#1001=EDGE_LOOP('',(#2491,#2492,#2493,#2494));
#1002=EDGE_LOOP('',(#2495,#2496,#2497,#2498));
#1003=EDGE_LOOP('',(#2499,#2500,#2501,#2502));
#1004=EDGE_LOOP('',(#2503,#2504,#2505,#2506));
#1005=EDGE_LOOP('',(#2507,#2508,#2509,#2510));
#1006=EDGE_LOOP('',(#2511,#2512,#2513,#2514));
#1007=EDGE_LOOP('',(#2515,#2516,#2517,#2518));
#1008=EDGE_LOOP('',(#2519,#2520,#2521,#2522));
#1009=EDGE_LOOP('',(#2523,#2524,#2525,#2526));
#1010=EDGE_LOOP('',(#2527,#2528,#2529,#2530));
#1011=EDGE_LOOP('',(#2531,#2532,#2533,#2534));
#1012=EDGE_LOOP('',(#2535,#2536,#2537,#2538));
#1013=EDGE_LOOP('',(#2539,#2540,#2541,#2542));
#1014=EDGE_LOOP('',(#2543));
#1015=EDGE_LOOP('',(#2544));
#1016=EDGE_LOOP('',(#2545));
#1017=EDGE_LOOP('',(#2546));
#1018=EDGE_LOOP('',(#2547));
#1019=EDGE_LOOP('',(#2548));
#1020=EDGE_LOOP('',(#2549));
#1021=EDGE_LOOP('',(#2550));
#1022=EDGE_LOOP('',(#2551,#2552,#2553,#2554,#2555,#2556));
#1023=EDGE_LOOP('',(#2557,#2558,#2559,#2560,#2561));
#1024=EDGE_LOOP('',(#2562,#2563,#2564,#2565,#2566));
#1025=EDGE_LOOP('',(#2567,#2568,#2569,#2570));
#1026=EDGE_LOOP('',(#2571,#2572,#2573,#2574,#2575));
#1027=EDGE_LOOP('',(#2576,#2577,#2578,#2579,#2580));
#1028=EDGE_LOOP('',(#2581,#2582,#2583,#2584));
#1029=EDGE_LOOP('',(#2585,#2586,#2587,#2588,#2589));
#1030=EDGE_LOOP('',(#2590,#2591,#2592,#2593,#2594));
#1031=EDGE_LOOP('',(#2595,#2596,#2597,#2598,#2599));
#1032=EDGE_LOOP('',(#2600,#2601,#2602,#2603,#2604));
#1033=EDGE_LOOP('',(#2605,#2606,#2607,#2608));
#1034=EDGE_LOOP('',(#2609,#2610,#2611,#2612,#2613));
#1035=EDGE_LOOP('',(#2614,#2615,#2616,#2617,#2618));
#1036=EDGE_LOOP('',(#2619,#2620,#2621,#2622));
#1037=EDGE_LOOP('',(#2623,#2624,#2625,#2626,#2627));
#1038=EDGE_LOOP('',(#2628,#2629,#2630,#2631,#2632));
#1039=EDGE_LOOP('',(#2633,#2634,#2635,#2636));
#1040=EDGE_LOOP('',(#2637,#2638,#2639,#2640));
#1041=EDGE_LOOP('',(#2641,#2642,#2643,#2644));
#1042=EDGE_LOOP('',(#2645,#2646,#2647,#2648));
#1043=EDGE_LOOP('',(#2649,#2650,#2651,#2652));
#1044=EDGE_LOOP('',(#2653,#2654,#2655,#2656));
#1045=EDGE_LOOP('',(#2657,#2658,#2659,#2660));
#1046=EDGE_LOOP('',(#2661,#2662,#2663,#2664));
#1047=EDGE_LOOP('',(#2665,#2666,#2667,#2668));
#1048=EDGE_LOOP('',(#2669,#2670,#2671,#2672,#2673,#2674,#2675,#2676));
#1049=EDGE_LOOP('',(#2677,#2678,#2679,#2680));
#1050=EDGE_LOOP('',(#2681,#2682,#2683,#2684));
#1051=EDGE_LOOP('',(#2685,#2686,#2687,#2688));
#1052=EDGE_LOOP('',(#2689,#2690,#2691,#2692));
#1053=EDGE_LOOP('',(#2693,#2694,#2695,#2696));
#1054=EDGE_LOOP('',(#2697,#2698,#2699,#2700));
#1055=EDGE_LOOP('',(#2701,#2702,#2703,#2704));
#1056=EDGE_LOOP('',(#2705,#2706,#2707,#2708));
#1057=EDGE_LOOP('',(#2709,#2710,#2711,#2712,#2713,#2714,#2715,#2716,#2717,
#2718,#2719,#2720));
#1058=EDGE_LOOP('',(#2721,#2722,#2723,#2724,#2725,#2726,#2727,#2728,#2729,
#2730,#2731,#2732));
#1059=EDGE_LOOP('',(#2733));
#1060=EDGE_LOOP('',(#2734,#2735,#2736,#2737));
#1061=EDGE_LOOP('',(#2738,#2739,#2740,#2741));
#1062=EDGE_LOOP('',(#2742,#2743,#2744,#2745));
#1063=EDGE_LOOP('',(#2746,#2747,#2748,#2749));
#1064=EDGE_LOOP('',(#2750,#2751,#2752,#2753));
#1065=EDGE_LOOP('',(#2754,#2755,#2756,#2757,#2758,#2759));
#1066=EDGE_LOOP('',(#2760));
#1067=EDGE_LOOP('',(#2761,#2762,#2763,#2764));
#1068=EDGE_LOOP('',(#2765,#2766,#2767,#2768));
#1069=EDGE_LOOP('',(#2769,#2770,#2771,#2772,#2773,#2774));
#1070=EDGE_LOOP('',(#2775,#2776,#2777,#2778));
#1071=EDGE_LOOP('',(#2779,#2780,#2781,#2782));
#1072=EDGE_LOOP('',(#2783,#2784,#2785,#2786));
#1073=EDGE_LOOP('',(#2787,#2788,#2789,#2790,#2791,#2792));
#1074=EDGE_LOOP('',(#2793));
#1075=EDGE_LOOP('',(#2794,#2795,#2796,#2797));
#1076=EDGE_LOOP('',(#2798,#2799,#2800,#2801));
#1077=EDGE_LOOP('',(#2802,#2803,#2804,#2805));
#1078=EDGE_LOOP('',(#2806,#2807,#2808,#2809));
#1079=EDGE_LOOP('',(#2810));
#1080=EDGE_LOOP('',(#2811));
#1081=EDGE_LOOP('',(#2812,#2813,#2814,#2815));
#1082=EDGE_LOOP('',(#2816,#2817,#2818,#2819));
#1083=EDGE_LOOP('',(#2820));
#1084=EDGE_LOOP('',(#2821));
#1085=EDGE_LOOP('',(#2822,#2823,#2824,#2825));
#1086=EDGE_LOOP('',(#2826,#2827,#2828,#2829));
#1087=EDGE_LOOP('',(#2830,#2831,#2832,#2833));
#1088=EDGE_LOOP('',(#2834,#2835,#2836,#2837,#2838,#2839));
#1089=EDGE_LOOP('',(#2840));
#1090=EDGE_LOOP('',(#2841,#2842,#2843,#2844));
#1091=EDGE_LOOP('',(#2845));
#1092=EDGE_LOOP('',(#2846,#2847,#2848,#2849,#2850,#2851));
#1093=EDGE_LOOP('',(#2852));
#1094=EDGE_LOOP('',(#2853,#2854,#2855,#2856));
#1095=EDGE_LOOP('',(#2857,#2858,#2859,#2860));
#1096=EDGE_LOOP('',(#2861,#2862,#2863,#2864));
#1097=EDGE_LOOP('',(#2865,#2866,#2867,#2868,#2869,#2870));
#1098=EDGE_LOOP('',(#2871,#2872,#2873,#2874,#2875,#2876,#2877,#2878));
#1099=EDGE_LOOP('',(#2879,#2880,#2881,#2882,#2883,#2884,#2885,#2886));
#1100=CIRCLE('',#3126,8.);
#1101=CIRCLE('',#3127,0.25);
#1102=CIRCLE('',#3128,7.75);
#1103=CIRCLE('',#3130,8.);
#1104=CIRCLE('',#3132,7.75);
#1105=CIRCLE('',#3133,0.25);
#1106=CIRCLE('',#3135,7.);
#1107=CIRCLE('',#3136,7.);
#1108=CIRCLE('',#3138,7.02170602220836);
#1109=CIRCLE('',#3139,0.125);
#1110=CIRCLE('',#3141,6.6);
#1111=CIRCLE('',#3143,6.6);
#1112=CIRCLE('',#3145,6.6);
#1113=CIRCLE('',#3146,1.5625);
#1114=CIRCLE('',#3148,6.6);
#1115=CIRCLE('',#3149,6.6);
#1116=CIRCLE('',#3151,7.02170602220836);
#1117=CIRCLE('',#3152,7.02170602220836);
#1118=CIRCLE('',#3154,7.);
#1119=CIRCLE('',#3155,0.125);
#1120=CIRCLE('',#3157,7.);
#1121=CIRCLE('',#3161,4.375);
#1122=CIRCLE('',#3162,1.5625);
#1123=CIRCLE('',#3163,4.375);
#1124=CIRCLE('',#3165,4.375);
#1125=CIRCLE('',#3166,4.375);
#1126=CIRCLE('',#3167,4.22499999999999);
#1127=CIRCLE('',#3169,2.5);
#1128=CIRCLE('',#3170,2.65);
#1129=CIRCLE('',#3172,4.375);
#1130=CIRCLE('',#3173,4.225);
#1131=CIRCLE('',#3175,2.5);
#1132=CIRCLE('',#3176,2.5);
#1133=CIRCLE('',#3177,2.65);
#1134=CIRCLE('',#3184,1.5625);
#1135=CIRCLE('',#3186,1.5625);
#1136=CIRCLE('',#3188,1.5625);
#1137=CIRCLE('',#3190,1.5625);
#1138=CIRCLE('',#3192,1.5625);
#1139=CIRCLE('',#3194,1.5625);
#1140=CIRCLE('',#3196,6.99999999999999);
#1141=CIRCLE('',#3197,6.99999999999999);
#1142=CIRCLE('',#3199,7.);
#1143=CIRCLE('',#3200,7.);
#1144=CIRCLE('',#3201,1.6);
#1145=CIRCLE('',#3202,6.68236279011164);
#1146=CIRCLE('',#3204,6.35763834421521);
#1147=CIRCLE('',#3205,1.6);
#1148=CIRCLE('',#3206,6.03914246535104);
#1149=CIRCLE('',#3208,6.2);
#1150=CIRCLE('',#3209,6.84);
#1151=CIRCLE('',#3211,4.5);
#1152=CIRCLE('',#3212,0.0649999999999998);
#1153=CIRCLE('',#3213,4.435);
#1154=CIRCLE('',#3215,4.435);
#1155=CIRCLE('',#3217,4.375);
#1156=CIRCLE('',#3218,4.375);
#1157=CIRCLE('',#3220,0.125);
#1158=CIRCLE('',#3221,4.5);
#1159=CIRCLE('',#3224,0.0650000000000002);
#1160=CIRCLE('',#3225,7.);
#1161=CIRCLE('',#3226,7.);
#1162=CIRCLE('',#3227,6.99999999999999);
#1163=CIRCLE('',#3228,7.);
#1164=CIRCLE('',#3229,6.99999999999999);
#1165=CIRCLE('',#3230,7.);
#1166=CIRCLE('',#3231,7.);
#1167=CIRCLE('',#3232,6.99999999999999);
#1168=CIRCLE('',#3233,7.);
#1169=CIRCLE('',#3234,6.99999999999999);
#1170=CIRCLE('',#3235,7.);
#1171=CIRCLE('',#3236,7.);
#1172=CIRCLE('',#3238,7.);
#1173=CIRCLE('',#3239,6.99999999999999);
#1174=CIRCLE('',#3240,7.);
#1175=CIRCLE('',#3241,6.99999999999999);
#1176=CIRCLE('',#3242,7.);
#1177=CIRCLE('',#3243,7.);
#1178=CIRCLE('',#3244,0.125);
#1179=CIRCLE('',#3245,7.);
#1180=CIRCLE('',#3246,7.);
#1181=CIRCLE('',#3247,7.);
#1182=CIRCLE('',#3248,6.99999999999999);
#1183=CIRCLE('',#3249,7.);
#1184=CIRCLE('',#3250,6.99999999999999);
#1185=CIRCLE('',#3251,7.);
#1186=CIRCLE('',#3253,7.);
#1187=CIRCLE('',#3255,7.);
#1188=CIRCLE('',#3257,7.);
#1189=CIRCLE('',#3259,7.);
#1190=CIRCLE('',#3261,7.);
#1191=CIRCLE('',#3263,6.904);
#1192=CIRCLE('',#3265,6.904);
#1193=CIRCLE('',#3267,6.904);
#1194=CIRCLE('',#3269,6.904);
#1195=CIRCLE('',#3271,6.904);
#1196=CIRCLE('',#3273,6.904);
#1197=CIRCLE('',#3275,6.904);
#1198=CIRCLE('',#3277,6.904);
#1199=CIRCLE('',#3279,6.904);
#1200=CIRCLE('',#3281,6.904);
#1201=CIRCLE('',#3288,7.);
#1202=CIRCLE('',#3290,6.904);
#1203=CIRCLE('',#3292,6.904);
#1204=CIRCLE('',#3316,6.99999999999999);
#1205=CIRCLE('',#3317,6.99999999999999);
#1206=CIRCLE('',#3319,7.);
#1207=CIRCLE('',#3320,1.6);
#1208=CIRCLE('',#3321,6.68236279011164);
#1209=CIRCLE('',#3322,7.);
#1210=CIRCLE('',#3324,6.35763834421521);
#1211=CIRCLE('',#3325,1.6);
#1212=CIRCLE('',#3326,6.03914246535104);
#1213=CIRCLE('',#3328,6.2);
#1214=CIRCLE('',#3329,6.84);
#1215=CIRCLE('',#3331,4.5);
#1216=CIRCLE('',#3332,0.0649999999999998);
#1217=CIRCLE('',#3333,4.435);
#1218=CIRCLE('',#3335,4.435);
#1219=CIRCLE('',#3337,4.375);
#1220=CIRCLE('',#3338,4.375);
#1221=CIRCLE('',#3340,0.125);
#1222=CIRCLE('',#3341,4.5);
#1223=CIRCLE('',#3344,0.0650000000000002);
#1224=CIRCLE('',#3345,7.);
#1225=CIRCLE('',#3346,7.);
#1226=CIRCLE('',#3347,6.99999999999999);
#1227=CIRCLE('',#3348,7.);
#1228=CIRCLE('',#3349,6.99999999999999);
#1229=CIRCLE('',#3350,7.);
#1230=CIRCLE('',#3351,7.);
#1231=CIRCLE('',#3352,6.99999999999999);
#1232=CIRCLE('',#3353,7.);
#1233=CIRCLE('',#3354,6.99999999999999);
#1234=CIRCLE('',#3355,7.);
#1235=CIRCLE('',#3356,7.);
#1236=CIRCLE('',#3358,7.);
#1237=CIRCLE('',#3359,6.99999999999999);
#1238=CIRCLE('',#3360,7.);
#1239=CIRCLE('',#3361,6.99999999999999);
#1240=CIRCLE('',#3362,7.);
#1241=CIRCLE('',#3363,7.);
#1242=CIRCLE('',#3364,0.125);
#1243=CIRCLE('',#3365,7.);
#1244=CIRCLE('',#3366,7.);
#1245=CIRCLE('',#3367,7.);
#1246=CIRCLE('',#3368,6.99999999999999);
#1247=CIRCLE('',#3369,7.);
#1248=CIRCLE('',#3370,6.99999999999999);
#1249=CIRCLE('',#3371,7.);
#1250=CIRCLE('',#3373,7.);
#1251=CIRCLE('',#3375,7.);
#1252=CIRCLE('',#3377,7.);
#1253=CIRCLE('',#3379,7.);
#1254=CIRCLE('',#3381,7.);
#1255=CIRCLE('',#3383,6.904);
#1256=CIRCLE('',#3385,6.904);
#1257=CIRCLE('',#3387,6.904);
#1258=CIRCLE('',#3389,6.904);
#1259=CIRCLE('',#3391,6.904);
#1260=CIRCLE('',#3393,6.904);
#1261=CIRCLE('',#3395,6.904);
#1262=CIRCLE('',#3397,6.904);
#1263=CIRCLE('',#3399,6.904);
#1264=CIRCLE('',#3401,6.904);
#1265=CIRCLE('',#3408,7.);
#1266=CIRCLE('',#3410,6.904);
#1267=CIRCLE('',#3412,6.904);
#1268=CIRCLE('',#3438,1.2645);
#1269=CIRCLE('',#3442,1.2645);
#1270=CIRCLE('',#3444,1.543);
#1271=CIRCLE('',#3448,1.543);
#1272=CIRCLE('',#3450,7.65);
#1273=CIRCLE('',#3451,7.65);
#1274=CIRCLE('',#3453,7.65);
#1275=CIRCLE('',#3454,7.65);
#1276=CIRCLE('',#3455,7.65);
#1277=CIRCLE('',#3458,7.65);
#1278=CIRCLE('',#3461,7.65);
#1279=CIRCLE('',#3464,7.65);
#1280=CIRCLE('',#3467,3.5);
#1281=CIRCLE('',#3470,3.5);
#1282=CIRCLE('',#3473,4.);
#1283=CIRCLE('',#3475,10.);
#1284=CIRCLE('',#3476,2.75);
#1285=CIRCLE('',#3478,3.99999999999999);
#1286=CIRCLE('',#3480,4.);
#1287=CIRCLE('',#3483,4.);
#1288=CIRCLE('',#3485,4.);
#1289=CIRCLE('',#3487,3.99999999999999);
#1290=CIRCLE('',#3489,10.);
#1291=CIRCLE('',#3490,2.75);
#1292=CIRCLE('',#3492,4.);
#1293=CIRCLE('',#3494,4.);
#1294=CIRCLE('',#3496,2.75);
#1295=CIRCLE('',#3498,2.75);
#1296=CIRCLE('',#3500,8.1);
#1297=CIRCLE('',#3502,8.1);
#1298=CIRCLE('',#3503,8.1);
#1299=CIRCLE('',#3505,8.1);
#1300=CIRCLE('',#3510,10.);
#1301=CIRCLE('',#3514,10.);
#1302=VERTEX_POINT('',#4536);
#1303=VERTEX_POINT('',#4538);
#1304=VERTEX_POINT('',#4542);
#1305=VERTEX_POINT('',#4546);
#1306=VERTEX_POINT('',#4550);
#1307=VERTEX_POINT('',#4552);
#1308=VERTEX_POINT('',#4556);
#1309=VERTEX_POINT('',#4560);
#1310=VERTEX_POINT('',#4564);
#1311=VERTEX_POINT('',#4568);
#1312=VERTEX_POINT('',#4572);
#1313=VERTEX_POINT('',#4573);
#1314=VERTEX_POINT('',#4578);
#1315=VERTEX_POINT('',#4580);
#1316=VERTEX_POINT('',#4584);
#1317=VERTEX_POINT('',#4588);
#1318=VERTEX_POINT('',#4594);
#1319=VERTEX_POINT('',#4596);
#1320=VERTEX_POINT('',#4600);
#1321=VERTEX_POINT('',#4601);
#1322=VERTEX_POINT('',#4604);
#1323=VERTEX_POINT('',#4608);
#1324=VERTEX_POINT('',#4610);
#1325=VERTEX_POINT('',#4614);
#1326=VERTEX_POINT('',#4616);
#1327=VERTEX_POINT('',#4620);
#1328=VERTEX_POINT('',#4621);
#1329=VERTEX_POINT('',#4624);
#1330=VERTEX_POINT('',#4636);
#1331=VERTEX_POINT('',#4637);
#1332=VERTEX_POINT('',#4640);
#1333=VERTEX_POINT('',#4641);
#1334=VERTEX_POINT('',#4644);
#1335=VERTEX_POINT('',#4645);
#1336=VERTEX_POINT('',#4648);
#1337=VERTEX_POINT('',#4649);
#1338=VERTEX_POINT('',#4652);
#1339=VERTEX_POINT('',#4653);
#1340=VERTEX_POINT('',#4656);
#1341=VERTEX_POINT('',#4657);
#1342=VERTEX_POINT('',#4660);
#1343=VERTEX_POINT('',#4661);
#1344=VERTEX_POINT('',#4663);
#1345=VERTEX_POINT('',#4665);
#1346=VERTEX_POINT('',#4669);
#1347=VERTEX_POINT('',#4670);
#1348=VERTEX_POINT('',#4673);
#1349=VERTEX_POINT('',#4677);
#1350=VERTEX_POINT('',#4679);
#1351=VERTEX_POINT('',#4683);
#1352=VERTEX_POINT('',#4685);
#1353=VERTEX_POINT('',#4689);
#1354=VERTEX_POINT('',#4691);
#1355=VERTEX_POINT('',#4695);
#1356=VERTEX_POINT('',#4699);
#1357=VERTEX_POINT('',#4701);
#1358=VERTEX_POINT('',#4705);
#1359=VERTEX_POINT('',#4711);
#1360=VERTEX_POINT('',#4713);
#1361=VERTEX_POINT('',#4715);
#1362=VERTEX_POINT('',#4717);
#1363=VERTEX_POINT('',#4719);
#1364=VERTEX_POINT('',#4721);
#1365=VERTEX_POINT('',#4724);
#1366=VERTEX_POINT('',#4726);
#1367=VERTEX_POINT('',#4728);
#1368=VERTEX_POINT('',#4730);
#1369=VERTEX_POINT('',#4732);
#1370=VERTEX_POINT('',#4736);
#1371=VERTEX_POINT('',#4738);
#1372=VERTEX_POINT('',#4740);
#1373=VERTEX_POINT('',#4742);
#1374=VERTEX_POINT('',#4744);
#1375=VERTEX_POINT('',#4746);
#1376=VERTEX_POINT('',#4748);
#1377=VERTEX_POINT('',#4751);
#1378=VERTEX_POINT('',#4753);
#1379=VERTEX_POINT('',#4755);
#1380=VERTEX_POINT('',#4757);
#1381=VERTEX_POINT('',#4759);
#1382=VERTEX_POINT('',#4763);
#1383=VERTEX_POINT('',#4765);
#1384=VERTEX_POINT('',#4769);
#1385=VERTEX_POINT('',#4771);
#1386=VERTEX_POINT('',#4775);
#1387=VERTEX_POINT('',#4777);
#1388=VERTEX_POINT('',#4781);
#1389=VERTEX_POINT('',#4783);
#1390=VERTEX_POINT('',#4787);
#1391=VERTEX_POINT('',#4789);
#1392=VERTEX_POINT('',#4793);
#1393=VERTEX_POINT('',#4795);
#1394=VERTEX_POINT('',#4799);
#1395=VERTEX_POINT('',#4801);
#1396=VERTEX_POINT('',#4805);
#1397=VERTEX_POINT('',#4807);
#1398=VERTEX_POINT('',#4811);
#1399=VERTEX_POINT('',#4813);
#1400=VERTEX_POINT('',#4817);
#1401=VERTEX_POINT('',#4819);
#1402=VERTEX_POINT('',#4823);
#1403=VERTEX_POINT('',#4825);
#1404=VERTEX_POINT('',#4829);
#1405=VERTEX_POINT('',#4831);
#1406=VERTEX_POINT('',#4835);
#1407=VERTEX_POINT('',#4837);
#1408=VERTEX_POINT('',#4841);
#1409=VERTEX_POINT('',#4843);
#1410=VERTEX_POINT('',#4847);
#1411=VERTEX_POINT('',#4849);
#1412=VERTEX_POINT('',#4868);
#1413=VERTEX_POINT('',#4869);
#1414=VERTEX_POINT('',#4874);
#1415=VERTEX_POINT('',#4875);
#1416=VERTEX_POINT('',#4880);
#1417=VERTEX_POINT('',#4881);
#1418=VERTEX_POINT('',#4920);
#1419=VERTEX_POINT('',#4921);
#1420=VERTEX_POINT('',#4923);
#1421=VERTEX_POINT('',#4925);
#1422=VERTEX_POINT('',#4929);
#1423=VERTEX_POINT('',#4930);
#1424=VERTEX_POINT('',#4932);
#1425=VERTEX_POINT('',#4937);
#1426=VERTEX_POINT('',#4939);
#1427=VERTEX_POINT('',#4943);
#1428=VERTEX_POINT('',#4945);
#1429=VERTEX_POINT('',#4949);
#1430=VERTEX_POINT('',#4951);
#1431=VERTEX_POINT('',#4955);
#1432=VERTEX_POINT('',#4959);
#1433=VERTEX_POINT('',#4961);
#1434=VERTEX_POINT('',#4965);
#1435=VERTEX_POINT('',#4971);
#1436=VERTEX_POINT('',#4973);
#1437=VERTEX_POINT('',#4975);
#1438=VERTEX_POINT('',#4977);
#1439=VERTEX_POINT('',#4979);
#1440=VERTEX_POINT('',#4981);
#1441=VERTEX_POINT('',#4984);
#1442=VERTEX_POINT('',#4986);
#1443=VERTEX_POINT('',#4988);
#1444=VERTEX_POINT('',#4990);
#1445=VERTEX_POINT('',#4992);
#1446=VERTEX_POINT('',#4996);
#1447=VERTEX_POINT('',#4998);
#1448=VERTEX_POINT('',#5000);
#1449=VERTEX_POINT('',#5002);
#1450=VERTEX_POINT('',#5004);
#1451=VERTEX_POINT('',#5006);
#1452=VERTEX_POINT('',#5008);
#1453=VERTEX_POINT('',#5011);
#1454=VERTEX_POINT('',#5013);
#1455=VERTEX_POINT('',#5015);
#1456=VERTEX_POINT('',#5017);
#1457=VERTEX_POINT('',#5019);
#1458=VERTEX_POINT('',#5023);
#1459=VERTEX_POINT('',#5025);
#1460=VERTEX_POINT('',#5029);
#1461=VERTEX_POINT('',#5031);
#1462=VERTEX_POINT('',#5035);
#1463=VERTEX_POINT('',#5037);
#1464=VERTEX_POINT('',#5041);
#1465=VERTEX_POINT('',#5043);
#1466=VERTEX_POINT('',#5047);
#1467=VERTEX_POINT('',#5049);
#1468=VERTEX_POINT('',#5053);
#1469=VERTEX_POINT('',#5055);
#1470=VERTEX_POINT('',#5059);
#1471=VERTEX_POINT('',#5061);
#1472=VERTEX_POINT('',#5065);
#1473=VERTEX_POINT('',#5067);
#1474=VERTEX_POINT('',#5071);
#1475=VERTEX_POINT('',#5073);
#1476=VERTEX_POINT('',#5077);
#1477=VERTEX_POINT('',#5079);
#1478=VERTEX_POINT('',#5083);
#1479=VERTEX_POINT('',#5085);
#1480=VERTEX_POINT('',#5089);
#1481=VERTEX_POINT('',#5091);
#1482=VERTEX_POINT('',#5095);
#1483=VERTEX_POINT('',#5097);
#1484=VERTEX_POINT('',#5101);
#1485=VERTEX_POINT('',#5103);
#1486=VERTEX_POINT('',#5107);
#1487=VERTEX_POINT('',#5109);
#1488=VERTEX_POINT('',#5128);
#1489=VERTEX_POINT('',#5129);
#1490=VERTEX_POINT('',#5134);
#1491=VERTEX_POINT('',#5135);
#1492=VERTEX_POINT('',#5140);
#1493=VERTEX_POINT('',#5141);
#1494=VERTEX_POINT('',#5182);
#1495=VERTEX_POINT('',#5183);
#1496=VERTEX_POINT('',#5185);
#1497=VERTEX_POINT('',#5190);
#1498=VERTEX_POINT('',#5203);
#1499=VERTEX_POINT('',#5204);
#1500=VERTEX_POINT('',#5257);
#1501=VERTEX_POINT('',#5258);
#1502=VERTEX_POINT('',#5305);
#1503=VERTEX_POINT('',#5306);
#1504=VERTEX_POINT('',#5308);
#1505=VERTEX_POINT('',#5322);
#1506=VERTEX_POINT('',#5344);
#1507=VERTEX_POINT('',#5345);
#1508=VERTEX_POINT('',#5347);
#1509=VERTEX_POINT('',#5356);
#1510=VERTEX_POINT('',#5368);
#1511=VERTEX_POINT('',#5369);
#1512=VERTEX_POINT('',#5393);
#1513=VERTEX_POINT('',#5394);
#1514=VERTEX_POINT('',#5418);
#1515=VERTEX_POINT('',#5419);
#1516=VERTEX_POINT('',#5421);
#1517=VERTEX_POINT('',#5427);
#1518=VERTEX_POINT('',#5435);
#1519=VERTEX_POINT('',#5436);
#1520=VERTEX_POINT('',#5438);
#1521=VERTEX_POINT('',#5440);
#1522=VERTEX_POINT('',#5444);
#1523=VERTEX_POINT('',#5446);
#1524=VERTEX_POINT('',#5448);
#1525=VERTEX_POINT('',#5450);
#1526=VERTEX_POINT('',#5452);
#1527=VERTEX_POINT('',#5454);
#1528=VERTEX_POINT('',#5619);
#1529=VERTEX_POINT('',#5623);
#1530=VERTEX_POINT('',#5625);
#1531=VERTEX_POINT('',#5629);
#1532=VERTEX_POINT('',#5633);
#1533=VERTEX_POINT('',#5637);
#1534=VERTEX_POINT('',#6124);
#1535=VERTEX_POINT('',#6128);
#1536=VERTEX_POINT('',#6134);
#1537=VERTEX_POINT('',#6135);
#1538=VERTEX_POINT('',#6137);
#1539=VERTEX_POINT('',#6139);
#1540=VERTEX_POINT('',#6158);
#1541=VERTEX_POINT('',#6160);
#1542=VERTEX_POINT('',#6162);
#1543=VERTEX_POINT('',#6164);
#1544=VERTEX_POINT('',#6167);
#1545=VERTEX_POINT('',#6170);
#1546=VERTEX_POINT('',#6172);
#1547=VERTEX_POINT('',#6176);
#1548=VERTEX_POINT('',#6178);
#1549=VERTEX_POINT('',#6197);
#1550=VERTEX_POINT('',#6199);
#1551=VERTEX_POINT('',#6201);
#1552=VERTEX_POINT('',#6203);
#1553=VERTEX_POINT('',#6207);
#1554=VERTEX_POINT('',#6211);
#1555=VERTEX_POINT('',#6212);
#1556=VERTEX_POINT('',#6214);
#1557=VERTEX_POINT('',#6216);
#1558=VERTEX_POINT('',#6235);
#1559=VERTEX_POINT('',#6237);
#1560=VERTEX_POINT('',#6241);
#1561=VERTEX_POINT('',#6243);
#1562=VERTEX_POINT('',#6245);
#1563=VERTEX_POINT('',#6247);
#1564=VERTEX_POINT('',#6250);
#1565=VERTEX_POINT('',#6271);
#1566=VERTEX_POINT('',#6275);
#1567=VERTEX_POINT('',#6279);
#1568=VERTEX_POINT('',#6283);
#1569=VERTEX_POINT('',#6286);
#1570=VERTEX_POINT('',#6288);
#1571=VERTEX_POINT('',#6292);
#1572=VERTEX_POINT('',#6297);
#1573=VERTEX_POINT('',#6301);
#1574=VERTEX_POINT('',#6312);
#1575=VERTEX_POINT('',#6313);
#1576=EDGE_CURVE('',#1302,#1302,#1100,.T.);
#1577=EDGE_CURVE('',#1302,#1303,#1101,.T.);
#1578=EDGE_CURVE('',#1303,#1303,#1102,.T.);
#1579=EDGE_CURVE('',#1304,#1304,#1103,.T.);
#1580=EDGE_CURVE('',#1304,#1302,#201,.T.);
#1581=EDGE_CURVE('',#1305,#1305,#1104,.T.);
#1582=EDGE_CURVE('',#1305,#1304,#1105,.T.);
#1583=EDGE_CURVE('',#1306,#1306,#1106,.T.);
#1584=EDGE_CURVE('',#1306,#1307,#202,.T.);
#1585=EDGE_CURVE('',#1307,#1307,#1107,.T.);
#1586=EDGE_CURVE('',#1308,#1308,#1108,.T.);
#1587=EDGE_CURVE('',#1308,#1306,#1109,.T.);
#1588=EDGE_CURVE('',#1309,#1309,#1110,.T.);
#1589=EDGE_CURVE('',#1309,#1308,#203,.T.);
#1590=EDGE_CURVE('',#1310,#1310,#1111,.T.);
#1591=EDGE_CURVE('',#1310,#1309,#204,.T.);
#1592=EDGE_CURVE('',#1311,#1311,#1112,.T.);
#1593=EDGE_CURVE('',#1311,#1310,#1113,.T.);
#1594=EDGE_CURVE('',#1312,#1313,#1114,.T.);
#1595=EDGE_CURVE('',#1313,#1312,#1115,.T.);
#1596=EDGE_CURVE('',#1313,#1311,#205,.T.);
#1597=EDGE_CURVE('',#1312,#1314,#206,.T.);
#1598=EDGE_CURVE('',#1315,#1314,#1116,.T.);
#1599=EDGE_CURVE('',#1314,#1315,#1117,.T.);
#1600=EDGE_CURVE('',#1316,#1316,#1118,.T.);
#1601=EDGE_CURVE('',#1316,#1315,#1119,.T.);
#1602=EDGE_CURVE('',#1317,#1317,#1120,.T.);
#1603=EDGE_CURVE('',#1317,#1316,#207,.T.);
#1604=EDGE_CURVE('',#1318,#1318,#1121,.T.);
#1605=EDGE_CURVE('',#1318,#1319,#1122,.T.);
#1606=EDGE_CURVE('',#1319,#1319,#1123,.T.);
#1607=EDGE_CURVE('',#1320,#1321,#1124,.T.);
#1608=EDGE_CURVE('',#1321,#1320,#1125,.T.);
#1609=EDGE_CURVE('',#1321,#1322,#208,.T.);
#1610=EDGE_CURVE('',#1322,#1322,#1126,.T.);
#1611=EDGE_CURVE('',#1323,#1323,#1127,.T.);
#1612=EDGE_CURVE('',#1323,#1324,#209,.T.);
#1613=EDGE_CURVE('',#1324,#1324,#1128,.T.);
#1614=EDGE_CURVE('',#1325,#1325,#1129,.T.);
#1615=EDGE_CURVE('',#1325,#1326,#210,.T.);
#1616=EDGE_CURVE('',#1326,#1326,#1130,.T.);
#1617=EDGE_CURVE('',#1327,#1328,#1131,.T.);
#1618=EDGE_CURVE('',#1328,#1327,#1132,.T.);
#1619=EDGE_CURVE('',#1328,#1329,#211,.T.);
#1620=EDGE_CURVE('',#1329,#1329,#1133,.T.);
#1621=EDGE_CURVE('',#1320,#1318,#212,.T.);
#1622=EDGE_CURVE('',#1319,#1325,#213,.T.);
#1623=EDGE_CURVE('',#1327,#1323,#214,.T.);
#1624=EDGE_CURVE('',#1330,#1331,#1134,.T.);
#1625=EDGE_CURVE('',#1332,#1333,#1135,.T.);
#1626=EDGE_CURVE('',#1334,#1335,#1136,.T.);
#1627=EDGE_CURVE('',#1336,#1337,#1137,.T.);
#1628=EDGE_CURVE('',#1338,#1339,#1138,.T.);
#1629=EDGE_CURVE('',#1340,#1341,#1139,.T.);
#1630=EDGE_CURVE('',#1342,#1343,#1140,.T.);
#1631=EDGE_CURVE('',#1342,#1344,#215,.T.);
#1632=EDGE_CURVE('',#1344,#1345,#1141,.T.);
#1633=EDGE_CURVE('',#1343,#1345,#216,.T.);
#1634=EDGE_CURVE('',#1346,#1347,#1142,.T.);
#1635=EDGE_CURVE('',#1347,#1346,#1143,.T.);
#1636=EDGE_CURVE('',#1347,#1348,#1144,.T.);
#1637=EDGE_CURVE('',#1348,#1348,#1145,.T.);
#1638=EDGE_CURVE('',#1349,#1349,#1146,.T.);
#1639=EDGE_CURVE('',#1349,#1350,#1147,.T.);
#1640=EDGE_CURVE('',#1350,#1350,#1148,.T.);
#1641=EDGE_CURVE('',#1351,#1351,#1149,.T.);
#1642=EDGE_CURVE('',#1351,#1352,#217,.T.);
#1643=EDGE_CURVE('',#1352,#1352,#1150,.T.);
#1644=EDGE_CURVE('',#1353,#1353,#1151,.T.);
#1645=EDGE_CURVE('',#1353,#1354,#1152,.T.);
#1646=EDGE_CURVE('',#1354,#1354,#1153,.T.);
#1647=EDGE_CURVE('',#1354,#1355,#218,.T.);
#1648=EDGE_CURVE('',#1355,#1355,#1154,.T.);
#1649=EDGE_CURVE('',#1356,#1356,#1155,.T.);
#1650=EDGE_CURVE('',#1356,#1357,#219,.T.);
#1651=EDGE_CURVE('',#1357,#1357,#1156,.T.);
#1652=EDGE_CURVE('',#1357,#1358,#1157,.T.);
#1653=EDGE_CURVE('',#1358,#1358,#1158,.T.);
#1654=EDGE_CURVE('',#1348,#1349,#220,.T.);
#1655=EDGE_CURVE('',#1346,#1359,#1159,.T.);
#1656=EDGE_CURVE('',#1360,#1359,#1160,.T.);
#1657=EDGE_CURVE('',#1361,#1360,#1161,.T.);
#1658=EDGE_CURVE('',#1361,#1362,#1162,.T.);
#1659=EDGE_CURVE('',#1363,#1362,#1163,.T.);
#1660=EDGE_CURVE('',#1363,#1364,#1164,.T.);
#1661=EDGE_CURVE('',#1342,#1364,#1165,.T.);
#1662=EDGE_CURVE('',#1365,#1343,#1166,.T.);
#1663=EDGE_CURVE('',#1365,#1366,#1167,.T.);
#1664=EDGE_CURVE('',#1367,#1366,#1168,.T.);
#1665=EDGE_CURVE('',#1367,#1368,#1169,.T.);
#1666=EDGE_CURVE('',#1369,#1368,#1170,.T.);
#1667=EDGE_CURVE('',#1359,#1369,#1171,.T.);
#1668=EDGE_CURVE('',#1344,#1370,#1172,.T.);
#1669=EDGE_CURVE('',#1371,#1370,#1173,.T.);
#1670=EDGE_CURVE('',#1371,#1372,#1174,.T.);
#1671=EDGE_CURVE('',#1373,#1372,#1175,.T.);
#1672=EDGE_CURVE('',#1373,#1374,#1176,.T.);
#1673=EDGE_CURVE('',#1374,#1375,#1177,.T.);
#1674=EDGE_CURVE('',#1375,#1376,#1178,.T.);
#1675=EDGE_CURVE('',#1376,#1376,#1179,.T.);
#1676=EDGE_CURVE('',#1375,#1377,#1180,.T.);
#1677=EDGE_CURVE('',#1377,#1378,#1181,.T.);
#1678=EDGE_CURVE('',#1379,#1378,#1182,.T.);
#1679=EDGE_CURVE('',#1379,#1380,#1183,.T.);
#1680=EDGE_CURVE('',#1381,#1380,#1184,.T.);
#1681=EDGE_CURVE('',#1381,#1345,#1185,.T.);
#1682=EDGE_CURVE('',#1371,#1382,#221,.T.);
#1683=EDGE_CURVE('',#1382,#1383,#1186,.T.);
#1684=EDGE_CURVE('',#1372,#1383,#222,.T.);
#1685=EDGE_CURVE('',#1344,#1384,#223,.T.);
#1686=EDGE_CURVE('',#1384,#1385,#1187,.T.);
#1687=EDGE_CURVE('',#1370,#1385,#224,.T.);
#1688=EDGE_CURVE('',#1381,#1386,#225,.T.);
#1689=EDGE_CURVE('',#1386,#1387,#1188,.T.);
#1690=EDGE_CURVE('',#1345,#1387,#226,.T.);
#1691=EDGE_CURVE('',#1379,#1388,#227,.T.);
#1692=EDGE_CURVE('',#1388,#1389,#1189,.T.);
#1693=EDGE_CURVE('',#1380,#1389,#228,.T.);
#1694=EDGE_CURVE('',#1377,#1390,#229,.T.);
#1695=EDGE_CURVE('',#1390,#1391,#1190,.T.);
#1696=EDGE_CURVE('',#1378,#1391,#230,.T.);
#1697=EDGE_CURVE('',#1382,#1392,#231,.T.);
#1698=EDGE_CURVE('',#1392,#1393,#1191,.T.);
#1699=EDGE_CURVE('',#1393,#1383,#232,.T.);
#1700=EDGE_CURVE('',#1384,#1394,#233,.T.);
#1701=EDGE_CURVE('',#1394,#1395,#1192,.T.);
#1702=EDGE_CURVE('',#1395,#1385,#234,.T.);
#1703=EDGE_CURVE('',#1386,#1396,#235,.T.);
#1704=EDGE_CURVE('',#1396,#1397,#1193,.T.);
#1705=EDGE_CURVE('',#1397,#1387,#236,.T.);
#1706=EDGE_CURVE('',#1388,#1398,#237,.T.);
#1707=EDGE_CURVE('',#1398,#1399,#1194,.T.);
#1708=EDGE_CURVE('',#1399,#1389,#238,.T.);
#1709=EDGE_CURVE('',#1390,#1400,#239,.T.);
#1710=EDGE_CURVE('',#1400,#1401,#1195,.T.);
#1711=EDGE_CURVE('',#1401,#1391,#240,.T.);
#1712=EDGE_CURVE('',#1402,#1392,#241,.T.);
#1713=EDGE_CURVE('',#1402,#1403,#1196,.T.);
#1714=EDGE_CURVE('',#1403,#1393,#242,.T.);
#1715=EDGE_CURVE('',#1404,#1394,#243,.T.);
#1716=EDGE_CURVE('',#1404,#1405,#1197,.T.);
#1717=EDGE_CURVE('',#1405,#1395,#244,.T.);
#1718=EDGE_CURVE('',#1406,#1396,#245,.T.);
#1719=EDGE_CURVE('',#1406,#1407,#1198,.T.);
#1720=EDGE_CURVE('',#1407,#1397,#246,.T.);
#1721=EDGE_CURVE('',#1408,#1398,#247,.T.);
#1722=EDGE_CURVE('',#1408,#1409,#1199,.T.);
#1723=EDGE_CURVE('',#1409,#1399,#248,.T.);
#1724=EDGE_CURVE('',#1410,#1400,#249,.T.);
#1725=EDGE_CURVE('',#1410,#1411,#1200,.T.);
#1726=EDGE_CURVE('',#1411,#1401,#250,.T.);
#1727=EDGE_CURVE('',#1402,#1363,#251,.T.);
#1728=EDGE_CURVE('',#1362,#1403,#252,.T.);
#1729=EDGE_CURVE('',#1404,#1342,#253,.T.);
#1730=EDGE_CURVE('',#1364,#1405,#254,.T.);
#1731=EDGE_CURVE('',#1406,#1365,#255,.T.);
#1732=EDGE_CURVE('',#1343,#1407,#256,.T.);
#1733=EDGE_CURVE('',#1408,#1367,#257,.T.);
#1734=EDGE_CURVE('',#1366,#1409,#258,.T.);
#1735=EDGE_CURVE('',#1410,#1369,#259,.T.);
#1736=EDGE_CURVE('',#1368,#1411,#260,.T.);
#1737=EDGE_CURVE('',#1412,#1413,#1201,.T.);
#1738=EDGE_CURVE('',#1374,#1413,#261,.T.);
#1739=EDGE_CURVE('',#1373,#1412,#262,.T.);
#1740=EDGE_CURVE('',#1414,#1415,#1202,.T.);
#1741=EDGE_CURVE('',#1415,#1413,#263,.T.);
#1742=EDGE_CURVE('',#1412,#1414,#264,.T.);
#1743=EDGE_CURVE('',#1416,#1417,#1203,.T.);
#1744=EDGE_CURVE('',#1417,#1415,#265,.T.);
#1745=EDGE_CURVE('',#1416,#1414,#266,.T.);
#1746=EDGE_CURVE('',#1360,#1417,#267,.T.);
#1747=EDGE_CURVE('',#1416,#1361,#268,.T.);
#1748=EDGE_CURVE('',#1369,#1377,#269,.T.);
#1749=EDGE_CURVE('',#1360,#1374,#270,.T.);
#1750=EDGE_CURVE('',#1367,#1379,#271,.T.);
#1751=EDGE_CURVE('',#1368,#1378,#272,.T.);
#1752=EDGE_CURVE('',#1365,#1381,#273,.T.);
#1753=EDGE_CURVE('',#1366,#1380,#274,.T.);
#1754=EDGE_CURVE('',#1363,#1371,#275,.T.);
#1755=EDGE_CURVE('',#1364,#1370,#276,.T.);
#1756=EDGE_CURVE('',#1361,#1373,#277,.T.);
#1757=EDGE_CURVE('',#1362,#1372,#278,.T.);
#1758=EDGE_CURVE('',#1418,#1419,#1204,.T.);
#1759=EDGE_CURVE('',#1419,#1420,#279,.T.);
#1760=EDGE_CURVE('',#1421,#1420,#1205,.T.);
#1761=EDGE_CURVE('',#1418,#1421,#280,.T.);
#1762=EDGE_CURVE('',#1422,#1423,#1206,.T.);
#1763=EDGE_CURVE('',#1423,#1424,#1207,.T.);
#1764=EDGE_CURVE('',#1424,#1424,#1208,.T.);
#1765=EDGE_CURVE('',#1423,#1422,#1209,.T.);
#1766=EDGE_CURVE('',#1425,#1425,#1210,.T.);
#1767=EDGE_CURVE('',#1425,#1426,#1211,.T.);
#1768=EDGE_CURVE('',#1426,#1426,#1212,.T.);
#1769=EDGE_CURVE('',#1427,#1427,#1213,.T.);
#1770=EDGE_CURVE('',#1427,#1428,#281,.T.);
#1771=EDGE_CURVE('',#1428,#1428,#1214,.T.);
#1772=EDGE_CURVE('',#1429,#1429,#1215,.T.);
#1773=EDGE_CURVE('',#1429,#1430,#1216,.T.);
#1774=EDGE_CURVE('',#1430,#1430,#1217,.T.);
#1775=EDGE_CURVE('',#1430,#1431,#282,.T.);
#1776=EDGE_CURVE('',#1431,#1431,#1218,.T.);
#1777=EDGE_CURVE('',#1432,#1432,#1219,.T.);
#1778=EDGE_CURVE('',#1432,#1433,#283,.T.);
#1779=EDGE_CURVE('',#1433,#1433,#1220,.T.);
#1780=EDGE_CURVE('',#1433,#1434,#1221,.T.);
#1781=EDGE_CURVE('',#1434,#1434,#1222,.T.);
#1782=EDGE_CURVE('',#1424,#1425,#284,.T.);
#1783=EDGE_CURVE('',#1422,#1435,#1223,.T.);
#1784=EDGE_CURVE('',#1435,#1436,#1224,.T.);
#1785=EDGE_CURVE('',#1436,#1437,#1225,.T.);
#1786=EDGE_CURVE('',#1438,#1437,#1226,.T.);
#1787=EDGE_CURVE('',#1438,#1439,#1227,.T.);
#1788=EDGE_CURVE('',#1440,#1439,#1228,.T.);
#1789=EDGE_CURVE('',#1440,#1419,#1229,.T.);
#1790=EDGE_CURVE('',#1418,#1441,#1230,.T.);
#1791=EDGE_CURVE('',#1442,#1441,#1231,.T.);
#1792=EDGE_CURVE('',#1442,#1443,#1232,.T.);
#1793=EDGE_CURVE('',#1444,#1443,#1233,.T.);
#1794=EDGE_CURVE('',#1444,#1445,#1234,.T.);
#1795=EDGE_CURVE('',#1445,#1435,#1235,.T.);
#1796=EDGE_CURVE('',#1446,#1420,#1236,.T.);
#1797=EDGE_CURVE('',#1446,#1447,#1237,.T.);
#1798=EDGE_CURVE('',#1448,#1447,#1238,.T.);
#1799=EDGE_CURVE('',#1448,#1449,#1239,.T.);
#1800=EDGE_CURVE('',#1450,#1449,#1240,.T.);
#1801=EDGE_CURVE('',#1451,#1450,#1241,.T.);
#1802=EDGE_CURVE('',#1451,#1452,#1242,.T.);
#1803=EDGE_CURVE('',#1452,#1452,#1243,.T.);
#1804=EDGE_CURVE('',#1453,#1451,#1244,.T.);
#1805=EDGE_CURVE('',#1454,#1453,#1245,.T.);
#1806=EDGE_CURVE('',#1454,#1455,#1246,.T.);
#1807=EDGE_CURVE('',#1456,#1455,#1247,.T.);
#1808=EDGE_CURVE('',#1456,#1457,#1248,.T.);
#1809=EDGE_CURVE('',#1421,#1457,#1249,.T.);
#1810=EDGE_CURVE('',#1455,#1458,#285,.T.);
#1811=EDGE_CURVE('',#1459,#1458,#1250,.T.);
#1812=EDGE_CURVE('',#1456,#1459,#286,.T.);
#1813=EDGE_CURVE('',#1457,#1460,#287,.T.);
#1814=EDGE_CURVE('',#1461,#1460,#1251,.T.);
#1815=EDGE_CURVE('',#1421,#1461,#288,.T.);
#1816=EDGE_CURVE('',#1420,#1462,#289,.T.);
#1817=EDGE_CURVE('',#1463,#1462,#1252,.T.);
#1818=EDGE_CURVE('',#1446,#1463,#290,.T.);
#1819=EDGE_CURVE('',#1447,#1464,#291,.T.);
#1820=EDGE_CURVE('',#1465,#1464,#1253,.T.);
#1821=EDGE_CURVE('',#1448,#1465,#292,.T.);
#1822=EDGE_CURVE('',#1449,#1466,#293,.T.);
#1823=EDGE_CURVE('',#1467,#1466,#1254,.T.);
#1824=EDGE_CURVE('',#1450,#1467,#294,.T.);
#1825=EDGE_CURVE('',#1468,#1458,#295,.T.);
#1826=EDGE_CURVE('',#1469,#1468,#1255,.T.);
#1827=EDGE_CURVE('',#1459,#1469,#296,.T.);
#1828=EDGE_CURVE('',#1470,#1460,#297,.T.);
#1829=EDGE_CURVE('',#1471,#1470,#1256,.T.);
#1830=EDGE_CURVE('',#1461,#1471,#298,.T.);
#1831=EDGE_CURVE('',#1472,#1462,#299,.T.);
#1832=EDGE_CURVE('',#1473,#1472,#1257,.T.);
#1833=EDGE_CURVE('',#1463,#1473,#300,.T.);
#1834=EDGE_CURVE('',#1474,#1464,#301,.T.);
#1835=EDGE_CURVE('',#1475,#1474,#1258,.T.);
#1836=EDGE_CURVE('',#1465,#1475,#302,.T.);
#1837=EDGE_CURVE('',#1476,#1466,#303,.T.);
#1838=EDGE_CURVE('',#1477,#1476,#1259,.T.);
#1839=EDGE_CURVE('',#1467,#1477,#304,.T.);
#1840=EDGE_CURVE('',#1478,#1468,#305,.T.);
#1841=EDGE_CURVE('',#1479,#1478,#1260,.T.);
#1842=EDGE_CURVE('',#1479,#1469,#306,.T.);
#1843=EDGE_CURVE('',#1480,#1470,#307,.T.);
#1844=EDGE_CURVE('',#1481,#1480,#1261,.T.);
#1845=EDGE_CURVE('',#1481,#1471,#308,.T.);
#1846=EDGE_CURVE('',#1482,#1472,#309,.T.);
#1847=EDGE_CURVE('',#1483,#1482,#1262,.T.);
#1848=EDGE_CURVE('',#1483,#1473,#310,.T.);
#1849=EDGE_CURVE('',#1484,#1474,#311,.T.);
#1850=EDGE_CURVE('',#1485,#1484,#1263,.T.);
#1851=EDGE_CURVE('',#1485,#1475,#312,.T.);
#1852=EDGE_CURVE('',#1486,#1476,#313,.T.);
#1853=EDGE_CURVE('',#1487,#1486,#1264,.T.);
#1854=EDGE_CURVE('',#1487,#1477,#314,.T.);
#1855=EDGE_CURVE('',#1443,#1478,#315,.T.);
#1856=EDGE_CURVE('',#1479,#1442,#316,.T.);
#1857=EDGE_CURVE('',#1441,#1480,#317,.T.);
#1858=EDGE_CURVE('',#1481,#1418,#318,.T.);
#1859=EDGE_CURVE('',#1419,#1482,#319,.T.);
#1860=EDGE_CURVE('',#1483,#1440,#320,.T.);
#1861=EDGE_CURVE('',#1439,#1484,#321,.T.);
#1862=EDGE_CURVE('',#1485,#1438,#322,.T.);
#1863=EDGE_CURVE('',#1437,#1486,#323,.T.);
#1864=EDGE_CURVE('',#1487,#1436,#324,.T.);
#1865=EDGE_CURVE('',#1488,#1489,#1265,.T.);
#1866=EDGE_CURVE('',#1454,#1488,#325,.T.);
#1867=EDGE_CURVE('',#1453,#1489,#326,.T.);
#1868=EDGE_CURVE('',#1490,#1491,#1266,.T.);
#1869=EDGE_CURVE('',#1488,#1490,#327,.T.);
#1870=EDGE_CURVE('',#1491,#1489,#328,.T.);
#1871=EDGE_CURVE('',#1492,#1493,#1267,.T.);
#1872=EDGE_CURVE('',#1492,#1490,#329,.T.);
#1873=EDGE_CURVE('',#1493,#1491,#330,.T.);
#1874=EDGE_CURVE('',#1492,#1444,#331,.T.);
#1875=EDGE_CURVE('',#1445,#1493,#332,.T.);
#1876=EDGE_CURVE('',#1436,#1450,#333,.T.);
#1877=EDGE_CURVE('',#1445,#1453,#334,.T.);
#1878=EDGE_CURVE('',#1438,#1448,#335,.T.);
#1879=EDGE_CURVE('',#1437,#1449,#336,.T.);
#1880=EDGE_CURVE('',#1440,#1446,#337,.T.);
#1881=EDGE_CURVE('',#1439,#1447,#338,.T.);
#1882=EDGE_CURVE('',#1442,#1456,#339,.T.);
#1883=EDGE_CURVE('',#1441,#1457,#340,.T.);
#1884=EDGE_CURVE('',#1444,#1454,#341,.T.);
#1885=EDGE_CURVE('',#1443,#1455,#342,.T.);
#1886=EDGE_CURVE('',#1494,#1495,#343,.T.);
#1887=EDGE_CURVE('',#1495,#1496,#13,.T.);
#1888=EDGE_CURVE('',#1497,#1496,#1268,.T.);
#1889=EDGE_CURVE('',#1497,#1494,#14,.T.);
#1890=EDGE_CURVE('',#1498,#1499,#344,.T.);
#1891=EDGE_CURVE('',#1499,#1495,#15,.T.);
#1892=EDGE_CURVE('',#1494,#1498,#16,.T.);
#1893=EDGE_CURVE('',#1500,#1501,#345,.T.);
#1894=EDGE_CURVE('',#1501,#1499,#17,.T.);
#1895=EDGE_CURVE('',#1498,#1500,#18,.T.);
#1896=EDGE_CURVE('',#1502,#1503,#346,.T.);
#1897=EDGE_CURVE('',#1502,#1504,#19,.T.);
#1898=EDGE_CURVE('',#1505,#1504,#1269,.T.);
#1899=EDGE_CURVE('',#1505,#1503,#20,.T.);
#1900=EDGE_CURVE('',#1506,#1507,#347,.T.);
#1901=EDGE_CURVE('',#1507,#1508,#21,.T.);
#1902=EDGE_CURVE('',#1509,#1508,#1270,.T.);
#1903=EDGE_CURVE('',#1506,#1509,#22,.T.);
#1904=EDGE_CURVE('',#1510,#1511,#348,.T.);
#1905=EDGE_CURVE('',#1511,#1507,#23,.T.);
#1906=EDGE_CURVE('',#1510,#1506,#24,.T.);
#1907=EDGE_CURVE('',#1512,#1513,#349,.T.);
#1908=EDGE_CURVE('',#1513,#1511,#25,.T.);
#1909=EDGE_CURVE('',#1512,#1510,#26,.T.);
#1910=EDGE_CURVE('',#1514,#1515,#350,.T.);
#1911=EDGE_CURVE('',#1516,#1514,#27,.T.);
#1912=EDGE_CURVE('',#1517,#1516,#1271,.T.);
#1913=EDGE_CURVE('',#1517,#1515,#28,.T.);
#1914=EDGE_CURVE('',#1518,#1519,#1272,.T.);
#1915=EDGE_CURVE('',#1518,#1520,#351,.T.);
#1916=EDGE_CURVE('',#1520,#1521,#1273,.T.);
#1917=EDGE_CURVE('',#1521,#1519,#352,.T.);
#1918=EDGE_CURVE('',#1522,#1519,#353,.T.);
#1919=EDGE_CURVE('',#1522,#1523,#1274,.T.);
#1920=EDGE_CURVE('',#1524,#1523,#354,.T.);
#1921=EDGE_CURVE('',#1524,#1525,#1275,.T.);
#1922=EDGE_CURVE('',#1526,#1525,#355,.T.);
#1923=EDGE_CURVE('',#1526,#1527,#1276,.T.);
#1924=EDGE_CURVE('',#1518,#1527,#356,.T.);
#1925=EDGE_CURVE('',#1508,#1497,#29,.T.);
#1926=EDGE_CURVE('',#1496,#1509,#30,.T.);
#1927=EDGE_CURVE('',#1528,#1521,#357,.T.);
#1928=EDGE_CURVE('',#1522,#1528,#358,.T.);
#1929=EDGE_CURVE('',#1526,#1529,#359,.T.);
#1930=EDGE_CURVE('',#1529,#1530,#1277,.T.);
#1931=EDGE_CURVE('',#1530,#1527,#360,.T.);
#1932=EDGE_CURVE('',#1531,#1525,#361,.T.);
#1933=EDGE_CURVE('',#1529,#1531,#362,.T.);
#1934=EDGE_CURVE('',#1524,#1532,#363,.T.);
#1935=EDGE_CURVE('',#1532,#1531,#1278,.T.);
#1936=EDGE_CURVE('',#1533,#1523,#364,.T.);
#1937=EDGE_CURVE('',#1532,#1533,#365,.T.);
#1938=EDGE_CURVE('',#1528,#1533,#1279,.T.);
#1939=EDGE_CURVE('',#1515,#1513,#31,.T.);
#1940=EDGE_CURVE('',#1514,#1512,#32,.T.);
#1941=EDGE_CURVE('',#1504,#1517,#33,.T.);
#1942=EDGE_CURVE('',#1500,#1502,#34,.T.);
#1943=EDGE_CURVE('',#1503,#1501,#35,.T.);
#1944=EDGE_CURVE('',#1516,#1505,#36,.T.);
#1945=EDGE_CURVE('',#1534,#1534,#1280,.T.);
#1946=EDGE_CURVE('',#1535,#1535,#1281,.T.);
#1947=EDGE_CURVE('',#1535,#1534,#366,.T.);
#1948=EDGE_CURVE('',#1520,#1530,#367,.T.);
#1949=EDGE_CURVE('',#1536,#1537,#1282,.T.);
#1950=EDGE_CURVE('',#1537,#1538,#368,.T.);
#1951=EDGE_CURVE('',#1538,#1539,#37,.T.);
#1952=EDGE_CURVE('',#1539,#1536,#369,.T.);
#1953=EDGE_CURVE('',#1540,#1539,#370,.T.);
#1954=EDGE_CURVE('',#1541,#1540,#1283,.T.);
#1955=EDGE_CURVE('',#1542,#1541,#371,.T.);
#1956=EDGE_CURVE('',#1543,#1542,#372,.T.);
#1957=EDGE_CURVE('',#1536,#1543,#373,.T.);
#1958=EDGE_CURVE('',#1544,#1544,#1284,.T.);
#1959=EDGE_CURVE('',#1545,#1538,#374,.T.);
#1960=EDGE_CURVE('',#1545,#1546,#1285,.T.);
#1961=EDGE_CURVE('',#1546,#1539,#375,.T.);
#1962=EDGE_CURVE('',#1547,#1543,#1286,.T.);
#1963=EDGE_CURVE('',#1542,#1548,#38,.T.);
#1964=EDGE_CURVE('',#1548,#1547,#376,.T.);
#1965=EDGE_CURVE('',#1548,#1549,#377,.T.);
#1966=EDGE_CURVE('',#1549,#1550,#378,.T.);
#1967=EDGE_CURVE('',#1550,#1551,#379,.T.);
#1968=EDGE_CURVE('',#1552,#1551,#380,.T.);
#1969=EDGE_CURVE('',#1547,#1552,#381,.T.);
#1970=EDGE_CURVE('',#1553,#1542,#382,.T.);
#1971=EDGE_CURVE('',#1553,#1549,#1287,.T.);
#1972=EDGE_CURVE('',#1554,#1555,#1288,.T.);
#1973=EDGE_CURVE('',#1555,#1556,#383,.T.);
#1974=EDGE_CURVE('',#1556,#1557,#39,.T.);
#1975=EDGE_CURVE('',#1557,#1554,#384,.T.);
#1976=EDGE_CURVE('',#1556,#1558,#385,.T.);
#1977=EDGE_CURVE('',#1559,#1558,#1289,.T.);
#1978=EDGE_CURVE('',#1557,#1559,#386,.T.);
#1979=EDGE_CURVE('',#1560,#1555,#387,.T.);
#1980=EDGE_CURVE('',#1561,#1560,#388,.T.);
#1981=EDGE_CURVE('',#1562,#1561,#389,.T.);
#1982=EDGE_CURVE('',#1562,#1563,#1290,.T.);
#1983=EDGE_CURVE('',#1563,#1556,#390,.T.);
#1984=EDGE_CURVE('',#1564,#1564,#1291,.T.);
#1985=EDGE_CURVE('',#1560,#1552,#1292,.T.);
#1986=EDGE_CURVE('',#1551,#1561,#40,.T.);
#1987=EDGE_CURVE('',#1565,#1550,#1293,.T.);
#1988=EDGE_CURVE('',#1561,#1565,#391,.T.);
#1989=EDGE_CURVE('',#1566,#1566,#1294,.T.);
#1990=EDGE_CURVE('',#1566,#1544,#392,.T.);
#1991=EDGE_CURVE('',#1564,#1567,#393,.T.);
#1992=EDGE_CURVE('',#1567,#1567,#1295,.T.);
#1993=EDGE_CURVE('',#1568,#1568,#1296,.F.);
#1994=EDGE_CURVE('',#1569,#1569,#1297,.T.);
#1995=EDGE_CURVE('',#1569,#1570,#394,.T.);
#1996=EDGE_CURVE('',#1570,#1570,#1298,.T.);
#1997=EDGE_CURVE('',#1568,#1571,#395,.T.);
#1998=EDGE_CURVE('',#1571,#1571,#1299,.F.);
#1999=EDGE_CURVE('',#1563,#1572,#396,.T.);
#2000=EDGE_CURVE('',#1558,#1572,#397,.T.);
#2001=EDGE_CURVE('',#1573,#1565,#398,.T.);
#2002=EDGE_CURVE('',#1562,#1573,#399,.T.);
#2003=EDGE_CURVE('',#1572,#1573,#1300,.T.);
#2004=EDGE_CURVE('',#1559,#1550,#400,.T.);
#2005=EDGE_CURVE('',#1549,#1545,#401,.T.);
#2006=EDGE_CURVE('',#1559,#1545,#402,.T.);
#2007=EDGE_CURVE('',#1574,#1575,#1301,.T.);
#2008=EDGE_CURVE('',#1546,#1574,#403,.T.);
#2009=EDGE_CURVE('',#1575,#1553,#404,.T.);
#2010=EDGE_CURVE('',#1574,#1540,#405,.T.);
#2011=EDGE_CURVE('',#1575,#1541,#406,.T.);
#2012=EDGE_CURVE('',#1554,#1537,#407,.T.);
#2013=ORIENTED_EDGE('',*,*,#1576,.F.);
#2014=ORIENTED_EDGE('',*,*,#1577,.T.);
#2015=ORIENTED_EDGE('',*,*,#1578,.T.);
#2016=ORIENTED_EDGE('',*,*,#1577,.F.);
#2017=ORIENTED_EDGE('',*,*,#1579,.F.);
#2018=ORIENTED_EDGE('',*,*,#1580,.T.);
#2019=ORIENTED_EDGE('',*,*,#1576,.T.);
#2020=ORIENTED_EDGE('',*,*,#1580,.F.);
#2021=ORIENTED_EDGE('',*,*,#1581,.F.);
#2022=ORIENTED_EDGE('',*,*,#1582,.T.);
#2023=ORIENTED_EDGE('',*,*,#1579,.T.);
#2024=ORIENTED_EDGE('',*,*,#1582,.F.);
#2025=ORIENTED_EDGE('',*,*,#1583,.F.);
#2026=ORIENTED_EDGE('',*,*,#1584,.T.);
#2027=ORIENTED_EDGE('',*,*,#1585,.T.);
#2028=ORIENTED_EDGE('',*,*,#1584,.F.);
#2029=ORIENTED_EDGE('',*,*,#1586,.F.);
#2030=ORIENTED_EDGE('',*,*,#1587,.T.);
#2031=ORIENTED_EDGE('',*,*,#1583,.T.);
#2032=ORIENTED_EDGE('',*,*,#1587,.F.);
#2033=ORIENTED_EDGE('',*,*,#1588,.F.);
#2034=ORIENTED_EDGE('',*,*,#1589,.T.);
#2035=ORIENTED_EDGE('',*,*,#1586,.T.);
#2036=ORIENTED_EDGE('',*,*,#1589,.F.);
#2037=ORIENTED_EDGE('',*,*,#1590,.F.);
#2038=ORIENTED_EDGE('',*,*,#1591,.T.);
#2039=ORIENTED_EDGE('',*,*,#1588,.T.);
#2040=ORIENTED_EDGE('',*,*,#1591,.F.);
#2041=ORIENTED_EDGE('',*,*,#1592,.F.);
#2042=ORIENTED_EDGE('',*,*,#1593,.T.);
#2043=ORIENTED_EDGE('',*,*,#1590,.T.);
#2044=ORIENTED_EDGE('',*,*,#1593,.F.);
#2045=ORIENTED_EDGE('',*,*,#1594,.F.);
#2046=ORIENTED_EDGE('',*,*,#1595,.F.);
#2047=ORIENTED_EDGE('',*,*,#1596,.T.);
#2048=ORIENTED_EDGE('',*,*,#1592,.T.);
#2049=ORIENTED_EDGE('',*,*,#1596,.F.);
#2050=ORIENTED_EDGE('',*,*,#1594,.T.);
#2051=ORIENTED_EDGE('',*,*,#1595,.T.);
#2052=ORIENTED_EDGE('',*,*,#1597,.T.);
#2053=ORIENTED_EDGE('',*,*,#1598,.F.);
#2054=ORIENTED_EDGE('',*,*,#1599,.F.);
#2055=ORIENTED_EDGE('',*,*,#1597,.F.);
#2056=ORIENTED_EDGE('',*,*,#1600,.F.);
#2057=ORIENTED_EDGE('',*,*,#1601,.T.);
#2058=ORIENTED_EDGE('',*,*,#1598,.T.);
#2059=ORIENTED_EDGE('',*,*,#1599,.T.);
#2060=ORIENTED_EDGE('',*,*,#1601,.F.);
#2061=ORIENTED_EDGE('',*,*,#1602,.F.);
#2062=ORIENTED_EDGE('',*,*,#1603,.T.);
#2063=ORIENTED_EDGE('',*,*,#1600,.T.);
#2064=ORIENTED_EDGE('',*,*,#1603,.F.);
#2065=ORIENTED_EDGE('',*,*,#1578,.F.);
#2066=ORIENTED_EDGE('',*,*,#1602,.T.);
#2067=ORIENTED_EDGE('',*,*,#1581,.T.);
#2068=ORIENTED_EDGE('',*,*,#1585,.F.);
#2069=ORIENTED_EDGE('',*,*,#1604,.F.);
#2070=ORIENTED_EDGE('',*,*,#1605,.T.);
#2071=ORIENTED_EDGE('',*,*,#1606,.T.);
#2072=ORIENTED_EDGE('',*,*,#1605,.F.);
#2073=ORIENTED_EDGE('',*,*,#1607,.F.);
#2074=ORIENTED_EDGE('',*,*,#1608,.F.);
#2075=ORIENTED_EDGE('',*,*,#1609,.T.);
#2076=ORIENTED_EDGE('',*,*,#1610,.F.);
#2077=ORIENTED_EDGE('',*,*,#1609,.F.);
#2078=ORIENTED_EDGE('',*,*,#1611,.F.);
#2079=ORIENTED_EDGE('',*,*,#1612,.T.);
#2080=ORIENTED_EDGE('',*,*,#1613,.F.);
#2081=ORIENTED_EDGE('',*,*,#1612,.F.);
#2082=ORIENTED_EDGE('',*,*,#1614,.F.);
#2083=ORIENTED_EDGE('',*,*,#1615,.T.);
#2084=ORIENTED_EDGE('',*,*,#1616,.F.);
#2085=ORIENTED_EDGE('',*,*,#1615,.F.);
#2086=ORIENTED_EDGE('',*,*,#1617,.F.);
#2087=ORIENTED_EDGE('',*,*,#1618,.F.);
#2088=ORIENTED_EDGE('',*,*,#1619,.T.);
#2089=ORIENTED_EDGE('',*,*,#1620,.F.);
#2090=ORIENTED_EDGE('',*,*,#1619,.F.);
#2091=ORIENTED_EDGE('',*,*,#1607,.T.);
#2092=ORIENTED_EDGE('',*,*,#1608,.T.);
#2093=ORIENTED_EDGE('',*,*,#1621,.T.);
#2094=ORIENTED_EDGE('',*,*,#1604,.T.);
#2095=ORIENTED_EDGE('',*,*,#1621,.F.);
#2096=ORIENTED_EDGE('',*,*,#1606,.F.);
#2097=ORIENTED_EDGE('',*,*,#1622,.T.);
#2098=ORIENTED_EDGE('',*,*,#1614,.T.);
#2099=ORIENTED_EDGE('',*,*,#1622,.F.);
#2100=ORIENTED_EDGE('',*,*,#1617,.T.);
#2101=ORIENTED_EDGE('',*,*,#1618,.T.);
#2102=ORIENTED_EDGE('',*,*,#1623,.T.);
#2103=ORIENTED_EDGE('',*,*,#1611,.T.);
#2104=ORIENTED_EDGE('',*,*,#1623,.F.);
#2105=ORIENTED_EDGE('',*,*,#1610,.T.);
#2106=ORIENTED_EDGE('',*,*,#1613,.T.);
#2107=ORIENTED_EDGE('',*,*,#1616,.T.);
#2108=ORIENTED_EDGE('',*,*,#1620,.T.);
#2109=ORIENTED_EDGE('',*,*,#1624,.T.);
#2110=ORIENTED_EDGE('',*,*,#1624,.F.);
#2111=ORIENTED_EDGE('',*,*,#1625,.T.);
#2112=ORIENTED_EDGE('',*,*,#1625,.F.);
#2113=ORIENTED_EDGE('',*,*,#1626,.T.);
#2114=ORIENTED_EDGE('',*,*,#1626,.F.);
#2115=ORIENTED_EDGE('',*,*,#1627,.T.);
#2116=ORIENTED_EDGE('',*,*,#1627,.F.);
#2117=ORIENTED_EDGE('',*,*,#1628,.T.);
#2118=ORIENTED_EDGE('',*,*,#1628,.F.);
#2119=ORIENTED_EDGE('',*,*,#1629,.T.);
#2120=ORIENTED_EDGE('',*,*,#1629,.F.);
#2121=ORIENTED_EDGE('',*,*,#1630,.F.);
#2122=ORIENTED_EDGE('',*,*,#1631,.T.);
#2123=ORIENTED_EDGE('',*,*,#1632,.T.);
#2124=ORIENTED_EDGE('',*,*,#1633,.F.);
#2125=ORIENTED_EDGE('',*,*,#1634,.F.);
#2126=ORIENTED_EDGE('',*,*,#1635,.F.);
#2127=ORIENTED_EDGE('',*,*,#1636,.T.);
#2128=ORIENTED_EDGE('',*,*,#1637,.T.);
#2129=ORIENTED_EDGE('',*,*,#1636,.F.);
#2130=ORIENTED_EDGE('',*,*,#1638,.T.);
#2131=ORIENTED_EDGE('',*,*,#1639,.T.);
#2132=ORIENTED_EDGE('',*,*,#1640,.T.);
#2133=ORIENTED_EDGE('',*,*,#1639,.F.);
#2134=ORIENTED_EDGE('',*,*,#1641,.F.);
#2135=ORIENTED_EDGE('',*,*,#1642,.T.);
#2136=ORIENTED_EDGE('',*,*,#1643,.T.);
#2137=ORIENTED_EDGE('',*,*,#1642,.F.);
#2138=ORIENTED_EDGE('',*,*,#1644,.T.);
#2139=ORIENTED_EDGE('',*,*,#1645,.T.);
#2140=ORIENTED_EDGE('',*,*,#1646,.F.);
#2141=ORIENTED_EDGE('',*,*,#1645,.F.);
#2142=ORIENTED_EDGE('',*,*,#1646,.T.);
#2143=ORIENTED_EDGE('',*,*,#1647,.T.);
#2144=ORIENTED_EDGE('',*,*,#1648,.F.);
#2145=ORIENTED_EDGE('',*,*,#1647,.F.);
#2146=ORIENTED_EDGE('',*,*,#1649,.T.);
#2147=ORIENTED_EDGE('',*,*,#1650,.T.);
#2148=ORIENTED_EDGE('',*,*,#1651,.F.);
#2149=ORIENTED_EDGE('',*,*,#1650,.F.);
#2150=ORIENTED_EDGE('',*,*,#1651,.T.);
#2151=ORIENTED_EDGE('',*,*,#1652,.T.);
#2152=ORIENTED_EDGE('',*,*,#1653,.F.);
#2153=ORIENTED_EDGE('',*,*,#1652,.F.);
#2154=ORIENTED_EDGE('',*,*,#1637,.F.);
#2155=ORIENTED_EDGE('',*,*,#1654,.T.);
#2156=ORIENTED_EDGE('',*,*,#1638,.F.);
#2157=ORIENTED_EDGE('',*,*,#1654,.F.);
#2158=ORIENTED_EDGE('',*,*,#1634,.T.);
#2159=ORIENTED_EDGE('',*,*,#1635,.T.);
#2160=ORIENTED_EDGE('',*,*,#1655,.T.);
#2161=ORIENTED_EDGE('',*,*,#1656,.F.);
#2162=ORIENTED_EDGE('',*,*,#1657,.F.);
#2163=ORIENTED_EDGE('',*,*,#1658,.T.);
#2164=ORIENTED_EDGE('',*,*,#1659,.F.);
#2165=ORIENTED_EDGE('',*,*,#1660,.T.);
#2166=ORIENTED_EDGE('',*,*,#1661,.F.);
#2167=ORIENTED_EDGE('',*,*,#1630,.T.);
#2168=ORIENTED_EDGE('',*,*,#1662,.F.);
#2169=ORIENTED_EDGE('',*,*,#1663,.T.);
#2170=ORIENTED_EDGE('',*,*,#1664,.F.);
#2171=ORIENTED_EDGE('',*,*,#1665,.T.);
#2172=ORIENTED_EDGE('',*,*,#1666,.F.);
#2173=ORIENTED_EDGE('',*,*,#1667,.F.);
#2174=ORIENTED_EDGE('',*,*,#1655,.F.);
#2175=ORIENTED_EDGE('',*,*,#1632,.F.);
#2176=ORIENTED_EDGE('',*,*,#1668,.T.);
#2177=ORIENTED_EDGE('',*,*,#1669,.F.);
#2178=ORIENTED_EDGE('',*,*,#1670,.T.);
#2179=ORIENTED_EDGE('',*,*,#1671,.F.);
#2180=ORIENTED_EDGE('',*,*,#1672,.T.);
#2181=ORIENTED_EDGE('',*,*,#1673,.T.);
#2182=ORIENTED_EDGE('',*,*,#1674,.T.);
#2183=ORIENTED_EDGE('',*,*,#1675,.F.);
#2184=ORIENTED_EDGE('',*,*,#1674,.F.);
#2185=ORIENTED_EDGE('',*,*,#1676,.T.);
#2186=ORIENTED_EDGE('',*,*,#1677,.T.);
#2187=ORIENTED_EDGE('',*,*,#1678,.F.);
#2188=ORIENTED_EDGE('',*,*,#1679,.T.);
#2189=ORIENTED_EDGE('',*,*,#1680,.F.);
#2190=ORIENTED_EDGE('',*,*,#1681,.T.);
#2191=ORIENTED_EDGE('',*,*,#1670,.F.);
#2192=ORIENTED_EDGE('',*,*,#1682,.T.);
#2193=ORIENTED_EDGE('',*,*,#1683,.T.);
#2194=ORIENTED_EDGE('',*,*,#1684,.F.);
#2195=ORIENTED_EDGE('',*,*,#1668,.F.);
#2196=ORIENTED_EDGE('',*,*,#1685,.T.);
#2197=ORIENTED_EDGE('',*,*,#1686,.T.);
#2198=ORIENTED_EDGE('',*,*,#1687,.F.);
#2199=ORIENTED_EDGE('',*,*,#1681,.F.);
#2200=ORIENTED_EDGE('',*,*,#1688,.T.);
#2201=ORIENTED_EDGE('',*,*,#1689,.T.);
#2202=ORIENTED_EDGE('',*,*,#1690,.F.);
#2203=ORIENTED_EDGE('',*,*,#1679,.F.);
#2204=ORIENTED_EDGE('',*,*,#1691,.T.);
#2205=ORIENTED_EDGE('',*,*,#1692,.T.);
#2206=ORIENTED_EDGE('',*,*,#1693,.F.);
#2207=ORIENTED_EDGE('',*,*,#1677,.F.);
#2208=ORIENTED_EDGE('',*,*,#1694,.T.);
#2209=ORIENTED_EDGE('',*,*,#1695,.T.);
#2210=ORIENTED_EDGE('',*,*,#1696,.F.);
#2211=ORIENTED_EDGE('',*,*,#1683,.F.);
#2212=ORIENTED_EDGE('',*,*,#1697,.T.);
#2213=ORIENTED_EDGE('',*,*,#1698,.T.);
#2214=ORIENTED_EDGE('',*,*,#1699,.T.);
#2215=ORIENTED_EDGE('',*,*,#1686,.F.);
#2216=ORIENTED_EDGE('',*,*,#1700,.T.);
#2217=ORIENTED_EDGE('',*,*,#1701,.T.);
#2218=ORIENTED_EDGE('',*,*,#1702,.T.);
#2219=ORIENTED_EDGE('',*,*,#1689,.F.);
#2220=ORIENTED_EDGE('',*,*,#1703,.T.);
#2221=ORIENTED_EDGE('',*,*,#1704,.T.);
#2222=ORIENTED_EDGE('',*,*,#1705,.T.);
#2223=ORIENTED_EDGE('',*,*,#1692,.F.);
#2224=ORIENTED_EDGE('',*,*,#1706,.T.);
#2225=ORIENTED_EDGE('',*,*,#1707,.T.);
#2226=ORIENTED_EDGE('',*,*,#1708,.T.);
#2227=ORIENTED_EDGE('',*,*,#1695,.F.);
#2228=ORIENTED_EDGE('',*,*,#1709,.T.);
#2229=ORIENTED_EDGE('',*,*,#1710,.T.);
#2230=ORIENTED_EDGE('',*,*,#1711,.T.);
#2231=ORIENTED_EDGE('',*,*,#1698,.F.);
#2232=ORIENTED_EDGE('',*,*,#1712,.F.);
#2233=ORIENTED_EDGE('',*,*,#1713,.T.);
#2234=ORIENTED_EDGE('',*,*,#1714,.T.);
#2235=ORIENTED_EDGE('',*,*,#1701,.F.);
#2236=ORIENTED_EDGE('',*,*,#1715,.F.);
#2237=ORIENTED_EDGE('',*,*,#1716,.T.);
#2238=ORIENTED_EDGE('',*,*,#1717,.T.);
#2239=ORIENTED_EDGE('',*,*,#1704,.F.);
#2240=ORIENTED_EDGE('',*,*,#1718,.F.);
#2241=ORIENTED_EDGE('',*,*,#1719,.T.);
#2242=ORIENTED_EDGE('',*,*,#1720,.T.);
#2243=ORIENTED_EDGE('',*,*,#1707,.F.);
#2244=ORIENTED_EDGE('',*,*,#1721,.F.);
#2245=ORIENTED_EDGE('',*,*,#1722,.T.);
#2246=ORIENTED_EDGE('',*,*,#1723,.T.);
#2247=ORIENTED_EDGE('',*,*,#1710,.F.);
#2248=ORIENTED_EDGE('',*,*,#1724,.F.);
#2249=ORIENTED_EDGE('',*,*,#1725,.T.);
#2250=ORIENTED_EDGE('',*,*,#1726,.T.);
#2251=ORIENTED_EDGE('',*,*,#1713,.F.);
#2252=ORIENTED_EDGE('',*,*,#1727,.T.);
#2253=ORIENTED_EDGE('',*,*,#1659,.T.);
#2254=ORIENTED_EDGE('',*,*,#1728,.T.);
#2255=ORIENTED_EDGE('',*,*,#1716,.F.);
#2256=ORIENTED_EDGE('',*,*,#1729,.T.);
#2257=ORIENTED_EDGE('',*,*,#1661,.T.);
#2258=ORIENTED_EDGE('',*,*,#1730,.T.);
#2259=ORIENTED_EDGE('',*,*,#1719,.F.);
#2260=ORIENTED_EDGE('',*,*,#1731,.T.);
#2261=ORIENTED_EDGE('',*,*,#1662,.T.);
#2262=ORIENTED_EDGE('',*,*,#1732,.T.);
#2263=ORIENTED_EDGE('',*,*,#1722,.F.);
#2264=ORIENTED_EDGE('',*,*,#1733,.T.);
#2265=ORIENTED_EDGE('',*,*,#1664,.T.);
#2266=ORIENTED_EDGE('',*,*,#1734,.T.);
#2267=ORIENTED_EDGE('',*,*,#1725,.F.);
#2268=ORIENTED_EDGE('',*,*,#1735,.T.);
#2269=ORIENTED_EDGE('',*,*,#1666,.T.);
#2270=ORIENTED_EDGE('',*,*,#1736,.T.);
#2271=ORIENTED_EDGE('',*,*,#1737,.T.);
#2272=ORIENTED_EDGE('',*,*,#1738,.F.);
#2273=ORIENTED_EDGE('',*,*,#1672,.F.);
#2274=ORIENTED_EDGE('',*,*,#1739,.T.);
#2275=ORIENTED_EDGE('',*,*,#1740,.T.);
#2276=ORIENTED_EDGE('',*,*,#1741,.T.);
#2277=ORIENTED_EDGE('',*,*,#1737,.F.);
#2278=ORIENTED_EDGE('',*,*,#1742,.T.);
#2279=ORIENTED_EDGE('',*,*,#1743,.T.);
#2280=ORIENTED_EDGE('',*,*,#1744,.T.);
#2281=ORIENTED_EDGE('',*,*,#1740,.F.);
#2282=ORIENTED_EDGE('',*,*,#1745,.F.);
#2283=ORIENTED_EDGE('',*,*,#1657,.T.);
#2284=ORIENTED_EDGE('',*,*,#1746,.T.);
#2285=ORIENTED_EDGE('',*,*,#1743,.F.);
#2286=ORIENTED_EDGE('',*,*,#1747,.T.);
#2287=ORIENTED_EDGE('',*,*,#1640,.F.);
#2288=ORIENTED_EDGE('',*,*,#1653,.T.);
#2289=ORIENTED_EDGE('',*,*,#1648,.T.);
#2290=ORIENTED_EDGE('',*,*,#1649,.F.);
#2291=ORIENTED_EDGE('',*,*,#1641,.T.);
#2292=ORIENTED_EDGE('',*,*,#1644,.F.);
#2293=ORIENTED_EDGE('',*,*,#1675,.T.);
#2294=ORIENTED_EDGE('',*,*,#1643,.F.);
#2295=ORIENTED_EDGE('',*,*,#1748,.T.);
#2296=ORIENTED_EDGE('',*,*,#1676,.F.);
#2297=ORIENTED_EDGE('',*,*,#1673,.F.);
#2298=ORIENTED_EDGE('',*,*,#1749,.F.);
#2299=ORIENTED_EDGE('',*,*,#1656,.T.);
#2300=ORIENTED_EDGE('',*,*,#1667,.T.);
#2301=ORIENTED_EDGE('',*,*,#1746,.F.);
#2302=ORIENTED_EDGE('',*,*,#1749,.T.);
#2303=ORIENTED_EDGE('',*,*,#1738,.T.);
#2304=ORIENTED_EDGE('',*,*,#1741,.F.);
#2305=ORIENTED_EDGE('',*,*,#1744,.F.);
#2306=ORIENTED_EDGE('',*,*,#1735,.F.);
#2307=ORIENTED_EDGE('',*,*,#1724,.T.);
#2308=ORIENTED_EDGE('',*,*,#1709,.F.);
#2309=ORIENTED_EDGE('',*,*,#1694,.F.);
#2310=ORIENTED_EDGE('',*,*,#1748,.F.);
#2311=ORIENTED_EDGE('',*,*,#1750,.T.);
#2312=ORIENTED_EDGE('',*,*,#1678,.T.);
#2313=ORIENTED_EDGE('',*,*,#1751,.F.);
#2314=ORIENTED_EDGE('',*,*,#1665,.F.);
#2315=ORIENTED_EDGE('',*,*,#1736,.F.);
#2316=ORIENTED_EDGE('',*,*,#1751,.T.);
#2317=ORIENTED_EDGE('',*,*,#1696,.T.);
#2318=ORIENTED_EDGE('',*,*,#1711,.F.);
#2319=ORIENTED_EDGE('',*,*,#1726,.F.);
#2320=ORIENTED_EDGE('',*,*,#1733,.F.);
#2321=ORIENTED_EDGE('',*,*,#1721,.T.);
#2322=ORIENTED_EDGE('',*,*,#1706,.F.);
#2323=ORIENTED_EDGE('',*,*,#1691,.F.);
#2324=ORIENTED_EDGE('',*,*,#1750,.F.);
#2325=ORIENTED_EDGE('',*,*,#1752,.T.);
#2326=ORIENTED_EDGE('',*,*,#1680,.T.);
#2327=ORIENTED_EDGE('',*,*,#1753,.F.);
#2328=ORIENTED_EDGE('',*,*,#1663,.F.);
#2329=ORIENTED_EDGE('',*,*,#1734,.F.);
#2330=ORIENTED_EDGE('',*,*,#1753,.T.);
#2331=ORIENTED_EDGE('',*,*,#1693,.T.);
#2332=ORIENTED_EDGE('',*,*,#1708,.F.);
#2333=ORIENTED_EDGE('',*,*,#1723,.F.);
#2334=ORIENTED_EDGE('',*,*,#1731,.F.);
#2335=ORIENTED_EDGE('',*,*,#1718,.T.);
#2336=ORIENTED_EDGE('',*,*,#1703,.F.);
#2337=ORIENTED_EDGE('',*,*,#1688,.F.);
#2338=ORIENTED_EDGE('',*,*,#1752,.F.);
#2339=ORIENTED_EDGE('',*,*,#1732,.F.);
#2340=ORIENTED_EDGE('',*,*,#1633,.T.);
#2341=ORIENTED_EDGE('',*,*,#1690,.T.);
#2342=ORIENTED_EDGE('',*,*,#1705,.F.);
#2343=ORIENTED_EDGE('',*,*,#1720,.F.);
#2344=ORIENTED_EDGE('',*,*,#1729,.F.);
#2345=ORIENTED_EDGE('',*,*,#1715,.T.);
#2346=ORIENTED_EDGE('',*,*,#1700,.F.);
#2347=ORIENTED_EDGE('',*,*,#1685,.F.);
#2348=ORIENTED_EDGE('',*,*,#1631,.F.);
#2349=ORIENTED_EDGE('',*,*,#1754,.T.);
#2350=ORIENTED_EDGE('',*,*,#1669,.T.);
#2351=ORIENTED_EDGE('',*,*,#1755,.F.);
#2352=ORIENTED_EDGE('',*,*,#1660,.F.);
#2353=ORIENTED_EDGE('',*,*,#1730,.F.);
#2354=ORIENTED_EDGE('',*,*,#1755,.T.);
#2355=ORIENTED_EDGE('',*,*,#1687,.T.);
#2356=ORIENTED_EDGE('',*,*,#1702,.F.);
#2357=ORIENTED_EDGE('',*,*,#1717,.F.);
#2358=ORIENTED_EDGE('',*,*,#1727,.F.);
#2359=ORIENTED_EDGE('',*,*,#1712,.T.);
#2360=ORIENTED_EDGE('',*,*,#1697,.F.);
#2361=ORIENTED_EDGE('',*,*,#1682,.F.);
#2362=ORIENTED_EDGE('',*,*,#1754,.F.);
#2363=ORIENTED_EDGE('',*,*,#1756,.T.);
#2364=ORIENTED_EDGE('',*,*,#1671,.T.);
#2365=ORIENTED_EDGE('',*,*,#1757,.F.);
#2366=ORIENTED_EDGE('',*,*,#1658,.F.);
#2367=ORIENTED_EDGE('',*,*,#1728,.F.);
#2368=ORIENTED_EDGE('',*,*,#1757,.T.);
#2369=ORIENTED_EDGE('',*,*,#1684,.T.);
#2370=ORIENTED_EDGE('',*,*,#1699,.F.);
#2371=ORIENTED_EDGE('',*,*,#1714,.F.);
#2372=ORIENTED_EDGE('',*,*,#1747,.F.);
#2373=ORIENTED_EDGE('',*,*,#1745,.T.);
#2374=ORIENTED_EDGE('',*,*,#1742,.F.);
#2375=ORIENTED_EDGE('',*,*,#1739,.F.);
#2376=ORIENTED_EDGE('',*,*,#1756,.F.);
#2377=ORIENTED_EDGE('',*,*,#1758,.T.);
#2378=ORIENTED_EDGE('',*,*,#1759,.T.);
#2379=ORIENTED_EDGE('',*,*,#1760,.F.);
#2380=ORIENTED_EDGE('',*,*,#1761,.F.);
#2381=ORIENTED_EDGE('',*,*,#1762,.T.);
#2382=ORIENTED_EDGE('',*,*,#1763,.T.);
#2383=ORIENTED_EDGE('',*,*,#1764,.F.);
#2384=ORIENTED_EDGE('',*,*,#1763,.F.);
#2385=ORIENTED_EDGE('',*,*,#1765,.T.);
#2386=ORIENTED_EDGE('',*,*,#1766,.F.);
#2387=ORIENTED_EDGE('',*,*,#1767,.T.);
#2388=ORIENTED_EDGE('',*,*,#1768,.F.);
#2389=ORIENTED_EDGE('',*,*,#1767,.F.);
#2390=ORIENTED_EDGE('',*,*,#1769,.T.);
#2391=ORIENTED_EDGE('',*,*,#1770,.T.);
#2392=ORIENTED_EDGE('',*,*,#1771,.F.);
#2393=ORIENTED_EDGE('',*,*,#1770,.F.);
#2394=ORIENTED_EDGE('',*,*,#1772,.F.);
#2395=ORIENTED_EDGE('',*,*,#1773,.T.);
#2396=ORIENTED_EDGE('',*,*,#1774,.T.);
#2397=ORIENTED_EDGE('',*,*,#1773,.F.);
#2398=ORIENTED_EDGE('',*,*,#1774,.F.);
#2399=ORIENTED_EDGE('',*,*,#1775,.T.);
#2400=ORIENTED_EDGE('',*,*,#1776,.T.);
#2401=ORIENTED_EDGE('',*,*,#1775,.F.);
#2402=ORIENTED_EDGE('',*,*,#1777,.F.);
#2403=ORIENTED_EDGE('',*,*,#1778,.T.);
#2404=ORIENTED_EDGE('',*,*,#1779,.T.);
#2405=ORIENTED_EDGE('',*,*,#1778,.F.);
#2406=ORIENTED_EDGE('',*,*,#1779,.F.);
#2407=ORIENTED_EDGE('',*,*,#1780,.T.);
#2408=ORIENTED_EDGE('',*,*,#1781,.T.);
#2409=ORIENTED_EDGE('',*,*,#1780,.F.);
#2410=ORIENTED_EDGE('',*,*,#1764,.T.);
#2411=ORIENTED_EDGE('',*,*,#1782,.T.);
#2412=ORIENTED_EDGE('',*,*,#1766,.T.);
#2413=ORIENTED_EDGE('',*,*,#1782,.F.);
#2414=ORIENTED_EDGE('',*,*,#1762,.F.);
#2415=ORIENTED_EDGE('',*,*,#1783,.T.);
#2416=ORIENTED_EDGE('',*,*,#1784,.T.);
#2417=ORIENTED_EDGE('',*,*,#1785,.T.);
#2418=ORIENTED_EDGE('',*,*,#1786,.F.);
#2419=ORIENTED_EDGE('',*,*,#1787,.T.);
#2420=ORIENTED_EDGE('',*,*,#1788,.F.);
#2421=ORIENTED_EDGE('',*,*,#1789,.T.);
#2422=ORIENTED_EDGE('',*,*,#1758,.F.);
#2423=ORIENTED_EDGE('',*,*,#1790,.T.);
#2424=ORIENTED_EDGE('',*,*,#1791,.F.);
#2425=ORIENTED_EDGE('',*,*,#1792,.T.);
#2426=ORIENTED_EDGE('',*,*,#1793,.F.);
#2427=ORIENTED_EDGE('',*,*,#1794,.T.);
#2428=ORIENTED_EDGE('',*,*,#1795,.T.);
#2429=ORIENTED_EDGE('',*,*,#1783,.F.);
#2430=ORIENTED_EDGE('',*,*,#1765,.F.);
#2431=ORIENTED_EDGE('',*,*,#1760,.T.);
#2432=ORIENTED_EDGE('',*,*,#1796,.F.);
#2433=ORIENTED_EDGE('',*,*,#1797,.T.);
#2434=ORIENTED_EDGE('',*,*,#1798,.F.);
#2435=ORIENTED_EDGE('',*,*,#1799,.T.);
#2436=ORIENTED_EDGE('',*,*,#1800,.F.);
#2437=ORIENTED_EDGE('',*,*,#1801,.F.);
#2438=ORIENTED_EDGE('',*,*,#1802,.T.);
#2439=ORIENTED_EDGE('',*,*,#1803,.T.);
#2440=ORIENTED_EDGE('',*,*,#1802,.F.);
#2441=ORIENTED_EDGE('',*,*,#1804,.F.);
#2442=ORIENTED_EDGE('',*,*,#1805,.F.);
#2443=ORIENTED_EDGE('',*,*,#1806,.T.);
#2444=ORIENTED_EDGE('',*,*,#1807,.F.);
#2445=ORIENTED_EDGE('',*,*,#1808,.T.);
#2446=ORIENTED_EDGE('',*,*,#1809,.F.);
#2447=ORIENTED_EDGE('',*,*,#1807,.T.);
#2448=ORIENTED_EDGE('',*,*,#1810,.T.);
#2449=ORIENTED_EDGE('',*,*,#1811,.F.);
#2450=ORIENTED_EDGE('',*,*,#1812,.F.);
#2451=ORIENTED_EDGE('',*,*,#1809,.T.);
#2452=ORIENTED_EDGE('',*,*,#1813,.T.);
#2453=ORIENTED_EDGE('',*,*,#1814,.F.);
#2454=ORIENTED_EDGE('',*,*,#1815,.F.);
#2455=ORIENTED_EDGE('',*,*,#1796,.T.);
#2456=ORIENTED_EDGE('',*,*,#1816,.T.);
#2457=ORIENTED_EDGE('',*,*,#1817,.F.);
#2458=ORIENTED_EDGE('',*,*,#1818,.F.);
#2459=ORIENTED_EDGE('',*,*,#1798,.T.);
#2460=ORIENTED_EDGE('',*,*,#1819,.T.);
#2461=ORIENTED_EDGE('',*,*,#1820,.F.);
#2462=ORIENTED_EDGE('',*,*,#1821,.F.);
#2463=ORIENTED_EDGE('',*,*,#1800,.T.);
#2464=ORIENTED_EDGE('',*,*,#1822,.T.);
#2465=ORIENTED_EDGE('',*,*,#1823,.F.);
#2466=ORIENTED_EDGE('',*,*,#1824,.F.);
#2467=ORIENTED_EDGE('',*,*,#1811,.T.);
#2468=ORIENTED_EDGE('',*,*,#1825,.F.);
#2469=ORIENTED_EDGE('',*,*,#1826,.F.);
#2470=ORIENTED_EDGE('',*,*,#1827,.F.);
#2471=ORIENTED_EDGE('',*,*,#1814,.T.);
#2472=ORIENTED_EDGE('',*,*,#1828,.F.);
#2473=ORIENTED_EDGE('',*,*,#1829,.F.);
#2474=ORIENTED_EDGE('',*,*,#1830,.F.);
#2475=ORIENTED_EDGE('',*,*,#1817,.T.);
#2476=ORIENTED_EDGE('',*,*,#1831,.F.);
#2477=ORIENTED_EDGE('',*,*,#1832,.F.);
#2478=ORIENTED_EDGE('',*,*,#1833,.F.);
#2479=ORIENTED_EDGE('',*,*,#1820,.T.);
#2480=ORIENTED_EDGE('',*,*,#1834,.F.);
#2481=ORIENTED_EDGE('',*,*,#1835,.F.);
#2482=ORIENTED_EDGE('',*,*,#1836,.F.);
#2483=ORIENTED_EDGE('',*,*,#1823,.T.);
#2484=ORIENTED_EDGE('',*,*,#1837,.F.);
#2485=ORIENTED_EDGE('',*,*,#1838,.F.);
#2486=ORIENTED_EDGE('',*,*,#1839,.F.);
#2487=ORIENTED_EDGE('',*,*,#1826,.T.);
#2488=ORIENTED_EDGE('',*,*,#1840,.F.);
#2489=ORIENTED_EDGE('',*,*,#1841,.F.);
#2490=ORIENTED_EDGE('',*,*,#1842,.T.);
#2491=ORIENTED_EDGE('',*,*,#1829,.T.);
#2492=ORIENTED_EDGE('',*,*,#1843,.F.);
#2493=ORIENTED_EDGE('',*,*,#1844,.F.);
#2494=ORIENTED_EDGE('',*,*,#1845,.T.);
#2495=ORIENTED_EDGE('',*,*,#1832,.T.);
#2496=ORIENTED_EDGE('',*,*,#1846,.F.);
#2497=ORIENTED_EDGE('',*,*,#1847,.F.);
#2498=ORIENTED_EDGE('',*,*,#1848,.T.);
#2499=ORIENTED_EDGE('',*,*,#1835,.T.);
#2500=ORIENTED_EDGE('',*,*,#1849,.F.);
#2501=ORIENTED_EDGE('',*,*,#1850,.F.);
#2502=ORIENTED_EDGE('',*,*,#1851,.T.);
#2503=ORIENTED_EDGE('',*,*,#1838,.T.);
#2504=ORIENTED_EDGE('',*,*,#1852,.F.);
#2505=ORIENTED_EDGE('',*,*,#1853,.F.);
#2506=ORIENTED_EDGE('',*,*,#1854,.T.);
#2507=ORIENTED_EDGE('',*,*,#1841,.T.);
#2508=ORIENTED_EDGE('',*,*,#1855,.F.);
#2509=ORIENTED_EDGE('',*,*,#1792,.F.);
#2510=ORIENTED_EDGE('',*,*,#1856,.F.);
#2511=ORIENTED_EDGE('',*,*,#1844,.T.);
#2512=ORIENTED_EDGE('',*,*,#1857,.F.);
#2513=ORIENTED_EDGE('',*,*,#1790,.F.);
#2514=ORIENTED_EDGE('',*,*,#1858,.F.);
#2515=ORIENTED_EDGE('',*,*,#1847,.T.);
#2516=ORIENTED_EDGE('',*,*,#1859,.F.);
#2517=ORIENTED_EDGE('',*,*,#1789,.F.);
#2518=ORIENTED_EDGE('',*,*,#1860,.F.);
#2519=ORIENTED_EDGE('',*,*,#1850,.T.);
#2520=ORIENTED_EDGE('',*,*,#1861,.F.);
#2521=ORIENTED_EDGE('',*,*,#1787,.F.);
#2522=ORIENTED_EDGE('',*,*,#1862,.F.);
#2523=ORIENTED_EDGE('',*,*,#1853,.T.);
#2524=ORIENTED_EDGE('',*,*,#1863,.F.);
#2525=ORIENTED_EDGE('',*,*,#1785,.F.);
#2526=ORIENTED_EDGE('',*,*,#1864,.F.);
#2527=ORIENTED_EDGE('',*,*,#1865,.F.);
#2528=ORIENTED_EDGE('',*,*,#1866,.F.);
#2529=ORIENTED_EDGE('',*,*,#1805,.T.);
#2530=ORIENTED_EDGE('',*,*,#1867,.T.);
#2531=ORIENTED_EDGE('',*,*,#1868,.F.);
#2532=ORIENTED_EDGE('',*,*,#1869,.F.);
#2533=ORIENTED_EDGE('',*,*,#1865,.T.);
#2534=ORIENTED_EDGE('',*,*,#1870,.F.);
#2535=ORIENTED_EDGE('',*,*,#1871,.F.);
#2536=ORIENTED_EDGE('',*,*,#1872,.T.);
#2537=ORIENTED_EDGE('',*,*,#1868,.T.);
#2538=ORIENTED_EDGE('',*,*,#1873,.F.);
#2539=ORIENTED_EDGE('',*,*,#1794,.F.);
#2540=ORIENTED_EDGE('',*,*,#1874,.F.);
#2541=ORIENTED_EDGE('',*,*,#1871,.T.);
#2542=ORIENTED_EDGE('',*,*,#1875,.F.);
#2543=ORIENTED_EDGE('',*,*,#1768,.T.);
#2544=ORIENTED_EDGE('',*,*,#1781,.F.);
#2545=ORIENTED_EDGE('',*,*,#1776,.F.);
#2546=ORIENTED_EDGE('',*,*,#1777,.T.);
#2547=ORIENTED_EDGE('',*,*,#1769,.F.);
#2548=ORIENTED_EDGE('',*,*,#1772,.T.);
#2549=ORIENTED_EDGE('',*,*,#1803,.F.);
#2550=ORIENTED_EDGE('',*,*,#1771,.T.);
#2551=ORIENTED_EDGE('',*,*,#1876,.F.);
#2552=ORIENTED_EDGE('',*,*,#1784,.F.);
#2553=ORIENTED_EDGE('',*,*,#1795,.F.);
#2554=ORIENTED_EDGE('',*,*,#1877,.T.);
#2555=ORIENTED_EDGE('',*,*,#1804,.T.);
#2556=ORIENTED_EDGE('',*,*,#1801,.T.);
#2557=ORIENTED_EDGE('',*,*,#1875,.T.);
#2558=ORIENTED_EDGE('',*,*,#1873,.T.);
#2559=ORIENTED_EDGE('',*,*,#1870,.T.);
#2560=ORIENTED_EDGE('',*,*,#1867,.F.);
#2561=ORIENTED_EDGE('',*,*,#1877,.F.);
#2562=ORIENTED_EDGE('',*,*,#1864,.T.);
#2563=ORIENTED_EDGE('',*,*,#1876,.T.);
#2564=ORIENTED_EDGE('',*,*,#1824,.T.);
#2565=ORIENTED_EDGE('',*,*,#1839,.T.);
#2566=ORIENTED_EDGE('',*,*,#1854,.F.);
#2567=ORIENTED_EDGE('',*,*,#1878,.F.);
#2568=ORIENTED_EDGE('',*,*,#1786,.T.);
#2569=ORIENTED_EDGE('',*,*,#1879,.T.);
#2570=ORIENTED_EDGE('',*,*,#1799,.F.);
#2571=ORIENTED_EDGE('',*,*,#1863,.T.);
#2572=ORIENTED_EDGE('',*,*,#1852,.T.);
#2573=ORIENTED_EDGE('',*,*,#1837,.T.);
#2574=ORIENTED_EDGE('',*,*,#1822,.F.);
#2575=ORIENTED_EDGE('',*,*,#1879,.F.);
#2576=ORIENTED_EDGE('',*,*,#1862,.T.);
#2577=ORIENTED_EDGE('',*,*,#1878,.T.);
#2578=ORIENTED_EDGE('',*,*,#1821,.T.);
#2579=ORIENTED_EDGE('',*,*,#1836,.T.);
#2580=ORIENTED_EDGE('',*,*,#1851,.F.);
#2581=ORIENTED_EDGE('',*,*,#1880,.F.);
#2582=ORIENTED_EDGE('',*,*,#1788,.T.);
#2583=ORIENTED_EDGE('',*,*,#1881,.T.);
#2584=ORIENTED_EDGE('',*,*,#1797,.F.);
#2585=ORIENTED_EDGE('',*,*,#1861,.T.);
#2586=ORIENTED_EDGE('',*,*,#1849,.T.);
#2587=ORIENTED_EDGE('',*,*,#1834,.T.);
#2588=ORIENTED_EDGE('',*,*,#1819,.F.);
#2589=ORIENTED_EDGE('',*,*,#1881,.F.);
#2590=ORIENTED_EDGE('',*,*,#1860,.T.);
#2591=ORIENTED_EDGE('',*,*,#1880,.T.);
#2592=ORIENTED_EDGE('',*,*,#1818,.T.);
#2593=ORIENTED_EDGE('',*,*,#1833,.T.);
#2594=ORIENTED_EDGE('',*,*,#1848,.F.);
#2595=ORIENTED_EDGE('',*,*,#1859,.T.);
#2596=ORIENTED_EDGE('',*,*,#1846,.T.);
#2597=ORIENTED_EDGE('',*,*,#1831,.T.);
#2598=ORIENTED_EDGE('',*,*,#1816,.F.);
#2599=ORIENTED_EDGE('',*,*,#1759,.F.);
#2600=ORIENTED_EDGE('',*,*,#1858,.T.);
#2601=ORIENTED_EDGE('',*,*,#1761,.T.);
#2602=ORIENTED_EDGE('',*,*,#1815,.T.);
#2603=ORIENTED_EDGE('',*,*,#1830,.T.);
#2604=ORIENTED_EDGE('',*,*,#1845,.F.);
#2605=ORIENTED_EDGE('',*,*,#1882,.F.);
#2606=ORIENTED_EDGE('',*,*,#1791,.T.);
#2607=ORIENTED_EDGE('',*,*,#1883,.T.);
#2608=ORIENTED_EDGE('',*,*,#1808,.F.);
#2609=ORIENTED_EDGE('',*,*,#1857,.T.);
#2610=ORIENTED_EDGE('',*,*,#1843,.T.);
#2611=ORIENTED_EDGE('',*,*,#1828,.T.);
#2612=ORIENTED_EDGE('',*,*,#1813,.F.);
#2613=ORIENTED_EDGE('',*,*,#1883,.F.);
#2614=ORIENTED_EDGE('',*,*,#1856,.T.);
#2615=ORIENTED_EDGE('',*,*,#1882,.T.);
#2616=ORIENTED_EDGE('',*,*,#1812,.T.);
#2617=ORIENTED_EDGE('',*,*,#1827,.T.);
#2618=ORIENTED_EDGE('',*,*,#1842,.F.);
#2619=ORIENTED_EDGE('',*,*,#1884,.F.);
#2620=ORIENTED_EDGE('',*,*,#1793,.T.);
#2621=ORIENTED_EDGE('',*,*,#1885,.T.);
#2622=ORIENTED_EDGE('',*,*,#1806,.F.);
#2623=ORIENTED_EDGE('',*,*,#1855,.T.);
#2624=ORIENTED_EDGE('',*,*,#1840,.T.);
#2625=ORIENTED_EDGE('',*,*,#1825,.T.);
#2626=ORIENTED_EDGE('',*,*,#1810,.F.);
#2627=ORIENTED_EDGE('',*,*,#1885,.F.);
#2628=ORIENTED_EDGE('',*,*,#1874,.T.);
#2629=ORIENTED_EDGE('',*,*,#1884,.T.);
#2630=ORIENTED_EDGE('',*,*,#1866,.T.);
#2631=ORIENTED_EDGE('',*,*,#1869,.T.);
#2632=ORIENTED_EDGE('',*,*,#1872,.F.);
#2633=ORIENTED_EDGE('',*,*,#1886,.T.);
#2634=ORIENTED_EDGE('',*,*,#1887,.T.);
#2635=ORIENTED_EDGE('',*,*,#1888,.F.);
#2636=ORIENTED_EDGE('',*,*,#1889,.T.);
#2637=ORIENTED_EDGE('',*,*,#1890,.T.);
#2638=ORIENTED_EDGE('',*,*,#1891,.T.);
#2639=ORIENTED_EDGE('',*,*,#1886,.F.);
#2640=ORIENTED_EDGE('',*,*,#1892,.T.);
#2641=ORIENTED_EDGE('',*,*,#1893,.T.);
#2642=ORIENTED_EDGE('',*,*,#1894,.T.);
#2643=ORIENTED_EDGE('',*,*,#1890,.F.);
#2644=ORIENTED_EDGE('',*,*,#1895,.T.);
#2645=ORIENTED_EDGE('',*,*,#1896,.F.);
#2646=ORIENTED_EDGE('',*,*,#1897,.T.);
#2647=ORIENTED_EDGE('',*,*,#1898,.F.);
#2648=ORIENTED_EDGE('',*,*,#1899,.T.);
#2649=ORIENTED_EDGE('',*,*,#1900,.T.);
#2650=ORIENTED_EDGE('',*,*,#1901,.T.);
#2651=ORIENTED_EDGE('',*,*,#1902,.F.);
#2652=ORIENTED_EDGE('',*,*,#1903,.F.);
#2653=ORIENTED_EDGE('',*,*,#1904,.T.);
#2654=ORIENTED_EDGE('',*,*,#1905,.T.);
#2655=ORIENTED_EDGE('',*,*,#1900,.F.);
#2656=ORIENTED_EDGE('',*,*,#1906,.F.);
#2657=ORIENTED_EDGE('',*,*,#1907,.T.);
#2658=ORIENTED_EDGE('',*,*,#1908,.T.);
#2659=ORIENTED_EDGE('',*,*,#1904,.F.);
#2660=ORIENTED_EDGE('',*,*,#1909,.F.);
#2661=ORIENTED_EDGE('',*,*,#1910,.F.);
#2662=ORIENTED_EDGE('',*,*,#1911,.F.);
#2663=ORIENTED_EDGE('',*,*,#1912,.F.);
#2664=ORIENTED_EDGE('',*,*,#1913,.T.);
#2665=ORIENTED_EDGE('',*,*,#1914,.F.);
#2666=ORIENTED_EDGE('',*,*,#1915,.T.);
#2667=ORIENTED_EDGE('',*,*,#1916,.T.);
#2668=ORIENTED_EDGE('',*,*,#1917,.T.);
#2669=ORIENTED_EDGE('',*,*,#1914,.T.);
#2670=ORIENTED_EDGE('',*,*,#1918,.F.);
#2671=ORIENTED_EDGE('',*,*,#1919,.T.);
#2672=ORIENTED_EDGE('',*,*,#1920,.F.);
#2673=ORIENTED_EDGE('',*,*,#1921,.T.);
#2674=ORIENTED_EDGE('',*,*,#1922,.F.);
#2675=ORIENTED_EDGE('',*,*,#1923,.T.);
#2676=ORIENTED_EDGE('',*,*,#1924,.F.);
#2677=ORIENTED_EDGE('',*,*,#1925,.T.);
#2678=ORIENTED_EDGE('',*,*,#1888,.T.);
#2679=ORIENTED_EDGE('',*,*,#1926,.T.);
#2680=ORIENTED_EDGE('',*,*,#1902,.T.);
#2681=ORIENTED_EDGE('',*,*,#1917,.F.);
#2682=ORIENTED_EDGE('',*,*,#1927,.F.);
#2683=ORIENTED_EDGE('',*,*,#1928,.F.);
#2684=ORIENTED_EDGE('',*,*,#1918,.T.);
#2685=ORIENTED_EDGE('',*,*,#1923,.F.);
#2686=ORIENTED_EDGE('',*,*,#1929,.T.);
#2687=ORIENTED_EDGE('',*,*,#1930,.T.);
#2688=ORIENTED_EDGE('',*,*,#1931,.T.);
#2689=ORIENTED_EDGE('',*,*,#1929,.F.);
#2690=ORIENTED_EDGE('',*,*,#1922,.T.);
#2691=ORIENTED_EDGE('',*,*,#1932,.F.);
#2692=ORIENTED_EDGE('',*,*,#1933,.F.);
#2693=ORIENTED_EDGE('',*,*,#1921,.F.);
#2694=ORIENTED_EDGE('',*,*,#1934,.T.);
#2695=ORIENTED_EDGE('',*,*,#1935,.T.);
#2696=ORIENTED_EDGE('',*,*,#1932,.T.);
#2697=ORIENTED_EDGE('',*,*,#1934,.F.);
#2698=ORIENTED_EDGE('',*,*,#1920,.T.);
#2699=ORIENTED_EDGE('',*,*,#1936,.F.);
#2700=ORIENTED_EDGE('',*,*,#1937,.F.);
#2701=ORIENTED_EDGE('',*,*,#1919,.F.);
#2702=ORIENTED_EDGE('',*,*,#1928,.T.);
#2703=ORIENTED_EDGE('',*,*,#1938,.T.);
#2704=ORIENTED_EDGE('',*,*,#1936,.T.);
#2705=ORIENTED_EDGE('',*,*,#1910,.T.);
#2706=ORIENTED_EDGE('',*,*,#1939,.T.);
#2707=ORIENTED_EDGE('',*,*,#1907,.F.);
#2708=ORIENTED_EDGE('',*,*,#1940,.F.);
#2709=ORIENTED_EDGE('',*,*,#1925,.F.);
#2710=ORIENTED_EDGE('',*,*,#1901,.F.);
#2711=ORIENTED_EDGE('',*,*,#1905,.F.);
#2712=ORIENTED_EDGE('',*,*,#1908,.F.);
#2713=ORIENTED_EDGE('',*,*,#1939,.F.);
#2714=ORIENTED_EDGE('',*,*,#1913,.F.);
#2715=ORIENTED_EDGE('',*,*,#1941,.F.);
#2716=ORIENTED_EDGE('',*,*,#1897,.F.);
#2717=ORIENTED_EDGE('',*,*,#1942,.F.);
#2718=ORIENTED_EDGE('',*,*,#1895,.F.);
#2719=ORIENTED_EDGE('',*,*,#1892,.F.);
#2720=ORIENTED_EDGE('',*,*,#1889,.F.);
#2721=ORIENTED_EDGE('',*,*,#1926,.F.);
#2722=ORIENTED_EDGE('',*,*,#1887,.F.);
#2723=ORIENTED_EDGE('',*,*,#1891,.F.);
#2724=ORIENTED_EDGE('',*,*,#1894,.F.);
#2725=ORIENTED_EDGE('',*,*,#1943,.F.);
#2726=ORIENTED_EDGE('',*,*,#1899,.F.);
#2727=ORIENTED_EDGE('',*,*,#1944,.F.);
#2728=ORIENTED_EDGE('',*,*,#1911,.T.);
#2729=ORIENTED_EDGE('',*,*,#1940,.T.);
#2730=ORIENTED_EDGE('',*,*,#1909,.T.);
#2731=ORIENTED_EDGE('',*,*,#1906,.T.);
#2732=ORIENTED_EDGE('',*,*,#1903,.T.);
#2733=ORIENTED_EDGE('',*,*,#1945,.F.);
#2734=ORIENTED_EDGE('',*,*,#1941,.T.);
#2735=ORIENTED_EDGE('',*,*,#1912,.T.);
#2736=ORIENTED_EDGE('',*,*,#1944,.T.);
#2737=ORIENTED_EDGE('',*,*,#1898,.T.);
#2738=ORIENTED_EDGE('',*,*,#1896,.T.);
#2739=ORIENTED_EDGE('',*,*,#1943,.T.);
#2740=ORIENTED_EDGE('',*,*,#1893,.F.);
#2741=ORIENTED_EDGE('',*,*,#1942,.T.);
#2742=ORIENTED_EDGE('',*,*,#1946,.F.);
#2743=ORIENTED_EDGE('',*,*,#1947,.T.);
#2744=ORIENTED_EDGE('',*,*,#1945,.T.);
#2745=ORIENTED_EDGE('',*,*,#1947,.F.);
#2746=ORIENTED_EDGE('',*,*,#1915,.F.);
#2747=ORIENTED_EDGE('',*,*,#1924,.T.);
#2748=ORIENTED_EDGE('',*,*,#1931,.F.);
#2749=ORIENTED_EDGE('',*,*,#1948,.F.);
#2750=ORIENTED_EDGE('',*,*,#1949,.T.);
#2751=ORIENTED_EDGE('',*,*,#1950,.T.);
#2752=ORIENTED_EDGE('',*,*,#1951,.T.);
#2753=ORIENTED_EDGE('',*,*,#1952,.T.);
#2754=ORIENTED_EDGE('',*,*,#1952,.F.);
#2755=ORIENTED_EDGE('',*,*,#1953,.F.);
#2756=ORIENTED_EDGE('',*,*,#1954,.F.);
#2757=ORIENTED_EDGE('',*,*,#1955,.F.);
#2758=ORIENTED_EDGE('',*,*,#1956,.F.);
#2759=ORIENTED_EDGE('',*,*,#1957,.F.);
#2760=ORIENTED_EDGE('',*,*,#1958,.T.);
#2761=ORIENTED_EDGE('',*,*,#1951,.F.);
#2762=ORIENTED_EDGE('',*,*,#1959,.F.);
#2763=ORIENTED_EDGE('',*,*,#1960,.T.);
#2764=ORIENTED_EDGE('',*,*,#1961,.T.);
#2765=ORIENTED_EDGE('',*,*,#1962,.T.);
#2766=ORIENTED_EDGE('',*,*,#1956,.T.);
#2767=ORIENTED_EDGE('',*,*,#1963,.T.);
#2768=ORIENTED_EDGE('',*,*,#1964,.T.);
#2769=ORIENTED_EDGE('',*,*,#1964,.F.);
#2770=ORIENTED_EDGE('',*,*,#1965,.T.);
#2771=ORIENTED_EDGE('',*,*,#1966,.T.);
#2772=ORIENTED_EDGE('',*,*,#1967,.T.);
#2773=ORIENTED_EDGE('',*,*,#1968,.F.);
#2774=ORIENTED_EDGE('',*,*,#1969,.F.);
#2775=ORIENTED_EDGE('',*,*,#1963,.F.);
#2776=ORIENTED_EDGE('',*,*,#1970,.F.);
#2777=ORIENTED_EDGE('',*,*,#1971,.T.);
#2778=ORIENTED_EDGE('',*,*,#1965,.F.);
#2779=ORIENTED_EDGE('',*,*,#1972,.T.);
#2780=ORIENTED_EDGE('',*,*,#1973,.T.);
#2781=ORIENTED_EDGE('',*,*,#1974,.T.);
#2782=ORIENTED_EDGE('',*,*,#1975,.T.);
#2783=ORIENTED_EDGE('',*,*,#1974,.F.);
#2784=ORIENTED_EDGE('',*,*,#1976,.T.);
#2785=ORIENTED_EDGE('',*,*,#1977,.F.);
#2786=ORIENTED_EDGE('',*,*,#1978,.F.);
#2787=ORIENTED_EDGE('',*,*,#1973,.F.);
#2788=ORIENTED_EDGE('',*,*,#1979,.F.);
#2789=ORIENTED_EDGE('',*,*,#1980,.F.);
#2790=ORIENTED_EDGE('',*,*,#1981,.F.);
#2791=ORIENTED_EDGE('',*,*,#1982,.T.);
#2792=ORIENTED_EDGE('',*,*,#1983,.T.);
#2793=ORIENTED_EDGE('',*,*,#1984,.T.);
#2794=ORIENTED_EDGE('',*,*,#1985,.T.);
#2795=ORIENTED_EDGE('',*,*,#1968,.T.);
#2796=ORIENTED_EDGE('',*,*,#1986,.T.);
#2797=ORIENTED_EDGE('',*,*,#1980,.T.);
#2798=ORIENTED_EDGE('',*,*,#1986,.F.);
#2799=ORIENTED_EDGE('',*,*,#1967,.F.);
#2800=ORIENTED_EDGE('',*,*,#1987,.F.);
#2801=ORIENTED_EDGE('',*,*,#1988,.F.);
#2802=ORIENTED_EDGE('',*,*,#1989,.F.);
#2803=ORIENTED_EDGE('',*,*,#1990,.T.);
#2804=ORIENTED_EDGE('',*,*,#1958,.F.);
#2805=ORIENTED_EDGE('',*,*,#1990,.F.);
#2806=ORIENTED_EDGE('',*,*,#1984,.F.);
#2807=ORIENTED_EDGE('',*,*,#1991,.T.);
#2808=ORIENTED_EDGE('',*,*,#1992,.F.);
#2809=ORIENTED_EDGE('',*,*,#1991,.F.);
#2810=ORIENTED_EDGE('',*,*,#1993,.F.);
#2811=ORIENTED_EDGE('',*,*,#1992,.T.);
#2812=ORIENTED_EDGE('',*,*,#1994,.F.);
#2813=ORIENTED_EDGE('',*,*,#1995,.T.);
#2814=ORIENTED_EDGE('',*,*,#1996,.T.);
#2815=ORIENTED_EDGE('',*,*,#1995,.F.);
#2816=ORIENTED_EDGE('',*,*,#1993,.T.);
#2817=ORIENTED_EDGE('',*,*,#1997,.T.);
#2818=ORIENTED_EDGE('',*,*,#1998,.F.);
#2819=ORIENTED_EDGE('',*,*,#1997,.F.);
#2820=ORIENTED_EDGE('',*,*,#1996,.F.);
#2821=ORIENTED_EDGE('',*,*,#1989,.T.);
#2822=ORIENTED_EDGE('',*,*,#1983,.F.);
#2823=ORIENTED_EDGE('',*,*,#1999,.T.);
#2824=ORIENTED_EDGE('',*,*,#2000,.F.);
#2825=ORIENTED_EDGE('',*,*,#1976,.F.);
#2826=ORIENTED_EDGE('',*,*,#1981,.T.);
#2827=ORIENTED_EDGE('',*,*,#1988,.T.);
#2828=ORIENTED_EDGE('',*,*,#2001,.F.);
#2829=ORIENTED_EDGE('',*,*,#2002,.F.);
#2830=ORIENTED_EDGE('',*,*,#1982,.F.);
#2831=ORIENTED_EDGE('',*,*,#2002,.T.);
#2832=ORIENTED_EDGE('',*,*,#2003,.F.);
#2833=ORIENTED_EDGE('',*,*,#1999,.F.);
#2834=ORIENTED_EDGE('',*,*,#2003,.T.);
#2835=ORIENTED_EDGE('',*,*,#2001,.T.);
#2836=ORIENTED_EDGE('',*,*,#1987,.T.);
#2837=ORIENTED_EDGE('',*,*,#2004,.F.);
#2838=ORIENTED_EDGE('',*,*,#1977,.T.);
#2839=ORIENTED_EDGE('',*,*,#2000,.T.);
#2840=ORIENTED_EDGE('',*,*,#1998,.T.);
#2841=ORIENTED_EDGE('',*,*,#2004,.T.);
#2842=ORIENTED_EDGE('',*,*,#1966,.F.);
#2843=ORIENTED_EDGE('',*,*,#2005,.T.);
#2844=ORIENTED_EDGE('',*,*,#2006,.F.);
#2845=ORIENTED_EDGE('',*,*,#1946,.T.);
#2846=ORIENTED_EDGE('',*,*,#2007,.F.);
#2847=ORIENTED_EDGE('',*,*,#2008,.F.);
#2848=ORIENTED_EDGE('',*,*,#1960,.F.);
#2849=ORIENTED_EDGE('',*,*,#2005,.F.);
#2850=ORIENTED_EDGE('',*,*,#1971,.F.);
#2851=ORIENTED_EDGE('',*,*,#2009,.F.);
#2852=ORIENTED_EDGE('',*,*,#1994,.T.);
#2853=ORIENTED_EDGE('',*,*,#2008,.T.);
#2854=ORIENTED_EDGE('',*,*,#2010,.T.);
#2855=ORIENTED_EDGE('',*,*,#1953,.T.);
#2856=ORIENTED_EDGE('',*,*,#1961,.F.);
#2857=ORIENTED_EDGE('',*,*,#2007,.T.);
#2858=ORIENTED_EDGE('',*,*,#2011,.T.);
#2859=ORIENTED_EDGE('',*,*,#1954,.T.);
#2860=ORIENTED_EDGE('',*,*,#2010,.F.);
#2861=ORIENTED_EDGE('',*,*,#2009,.T.);
#2862=ORIENTED_EDGE('',*,*,#1970,.T.);
#2863=ORIENTED_EDGE('',*,*,#1955,.T.);
#2864=ORIENTED_EDGE('',*,*,#2011,.F.);
#2865=ORIENTED_EDGE('',*,*,#1950,.F.);
#2866=ORIENTED_EDGE('',*,*,#2012,.F.);
#2867=ORIENTED_EDGE('',*,*,#1975,.F.);
#2868=ORIENTED_EDGE('',*,*,#1978,.T.);
#2869=ORIENTED_EDGE('',*,*,#2006,.T.);
#2870=ORIENTED_EDGE('',*,*,#1959,.T.);
#2871=ORIENTED_EDGE('',*,*,#1949,.F.);
#2872=ORIENTED_EDGE('',*,*,#1957,.T.);
#2873=ORIENTED_EDGE('',*,*,#1962,.F.);
#2874=ORIENTED_EDGE('',*,*,#1969,.T.);
#2875=ORIENTED_EDGE('',*,*,#1985,.F.);
#2876=ORIENTED_EDGE('',*,*,#1979,.T.);
#2877=ORIENTED_EDGE('',*,*,#1972,.F.);
#2878=ORIENTED_EDGE('',*,*,#2012,.T.);
#2879=ORIENTED_EDGE('',*,*,#1948,.T.);
#2880=ORIENTED_EDGE('',*,*,#1930,.F.);
#2881=ORIENTED_EDGE('',*,*,#1933,.T.);
#2882=ORIENTED_EDGE('',*,*,#1935,.F.);
#2883=ORIENTED_EDGE('',*,*,#1937,.T.);
#2884=ORIENTED_EDGE('',*,*,#1938,.F.);
#2885=ORIENTED_EDGE('',*,*,#1927,.T.);
#2886=ORIENTED_EDGE('',*,*,#1916,.F.);
#2887=TOROIDAL_SURFACE('',#3125,7.75,0.25);
#2888=TOROIDAL_SURFACE('',#3131,7.75,0.25);
#2889=TOROIDAL_SURFACE('',#3137,7.,0.125);
#2890=TOROIDAL_SURFACE('',#3144,5.6875,1.5625);
#2891=TOROIDAL_SURFACE('',#3153,7.,0.125);
#2892=TOROIDAL_SURFACE('',#3160,5.6875,1.5625);
#2893=TOROIDAL_SURFACE('',#3198,7.00085866897581,1.6);
#2894=TOROIDAL_SURFACE('',#3203,6.03914246535104,1.6);
#2895=TOROIDAL_SURFACE('',#3210,4.5,0.0649999999999998);
#2896=TOROIDAL_SURFACE('',#3219,4.5,0.125);
#2897=TOROIDAL_SURFACE('',#3223,7.,0.0650000000000002);
#2898=TOROIDAL_SURFACE('',#3237,7.,0.125);
#2899=TOROIDAL_SURFACE('',#3318,7.00085866897581,1.6);
#2900=TOROIDAL_SURFACE('',#3323,6.03914246535104,1.6);
#2901=TOROIDAL_SURFACE('',#3330,4.5,0.0649999999999998);
#2902=TOROIDAL_SURFACE('',#3339,4.5,0.125);
#2903=TOROIDAL_SURFACE('',#3343,7.,0.0650000000000002);
#2904=TOROIDAL_SURFACE('',#3357,7.,0.125);
#2905=ADVANCED_FACE('',(#692),#2887,.T.);
#2906=ADVANCED_FACE('',(#693),#615,.T.);
#2907=ADVANCED_FACE('',(#694),#2888,.T.);
#2908=ADVANCED_FACE('',(#695),#616,.F.);
#2909=ADVANCED_FACE('',(#696),#2889,.F.);
#2910=ADVANCED_FACE('',(#697),#191,.F.);
#2911=ADVANCED_FACE('',(#698),#617,.F.);
#2912=ADVANCED_FACE('',(#699),#2890,.F.);
#2913=ADVANCED_FACE('',(#700),#618,.F.);
#2914=ADVANCED_FACE('',(#701),#192,.F.);
#2915=ADVANCED_FACE('',(#702),#2891,.F.);
#2916=ADVANCED_FACE('',(#703),#619,.F.);
#2917=ADVANCED_FACE('',(#704,#89),#111,.F.);
#2918=ADVANCED_FACE('',(#705,#90),#112,.F.);
#2919=ADVANCED_FACE('',(#706),#2892,.F.);
#2920=ADVANCED_FACE('',(#707),#193,.T.);
#2921=ADVANCED_FACE('',(#708),#194,.F.);
#2922=ADVANCED_FACE('',(#709),#195,.T.);
#2923=ADVANCED_FACE('',(#710),#196,.F.);
#2924=ADVANCED_FACE('',(#711),#620,.T.);
#2925=ADVANCED_FACE('',(#712),#621,.T.);
#2926=ADVANCED_FACE('',(#713),#622,.F.);
#2927=ADVANCED_FACE('',(#714,#91),#113,.F.);
#2928=ADVANCED_FACE('',(#715,#92),#114,.F.);
#2929=ADVANCED_FACE('',(#716),#61,.T.);
#2930=ADVANCED_FACE('',(#717),#62,.T.);
#2931=ADVANCED_FACE('',(#718),#63,.T.);
#2932=ADVANCED_FACE('',(#719),#64,.T.);
#2933=ADVANCED_FACE('',(#720),#65,.T.);
#2934=ADVANCED_FACE('',(#721),#66,.T.);
#2935=ADVANCED_FACE('',(#722),#623,.F.);
#2936=ADVANCED_FACE('',(#723),#2893,.F.);
#2937=ADVANCED_FACE('',(#724),#2894,.T.);
#2938=ADVANCED_FACE('',(#725),#197,.F.);
#2939=ADVANCED_FACE('',(#726),#2895,.F.);
#2940=ADVANCED_FACE('',(#727),#624,.T.);
#2941=ADVANCED_FACE('',(#728),#625,.F.);
#2942=ADVANCED_FACE('',(#729),#2896,.T.);
#2943=ADVANCED_FACE('',(#730),#198,.T.);
#2944=ADVANCED_FACE('',(#731),#2897,.F.);
#2945=ADVANCED_FACE('',(#732),#2898,.T.);
#2946=ADVANCED_FACE('',(#733),#626,.T.);
#2947=ADVANCED_FACE('',(#734),#627,.T.);
#2948=ADVANCED_FACE('',(#735),#628,.T.);
#2949=ADVANCED_FACE('',(#736),#629,.T.);
#2950=ADVANCED_FACE('',(#737),#630,.T.);
#2951=ADVANCED_FACE('',(#738),#115,.F.);
#2952=ADVANCED_FACE('',(#739),#116,.F.);
#2953=ADVANCED_FACE('',(#740),#117,.F.);
#2954=ADVANCED_FACE('',(#741),#118,.F.);
#2955=ADVANCED_FACE('',(#742),#119,.F.);
#2956=ADVANCED_FACE('',(#743),#631,.F.);
#2957=ADVANCED_FACE('',(#744),#632,.F.);
#2958=ADVANCED_FACE('',(#745),#633,.F.);
#2959=ADVANCED_FACE('',(#746),#634,.F.);
#2960=ADVANCED_FACE('',(#747),#635,.F.);
#2961=ADVANCED_FACE('',(#748),#120,.F.);
#2962=ADVANCED_FACE('',(#749),#121,.F.);
#2963=ADVANCED_FACE('',(#750),#122,.F.);
#2964=ADVANCED_FACE('',(#751),#123,.F.);
#2965=ADVANCED_FACE('',(#752),#124,.F.);
#2966=ADVANCED_FACE('',(#753),#636,.T.);
#2967=ADVANCED_FACE('',(#754),#125,.F.);
#2968=ADVANCED_FACE('',(#755),#637,.F.);
#2969=ADVANCED_FACE('',(#756),#126,.F.);
#2970=ADVANCED_FACE('',(#757,#93),#127,.F.);
#2971=ADVANCED_FACE('',(#758,#94),#128,.F.);
#2972=ADVANCED_FACE('',(#759,#95),#129,.F.);
#2973=ADVANCED_FACE('',(#760,#96),#130,.F.);
#2974=ADVANCED_FACE('',(#761),#638,.F.);
#2975=ADVANCED_FACE('',(#762),#131,.F.);
#2976=ADVANCED_FACE('',(#763),#132,.F.);
#2977=ADVANCED_FACE('',(#764),#639,.F.);
#2978=ADVANCED_FACE('',(#765),#133,.F.);
#2979=ADVANCED_FACE('',(#766),#134,.F.);
#2980=ADVANCED_FACE('',(#767),#640,.F.);
#2981=ADVANCED_FACE('',(#768),#135,.F.);
#2982=ADVANCED_FACE('',(#769),#136,.F.);
#2983=ADVANCED_FACE('',(#770),#137,.F.);
#2984=ADVANCED_FACE('',(#771),#138,.F.);
#2985=ADVANCED_FACE('',(#772),#641,.F.);
#2986=ADVANCED_FACE('',(#773),#139,.F.);
#2987=ADVANCED_FACE('',(#774),#140,.F.);
#2988=ADVANCED_FACE('',(#775),#642,.F.);
#2989=ADVANCED_FACE('',(#776),#141,.F.);
#2990=ADVANCED_FACE('',(#777),#142,.F.);
#2991=ADVANCED_FACE('',(#778),#643,.F.);
#2992=ADVANCED_FACE('',(#779),#2899,.F.);
#2993=ADVANCED_FACE('',(#780),#2900,.T.);
#2994=ADVANCED_FACE('',(#781),#199,.F.);
#2995=ADVANCED_FACE('',(#782),#2901,.F.);
#2996=ADVANCED_FACE('',(#783),#644,.T.);
#2997=ADVANCED_FACE('',(#784),#645,.F.);
#2998=ADVANCED_FACE('',(#785),#2902,.T.);
#2999=ADVANCED_FACE('',(#786),#200,.T.);
#3000=ADVANCED_FACE('',(#787),#2903,.F.);
#3001=ADVANCED_FACE('',(#788),#2904,.T.);
#3002=ADVANCED_FACE('',(#789),#646,.T.);
#3003=ADVANCED_FACE('',(#790),#647,.T.);
#3004=ADVANCED_FACE('',(#791),#648,.T.);
#3005=ADVANCED_FACE('',(#792),#649,.T.);
#3006=ADVANCED_FACE('',(#793),#650,.T.);
#3007=ADVANCED_FACE('',(#794),#143,.F.);
#3008=ADVANCED_FACE('',(#795),#144,.F.);
#3009=ADVANCED_FACE('',(#796),#145,.F.);
#3010=ADVANCED_FACE('',(#797),#146,.F.);
#3011=ADVANCED_FACE('',(#798),#147,.F.);
#3012=ADVANCED_FACE('',(#799),#651,.F.);
#3013=ADVANCED_FACE('',(#800),#652,.F.);
#3014=ADVANCED_FACE('',(#801),#653,.F.);
#3015=ADVANCED_FACE('',(#802),#654,.F.);
#3016=ADVANCED_FACE('',(#803),#655,.F.);
#3017=ADVANCED_FACE('',(#804),#148,.F.);
#3018=ADVANCED_FACE('',(#805),#149,.F.);
#3019=ADVANCED_FACE('',(#806),#150,.F.);
#3020=ADVANCED_FACE('',(#807),#151,.F.);
#3021=ADVANCED_FACE('',(#808),#152,.F.);
#3022=ADVANCED_FACE('',(#809),#656,.T.);
#3023=ADVANCED_FACE('',(#810),#153,.F.);
#3024=ADVANCED_FACE('',(#811),#657,.F.);
#3025=ADVANCED_FACE('',(#812),#154,.F.);
#3026=ADVANCED_FACE('',(#813,#97),#155,.F.);
#3027=ADVANCED_FACE('',(#814,#98),#156,.F.);
#3028=ADVANCED_FACE('',(#815,#99),#157,.F.);
#3029=ADVANCED_FACE('',(#816,#100),#158,.F.);
#3030=ADVANCED_FACE('',(#817),#658,.F.);
#3031=ADVANCED_FACE('',(#818),#159,.F.);
#3032=ADVANCED_FACE('',(#819),#160,.F.);
#3033=ADVANCED_FACE('',(#820),#659,.F.);
#3034=ADVANCED_FACE('',(#821),#161,.F.);
#3035=ADVANCED_FACE('',(#822),#162,.F.);
#3036=ADVANCED_FACE('',(#823),#660,.F.);
#3037=ADVANCED_FACE('',(#824),#163,.F.);
#3038=ADVANCED_FACE('',(#825),#164,.F.);
#3039=ADVANCED_FACE('',(#826),#165,.F.);
#3040=ADVANCED_FACE('',(#827),#166,.F.);
#3041=ADVANCED_FACE('',(#828),#661,.F.);
#3042=ADVANCED_FACE('',(#829),#167,.F.);
#3043=ADVANCED_FACE('',(#830),#168,.F.);
#3044=ADVANCED_FACE('',(#831),#662,.F.);
#3045=ADVANCED_FACE('',(#832),#169,.F.);
#3046=ADVANCED_FACE('',(#833),#170,.F.);
#3047=ADVANCED_FACE('',(#834),#663,.F.);
#3048=ADVANCED_FACE('',(#835),#664,.F.);
#3049=ADVANCED_FACE('',(#836),#665,.F.);
#3050=ADVANCED_FACE('',(#837),#666,.F.);
#3051=ADVANCED_FACE('',(#838),#667,.F.);
#3052=ADVANCED_FACE('',(#839),#668,.F.);
#3053=ADVANCED_FACE('',(#840),#669,.F.);
#3054=ADVANCED_FACE('',(#841),#670,.F.);
#3055=ADVANCED_FACE('',(#842),#671,.F.);
#3056=ADVANCED_FACE('',(#843,#101),#171,.T.);
#3057=ADVANCED_FACE('',(#844),#172,.F.);
#3058=ADVANCED_FACE('',(#845),#672,.F.);
#3059=ADVANCED_FACE('',(#846),#173,.F.);
#3060=ADVANCED_FACE('',(#847),#673,.F.);
#3061=ADVANCED_FACE('',(#848),#174,.F.);
#3062=ADVANCED_FACE('',(#849),#674,.F.);
#3063=ADVANCED_FACE('',(#850),#675,.F.);
#3064=ADVANCED_FACE('',(#851),#11,.F.);
#3065=ADVANCED_FACE('',(#852),#12,.F.);
#3066=ADVANCED_FACE('',(#853,#102),#175,.T.);
#3067=ADVANCED_FACE('',(#854),#676,.F.);
#3068=ADVANCED_FACE('',(#855),#677,.F.);
#3069=ADVANCED_FACE('',(#856),#176,.F.);
#3070=ADVANCED_FACE('',(#857),#678,.T.);
#3071=ADVANCED_FACE('',(#858,#103),#177,.T.);
#3072=ADVANCED_FACE('',(#859),#679,.F.);
#3073=ADVANCED_FACE('',(#860),#680,.T.);
#3074=ADVANCED_FACE('',(#861),#178,.T.);
#3075=ADVANCED_FACE('',(#862),#681,.F.);
#3076=ADVANCED_FACE('',(#863),#682,.T.);
#3077=ADVANCED_FACE('',(#864),#683,.F.);
#3078=ADVANCED_FACE('',(#865,#104),#179,.T.);
#3079=ADVANCED_FACE('',(#866),#684,.T.);
#3080=ADVANCED_FACE('',(#867),#685,.F.);
#3081=ADVANCED_FACE('',(#868),#686,.F.);
#3082=ADVANCED_FACE('',(#869),#687,.F.);
#3083=ADVANCED_FACE('',(#870,#105),#180,.F.);
#3084=ADVANCED_FACE('',(#871),#688,.F.);
#3085=ADVANCED_FACE('',(#872),#689,.F.);
#3086=ADVANCED_FACE('',(#873,#106),#181,.T.);
#3087=ADVANCED_FACE('',(#874),#182,.T.);
#3088=ADVANCED_FACE('',(#875),#183,.T.);
#3089=ADVANCED_FACE('',(#876),#690,.T.);
#3090=ADVANCED_FACE('',(#877,#107),#184,.F.);
#3091=ADVANCED_FACE('',(#878,#108),#185,.F.);
#3092=ADVANCED_FACE('',(#879,#109),#186,.T.);
#3093=ADVANCED_FACE('',(#880),#187,.T.);
#3094=ADVANCED_FACE('',(#881),#691,.T.);
#3095=ADVANCED_FACE('',(#882),#188,.T.);
#3096=ADVANCED_FACE('',(#883),#189,.T.);
#3097=ADVANCED_FACE('',(#884,#110),#190,.T.);
#3098=CLOSED_SHELL('',(#2905,#2906,#2907,#2908,#2909,#2910,#2911,#2912,
#2913,#2914,#2915,#2916,#2917,#2918));
#3099=CLOSED_SHELL('',(#2919,#2920,#2921,#2922,#2923,#2924,#2925,#2926,
#2927,#2928));
#3100=CLOSED_SHELL('',(#2929));
#3101=CLOSED_SHELL('',(#2930));
#3102=CLOSED_SHELL('',(#2931));
#3103=CLOSED_SHELL('',(#2932));
#3104=CLOSED_SHELL('',(#2933));
#3105=CLOSED_SHELL('',(#2934));
#3106=CLOSED_SHELL('',(#2935,#2936,#2937,#2938,#2939,#2940,#2941,#2942,
#2943,#2944,#2945,#2946,#2947,#2948,#2949,#2950,#2951,#2952,#2953,#2954,
#2955,#2956,#2957,#2958,#2959,#2960,#2961,#2962,#2963,#2964,#2965,#2966,
#2967,#2968,#2969,#2970,#2971,#2972,#2973,#2974,#2975,#2976,#2977,#2978,
#2979,#2980,#2981,#2982,#2983,#2984,#2985,#2986,#2987,#2988,#2989,#2990));
#3107=CLOSED_SHELL('',(#2991,#2992,#2993,#2994,#2995,#2996,#2997,#2998,
#2999,#3000,#3001,#3002,#3003,#3004,#3005,#3006,#3007,#3008,#3009,#3010,
#3011,#3012,#3013,#3014,#3015,#3016,#3017,#3018,#3019,#3020,#3021,#3022,
#3023,#3024,#3025,#3026,#3027,#3028,#3029,#3030,#3031,#3032,#3033,#3034,
#3035,#3036,#3037,#3038,#3039,#3040,#3041,#3042,#3043,#3044,#3045,#3046));
#3108=CLOSED_SHELL('',(#3047,#3048,#3049,#3050,#3051,#3052,#3053,#3054,
#3055,#3056,#3057,#3058,#3059,#3060,#3061,#3062,#3063,#3064,#3065,#3066,
#3067,#3068,#3069,#3070,#3071,#3072,#3073,#3074,#3075,#3076,#3077,#3078,
#3079,#3080,#3081,#3082,#3083,#3084,#3085,#3086,#3087,#3088,#3089,#3090,
#3091,#3092,#3093,#3094,#3095,#3096,#3097));
#3109=DERIVED_UNIT_ELEMENT(#3111,1.);
#3110=DERIVED_UNIT_ELEMENT(#6338,-3.);
#3111=(
MASS_UNIT()
NAMED_UNIT(*)
SI_UNIT(.KILO.,.GRAM.)
);
#3112=DERIVED_UNIT((#3109,#3110));
#3113=MEASURE_REPRESENTATION_ITEM('density measure',
POSITIVE_RATIO_MEASURE(7850.),#3112);
#3114=PROPERTY_DEFINITION_REPRESENTATION(#3119,#3116);
#3115=PROPERTY_DEFINITION_REPRESENTATION(#3120,#3117);
#3116=REPRESENTATION('material name',(#3118),#6335);
#3117=REPRESENTATION('density',(#3113),#6335);
#3118=DESCRIPTIVE_REPRESENTATION_ITEM('Acero','Acero');
#3119=PROPERTY_DEFINITION('material property','material name',#6361);
#3120=PROPERTY_DEFINITION('material property','density of part',#6361);
#3121=AXIS2_PLACEMENT_3D('',#4531,#3522,#3523);
#3122=AXIS2_PLACEMENT_3D('',#4532,#3524,#3525);
#3123=AXIS2_PLACEMENT_3D('',#4533,#3526,#3527);
#3124=AXIS2_PLACEMENT_3D('',#4534,#3528,#3529);
#3125=AXIS2_PLACEMENT_3D('',#4535,#3530,#3531);
#3126=AXIS2_PLACEMENT_3D('',#4537,#3532,#3533);
#3127=AXIS2_PLACEMENT_3D('',#4539,#3534,#3535);
#3128=AXIS2_PLACEMENT_3D('',#4540,#3536,#3537);
#3129=AXIS2_PLACEMENT_3D('',#4541,#3538,#3539);
#3130=AXIS2_PLACEMENT_3D('',#4543,#3540,#3541);
#3131=AXIS2_PLACEMENT_3D('',#4545,#3543,#3544);
#3132=AXIS2_PLACEMENT_3D('',#4547,#3545,#3546);
#3133=AXIS2_PLACEMENT_3D('',#4548,#3547,#3548);
#3134=AXIS2_PLACEMENT_3D('',#4549,#3549,#3550);
#3135=AXIS2_PLACEMENT_3D('',#4551,#3551,#3552);
#3136=AXIS2_PLACEMENT_3D('',#4554,#3554,#3555);
#3137=AXIS2_PLACEMENT_3D('',#4555,#3556,#3557);
#3138=AXIS2_PLACEMENT_3D('',#4557,#3558,#3559);
#3139=AXIS2_PLACEMENT_3D('',#4558,#3560,#3561);
#3140=AXIS2_PLACEMENT_3D('',#4559,#3562,#3563);
#3141=AXIS2_PLACEMENT_3D('',#4561,#3564,#3565);
#3142=AXIS2_PLACEMENT_3D('',#4563,#3567,#3568);
#3143=AXIS2_PLACEMENT_3D('',#4565,#3569,#3570);
#3144=AXIS2_PLACEMENT_3D('',#4567,#3572,#3573);
#3145=AXIS2_PLACEMENT_3D('',#4569,#3574,#3575);
#3146=AXIS2_PLACEMENT_3D('',#4570,#3576,#3577);
#3147=AXIS2_PLACEMENT_3D('',#4571,#3578,#3579);
#3148=AXIS2_PLACEMENT_3D('',#4574,#3580,#3581);
#3149=AXIS2_PLACEMENT_3D('',#4575,#3582,#3583);
#3150=AXIS2_PLACEMENT_3D('',#4577,#3585,#3586);
#3151=AXIS2_PLACEMENT_3D('',#4581,#3588,#3589);
#3152=AXIS2_PLACEMENT_3D('',#4582,#3590,#3591);
#3153=AXIS2_PLACEMENT_3D('',#4583,#3592,#3593);
#3154=AXIS2_PLACEMENT_3D('',#4585,#3594,#3595);
#3155=AXIS2_PLACEMENT_3D('',#4586,#3596,#3597);
#3156=AXIS2_PLACEMENT_3D('',#4587,#3598,#3599);
#3157=AXIS2_PLACEMENT_3D('',#4589,#3600,#3601);
#3158=AXIS2_PLACEMENT_3D('',#4591,#3603,#3604);
#3159=AXIS2_PLACEMENT_3D('',#4592,#3605,#3606);
#3160=AXIS2_PLACEMENT_3D('',#4593,#3607,#3608);
#3161=AXIS2_PLACEMENT_3D('',#4595,#3609,#3610);
#3162=AXIS2_PLACEMENT_3D('',#4597,#3611,#3612);
#3163=AXIS2_PLACEMENT_3D('',#4598,#3613,#3614);
#3164=AXIS2_PLACEMENT_3D('',#4599,#3615,#3616);
#3165=AXIS2_PLACEMENT_3D('',#4602,#3617,#3618);
#3166=AXIS2_PLACEMENT_3D('',#4603,#3619,#3620);
#3167=AXIS2_PLACEMENT_3D('',#4606,#3622,#3623);
#3168=AXIS2_PLACEMENT_3D('',#4607,#3624,#3625);
#3169=AXIS2_PLACEMENT_3D('',#4609,#3626,#3627);
#3170=AXIS2_PLACEMENT_3D('',#4612,#3629,#3630);
#3171=AXIS2_PLACEMENT_3D('',#4613,#3631,#3632);
#3172=AXIS2_PLACEMENT_3D('',#4615,#3633,#3634);
#3173=AXIS2_PLACEMENT_3D('',#4618,#3636,#3637);
#3174=AXIS2_PLACEMENT_3D('',#4619,#3638,#3639);
#3175=AXIS2_PLACEMENT_3D('',#4622,#3640,#3641);
#3176=AXIS2_PLACEMENT_3D('',#4623,#3642,#3643);
#3177=AXIS2_PLACEMENT_3D('',#4626,#3645,#3646);
#3178=AXIS2_PLACEMENT_3D('',#4627,#3647,#3648);
#3179=AXIS2_PLACEMENT_3D('',#4629,#3650,#3651);
#3180=AXIS2_PLACEMENT_3D('',#4631,#3653,#3654);
#3181=AXIS2_PLACEMENT_3D('',#4633,#3656,#3657);
#3182=AXIS2_PLACEMENT_3D('',#4634,#3658,#3659);
#3183=AXIS2_PLACEMENT_3D('',#4635,#3660,#3661);
#3184=AXIS2_PLACEMENT_3D('',#4638,#3662,#3663);
#3185=AXIS2_PLACEMENT_3D('',#4639,#3664,#3665);
#3186=AXIS2_PLACEMENT_3D('',#4642,#3666,#3667);
#3187=AXIS2_PLACEMENT_3D('',#4643,#3668,#3669);
#3188=AXIS2_PLACEMENT_3D('',#4646,#3670,#3671);
#3189=AXIS2_PLACEMENT_3D('',#4647,#3672,#3673);
#3190=AXIS2_PLACEMENT_3D('',#4650,#3674,#3675);
#3191=AXIS2_PLACEMENT_3D('',#4651,#3676,#3677);
#3192=AXIS2_PLACEMENT_3D('',#4654,#3678,#3679);
#3193=AXIS2_PLACEMENT_3D('',#4655,#3680,#3681);
#3194=AXIS2_PLACEMENT_3D('',#4658,#3682,#3683);
#3195=AXIS2_PLACEMENT_3D('',#4659,#3684,#3685);
#3196=AXIS2_PLACEMENT_3D('',#4662,#3686,#3687);
#3197=AXIS2_PLACEMENT_3D('',#4666,#3689,#3690);
#3198=AXIS2_PLACEMENT_3D('',#4668,#3692,#3693);
#3199=AXIS2_PLACEMENT_3D('',#4671,#3694,#3695);
#3200=AXIS2_PLACEMENT_3D('',#4672,#3696,#3697);
#3201=AXIS2_PLACEMENT_3D('',#4674,#3698,#3699);
#3202=AXIS2_PLACEMENT_3D('',#4675,#3700,#3701);
#3203=AXIS2_PLACEMENT_3D('',#4676,#3702,#3703);
#3204=AXIS2_PLACEMENT_3D('',#4678,#3704,#3705);
#3205=AXIS2_PLACEMENT_3D('',#4680,#3706,#3707);
#3206=AXIS2_PLACEMENT_3D('',#4681,#3708,#3709);
#3207=AXIS2_PLACEMENT_3D('',#4682,#3710,#3711);
#3208=AXIS2_PLACEMENT_3D('',#4684,#3712,#3713);
#3209=AXIS2_PLACEMENT_3D('',#4687,#3715,#3716);
#3210=AXIS2_PLACEMENT_3D('',#4688,#3717,#3718);
#3211=AXIS2_PLACEMENT_3D('',#4690,#3719,#3720);
#3212=AXIS2_PLACEMENT_3D('',#4692,#3721,#3722);
#3213=AXIS2_PLACEMENT_3D('',#4693,#3723,#3724);
#3214=AXIS2_PLACEMENT_3D('',#4694,#3725,#3726);
#3215=AXIS2_PLACEMENT_3D('',#4697,#3728,#3729);
#3216=AXIS2_PLACEMENT_3D('',#4698,#3730,#3731);
#3217=AXIS2_PLACEMENT_3D('',#4700,#3732,#3733);
#3218=AXIS2_PLACEMENT_3D('',#4703,#3735,#3736);
#3219=AXIS2_PLACEMENT_3D('',#4704,#3737,#3738);
#3220=AXIS2_PLACEMENT_3D('',#4706,#3739,#3740);
#3221=AXIS2_PLACEMENT_3D('',#4707,#3741,#3742);
#3222=AXIS2_PLACEMENT_3D('',#4708,#3743,#3744);
#3223=AXIS2_PLACEMENT_3D('',#4710,#3746,#3747);
#3224=AXIS2_PLACEMENT_3D('',#4712,#3748,#3749);
#3225=AXIS2_PLACEMENT_3D('',#4714,#3750,#3751);
#3226=AXIS2_PLACEMENT_3D('',#4716,#3752,#3753);
#3227=AXIS2_PLACEMENT_3D('',#4718,#3754,#3755);
#3228=AXIS2_PLACEMENT_3D('',#4720,#3756,#3757);
#3229=AXIS2_PLACEMENT_3D('',#4722,#3758,#3759);
#3230=AXIS2_PLACEMENT_3D('',#4723,#3760,#3761);
#3231=AXIS2_PLACEMENT_3D('',#4725,#3762,#3763);
#3232=AXIS2_PLACEMENT_3D('',#4727,#3764,#3765);
#3233=AXIS2_PLACEMENT_3D('',#4729,#3766,#3767);
#3234=AXIS2_PLACEMENT_3D('',#4731,#3768,#3769);
#3235=AXIS2_PLACEMENT_3D('',#4733,#3770,#3771);
#3236=AXIS2_PLACEMENT_3D('',#4734,#3772,#3773);
#3237=AXIS2_PLACEMENT_3D('',#4735,#3774,#3775);
#3238=AXIS2_PLACEMENT_3D('',#4737,#3776,#3777);
#3239=AXIS2_PLACEMENT_3D('',#4739,#3778,#3779);
#3240=AXIS2_PLACEMENT_3D('',#4741,#3780,#3781);
#3241=AXIS2_PLACEMENT_3D('',#4743,#3782,#3783);
#3242=AXIS2_PLACEMENT_3D('',#4745,#3784,#3785);
#3243=AXIS2_PLACEMENT_3D('',#4747,#3786,#3787);
#3244=AXIS2_PLACEMENT_3D('',#4749,#3788,#3789);
#3245=AXIS2_PLACEMENT_3D('',#4750,#3790,#3791);
#3246=AXIS2_PLACEMENT_3D('',#4752,#3792,#3793);
#3247=AXIS2_PLACEMENT_3D('',#4754,#3794,#3795);
#3248=AXIS2_PLACEMENT_3D('',#4756,#3796,#3797);
#3249=AXIS2_PLACEMENT_3D('',#4758,#3798,#3799);
#3250=AXIS2_PLACEMENT_3D('',#4760,#3800,#3801);
#3251=AXIS2_PLACEMENT_3D('',#4761,#3802,#3803);
#3252=AXIS2_PLACEMENT_3D('',#4762,#3804,#3805);
#3253=AXIS2_PLACEMENT_3D('',#4766,#3807,#3808);
#3254=AXIS2_PLACEMENT_3D('',#4768,#3810,#3811);
#3255=AXIS2_PLACEMENT_3D('',#4772,#3813,#3814);
#3256=AXIS2_PLACEMENT_3D('',#4774,#3816,#3817);
#3257=AXIS2_PLACEMENT_3D('',#4778,#3819,#3820);
#3258=AXIS2_PLACEMENT_3D('',#4780,#3822,#3823);
#3259=AXIS2_PLACEMENT_3D('',#4784,#3825,#3826);
#3260=AXIS2_PLACEMENT_3D('',#4786,#3828,#3829);
#3261=AXIS2_PLACEMENT_3D('',#4790,#3831,#3832);
#3262=AXIS2_PLACEMENT_3D('',#4792,#3834,#3835);
#3263=AXIS2_PLACEMENT_3D('',#4796,#3837,#3838);
#3264=AXIS2_PLACEMENT_3D('',#4798,#3840,#3841);
#3265=AXIS2_PLACEMENT_3D('',#4802,#3843,#3844);
#3266=AXIS2_PLACEMENT_3D('',#4804,#3846,#3847);
#3267=AXIS2_PLACEMENT_3D('',#4808,#3849,#3850);
#3268=AXIS2_PLACEMENT_3D('',#4810,#3852,#3853);
#3269=AXIS2_PLACEMENT_3D('',#4814,#3855,#3856);
#3270=AXIS2_PLACEMENT_3D('',#4816,#3858,#3859);
#3271=AXIS2_PLACEMENT_3D('',#4820,#3861,#3862);
#3272=AXIS2_PLACEMENT_3D('',#4822,#3864,#3865);
#3273=AXIS2_PLACEMENT_3D('',#4826,#3867,#3868);
#3274=AXIS2_PLACEMENT_3D('',#4828,#3870,#3871);
#3275=AXIS2_PLACEMENT_3D('',#4832,#3873,#3874);
#3276=AXIS2_PLACEMENT_3D('',#4834,#3876,#3877);
#3277=AXIS2_PLACEMENT_3D('',#4838,#3879,#3880);
#3278=AXIS2_PLACEMENT_3D('',#4840,#3882,#3883);
#3279=AXIS2_PLACEMENT_3D('',#4844,#3885,#3886);
#3280=AXIS2_PLACEMENT_3D('',#4846,#3888,#3889);
#3281=AXIS2_PLACEMENT_3D('',#4850,#3891,#3892);
#3282=AXIS2_PLACEMENT_3D('',#4852,#3894,#3895);
#3283=AXIS2_PLACEMENT_3D('',#4855,#3898,#3899);
#3284=AXIS2_PLACEMENT_3D('',#4858,#3902,#3903);
#3285=AXIS2_PLACEMENT_3D('',#4861,#3906,#3907);
#3286=AXIS2_PLACEMENT_3D('',#4864,#3910,#3911);
#3287=AXIS2_PLACEMENT_3D('',#4867,#3914,#3915);
#3288=AXIS2_PLACEMENT_3D('',#4870,#3916,#3917);
#3289=AXIS2_PLACEMENT_3D('',#4873,#3920,#3921);
#3290=AXIS2_PLACEMENT_3D('',#4876,#3922,#3923);
#3291=AXIS2_PLACEMENT_3D('',#4879,#3926,#3927);
#3292=AXIS2_PLACEMENT_3D('',#4882,#3928,#3929);
#3293=AXIS2_PLACEMENT_3D('',#4885,#3932,#3933);
#3294=AXIS2_PLACEMENT_3D('',#4888,#3936,#3937);
#3295=AXIS2_PLACEMENT_3D('',#4889,#3938,#3939);
#3296=AXIS2_PLACEMENT_3D('',#4890,#3940,#3941);
#3297=AXIS2_PLACEMENT_3D('',#4891,#3942,#3943);
#3298=AXIS2_PLACEMENT_3D('',#4892,#3944,#3945);
#3299=AXIS2_PLACEMENT_3D('',#4895,#3948,#3949);
#3300=AXIS2_PLACEMENT_3D('',#4896,#3950,#3951);
#3301=AXIS2_PLACEMENT_3D('',#4897,#3952,#3953);
#3302=AXIS2_PLACEMENT_3D('',#4900,#3956,#3957);
#3303=AXIS2_PLACEMENT_3D('',#4901,#3958,#3959);
#3304=AXIS2_PLACEMENT_3D('',#4902,#3960,#3961);
#3305=AXIS2_PLACEMENT_3D('',#4905,#3964,#3965);
#3306=AXIS2_PLACEMENT_3D('',#4906,#3966,#3967);
#3307=AXIS2_PLACEMENT_3D('',#4907,#3968,#3969);
#3308=AXIS2_PLACEMENT_3D('',#4908,#3970,#3971);
#3309=AXIS2_PLACEMENT_3D('',#4909,#3972,#3973);
#3310=AXIS2_PLACEMENT_3D('',#4912,#3976,#3977);
#3311=AXIS2_PLACEMENT_3D('',#4913,#3978,#3979);
#3312=AXIS2_PLACEMENT_3D('',#4914,#3980,#3981);
#3313=AXIS2_PLACEMENT_3D('',#4917,#3984,#3985);
#3314=AXIS2_PLACEMENT_3D('',#4918,#3986,#3987);
#3315=AXIS2_PLACEMENT_3D('',#4919,#3988,#3989);
#3316=AXIS2_PLACEMENT_3D('',#4922,#3990,#3991);
#3317=AXIS2_PLACEMENT_3D('',#4926,#3993,#3994);
#3318=AXIS2_PLACEMENT_3D('',#4928,#3996,#3997);
#3319=AXIS2_PLACEMENT_3D('',#4931,#3998,#3999);
#3320=AXIS2_PLACEMENT_3D('',#4933,#4000,#4001);
#3321=AXIS2_PLACEMENT_3D('',#4934,#4002,#4003);
#3322=AXIS2_PLACEMENT_3D('',#4935,#4004,#4005);
#3323=AXIS2_PLACEMENT_3D('',#4936,#4006,#4007);
#3324=AXIS2_PLACEMENT_3D('',#4938,#4008,#4009);
#3325=AXIS2_PLACEMENT_3D('',#4940,#4010,#4011);
#3326=AXIS2_PLACEMENT_3D('',#4941,#4012,#4013);
#3327=AXIS2_PLACEMENT_3D('',#4942,#4014,#4015);
#3328=AXIS2_PLACEMENT_3D('',#4944,#4016,#4017);
#3329=AXIS2_PLACEMENT_3D('',#4947,#4019,#4020);
#3330=AXIS2_PLACEMENT_3D('',#4948,#4021,#4022);
#3331=AXIS2_PLACEMENT_3D('',#4950,#4023,#4024);
#3332=AXIS2_PLACEMENT_3D('',#4952,#4025,#4026);
#3333=AXIS2_PLACEMENT_3D('',#4953,#4027,#4028);
#3334=AXIS2_PLACEMENT_3D('',#4954,#4029,#4030);
#3335=AXIS2_PLACEMENT_3D('',#4957,#4032,#4033);
#3336=AXIS2_PLACEMENT_3D('',#4958,#4034,#4035);
#3337=AXIS2_PLACEMENT_3D('',#4960,#4036,#4037);
#3338=AXIS2_PLACEMENT_3D('',#4963,#4039,#4040);
#3339=AXIS2_PLACEMENT_3D('',#4964,#4041,#4042);
#3340=AXIS2_PLACEMENT_3D('',#4966,#4043,#4044);
#3341=AXIS2_PLACEMENT_3D('',#4967,#4045,#4046);
#3342=AXIS2_PLACEMENT_3D('',#4968,#4047,#4048);
#3343=AXIS2_PLACEMENT_3D('',#4970,#4050,#4051);
#3344=AXIS2_PLACEMENT_3D('',#4972,#4052,#4053);
#3345=AXIS2_PLACEMENT_3D('',#4974,#4054,#4055);
#3346=AXIS2_PLACEMENT_3D('',#4976,#4056,#4057);
#3347=AXIS2_PLACEMENT_3D('',#4978,#4058,#4059);
#3348=AXIS2_PLACEMENT_3D('',#4980,#4060,#4061);
#3349=AXIS2_PLACEMENT_3D('',#4982,#4062,#4063);
#3350=AXIS2_PLACEMENT_3D('',#4983,#4064,#4065);
#3351=AXIS2_PLACEMENT_3D('',#4985,#4066,#4067);
#3352=AXIS2_PLACEMENT_3D('',#4987,#4068,#4069);
#3353=AXIS2_PLACEMENT_3D('',#4989,#4070,#4071);
#3354=AXIS2_PLACEMENT_3D('',#4991,#4072,#4073);
#3355=AXIS2_PLACEMENT_3D('',#4993,#4074,#4075);
#3356=AXIS2_PLACEMENT_3D('',#4994,#4076,#4077);
#3357=AXIS2_PLACEMENT_3D('',#4995,#4078,#4079);
#3358=AXIS2_PLACEMENT_3D('',#4997,#4080,#4081);
#3359=AXIS2_PLACEMENT_3D('',#4999,#4082,#4083);
#3360=AXIS2_PLACEMENT_3D('',#5001,#4084,#4085);
#3361=AXIS2_PLACEMENT_3D('',#5003,#4086,#4087);
#3362=AXIS2_PLACEMENT_3D('',#5005,#4088,#4089);
#3363=AXIS2_PLACEMENT_3D('',#5007,#4090,#4091);
#3364=AXIS2_PLACEMENT_3D('',#5009,#4092,#4093);
#3365=AXIS2_PLACEMENT_3D('',#5010,#4094,#4095);
#3366=AXIS2_PLACEMENT_3D('',#5012,#4096,#4097);
#3367=AXIS2_PLACEMENT_3D('',#5014,#4098,#4099);
#3368=AXIS2_PLACEMENT_3D('',#5016,#4100,#4101);
#3369=AXIS2_PLACEMENT_3D('',#5018,#4102,#4103);
#3370=AXIS2_PLACEMENT_3D('',#5020,#4104,#4105);
#3371=AXIS2_PLACEMENT_3D('',#5021,#4106,#4107);
#3372=AXIS2_PLACEMENT_3D('',#5022,#4108,#4109);
#3373=AXIS2_PLACEMENT_3D('',#5026,#4111,#4112);
#3374=AXIS2_PLACEMENT_3D('',#5028,#4114,#4115);
#3375=AXIS2_PLACEMENT_3D('',#5032,#4117,#4118);
#3376=AXIS2_PLACEMENT_3D('',#5034,#4120,#4121);
#3377=AXIS2_PLACEMENT_3D('',#5038,#4123,#4124);
#3378=AXIS2_PLACEMENT_3D('',#5040,#4126,#4127);
#3379=AXIS2_PLACEMENT_3D('',#5044,#4129,#4130);
#3380=AXIS2_PLACEMENT_3D('',#5046,#4132,#4133);
#3381=AXIS2_PLACEMENT_3D('',#5050,#4135,#4136);
#3382=AXIS2_PLACEMENT_3D('',#5052,#4138,#4139);
#3383=AXIS2_PLACEMENT_3D('',#5056,#4141,#4142);
#3384=AXIS2_PLACEMENT_3D('',#5058,#4144,#4145);
#3385=AXIS2_PLACEMENT_3D('',#5062,#4147,#4148);
#3386=AXIS2_PLACEMENT_3D('',#5064,#4150,#4151);
#3387=AXIS2_PLACEMENT_3D('',#5068,#4153,#4154);
#3388=AXIS2_PLACEMENT_3D('',#5070,#4156,#4157);
#3389=AXIS2_PLACEMENT_3D('',#5074,#4159,#4160);
#3390=AXIS2_PLACEMENT_3D('',#5076,#4162,#4163);
#3391=AXIS2_PLACEMENT_3D('',#5080,#4165,#4166);
#3392=AXIS2_PLACEMENT_3D('',#5082,#4168,#4169);
#3393=AXIS2_PLACEMENT_3D('',#5086,#4171,#4172);
#3394=AXIS2_PLACEMENT_3D('',#5088,#4174,#4175);
#3395=AXIS2_PLACEMENT_3D('',#5092,#4177,#4178);
#3396=AXIS2_PLACEMENT_3D('',#5094,#4180,#4181);
#3397=AXIS2_PLACEMENT_3D('',#5098,#4183,#4184);
#3398=AXIS2_PLACEMENT_3D('',#5100,#4186,#4187);
#3399=AXIS2_PLACEMENT_3D('',#5104,#4189,#4190);
#3400=AXIS2_PLACEMENT_3D('',#5106,#4192,#4193);
#3401=AXIS2_PLACEMENT_3D('',#5110,#4195,#4196);
#3402=AXIS2_PLACEMENT_3D('',#5112,#4198,#4199);
#3403=AXIS2_PLACEMENT_3D('',#5115,#4202,#4203);
#3404=AXIS2_PLACEMENT_3D('',#5118,#4206,#4207);
#3405=AXIS2_PLACEMENT_3D('',#5121,#4210,#4211);
#3406=AXIS2_PLACEMENT_3D('',#5124,#4214,#4215);
#3407=AXIS2_PLACEMENT_3D('',#5127,#4218,#4219);
#3408=AXIS2_PLACEMENT_3D('',#5130,#4220,#4221);
#3409=AXIS2_PLACEMENT_3D('',#5133,#4224,#4225);
#3410=AXIS2_PLACEMENT_3D('',#5136,#4226,#4227);
#3411=AXIS2_PLACEMENT_3D('',#5139,#4230,#4231);
#3412=AXIS2_PLACEMENT_3D('',#5142,#4232,#4233);
#3413=AXIS2_PLACEMENT_3D('',#5145,#4236,#4237);
#3414=AXIS2_PLACEMENT_3D('',#5148,#4240,#4241);
#3415=AXIS2_PLACEMENT_3D('',#5149,#4242,#4243);
#3416=AXIS2_PLACEMENT_3D('',#5150,#4244,#4245);
#3417=AXIS2_PLACEMENT_3D('',#5151,#4246,#4247);
#3418=AXIS2_PLACEMENT_3D('',#5152,#4248,#4249);
#3419=AXIS2_PLACEMENT_3D('',#5155,#4252,#4253);
#3420=AXIS2_PLACEMENT_3D('',#5156,#4254,#4255);
#3421=AXIS2_PLACEMENT_3D('',#5157,#4256,#4257);
#3422=AXIS2_PLACEMENT_3D('',#5160,#4260,#4261);
#3423=AXIS2_PLACEMENT_3D('',#5161,#4262,#4263);
#3424=AXIS2_PLACEMENT_3D('',#5162,#4264,#4265);
#3425=AXIS2_PLACEMENT_3D('',#5165,#4268,#4269);
#3426=AXIS2_PLACEMENT_3D('',#5166,#4270,#4271);
#3427=AXIS2_PLACEMENT_3D('',#5167,#4272,#4273);
#3428=AXIS2_PLACEMENT_3D('',#5168,#4274,#4275);
#3429=AXIS2_PLACEMENT_3D('',#5169,#4276,#4277);
#3430=AXIS2_PLACEMENT_3D('',#5172,#4280,#4281);
#3431=AXIS2_PLACEMENT_3D('',#5173,#4282,#4283);
#3432=AXIS2_PLACEMENT_3D('',#5174,#4284,#4285);
#3433=AXIS2_PLACEMENT_3D('',#5177,#4288,#4289);
#3434=AXIS2_PLACEMENT_3D('',#5178,#4290,#4291);
#3435=AXIS2_PLACEMENT_3D('',#5179,#4292,#4293);
#3436=AXIS2_PLACEMENT_3D('',#5180,#4294,#4295);
#3437=AXIS2_PLACEMENT_3D('',#5181,#4296,#4297);
#3438=AXIS2_PLACEMENT_3D('',#5191,#4299,#4300);
#3439=AXIS2_PLACEMENT_3D('',#5202,#4301,#4302);
#3440=AXIS2_PLACEMENT_3D('',#5256,#4304,#4305);
#3441=AXIS2_PLACEMENT_3D('',#5304,#4307,#4308);
#3442=AXIS2_PLACEMENT_3D('',#5323,#4310,#4311);
#3443=AXIS2_PLACEMENT_3D('',#5343,#4312,#4313);
#3444=AXIS2_PLACEMENT_3D('',#5357,#4315,#4316);
#3445=AXIS2_PLACEMENT_3D('',#5367,#4317,#4318);
#3446=AXIS2_PLACEMENT_3D('',#5392,#4320,#4321);
#3447=AXIS2_PLACEMENT_3D('',#5417,#4323,#4324);
#3448=AXIS2_PLACEMENT_3D('',#5428,#4326,#4327);
#3449=AXIS2_PLACEMENT_3D('',#5434,#4328,#4329);
#3450=AXIS2_PLACEMENT_3D('',#5437,#4330,#4331);
#3451=AXIS2_PLACEMENT_3D('',#5441,#4333,#4334);
#3452=AXIS2_PLACEMENT_3D('',#5443,#4336,#4337);
#3453=AXIS2_PLACEMENT_3D('',#5447,#4339,#4340);
#3454=AXIS2_PLACEMENT_3D('',#5451,#4342,#4343);
#3455=AXIS2_PLACEMENT_3D('',#5455,#4345,#4346);
#3456=AXIS2_PLACEMENT_3D('',#5618,#4348,#4349);
#3457=AXIS2_PLACEMENT_3D('',#5622,#4352,#4353);
#3458=AXIS2_PLACEMENT_3D('',#5626,#4355,#4356);
#3459=AXIS2_PLACEMENT_3D('',#5628,#4358,#4359);
#3460=AXIS2_PLACEMENT_3D('',#5632,#4362,#4363);
#3461=AXIS2_PLACEMENT_3D('',#5635,#4365,#4366);
#3462=AXIS2_PLACEMENT_3D('',#5636,#4367,#4368);
#3463=AXIS2_PLACEMENT_3D('',#5640,#4371,#4372);
#3464=AXIS2_PLACEMENT_3D('',#5641,#4373,#4374);
#3465=AXIS2_PLACEMENT_3D('',#5642,#4375,#4376);
#3466=AXIS2_PLACEMENT_3D('',#6123,#4377,#4378);
#3467=AXIS2_PLACEMENT_3D('',#6125,#4379,#4380);
#3468=AXIS2_PLACEMENT_3D('',#6126,#4381,#4382);
#3469=AXIS2_PLACEMENT_3D('',#6127,#4383,#4384);
#3470=AXIS2_PLACEMENT_3D('',#6129,#4385,#4386);
#3471=AXIS2_PLACEMENT_3D('',#6131,#4388,#4389);
#3472=AXIS2_PLACEMENT_3D('',#6133,#4391,#4392);
#3473=AXIS2_PLACEMENT_3D('',#6136,#4393,#4394);
#3474=AXIS2_PLACEMENT_3D('',#6157,#4397,#4398);
#3475=AXIS2_PLACEMENT_3D('',#6161,#4400,#4401);
#3476=AXIS2_PLACEMENT_3D('',#6168,#4405,#4406);
#3477=AXIS2_PLACEMENT_3D('',#6169,#4407,#4408);
#3478=AXIS2_PLACEMENT_3D('',#6173,#4410,#4411);
#3479=AXIS2_PLACEMENT_3D('',#6175,#4413,#4414);
#3480=AXIS2_PLACEMENT_3D('',#6177,#4415,#4416);
#3481=AXIS2_PLACEMENT_3D('',#6196,#4418,#4419);
#3482=AXIS2_PLACEMENT_3D('',#6206,#4425,#4426);
#3483=AXIS2_PLACEMENT_3D('',#6209,#4428,#4429);
#3484=AXIS2_PLACEMENT_3D('',#6210,#4430,#4431);
#3485=AXIS2_PLACEMENT_3D('',#6213,#4432,#4433);
#3486=AXIS2_PLACEMENT_3D('',#6234,#4436,#4437);
#3487=AXIS2_PLACEMENT_3D('',#6238,#4439,#4440);
#3488=AXIS2_PLACEMENT_3D('',#6240,#4442,#4443);
#3489=AXIS2_PLACEMENT_3D('',#6248,#4447,#4448);
#3490=AXIS2_PLACEMENT_3D('',#6251,#4450,#4451);
#3491=AXIS2_PLACEMENT_3D('',#6252,#4452,#4453);
#3492=AXIS2_PLACEMENT_3D('',#6253,#4454,#4455);
#3493=AXIS2_PLACEMENT_3D('',#6270,#4456,#4457);
#3494=AXIS2_PLACEMENT_3D('',#6272,#4458,#4459);
#3495=AXIS2_PLACEMENT_3D('',#6274,#4461,#4462);
#3496=AXIS2_PLACEMENT_3D('',#6276,#4463,#4464);
#3497=AXIS2_PLACEMENT_3D('',#6278,#4466,#4467);
#3498=AXIS2_PLACEMENT_3D('',#6281,#4469,#4470);
#3499=AXIS2_PLACEMENT_3D('',#6282,#4471,#4472);
#3500=AXIS2_PLACEMENT_3D('',#6284,#4473,#4474);
#3501=AXIS2_PLACEMENT_3D('',#6285,#4475,#4476);
#3502=AXIS2_PLACEMENT_3D('',#6287,#4477,#4478);
#3503=AXIS2_PLACEMENT_3D('',#6290,#4480,#4481);
#3504=AXIS2_PLACEMENT_3D('',#6291,#4482,#4483);
#3505=AXIS2_PLACEMENT_3D('',#6294,#4485,#4486);
#3506=AXIS2_PLACEMENT_3D('',#6295,#4487,#4488);
#3507=AXIS2_PLACEMENT_3D('',#6296,#4489,#4490);
#3508=AXIS2_PLACEMENT_3D('',#6300,#4493,#4494);
#3509=AXIS2_PLACEMENT_3D('',#6304,#4497,#4498);
#3510=AXIS2_PLACEMENT_3D('',#6305,#4499,#4500);
#3511=AXIS2_PLACEMENT_3D('',#6306,#4501,#4502);
#3512=AXIS2_PLACEMENT_3D('',#6308,#4504,#4505);
#3513=AXIS2_PLACEMENT_3D('',#6311,#4508,#4509);
#3514=AXIS2_PLACEMENT_3D('',#6314,#4510,#4511);
#3515=AXIS2_PLACEMENT_3D('',#6317,#4514,#4515);
#3516=AXIS2_PLACEMENT_3D('',#6319,#4517,#4518);
#3517=AXIS2_PLACEMENT_3D('',#6321,#4520,#4521);
#3518=AXIS2_PLACEMENT_3D('',#6322,#4522,#4523);
#3519=AXIS2_PLACEMENT_3D('',#6324,#4525,#4526);
#3520=AXIS2_PLACEMENT_3D('',#6325,#4527,#4528);
#3521=AXIS2_PLACEMENT_3D('',#6326,#4529,#4530);
#3522=DIRECTION('axis',(0.,0.,1.));
#3523=DIRECTION('refdir',(1.,0.,0.));
#3524=DIRECTION('axis',(0.,0.,1.));
#3525=DIRECTION('refdir',(1.,0.,0.));
#3526=DIRECTION('axis',(0.,0.,1.));
#3527=DIRECTION('refdir',(1.,0.,0.));
#3528=DIRECTION('axis',(0.,0.,1.));
#3529=DIRECTION('refdir',(1.,0.,0.));
#3530=DIRECTION('center_axis',(0.,-1.22464679914735E-16,1.));
#3531=DIRECTION('ref_axis',(0.,-1.,-1.11022302462516E-16));
#3532=DIRECTION('center_axis',(0.,-1.22464679914735E-16,1.));
#3533=DIRECTION('ref_axis',(0.,-1.,-1.22464679914735E-16));
#3534=DIRECTION('center_axis',(-1.,-1.22464679914735E-16,-1.49975978266186E-32));
#3535=DIRECTION('ref_axis',(-1.22464679914735E-16,1.,1.38777878078145E-16));
#3536=DIRECTION('center_axis',(0.,-1.22464679914735E-16,1.));
#3537=DIRECTION('ref_axis',(0.,-1.,-1.22464679914735E-16));
#3538=DIRECTION('center_axis',(0.,-1.22464679914735E-16,1.));
#3539=DIRECTION('ref_axis',(0.,-1.,-1.22464679914735E-16));
#3540=DIRECTION('center_axis',(0.,-1.22464679914735E-16,1.));
#3541=DIRECTION('ref_axis',(0.,-1.,-1.22464679914735E-16));
#3542=DIRECTION('',(0.,1.22464679914735E-16,-1.));
#3543=DIRECTION('center_axis',(0.,-1.22464679914735E-16,1.));
#3544=DIRECTION('ref_axis',(0.,-1.,-1.11022302462516E-16));
#3545=DIRECTION('center_axis',(0.,-1.22464679914735E-16,1.));
#3546=DIRECTION('ref_axis',(0.,-1.,-1.22464679914735E-16));
#3547=DIRECTION('center_axis',(-1.,-1.22464679914735E-16,-1.49975978266186E-32));
#3548=DIRECTION('ref_axis',(-1.22464679914735E-16,1.,1.38777878078145E-16));
#3549=DIRECTION('center_axis',(0.,-1.22464679914735E-16,1.));
#3550=DIRECTION('ref_axis',(0.,-1.,-1.22464679914735E-16));
#3551=DIRECTION('center_axis',(0.,-1.22464679914735E-16,1.));
#3552=DIRECTION('ref_axis',(0.,-1.,-1.22464679914735E-16));
#3553=DIRECTION('',(0.,-1.22464679914735E-16,1.));
#3554=DIRECTION('center_axis',(0.,-1.22464679914735E-16,1.));
#3555=DIRECTION('ref_axis',(0.,-1.,-1.22464679914735E-16));
#3556=DIRECTION('center_axis',(0.,-1.22464679914735E-16,1.));
#3557=DIRECTION('ref_axis',(0.,-1.,-1.24656620308789E-16));
#3558=DIRECTION('center_axis',(0.,-1.22464679914735E-16,1.));
#3559=DIRECTION('ref_axis',(0.,-1.,-1.22464679914735E-16));
#3560=DIRECTION('center_axis',(1.,1.22464679914735E-16,1.49975978266186E-32));
#3561=DIRECTION('ref_axis',(-1.22464679914735E-16,1.,1.1686558153949E-16));
#3562=DIRECTION('center_axis',(0.,-1.22464679914735E-16,1.));
#3563=DIRECTION('ref_axis',(0.,-1.,-1.22464679914735E-16));
#3564=DIRECTION('center_axis',(0.,-1.22464679914735E-16,1.));
#3565=DIRECTION('ref_axis',(0.,-1.,-1.22464679914735E-16));
#3566=DIRECTION('',(-1.2060416625019E-16,0.984807753012209,0.173648177666923));
#3567=DIRECTION('center_axis',(0.,-1.22464679914735E-16,1.));
#3568=DIRECTION('ref_axis',(0.,-1.,-1.22464679914735E-16));
#3569=DIRECTION('center_axis',(0.,-1.22464679914735E-16,1.));
#3570=DIRECTION('ref_axis',(0.,-1.,-1.22464679914735E-16));
#3571=DIRECTION('',(0.,-1.22464679914735E-16,1.));
#3572=DIRECTION('center_axis',(0.,-1.22464679914735E-16,1.));
#3573=DIRECTION('ref_axis',(0.,-1.,-1.22464679914735E-16));
#3574=DIRECTION('center_axis',(0.,-1.22464679914735E-16,1.));
#3575=DIRECTION('ref_axis',(0.,-1.,-1.22464679914735E-16));
#3576=DIRECTION('center_axis',(1.,1.22464679914735E-16,1.49975978266186E-32));
#3577=DIRECTION('ref_axis',(-1.22464679914735E-16,1.,1.22464679914735E-16));
#3578=DIRECTION('center_axis',(0.,-1.22464679914735E-16,1.));
#3579=DIRECTION('ref_axis',(0.,-1.,-1.22464679914735E-16));
#3580=DIRECTION('center_axis',(0.,-1.22464679914735E-16,1.));
#3581=DIRECTION('ref_axis',(0.,-1.,-1.22464679914735E-16));
#3582=DIRECTION('center_axis',(0.,-1.22464679914735E-16,1.));
#3583=DIRECTION('ref_axis',(0.,-1.,-1.22464679914735E-16));
#3584=DIRECTION('',(0.,-1.22464679914735E-16,1.));
#3585=DIRECTION('center_axis',(0.,1.22464679914735E-16,-1.));
#3586=DIRECTION('ref_axis',(0.,1.,1.22464679914735E-16));
#3587=DIRECTION('',(-1.2060416625019E-16,-0.984807753012209,-0.173648177666926));
#3588=DIRECTION('center_axis',(0.,-1.22464679914735E-16,1.));
#3589=DIRECTION('ref_axis',(0.,-1.,-1.22464679914735E-16));
#3590=DIRECTION('center_axis',(0.,-1.22464679914735E-16,1.));
#3591=DIRECTION('ref_axis',(0.,-1.,-1.22464679914735E-16));
#3592=DIRECTION('center_axis',(0.,-1.22464679914735E-16,1.));
#3593=DIRECTION('ref_axis',(0.,-1.,-1.2465662030879E-16));
#3594=DIRECTION('center_axis',(0.,-1.22464679914735E-16,1.));
#3595=DIRECTION('ref_axis',(0.,-1.,-1.22464679914735E-16));
#3596=DIRECTION('center_axis',(1.,1.22464679914735E-16,1.49975978266186E-32));
#3597=DIRECTION('ref_axis',(-1.22464679914735E-16,1.,1.1686558153949E-16));
#3598=DIRECTION('center_axis',(0.,-1.22464679914735E-16,1.));
#3599=DIRECTION('ref_axis',(0.,-1.,-1.22464679914735E-16));
#3600=DIRECTION('center_axis',(0.,-1.22464679914735E-16,1.));
#3601=DIRECTION('ref_axis',(0.,-1.,-1.22464679914735E-16));
#3602=DIRECTION('',(0.,-1.22464679914735E-16,1.));
#3603=DIRECTION('center_axis',(0.,-1.22464679914735E-16,1.));
#3604=DIRECTION('ref_axis',(0.,-1.,-1.22464679914735E-16));
#3605=DIRECTION('center_axis',(0.,1.22464679914735E-16,-1.));
#3606=DIRECTION('ref_axis',(0.,1.,1.22464679914735E-16));
#3607=DIRECTION('center_axis',(0.,-1.22464679914735E-16,1.));
#3608=DIRECTION('ref_axis',(0.,-1.,-1.22464679914735E-16));
#3609=DIRECTION('center_axis',(0.,-1.22464679914735E-16,1.));
#3610=DIRECTION('ref_axis',(0.,-1.,-1.22464679914735E-16));
#3611=DIRECTION('center_axis',(1.,1.22464679914735E-16,1.49975978266186E-32));
#3612=DIRECTION('ref_axis',(-1.22464679914735E-16,1.,1.22464679914735E-16));
#3613=DIRECTION('center_axis',(0.,-1.22464679914735E-16,1.));
#3614=DIRECTION('ref_axis',(0.,-1.,-1.22464679914735E-16));
#3615=DIRECTION('center_axis',(0.,1.22464679914735E-16,-1.));
#3616=DIRECTION('ref_axis',(0.,1.,1.22464679914735E-16));
#3617=DIRECTION('center_axis',(0.,1.22464679914735E-16,-1.));
#3618=DIRECTION('ref_axis',(0.,1.,1.22464679914735E-16));
#3619=DIRECTION('center_axis',(0.,1.22464679914735E-16,-1.));
#3620=DIRECTION('ref_axis',(0.,1.,1.22464679914735E-16));
#3621=DIRECTION('',(8.65956056235489E-17,0.707106781186544,0.707106781186551));
#3622=DIRECTION('center_axis',(0.,-1.22464679914735E-16,1.));
#3623=DIRECTION('ref_axis',(0.,1.,1.22464679914735E-16));
#3624=DIRECTION('center_axis',(0.,-1.22464679914735E-16,1.));
#3625=DIRECTION('ref_axis',(0.,-1.,-1.22464679914735E-16));
#3626=DIRECTION('center_axis',(0.,-1.22464679914735E-16,1.));
#3627=DIRECTION('ref_axis',(0.,1.,1.22464679914735E-16));
#3628=DIRECTION('',(-8.65956056235498E-17,0.707106781186552,0.707106781186543));
#3629=DIRECTION('center_axis',(0.,1.22464679914735E-16,-1.));
#3630=DIRECTION('ref_axis',(0.,1.,1.22464679914735E-16));
#3631=DIRECTION('center_axis',(0.,-1.22464679914735E-16,1.));
#3632=DIRECTION('ref_axis',(0.,-1.,-1.22464679914735E-16));
#3633=DIRECTION('center_axis',(0.,-1.22464679914735E-16,1.));
#3634=DIRECTION('ref_axis',(0.,-1.,-1.22464679914735E-16));
#3635=DIRECTION('',(8.65956056235493E-17,-0.707106781186547,-0.707106781186548));
#3636=DIRECTION('center_axis',(0.,1.22464679914735E-16,-1.));
#3637=DIRECTION('ref_axis',(0.,-1.,-1.22464679914735E-16));
#3638=DIRECTION('center_axis',(0.,1.22464679914735E-16,-1.));
#3639=DIRECTION('ref_axis',(0.,1.,1.22464679914735E-16));
#3640=DIRECTION('center_axis',(0.,1.22464679914735E-16,-1.));
#3641=DIRECTION('ref_axis',(0.,-1.,-1.22464679914735E-16));
#3642=DIRECTION('center_axis',(0.,1.22464679914735E-16,-1.));
#3643=DIRECTION('ref_axis',(0.,-1.,-1.22464679914735E-16));
#3644=DIRECTION('',(-8.65956056235492E-17,-0.707106781186546,-0.707106781186549));
#3645=DIRECTION('center_axis',(0.,-1.22464679914735E-16,1.));
#3646=DIRECTION('ref_axis',(0.,-1.,-1.22464679914735E-16));
#3647=DIRECTION('center_axis',(0.,-1.22464679914735E-16,1.));
#3648=DIRECTION('ref_axis',(0.,-1.,-1.22464679914735E-16));
#3649=DIRECTION('',(0.,1.22464679914735E-16,-1.));
#3650=DIRECTION('center_axis',(0.,-1.22464679914735E-16,1.));
#3651=DIRECTION('ref_axis',(0.,-1.,-1.22464679914735E-16));
#3652=DIRECTION('',(0.,1.22464679914735E-16,-1.));
#3653=DIRECTION('center_axis',(0.,-1.22464679914735E-16,1.));
#3654=DIRECTION('ref_axis',(0.,-1.,-1.22464679914735E-16));
#3655=DIRECTION('',(0.,-1.22464679914735E-16,1.));
#3656=DIRECTION('center_axis',(0.,1.22464679914735E-16,-1.));
#3657=DIRECTION('ref_axis',(0.,1.,1.22464679914735E-16));
#3658=DIRECTION('center_axis',(0.,-1.22464679914735E-16,1.));
#3659=DIRECTION('ref_axis',(0.,-1.,-1.22464679914735E-16));
#3660=DIRECTION('center_axis',(-1.,0.,-6.12323399573677E-17));
#3661=DIRECTION('ref_axis',(0.,0.,-1.));
#3662=DIRECTION('center_axis',(0.,1.,0.));
#3663=DIRECTION('ref_axis',(0.,0.,1.));
#3664=DIRECTION('center_axis',(-0.499999999999998,-0.86602540378444,-6.12323399573677E-17));
#3665=DIRECTION('ref_axis',(0.,0.,-1.));
#3666=DIRECTION('center_axis',(-0.86602540378444,0.499999999999998,0.));
#3667=DIRECTION('ref_axis',(0.,0.,1.));
#3668=DIRECTION('center_axis',(0.500000000000004,-0.866025403784436,-3.01602675755313E-16));
#3669=DIRECTION('ref_axis',(0.,2.8421709430404E-16,-1.));
#3670=DIRECTION('center_axis',(-0.866025403784436,-0.500000000000004,-1.77635683940026E-16));
#3671=DIRECTION('ref_axis',(0.,-3.5527136788005E-16,1.));
#3672=DIRECTION('center_axis',(1.,0.,-6.12323399573677E-17));
#3673=DIRECTION('ref_axis',(0.,0.,-1.));
#3674=DIRECTION('center_axis',(0.,-1.,0.));
#3675=DIRECTION('ref_axis',(0.,0.,1.));
#3676=DIRECTION('center_axis',(0.499999999999992,0.866025403784443,1.79137995840579E-16));
#3677=DIRECTION('ref_axis',(0.,2.8421709430404E-16,-1.));
#3678=DIRECTION('center_axis',(0.866025403784443,-0.499999999999992,-1.77635683940022E-16));
#3679=DIRECTION('ref_axis',(0.,-3.5527136788005E-16,1.));
#3680=DIRECTION('center_axis',(-0.50000000000001,0.866025403784433,-6.12323399573676E-17));
#3681=DIRECTION('ref_axis',(0.,0.,-1.));
#3682=DIRECTION('center_axis',(0.866025403784433,0.50000000000001,0.));
#3683=DIRECTION('ref_axis',(0.,0.,1.));
#3684=DIRECTION('center_axis',(0.,-2.44929359829471E-16,-1.));
#3685=DIRECTION('ref_axis',(0.,-1.,2.44929359829471E-16));
#3686=DIRECTION('center_axis',(0.,-1.22464679914735E-16,-1.));
#3687=DIRECTION('ref_axis',(0.,-1.,1.22464679914735E-16));
#3688=DIRECTION('',(0.,-2.44929359829471E-16,-1.));
#3689=DIRECTION('center_axis',(0.,-1.22464679914735E-16,-1.));
#3690=DIRECTION('ref_axis',(0.,1.,-1.22464679914735E-16));
#3691=DIRECTION('',(0.,-2.44929359829471E-16,-1.));
#3692=DIRECTION('center_axis',(0.,1.22464679914735E-16,1.));
#3693=DIRECTION('ref_axis',(0.,1.,-1.03266249787812E-16));
#3694=DIRECTION('center_axis',(0.,1.22464679914735E-16,1.));
#3695=DIRECTION('ref_axis',(0.,-1.,1.22464679914735E-16));
#3696=DIRECTION('center_axis',(0.,1.22464679914735E-16,1.));
#3697=DIRECTION('ref_axis',(0.,-1.,1.22464679914735E-16));
#3698=DIRECTION('center_axis',(-1.,-1.22464679914735E-16,1.49975978266186E-32));
#3699=DIRECTION('ref_axis',(1.22464679914735E-16,-1.,1.29082812234765E-16));
#3700=DIRECTION('center_axis',(0.,1.22464679914735E-16,1.));
#3701=DIRECTION('ref_axis',(0.,-1.,1.22464679914735E-16));
#3702=DIRECTION('center_axis',(0.,1.22464679914735E-16,1.));
#3703=DIRECTION('ref_axis',(0.,1.,-1.30800116203452E-16));
#3704=DIRECTION('center_axis',(0.,-1.22464679914735E-16,-1.));
#3705=DIRECTION('ref_axis',(0.,-1.,1.22464679914735E-16));
#3706=DIRECTION('center_axis',(1.,1.22464679914735E-16,-1.49975978266186E-32));
#3707=DIRECTION('ref_axis',(1.22464679914735E-16,-1.,1.27166779642245E-16));
#3708=DIRECTION('center_axis',(0.,1.22464679914735E-16,1.));
#3709=DIRECTION('ref_axis',(0.,1.,-1.22464679914735E-16));
#3710=DIRECTION('center_axis',(0.,1.22464679914735E-16,1.));
#3711=DIRECTION('ref_axis',(0.,1.,-1.22464679914735E-16));
#3712=DIRECTION('center_axis',(0.,1.22464679914735E-16,1.));
#3713=DIRECTION('ref_axis',(0.,-1.,1.22464679914735E-16));
#3714=DIRECTION('',(1.20013833413116E-16,-0.979987319582054,0.199059924290104));
#3715=DIRECTION('center_axis',(0.,1.22464679914735E-16,1.));
#3716=DIRECTION('ref_axis',(0.,-1.,1.22464679914735E-16));
#3717=DIRECTION('center_axis',(0.,-1.22464679914735E-16,-1.));
#3718=DIRECTION('ref_axis',(0.,-1.,9.72813165060378E-17));
#3719=DIRECTION('center_axis',(0.,1.22464679914735E-16,1.));
#3720=DIRECTION('ref_axis',(0.,-1.,1.22464679914735E-16));
#3721=DIRECTION('center_axis',(-1.,1.22464679914735E-16,-1.49975978266186E-32));
#3722=DIRECTION('ref_axis',(1.22464679914735E-16,1.,-1.21601645632547E-16));
#3723=DIRECTION('center_axis',(0.,1.22464679914735E-16,1.));
#3724=DIRECTION('ref_axis',(0.,-1.,1.22464679914735E-16));
#3725=DIRECTION('center_axis',(0.,-1.22464679914735E-16,-1.));
#3726=DIRECTION('ref_axis',(0.,-1.,1.22464679914735E-16));
#3727=DIRECTION('',(0.,1.22464679914735E-16,1.));
#3728=DIRECTION('center_axis',(0.,1.22464679914735E-16,1.));
#3729=DIRECTION('ref_axis',(0.,-1.,1.22464679914735E-16));
#3730=DIRECTION('center_axis',(0.,-1.22464679914735E-16,-1.));
#3731=DIRECTION('ref_axis',(0.,-1.,1.22464679914735E-16));
#3732=DIRECTION('center_axis',(0.,1.22464679914735E-16,1.));
#3733=DIRECTION('ref_axis',(0.,-1.,1.22464679914735E-16));
#3734=DIRECTION('',(0.,-1.22464679914735E-16,-1.));
#3735=DIRECTION('center_axis',(0.,1.22464679914735E-16,1.));
#3736=DIRECTION('ref_axis',(0.,-1.,1.22464679914735E-16));
#3737=DIRECTION('center_axis',(0.,-1.22464679914735E-16,-1.));
#3738=DIRECTION('ref_axis',(0.,-1.,9.60192886162298E-17));
#3739=DIRECTION('center_axis',(1.,-1.22464679914735E-16,1.49975978266186E-32));
#3740=DIRECTION('ref_axis',(1.22464679914735E-16,1.,-1.20024110770287E-16));
#3741=DIRECTION('center_axis',(0.,1.22464679914735E-16,1.));
#3742=DIRECTION('ref_axis',(0.,-1.,1.22464679914735E-16));
#3743=DIRECTION('center_axis',(0.,1.22464679914735E-16,1.));
#3744=DIRECTION('ref_axis',(0.,1.,-1.22464679914735E-16));
#3745=DIRECTION('',(-1.20013833413116E-16,0.979987319582053,-0.199059924290105));
#3746=DIRECTION('center_axis',(0.,-1.22464679914735E-16,-1.));
#3747=DIRECTION('ref_axis',(0.,-1.,1.25715275258333E-16));
#3748=DIRECTION('center_axis',(-1.,1.22464679914735E-16,-1.49975978266186E-32));
#3749=DIRECTION('ref_axis',(1.22464679914735E-16,1.,-1.17858070554688E-16));
#3750=DIRECTION('center_axis',(0.,1.22464679914735E-16,1.));
#3751=DIRECTION('ref_axis',(0.,-1.,1.22464679914735E-16));
#3752=DIRECTION('center_axis',(0.,1.22464679914735E-16,1.));
#3753=DIRECTION('ref_axis',(0.,-1.,1.22464679914735E-16));
#3754=DIRECTION('center_axis',(0.,-1.22464679914735E-16,-1.));
#3755=DIRECTION('ref_axis',(0.,-1.,1.22464679914735E-16));
#3756=DIRECTION('center_axis',(0.,1.22464679914735E-16,1.));
#3757=DIRECTION('ref_axis',(0.,-1.,1.22464679914735E-16));
#3758=DIRECTION('center_axis',(0.,-1.22464679914735E-16,-1.));
#3759=DIRECTION('ref_axis',(3.28626015289046E-14,-1.,1.22464679914735E-16));
#3760=DIRECTION('center_axis',(0.,1.22464679914735E-16,1.));
#3761=DIRECTION('ref_axis',(0.,-1.,1.22464679914735E-16));
#3762=DIRECTION('center_axis',(0.,1.22464679914735E-16,1.));
#3763=DIRECTION('ref_axis',(0.,-1.,1.22464679914735E-16));
#3764=DIRECTION('center_axis',(0.,-1.22464679914735E-16,-1.));
#3765=DIRECTION('ref_axis',(0.,-1.,1.22464679914735E-16));
#3766=DIRECTION('center_axis',(0.,1.22464679914735E-16,1.));
#3767=DIRECTION('ref_axis',(0.,-1.,1.22464679914735E-16));
#3768=DIRECTION('center_axis',(0.,-1.22464679914735E-16,-1.));
#3769=DIRECTION('ref_axis',(2.66453525910038E-14,-1.,1.22464679914735E-16));
#3770=DIRECTION('center_axis',(0.,1.22464679914735E-16,1.));
#3771=DIRECTION('ref_axis',(0.,-1.,1.22464679914735E-16));
#3772=DIRECTION('center_axis',(0.,1.22464679914735E-16,1.));
#3773=DIRECTION('ref_axis',(0.,-1.,1.22464679914735E-16));
#3774=DIRECTION('center_axis',(0.,-1.22464679914735E-16,-1.));
#3775=DIRECTION('ref_axis',(0.,-1.,1.24656620308789E-16));
#3776=DIRECTION('center_axis',(0.,1.22464679914735E-16,1.));
#3777=DIRECTION('ref_axis',(0.,-1.,1.22464679914735E-16));
#3778=DIRECTION('center_axis',(0.,-1.22464679914735E-16,-1.));
#3779=DIRECTION('ref_axis',(0.,1.,-1.22464679914735E-16));
#3780=DIRECTION('center_axis',(0.,1.22464679914735E-16,1.));
#3781=DIRECTION('ref_axis',(0.,-1.,1.22464679914735E-16));
#3782=DIRECTION('center_axis',(0.,-1.22464679914735E-16,-1.));
#3783=DIRECTION('ref_axis',(0.,1.,-1.22464679914735E-16));
#3784=DIRECTION('center_axis',(0.,1.22464679914735E-16,1.));
#3785=DIRECTION('ref_axis',(0.,-1.,1.22464679914735E-16));
#3786=DIRECTION('center_axis',(0.,1.22464679914735E-16,1.));
#3787=DIRECTION('ref_axis',(0.,-1.,1.22464679914735E-16));
#3788=DIRECTION('center_axis',(1.,-1.22464679914735E-16,1.49975978266186E-32));
#3789=DIRECTION('ref_axis',(1.22464679914735E-16,1.,-1.1686558153949E-16));
#3790=DIRECTION('center_axis',(0.,1.22464679914735E-16,1.));
#3791=DIRECTION('ref_axis',(0.,-1.,1.22464679914735E-16));
#3792=DIRECTION('center_axis',(0.,1.22464679914735E-16,1.));
#3793=DIRECTION('ref_axis',(0.,-1.,1.22464679914735E-16));
#3794=DIRECTION('center_axis',(0.,1.22464679914735E-16,1.));
#3795=DIRECTION('ref_axis',(0.,-1.,1.22464679914735E-16));
#3796=DIRECTION('center_axis',(0.,-1.22464679914735E-16,-1.));
#3797=DIRECTION('ref_axis',(0.,1.,-1.22464679914735E-16));
#3798=DIRECTION('center_axis',(0.,1.22464679914735E-16,1.));
#3799=DIRECTION('ref_axis',(0.,-1.,1.22464679914735E-16));
#3800=DIRECTION('center_axis',(0.,-1.22464679914735E-16,-1.));
#3801=DIRECTION('ref_axis',(0.,1.,-1.22464679914735E-16));
#3802=DIRECTION('center_axis',(0.,1.22464679914735E-16,1.));
#3803=DIRECTION('ref_axis',(0.,-1.,1.22464679914735E-16));
#3804=DIRECTION('center_axis',(0.,-1.22464679914735E-16,-1.));
#3805=DIRECTION('ref_axis',(0.,-1.,1.22464679914735E-16));
#3806=DIRECTION('',(1.06057523872491E-16,-1.83697019872102E-16,-1.));
#3807=DIRECTION('center_axis',(0.,1.22464679914735E-16,1.));
#3808=DIRECTION('ref_axis',(0.,-1.,1.22464679914735E-16));
#3809=DIRECTION('',(1.0605752387249E-16,-6.12323399573664E-17,-1.));
#3810=DIRECTION('center_axis',(0.,-1.22464679914735E-16,-1.));
#3811=DIRECTION('ref_axis',(0.,-1.,1.22464679914735E-16));
#3812=DIRECTION('',(0.,-2.44929359829471E-16,-1.));
#3813=DIRECTION('center_axis',(0.,1.22464679914735E-16,1.));
#3814=DIRECTION('ref_axis',(0.,-1.,1.22464679914735E-16));
#3815=DIRECTION('',(1.06057523872491E-16,-1.83697019872102E-16,-1.));
#3816=DIRECTION('center_axis',(0.,-1.22464679914735E-16,-1.));
#3817=DIRECTION('ref_axis',(0.,-1.,1.22464679914735E-16));
#3818=DIRECTION('',(-1.0605752387249E-16,-1.83697019872103E-16,-1.));
#3819=DIRECTION('center_axis',(0.,1.22464679914735E-16,1.));
#3820=DIRECTION('ref_axis',(0.,-1.,1.22464679914735E-16));
#3821=DIRECTION('',(0.,-2.44929359829471E-16,-1.));
#3822=DIRECTION('center_axis',(0.,-1.22464679914735E-16,-1.));
#3823=DIRECTION('ref_axis',(0.,-1.,1.22464679914735E-16));
#3824=DIRECTION('',(-1.06057523872491E-16,-6.12323399573679E-17,-1.));
#3825=DIRECTION('center_axis',(0.,1.22464679914735E-16,1.));
#3826=DIRECTION('ref_axis',(0.,-1.,1.22464679914735E-16));
#3827=DIRECTION('',(-1.0605752387249E-16,-1.83697019872103E-16,-1.));
#3828=DIRECTION('center_axis',(0.,-1.22464679914735E-16,-1.));
#3829=DIRECTION('ref_axis',(0.,-1.,1.22464679914735E-16));
#3830=DIRECTION('',(0.,0.,-1.));
#3831=DIRECTION('center_axis',(0.,1.22464679914735E-16,1.));
#3832=DIRECTION('ref_axis',(0.,-1.,1.22464679914735E-16));
#3833=DIRECTION('',(-1.06057523872491E-16,-6.12323399573679E-17,-1.));
#3834=DIRECTION('center_axis',(0.,1.22464679914735E-16,1.));
#3835=DIRECTION('ref_axis',(0.,1.,-1.22464679914735E-16));
#3836=DIRECTION('',(-0.866025403784443,0.499999999999992,-1.83697019872102E-16));
#3837=DIRECTION('center_axis',(0.,1.22464679914735E-16,1.));
#3838=DIRECTION('ref_axis',(0.,-1.,1.22464679914735E-16));
#3839=DIRECTION('',(0.866025403784433,0.50000000000001,6.12323399573664E-17));
#3840=DIRECTION('center_axis',(0.,1.22464679914735E-16,1.));
#3841=DIRECTION('ref_axis',(0.,1.,-1.22464679914735E-16));
#3842=DIRECTION('',(0.,1.,-2.44929359829471E-16));
#3843=DIRECTION('center_axis',(0.,1.22464679914735E-16,1.));
#3844=DIRECTION('ref_axis',(0.,-1.,1.22464679914735E-16));
#3845=DIRECTION('',(0.866025403784443,-0.499999999999992,1.83697019872102E-16));
#3846=DIRECTION('center_axis',(0.,1.22464679914735E-16,1.));
#3847=DIRECTION('ref_axis',(0.,1.,-1.22464679914735E-16));
#3848=DIRECTION('',(0.866025403784436,0.500000000000004,-1.83697019872104E-16));
#3849=DIRECTION('center_axis',(0.,1.22464679914735E-16,1.));
#3850=DIRECTION('ref_axis',(0.,-1.,1.22464679914735E-16));
#3851=DIRECTION('',(0.,-1.,2.44929359829471E-16));
#3852=DIRECTION('center_axis',(0.,1.22464679914735E-16,1.));
#3853=DIRECTION('ref_axis',(0.,1.,-1.22464679914735E-16));
#3854=DIRECTION('',(0.86602540378444,-0.499999999999998,-6.12323399573679E-17));
#3855=DIRECTION('center_axis',(0.,1.22464679914735E-16,1.));
#3856=DIRECTION('ref_axis',(0.,-1.,1.22464679914735E-16));
#3857=DIRECTION('',(-0.866025403784436,-0.500000000000004,1.83697019872104E-16));
#3858=DIRECTION('center_axis',(0.,1.22464679914735E-16,1.));
#3859=DIRECTION('ref_axis',(0.,1.,-1.22464679914735E-16));
#3860=DIRECTION('',(0.,-1.,0.));
#3861=DIRECTION('center_axis',(0.,1.22464679914735E-16,1.));
#3862=DIRECTION('ref_axis',(0.,-1.,1.22464679914735E-16));
#3863=DIRECTION('',(-0.86602540378444,0.499999999999998,6.12323399573679E-17));
#3864=DIRECTION('center_axis',(0.,-1.22464679914735E-16,-1.));
#3865=DIRECTION('ref_axis',(0.,-1.,1.22464679914735E-16));
#3866=DIRECTION('',(1.06057523872491E-16,-1.83697019872102E-16,-1.));
#3867=DIRECTION('center_axis',(0.,1.22464679914735E-16,1.));
#3868=DIRECTION('ref_axis',(0.,-1.,1.22464679914735E-16));
#3869=DIRECTION('',(1.0605752387249E-16,-6.12323399573664E-17,-1.));
#3870=DIRECTION('center_axis',(0.,-1.22464679914735E-16,-1.));
#3871=DIRECTION('ref_axis',(0.,-1.,1.22464679914735E-16));
#3872=DIRECTION('',(0.,-2.44929359829471E-16,-1.));
#3873=DIRECTION('center_axis',(0.,1.22464679914735E-16,1.));
#3874=DIRECTION('ref_axis',(0.,-1.,1.22464679914735E-16));
#3875=DIRECTION('',(1.06057523872491E-16,-1.83697019872102E-16,-1.));
#3876=DIRECTION('center_axis',(0.,-1.22464679914735E-16,-1.));
#3877=DIRECTION('ref_axis',(0.,-1.,1.22464679914735E-16));
#3878=DIRECTION('',(-1.0605752387249E-16,-1.83697019872103E-16,-1.));
#3879=DIRECTION('center_axis',(0.,1.22464679914735E-16,1.));
#3880=DIRECTION('ref_axis',(0.,-1.,1.22464679914735E-16));
#3881=DIRECTION('',(0.,-2.44929359829471E-16,-1.));
#3882=DIRECTION('center_axis',(0.,-1.22464679914735E-16,-1.));
#3883=DIRECTION('ref_axis',(0.,-1.,1.22464679914735E-16));
#3884=DIRECTION('',(-1.06057523872491E-16,-6.12323399573679E-17,-1.));
#3885=DIRECTION('center_axis',(0.,1.22464679914735E-16,1.));
#3886=DIRECTION('ref_axis',(0.,-1.,1.22464679914735E-16));
#3887=DIRECTION('',(-1.0605752387249E-16,-1.83697019872103E-16,-1.));
#3888=DIRECTION('center_axis',(0.,-1.22464679914735E-16,-1.));
#3889=DIRECTION('ref_axis',(0.,-1.,1.22464679914735E-16));
#3890=DIRECTION('',(0.,0.,-1.));
#3891=DIRECTION('center_axis',(0.,1.22464679914735E-16,1.));
#3892=DIRECTION('ref_axis',(0.,-1.,1.22464679914735E-16));
#3893=DIRECTION('',(-1.06057523872491E-16,-6.12323399573679E-17,-1.));
#3894=DIRECTION('center_axis',(0.,-1.22464679914735E-16,-1.));
#3895=DIRECTION('ref_axis',(0.,-1.,1.22464679914735E-16));
#3896=DIRECTION('',(0.866025403784443,-0.499999999999992,6.12323399573667E-17));
#3897=DIRECTION('',(-0.866025403784433,-0.50000000000001,6.12323399573689E-17));
#3898=DIRECTION('center_axis',(0.,-1.22464679914735E-16,-1.));
#3899=DIRECTION('ref_axis',(0.,-1.,1.22464679914735E-16));
#3900=DIRECTION('',(0.,-1.,1.22464679914735E-16));
#3901=DIRECTION('',(-0.866025403784443,0.499999999999992,-6.12323399573667E-17));
#3902=DIRECTION('center_axis',(0.,-1.22464679914735E-16,-1.));
#3903=DIRECTION('ref_axis',(0.,-1.,1.22464679914735E-16));
#3904=DIRECTION('',(-0.866025403784436,-0.500000000000004,6.12323399573682E-17));
#3905=DIRECTION('',(0.,1.,-1.22464679914735E-16));
#3906=DIRECTION('center_axis',(0.,-1.22464679914735E-16,-1.));
#3907=DIRECTION('ref_axis',(0.,-1.,1.22464679914735E-16));
#3908=DIRECTION('',(-0.86602540378444,0.499999999999998,-6.12323399573674E-17));
#3909=DIRECTION('',(0.866025403784436,0.500000000000004,-6.12323399573682E-17));
#3910=DIRECTION('center_axis',(0.,-1.22464679914735E-16,-1.));
#3911=DIRECTION('ref_axis',(0.,-1.,1.22464679914735E-16));
#3912=DIRECTION('',(0.,1.,-1.22464679914735E-16));
#3913=DIRECTION('',(0.86602540378444,-0.499999999999998,6.12323399573674E-17));
#3914=DIRECTION('center_axis',(0.,-1.22464679914735E-16,-1.));
#3915=DIRECTION('ref_axis',(0.,-1.,1.22464679914735E-16));
#3916=DIRECTION('center_axis',(0.,1.22464679914735E-16,1.));
#3917=DIRECTION('ref_axis',(0.,-1.,1.22464679914735E-16));
#3918=DIRECTION('',(0.,0.,-1.));
#3919=DIRECTION('',(1.0605752387249E-16,-6.12323399573664E-17,-1.));
#3920=DIRECTION('center_axis',(0.,1.22464679914735E-16,1.));
#3921=DIRECTION('ref_axis',(0.,1.,-1.22464679914735E-16));
#3922=DIRECTION('center_axis',(0.,1.22464679914735E-16,1.));
#3923=DIRECTION('ref_axis',(0.,-1.,1.22464679914735E-16));
#3924=DIRECTION('',(0.,1.,0.));
#3925=DIRECTION('',(-0.866025403784433,-0.50000000000001,-6.12323399573664E-17));
#3926=DIRECTION('center_axis',(0.,-1.22464679914735E-16,-1.));
#3927=DIRECTION('ref_axis',(0.,-1.,1.22464679914735E-16));
#3928=DIRECTION('center_axis',(0.,1.22464679914735E-16,1.));
#3929=DIRECTION('ref_axis',(0.,-1.,1.22464679914735E-16));
#3930=DIRECTION('',(0.,0.,-1.));
#3931=DIRECTION('',(1.0605752387249E-16,-6.12323399573664E-17,-1.));
#3932=DIRECTION('center_axis',(0.,-1.22464679914735E-16,-1.));
#3933=DIRECTION('ref_axis',(0.,-1.,1.22464679914735E-16));
#3934=DIRECTION('',(0.,-1.,1.22464679914735E-16));
#3935=DIRECTION('',(0.866025403784433,0.50000000000001,-6.12323399573689E-17));
#3936=DIRECTION('center_axis',(0.,1.22464679914735E-16,1.));
#3937=DIRECTION('ref_axis',(0.,1.,-1.22464679914735E-16));
#3938=DIRECTION('center_axis',(0.,-1.22464679914735E-16,-1.));
#3939=DIRECTION('ref_axis',(0.,-1.,1.22464679914735E-16));
#3940=DIRECTION('center_axis',(0.,-1.22464679914735E-16,-1.));
#3941=DIRECTION('ref_axis',(0.,-1.,1.22464679914735E-16));
#3942=DIRECTION('center_axis',(0.,-1.22464679914735E-16,-1.));
#3943=DIRECTION('ref_axis',(0.,-1.,1.22464679914735E-16));
#3944=DIRECTION('center_axis',(0.,0.,-1.));
#3945=DIRECTION('ref_axis',(1.,0.,0.));
#3946=DIRECTION('',(0.,0.,-1.));
#3947=DIRECTION('',(0.,0.,-1.));
#3948=DIRECTION('center_axis',(1.,0.,0.));
#3949=DIRECTION('ref_axis',(0.,0.,1.));
#3950=DIRECTION('center_axis',(-1.,0.,0.));
#3951=DIRECTION('ref_axis',(0.,0.,-1.));
#3952=DIRECTION('center_axis',(-1.06057523872491E-16,-6.12323399573679E-17,
-1.));
#3953=DIRECTION('ref_axis',(1.,1.0930766155629E-33,-1.06057523872491E-16));
#3954=DIRECTION('',(-1.06057523872491E-16,-6.12323399573679E-17,-1.));
#3955=DIRECTION('',(-1.06057523872491E-16,-6.12323399573679E-17,-1.));
#3956=DIRECTION('center_axis',(0.499999999999998,0.86602540378444,-1.06057523872491E-16));
#3957=DIRECTION('ref_axis',(-0.86602540378444,0.499999999999998,0.));
#3958=DIRECTION('center_axis',(-0.499999999999998,-0.86602540378444,1.06057523872491E-16));
#3959=DIRECTION('ref_axis',(0.86602540378444,-0.499999999999998,-6.16297582203916E-33));
#3960=DIRECTION('center_axis',(-1.0605752387249E-16,-1.83697019872103E-16,
-1.));
#3961=DIRECTION('ref_axis',(-2.29742836635477E-34,-1.,1.83697019872103E-16));
#3962=DIRECTION('',(-1.0605752387249E-16,-1.83697019872103E-16,-1.));
#3963=DIRECTION('',(-1.0605752387249E-16,-1.83697019872103E-16,-1.));
#3964=DIRECTION('center_axis',(-0.500000000000004,0.866025403784436,-1.0605752387249E-16));
#3965=DIRECTION('ref_axis',(-0.866025403784436,-0.500000000000004,0.));
#3966=DIRECTION('center_axis',(0.500000000000004,-0.866025403784436,1.0605752387249E-16));
#3967=DIRECTION('ref_axis',(0.866025403784436,0.500000000000004,0.));
#3968=DIRECTION('center_axis',(-1.,0.,0.));
#3969=DIRECTION('ref_axis',(0.,0.,-1.));
#3970=DIRECTION('center_axis',(1.,0.,0.));
#3971=DIRECTION('ref_axis',(0.,0.,1.));
#3972=DIRECTION('center_axis',(1.06057523872491E-16,-1.83697019872102E-16,
-1.));
#3973=DIRECTION('ref_axis',(2.29742836635636E-34,-1.,1.83697019872102E-16));
#3974=DIRECTION('',(1.06057523872491E-16,-1.83697019872102E-16,-1.));
#3975=DIRECTION('',(1.06057523872491E-16,-1.83697019872102E-16,-1.));
#3976=DIRECTION('center_axis',(-0.499999999999992,-0.866025403784443,1.06057523872491E-16));
#3977=DIRECTION('ref_axis',(0.866025403784443,-0.499999999999992,-6.16297582203915E-33));
#3978=DIRECTION('center_axis',(0.499999999999992,0.866025403784443,-1.06057523872491E-16));
#3979=DIRECTION('ref_axis',(-0.866025403784443,0.499999999999992,0.));
#3980=DIRECTION('center_axis',(1.0605752387249E-16,-6.12323399573664E-17,
-1.));
#3981=DIRECTION('ref_axis',(1.,-1.09307661556293E-33,1.0605752387249E-16));
#3982=DIRECTION('',(1.0605752387249E-16,-6.12323399573664E-17,-1.));
#3983=DIRECTION('',(1.0605752387249E-16,-6.12323399573664E-17,-1.));
#3984=DIRECTION('center_axis',(0.50000000000001,-0.866025403784433,1.0605752387249E-16));
#3985=DIRECTION('ref_axis',(0.866025403784433,0.50000000000001,0.));
#3986=DIRECTION('center_axis',(-0.50000000000001,0.866025403784433,-1.0605752387249E-16));
#3987=DIRECTION('ref_axis',(-0.866025403784433,-0.50000000000001,0.));
#3988=DIRECTION('center_axis',(0.,-2.44929359829471E-16,1.));
#3989=DIRECTION('ref_axis',(0.,-1.,-2.44929359829471E-16));
#3990=DIRECTION('center_axis',(0.,1.22464679914735E-16,-1.));
#3991=DIRECTION('ref_axis',(3.64153152077051E-14,-1.,-1.22464679914735E-16));
#3992=DIRECTION('',(0.,-2.44929359829471E-16,1.));
#3993=DIRECTION('center_axis',(0.,1.22464679914735E-16,-1.));
#3994=DIRECTION('ref_axis',(0.,1.,1.22464679914735E-16));
#3995=DIRECTION('',(0.,-2.44929359829471E-16,1.));
#3996=DIRECTION('center_axis',(0.,1.22464679914735E-16,-1.));
#3997=DIRECTION('ref_axis',(0.,1.,1.03266249787812E-16));
#3998=DIRECTION('center_axis',(0.,-1.22464679914735E-16,1.));
#3999=DIRECTION('ref_axis',(0.,-1.,-1.22464679914735E-16));
#4000=DIRECTION('center_axis',(1.,-1.22464679914735E-16,-1.49975978266186E-32));
#4001=DIRECTION('ref_axis',(-1.22464679914735E-16,-1.,-1.29082812234765E-16));
#4002=DIRECTION('center_axis',(0.,-1.22464679914735E-16,1.));
#4003=DIRECTION('ref_axis',(0.,-1.,-1.22464679914735E-16));
#4004=DIRECTION('center_axis',(0.,-1.22464679914735E-16,1.));
#4005=DIRECTION('ref_axis',(0.,-1.,-1.22464679914735E-16));
#4006=DIRECTION('center_axis',(0.,1.22464679914735E-16,-1.));
#4007=DIRECTION('ref_axis',(0.,1.,1.30800116203452E-16));
#4008=DIRECTION('center_axis',(0.,1.22464679914735E-16,-1.));
#4009=DIRECTION('ref_axis',(0.,-1.,-1.22464679914735E-16));
#4010=DIRECTION('center_axis',(-1.,1.22464679914735E-16,1.49975978266186E-32));
#4011=DIRECTION('ref_axis',(-1.22464679914735E-16,-1.,-1.27166779642245E-16));
#4012=DIRECTION('center_axis',(0.,-1.22464679914735E-16,1.));
#4013=DIRECTION('ref_axis',(0.,1.,1.22464679914735E-16));
#4014=DIRECTION('center_axis',(0.,1.22464679914735E-16,-1.));
#4015=DIRECTION('ref_axis',(0.,1.,1.22464679914735E-16));
#4016=DIRECTION('center_axis',(0.,-1.22464679914735E-16,1.));
#4017=DIRECTION('ref_axis',(0.,-1.,-1.22464679914735E-16));
#4018=DIRECTION('',(-1.20013833413116E-16,-0.979987319582054,-0.199059924290104));
#4019=DIRECTION('center_axis',(0.,-1.22464679914735E-16,1.));
#4020=DIRECTION('ref_axis',(0.,-1.,-1.22464679914735E-16));
#4021=DIRECTION('center_axis',(0.,-1.22464679914735E-16,1.));
#4022=DIRECTION('ref_axis',(0.,-1.,-9.72813165060378E-17));
#4023=DIRECTION('center_axis',(0.,-1.22464679914735E-16,1.));
#4024=DIRECTION('ref_axis',(0.,-1.,-1.22464679914735E-16));
#4025=DIRECTION('center_axis',(1.,1.22464679914735E-16,1.49975978266186E-32));
#4026=DIRECTION('ref_axis',(-1.22464679914735E-16,1.,1.21601645632547E-16));
#4027=DIRECTION('center_axis',(0.,-1.22464679914735E-16,1.));
#4028=DIRECTION('ref_axis',(0.,-1.,-1.22464679914735E-16));
#4029=DIRECTION('center_axis',(0.,-1.22464679914735E-16,1.));
#4030=DIRECTION('ref_axis',(0.,-1.,-1.22464679914735E-16));
#4031=DIRECTION('',(0.,1.22464679914735E-16,-1.));
#4032=DIRECTION('center_axis',(0.,-1.22464679914735E-16,1.));
#4033=DIRECTION('ref_axis',(0.,-1.,-1.22464679914735E-16));
#4034=DIRECTION('center_axis',(0.,-1.22464679914735E-16,1.));
#4035=DIRECTION('ref_axis',(0.,-1.,-1.22464679914735E-16));
#4036=DIRECTION('center_axis',(0.,-1.22464679914735E-16,1.));
#4037=DIRECTION('ref_axis',(0.,-1.,-1.22464679914735E-16));
#4038=DIRECTION('',(0.,-1.22464679914735E-16,1.));
#4039=DIRECTION('center_axis',(0.,-1.22464679914735E-16,1.));
#4040=DIRECTION('ref_axis',(0.,-1.,-1.22464679914735E-16));
#4041=DIRECTION('center_axis',(0.,-1.22464679914735E-16,1.));
#4042=DIRECTION('ref_axis',(0.,-1.,-9.60192886162298E-17));
#4043=DIRECTION('center_axis',(-1.,-1.22464679914735E-16,-1.49975978266186E-32));
#4044=DIRECTION('ref_axis',(-1.22464679914735E-16,1.,1.20024110770287E-16));
#4045=DIRECTION('center_axis',(0.,-1.22464679914735E-16,1.));
#4046=DIRECTION('ref_axis',(0.,-1.,-1.22464679914735E-16));
#4047=DIRECTION('center_axis',(0.,1.22464679914735E-16,-1.));
#4048=DIRECTION('ref_axis',(0.,1.,1.22464679914735E-16));
#4049=DIRECTION('',(1.20013833413116E-16,0.979987319582053,0.199059924290105));
#4050=DIRECTION('center_axis',(0.,-1.22464679914735E-16,1.));
#4051=DIRECTION('ref_axis',(0.,-1.,-1.25715275258333E-16));
#4052=DIRECTION('center_axis',(1.,1.22464679914735E-16,1.49975978266186E-32));
#4053=DIRECTION('ref_axis',(-1.22464679914735E-16,1.,1.17858070554688E-16));
#4054=DIRECTION('center_axis',(0.,-1.22464679914735E-16,1.));
#4055=DIRECTION('ref_axis',(0.,-1.,-1.22464679914735E-16));
#4056=DIRECTION('center_axis',(0.,-1.22464679914735E-16,1.));
#4057=DIRECTION('ref_axis',(0.,-1.,-1.22464679914735E-16));
#4058=DIRECTION('center_axis',(0.,1.22464679914735E-16,-1.));
#4059=DIRECTION('ref_axis',(2.66453525910038E-14,-1.,-1.22464679914735E-16));
#4060=DIRECTION('center_axis',(0.,-1.22464679914735E-16,1.));
#4061=DIRECTION('ref_axis',(0.,-1.,-1.22464679914735E-16));
#4062=DIRECTION('center_axis',(0.,1.22464679914735E-16,-1.));
#4063=DIRECTION('ref_axis',(0.,-1.,-1.22464679914735E-16));
#4064=DIRECTION('center_axis',(0.,-1.22464679914735E-16,1.));
#4065=DIRECTION('ref_axis',(0.,-1.,-1.22464679914735E-16));
#4066=DIRECTION('center_axis',(0.,-1.22464679914735E-16,1.));
#4067=DIRECTION('ref_axis',(0.,-1.,-1.22464679914735E-16));
#4068=DIRECTION('center_axis',(0.,1.22464679914735E-16,-1.));
#4069=DIRECTION('ref_axis',(3.28626015289046E-14,-1.,-1.22464679914735E-16));
#4070=DIRECTION('center_axis',(0.,-1.22464679914735E-16,1.));
#4071=DIRECTION('ref_axis',(0.,-1.,-1.22464679914735E-16));
#4072=DIRECTION('center_axis',(0.,1.22464679914735E-16,-1.));
#4073=DIRECTION('ref_axis',(0.,-1.,-1.22464679914735E-16));
#4074=DIRECTION('center_axis',(0.,-1.22464679914735E-16,1.));
#4075=DIRECTION('ref_axis',(0.,-1.,-1.22464679914735E-16));
#4076=DIRECTION('center_axis',(0.,-1.22464679914735E-16,1.));
#4077=DIRECTION('ref_axis',(0.,-1.,-1.22464679914735E-16));
#4078=DIRECTION('center_axis',(0.,-1.22464679914735E-16,1.));
#4079=DIRECTION('ref_axis',(0.,-1.,-1.24656620308789E-16));
#4080=DIRECTION('center_axis',(0.,-1.22464679914735E-16,1.));
#4081=DIRECTION('ref_axis',(0.,-1.,-1.22464679914735E-16));
#4082=DIRECTION('center_axis',(0.,1.22464679914735E-16,-1.));
#4083=DIRECTION('ref_axis',(0.,1.,1.22464679914735E-16));
#4084=DIRECTION('center_axis',(0.,-1.22464679914735E-16,1.));
#4085=DIRECTION('ref_axis',(0.,-1.,-1.22464679914735E-16));
#4086=DIRECTION('center_axis',(0.,1.22464679914735E-16,-1.));
#4087=DIRECTION('ref_axis',(0.,1.,1.22464679914735E-16));
#4088=DIRECTION('center_axis',(0.,-1.22464679914735E-16,1.));
#4089=DIRECTION('ref_axis',(0.,-1.,-1.22464679914735E-16));
#4090=DIRECTION('center_axis',(0.,-1.22464679914735E-16,1.));
#4091=DIRECTION('ref_axis',(0.,-1.,-1.22464679914735E-16));
#4092=DIRECTION('center_axis',(-1.,-1.22464679914735E-16,-1.49975978266186E-32));
#4093=DIRECTION('ref_axis',(-1.22464679914735E-16,1.,1.1686558153949E-16));
#4094=DIRECTION('center_axis',(0.,-1.22464679914735E-16,1.));
#4095=DIRECTION('ref_axis',(0.,-1.,-1.22464679914735E-16));
#4096=DIRECTION('center_axis',(0.,-1.22464679914735E-16,1.));
#4097=DIRECTION('ref_axis',(0.,-1.,-1.22464679914735E-16));
#4098=DIRECTION('center_axis',(0.,-1.22464679914735E-16,1.));
#4099=DIRECTION('ref_axis',(0.,-1.,-1.22464679914735E-16));
#4100=DIRECTION('center_axis',(0.,1.22464679914735E-16,-1.));
#4101=DIRECTION('ref_axis',(0.,1.,1.22464679914735E-16));
#4102=DIRECTION('center_axis',(0.,-1.22464679914735E-16,1.));
#4103=DIRECTION('ref_axis',(0.,-1.,-1.22464679914735E-16));
#4104=DIRECTION('center_axis',(0.,1.22464679914735E-16,-1.));
#4105=DIRECTION('ref_axis',(0.,1.,1.22464679914735E-16));
#4106=DIRECTION('center_axis',(0.,-1.22464679914735E-16,1.));
#4107=DIRECTION('ref_axis',(0.,-1.,-1.22464679914735E-16));
#4108=DIRECTION('center_axis',(0.,-1.22464679914735E-16,1.));
#4109=DIRECTION('ref_axis',(0.,-1.,-1.22464679914735E-16));
#4110=DIRECTION('',(1.0605752387249E-16,-6.12323399573664E-17,1.));
#4111=DIRECTION('center_axis',(0.,-1.22464679914735E-16,1.));
#4112=DIRECTION('ref_axis',(0.,-1.,-1.22464679914735E-16));
#4113=DIRECTION('',(1.06057523872491E-16,-1.83697019872102E-16,1.));
#4114=DIRECTION('center_axis',(0.,-1.22464679914735E-16,1.));
#4115=DIRECTION('ref_axis',(0.,-1.,-1.22464679914735E-16));
#4116=DIRECTION('',(1.06057523872491E-16,-1.83697019872102E-16,1.));
#4117=DIRECTION('center_axis',(0.,-1.22464679914735E-16,1.));
#4118=DIRECTION('ref_axis',(0.,-1.,-1.22464679914735E-16));
#4119=DIRECTION('',(0.,-2.44929359829471E-16,1.));
#4120=DIRECTION('center_axis',(0.,-1.22464679914735E-16,1.));
#4121=DIRECTION('ref_axis',(0.,-1.,-1.22464679914735E-16));
#4122=DIRECTION('',(0.,-2.44929359829471E-16,1.));
#4123=DIRECTION('center_axis',(0.,-1.22464679914735E-16,1.));
#4124=DIRECTION('ref_axis',(0.,-1.,-1.22464679914735E-16));
#4125=DIRECTION('',(-1.0605752387249E-16,-1.83697019872103E-16,1.));
#4126=DIRECTION('center_axis',(0.,-1.22464679914735E-16,1.));
#4127=DIRECTION('ref_axis',(0.,-1.,-1.22464679914735E-16));
#4128=DIRECTION('',(-1.0605752387249E-16,-1.83697019872103E-16,1.));
#4129=DIRECTION('center_axis',(0.,-1.22464679914735E-16,1.));
#4130=DIRECTION('ref_axis',(0.,-1.,-1.22464679914735E-16));
#4131=DIRECTION('',(-1.06057523872491E-16,-6.12323399573679E-17,1.));
#4132=DIRECTION('center_axis',(0.,-1.22464679914735E-16,1.));
#4133=DIRECTION('ref_axis',(0.,-1.,-1.22464679914735E-16));
#4134=DIRECTION('',(-1.06057523872491E-16,-6.12323399573679E-17,1.));
#4135=DIRECTION('center_axis',(0.,-1.22464679914735E-16,1.));
#4136=DIRECTION('ref_axis',(0.,-1.,-1.22464679914735E-16));
#4137=DIRECTION('',(0.,0.,1.));
#4138=DIRECTION('center_axis',(0.,1.22464679914735E-16,-1.));
#4139=DIRECTION('ref_axis',(0.,1.,1.22464679914735E-16));
#4140=DIRECTION('',(0.866025403784433,0.50000000000001,-6.12323399573664E-17));
#4141=DIRECTION('center_axis',(0.,-1.22464679914735E-16,1.));
#4142=DIRECTION('ref_axis',(0.,-1.,-1.22464679914735E-16));
#4143=DIRECTION('',(-0.866025403784443,0.499999999999992,1.83697019872102E-16));
#4144=DIRECTION('center_axis',(0.,1.22464679914735E-16,-1.));
#4145=DIRECTION('ref_axis',(0.,1.,1.22464679914735E-16));
#4146=DIRECTION('',(0.866025403784443,-0.499999999999992,-1.83697019872102E-16));
#4147=DIRECTION('center_axis',(0.,-1.22464679914735E-16,1.));
#4148=DIRECTION('ref_axis',(0.,-1.,-1.22464679914735E-16));
#4149=DIRECTION('',(0.,1.,2.44929359829471E-16));
#4150=DIRECTION('center_axis',(0.,1.22464679914735E-16,-1.));
#4151=DIRECTION('ref_axis',(0.,1.,1.22464679914735E-16));
#4152=DIRECTION('',(0.,-1.,-2.44929359829471E-16));
#4153=DIRECTION('center_axis',(0.,-1.22464679914735E-16,1.));
#4154=DIRECTION('ref_axis',(0.,-1.,-1.22464679914735E-16));
#4155=DIRECTION('',(0.866025403784436,0.500000000000004,1.83697019872104E-16));
#4156=DIRECTION('center_axis',(0.,1.22464679914735E-16,-1.));
#4157=DIRECTION('ref_axis',(0.,1.,1.22464679914735E-16));
#4158=DIRECTION('',(-0.866025403784436,-0.500000000000004,-1.83697019872104E-16));
#4159=DIRECTION('center_axis',(0.,-1.22464679914735E-16,1.));
#4160=DIRECTION('ref_axis',(0.,-1.,-1.22464679914735E-16));
#4161=DIRECTION('',(0.86602540378444,-0.499999999999998,6.12323399573679E-17));
#4162=DIRECTION('center_axis',(0.,1.22464679914735E-16,-1.));
#4163=DIRECTION('ref_axis',(0.,1.,1.22464679914735E-16));
#4164=DIRECTION('',(-0.86602540378444,0.499999999999998,-6.12323399573679E-17));
#4165=DIRECTION('center_axis',(0.,-1.22464679914735E-16,1.));
#4166=DIRECTION('ref_axis',(0.,-1.,-1.22464679914735E-16));
#4167=DIRECTION('',(0.,-1.,0.));
#4168=DIRECTION('center_axis',(0.,-1.22464679914735E-16,1.));
#4169=DIRECTION('ref_axis',(0.,-1.,-1.22464679914735E-16));
#4170=DIRECTION('',(1.0605752387249E-16,-6.12323399573664E-17,1.));
#4171=DIRECTION('center_axis',(0.,-1.22464679914735E-16,1.));
#4172=DIRECTION('ref_axis',(0.,-1.,-1.22464679914735E-16));
#4173=DIRECTION('',(1.06057523872491E-16,-1.83697019872102E-16,1.));
#4174=DIRECTION('center_axis',(0.,-1.22464679914735E-16,1.));
#4175=DIRECTION('ref_axis',(0.,-1.,-1.22464679914735E-16));
#4176=DIRECTION('',(1.06057523872491E-16,-1.83697019872102E-16,1.));
#4177=DIRECTION('center_axis',(0.,-1.22464679914735E-16,1.));
#4178=DIRECTION('ref_axis',(0.,-1.,-1.22464679914735E-16));
#4179=DIRECTION('',(0.,-2.44929359829471E-16,1.));
#4180=DIRECTION('center_axis',(0.,-1.22464679914735E-16,1.));
#4181=DIRECTION('ref_axis',(0.,-1.,-1.22464679914735E-16));
#4182=DIRECTION('',(0.,-2.44929359829471E-16,1.));
#4183=DIRECTION('center_axis',(0.,-1.22464679914735E-16,1.));
#4184=DIRECTION('ref_axis',(0.,-1.,-1.22464679914735E-16));
#4185=DIRECTION('',(-1.0605752387249E-16,-1.83697019872103E-16,1.));
#4186=DIRECTION('center_axis',(0.,-1.22464679914735E-16,1.));
#4187=DIRECTION('ref_axis',(0.,-1.,-1.22464679914735E-16));
#4188=DIRECTION('',(-1.0605752387249E-16,-1.83697019872103E-16,1.));
#4189=DIRECTION('center_axis',(0.,-1.22464679914735E-16,1.));
#4190=DIRECTION('ref_axis',(0.,-1.,-1.22464679914735E-16));
#4191=DIRECTION('',(-1.06057523872491E-16,-6.12323399573679E-17,1.));
#4192=DIRECTION('center_axis',(0.,-1.22464679914735E-16,1.));
#4193=DIRECTION('ref_axis',(0.,-1.,-1.22464679914735E-16));
#4194=DIRECTION('',(-1.06057523872491E-16,-6.12323399573679E-17,1.));
#4195=DIRECTION('center_axis',(0.,-1.22464679914735E-16,1.));
#4196=DIRECTION('ref_axis',(0.,-1.,-1.22464679914735E-16));
#4197=DIRECTION('',(0.,0.,1.));
#4198=DIRECTION('center_axis',(0.,-1.22464679914735E-16,1.));
#4199=DIRECTION('ref_axis',(0.,-1.,-1.22464679914735E-16));
#4200=DIRECTION('',(-0.866025403784433,-0.50000000000001,-6.12323399573689E-17));
#4201=DIRECTION('',(0.866025403784443,-0.499999999999992,-6.12323399573667E-17));
#4202=DIRECTION('center_axis',(0.,-1.22464679914735E-16,1.));
#4203=DIRECTION('ref_axis',(0.,-1.,-1.22464679914735E-16));
#4204=DIRECTION('',(-0.866025403784443,0.499999999999992,6.12323399573667E-17));
#4205=DIRECTION('',(0.,-1.,-1.22464679914735E-16));
#4206=DIRECTION('center_axis',(0.,-1.22464679914735E-16,1.));
#4207=DIRECTION('ref_axis',(0.,-1.,-1.22464679914735E-16));
#4208=DIRECTION('',(0.,1.,1.22464679914735E-16));
#4209=DIRECTION('',(-0.866025403784436,-0.500000000000004,-6.12323399573682E-17));
#4210=DIRECTION('center_axis',(0.,-1.22464679914735E-16,1.));
#4211=DIRECTION('ref_axis',(0.,-1.,-1.22464679914735E-16));
#4212=DIRECTION('',(0.866025403784436,0.500000000000004,6.12323399573682E-17));
#4213=DIRECTION('',(-0.86602540378444,0.499999999999998,6.12323399573674E-17));
#4214=DIRECTION('center_axis',(0.,-1.22464679914735E-16,1.));
#4215=DIRECTION('ref_axis',(0.,-1.,-1.22464679914735E-16));
#4216=DIRECTION('',(0.86602540378444,-0.499999999999998,-6.12323399573674E-17));
#4217=DIRECTION('',(0.,1.,1.22464679914735E-16));
#4218=DIRECTION('center_axis',(0.,-1.22464679914735E-16,1.));
#4219=DIRECTION('ref_axis',(0.,-1.,-1.22464679914735E-16));
#4220=DIRECTION('center_axis',(0.,-1.22464679914735E-16,1.));
#4221=DIRECTION('ref_axis',(0.,-1.,-1.22464679914735E-16));
#4222=DIRECTION('',(1.0605752387249E-16,-6.12323399573664E-17,1.));
#4223=DIRECTION('',(0.,0.,1.));
#4224=DIRECTION('center_axis',(0.,1.22464679914735E-16,-1.));
#4225=DIRECTION('ref_axis',(0.,1.,1.22464679914735E-16));
#4226=DIRECTION('center_axis',(0.,-1.22464679914735E-16,1.));
#4227=DIRECTION('ref_axis',(0.,-1.,-1.22464679914735E-16));
#4228=DIRECTION('',(-0.866025403784433,-0.50000000000001,6.12323399573664E-17));
#4229=DIRECTION('',(0.,1.,0.));
#4230=DIRECTION('center_axis',(0.,-1.22464679914735E-16,1.));
#4231=DIRECTION('ref_axis',(0.,-1.,-1.22464679914735E-16));
#4232=DIRECTION('center_axis',(0.,-1.22464679914735E-16,1.));
#4233=DIRECTION('ref_axis',(0.,-1.,-1.22464679914735E-16));
#4234=DIRECTION('',(1.0605752387249E-16,-6.12323399573664E-17,1.));
#4235=DIRECTION('',(0.,0.,1.));
#4236=DIRECTION('center_axis',(0.,-1.22464679914735E-16,1.));
#4237=DIRECTION('ref_axis',(0.,-1.,-1.22464679914735E-16));
#4238=DIRECTION('',(0.866025403784433,0.50000000000001,6.12323399573689E-17));
#4239=DIRECTION('',(0.,-1.,-1.22464679914735E-16));
#4240=DIRECTION('center_axis',(0.,1.22464679914735E-16,-1.));
#4241=DIRECTION('ref_axis',(0.,1.,1.22464679914735E-16));
#4242=DIRECTION('center_axis',(0.,-1.22464679914735E-16,1.));
#4243=DIRECTION('ref_axis',(0.,-1.,-1.22464679914735E-16));
#4244=DIRECTION('center_axis',(0.,-1.22464679914735E-16,1.));
#4245=DIRECTION('ref_axis',(0.,-1.,-1.22464679914735E-16));
#4246=DIRECTION('center_axis',(0.,-1.22464679914735E-16,1.));
#4247=DIRECTION('ref_axis',(0.,-1.,-1.22464679914735E-16));
#4248=DIRECTION('center_axis',(0.,0.,1.));
#4249=DIRECTION('ref_axis',(1.,0.,0.));
#4250=DIRECTION('',(0.,0.,1.));
#4251=DIRECTION('',(0.,0.,1.));
#4252=DIRECTION('center_axis',(1.,0.,0.));
#4253=DIRECTION('ref_axis',(0.,0.,-1.));
#4254=DIRECTION('center_axis',(-1.,0.,0.));
#4255=DIRECTION('ref_axis',(0.,0.,1.));
#4256=DIRECTION('center_axis',(-1.06057523872491E-16,-6.12323399573679E-17,
1.));
#4257=DIRECTION('ref_axis',(1.,1.0930766155629E-33,1.06057523872491E-16));
#4258=DIRECTION('',(-1.06057523872491E-16,-6.12323399573679E-17,1.));
#4259=DIRECTION('',(-1.06057523872491E-16,-6.12323399573679E-17,1.));
#4260=DIRECTION('center_axis',(0.499999999999998,0.86602540378444,1.06057523872491E-16));
#4261=DIRECTION('ref_axis',(-0.86602540378444,0.499999999999998,0.));
#4262=DIRECTION('center_axis',(-0.499999999999998,-0.86602540378444,-1.06057523872491E-16));
#4263=DIRECTION('ref_axis',(0.86602540378444,-0.499999999999998,6.16297582203916E-33));
#4264=DIRECTION('center_axis',(-1.0605752387249E-16,-1.83697019872103E-16,
1.));
#4265=DIRECTION('ref_axis',(-2.29742836635477E-34,-1.,-1.83697019872103E-16));
#4266=DIRECTION('',(-1.0605752387249E-16,-1.83697019872103E-16,1.));
#4267=DIRECTION('',(-1.0605752387249E-16,-1.83697019872103E-16,1.));
#4268=DIRECTION('center_axis',(-0.500000000000004,0.866025403784436,1.0605752387249E-16));
#4269=DIRECTION('ref_axis',(-0.866025403784436,-0.500000000000004,0.));
#4270=DIRECTION('center_axis',(0.500000000000004,-0.866025403784436,-1.0605752387249E-16));
#4271=DIRECTION('ref_axis',(0.866025403784436,0.500000000000004,0.));
#4272=DIRECTION('center_axis',(-1.,0.,0.));
#4273=DIRECTION('ref_axis',(0.,0.,1.));
#4274=DIRECTION('center_axis',(1.,0.,0.));
#4275=DIRECTION('ref_axis',(0.,0.,-1.));
#4276=DIRECTION('center_axis',(1.06057523872491E-16,-1.83697019872102E-16,
1.));
#4277=DIRECTION('ref_axis',(2.29742836635636E-34,-1.,-1.83697019872102E-16));
#4278=DIRECTION('',(1.06057523872491E-16,-1.83697019872102E-16,1.));
#4279=DIRECTION('',(1.06057523872491E-16,-1.83697019872102E-16,1.));
#4280=DIRECTION('center_axis',(-0.499999999999992,-0.866025403784443,-1.06057523872491E-16));
#4281=DIRECTION('ref_axis',(0.866025403784443,-0.499999999999992,6.16297582203915E-33));
#4282=DIRECTION('center_axis',(0.499999999999992,0.866025403784443,1.06057523872491E-16));
#4283=DIRECTION('ref_axis',(-0.866025403784443,0.499999999999992,0.));
#4284=DIRECTION('center_axis',(1.0605752387249E-16,-6.12323399573664E-17,
1.));
#4285=DIRECTION('ref_axis',(1.,-1.09307661556293E-33,-1.0605752387249E-16));
#4286=DIRECTION('',(1.0605752387249E-16,-6.12323399573664E-17,1.));
#4287=DIRECTION('',(1.0605752387249E-16,-6.12323399573664E-17,1.));
#4288=DIRECTION('center_axis',(0.50000000000001,-0.866025403784433,-1.0605752387249E-16));
#4289=DIRECTION('ref_axis',(0.866025403784433,0.50000000000001,0.));
#4290=DIRECTION('center_axis',(-0.50000000000001,0.866025403784433,1.0605752387249E-16));
#4291=DIRECTION('ref_axis',(-0.866025403784433,-0.50000000000001,0.));
#4292=DIRECTION('',(-1.71056941445901E-49,0.,1.));
#4293=DIRECTION('',(1.,-1.71056941445901E-49,0.));
#4294=DIRECTION('',(-1.71056941445901E-49,0.,1.));
#4295=DIRECTION('',(1.,-1.71056941445901E-49,0.));
#4296=DIRECTION('center_axis',(0.,-1.,0.));
#4297=DIRECTION('ref_axis',(0.348545931937199,0.,0.93729170130223));
#4298=DIRECTION('',(0.,-1.,0.));
#4299=DIRECTION('center_axis',(0.,1.,0.));
#4300=DIRECTION('ref_axis',(-1.,0.,0.));
#4301=DIRECTION('center_axis',(0.,-1.,0.));
#4302=DIRECTION('ref_axis',(-1.,0.,0.));
#4303=DIRECTION('',(0.,-1.,0.));
#4304=DIRECTION('center_axis',(0.,-1.,0.));
#4305=DIRECTION('ref_axis',(-1.,0.,0.));
#4306=DIRECTION('',(0.,-1.,0.));
#4307=DIRECTION('center_axis',(0.,-1.,0.));
#4308=DIRECTION('ref_axis',(-0.937410750106142,0.,-0.348225624538804));
#4309=DIRECTION('',(0.,-1.,0.));
#4310=DIRECTION('center_axis',(0.,-1.,0.));
#4311=DIRECTION('ref_axis',(-1.,0.,0.));
#4312=DIRECTION('center_axis',(0.,-1.,0.));
#4313=DIRECTION('ref_axis',(-0.793172067850131,0.,0.608997595054651));
#4314=DIRECTION('',(-1.22464679914735E-16,-1.,-1.49975978266186E-32));
#4315=DIRECTION('center_axis',(0.,1.,0.));
#4316=DIRECTION('ref_axis',(-1.,0.,0.));
#4317=DIRECTION('center_axis',(0.,-1.,0.));
#4318=DIRECTION('ref_axis',(-1.,0.,0.));
#4319=DIRECTION('',(-1.22464679914735E-16,-1.,-1.49975978266186E-32));
#4320=DIRECTION('center_axis',(0.,-1.,0.));
#4321=DIRECTION('ref_axis',(-1.,0.,0.));
#4322=DIRECTION('',(-1.22464679914735E-16,-1.,-1.49975978266186E-32));
#4323=DIRECTION('center_axis',(0.,-1.,0.));
#4324=DIRECTION('ref_axis',(0.608889044099228,0.,-0.793255401479201));
#4325=DIRECTION('',(-1.22464679914735E-16,-1.,-1.49975978266186E-32));
#4326=DIRECTION('center_axis',(0.,-1.,0.));
#4327=DIRECTION('ref_axis',(-1.,0.,0.));
#4328=DIRECTION('center_axis',(0.,1.,-2.22044604925031E-16));
#4329=DIRECTION('ref_axis',(0.707106781186548,-4.18691322315673E-16,-0.707106781186548));
#4330=DIRECTION('center_axis',(0.,-1.,0.));
#4331=DIRECTION('ref_axis',(0.707106781186548,-4.18691322315673E-16,-0.707106781186548));
#4332=DIRECTION('',(0.,-1.,2.22044604925031E-16));
#4333=DIRECTION('center_axis',(0.,-1.,2.22044604925031E-16));
#4334=DIRECTION('ref_axis',(0.707106781186548,-4.18691322315673E-16,-0.707106781186548));
#4335=DIRECTION('',(0.,1.,-2.22044604925031E-16));
#4336=DIRECTION('center_axis',(0.,-1.,0.));
#4337=DIRECTION('ref_axis',(0.,0.,-1.));
#4338=DIRECTION('',(0.,0.,-1.));
#4339=DIRECTION('center_axis',(0.,-1.,0.));
#4340=DIRECTION('ref_axis',(0.707106781186548,0.,0.707106781186548));
#4341=DIRECTION('',(1.,0.,0.));
#4342=DIRECTION('center_axis',(0.,-1.,0.));
#4343=DIRECTION('ref_axis',(-0.707106781186548,4.18691322315673E-16,0.707106781186548));
#4344=DIRECTION('',(0.,0.,1.));
#4345=DIRECTION('center_axis',(0.,-1.,0.));
#4346=DIRECTION('ref_axis',(-0.707106781186548,0.,-0.707106781186548));
#4347=DIRECTION('',(-1.,0.,0.));
#4348=DIRECTION('center_axis',(1.,0.,0.));
#4349=DIRECTION('ref_axis',(0.,-2.22044604925031E-16,-1.));
#4350=DIRECTION('',(0.,-2.22044604925031E-16,-1.));
#4351=DIRECTION('',(0.,-1.,2.22044604925031E-16));
#4352=DIRECTION('center_axis',(0.,1.,-2.22044604925031E-16));
#4353=DIRECTION('ref_axis',(-0.707106781186548,0.,-0.707106781186548));
#4354=DIRECTION('',(0.,-1.,2.22044604925031E-16));
#4355=DIRECTION('center_axis',(0.,-1.,2.22044604925031E-16));
#4356=DIRECTION('ref_axis',(-0.707106781186548,0.,-0.707106781186548));
#4357=DIRECTION('',(0.,1.,-2.22044604925031E-16));
#4358=DIRECTION('center_axis',(-1.,0.,0.));
#4359=DIRECTION('ref_axis',(0.,2.22044604925031E-16,1.));
#4360=DIRECTION('',(0.,1.,-2.22044604925031E-16));
#4361=DIRECTION('',(0.,2.22044604925031E-16,1.));
#4362=DIRECTION('center_axis',(0.,1.,-2.22044604925031E-16));
#4363=DIRECTION('ref_axis',(-0.707106781186548,4.18691322315673E-16,0.707106781186548));
#4364=DIRECTION('',(0.,-1.,2.22044604925031E-16));
#4365=DIRECTION('center_axis',(0.,-1.,2.22044604925031E-16));
#4366=DIRECTION('ref_axis',(-0.707106781186548,4.18691322315673E-16,0.707106781186548));
#4367=DIRECTION('center_axis',(0.,2.22044604925031E-16,1.));
#4368=DIRECTION('ref_axis',(1.,0.,0.));
#4369=DIRECTION('',(0.,1.,-2.22044604925031E-16));
#4370=DIRECTION('',(1.,0.,0.));
#4371=DIRECTION('center_axis',(0.,1.,-2.22044604925031E-16));
#4372=DIRECTION('ref_axis',(0.707106781186548,0.,0.707106781186548));
#4373=DIRECTION('center_axis',(0.,-1.,2.22044604925031E-16));
#4374=DIRECTION('ref_axis',(0.707106781186548,0.,0.707106781186548));
#4375=DIRECTION('center_axis',(0.,-1.,0.));
#4376=DIRECTION('ref_axis',(-1.,0.,0.));
#4377=DIRECTION('center_axis',(0.,1.,0.));
#4378=DIRECTION('ref_axis',(-1.,0.,0.));
#4379=DIRECTION('center_axis',(0.,-1.,0.));
#4380=DIRECTION('ref_axis',(-1.,0.,0.));
#4381=DIRECTION('center_axis',(0.,-1.,0.));
#4382=DIRECTION('ref_axis',(-1.,0.,0.));
#4383=DIRECTION('center_axis',(0.,-1.,0.));
#4384=DIRECTION('ref_axis',(-1.,0.,0.));
#4385=DIRECTION('center_axis',(0.,-1.,0.));
#4386=DIRECTION('ref_axis',(-1.,0.,0.));
#4387=DIRECTION('',(0.,-1.,0.));
#4388=DIRECTION('center_axis',(0.,-2.22044604925031E-16,-1.));
#4389=DIRECTION('ref_axis',(-1.,0.,0.));
#4390=DIRECTION('',(-1.,0.,0.));
#4391=DIRECTION('center_axis',(0.,-1.,2.22044604925031E-16));
#4392=DIRECTION('ref_axis',(-0.707106781186549,-1.96261557335472E-16,-0.707106781186546));
#4393=DIRECTION('center_axis',(0.,1.,-2.22044604925031E-16));
#4394=DIRECTION('ref_axis',(-0.707106781186549,-1.96261557335472E-16,-0.707106781186546));
#4395=DIRECTION('',(0.,1.,-2.22044604925031E-16));
#4396=DIRECTION('',(0.,-1.,2.22044604925031E-16));
#4397=DIRECTION('center_axis',(0.,-2.22044604925031E-16,-1.));
#4398=DIRECTION('ref_axis',(1.,0.,0.));
#4399=DIRECTION('',(0.,-1.,2.22044604925031E-16));
#4400=DIRECTION('center_axis',(0.,2.22044604925031E-16,1.));
#4401=DIRECTION('ref_axis',(1.,0.,0.));
#4402=DIRECTION('',(0.,1.,-2.22044604925031E-16));
#4403=DIRECTION('',(0.,1.,-2.22044604925031E-16));
#4404=DIRECTION('',(1.,0.,0.));
#4405=DIRECTION('center_axis',(0.,2.22044604925031E-16,1.));
#4406=DIRECTION('ref_axis',(1.,0.,0.));
#4407=DIRECTION('center_axis',(0.,0.,-1.));
#4408=DIRECTION('ref_axis',(-1.11022302462516E-15,-1.,0.));
#4409=DIRECTION('',(0.,-2.22044604925031E-16,-1.));
#4410=DIRECTION('center_axis',(0.,0.,1.));
#4411=DIRECTION('ref_axis',(-1.11022302462516E-15,-1.,0.));
#4412=DIRECTION('',(0.,0.,-1.));
#4413=DIRECTION('center_axis',(0.,-1.,2.22044604925031E-16));
#4414=DIRECTION('ref_axis',(0.707106781186549,-1.96261557335472E-16,-0.707106781186546));
#4415=DIRECTION('center_axis',(0.,1.,-2.22044604925031E-16));
#4416=DIRECTION('ref_axis',(0.707106781186549,-1.96261557335472E-16,-0.707106781186546));
#4417=DIRECTION('',(0.,-1.,2.22044604925031E-16));
#4418=DIRECTION('center_axis',(1.,0.,0.));
#4419=DIRECTION('ref_axis',(0.,2.22044604925031E-16,1.));
#4420=DIRECTION('',(0.,2.22044604925031E-16,1.));
#4421=DIRECTION('',(0.,2.22044604925031E-16,1.));
#4422=DIRECTION('',(0.,2.22044604925031E-16,1.));
#4423=DIRECTION('',(0.,1.,-2.22044604925031E-16));
#4424=DIRECTION('',(0.,2.22044604925031E-16,1.));
#4425=DIRECTION('center_axis',(0.,0.,-1.));
#4426=DIRECTION('ref_axis',(-1.,1.38777878078145E-16,0.));
#4427=DIRECTION('',(0.,0.,-1.));
#4428=DIRECTION('center_axis',(0.,0.,1.));
#4429=DIRECTION('ref_axis',(-1.,1.38777878078145E-16,0.));
#4430=DIRECTION('center_axis',(0.,-1.,2.22044604925031E-16));
#4431=DIRECTION('ref_axis',(-0.707106781186548,1.96261557335472E-16,0.707106781186547));
#4432=DIRECTION('center_axis',(0.,1.,-2.22044604925031E-16));
#4433=DIRECTION('ref_axis',(-0.707106781186548,1.96261557335472E-16,0.707106781186547));
#4434=DIRECTION('',(0.,1.,-2.22044604925031E-16));
#4435=DIRECTION('',(0.,-1.,2.22044604925031E-16));
#4436=DIRECTION('center_axis',(0.,0.,-1.));
#4437=DIRECTION('ref_axis',(-1.11022302462516E-15,-1.,0.));
#4438=DIRECTION('',(0.,0.,-1.));
#4439=DIRECTION('center_axis',(0.,0.,1.));
#4440=DIRECTION('ref_axis',(-1.11022302462516E-15,-1.,0.));
#4441=DIRECTION('',(0.,-2.22044604925031E-16,-1.));
#4442=DIRECTION('center_axis',(0.,2.22044604925031E-16,1.));
#4443=DIRECTION('ref_axis',(-1.,0.,0.));
#4444=DIRECTION('',(-1.,0.,0.));
#4445=DIRECTION('',(0.,-1.,2.22044604925031E-16));
#4446=DIRECTION('',(0.,-1.,0.));
#4447=DIRECTION('center_axis',(0.,0.,1.));
#4448=DIRECTION('ref_axis',(1.,0.,0.));
#4449=DIRECTION('',(0.,-1.,0.));
#4450=DIRECTION('center_axis',(0.,-2.22044604925031E-16,-1.));
#4451=DIRECTION('ref_axis',(1.,0.,0.));
#4452=DIRECTION('center_axis',(0.,-1.,2.22044604925031E-16));
#4453=DIRECTION('ref_axis',(0.707106781186549,1.96261557335472E-16,0.707106781186546));
#4454=DIRECTION('center_axis',(0.,1.,-2.22044604925031E-16));
#4455=DIRECTION('ref_axis',(0.707106781186549,1.96261557335472E-16,0.707106781186546));
#4456=DIRECTION('center_axis',(0.,0.,-1.));
#4457=DIRECTION('ref_axis',(-1.,1.38777878078145E-16,0.));
#4458=DIRECTION('center_axis',(0.,0.,1.));
#4459=DIRECTION('ref_axis',(-1.,1.38777878078145E-16,0.));
#4460=DIRECTION('',(0.,0.,-1.));
#4461=DIRECTION('center_axis',(0.,0.,-1.));
#4462=DIRECTION('ref_axis',(1.,0.,0.));
#4463=DIRECTION('center_axis',(0.,0.,-1.));
#4464=DIRECTION('ref_axis',(1.,0.,0.));
#4465=DIRECTION('',(0.,0.,-1.));
#4466=DIRECTION('center_axis',(0.,0.,-1.));
#4467=DIRECTION('ref_axis',(1.,0.,0.));
#4468=DIRECTION('',(0.,0.,-1.));
#4469=DIRECTION('center_axis',(0.,0.,1.));
#4470=DIRECTION('ref_axis',(1.,0.,0.));
#4471=DIRECTION('center_axis',(0.,0.,1.));
#4472=DIRECTION('ref_axis',(1.,0.,0.));
#4473=DIRECTION('center_axis',(0.,0.,-1.));
#4474=DIRECTION('ref_axis',(1.,0.,0.));
#4475=DIRECTION('center_axis',(0.,0.,-1.));
#4476=DIRECTION('ref_axis',(1.,0.,0.));
#4477=DIRECTION('center_axis',(0.,0.,-1.));
#4478=DIRECTION('ref_axis',(1.,0.,0.));
#4479=DIRECTION('',(0.,0.,-1.));
#4480=DIRECTION('center_axis',(0.,0.,-1.));
#4481=DIRECTION('ref_axis',(1.,0.,0.));
#4482=DIRECTION('center_axis',(0.,0.,-1.));
#4483=DIRECTION('ref_axis',(1.,0.,0.));
#4484=DIRECTION('',(0.,0.,-1.));
#4485=DIRECTION('center_axis',(0.,0.,-1.));
#4486=DIRECTION('ref_axis',(1.,0.,0.));
#4487=DIRECTION('center_axis',(0.,0.,1.));
#4488=DIRECTION('ref_axis',(1.,0.,0.));
#4489=DIRECTION('center_axis',(-1.,0.,0.));
#4490=DIRECTION('ref_axis',(0.,1.,0.));
#4491=DIRECTION('',(0.,0.,-1.));
#4492=DIRECTION('',(0.,1.,0.));
#4493=DIRECTION('center_axis',(1.,0.,0.));
#4494=DIRECTION('ref_axis',(0.,-1.,0.));
#4495=DIRECTION('',(0.,-1.,0.));
#4496=DIRECTION('',(0.,0.,-1.));
#4497=DIRECTION('center_axis',(0.,0.,-1.));
#4498=DIRECTION('ref_axis',(1.,0.,0.));
#4499=DIRECTION('center_axis',(0.,0.,-1.));
#4500=DIRECTION('ref_axis',(1.,0.,0.));
#4501=DIRECTION('center_axis',(0.,0.,1.));
#4502=DIRECTION('ref_axis',(1.,0.,0.));
#4503=DIRECTION('',(1.,0.,0.));
#4504=DIRECTION('center_axis',(0.,-1.,0.));
#4505=DIRECTION('ref_axis',(-1.,0.,0.));
#4506=DIRECTION('',(-1.,0.,0.));
#4507=DIRECTION('',(0.,-2.22044604925031E-16,-1.));
#4508=DIRECTION('center_axis',(0.,0.,1.));
#4509=DIRECTION('ref_axis',(1.,0.,0.));
#4510=DIRECTION('center_axis',(0.,0.,-1.));
#4511=DIRECTION('ref_axis',(1.,0.,0.));
#4512=DIRECTION('',(0.,1.,0.));
#4513=DIRECTION('',(0.,-1.,0.));
#4514=DIRECTION('center_axis',(-1.,0.,0.));
#4515=DIRECTION('ref_axis',(0.,1.,0.));
#4516=DIRECTION('',(0.,0.,-1.));
#4517=DIRECTION('center_axis',(0.,0.,-1.));
#4518=DIRECTION('ref_axis',(1.,0.,0.));
#4519=DIRECTION('',(0.,0.,-1.));
#4520=DIRECTION('center_axis',(1.,0.,0.));
#4521=DIRECTION('ref_axis',(0.,-1.,0.));
#4522=DIRECTION('center_axis',(-1.,0.,0.));
#4523=DIRECTION('ref_axis',(0.,-2.22044604925031E-16,-1.));
#4524=DIRECTION('',(0.,-2.22044604925031E-16,-1.));
#4525=DIRECTION('center_axis',(0.,-1.,2.22044604925031E-16));
#4526=DIRECTION('ref_axis',(-1.,0.,0.));
#4527=DIRECTION('',(3.08148791101958E-33,-2.77555756156289E-17,1.));
#4528=DIRECTION('',(1.,-3.46944695195361E-18,-2.77555756156289E-17));
#4529=DIRECTION('',(3.08148791101958E-33,-2.77555756156289E-17,1.));
#4530=DIRECTION('',(1.,-3.46944695195361E-18,-2.77555756156289E-17));
#4531=CARTESIAN_POINT('',(0.,0.,0.));
#4532=CARTESIAN_POINT('',(0.,0.,0.));
#4533=CARTESIAN_POINT('',(0.,0.,0.));
#4534=CARTESIAN_POINT('',(0.,0.,0.));
#4535=CARTESIAN_POINT('Origin',(0.,8.67361737988404E-16,-2.25));
#4536=CARTESIAN_POINT('',(-9.79717439317883E-16,8.,-2.25));
#4537=CARTESIAN_POINT('Origin',(0.,5.81707229594993E-16,-2.25));
#4538=CARTESIAN_POINT('',(-9.49101269339199E-16,7.75,-2.5));
#4539=CARTESIAN_POINT('Origin',(-9.49101269339199E-16,7.75,-2.25));
#4540=CARTESIAN_POINT('Origin',(0.,6.12323399573677E-16,-2.5));
#4541=CARTESIAN_POINT('Origin',(0.,0.,2.5));
#4542=CARTESIAN_POINT('',(-9.79717439317883E-16,8.,2.25));
#4543=CARTESIAN_POINT('Origin',(0.,3.06161699786838E-17,2.25));
#4544=CARTESIAN_POINT('',(-9.79717439317883E-16,8.,2.5));
#4545=CARTESIAN_POINT('Origin',(0.,0.,2.25));
#4546=CARTESIAN_POINT('',(-9.49101269339199E-16,7.75,2.5));
#4547=CARTESIAN_POINT('Origin',(0.,-4.31003832632636E-32,2.5));
#4548=CARTESIAN_POINT('Origin',(-9.49101269339199E-16,7.75,2.25));
#4549=CARTESIAN_POINT('Origin',(0.,0.,2.5));
#4550=CARTESIAN_POINT('',(-8.57252759403147E-16,7.,2.425));
#4551=CARTESIAN_POINT('Origin',(0.,9.18485099360525E-18,2.425));
#4552=CARTESIAN_POINT('',(-8.57252759403147E-16,7.,2.5));
#4553=CARTESIAN_POINT('',(-8.57252759403147E-16,7.,2.5));
#4554=CARTESIAN_POINT('Origin',(0.,1.0498318478633E-31,2.5));
#4555=CARTESIAN_POINT('Origin',(0.,0.,2.3));
#4556=CARTESIAN_POINT('',(-8.59910980465117E-16,7.02170602220836,2.17689903087347));
#4557=CARTESIAN_POINT('Origin',(0.,3.95684567642209E-17,2.17689903087347));
#4558=CARTESIAN_POINT('Origin',(-8.57252759403147E-16,7.,2.3));
#4559=CARTESIAN_POINT('Origin',(0.,3.95684567642209E-17,2.17689903087347));
#4560=CARTESIAN_POINT('',(-8.08266887437253E-16,6.6,2.1025408812309));
#4561=CARTESIAN_POINT('Origin',(0.,4.86747037592508E-17,2.1025408812309));
#4562=CARTESIAN_POINT('',(-8.59910980465117E-16,7.02170602220836,2.17689903087347));
#4563=CARTESIAN_POINT('Origin',(0.,0.,2.5));
#4564=CARTESIAN_POINT('',(-8.08266887437253E-16,6.6,1.26836508939658));
#4565=CARTESIAN_POINT('Origin',(0.,1.50831775098861E-16,1.26836508939658));
#4566=CARTESIAN_POINT('',(-8.08266887437253E-16,6.6,2.5));
#4567=CARTESIAN_POINT('Origin',(0.,0.,-8.67361737988404E-16));
#4568=CARTESIAN_POINT('',(-8.08266887437253E-16,6.6,-1.26836508939658));
#4569=CARTESIAN_POINT('Origin',(0.,4.61491624474815E-16,-1.26836508939658));
#4570=CARTESIAN_POINT('Origin',(-6.96517867015057E-16,5.6875,-1.70843870973346E-16));
#4571=CARTESIAN_POINT('Origin',(0.,0.,2.5));
#4572=CARTESIAN_POINT('',(8.34088933951185E-16,-6.6,-2.1025408812309));
#4573=CARTESIAN_POINT('',(-8.08266887437253E-16,6.6,-2.1025408812309));
#4574=CARTESIAN_POINT('Origin',(0.,5.63648695814425E-16,-2.1025408812309));
#4575=CARTESIAN_POINT('Origin',(0.,5.63648695814425E-16,-2.1025408812309));
#4576=CARTESIAN_POINT('',(-8.08266887437253E-16,6.6,2.5));
#4577=CARTESIAN_POINT('Origin',(0.,5.63648695814425E-16,-2.1025408812309));
#4578=CARTESIAN_POINT('',(-8.59910980465117E-16,-7.02170602220836,-2.17689903087347));
#4579=CARTESIAN_POINT('',(-8.08266887437253E-16,-6.6,-2.1025408812309));
#4580=CARTESIAN_POINT('',(8.59910980465117E-16,7.02170602220836,-2.17689903087347));
#4581=CARTESIAN_POINT('Origin',(0.,5.72754942809455E-16,-2.17689903087347));
#4582=CARTESIAN_POINT('Origin',(0.,5.72754942809455E-16,-2.17689903087347));
#4583=CARTESIAN_POINT('Origin',(0.,8.67361737988404E-16,-2.3));
#4584=CARTESIAN_POINT('',(-8.57252759403147E-16,7.,-2.425));
#4585=CARTESIAN_POINT('Origin',(0.,6.03138548580071E-16,-2.425));
#4586=CARTESIAN_POINT('Origin',(-8.57252759403147E-16,7.,-2.3));
#4587=CARTESIAN_POINT('Origin',(0.,0.,2.5));
#4588=CARTESIAN_POINT('',(-8.57252759403147E-16,7.,-2.5));
#4589=CARTESIAN_POINT('Origin',(0.,6.12323399573676E-16,-2.5));
#4590=CARTESIAN_POINT('',(-8.57252759403147E-16,7.,2.5));
#4591=CARTESIAN_POINT('Origin',(0.,7.75,-2.5));
#4592=CARTESIAN_POINT('Origin',(0.,7.75,2.5));
#4593=CARTESIAN_POINT('Origin',(0.,0.,-8.67361737988404E-16));
#4594=CARTESIAN_POINT('',(5.35782974626967E-16,4.375,0.847791247890659));
#4595=CARTESIAN_POINT('Origin',(0.,2.02337215979395E-16,0.847791247890658));
#4596=CARTESIAN_POINT('',(-5.35782974626967E-16,4.375,-0.847791247890659));
#4597=CARTESIAN_POINT('Origin',(-6.96517867015057E-16,5.6875,-1.70843870973346E-16));
#4598=CARTESIAN_POINT('Origin',(0.,4.09986183594282E-16,-0.847791247890659));
#4599=CARTESIAN_POINT('Origin',(0.,3.74939945665464E-32,2.5));
#4600=CARTESIAN_POINT('',(5.35782974626967E-16,4.375,2.34999999999999));
#4601=CARTESIAN_POINT('',(-5.35782974626967E-16,-4.375,2.34999999999999));
#4602=CARTESIAN_POINT('Origin',(0.,1.83697019872111E-17,2.34999999999999));
#4603=CARTESIAN_POINT('Origin',(0.,1.83697019872111E-17,2.34999999999999));
#4604=CARTESIAN_POINT('',(-5.17413272639756E-16,-4.22499999999999,2.5));
#4605=CARTESIAN_POINT('',(-5.17413272639756E-16,-4.22499999999999,2.5));
#4606=CARTESIAN_POINT('Origin',(0.,-8.80763369307582E-34,2.5));
#4607=CARTESIAN_POINT('Origin',(0.,1.83697019872102E-17,2.35));
#4608=CARTESIAN_POINT('',(-3.06161699786838E-16,2.5,2.35));
#4609=CARTESIAN_POINT('Origin',(0.,1.83697019872102E-17,2.35));
#4610=CARTESIAN_POINT('',(-3.24531401774049E-16,2.65,2.5));
#4611=CARTESIAN_POINT('',(-3.06161699786838E-16,2.5,2.35));
#4612=CARTESIAN_POINT('Origin',(0.,4.89078744737932E-32,2.5));
#4613=CARTESIAN_POINT('Origin',(0.,5.93953697586466E-16,-2.35));
#4614=CARTESIAN_POINT('',(-5.35782974626967E-16,4.375,-2.35));
#4615=CARTESIAN_POINT('Origin',(0.,5.93953697586466E-16,-2.35));
#4616=CARTESIAN_POINT('',(-5.17413272639757E-16,4.225,-2.5));
#4617=CARTESIAN_POINT('',(-5.35782974626967E-16,4.375,-2.35));
#4618=CARTESIAN_POINT('Origin',(0.,6.12323399573676E-16,-2.5));
#4619=CARTESIAN_POINT('Origin',(0.,6.12323399573676E-16,-2.5));
#4620=CARTESIAN_POINT('',(3.06161699786838E-16,2.5,-2.35));
#4621=CARTESIAN_POINT('',(-3.06161699786838E-16,-2.5,-2.35));
#4622=CARTESIAN_POINT('Origin',(0.,5.93953697586466E-16,-2.35));
#4623=CARTESIAN_POINT('Origin',(0.,5.93953697586466E-16,-2.35));
#4624=CARTESIAN_POINT('',(-3.24531401774049E-16,-2.65,-2.5));
#4625=CARTESIAN_POINT('',(-3.24531401774049E-16,-2.65,-2.5));
#4626=CARTESIAN_POINT('Origin',(0.,6.12323399573676E-16,-2.5));
#4627=CARTESIAN_POINT('Origin',(0.,0.,2.5));
#4628=CARTESIAN_POINT('',(-5.35782974626967E-16,4.375,2.5));
#4629=CARTESIAN_POINT('Origin',(0.,0.,2.5));
#4630=CARTESIAN_POINT('',(-5.35782974626967E-16,4.375,2.5));
#4631=CARTESIAN_POINT('Origin',(0.,0.,2.5));
#4632=CARTESIAN_POINT('',(-3.06161699786838E-16,2.5,2.5));
#4633=CARTESIAN_POINT('Origin',(0.,2.5,2.5));
#4634=CARTESIAN_POINT('Origin',(0.,4.375,-2.5));
#4635=CARTESIAN_POINT('Origin',(0.,5.6875,0.));
#4636=CARTESIAN_POINT('',(-1.5625,5.6875,9.5675531183387E-17));
#4637=CARTESIAN_POINT('',(1.5625,5.6875,9.5675531183387E-17));
#4638=CARTESIAN_POINT('Origin',(0.,5.6875,0.));
#4639=CARTESIAN_POINT('Origin',(-4.925519484024,2.84374999999999,-3.4825893350753E-16));
#4640=CARTESIAN_POINT('',(-5.706769484024,1.4905853065868,-2.52583402324143E-16));
#4641=CARTESIAN_POINT('',(-4.144269484024,4.19691469341318,-2.52583402324143E-16));
#4642=CARTESIAN_POINT('Origin',(-4.925519484024,2.84374999999999,-3.4825893350753E-16));
#4643=CARTESIAN_POINT('Origin',(-4.92551948402398,-2.84375000000002,-1.04477680052259E-15));
#4644=CARTESIAN_POINT('',(-4.14426948402398,-4.19691469341321,-1.42984194093509E-15));
#4645=CARTESIAN_POINT('',(-5.70676948402399,-1.49058530658684,-4.68360597743312E-16));
#4646=CARTESIAN_POINT('Origin',(-4.92551948402398,-2.84375000000002,-1.04477680052259E-15));
#4647=CARTESIAN_POINT('Origin',(0.,-5.6875,-1.39303573403011E-15));
#4648=CARTESIAN_POINT('',(1.5625,-5.6875,-1.29736020284673E-15));
#4649=CARTESIAN_POINT('',(-1.5625,-5.6875,-1.29736020284673E-15));
#4650=CARTESIAN_POINT('Origin',(0.,-5.6875,-1.39303573403011E-15));
#4651=CARTESIAN_POINT('Origin',(4.92551948402402,-2.84374999999995,-1.04477680052258E-15));
#4652=CARTESIAN_POINT('',(5.70676948402401,-1.49058530658676,-4.683605977433E-16));
#4653=CARTESIAN_POINT('',(4.14426948402403,-4.19691469341315,-1.42984194093509E-15));
#4654=CARTESIAN_POINT('Origin',(4.92551948402402,-2.84374999999995,-1.04477680052258E-15));
#4655=CARTESIAN_POINT('Origin',(4.92551948402396,2.84375000000006,-3.48258933507522E-16));
#4656=CARTESIAN_POINT('',(4.14426948402395,4.19691469341323,-2.52583402324135E-16));
#4657=CARTESIAN_POINT('',(5.70676948402398,1.49058530658688,-2.52583402324135E-16));
#4658=CARTESIAN_POINT('Origin',(4.92551948402396,2.84375000000006,-3.48258933507522E-16));
#4659=CARTESIAN_POINT('Origin',(0.,-5.18158789469974E-16,-2.09679380344903));
#4660=CARTESIAN_POINT('',(0.125,-6.99888383958471,-2.365));
#4661=CARTESIAN_POINT('',(-0.125,-6.9988838395847,-2.365));
#4662=CARTESIAN_POINT('Origin',(0.,-5.838503614935E-16,-2.365));
#4663=CARTESIAN_POINT('',(0.125,-6.9988838395847,-2.425));
#4664=CARTESIAN_POINT('',(0.125,-6.9988838395847,-2.09679380344903));
#4665=CARTESIAN_POINT('',(-0.125,-6.9988838395847,-2.425));
#4666=CARTESIAN_POINT('Origin',(0.,-1.53080849893419E-17,-2.425));
#4667=CARTESIAN_POINT('',(-0.125,-6.9988838395847,-2.09679380344903));
#4668=CARTESIAN_POINT('Origin',(0.,-1.63490319469067E-16,-3.83499976958986));
#4669=CARTESIAN_POINT('',(-8.57252759403147E-16,7.,-2.235));
#4670=CARTESIAN_POINT('',(8.57252759403147E-16,-7.,-2.235));
#4671=CARTESIAN_POINT('Origin',(0.,3.2453140177405E-17,-2.235));
#4672=CARTESIAN_POINT('Origin',(0.,3.2453140177405E-17,-2.235));
#4673=CARTESIAN_POINT('',(8.1835342016516E-16,-6.68236279011164,-2.26702005825857));
#4674=CARTESIAN_POINT('Origin',(8.57357916024422E-16,-7.00085866897581,
-3.83499976958985));
#4675=CARTESIAN_POINT('Origin',(0.,2.85318139919176E-17,-2.26702005825857));
#4676=CARTESIAN_POINT('Origin',(0.,2.12476219652066E-16,-0.764999999999997));
#4677=CARTESIAN_POINT('',(7.78586144837963E-16,-6.35763834421521,-2.33297971133128));
#4678=CARTESIAN_POINT('Origin',(0.,2.04540861910809E-17,-2.33297971133128));
#4679=CARTESIAN_POINT('',(7.39581648978701E-16,-6.03914246535104,-2.365));
#4680=CARTESIAN_POINT('Origin',(7.39581648978701E-16,-6.03914246535104,
-0.764999999999997));
#4681=CARTESIAN_POINT('Origin',(0.,1.65327317884894E-17,-2.365));
#4682=CARTESIAN_POINT('Origin',(0.,2.38806125833736E-17,-2.305));
#4683=CARTESIAN_POINT('',(7.59281015471359E-16,-6.2,-2.305));
#4684=CARTESIAN_POINT('Origin',(0.,2.38806125833736E-17,-2.305));
#4685=CARTESIAN_POINT('',(8.3765841061679E-16,-6.84,-2.175));
#4686=CARTESIAN_POINT('',(7.59281015471359E-16,-6.2,-2.305));
#4687=CARTESIAN_POINT('Origin',(0.,3.98010209722891E-17,-2.175));
#4688=CARTESIAN_POINT('Origin',(0.,0.,-2.24));
#4689=CARTESIAN_POINT('',(5.51091059616309E-16,4.5,-2.305));
#4690=CARTESIAN_POINT('Origin',(0.,2.38806125833735E-17,-2.305));
#4691=CARTESIAN_POINT('',(5.43130855421851E-16,4.435,-2.24));
#4692=CARTESIAN_POINT('Origin',(5.51091059616309E-16,4.5,-2.24));
#4693=CARTESIAN_POINT('Origin',(0.,3.18408167778313E-17,-2.24));
#4694=CARTESIAN_POINT('Origin',(0.,0.,-2.5));
#4695=CARTESIAN_POINT('',(5.43130855421851E-16,4.435,-1.53166666666666));
#4696=CARTESIAN_POINT('',(5.43130855421851E-16,4.435,-2.5));
#4697=CARTESIAN_POINT('Origin',(0.,1.18586631717435E-16,-1.53166666666666));
#4698=CARTESIAN_POINT('Origin',(0.,0.,-2.5));
#4699=CARTESIAN_POINT('',(5.35782974626967E-16,4.375,-1.53166666666666));
#4700=CARTESIAN_POINT('Origin',(0.,1.18586631717435E-16,-1.53166666666666));
#4701=CARTESIAN_POINT('',(5.35782974626967E-16,4.375,-2.24));
#4702=CARTESIAN_POINT('',(5.35782974626967E-16,4.375,-2.5));
#4703=CARTESIAN_POINT('Origin',(0.,3.18408167778313E-17,-2.24));
#4704=CARTESIAN_POINT('Origin',(0.,0.,-2.24));
#4705=CARTESIAN_POINT('',(5.51091059616309E-16,4.5,-2.365));
#4706=CARTESIAN_POINT('Origin',(5.51091059616309E-16,4.5,-2.24));
#4707=CARTESIAN_POINT('Origin',(0.,1.65327317884894E-17,-2.365));
#4708=CARTESIAN_POINT('Origin',(0.,3.2453140177405E-17,-2.235));
#4709=CARTESIAN_POINT('',(8.37658410616789E-16,-6.84,-2.235));
#4710=CARTESIAN_POINT('Origin',(0.,0.,-2.3));
#4711=CARTESIAN_POINT('',(8.57252759403147E-16,7.,-2.365));
#4712=CARTESIAN_POINT('Origin',(8.57252759403147E-16,7.,-2.3));
#4713=CARTESIAN_POINT('',(0.125,6.9988838395847,-2.365));
#4714=CARTESIAN_POINT('Origin',(0.,1.65327317884893E-17,-2.365));
#4715=CARTESIAN_POINT('',(5.99871120321669,3.60769509526548,-2.365));
#4716=CARTESIAN_POINT('Origin',(0.,1.65327317884893E-17,-2.365));
#4717=CARTESIAN_POINT('',(6.12371120321668,3.39118874431936,-2.365));
#4718=CARTESIAN_POINT('Origin',(2.54803201103657E-16,-1.4251827125077E-16,
-2.365));
#4719=CARTESIAN_POINT('',(6.12371120321676,-3.39118874431924,-2.365));
#4720=CARTESIAN_POINT('Origin',(0.,1.65327317884893E-17,-2.365));
#4721=CARTESIAN_POINT('',(5.99871120321675,-3.60769509526535,-2.365));
#4722=CARTESIAN_POINT('Origin',(2.5480320110366E-16,-4.36739664745922E-16,
-2.365));
#4723=CARTESIAN_POINT('Origin',(0.,1.65327317884893E-17,-2.365));
#4724=CARTESIAN_POINT('',(-5.99871120321671,-3.60769509526544,-2.365));
#4725=CARTESIAN_POINT('Origin',(0.,1.65327317884893E-17,-2.365));
#4726=CARTESIAN_POINT('',(-6.1237112032167,-3.39118874431932,-2.365));
#4727=CARTESIAN_POINT('Origin',(-2.54803201103658E-16,-4.36739664745926E-16,
-2.365));
#4728=CARTESIAN_POINT('',(-6.12371120321674,3.39118874431928,-2.365));
#4729=CARTESIAN_POINT('Origin',(0.,1.65327317884893E-17,-2.365));
#4730=CARTESIAN_POINT('',(-5.99871120321673,3.60769509526539,-2.365));
#4731=CARTESIAN_POINT('Origin',(-2.54803201103659E-16,-1.42518271250774E-16,
-2.365));
#4732=CARTESIAN_POINT('',(-0.125,6.99888383958471,-2.365));
#4733=CARTESIAN_POINT('Origin',(0.,1.65327317884893E-17,-2.365));
#4734=CARTESIAN_POINT('Origin',(0.,1.65327317884893E-17,-2.365));
#4735=CARTESIAN_POINT('Origin',(0.,0.,-2.3));
#4736=CARTESIAN_POINT('',(5.99871120321675,-3.60769509526535,-2.425));
#4737=CARTESIAN_POINT('Origin',(0.,9.18485099360525E-18,-2.425));
#4738=CARTESIAN_POINT('',(6.12371120321675,-3.39118874431924,-2.425));
#4739=CARTESIAN_POINT('Origin',(0.,-1.53080849893419E-17,-2.425));
#4740=CARTESIAN_POINT('',(6.12371120321668,3.39118874431936,-2.425));
#4741=CARTESIAN_POINT('Origin',(0.,9.18485099360525E-18,-2.425));
#4742=CARTESIAN_POINT('',(5.99871120321668,3.60769509526547,-2.425));
#4743=CARTESIAN_POINT('Origin',(0.,-1.53080849893419E-17,-2.425));
#4744=CARTESIAN_POINT('',(0.125,6.9988838395847,-2.425));
#4745=CARTESIAN_POINT('Origin',(0.,9.18485099360525E-18,-2.425));
#4746=CARTESIAN_POINT('',(8.57252759403147E-16,7.,-2.425));
#4747=CARTESIAN_POINT('Origin',(0.,9.18485099360525E-18,-2.425));
#4748=CARTESIAN_POINT('',(8.57252759403147E-16,7.,-2.175));
#4749=CARTESIAN_POINT('Origin',(8.57252759403147E-16,7.,-2.3));
#4750=CARTESIAN_POINT('Origin',(0.,3.98010209722891E-17,-2.175));
#4751=CARTESIAN_POINT('',(-0.125,6.9988838395847,-2.425));
#4752=CARTESIAN_POINT('Origin',(0.,9.18485099360525E-18,-2.425));
#4753=CARTESIAN_POINT('',(-5.99871120321673,3.60769509526539,-2.425));
#4754=CARTESIAN_POINT('Origin',(0.,9.18485099360525E-18,-2.425));
#4755=CARTESIAN_POINT('',(-6.12371120321673,3.39118874431928,-2.425));
#4756=CARTESIAN_POINT('Origin',(0.,-1.53080849893419E-17,-2.425));
#4757=CARTESIAN_POINT('',(-6.1237112032167,-3.39118874431932,-2.425));
#4758=CARTESIAN_POINT('Origin',(0.,9.18485099360525E-18,-2.425));
#4759=CARTESIAN_POINT('',(-5.99871120321671,-3.60769509526543,-2.425));
#4760=CARTESIAN_POINT('Origin',(0.,-1.53080849893419E-17,-2.425));
#4761=CARTESIAN_POINT('Origin',(0.,9.18485099360525E-18,-2.425));
#4762=CARTESIAN_POINT('Origin',(0.,0.,-2.5));
#4763=CARTESIAN_POINT('',(6.12371120321675,-3.39118874431924,-2.4625));
#4764=CARTESIAN_POINT('',(6.12371120321675,-3.39118874431924,-2.02840689026864));
#4765=CARTESIAN_POINT('',(6.12371120321668,3.39118874431936,-2.4625));
#4766=CARTESIAN_POINT('Origin',(0.,4.59242549680265E-18,-2.4625));
#4767=CARTESIAN_POINT('',(6.12371120321668,3.39118874431936,-2.02840689026864));
#4768=CARTESIAN_POINT('Origin',(0.,0.,-2.5));
#4769=CARTESIAN_POINT('',(0.125,-6.9988838395847,-2.4625));
#4770=CARTESIAN_POINT('',(0.125,-6.9988838395847,-2.09679380344903));
#4771=CARTESIAN_POINT('',(5.99871120321675,-3.60769509526535,-2.4625));
#4772=CARTESIAN_POINT('Origin',(0.,4.59242549680265E-18,-2.4625));
#4773=CARTESIAN_POINT('',(5.99871120321675,-3.60769509526535,-2.02840689026864));
#4774=CARTESIAN_POINT('Origin',(0.,0.,-2.5));
#4775=CARTESIAN_POINT('',(-5.99871120321671,-3.60769509526543,-2.4625));
#4776=CARTESIAN_POINT('',(-5.99871120321671,-3.60769509526543,-2.02840689026864));
#4777=CARTESIAN_POINT('',(-0.125,-6.9988838395847,-2.4625));
#4778=CARTESIAN_POINT('Origin',(0.,4.59242549680265E-18,-2.4625));
#4779=CARTESIAN_POINT('',(-0.125,-6.9988838395847,-2.09679380344903));
#4780=CARTESIAN_POINT('Origin',(0.,0.,-2.5));
#4781=CARTESIAN_POINT('',(-6.12371120321673,3.39118874431928,-2.4625));
#4782=CARTESIAN_POINT('',(-6.12371120321673,3.39118874431928,-2.02840689026864));
#4783=CARTESIAN_POINT('',(-6.1237112032167,-3.39118874431932,-2.4625));
#4784=CARTESIAN_POINT('Origin',(0.,4.59242549680265E-18,-2.4625));
#4785=CARTESIAN_POINT('',(-6.1237112032167,-3.39118874431932,-2.02840689026864));
#4786=CARTESIAN_POINT('Origin',(0.,0.,-2.5));
#4787=CARTESIAN_POINT('',(-0.125,6.9988838395847,-2.4625));
#4788=CARTESIAN_POINT('',(-0.125,6.9988838395847,-2.09679380344903));
#4789=CARTESIAN_POINT('',(-5.99871120321673,3.60769509526539,-2.4625));
#4790=CARTESIAN_POINT('Origin',(0.,4.59242549680265E-18,-2.4625));
#4791=CARTESIAN_POINT('',(-5.99871120321673,3.60769509526539,-2.02840689026864));
#4792=CARTESIAN_POINT('Origin',(0.,7.,-2.4625));
#4793=CARTESIAN_POINT('',(6.04055932138518,-3.34318098296016,-2.4625));
#4794=CARTESIAN_POINT('',(6.12371120321675,-3.39118874431924,-2.4625));
#4795=CARTESIAN_POINT('',(6.04055932138511,3.34318098296028,-2.4625));
#4796=CARTESIAN_POINT('Origin',(0.,4.59242549680265E-18,-2.4625));
#4797=CARTESIAN_POINT('',(6.12371120321668,3.39118874431936,-2.4625));
#4798=CARTESIAN_POINT('Origin',(0.,7.,-2.4625));
#4799=CARTESIAN_POINT('',(0.125,-6.90286831686654,-2.4625));
#4800=CARTESIAN_POINT('',(0.125,-6.9988838395847,-2.4625));
#4801=CARTESIAN_POINT('',(5.91555932138518,-3.55968733390627,-2.4625));
#4802=CARTESIAN_POINT('Origin',(0.,4.59242549680265E-18,-2.4625));
#4803=CARTESIAN_POINT('',(5.99871120321675,-3.60769509526535,-2.4625));
#4804=CARTESIAN_POINT('Origin',(0.,7.,-2.4625));
#4805=CARTESIAN_POINT('',(-5.91555932138513,-3.55968733390635,-2.4625));
#4806=CARTESIAN_POINT('',(-5.99871120321671,-3.60769509526543,-2.4625));
#4807=CARTESIAN_POINT('',(-0.125,-6.90286831686654,-2.4625));
#4808=CARTESIAN_POINT('Origin',(0.,4.59242549680265E-18,-2.4625));
#4809=CARTESIAN_POINT('',(-0.125,-6.9988838395847,-2.4625));
#4810=CARTESIAN_POINT('Origin',(0.,7.,-2.4625));
#4811=CARTESIAN_POINT('',(-6.04055932138516,3.3431809829602,-2.4625));
#4812=CARTESIAN_POINT('',(-6.12371120321673,3.39118874431928,-2.4625));
#4813=CARTESIAN_POINT('',(-6.04055932138514,-3.34318098296024,-2.4625));
#4814=CARTESIAN_POINT('Origin',(0.,4.59242549680265E-18,-2.4625));
#4815=CARTESIAN_POINT('',(-6.1237112032167,-3.39118874431932,-2.4625));
#4816=CARTESIAN_POINT('Origin',(0.,7.,-2.4625));
#4817=CARTESIAN_POINT('',(-0.125,6.90286831686654,-2.4625));
#4818=CARTESIAN_POINT('',(-0.125,6.9988838395847,-2.4625));
#4819=CARTESIAN_POINT('',(-5.91555932138516,3.55968733390631,-2.4625));
#4820=CARTESIAN_POINT('Origin',(0.,4.59242549680265E-18,-2.4625));
#4821=CARTESIAN_POINT('',(-5.99871120321673,3.60769509526539,-2.4625));
#4822=CARTESIAN_POINT('Origin',(0.,0.,-2.5));
#4823=CARTESIAN_POINT('',(6.04055932138518,-3.34318098296016,-2.365));
#4824=CARTESIAN_POINT('',(6.04055932138518,-3.34318098296016,-2.02840689026864));
#4825=CARTESIAN_POINT('',(6.04055932138511,3.34318098296028,-2.365));
#4826=CARTESIAN_POINT('Origin',(0.,1.65327317884894E-17,-2.365));
#4827=CARTESIAN_POINT('',(6.04055932138511,3.34318098296028,-2.02840689026864));
#4828=CARTESIAN_POINT('Origin',(0.,0.,-2.5));
#4829=CARTESIAN_POINT('',(0.125,-6.90286831686654,-2.365));
#4830=CARTESIAN_POINT('',(0.125,-6.90286831686654,-2.09679380344903));
#4831=CARTESIAN_POINT('',(5.91555932138518,-3.55968733390627,-2.365));
#4832=CARTESIAN_POINT('Origin',(0.,1.65327317884894E-17,-2.365));
#4833=CARTESIAN_POINT('',(5.91555932138518,-3.55968733390627,-2.02840689026864));
#4834=CARTESIAN_POINT('Origin',(0.,0.,-2.5));
#4835=CARTESIAN_POINT('',(-5.91555932138513,-3.55968733390635,-2.365));
#4836=CARTESIAN_POINT('',(-5.91555932138513,-3.55968733390635,-2.02840689026864));
#4837=CARTESIAN_POINT('',(-0.125000000000001,-6.90286831686654,-2.365));
#4838=CARTESIAN_POINT('Origin',(0.,1.65327317884894E-17,-2.365));
#4839=CARTESIAN_POINT('',(-0.125,-6.90286831686654,-2.09679380344903));
#4840=CARTESIAN_POINT('Origin',(0.,0.,-2.5));
#4841=CARTESIAN_POINT('',(-6.04055932138516,3.3431809829602,-2.365));
#4842=CARTESIAN_POINT('',(-6.04055932138516,3.3431809829602,-2.02840689026864));
#4843=CARTESIAN_POINT('',(-6.04055932138513,-3.34318098296024,-2.365));
#4844=CARTESIAN_POINT('Origin',(0.,1.65327317884894E-17,-2.365));
#4845=CARTESIAN_POINT('',(-6.04055932138514,-3.34318098296024,-2.02840689026864));
#4846=CARTESIAN_POINT('Origin',(0.,0.,-2.5));
#4847=CARTESIAN_POINT('',(-0.125,6.90286831686654,-2.365));
#4848=CARTESIAN_POINT('',(-0.125,6.90286831686654,-2.09679380344903));
#4849=CARTESIAN_POINT('',(-5.91555932138516,3.55968733390631,-2.365));
#4850=CARTESIAN_POINT('Origin',(0.,1.65327317884894E-17,-2.365));
#4851=CARTESIAN_POINT('',(-5.91555932138516,3.55968733390631,-2.02840689026864));
#4852=CARTESIAN_POINT('Origin',(0.,6.904,-2.365));
#4853=CARTESIAN_POINT('',(6.12371120321675,-3.39118874431924,-2.365));
#4854=CARTESIAN_POINT('',(6.12371120321668,3.39118874431936,-2.365));
#4855=CARTESIAN_POINT('Origin',(0.,6.904,-2.365));
#4856=CARTESIAN_POINT('',(0.125,-6.9988838395847,-2.365));
#4857=CARTESIAN_POINT('',(5.99871120321675,-3.60769509526535,-2.365));
#4858=CARTESIAN_POINT('Origin',(0.,6.904,-2.365));
#4859=CARTESIAN_POINT('',(-5.99871120321671,-3.60769509526543,-2.365));
#4860=CARTESIAN_POINT('',(-0.125,-6.9988838395847,-2.365));
#4861=CARTESIAN_POINT('Origin',(0.,6.904,-2.365));
#4862=CARTESIAN_POINT('',(-6.12371120321673,3.39118874431928,-2.365));
#4863=CARTESIAN_POINT('',(-6.1237112032167,-3.39118874431932,-2.365));
#4864=CARTESIAN_POINT('Origin',(0.,6.904,-2.365));
#4865=CARTESIAN_POINT('',(-0.125,6.9988838395847,-2.365));
#4866=CARTESIAN_POINT('',(-5.99871120321673,3.60769509526539,-2.365));
#4867=CARTESIAN_POINT('Origin',(0.,0.,-2.5));
#4868=CARTESIAN_POINT('',(5.99871120321668,3.60769509526547,-2.4625));
#4869=CARTESIAN_POINT('',(0.125,6.9988838395847,-2.4625));
#4870=CARTESIAN_POINT('Origin',(0.,4.59242549680265E-18,-2.4625));
#4871=CARTESIAN_POINT('',(0.125,6.9988838395847,-2.09679380344903));
#4872=CARTESIAN_POINT('',(5.99871120321668,3.60769509526547,-2.02840689026864));
#4873=CARTESIAN_POINT('Origin',(0.,7.,-2.4625));
#4874=CARTESIAN_POINT('',(5.91555932138511,3.55968733390639,-2.4625));
#4875=CARTESIAN_POINT('',(0.125,6.90286831686653,-2.4625));
#4876=CARTESIAN_POINT('Origin',(0.,4.59242549680265E-18,-2.4625));
#4877=CARTESIAN_POINT('',(0.125,6.9988838395847,-2.4625));
#4878=CARTESIAN_POINT('',(5.99871120321668,3.60769509526547,-2.4625));
#4879=CARTESIAN_POINT('Origin',(0.,0.,-2.5));
#4880=CARTESIAN_POINT('',(5.91555932138511,3.55968733390639,-2.365));
#4881=CARTESIAN_POINT('',(0.125000000000001,6.90286831686654,-2.365));
#4882=CARTESIAN_POINT('Origin',(0.,1.65327317884894E-17,-2.365));
#4883=CARTESIAN_POINT('',(0.125,6.90286831686653,-2.09679380344903));
#4884=CARTESIAN_POINT('',(5.91555932138511,3.55968733390639,-2.02840689026864));
#4885=CARTESIAN_POINT('Origin',(0.,6.904,-2.365));
#4886=CARTESIAN_POINT('',(0.125,6.9988838395847,-2.365));
#4887=CARTESIAN_POINT('',(5.99871120321668,3.60769509526547,-2.365));
#4888=CARTESIAN_POINT('Origin',(0.,6.2,-2.365));
#4889=CARTESIAN_POINT('Origin',(0.,4.435,-1.53166666666666));
#4890=CARTESIAN_POINT('Origin',(0.,4.5,-2.305));
#4891=CARTESIAN_POINT('Origin',(0.,7.,-2.175));
#4892=CARTESIAN_POINT('Origin',(0.,4.59242549680267E-18,-2.09679380344903));
#4893=CARTESIAN_POINT('',(-0.125,6.9988838395847,-2.09679380344903));
#4894=CARTESIAN_POINT('',(0.125,6.9988838395847,-2.09679380344903));
#4895=CARTESIAN_POINT('Origin',(0.125,6.9988838395847,-2.09679380344903));
#4896=CARTESIAN_POINT('Origin',(-0.125,6.9988838395847,-2.09679380344903));
#4897=CARTESIAN_POINT('Origin',(-2.19104969333009E-16,-1.21907887528395E-16,
-2.02840689026864));
#4898=CARTESIAN_POINT('',(-6.12371120321673,3.39118874431928,-2.02840689026864));
#4899=CARTESIAN_POINT('',(-5.99871120321673,3.60769509526539,-2.02840689026864));
#4900=CARTESIAN_POINT('Origin',(-5.99871120321673,3.60769509526539,-2.02840689026864));
#4901=CARTESIAN_POINT('Origin',(-6.12371120321673,3.39118874431928,-2.02840689026864));
#4902=CARTESIAN_POINT('Origin',(-2.19104969333008E-16,-3.74908513578791E-16,
-2.02840689026864));
#4903=CARTESIAN_POINT('',(-5.99871120321671,-3.60769509526543,-2.02840689026864));
#4904=CARTESIAN_POINT('',(-6.1237112032167,-3.39118874431932,-2.02840689026864));
#4905=CARTESIAN_POINT('Origin',(-6.1237112032167,-3.39118874431932,-2.02840689026864));
#4906=CARTESIAN_POINT('Origin',(-5.99871120321671,-3.60769509526543,-2.02840689026864));
#4907=CARTESIAN_POINT('Origin',(-0.125,-6.9988838395847,-2.09679380344903));
#4908=CARTESIAN_POINT('Origin',(0.125,-6.9988838395847,-2.09679380344903));
#4909=CARTESIAN_POINT('Origin',(2.1910496933301E-16,-3.74908513578788E-16,
-2.02840689026864));
#4910=CARTESIAN_POINT('',(6.12371120321675,-3.39118874431924,-2.02840689026864));
#4911=CARTESIAN_POINT('',(5.99871120321675,-3.60769509526535,-2.02840689026864));
#4912=CARTESIAN_POINT('Origin',(5.99871120321675,-3.60769509526535,-2.02840689026864));
#4913=CARTESIAN_POINT('Origin',(6.12371120321675,-3.39118874431924,-2.02840689026864));
#4914=CARTESIAN_POINT('Origin',(2.19104969333008E-16,-1.21907887528392E-16,
-2.02840689026864));
#4915=CARTESIAN_POINT('',(5.99871120321668,3.60769509526547,-2.02840689026864));
#4916=CARTESIAN_POINT('',(6.12371120321668,3.39118874431936,-2.02840689026864));
#4917=CARTESIAN_POINT('Origin',(6.12371120321668,3.39118874431936,-2.02840689026864));
#4918=CARTESIAN_POINT('Origin',(5.99871120321668,3.60769509526547,-2.02840689026864));
#4919=CARTESIAN_POINT('Origin',(0.,-5.18158789469974E-16,2.09679380344903));
#4920=CARTESIAN_POINT('',(0.125,-6.99888383958471,2.365));
#4921=CARTESIAN_POINT('',(-0.125,-6.9988838395847,2.365));
#4922=CARTESIAN_POINT('Origin',(0.,-5.838503614935E-16,2.365));
#4923=CARTESIAN_POINT('',(-0.125,-6.9988838395847,2.425));
#4924=CARTESIAN_POINT('',(-0.125,-6.9988838395847,2.09679380344903));
#4925=CARTESIAN_POINT('',(0.125,-6.9988838395847,2.425));
#4926=CARTESIAN_POINT('Origin',(0.,-1.53080849893419E-17,2.425));
#4927=CARTESIAN_POINT('',(0.125,-6.9988838395847,2.09679380344903));
#4928=CARTESIAN_POINT('Origin',(0.,-1.63490319469067E-16,3.83499976958986));
#4929=CARTESIAN_POINT('',(8.57252759403147E-16,7.,2.235));
#4930=CARTESIAN_POINT('',(-8.57252759403147E-16,-7.,2.235));
#4931=CARTESIAN_POINT('Origin',(0.,3.2453140177405E-17,2.235));
#4932=CARTESIAN_POINT('',(-8.1835342016516E-16,-6.68236279011164,2.26702005825857));
#4933=CARTESIAN_POINT('Origin',(-8.57357916024422E-16,-7.00085866897581,
3.83499976958985));
#4934=CARTESIAN_POINT('Origin',(0.,2.85318139919176E-17,2.26702005825857));
#4935=CARTESIAN_POINT('Origin',(0.,3.2453140177405E-17,2.235));
#4936=CARTESIAN_POINT('Origin',(0.,2.12476219652066E-16,0.764999999999997));
#4937=CARTESIAN_POINT('',(-7.78586144837963E-16,-6.35763834421521,2.33297971133128));
#4938=CARTESIAN_POINT('Origin',(0.,2.04540861910809E-17,2.33297971133128));
#4939=CARTESIAN_POINT('',(-7.39581648978701E-16,-6.03914246535104,2.365));
#4940=CARTESIAN_POINT('Origin',(-7.39581648978701E-16,-6.03914246535104,
0.764999999999997));
#4941=CARTESIAN_POINT('Origin',(0.,1.65327317884894E-17,2.365));
#4942=CARTESIAN_POINT('Origin',(0.,2.38806125833736E-17,2.305));
#4943=CARTESIAN_POINT('',(-7.59281015471359E-16,-6.2,2.305));
#4944=CARTESIAN_POINT('Origin',(0.,2.38806125833736E-17,2.305));
#4945=CARTESIAN_POINT('',(-8.3765841061679E-16,-6.84,2.175));
#4946=CARTESIAN_POINT('',(-7.59281015471359E-16,-6.2,2.305));
#4947=CARTESIAN_POINT('Origin',(0.,3.98010209722891E-17,2.175));
#4948=CARTESIAN_POINT('Origin',(0.,0.,2.24));
#4949=CARTESIAN_POINT('',(-5.51091059616309E-16,4.5,2.305));
#4950=CARTESIAN_POINT('Origin',(0.,2.38806125833735E-17,2.305));
#4951=CARTESIAN_POINT('',(-5.43130855421851E-16,4.435,2.24));
#4952=CARTESIAN_POINT('Origin',(-5.51091059616309E-16,4.5,2.24));
#4953=CARTESIAN_POINT('Origin',(0.,3.18408167778313E-17,2.24));
#4954=CARTESIAN_POINT('Origin',(0.,0.,2.5));
#4955=CARTESIAN_POINT('',(-5.43130855421851E-16,4.435,1.53166666666666));
#4956=CARTESIAN_POINT('',(-5.43130855421851E-16,4.435,2.5));
#4957=CARTESIAN_POINT('Origin',(0.,1.18586631717435E-16,1.53166666666666));
#4958=CARTESIAN_POINT('Origin',(0.,0.,2.5));
#4959=CARTESIAN_POINT('',(-5.35782974626967E-16,4.375,1.53166666666666));
#4960=CARTESIAN_POINT('Origin',(0.,1.18586631717435E-16,1.53166666666666));
#4961=CARTESIAN_POINT('',(-5.35782974626967E-16,4.375,2.24));
#4962=CARTESIAN_POINT('',(-5.35782974626967E-16,4.375,2.5));
#4963=CARTESIAN_POINT('Origin',(0.,3.18408167778313E-17,2.24));
#4964=CARTESIAN_POINT('Origin',(0.,0.,2.24));
#4965=CARTESIAN_POINT('',(-5.51091059616309E-16,4.5,2.365));
#4966=CARTESIAN_POINT('Origin',(-5.51091059616309E-16,4.5,2.24));
#4967=CARTESIAN_POINT('Origin',(0.,1.65327317884894E-17,2.365));
#4968=CARTESIAN_POINT('Origin',(0.,3.2453140177405E-17,2.235));
#4969=CARTESIAN_POINT('',(-8.37658410616789E-16,-6.84,2.235));
#4970=CARTESIAN_POINT('Origin',(0.,0.,2.3));
#4971=CARTESIAN_POINT('',(-8.57252759403147E-16,7.,2.365));
#4972=CARTESIAN_POINT('Origin',(-8.57252759403147E-16,7.,2.3));
#4973=CARTESIAN_POINT('',(-0.125,6.99888383958471,2.365));
#4974=CARTESIAN_POINT('Origin',(0.,1.65327317884893E-17,2.365));
#4975=CARTESIAN_POINT('',(-5.99871120321673,3.60769509526539,2.365));
#4976=CARTESIAN_POINT('Origin',(0.,1.65327317884893E-17,2.365));
#4977=CARTESIAN_POINT('',(-6.12371120321674,3.39118874431928,2.365));
#4978=CARTESIAN_POINT('Origin',(-2.54803201103659E-16,-1.42518271250774E-16,
2.365));
#4979=CARTESIAN_POINT('',(-6.1237112032167,-3.39118874431932,2.365));
#4980=CARTESIAN_POINT('Origin',(0.,1.65327317884893E-17,2.365));
#4981=CARTESIAN_POINT('',(-5.99871120321671,-3.60769509526544,2.365));
#4982=CARTESIAN_POINT('Origin',(-2.54803201103658E-16,-4.36739664745926E-16,
2.365));
#4983=CARTESIAN_POINT('Origin',(0.,1.65327317884893E-17,2.365));
#4984=CARTESIAN_POINT('',(5.99871120321675,-3.60769509526535,2.365));
#4985=CARTESIAN_POINT('Origin',(0.,1.65327317884893E-17,2.365));
#4986=CARTESIAN_POINT('',(6.12371120321676,-3.39118874431924,2.365));
#4987=CARTESIAN_POINT('Origin',(2.5480320110366E-16,-4.36739664745922E-16,
2.365));
#4988=CARTESIAN_POINT('',(6.12371120321668,3.39118874431936,2.365));
#4989=CARTESIAN_POINT('Origin',(0.,1.65327317884893E-17,2.365));
#4990=CARTESIAN_POINT('',(5.99871120321669,3.60769509526548,2.365));
#4991=CARTESIAN_POINT('Origin',(2.54803201103657E-16,-1.4251827125077E-16,
2.365));
#4992=CARTESIAN_POINT('',(0.125,6.9988838395847,2.365));
#4993=CARTESIAN_POINT('Origin',(0.,1.65327317884893E-17,2.365));
#4994=CARTESIAN_POINT('Origin',(0.,1.65327317884893E-17,2.365));
#4995=CARTESIAN_POINT('Origin',(0.,0.,2.3));
#4996=CARTESIAN_POINT('',(-5.99871120321671,-3.60769509526543,2.425));
#4997=CARTESIAN_POINT('Origin',(0.,9.18485099360525E-18,2.425));
#4998=CARTESIAN_POINT('',(-6.1237112032167,-3.39118874431932,2.425));
#4999=CARTESIAN_POINT('Origin',(0.,-1.53080849893419E-17,2.425));
#5000=CARTESIAN_POINT('',(-6.12371120321673,3.39118874431928,2.425));
#5001=CARTESIAN_POINT('Origin',(0.,9.18485099360525E-18,2.425));
#5002=CARTESIAN_POINT('',(-5.99871120321673,3.60769509526539,2.425));
#5003=CARTESIAN_POINT('Origin',(0.,-1.53080849893419E-17,2.425));
#5004=CARTESIAN_POINT('',(-0.125,6.9988838395847,2.425));
#5005=CARTESIAN_POINT('Origin',(0.,9.18485099360525E-18,2.425));
#5006=CARTESIAN_POINT('',(-8.57252759403147E-16,7.,2.425));
#5007=CARTESIAN_POINT('Origin',(0.,9.18485099360525E-18,2.425));
#5008=CARTESIAN_POINT('',(-8.57252759403147E-16,7.,2.175));
#5009=CARTESIAN_POINT('Origin',(-8.57252759403147E-16,7.,2.3));
#5010=CARTESIAN_POINT('Origin',(0.,3.98010209722891E-17,2.175));
#5011=CARTESIAN_POINT('',(0.125,6.9988838395847,2.425));
#5012=CARTESIAN_POINT('Origin',(0.,9.18485099360525E-18,2.425));
#5013=CARTESIAN_POINT('',(5.99871120321668,3.60769509526547,2.425));
#5014=CARTESIAN_POINT('Origin',(0.,9.18485099360525E-18,2.425));
#5015=CARTESIAN_POINT('',(6.12371120321668,3.39118874431936,2.425));
#5016=CARTESIAN_POINT('Origin',(0.,-1.53080849893419E-17,2.425));
#5017=CARTESIAN_POINT('',(6.12371120321675,-3.39118874431924,2.425));
#5018=CARTESIAN_POINT('Origin',(0.,9.18485099360525E-18,2.425));
#5019=CARTESIAN_POINT('',(5.99871120321675,-3.60769509526535,2.425));
#5020=CARTESIAN_POINT('Origin',(0.,-1.53080849893419E-17,2.425));
#5021=CARTESIAN_POINT('Origin',(0.,9.18485099360525E-18,2.425));
#5022=CARTESIAN_POINT('Origin',(0.,0.,2.5));
#5023=CARTESIAN_POINT('',(6.12371120321668,3.39118874431936,2.4625));
#5024=CARTESIAN_POINT('',(6.12371120321668,3.39118874431936,2.02840689026864));
#5025=CARTESIAN_POINT('',(6.12371120321675,-3.39118874431924,2.4625));
#5026=CARTESIAN_POINT('Origin',(0.,4.59242549680265E-18,2.4625));
#5027=CARTESIAN_POINT('',(6.12371120321675,-3.39118874431924,2.02840689026864));
#5028=CARTESIAN_POINT('Origin',(0.,0.,2.5));
#5029=CARTESIAN_POINT('',(5.99871120321675,-3.60769509526535,2.4625));
#5030=CARTESIAN_POINT('',(5.99871120321675,-3.60769509526535,2.02840689026864));
#5031=CARTESIAN_POINT('',(0.125,-6.9988838395847,2.4625));
#5032=CARTESIAN_POINT('Origin',(0.,4.59242549680265E-18,2.4625));
#5033=CARTESIAN_POINT('',(0.125,-6.9988838395847,2.09679380344903));
#5034=CARTESIAN_POINT('Origin',(0.,0.,2.5));
#5035=CARTESIAN_POINT('',(-0.125,-6.9988838395847,2.4625));
#5036=CARTESIAN_POINT('',(-0.125,-6.9988838395847,2.09679380344903));
#5037=CARTESIAN_POINT('',(-5.99871120321671,-3.60769509526543,2.4625));
#5038=CARTESIAN_POINT('Origin',(0.,4.59242549680265E-18,2.4625));
#5039=CARTESIAN_POINT('',(-5.99871120321671,-3.60769509526543,2.02840689026864));
#5040=CARTESIAN_POINT('Origin',(0.,0.,2.5));
#5041=CARTESIAN_POINT('',(-6.1237112032167,-3.39118874431932,2.4625));
#5042=CARTESIAN_POINT('',(-6.1237112032167,-3.39118874431932,2.02840689026864));
#5043=CARTESIAN_POINT('',(-6.12371120321673,3.39118874431928,2.4625));
#5044=CARTESIAN_POINT('Origin',(0.,4.59242549680265E-18,2.4625));
#5045=CARTESIAN_POINT('',(-6.12371120321673,3.39118874431928,2.02840689026864));
#5046=CARTESIAN_POINT('Origin',(0.,0.,2.5));
#5047=CARTESIAN_POINT('',(-5.99871120321673,3.60769509526539,2.4625));
#5048=CARTESIAN_POINT('',(-5.99871120321673,3.60769509526539,2.02840689026864));
#5049=CARTESIAN_POINT('',(-0.125,6.9988838395847,2.4625));
#5050=CARTESIAN_POINT('Origin',(0.,4.59242549680265E-18,2.4625));
#5051=CARTESIAN_POINT('',(-0.125,6.9988838395847,2.09679380344903));
#5052=CARTESIAN_POINT('Origin',(0.,7.,2.4625));
#5053=CARTESIAN_POINT('',(6.04055932138511,3.34318098296028,2.4625));
#5054=CARTESIAN_POINT('',(6.12371120321668,3.39118874431936,2.4625));
#5055=CARTESIAN_POINT('',(6.04055932138518,-3.34318098296016,2.4625));
#5056=CARTESIAN_POINT('Origin',(0.,4.59242549680265E-18,2.4625));
#5057=CARTESIAN_POINT('',(6.12371120321675,-3.39118874431924,2.4625));
#5058=CARTESIAN_POINT('Origin',(0.,7.,2.4625));
#5059=CARTESIAN_POINT('',(5.91555932138518,-3.55968733390627,2.4625));
#5060=CARTESIAN_POINT('',(5.99871120321675,-3.60769509526535,2.4625));
#5061=CARTESIAN_POINT('',(0.125,-6.90286831686654,2.4625));
#5062=CARTESIAN_POINT('Origin',(0.,4.59242549680265E-18,2.4625));
#5063=CARTESIAN_POINT('',(0.125,-6.9988838395847,2.4625));
#5064=CARTESIAN_POINT('Origin',(0.,7.,2.4625));
#5065=CARTESIAN_POINT('',(-0.125,-6.90286831686654,2.4625));
#5066=CARTESIAN_POINT('',(-0.125,-6.9988838395847,2.4625));
#5067=CARTESIAN_POINT('',(-5.91555932138513,-3.55968733390635,2.4625));
#5068=CARTESIAN_POINT('Origin',(0.,4.59242549680265E-18,2.4625));
#5069=CARTESIAN_POINT('',(-5.99871120321671,-3.60769509526543,2.4625));
#5070=CARTESIAN_POINT('Origin',(0.,7.,2.4625));
#5071=CARTESIAN_POINT('',(-6.04055932138514,-3.34318098296024,2.4625));
#5072=CARTESIAN_POINT('',(-6.1237112032167,-3.39118874431932,2.4625));
#5073=CARTESIAN_POINT('',(-6.04055932138516,3.3431809829602,2.4625));
#5074=CARTESIAN_POINT('Origin',(0.,4.59242549680265E-18,2.4625));
#5075=CARTESIAN_POINT('',(-6.12371120321673,3.39118874431928,2.4625));
#5076=CARTESIAN_POINT('Origin',(0.,7.,2.4625));
#5077=CARTESIAN_POINT('',(-5.91555932138516,3.55968733390631,2.4625));
#5078=CARTESIAN_POINT('',(-5.99871120321673,3.60769509526539,2.4625));
#5079=CARTESIAN_POINT('',(-0.125,6.90286831686654,2.4625));
#5080=CARTESIAN_POINT('Origin',(0.,4.59242549680265E-18,2.4625));
#5081=CARTESIAN_POINT('',(-0.125,6.9988838395847,2.4625));
#5082=CARTESIAN_POINT('Origin',(0.,0.,2.5));
#5083=CARTESIAN_POINT('',(6.04055932138511,3.34318098296028,2.365));
#5084=CARTESIAN_POINT('',(6.04055932138511,3.34318098296028,2.02840689026864));
#5085=CARTESIAN_POINT('',(6.04055932138518,-3.34318098296016,2.365));
#5086=CARTESIAN_POINT('Origin',(0.,1.65327317884894E-17,2.365));
#5087=CARTESIAN_POINT('',(6.04055932138518,-3.34318098296016,2.02840689026864));
#5088=CARTESIAN_POINT('Origin',(0.,0.,2.5));
#5089=CARTESIAN_POINT('',(5.91555932138518,-3.55968733390627,2.365));
#5090=CARTESIAN_POINT('',(5.91555932138518,-3.55968733390627,2.02840689026864));
#5091=CARTESIAN_POINT('',(0.125,-6.90286831686654,2.365));
#5092=CARTESIAN_POINT('Origin',(0.,1.65327317884894E-17,2.365));
#5093=CARTESIAN_POINT('',(0.125,-6.90286831686654,2.09679380344903));
#5094=CARTESIAN_POINT('Origin',(0.,0.,2.5));
#5095=CARTESIAN_POINT('',(-0.125000000000001,-6.90286831686654,2.365));
#5096=CARTESIAN_POINT('',(-0.125,-6.90286831686654,2.09679380344903));
#5097=CARTESIAN_POINT('',(-5.91555932138513,-3.55968733390635,2.365));
#5098=CARTESIAN_POINT('Origin',(0.,1.65327317884894E-17,2.365));
#5099=CARTESIAN_POINT('',(-5.91555932138513,-3.55968733390635,2.02840689026864));
#5100=CARTESIAN_POINT('Origin',(0.,0.,2.5));
#5101=CARTESIAN_POINT('',(-6.04055932138513,-3.34318098296024,2.365));
#5102=CARTESIAN_POINT('',(-6.04055932138514,-3.34318098296024,2.02840689026864));
#5103=CARTESIAN_POINT('',(-6.04055932138516,3.3431809829602,2.365));
#5104=CARTESIAN_POINT('Origin',(0.,1.65327317884894E-17,2.365));
#5105=CARTESIAN_POINT('',(-6.04055932138516,3.3431809829602,2.02840689026864));
#5106=CARTESIAN_POINT('Origin',(0.,0.,2.5));
#5107=CARTESIAN_POINT('',(-5.91555932138516,3.55968733390631,2.365));
#5108=CARTESIAN_POINT('',(-5.91555932138516,3.55968733390631,2.02840689026864));
#5109=CARTESIAN_POINT('',(-0.125,6.90286831686654,2.365));
#5110=CARTESIAN_POINT('Origin',(0.,1.65327317884894E-17,2.365));
#5111=CARTESIAN_POINT('',(-0.125,6.90286831686654,2.09679380344903));
#5112=CARTESIAN_POINT('Origin',(0.,6.904,2.365));
#5113=CARTESIAN_POINT('',(6.12371120321668,3.39118874431936,2.365));
#5114=CARTESIAN_POINT('',(6.12371120321675,-3.39118874431924,2.365));
#5115=CARTESIAN_POINT('Origin',(0.,6.904,2.365));
#5116=CARTESIAN_POINT('',(5.99871120321675,-3.60769509526535,2.365));
#5117=CARTESIAN_POINT('',(0.125,-6.9988838395847,2.365));
#5118=CARTESIAN_POINT('Origin',(0.,6.904,2.365));
#5119=CARTESIAN_POINT('',(-0.125,-6.9988838395847,2.365));
#5120=CARTESIAN_POINT('',(-5.99871120321671,-3.60769509526543,2.365));
#5121=CARTESIAN_POINT('Origin',(0.,6.904,2.365));
#5122=CARTESIAN_POINT('',(-6.1237112032167,-3.39118874431932,2.365));
#5123=CARTESIAN_POINT('',(-6.12371120321673,3.39118874431928,2.365));
#5124=CARTESIAN_POINT('Origin',(0.,6.904,2.365));
#5125=CARTESIAN_POINT('',(-5.99871120321673,3.60769509526539,2.365));
#5126=CARTESIAN_POINT('',(-0.125,6.9988838395847,2.365));
#5127=CARTESIAN_POINT('Origin',(0.,0.,2.5));
#5128=CARTESIAN_POINT('',(5.99871120321668,3.60769509526547,2.4625));
#5129=CARTESIAN_POINT('',(0.125,6.9988838395847,2.4625));
#5130=CARTESIAN_POINT('Origin',(0.,4.59242549680265E-18,2.4625));
#5131=CARTESIAN_POINT('',(5.99871120321668,3.60769509526547,2.02840689026864));
#5132=CARTESIAN_POINT('',(0.125,6.9988838395847,2.09679380344903));
#5133=CARTESIAN_POINT('Origin',(0.,7.,2.4625));
#5134=CARTESIAN_POINT('',(5.91555932138511,3.55968733390639,2.4625));
#5135=CARTESIAN_POINT('',(0.125,6.90286831686653,2.4625));
#5136=CARTESIAN_POINT('Origin',(0.,4.59242549680265E-18,2.4625));
#5137=CARTESIAN_POINT('',(5.99871120321668,3.60769509526547,2.4625));
#5138=CARTESIAN_POINT('',(0.125,6.9988838395847,2.4625));
#5139=CARTESIAN_POINT('Origin',(0.,0.,2.5));
#5140=CARTESIAN_POINT('',(5.91555932138511,3.55968733390639,2.365));
#5141=CARTESIAN_POINT('',(0.125000000000001,6.90286831686654,2.365));
#5142=CARTESIAN_POINT('Origin',(0.,1.65327317884894E-17,2.365));
#5143=CARTESIAN_POINT('',(5.91555932138511,3.55968733390639,2.02840689026864));
#5144=CARTESIAN_POINT('',(0.125,6.90286831686653,2.09679380344903));
#5145=CARTESIAN_POINT('Origin',(0.,6.904,2.365));
#5146=CARTESIAN_POINT('',(5.99871120321668,3.60769509526547,2.365));
#5147=CARTESIAN_POINT('',(0.125,6.9988838395847,2.365));
#5148=CARTESIAN_POINT('Origin',(0.,6.2,2.365));
#5149=CARTESIAN_POINT('Origin',(0.,4.435,1.53166666666666));
#5150=CARTESIAN_POINT('Origin',(0.,4.5,2.305));
#5151=CARTESIAN_POINT('Origin',(0.,7.,2.175));
#5152=CARTESIAN_POINT('Origin',(0.,4.59242549680267E-18,2.09679380344903));
#5153=CARTESIAN_POINT('',(-0.125,6.9988838395847,2.09679380344903));
#5154=CARTESIAN_POINT('',(0.125,6.9988838395847,2.09679380344903));
#5155=CARTESIAN_POINT('Origin',(0.125,6.9988838395847,2.09679380344903));
#5156=CARTESIAN_POINT('Origin',(-0.125,6.9988838395847,2.09679380344903));
#5157=CARTESIAN_POINT('Origin',(-2.19104969333009E-16,-1.21907887528395E-16,
2.02840689026864));
#5158=CARTESIAN_POINT('',(-6.12371120321673,3.39118874431928,2.02840689026864));
#5159=CARTESIAN_POINT('',(-5.99871120321673,3.60769509526539,2.02840689026864));
#5160=CARTESIAN_POINT('Origin',(-5.99871120321673,3.60769509526539,2.02840689026864));
#5161=CARTESIAN_POINT('Origin',(-6.12371120321673,3.39118874431928,2.02840689026864));
#5162=CARTESIAN_POINT('Origin',(-2.19104969333008E-16,-3.74908513578791E-16,
2.02840689026864));
#5163=CARTESIAN_POINT('',(-5.99871120321671,-3.60769509526543,2.02840689026864));
#5164=CARTESIAN_POINT('',(-6.1237112032167,-3.39118874431932,2.02840689026864));
#5165=CARTESIAN_POINT('Origin',(-6.1237112032167,-3.39118874431932,2.02840689026864));
#5166=CARTESIAN_POINT('Origin',(-5.99871120321671,-3.60769509526543,2.02840689026864));
#5167=CARTESIAN_POINT('Origin',(-0.125,-6.9988838395847,2.09679380344903));
#5168=CARTESIAN_POINT('Origin',(0.125,-6.9988838395847,2.09679380344903));
#5169=CARTESIAN_POINT('Origin',(2.1910496933301E-16,-3.74908513578788E-16,
2.02840689026864));
#5170=CARTESIAN_POINT('',(6.12371120321675,-3.39118874431924,2.02840689026864));
#5171=CARTESIAN_POINT('',(5.99871120321675,-3.60769509526535,2.02840689026864));
#5172=CARTESIAN_POINT('Origin',(5.99871120321675,-3.60769509526535,2.02840689026864));
#5173=CARTESIAN_POINT('Origin',(6.12371120321675,-3.39118874431924,2.02840689026864));
#5174=CARTESIAN_POINT('Origin',(2.19104969333008E-16,-1.21907887528392E-16,
2.02840689026864));
#5175=CARTESIAN_POINT('',(5.99871120321668,3.60769509526547,2.02840689026864));
#5176=CARTESIAN_POINT('',(6.12371120321668,3.39118874431936,2.02840689026864));
#5177=CARTESIAN_POINT('Origin',(6.12371120321668,3.39118874431936,2.02840689026864));
#5178=CARTESIAN_POINT('Origin',(5.99871120321668,3.60769509526547,2.02840689026864));
#5179=CARTESIAN_POINT('',(0.,0.,0.));
#5180=CARTESIAN_POINT('',(0.,0.,0.));
#5181=CARTESIAN_POINT('Origin',(-10.0000001490116,-4.00016666666674,200.8));
#5182=CARTESIAN_POINT('',(-8.73700038294622,-8.80674699304732,200.799501717859));
#5183=CARTESIAN_POINT('',(-8.73631190757783,-8.94358634028616,200.79823776051));
#5184=CARTESIAN_POINT('',(-8.73550014901161,-4.00016666666674,200.8));
#5185=CARTESIAN_POINT('',(-9.04188399628864,-9.00016666666669,201.625211298936));
#5186=CARTESIAN_POINT('Ctrl Pts',(-8.73631190757783,-8.94358634028616,200.79823776051));
#5187=CARTESIAN_POINT('Ctrl Pts',(-8.73875250540259,-8.96244644907967,201.0974234717));
#5188=CARTESIAN_POINT('Ctrl Pts',(-8.84630634631799,-8.98130655787318,201.398134784363));
#5189=CARTESIAN_POINT('Ctrl Pts',(-9.04188399628862,-9.00016666666668,201.625211298936));
#5190=CARTESIAN_POINT('',(-10.9598058730784,-9.00016666666668,201.626056049442));
#5191=CARTESIAN_POINT('Origin',(-10.0000001490116,-9.00016666666669,200.8));
#5192=CARTESIAN_POINT('Ctrl Pts',(-10.9598058730784,-9.00016666666668,201.626056049442));
#5193=CARTESIAN_POINT('Ctrl Pts',(-10.7146928299551,-8.97659287201469,201.907632032292));
#5194=CARTESIAN_POINT('Ctrl Pts',(-10.3363215586191,-8.9530190773627,202.076732968064));
#5195=CARTESIAN_POINT('Ctrl Pts',(-9.96331413900563,-8.92944528271071,202.065889062896));
#5196=CARTESIAN_POINT('Ctrl Pts',(-9.55628859847936,-8.90372156783013,202.054056198104));
#5197=CARTESIAN_POINT('Ctrl Pts',(-9.15564988485653,-8.87799785294954,201.82796003695));
#5198=CARTESIAN_POINT('Ctrl Pts',(-8.93525812087026,-8.85227413806896,201.485680172149));
#5199=CARTESIAN_POINT('Ctrl Pts',(-8.80523791905577,-8.83709842306174,201.283752040656));
#5200=CARTESIAN_POINT('Ctrl Pts',(-8.73795112411667,-8.82192270805453,201.041387166305));
#5201=CARTESIAN_POINT('Ctrl Pts',(-8.73700038294622,-8.80674699304732,200.799501717859));
#5202=CARTESIAN_POINT('Origin',(-10.0000001490116,-4.00016666666674,200.8));
#5203=CARTESIAN_POINT('',(-8.73379573777775,-8.30674699304732,200.80044630981));
#5204=CARTESIAN_POINT('',(-8.7351668842029,-8.44358634028616,200.8009847484));
#5205=CARTESIAN_POINT('',(-8.73550014901161,-4.00016666666674,200.8));
#5206=CARTESIAN_POINT('Ctrl Pts',(-8.7351668842029,-8.44358634028616,200.8009847484));
#5207=CARTESIAN_POINT('Ctrl Pts',(-8.73443715865268,-8.44904711158223,200.887700538205));
#5208=CARTESIAN_POINT('Ctrl Pts',(-8.7426423610759,-8.4545078828783,200.974279012501));
#5209=CARTESIAN_POINT('Ctrl Pts',(-8.7603092483178,-8.45996865417438,201.058881175932));
#5210=CARTESIAN_POINT('Ctrl Pts',(-8.8435315525672,-8.48569236905496,201.457411312498));
#5211=CARTESIAN_POINT('Ctrl Pts',(-9.1367096562511,-8.51141608393555,201.812086899314));
#5212=CARTESIAN_POINT('Ctrl Pts',(-9.51246638428261,-8.53713979881613,201.968825179662));
#5213=CARTESIAN_POINT('Ctrl Pts',(-9.88822311231413,-8.56286351369672,202.125563460009));
#5214=CARTESIAN_POINT('Ctrl Pts',(-10.3465584646933,-8.58858722857731,202.084364433886));
#5215=CARTESIAN_POINT('Ctrl Pts',(-10.6883035460575,-8.61431094345789,201.863075013801));
#5216=CARTESIAN_POINT('Ctrl Pts',(-11.0300486274218,-8.64003465833848,201.641785593717));
#5217=CARTESIAN_POINT('Ctrl Pts',(-11.2552034377712,-8.66575837321906,201.240405779669));
#5218=CARTESIAN_POINT('Ctrl Pts',(-11.2659834816231,-8.69148208809965,200.833451464234));
#5219=CARTESIAN_POINT('Ctrl Pts',(-11.276763525475,-8.71720580298024,200.426497148798));
#5220=CARTESIAN_POINT('Ctrl Pts',(-11.0731688028294,-8.74292951786083,200.013968331974));
#5221=CARTESIAN_POINT('Ctrl Pts',(-10.7435713186182,-8.76865323274141,199.77485476367));
#5222=CARTESIAN_POINT('Ctrl Pts',(-10.4139738344069,-8.794376947622,199.535741195365));
#5223=CARTESIAN_POINT('Ctrl Pts',(-9.95837358863006,-8.82010066250258,199.470042875581));
#5224=CARTESIAN_POINT('Ctrl Pts',(-9.57496531888827,-8.84582437738317,199.606820342651));
#5225=CARTESIAN_POINT('Ctrl Pts',(-9.19155704914649,-8.87154809226376,199.743597809722));
#5226=CARTESIAN_POINT('Ctrl Pts',(-8.88034075543979,-8.89727180714434,200.082851063647));
#5227=CARTESIAN_POINT('Ctrl Pts',(-8.77623433363698,-8.92299552202493,200.475825779773));
#5228=CARTESIAN_POINT('Ctrl Pts',(-8.74845664002987,-8.92985912811201,200.58067936201));
#5229=CARTESIAN_POINT('Ctrl Pts',(-8.73542372065008,-8.93672273419909,200.689357536595));
#5230=CARTESIAN_POINT('Ctrl Pts',(-8.73631190757783,-8.94358634028616,200.79823776051));
#5231=CARTESIAN_POINT('Ctrl Pts',(-8.73700038294622,-8.80674699304732,200.799501717859));
#5232=CARTESIAN_POINT('Ctrl Pts',(-8.73633956283062,-8.79619899317395,200.631377337666));
#5233=CARTESIAN_POINT('Ctrl Pts',(-8.76772604966186,-8.78565099330057,200.463484570724));
#5234=CARTESIAN_POINT('Ctrl Pts',(-8.83236956259941,-8.7751029934272,200.30956250242));
#5235=CARTESIAN_POINT('Ctrl Pts',(-8.99001758266455,-8.74937927854661,199.934188265937));
#5236=CARTESIAN_POINT('Ctrl Pts',(-9.34545843714457,-8.72365556366603,199.641903361419));
#5237=CARTESIAN_POINT('Ctrl Pts',(-9.74420428581268,-8.69793184878544,199.559673419182));
#5238=CARTESIAN_POINT('Ctrl Pts',(-10.1429501344808,-8.67220813390485,199.477443476946));
#5239=CARTESIAN_POINT('Ctrl Pts',(-10.585000977337,-8.64648441902426,199.605268496991));
#5240=CARTESIAN_POINT('Ctrl Pts',(-10.8783063208903,-8.62076070414368,199.887623247899));
#5241=CARTESIAN_POINT('Ctrl Pts',(-11.1716116644437,-8.59503698926309,200.169977998807));
#5242=CARTESIAN_POINT('Ctrl Pts',(-11.3161715086942,-8.56931327438251,200.606862480578));
#5243=CARTESIAN_POINT('Ctrl Pts',(-11.2491638118887,-8.54358955950192,201.008441746402));
#5244=CARTESIAN_POINT('Ctrl Pts',(-11.1821561150832,-8.51786584462133,201.410021012226));
#5245=CARTESIAN_POINT('Ctrl Pts',(-10.9035808772217,-8.49214212974075,201.776295062104));
#5246=CARTESIAN_POINT('Ctrl Pts',(-10.5344847973908,-8.46641841486016,201.948119829369));
#5247=CARTESIAN_POINT('Ctrl Pts',(-10.16538871756,-8.44069469997957,202.119944596635));
#5248=CARTESIAN_POINT('Ctrl Pts',(-9.70577179575976,-8.41497098509899,202.097320081288));
#5249=CARTESIAN_POINT('Ctrl Pts',(-9.35533697324096,-8.3892472702184,201.890075184326));
#5250=CARTESIAN_POINT('Ctrl Pts',(-9.00490215072216,-8.36352355533782,201.682830287364));
#5251=CARTESIAN_POINT('Ctrl Pts',(-8.76364942748475,-8.33779984045723,201.290965008788));
#5252=CARTESIAN_POINT('Ctrl Pts',(-8.73640499229663,-8.31207612557664,200.884746892374));
#5253=CARTESIAN_POINT('Ctrl Pts',(-8.73452359988658,-8.31029974806687,200.856695083784));
#5254=CARTESIAN_POINT('Ctrl Pts',(-8.73366275621569,-8.30852337055709,200.828574830319));
#5255=CARTESIAN_POINT('Ctrl Pts',(-8.73379573777775,-8.30674699304732,200.80044630981));
#5256=CARTESIAN_POINT('Origin',(-10.0000001490116,-4.00016666666674,200.8));
#5257=CARTESIAN_POINT('',(-8.73715417663614,-7.80674699304732,200.799715917055));
#5258=CARTESIAN_POINT('',(-8.73620355341941,-7.94358634028616,200.799088127963));
#5259=CARTESIAN_POINT('',(-8.73550014901161,-4.00016666666674,200.8));
#5260=CARTESIAN_POINT('Ctrl Pts',(-8.73620355341941,-7.94358634028616,200.799088127963));
#5261=CARTESIAN_POINT('Ctrl Pts',(-8.73824552919015,-7.96137148896538,201.08210850174));
#5262=CARTESIAN_POINT('Ctrl Pts',(-8.83281697490129,-7.9791566376446,201.366367790638));
#5263=CARTESIAN_POINT('Ctrl Pts',(-9.00772296771885,-7.99694178632382,201.58691828504));
#5264=CARTESIAN_POINT('Ctrl Pts',(-9.26069987397332,-8.0226655012044,201.90591353985));
#5265=CARTESIAN_POINT('Ctrl Pts',(-9.68173305167464,-8.04838921608499,202.091632852401));
#5266=CARTESIAN_POINT('Ctrl Pts',(-10.0878822290575,-8.07411293096558,202.063380767634));
#5267=CARTESIAN_POINT('Ctrl Pts',(-10.4940314064404,-8.09983664584617,202.035128682866));
#5268=CARTESIAN_POINT('Ctrl Pts',(-10.8852965835048,-8.12556036072675,201.792905200778));
#5269=CARTESIAN_POINT('Ctrl Pts',(-11.0916714487252,-8.15128407560734,201.441956736783));
#5270=CARTESIAN_POINT('Ctrl Pts',(-11.2980463139457,-8.17700779048793,201.091008272788));
#5271=CARTESIAN_POINT('Ctrl Pts',(-11.3195308673223,-8.20273150536851,200.631334826886));
#5272=CARTESIAN_POINT('Ctrl Pts',(-11.1467904518931,-8.2284552202491,200.262667289667));
#5273=CARTESIAN_POINT('Ctrl Pts',(-10.9740500364638,-8.25417893512968,199.893999752449));
#5274=CARTESIAN_POINT('Ctrl Pts',(-10.6070846522288,-8.27990265001027,199.616338123913));
#5275=CARTESIAN_POINT('Ctrl Pts',(-10.2053410711854,-8.30562636489086,199.550324838205));
#5276=CARTESIAN_POINT('Ctrl Pts',(-9.803597490142,-8.33135007977144,199.484311552497));
#5277=CARTESIAN_POINT('Ctrl Pts',(-9.36707571229029,-8.35707379465203,199.629946609616));
#5278=CARTESIAN_POINT('Ctrl Pts',(-9.08544807577189,-8.38279750953262,199.923956481333));
#5279=CARTESIAN_POINT('Ctrl Pts',(-8.86360589873395,-8.40306045311713,200.155552324762));
#5280=CARTESIAN_POINT('Ctrl Pts',(-8.73787463130576,-8.42332339670165,200.479213873656));
#5281=CARTESIAN_POINT('Ctrl Pts',(-8.7351668842029,-8.44358634028616,200.8009847484));
#5282=CARTESIAN_POINT('Ctrl Pts',(-8.73379573777775,-8.30674699304732,200.80044630981));
#5283=CARTESIAN_POINT('Ctrl Pts',(-8.73558846162907,-8.28279965567651,200.421245848957));
#5284=CARTESIAN_POINT('Ctrl Pts',(-8.91799624237245,-8.25885231830569,200.040542958507));
#5285=CARTESIAN_POINT('Ctrl Pts',(-9.21554651760031,-8.23490498093488,199.805773264507));
#5286=CARTESIAN_POINT('Ctrl Pts',(-9.53516862523097,-8.20918126605429,199.553588707303));
#5287=CARTESIAN_POINT('Ctrl Pts',(-9.98764898763111,-8.18345755117371,199.469790547145));
#5288=CARTESIAN_POINT('Ctrl Pts',(-10.3763835338746,-8.15773383629312,199.59078950683));
#5289=CARTESIAN_POINT('Ctrl Pts',(-10.765118080118,-8.13201012141254,199.711788466515));
#5290=CARTESIAN_POINT('Ctrl Pts',(-11.0901068102047,-8.10628640653195,200.037584546042));
#5291=CARTESIAN_POINT('Ctrl Pts',(-11.2101408568223,-8.08056269165136,200.426618189789));
#5292=CARTESIAN_POINT('Ctrl Pts',(-11.3301749034399,-8.05483897677078,200.815651833536));
#5293=CARTESIAN_POINT('Ctrl Pts',(-11.2452542665882,-8.02911526189019,201.267923041503));
#5294=CARTESIAN_POINT('Ctrl Pts',(-10.9922773542339,-8.00339154700961,201.586918304012));
#5295=CARTESIAN_POINT('Ctrl Pts',(-10.7393004418796,-7.97766783212902,201.905913566522));
#5296=CARTESIAN_POINT('Ctrl Pts',(-10.3182672540226,-7.95194411724843,202.091632883574));
#5297=CARTESIAN_POINT('Ctrl Pts',(-9.9121180668445,-7.92622040236784,202.063380798112));
#5298=CARTESIAN_POINT('Ctrl Pts',(-9.50596887966642,-7.90049668748726,202.035128712649));
#5299=CARTESIAN_POINT('Ctrl Pts',(-9.11470369316728,-7.87477297260667,201.792905224671));
#5300=CARTESIAN_POINT('Ctrl Pts',(-8.90832882297217,-7.84904925772609,201.441956752238));
#5301=CARTESIAN_POINT('Ctrl Pts',(-8.79520202638822,-7.83494850283317,201.249580246247));
#5302=CARTESIAN_POINT('Ctrl Pts',(-8.73763129999516,-7.82084774794024,201.024533922883));
#5303=CARTESIAN_POINT('Ctrl Pts',(-8.73715417663614,-7.80674699304732,200.799715917055));
#5304=CARTESIAN_POINT('Origin',(-10.0000001490116,-4.00016666666674,200.8));
#5305=CARTESIAN_POINT('',(-8.73361132909308,-7.30674699304732,200.800152966846));
#5306=CARTESIAN_POINT('',(-8.73470163583435,-7.44358634028616,200.800899782728));
#5307=CARTESIAN_POINT('',(-8.73550014901161,-4.00016666666674,200.8));
#5308=CARTESIAN_POINT('',(-10.958116301734,-7.00016666666674,201.625211298936));
#5309=CARTESIAN_POINT('Ctrl Pts',(-8.73361132909308,-7.30674699304732,200.800152966846));
#5310=CARTESIAN_POINT('Ctrl Pts',(-8.73443339363884,-7.28172469556222,200.404128938346));
#5311=CARTESIAN_POINT('Ctrl Pts',(-8.93581870251701,-7.25670239807712,200.00744830318));
#5312=CARTESIAN_POINT('Ctrl Pts',(-9.25642894390709,-7.23168010059201,199.774854719647));
#5313=CARTESIAN_POINT('Ctrl Pts',(-9.58602643359501,-7.20595638571143,199.535741143869));
#5314=CARTESIAN_POINT('Ctrl Pts',(-10.0416266936106,-7.18023267083084,199.470042831536));
#5315=CARTESIAN_POINT('Ctrl Pts',(-10.4250349468921,-7.15450895595025,199.606820280424));
#5316=CARTESIAN_POINT('Ctrl Pts',(-10.8084432001736,-7.12878524106967,199.743597729312));
#5317=CARTESIAN_POINT('Ctrl Pts',(-11.1196594467211,-7.10306152618908,200.08285093942));
#5318=CARTESIAN_POINT('Ctrl Pts',(-11.2237658806996,-7.0773378113085,200.475825675649));
#5319=CARTESIAN_POINT('Ctrl Pts',(-11.3278723146781,-7.05161409642791,200.868800411878));
#5320=CARTESIAN_POINT('Ctrl Pts',(-11.2248689360876,-7.02589038154732,201.315496674228));
#5321=CARTESIAN_POINT('Ctrl Pts',(-10.958116301734,-7.00016666666674,201.625211298936));
#5322=CARTESIAN_POINT('',(-9.04019443398563,-7.00016666666674,201.626055985182));
#5323=CARTESIAN_POINT('Origin',(-10.0000001490116,-7.00016666666674,200.8));
#5324=CARTESIAN_POINT('Ctrl Pts',(-9.04019443398563,-7.00016666666674,201.626055985182));
#5325=CARTESIAN_POINT('Ctrl Pts',(-9.28530747857176,-7.02374046131873,201.907631984762));
#5326=CARTESIAN_POINT('Ctrl Pts',(-9.66367874288534,-7.04731425597072,202.076732908863));
#5327=CARTESIAN_POINT('Ctrl Pts',(-10.0366861544934,-7.07088805062271,202.065889006525));
#5328=CARTESIAN_POINT('Ctrl Pts',(-10.4437116862842,-7.0966117655033,202.054056144823));
#5329=CARTESIAN_POINT('Ctrl Pts',(-10.8443503900009,-7.12233548038388,201.827960004025));
#5330=CARTESIAN_POINT('Ctrl Pts',(-11.0647421492797,-7.14805919526447,201.485680152677));
#5331=CARTESIAN_POINT('Ctrl Pts',(-11.2851339085585,-7.17378291014505,201.143400301328));
#5332=CARTESIAN_POINT('Ctrl Pts',(-11.3252787233992,-7.19950662502564,200.684936739429));
#5333=CARTESIAN_POINT('Ctrl Pts',(-11.1676307074608,-7.22523033990623,200.309562511293));
#5334=CARTESIAN_POINT('Ctrl Pts',(-11.0099826915224,-7.25095405478682,199.934188283156));
#5335=CARTESIAN_POINT('Ctrl Pts',(-10.6545418448049,-7.2766777696674,199.641903388783));
#5336=CARTESIAN_POINT('Ctrl Pts',(-10.2557960056319,-7.30240148454799,199.55967344941));
#5337=CARTESIAN_POINT('Ctrl Pts',(-9.85705016645891,-7.32812519942857,199.477443510037));
#5338=CARTESIAN_POINT('Ctrl Pts',(-9.41499933483037,-7.35384891430916,199.605268525664));
#5339=CARTESIAN_POINT('Ctrl Pts',(-9.12169399847383,-7.37957262918975,199.887623269454));
#5340=CARTESIAN_POINT('Ctrl Pts',(-8.87839628464926,-7.40091053288855,200.121837431749));
#5341=CARTESIAN_POINT('Ctrl Pts',(-8.73744670954415,-7.42224843658736,200.462379722002));
#5342=CARTESIAN_POINT('Ctrl Pts',(-8.73470163583435,-7.44358634028616,200.800899782728));
#5343=CARTESIAN_POINT('Origin',(-10.0000001490116,-5.89595494307802,200.8));
#5344=CARTESIAN_POINT('',(-8.45659348424306,-8.60437839025547,200.801201634465));
#5345=CARTESIAN_POINT('',(-8.45883080220348,-8.64595494307802,200.799391973631));
#5346=CARTESIAN_POINT('',(-8.45700014901161,-5.89595494307802,200.8));
#5347=CARTESIAN_POINT('',(-10.3985139908699,-9.00016666666669,199.309350571782));
#5348=CARTESIAN_POINT('Ctrl Pts',(-8.45883080220348,-8.64595494307802,200.799391973631));
#5349=CARTESIAN_POINT('Ctrl Pts',(-8.4599909395115,-8.66113065808523,201.09455152045));
#5350=CARTESIAN_POINT('Ctrl Pts',(-8.68127239871038,-8.70203008797302,201.891600229686));
#5351=CARTESIAN_POINT('Ctrl Pts',(-9.9474407284096,-8.76865323274141,202.606148746806));
#5352=CARTESIAN_POINT('Ctrl Pts',(-11.4608340450028,-8.84582437738317,201.865104486039));
#5353=CARTESIAN_POINT('Ctrl Pts',(-11.7022964642619,-8.92299552202493,200.19716815171));
#5354=CARTESIAN_POINT('Ctrl Pts',(-10.8803719857706,-8.9744429517861,199.438171659519));
#5355=CARTESIAN_POINT('Ctrl Pts',(-10.3985139908699,-9.00016666666669,199.309350571782));
#5356=CARTESIAN_POINT('',(-9.60036380710405,-9.00016666666669,199.307337387355));
#5357=CARTESIAN_POINT('Origin',(-10.0000001490116,-9.00016666666669,200.8));
#5358=CARTESIAN_POINT('Ctrl Pts',(-8.45659348424306,-8.60437839025547,200.801201634465));
#5359=CARTESIAN_POINT('Ctrl Pts',(-8.45570304017505,-8.60983916155154,200.90701615694));
#5360=CARTESIAN_POINT('Ctrl Pts',(-8.51287999168973,-8.6410236477282,201.510327686833));
#5361=CARTESIAN_POINT('Ctrl Pts',(-9.30432326775798,-8.69793184878544,202.467785303361));
#5362=CARTESIAN_POINT('Ctrl Pts',(-10.9821677487093,-8.7751029934272,202.316966567164));
#5363=CARTESIAN_POINT('Ctrl Pts',(-11.8063999488734,-8.85227413806896,200.847621245516));
#5364=CARTESIAN_POINT('Ctrl Pts',(-11.0818571080084,-8.92729536248213,199.379534072153));
#5365=CARTESIAN_POINT('Ctrl Pts',(-10.0410602044982,-8.9765928720147,199.192004857137));
#5366=CARTESIAN_POINT('Ctrl Pts',(-9.60036380710405,-9.00016666666668,199.307337387355));
#5367=CARTESIAN_POINT('Origin',(-10.0000001490116,-5.89595494307802,200.8));
#5368=CARTESIAN_POINT('',(-8.45785847483307,-8.10437839025547,200.798887292564));
#5369=CARTESIAN_POINT('',(-8.45492034945935,-8.14595494307802,200.800544607384));
#5370=CARTESIAN_POINT('',(-8.45700014901161,-5.89595494307802,200.8));
#5371=CARTESIAN_POINT('Ctrl Pts',(-8.45492034945935,-8.14595494307802,200.800544607384));
#5372=CARTESIAN_POINT('Ctrl Pts',(-8.45475807935238,-8.14773132058779,200.834868298285));
#5373=CARTESIAN_POINT('Ctrl Pts',(-8.4710199413054,-8.17523141297815,201.366077036184));
#5374=CARTESIAN_POINT('Ctrl Pts',(-9.08012410361397,-8.22845522024909,202.355441089954));
#5375=CARTESIAN_POINT('Ctrl Pts',(-10.7626600712005,-8.30562636489086,202.438263455744));
#5376=CARTESIAN_POINT('Ctrl Pts',(-11.782450325104,-8.38279750953261,201.097431050141));
#5377=CARTESIAN_POINT('Ctrl Pts',(-11.2532549759259,-8.45996865417437,199.498112532058));
#5378=CARTESIAN_POINT('Ctrl Pts',(-9.63502377657336,-8.53713979881613,199.030178947408));
#5379=CARTESIAN_POINT('Ctrl Pts',(-8.58972504485542,-8.59913522845068,199.88974541576));
#5380=CARTESIAN_POINT('Ctrl Pts',(-8.4580244396583,-8.63540694320464,200.594239013063));
#5381=CARTESIAN_POINT('Ctrl Pts',(-8.45883080220348,-8.64595494307802,200.799391973631));
#5382=CARTESIAN_POINT('Ctrl Pts',(-8.45785847483307,-8.10437839025547,200.798887292564));
#5383=CARTESIAN_POINT('Ctrl Pts',(-8.46035018587637,-8.12216353893469,201.144241532768));
#5384=CARTESIAN_POINT('Ctrl Pts',(-8.74266089972305,-8.16567240249449,201.992800441463));
#5385=CARTESIAN_POINT('Ctrl Pts',(-10.1253999607967,-8.23490498093489,202.602731823269));
#5386=CARTESIAN_POINT('Ctrl Pts',(-11.5577182720905,-8.31207612557664,201.716015731071));
#5387=CARTESIAN_POINT('Ctrl Pts',(-11.6363675386624,-8.38924727021841,200.0332728437));
#5388=CARTESIAN_POINT('Ctrl Pts',(-10.2930043408577,-8.46641841486016,199.01682707186));
#5389=CARTESIAN_POINT('Ctrl Pts',(-8.80809033349498,-8.53812878820585,199.512233136923));
#5390=CARTESIAN_POINT('Ctrl Pts',(-8.45989759952952,-8.58411544667095,200.408562283156));
#5391=CARTESIAN_POINT('Ctrl Pts',(-8.45659348424306,-8.60437839025547,200.801201634465));
#5392=CARTESIAN_POINT('Origin',(-10.0000001490116,-5.89595494307802,200.8));
#5393=CARTESIAN_POINT('',(-8.45602576717491,-7.60437839025547,200.801097955515));
#5394=CARTESIAN_POINT('',(-8.45901846820865,-7.64595494307801,200.799653349163));
#5395=CARTESIAN_POINT('',(-8.45700014901161,-5.89595494307802,200.8));
#5396=CARTESIAN_POINT('Ctrl Pts',(-8.45901846820865,-7.64595494307801,200.799653349163));
#5397=CARTESIAN_POINT('Ctrl Pts',(-8.4596006756764,-7.66005569797094,201.073986431797));
#5398=CARTESIAN_POINT('Ctrl Pts',(-8.65800742435,-7.69988016774444,201.849566524619));
#5399=CARTESIAN_POINT('Ctrl Pts',(-9.87460033419828,-7.76542835239854,202.602731866799));
#5400=CARTESIAN_POINT('Ctrl Pts',(-11.4158914584293,-7.8425994970403,201.922862575667));
#5401=CARTESIAN_POINT('Ctrl Pts',(-11.7267634457651,-7.91977064168205,200.267217323253));
#5402=CARTESIAN_POINT('Ctrl Pts',(-10.5370656746528,-7.99694178632382,199.074564059408));
#5403=CARTESIAN_POINT('Ctrl Pts',(-8.91878314787827,-8.0723365534558,199.37426568102));
#5404=CARTESIAN_POINT('Ctrl Pts',(-8.4571079120553,-8.1220076057072,200.337827081803));
#5405=CARTESIAN_POINT('Ctrl Pts',(-8.45492034945935,-8.14595494307802,200.800544607384));
#5406=CARTESIAN_POINT('Ctrl Pts',(-8.45602576717491,-7.60437839025547,200.801097955515));
#5407=CARTESIAN_POINT('Ctrl Pts',(-8.45533727456572,-7.60876420143725,200.88600225482));
#5408=CARTESIAN_POINT('Ctrl Pts',(-8.49952310037372,-7.63887372749962,201.46817262296));
#5409=CARTESIAN_POINT('Ctrl Pts',(-9.23734024544819,-7.69470696844257,202.438263415811));
#5410=CARTESIAN_POINT('Ctrl Pts',(-10.9198761720982,-7.77187811308433,202.35544105265));
#5411=CARTESIAN_POINT('Ctrl Pts',(-11.8030385518386,-7.84904925772609,200.920925962755));
#5412=CARTESIAN_POINT('Ctrl Pts',(-11.1193455078106,-7.92622040236786,199.381326990756));
#5413=CARTESIAN_POINT('Ctrl Pts',(-9.46293463634137,-8.0033915470096,199.074564101));
#5414=CARTESIAN_POINT('Ctrl Pts',(-8.54741905525392,-8.06277754297215,199.992354040918));
#5415=CARTESIAN_POINT('Ctrl Pts',(-8.45674627647989,-8.0964398240541,200.644735221742));
#5416=CARTESIAN_POINT('Ctrl Pts',(-8.45785847483307,-8.10437839025547,200.798887292564));
#5417=CARTESIAN_POINT('Origin',(-10.0000001490116,-5.89595494307802,200.8));
#5418=CARTESIAN_POINT('',(-8.45879012494876,-7.10437839025547,200.799151310462));
#5419=CARTESIAN_POINT('',(-8.45469532565512,-7.14595494307802,200.800186657053));
#5420=CARTESIAN_POINT('',(-8.45700014901161,-5.89595494307802,200.8));
#5421=CARTESIAN_POINT('',(-9.60148630715442,-7.00016666666674,199.309350571781));
#5422=CARTESIAN_POINT('Ctrl Pts',(-9.60148630715443,-7.00016666666674,199.309350571781));
#5423=CARTESIAN_POINT('Ctrl Pts',(-9.11962831225367,-7.02589038154733,199.438171659518));
#5424=CARTESIAN_POINT('Ctrl Pts',(-8.56466589757136,-7.06062762274357,199.950644975253));
#5425=CARTESIAN_POINT('Ctrl Pts',(-8.45780084923022,-7.09536486393981,200.624031094118));
#5426=CARTESIAN_POINT('Ctrl Pts',(-8.45879012494876,-7.10437839025547,200.799151310462));
#5427=CARTESIAN_POINT('',(-10.3996364558542,-7.00016666666673,199.307337316359));
#5428=CARTESIAN_POINT('Origin',(-10.0000001490116,-7.00016666666674,200.8));
#5429=CARTESIAN_POINT('Ctrl Pts',(-10.3996364558542,-7.00016666666674,199.307337316359));
#5430=CARTESIAN_POINT('Ctrl Pts',(-9.95894007143685,-7.02374046131873,199.192004801999));
#5431=CARTESIAN_POINT('Ctrl Pts',(-8.93295185756048,-7.07233655345582,199.376865789758));
#5432=CARTESIAN_POINT('Ctrl Pts',(-8.45569844593516,-7.12093264559291,200.316940254542));
#5433=CARTESIAN_POINT('Ctrl Pts',(-8.45469532565512,-7.14595494307801,200.800186657053));
#5434=CARTESIAN_POINT('Origin',(-7.50000000000001,-14.0001666666667,198.3));
#5435=CARTESIAN_POINT('',(-7.50000000000001,-9.00016666666669,190.65));
#5436=CARTESIAN_POINT('',(0.149999999999986,-9.00016666666669,198.3));
#5437=CARTESIAN_POINT('Origin',(-7.50000000000001,-9.00016666666669,198.3));
#5438=CARTESIAN_POINT('',(-7.50000000000001,-14.0001666666667,190.65));
#5439=CARTESIAN_POINT('',(-7.50000000000001,-14.0001666666667,190.65));
#5440=CARTESIAN_POINT('',(0.149999999999986,-14.0001666666667,198.3));
#5441=CARTESIAN_POINT('Origin',(-7.50000000000001,-14.0001666666667,198.3));
#5442=CARTESIAN_POINT('',(0.149999999999987,-14.0001666666667,198.3));
#5443=CARTESIAN_POINT('Origin',(-10.,-9.00016666666669,200.8));
#5444=CARTESIAN_POINT('',(0.149999999999986,-9.00016666666669,203.3));
#5445=CARTESIAN_POINT('',(0.149999999999986,-9.00016666666669,205.8));
#5446=CARTESIAN_POINT('',(-7.50000000000001,-9.00016666666669,210.95));
#5447=CARTESIAN_POINT('Origin',(-7.50000000000001,-9.00016666666669,203.3));
#5448=CARTESIAN_POINT('',(-12.5,-9.00016666666669,210.95));
#5449=CARTESIAN_POINT('',(-15.,-9.00016666666669,210.95));
#5450=CARTESIAN_POINT('',(-20.15,-9.00016666666669,203.3));
#5451=CARTESIAN_POINT('Origin',(-12.5,-9.00016666666669,203.3));
#5452=CARTESIAN_POINT('',(-20.15,-9.00016666666669,198.3));
#5453=CARTESIAN_POINT('',(-20.15,-9.00016666666669,195.8));
#5454=CARTESIAN_POINT('',(-12.5,-9.00016666666669,190.65));
#5455=CARTESIAN_POINT('Origin',(-12.5,-9.00016666666669,198.3));
#5456=CARTESIAN_POINT('',(-5.00000000000001,-9.00016666666669,190.65));
#5457=CARTESIAN_POINT('Ctrl Pts',(-10.3985139908699,-9.00016666666669,199.309350571782));
#5458=CARTESIAN_POINT('Ctrl Pts',(-10.4550166687944,-9.00016666666669,199.329996417737));
#5459=CARTESIAN_POINT('Ctrl Pts',(-10.5100115735896,-9.00016666666669,199.354136716128));
#5460=CARTESIAN_POINT('Ctrl Pts',(-10.5633083432283,-9.00016666666669,199.381486834023));
#5461=CARTESIAN_POINT('Ctrl Pts',(-10.6171512706834,-9.00016666666669,199.409117221825));
#5462=CARTESIAN_POINT('Ctrl Pts',(-10.6692618417158,-9.00016666666669,199.44002443276));
#5463=CARTESIAN_POINT('Ctrl Pts',(-10.7194123008246,-9.00016666666669,199.473959468573));
#5464=CARTESIAN_POINT('Ctrl Pts',(-10.7565800299254,-9.00016666666669,199.499109551753));
#5465=CARTESIAN_POINT('Ctrl Pts',(-10.792670538238,-9.00016666666669,199.525923704345));
#5466=CARTESIAN_POINT('Ctrl Pts',(-10.8275764207372,-9.00016666666669,199.554311754443));
#5467=CARTESIAN_POINT('Ctrl Pts',(-10.8447603923236,-9.00016666666669,199.568287033432));
#5468=CARTESIAN_POINT('Ctrl Pts',(-10.8616570553302,-9.00016666666669,199.582643873612));
#5469=CARTESIAN_POINT('Ctrl Pts',(-10.8782522812439,-9.00016666666669,199.59737210105));
#5470=CARTESIAN_POINT('Ctrl Pts',(-10.8858693658265,-9.00016666666669,199.604132247296));
#5471=CARTESIAN_POINT('Ctrl Pts',(-10.8934246837379,-9.00016666666669,199.610972262943));
#5472=CARTESIAN_POINT('Ctrl Pts',(-10.9009110403511,-9.00016666666669,199.617885844645));
#5473=CARTESIAN_POINT('Ctrl Pts',(-10.9444101456047,-9.00016666666669,199.658056869576));
#5474=CARTESIAN_POINT('Ctrl Pts',(-10.9854662399531,-9.00016666666669,199.700597433682));
#5475=CARTESIAN_POINT('Ctrl Pts',(-11.0238739782681,-9.00016666666669,199.745266337639));
#5476=CARTESIAN_POINT('Ctrl Pts',(-11.0616061812038,-9.00016666666669,199.789149581563));
#5477=CARTESIAN_POINT('Ctrl Pts',(-11.0967828470437,-9.00016666666669,199.835087893846));
#5478=CARTESIAN_POINT('Ctrl Pts',(-11.1291667129608,-9.00016666666669,199.882877101412));
#5479=CARTESIAN_POINT('Ctrl Pts',(-11.1522587931919,-9.00016666666669,199.916954324253));
#5480=CARTESIAN_POINT('Ctrl Pts',(-11.1739299464504,-9.00016666666669,199.951973208033));
#5481=CARTESIAN_POINT('Ctrl Pts',(-11.1940785452046,-9.00016666666669,199.987863722863));
#5482=CARTESIAN_POINT('Ctrl Pts',(-11.206841003658,-9.00016666666669,200.010597373474));
#5483=CARTESIAN_POINT('Ctrl Pts',(-11.2189923187189,-9.00016666666669,200.033680790757));
#5484=CARTESIAN_POINT('Ctrl Pts',(-11.2305036313773,-9.00016666666669,200.057096398429));
#5485=CARTESIAN_POINT('Ctrl Pts',(-11.2350706535781,-9.00016666666669,200.06638635547));
#5486=CARTESIAN_POINT('Ctrl Pts',(-11.2395368860927,-9.00016666666669,200.075728801619));
#5487=CARTESIAN_POINT('Ctrl Pts',(-11.2438944475754,-9.00016666666669,200.085109033488));
#5488=CARTESIAN_POINT('Ctrl Pts',(-11.2674376250243,-9.00016666666669,200.135788860789));
#5489=CARTESIAN_POINT('Ctrl Pts',(-11.287860976606,-9.00016666666669,200.187667201276));
#5490=CARTESIAN_POINT('Ctrl Pts',(-11.3049503521522,-9.00016666666669,200.240553744497));
#5491=CARTESIAN_POINT('Ctrl Pts',(-11.3144850679061,-9.00016666666669,200.270060858753));
#5492=CARTESIAN_POINT('Ctrl Pts',(-11.3229811025149,-9.00016666666669,200.299882087109));
#5493=CARTESIAN_POINT('Ctrl Pts',(-11.3303942473114,-9.00016666666669,200.329985569994));
#5494=CARTESIAN_POINT('Ctrl Pts',(-11.3433445245239,-9.00016666666669,200.382574378001));
#5495=CARTESIAN_POINT('Ctrl Pts',(-11.3529922423233,-9.00016666666669,200.436025286508));
#5496=CARTESIAN_POINT('Ctrl Pts',(-11.3593864814285,-9.00016666666669,200.490042595558));
#5497=CARTESIAN_POINT('Ctrl Pts',(-11.3624205674619,-9.00016666666669,200.515673974093));
#5498=CARTESIAN_POINT('Ctrl Pts',(-11.3647215059468,-9.00016666666669,200.541432762069));
#5499=CARTESIAN_POINT('Ctrl Pts',(-11.3662913467362,-9.00016666666669,200.567286272276));
#5500=CARTESIAN_POINT('Ctrl Pts',(-11.3671950333481,-9.00016666666669,200.582168973249));
#5501=CARTESIAN_POINT('Ctrl Pts',(-11.3678564200307,-9.00016666666669,200.597089508813));
#5502=CARTESIAN_POINT('Ctrl Pts',(-11.3682751356257,-9.00016666666669,200.612005984675));
#5503=CARTESIAN_POINT('Ctrl Pts',(-11.369838232776,-9.00016666666669,200.667690323149));
#5504=CARTESIAN_POINT('Ctrl Pts',(-11.3680311415404,-9.00016666666669,200.723393228884));
#5505=CARTESIAN_POINT('Ctrl Pts',(-11.3629469552361,-9.00016666666669,200.778797194518));
#5506=CARTESIAN_POINT('Ctrl Pts',(-11.3578735847903,-9.00016666666669,200.834083296364));
#5507=CARTESIAN_POINT('Ctrl Pts',(-11.3495366154907,-9.00016666666669,200.889072862198));
#5508=CARTESIAN_POINT('Ctrl Pts',(-11.337979542582,-9.00016666666669,200.943434980071));
#5509=CARTESIAN_POINT('Ctrl Pts',(-11.3303697025229,-9.00016666666669,200.9792301183));
#5510=CARTESIAN_POINT('Ctrl Pts',(-11.3213627463828,-9.00016666666669,201.014752865584));
#5511=CARTESIAN_POINT('Ctrl Pts',(-11.3109607911236,-9.00016666666669,201.049901530336));
#5512=CARTESIAN_POINT('Ctrl Pts',(-11.3051725591218,-9.00016666666669,201.069460221088));
#5513=CARTESIAN_POINT('Ctrl Pts',(-11.2989522353153,-9.00016666666669,201.088902960043));
#5514=CARTESIAN_POINT('Ctrl Pts',(-11.2922991875376,-9.00016666666669,201.108211176344));
#5515=CARTESIAN_POINT('Ctrl Pts',(-11.2886059998856,-9.00016666666669,201.118929401796));
#5516=CARTESIAN_POINT('Ctrl Pts',(-11.2847825754109,-9.00016666666669,201.129597055303));
#5517=CARTESIAN_POINT('Ctrl Pts',(-11.2808301193563,-9.00016666666669,201.140209268764));
#5518=CARTESIAN_POINT('Ctrl Pts',(-11.2621762720408,-9.00016666666669,201.19029423033));
#5519=CARTESIAN_POINT('Ctrl Pts',(-11.2406463170412,-9.00016666666669,201.239161767935));
#5520=CARTESIAN_POINT('Ctrl Pts',(-11.2162685771987,-9.00016666666669,201.286497723582));
#5521=CARTESIAN_POINT('Ctrl Pts',(-11.2028735288842,-9.00016666666669,201.312507822016));
#5522=CARTESIAN_POINT('Ctrl Pts',(-11.1886179628615,-9.00016666666669,201.338054959455));
#5523=CARTESIAN_POINT('Ctrl Pts',(-11.1735018780249,-9.00016666666669,201.363082123775));
#5524=CARTESIAN_POINT('Ctrl Pts',(-11.1668643206926,-9.00016666666669,201.3740716915));
#5525=CARTESIAN_POINT('Ctrl Pts',(-11.1600596281215,-9.00016666666669,201.384962759099));
#5526=CARTESIAN_POINT('Ctrl Pts',(-11.1530913791386,-9.00016666666669,201.395744443372));
#5527=CARTESIAN_POINT('Ctrl Pts',(-11.1251516980488,-9.00016666666669,201.438974359658));
#5528=CARTESIAN_POINT('Ctrl Pts',(-11.094644845074,-9.00016666666669,201.480358561923));
#5529=CARTESIAN_POINT('Ctrl Pts',(-11.0615863151794,-9.00016666666669,201.5195966835));
#5530=CARTESIAN_POINT('Ctrl Pts',(-11.0520947716736,-9.00016666666669,201.530862469946));
#5531=CARTESIAN_POINT('Ctrl Pts',(-11.0423926749847,-9.00016666666669,201.541951096591));
#5532=CARTESIAN_POINT('Ctrl Pts',(-11.0324799080015,-9.00016666666669,201.552854806843));
#5533=CARTESIAN_POINT('Ctrl Pts',(-11.0093718702117,-9.00016666666669,201.57827287114));
#5534=CARTESIAN_POINT('Ctrl Pts',(-10.9851191719119,-9.00016666666669,201.602686635287));
#5535=CARTESIAN_POINT('Ctrl Pts',(-10.9598058730784,-9.00016666666669,201.626056049442));
#5536=CARTESIAN_POINT('Ctrl Pts',(-9.04188399628864,-9.00016666666669,201.625211298936));
#5537=CARTESIAN_POINT('Ctrl Pts',(-9.00501091428,-9.00016666666669,201.59077674077));
#5538=CARTESIAN_POINT('Ctrl Pts',(-8.97051119470114,-9.00016666666669,201.554103209531));
#5539=CARTESIAN_POINT('Ctrl Pts',(-8.93838902930876,-9.00016666666669,201.515510567781));
#5540=CARTESIAN_POINT('Ctrl Pts',(-8.90483587510409,-9.00016666666669,201.475198688306));
#5541=CARTESIAN_POINT('Ctrl Pts',(-8.8738762026794,-9.00016666666669,201.432792445292));
#5542=CARTESIAN_POINT('Ctrl Pts',(-8.84554264606205,-9.00016666666669,201.388606729283));
#5543=CARTESIAN_POINT('Ctrl Pts',(-8.82333727239905,-9.00016666666669,201.353977813902));
#5544=CARTESIAN_POINT('Ctrl Pts',(-8.80274535913252,-9.00016666666669,201.318254786465));
#5545=CARTESIAN_POINT('Ctrl Pts',(-8.78379755738217,-9.00016666666669,201.281572641125));
#5546=CARTESIAN_POINT('Ctrl Pts',(-8.77667638280967,-9.00016666666669,201.267786347385));
#5547=CARTESIAN_POINT('Ctrl Pts',(-8.7697875825967,-9.00016666666669,201.253864455487));
#5548=CARTESIAN_POINT('Ctrl Pts',(-8.76313333189963,-9.00016666666669,201.239813729782));
#5549=CARTESIAN_POINT('Ctrl Pts',(-8.75717829586732,-9.00016666666669,201.227239424777));
#5550=CARTESIAN_POINT('Ctrl Pts',(-8.75140898997589,-9.00016666666669,201.214556674755));
#5551=CARTESIAN_POINT('Ctrl Pts',(-8.7458398792271,-9.00016666666669,201.201800476045));
#5552=CARTESIAN_POINT('Ctrl Pts',(-8.72406235183956,-9.00016666666669,201.151918460889));
#5553=CARTESIAN_POINT('Ctrl Pts',(-8.70530709891933,-9.00016666666669,201.100845979683));
#5554=CARTESIAN_POINT('Ctrl Pts',(-8.68960424404585,-9.00016666666669,201.048914073784));
#5555=CARTESIAN_POINT('Ctrl Pts',(-8.67360599632099,-9.00016666666669,200.996005255478));
#5556=CARTESIAN_POINT('Ctrl Pts',(-8.66077546011548,-9.00016666666669,200.942203451849));
#5557=CARTESIAN_POINT('Ctrl Pts',(-8.65118525936728,-9.00016666666669,200.887824218776));
#5558=CARTESIAN_POINT('Ctrl Pts',(-8.64468553758453,-9.00016666666669,200.850968902082));
#5559=CARTESIAN_POINT('Ctrl Pts',(-8.63967508347549,-9.00016666666669,200.813847632021));
#5560=CARTESIAN_POINT('Ctrl Pts',(-8.63618902186203,-9.00016666666669,200.776553308156));
#5561=CARTESIAN_POINT('Ctrl Pts',(-8.63480123307317,-9.00016666666669,200.761706569834));
#5562=CARTESIAN_POINT('Ctrl Pts',(-8.63365515144963,-9.00016666666669,200.746832374409));
#5563=CARTESIAN_POINT('Ctrl Pts',(-8.63275348666056,-9.00016666666669,200.731936492614));
#5564=CARTESIAN_POINT('Ctrl Pts',(-8.63203042226608,-9.00016666666669,200.719991164504));
#5565=CARTESIAN_POINT('Ctrl Pts',(-8.63146461359262,-9.00016666666669,200.708029759588));
#5566=CARTESIAN_POINT('Ctrl Pts',(-8.63105793459609,-9.00016666666669,200.696077868468));
#5567=CARTESIAN_POINT('Ctrl Pts',(-8.62912520734053,-9.00016666666669,200.639276937217));
#5568=CARTESIAN_POINT('Ctrl Pts',(-8.63077470772002,-9.00016666666669,200.582583169566));
#5569=CARTESIAN_POINT('Ctrl Pts',(-8.63606751647719,-9.00016666666669,200.526329300922));
#5570=CARTESIAN_POINT('Ctrl Pts',(-8.63873792730323,-9.00016666666669,200.497947217471));
#5571=CARTESIAN_POINT('Ctrl Pts',(-8.64233649111457,-9.00016666666669,200.469676715189));
#5572=CARTESIAN_POINT('Ctrl Pts',(-8.64687580917302,-9.00016666666669,200.441558848739));
#5573=CARTESIAN_POINT('Ctrl Pts',(-8.65562230814137,-9.00016666666669,200.38738047068));
#5574=CARTESIAN_POINT('Ctrl Pts',(-8.66785816495489,-9.00016666666669,200.333768502826));
#5575=CARTESIAN_POINT('Ctrl Pts',(-8.68335908068339,-9.00016666666669,200.280931313872));
#5576=CARTESIAN_POINT('Ctrl Pts',(-8.69193615016898,-9.00016666666669,200.251695090089));
#5577=CARTESIAN_POINT('Ctrl Pts',(-8.70151383014497,-9.00016666666669,200.222696081405));
#5578=CARTESIAN_POINT('Ctrl Pts',(-8.71206068813238,-9.00016666666669,200.193970471588));
#5579=CARTESIAN_POINT('Ctrl Pts',(-8.71517975358603,-9.00016666666669,200.185475329497));
#5580=CARTESIAN_POINT('Ctrl Pts',(-8.71838290618294,-9.00016666666669,200.177006192726));
#5581=CARTESIAN_POINT('Ctrl Pts',(-8.7216658830921,-9.00016666666669,200.168572242325));
#5582=CARTESIAN_POINT('Ctrl Pts',(-8.74228663611117,-9.00016666666669,200.115597636348));
#5583=CARTESIAN_POINT('Ctrl Pts',(-8.76608616068596,-9.00016666666669,200.063917888272));
#5584=CARTESIAN_POINT('Ctrl Pts',(-8.79278903447277,-9.00016666666669,200.01375004226));
#5585=CARTESIAN_POINT('Ctrl Pts',(-8.82010658569652,-9.00016666666669,199.962427375113));
#5586=CARTESIAN_POINT('Ctrl Pts',(-8.85046302157031,-9.00016666666669,199.912686092631));
#5587=CARTESIAN_POINT('Ctrl Pts',(-8.88361844851354,-9.00016666666669,199.864764011594));
#5588=CARTESIAN_POINT('Ctrl Pts',(-8.90553890689373,-9.00016666666669,199.833080692159));
#5589=CARTESIAN_POINT('Ctrl Pts',(-8.92868395801548,-9.00016666666669,199.80219269426));
#5590=CARTESIAN_POINT('Ctrl Pts',(-8.95299583057404,-9.00016666666669,199.77217310026));
#5591=CARTESIAN_POINT('Ctrl Pts',(-8.9663431878765,-9.00016666666669,199.755692171191));
#5592=CARTESIAN_POINT('Ctrl Pts',(-8.98004238601679,-9.00016666666669,199.739473061642));
#5593=CARTESIAN_POINT('Ctrl Pts',(-8.9940849044383,-9.00016666666669,199.723528549776));
#5594=CARTESIAN_POINT('Ctrl Pts',(-9.00321544920861,-9.00016666666669,199.713161315419));
#5595=CARTESIAN_POINT('Ctrl Pts',(-9.01249292395872,-9.00016666666669,199.702908490093));
#5596=CARTESIAN_POINT('Ctrl Pts',(-9.02189891780391,-9.00016666666669,199.692790536962));
#5597=CARTESIAN_POINT('Ctrl Pts',(-9.0629780454002,-9.00016666666669,199.648602044548));
#5598=CARTESIAN_POINT('Ctrl Pts',(-9.10656537062116,-9.00016666666669,199.60691330256));
#5599=CARTESIAN_POINT('Ctrl Pts',(-9.15241572348814,-9.00016666666669,199.567983583838));
#5600=CARTESIAN_POINT('Ctrl Pts',(-9.1776615835489,-9.00016666666669,199.546548323919));
#5601=CARTESIAN_POINT('Ctrl Pts',(-9.20359440417181,-9.00016666666668,199.525949881382));
#5602=CARTESIAN_POINT('Ctrl Pts',(-9.23017895037498,-9.00016666666668,199.506235157837));
#5603=CARTESIAN_POINT('Ctrl Pts',(-9.24256074384047,-9.00016666666668,199.497052994887));
#5604=CARTESIAN_POINT('Ctrl Pts',(-9.25508396508232,-9.00016666666669,199.488062576176));
#5605=CARTESIAN_POINT('Ctrl Pts',(-9.26774531437476,-9.00016666666669,199.479268893906));
#5606=CARTESIAN_POINT('Ctrl Pts',(-9.27744610174733,-9.00016666666669,199.472531409619));
#5607=CARTESIAN_POINT('Ctrl Pts',(-9.28722707344954,-9.00016666666669,199.465910142103));
#5608=CARTESIAN_POINT('Ctrl Pts',(-9.29707827857242,-9.00016666666669,199.459412645627));
#5609=CARTESIAN_POINT('Ctrl Pts',(-9.34782214461569,-9.00016666666669,199.425943837832));
#5610=CARTESIAN_POINT('Ctrl Pts',(-9.40048471301107,-9.00016666666669,199.395715409794));
#5611=CARTESIAN_POINT('Ctrl Pts',(-9.4548389651643,-9.00016666666668,199.369000874656));
#5612=CARTESIAN_POINT('Ctrl Pts',(-9.46487148715292,-9.00016666666668,199.364069997116));
#5613=CARTESIAN_POINT('Ctrl Pts',(-9.47496174771804,-9.00016666666668,199.359258929099));
#5614=CARTESIAN_POINT('Ctrl Pts',(-9.48510845611309,-9.00016666666668,199.354569531334));
#5615=CARTESIAN_POINT('Ctrl Pts',(-9.52278474146317,-9.00016666666668,199.337157077815));
#5616=CARTESIAN_POINT('Ctrl Pts',(-9.56123879149074,-9.00016666666668,199.32142129066));
#5617=CARTESIAN_POINT('Ctrl Pts',(-9.60036380710405,-9.00016666666668,199.307337387355));
#5618=CARTESIAN_POINT('Origin',(0.149999999999987,-14.0001666666667,210.8));
#5619=CARTESIAN_POINT('',(0.149999999999986,-14.0001666666667,203.3));
#5620=CARTESIAN_POINT('',(0.149999999999986,-14.0001666666667,205.8));
#5621=CARTESIAN_POINT('',(0.149999999999987,-14.0001666666667,203.3));
#5622=CARTESIAN_POINT('Origin',(-12.5,-14.0001666666667,198.3));
#5623=CARTESIAN_POINT('',(-20.15,-14.0001666666667,198.3));
#5624=CARTESIAN_POINT('',(-20.15,-14.0001666666667,198.3));
#5625=CARTESIAN_POINT('',(-12.5,-14.0001666666667,190.65));
#5626=CARTESIAN_POINT('Origin',(-12.5,-14.0001666666667,198.3));
#5627=CARTESIAN_POINT('',(-12.5,-14.0001666666667,190.65));
#5628=CARTESIAN_POINT('Origin',(-20.15,-14.0001666666667,190.8));
#5629=CARTESIAN_POINT('',(-20.15,-14.0001666666667,203.3));
#5630=CARTESIAN_POINT('',(-20.15,-14.0001666666667,203.3));
#5631=CARTESIAN_POINT('',(-20.15,-14.0001666666667,195.8));
#5632=CARTESIAN_POINT('Origin',(-12.5,-14.0001666666667,203.3));
#5633=CARTESIAN_POINT('',(-12.5,-14.0001666666667,210.95));
#5634=CARTESIAN_POINT('',(-12.5,-14.0001666666667,210.95));
#5635=CARTESIAN_POINT('Origin',(-12.5,-14.0001666666667,203.3));
#5636=CARTESIAN_POINT('Origin',(-20.,-14.0001666666667,210.95));
#5637=CARTESIAN_POINT('',(-7.50000000000001,-14.0001666666667,210.95));
#5638=CARTESIAN_POINT('',(-7.50000000000001,-14.0001666666667,210.95));
#5639=CARTESIAN_POINT('',(-15.,-14.0001666666667,210.95));
#5640=CARTESIAN_POINT('Origin',(-7.50000000000001,-14.0001666666667,203.3));
#5641=CARTESIAN_POINT('Origin',(-7.50000000000001,-14.0001666666667,203.3));
#5642=CARTESIAN_POINT('Origin',(-10.0000001490116,-5.89595494307802,200.8));
#5643=CARTESIAN_POINT('Ctrl Pts',(-8.45469532565512,-7.14595494307801,200.800186657053));
#5644=CARTESIAN_POINT('Ctrl Pts',(-8.45466720649401,-7.1466563604735,200.813732872513));
#5645=CARTESIAN_POINT('Ctrl Pts',(-8.46085283763285,-7.17308149274957,201.324047987198));
#5646=CARTESIAN_POINT('Ctrl Pts',(-9.01783252232038,-7.22523033990622,202.31696659602));
#5647=CARTESIAN_POINT('Ctrl Pts',(-10.695677047674,-7.30240148454799,202.467785346891));
#5648=CARTESIAN_POINT('Ctrl Pts',(-11.7689245552798,-7.37957262918974,201.169411809876));
#5649=CARTESIAN_POINT('Ctrl Pts',(-11.3049867437281,-7.4567437738315,199.54995846171));
#5650=CARTESIAN_POINT('Ctrl Pts',(-9.70699595005579,-7.53391491847326,199.016827028375));
#5651=CARTESIAN_POINT('Ctrl Pts',(-8.60909280383703,-7.5969853082221,199.847547278511));
#5652=CARTESIAN_POINT('Ctrl Pts',(-8.45853856666058,-7.63433198309035,200.573526275331));
#5653=CARTESIAN_POINT('Ctrl Pts',(-8.45901846820865,-7.64595494307801,200.799653349163));
#5654=CARTESIAN_POINT('Ctrl Pts',(-8.45879012494876,-7.10437839025547,200.799151310462));
#5655=CARTESIAN_POINT('Ctrl Pts',(-8.46062414453449,-7.1210885788204,201.12380691518));
#5656=CARTESIAN_POINT('Ctrl Pts',(-8.71592936985766,-7.16352248226592,201.951657803082));
#5657=CARTESIAN_POINT('Ctrl Pts',(-10.0525595655213,-7.23168010059201,202.606148656949));
#5658=CARTESIAN_POINT('Ctrl Pts',(-11.5191918782971,-7.30885124523378,201.778470495025));
#5659=CARTESIAN_POINT('Ctrl Pts',(-11.6661514258636,-7.38602238987554,200.100156672936));
#5660=CARTESIAN_POINT('Ctrl Pts',(-10.3649765113082,-7.46319353451729,199.030178993179));
#5661=CARTESIAN_POINT('Ctrl Pts',(-8.83871310008887,-7.53597886797727,199.471518835638));
#5662=CARTESIAN_POINT('Ctrl Pts',(-8.45937543007268,-7.58304048655666,200.388020491142));
#5663=CARTESIAN_POINT('Ctrl Pts',(-8.45602576717491,-7.60437839025547,200.801097955515));
#5664=CARTESIAN_POINT('Ctrl Pts',(-10.958116301734,-7.00016666666674,201.625211298936));
#5665=CARTESIAN_POINT('Ctrl Pts',(-11.2248689360876,-7.02589038154733,201.315496674228));
#5666=CARTESIAN_POINT('Ctrl Pts',(-11.4308756932685,-7.0773378113085,200.422104149529));
#5667=CARTESIAN_POINT('Ctrl Pts',(-10.4972269536262,-7.15450895595026,199.404344519204));
#5668=CARTESIAN_POINT('Ctrl Pts',(-9.13042617357942,-7.23168010059201,199.601439456202));
#5669=CARTESIAN_POINT('Ctrl Pts',(-8.51964201549865,-7.30885124523378,200.839025973871));
#5670=CARTESIAN_POINT('Ctrl Pts',(-9.19510645882946,-7.38602238987553,202.043165431411));
#5671=CARTESIAN_POINT('Ctrl Pts',(-10.5701125523548,-7.4631935345173,202.166762521804));
#5672=CARTESIAN_POINT('Ctrl Pts',(-11.449646883766,-7.54036467915905,201.102735731425));
#5673=CARTESIAN_POINT('Ctrl Pts',(-11.0694463894647,-7.61753582380081,199.775581642795));
#5674=CARTESIAN_POINT('Ctrl Pts',(-9.75988102420304,-7.69470696844257,199.338676459741));
#5675=CARTESIAN_POINT('Ctrl Pts',(-8.65898484499491,-7.77187811308433,200.171661366029));
#5676=CARTESIAN_POINT('Ctrl Pts',(-8.72343850666815,-7.84904925772609,201.550681736693));
#5677=CARTESIAN_POINT('Ctrl Pts',(-9.89723406616556,-7.92622040236785,202.277352200627));
#5678=CARTESIAN_POINT('Ctrl Pts',(-11.1603336297366,-8.00339154700961,201.720194249469));
#5679=CARTESIAN_POINT('Ctrl Pts',(-11.4150955402915,-8.08056269165137,200.363380625569));
#5680=CARTESIAN_POINT('Ctrl Pts',(-10.4401293500313,-8.15773383629313,199.385992386987));
#5681=CARTESIAN_POINT('Ctrl Pts',(-9.08268826283082,-8.23490498093489,199.63738686746));
#5682=CARTESIAN_POINT('Ctrl Pts',(-8.52239670424736,-8.31207612557664,200.899099730211));
#5683=CARTESIAN_POINT('Ctrl Pts',(-9.24615487395956,-8.38924727021841,202.074695565941));
#5684=CARTESIAN_POINT('Ctrl Pts',(-10.6250056393602,-8.46641841486016,202.142569111982));
#5685=CARTESIAN_POINT('Ctrl Pts',(-11.4607313529447,-8.54358955950193,201.043746962348));
#5686=CARTESIAN_POINT('Ctrl Pts',(-11.0270518201932,-8.62076070414368,199.733093517037));
#5687=CARTESIAN_POINT('Ctrl Pts',(-9.70089929162459,-8.69793184878545,199.3496184569));
#5688=CARTESIAN_POINT('Ctrl Pts',(-8.63457672818454,-8.7751029934272,200.226473170456));
#5689=CARTESIAN_POINT('Ctrl Pts',(-8.75501117123372,-8.85227413806896,201.601863875796));
#5690=CARTESIAN_POINT('Ctrl Pts',(-9.95692731210219,-8.92944528271072,202.280152359258));
#5691=CARTESIAN_POINT('Ctrl Pts',(-11.1971644143913,-9.00661642735248,201.672861064547));
#5692=CARTESIAN_POINT('Ctrl Pts',(-11.3950446665969,-9.08378757199424,200.305974807412));
#5693=CARTESIAN_POINT('Ctrl Pts',(-10.7214714306588,-9.13523500175541,199.683971525251));
#5694=CARTESIAN_POINT('Ctrl Pts',(-10.3265852125436,-9.160958716636,199.578401683745));
#5695=CARTESIAN_POINT('Ctrl Pts',(-11.0284564489682,-6.94656931667697,201.685794229411));
#5696=CARTESIAN_POINT('Ctrl Pts',(-11.3147927418608,-6.97229303155756,201.353341889404));
#5697=CARTESIAN_POINT('Ctrl Pts',(-11.5359234958455,-7.02374046131873,200.394360905992));
#5698=CARTESIAN_POINT('Ctrl Pts',(-10.533730885374,-7.10091160596049,199.301882399419));
#5699=CARTESIAN_POINT('Ctrl Pts',(-9.06658635490067,-7.17808275060224,199.513447071479));
#5700=CARTESIAN_POINT('Ctrl Pts',(-8.4109614460553,-7.25525389524401,200.841891067775));
#5701=CARTESIAN_POINT('Ctrl Pts',(-9.13601514665976,-7.33242503988576,202.13443248628));
#5702=CARTESIAN_POINT('Ctrl Pts',(-10.6119673841279,-7.40959618452753,202.2671034635));
#5703=CARTESIAN_POINT('Ctrl Pts',(-11.5560727742706,-7.48676732916928,201.124961090908));
#5704=CARTESIAN_POINT('Ctrl Pts',(-11.1479598408858,-7.56393847381105,199.700373915767));
#5705=CARTESIAN_POINT('Ctrl Pts',(-9.74225266615396,-7.6411096184528,199.231393315952));
#5706=CARTESIAN_POINT('Ctrl Pts',(-8.56053413663359,-7.71828076309456,200.125531852502));
#5707=CARTESIAN_POINT('Ctrl Pts',(-8.62971966723422,-7.79545190773632,201.605793075475));
#5708=CARTESIAN_POINT('Ctrl Pts',(-9.88968948884313,-7.87262305237808,202.385812089351));
#5709=CARTESIAN_POINT('Ctrl Pts',(-11.2455195726342,-7.94979419701984,201.787750358202));
#5710=CARTESIAN_POINT('Ctrl Pts',(-11.518984842116,-8.0269653416616,200.331326191464));
#5711=CARTESIAN_POINT('Ctrl Pts',(-10.4724414582385,-8.10413648630336,199.282182944461));
#5712=CARTESIAN_POINT('Ctrl Pts',(-9.01534376294908,-8.18130763094512,199.552033563806));
#5713=CARTESIAN_POINT('Ctrl Pts',(-8.41391837042191,-8.25847877558688,200.906375142064));
#5714=CARTESIAN_POINT('Ctrl Pts',(-9.19081128384436,-8.33564992022864,202.168277407279));
#5715=CARTESIAN_POINT('Ctrl Pts',(-10.6708904499736,-8.41282106487039,202.241133893236));
#5716=CARTESIAN_POINT('Ctrl Pts',(-11.5679710103312,-8.48999220951215,201.061641658279));
#5717=CARTESIAN_POINT('Ctrl Pts',(-11.1024528721041,-8.56716335415391,199.654766522044));
#5718=CARTESIAN_POINT('Ctrl Pts',(-9.67894078660751,-8.64433449879567,199.243138620403));
#5719=CARTESIAN_POINT('Ctrl Pts',(-8.53433409665684,-8.72150564343744,200.184367668405));
#5720=CARTESIAN_POINT('Ctrl Pts',(-8.66361024061262,-8.79867678807919,201.660732753984));
#5721=CARTESIAN_POINT('Ctrl Pts',(-9.953765117538,-8.87584793272095,202.388817821774));
#5722=CARTESIAN_POINT('Ctrl Pts',(-11.2850542912618,-8.95301907736271,201.736942205044));
#5723=CARTESIAN_POINT('Ctrl Pts',(-11.4974619324852,-9.03019022200447,200.269705922178));
#5724=CARTESIAN_POINT('Ctrl Pts',(-10.7744382823628,-9.08163765176564,199.602038236673));
#5725=CARTESIAN_POINT('Ctrl Pts',(-10.3505614719857,-9.10736136664623,199.488717979757));
#5726=CARTESIAN_POINT('Ctrl Pts',(-11.0987965962025,-6.8929719666872,201.746377159885));
#5727=CARTESIAN_POINT('Ctrl Pts',(-11.404716547634,-6.91869568156779,201.391187104581));
#5728=CARTESIAN_POINT('Ctrl Pts',(-11.6409712984224,-6.97014311132896,200.366617662456));
#5729=CARTESIAN_POINT('Ctrl Pts',(-10.5702348171217,-7.04731425597072,199.199420279635));
#5730=CARTESIAN_POINT('Ctrl Pts',(-9.00274653622191,-7.12448540061248,199.425454686756));
#5731=CARTESIAN_POINT('Ctrl Pts',(-8.30228087661195,-7.20165654525424,200.844756161678));
#5732=CARTESIAN_POINT('Ctrl Pts',(-9.07692383449007,-7.278827689896,202.22569954115));
#5733=CARTESIAN_POINT('Ctrl Pts',(-10.6538222159009,-7.35599883453775,202.367444405195));
#5734=CARTESIAN_POINT('Ctrl Pts',(-11.6624986647752,-7.43316997917951,201.147186450392));
#5735=CARTESIAN_POINT('Ctrl Pts',(-11.226473292307,-7.51034112382127,199.625166188738));
#5736=CARTESIAN_POINT('Ctrl Pts',(-9.72462430810488,-7.58751226846303,199.124110172164));
#5737=CARTESIAN_POINT('Ctrl Pts',(-8.46208342827227,-7.66468341310479,200.079402338976));
#5738=CARTESIAN_POINT('Ctrl Pts',(-8.53600082780027,-7.74185455774655,201.660904414257));
#5739=CARTESIAN_POINT('Ctrl Pts',(-9.8821449115207,-7.81902570238831,202.494271978075));
#5740=CARTESIAN_POINT('Ctrl Pts',(-11.3307055155317,-7.89619684703007,201.855306466934));
#5741=CARTESIAN_POINT('Ctrl Pts',(-11.6228741439406,-7.97336799167183,200.299271757359));
#5742=CARTESIAN_POINT('Ctrl Pts',(-10.5047535664457,-8.05053913631359,199.178373501935));
#5743=CARTESIAN_POINT('Ctrl Pts',(-8.94799926306735,-8.12771028095535,199.466680260152));
#5744=CARTESIAN_POINT('Ctrl Pts',(-8.30544003659646,-8.20488142559711,200.913650553917));
#5745=CARTESIAN_POINT('Ctrl Pts',(-9.13546769372917,-8.28205257023886,202.261859248616));
#5746=CARTESIAN_POINT('Ctrl Pts',(-10.716775260587,-8.35922371488062,202.33969867449));
#5747=CARTESIAN_POINT('Ctrl Pts',(-11.6752106677176,-8.43639485952239,201.07953635421));
#5748=CARTESIAN_POINT('Ctrl Pts',(-11.177853924015,-8.51356600416414,199.576439527051));
#5749=CARTESIAN_POINT('Ctrl Pts',(-9.65698228159043,-8.59073714880591,199.136658783905));
#5750=CARTESIAN_POINT('Ctrl Pts',(-8.43409146512914,-8.66790829344766,200.142262166355));
#5751=CARTESIAN_POINT('Ctrl Pts',(-8.57220930999152,-8.74507943808942,201.719601632173));
#5752=CARTESIAN_POINT('Ctrl Pts',(-9.9506029229738,-8.82225058273118,202.49748328429));
#5753=CARTESIAN_POINT('Ctrl Pts',(-11.3729441681323,-8.89942172737295,201.801023345541));
#5754=CARTESIAN_POINT('Ctrl Pts',(-11.5998791983736,-8.9765928720147,200.233437036944));
#5755=CARTESIAN_POINT('Ctrl Pts',(-10.8274051340667,-9.02804030177587,199.520104948096));
#5756=CARTESIAN_POINT('Ctrl Pts',(-10.3745377314278,-9.05376401665646,199.399034275769));
#5757=CARTESIAN_POINT('Ctrl Pts',(-11.1691367434368,-6.83937461669743,201.806960090359));
#5758=CARTESIAN_POINT('Ctrl Pts',(-11.4946403534072,-6.86509833157802,201.429032319758));
#5759=CARTESIAN_POINT('Ctrl Pts',(-11.7460191009993,-6.91654576133919,200.338874418919));
#5760=CARTESIAN_POINT('Ctrl Pts',(-10.6067387488695,-6.99371690598095,199.096958159851));
#5761=CARTESIAN_POINT('Ctrl Pts',(-8.93890671754315,-7.0708880506227,199.337462302032));
#5762=CARTESIAN_POINT('Ctrl Pts',(-8.1936003071686,-7.14805919526447,200.847621255582));
#5763=CARTESIAN_POINT('Ctrl Pts',(-9.01783252232038,-7.22523033990622,202.31696659602));
#5764=CARTESIAN_POINT('Ctrl Pts',(-10.695677047674,-7.30240148454799,202.467785346891));
#5765=CARTESIAN_POINT('Ctrl Pts',(-11.7689245552798,-7.37957262918974,201.169411809876));
#5766=CARTESIAN_POINT('Ctrl Pts',(-11.3049867437281,-7.4567437738315,199.54995846171));
#5767=CARTESIAN_POINT('Ctrl Pts',(-9.70699595005579,-7.53391491847326,199.016827028375));
#5768=CARTESIAN_POINT('Ctrl Pts',(-8.36363271991096,-7.61108606311502,200.03327282545));
#5769=CARTESIAN_POINT('Ctrl Pts',(-8.44228198836633,-7.68825720775678,201.716015753038));
#5770=CARTESIAN_POINT('Ctrl Pts',(-9.87460033419828,-7.76542835239854,202.602731866799));
#5771=CARTESIAN_POINT('Ctrl Pts',(-11.4158914584293,-7.8425994970403,201.922862575667));
#5772=CARTESIAN_POINT('Ctrl Pts',(-11.7267634457651,-7.91977064168205,200.267217323253));
#5773=CARTESIAN_POINT('Ctrl Pts',(-10.5370656746528,-7.99694178632382,199.074564059408));
#5774=CARTESIAN_POINT('Ctrl Pts',(-8.88065476318562,-8.07411293096557,199.381326956498));
#5775=CARTESIAN_POINT('Ctrl Pts',(-8.19696170277101,-8.15128407560734,200.92092596577));
#5776=CARTESIAN_POINT('Ctrl Pts',(-9.08012410361397,-8.22845522024909,202.355441089954));
#5777=CARTESIAN_POINT('Ctrl Pts',(-10.7626600712005,-8.30562636489086,202.438263455744));
#5778=CARTESIAN_POINT('Ctrl Pts',(-11.782450325104,-8.38279750953261,201.097431050141));
#5779=CARTESIAN_POINT('Ctrl Pts',(-11.2532549759259,-8.45996865417437,199.498112532058));
#5780=CARTESIAN_POINT('Ctrl Pts',(-9.63502377657336,-8.53713979881613,199.030178947408));
#5781=CARTESIAN_POINT('Ctrl Pts',(-8.33384883360143,-8.6143109434579,200.100156664304));
#5782=CARTESIAN_POINT('Ctrl Pts',(-8.48080837937042,-8.69148208809965,201.778470510362));
#5783=CARTESIAN_POINT('Ctrl Pts',(-9.9474407284096,-8.76865323274141,202.606148746806));
#5784=CARTESIAN_POINT('Ctrl Pts',(-11.4608340450028,-8.84582437738317,201.865104486039));
#5785=CARTESIAN_POINT('Ctrl Pts',(-11.7022964642619,-8.92299552202493,200.19716815171));
#5786=CARTESIAN_POINT('Ctrl Pts',(-10.8803719857706,-8.9744429517861,199.438171659519));
#5787=CARTESIAN_POINT('Ctrl Pts',(-10.3985139908699,-9.00016666666669,199.309350571782));
#5788=CARTESIAN_POINT('Ctrl Pts',(-10.958116301734,-7.00016666666674,201.625211298936));
#5789=CARTESIAN_POINT('Ctrl Pts',(-10.9949893777981,-7.00016666666674,201.590776746322));
#5790=CARTESIAN_POINT('Ctrl Pts',(-11.0294890911224,-7.00016666666674,201.554103220093));
#5791=CARTESIAN_POINT('Ctrl Pts',(-11.0616112502002,-7.00016666666674,201.515510582938));
#5792=CARTESIAN_POINT('Ctrl Pts',(-11.0951643993866,-7.00016666666674,201.475198706367));
#5793=CARTESIAN_POINT('Ctrl Pts',(-11.1261240664828,-7.00016666666674,201.432792465609));
#5794=CARTESIAN_POINT('Ctrl Pts',(-11.1544576177373,-7.00016666666674,201.3886067514));
#5795=CARTESIAN_POINT('Ctrl Pts',(-11.1766629906842,-7.00016666666674,201.353977831991));
#5796=CARTESIAN_POINT('Ctrl Pts',(-11.1972549027068,-7.00016666666674,201.318254799903));
#5797=CARTESIAN_POINT('Ctrl Pts',(-11.2162027028038,-7.00016666666674,201.281572649443));
#5798=CARTESIAN_POINT('Ctrl Pts',(-11.2233238698472,-7.00016666666674,201.267786367152));
#5799=CARTESIAN_POINT('Ctrl Pts',(-11.230212662924,-7.00016666666674,201.253864486899));
#5800=CARTESIAN_POINT('Ctrl Pts',(-11.2368669068904,-7.00016666666674,201.239813773024));
#5801=CARTESIAN_POINT('Ctrl Pts',(-11.2428219549872,-7.00016666666674,201.227239440412));
#5802=CARTESIAN_POINT('Ctrl Pts',(-11.2485912721424,-7.00016666666674,201.214556662267));
#5803=CARTESIAN_POINT('Ctrl Pts',(-11.2541603932976,-7.00016666666674,201.201800435079));
#5804=CARTESIAN_POINT('Ctrl Pts',(-11.2759379131199,-7.00016666666674,201.151918419103));
#5805=CARTESIAN_POINT('Ctrl Pts',(-11.2946931588032,-7.00016666666674,201.100845936939));
#5806=CARTESIAN_POINT('Ctrl Pts',(-11.3103960070442,-7.00016666666674,201.048914030143));
#5807=CARTESIAN_POINT('Ctrl Pts',(-11.3263942496073,-7.00016666666674,200.996005205646));
#5808=CARTESIAN_POINT('Ctrl Pts',(-11.3392247806465,-7.00016666666674,200.942203395709));
#5809=CARTESIAN_POINT('Ctrl Pts',(-11.3488149764985,-7.00016666666674,200.887824156513));
#5810=CARTESIAN_POINT('Ctrl Pts',(-11.3553146951553,-7.00016666666674,200.850968834579));
#5811=CARTESIAN_POINT('Ctrl Pts',(-11.3603251461742,-7.00016666666674,200.813847559346));
#5812=CARTESIAN_POINT('Ctrl Pts',(-11.3638112048157,-7.00016666666674,200.776553230479));
#5813=CARTESIAN_POINT('Ctrl Pts',(-11.3651989921245,-7.00016666666674,200.761706493344));
#5814=CARTESIAN_POINT('Ctrl Pts',(-11.3663450723901,-7.00016666666674,200.746832299144));
#5815=CARTESIAN_POINT('Ctrl Pts',(-11.3672467359505,-7.00016666666674,200.731936418615));
#5816=CARTESIAN_POINT('Ctrl Pts',(-11.3679697997251,-7.00016666666674,200.719991085481));
#5817=CARTESIAN_POINT('Ctrl Pts',(-11.3685356077032,-7.00016666666674,200.708029675545));
#5818=CARTESIAN_POINT('Ctrl Pts',(-11.3689422859309,-7.00016666666674,200.696077779435));
#5819=CARTESIAN_POINT('Ctrl Pts',(-11.3708750089189,-7.00016666666674,200.639276842505));
#5820=CARTESIAN_POINT('Ctrl Pts',(-11.3692255048883,-7.00016666666674,200.582583069782));
#5821=CARTESIAN_POINT('Ctrl Pts',(-11.3639326933757,-7.00016666666674,200.526329196985));
#5822=CARTESIAN_POINT('Ctrl Pts',(-11.3612622809807,-7.00016666666674,200.497947109538));
#5823=CARTESIAN_POINT('Ctrl Pts',(-11.3576637157041,-7.00016666666674,200.469676603509));
#5824=CARTESIAN_POINT('Ctrl Pts',(-11.3531243963174,-7.00016666666674,200.441558733609));
#5825=CARTESIAN_POINT('Ctrl Pts',(-11.3443778948035,-7.00016666666674,200.387380348986));
#5826=CARTESIAN_POINT('Ctrl Pts',(-11.332142035964,-7.00016666666674,200.333768375668));
#5827=CARTESIAN_POINT('Ctrl Pts',(-11.3166411185971,-7.00016666666674,200.280931182215));
#5828=CARTESIAN_POINT('Ctrl Pts',(-11.3080640476752,-7.00016666666674,200.251694954137));
#5829=CARTESIAN_POINT('Ctrl Pts',(-11.298486366258,-7.00016666666674,200.222695941484));
#5830=CARTESIAN_POINT('Ctrl Pts',(-11.2879395068078,-7.00016666666674,200.193970328009));
#5831=CARTESIAN_POINT('Ctrl Pts',(-11.2848204400386,-7.00016666666674,200.185475182431));
#5832=CARTESIAN_POINT('Ctrl Pts',(-11.281617286084,-7.00016666666674,200.177006042235));
#5833=CARTESIAN_POINT('Ctrl Pts',(-11.2783343077696,-7.00016666666674,200.168572088454));
#5834=CARTESIAN_POINT('Ctrl Pts',(-11.2577135529313,-7.00016666666674,200.115597479246));
#5835=CARTESIAN_POINT('Ctrl Pts',(-11.2339140268638,-7.00016666666674,200.063917728936));
#5836=CARTESIAN_POINT('Ctrl Pts',(-11.2072111517646,-7.00016666666674,200.01374988154));
#5837=CARTESIAN_POINT('Ctrl Pts',(-11.1798936001703,-7.00016666666674,199.962427214804));
#5838=CARTESIAN_POINT('Ctrl Pts',(-11.149537164331,-7.00016666666674,199.912685933509));
#5839=CARTESIAN_POINT('Ctrl Pts',(-11.1163817376474,-7.00016666666674,199.864763854275));
#5840=CARTESIAN_POINT('Ctrl Pts',(-11.0944612850831,-7.00016666666674,199.833080544189));
#5841=CARTESIAN_POINT('Ctrl Pts',(-11.0713162405062,-7.00016666666674,199.802192555498));
#5842=CARTESIAN_POINT('Ctrl Pts',(-11.0470043751267,-7.00016666666674,199.772172970467));
#5843=CARTESIAN_POINT('Ctrl Pts',(-11.0336570255079,-7.00016666666674,199.755692050941));
#5844=CARTESIAN_POINT('Ctrl Pts',(-11.0199578354399,-7.00016666666674,199.739472950717));
#5845=CARTESIAN_POINT('Ctrl Pts',(-11.0059153254576,-7.00016666666674,199.723528447929));
#5846=CARTESIAN_POINT('Ctrl Pts',(-10.9967847798925,-7.00016666666674,199.713161212342));
#5847=CARTESIAN_POINT('Ctrl Pts',(-10.9875073043008,-7.00016666666674,199.702908385838));
#5848=CARTESIAN_POINT('Ctrl Pts',(-10.9781013095717,-7.00016666666674,199.692790431588));
#5849=CARTESIAN_POINT('Ctrl Pts',(-10.9370221854621,-7.00016666666674,199.648601942189));
#5850=CARTESIAN_POINT('Ctrl Pts',(-10.8934348638134,-7.00016666666674,199.606913203429));
#5851=CARTESIAN_POINT('Ctrl Pts',(-10.8475845144086,-7.00016666666674,199.567983487953));
#5852=CARTESIAN_POINT('Ctrl Pts',(-10.8223386563867,-7.00016666666674,199.546548229934));
#5853=CARTESIAN_POINT('Ctrl Pts',(-10.7964058377766,-7.00016666666674,199.525949789294));
#5854=CARTESIAN_POINT('Ctrl Pts',(-10.7698212935275,-7.00016666666674,199.506235067609));
#5855=CARTESIAN_POINT('Ctrl Pts',(-10.7574394977201,-7.00016666666674,199.497052903114));
#5856=CARTESIAN_POINT('Ctrl Pts',(-10.7449162740493,-7.00016666666674,199.488062482951));
#5857=CARTESIAN_POINT('Ctrl Pts',(-10.7322549222401,-7.00016666666674,199.479268799323));
#5858=CARTESIAN_POINT('Ctrl Pts',(-10.7225541350422,-7.00016666666674,199.472531315455));
#5859=CARTESIAN_POINT('Ctrl Pts',(-10.7127731635043,-7.00016666666674,199.465910048368));
#5860=CARTESIAN_POINT('Ctrl Pts',(-10.7029219585275,-7.00016666666674,199.459412552323));
#5861=CARTESIAN_POINT('Ctrl Pts',(-10.6521780957353,-7.00016666666674,199.425943748399));
#5862=CARTESIAN_POINT('Ctrl Pts',(-10.5995155303204,-7.00016666666674,199.395715324005));
#5863=CARTESIAN_POINT('Ctrl Pts',(-10.5451612806743,-7.00016666666674,199.369000792088));
#5864=CARTESIAN_POINT('Ctrl Pts',(-10.5351287630332,-7.00016666666674,199.364069917051));
#5865=CARTESIAN_POINT('Ctrl Pts',(-10.525038506844,-7.00016666666674,199.359258851431));
#5866=CARTESIAN_POINT('Ctrl Pts',(-10.5148918028508,-7.00016666666674,199.354569455952));
#5867=CARTESIAN_POINT('Ctrl Pts',(-10.4772155190769,-7.00016666666674,199.337157004095));
#5868=CARTESIAN_POINT('Ctrl Pts',(-10.4387614703715,-7.00016666666674,199.321421218393));
#5869=CARTESIAN_POINT('Ctrl Pts',(-10.3996364558542,-7.00016666666674,199.307337316359));
#5870=CARTESIAN_POINT('Ctrl Pts',(-8.73715417663614,-7.80674699304732,200.799715917055));
#5871=CARTESIAN_POINT('Ctrl Pts',(-8.73676089374078,-7.79512403305966,200.614403094722));
#5872=CARTESIAN_POINT('Ctrl Pts',(-8.77515907835235,-7.78350107307199,200.429245399616));
#5873=CARTESIAN_POINT('Ctrl Pts',(-8.85320981847513,-7.77187811308433,200.262667276758));
#5874=CARTESIAN_POINT('Ctrl Pts',(-9.02595023806428,-7.74615439820374,199.893999730599));
#5875=CARTESIAN_POINT('Ctrl Pts',(-9.39291563113366,-7.72043068332315,199.61633809517));
#5876=CARTESIAN_POINT('Ctrl Pts',(-9.79465922187862,-7.69470696844257,199.550324807965));
#5877=CARTESIAN_POINT('Ctrl Pts',(-10.1964028126236,-7.66898325356198,199.484311520759));
#5878=CARTESIAN_POINT('Ctrl Pts',(-10.6329246010441,-7.6432595386814,199.629946581777));
#5879=CARTESIAN_POINT('Ctrl Pts',(-10.9145522443046,-7.61753582380081,199.923956460391));
#5880=CARTESIAN_POINT('Ctrl Pts',(-11.1961798875651,-7.59181210892022,200.217966339005));
#5881=CARTESIAN_POINT('Ctrl Pts',(-11.3229133856656,-7.56608839403963,200.660351035215));
#5882=CARTESIAN_POINT('Ctrl Pts',(-11.2396910794806,-7.54036467915905,201.058881181716));
#5883=CARTESIAN_POINT('Ctrl Pts',(-11.1564687732956,-7.51464096427846,201.457411328218));
#5884=CARTESIAN_POINT('Ctrl Pts',(-10.8632906628252,-7.48891724939788,201.812086925011));
#5885=CARTESIAN_POINT('Ctrl Pts',(-10.4875339253358,-7.46319353451729,201.968825208342));
#5886=CARTESIAN_POINT('Ctrl Pts',(-10.1117771878464,-7.43746981963671,202.125563491673));
#5887=CARTESIAN_POINT('Ctrl Pts',(-9.65344182333791,-7.41174610475612,202.084364461542));
#5888=CARTESIAN_POINT('Ctrl Pts',(-9.31169673386188,-7.38602238987553,201.863075036886));
#5889=CARTESIAN_POINT('Ctrl Pts',(-8.96995164438585,-7.36029867499494,201.641785612231));
#5890=CARTESIAN_POINT('Ctrl Pts',(-8.74479682994225,-7.33457496011436,201.240405793051));
#5891=CARTESIAN_POINT('Ctrl Pts',(-8.73401678240057,-7.30885124523377,200.83345146385));
#5892=CARTESIAN_POINT('Ctrl Pts',(-8.73372283913053,-7.30814982783829,200.822354899959));
#5893=CARTESIAN_POINT('Ctrl Pts',(-8.73358828523098,-7.30744841044281,200.811254191376));
#5894=CARTESIAN_POINT('Ctrl Pts',(-8.73361132909308,-7.30674699304732,200.800152966846));
#5895=CARTESIAN_POINT('Ctrl Pts',(-9.60148630715443,-7.00016666666674,199.309350571781));
#5896=CARTESIAN_POINT('Ctrl Pts',(-9.11962831225367,-7.02589038154733,199.438171659518));
#5897=CARTESIAN_POINT('Ctrl Pts',(-8.29770380511847,-7.0773378113085,200.197167883968));
#5898=CARTESIAN_POINT('Ctrl Pts',(-8.53916627662173,-7.15450895595026,201.865104448085));
#5899=CARTESIAN_POINT('Ctrl Pts',(-10.0525595655213,-7.23168010059201,202.606148656949));
#5900=CARTESIAN_POINT('Ctrl Pts',(-11.5191918782971,-7.30885124523378,201.778470495025));
#5901=CARTESIAN_POINT('Ctrl Pts',(-11.6661514258636,-7.38602238987554,200.100156672936));
#5902=CARTESIAN_POINT('Ctrl Pts',(-10.3649765113082,-7.46319353451729,199.030178993179));
#5903=CARTESIAN_POINT('Ctrl Pts',(-8.7467453530571,-7.54036467915905,199.498112561654));
#5904=CARTESIAN_POINT('Ctrl Pts',(-8.21755001546877,-7.61753582380081,201.097431043798));
#5905=CARTESIAN_POINT('Ctrl Pts',(-9.23734024544819,-7.69470696844257,202.438263415811));
#5906=CARTESIAN_POINT('Ctrl Pts',(-10.9198761720982,-7.77187811308433,202.35544105265));
#5907=CARTESIAN_POINT('Ctrl Pts',(-11.8030385518386,-7.84904925772609,200.920925962755));
#5908=CARTESIAN_POINT('Ctrl Pts',(-11.1193455078106,-7.92622040236786,199.381326990756));
#5909=CARTESIAN_POINT('Ctrl Pts',(-9.46293463634137,-8.0033915470096,199.074564101));
#5910=CARTESIAN_POINT('Ctrl Pts',(-8.2732368938896,-8.08056269165137,200.267217336097));
#5911=CARTESIAN_POINT('Ctrl Pts',(-8.58410887374297,-8.15773383629313,201.922862548612));
#5912=CARTESIAN_POINT('Ctrl Pts',(-10.1253999607967,-8.23490498093489,202.602731823269));
#5913=CARTESIAN_POINT('Ctrl Pts',(-11.5577182720905,-8.31207612557664,201.716015731071));
#5914=CARTESIAN_POINT('Ctrl Pts',(-11.6363675386624,-8.38924727021841,200.0332728437));
#5915=CARTESIAN_POINT('Ctrl Pts',(-10.2930043408577,-8.46641841486016,199.01682707186));
#5916=CARTESIAN_POINT('Ctrl Pts',(-8.69501358587506,-8.54358955950192,199.549958490923));
#5917=CARTESIAN_POINT('Ctrl Pts',(-8.23107578499581,-8.62076070414368,201.169411802868));
#5918=CARTESIAN_POINT('Ctrl Pts',(-9.30432326775798,-8.69793184878544,202.467785303361));
#5919=CARTESIAN_POINT('Ctrl Pts',(-10.9821677487093,-8.7751029934272,202.316966567164));
#5920=CARTESIAN_POINT('Ctrl Pts',(-11.8063999488734,-8.85227413806896,200.847621245516));
#5921=CARTESIAN_POINT('Ctrl Pts',(-11.061093526472,-8.92944528271072,199.337462373963));
#5922=CARTESIAN_POINT('Ctrl Pts',(-9.39326154726986,-9.00661642735247,199.096958204503));
#5923=CARTESIAN_POINT('Ctrl Pts',(-8.25398102250251,-9.08378757199424,200.338874623973));
#5924=CARTESIAN_POINT('Ctrl Pts',(-8.50535994461555,-9.13523500175541,201.429032319757));
#5925=CARTESIAN_POINT('Ctrl Pts',(-8.83086355458572,-9.160958716636,201.806960090358));
#5926=CARTESIAN_POINT('Ctrl Pts',(-9.62546256659647,-6.94656931667697,199.399034275769));
#5927=CARTESIAN_POINT('Ctrl Pts',(-9.17259516395751,-6.97229303155756,199.520104948096));
#5928=CARTESIAN_POINT('Ctrl Pts',(-8.40012107273011,-7.02374046131873,200.233436785311));
#5929=CARTESIAN_POINT('Ctrl Pts',(-8.62705615207227,-7.10091160596049,201.801023309871));
#5930=CARTESIAN_POINT('Ctrl Pts',(-10.0493973712033,-7.17808275060225,202.49748319984));
#5931=CARTESIAN_POINT('Ctrl Pts',(-11.427790950104,-7.255253895244,201.719601617759));
#5932=CARTESIAN_POINT('Ctrl Pts',(-11.5659087966557,-7.33242503988577,200.142262174468));
#5933=CARTESIAN_POINT('Ctrl Pts',(-10.3430180069013,-7.40959618452752,199.136658826923));
#5934=CARTESIAN_POINT('Ctrl Pts',(-8.82214640310534,-7.48676732916928,199.576439554866));
#5935=CARTESIAN_POINT('Ctrl Pts',(-8.32478967029523,-7.56393847381105,201.079536348248));
#5936=CARTESIAN_POINT('Ctrl Pts',(-9.28322505494104,-7.6411096184528,202.33969863696));
#5937=CARTESIAN_POINT('Ctrl Pts',(-10.8645325833254,-7.71828076309456,202.261859213557));
#5938=CARTESIAN_POINT('Ctrl Pts',(-11.6945602206251,-7.79545190773632,200.913650551083));
#5939=CARTESIAN_POINT('Ctrl Pts',(-11.0520010095549,-7.87262305237808,199.466680292349));
#5940=CARTESIAN_POINT('Ctrl Pts',(-9.49524674376817,-7.94979419701984,199.178373541024));
#5941=CARTESIAN_POINT('Ctrl Pts',(-8.37712619320943,-8.0269653416616,200.29927176943));
#5942=CARTESIAN_POINT('Ctrl Pts',(-8.66929481458599,-8.10413648630336,201.855306441507));
#5943=CARTESIAN_POINT('Ctrl Pts',(-10.1178553836564,-8.18130763094511,202.494271937164));
#5944=CARTESIAN_POINT('Ctrl Pts',(-11.4639994349167,-8.25847877558688,201.66090439361));
#5945=CARTESIAN_POINT('Ctrl Pts',(-11.5379168326746,-8.33564992022863,200.079402356128));
#5946=CARTESIAN_POINT('Ctrl Pts',(-10.2753759832364,-8.41282106487039,199.124110213032));
#5947=CARTESIAN_POINT('Ctrl Pts',(-8.77352703539624,-8.48999220951215,199.625166216194));
#5948=CARTESIAN_POINT('Ctrl Pts',(-8.33750167295831,-8.56716335415391,201.147186443805));
#5949=CARTESIAN_POINT('Ctrl Pts',(-9.34617809848365,-8.64433449879567,202.367444364285));
#5950=CARTESIAN_POINT('Ctrl Pts',(-10.9230764381637,-8.72150564343744,202.225699514031));
#5951=CARTESIAN_POINT('Ctrl Pts',(-11.6977193819558,-8.79867678807919,200.844756152218));
#5952=CARTESIAN_POINT('Ctrl Pts',(-10.9972537110426,-8.87584793272095,199.425454754359));
#5953=CARTESIAN_POINT('Ctrl Pts',(-9.42976547913097,-8.95301907736271,199.199420321601));
#5954=CARTESIAN_POINT('Ctrl Pts',(-8.35902883557938,-9.03019022200447,200.366617855173));
#5955=CARTESIAN_POINT('Ctrl Pts',(-8.59528375038879,-9.08163765176564,201.39118710458));
#5956=CARTESIAN_POINT('Ctrl Pts',(-8.90120370182003,-9.10736136664623,201.746377159884));
#5957=CARTESIAN_POINT('Ctrl Pts',(-9.64943882603852,-6.8929719666872,199.488717979757));
#5958=CARTESIAN_POINT('Ctrl Pts',(-9.22556201566136,-6.91869568156779,199.602038236673));
#5959=CARTESIAN_POINT('Ctrl Pts',(-8.50253834034174,-6.97014311132896,200.269705686653));
#5960=CARTESIAN_POINT('Ctrl Pts',(-8.71494602752282,-7.04731425597071,201.736942171658));
#5961=CARTESIAN_POINT('Ctrl Pts',(-10.0462351768854,-7.12448540061248,202.38881774273));
#5962=CARTESIAN_POINT('Ctrl Pts',(-11.3363900219109,-7.20165654525424,201.660732740493));
#5963=CARTESIAN_POINT('Ctrl Pts',(-11.4656661674478,-7.278827689896,200.184367675998));
#5964=CARTESIAN_POINT('Ctrl Pts',(-10.3210595024944,-7.35599883453775,199.243138660667));
#5965=CARTESIAN_POINT('Ctrl Pts',(-8.89754745315359,-7.43316997917951,199.654766548078));
#5966=CARTESIAN_POINT('Ctrl Pts',(-8.43202932512169,-7.51034112382127,201.061641652699));
#5967=CARTESIAN_POINT('Ctrl Pts',(-9.3291098644339,-7.58751226846303,202.241133858109));
#5968=CARTESIAN_POINT('Ctrl Pts',(-10.8091889945525,-7.66468341310479,202.168277374464));
#5969=CARTESIAN_POINT('Ctrl Pts',(-11.5860818894116,-7.74185455774655,200.906375139412));
#5970=CARTESIAN_POINT('Ctrl Pts',(-10.9846565112992,-7.81902570238831,199.552033593942));
#5971=CARTESIAN_POINT('Ctrl Pts',(-9.52755885119497,-7.89619684703006,199.282182981048));
#5972=CARTESIAN_POINT('Ctrl Pts',(-8.48101549252925,-7.97336799167183,200.331326202762));
#5973=CARTESIAN_POINT('Ctrl Pts',(-8.754480755429,-8.05053913631358,201.787750334402));
#5974=CARTESIAN_POINT('Ctrl Pts',(-10.1103108065162,-8.12771028095534,202.385812051059));
#5975=CARTESIAN_POINT('Ctrl Pts',(-11.3702805977429,-8.20488142559711,201.60579305615));
#5976=CARTESIAN_POINT('Ctrl Pts',(-11.4394661266867,-8.28205257023887,200.125531868556));
#5977=CARTESIAN_POINT('Ctrl Pts',(-10.257747625615,-8.35922371488062,199.231393354205));
#5978=CARTESIAN_POINT('Ctrl Pts',(-8.85204048491741,-8.43639485952238,199.700373941465));
#5979=CARTESIAN_POINT('Ctrl Pts',(-8.44392756092081,-8.51356600416415,201.124961084743));
#5980=CARTESIAN_POINT('Ctrl Pts',(-9.38803292920932,-8.59073714880589,202.267103425208));
#5981=CARTESIAN_POINT('Ctrl Pts',(-10.863985127618,-8.66790829344767,202.134432460897));
#5982=CARTESIAN_POINT('Ctrl Pts',(-11.5890388150382,-8.74507943808942,200.84189105892));
#5983=CARTESIAN_POINT('Ctrl Pts',(-10.9334138956132,-8.82225058273118,199.513447134754));
#5984=CARTESIAN_POINT('Ctrl Pts',(-9.46626941099207,-8.89942172737294,199.301882438699));
#5985=CARTESIAN_POINT('Ctrl Pts',(-8.46407664865624,-8.9765928720147,200.394361086373));
#5986=CARTESIAN_POINT('Ctrl Pts',(-8.68520755616202,-9.02804030177587,201.353341889403));
#5987=CARTESIAN_POINT('Ctrl Pts',(-8.97154384905433,-9.05376401665646,201.68579422941));
#5988=CARTESIAN_POINT('Ctrl Pts',(-9.67341508548056,-6.83937461669743,199.578401683744));
#5989=CARTESIAN_POINT('Ctrl Pts',(-9.2785288673652,-6.86509833157802,199.68397152525));
#5990=CARTESIAN_POINT('Ctrl Pts',(-8.60495560795337,-6.91654576133919,200.305974587996));
#5991=CARTESIAN_POINT('Ctrl Pts',(-8.80283590297337,-6.99371690598094,201.672861033444));
#5992=CARTESIAN_POINT('Ctrl Pts',(-10.0430729825674,-7.07088805062271,202.28015228562));
#5993=CARTESIAN_POINT('Ctrl Pts',(-11.2449890937177,-7.14805919526446,201.601863863227));
#5994=CARTESIAN_POINT('Ctrl Pts',(-11.3654235382399,-7.22523033990623,200.22647317753));
#5995=CARTESIAN_POINT('Ctrl Pts',(-10.2991009980874,-7.30240148454798,199.34961849441));
#5996=CARTESIAN_POINT('Ctrl Pts',(-8.97294850320184,-7.37957262918974,199.73309354129));
#5997=CARTESIAN_POINT('Ctrl Pts',(-8.53926897994815,-7.4567437738315,201.04374695715));
#5998=CARTESIAN_POINT('Ctrl Pts',(-9.37499467392675,-7.53391491847326,202.142569079257));
#5999=CARTESIAN_POINT('Ctrl Pts',(-10.7538454057796,-7.61108606311502,202.07469553537));
#6000=CARTESIAN_POINT('Ctrl Pts',(-11.4776035581981,-7.68825720775678,200.89909972774));
#6001=CARTESIAN_POINT('Ctrl Pts',(-10.9173120130436,-7.76542835239854,199.637386895535));
#6002=CARTESIAN_POINT('Ctrl Pts',(-9.55987095862178,-7.8425994970403,199.385992421072));
#6003=CARTESIAN_POINT('Ctrl Pts',(-8.58490479184908,-7.91977064168206,200.363380636095));
#6004=CARTESIAN_POINT('Ctrl Pts',(-8.83966669627202,-7.99694178632382,201.720194227297));
#6005=CARTESIAN_POINT('Ctrl Pts',(-10.102766229376,-8.07411293096558,202.277352164953));
#6006=CARTESIAN_POINT('Ctrl Pts',(-11.2765617605692,-8.15128407560734,201.55068171869));
#6007=CARTESIAN_POINT('Ctrl Pts',(-11.3410154206989,-8.2284552202491,200.171661380984));
#6008=CARTESIAN_POINT('Ctrl Pts',(-10.2401192679937,-8.30562636489085,199.338676495377));
#6009=CARTESIAN_POINT('Ctrl Pts',(-8.93055393443859,-8.38279750953261,199.775581666735));
#6010=CARTESIAN_POINT('Ctrl Pts',(-8.55035344888331,-8.45996865417437,201.102735725681));
#6011=CARTESIAN_POINT('Ctrl Pts',(-9.42988775993499,-8.53713979881613,202.166762486131));
#6012=CARTESIAN_POINT('Ctrl Pts',(-10.8048938170724,-8.6143109434579,202.043165407764));
#6013=CARTESIAN_POINT('Ctrl Pts',(-11.4803582481207,-8.69148208809964,200.839025965622));
#6014=CARTESIAN_POINT('Ctrl Pts',(-10.8695740801838,-8.76865323274141,199.60143951515));
#6015=CARTESIAN_POINT('Ctrl Pts',(-9.50277334285319,-8.84582437738317,199.404344555797));
#6016=CARTESIAN_POINT('Ctrl Pts',(-8.56912446173309,-8.92299552202493,200.422104317572));
#6017=CARTESIAN_POINT('Ctrl Pts',(-8.77513136193526,-8.9744429517861,201.315496674227));
#6018=CARTESIAN_POINT('Ctrl Pts',(-9.04188399628864,-9.00016666666669,201.625211298936));
#6019=CARTESIAN_POINT('Ctrl Pts',(-8.73470163583435,-7.44358634028616,200.800899782728));
#6020=CARTESIAN_POINT('Ctrl Pts',(-8.73413741100978,-7.44797215146794,200.870479488801));
#6021=CARTESIAN_POINT('Ctrl Pts',(-8.73941191827214,-7.45235796264972,200.939973761649));
#6022=CARTESIAN_POINT('Ctrl Pts',(-8.75083651615353,-7.4567437738315,201.008441741524));
#6023=CARTESIAN_POINT('Ctrl Pts',(-8.81784421127435,-7.48246748871209,201.410020997852));
#6024=CARTESIAN_POINT('Ctrl Pts',(-9.09641944260055,-7.50819120359268,201.776295038555));
#6025=CARTESIAN_POINT('Ctrl Pts',(-9.46551551357246,-7.53391491847326,201.948119801591));
#6026=CARTESIAN_POINT('Ctrl Pts',(-9.83461158454437,-7.55963863335385,202.119944564628));
#6027=CARTESIAN_POINT('Ctrl Pts',(-10.294228495162,-7.58536234823444,202.097320049999));
#6028=CARTESIAN_POINT('Ctrl Pts',(-10.6446633092072,-7.61108606311502,201.89007515808));
#6029=CARTESIAN_POINT('Ctrl Pts',(-10.9950981232525,-7.63680977799561,201.68283026616));
#6030=CARTESIAN_POINT('Ctrl Pts',(-11.2363508407253,-7.66253349287619,201.29096499695));
#6031=CARTESIAN_POINT('Ctrl Pts',(-11.2635952752693,-7.68825720775678,200.884746890311));
#6032=CARTESIAN_POINT('Ctrl Pts',(-11.2908397098133,-7.71398092263737,200.478528783672));
#6033=CARTESIAN_POINT('Ctrl Pts',(-11.1040758614284,-7.73970463751796,200.057957839604));
#6034=CARTESIAN_POINT('Ctrl Pts',(-10.784453761499,-7.76542835239854,199.805773288492));
#6035=CARTESIAN_POINT('Ctrl Pts',(-10.4648316615696,-7.79115206727913,199.553588737381));
#6036=CARTESIAN_POINT('Ctrl Pts',(-10.0123513100957,-7.81687578215971,199.469790579226));
#6037=CARTESIAN_POINT('Ctrl Pts',(-9.62361677322996,-7.8425994970403,199.590789535986));
#6038=CARTESIAN_POINT('Ctrl Pts',(-9.23488223636421,-7.86832321192088,199.711788492746));
#6039=CARTESIAN_POINT('Ctrl Pts',(-8.90989351410665,-7.89404692680147,200.037584564421));
#6040=CARTESIAN_POINT('Ctrl Pts',(-8.78985947038169,-7.91977064168206,200.426618198792));
#6041=CARTESIAN_POINT('Ctrl Pts',(-8.75281590156,-7.92770920788343,200.546677423338));
#6042=CARTESIAN_POINT('Ctrl Pts',(-8.73529209857975,-7.93564777408479,200.672759357027));
#6043=CARTESIAN_POINT('Ctrl Pts',(-8.73620355341941,-7.94358634028616,200.799088127963));
#6044=CARTESIAN_POINT('Ctrl Pts',(-9.60148630715443,-7.00016666666674,199.309350571781));
#6045=CARTESIAN_POINT('Ctrl Pts',(-9.54498362922994,-7.00016666666674,199.329996417736));
#6046=CARTESIAN_POINT('Ctrl Pts',(-9.4899887242283,-7.00016666666674,199.354136714198));
#6047=CARTESIAN_POINT('Ctrl Pts',(-9.43669195423135,-7.00016666666674,199.38148682867));
#6048=CARTESIAN_POINT('Ctrl Pts',(-9.38284902566327,-7.00016666666674,199.409117213398));
#6049=CARTESIAN_POINT('Ctrl Pts',(-9.33073845341099,-7.00016666666674,199.440024419826));
#6050=CARTESIAN_POINT('Ctrl Pts',(-9.28058799303952,-7.00016666666674,199.473959450116));
#6051=CARTESIAN_POINT('Ctrl Pts',(-9.24342026360887,-7.00016666666674,199.499109528793));
#6052=CARTESIAN_POINT('Ctrl Pts',(-9.20732975490777,-7.00016666666674,199.525923676271));
#6053=CARTESIAN_POINT('Ctrl Pts',(-9.17242387198314,-7.00016666666674,199.554311720815));
#6054=CARTESIAN_POINT('Ctrl Pts',(-9.15523989949546,-7.00016666666674,199.568286997633));
#6055=CARTESIAN_POINT('Ctrl Pts',(-9.13834323560191,-7.00016666666674,199.582643835566));
#6056=CARTESIAN_POINT('Ctrl Pts',(-9.12174800881964,-7.00016666666674,199.597372060702));
#6057=CARTESIAN_POINT('Ctrl Pts',(-9.11413092402937,-7.00016666666674,199.604132205721));
#6058=CARTESIAN_POINT('Ctrl Pts',(-9.10657560590961,-7.00016666666674,199.610972220127));
#6059=CARTESIAN_POINT('Ctrl Pts',(-9.09908924909308,-7.00016666666674,199.617885800572));
#6060=CARTESIAN_POINT('Ctrl Pts',(-9.05559014275272,-7.00016666666674,199.658056818109));
#6061=CARTESIAN_POINT('Ctrl Pts',(-9.01453404735009,-7.00016666666674,199.700597374389));
#6062=CARTESIAN_POINT('Ctrl Pts',(-8.9761263080733,-7.00016666666674,199.745266270496));
#6063=CARTESIAN_POINT('Ctrl Pts',(-8.93839410580846,-7.00016666666674,199.789149504827));
#6064=CARTESIAN_POINT('Ctrl Pts',(-8.90321744051005,-7.00016666666674,199.835087807316));
#6065=CARTESIAN_POINT('Ctrl Pts',(-8.87083357503336,-7.00016666666674,199.8828770053));
#6066=CARTESIAN_POINT('Ctrl Pts',(-8.84774149443969,-7.00016666666674,199.916954222306));
#6067=CARTESIAN_POINT('Ctrl Pts',(-8.82607034085037,-7.00016666666674,199.951973100415));
#6068=CARTESIAN_POINT('Ctrl Pts',(-8.80592174181535,-7.00016666666674,199.987863609882));
#6069=CARTESIAN_POINT('Ctrl Pts',(-8.79315928294717,-7.00016666666674,200.01059725752));
#6070=CARTESIAN_POINT('Ctrl Pts',(-8.78100796751425,-7.00016666666674,200.033680671967));
#6071=CARTESIAN_POINT('Ctrl Pts',(-8.76949665453308,-7.00016666666674,200.057096276978));
#6072=CARTESIAN_POINT('Ctrl Pts',(-8.76492963233374,-7.00016666666674,200.0663862327));
#6073=CARTESIAN_POINT('Ctrl Pts',(-8.76046339982327,-7.00016666666674,200.075728677554));
#6074=CARTESIAN_POINT('Ctrl Pts',(-8.75610583834697,-7.00016666666674,200.085108908156));
#6075=CARTESIAN_POINT('Ctrl Pts',(-8.73256266136389,-7.00016666666674,200.135788727686));
#6076=CARTESIAN_POINT('Ctrl Pts',(-8.71213931019719,-7.00016666666674,200.187667061193));
#6077=CARTESIAN_POINT('Ctrl Pts',(-8.69504993504222,-7.00016666666674,200.240553598613));
#6078=CARTESIAN_POINT('Ctrl Pts',(-8.68551521887396,-7.00016666666674,200.27006071159));
#6079=CARTESIAN_POINT('Ctrl Pts',(-8.67701918398104,-7.00016666666674,200.299881939076));
#6080=CARTESIAN_POINT('Ctrl Pts',(-8.6696060390439,-7.00016666666674,200.329985421563));
#6081=CARTESIAN_POINT('Ctrl Pts',(-8.65665576204332,-7.00016666666674,200.382574227017));
#6082=CARTESIAN_POINT('Ctrl Pts',(-8.64700804466015,-7.00016666666674,200.43602513435));
#6083=CARTESIAN_POINT('Ctrl Pts',(-8.64061380613142,-7.00016666666674,200.490042443375));
#6084=CARTESIAN_POINT('Ctrl Pts',(-8.63757972042374,-7.00016666666674,200.515673821457));
#6085=CARTESIAN_POINT('Ctrl Pts',(-8.63527878227552,-7.00016666666674,200.541432609235));
#6086=CARTESIAN_POINT('Ctrl Pts',(-8.63370894182901,-7.00016666666674,200.567286119474));
#6087=CARTESIAN_POINT('Ctrl Pts',(-8.63280525537073,-7.00016666666674,200.582168821187));
#6088=CARTESIAN_POINT('Ctrl Pts',(-8.63214386886738,-7.00016666666674,200.597089357573));
#6089=CARTESIAN_POINT('Ctrl Pts',(-8.63172515347599,-7.00016666666674,200.612005834327));
#6090=CARTESIAN_POINT('Ctrl Pts',(-8.63016205712408,-7.00016666666674,200.667690174757));
#6091=CARTESIAN_POINT('Ctrl Pts',(-8.63196914932947,-7.00016666666674,200.723393083451));
#6092=CARTESIAN_POINT('Ctrl Pts',(-8.63705333672335,-7.00016666666674,200.778797052772));
#6093=CARTESIAN_POINT('Ctrl Pts',(-8.64212670824735,-7.00016666666674,200.834083158199));
#6094=CARTESIAN_POINT('Ctrl Pts',(-8.65046367873299,-7.00016666666674,200.889072728341));
#6095=CARTESIAN_POINT('Ctrl Pts',(-8.66202075288631,-7.00016666666674,200.943434850986));
#6096=CARTESIAN_POINT('Ctrl Pts',(-8.66963059376351,-7.00016666666674,200.97922999235));
#6097=CARTESIAN_POINT('Ctrl Pts',(-8.67863755074666,-7.00016666666674,201.014752742971));
#6098=CARTESIAN_POINT('Ctrl Pts',(-8.68903950685965,-7.00016666666674,201.049901411184));
#6099=CARTESIAN_POINT('Ctrl Pts',(-8.69482773869924,-7.00016666666674,201.069460101709));
#6100=CARTESIAN_POINT('Ctrl Pts',(-8.70104806225171,-7.00016666666674,201.088902840502));
#6101=CARTESIAN_POINT('Ctrl Pts',(-8.70770110968085,-7.00016666666674,201.108211056697));
#6102=CARTESIAN_POINT('Ctrl Pts',(-8.71139429770155,-7.00016666666674,201.118929283722));
#6103=CARTESIAN_POINT('Ctrl Pts',(-8.71521772255761,-7.00016666666674,201.129596938809));
#6104=CARTESIAN_POINT('Ctrl Pts',(-8.71917017900314,-7.00016666666674,201.140209153849));
#6105=CARTESIAN_POINT('Ctrl Pts',(-8.73782402697122,-7.00016666666674,201.190294119663));
#6106=CARTESIAN_POINT('Ctrl Pts',(-8.75935398248857,-7.00016666666674,201.239161661676));
#6107=CARTESIAN_POINT('Ctrl Pts',(-8.7837317226685,-7.00016666666674,201.286497621668));
#6108=CARTESIAN_POINT('Ctrl Pts',(-8.79712677094622,-7.00016666666674,201.312507722059));
#6109=CARTESIAN_POINT('Ctrl Pts',(-8.81138233684905,-7.00016666666674,201.33805486145));
#6110=CARTESIAN_POINT('Ctrl Pts',(-8.82649842147443,-7.00016666666674,201.363082027684));
#6111=CARTESIAN_POINT('Ctrl Pts',(-8.83313597902901,-7.00016666666674,201.37407159677));
#6112=CARTESIAN_POINT('Ctrl Pts',(-8.83994067181889,-7.00016666666674,201.384962665712));
#6113=CARTESIAN_POINT('Ctrl Pts',(-8.84690892102204,-7.00016666666674,201.395744351312));
#6114=CARTESIAN_POINT('Ctrl Pts',(-8.8748486017003,-7.00016666666674,201.438974270917));
#6115=CARTESIAN_POINT('Ctrl Pts',(-8.9053554539816,-7.00016666666674,201.480358476316));
#6116=CARTESIAN_POINT('Ctrl Pts',(-8.93841398285651,-7.00016666666674,201.519596600645));
#6117=CARTESIAN_POINT('Ctrl Pts',(-8.94790552908418,-7.00016666666674,201.530862391461));
#6118=CARTESIAN_POINT('Ctrl Pts',(-8.95760762860168,-7.00016666666674,201.54195102233));
#6119=CARTESIAN_POINT('Ctrl Pts',(-8.96752039851931,-7.00016666666674,201.55285473665));
#6120=CARTESIAN_POINT('Ctrl Pts',(-8.99062843656577,-7.00016666666674,201.57827280319));
#6121=CARTESIAN_POINT('Ctrl Pts',(-9.01488113504487,-7.00016666666674,201.602686569303));
#6122=CARTESIAN_POINT('Ctrl Pts',(-9.0401944339857,-7.00016666666674,201.626055985182));
#6123=CARTESIAN_POINT('Origin',(-10.0000001490116,-7.00016666666674,200.8));
#6124=CARTESIAN_POINT('',(-6.50000014901161,-7.00016666666674,200.8));
#6125=CARTESIAN_POINT('Origin',(-10.0000001490116,-7.00016666666674,200.8));
#6126=CARTESIAN_POINT('Origin',(-10.0000001490116,-4.00016666666674,200.8));
#6127=CARTESIAN_POINT('Origin',(-10.0000001490116,-4.00016666666674,200.8));
#6128=CARTESIAN_POINT('',(-6.50000014901161,-4.00016666666674,200.8));
#6129=CARTESIAN_POINT('Origin',(-10.0000001490116,-4.00016666666674,200.8));
#6130=CARTESIAN_POINT('',(-6.50000014901161,-4.00016666666674,200.8));
#6131=CARTESIAN_POINT('Origin',(-1.33226762955019E-14,-14.0001666666667,
190.65));
#6132=CARTESIAN_POINT('',(-5.00000000000001,-14.0001666666667,190.65));
#6133=CARTESIAN_POINT('Origin',(-20.,-4.0001666666667,190.8));
#6134=CARTESIAN_POINT('',(-20.,-14.0001666666667,186.8));
#6135=CARTESIAN_POINT('',(-24.,-14.0001666666667,190.8));
#6136=CARTESIAN_POINT('Origin',(-20.,-14.0001666666667,190.8));
#6137=CARTESIAN_POINT('',(-24.,-4.0001666666667,190.8));
#6138=CARTESIAN_POINT('',(-24.,-4.0001666666667,190.8));
#6139=CARTESIAN_POINT('',(-20.0000002980232,-0.000166666666742277,186.8));
#6140=CARTESIAN_POINT('Ctrl Pts',(-24.,-4.00016666666673,190.8));
#6141=CARTESIAN_POINT('Ctrl Pts',(-24.,-4.00016666666673,190.294169160852));
#6142=CARTESIAN_POINT('Ctrl Pts',(-23.8979806465144,-4.00417216180413,189.755336714237));
#6143=CARTESIAN_POINT('Ctrl Pts',(-23.4870407998289,-3.97248868771415,188.768714938171));
#6144=CARTESIAN_POINT('Ctrl Pts',(-23.1779970413795,-3.93182998042375,188.321142817932));
#6145=CARTESIAN_POINT('Ctrl Pts',(-22.6456755770288,-3.76876543531266,187.78882131392));
#6146=CARTESIAN_POINT('Ctrl Pts',(-22.4309464701748,-3.6877997955152,187.612483549466));
#6147=CARTESIAN_POINT('Ctrl Pts',(-21.9907175944751,-3.46763714769525,187.320516608072));
#6148=CARTESIAN_POINT('Ctrl Pts',(-21.7659473195785,-3.32759327472559,187.204427341317));
#6149=CARTESIAN_POINT('Ctrl Pts',(-21.3410555202491,-3.00201693616462,187.023503322693));
#6150=CARTESIAN_POINT('Ctrl Pts',(-21.1232815887383,-2.79605358639323,186.955737375844));
#6151=CARTESIAN_POINT('Ctrl Pts',(-20.7336394159552,-2.32898199529609,186.862756061649));
#6152=CARTESIAN_POINT('Ctrl Pts',(-20.5617861346082,-2.06793515242591,186.837169962467));
#6153=CARTESIAN_POINT('Ctrl Pts',(-20.1438771760444,-1.23234237363024,186.792782303803));
#6154=CARTESIAN_POINT('Ctrl Pts',(-20.0000002980232,-0.601353347080257,
186.8));
#6155=CARTESIAN_POINT('Ctrl Pts',(-20.0000002980232,-0.000166666666743392,
186.8));
#6156=CARTESIAN_POINT('',(-20.,-4.0001666666667,186.8));
#6157=CARTESIAN_POINT('Origin',(-24.,-4.00016666666669,186.8));
#6158=CARTESIAN_POINT('',(-20.0000002980232,5.99983333333326,186.8));
#6159=CARTESIAN_POINT('',(-20.0000002980232,2.99983333333325,186.8));
#6160=CARTESIAN_POINT('',(-1.11022302462516E-14,5.99983333333326,186.8));
#6161=CARTESIAN_POINT('Origin',(-10.,5.99983333333326,186.8));
#6162=CARTESIAN_POINT('',(-1.11022302462516E-14,-0.000166666666742143,186.8));
#6163=CARTESIAN_POINT('',(-1.11022302462516E-14,5.99983333333325,186.8));
#6164=CARTESIAN_POINT('',(-8.88178419700125E-15,-14.0001666666667,186.8));
#6165=CARTESIAN_POINT('',(-8.88178419700125E-15,-4.00016666666669,186.8));
#6166=CARTESIAN_POINT('',(-24.,-14.0001666666667,186.8));
#6167=CARTESIAN_POINT('',(-12.75,5.99983333333321,186.8));
#6168=CARTESIAN_POINT('Origin',(-10.,5.99983333333321,186.8));
#6169=CARTESIAN_POINT('Origin',(-24.0000002980232,-0.000166666666743809,
214.8));
#6170=CARTESIAN_POINT('',(-24.0000002980232,-4.00016666666674,194.8));
#6171=CARTESIAN_POINT('',(-24.,-4.00016666666669,214.8));
#6172=CARTESIAN_POINT('',(-20.0000002980232,-0.000166666666742143,194.8));
#6173=CARTESIAN_POINT('Origin',(-24.0000002980232,-0.000166666666743809,
194.8));
#6174=CARTESIAN_POINT('',(-20.0000002980232,-0.000166666666742277,214.8));
#6175=CARTESIAN_POINT('Origin',(-8.88178419700125E-15,-4.00016666666669,
190.8));
#6176=CARTESIAN_POINT('',(3.99999999999999,-14.0001666666667,190.8));
#6177=CARTESIAN_POINT('Origin',(-8.88178419700125E-15,-14.0001666666667,
190.8));
#6178=CARTESIAN_POINT('',(3.99999999999999,-4.00016666666669,190.8));
#6179=CARTESIAN_POINT('Ctrl Pts',(-9.95731275210687E-15,-0.000166666666742005,
186.8));
#6180=CARTESIAN_POINT('Ctrl Pts',(-1.00908030153304E-14,-0.601353366377932,
186.8));
#6181=CARTESIAN_POINT('Ctrl Pts',(0.143876886860638,-1.23234241093879,186.79278229241));
#6182=CARTESIAN_POINT('Ctrl Pts',(0.561785870010652,-2.0679352094422,186.837169924701));
#6183=CARTESIAN_POINT('Ctrl Pts',(0.733639161446841,-2.32898205772788,186.862756013754));
#6184=CARTESIAN_POINT('Ctrl Pts',(1.12328135805288,-2.79605365684266,186.955737307956));
#6185=CARTESIAN_POINT('Ctrl Pts',(1.34105530331847,-3.00201700921705,187.023503244936));
#6186=CARTESIAN_POINT('Ctrl Pts',(1.76594713264002,-3.32759335024306,187.20442724886));
#6187=CARTESIAN_POINT('Ctrl Pts',(1.99071742423287,-3.46763722271536,187.320516509759));
#6188=CARTESIAN_POINT('Ctrl Pts',(2.43094633340734,-3.68779986504515,187.612483444165));
#6189=CARTESIAN_POINT('Ctrl Pts',(2.645675457039,-3.76876549991875,187.788821207547));
#6190=CARTESIAN_POINT('Ctrl Pts',(3.17799696808805,-3.93183003000393,188.321142718596));
#6191=CARTESIAN_POINT('Ctrl Pts',(3.4870407535606,-3.97248872112143,188.768714852343));
#6192=CARTESIAN_POINT('Ctrl Pts',(3.89798063688447,-4.00417217004256,189.755336665859));
#6193=CARTESIAN_POINT('Ctrl Pts',(3.99999999999999,-4.00016666666674,190.294169136515));
#6194=CARTESIAN_POINT('Ctrl Pts',(3.99999999999999,-4.00016666666674,190.8));
#6195=CARTESIAN_POINT('',(3.99999999999999,-4.00016666666669,190.8));
#6196=CARTESIAN_POINT('Origin',(3.99999999999999,-4.00016666666669,186.8));
#6197=CARTESIAN_POINT('',(3.99999999999999,-4.00016666666674,194.8));
#6198=CARTESIAN_POINT('',(3.99999999999999,-4.00016666666669,186.8));
#6199=CARTESIAN_POINT('',(3.99999999999999,-4.00016666666674,206.8));
#6200=CARTESIAN_POINT('',(3.99999999999999,-4.00016666666669,186.8));
#6201=CARTESIAN_POINT('',(3.99999999999999,-4.00016666666669,210.8));
#6202=CARTESIAN_POINT('',(3.99999999999999,-4.00016666666669,186.8));
#6203=CARTESIAN_POINT('',(3.99999999999999,-14.0001666666667,210.8));
#6204=CARTESIAN_POINT('',(3.99999999999999,-4.00016666666669,210.8));
#6205=CARTESIAN_POINT('',(3.99999999999999,-14.0001666666667,186.8));
#6206=CARTESIAN_POINT('Origin',(3.99999999999999,-0.000166666666742699,
214.8));
#6207=CARTESIAN_POINT('',(-1.11022302462516E-14,-0.000166666666742143,194.8));
#6208=CARTESIAN_POINT('',(-1.11022302462516E-14,-0.000166666666742143,214.8));
#6209=CARTESIAN_POINT('Origin',(3.99999999999999,-0.000166666666742699,
194.8));
#6210=CARTESIAN_POINT('Origin',(-20.,-4.00016666666669,210.8));
#6211=CARTESIAN_POINT('',(-24.,-14.0001666666667,210.8));
#6212=CARTESIAN_POINT('',(-20.,-14.0001666666667,214.8));
#6213=CARTESIAN_POINT('Origin',(-20.,-14.0001666666667,210.8));
#6214=CARTESIAN_POINT('',(-20.0000002980232,-0.000166666666742277,214.8));
#6215=CARTESIAN_POINT('',(-20.,-4.00016666666669,214.8));
#6216=CARTESIAN_POINT('',(-24.,-4.00016666666669,210.8));
#6217=CARTESIAN_POINT('Ctrl Pts',(-20.0000002980232,-0.000166666666743531,
214.8));
#6218=CARTESIAN_POINT('Ctrl Pts',(-20.0000002980232,-0.601353347080258,
214.8));
#6219=CARTESIAN_POINT('Ctrl Pts',(-20.1438771760444,-1.23234237363024,214.807217696197));
#6220=CARTESIAN_POINT('Ctrl Pts',(-20.5617861346082,-2.06793515242591,214.762830037533));
#6221=CARTESIAN_POINT('Ctrl Pts',(-20.7336394159552,-2.32898199529607,214.737243938351));
#6222=CARTESIAN_POINT('Ctrl Pts',(-21.1232815887383,-2.79605358639322,214.644262624155));
#6223=CARTESIAN_POINT('Ctrl Pts',(-21.3410555202491,-3.00201693616462,214.576496677307));
#6224=CARTESIAN_POINT('Ctrl Pts',(-21.7659473195785,-3.32759327472559,214.395572658683));
#6225=CARTESIAN_POINT('Ctrl Pts',(-21.9907175944752,-3.46763714769529,214.279483391928));
#6226=CARTESIAN_POINT('Ctrl Pts',(-22.4309464701749,-3.68779979551522,213.987516450534));
#6227=CARTESIAN_POINT('Ctrl Pts',(-22.6456755770288,-3.76876543531266,213.81117868608));
#6228=CARTESIAN_POINT('Ctrl Pts',(-23.1779970413795,-3.93182998042375,213.278857182068));
#6229=CARTESIAN_POINT('Ctrl Pts',(-23.487040799829,-3.97248868771416,212.831285061829));
#6230=CARTESIAN_POINT('Ctrl Pts',(-23.8979806465144,-4.00417216180413,211.844663285763));
#6231=CARTESIAN_POINT('Ctrl Pts',(-24.,-4.00016666666673,211.305830839148));
#6232=CARTESIAN_POINT('Ctrl Pts',(-24.,-4.00016666666673,210.8));
#6233=CARTESIAN_POINT('',(-24.,-4.00016666666669,210.8));
#6234=CARTESIAN_POINT('Origin',(-24.0000002980232,-0.000166666666743809,
214.8));
#6235=CARTESIAN_POINT('',(-20.0000002980232,-0.000166666666742143,206.8));
#6236=CARTESIAN_POINT('',(-20.0000002980232,-0.000166666666742277,214.8));
#6237=CARTESIAN_POINT('',(-24.0000002980232,-4.00016666666674,206.8));
#6238=CARTESIAN_POINT('Origin',(-24.0000002980232,-0.000166666666743809,
206.8));
#6239=CARTESIAN_POINT('',(-24.,-4.00016666666669,214.8));
#6240=CARTESIAN_POINT('Origin',(3.99999999999999,-4.00016666666669,214.8));
#6241=CARTESIAN_POINT('',(-9.99200722162641E-15,-14.0001666666667,214.8));
#6242=CARTESIAN_POINT('',(3.99999999999999,-14.0001666666667,214.8));
#6243=CARTESIAN_POINT('',(-1.11022302462516E-14,-0.000166666666742143,214.8));
#6244=CARTESIAN_POINT('',(-9.99200722162641E-15,-4.00016666666669,214.8));
#6245=CARTESIAN_POINT('',(-1.11022302462516E-14,5.99983333333326,214.8));
#6246=CARTESIAN_POINT('',(-1.11022302462516E-14,5.99983333333326,214.8));
#6247=CARTESIAN_POINT('',(-20.0000002980232,5.99983333333326,214.8));
#6248=CARTESIAN_POINT('Origin',(-10.,5.99983333333326,214.8));
#6249=CARTESIAN_POINT('',(-20.0000002980232,5.99983333333326,214.8));
#6250=CARTESIAN_POINT('',(-12.75,5.99983333333321,214.8));
#6251=CARTESIAN_POINT('Origin',(-10.,5.99983333333321,214.8));
#6252=CARTESIAN_POINT('Origin',(-9.99200722162641E-15,-4.00016666666669,
210.8));
#6253=CARTESIAN_POINT('Origin',(-9.99200722162641E-15,-14.0001666666667,
210.8));
#6254=CARTESIAN_POINT('Ctrl Pts',(3.99999999999999,-4.00016666666674,210.8));
#6255=CARTESIAN_POINT('Ctrl Pts',(3.99999999999999,-4.00016666666674,211.305830863485));
#6256=CARTESIAN_POINT('Ctrl Pts',(3.89798063688447,-4.00417217004256,211.844663334141));
#6257=CARTESIAN_POINT('Ctrl Pts',(3.48704075356059,-3.97248872112143,212.831285147657));
#6258=CARTESIAN_POINT('Ctrl Pts',(3.17799696808805,-3.93183003000393,213.278857281404));
#6259=CARTESIAN_POINT('Ctrl Pts',(2.64567545703899,-3.76876549991875,213.811178792453));
#6260=CARTESIAN_POINT('Ctrl Pts',(2.43094633340737,-3.68779986504515,213.987516555835));
#6261=CARTESIAN_POINT('Ctrl Pts',(1.99071742423288,-3.46763722271537,214.279483490241));
#6262=CARTESIAN_POINT('Ctrl Pts',(1.76594713264002,-3.32759335024306,214.39557275114));
#6263=CARTESIAN_POINT('Ctrl Pts',(1.34105530331847,-3.00201700921705,214.576496755064));
#6264=CARTESIAN_POINT('Ctrl Pts',(1.12328135805287,-2.79605365684265,214.644262692044));
#6265=CARTESIAN_POINT('Ctrl Pts',(0.733639161446832,-2.32898205772787,214.737243986245));
#6266=CARTESIAN_POINT('Ctrl Pts',(0.56178587001065,-2.06793520944219,214.762830075299));
#6267=CARTESIAN_POINT('Ctrl Pts',(0.143876886860637,-1.23234241093878,214.80721770759));
#6268=CARTESIAN_POINT('Ctrl Pts',(-1.03670368677731E-14,-0.601353366377931,
214.8));
#6269=CARTESIAN_POINT('Ctrl Pts',(-1.02001740387436E-14,-0.000166666666742282,
214.8));
#6270=CARTESIAN_POINT('Origin',(3.99999999999999,-0.000166666666742699,
214.8));
#6271=CARTESIAN_POINT('',(-1.11022302462516E-14,-0.000166666666742143,206.8));
#6272=CARTESIAN_POINT('Origin',(3.99999999999999,-0.000166666666742699,
206.8));
#6273=CARTESIAN_POINT('',(-1.11022302462516E-14,-0.000166666666742143,214.8));
#6274=CARTESIAN_POINT('Origin',(-10.,5.99983333333321,214.8));
#6275=CARTESIAN_POINT('',(-12.75,5.99983333333321,189.8));
#6276=CARTESIAN_POINT('Origin',(-10.,5.99983333333321,189.8));
#6277=CARTESIAN_POINT('',(-12.75,5.99983333333321,214.8));
#6278=CARTESIAN_POINT('Origin',(-10.,5.99983333333321,214.8));
#6279=CARTESIAN_POINT('',(-12.75,5.99983333333321,211.8));
#6280=CARTESIAN_POINT('',(-12.75,5.99983333333321,214.8));
#6281=CARTESIAN_POINT('Origin',(-10.,5.99983333333321,211.8));
#6282=CARTESIAN_POINT('Origin',(-10.,5.99983333333326,211.8));
#6283=CARTESIAN_POINT('',(-18.1,5.99983333333326,211.8));
#6284=CARTESIAN_POINT('Origin',(-10.,5.99983333333326,211.8));
#6285=CARTESIAN_POINT('Origin',(-10.,5.99983333333326,214.8));
#6286=CARTESIAN_POINT('',(-18.1,5.99983333333326,194.8));
#6287=CARTESIAN_POINT('Origin',(-10.,5.99983333333326,194.8));
#6288=CARTESIAN_POINT('',(-18.1,5.99983333333326,189.8));
#6289=CARTESIAN_POINT('',(-18.1,5.99983333333326,214.8));
#6290=CARTESIAN_POINT('Origin',(-10.,5.99983333333326,189.8));
#6291=CARTESIAN_POINT('Origin',(-10.,5.99983333333326,214.8));
#6292=CARTESIAN_POINT('',(-18.1,5.99983333333326,206.8));
#6293=CARTESIAN_POINT('',(-18.1,5.99983333333326,214.8));
#6294=CARTESIAN_POINT('Origin',(-10.,5.99983333333326,206.8));
#6295=CARTESIAN_POINT('Origin',(-10.,5.99983333333326,189.8));
#6296=CARTESIAN_POINT('Origin',(-20.0000002980232,-0.000166666666742143,
214.8));
#6297=CARTESIAN_POINT('',(-20.0000002980232,5.99983333333326,206.8));
#6298=CARTESIAN_POINT('',(-20.0000002980232,5.99983333333326,214.8));
#6299=CARTESIAN_POINT('',(-20.0000002980232,5.99983333333326,206.8));
#6300=CARTESIAN_POINT('Origin',(-1.11022302462516E-14,5.99983333333326,
214.8));
#6301=CARTESIAN_POINT('',(-1.11022302462516E-14,5.99983333333326,206.8));
#6302=CARTESIAN_POINT('',(-1.11022302462516E-14,5.99983333333326,206.8));
#6303=CARTESIAN_POINT('',(-1.11022302462516E-14,5.99983333333326,214.8));
#6304=CARTESIAN_POINT('Origin',(-10.,5.99983333333326,214.8));
#6305=CARTESIAN_POINT('Origin',(-10.,5.99983333333326,206.8));
#6306=CARTESIAN_POINT('Origin',(-10.0000001490116,5.99983333333326,206.8));
#6307=CARTESIAN_POINT('',(-3.00000007450581,-4.00016666666674,206.8));
#6308=CARTESIAN_POINT('Origin',(3.99999999999999,-4.00016666666674,214.8));
#6309=CARTESIAN_POINT('',(3.99999999999999,-4.00016666666674,194.8));
#6310=CARTESIAN_POINT('',(-24.,-4.00016666666669,214.8));
#6311=CARTESIAN_POINT('Origin',(-10.0000001490116,5.99983333333326,194.8));
#6312=CARTESIAN_POINT('',(-20.0000002980232,5.99983333333326,194.8));
#6313=CARTESIAN_POINT('',(-1.11022302462516E-14,5.99983333333326,194.8));
#6314=CARTESIAN_POINT('Origin',(-10.,5.99983333333326,194.8));
#6315=CARTESIAN_POINT('',(-20.0000002980232,2.99983333333326,194.8));
#6316=CARTESIAN_POINT('',(-1.11022302462516E-14,5.99983333333326,194.8));
#6317=CARTESIAN_POINT('Origin',(-20.0000002980232,-0.000166666666742143,
214.8));
#6318=CARTESIAN_POINT('',(-20.0000002980232,5.99983333333326,214.8));
#6319=CARTESIAN_POINT('Origin',(-10.,5.99983333333326,214.8));
#6320=CARTESIAN_POINT('',(-1.11022302462516E-14,5.99983333333326,214.8));
#6321=CARTESIAN_POINT('Origin',(-1.11022302462516E-14,5.99983333333326,
214.8));
#6322=CARTESIAN_POINT('Origin',(-24.,-4.00016666666669,214.8));
#6323=CARTESIAN_POINT('',(-24.,-14.0001666666667,214.8));
#6324=CARTESIAN_POINT('Origin',(-10.,-14.0001666666667,200.8));
#6325=CARTESIAN_POINT('',(-10.,5.99983333333326,192.3));
#6326=CARTESIAN_POINT('',(-10.,5.99983333333326,209.3));
#6327=UNCERTAINTY_MEASURE_WITH_UNIT(LENGTH_MEASURE(0.01),#6337,
'DISTANCE_ACCURACY_VALUE',
'Maximum model space distance between geometric entities at asserted c
onnectivities');
#6328=UNCERTAINTY_MEASURE_WITH_UNIT(LENGTH_MEASURE(0.01),#6337,
'DISTANCE_ACCURACY_VALUE',
'Maximum model space distance between geometric entities at asserted c
onnectivities');
#6329=UNCERTAINTY_MEASURE_WITH_UNIT(LENGTH_MEASURE(0.01),#6337,
'DISTANCE_ACCURACY_VALUE',
'Maximum model space distance between geometric entities at asserted c
onnectivities');
#6330=UNCERTAINTY_MEASURE_WITH_UNIT(LENGTH_MEASURE(0.01),#6337,
'DISTANCE_ACCURACY_VALUE',
'Maximum model space distance between geometric entities at asserted c
onnectivities');
#6331=UNCERTAINTY_MEASURE_WITH_UNIT(LENGTH_MEASURE(0.01),#6337,
'DISTANCE_ACCURACY_VALUE',
'Maximum model space distance between geometric entities at asserted c
onnectivities');
#6332=(
GEOMETRIC_REPRESENTATION_CONTEXT(3)
GLOBAL_UNCERTAINTY_ASSIGNED_CONTEXT((#6327))
GLOBAL_UNIT_ASSIGNED_CONTEXT((#6337,#6339,#6340))
REPRESENTATION_CONTEXT('','3D')
);
#6333=(
GEOMETRIC_REPRESENTATION_CONTEXT(3)
GLOBAL_UNCERTAINTY_ASSIGNED_CONTEXT((#6328))
GLOBAL_UNIT_ASSIGNED_CONTEXT((#6337,#6339,#6340))
REPRESENTATION_CONTEXT('','3D')
);
#6334=(
GEOMETRIC_REPRESENTATION_CONTEXT(3)
GLOBAL_UNCERTAINTY_ASSIGNED_CONTEXT((#6329))
GLOBAL_UNIT_ASSIGNED_CONTEXT((#6337,#6339,#6340))
REPRESENTATION_CONTEXT('','3D')
);
#6335=(
GEOMETRIC_REPRESENTATION_CONTEXT(3)
GLOBAL_UNCERTAINTY_ASSIGNED_CONTEXT((#6330))
GLOBAL_UNIT_ASSIGNED_CONTEXT((#6337,#6339,#6340))
REPRESENTATION_CONTEXT('','3D')
);
#6336=(
GEOMETRIC_REPRESENTATION_CONTEXT(3)
GLOBAL_UNCERTAINTY_ASSIGNED_CONTEXT((#6331))
GLOBAL_UNIT_ASSIGNED_CONTEXT((#6337,#6339,#6340))
REPRESENTATION_CONTEXT('','3D')
);
#6337=(
LENGTH_UNIT()
NAMED_UNIT(*)
SI_UNIT(.MILLI.,.METRE.)
);
#6338=(
LENGTH_UNIT()
NAMED_UNIT(*)
SI_UNIT($,.METRE.)
);
#6339=(
NAMED_UNIT(*)
PLANE_ANGLE_UNIT()
SI_UNIT($,.RADIAN.)
);
#6340=(
NAMED_UNIT(*)
SI_UNIT($,.STERADIAN.)
SOLID_ANGLE_UNIT()
);
#6341=SHAPE_DEFINITION_REPRESENTATION(#6345,#6353);
#6342=SHAPE_DEFINITION_REPRESENTATION(#6346,#6354);
#6343=SHAPE_DEFINITION_REPRESENTATION(#6347,#6355);
#6344=SHAPE_DEFINITION_REPRESENTATION(#6348,#6356);
#6345=PRODUCT_DEFINITION_SHAPE('',$,#6358);
#6346=PRODUCT_DEFINITION_SHAPE('',$,#6359);
#6347=PRODUCT_DEFINITION_SHAPE('',$,#6360);
#6348=PRODUCT_DEFINITION_SHAPE('',$,#6361);
#6349=PRODUCT_DEFINITION_SHAPE($,$,#53);
#6350=PRODUCT_DEFINITION_SHAPE($,$,#54);
#6351=PRODUCT_DEFINITION_SHAPE($,$,#55);
#6352=PRODUCT_DEFINITION_SHAPE($,$,#56);
#6353=SHAPE_REPRESENTATION('',(#3121,#3520,#3521),#6332);
#6354=SHAPE_REPRESENTATION('',(#3122,#3435),#6333);
#6355=SHAPE_REPRESENTATION('',(#3123,#3436),#6334);
#6356=SHAPE_REPRESENTATION('',(#3124),#6335);
#6357=PRODUCT_DEFINITION_CONTEXT('part definition',#6371,'design');
#6358=PRODUCT_DEFINITION('Pivote','Pivote v5',#6362,#6357);
#6359=PRODUCT_DEFINITION('Rodamiento 625zz','Rodamiento 625zz v1',#6363,
#6357);
#6360=PRODUCT_DEFINITION('Rodamiento 625zz_1','Rodamiento 625zz v1',#6364,
#6357);
#6361=PRODUCT_DEFINITION('4481N33_Steel Ball Bearing',
'Steel Ball Bearing_625zz',#6365,#6357);
#6362=PRODUCT_DEFINITION_FORMATION('',$,#6373);
#6363=PRODUCT_DEFINITION_FORMATION('',$,#6374);
#6364=PRODUCT_DEFINITION_FORMATION('',$,#6375);
#6365=PRODUCT_DEFINITION_FORMATION('',$,#6376);
#6366=PRODUCT_RELATED_PRODUCT_CATEGORY('Pivote v5','Pivote v5',(#6373));
#6367=PRODUCT_RELATED_PRODUCT_CATEGORY('Rodamiento 625zz v1',
'Rodamiento 625zz v1',(#6374));
#6368=PRODUCT_RELATED_PRODUCT_CATEGORY('Rodamiento 625zz v1',
'Rodamiento 625zz v1',(#6375));
#6369=PRODUCT_RELATED_PRODUCT_CATEGORY('Steel Ball Bearing_625zz',
'Steel Ball Bearing_625zz',(#6376));
#6370=APPLICATION_PROTOCOL_DEFINITION('international standard',
'automotive_design',2009,#6371);
#6371=APPLICATION_CONTEXT(
'Core Data for Automotive Mechanical Design Process');
#6372=PRODUCT_CONTEXT('part definition',#6371,'mechanical');
#6373=PRODUCT('Pivote','Pivote v5',$,(#6372));
#6374=PRODUCT('Rodamiento 625zz','Rodamiento 625zz v1',$,(#6372));
#6375=PRODUCT('Rodamiento 625zz_1','Rodamiento 625zz v1',$,(#6372));
#6376=PRODUCT('4481N33_Steel Ball Bearing','Steel Ball Bearing_625zz',$,
(#6372));
#6377=PRESENTATION_STYLE_ASSIGNMENT((#6379));
#6378=PRESENTATION_STYLE_ASSIGNMENT((#6380));
#6379=SURFACE_STYLE_USAGE(.BOTH.,#6381);
#6380=SURFACE_STYLE_USAGE(.BOTH.,#6382);
#6381=SURFACE_SIDE_STYLE('',(#6383));
#6382=SURFACE_SIDE_STYLE('',(#6384));
#6383=SURFACE_STYLE_FILL_AREA(#6385);
#6384=SURFACE_STYLE_FILL_AREA(#6386);
#6385=FILL_AREA_STYLE('Acero - Satinado',(#6387));
#6386=FILL_AREA_STYLE('Pl\X\E1stico - Mate (amarillo)',(#6388));
#6387=FILL_AREA_STYLE_COLOUR('Acero - Satinado',#6389);
#6388=FILL_AREA_STYLE_COLOUR('Pl\X\E1stico - Mate (amarillo)',#6390);
#6389=COLOUR_RGB('Acero - Satinado',0.627450980392157,0.627450980392157,
0.627450980392157);
#6390=COLOUR_RGB('Pl\X\E1stico - Mate (amarillo)',0.909803921568627,0.67843137254902,
0.137254901960784);
ENDSEC;
END-ISO-10303-21;
