ISO-10303-21;
HEADER;
/* Generated by software containing ST-Developer
 * from STEP Tools, Inc. (www.steptools.com) 
 */

FILE_DESCRIPTION(
/* description */ (''),
/* implementation_level */ '2;1');

FILE_NAME(
/* name */ 'Perfil Aluminio V-Slot 20x20.step',
/* time_stamp */ '2026-06-26T19:12:24-04:00',
/* author */ (''),
/* organization */ (''),
/* preprocessor_version */ 'ST-DEVELOPER v20.1',
/* originating_system */ 'Autodesk Translation Framework v15.8.0.0',
/* authorisation */ '');

FILE_SCHEMA (('AUTOMOTIVE_DESIGN { 1 0 10303 214 3 1 1 }'));
ENDSEC;

DATA;
#10=MECHANICAL_DESIGN_GEOMETRIC_PRESENTATION_REPRESENTATION('',(#17),#2356);
#11=ITEM_DEFINED_TRANSFORMATION($,$,#1484,#1566);
#12=(
REPRESENTATION_RELATIONSHIP($,$,#2367,#2366)
REPRESENTATION_RELATIONSHIP_WITH_TRANSFORMATION(#11)
SHAPE_REPRESENTATION_RELATIONSHIP()
);
#13=CONTEXT_DEPENDENT_SHAPE_REPRESENTATION(#12,#2365);
#14=NEXT_ASSEMBLY_USAGE_OCCURRENCE('Perfil V-Slot 20x20:1',
'Perfil V-Slot 20x20:1','Perfil V-Slot 20x20:1',#2369,#2370,
'Perfil V-Slot 20x20:1');
#15=SHAPE_REPRESENTATION_RELATIONSHIP('SRR','None',#2367,#16);
#16=ADVANCED_BREP_SHAPE_REPRESENTATION('',(#18),#2355);
#17=STYLED_ITEM('',(#2381),#18);
#18=MANIFOLD_SOLID_BREP('Perfil V-Slot 20x20',#1470);
#19=CYLINDRICAL_SURFACE('',#1505,0.5);
#20=CYLINDRICAL_SURFACE('',#1522,0.5);
#21=CYLINDRICAL_SURFACE('',#1531,2.1);
#22=CYLINDRICAL_SURFACE('',#1540,0.5);
#23=CYLINDRICAL_SURFACE('',#1557,0.5);
#24=FACE_BOUND('',#98,.T.);
#25=FACE_BOUND('',#100,.T.);
#26=FACE_OUTER_BOUND('',#97,.T.);
#27=FACE_OUTER_BOUND('',#99,.T.);
#28=FACE_OUTER_BOUND('',#101,.T.);
#29=FACE_OUTER_BOUND('',#102,.T.);
#30=FACE_OUTER_BOUND('',#103,.T.);
#31=FACE_OUTER_BOUND('',#104,.T.);
#32=FACE_OUTER_BOUND('',#105,.T.);
#33=FACE_OUTER_BOUND('',#106,.T.);
#34=FACE_OUTER_BOUND('',#107,.T.);
#35=FACE_OUTER_BOUND('',#108,.T.);
#36=FACE_OUTER_BOUND('',#109,.T.);
#37=FACE_OUTER_BOUND('',#110,.T.);
#38=FACE_OUTER_BOUND('',#111,.T.);
#39=FACE_OUTER_BOUND('',#112,.T.);
#40=FACE_OUTER_BOUND('',#113,.T.);
#41=FACE_OUTER_BOUND('',#114,.T.);
#42=FACE_OUTER_BOUND('',#115,.T.);
#43=FACE_OUTER_BOUND('',#116,.T.);
#44=FACE_OUTER_BOUND('',#117,.T.);
#45=FACE_OUTER_BOUND('',#118,.T.);
#46=FACE_OUTER_BOUND('',#119,.T.);
#47=FACE_OUTER_BOUND('',#120,.T.);
#48=FACE_OUTER_BOUND('',#121,.T.);
#49=FACE_OUTER_BOUND('',#122,.T.);
#50=FACE_OUTER_BOUND('',#123,.T.);
#51=FACE_OUTER_BOUND('',#124,.T.);
#52=FACE_OUTER_BOUND('',#125,.T.);
#53=FACE_OUTER_BOUND('',#126,.T.);
#54=FACE_OUTER_BOUND('',#127,.T.);
#55=FACE_OUTER_BOUND('',#128,.T.);
#56=FACE_OUTER_BOUND('',#129,.T.);
#57=FACE_OUTER_BOUND('',#130,.T.);
#58=FACE_OUTER_BOUND('',#131,.T.);
#59=FACE_OUTER_BOUND('',#132,.T.);
#60=FACE_OUTER_BOUND('',#133,.T.);
#61=FACE_OUTER_BOUND('',#134,.T.);
#62=FACE_OUTER_BOUND('',#135,.T.);
#63=FACE_OUTER_BOUND('',#136,.T.);
#64=FACE_OUTER_BOUND('',#137,.T.);
#65=FACE_OUTER_BOUND('',#138,.T.);
#66=FACE_OUTER_BOUND('',#139,.T.);
#67=FACE_OUTER_BOUND('',#140,.T.);
#68=FACE_OUTER_BOUND('',#141,.T.);
#69=FACE_OUTER_BOUND('',#142,.T.);
#70=FACE_OUTER_BOUND('',#143,.T.);
#71=FACE_OUTER_BOUND('',#144,.T.);
#72=FACE_OUTER_BOUND('',#145,.T.);
#73=FACE_OUTER_BOUND('',#146,.T.);
#74=FACE_OUTER_BOUND('',#147,.T.);
#75=FACE_OUTER_BOUND('',#148,.T.);
#76=FACE_OUTER_BOUND('',#149,.T.);
#77=FACE_OUTER_BOUND('',#150,.T.);
#78=FACE_OUTER_BOUND('',#151,.T.);
#79=FACE_OUTER_BOUND('',#152,.T.);
#80=FACE_OUTER_BOUND('',#153,.T.);
#81=FACE_OUTER_BOUND('',#154,.T.);
#82=FACE_OUTER_BOUND('',#155,.T.);
#83=FACE_OUTER_BOUND('',#156,.T.);
#84=FACE_OUTER_BOUND('',#157,.T.);
#85=FACE_OUTER_BOUND('',#158,.T.);
#86=FACE_OUTER_BOUND('',#159,.T.);
#87=FACE_OUTER_BOUND('',#160,.T.);
#88=FACE_OUTER_BOUND('',#161,.T.);
#89=FACE_OUTER_BOUND('',#162,.T.);
#90=FACE_OUTER_BOUND('',#163,.T.);
#91=FACE_OUTER_BOUND('',#164,.T.);
#92=FACE_OUTER_BOUND('',#165,.T.);
#93=FACE_OUTER_BOUND('',#166,.T.);
#94=FACE_OUTER_BOUND('',#167,.T.);
#95=FACE_OUTER_BOUND('',#168,.T.);
#96=FACE_OUTER_BOUND('',#169,.T.);
#97=EDGE_LOOP('',(#919,#920,#921,#922,#923,#924,#925,#926,#927,#928,#929,
#930,#931,#932,#933,#934,#935,#936,#937,#938,#939,#940,#941,#942,#943,#944,
#945,#946,#947,#948,#949,#950,#951,#952,#953,#954,#955,#956,#957,#958,#959,
#960,#961,#962,#963,#964,#965,#966,#967,#968,#969,#970,#971,#972,#973,#974,
#975,#976,#977,#978,#979,#980,#981,#982,#983,#984,#985,#986));
#98=EDGE_LOOP('',(#987));
#99=EDGE_LOOP('',(#988,#989,#990,#991,#992,#993,#994,#995,#996,#997,#998,
#999,#1000,#1001,#1002,#1003,#1004,#1005,#1006,#1007,#1008,#1009,#1010,
#1011,#1012,#1013,#1014,#1015,#1016,#1017,#1018,#1019,#1020,#1021,#1022,
#1023,#1024,#1025,#1026,#1027,#1028,#1029,#1030,#1031,#1032,#1033,#1034,
#1035,#1036,#1037,#1038,#1039,#1040,#1041,#1042,#1043,#1044,#1045,#1046,
#1047,#1048,#1049,#1050,#1051,#1052,#1053,#1054,#1055));
#100=EDGE_LOOP('',(#1056));
#101=EDGE_LOOP('',(#1057,#1058,#1059,#1060));
#102=EDGE_LOOP('',(#1061,#1062,#1063,#1064));
#103=EDGE_LOOP('',(#1065,#1066,#1067,#1068));
#104=EDGE_LOOP('',(#1069,#1070,#1071,#1072));
#105=EDGE_LOOP('',(#1073,#1074,#1075,#1076));
#106=EDGE_LOOP('',(#1077,#1078,#1079,#1080));
#107=EDGE_LOOP('',(#1081,#1082,#1083,#1084));
#108=EDGE_LOOP('',(#1085,#1086,#1087,#1088));
#109=EDGE_LOOP('',(#1089,#1090,#1091,#1092));
#110=EDGE_LOOP('',(#1093,#1094,#1095,#1096));
#111=EDGE_LOOP('',(#1097,#1098,#1099,#1100));
#112=EDGE_LOOP('',(#1101,#1102,#1103,#1104));
#113=EDGE_LOOP('',(#1105,#1106,#1107,#1108));
#114=EDGE_LOOP('',(#1109,#1110,#1111,#1112));
#115=EDGE_LOOP('',(#1113,#1114,#1115,#1116));
#116=EDGE_LOOP('',(#1117,#1118,#1119,#1120));
#117=EDGE_LOOP('',(#1121,#1122,#1123,#1124));
#118=EDGE_LOOP('',(#1125,#1126,#1127,#1128));
#119=EDGE_LOOP('',(#1129,#1130,#1131,#1132));
#120=EDGE_LOOP('',(#1133,#1134,#1135,#1136));
#121=EDGE_LOOP('',(#1137,#1138,#1139,#1140));
#122=EDGE_LOOP('',(#1141,#1142,#1143,#1144));
#123=EDGE_LOOP('',(#1145,#1146,#1147,#1148));
#124=EDGE_LOOP('',(#1149,#1150,#1151,#1152));
#125=EDGE_LOOP('',(#1153,#1154,#1155,#1156));
#126=EDGE_LOOP('',(#1157,#1158,#1159,#1160));
#127=EDGE_LOOP('',(#1161,#1162,#1163,#1164));
#128=EDGE_LOOP('',(#1165,#1166,#1167,#1168));
#129=EDGE_LOOP('',(#1169,#1170,#1171,#1172));
#130=EDGE_LOOP('',(#1173,#1174,#1175,#1176));
#131=EDGE_LOOP('',(#1177,#1178,#1179,#1180));
#132=EDGE_LOOP('',(#1181,#1182,#1183,#1184));
#133=EDGE_LOOP('',(#1185,#1186,#1187,#1188));
#134=EDGE_LOOP('',(#1189,#1190,#1191,#1192));
#135=EDGE_LOOP('',(#1193,#1194,#1195,#1196));
#136=EDGE_LOOP('',(#1197,#1198,#1199,#1200));
#137=EDGE_LOOP('',(#1201,#1202,#1203,#1204));
#138=EDGE_LOOP('',(#1205,#1206,#1207,#1208));
#139=EDGE_LOOP('',(#1209,#1210,#1211,#1212));
#140=EDGE_LOOP('',(#1213,#1214,#1215,#1216));
#141=EDGE_LOOP('',(#1217,#1218,#1219,#1220));
#142=EDGE_LOOP('',(#1221,#1222,#1223,#1224));
#143=EDGE_LOOP('',(#1225,#1226,#1227,#1228));
#144=EDGE_LOOP('',(#1229,#1230,#1231,#1232));
#145=EDGE_LOOP('',(#1233,#1234,#1235,#1236));
#146=EDGE_LOOP('',(#1237,#1238,#1239,#1240));
#147=EDGE_LOOP('',(#1241,#1242,#1243,#1244));
#148=EDGE_LOOP('',(#1245,#1246,#1247,#1248));
#149=EDGE_LOOP('',(#1249,#1250,#1251,#1252));
#150=EDGE_LOOP('',(#1253,#1254,#1255,#1256));
#151=EDGE_LOOP('',(#1257,#1258,#1259,#1260));
#152=EDGE_LOOP('',(#1261,#1262,#1263,#1264));
#153=EDGE_LOOP('',(#1265,#1266,#1267,#1268));
#154=EDGE_LOOP('',(#1269,#1270,#1271,#1272));
#155=EDGE_LOOP('',(#1273,#1274,#1275,#1276));
#156=EDGE_LOOP('',(#1277,#1278,#1279,#1280));
#157=EDGE_LOOP('',(#1281,#1282,#1283,#1284));
#158=EDGE_LOOP('',(#1285,#1286,#1287,#1288));
#159=EDGE_LOOP('',(#1289,#1290,#1291,#1292));
#160=EDGE_LOOP('',(#1293,#1294,#1295,#1296));
#161=EDGE_LOOP('',(#1297,#1298,#1299,#1300));
#162=EDGE_LOOP('',(#1301,#1302,#1303,#1304));
#163=EDGE_LOOP('',(#1305,#1306,#1307,#1308));
#164=EDGE_LOOP('',(#1309,#1310,#1311,#1312));
#165=EDGE_LOOP('',(#1313,#1314,#1315,#1316));
#166=EDGE_LOOP('',(#1317,#1318,#1319,#1320));
#167=EDGE_LOOP('',(#1321,#1322,#1323,#1324));
#168=EDGE_LOOP('',(#1325,#1326,#1327,#1328));
#169=EDGE_LOOP('',(#1329,#1330,#1331,#1332));
#170=CIRCLE('',#1486,0.5);
#171=CIRCLE('',#1487,0.5);
#172=CIRCLE('',#1488,0.5);
#173=CIRCLE('',#1489,0.5);
#174=CIRCLE('',#1490,2.1);
#175=CIRCLE('',#1492,0.5);
#176=CIRCLE('',#1493,0.5);
#177=CIRCLE('',#1494,0.5);
#178=CIRCLE('',#1495,0.5);
#179=CIRCLE('',#1496,2.1);
#180=LINE('',#1937,#377);
#181=LINE('',#1939,#378);
#182=LINE('',#1941,#379);
#183=LINE('',#1943,#380);
#184=LINE('',#1945,#381);
#185=LINE('',#1947,#382);
#186=LINE('',#1949,#383);
#187=LINE('',#1951,#384);
#188=LINE('',#1955,#385);
#189=LINE('',#1957,#386);
#190=LINE('',#1959,#387);
#191=LINE('',#1961,#388);
#192=LINE('',#1963,#389);
#193=LINE('',#1965,#390);
#194=LINE('',#1967,#391);
#195=LINE('',#1969,#392);
#196=LINE('',#1971,#393);
#197=LINE('',#1973,#394);
#198=LINE('',#1975,#395);
#199=LINE('',#1977,#396);
#200=LINE('',#1979,#397);
#201=LINE('',#1981,#398);
#202=LINE('',#1983,#399);
#203=LINE('',#1985,#400);
#204=LINE('',#1989,#401);
#205=LINE('',#1991,#402);
#206=LINE('',#1993,#403);
#207=LINE('',#1995,#404);
#208=LINE('',#1997,#405);
#209=LINE('',#1999,#406);
#210=LINE('',#2001,#407);
#211=LINE('',#2003,#408);
#212=LINE('',#2005,#409);
#213=LINE('',#2007,#410);
#214=LINE('',#2009,#411);
#215=LINE('',#2011,#412);
#216=LINE('',#2013,#413);
#217=LINE('',#2015,#414);
#218=LINE('',#2017,#415);
#219=LINE('',#2019,#416);
#220=LINE('',#2023,#417);
#221=LINE('',#2025,#418);
#222=LINE('',#2027,#419);
#223=LINE('',#2029,#420);
#224=LINE('',#2031,#421);
#225=LINE('',#2033,#422);
#226=LINE('',#2035,#423);
#227=LINE('',#2037,#424);
#228=LINE('',#2039,#425);
#229=LINE('',#2041,#426);
#230=LINE('',#2043,#427);
#231=LINE('',#2045,#428);
#232=LINE('',#2047,#429);
#233=LINE('',#2049,#430);
#234=LINE('',#2051,#431);
#235=LINE('',#2053,#432);
#236=LINE('',#2057,#433);
#237=LINE('',#2059,#434);
#238=LINE('',#2061,#435);
#239=LINE('',#2063,#436);
#240=LINE('',#2065,#437);
#241=LINE('',#2067,#438);
#242=LINE('',#2069,#439);
#243=LINE('',#2070,#440);
#244=LINE('',#2076,#441);
#245=LINE('',#2078,#442);
#246=LINE('',#2080,#443);
#247=LINE('',#2082,#444);
#248=LINE('',#2084,#445);
#249=LINE('',#2086,#446);
#250=LINE('',#2088,#447);
#251=LINE('',#2090,#448);
#252=LINE('',#2092,#449);
#253=LINE('',#2096,#450);
#254=LINE('',#2098,#451);
#255=LINE('',#2100,#452);
#256=LINE('',#2102,#453);
#257=LINE('',#2104,#454);
#258=LINE('',#2106,#455);
#259=LINE('',#2108,#456);
#260=LINE('',#2110,#457);
#261=LINE('',#2112,#458);
#262=LINE('',#2114,#459);
#263=LINE('',#2116,#460);
#264=LINE('',#2118,#461);
#265=LINE('',#2120,#462);
#266=LINE('',#2122,#463);
#267=LINE('',#2124,#464);
#268=LINE('',#2126,#465);
#269=LINE('',#2130,#466);
#270=LINE('',#2132,#467);
#271=LINE('',#2134,#468);
#272=LINE('',#2136,#469);
#273=LINE('',#2138,#470);
#274=LINE('',#2140,#471);
#275=LINE('',#2142,#472);
#276=LINE('',#2144,#473);
#277=LINE('',#2146,#474);
#278=LINE('',#2148,#475);
#279=LINE('',#2150,#476);
#280=LINE('',#2152,#477);
#281=LINE('',#2154,#478);
#282=LINE('',#2156,#479);
#283=LINE('',#2158,#480);
#284=LINE('',#2160,#481);
#285=LINE('',#2164,#482);
#286=LINE('',#2166,#483);
#287=LINE('',#2168,#484);
#288=LINE('',#2170,#485);
#289=LINE('',#2172,#486);
#290=LINE('',#2174,#487);
#291=LINE('',#2176,#488);
#292=LINE('',#2178,#489);
#293=LINE('',#2180,#490);
#294=LINE('',#2182,#491);
#295=LINE('',#2184,#492);
#296=LINE('',#2186,#493);
#297=LINE('',#2188,#494);
#298=LINE('',#2190,#495);
#299=LINE('',#2192,#496);
#300=LINE('',#2194,#497);
#301=LINE('',#2198,#498);
#302=LINE('',#2200,#499);
#303=LINE('',#2202,#500);
#304=LINE('',#2204,#501);
#305=LINE('',#2206,#502);
#306=LINE('',#2208,#503);
#307=LINE('',#2209,#504);
#308=LINE('',#2213,#505);
#309=LINE('',#2214,#506);
#310=LINE('',#2216,#507);
#311=LINE('',#2218,#508);
#312=LINE('',#2220,#509);
#313=LINE('',#2222,#510);
#314=LINE('',#2224,#511);
#315=LINE('',#2226,#512);
#316=LINE('',#2228,#513);
#317=LINE('',#2230,#514);
#318=LINE('',#2232,#515);
#319=LINE('',#2234,#516);
#320=LINE('',#2236,#517);
#321=LINE('',#2238,#518);
#322=LINE('',#2240,#519);
#323=LINE('',#2242,#520);
#324=LINE('',#2244,#521);
#325=LINE('',#2246,#522);
#326=LINE('',#2248,#523);
#327=LINE('',#2250,#524);
#328=LINE('',#2252,#525);
#329=LINE('',#2254,#526);
#330=LINE('',#2256,#527);
#331=LINE('',#2258,#528);
#332=LINE('',#2260,#529);
#333=LINE('',#2262,#530);
#334=LINE('',#2264,#531);
#335=LINE('',#2266,#532);
#336=LINE('',#2268,#533);
#337=LINE('',#2270,#534);
#338=LINE('',#2272,#535);
#339=LINE('',#2274,#536);
#340=LINE('',#2276,#537);
#341=LINE('',#2278,#538);
#342=LINE('',#2280,#539);
#343=LINE('',#2282,#540);
#344=LINE('',#2284,#541);
#345=LINE('',#2286,#542);
#346=LINE('',#2288,#543);
#347=LINE('',#2290,#544);
#348=LINE('',#2292,#545);
#349=LINE('',#2294,#546);
#350=LINE('',#2296,#547);
#351=LINE('',#2298,#548);
#352=LINE('',#2300,#549);
#353=LINE('',#2302,#550);
#354=LINE('',#2304,#551);
#355=LINE('',#2306,#552);
#356=LINE('',#2308,#553);
#357=LINE('',#2310,#554);
#358=LINE('',#2312,#555);
#359=LINE('',#2314,#556);
#360=LINE('',#2316,#557);
#361=LINE('',#2318,#558);
#362=LINE('',#2320,#559);
#363=LINE('',#2322,#560);
#364=LINE('',#2324,#561);
#365=LINE('',#2326,#562);
#366=LINE('',#2328,#563);
#367=LINE('',#2330,#564);
#368=LINE('',#2332,#565);
#369=LINE('',#2334,#566);
#370=LINE('',#2336,#567);
#371=LINE('',#2338,#568);
#372=LINE('',#2340,#569);
#373=LINE('',#2342,#570);
#374=LINE('',#2344,#571);
#375=LINE('',#2346,#572);
#376=LINE('',#2348,#573);
#377=VECTOR('',#1573,10.);
#378=VECTOR('',#1574,10.);
#379=VECTOR('',#1575,10.);
#380=VECTOR('',#1576,10.);
#381=VECTOR('',#1577,10.);
#382=VECTOR('',#1578,10.);
#383=VECTOR('',#1579,10.);
#384=VECTOR('',#1580,10.);
#385=VECTOR('',#1583,10.);
#386=VECTOR('',#1584,10.);
#387=VECTOR('',#1585,10.);
#388=VECTOR('',#1586,10.);
#389=VECTOR('',#1587,10.);
#390=VECTOR('',#1588,10.);
#391=VECTOR('',#1589,10.);
#392=VECTOR('',#1590,10.);
#393=VECTOR('',#1591,10.);
#394=VECTOR('',#1592,10.);
#395=VECTOR('',#1593,10.);
#396=VECTOR('',#1594,10.);
#397=VECTOR('',#1595,10.);
#398=VECTOR('',#1596,10.);
#399=VECTOR('',#1597,10.);
#400=VECTOR('',#1598,10.);
#401=VECTOR('',#1601,10.);
#402=VECTOR('',#1602,10.);
#403=VECTOR('',#1603,10.);
#404=VECTOR('',#1604,10.);
#405=VECTOR('',#1605,10.);
#406=VECTOR('',#1606,10.);
#407=VECTOR('',#1607,10.);
#408=VECTOR('',#1608,10.);
#409=VECTOR('',#1609,10.);
#410=VECTOR('',#1610,10.);
#411=VECTOR('',#1611,10.);
#412=VECTOR('',#1612,10.);
#413=VECTOR('',#1613,10.);
#414=VECTOR('',#1614,10.);
#415=VECTOR('',#1615,10.);
#416=VECTOR('',#1616,10.);
#417=VECTOR('',#1619,10.);
#418=VECTOR('',#1620,10.);
#419=VECTOR('',#1621,10.);
#420=VECTOR('',#1622,10.);
#421=VECTOR('',#1623,10.);
#422=VECTOR('',#1624,10.);
#423=VECTOR('',#1625,10.);
#424=VECTOR('',#1626,10.);
#425=VECTOR('',#1627,10.);
#426=VECTOR('',#1628,10.);
#427=VECTOR('',#1629,10.);
#428=VECTOR('',#1630,10.);
#429=VECTOR('',#1631,10.);
#430=VECTOR('',#1632,10.);
#431=VECTOR('',#1633,10.);
#432=VECTOR('',#1634,10.);
#433=VECTOR('',#1637,10.);
#434=VECTOR('',#1638,10.);
#435=VECTOR('',#1639,10.);
#436=VECTOR('',#1640,10.);
#437=VECTOR('',#1641,10.);
#438=VECTOR('',#1642,10.);
#439=VECTOR('',#1643,10.);
#440=VECTOR('',#1644,10.);
#441=VECTOR('',#1649,10.);
#442=VECTOR('',#1650,10.);
#443=VECTOR('',#1651,10.);
#444=VECTOR('',#1652,10.);
#445=VECTOR('',#1653,10.);
#446=VECTOR('',#1654,10.);
#447=VECTOR('',#1655,10.);
#448=VECTOR('',#1656,10.);
#449=VECTOR('',#1657,10.);
#450=VECTOR('',#1660,10.);
#451=VECTOR('',#1661,10.);
#452=VECTOR('',#1662,10.);
#453=VECTOR('',#1663,10.);
#454=VECTOR('',#1664,10.);
#455=VECTOR('',#1665,10.);
#456=VECTOR('',#1666,10.);
#457=VECTOR('',#1667,10.);
#458=VECTOR('',#1668,10.);
#459=VECTOR('',#1669,10.);
#460=VECTOR('',#1670,10.);
#461=VECTOR('',#1671,10.);
#462=VECTOR('',#1672,10.);
#463=VECTOR('',#1673,10.);
#464=VECTOR('',#1674,10.);
#465=VECTOR('',#1675,10.);
#466=VECTOR('',#1678,10.);
#467=VECTOR('',#1679,10.);
#468=VECTOR('',#1680,10.);
#469=VECTOR('',#1681,10.);
#470=VECTOR('',#1682,10.);
#471=VECTOR('',#1683,10.);
#472=VECTOR('',#1684,10.);
#473=VECTOR('',#1685,10.);
#474=VECTOR('',#1686,10.);
#475=VECTOR('',#1687,10.);
#476=VECTOR('',#1688,10.);
#477=VECTOR('',#1689,10.);
#478=VECTOR('',#1690,10.);
#479=VECTOR('',#1691,10.);
#480=VECTOR('',#1692,10.);
#481=VECTOR('',#1693,10.);
#482=VECTOR('',#1696,10.);
#483=VECTOR('',#1697,10.);
#484=VECTOR('',#1698,10.);
#485=VECTOR('',#1699,10.);
#486=VECTOR('',#1700,10.);
#487=VECTOR('',#1701,9.99999999999999);
#488=VECTOR('',#1702,10.);
#489=VECTOR('',#1703,10.);
#490=VECTOR('',#1704,10.);
#491=VECTOR('',#1705,10.);
#492=VECTOR('',#1706,10.);
#493=VECTOR('',#1707,10.);
#494=VECTOR('',#1708,10.);
#495=VECTOR('',#1709,10.);
#496=VECTOR('',#1710,10.);
#497=VECTOR('',#1711,10.);
#498=VECTOR('',#1714,10.);
#499=VECTOR('',#1715,10.);
#500=VECTOR('',#1716,10.);
#501=VECTOR('',#1717,10.);
#502=VECTOR('',#1718,10.);
#503=VECTOR('',#1719,10.);
#504=VECTOR('',#1720,10.);
#505=VECTOR('',#1725,10.);
#506=VECTOR('',#1726,1000.);
#507=VECTOR('',#1729,10.);
#508=VECTOR('',#1732,10.);
#509=VECTOR('',#1735,10.);
#510=VECTOR('',#1738,10.);
#511=VECTOR('',#1741,10.);
#512=VECTOR('',#1744,10.);
#513=VECTOR('',#1747,10.);
#514=VECTOR('',#1750,10.);
#515=VECTOR('',#1753,10.);
#516=VECTOR('',#1756,10.);
#517=VECTOR('',#1759,10.);
#518=VECTOR('',#1762,10.);
#519=VECTOR('',#1765,10.);
#520=VECTOR('',#1768,10.);
#521=VECTOR('',#1771,10.);
#522=VECTOR('',#1774,10.);
#523=VECTOR('',#1777,10.);
#524=VECTOR('',#1780,10.);
#525=VECTOR('',#1783,10.);
#526=VECTOR('',#1786,10.);
#527=VECTOR('',#1789,10.);
#528=VECTOR('',#1792,10.);
#529=VECTOR('',#1795,10.);
#530=VECTOR('',#1798,10.);
#531=VECTOR('',#1801,10.);
#532=VECTOR('',#1804,10.);
#533=VECTOR('',#1807,10.);
#534=VECTOR('',#1810,10.);
#535=VECTOR('',#1813,10.);
#536=VECTOR('',#1816,10.);
#537=VECTOR('',#1819,10.);
#538=VECTOR('',#1822,10.);
#539=VECTOR('',#1825,10.);
#540=VECTOR('',#1828,2.1);
#541=VECTOR('',#1831,1000.);
#542=VECTOR('',#1834,1000.);
#543=VECTOR('',#1837,1000.);
#544=VECTOR('',#1840,1000.);
#545=VECTOR('',#1843,1000.);
#546=VECTOR('',#1846,1000.);
#547=VECTOR('',#1849,1000.);
#548=VECTOR('',#1852,1000.);
#549=VECTOR('',#1855,1000.);
#550=VECTOR('',#1858,1000.);
#551=VECTOR('',#1861,1000.);
#552=VECTOR('',#1864,1000.);
#553=VECTOR('',#1867,1000.);
#554=VECTOR('',#1870,1000.);
#555=VECTOR('',#1873,1000.);
#556=VECTOR('',#1876,1000.);
#557=VECTOR('',#1879,1000.);
#558=VECTOR('',#1882,1000.);
#559=VECTOR('',#1885,1000.);
#560=VECTOR('',#1888,1000.);
#561=VECTOR('',#1891,1000.);
#562=VECTOR('',#1894,1000.);
#563=VECTOR('',#1897,1000.);
#564=VECTOR('',#1900,1000.);
#565=VECTOR('',#1903,1000.);
#566=VECTOR('',#1906,1000.);
#567=VECTOR('',#1909,1000.);
#568=VECTOR('',#1912,1000.);
#569=VECTOR('',#1915,1000.);
#570=VECTOR('',#1918,1000.);
#571=VECTOR('',#1921,1000.);
#572=VECTOR('',#1924,1000.);
#573=VECTOR('',#1927,1000.);
#574=VERTEX_POINT('',#1935);
#575=VERTEX_POINT('',#1936);
#576=VERTEX_POINT('',#1938);
#577=VERTEX_POINT('',#1940);
#578=VERTEX_POINT('',#1942);
#579=VERTEX_POINT('',#1944);
#580=VERTEX_POINT('',#1946);
#581=VERTEX_POINT('',#1948);
#582=VERTEX_POINT('',#1950);
#583=VERTEX_POINT('',#1952);
#584=VERTEX_POINT('',#1954);
#585=VERTEX_POINT('',#1956);
#586=VERTEX_POINT('',#1958);
#587=VERTEX_POINT('',#1960);
#588=VERTEX_POINT('',#1962);
#589=VERTEX_POINT('',#1964);
#590=VERTEX_POINT('',#1966);
#591=VERTEX_POINT('',#1968);
#592=VERTEX_POINT('',#1970);
#593=VERTEX_POINT('',#1972);
#594=VERTEX_POINT('',#1974);
#595=VERTEX_POINT('',#1976);
#596=VERTEX_POINT('',#1978);
#597=VERTEX_POINT('',#1980);
#598=VERTEX_POINT('',#1982);
#599=VERTEX_POINT('',#1984);
#600=VERTEX_POINT('',#1986);
#601=VERTEX_POINT('',#1988);
#602=VERTEX_POINT('',#1990);
#603=VERTEX_POINT('',#1992);
#604=VERTEX_POINT('',#1994);
#605=VERTEX_POINT('',#1996);
#606=VERTEX_POINT('',#1998);
#607=VERTEX_POINT('',#2000);
#608=VERTEX_POINT('',#2002);
#609=VERTEX_POINT('',#2004);
#610=VERTEX_POINT('',#2006);
#611=VERTEX_POINT('',#2008);
#612=VERTEX_POINT('',#2010);
#613=VERTEX_POINT('',#2012);
#614=VERTEX_POINT('',#2014);
#615=VERTEX_POINT('',#2016);
#616=VERTEX_POINT('',#2018);
#617=VERTEX_POINT('',#2020);
#618=VERTEX_POINT('',#2022);
#619=VERTEX_POINT('',#2024);
#620=VERTEX_POINT('',#2026);
#621=VERTEX_POINT('',#2028);
#622=VERTEX_POINT('',#2030);
#623=VERTEX_POINT('',#2032);
#624=VERTEX_POINT('',#2034);
#625=VERTEX_POINT('',#2036);
#626=VERTEX_POINT('',#2038);
#627=VERTEX_POINT('',#2040);
#628=VERTEX_POINT('',#2042);
#629=VERTEX_POINT('',#2044);
#630=VERTEX_POINT('',#2046);
#631=VERTEX_POINT('',#2048);
#632=VERTEX_POINT('',#2050);
#633=VERTEX_POINT('',#2052);
#634=VERTEX_POINT('',#2054);
#635=VERTEX_POINT('',#2056);
#636=VERTEX_POINT('',#2058);
#637=VERTEX_POINT('',#2060);
#638=VERTEX_POINT('',#2062);
#639=VERTEX_POINT('',#2064);
#640=VERTEX_POINT('',#2066);
#641=VERTEX_POINT('',#2068);
#642=VERTEX_POINT('',#2071);
#643=VERTEX_POINT('',#2074);
#644=VERTEX_POINT('',#2075);
#645=VERTEX_POINT('',#2077);
#646=VERTEX_POINT('',#2079);
#647=VERTEX_POINT('',#2081);
#648=VERTEX_POINT('',#2083);
#649=VERTEX_POINT('',#2085);
#650=VERTEX_POINT('',#2087);
#651=VERTEX_POINT('',#2089);
#652=VERTEX_POINT('',#2091);
#653=VERTEX_POINT('',#2093);
#654=VERTEX_POINT('',#2095);
#655=VERTEX_POINT('',#2097);
#656=VERTEX_POINT('',#2099);
#657=VERTEX_POINT('',#2101);
#658=VERTEX_POINT('',#2103);
#659=VERTEX_POINT('',#2105);
#660=VERTEX_POINT('',#2107);
#661=VERTEX_POINT('',#2109);
#662=VERTEX_POINT('',#2111);
#663=VERTEX_POINT('',#2113);
#664=VERTEX_POINT('',#2115);
#665=VERTEX_POINT('',#2117);
#666=VERTEX_POINT('',#2119);
#667=VERTEX_POINT('',#2121);
#668=VERTEX_POINT('',#2123);
#669=VERTEX_POINT('',#2125);
#670=VERTEX_POINT('',#2127);
#671=VERTEX_POINT('',#2129);
#672=VERTEX_POINT('',#2131);
#673=VERTEX_POINT('',#2133);
#674=VERTEX_POINT('',#2135);
#675=VERTEX_POINT('',#2137);
#676=VERTEX_POINT('',#2139);
#677=VERTEX_POINT('',#2141);
#678=VERTEX_POINT('',#2143);
#679=VERTEX_POINT('',#2145);
#680=VERTEX_POINT('',#2147);
#681=VERTEX_POINT('',#2149);
#682=VERTEX_POINT('',#2151);
#683=VERTEX_POINT('',#2153);
#684=VERTEX_POINT('',#2155);
#685=VERTEX_POINT('',#2157);
#686=VERTEX_POINT('',#2159);
#687=VERTEX_POINT('',#2161);
#688=VERTEX_POINT('',#2163);
#689=VERTEX_POINT('',#2165);
#690=VERTEX_POINT('',#2167);
#691=VERTEX_POINT('',#2169);
#692=VERTEX_POINT('',#2171);
#693=VERTEX_POINT('',#2173);
#694=VERTEX_POINT('',#2175);
#695=VERTEX_POINT('',#2177);
#696=VERTEX_POINT('',#2179);
#697=VERTEX_POINT('',#2181);
#698=VERTEX_POINT('',#2183);
#699=VERTEX_POINT('',#2185);
#700=VERTEX_POINT('',#2187);
#701=VERTEX_POINT('',#2189);
#702=VERTEX_POINT('',#2191);
#703=VERTEX_POINT('',#2193);
#704=VERTEX_POINT('',#2195);
#705=VERTEX_POINT('',#2197);
#706=VERTEX_POINT('',#2199);
#707=VERTEX_POINT('',#2201);
#708=VERTEX_POINT('',#2203);
#709=VERTEX_POINT('',#2205);
#710=VERTEX_POINT('',#2207);
#711=VERTEX_POINT('',#2210);
#712=EDGE_CURVE('',#574,#575,#180,.T.);
#713=EDGE_CURVE('',#575,#576,#181,.T.);
#714=EDGE_CURVE('',#576,#577,#182,.T.);
#715=EDGE_CURVE('',#577,#578,#183,.T.);
#716=EDGE_CURVE('',#578,#579,#184,.T.);
#717=EDGE_CURVE('',#579,#580,#185,.T.);
#718=EDGE_CURVE('',#580,#581,#186,.T.);
#719=EDGE_CURVE('',#581,#582,#187,.T.);
#720=EDGE_CURVE('',#582,#583,#170,.T.);
#721=EDGE_CURVE('',#583,#584,#188,.T.);
#722=EDGE_CURVE('',#584,#585,#189,.T.);
#723=EDGE_CURVE('',#585,#586,#190,.T.);
#724=EDGE_CURVE('',#586,#587,#191,.T.);
#725=EDGE_CURVE('',#587,#588,#192,.T.);
#726=EDGE_CURVE('',#588,#589,#193,.T.);
#727=EDGE_CURVE('',#589,#590,#194,.T.);
#728=EDGE_CURVE('',#590,#591,#195,.T.);
#729=EDGE_CURVE('',#591,#592,#196,.T.);
#730=EDGE_CURVE('',#592,#593,#197,.T.);
#731=EDGE_CURVE('',#593,#594,#198,.T.);
#732=EDGE_CURVE('',#594,#595,#199,.T.);
#733=EDGE_CURVE('',#595,#596,#200,.T.);
#734=EDGE_CURVE('',#596,#597,#201,.T.);
#735=EDGE_CURVE('',#597,#598,#202,.T.);
#736=EDGE_CURVE('',#598,#599,#203,.T.);
#737=EDGE_CURVE('',#599,#600,#171,.T.);
#738=EDGE_CURVE('',#600,#601,#204,.T.);
#739=EDGE_CURVE('',#601,#602,#205,.T.);
#740=EDGE_CURVE('',#602,#603,#206,.T.);
#741=EDGE_CURVE('',#603,#604,#207,.T.);
#742=EDGE_CURVE('',#604,#605,#208,.T.);
#743=EDGE_CURVE('',#605,#606,#209,.T.);
#744=EDGE_CURVE('',#606,#607,#210,.T.);
#745=EDGE_CURVE('',#607,#608,#211,.T.);
#746=EDGE_CURVE('',#608,#609,#212,.T.);
#747=EDGE_CURVE('',#609,#610,#213,.T.);
#748=EDGE_CURVE('',#610,#611,#214,.T.);
#749=EDGE_CURVE('',#611,#612,#215,.T.);
#750=EDGE_CURVE('',#612,#613,#216,.T.);
#751=EDGE_CURVE('',#613,#614,#217,.T.);
#752=EDGE_CURVE('',#614,#615,#218,.T.);
#753=EDGE_CURVE('',#615,#616,#219,.T.);
#754=EDGE_CURVE('',#616,#617,#172,.T.);
#755=EDGE_CURVE('',#617,#618,#220,.T.);
#756=EDGE_CURVE('',#618,#619,#221,.T.);
#757=EDGE_CURVE('',#619,#620,#222,.T.);
#758=EDGE_CURVE('',#620,#621,#223,.T.);
#759=EDGE_CURVE('',#621,#622,#224,.T.);
#760=EDGE_CURVE('',#622,#623,#225,.T.);
#761=EDGE_CURVE('',#623,#624,#226,.T.);
#762=EDGE_CURVE('',#624,#625,#227,.T.);
#763=EDGE_CURVE('',#625,#626,#228,.T.);
#764=EDGE_CURVE('',#626,#627,#229,.T.);
#765=EDGE_CURVE('',#627,#628,#230,.T.);
#766=EDGE_CURVE('',#628,#629,#231,.T.);
#767=EDGE_CURVE('',#629,#630,#232,.T.);
#768=EDGE_CURVE('',#630,#631,#233,.T.);
#769=EDGE_CURVE('',#631,#632,#234,.T.);
#770=EDGE_CURVE('',#632,#633,#235,.T.);
#771=EDGE_CURVE('',#633,#634,#173,.T.);
#772=EDGE_CURVE('',#634,#635,#236,.T.);
#773=EDGE_CURVE('',#635,#636,#237,.T.);
#774=EDGE_CURVE('',#636,#637,#238,.T.);
#775=EDGE_CURVE('',#637,#638,#239,.T.);
#776=EDGE_CURVE('',#638,#639,#240,.T.);
#777=EDGE_CURVE('',#639,#640,#241,.T.);
#778=EDGE_CURVE('',#640,#641,#242,.T.);
#779=EDGE_CURVE('',#641,#574,#243,.T.);
#780=EDGE_CURVE('',#642,#642,#174,.T.);
#781=EDGE_CURVE('',#643,#644,#244,.T.);
#782=EDGE_CURVE('',#644,#645,#245,.T.);
#783=EDGE_CURVE('',#645,#646,#246,.T.);
#784=EDGE_CURVE('',#646,#647,#247,.T.);
#785=EDGE_CURVE('',#647,#648,#248,.T.);
#786=EDGE_CURVE('',#648,#649,#249,.T.);
#787=EDGE_CURVE('',#649,#650,#250,.T.);
#788=EDGE_CURVE('',#650,#651,#251,.T.);
#789=EDGE_CURVE('',#651,#652,#252,.T.);
#790=EDGE_CURVE('',#652,#653,#175,.T.);
#791=EDGE_CURVE('',#653,#654,#253,.T.);
#792=EDGE_CURVE('',#654,#655,#254,.T.);
#793=EDGE_CURVE('',#655,#656,#255,.T.);
#794=EDGE_CURVE('',#656,#657,#256,.T.);
#795=EDGE_CURVE('',#657,#658,#257,.T.);
#796=EDGE_CURVE('',#658,#659,#258,.T.);
#797=EDGE_CURVE('',#659,#660,#259,.T.);
#798=EDGE_CURVE('',#660,#661,#260,.T.);
#799=EDGE_CURVE('',#661,#662,#261,.T.);
#800=EDGE_CURVE('',#662,#663,#262,.T.);
#801=EDGE_CURVE('',#663,#664,#263,.T.);
#802=EDGE_CURVE('',#664,#665,#264,.T.);
#803=EDGE_CURVE('',#665,#666,#265,.T.);
#804=EDGE_CURVE('',#666,#667,#266,.T.);
#805=EDGE_CURVE('',#667,#668,#267,.T.);
#806=EDGE_CURVE('',#668,#669,#268,.T.);
#807=EDGE_CURVE('',#669,#670,#176,.T.);
#808=EDGE_CURVE('',#670,#671,#269,.T.);
#809=EDGE_CURVE('',#671,#672,#270,.T.);
#810=EDGE_CURVE('',#672,#673,#271,.T.);
#811=EDGE_CURVE('',#673,#674,#272,.T.);
#812=EDGE_CURVE('',#674,#675,#273,.T.);
#813=EDGE_CURVE('',#675,#676,#274,.T.);
#814=EDGE_CURVE('',#676,#677,#275,.T.);
#815=EDGE_CURVE('',#677,#678,#276,.T.);
#816=EDGE_CURVE('',#678,#679,#277,.T.);
#817=EDGE_CURVE('',#679,#680,#278,.T.);
#818=EDGE_CURVE('',#680,#681,#279,.T.);
#819=EDGE_CURVE('',#681,#682,#280,.T.);
#820=EDGE_CURVE('',#682,#683,#281,.T.);
#821=EDGE_CURVE('',#683,#684,#282,.T.);
#822=EDGE_CURVE('',#684,#685,#283,.T.);
#823=EDGE_CURVE('',#685,#686,#284,.T.);
#824=EDGE_CURVE('',#686,#687,#177,.T.);
#825=EDGE_CURVE('',#687,#688,#285,.T.);
#826=EDGE_CURVE('',#688,#689,#286,.T.);
#827=EDGE_CURVE('',#689,#690,#287,.T.);
#828=EDGE_CURVE('',#690,#691,#288,.T.);
#829=EDGE_CURVE('',#691,#692,#289,.T.);
#830=EDGE_CURVE('',#692,#693,#290,.T.);
#831=EDGE_CURVE('',#693,#694,#291,.T.);
#832=EDGE_CURVE('',#694,#695,#292,.T.);
#833=EDGE_CURVE('',#695,#696,#293,.T.);
#834=EDGE_CURVE('',#696,#697,#294,.T.);
#835=EDGE_CURVE('',#697,#698,#295,.T.);
#836=EDGE_CURVE('',#698,#699,#296,.T.);
#837=EDGE_CURVE('',#699,#700,#297,.T.);
#838=EDGE_CURVE('',#700,#701,#298,.T.);
#839=EDGE_CURVE('',#701,#702,#299,.T.);
#840=EDGE_CURVE('',#702,#703,#300,.T.);
#841=EDGE_CURVE('',#703,#704,#178,.T.);
#842=EDGE_CURVE('',#704,#705,#301,.T.);
#843=EDGE_CURVE('',#705,#706,#302,.T.);
#844=EDGE_CURVE('',#706,#707,#303,.T.);
#845=EDGE_CURVE('',#707,#708,#304,.T.);
#846=EDGE_CURVE('',#708,#709,#305,.T.);
#847=EDGE_CURVE('',#709,#710,#306,.T.);
#848=EDGE_CURVE('',#710,#643,#307,.T.);
#849=EDGE_CURVE('',#711,#711,#179,.T.);
#850=EDGE_CURVE('',#679,#607,#308,.T.);
#851=EDGE_CURVE('',#678,#608,#309,.T.);
#852=EDGE_CURVE('',#680,#606,#310,.T.);
#853=EDGE_CURVE('',#681,#605,#311,.T.);
#854=EDGE_CURVE('',#682,#604,#312,.T.);
#855=EDGE_CURVE('',#683,#603,#313,.T.);
#856=EDGE_CURVE('',#684,#602,#314,.T.);
#857=EDGE_CURVE('',#685,#601,#315,.T.);
#858=EDGE_CURVE('',#686,#600,#316,.T.);
#859=EDGE_CURVE('',#687,#599,#317,.T.);
#860=EDGE_CURVE('',#688,#598,#318,.T.);
#861=EDGE_CURVE('',#689,#597,#319,.T.);
#862=EDGE_CURVE('',#690,#596,#320,.T.);
#863=EDGE_CURVE('',#691,#595,#321,.T.);
#864=EDGE_CURVE('',#692,#594,#322,.T.);
#865=EDGE_CURVE('',#693,#593,#323,.T.);
#866=EDGE_CURVE('',#694,#592,#324,.T.);
#867=EDGE_CURVE('',#695,#591,#325,.T.);
#868=EDGE_CURVE('',#696,#590,#326,.T.);
#869=EDGE_CURVE('',#697,#589,#327,.T.);
#870=EDGE_CURVE('',#698,#588,#328,.T.);
#871=EDGE_CURVE('',#699,#587,#329,.T.);
#872=EDGE_CURVE('',#700,#586,#330,.T.);
#873=EDGE_CURVE('',#701,#585,#331,.T.);
#874=EDGE_CURVE('',#702,#584,#332,.T.);
#875=EDGE_CURVE('',#703,#583,#333,.T.);
#876=EDGE_CURVE('',#704,#582,#334,.T.);
#877=EDGE_CURVE('',#705,#581,#335,.T.);
#878=EDGE_CURVE('',#706,#580,#336,.T.);
#879=EDGE_CURVE('',#707,#579,#337,.T.);
#880=EDGE_CURVE('',#708,#578,#338,.T.);
#881=EDGE_CURVE('',#709,#577,#339,.T.);
#882=EDGE_CURVE('',#710,#576,#340,.T.);
#883=EDGE_CURVE('',#643,#575,#341,.T.);
#884=EDGE_CURVE('',#644,#574,#342,.T.);
#885=EDGE_CURVE('',#711,#642,#343,.T.);
#886=EDGE_CURVE('',#645,#641,#344,.T.);
#887=EDGE_CURVE('',#646,#640,#345,.T.);
#888=EDGE_CURVE('',#647,#639,#346,.T.);
#889=EDGE_CURVE('',#648,#638,#347,.T.);
#890=EDGE_CURVE('',#649,#637,#348,.T.);
#891=EDGE_CURVE('',#650,#636,#349,.T.);
#892=EDGE_CURVE('',#651,#635,#350,.T.);
#893=EDGE_CURVE('',#652,#634,#351,.T.);
#894=EDGE_CURVE('',#653,#633,#352,.T.);
#895=EDGE_CURVE('',#654,#632,#353,.T.);
#896=EDGE_CURVE('',#655,#631,#354,.T.);
#897=EDGE_CURVE('',#656,#630,#355,.T.);
#898=EDGE_CURVE('',#657,#629,#356,.T.);
#899=EDGE_CURVE('',#658,#628,#357,.T.);
#900=EDGE_CURVE('',#659,#627,#358,.T.);
#901=EDGE_CURVE('',#660,#626,#359,.T.);
#902=EDGE_CURVE('',#661,#625,#360,.T.);
#903=EDGE_CURVE('',#662,#624,#361,.T.);
#904=EDGE_CURVE('',#663,#623,#362,.T.);
#905=EDGE_CURVE('',#664,#622,#363,.T.);
#906=EDGE_CURVE('',#665,#621,#364,.T.);
#907=EDGE_CURVE('',#666,#620,#365,.T.);
#908=EDGE_CURVE('',#667,#619,#366,.T.);
#909=EDGE_CURVE('',#668,#618,#367,.T.);
#910=EDGE_CURVE('',#669,#617,#368,.T.);
#911=EDGE_CURVE('',#670,#616,#369,.T.);
#912=EDGE_CURVE('',#671,#615,#370,.T.);
#913=EDGE_CURVE('',#672,#614,#371,.T.);
#914=EDGE_CURVE('',#673,#613,#372,.T.);
#915=EDGE_CURVE('',#674,#612,#373,.T.);
#916=EDGE_CURVE('',#675,#611,#374,.T.);
#917=EDGE_CURVE('',#676,#610,#375,.T.);
#918=EDGE_CURVE('',#677,#609,#376,.T.);
#919=ORIENTED_EDGE('',*,*,#712,.T.);
#920=ORIENTED_EDGE('',*,*,#713,.T.);
#921=ORIENTED_EDGE('',*,*,#714,.T.);
#922=ORIENTED_EDGE('',*,*,#715,.T.);
#923=ORIENTED_EDGE('',*,*,#716,.T.);
#924=ORIENTED_EDGE('',*,*,#717,.T.);
#925=ORIENTED_EDGE('',*,*,#718,.T.);
#926=ORIENTED_EDGE('',*,*,#719,.T.);
#927=ORIENTED_EDGE('',*,*,#720,.T.);
#928=ORIENTED_EDGE('',*,*,#721,.T.);
#929=ORIENTED_EDGE('',*,*,#722,.T.);
#930=ORIENTED_EDGE('',*,*,#723,.T.);
#931=ORIENTED_EDGE('',*,*,#724,.T.);
#932=ORIENTED_EDGE('',*,*,#725,.T.);
#933=ORIENTED_EDGE('',*,*,#726,.T.);
#934=ORIENTED_EDGE('',*,*,#727,.T.);
#935=ORIENTED_EDGE('',*,*,#728,.T.);
#936=ORIENTED_EDGE('',*,*,#729,.T.);
#937=ORIENTED_EDGE('',*,*,#730,.T.);
#938=ORIENTED_EDGE('',*,*,#731,.T.);
#939=ORIENTED_EDGE('',*,*,#732,.T.);
#940=ORIENTED_EDGE('',*,*,#733,.T.);
#941=ORIENTED_EDGE('',*,*,#734,.T.);
#942=ORIENTED_EDGE('',*,*,#735,.T.);
#943=ORIENTED_EDGE('',*,*,#736,.T.);
#944=ORIENTED_EDGE('',*,*,#737,.T.);
#945=ORIENTED_EDGE('',*,*,#738,.T.);
#946=ORIENTED_EDGE('',*,*,#739,.T.);
#947=ORIENTED_EDGE('',*,*,#740,.T.);
#948=ORIENTED_EDGE('',*,*,#741,.T.);
#949=ORIENTED_EDGE('',*,*,#742,.T.);
#950=ORIENTED_EDGE('',*,*,#743,.T.);
#951=ORIENTED_EDGE('',*,*,#744,.T.);
#952=ORIENTED_EDGE('',*,*,#745,.T.);
#953=ORIENTED_EDGE('',*,*,#746,.T.);
#954=ORIENTED_EDGE('',*,*,#747,.T.);
#955=ORIENTED_EDGE('',*,*,#748,.T.);
#956=ORIENTED_EDGE('',*,*,#749,.T.);
#957=ORIENTED_EDGE('',*,*,#750,.T.);
#958=ORIENTED_EDGE('',*,*,#751,.T.);
#959=ORIENTED_EDGE('',*,*,#752,.T.);
#960=ORIENTED_EDGE('',*,*,#753,.T.);
#961=ORIENTED_EDGE('',*,*,#754,.T.);
#962=ORIENTED_EDGE('',*,*,#755,.T.);
#963=ORIENTED_EDGE('',*,*,#756,.T.);
#964=ORIENTED_EDGE('',*,*,#757,.T.);
#965=ORIENTED_EDGE('',*,*,#758,.T.);
#966=ORIENTED_EDGE('',*,*,#759,.T.);
#967=ORIENTED_EDGE('',*,*,#760,.T.);
#968=ORIENTED_EDGE('',*,*,#761,.T.);
#969=ORIENTED_EDGE('',*,*,#762,.T.);
#970=ORIENTED_EDGE('',*,*,#763,.T.);
#971=ORIENTED_EDGE('',*,*,#764,.T.);
#972=ORIENTED_EDGE('',*,*,#765,.T.);
#973=ORIENTED_EDGE('',*,*,#766,.T.);
#974=ORIENTED_EDGE('',*,*,#767,.T.);
#975=ORIENTED_EDGE('',*,*,#768,.T.);
#976=ORIENTED_EDGE('',*,*,#769,.T.);
#977=ORIENTED_EDGE('',*,*,#770,.T.);
#978=ORIENTED_EDGE('',*,*,#771,.T.);
#979=ORIENTED_EDGE('',*,*,#772,.T.);
#980=ORIENTED_EDGE('',*,*,#773,.T.);
#981=ORIENTED_EDGE('',*,*,#774,.T.);
#982=ORIENTED_EDGE('',*,*,#775,.T.);
#983=ORIENTED_EDGE('',*,*,#776,.T.);
#984=ORIENTED_EDGE('',*,*,#777,.T.);
#985=ORIENTED_EDGE('',*,*,#778,.T.);
#986=ORIENTED_EDGE('',*,*,#779,.T.);
#987=ORIENTED_EDGE('',*,*,#780,.T.);
#988=ORIENTED_EDGE('',*,*,#781,.T.);
#989=ORIENTED_EDGE('',*,*,#782,.T.);
#990=ORIENTED_EDGE('',*,*,#783,.T.);
#991=ORIENTED_EDGE('',*,*,#784,.T.);
#992=ORIENTED_EDGE('',*,*,#785,.T.);
#993=ORIENTED_EDGE('',*,*,#786,.T.);
#994=ORIENTED_EDGE('',*,*,#787,.T.);
#995=ORIENTED_EDGE('',*,*,#788,.T.);
#996=ORIENTED_EDGE('',*,*,#789,.T.);
#997=ORIENTED_EDGE('',*,*,#790,.T.);
#998=ORIENTED_EDGE('',*,*,#791,.T.);
#999=ORIENTED_EDGE('',*,*,#792,.T.);
#1000=ORIENTED_EDGE('',*,*,#793,.T.);
#1001=ORIENTED_EDGE('',*,*,#794,.T.);
#1002=ORIENTED_EDGE('',*,*,#795,.T.);
#1003=ORIENTED_EDGE('',*,*,#796,.T.);
#1004=ORIENTED_EDGE('',*,*,#797,.T.);
#1005=ORIENTED_EDGE('',*,*,#798,.T.);
#1006=ORIENTED_EDGE('',*,*,#799,.T.);
#1007=ORIENTED_EDGE('',*,*,#800,.T.);
#1008=ORIENTED_EDGE('',*,*,#801,.T.);
#1009=ORIENTED_EDGE('',*,*,#802,.T.);
#1010=ORIENTED_EDGE('',*,*,#803,.T.);
#1011=ORIENTED_EDGE('',*,*,#804,.T.);
#1012=ORIENTED_EDGE('',*,*,#805,.T.);
#1013=ORIENTED_EDGE('',*,*,#806,.T.);
#1014=ORIENTED_EDGE('',*,*,#807,.T.);
#1015=ORIENTED_EDGE('',*,*,#808,.T.);
#1016=ORIENTED_EDGE('',*,*,#809,.T.);
#1017=ORIENTED_EDGE('',*,*,#810,.T.);
#1018=ORIENTED_EDGE('',*,*,#811,.T.);
#1019=ORIENTED_EDGE('',*,*,#812,.T.);
#1020=ORIENTED_EDGE('',*,*,#813,.T.);
#1021=ORIENTED_EDGE('',*,*,#814,.T.);
#1022=ORIENTED_EDGE('',*,*,#815,.T.);
#1023=ORIENTED_EDGE('',*,*,#816,.T.);
#1024=ORIENTED_EDGE('',*,*,#817,.T.);
#1025=ORIENTED_EDGE('',*,*,#818,.T.);
#1026=ORIENTED_EDGE('',*,*,#819,.T.);
#1027=ORIENTED_EDGE('',*,*,#820,.T.);
#1028=ORIENTED_EDGE('',*,*,#821,.T.);
#1029=ORIENTED_EDGE('',*,*,#822,.T.);
#1030=ORIENTED_EDGE('',*,*,#823,.T.);
#1031=ORIENTED_EDGE('',*,*,#824,.T.);
#1032=ORIENTED_EDGE('',*,*,#825,.T.);
#1033=ORIENTED_EDGE('',*,*,#826,.T.);
#1034=ORIENTED_EDGE('',*,*,#827,.T.);
#1035=ORIENTED_EDGE('',*,*,#828,.T.);
#1036=ORIENTED_EDGE('',*,*,#829,.T.);
#1037=ORIENTED_EDGE('',*,*,#830,.T.);
#1038=ORIENTED_EDGE('',*,*,#831,.T.);
#1039=ORIENTED_EDGE('',*,*,#832,.T.);
#1040=ORIENTED_EDGE('',*,*,#833,.T.);
#1041=ORIENTED_EDGE('',*,*,#834,.T.);
#1042=ORIENTED_EDGE('',*,*,#835,.T.);
#1043=ORIENTED_EDGE('',*,*,#836,.T.);
#1044=ORIENTED_EDGE('',*,*,#837,.T.);
#1045=ORIENTED_EDGE('',*,*,#838,.T.);
#1046=ORIENTED_EDGE('',*,*,#839,.T.);
#1047=ORIENTED_EDGE('',*,*,#840,.T.);
#1048=ORIENTED_EDGE('',*,*,#841,.T.);
#1049=ORIENTED_EDGE('',*,*,#842,.T.);
#1050=ORIENTED_EDGE('',*,*,#843,.T.);
#1051=ORIENTED_EDGE('',*,*,#844,.T.);
#1052=ORIENTED_EDGE('',*,*,#845,.T.);
#1053=ORIENTED_EDGE('',*,*,#846,.T.);
#1054=ORIENTED_EDGE('',*,*,#847,.T.);
#1055=ORIENTED_EDGE('',*,*,#848,.T.);
#1056=ORIENTED_EDGE('',*,*,#849,.T.);
#1057=ORIENTED_EDGE('',*,*,#850,.F.);
#1058=ORIENTED_EDGE('',*,*,#816,.F.);
#1059=ORIENTED_EDGE('',*,*,#851,.T.);
#1060=ORIENTED_EDGE('',*,*,#745,.F.);
#1061=ORIENTED_EDGE('',*,*,#852,.F.);
#1062=ORIENTED_EDGE('',*,*,#817,.F.);
#1063=ORIENTED_EDGE('',*,*,#850,.T.);
#1064=ORIENTED_EDGE('',*,*,#744,.F.);
#1065=ORIENTED_EDGE('',*,*,#853,.F.);
#1066=ORIENTED_EDGE('',*,*,#818,.F.);
#1067=ORIENTED_EDGE('',*,*,#852,.T.);
#1068=ORIENTED_EDGE('',*,*,#743,.F.);
#1069=ORIENTED_EDGE('',*,*,#854,.F.);
#1070=ORIENTED_EDGE('',*,*,#819,.F.);
#1071=ORIENTED_EDGE('',*,*,#853,.T.);
#1072=ORIENTED_EDGE('',*,*,#742,.F.);
#1073=ORIENTED_EDGE('',*,*,#855,.F.);
#1074=ORIENTED_EDGE('',*,*,#820,.F.);
#1075=ORIENTED_EDGE('',*,*,#854,.T.);
#1076=ORIENTED_EDGE('',*,*,#741,.F.);
#1077=ORIENTED_EDGE('',*,*,#856,.F.);
#1078=ORIENTED_EDGE('',*,*,#821,.F.);
#1079=ORIENTED_EDGE('',*,*,#855,.T.);
#1080=ORIENTED_EDGE('',*,*,#740,.F.);
#1081=ORIENTED_EDGE('',*,*,#857,.F.);
#1082=ORIENTED_EDGE('',*,*,#822,.F.);
#1083=ORIENTED_EDGE('',*,*,#856,.T.);
#1084=ORIENTED_EDGE('',*,*,#739,.F.);
#1085=ORIENTED_EDGE('',*,*,#858,.F.);
#1086=ORIENTED_EDGE('',*,*,#823,.F.);
#1087=ORIENTED_EDGE('',*,*,#857,.T.);
#1088=ORIENTED_EDGE('',*,*,#738,.F.);
#1089=ORIENTED_EDGE('',*,*,#859,.F.);
#1090=ORIENTED_EDGE('',*,*,#824,.F.);
#1091=ORIENTED_EDGE('',*,*,#858,.T.);
#1092=ORIENTED_EDGE('',*,*,#737,.F.);
#1093=ORIENTED_EDGE('',*,*,#860,.F.);
#1094=ORIENTED_EDGE('',*,*,#825,.F.);
#1095=ORIENTED_EDGE('',*,*,#859,.T.);
#1096=ORIENTED_EDGE('',*,*,#736,.F.);
#1097=ORIENTED_EDGE('',*,*,#861,.F.);
#1098=ORIENTED_EDGE('',*,*,#826,.F.);
#1099=ORIENTED_EDGE('',*,*,#860,.T.);
#1100=ORIENTED_EDGE('',*,*,#735,.F.);
#1101=ORIENTED_EDGE('',*,*,#862,.F.);
#1102=ORIENTED_EDGE('',*,*,#827,.F.);
#1103=ORIENTED_EDGE('',*,*,#861,.T.);
#1104=ORIENTED_EDGE('',*,*,#734,.F.);
#1105=ORIENTED_EDGE('',*,*,#863,.F.);
#1106=ORIENTED_EDGE('',*,*,#828,.F.);
#1107=ORIENTED_EDGE('',*,*,#862,.T.);
#1108=ORIENTED_EDGE('',*,*,#733,.F.);
#1109=ORIENTED_EDGE('',*,*,#864,.F.);
#1110=ORIENTED_EDGE('',*,*,#829,.F.);
#1111=ORIENTED_EDGE('',*,*,#863,.T.);
#1112=ORIENTED_EDGE('',*,*,#732,.F.);
#1113=ORIENTED_EDGE('',*,*,#865,.F.);
#1114=ORIENTED_EDGE('',*,*,#830,.F.);
#1115=ORIENTED_EDGE('',*,*,#864,.T.);
#1116=ORIENTED_EDGE('',*,*,#731,.F.);
#1117=ORIENTED_EDGE('',*,*,#866,.F.);
#1118=ORIENTED_EDGE('',*,*,#831,.F.);
#1119=ORIENTED_EDGE('',*,*,#865,.T.);
#1120=ORIENTED_EDGE('',*,*,#730,.F.);
#1121=ORIENTED_EDGE('',*,*,#867,.F.);
#1122=ORIENTED_EDGE('',*,*,#832,.F.);
#1123=ORIENTED_EDGE('',*,*,#866,.T.);
#1124=ORIENTED_EDGE('',*,*,#729,.F.);
#1125=ORIENTED_EDGE('',*,*,#868,.F.);
#1126=ORIENTED_EDGE('',*,*,#833,.F.);
#1127=ORIENTED_EDGE('',*,*,#867,.T.);
#1128=ORIENTED_EDGE('',*,*,#728,.F.);
#1129=ORIENTED_EDGE('',*,*,#869,.F.);
#1130=ORIENTED_EDGE('',*,*,#834,.F.);
#1131=ORIENTED_EDGE('',*,*,#868,.T.);
#1132=ORIENTED_EDGE('',*,*,#727,.F.);
#1133=ORIENTED_EDGE('',*,*,#870,.F.);
#1134=ORIENTED_EDGE('',*,*,#835,.F.);
#1135=ORIENTED_EDGE('',*,*,#869,.T.);
#1136=ORIENTED_EDGE('',*,*,#726,.F.);
#1137=ORIENTED_EDGE('',*,*,#871,.F.);
#1138=ORIENTED_EDGE('',*,*,#836,.F.);
#1139=ORIENTED_EDGE('',*,*,#870,.T.);
#1140=ORIENTED_EDGE('',*,*,#725,.F.);
#1141=ORIENTED_EDGE('',*,*,#872,.F.);
#1142=ORIENTED_EDGE('',*,*,#837,.F.);
#1143=ORIENTED_EDGE('',*,*,#871,.T.);
#1144=ORIENTED_EDGE('',*,*,#724,.F.);
#1145=ORIENTED_EDGE('',*,*,#873,.F.);
#1146=ORIENTED_EDGE('',*,*,#838,.F.);
#1147=ORIENTED_EDGE('',*,*,#872,.T.);
#1148=ORIENTED_EDGE('',*,*,#723,.F.);
#1149=ORIENTED_EDGE('',*,*,#874,.F.);
#1150=ORIENTED_EDGE('',*,*,#839,.F.);
#1151=ORIENTED_EDGE('',*,*,#873,.T.);
#1152=ORIENTED_EDGE('',*,*,#722,.F.);
#1153=ORIENTED_EDGE('',*,*,#875,.F.);
#1154=ORIENTED_EDGE('',*,*,#840,.F.);
#1155=ORIENTED_EDGE('',*,*,#874,.T.);
#1156=ORIENTED_EDGE('',*,*,#721,.F.);
#1157=ORIENTED_EDGE('',*,*,#876,.F.);
#1158=ORIENTED_EDGE('',*,*,#841,.F.);
#1159=ORIENTED_EDGE('',*,*,#875,.T.);
#1160=ORIENTED_EDGE('',*,*,#720,.F.);
#1161=ORIENTED_EDGE('',*,*,#877,.F.);
#1162=ORIENTED_EDGE('',*,*,#842,.F.);
#1163=ORIENTED_EDGE('',*,*,#876,.T.);
#1164=ORIENTED_EDGE('',*,*,#719,.F.);
#1165=ORIENTED_EDGE('',*,*,#878,.F.);
#1166=ORIENTED_EDGE('',*,*,#843,.F.);
#1167=ORIENTED_EDGE('',*,*,#877,.T.);
#1168=ORIENTED_EDGE('',*,*,#718,.F.);
#1169=ORIENTED_EDGE('',*,*,#879,.F.);
#1170=ORIENTED_EDGE('',*,*,#844,.F.);
#1171=ORIENTED_EDGE('',*,*,#878,.T.);
#1172=ORIENTED_EDGE('',*,*,#717,.F.);
#1173=ORIENTED_EDGE('',*,*,#880,.F.);
#1174=ORIENTED_EDGE('',*,*,#845,.F.);
#1175=ORIENTED_EDGE('',*,*,#879,.T.);
#1176=ORIENTED_EDGE('',*,*,#716,.F.);
#1177=ORIENTED_EDGE('',*,*,#881,.F.);
#1178=ORIENTED_EDGE('',*,*,#846,.F.);
#1179=ORIENTED_EDGE('',*,*,#880,.T.);
#1180=ORIENTED_EDGE('',*,*,#715,.F.);
#1181=ORIENTED_EDGE('',*,*,#882,.F.);
#1182=ORIENTED_EDGE('',*,*,#847,.F.);
#1183=ORIENTED_EDGE('',*,*,#881,.T.);
#1184=ORIENTED_EDGE('',*,*,#714,.F.);
#1185=ORIENTED_EDGE('',*,*,#883,.F.);
#1186=ORIENTED_EDGE('',*,*,#848,.F.);
#1187=ORIENTED_EDGE('',*,*,#882,.T.);
#1188=ORIENTED_EDGE('',*,*,#713,.F.);
#1189=ORIENTED_EDGE('',*,*,#884,.F.);
#1190=ORIENTED_EDGE('',*,*,#781,.F.);
#1191=ORIENTED_EDGE('',*,*,#883,.T.);
#1192=ORIENTED_EDGE('',*,*,#712,.F.);
#1193=ORIENTED_EDGE('',*,*,#849,.F.);
#1194=ORIENTED_EDGE('',*,*,#885,.T.);
#1195=ORIENTED_EDGE('',*,*,#780,.F.);
#1196=ORIENTED_EDGE('',*,*,#885,.F.);
#1197=ORIENTED_EDGE('',*,*,#886,.F.);
#1198=ORIENTED_EDGE('',*,*,#782,.F.);
#1199=ORIENTED_EDGE('',*,*,#884,.T.);
#1200=ORIENTED_EDGE('',*,*,#779,.F.);
#1201=ORIENTED_EDGE('',*,*,#887,.F.);
#1202=ORIENTED_EDGE('',*,*,#783,.F.);
#1203=ORIENTED_EDGE('',*,*,#886,.T.);
#1204=ORIENTED_EDGE('',*,*,#778,.F.);
#1205=ORIENTED_EDGE('',*,*,#888,.F.);
#1206=ORIENTED_EDGE('',*,*,#784,.F.);
#1207=ORIENTED_EDGE('',*,*,#887,.T.);
#1208=ORIENTED_EDGE('',*,*,#777,.F.);
#1209=ORIENTED_EDGE('',*,*,#889,.F.);
#1210=ORIENTED_EDGE('',*,*,#785,.F.);
#1211=ORIENTED_EDGE('',*,*,#888,.T.);
#1212=ORIENTED_EDGE('',*,*,#776,.F.);
#1213=ORIENTED_EDGE('',*,*,#890,.F.);
#1214=ORIENTED_EDGE('',*,*,#786,.F.);
#1215=ORIENTED_EDGE('',*,*,#889,.T.);
#1216=ORIENTED_EDGE('',*,*,#775,.F.);
#1217=ORIENTED_EDGE('',*,*,#891,.F.);
#1218=ORIENTED_EDGE('',*,*,#787,.F.);
#1219=ORIENTED_EDGE('',*,*,#890,.T.);
#1220=ORIENTED_EDGE('',*,*,#774,.F.);
#1221=ORIENTED_EDGE('',*,*,#892,.F.);
#1222=ORIENTED_EDGE('',*,*,#788,.F.);
#1223=ORIENTED_EDGE('',*,*,#891,.T.);
#1224=ORIENTED_EDGE('',*,*,#773,.F.);
#1225=ORIENTED_EDGE('',*,*,#893,.F.);
#1226=ORIENTED_EDGE('',*,*,#789,.F.);
#1227=ORIENTED_EDGE('',*,*,#892,.T.);
#1228=ORIENTED_EDGE('',*,*,#772,.F.);
#1229=ORIENTED_EDGE('',*,*,#894,.F.);
#1230=ORIENTED_EDGE('',*,*,#790,.F.);
#1231=ORIENTED_EDGE('',*,*,#893,.T.);
#1232=ORIENTED_EDGE('',*,*,#771,.F.);
#1233=ORIENTED_EDGE('',*,*,#895,.F.);
#1234=ORIENTED_EDGE('',*,*,#791,.F.);
#1235=ORIENTED_EDGE('',*,*,#894,.T.);
#1236=ORIENTED_EDGE('',*,*,#770,.F.);
#1237=ORIENTED_EDGE('',*,*,#896,.F.);
#1238=ORIENTED_EDGE('',*,*,#792,.F.);
#1239=ORIENTED_EDGE('',*,*,#895,.T.);
#1240=ORIENTED_EDGE('',*,*,#769,.F.);
#1241=ORIENTED_EDGE('',*,*,#897,.F.);
#1242=ORIENTED_EDGE('',*,*,#793,.F.);
#1243=ORIENTED_EDGE('',*,*,#896,.T.);
#1244=ORIENTED_EDGE('',*,*,#768,.F.);
#1245=ORIENTED_EDGE('',*,*,#898,.F.);
#1246=ORIENTED_EDGE('',*,*,#794,.F.);
#1247=ORIENTED_EDGE('',*,*,#897,.T.);
#1248=ORIENTED_EDGE('',*,*,#767,.F.);
#1249=ORIENTED_EDGE('',*,*,#899,.F.);
#1250=ORIENTED_EDGE('',*,*,#795,.F.);
#1251=ORIENTED_EDGE('',*,*,#898,.T.);
#1252=ORIENTED_EDGE('',*,*,#766,.F.);
#1253=ORIENTED_EDGE('',*,*,#900,.F.);
#1254=ORIENTED_EDGE('',*,*,#796,.F.);
#1255=ORIENTED_EDGE('',*,*,#899,.T.);
#1256=ORIENTED_EDGE('',*,*,#765,.F.);
#1257=ORIENTED_EDGE('',*,*,#901,.F.);
#1258=ORIENTED_EDGE('',*,*,#797,.F.);
#1259=ORIENTED_EDGE('',*,*,#900,.T.);
#1260=ORIENTED_EDGE('',*,*,#764,.F.);
#1261=ORIENTED_EDGE('',*,*,#902,.F.);
#1262=ORIENTED_EDGE('',*,*,#798,.F.);
#1263=ORIENTED_EDGE('',*,*,#901,.T.);
#1264=ORIENTED_EDGE('',*,*,#763,.F.);
#1265=ORIENTED_EDGE('',*,*,#903,.F.);
#1266=ORIENTED_EDGE('',*,*,#799,.F.);
#1267=ORIENTED_EDGE('',*,*,#902,.T.);
#1268=ORIENTED_EDGE('',*,*,#762,.F.);
#1269=ORIENTED_EDGE('',*,*,#904,.F.);
#1270=ORIENTED_EDGE('',*,*,#800,.F.);
#1271=ORIENTED_EDGE('',*,*,#903,.T.);
#1272=ORIENTED_EDGE('',*,*,#761,.F.);
#1273=ORIENTED_EDGE('',*,*,#905,.F.);
#1274=ORIENTED_EDGE('',*,*,#801,.F.);
#1275=ORIENTED_EDGE('',*,*,#904,.T.);
#1276=ORIENTED_EDGE('',*,*,#760,.F.);
#1277=ORIENTED_EDGE('',*,*,#906,.F.);
#1278=ORIENTED_EDGE('',*,*,#802,.F.);
#1279=ORIENTED_EDGE('',*,*,#905,.T.);
#1280=ORIENTED_EDGE('',*,*,#759,.F.);
#1281=ORIENTED_EDGE('',*,*,#907,.F.);
#1282=ORIENTED_EDGE('',*,*,#803,.F.);
#1283=ORIENTED_EDGE('',*,*,#906,.T.);
#1284=ORIENTED_EDGE('',*,*,#758,.F.);
#1285=ORIENTED_EDGE('',*,*,#908,.F.);
#1286=ORIENTED_EDGE('',*,*,#804,.F.);
#1287=ORIENTED_EDGE('',*,*,#907,.T.);
#1288=ORIENTED_EDGE('',*,*,#757,.F.);
#1289=ORIENTED_EDGE('',*,*,#909,.F.);
#1290=ORIENTED_EDGE('',*,*,#805,.F.);
#1291=ORIENTED_EDGE('',*,*,#908,.T.);
#1292=ORIENTED_EDGE('',*,*,#756,.F.);
#1293=ORIENTED_EDGE('',*,*,#910,.F.);
#1294=ORIENTED_EDGE('',*,*,#806,.F.);
#1295=ORIENTED_EDGE('',*,*,#909,.T.);
#1296=ORIENTED_EDGE('',*,*,#755,.F.);
#1297=ORIENTED_EDGE('',*,*,#911,.F.);
#1298=ORIENTED_EDGE('',*,*,#807,.F.);
#1299=ORIENTED_EDGE('',*,*,#910,.T.);
#1300=ORIENTED_EDGE('',*,*,#754,.F.);
#1301=ORIENTED_EDGE('',*,*,#912,.F.);
#1302=ORIENTED_EDGE('',*,*,#808,.F.);
#1303=ORIENTED_EDGE('',*,*,#911,.T.);
#1304=ORIENTED_EDGE('',*,*,#753,.F.);
#1305=ORIENTED_EDGE('',*,*,#913,.F.);
#1306=ORIENTED_EDGE('',*,*,#809,.F.);
#1307=ORIENTED_EDGE('',*,*,#912,.T.);
#1308=ORIENTED_EDGE('',*,*,#752,.F.);
#1309=ORIENTED_EDGE('',*,*,#914,.F.);
#1310=ORIENTED_EDGE('',*,*,#810,.F.);
#1311=ORIENTED_EDGE('',*,*,#913,.T.);
#1312=ORIENTED_EDGE('',*,*,#751,.F.);
#1313=ORIENTED_EDGE('',*,*,#915,.F.);
#1314=ORIENTED_EDGE('',*,*,#811,.F.);
#1315=ORIENTED_EDGE('',*,*,#914,.T.);
#1316=ORIENTED_EDGE('',*,*,#750,.F.);
#1317=ORIENTED_EDGE('',*,*,#916,.F.);
#1318=ORIENTED_EDGE('',*,*,#812,.F.);
#1319=ORIENTED_EDGE('',*,*,#915,.T.);
#1320=ORIENTED_EDGE('',*,*,#749,.F.);
#1321=ORIENTED_EDGE('',*,*,#917,.F.);
#1322=ORIENTED_EDGE('',*,*,#813,.F.);
#1323=ORIENTED_EDGE('',*,*,#916,.T.);
#1324=ORIENTED_EDGE('',*,*,#748,.F.);
#1325=ORIENTED_EDGE('',*,*,#918,.F.);
#1326=ORIENTED_EDGE('',*,*,#814,.F.);
#1327=ORIENTED_EDGE('',*,*,#917,.T.);
#1328=ORIENTED_EDGE('',*,*,#747,.F.);
#1329=ORIENTED_EDGE('',*,*,#851,.F.);
#1330=ORIENTED_EDGE('',*,*,#815,.F.);
#1331=ORIENTED_EDGE('',*,*,#918,.T.);
#1332=ORIENTED_EDGE('',*,*,#746,.F.);
#1333=PLANE('',#1485);
#1334=PLANE('',#1491);
#1335=PLANE('',#1497);
#1336=PLANE('',#1498);
#1337=PLANE('',#1499);
#1338=PLANE('',#1500);
#1339=PLANE('',#1501);
#1340=PLANE('',#1502);
#1341=PLANE('',#1503);
#1342=PLANE('',#1504);
#1343=PLANE('',#1506);
#1344=PLANE('',#1507);
#1345=PLANE('',#1508);
#1346=PLANE('',#1509);
#1347=PLANE('',#1510);
#1348=PLANE('',#1511);
#1349=PLANE('',#1512);
#1350=PLANE('',#1513);
#1351=PLANE('',#1514);
#1352=PLANE('',#1515);
#1353=PLANE('',#1516);
#1354=PLANE('',#1517);
#1355=PLANE('',#1518);
#1356=PLANE('',#1519);
#1357=PLANE('',#1520);
#1358=PLANE('',#1521);
#1359=PLANE('',#1523);
#1360=PLANE('',#1524);
#1361=PLANE('',#1525);
#1362=PLANE('',#1526);
#1363=PLANE('',#1527);
#1364=PLANE('',#1528);
#1365=PLANE('',#1529);
#1366=PLANE('',#1530);
#1367=PLANE('',#1532);
#1368=PLANE('',#1533);
#1369=PLANE('',#1534);
#1370=PLANE('',#1535);
#1371=PLANE('',#1536);
#1372=PLANE('',#1537);
#1373=PLANE('',#1538);
#1374=PLANE('',#1539);
#1375=PLANE('',#1541);
#1376=PLANE('',#1542);
#1377=PLANE('',#1543);
#1378=PLANE('',#1544);
#1379=PLANE('',#1545);
#1380=PLANE('',#1546);
#1381=PLANE('',#1547);
#1382=PLANE('',#1548);
#1383=PLANE('',#1549);
#1384=PLANE('',#1550);
#1385=PLANE('',#1551);
#1386=PLANE('',#1552);
#1387=PLANE('',#1553);
#1388=PLANE('',#1554);
#1389=PLANE('',#1555);
#1390=PLANE('',#1556);
#1391=PLANE('',#1558);
#1392=PLANE('',#1559);
#1393=PLANE('',#1560);
#1394=PLANE('',#1561);
#1395=PLANE('',#1562);
#1396=PLANE('',#1563);
#1397=PLANE('',#1564);
#1398=PLANE('',#1565);
#1399=ADVANCED_FACE('',(#26,#24),#1333,.F.);
#1400=ADVANCED_FACE('',(#27,#25),#1334,.T.);
#1401=ADVANCED_FACE('',(#28),#1335,.F.);
#1402=ADVANCED_FACE('',(#29),#1336,.F.);
#1403=ADVANCED_FACE('',(#30),#1337,.F.);
#1404=ADVANCED_FACE('',(#31),#1338,.F.);
#1405=ADVANCED_FACE('',(#32),#1339,.F.);
#1406=ADVANCED_FACE('',(#33),#1340,.F.);
#1407=ADVANCED_FACE('',(#34),#1341,.F.);
#1408=ADVANCED_FACE('',(#35),#1342,.T.);
#1409=ADVANCED_FACE('',(#36),#19,.T.);
#1410=ADVANCED_FACE('',(#37),#1343,.T.);
#1411=ADVANCED_FACE('',(#38),#1344,.T.);
#1412=ADVANCED_FACE('',(#39),#1345,.T.);
#1413=ADVANCED_FACE('',(#40),#1346,.T.);
#1414=ADVANCED_FACE('',(#41),#1347,.T.);
#1415=ADVANCED_FACE('',(#42),#1348,.T.);
#1416=ADVANCED_FACE('',(#43),#1349,.T.);
#1417=ADVANCED_FACE('',(#44),#1350,.T.);
#1418=ADVANCED_FACE('',(#45),#1351,.F.);
#1419=ADVANCED_FACE('',(#46),#1352,.F.);
#1420=ADVANCED_FACE('',(#47),#1353,.F.);
#1421=ADVANCED_FACE('',(#48),#1354,.F.);
#1422=ADVANCED_FACE('',(#49),#1355,.F.);
#1423=ADVANCED_FACE('',(#50),#1356,.F.);
#1424=ADVANCED_FACE('',(#51),#1357,.F.);
#1425=ADVANCED_FACE('',(#52),#1358,.T.);
#1426=ADVANCED_FACE('',(#53),#20,.T.);
#1427=ADVANCED_FACE('',(#54),#1359,.F.);
#1428=ADVANCED_FACE('',(#55),#1360,.T.);
#1429=ADVANCED_FACE('',(#56),#1361,.T.);
#1430=ADVANCED_FACE('',(#57),#1362,.T.);
#1431=ADVANCED_FACE('',(#58),#1363,.T.);
#1432=ADVANCED_FACE('',(#59),#1364,.T.);
#1433=ADVANCED_FACE('',(#60),#1365,.T.);
#1434=ADVANCED_FACE('',(#61),#1366,.T.);
#1435=ADVANCED_FACE('',(#62),#21,.F.);
#1436=ADVANCED_FACE('',(#63),#1367,.F.);
#1437=ADVANCED_FACE('',(#64),#1368,.F.);
#1438=ADVANCED_FACE('',(#65),#1369,.F.);
#1439=ADVANCED_FACE('',(#66),#1370,.F.);
#1440=ADVANCED_FACE('',(#67),#1371,.F.);
#1441=ADVANCED_FACE('',(#68),#1372,.F.);
#1442=ADVANCED_FACE('',(#69),#1373,.F.);
#1443=ADVANCED_FACE('',(#70),#1374,.F.);
#1444=ADVANCED_FACE('',(#71),#22,.T.);
#1445=ADVANCED_FACE('',(#72),#1375,.F.);
#1446=ADVANCED_FACE('',(#73),#1376,.T.);
#1447=ADVANCED_FACE('',(#74),#1377,.T.);
#1448=ADVANCED_FACE('',(#75),#1378,.T.);
#1449=ADVANCED_FACE('',(#76),#1379,.T.);
#1450=ADVANCED_FACE('',(#77),#1380,.T.);
#1451=ADVANCED_FACE('',(#78),#1381,.T.);
#1452=ADVANCED_FACE('',(#79),#1382,.T.);
#1453=ADVANCED_FACE('',(#80),#1383,.F.);
#1454=ADVANCED_FACE('',(#81),#1384,.F.);
#1455=ADVANCED_FACE('',(#82),#1385,.F.);
#1456=ADVANCED_FACE('',(#83),#1386,.F.);
#1457=ADVANCED_FACE('',(#84),#1387,.F.);
#1458=ADVANCED_FACE('',(#85),#1388,.F.);
#1459=ADVANCED_FACE('',(#86),#1389,.F.);
#1460=ADVANCED_FACE('',(#87),#1390,.F.);
#1461=ADVANCED_FACE('',(#88),#23,.T.);
#1462=ADVANCED_FACE('',(#89),#1391,.T.);
#1463=ADVANCED_FACE('',(#90),#1392,.T.);
#1464=ADVANCED_FACE('',(#91),#1393,.T.);
#1465=ADVANCED_FACE('',(#92),#1394,.T.);
#1466=ADVANCED_FACE('',(#93),#1395,.T.);
#1467=ADVANCED_FACE('',(#94),#1396,.T.);
#1468=ADVANCED_FACE('',(#95),#1397,.T.);
#1469=ADVANCED_FACE('',(#96),#1398,.T.);
#1470=CLOSED_SHELL('',(#1399,#1400,#1401,#1402,#1403,#1404,#1405,#1406,
#1407,#1408,#1409,#1410,#1411,#1412,#1413,#1414,#1415,#1416,#1417,#1418,
#1419,#1420,#1421,#1422,#1423,#1424,#1425,#1426,#1427,#1428,#1429,#1430,
#1431,#1432,#1433,#1434,#1435,#1436,#1437,#1438,#1439,#1440,#1441,#1442,
#1443,#1444,#1445,#1446,#1447,#1448,#1449,#1450,#1451,#1452,#1453,#1454,
#1455,#1456,#1457,#1458,#1459,#1460,#1461,#1462,#1463,#1464,#1465,#1466,
#1467,#1468,#1469));
#1471=DERIVED_UNIT_ELEMENT(#1473,1.);
#1472=DERIVED_UNIT_ELEMENT(#2358,-3.);
#1473=(
MASS_UNIT()
NAMED_UNIT(*)
SI_UNIT(.KILO.,.GRAM.)
);
#1474=DERIVED_UNIT((#1471,#1472));
#1475=MEASURE_REPRESENTATION_ITEM('density measure',
POSITIVE_RATIO_MEASURE(7850.),#1474);
#1476=PROPERTY_DEFINITION_REPRESENTATION(#1481,#1478);
#1477=PROPERTY_DEFINITION_REPRESENTATION(#1482,#1479);
#1478=REPRESENTATION('material name',(#1480),#2355);
#1479=REPRESENTATION('density',(#1475),#2355);
#1480=DESCRIPTIVE_REPRESENTATION_ITEM('Acero','Acero');
#1481=PROPERTY_DEFINITION('material property','material name',#2370);
#1482=PROPERTY_DEFINITION('material property','density of part',#2370);
#1483=AXIS2_PLACEMENT_3D('',#1932,#1567,#1568);
#1484=AXIS2_PLACEMENT_3D('',#1933,#1569,#1570);
#1485=AXIS2_PLACEMENT_3D('',#1934,#1571,#1572);
#1486=AXIS2_PLACEMENT_3D('',#1953,#1581,#1582);
#1487=AXIS2_PLACEMENT_3D('',#1987,#1599,#1600);
#1488=AXIS2_PLACEMENT_3D('',#2021,#1617,#1618);
#1489=AXIS2_PLACEMENT_3D('',#2055,#1635,#1636);
#1490=AXIS2_PLACEMENT_3D('',#2072,#1645,#1646);
#1491=AXIS2_PLACEMENT_3D('',#2073,#1647,#1648);
#1492=AXIS2_PLACEMENT_3D('',#2094,#1658,#1659);
#1493=AXIS2_PLACEMENT_3D('',#2128,#1676,#1677);
#1494=AXIS2_PLACEMENT_3D('',#2162,#1694,#1695);
#1495=AXIS2_PLACEMENT_3D('',#2196,#1712,#1713);
#1496=AXIS2_PLACEMENT_3D('',#2211,#1721,#1722);
#1497=AXIS2_PLACEMENT_3D('',#2212,#1723,#1724);
#1498=AXIS2_PLACEMENT_3D('',#2215,#1727,#1728);
#1499=AXIS2_PLACEMENT_3D('',#2217,#1730,#1731);
#1500=AXIS2_PLACEMENT_3D('',#2219,#1733,#1734);
#1501=AXIS2_PLACEMENT_3D('',#2221,#1736,#1737);
#1502=AXIS2_PLACEMENT_3D('',#2223,#1739,#1740);
#1503=AXIS2_PLACEMENT_3D('',#2225,#1742,#1743);
#1504=AXIS2_PLACEMENT_3D('',#2227,#1745,#1746);
#1505=AXIS2_PLACEMENT_3D('',#2229,#1748,#1749);
#1506=AXIS2_PLACEMENT_3D('',#2231,#1751,#1752);
#1507=AXIS2_PLACEMENT_3D('',#2233,#1754,#1755);
#1508=AXIS2_PLACEMENT_3D('',#2235,#1757,#1758);
#1509=AXIS2_PLACEMENT_3D('',#2237,#1760,#1761);
#1510=AXIS2_PLACEMENT_3D('',#2239,#1763,#1764);
#1511=AXIS2_PLACEMENT_3D('',#2241,#1766,#1767);
#1512=AXIS2_PLACEMENT_3D('',#2243,#1769,#1770);
#1513=AXIS2_PLACEMENT_3D('',#2245,#1772,#1773);
#1514=AXIS2_PLACEMENT_3D('',#2247,#1775,#1776);
#1515=AXIS2_PLACEMENT_3D('',#2249,#1778,#1779);
#1516=AXIS2_PLACEMENT_3D('',#2251,#1781,#1782);
#1517=AXIS2_PLACEMENT_3D('',#2253,#1784,#1785);
#1518=AXIS2_PLACEMENT_3D('',#2255,#1787,#1788);
#1519=AXIS2_PLACEMENT_3D('',#2257,#1790,#1791);
#1520=AXIS2_PLACEMENT_3D('',#2259,#1793,#1794);
#1521=AXIS2_PLACEMENT_3D('',#2261,#1796,#1797);
#1522=AXIS2_PLACEMENT_3D('',#2263,#1799,#1800);
#1523=AXIS2_PLACEMENT_3D('',#2265,#1802,#1803);
#1524=AXIS2_PLACEMENT_3D('',#2267,#1805,#1806);
#1525=AXIS2_PLACEMENT_3D('',#2269,#1808,#1809);
#1526=AXIS2_PLACEMENT_3D('',#2271,#1811,#1812);
#1527=AXIS2_PLACEMENT_3D('',#2273,#1814,#1815);
#1528=AXIS2_PLACEMENT_3D('',#2275,#1817,#1818);
#1529=AXIS2_PLACEMENT_3D('',#2277,#1820,#1821);
#1530=AXIS2_PLACEMENT_3D('',#2279,#1823,#1824);
#1531=AXIS2_PLACEMENT_3D('',#2281,#1826,#1827);
#1532=AXIS2_PLACEMENT_3D('',#2283,#1829,#1830);
#1533=AXIS2_PLACEMENT_3D('',#2285,#1832,#1833);
#1534=AXIS2_PLACEMENT_3D('',#2287,#1835,#1836);
#1535=AXIS2_PLACEMENT_3D('',#2289,#1838,#1839);
#1536=AXIS2_PLACEMENT_3D('',#2291,#1841,#1842);
#1537=AXIS2_PLACEMENT_3D('',#2293,#1844,#1845);
#1538=AXIS2_PLACEMENT_3D('',#2295,#1847,#1848);
#1539=AXIS2_PLACEMENT_3D('',#2297,#1850,#1851);
#1540=AXIS2_PLACEMENT_3D('',#2299,#1853,#1854);
#1541=AXIS2_PLACEMENT_3D('',#2301,#1856,#1857);
#1542=AXIS2_PLACEMENT_3D('',#2303,#1859,#1860);
#1543=AXIS2_PLACEMENT_3D('',#2305,#1862,#1863);
#1544=AXIS2_PLACEMENT_3D('',#2307,#1865,#1866);
#1545=AXIS2_PLACEMENT_3D('',#2309,#1868,#1869);
#1546=AXIS2_PLACEMENT_3D('',#2311,#1871,#1872);
#1547=AXIS2_PLACEMENT_3D('',#2313,#1874,#1875);
#1548=AXIS2_PLACEMENT_3D('',#2315,#1877,#1878);
#1549=AXIS2_PLACEMENT_3D('',#2317,#1880,#1881);
#1550=AXIS2_PLACEMENT_3D('',#2319,#1883,#1884);
#1551=AXIS2_PLACEMENT_3D('',#2321,#1886,#1887);
#1552=AXIS2_PLACEMENT_3D('',#2323,#1889,#1890);
#1553=AXIS2_PLACEMENT_3D('',#2325,#1892,#1893);
#1554=AXIS2_PLACEMENT_3D('',#2327,#1895,#1896);
#1555=AXIS2_PLACEMENT_3D('',#2329,#1898,#1899);
#1556=AXIS2_PLACEMENT_3D('',#2331,#1901,#1902);
#1557=AXIS2_PLACEMENT_3D('',#2333,#1904,#1905);
#1558=AXIS2_PLACEMENT_3D('',#2335,#1907,#1908);
#1559=AXIS2_PLACEMENT_3D('',#2337,#1910,#1911);
#1560=AXIS2_PLACEMENT_3D('',#2339,#1913,#1914);
#1561=AXIS2_PLACEMENT_3D('',#2341,#1916,#1917);
#1562=AXIS2_PLACEMENT_3D('',#2343,#1919,#1920);
#1563=AXIS2_PLACEMENT_3D('',#2345,#1922,#1923);
#1564=AXIS2_PLACEMENT_3D('',#2347,#1925,#1926);
#1565=AXIS2_PLACEMENT_3D('',#2349,#1928,#1929);
#1566=AXIS2_PLACEMENT_3D('',#2350,#1930,#1931);
#1567=DIRECTION('axis',(0.,0.,1.));
#1568=DIRECTION('refdir',(1.,0.,0.));
#1569=DIRECTION('axis',(0.,0.,1.));
#1570=DIRECTION('refdir',(1.,0.,0.));
#1571=DIRECTION('center_axis',(-1.,0.,2.22044604925031E-16));
#1572=DIRECTION('ref_axis',(2.22044604925031E-16,0.,1.));
#1573=DIRECTION('',(1.57009245868376E-16,-0.707106781186554,0.707106781186541));
#1574=DIRECTION('',(-8.05724279565634E-31,-1.,-3.62865956521515E-15));
#1575=DIRECTION('',(1.57009245868376E-16,-0.707106781186554,0.707106781186541));
#1576=DIRECTION('',(2.22044604925031E-16,-3.70364463877535E-15,1.));
#1577=DIRECTION('',(8.10917871320942E-31,1.,3.65204942310907E-15));
#1578=DIRECTION('',(2.22044604925031E-16,-3.77113799125376E-15,1.));
#1579=DIRECTION('',(1.57009245868376E-16,-0.707106781186554,0.707106781186541));
#1580=DIRECTION('',(-4.0545893566047E-32,-1.,-1.82602471155453E-16));
#1581=DIRECTION('center_axis',(1.,0.,-2.22044604925031E-16));
#1582=DIRECTION('ref_axis',(-2.22044604925031E-16,0.,-1.));
#1583=DIRECTION('',(-2.22044604925031E-16,-1.82602471155453E-16,-1.));
#1584=DIRECTION('',(-1.57009245868379E-16,0.707106781186539,-0.707106781186556));
#1585=DIRECTION('',(-1.67472169077143E-30,1.,-7.54227598250752E-15));
#1586=DIRECTION('',(2.22044604925031E-16,6.57368896159632E-15,1.));
#1587=DIRECTION('',(-1.5272665768278E-30,1.,-6.87819718629708E-15));
#1588=DIRECTION('',(-1.57009245868379E-16,0.707106781186539,-0.707106781186556));
#1589=DIRECTION('',(-2.22044604925031E-16,-7.2573191304303E-15,-1.));
#1590=DIRECTION('',(-1.57009245868379E-16,0.707106781186539,-0.707106781186556));
#1591=DIRECTION('',(-1.57009245868377E-16,-0.707106781186548,-0.707106781186547));
#1592=DIRECTION('',(-2.22044604925031E-16,-6.92744098813802E-15,-1.));
#1593=DIRECTION('',(-1.57009245868377E-16,-0.707106781186548,-0.707106781186546));
#1594=DIRECTION('',(1.5272665768278E-30,-1.,6.87819718629709E-15));
#1595=DIRECTION('',(2.22044604925031E-16,6.57368896159632E-15,1.));
#1596=DIRECTION('',(1.67472169077143E-30,-1.,7.54227598250752E-15));
#1597=DIRECTION('',(-1.57009245868377E-16,-0.707106781186548,-0.707106781186547));
#1598=DIRECTION('',(-2.22044604925031E-16,-1.82602471155453E-16,-1.));
#1599=DIRECTION('center_axis',(1.,0.,-2.22044604925031E-16));
#1600=DIRECTION('ref_axis',(-2.22044604925031E-16,0.,-1.));
#1601=DIRECTION('',(0.,1.,0.));
#1602=DIRECTION('',(1.57009245868376E-16,0.707106781186554,0.707106781186541));
#1603=DIRECTION('',(2.22044604925031E-16,3.77113799125376E-15,1.));
#1604=DIRECTION('',(8.10917871320942E-31,-1.,3.65204942310907E-15));
#1605=DIRECTION('',(2.22044604925031E-16,3.70364463877535E-15,1.));
#1606=DIRECTION('',(1.57009245868376E-16,0.707106781186554,0.707106781186541));
#1607=DIRECTION('',(-8.05724279565634E-31,1.,-3.62865956521515E-15));
#1608=DIRECTION('',(1.57009245868376E-16,0.707106781186554,0.707106781186541));
#1609=DIRECTION('',(-1.57009245868377E-16,0.707106781186549,-0.707106781186546));
#1610=DIRECTION('',(-7.32476617786939E-31,1.,-3.29878142292286E-15));
#1611=DIRECTION('',(-1.57009245868377E-16,0.707106781186549,-0.707106781186546));
#1612=DIRECTION('',(-2.22044604925031E-16,-3.70364463877535E-15,-1.));
#1613=DIRECTION('',(8.10917871320942E-31,-1.,3.65204942310907E-15));
#1614=DIRECTION('',(-2.22044604925031E-16,-3.77113799125376E-15,-1.));
#1615=DIRECTION('',(-1.57009245868377E-16,0.707106781186549,-0.707106781186546));
#1616=DIRECTION('',(0.,1.,0.));
#1617=DIRECTION('center_axis',(1.,0.,-2.22044604925031E-16));
#1618=DIRECTION('ref_axis',(-2.22044604925031E-16,0.,-1.));
#1619=DIRECTION('',(2.22044604925031E-16,0.,1.));
#1620=DIRECTION('',(1.57009245868378E-16,-0.707106781186544,0.707106781186551));
#1621=DIRECTION('',(0.,-1.,0.));
#1622=DIRECTION('',(-2.22044604925031E-16,0.,-1.));
#1623=DIRECTION('',(0.,-1.,0.));
#1624=DIRECTION('',(1.57009245868378E-16,-0.707106781186544,0.707106781186551));
#1625=DIRECTION('',(2.22044604925031E-16,1.64939071146143E-16,1.));
#1626=DIRECTION('',(1.57009245868378E-16,-0.707106781186544,0.707106781186551));
#1627=DIRECTION('',(1.57009245868378E-16,0.707106781186544,0.707106781186551));
#1628=DIRECTION('',(2.22044604925031E-16,-1.64939071146143E-16,1.));
#1629=DIRECTION('',(1.57009245868378E-16,0.707106781186544,0.707106781186551));
#1630=DIRECTION('',(0.,1.,0.));
#1631=DIRECTION('',(-2.22044604925031E-16,0.,-1.));
#1632=DIRECTION('',(0.,1.,0.));
#1633=DIRECTION('',(1.57009245868378E-16,0.707106781186544,0.707106781186551));
#1634=DIRECTION('',(2.22044604925031E-16,0.,1.));
#1635=DIRECTION('center_axis',(1.,0.,-2.22044604925031E-16));
#1636=DIRECTION('ref_axis',(-2.22044604925031E-16,0.,-1.));
#1637=DIRECTION('',(-4.0545893566047E-32,-1.,-1.82602471155453E-16));
#1638=DIRECTION('',(-1.57009245868377E-16,-0.707106781186549,-0.707106781186546));
#1639=DIRECTION('',(-2.22044604925031E-16,3.77113799125376E-15,-1.));
#1640=DIRECTION('',(8.10917871320942E-31,1.,3.65204942310907E-15));
#1641=DIRECTION('',(-2.22044604925031E-16,3.70364463877535E-15,-1.));
#1642=DIRECTION('',(-1.57009245868377E-16,-0.707106781186549,-0.707106781186546));
#1643=DIRECTION('',(-7.32476617786939E-31,-1.,-3.29878142292286E-15));
#1644=DIRECTION('',(-1.57009245868377E-16,-0.707106781186549,-0.707106781186546));
#1645=DIRECTION('center_axis',(-1.,0.,2.22044604925031E-16));
#1646=DIRECTION('ref_axis',(-2.22044604925031E-16,0.,-1.));
#1647=DIRECTION('center_axis',(-1.,0.,2.22044604925031E-16));
#1648=DIRECTION('ref_axis',(2.22044604925031E-16,0.,1.));
#1649=DIRECTION('',(-1.57009245868376E-16,0.707106781186554,-0.707106781186541));
#1650=DIRECTION('',(1.57009245868377E-16,0.707106781186549,0.707106781186546));
#1651=DIRECTION('',(7.32476617786939E-31,1.,3.29878142292286E-15));
#1652=DIRECTION('',(1.57009245868377E-16,0.707106781186549,0.707106781186546));
#1653=DIRECTION('',(2.22044604925031E-16,-3.70364463877535E-15,1.));
#1654=DIRECTION('',(-8.10917871320942E-31,-1.,-3.65204942310907E-15));
#1655=DIRECTION('',(2.22044604925031E-16,-3.77113799125376E-15,1.));
#1656=DIRECTION('',(1.57009245868377E-16,0.707106781186549,0.707106781186546));
#1657=DIRECTION('',(4.0545893566047E-32,1.,1.82602471155453E-16));
#1658=DIRECTION('center_axis',(-1.,0.,2.22044604925031E-16));
#1659=DIRECTION('ref_axis',(-2.22044604925031E-16,0.,-1.));
#1660=DIRECTION('',(-2.22044604925031E-16,0.,-1.));
#1661=DIRECTION('',(-1.57009245868378E-16,-0.707106781186544,-0.707106781186551));
#1662=DIRECTION('',(0.,-1.,0.));
#1663=DIRECTION('',(2.22044604925031E-16,0.,1.));
#1664=DIRECTION('',(0.,-1.,0.));
#1665=DIRECTION('',(-1.57009245868378E-16,-0.707106781186544,-0.707106781186551));
#1666=DIRECTION('',(-2.22044604925031E-16,1.64939071146143E-16,-1.));
#1667=DIRECTION('',(-1.57009245868378E-16,-0.707106781186544,-0.707106781186551));
#1668=DIRECTION('',(-1.57009245868378E-16,0.707106781186544,-0.707106781186551));
#1669=DIRECTION('',(-2.22044604925031E-16,-1.64939071146143E-16,-1.));
#1670=DIRECTION('',(-1.57009245868378E-16,0.707106781186544,-0.707106781186551));
#1671=DIRECTION('',(0.,1.,0.));
#1672=DIRECTION('',(2.22044604925031E-16,0.,1.));
#1673=DIRECTION('',(0.,1.,0.));
#1674=DIRECTION('',(-1.57009245868378E-16,0.707106781186544,-0.707106781186551));
#1675=DIRECTION('',(-2.22044604925031E-16,0.,-1.));
#1676=DIRECTION('center_axis',(-1.,0.,2.22044604925031E-16));
#1677=DIRECTION('ref_axis',(-2.22044604925031E-16,0.,-1.));
#1678=DIRECTION('',(0.,-1.,0.));
#1679=DIRECTION('',(1.57009245868377E-16,-0.707106781186549,0.707106781186546));
#1680=DIRECTION('',(2.22044604925031E-16,3.77113799125376E-15,1.));
#1681=DIRECTION('',(-8.10917871320942E-31,1.,-3.65204942310907E-15));
#1682=DIRECTION('',(2.22044604925031E-16,3.70364463877535E-15,1.));
#1683=DIRECTION('',(1.57009245868377E-16,-0.707106781186549,0.707106781186546));
#1684=DIRECTION('',(7.32476617786939E-31,-1.,3.29878142292286E-15));
#1685=DIRECTION('',(1.57009245868377E-16,-0.707106781186549,0.707106781186546));
#1686=DIRECTION('',(-1.57009245868376E-16,-0.707106781186554,-0.707106781186541));
#1687=DIRECTION('',(8.05724279565634E-31,-1.,3.62865956521515E-15));
#1688=DIRECTION('',(-1.57009245868376E-16,-0.707106781186554,-0.707106781186541));
#1689=DIRECTION('',(-2.22044604925031E-16,-3.70364463877535E-15,-1.));
#1690=DIRECTION('',(-8.10917871320942E-31,1.,-3.65204942310907E-15));
#1691=DIRECTION('',(-2.22044604925031E-16,-3.77113799125376E-15,-1.));
#1692=DIRECTION('',(-1.57009245868376E-16,-0.707106781186554,-0.707106781186541));
#1693=DIRECTION('',(0.,-1.,0.));
#1694=DIRECTION('center_axis',(-1.,0.,2.22044604925031E-16));
#1695=DIRECTION('ref_axis',(-2.22044604925031E-16,0.,-1.));
#1696=DIRECTION('',(2.22044604925031E-16,1.82602471155453E-16,1.));
#1697=DIRECTION('',(1.57009245868377E-16,0.707106781186548,0.707106781186547));
#1698=DIRECTION('',(-1.67472169077143E-30,1.,-7.54227598250752E-15));
#1699=DIRECTION('',(-2.22044604925031E-16,-6.57368896159632E-15,-1.));
#1700=DIRECTION('',(-1.5272665768278E-30,1.,-6.87819718629709E-15));
#1701=DIRECTION('',(1.57009245868377E-16,0.707106781186548,0.707106781186547));
#1702=DIRECTION('',(2.22044604925031E-16,6.92744098813802E-15,1.));
#1703=DIRECTION('',(1.57009245868377E-16,0.707106781186548,0.707106781186547));
#1704=DIRECTION('',(1.57009245868379E-16,-0.707106781186539,0.707106781186556));
#1705=DIRECTION('',(2.22044604925031E-16,7.2573191304303E-15,1.));
#1706=DIRECTION('',(1.57009245868379E-16,-0.707106781186539,0.707106781186556));
#1707=DIRECTION('',(1.5272665768278E-30,-1.,6.87819718629708E-15));
#1708=DIRECTION('',(-2.22044604925031E-16,-6.57368896159632E-15,-1.));
#1709=DIRECTION('',(1.67472169077143E-30,-1.,7.54227598250752E-15));
#1710=DIRECTION('',(1.57009245868379E-16,-0.707106781186539,0.707106781186556));
#1711=DIRECTION('',(2.22044604925031E-16,1.82602471155453E-16,1.));
#1712=DIRECTION('center_axis',(-1.,0.,2.22044604925031E-16));
#1713=DIRECTION('ref_axis',(-2.22044604925031E-16,0.,-1.));
#1714=DIRECTION('',(4.0545893566047E-32,1.,1.82602471155453E-16));
#1715=DIRECTION('',(-1.57009245868376E-16,0.707106781186554,-0.707106781186541));
#1716=DIRECTION('',(-2.22044604925031E-16,3.77113799125376E-15,-1.));
#1717=DIRECTION('',(-8.10917871320942E-31,-1.,-3.65204942310907E-15));
#1718=DIRECTION('',(-2.22044604925031E-16,3.70364463877535E-15,-1.));
#1719=DIRECTION('',(-1.57009245868376E-16,0.707106781186554,-0.707106781186541));
#1720=DIRECTION('',(8.05724279565634E-31,1.,3.62865956521515E-15));
#1721=DIRECTION('center_axis',(1.,0.,-2.22044604925031E-16));
#1722=DIRECTION('ref_axis',(-2.22044604925031E-16,0.,-1.));
#1723=DIRECTION('center_axis',(1.57009245868379E-16,-0.707106781186541,
0.707106781186554));
#1724=DIRECTION('ref_axis',(1.57009245868376E-16,0.707106781186554,0.707106781186541));
#1725=DIRECTION('',(1.,0.,0.));
#1726=DIRECTION('',(1.,0.,-2.22044604925031E-16));
#1727=DIRECTION('center_axis',(2.22044604925031E-16,3.62865956521515E-15,
1.));
#1728=DIRECTION('ref_axis',(-8.05724279565634E-31,1.,-3.62865956521515E-15));
#1729=DIRECTION('',(1.,0.,0.));
#1730=DIRECTION('center_axis',(1.57009245868379E-16,-0.707106781186541,
0.707106781186554));
#1731=DIRECTION('ref_axis',(1.57009245868376E-16,0.707106781186554,0.707106781186541));
#1732=DIRECTION('',(1.,0.,0.));
#1733=DIRECTION('center_axis',(8.22374310599583E-31,-1.,3.70364463877535E-15));
#1734=DIRECTION('ref_axis',(2.22044604925031E-16,3.70364463877535E-15,1.));
#1735=DIRECTION('',(1.,0.,0.));
#1736=DIRECTION('center_axis',(-2.22044604925031E-16,-3.65204942310907E-15,
-1.));
#1737=DIRECTION('ref_axis',(8.10917871320942E-31,-1.,3.65204942310907E-15));
#1738=DIRECTION('',(1.,0.,0.));
#1739=DIRECTION('center_axis',(8.37360845385717E-31,-1.,3.77113799125376E-15));
#1740=DIRECTION('ref_axis',(2.22044604925031E-16,3.77113799125376E-15,1.));
#1741=DIRECTION('',(1.,0.,0.));
#1742=DIRECTION('center_axis',(1.57009245868379E-16,-0.707106781186541,
0.707106781186554));
#1743=DIRECTION('ref_axis',(1.57009245868376E-16,0.707106781186554,0.707106781186541));
#1744=DIRECTION('',(1.,0.,0.));
#1745=DIRECTION('center_axis',(-2.22044604925031E-16,0.,-1.));
#1746=DIRECTION('ref_axis',(-1.,0.,2.22044604925031E-16));
#1747=DIRECTION('',(1.,0.,0.));
#1748=DIRECTION('center_axis',(1.,0.,-2.22044604925031E-16));
#1749=DIRECTION('ref_axis',(-2.22044604925031E-16,0.,-1.));
#1750=DIRECTION('',(1.,0.,0.));
#1751=DIRECTION('center_axis',(4.0545893566047E-32,-1.,1.82602471155453E-16));
#1752=DIRECTION('ref_axis',(2.22044604925031E-16,1.82602471155453E-16,1.));
#1753=DIRECTION('',(1.,0.,0.));
#1754=DIRECTION('center_axis',(1.57009245868378E-16,-0.707106781186547,
0.707106781186548));
#1755=DIRECTION('ref_axis',(1.57009245868377E-16,0.707106781186548,0.707106781186547));
#1756=DIRECTION('',(1.,0.,0.));
#1757=DIRECTION('center_axis',(2.22044604925031E-16,7.54227598250752E-15,
1.));
#1758=DIRECTION('ref_axis',(-1.67472169077143E-30,1.,-7.54227598250752E-15));
#1759=DIRECTION('',(1.,0.,0.));
#1760=DIRECTION('center_axis',(-1.45965216837769E-30,1.,-6.57368896159632E-15));
#1761=DIRECTION('ref_axis',(-2.22044604925031E-16,-6.57368896159632E-15,
-1.));
#1762=DIRECTION('',(1.,0.,0.));
#1763=DIRECTION('center_axis',(2.22044604925031E-16,6.87819718629709E-15,
1.));
#1764=DIRECTION('ref_axis',(-1.5272665768278E-30,1.,-6.87819718629709E-15));
#1765=DIRECTION('',(1.,0.,0.));
#1766=DIRECTION('center_axis',(1.57009245868378E-16,-0.707106781186547,
0.707106781186549));
#1767=DIRECTION('ref_axis',(1.57009245868377E-16,0.707106781186549,0.707106781186547));
#1768=DIRECTION('',(1.,0.,0.));
#1769=DIRECTION('center_axis',(1.53820089735258E-30,-1.,6.92744098813802E-15));
#1770=DIRECTION('ref_axis',(2.22044604925031E-16,6.92744098813802E-15,1.));
#1771=DIRECTION('',(1.,0.,0.));
#1772=DIRECTION('center_axis',(1.57009245868378E-16,-0.707106781186547,
0.707106781186548));
#1773=DIRECTION('ref_axis',(1.57009245868377E-16,0.707106781186548,0.707106781186547));
#1774=DIRECTION('',(1.,0.,0.));
#1775=DIRECTION('center_axis',(1.57009245868376E-16,0.707106781186556,0.707106781186539));
#1776=DIRECTION('ref_axis',(-1.57009245868379E-16,0.707106781186539,-0.707106781186556));
#1777=DIRECTION('',(1.,0.,0.));
#1778=DIRECTION('center_axis',(-1.61144855913127E-30,1.,-7.2573191304303E-15));
#1779=DIRECTION('ref_axis',(-2.22044604925031E-16,-7.2573191304303E-15,
-1.));
#1780=DIRECTION('',(1.,0.,0.));
#1781=DIRECTION('center_axis',(1.57009245868376E-16,0.707106781186556,0.707106781186539));
#1782=DIRECTION('ref_axis',(-1.57009245868379E-16,0.707106781186539,-0.707106781186556));
#1783=DIRECTION('',(1.,0.,0.));
#1784=DIRECTION('center_axis',(2.22044604925031E-16,6.87819718629708E-15,
1.));
#1785=DIRECTION('ref_axis',(-1.5272665768278E-30,1.,-6.87819718629708E-15));
#1786=DIRECTION('',(1.,0.,0.));
#1787=DIRECTION('center_axis',(1.45965216837769E-30,-1.,6.57368896159632E-15));
#1788=DIRECTION('ref_axis',(2.22044604925031E-16,6.57368896159632E-15,1.));
#1789=DIRECTION('',(1.,0.,0.));
#1790=DIRECTION('center_axis',(2.22044604925031E-16,7.54227598250752E-15,
1.));
#1791=DIRECTION('ref_axis',(-1.67472169077143E-30,1.,-7.54227598250752E-15));
#1792=DIRECTION('',(1.,0.,0.));
#1793=DIRECTION('center_axis',(1.57009245868376E-16,0.707106781186556,0.707106781186539));
#1794=DIRECTION('ref_axis',(-1.57009245868379E-16,0.707106781186539,-0.707106781186556));
#1795=DIRECTION('',(1.,0.,0.));
#1796=DIRECTION('center_axis',(4.0545893566047E-32,-1.,1.82602471155453E-16));
#1797=DIRECTION('ref_axis',(2.22044604925031E-16,1.82602471155453E-16,1.));
#1798=DIRECTION('',(1.,0.,0.));
#1799=DIRECTION('center_axis',(1.,0.,-2.22044604925031E-16));
#1800=DIRECTION('ref_axis',(-2.22044604925031E-16,0.,-1.));
#1801=DIRECTION('',(1.,0.,0.));
#1802=DIRECTION('center_axis',(-2.22044604925031E-16,1.82602471155453E-16,
-1.));
#1803=DIRECTION('ref_axis',(-4.0545893566047E-32,-1.,-1.82602471155453E-16));
#1804=DIRECTION('',(1.,0.,0.));
#1805=DIRECTION('center_axis',(1.57009245868379E-16,0.707106781186541,0.707106781186554));
#1806=DIRECTION('ref_axis',(-1.57009245868376E-16,0.707106781186554,-0.707106781186541));
#1807=DIRECTION('',(1.,0.,0.));
#1808=DIRECTION('center_axis',(8.37360845385717E-31,1.,3.77113799125376E-15));
#1809=DIRECTION('ref_axis',(-2.22044604925031E-16,3.77113799125376E-15,
-1.));
#1810=DIRECTION('',(1.,0.,0.));
#1811=DIRECTION('center_axis',(-2.22044604925031E-16,3.65204942310907E-15,
-1.));
#1812=DIRECTION('ref_axis',(-8.10917871320942E-31,-1.,-3.65204942310907E-15));
#1813=DIRECTION('',(1.,0.,0.));
#1814=DIRECTION('center_axis',(8.22374310599583E-31,1.,3.70364463877535E-15));
#1815=DIRECTION('ref_axis',(-2.22044604925031E-16,3.70364463877535E-15,
-1.));
#1816=DIRECTION('',(1.,0.,0.));
#1817=DIRECTION('center_axis',(1.57009245868379E-16,0.707106781186541,0.707106781186554));
#1818=DIRECTION('ref_axis',(-1.57009245868376E-16,0.707106781186554,-0.707106781186541));
#1819=DIRECTION('',(1.,0.,0.));
#1820=DIRECTION('center_axis',(2.22044604925031E-16,-3.62865956521515E-15,
1.));
#1821=DIRECTION('ref_axis',(8.05724279565634E-31,1.,3.62865956521515E-15));
#1822=DIRECTION('',(1.,0.,0.));
#1823=DIRECTION('center_axis',(1.57009245868379E-16,0.707106781186541,0.707106781186554));
#1824=DIRECTION('ref_axis',(-1.57009245868376E-16,0.707106781186554,-0.707106781186541));
#1825=DIRECTION('',(1.,0.,0.));
#1826=DIRECTION('center_axis',(1.,0.,-2.22044604925031E-16));
#1827=DIRECTION('ref_axis',(-2.22044604925031E-16,0.,-1.));
#1828=DIRECTION('',(1.,0.,-2.22044604925031E-16));
#1829=DIRECTION('center_axis',(-1.57009245868378E-16,0.707106781186546,
-0.707106781186549));
#1830=DIRECTION('ref_axis',(-1.57009245868377E-16,-0.707106781186549,-0.707106781186546));
#1831=DIRECTION('',(1.,0.,-2.22044604925031E-16));
#1832=DIRECTION('center_axis',(-2.22044604925031E-16,3.29878142292286E-15,
-1.));
#1833=DIRECTION('ref_axis',(-7.32476617786939E-31,-1.,-3.29878142292286E-15));
#1834=DIRECTION('',(1.,0.,-2.22044604925031E-16));
#1835=DIRECTION('center_axis',(-1.57009245868378E-16,0.707106781186546,
-0.707106781186549));
#1836=DIRECTION('ref_axis',(-1.57009245868377E-16,-0.707106781186549,-0.707106781186546));
#1837=DIRECTION('',(1.,0.,-2.22044604925031E-16));
#1838=DIRECTION('center_axis',(8.22374310599583E-31,1.,3.70364463877535E-15));
#1839=DIRECTION('ref_axis',(-2.22044604925031E-16,3.70364463877535E-15,
-1.));
#1840=DIRECTION('',(1.,0.,-2.22044604925031E-16));
#1841=DIRECTION('center_axis',(2.22044604925031E-16,-3.65204942310907E-15,
1.));
#1842=DIRECTION('ref_axis',(8.10917871320942E-31,1.,3.65204942310907E-15));
#1843=DIRECTION('',(1.,0.,-2.22044604925031E-16));
#1844=DIRECTION('center_axis',(8.37360845385717E-31,1.,3.77113799125376E-15));
#1845=DIRECTION('ref_axis',(-2.22044604925031E-16,3.77113799125376E-15,
-1.));
#1846=DIRECTION('',(1.,0.,-2.22044604925031E-16));
#1847=DIRECTION('center_axis',(-1.57009245868378E-16,0.707106781186546,
-0.707106781186549));
#1848=DIRECTION('ref_axis',(-1.57009245868377E-16,-0.707106781186549,-0.707106781186546));
#1849=DIRECTION('',(1.,0.,-2.22044604925031E-16));
#1850=DIRECTION('center_axis',(-2.22044604925031E-16,1.82602471155453E-16,
-1.));
#1851=DIRECTION('ref_axis',(-4.0545893566047E-32,-1.,-1.82602471155453E-16));
#1852=DIRECTION('',(1.,0.,-2.22044604925031E-16));
#1853=DIRECTION('center_axis',(1.,0.,-2.22044604925031E-16));
#1854=DIRECTION('ref_axis',(-2.22044604925031E-16,0.,-1.));
#1855=DIRECTION('',(1.,0.,-2.22044604925031E-16));
#1856=DIRECTION('center_axis',(0.,-1.,0.));
#1857=DIRECTION('ref_axis',(1.,0.,-2.22044604925031E-16));
#1858=DIRECTION('',(1.,0.,-2.22044604925031E-16));
#1859=DIRECTION('center_axis',(-1.57009245868377E-16,0.707106781186551,
-0.707106781186544));
#1860=DIRECTION('ref_axis',(-1.57009245868378E-16,-0.707106781186544,-0.707106781186551));
#1861=DIRECTION('',(1.,0.,-2.22044604925031E-16));
#1862=DIRECTION('center_axis',(-2.22044604925031E-16,0.,-1.));
#1863=DIRECTION('ref_axis',(-1.,0.,2.22044604925031E-16));
#1864=DIRECTION('',(1.,0.,-2.22044604925031E-16));
#1865=DIRECTION('center_axis',(0.,-1.,0.));
#1866=DIRECTION('ref_axis',(1.,0.,-2.22044604925031E-16));
#1867=DIRECTION('',(1.,0.,-2.22044604925031E-16));
#1868=DIRECTION('center_axis',(-2.22044604925031E-16,0.,-1.));
#1869=DIRECTION('ref_axis',(-1.,0.,2.22044604925031E-16));
#1870=DIRECTION('',(1.,0.,-2.22044604925031E-16));
#1871=DIRECTION('center_axis',(-1.57009245868377E-16,0.707106781186551,
-0.707106781186544));
#1872=DIRECTION('ref_axis',(-1.57009245868378E-16,-0.707106781186544,-0.707106781186551));
#1873=DIRECTION('',(1.,0.,-2.22044604925031E-16));
#1874=DIRECTION('center_axis',(3.6623830889347E-32,1.,1.64939071146143E-16));
#1875=DIRECTION('ref_axis',(-2.22044604925031E-16,1.64939071146143E-16,
-1.));
#1876=DIRECTION('',(1.,0.,-2.22044604925031E-16));
#1877=DIRECTION('center_axis',(-1.57009245868377E-16,0.707106781186551,
-0.707106781186544));
#1878=DIRECTION('ref_axis',(-1.57009245868378E-16,-0.707106781186544,-0.707106781186551));
#1879=DIRECTION('',(1.,0.,-2.22044604925031E-16));
#1880=DIRECTION('center_axis',(-1.57009245868377E-16,-0.707106781186551,
-0.707106781186544));
#1881=DIRECTION('ref_axis',(1.57009245868378E-16,-0.707106781186544,0.707106781186551));
#1882=DIRECTION('',(1.,0.,-2.22044604925031E-16));
#1883=DIRECTION('center_axis',(3.6623830889347E-32,-1.,1.64939071146143E-16));
#1884=DIRECTION('ref_axis',(2.22044604925031E-16,1.64939071146143E-16,1.));
#1885=DIRECTION('',(1.,0.,-2.22044604925031E-16));
#1886=DIRECTION('center_axis',(-1.57009245868377E-16,-0.707106781186551,
-0.707106781186544));
#1887=DIRECTION('ref_axis',(1.57009245868378E-16,-0.707106781186544,0.707106781186551));
#1888=DIRECTION('',(1.,0.,-2.22044604925031E-16));
#1889=DIRECTION('center_axis',(-2.22044604925031E-16,0.,-1.));
#1890=DIRECTION('ref_axis',(-1.,0.,2.22044604925031E-16));
#1891=DIRECTION('',(1.,0.,-2.22044604925031E-16));
#1892=DIRECTION('center_axis',(0.,1.,0.));
#1893=DIRECTION('ref_axis',(-1.,0.,2.22044604925031E-16));
#1894=DIRECTION('',(1.,0.,-2.22044604925031E-16));
#1895=DIRECTION('center_axis',(-2.22044604925031E-16,0.,-1.));
#1896=DIRECTION('ref_axis',(-1.,0.,2.22044604925031E-16));
#1897=DIRECTION('',(1.,0.,-2.22044604925031E-16));
#1898=DIRECTION('center_axis',(-1.57009245868377E-16,-0.707106781186551,
-0.707106781186544));
#1899=DIRECTION('ref_axis',(1.57009245868378E-16,-0.707106781186544,0.707106781186551));
#1900=DIRECTION('',(1.,0.,-2.22044604925031E-16));
#1901=DIRECTION('center_axis',(0.,-1.,0.));
#1902=DIRECTION('ref_axis',(1.,0.,-2.22044604925031E-16));
#1903=DIRECTION('',(1.,0.,-2.22044604925031E-16));
#1904=DIRECTION('center_axis',(1.,0.,-2.22044604925031E-16));
#1905=DIRECTION('ref_axis',(-2.22044604925031E-16,0.,-1.));
#1906=DIRECTION('',(1.,0.,-2.22044604925031E-16));
#1907=DIRECTION('center_axis',(-2.22044604925031E-16,0.,-1.));
#1908=DIRECTION('ref_axis',(-1.,0.,2.22044604925031E-16));
#1909=DIRECTION('',(1.,0.,-2.22044604925031E-16));
#1910=DIRECTION('center_axis',(-1.57009245868378E-16,-0.707106781186546,
-0.707106781186549));
#1911=DIRECTION('ref_axis',(1.57009245868377E-16,-0.707106781186549,0.707106781186546));
#1912=DIRECTION('',(1.,0.,-2.22044604925031E-16));
#1913=DIRECTION('center_axis',(8.37360845385717E-31,-1.,3.77113799125376E-15));
#1914=DIRECTION('ref_axis',(2.22044604925031E-16,3.77113799125376E-15,1.));
#1915=DIRECTION('',(1.,0.,-2.22044604925031E-16));
#1916=DIRECTION('center_axis',(2.22044604925031E-16,3.65204942310907E-15,
1.));
#1917=DIRECTION('ref_axis',(-8.10917871320942E-31,1.,-3.65204942310907E-15));
#1918=DIRECTION('',(1.,0.,-2.22044604925031E-16));
#1919=DIRECTION('center_axis',(8.22374310599583E-31,-1.,3.70364463877535E-15));
#1920=DIRECTION('ref_axis',(2.22044604925031E-16,3.70364463877535E-15,1.));
#1921=DIRECTION('',(1.,0.,-2.22044604925031E-16));
#1922=DIRECTION('center_axis',(-1.57009245868378E-16,-0.707106781186546,
-0.707106781186549));
#1923=DIRECTION('ref_axis',(1.57009245868377E-16,-0.707106781186549,0.707106781186546));
#1924=DIRECTION('',(1.,0.,-2.22044604925031E-16));
#1925=DIRECTION('center_axis',(-2.22044604925031E-16,-3.29878142292286E-15,
-1.));
#1926=DIRECTION('ref_axis',(7.32476617786939E-31,-1.,3.29878142292286E-15));
#1927=DIRECTION('',(1.,0.,-2.22044604925031E-16));
#1928=DIRECTION('center_axis',(-1.57009245868378E-16,-0.707106781186546,
-0.707106781186549));
#1929=DIRECTION('ref_axis',(1.57009245868377E-16,-0.707106781186549,0.707106781186546));
#1930=DIRECTION('',(0.,0.,1.));
#1931=DIRECTION('',(1.,0.,0.));
#1932=CARTESIAN_POINT('',(0.,0.,0.));
#1933=CARTESIAN_POINT('',(0.,0.,0.));
#1934=CARTESIAN_POINT('Origin',(260.,0.,260.));
#1935=CARTESIAN_POINT('',(260.,-1.30104260698261E-14,263.69));
#1936=CARTESIAN_POINT('',(260.,-0.210000000000016,263.9));
#1937=CARTESIAN_POINT('',(260.,1.84499999999998,261.845));
#1938=CARTESIAN_POINT('',(260.,-2.83933982822023,263.9));
#1939=CARTESIAN_POINT('',(260.,-1.4151772304339E-14,263.9));
#1940=CARTESIAN_POINT('',(260.,-5.50000000000002,266.56066017178));
#1941=CARTESIAN_POINT('',(260.,0.53033008588992,260.53033008589));
#1942=CARTESIAN_POINT('',(260.,-5.50000000000003,268.2));
#1943=CARTESIAN_POINT('',(260.,-5.5,260.));
#1944=CARTESIAN_POINT('',(260.,-3.12500000000003,268.2));
#1945=CARTESIAN_POINT('',(260.,-2.99468052694944E-14,268.2));
#1946=CARTESIAN_POINT('',(260.,-3.12500000000003,268.545));
#1947=CARTESIAN_POINT('',(260.,-3.125,260.));
#1948=CARTESIAN_POINT('',(260.,-4.58000000000004,270.));
#1949=CARTESIAN_POINT('',(260.,2.71000000000002,262.71));
#1950=CARTESIAN_POINT('',(260.,-9.49999999999999,270.));
#1951=CARTESIAN_POINT('',(260.,-1.82602471155452E-15,270.));
#1952=CARTESIAN_POINT('',(260.,-10.,269.5));
#1953=CARTESIAN_POINT('Origin',(260.,-9.5,269.5));
#1954=CARTESIAN_POINT('',(260.,-10.,264.58));
#1955=CARTESIAN_POINT('',(260.,-10.,260.));
#1956=CARTESIAN_POINT('',(260.,-8.54499999999999,263.125));
#1957=CARTESIAN_POINT('',(260.,-2.71000000000009,257.29));
#1958=CARTESIAN_POINT('',(260.,-8.19999999999998,263.125));
#1959=CARTESIAN_POINT('',(260.,2.35696124453357E-14,263.125));
#1960=CARTESIAN_POINT('',(260.,-8.19999999999996,265.5));
#1961=CARTESIAN_POINT('',(260.,-8.2,260.));
#1962=CARTESIAN_POINT('',(260.,-6.56066017177972,265.5));
#1963=CARTESIAN_POINT('',(260.,3.78300845246339E-14,265.5));
#1964=CARTESIAN_POINT('',(260.,-3.89999999999998,262.83933982822));
#1965=CARTESIAN_POINT('',(260.,-0.530330085889915,259.46966991411));
#1966=CARTESIAN_POINT('',(260.,-3.9,260.21));
#1967=CARTESIAN_POINT('',(260.,-3.9,260.));
#1968=CARTESIAN_POINT('',(260.,-3.69,260.));
#1969=CARTESIAN_POINT('',(260.,-1.84500000000005,258.155));
#1970=CARTESIAN_POINT('',(260.,-3.9,259.79));
#1971=CARTESIAN_POINT('',(260.,-1.84499999999999,261.845));
#1972=CARTESIAN_POINT('',(260.,-3.90000000000002,257.16066017178));
#1973=CARTESIAN_POINT('',(260.,-3.9,260.));
#1974=CARTESIAN_POINT('',(260.,-6.56066017177979,254.5));
#1975=CARTESIAN_POINT('',(260.,-0.530330085889907,260.53033008589));
#1976=CARTESIAN_POINT('',(260.,-8.20000000000004,254.5));
#1977=CARTESIAN_POINT('',(260.,-3.78300845246339E-14,254.5));
#1978=CARTESIAN_POINT('',(260.,-8.20000000000002,256.875));
#1979=CARTESIAN_POINT('',(260.,-8.2,260.));
#1980=CARTESIAN_POINT('',(260.,-8.54500000000004,256.875));
#1981=CARTESIAN_POINT('',(260.,-2.35696124453363E-14,256.875));
#1982=CARTESIAN_POINT('',(260.,-10.,255.42));
#1983=CARTESIAN_POINT('',(260.,-2.71000000000003,262.71));
#1984=CARTESIAN_POINT('',(260.,-10.,250.5));
#1985=CARTESIAN_POINT('',(260.,-10.,260.));
#1986=CARTESIAN_POINT('',(260.,-9.5,250.));
#1987=CARTESIAN_POINT('Origin',(260.,-9.5,250.5));
#1988=CARTESIAN_POINT('',(260.,-4.58000000000005,250.));
#1989=CARTESIAN_POINT('',(260.,0.,250.));
#1990=CARTESIAN_POINT('',(260.,-3.12500000000003,251.455));
#1991=CARTESIAN_POINT('',(260.,2.71,257.29));
#1992=CARTESIAN_POINT('',(260.,-3.12500000000003,251.8));
#1993=CARTESIAN_POINT('',(260.,-3.125,260.));
#1994=CARTESIAN_POINT('',(260.,-5.50000000000003,251.8));
#1995=CARTESIAN_POINT('',(260.,-2.99468052694944E-14,251.8));
#1996=CARTESIAN_POINT('',(260.,-5.50000000000002,253.43933982822));
#1997=CARTESIAN_POINT('',(260.,-5.5,260.));
#1998=CARTESIAN_POINT('',(260.,-2.83933982822023,256.1));
#1999=CARTESIAN_POINT('',(260.,0.530330085889902,259.46966991411));
#2000=CARTESIAN_POINT('',(260.,-0.210000000000015,256.1));
#2001=CARTESIAN_POINT('',(260.,-1.41517723043392E-14,256.1));
#2002=CARTESIAN_POINT('',(260.,-1.30104260698261E-14,256.31));
#2003=CARTESIAN_POINT('',(260.,1.84499999999998,258.155));
#2004=CARTESIAN_POINT('',(260.,0.209999999999989,256.1));
#2005=CARTESIAN_POINT('',(260.,-1.84500000000002,258.155));
#2006=CARTESIAN_POINT('',(260.,2.8393398282202,256.1));
#2007=CARTESIAN_POINT('',(260.,-1.28652475493993E-14,256.1));
#2008=CARTESIAN_POINT('',(260.,5.49999999999998,253.43933982822));
#2009=CARTESIAN_POINT('',(260.,-0.530330085889907,259.46966991411));
#2010=CARTESIAN_POINT('',(260.,5.49999999999997,251.8));
#2011=CARTESIAN_POINT('',(260.,5.5,260.));
#2012=CARTESIAN_POINT('',(260.,3.12499999999997,251.8));
#2013=CARTESIAN_POINT('',(260.,-2.99468052694944E-14,251.8));
#2014=CARTESIAN_POINT('',(260.,3.12499999999997,251.455));
#2015=CARTESIAN_POINT('',(260.,3.125,260.));
#2016=CARTESIAN_POINT('',(260.,4.57999999999997,250.));
#2017=CARTESIAN_POINT('',(260.,-2.71000000000002,257.29));
#2018=CARTESIAN_POINT('',(260.,9.49999999999999,250.));
#2019=CARTESIAN_POINT('',(260.,0.,250.));
#2020=CARTESIAN_POINT('',(260.,10.,250.5));
#2021=CARTESIAN_POINT('Origin',(260.,9.5,250.5));
#2022=CARTESIAN_POINT('',(260.,10.,255.42));
#2023=CARTESIAN_POINT('',(260.,10.,260.));
#2024=CARTESIAN_POINT('',(260.,8.54500000000002,256.875));
#2025=CARTESIAN_POINT('',(260.,2.71000000000005,262.71));
#2026=CARTESIAN_POINT('',(260.,8.2,256.875));
#2027=CARTESIAN_POINT('',(260.,0.,256.875));
#2028=CARTESIAN_POINT('',(260.,8.2,254.5));
#2029=CARTESIAN_POINT('',(260.,8.2,260.));
#2030=CARTESIAN_POINT('',(260.,6.56066017177975,254.5));
#2031=CARTESIAN_POINT('',(260.,0.,254.5));
#2032=CARTESIAN_POINT('',(260.,3.9,257.16066017178));
#2033=CARTESIAN_POINT('',(260.,0.530330085889911,260.53033008589));
#2034=CARTESIAN_POINT('',(260.,3.9,259.79));
#2035=CARTESIAN_POINT('',(260.,3.9,260.));
#2036=CARTESIAN_POINT('',(260.,3.69,260.));
#2037=CARTESIAN_POINT('',(260.,1.845,261.845));
#2038=CARTESIAN_POINT('',(260.,3.9,260.21));
#2039=CARTESIAN_POINT('',(260.,1.84500000000004,258.155));
#2040=CARTESIAN_POINT('',(260.,3.9,262.83933982822));
#2041=CARTESIAN_POINT('',(260.,3.9,260.));
#2042=CARTESIAN_POINT('',(260.,6.56066017177976,265.5));
#2043=CARTESIAN_POINT('',(260.,0.530330085889911,259.46966991411));
#2044=CARTESIAN_POINT('',(260.,8.2,265.5));
#2045=CARTESIAN_POINT('',(260.,0.,265.5));
#2046=CARTESIAN_POINT('',(260.,8.2,263.125));
#2047=CARTESIAN_POINT('',(260.,8.2,260.));
#2048=CARTESIAN_POINT('',(260.,8.54500000000002,263.125));
#2049=CARTESIAN_POINT('',(260.,0.,263.125));
#2050=CARTESIAN_POINT('',(260.,10.,264.58));
#2051=CARTESIAN_POINT('',(260.,2.71000000000005,257.29));
#2052=CARTESIAN_POINT('',(260.,10.,269.5));
#2053=CARTESIAN_POINT('',(260.,10.,260.));
#2054=CARTESIAN_POINT('',(260.,9.49999999999999,270.));
#2055=CARTESIAN_POINT('Origin',(260.,9.5,269.5));
#2056=CARTESIAN_POINT('',(260.,4.57999999999995,270.));
#2057=CARTESIAN_POINT('',(260.,-1.82602471155452E-15,270.));
#2058=CARTESIAN_POINT('',(260.,3.12499999999997,268.545));
#2059=CARTESIAN_POINT('',(260.,-2.71000000000002,262.71));
#2060=CARTESIAN_POINT('',(260.,3.12499999999997,268.2));
#2061=CARTESIAN_POINT('',(260.,3.125,260.));
#2062=CARTESIAN_POINT('',(260.,5.49999999999997,268.2));
#2063=CARTESIAN_POINT('',(260.,-2.99468052694944E-14,268.2));
#2064=CARTESIAN_POINT('',(260.,5.49999999999998,266.56066017178));
#2065=CARTESIAN_POINT('',(260.,5.5,260.));
#2066=CARTESIAN_POINT('',(260.,2.8393398282202,263.9));
#2067=CARTESIAN_POINT('',(260.,-0.530330085889906,260.53033008589));
#2068=CARTESIAN_POINT('',(260.,0.209999999999988,263.9));
#2069=CARTESIAN_POINT('',(260.,-1.28652475493991E-14,263.9));
#2070=CARTESIAN_POINT('',(260.,-1.84499999999999,261.845));
#2071=CARTESIAN_POINT('',(260.,-2.42861286636753E-16,262.1));
#2072=CARTESIAN_POINT('Origin',(260.,0.,260.));
#2073=CARTESIAN_POINT('Origin',(-240.,0.,260.));
#2074=CARTESIAN_POINT('',(-240.,-0.210000000000016,263.9));
#2075=CARTESIAN_POINT('',(-240.,-1.30104260698261E-14,263.69));
#2076=CARTESIAN_POINT('',(-240.,1.84499999999999,261.845));
#2077=CARTESIAN_POINT('',(-240.,0.209999999999988,263.9));
#2078=CARTESIAN_POINT('',(-240.,-1.84500000000001,261.845));
#2079=CARTESIAN_POINT('',(-240.,2.8393398282202,263.9));
#2080=CARTESIAN_POINT('',(-240.,-1.28652475493992E-14,263.9));
#2081=CARTESIAN_POINT('',(-240.,5.49999999999998,266.56066017178));
#2082=CARTESIAN_POINT('',(-240.,-0.530330085889909,260.53033008589));
#2083=CARTESIAN_POINT('',(-240.,5.49999999999997,268.2));
#2084=CARTESIAN_POINT('',(-240.,5.5,260.));
#2085=CARTESIAN_POINT('',(-240.,3.12499999999997,268.2));
#2086=CARTESIAN_POINT('',(-240.,-2.99468052694944E-14,268.2));
#2087=CARTESIAN_POINT('',(-240.,3.12499999999997,268.545));
#2088=CARTESIAN_POINT('',(-240.,3.125,260.));
#2089=CARTESIAN_POINT('',(-240.,4.57999999999995,270.));
#2090=CARTESIAN_POINT('',(-240.,-2.71000000000003,262.71));
#2091=CARTESIAN_POINT('',(-240.,9.49999999999999,270.));
#2092=CARTESIAN_POINT('',(-240.,-1.82602471155453E-15,270.));
#2093=CARTESIAN_POINT('',(-240.,10.,269.5));
#2094=CARTESIAN_POINT('Origin',(-240.,9.5,269.5));
#2095=CARTESIAN_POINT('',(-240.,10.,264.58));
#2096=CARTESIAN_POINT('',(-240.,10.,260.));
#2097=CARTESIAN_POINT('',(-240.,8.54500000000002,263.125));
#2098=CARTESIAN_POINT('',(-240.,2.71000000000005,257.29));
#2099=CARTESIAN_POINT('',(-240.,8.2,263.125));
#2100=CARTESIAN_POINT('',(-240.,0.,263.125));
#2101=CARTESIAN_POINT('',(-240.,8.2,265.5));
#2102=CARTESIAN_POINT('',(-240.,8.2,260.));
#2103=CARTESIAN_POINT('',(-240.,6.56066017177976,265.5));
#2104=CARTESIAN_POINT('',(-240.,0.,265.5));
#2105=CARTESIAN_POINT('',(-240.,3.9,262.83933982822));
#2106=CARTESIAN_POINT('',(-240.,0.530330085889913,259.46966991411));
#2107=CARTESIAN_POINT('',(-240.,3.9,260.21));
#2108=CARTESIAN_POINT('',(-240.,3.9,260.));
#2109=CARTESIAN_POINT('',(-240.,3.69,260.));
#2110=CARTESIAN_POINT('',(-240.,1.84500000000002,258.155));
#2111=CARTESIAN_POINT('',(-240.,3.9,259.79));
#2112=CARTESIAN_POINT('',(-240.,1.84500000000002,261.845));
#2113=CARTESIAN_POINT('',(-240.,3.9,257.16066017178));
#2114=CARTESIAN_POINT('',(-240.,3.9,260.));
#2115=CARTESIAN_POINT('',(-240.,6.56066017177975,254.5));
#2116=CARTESIAN_POINT('',(-240.,0.530330085889913,260.53033008589));
#2117=CARTESIAN_POINT('',(-240.,8.2,254.5));
#2118=CARTESIAN_POINT('',(-240.,0.,254.5));
#2119=CARTESIAN_POINT('',(-240.,8.2,256.875));
#2120=CARTESIAN_POINT('',(-240.,8.2,260.));
#2121=CARTESIAN_POINT('',(-240.,8.54500000000002,256.875));
#2122=CARTESIAN_POINT('',(-240.,0.,256.875));
#2123=CARTESIAN_POINT('',(-240.,10.,255.42));
#2124=CARTESIAN_POINT('',(-240.,2.71000000000005,262.71));
#2125=CARTESIAN_POINT('',(-240.,10.,250.5));
#2126=CARTESIAN_POINT('',(-240.,10.,260.));
#2127=CARTESIAN_POINT('',(-240.,9.49999999999999,250.));
#2128=CARTESIAN_POINT('Origin',(-240.,9.5,250.5));
#2129=CARTESIAN_POINT('',(-240.,4.57999999999997,250.));
#2130=CARTESIAN_POINT('',(-240.,0.,250.));
#2131=CARTESIAN_POINT('',(-240.,3.12499999999997,251.455));
#2132=CARTESIAN_POINT('',(-240.,-2.71000000000003,257.29));
#2133=CARTESIAN_POINT('',(-240.,3.12499999999997,251.8));
#2134=CARTESIAN_POINT('',(-240.,3.125,260.));
#2135=CARTESIAN_POINT('',(-240.,5.49999999999997,251.8));
#2136=CARTESIAN_POINT('',(-240.,-2.99468052694944E-14,251.8));
#2137=CARTESIAN_POINT('',(-240.,5.49999999999998,253.43933982822));
#2138=CARTESIAN_POINT('',(-240.,5.5,260.));
#2139=CARTESIAN_POINT('',(-240.,2.8393398282202,256.1));
#2140=CARTESIAN_POINT('',(-240.,-0.53033008588991,259.46966991411));
#2141=CARTESIAN_POINT('',(-240.,0.209999999999989,256.1));
#2142=CARTESIAN_POINT('',(-240.,-1.28652475493992E-14,256.1));
#2143=CARTESIAN_POINT('',(-240.,-1.30104260698261E-14,256.31));
#2144=CARTESIAN_POINT('',(-240.,-1.84500000000001,258.155));
#2145=CARTESIAN_POINT('',(-240.,-0.210000000000015,256.1));
#2146=CARTESIAN_POINT('',(-240.,1.84499999999999,258.155));
#2147=CARTESIAN_POINT('',(-240.,-2.83933982822023,256.1));
#2148=CARTESIAN_POINT('',(-240.,-1.41517723043391E-14,256.1));
#2149=CARTESIAN_POINT('',(-240.,-5.50000000000002,253.43933982822));
#2150=CARTESIAN_POINT('',(-240.,0.530330085889906,259.46966991411));
#2151=CARTESIAN_POINT('',(-240.,-5.50000000000003,251.8));
#2152=CARTESIAN_POINT('',(-240.,-5.5,260.));
#2153=CARTESIAN_POINT('',(-240.,-3.12500000000003,251.8));
#2154=CARTESIAN_POINT('',(-240.,-2.99468052694944E-14,251.8));
#2155=CARTESIAN_POINT('',(-240.,-3.12500000000003,251.455));
#2156=CARTESIAN_POINT('',(-240.,-3.125,260.));
#2157=CARTESIAN_POINT('',(-240.,-4.58000000000005,250.));
#2158=CARTESIAN_POINT('',(-240.,2.71000000000002,257.29));
#2159=CARTESIAN_POINT('',(-240.,-9.5,250.));
#2160=CARTESIAN_POINT('',(-240.,0.,250.));
#2161=CARTESIAN_POINT('',(-240.,-10.,250.5));
#2162=CARTESIAN_POINT('Origin',(-240.,-9.5,250.5));
#2163=CARTESIAN_POINT('',(-240.,-10.,255.42));
#2164=CARTESIAN_POINT('',(-240.,-10.,260.));
#2165=CARTESIAN_POINT('',(-240.,-8.54500000000004,256.875));
#2166=CARTESIAN_POINT('',(-240.,-2.71000000000004,262.71));
#2167=CARTESIAN_POINT('',(-240.,-8.20000000000002,256.875));
#2168=CARTESIAN_POINT('',(-240.,-2.3569612445336E-14,256.875));
#2169=CARTESIAN_POINT('',(-240.,-8.20000000000004,254.5));
#2170=CARTESIAN_POINT('',(-240.,-8.2,260.));
#2171=CARTESIAN_POINT('',(-240.,-6.56066017177979,254.5));
#2172=CARTESIAN_POINT('',(-240.,-3.7830084524634E-14,254.5));
#2173=CARTESIAN_POINT('',(-240.,-3.90000000000002,257.16066017178));
#2174=CARTESIAN_POINT('',(-240.,-0.53033008588991,260.53033008589));
#2175=CARTESIAN_POINT('',(-240.,-3.9,259.79));
#2176=CARTESIAN_POINT('',(-240.,-3.9,260.));
#2177=CARTESIAN_POINT('',(-240.,-3.69,260.));
#2178=CARTESIAN_POINT('',(-240.,-1.84500000000001,261.845));
#2179=CARTESIAN_POINT('',(-240.,-3.9,260.21));
#2180=CARTESIAN_POINT('',(-240.,-1.84500000000003,258.155));
#2181=CARTESIAN_POINT('',(-240.,-3.89999999999998,262.83933982822));
#2182=CARTESIAN_POINT('',(-240.,-3.9,260.));
#2183=CARTESIAN_POINT('',(-240.,-6.56066017177972,265.5));
#2184=CARTESIAN_POINT('',(-240.,-0.530330085889916,259.46966991411));
#2185=CARTESIAN_POINT('',(-240.,-8.19999999999996,265.5));
#2186=CARTESIAN_POINT('',(-240.,3.7830084524634E-14,265.5));
#2187=CARTESIAN_POINT('',(-240.,-8.19999999999998,263.125));
#2188=CARTESIAN_POINT('',(-240.,-8.2,260.));
#2189=CARTESIAN_POINT('',(-240.,-8.54499999999999,263.125));
#2190=CARTESIAN_POINT('',(-240.,2.3569612445336E-14,263.125));
#2191=CARTESIAN_POINT('',(-240.,-10.,264.58));
#2192=CARTESIAN_POINT('',(-240.,-2.71000000000007,257.29));
#2193=CARTESIAN_POINT('',(-240.,-10.,269.5));
#2194=CARTESIAN_POINT('',(-240.,-10.,260.));
#2195=CARTESIAN_POINT('',(-240.,-9.49999999999999,270.));
#2196=CARTESIAN_POINT('Origin',(-240.,-9.5,269.5));
#2197=CARTESIAN_POINT('',(-240.,-4.58000000000004,270.));
#2198=CARTESIAN_POINT('',(-240.,-1.82602471155453E-15,270.));
#2199=CARTESIAN_POINT('',(-240.,-3.12500000000003,268.545));
#2200=CARTESIAN_POINT('',(-240.,2.71000000000002,262.71));
#2201=CARTESIAN_POINT('',(-240.,-3.12500000000003,268.2));
#2202=CARTESIAN_POINT('',(-240.,-3.125,260.));
#2203=CARTESIAN_POINT('',(-240.,-5.50000000000003,268.2));
#2204=CARTESIAN_POINT('',(-240.,-2.99468052694944E-14,268.2));
#2205=CARTESIAN_POINT('',(-240.,-5.50000000000002,266.56066017178));
#2206=CARTESIAN_POINT('',(-240.,-5.5,260.));
#2207=CARTESIAN_POINT('',(-240.,-2.83933982822023,263.9));
#2208=CARTESIAN_POINT('',(-240.,0.530330085889906,260.53033008589));
#2209=CARTESIAN_POINT('',(-240.,-1.41517723043391E-14,263.9));
#2210=CARTESIAN_POINT('',(-240.,2.57175827820945E-16,262.1));
#2211=CARTESIAN_POINT('Origin',(-240.,0.,260.));
#2212=CARTESIAN_POINT('Origin',(-260.,1.84499999999999,258.155));
#2213=CARTESIAN_POINT('',(220.,-0.210000000000015,256.1));
#2214=CARTESIAN_POINT('',(-260.,-1.30104260698261E-14,256.31));
#2215=CARTESIAN_POINT('Origin',(-260.,-1.41517723043391E-14,256.1));
#2216=CARTESIAN_POINT('',(220.,-2.83933982822023,256.1));
#2217=CARTESIAN_POINT('Origin',(-260.,0.530330085889906,259.46966991411));
#2218=CARTESIAN_POINT('',(220.,-5.50000000000002,253.43933982822));
#2219=CARTESIAN_POINT('Origin',(-260.,-5.5,260.));
#2220=CARTESIAN_POINT('',(220.,-5.50000000000003,251.8));
#2221=CARTESIAN_POINT('Origin',(-260.,-2.99468052694944E-14,251.8));
#2222=CARTESIAN_POINT('',(220.,-3.12500000000003,251.8));
#2223=CARTESIAN_POINT('Origin',(-260.,-3.125,260.));
#2224=CARTESIAN_POINT('',(220.,-3.12500000000003,251.455));
#2225=CARTESIAN_POINT('Origin',(-260.,2.71000000000002,257.29));
#2226=CARTESIAN_POINT('',(220.,-4.58000000000005,250.));
#2227=CARTESIAN_POINT('Origin',(-260.,0.,250.));
#2228=CARTESIAN_POINT('',(220.,-9.5,250.));
#2229=CARTESIAN_POINT('Origin',(-260.,-9.5,250.5));
#2230=CARTESIAN_POINT('',(220.,-10.,250.5));
#2231=CARTESIAN_POINT('Origin',(-260.,-10.,260.));
#2232=CARTESIAN_POINT('',(220.,-10.,255.42));
#2233=CARTESIAN_POINT('Origin',(-260.,-2.71000000000004,262.71));
#2234=CARTESIAN_POINT('',(220.,-8.54500000000004,256.875));
#2235=CARTESIAN_POINT('Origin',(-260.,-2.3569612445336E-14,256.875));
#2236=CARTESIAN_POINT('',(220.,-8.20000000000002,256.875));
#2237=CARTESIAN_POINT('Origin',(-260.,-8.2,260.));
#2238=CARTESIAN_POINT('',(220.,-8.20000000000004,254.5));
#2239=CARTESIAN_POINT('Origin',(-260.,-3.7830084524634E-14,254.5));
#2240=CARTESIAN_POINT('',(220.,-6.56066017177979,254.5));
#2241=CARTESIAN_POINT('Origin',(-260.,-0.53033008588991,260.53033008589));
#2242=CARTESIAN_POINT('',(220.,-3.90000000000002,257.16066017178));
#2243=CARTESIAN_POINT('Origin',(-260.,-3.9,260.));
#2244=CARTESIAN_POINT('',(220.,-3.9,259.79));
#2245=CARTESIAN_POINT('Origin',(-260.,-1.84500000000001,261.845));
#2246=CARTESIAN_POINT('',(220.,-3.69,260.));
#2247=CARTESIAN_POINT('Origin',(-260.,-1.84500000000003,258.155));
#2248=CARTESIAN_POINT('',(220.,-3.9,260.21));
#2249=CARTESIAN_POINT('Origin',(-260.,-3.9,260.));
#2250=CARTESIAN_POINT('',(220.,-3.89999999999998,262.83933982822));
#2251=CARTESIAN_POINT('Origin',(-260.,-0.530330085889916,259.46966991411));
#2252=CARTESIAN_POINT('',(220.,-6.56066017177972,265.5));
#2253=CARTESIAN_POINT('Origin',(-260.,3.7830084524634E-14,265.5));
#2254=CARTESIAN_POINT('',(220.,-8.19999999999996,265.5));
#2255=CARTESIAN_POINT('Origin',(-260.,-8.2,260.));
#2256=CARTESIAN_POINT('',(220.,-8.19999999999998,263.125));
#2257=CARTESIAN_POINT('Origin',(-260.,2.3569612445336E-14,263.125));
#2258=CARTESIAN_POINT('',(220.,-8.54499999999999,263.125));
#2259=CARTESIAN_POINT('Origin',(-260.,-2.71000000000007,257.29));
#2260=CARTESIAN_POINT('',(220.,-10.,264.58));
#2261=CARTESIAN_POINT('Origin',(-260.,-10.,260.));
#2262=CARTESIAN_POINT('',(220.,-10.,269.5));
#2263=CARTESIAN_POINT('Origin',(-260.,-9.5,269.5));
#2264=CARTESIAN_POINT('',(220.,-9.49999999999999,270.));
#2265=CARTESIAN_POINT('Origin',(-260.,-1.82602471155453E-15,270.));
#2266=CARTESIAN_POINT('',(220.,-4.58000000000004,270.));
#2267=CARTESIAN_POINT('Origin',(-260.,2.71000000000002,262.71));
#2268=CARTESIAN_POINT('',(220.,-3.12500000000003,268.545));
#2269=CARTESIAN_POINT('Origin',(-260.,-3.125,260.));
#2270=CARTESIAN_POINT('',(220.,-3.12500000000003,268.2));
#2271=CARTESIAN_POINT('Origin',(-260.,-2.99468052694944E-14,268.2));
#2272=CARTESIAN_POINT('',(220.,-5.50000000000003,268.2));
#2273=CARTESIAN_POINT('Origin',(-260.,-5.5,260.));
#2274=CARTESIAN_POINT('',(220.,-5.50000000000002,266.56066017178));
#2275=CARTESIAN_POINT('Origin',(-260.,0.530330085889906,260.53033008589));
#2276=CARTESIAN_POINT('',(220.,-2.83933982822023,263.9));
#2277=CARTESIAN_POINT('Origin',(-260.,-1.41517723043391E-14,263.9));
#2278=CARTESIAN_POINT('',(220.,-0.210000000000016,263.9));
#2279=CARTESIAN_POINT('Origin',(-260.,1.84499999999999,261.845));
#2280=CARTESIAN_POINT('',(220.,-1.30104260698261E-14,263.69));
#2281=CARTESIAN_POINT('Origin',(-260.,0.,260.));
#2282=CARTESIAN_POINT('',(-260.,-2.57175827820944E-16,262.1));
#2283=CARTESIAN_POINT('Origin',(-260.,-1.84500000000001,261.845));
#2284=CARTESIAN_POINT('',(-260.,0.209999999999988,263.9));
#2285=CARTESIAN_POINT('Origin',(-260.,-1.28652475493992E-14,263.9));
#2286=CARTESIAN_POINT('',(-260.,2.8393398282202,263.9));
#2287=CARTESIAN_POINT('Origin',(-260.,-0.530330085889909,260.53033008589));
#2288=CARTESIAN_POINT('',(-260.,5.49999999999998,266.56066017178));
#2289=CARTESIAN_POINT('Origin',(-260.,5.5,260.));
#2290=CARTESIAN_POINT('',(-260.,5.49999999999997,268.2));
#2291=CARTESIAN_POINT('Origin',(-260.,-2.99468052694944E-14,268.2));
#2292=CARTESIAN_POINT('',(-260.,3.12499999999997,268.2));
#2293=CARTESIAN_POINT('Origin',(-260.,3.125,260.));
#2294=CARTESIAN_POINT('',(-260.,3.12499999999997,268.545));
#2295=CARTESIAN_POINT('Origin',(-260.,-2.71000000000003,262.71));
#2296=CARTESIAN_POINT('',(-260.,4.57999999999995,270.));
#2297=CARTESIAN_POINT('Origin',(-260.,-1.82602471155453E-15,270.));
#2298=CARTESIAN_POINT('',(-260.,9.49999999999999,270.));
#2299=CARTESIAN_POINT('Origin',(-260.,9.5,269.5));
#2300=CARTESIAN_POINT('',(-260.,10.,269.5));
#2301=CARTESIAN_POINT('Origin',(-260.,10.,260.));
#2302=CARTESIAN_POINT('',(-260.,10.,264.58));
#2303=CARTESIAN_POINT('Origin',(-260.,2.71000000000005,257.29));
#2304=CARTESIAN_POINT('',(-260.,8.54500000000002,263.125));
#2305=CARTESIAN_POINT('Origin',(-260.,0.,263.125));
#2306=CARTESIAN_POINT('',(-260.,8.2,263.125));
#2307=CARTESIAN_POINT('Origin',(-260.,8.2,260.));
#2308=CARTESIAN_POINT('',(-260.,8.2,265.5));
#2309=CARTESIAN_POINT('Origin',(-260.,0.,265.5));
#2310=CARTESIAN_POINT('',(-260.,6.56066017177976,265.5));
#2311=CARTESIAN_POINT('Origin',(-260.,0.530330085889913,259.46966991411));
#2312=CARTESIAN_POINT('',(-260.,3.9,262.83933982822));
#2313=CARTESIAN_POINT('Origin',(-260.,3.9,260.));
#2314=CARTESIAN_POINT('',(-260.,3.9,260.21));
#2315=CARTESIAN_POINT('Origin',(-260.,1.84500000000002,258.155));
#2316=CARTESIAN_POINT('',(-260.,3.69,260.));
#2317=CARTESIAN_POINT('Origin',(-260.,1.84500000000002,261.845));
#2318=CARTESIAN_POINT('',(-260.,3.9,259.79));
#2319=CARTESIAN_POINT('Origin',(-260.,3.9,260.));
#2320=CARTESIAN_POINT('',(-260.,3.9,257.16066017178));
#2321=CARTESIAN_POINT('Origin',(-260.,0.530330085889913,260.53033008589));
#2322=CARTESIAN_POINT('',(-260.,6.56066017177975,254.5));
#2323=CARTESIAN_POINT('Origin',(-260.,0.,254.5));
#2324=CARTESIAN_POINT('',(-260.,8.2,254.5));
#2325=CARTESIAN_POINT('Origin',(-260.,8.2,260.));
#2326=CARTESIAN_POINT('',(-260.,8.2,256.875));
#2327=CARTESIAN_POINT('Origin',(-260.,0.,256.875));
#2328=CARTESIAN_POINT('',(-260.,8.54500000000002,256.875));
#2329=CARTESIAN_POINT('Origin',(-260.,2.71000000000005,262.71));
#2330=CARTESIAN_POINT('',(-260.,10.,255.42));
#2331=CARTESIAN_POINT('Origin',(-260.,10.,260.));
#2332=CARTESIAN_POINT('',(-260.,10.,250.5));
#2333=CARTESIAN_POINT('Origin',(-260.,9.5,250.5));
#2334=CARTESIAN_POINT('',(-260.,9.49999999999999,250.));
#2335=CARTESIAN_POINT('Origin',(-260.,0.,250.));
#2336=CARTESIAN_POINT('',(-260.,4.57999999999997,250.));
#2337=CARTESIAN_POINT('Origin',(-260.,-2.71000000000003,257.29));
#2338=CARTESIAN_POINT('',(-260.,3.12499999999997,251.455));
#2339=CARTESIAN_POINT('Origin',(-260.,3.125,260.));
#2340=CARTESIAN_POINT('',(-260.,3.12499999999997,251.8));
#2341=CARTESIAN_POINT('Origin',(-260.,-2.99468052694944E-14,251.8));
#2342=CARTESIAN_POINT('',(-260.,5.49999999999997,251.8));
#2343=CARTESIAN_POINT('Origin',(-260.,5.5,260.));
#2344=CARTESIAN_POINT('',(-260.,5.49999999999998,253.43933982822));
#2345=CARTESIAN_POINT('Origin',(-260.,-0.53033008588991,259.46966991411));
#2346=CARTESIAN_POINT('',(-260.,2.8393398282202,256.1));
#2347=CARTESIAN_POINT('Origin',(-260.,-1.28652475493992E-14,256.1));
#2348=CARTESIAN_POINT('',(-260.,0.209999999999989,256.1));
#2349=CARTESIAN_POINT('Origin',(-260.,-1.84500000000001,258.155));
#2350=CARTESIAN_POINT('',(0.,0.,0.));
#2351=UNCERTAINTY_MEASURE_WITH_UNIT(LENGTH_MEASURE(0.01),#2357,
'DISTANCE_ACCURACY_VALUE',
'Maximum model space distance between geometric entities at asserted c
onnectivities');
#2352=UNCERTAINTY_MEASURE_WITH_UNIT(LENGTH_MEASURE(0.01),#2357,
'DISTANCE_ACCURACY_VALUE',
'Maximum model space distance between geometric entities at asserted c
onnectivities');
#2353=UNCERTAINTY_MEASURE_WITH_UNIT(LENGTH_MEASURE(0.01),#2357,
'DISTANCE_ACCURACY_VALUE',
'Maximum model space distance between geometric entities at asserted c
onnectivities');
#2354=(
GEOMETRIC_REPRESENTATION_CONTEXT(3)
GLOBAL_UNCERTAINTY_ASSIGNED_CONTEXT((#2351))
GLOBAL_UNIT_ASSIGNED_CONTEXT((#2357,#2359,#2360))
REPRESENTATION_CONTEXT('','3D')
);
#2355=(
GEOMETRIC_REPRESENTATION_CONTEXT(3)
GLOBAL_UNCERTAINTY_ASSIGNED_CONTEXT((#2352))
GLOBAL_UNIT_ASSIGNED_CONTEXT((#2357,#2359,#2360))
REPRESENTATION_CONTEXT('','3D')
);
#2356=(
GEOMETRIC_REPRESENTATION_CONTEXT(3)
GLOBAL_UNCERTAINTY_ASSIGNED_CONTEXT((#2353))
GLOBAL_UNIT_ASSIGNED_CONTEXT((#2357,#2359,#2360))
REPRESENTATION_CONTEXT('','3D')
);
#2357=(
LENGTH_UNIT()
NAMED_UNIT(*)
SI_UNIT(.MILLI.,.METRE.)
);
#2358=(
LENGTH_UNIT()
NAMED_UNIT(*)
SI_UNIT($,.METRE.)
);
#2359=(
NAMED_UNIT(*)
PLANE_ANGLE_UNIT()
SI_UNIT($,.RADIAN.)
);
#2360=(
NAMED_UNIT(*)
SI_UNIT($,.STERADIAN.)
SOLID_ANGLE_UNIT()
);
#2361=SHAPE_DEFINITION_REPRESENTATION(#2363,#2366);
#2362=SHAPE_DEFINITION_REPRESENTATION(#2364,#2367);
#2363=PRODUCT_DEFINITION_SHAPE('',$,#2369);
#2364=PRODUCT_DEFINITION_SHAPE('',$,#2370);
#2365=PRODUCT_DEFINITION_SHAPE($,$,#14);
#2366=SHAPE_REPRESENTATION('',(#1483,#1566),#2354);
#2367=SHAPE_REPRESENTATION('',(#1484),#2355);
#2368=PRODUCT_DEFINITION_CONTEXT('part definition',#2376,'design');
#2369=PRODUCT_DEFINITION('Perfil Aluminio V-Slot 20x20',
'Perfil Aluminio V-Slot 20x20 v2',#2371,#2368);
#2370=PRODUCT_DEFINITION('Perfil V-Slot 20x20','Perfil V-Slot 20x20',#2372,
#2368);
#2371=PRODUCT_DEFINITION_FORMATION('',$,#2378);
#2372=PRODUCT_DEFINITION_FORMATION('',$,#2379);
#2373=PRODUCT_RELATED_PRODUCT_CATEGORY(
'Perfil Aluminio V-Slot 20x20 v2','Perfil Aluminio V-Slot 20x20 v2',(#2378));
#2374=PRODUCT_RELATED_PRODUCT_CATEGORY('Perfil V-Slot 20x20',
'Perfil V-Slot 20x20',(#2379));
#2375=APPLICATION_PROTOCOL_DEFINITION('international standard',
'automotive_design',2009,#2376);
#2376=APPLICATION_CONTEXT(
'Core Data for Automotive Mechanical Design Process');
#2377=PRODUCT_CONTEXT('part definition',#2376,'mechanical');
#2378=PRODUCT('Perfil Aluminio V-Slot 20x20',
'Perfil Aluminio V-Slot 20x20 v2',$,(#2377));
#2379=PRODUCT('Perfil V-Slot 20x20','Perfil V-Slot 20x20',$,(#2377));
#2380=PRESENTATION_STYLE_ASSIGNMENT((#2382));
#2381=PRESENTATION_STYLE_ASSIGNMENT((#2383));
#2382=SURFACE_STYLE_USAGE(.BOTH.,#2384);
#2383=SURFACE_STYLE_USAGE(.BOTH.,#2385);
#2384=SURFACE_SIDE_STYLE('',(#2386));
#2385=SURFACE_SIDE_STYLE('',(#2387));
#2386=SURFACE_STYLE_FILL_AREA(#2388);
#2387=SURFACE_STYLE_FILL_AREA(#2389);
#2388=FILL_AREA_STYLE('Placa',(#2390));
#2389=FILL_AREA_STYLE('Opaque(87,87,87)',(#2391));
#2390=FILL_AREA_STYLE_COLOUR('Placa',#2392);
#2391=FILL_AREA_STYLE_COLOUR('Opaque(87,87,87)',#2393);
#2392=COLOUR_RGB('Placa',0.6,0.6,0.6);
#2393=COLOUR_RGB('Opaque(87,87,87)',0.341176470588235,0.341176470588235,
0.341176470588235);
ENDSEC;
END-ISO-10303-21;
