ISO-10303-21;
HEADER;
/* Generated by software containing ST-Developer
 * from STEP Tools, Inc. (www.steptools.com) 
 */

FILE_DESCRIPTION(
/* description */ (''),
/* implementation_level */ '2;1');

FILE_NAME(
/* name */ 'Rodamiento 625zz.step',
/* time_stamp */ '2026-06-26T19:12:33-04:00',
/* author */ (''),
/* organization */ (''),
/* preprocessor_version */ 'ST-DEVELOPER v20.1',
/* originating_system */ 'Autodesk Translation Framework v15.8.0.0',
/* authorisation */ '');

FILE_SCHEMA (('AUTOMOTIVE_DESIGN { 1 0 10303 214 3 1 1 }'));
ENDSEC;

DATA;
#10=MECHANICAL_DESIGN_GEOMETRIC_PRESENTATION_REPRESENTATION('',(#23,#24,
#25,#26,#27,#28,#29,#30,#31,#32),#3958);
#11=ITEM_DEFINED_TRANSFORMATION($,$,#2226,#2537);
#12=(
REPRESENTATION_RELATIONSHIP($,$,#3969,#3968)
REPRESENTATION_RELATIONSHIP_WITH_TRANSFORMATION(#11)
SHAPE_REPRESENTATION_RELATIONSHIP()
);
#13=CONTEXT_DEPENDENT_SHAPE_REPRESENTATION(#12,#3967);
#14=NEXT_ASSEMBLY_USAGE_OCCURRENCE('Steel Ball Bearing_625zz:1',
'Steel Ball Bearing_625zz:1','Steel Ball Bearing_625zz:1',#3971,#3972,
'Steel Ball Bearing_625zz:1');
#15=SHAPE_REPRESENTATION_RELATIONSHIP('SRR','None',#3969,#16);
#16=ADVANCED_BREP_SHAPE_REPRESENTATION('',(#33,#34,#35,#36,#37,#38,#39,
#40,#41,#42),#3957);
#17=SPHERICAL_SURFACE('',#2285,1.5625);
#18=SPHERICAL_SURFACE('',#2287,1.5625);
#19=SPHERICAL_SURFACE('',#2289,1.5625);
#20=SPHERICAL_SURFACE('',#2291,1.5625);
#21=SPHERICAL_SURFACE('',#2293,1.5625);
#22=SPHERICAL_SURFACE('',#2295,1.5625);
#23=STYLED_ITEM('',(#3982),#33);
#24=STYLED_ITEM('',(#3982),#34);
#25=STYLED_ITEM('',(#3982),#35);
#26=STYLED_ITEM('',(#3982),#36);
#27=STYLED_ITEM('',(#3982),#37);
#28=STYLED_ITEM('',(#3982),#38);
#29=STYLED_ITEM('',(#3982),#39);
#30=STYLED_ITEM('',(#3982),#40);
#31=STYLED_ITEM('',(#3982),#41);
#32=STYLED_ITEM('',(#3982),#42);
#33=MANIFOLD_SOLID_BREP('Cuerpo1',#2203);
#34=MANIFOLD_SOLID_BREP('Cuerpo2',#2204);
#35=MANIFOLD_SOLID_BREP('Cuerpo3',#2205);
#36=MANIFOLD_SOLID_BREP('Cuerpo4',#2206);
#37=MANIFOLD_SOLID_BREP('Cuerpo5',#2207);
#38=MANIFOLD_SOLID_BREP('Cuerpo6',#2208);
#39=MANIFOLD_SOLID_BREP('Cuerpo7',#2209);
#40=MANIFOLD_SOLID_BREP('Cuerpo8',#2210);
#41=MANIFOLD_SOLID_BREP('Cuerpo9',#2211);
#42=MANIFOLD_SOLID_BREP('Cuerpo10',#2212);
#43=FACE_BOUND('',#612,.T.);
#44=FACE_BOUND('',#614,.T.);
#45=FACE_BOUND('',#624,.T.);
#46=FACE_BOUND('',#626,.T.);
#47=FACE_BOUND('',#669,.T.);
#48=FACE_BOUND('',#671,.T.);
#49=FACE_BOUND('',#673,.T.);
#50=FACE_BOUND('',#675,.T.);
#51=FACE_BOUND('',#729,.T.);
#52=FACE_BOUND('',#731,.T.);
#53=FACE_BOUND('',#733,.T.);
#54=FACE_BOUND('',#735,.T.);
#55=PLANE('',#2260);
#56=PLANE('',#2261);
#57=PLANE('',#2283);
#58=PLANE('',#2284);
#59=PLANE('',#2364);
#60=PLANE('',#2366);
#61=PLANE('',#2368);
#62=PLANE('',#2370);
#63=PLANE('',#2372);
#64=PLANE('',#2384);
#65=PLANE('',#2385);
#66=PLANE('',#2386);
#67=PLANE('',#2387);
#68=PLANE('',#2388);
#69=PLANE('',#2391);
#70=PLANE('',#2395);
#71=PLANE('',#2396);
#72=PLANE('',#2397);
#73=PLANE('',#2398);
#74=PLANE('',#2399);
#75=PLANE('',#2401);
#76=PLANE('',#2402);
#77=PLANE('',#2404);
#78=PLANE('',#2405);
#79=PLANE('',#2407);
#80=PLANE('',#2408);
#81=PLANE('',#2409);
#82=PLANE('',#2410);
#83=PLANE('',#2412);
#84=PLANE('',#2413);
#85=PLANE('',#2415);
#86=PLANE('',#2416);
#87=PLANE('',#2484);
#88=PLANE('',#2486);
#89=PLANE('',#2488);
#90=PLANE('',#2490);
#91=PLANE('',#2492);
#92=PLANE('',#2504);
#93=PLANE('',#2505);
#94=PLANE('',#2506);
#95=PLANE('',#2507);
#96=PLANE('',#2508);
#97=PLANE('',#2511);
#98=PLANE('',#2515);
#99=PLANE('',#2516);
#100=PLANE('',#2517);
#101=PLANE('',#2518);
#102=PLANE('',#2519);
#103=PLANE('',#2521);
#104=PLANE('',#2522);
#105=PLANE('',#2524);
#106=PLANE('',#2525);
#107=PLANE('',#2527);
#108=PLANE('',#2528);
#109=PLANE('',#2529);
#110=PLANE('',#2530);
#111=PLANE('',#2532);
#112=PLANE('',#2533);
#113=PLANE('',#2535);
#114=PLANE('',#2536);
#115=CONICAL_SURFACE('',#2242,7.02170602220836,1.39626340159547);
#116=CONICAL_SURFACE('',#2252,6.6,1.39626340159547);
#117=CONICAL_SURFACE('',#2266,4.22499999999999,0.785398163397444);
#118=CONICAL_SURFACE('',#2270,2.5,0.785398163397454);
#119=CONICAL_SURFACE('',#2273,4.375,0.785398163397448);
#120=CONICAL_SURFACE('',#2276,2.65,0.785398163397447);
#121=CONICAL_SURFACE('',#2309,6.2,1.37039777296902);
#122=CONICAL_SURFACE('',#2324,6.84,1.37039777296902);
#123=CONICAL_SURFACE('',#2429,6.2,1.37039777296902);
#124=CONICAL_SURFACE('',#2444,6.84,1.37039777296902);
#125=LINE('',#3317,#267);
#126=LINE('',#3326,#268);
#127=LINE('',#3335,#269);
#128=LINE('',#3339,#270);
#129=LINE('',#3349,#271);
#130=LINE('',#3352,#272);
#131=LINE('',#3363,#273);
#132=LINE('',#3378,#274);
#133=LINE('',#3384,#275);
#134=LINE('',#3390,#276);
#135=LINE('',#3398,#277);
#136=LINE('',#3401,#278);
#137=LINE('',#3403,#279);
#138=LINE('',#3405,#280);
#139=LINE('',#3437,#281);
#140=LINE('',#3440,#282);
#141=LINE('',#3459,#283);
#142=LINE('',#3469,#284);
#143=LINE('',#3475,#285);
#144=LINE('',#3482,#286);
#145=LINE('',#3537,#287);
#146=LINE('',#3540,#288);
#147=LINE('',#3543,#289);
#148=LINE('',#3546,#290);
#149=LINE('',#3549,#291);
#150=LINE('',#3552,#292);
#151=LINE('',#3555,#293);
#152=LINE('',#3558,#294);
#153=LINE('',#3561,#295);
#154=LINE('',#3564,#296);
#155=LINE('',#3567,#297);
#156=LINE('',#3570,#298);
#157=LINE('',#3573,#299);
#158=LINE('',#3576,#300);
#159=LINE('',#3579,#301);
#160=LINE('',#3582,#302);
#161=LINE('',#3585,#303);
#162=LINE('',#3588,#304);
#163=LINE('',#3591,#305);
#164=LINE('',#3594,#306);
#165=LINE('',#3597,#307);
#166=LINE('',#3600,#308);
#167=LINE('',#3603,#309);
#168=LINE('',#3606,#310);
#169=LINE('',#3609,#311);
#170=LINE('',#3612,#312);
#171=LINE('',#3615,#313);
#172=LINE('',#3618,#314);
#173=LINE('',#3621,#315);
#174=LINE('',#3624,#316);
#175=LINE('',#3626,#317);
#176=LINE('',#3627,#318);
#177=LINE('',#3629,#319);
#178=LINE('',#3630,#320);
#179=LINE('',#3632,#321);
#180=LINE('',#3633,#322);
#181=LINE('',#3635,#323);
#182=LINE('',#3636,#324);
#183=LINE('',#3638,#325);
#184=LINE('',#3639,#326);
#185=LINE('',#3644,#327);
#186=LINE('',#3645,#328);
#187=LINE('',#3650,#329);
#188=LINE('',#3651,#330);
#189=LINE('',#3656,#331);
#190=LINE('',#3657,#332);
#191=LINE('',#3659,#333);
#192=LINE('',#3660,#334);
#193=LINE('',#3666,#335);
#194=LINE('',#3667,#336);
#195=LINE('',#3671,#337);
#196=LINE('',#3672,#338);
#197=LINE('',#3676,#339);
#198=LINE('',#3677,#340);
#199=LINE('',#3683,#341);
#200=LINE('',#3684,#342);
#201=LINE('',#3688,#343);
#202=LINE('',#3689,#344);
#203=LINE('',#3697,#345);
#204=LINE('',#3700,#346);
#205=LINE('',#3719,#347);
#206=LINE('',#3729,#348);
#207=LINE('',#3735,#349);
#208=LINE('',#3742,#350);
#209=LINE('',#3797,#351);
#210=LINE('',#3800,#352);
#211=LINE('',#3803,#353);
#212=LINE('',#3806,#354);
#213=LINE('',#3809,#355);
#214=LINE('',#3812,#356);
#215=LINE('',#3815,#357);
#216=LINE('',#3818,#358);
#217=LINE('',#3821,#359);
#218=LINE('',#3824,#360);
#219=LINE('',#3827,#361);
#220=LINE('',#3830,#362);
#221=LINE('',#3833,#363);
#222=LINE('',#3836,#364);
#223=LINE('',#3839,#365);
#224=LINE('',#3842,#366);
#225=LINE('',#3845,#367);
#226=LINE('',#3848,#368);
#227=LINE('',#3851,#369);
#228=LINE('',#3854,#370);
#229=LINE('',#3857,#371);
#230=LINE('',#3860,#372);
#231=LINE('',#3863,#373);
#232=LINE('',#3866,#374);
#233=LINE('',#3869,#375);
#234=LINE('',#3872,#376);
#235=LINE('',#3875,#377);
#236=LINE('',#3878,#378);
#237=LINE('',#3881,#379);
#238=LINE('',#3884,#380);
#239=LINE('',#3886,#381);
#240=LINE('',#3887,#382);
#241=LINE('',#3889,#383);
#242=LINE('',#3890,#384);
#243=LINE('',#3892,#385);
#244=LINE('',#3893,#386);
#245=LINE('',#3895,#387);
#246=LINE('',#3896,#388);
#247=LINE('',#3898,#389);
#248=LINE('',#3899,#390);
#249=LINE('',#3904,#391);
#250=LINE('',#3905,#392);
#251=LINE('',#3910,#393);
#252=LINE('',#3911,#394);
#253=LINE('',#3916,#395);
#254=LINE('',#3917,#396);
#255=LINE('',#3919,#397);
#256=LINE('',#3920,#398);
#257=LINE('',#3926,#399);
#258=LINE('',#3927,#400);
#259=LINE('',#3931,#401);
#260=LINE('',#3932,#402);
#261=LINE('',#3936,#403);
#262=LINE('',#3937,#404);
#263=LINE('',#3943,#405);
#264=LINE('',#3944,#406);
#265=LINE('',#3948,#407);
#266=LINE('',#3949,#408);
#267=VECTOR('',#2554,8.);
#268=VECTOR('',#2565,7.);
#269=VECTOR('',#2578,7.02170602220836);
#270=VECTOR('',#2583,6.6);
#271=VECTOR('',#2596,6.6);
#272=VECTOR('',#2599,6.6);
#273=VECTOR('',#2614,7.);
#274=VECTOR('',#2633,4.22499999999999);
#275=VECTOR('',#2640,2.5);
#276=VECTOR('',#2647,4.375);
#277=VECTOR('',#2656,2.65);
#278=VECTOR('',#2661,4.375);
#279=VECTOR('',#2664,4.375);
#280=VECTOR('',#2667,2.5);
#281=VECTOR('',#2700,1000.);
#282=VECTOR('',#2703,1000.);
#283=VECTOR('',#2726,6.2);
#284=VECTOR('',#2739,4.435);
#285=VECTOR('',#2746,4.375);
#286=VECTOR('',#2757,6.84);
#287=VECTOR('',#2818,1000.);
#288=VECTOR('',#2821,1000.);
#289=VECTOR('',#2824,1000.);
#290=VECTOR('',#2827,1000.);
#291=VECTOR('',#2830,1000.);
#292=VECTOR('',#2833,1000.);
#293=VECTOR('',#2836,1000.);
#294=VECTOR('',#2839,1000.);
#295=VECTOR('',#2842,1000.);
#296=VECTOR('',#2845,1000.);
#297=VECTOR('',#2848,1000.);
#298=VECTOR('',#2851,1000.);
#299=VECTOR('',#2854,1000.);
#300=VECTOR('',#2857,1000.);
#301=VECTOR('',#2860,1000.);
#302=VECTOR('',#2863,1000.);
#303=VECTOR('',#2866,1000.);
#304=VECTOR('',#2869,1000.);
#305=VECTOR('',#2872,1000.);
#306=VECTOR('',#2875,1000.);
#307=VECTOR('',#2878,1000.);
#308=VECTOR('',#2881,1000.);
#309=VECTOR('',#2884,1000.);
#310=VECTOR('',#2887,1000.);
#311=VECTOR('',#2890,1000.);
#312=VECTOR('',#2893,1000.);
#313=VECTOR('',#2896,1000.);
#314=VECTOR('',#2899,1000.);
#315=VECTOR('',#2902,1000.);
#316=VECTOR('',#2905,1000.);
#317=VECTOR('',#2908,1000.);
#318=VECTOR('',#2909,1000.);
#319=VECTOR('',#2912,1000.);
#320=VECTOR('',#2913,1000.);
#321=VECTOR('',#2916,1000.);
#322=VECTOR('',#2917,1000.);
#323=VECTOR('',#2920,1000.);
#324=VECTOR('',#2921,1000.);
#325=VECTOR('',#2924,1000.);
#326=VECTOR('',#2925,1000.);
#327=VECTOR('',#2930,1000.);
#328=VECTOR('',#2931,1000.);
#329=VECTOR('',#2936,1000.);
#330=VECTOR('',#2937,1000.);
#331=VECTOR('',#2942,1000.);
#332=VECTOR('',#2943,1000.);
#333=VECTOR('',#2946,1000.);
#334=VECTOR('',#2947,1000.);
#335=VECTOR('',#2958,1000.);
#336=VECTOR('',#2959,1000.);
#337=VECTOR('',#2966,1000.);
#338=VECTOR('',#2967,1000.);
#339=VECTOR('',#2974,1000.);
#340=VECTOR('',#2975,1000.);
#341=VECTOR('',#2986,1000.);
#342=VECTOR('',#2987,1000.);
#343=VECTOR('',#2994,1000.);
#344=VECTOR('',#2995,1000.);
#345=VECTOR('',#3004,1000.);
#346=VECTOR('',#3007,1000.);
#347=VECTOR('',#3030,6.2);
#348=VECTOR('',#3043,4.435);
#349=VECTOR('',#3050,4.375);
#350=VECTOR('',#3061,6.84);
#351=VECTOR('',#3122,1000.);
#352=VECTOR('',#3125,1000.);
#353=VECTOR('',#3128,1000.);
#354=VECTOR('',#3131,1000.);
#355=VECTOR('',#3134,1000.);
#356=VECTOR('',#3137,1000.);
#357=VECTOR('',#3140,1000.);
#358=VECTOR('',#3143,1000.);
#359=VECTOR('',#3146,1000.);
#360=VECTOR('',#3149,1000.);
#361=VECTOR('',#3152,1000.);
#362=VECTOR('',#3155,1000.);
#363=VECTOR('',#3158,1000.);
#364=VECTOR('',#3161,1000.);
#365=VECTOR('',#3164,1000.);
#366=VECTOR('',#3167,1000.);
#367=VECTOR('',#3170,1000.);
#368=VECTOR('',#3173,1000.);
#369=VECTOR('',#3176,1000.);
#370=VECTOR('',#3179,1000.);
#371=VECTOR('',#3182,1000.);
#372=VECTOR('',#3185,1000.);
#373=VECTOR('',#3188,1000.);
#374=VECTOR('',#3191,1000.);
#375=VECTOR('',#3194,1000.);
#376=VECTOR('',#3197,1000.);
#377=VECTOR('',#3200,1000.);
#378=VECTOR('',#3203,1000.);
#379=VECTOR('',#3206,1000.);
#380=VECTOR('',#3209,1000.);
#381=VECTOR('',#3212,1000.);
#382=VECTOR('',#3213,1000.);
#383=VECTOR('',#3216,1000.);
#384=VECTOR('',#3217,1000.);
#385=VECTOR('',#3220,1000.);
#386=VECTOR('',#3221,1000.);
#387=VECTOR('',#3224,1000.);
#388=VECTOR('',#3225,1000.);
#389=VECTOR('',#3228,1000.);
#390=VECTOR('',#3229,1000.);
#391=VECTOR('',#3234,1000.);
#392=VECTOR('',#3235,1000.);
#393=VECTOR('',#3240,1000.);
#394=VECTOR('',#3241,1000.);
#395=VECTOR('',#3246,1000.);
#396=VECTOR('',#3247,1000.);
#397=VECTOR('',#3250,1000.);
#398=VECTOR('',#3251,1000.);
#399=VECTOR('',#3262,1000.);
#400=VECTOR('',#3263,1000.);
#401=VECTOR('',#3270,1000.);
#402=VECTOR('',#3271,1000.);
#403=VECTOR('',#3278,1000.);
#404=VECTOR('',#3279,1000.);
#405=VECTOR('',#3290,1000.);
#406=VECTOR('',#3291,1000.);
#407=VECTOR('',#3298,1000.);
#408=VECTOR('',#3299,1000.);
#409=CYLINDRICAL_SURFACE('',#2231,8.);
#410=CYLINDRICAL_SURFACE('',#2236,7.);
#411=CYLINDRICAL_SURFACE('',#2244,6.6);
#412=CYLINDRICAL_SURFACE('',#2249,6.6);
#413=CYLINDRICAL_SURFACE('',#2258,7.);
#414=CYLINDRICAL_SURFACE('',#2280,4.375);
#415=CYLINDRICAL_SURFACE('',#2281,4.375);
#416=CYLINDRICAL_SURFACE('',#2282,2.5);
#417=CYLINDRICAL_SURFACE('',#2297,6.99999999999999);
#418=CYLINDRICAL_SURFACE('',#2316,4.435);
#419=CYLINDRICAL_SURFACE('',#2318,4.375);
#420=CYLINDRICAL_SURFACE('',#2354,7.);
#421=CYLINDRICAL_SURFACE('',#2356,7.);
#422=CYLINDRICAL_SURFACE('',#2358,7.);
#423=CYLINDRICAL_SURFACE('',#2360,7.);
#424=CYLINDRICAL_SURFACE('',#2362,7.);
#425=CYLINDRICAL_SURFACE('',#2374,6.904);
#426=CYLINDRICAL_SURFACE('',#2376,6.904);
#427=CYLINDRICAL_SURFACE('',#2378,6.904);
#428=CYLINDRICAL_SURFACE('',#2380,6.904);
#429=CYLINDRICAL_SURFACE('',#2382,6.904);
#430=CYLINDRICAL_SURFACE('',#2389,7.);
#431=CYLINDRICAL_SURFACE('',#2393,6.904);
#432=CYLINDRICAL_SURFACE('',#2400,6.99999999999999);
#433=CYLINDRICAL_SURFACE('',#2403,6.99999999999999);
#434=CYLINDRICAL_SURFACE('',#2406,6.99999999999999);
#435=CYLINDRICAL_SURFACE('',#2411,6.99999999999999);
#436=CYLINDRICAL_SURFACE('',#2414,6.99999999999999);
#437=CYLINDRICAL_SURFACE('',#2417,6.99999999999999);
#438=CYLINDRICAL_SURFACE('',#2436,4.435);
#439=CYLINDRICAL_SURFACE('',#2438,4.375);
#440=CYLINDRICAL_SURFACE('',#2474,7.);
#441=CYLINDRICAL_SURFACE('',#2476,7.);
#442=CYLINDRICAL_SURFACE('',#2478,7.);
#443=CYLINDRICAL_SURFACE('',#2480,7.);
#444=CYLINDRICAL_SURFACE('',#2482,7.);
#445=CYLINDRICAL_SURFACE('',#2494,6.904);
#446=CYLINDRICAL_SURFACE('',#2496,6.904);
#447=CYLINDRICAL_SURFACE('',#2498,6.904);
#448=CYLINDRICAL_SURFACE('',#2500,6.904);
#449=CYLINDRICAL_SURFACE('',#2502,6.904);
#450=CYLINDRICAL_SURFACE('',#2509,7.);
#451=CYLINDRICAL_SURFACE('',#2513,6.904);
#452=CYLINDRICAL_SURFACE('',#2520,6.99999999999999);
#453=CYLINDRICAL_SURFACE('',#2523,6.99999999999999);
#454=CYLINDRICAL_SURFACE('',#2526,6.99999999999999);
#455=CYLINDRICAL_SURFACE('',#2531,6.99999999999999);
#456=CYLINDRICAL_SURFACE('',#2534,6.99999999999999);
#457=FACE_OUTER_BOUND('',#599,.T.);
#458=FACE_OUTER_BOUND('',#600,.T.);
#459=FACE_OUTER_BOUND('',#601,.T.);
#460=FACE_OUTER_BOUND('',#602,.T.);
#461=FACE_OUTER_BOUND('',#603,.T.);
#462=FACE_OUTER_BOUND('',#604,.T.);
#463=FACE_OUTER_BOUND('',#605,.T.);
#464=FACE_OUTER_BOUND('',#606,.T.);
#465=FACE_OUTER_BOUND('',#607,.T.);
#466=FACE_OUTER_BOUND('',#608,.T.);
#467=FACE_OUTER_BOUND('',#609,.T.);
#468=FACE_OUTER_BOUND('',#610,.T.);
#469=FACE_OUTER_BOUND('',#611,.T.);
#470=FACE_OUTER_BOUND('',#613,.T.);
#471=FACE_OUTER_BOUND('',#615,.T.);
#472=FACE_OUTER_BOUND('',#616,.T.);
#473=FACE_OUTER_BOUND('',#617,.T.);
#474=FACE_OUTER_BOUND('',#618,.T.);
#475=FACE_OUTER_BOUND('',#619,.T.);
#476=FACE_OUTER_BOUND('',#620,.T.);
#477=FACE_OUTER_BOUND('',#621,.T.);
#478=FACE_OUTER_BOUND('',#622,.T.);
#479=FACE_OUTER_BOUND('',#623,.T.);
#480=FACE_OUTER_BOUND('',#625,.T.);
#481=FACE_OUTER_BOUND('',#627,.T.);
#482=FACE_OUTER_BOUND('',#628,.T.);
#483=FACE_OUTER_BOUND('',#629,.T.);
#484=FACE_OUTER_BOUND('',#630,.T.);
#485=FACE_OUTER_BOUND('',#631,.T.);
#486=FACE_OUTER_BOUND('',#632,.T.);
#487=FACE_OUTER_BOUND('',#633,.T.);
#488=FACE_OUTER_BOUND('',#634,.T.);
#489=FACE_OUTER_BOUND('',#635,.T.);
#490=FACE_OUTER_BOUND('',#636,.T.);
#491=FACE_OUTER_BOUND('',#637,.T.);
#492=FACE_OUTER_BOUND('',#638,.T.);
#493=FACE_OUTER_BOUND('',#639,.T.);
#494=FACE_OUTER_BOUND('',#640,.T.);
#495=FACE_OUTER_BOUND('',#641,.T.);
#496=FACE_OUTER_BOUND('',#642,.T.);
#497=FACE_OUTER_BOUND('',#643,.T.);
#498=FACE_OUTER_BOUND('',#644,.T.);
#499=FACE_OUTER_BOUND('',#645,.T.);
#500=FACE_OUTER_BOUND('',#646,.T.);
#501=FACE_OUTER_BOUND('',#647,.T.);
#502=FACE_OUTER_BOUND('',#648,.T.);
#503=FACE_OUTER_BOUND('',#649,.T.);
#504=FACE_OUTER_BOUND('',#650,.T.);
#505=FACE_OUTER_BOUND('',#651,.T.);
#506=FACE_OUTER_BOUND('',#652,.T.);
#507=FACE_OUTER_BOUND('',#653,.T.);
#508=FACE_OUTER_BOUND('',#654,.T.);
#509=FACE_OUTER_BOUND('',#655,.T.);
#510=FACE_OUTER_BOUND('',#656,.T.);
#511=FACE_OUTER_BOUND('',#657,.T.);
#512=FACE_OUTER_BOUND('',#658,.T.);
#513=FACE_OUTER_BOUND('',#659,.T.);
#514=FACE_OUTER_BOUND('',#660,.T.);
#515=FACE_OUTER_BOUND('',#661,.T.);
#516=FACE_OUTER_BOUND('',#662,.T.);
#517=FACE_OUTER_BOUND('',#663,.T.);
#518=FACE_OUTER_BOUND('',#664,.T.);
#519=FACE_OUTER_BOUND('',#665,.T.);
#520=FACE_OUTER_BOUND('',#666,.T.);
#521=FACE_OUTER_BOUND('',#667,.T.);
#522=FACE_OUTER_BOUND('',#668,.T.);
#523=FACE_OUTER_BOUND('',#670,.T.);
#524=FACE_OUTER_BOUND('',#672,.T.);
#525=FACE_OUTER_BOUND('',#674,.T.);
#526=FACE_OUTER_BOUND('',#676,.T.);
#527=FACE_OUTER_BOUND('',#677,.T.);
#528=FACE_OUTER_BOUND('',#678,.T.);
#529=FACE_OUTER_BOUND('',#679,.T.);
#530=FACE_OUTER_BOUND('',#680,.T.);
#531=FACE_OUTER_BOUND('',#681,.T.);
#532=FACE_OUTER_BOUND('',#682,.T.);
#533=FACE_OUTER_BOUND('',#683,.T.);
#534=FACE_OUTER_BOUND('',#684,.T.);
#535=FACE_OUTER_BOUND('',#685,.T.);
#536=FACE_OUTER_BOUND('',#686,.T.);
#537=FACE_OUTER_BOUND('',#687,.T.);
#538=FACE_OUTER_BOUND('',#688,.T.);
#539=FACE_OUTER_BOUND('',#689,.T.);
#540=FACE_OUTER_BOUND('',#690,.T.);
#541=FACE_OUTER_BOUND('',#691,.T.);
#542=FACE_OUTER_BOUND('',#692,.T.);
#543=FACE_OUTER_BOUND('',#693,.T.);
#544=FACE_OUTER_BOUND('',#694,.T.);
#545=FACE_OUTER_BOUND('',#695,.T.);
#546=FACE_OUTER_BOUND('',#696,.T.);
#547=FACE_OUTER_BOUND('',#697,.T.);
#548=FACE_OUTER_BOUND('',#698,.T.);
#549=FACE_OUTER_BOUND('',#699,.T.);
#550=FACE_OUTER_BOUND('',#700,.T.);
#551=FACE_OUTER_BOUND('',#701,.T.);
#552=FACE_OUTER_BOUND('',#702,.T.);
#553=FACE_OUTER_BOUND('',#703,.T.);
#554=FACE_OUTER_BOUND('',#704,.T.);
#555=FACE_OUTER_BOUND('',#705,.T.);
#556=FACE_OUTER_BOUND('',#706,.T.);
#557=FACE_OUTER_BOUND('',#707,.T.);
#558=FACE_OUTER_BOUND('',#708,.T.);
#559=FACE_OUTER_BOUND('',#709,.T.);
#560=FACE_OUTER_BOUND('',#710,.T.);
#561=FACE_OUTER_BOUND('',#711,.T.);
#562=FACE_OUTER_BOUND('',#712,.T.);
#563=FACE_OUTER_BOUND('',#713,.T.);
#564=FACE_OUTER_BOUND('',#714,.T.);
#565=FACE_OUTER_BOUND('',#715,.T.);
#566=FACE_OUTER_BOUND('',#716,.T.);
#567=FACE_OUTER_BOUND('',#717,.T.);
#568=FACE_OUTER_BOUND('',#718,.T.);
#569=FACE_OUTER_BOUND('',#719,.T.);
#570=FACE_OUTER_BOUND('',#720,.T.);
#571=FACE_OUTER_BOUND('',#721,.T.);
#572=FACE_OUTER_BOUND('',#722,.T.);
#573=FACE_OUTER_BOUND('',#723,.T.);
#574=FACE_OUTER_BOUND('',#724,.T.);
#575=FACE_OUTER_BOUND('',#725,.T.);
#576=FACE_OUTER_BOUND('',#726,.T.);
#577=FACE_OUTER_BOUND('',#727,.T.);
#578=FACE_OUTER_BOUND('',#728,.T.);
#579=FACE_OUTER_BOUND('',#730,.T.);
#580=FACE_OUTER_BOUND('',#732,.T.);
#581=FACE_OUTER_BOUND('',#734,.T.);
#582=FACE_OUTER_BOUND('',#736,.T.);
#583=FACE_OUTER_BOUND('',#737,.T.);
#584=FACE_OUTER_BOUND('',#738,.T.);
#585=FACE_OUTER_BOUND('',#739,.T.);
#586=FACE_OUTER_BOUND('',#740,.T.);
#587=FACE_OUTER_BOUND('',#741,.T.);
#588=FACE_OUTER_BOUND('',#742,.T.);
#589=FACE_OUTER_BOUND('',#743,.T.);
#590=FACE_OUTER_BOUND('',#744,.T.);
#591=FACE_OUTER_BOUND('',#745,.T.);
#592=FACE_OUTER_BOUND('',#746,.T.);
#593=FACE_OUTER_BOUND('',#747,.T.);
#594=FACE_OUTER_BOUND('',#748,.T.);
#595=FACE_OUTER_BOUND('',#749,.T.);
#596=FACE_OUTER_BOUND('',#750,.T.);
#597=FACE_OUTER_BOUND('',#751,.T.);
#598=FACE_OUTER_BOUND('',#752,.T.);
#599=EDGE_LOOP('',(#1423,#1424,#1425,#1426));
#600=EDGE_LOOP('',(#1427,#1428,#1429,#1430));
#601=EDGE_LOOP('',(#1431,#1432,#1433,#1434));
#602=EDGE_LOOP('',(#1435,#1436,#1437,#1438));
#603=EDGE_LOOP('',(#1439,#1440,#1441,#1442));
#604=EDGE_LOOP('',(#1443,#1444,#1445,#1446));
#605=EDGE_LOOP('',(#1447,#1448,#1449,#1450));
#606=EDGE_LOOP('',(#1451,#1452,#1453,#1454));
#607=EDGE_LOOP('',(#1455,#1456,#1457,#1458,#1459));
#608=EDGE_LOOP('',(#1460,#1461,#1462,#1463,#1464,#1465));
#609=EDGE_LOOP('',(#1466,#1467,#1468,#1469,#1470));
#610=EDGE_LOOP('',(#1471,#1472,#1473,#1474));
#611=EDGE_LOOP('',(#1475));
#612=EDGE_LOOP('',(#1476));
#613=EDGE_LOOP('',(#1477));
#614=EDGE_LOOP('',(#1478));
#615=EDGE_LOOP('',(#1479,#1480,#1481,#1482));
#616=EDGE_LOOP('',(#1483,#1484,#1485,#1486,#1487));
#617=EDGE_LOOP('',(#1488,#1489,#1490,#1491));
#618=EDGE_LOOP('',(#1492,#1493,#1494,#1495));
#619=EDGE_LOOP('',(#1496,#1497,#1498,#1499,#1500));
#620=EDGE_LOOP('',(#1501,#1502,#1503,#1504,#1505));
#621=EDGE_LOOP('',(#1506,#1507,#1508,#1509));
#622=EDGE_LOOP('',(#1510,#1511,#1512,#1513,#1514));
#623=EDGE_LOOP('',(#1515));
#624=EDGE_LOOP('',(#1516));
#625=EDGE_LOOP('',(#1517));
#626=EDGE_LOOP('',(#1518));
#627=EDGE_LOOP('',(#1519,#1520));
#628=EDGE_LOOP('',(#1521,#1522));
#629=EDGE_LOOP('',(#1523,#1524));
#630=EDGE_LOOP('',(#1525,#1526));
#631=EDGE_LOOP('',(#1527,#1528));
#632=EDGE_LOOP('',(#1529,#1530));
#633=EDGE_LOOP('',(#1531,#1532,#1533,#1534));
#634=EDGE_LOOP('',(#1535,#1536,#1537,#1538,#1539));
#635=EDGE_LOOP('',(#1540,#1541,#1542,#1543));
#636=EDGE_LOOP('',(#1544,#1545,#1546,#1547));
#637=EDGE_LOOP('',(#1548,#1549,#1550,#1551));
#638=EDGE_LOOP('',(#1552,#1553,#1554,#1555));
#639=EDGE_LOOP('',(#1556,#1557,#1558,#1559));
#640=EDGE_LOOP('',(#1560,#1561,#1562,#1563));
#641=EDGE_LOOP('',(#1564,#1565,#1566,#1567));
#642=EDGE_LOOP('',(#1568,#1569,#1570,#1571,#1572,#1573,#1574,#1575,#1576,
#1577,#1578,#1579,#1580,#1581,#1582,#1583,#1584));
#643=EDGE_LOOP('',(#1585,#1586,#1587,#1588,#1589,#1590,#1591,#1592,#1593,
#1594,#1595,#1596,#1597,#1598,#1599,#1600));
#644=EDGE_LOOP('',(#1601,#1602,#1603,#1604));
#645=EDGE_LOOP('',(#1605,#1606,#1607,#1608));
#646=EDGE_LOOP('',(#1609,#1610,#1611,#1612));
#647=EDGE_LOOP('',(#1613,#1614,#1615,#1616));
#648=EDGE_LOOP('',(#1617,#1618,#1619,#1620));
#649=EDGE_LOOP('',(#1621,#1622,#1623,#1624));
#650=EDGE_LOOP('',(#1625,#1626,#1627,#1628));
#651=EDGE_LOOP('',(#1629,#1630,#1631,#1632));
#652=EDGE_LOOP('',(#1633,#1634,#1635,#1636));
#653=EDGE_LOOP('',(#1637,#1638,#1639,#1640));
#654=EDGE_LOOP('',(#1641,#1642,#1643,#1644));
#655=EDGE_LOOP('',(#1645,#1646,#1647,#1648));
#656=EDGE_LOOP('',(#1649,#1650,#1651,#1652));
#657=EDGE_LOOP('',(#1653,#1654,#1655,#1656));
#658=EDGE_LOOP('',(#1657,#1658,#1659,#1660));
#659=EDGE_LOOP('',(#1661,#1662,#1663,#1664));
#660=EDGE_LOOP('',(#1665,#1666,#1667,#1668));
#661=EDGE_LOOP('',(#1669,#1670,#1671,#1672));
#662=EDGE_LOOP('',(#1673,#1674,#1675,#1676));
#663=EDGE_LOOP('',(#1677,#1678,#1679,#1680));
#664=EDGE_LOOP('',(#1681,#1682,#1683,#1684));
#665=EDGE_LOOP('',(#1685,#1686,#1687,#1688));
#666=EDGE_LOOP('',(#1689,#1690,#1691,#1692));
#667=EDGE_LOOP('',(#1693,#1694,#1695,#1696));
#668=EDGE_LOOP('',(#1697));
#669=EDGE_LOOP('',(#1698));
#670=EDGE_LOOP('',(#1699));
#671=EDGE_LOOP('',(#1700));
#672=EDGE_LOOP('',(#1701));
#673=EDGE_LOOP('',(#1702));
#674=EDGE_LOOP('',(#1703));
#675=EDGE_LOOP('',(#1704));
#676=EDGE_LOOP('',(#1705,#1706,#1707,#1708,#1709,#1710));
#677=EDGE_LOOP('',(#1711,#1712,#1713,#1714,#1715));
#678=EDGE_LOOP('',(#1716,#1717,#1718,#1719,#1720));
#679=EDGE_LOOP('',(#1721,#1722,#1723,#1724));
#680=EDGE_LOOP('',(#1725,#1726,#1727,#1728,#1729));
#681=EDGE_LOOP('',(#1730,#1731,#1732,#1733,#1734));
#682=EDGE_LOOP('',(#1735,#1736,#1737,#1738));
#683=EDGE_LOOP('',(#1739,#1740,#1741,#1742,#1743));
#684=EDGE_LOOP('',(#1744,#1745,#1746,#1747,#1748));
#685=EDGE_LOOP('',(#1749,#1750,#1751,#1752,#1753));
#686=EDGE_LOOP('',(#1754,#1755,#1756,#1757,#1758));
#687=EDGE_LOOP('',(#1759,#1760,#1761,#1762));
#688=EDGE_LOOP('',(#1763,#1764,#1765,#1766,#1767));
#689=EDGE_LOOP('',(#1768,#1769,#1770,#1771,#1772));
#690=EDGE_LOOP('',(#1773,#1774,#1775,#1776));
#691=EDGE_LOOP('',(#1777,#1778,#1779,#1780,#1781));
#692=EDGE_LOOP('',(#1782,#1783,#1784,#1785,#1786));
#693=EDGE_LOOP('',(#1787,#1788,#1789,#1790));
#694=EDGE_LOOP('',(#1791,#1792,#1793,#1794,#1795));
#695=EDGE_LOOP('',(#1796,#1797,#1798,#1799));
#696=EDGE_LOOP('',(#1800,#1801,#1802,#1803));
#697=EDGE_LOOP('',(#1804,#1805,#1806,#1807));
#698=EDGE_LOOP('',(#1808,#1809,#1810,#1811));
#699=EDGE_LOOP('',(#1812,#1813,#1814,#1815));
#700=EDGE_LOOP('',(#1816,#1817,#1818,#1819));
#701=EDGE_LOOP('',(#1820,#1821,#1822,#1823));
#702=EDGE_LOOP('',(#1824,#1825,#1826,#1827,#1828,#1829,#1830,#1831,#1832,
#1833,#1834,#1835,#1836,#1837,#1838,#1839,#1840));
#703=EDGE_LOOP('',(#1841,#1842,#1843,#1844,#1845,#1846,#1847,#1848,#1849,
#1850,#1851,#1852,#1853,#1854,#1855,#1856));
#704=EDGE_LOOP('',(#1857,#1858,#1859,#1860));
#705=EDGE_LOOP('',(#1861,#1862,#1863,#1864));
#706=EDGE_LOOP('',(#1865,#1866,#1867,#1868));
#707=EDGE_LOOP('',(#1869,#1870,#1871,#1872));
#708=EDGE_LOOP('',(#1873,#1874,#1875,#1876));
#709=EDGE_LOOP('',(#1877,#1878,#1879,#1880));
#710=EDGE_LOOP('',(#1881,#1882,#1883,#1884));
#711=EDGE_LOOP('',(#1885,#1886,#1887,#1888));
#712=EDGE_LOOP('',(#1889,#1890,#1891,#1892));
#713=EDGE_LOOP('',(#1893,#1894,#1895,#1896));
#714=EDGE_LOOP('',(#1897,#1898,#1899,#1900));
#715=EDGE_LOOP('',(#1901,#1902,#1903,#1904));
#716=EDGE_LOOP('',(#1905,#1906,#1907,#1908));
#717=EDGE_LOOP('',(#1909,#1910,#1911,#1912));
#718=EDGE_LOOP('',(#1913,#1914,#1915,#1916));
#719=EDGE_LOOP('',(#1917,#1918,#1919,#1920));
#720=EDGE_LOOP('',(#1921,#1922,#1923,#1924));
#721=EDGE_LOOP('',(#1925,#1926,#1927,#1928));
#722=EDGE_LOOP('',(#1929,#1930,#1931,#1932));
#723=EDGE_LOOP('',(#1933,#1934,#1935,#1936));
#724=EDGE_LOOP('',(#1937,#1938,#1939,#1940));
#725=EDGE_LOOP('',(#1941,#1942,#1943,#1944));
#726=EDGE_LOOP('',(#1945,#1946,#1947,#1948));
#727=EDGE_LOOP('',(#1949,#1950,#1951,#1952));
#728=EDGE_LOOP('',(#1953));
#729=EDGE_LOOP('',(#1954));
#730=EDGE_LOOP('',(#1955));
#731=EDGE_LOOP('',(#1956));
#732=EDGE_LOOP('',(#1957));
#733=EDGE_LOOP('',(#1958));
#734=EDGE_LOOP('',(#1959));
#735=EDGE_LOOP('',(#1960));
#736=EDGE_LOOP('',(#1961,#1962,#1963,#1964,#1965,#1966));
#737=EDGE_LOOP('',(#1967,#1968,#1969,#1970,#1971));
#738=EDGE_LOOP('',(#1972,#1973,#1974,#1975,#1976));
#739=EDGE_LOOP('',(#1977,#1978,#1979,#1980));
#740=EDGE_LOOP('',(#1981,#1982,#1983,#1984,#1985));
#741=EDGE_LOOP('',(#1986,#1987,#1988,#1989,#1990));
#742=EDGE_LOOP('',(#1991,#1992,#1993,#1994));
#743=EDGE_LOOP('',(#1995,#1996,#1997,#1998,#1999));
#744=EDGE_LOOP('',(#2000,#2001,#2002,#2003,#2004));
#745=EDGE_LOOP('',(#2005,#2006,#2007,#2008,#2009));
#746=EDGE_LOOP('',(#2010,#2011,#2012,#2013,#2014));
#747=EDGE_LOOP('',(#2015,#2016,#2017,#2018));
#748=EDGE_LOOP('',(#2019,#2020,#2021,#2022,#2023));
#749=EDGE_LOOP('',(#2024,#2025,#2026,#2027,#2028));
#750=EDGE_LOOP('',(#2029,#2030,#2031,#2032));
#751=EDGE_LOOP('',(#2033,#2034,#2035,#2036,#2037));
#752=EDGE_LOOP('',(#2038,#2039,#2040,#2041,#2042));
#753=CIRCLE('',#2228,8.);
#754=CIRCLE('',#2229,0.25);
#755=CIRCLE('',#2230,7.75);
#756=CIRCLE('',#2232,8.);
#757=CIRCLE('',#2234,7.75);
#758=CIRCLE('',#2235,0.25);
#759=CIRCLE('',#2237,7.);
#760=CIRCLE('',#2238,7.);
#761=CIRCLE('',#2240,7.02170602220836);
#762=CIRCLE('',#2241,0.125);
#763=CIRCLE('',#2243,6.6);
#764=CIRCLE('',#2245,6.6);
#765=CIRCLE('',#2247,6.6);
#766=CIRCLE('',#2248,1.5625);
#767=CIRCLE('',#2250,6.6);
#768=CIRCLE('',#2251,6.6);
#769=CIRCLE('',#2253,7.02170602220836);
#770=CIRCLE('',#2254,7.02170602220836);
#771=CIRCLE('',#2256,7.);
#772=CIRCLE('',#2257,0.125);
#773=CIRCLE('',#2259,7.);
#774=CIRCLE('',#2263,4.375);
#775=CIRCLE('',#2264,1.5625);
#776=CIRCLE('',#2265,4.375);
#777=CIRCLE('',#2267,4.375);
#778=CIRCLE('',#2268,4.375);
#779=CIRCLE('',#2269,4.22499999999999);
#780=CIRCLE('',#2271,2.5);
#781=CIRCLE('',#2272,2.65);
#782=CIRCLE('',#2274,4.375);
#783=CIRCLE('',#2275,4.225);
#784=CIRCLE('',#2277,2.5);
#785=CIRCLE('',#2278,2.5);
#786=CIRCLE('',#2279,2.65);
#787=CIRCLE('',#2286,1.5625);
#788=CIRCLE('',#2288,1.5625);
#789=CIRCLE('',#2290,1.5625);
#790=CIRCLE('',#2292,1.5625);
#791=CIRCLE('',#2294,1.5625);
#792=CIRCLE('',#2296,1.5625);
#793=CIRCLE('',#2298,6.99999999999999);
#794=CIRCLE('',#2299,6.99999999999999);
#795=CIRCLE('',#2301,7.);
#796=CIRCLE('',#2302,7.);
#797=CIRCLE('',#2303,1.6);
#798=CIRCLE('',#2304,6.68236279011164);
#799=CIRCLE('',#2306,6.35763834421521);
#800=CIRCLE('',#2307,1.6);
#801=CIRCLE('',#2308,6.03914246535104);
#802=CIRCLE('',#2310,6.2);
#803=CIRCLE('',#2311,6.84);
#804=CIRCLE('',#2313,4.5);
#805=CIRCLE('',#2314,0.0649999999999998);
#806=CIRCLE('',#2315,4.435);
#807=CIRCLE('',#2317,4.435);
#808=CIRCLE('',#2319,4.375);
#809=CIRCLE('',#2320,4.375);
#810=CIRCLE('',#2322,0.125);
#811=CIRCLE('',#2323,4.5);
#812=CIRCLE('',#2326,0.0650000000000002);
#813=CIRCLE('',#2327,7.);
#814=CIRCLE('',#2328,7.);
#815=CIRCLE('',#2329,6.99999999999999);
#816=CIRCLE('',#2330,7.);
#817=CIRCLE('',#2331,6.99999999999999);
#818=CIRCLE('',#2332,7.);
#819=CIRCLE('',#2333,7.);
#820=CIRCLE('',#2334,6.99999999999999);
#821=CIRCLE('',#2335,7.);
#822=CIRCLE('',#2336,6.99999999999999);
#823=CIRCLE('',#2337,7.);
#824=CIRCLE('',#2338,7.);
#825=CIRCLE('',#2340,7.);
#826=CIRCLE('',#2341,6.99999999999999);
#827=CIRCLE('',#2342,7.);
#828=CIRCLE('',#2343,6.99999999999999);
#829=CIRCLE('',#2344,7.);
#830=CIRCLE('',#2345,7.);
#831=CIRCLE('',#2346,0.125);
#832=CIRCLE('',#2347,7.);
#833=CIRCLE('',#2348,7.);
#834=CIRCLE('',#2349,7.);
#835=CIRCLE('',#2350,6.99999999999999);
#836=CIRCLE('',#2351,7.);
#837=CIRCLE('',#2352,6.99999999999999);
#838=CIRCLE('',#2353,7.);
#839=CIRCLE('',#2355,7.);
#840=CIRCLE('',#2357,7.);
#841=CIRCLE('',#2359,7.);
#842=CIRCLE('',#2361,7.);
#843=CIRCLE('',#2363,7.);
#844=CIRCLE('',#2365,6.904);
#845=CIRCLE('',#2367,6.904);
#846=CIRCLE('',#2369,6.904);
#847=CIRCLE('',#2371,6.904);
#848=CIRCLE('',#2373,6.904);
#849=CIRCLE('',#2375,6.904);
#850=CIRCLE('',#2377,6.904);
#851=CIRCLE('',#2379,6.904);
#852=CIRCLE('',#2381,6.904);
#853=CIRCLE('',#2383,6.904);
#854=CIRCLE('',#2390,7.);
#855=CIRCLE('',#2392,6.904);
#856=CIRCLE('',#2394,6.904);
#857=CIRCLE('',#2418,6.99999999999999);
#858=CIRCLE('',#2419,6.99999999999999);
#859=CIRCLE('',#2421,7.);
#860=CIRCLE('',#2422,1.6);
#861=CIRCLE('',#2423,6.68236279011164);
#862=CIRCLE('',#2424,7.);
#863=CIRCLE('',#2426,6.35763834421521);
#864=CIRCLE('',#2427,1.6);
#865=CIRCLE('',#2428,6.03914246535104);
#866=CIRCLE('',#2430,6.2);
#867=CIRCLE('',#2431,6.84);
#868=CIRCLE('',#2433,4.5);
#869=CIRCLE('',#2434,0.0649999999999998);
#870=CIRCLE('',#2435,4.435);
#871=CIRCLE('',#2437,4.435);
#872=CIRCLE('',#2439,4.375);
#873=CIRCLE('',#2440,4.375);
#874=CIRCLE('',#2442,0.125);
#875=CIRCLE('',#2443,4.5);
#876=CIRCLE('',#2446,0.0650000000000002);
#877=CIRCLE('',#2447,7.);
#878=CIRCLE('',#2448,7.);
#879=CIRCLE('',#2449,6.99999999999999);
#880=CIRCLE('',#2450,7.);
#881=CIRCLE('',#2451,6.99999999999999);
#882=CIRCLE('',#2452,7.);
#883=CIRCLE('',#2453,7.);
#884=CIRCLE('',#2454,6.99999999999999);
#885=CIRCLE('',#2455,7.);
#886=CIRCLE('',#2456,6.99999999999999);
#887=CIRCLE('',#2457,7.);
#888=CIRCLE('',#2458,7.);
#889=CIRCLE('',#2460,7.);
#890=CIRCLE('',#2461,6.99999999999999);
#891=CIRCLE('',#2462,7.);
#892=CIRCLE('',#2463,6.99999999999999);
#893=CIRCLE('',#2464,7.);
#894=CIRCLE('',#2465,7.);
#895=CIRCLE('',#2466,0.125);
#896=CIRCLE('',#2467,7.);
#897=CIRCLE('',#2468,7.);
#898=CIRCLE('',#2469,7.);
#899=CIRCLE('',#2470,6.99999999999999);
#900=CIRCLE('',#2471,7.);
#901=CIRCLE('',#2472,6.99999999999999);
#902=CIRCLE('',#2473,7.);
#903=CIRCLE('',#2475,7.);
#904=CIRCLE('',#2477,7.);
#905=CIRCLE('',#2479,7.);
#906=CIRCLE('',#2481,7.);
#907=CIRCLE('',#2483,7.);
#908=CIRCLE('',#2485,6.904);
#909=CIRCLE('',#2487,6.904);
#910=CIRCLE('',#2489,6.904);
#911=CIRCLE('',#2491,6.904);
#912=CIRCLE('',#2493,6.904);
#913=CIRCLE('',#2495,6.904);
#914=CIRCLE('',#2497,6.904);
#915=CIRCLE('',#2499,6.904);
#916=CIRCLE('',#2501,6.904);
#917=CIRCLE('',#2503,6.904);
#918=CIRCLE('',#2510,7.);
#919=CIRCLE('',#2512,6.904);
#920=CIRCLE('',#2514,6.904);
#921=VERTEX_POINT('',#3309);
#922=VERTEX_POINT('',#3311);
#923=VERTEX_POINT('',#3315);
#924=VERTEX_POINT('',#3319);
#925=VERTEX_POINT('',#3323);
#926=VERTEX_POINT('',#3325);
#927=VERTEX_POINT('',#3329);
#928=VERTEX_POINT('',#3333);
#929=VERTEX_POINT('',#3337);
#930=VERTEX_POINT('',#3341);
#931=VERTEX_POINT('',#3345);
#932=VERTEX_POINT('',#3346);
#933=VERTEX_POINT('',#3351);
#934=VERTEX_POINT('',#3353);
#935=VERTEX_POINT('',#3357);
#936=VERTEX_POINT('',#3361);
#937=VERTEX_POINT('',#3367);
#938=VERTEX_POINT('',#3369);
#939=VERTEX_POINT('',#3373);
#940=VERTEX_POINT('',#3374);
#941=VERTEX_POINT('',#3377);
#942=VERTEX_POINT('',#3381);
#943=VERTEX_POINT('',#3383);
#944=VERTEX_POINT('',#3387);
#945=VERTEX_POINT('',#3389);
#946=VERTEX_POINT('',#3393);
#947=VERTEX_POINT('',#3394);
#948=VERTEX_POINT('',#3397);
#949=VERTEX_POINT('',#3409);
#950=VERTEX_POINT('',#3410);
#951=VERTEX_POINT('',#3413);
#952=VERTEX_POINT('',#3414);
#953=VERTEX_POINT('',#3417);
#954=VERTEX_POINT('',#3418);
#955=VERTEX_POINT('',#3421);
#956=VERTEX_POINT('',#3422);
#957=VERTEX_POINT('',#3425);
#958=VERTEX_POINT('',#3426);
#959=VERTEX_POINT('',#3429);
#960=VERTEX_POINT('',#3430);
#961=VERTEX_POINT('',#3433);
#962=VERTEX_POINT('',#3434);
#963=VERTEX_POINT('',#3436);
#964=VERTEX_POINT('',#3438);
#965=VERTEX_POINT('',#3442);
#966=VERTEX_POINT('',#3443);
#967=VERTEX_POINT('',#3446);
#968=VERTEX_POINT('',#3450);
#969=VERTEX_POINT('',#3452);
#970=VERTEX_POINT('',#3456);
#971=VERTEX_POINT('',#3458);
#972=VERTEX_POINT('',#3462);
#973=VERTEX_POINT('',#3464);
#974=VERTEX_POINT('',#3468);
#975=VERTEX_POINT('',#3472);
#976=VERTEX_POINT('',#3474);
#977=VERTEX_POINT('',#3478);
#978=VERTEX_POINT('',#3484);
#979=VERTEX_POINT('',#3486);
#980=VERTEX_POINT('',#3488);
#981=VERTEX_POINT('',#3490);
#982=VERTEX_POINT('',#3492);
#983=VERTEX_POINT('',#3494);
#984=VERTEX_POINT('',#3497);
#985=VERTEX_POINT('',#3499);
#986=VERTEX_POINT('',#3501);
#987=VERTEX_POINT('',#3503);
#988=VERTEX_POINT('',#3505);
#989=VERTEX_POINT('',#3509);
#990=VERTEX_POINT('',#3511);
#991=VERTEX_POINT('',#3513);
#992=VERTEX_POINT('',#3515);
#993=VERTEX_POINT('',#3517);
#994=VERTEX_POINT('',#3519);
#995=VERTEX_POINT('',#3521);
#996=VERTEX_POINT('',#3524);
#997=VERTEX_POINT('',#3526);
#998=VERTEX_POINT('',#3528);
#999=VERTEX_POINT('',#3530);
#1000=VERTEX_POINT('',#3532);
#1001=VERTEX_POINT('',#3536);
#1002=VERTEX_POINT('',#3538);
#1003=VERTEX_POINT('',#3542);
#1004=VERTEX_POINT('',#3544);
#1005=VERTEX_POINT('',#3548);
#1006=VERTEX_POINT('',#3550);
#1007=VERTEX_POINT('',#3554);
#1008=VERTEX_POINT('',#3556);
#1009=VERTEX_POINT('',#3560);
#1010=VERTEX_POINT('',#3562);
#1011=VERTEX_POINT('',#3566);
#1012=VERTEX_POINT('',#3568);
#1013=VERTEX_POINT('',#3572);
#1014=VERTEX_POINT('',#3574);
#1015=VERTEX_POINT('',#3578);
#1016=VERTEX_POINT('',#3580);
#1017=VERTEX_POINT('',#3584);
#1018=VERTEX_POINT('',#3586);
#1019=VERTEX_POINT('',#3590);
#1020=VERTEX_POINT('',#3592);
#1021=VERTEX_POINT('',#3596);
#1022=VERTEX_POINT('',#3598);
#1023=VERTEX_POINT('',#3602);
#1024=VERTEX_POINT('',#3604);
#1025=VERTEX_POINT('',#3608);
#1026=VERTEX_POINT('',#3610);
#1027=VERTEX_POINT('',#3614);
#1028=VERTEX_POINT('',#3616);
#1029=VERTEX_POINT('',#3620);
#1030=VERTEX_POINT('',#3622);
#1031=VERTEX_POINT('',#3641);
#1032=VERTEX_POINT('',#3642);
#1033=VERTEX_POINT('',#3647);
#1034=VERTEX_POINT('',#3648);
#1035=VERTEX_POINT('',#3653);
#1036=VERTEX_POINT('',#3654);
#1037=VERTEX_POINT('',#3693);
#1038=VERTEX_POINT('',#3694);
#1039=VERTEX_POINT('',#3696);
#1040=VERTEX_POINT('',#3698);
#1041=VERTEX_POINT('',#3702);
#1042=VERTEX_POINT('',#3703);
#1043=VERTEX_POINT('',#3705);
#1044=VERTEX_POINT('',#3710);
#1045=VERTEX_POINT('',#3712);
#1046=VERTEX_POINT('',#3716);
#1047=VERTEX_POINT('',#3718);
#1048=VERTEX_POINT('',#3722);
#1049=VERTEX_POINT('',#3724);
#1050=VERTEX_POINT('',#3728);
#1051=VERTEX_POINT('',#3732);
#1052=VERTEX_POINT('',#3734);
#1053=VERTEX_POINT('',#3738);
#1054=VERTEX_POINT('',#3744);
#1055=VERTEX_POINT('',#3746);
#1056=VERTEX_POINT('',#3748);
#1057=VERTEX_POINT('',#3750);
#1058=VERTEX_POINT('',#3752);
#1059=VERTEX_POINT('',#3754);
#1060=VERTEX_POINT('',#3757);
#1061=VERTEX_POINT('',#3759);
#1062=VERTEX_POINT('',#3761);
#1063=VERTEX_POINT('',#3763);
#1064=VERTEX_POINT('',#3765);
#1065=VERTEX_POINT('',#3769);
#1066=VERTEX_POINT('',#3771);
#1067=VERTEX_POINT('',#3773);
#1068=VERTEX_POINT('',#3775);
#1069=VERTEX_POINT('',#3777);
#1070=VERTEX_POINT('',#3779);
#1071=VERTEX_POINT('',#3781);
#1072=VERTEX_POINT('',#3784);
#1073=VERTEX_POINT('',#3786);
#1074=VERTEX_POINT('',#3788);
#1075=VERTEX_POINT('',#3790);
#1076=VERTEX_POINT('',#3792);
#1077=VERTEX_POINT('',#3796);
#1078=VERTEX_POINT('',#3798);
#1079=VERTEX_POINT('',#3802);
#1080=VERTEX_POINT('',#3804);
#1081=VERTEX_POINT('',#3808);
#1082=VERTEX_POINT('',#3810);
#1083=VERTEX_POINT('',#3814);
#1084=VERTEX_POINT('',#3816);
#1085=VERTEX_POINT('',#3820);
#1086=VERTEX_POINT('',#3822);
#1087=VERTEX_POINT('',#3826);
#1088=VERTEX_POINT('',#3828);
#1089=VERTEX_POINT('',#3832);
#1090=VERTEX_POINT('',#3834);
#1091=VERTEX_POINT('',#3838);
#1092=VERTEX_POINT('',#3840);
#1093=VERTEX_POINT('',#3844);
#1094=VERTEX_POINT('',#3846);
#1095=VERTEX_POINT('',#3850);
#1096=VERTEX_POINT('',#3852);
#1097=VERTEX_POINT('',#3856);
#1098=VERTEX_POINT('',#3858);
#1099=VERTEX_POINT('',#3862);
#1100=VERTEX_POINT('',#3864);
#1101=VERTEX_POINT('',#3868);
#1102=VERTEX_POINT('',#3870);
#1103=VERTEX_POINT('',#3874);
#1104=VERTEX_POINT('',#3876);
#1105=VERTEX_POINT('',#3880);
#1106=VERTEX_POINT('',#3882);
#1107=VERTEX_POINT('',#3901);
#1108=VERTEX_POINT('',#3902);
#1109=VERTEX_POINT('',#3907);
#1110=VERTEX_POINT('',#3908);
#1111=VERTEX_POINT('',#3913);
#1112=VERTEX_POINT('',#3914);
#1113=EDGE_CURVE('',#921,#921,#753,.T.);
#1114=EDGE_CURVE('',#921,#922,#754,.T.);
#1115=EDGE_CURVE('',#922,#922,#755,.T.);
#1116=EDGE_CURVE('',#923,#923,#756,.T.);
#1117=EDGE_CURVE('',#923,#921,#125,.T.);
#1118=EDGE_CURVE('',#924,#924,#757,.T.);
#1119=EDGE_CURVE('',#924,#923,#758,.T.);
#1120=EDGE_CURVE('',#925,#925,#759,.T.);
#1121=EDGE_CURVE('',#925,#926,#126,.T.);
#1122=EDGE_CURVE('',#926,#926,#760,.T.);
#1123=EDGE_CURVE('',#927,#927,#761,.T.);
#1124=EDGE_CURVE('',#927,#925,#762,.T.);
#1125=EDGE_CURVE('',#928,#928,#763,.T.);
#1126=EDGE_CURVE('',#928,#927,#127,.T.);
#1127=EDGE_CURVE('',#929,#929,#764,.T.);
#1128=EDGE_CURVE('',#929,#928,#128,.T.);
#1129=EDGE_CURVE('',#930,#930,#765,.T.);
#1130=EDGE_CURVE('',#930,#929,#766,.T.);
#1131=EDGE_CURVE('',#931,#932,#767,.T.);
#1132=EDGE_CURVE('',#932,#931,#768,.T.);
#1133=EDGE_CURVE('',#932,#930,#129,.T.);
#1134=EDGE_CURVE('',#931,#933,#130,.T.);
#1135=EDGE_CURVE('',#934,#933,#769,.T.);
#1136=EDGE_CURVE('',#933,#934,#770,.T.);
#1137=EDGE_CURVE('',#935,#935,#771,.T.);
#1138=EDGE_CURVE('',#935,#934,#772,.T.);
#1139=EDGE_CURVE('',#936,#936,#773,.T.);
#1140=EDGE_CURVE('',#936,#935,#131,.T.);
#1141=EDGE_CURVE('',#937,#937,#774,.T.);
#1142=EDGE_CURVE('',#937,#938,#775,.T.);
#1143=EDGE_CURVE('',#938,#938,#776,.T.);
#1144=EDGE_CURVE('',#939,#940,#777,.T.);
#1145=EDGE_CURVE('',#940,#939,#778,.T.);
#1146=EDGE_CURVE('',#940,#941,#132,.T.);
#1147=EDGE_CURVE('',#941,#941,#779,.T.);
#1148=EDGE_CURVE('',#942,#942,#780,.T.);
#1149=EDGE_CURVE('',#942,#943,#133,.T.);
#1150=EDGE_CURVE('',#943,#943,#781,.T.);
#1151=EDGE_CURVE('',#944,#944,#782,.T.);
#1152=EDGE_CURVE('',#944,#945,#134,.T.);
#1153=EDGE_CURVE('',#945,#945,#783,.T.);
#1154=EDGE_CURVE('',#946,#947,#784,.T.);
#1155=EDGE_CURVE('',#947,#946,#785,.T.);
#1156=EDGE_CURVE('',#947,#948,#135,.T.);
#1157=EDGE_CURVE('',#948,#948,#786,.T.);
#1158=EDGE_CURVE('',#939,#937,#136,.T.);
#1159=EDGE_CURVE('',#938,#944,#137,.T.);
#1160=EDGE_CURVE('',#946,#942,#138,.T.);
#1161=EDGE_CURVE('',#949,#950,#787,.T.);
#1162=EDGE_CURVE('',#951,#952,#788,.T.);
#1163=EDGE_CURVE('',#953,#954,#789,.T.);
#1164=EDGE_CURVE('',#955,#956,#790,.T.);
#1165=EDGE_CURVE('',#957,#958,#791,.T.);
#1166=EDGE_CURVE('',#959,#960,#792,.T.);
#1167=EDGE_CURVE('',#961,#962,#793,.T.);
#1168=EDGE_CURVE('',#961,#963,#139,.T.);
#1169=EDGE_CURVE('',#963,#964,#794,.T.);
#1170=EDGE_CURVE('',#962,#964,#140,.T.);
#1171=EDGE_CURVE('',#965,#966,#795,.T.);
#1172=EDGE_CURVE('',#966,#965,#796,.T.);
#1173=EDGE_CURVE('',#966,#967,#797,.T.);
#1174=EDGE_CURVE('',#967,#967,#798,.T.);
#1175=EDGE_CURVE('',#968,#968,#799,.T.);
#1176=EDGE_CURVE('',#968,#969,#800,.T.);
#1177=EDGE_CURVE('',#969,#969,#801,.T.);
#1178=EDGE_CURVE('',#970,#970,#802,.T.);
#1179=EDGE_CURVE('',#970,#971,#141,.T.);
#1180=EDGE_CURVE('',#971,#971,#803,.T.);
#1181=EDGE_CURVE('',#972,#972,#804,.T.);
#1182=EDGE_CURVE('',#972,#973,#805,.T.);
#1183=EDGE_CURVE('',#973,#973,#806,.T.);
#1184=EDGE_CURVE('',#973,#974,#142,.T.);
#1185=EDGE_CURVE('',#974,#974,#807,.T.);
#1186=EDGE_CURVE('',#975,#975,#808,.T.);
#1187=EDGE_CURVE('',#975,#976,#143,.T.);
#1188=EDGE_CURVE('',#976,#976,#809,.T.);
#1189=EDGE_CURVE('',#976,#977,#810,.T.);
#1190=EDGE_CURVE('',#977,#977,#811,.T.);
#1191=EDGE_CURVE('',#967,#968,#144,.T.);
#1192=EDGE_CURVE('',#965,#978,#812,.T.);
#1193=EDGE_CURVE('',#979,#978,#813,.T.);
#1194=EDGE_CURVE('',#980,#979,#814,.T.);
#1195=EDGE_CURVE('',#980,#981,#815,.T.);
#1196=EDGE_CURVE('',#982,#981,#816,.T.);
#1197=EDGE_CURVE('',#982,#983,#817,.T.);
#1198=EDGE_CURVE('',#961,#983,#818,.T.);
#1199=EDGE_CURVE('',#984,#962,#819,.T.);
#1200=EDGE_CURVE('',#984,#985,#820,.T.);
#1201=EDGE_CURVE('',#986,#985,#821,.T.);
#1202=EDGE_CURVE('',#986,#987,#822,.T.);
#1203=EDGE_CURVE('',#988,#987,#823,.T.);
#1204=EDGE_CURVE('',#978,#988,#824,.T.);
#1205=EDGE_CURVE('',#963,#989,#825,.T.);
#1206=EDGE_CURVE('',#990,#989,#826,.T.);
#1207=EDGE_CURVE('',#990,#991,#827,.T.);
#1208=EDGE_CURVE('',#992,#991,#828,.T.);
#1209=EDGE_CURVE('',#992,#993,#829,.T.);
#1210=EDGE_CURVE('',#993,#994,#830,.T.);
#1211=EDGE_CURVE('',#994,#995,#831,.T.);
#1212=EDGE_CURVE('',#995,#995,#832,.T.);
#1213=EDGE_CURVE('',#994,#996,#833,.T.);
#1214=EDGE_CURVE('',#996,#997,#834,.T.);
#1215=EDGE_CURVE('',#998,#997,#835,.T.);
#1216=EDGE_CURVE('',#998,#999,#836,.T.);
#1217=EDGE_CURVE('',#1000,#999,#837,.T.);
#1218=EDGE_CURVE('',#1000,#964,#838,.T.);
#1219=EDGE_CURVE('',#990,#1001,#145,.T.);
#1220=EDGE_CURVE('',#1001,#1002,#839,.T.);
#1221=EDGE_CURVE('',#991,#1002,#146,.T.);
#1222=EDGE_CURVE('',#963,#1003,#147,.T.);
#1223=EDGE_CURVE('',#1003,#1004,#840,.T.);
#1224=EDGE_CURVE('',#989,#1004,#148,.T.);
#1225=EDGE_CURVE('',#1000,#1005,#149,.T.);
#1226=EDGE_CURVE('',#1005,#1006,#841,.T.);
#1227=EDGE_CURVE('',#964,#1006,#150,.T.);
#1228=EDGE_CURVE('',#998,#1007,#151,.T.);
#1229=EDGE_CURVE('',#1007,#1008,#842,.T.);
#1230=EDGE_CURVE('',#999,#1008,#152,.T.);
#1231=EDGE_CURVE('',#996,#1009,#153,.T.);
#1232=EDGE_CURVE('',#1009,#1010,#843,.T.);
#1233=EDGE_CURVE('',#997,#1010,#154,.T.);
#1234=EDGE_CURVE('',#1001,#1011,#155,.T.);
#1235=EDGE_CURVE('',#1011,#1012,#844,.T.);
#1236=EDGE_CURVE('',#1012,#1002,#156,.T.);
#1237=EDGE_CURVE('',#1003,#1013,#157,.T.);
#1238=EDGE_CURVE('',#1013,#1014,#845,.T.);
#1239=EDGE_CURVE('',#1014,#1004,#158,.T.);
#1240=EDGE_CURVE('',#1005,#1015,#159,.T.);
#1241=EDGE_CURVE('',#1015,#1016,#846,.T.);
#1242=EDGE_CURVE('',#1016,#1006,#160,.T.);
#1243=EDGE_CURVE('',#1007,#1017,#161,.T.);
#1244=EDGE_CURVE('',#1017,#1018,#847,.T.);
#1245=EDGE_CURVE('',#1018,#1008,#162,.T.);
#1246=EDGE_CURVE('',#1009,#1019,#163,.T.);
#1247=EDGE_CURVE('',#1019,#1020,#848,.T.);
#1248=EDGE_CURVE('',#1020,#1010,#164,.T.);
#1249=EDGE_CURVE('',#1021,#1011,#165,.T.);
#1250=EDGE_CURVE('',#1021,#1022,#849,.T.);
#1251=EDGE_CURVE('',#1022,#1012,#166,.T.);
#1252=EDGE_CURVE('',#1023,#1013,#167,.T.);
#1253=EDGE_CURVE('',#1023,#1024,#850,.T.);
#1254=EDGE_CURVE('',#1024,#1014,#168,.T.);
#1255=EDGE_CURVE('',#1025,#1015,#169,.T.);
#1256=EDGE_CURVE('',#1025,#1026,#851,.T.);
#1257=EDGE_CURVE('',#1026,#1016,#170,.T.);
#1258=EDGE_CURVE('',#1027,#1017,#171,.T.);
#1259=EDGE_CURVE('',#1027,#1028,#852,.T.);
#1260=EDGE_CURVE('',#1028,#1018,#172,.T.);
#1261=EDGE_CURVE('',#1029,#1019,#173,.T.);
#1262=EDGE_CURVE('',#1029,#1030,#853,.T.);
#1263=EDGE_CURVE('',#1030,#1020,#174,.T.);
#1264=EDGE_CURVE('',#1021,#982,#175,.T.);
#1265=EDGE_CURVE('',#981,#1022,#176,.T.);
#1266=EDGE_CURVE('',#1023,#961,#177,.T.);
#1267=EDGE_CURVE('',#983,#1024,#178,.T.);
#1268=EDGE_CURVE('',#1025,#984,#179,.T.);
#1269=EDGE_CURVE('',#962,#1026,#180,.T.);
#1270=EDGE_CURVE('',#1027,#986,#181,.T.);
#1271=EDGE_CURVE('',#985,#1028,#182,.T.);
#1272=EDGE_CURVE('',#1029,#988,#183,.T.);
#1273=EDGE_CURVE('',#987,#1030,#184,.T.);
#1274=EDGE_CURVE('',#1031,#1032,#854,.T.);
#1275=EDGE_CURVE('',#993,#1032,#185,.T.);
#1276=EDGE_CURVE('',#992,#1031,#186,.T.);
#1277=EDGE_CURVE('',#1033,#1034,#855,.T.);
#1278=EDGE_CURVE('',#1034,#1032,#187,.T.);
#1279=EDGE_CURVE('',#1031,#1033,#188,.T.);
#1280=EDGE_CURVE('',#1035,#1036,#856,.T.);
#1281=EDGE_CURVE('',#1036,#1034,#189,.T.);
#1282=EDGE_CURVE('',#1035,#1033,#190,.T.);
#1283=EDGE_CURVE('',#979,#1036,#191,.T.);
#1284=EDGE_CURVE('',#1035,#980,#192,.T.);
#1285=EDGE_CURVE('',#988,#996,#193,.T.);
#1286=EDGE_CURVE('',#979,#993,#194,.T.);
#1287=EDGE_CURVE('',#986,#998,#195,.T.);
#1288=EDGE_CURVE('',#987,#997,#196,.T.);
#1289=EDGE_CURVE('',#984,#1000,#197,.T.);
#1290=EDGE_CURVE('',#985,#999,#198,.T.);
#1291=EDGE_CURVE('',#982,#990,#199,.T.);
#1292=EDGE_CURVE('',#983,#989,#200,.T.);
#1293=EDGE_CURVE('',#980,#992,#201,.T.);
#1294=EDGE_CURVE('',#981,#991,#202,.T.);
#1295=EDGE_CURVE('',#1037,#1038,#857,.T.);
#1296=EDGE_CURVE('',#1038,#1039,#203,.T.);
#1297=EDGE_CURVE('',#1040,#1039,#858,.T.);
#1298=EDGE_CURVE('',#1037,#1040,#204,.T.);
#1299=EDGE_CURVE('',#1041,#1042,#859,.T.);
#1300=EDGE_CURVE('',#1042,#1043,#860,.T.);
#1301=EDGE_CURVE('',#1043,#1043,#861,.T.);
#1302=EDGE_CURVE('',#1042,#1041,#862,.T.);
#1303=EDGE_CURVE('',#1044,#1044,#863,.T.);
#1304=EDGE_CURVE('',#1044,#1045,#864,.T.);
#1305=EDGE_CURVE('',#1045,#1045,#865,.T.);
#1306=EDGE_CURVE('',#1046,#1046,#866,.T.);
#1307=EDGE_CURVE('',#1046,#1047,#205,.T.);
#1308=EDGE_CURVE('',#1047,#1047,#867,.T.);
#1309=EDGE_CURVE('',#1048,#1048,#868,.T.);
#1310=EDGE_CURVE('',#1048,#1049,#869,.T.);
#1311=EDGE_CURVE('',#1049,#1049,#870,.T.);
#1312=EDGE_CURVE('',#1049,#1050,#206,.T.);
#1313=EDGE_CURVE('',#1050,#1050,#871,.T.);
#1314=EDGE_CURVE('',#1051,#1051,#872,.T.);
#1315=EDGE_CURVE('',#1051,#1052,#207,.T.);
#1316=EDGE_CURVE('',#1052,#1052,#873,.T.);
#1317=EDGE_CURVE('',#1052,#1053,#874,.T.);
#1318=EDGE_CURVE('',#1053,#1053,#875,.T.);
#1319=EDGE_CURVE('',#1043,#1044,#208,.T.);
#1320=EDGE_CURVE('',#1041,#1054,#876,.T.);
#1321=EDGE_CURVE('',#1054,#1055,#877,.T.);
#1322=EDGE_CURVE('',#1055,#1056,#878,.T.);
#1323=EDGE_CURVE('',#1057,#1056,#879,.T.);
#1324=EDGE_CURVE('',#1057,#1058,#880,.T.);
#1325=EDGE_CURVE('',#1059,#1058,#881,.T.);
#1326=EDGE_CURVE('',#1059,#1038,#882,.T.);
#1327=EDGE_CURVE('',#1037,#1060,#883,.T.);
#1328=EDGE_CURVE('',#1061,#1060,#884,.T.);
#1329=EDGE_CURVE('',#1061,#1062,#885,.T.);
#1330=EDGE_CURVE('',#1063,#1062,#886,.T.);
#1331=EDGE_CURVE('',#1063,#1064,#887,.T.);
#1332=EDGE_CURVE('',#1064,#1054,#888,.T.);
#1333=EDGE_CURVE('',#1065,#1039,#889,.T.);
#1334=EDGE_CURVE('',#1065,#1066,#890,.T.);
#1335=EDGE_CURVE('',#1067,#1066,#891,.T.);
#1336=EDGE_CURVE('',#1067,#1068,#892,.T.);
#1337=EDGE_CURVE('',#1069,#1068,#893,.T.);
#1338=EDGE_CURVE('',#1070,#1069,#894,.T.);
#1339=EDGE_CURVE('',#1070,#1071,#895,.T.);
#1340=EDGE_CURVE('',#1071,#1071,#896,.T.);
#1341=EDGE_CURVE('',#1072,#1070,#897,.T.);
#1342=EDGE_CURVE('',#1073,#1072,#898,.T.);
#1343=EDGE_CURVE('',#1073,#1074,#899,.T.);
#1344=EDGE_CURVE('',#1075,#1074,#900,.T.);
#1345=EDGE_CURVE('',#1075,#1076,#901,.T.);
#1346=EDGE_CURVE('',#1040,#1076,#902,.T.);
#1347=EDGE_CURVE('',#1074,#1077,#209,.T.);
#1348=EDGE_CURVE('',#1078,#1077,#903,.T.);
#1349=EDGE_CURVE('',#1075,#1078,#210,.T.);
#1350=EDGE_CURVE('',#1076,#1079,#211,.T.);
#1351=EDGE_CURVE('',#1080,#1079,#904,.T.);
#1352=EDGE_CURVE('',#1040,#1080,#212,.T.);
#1353=EDGE_CURVE('',#1039,#1081,#213,.T.);
#1354=EDGE_CURVE('',#1082,#1081,#905,.T.);
#1355=EDGE_CURVE('',#1065,#1082,#214,.T.);
#1356=EDGE_CURVE('',#1066,#1083,#215,.T.);
#1357=EDGE_CURVE('',#1084,#1083,#906,.T.);
#1358=EDGE_CURVE('',#1067,#1084,#216,.T.);
#1359=EDGE_CURVE('',#1068,#1085,#217,.T.);
#1360=EDGE_CURVE('',#1086,#1085,#907,.T.);
#1361=EDGE_CURVE('',#1069,#1086,#218,.T.);
#1362=EDGE_CURVE('',#1087,#1077,#219,.T.);
#1363=EDGE_CURVE('',#1088,#1087,#908,.T.);
#1364=EDGE_CURVE('',#1078,#1088,#220,.T.);
#1365=EDGE_CURVE('',#1089,#1079,#221,.T.);
#1366=EDGE_CURVE('',#1090,#1089,#909,.T.);
#1367=EDGE_CURVE('',#1080,#1090,#222,.T.);
#1368=EDGE_CURVE('',#1091,#1081,#223,.T.);
#1369=EDGE_CURVE('',#1092,#1091,#910,.T.);
#1370=EDGE_CURVE('',#1082,#1092,#224,.T.);
#1371=EDGE_CURVE('',#1093,#1083,#225,.T.);
#1372=EDGE_CURVE('',#1094,#1093,#911,.T.);
#1373=EDGE_CURVE('',#1084,#1094,#226,.T.);
#1374=EDGE_CURVE('',#1095,#1085,#227,.T.);
#1375=EDGE_CURVE('',#1096,#1095,#912,.T.);
#1376=EDGE_CURVE('',#1086,#1096,#228,.T.);
#1377=EDGE_CURVE('',#1097,#1087,#229,.T.);
#1378=EDGE_CURVE('',#1098,#1097,#913,.T.);
#1379=EDGE_CURVE('',#1098,#1088,#230,.T.);
#1380=EDGE_CURVE('',#1099,#1089,#231,.T.);
#1381=EDGE_CURVE('',#1100,#1099,#914,.T.);
#1382=EDGE_CURVE('',#1100,#1090,#232,.T.);
#1383=EDGE_CURVE('',#1101,#1091,#233,.T.);
#1384=EDGE_CURVE('',#1102,#1101,#915,.T.);
#1385=EDGE_CURVE('',#1102,#1092,#234,.T.);
#1386=EDGE_CURVE('',#1103,#1093,#235,.T.);
#1387=EDGE_CURVE('',#1104,#1103,#916,.T.);
#1388=EDGE_CURVE('',#1104,#1094,#236,.T.);
#1389=EDGE_CURVE('',#1105,#1095,#237,.T.);
#1390=EDGE_CURVE('',#1106,#1105,#917,.T.);
#1391=EDGE_CURVE('',#1106,#1096,#238,.T.);
#1392=EDGE_CURVE('',#1062,#1097,#239,.T.);
#1393=EDGE_CURVE('',#1098,#1061,#240,.T.);
#1394=EDGE_CURVE('',#1060,#1099,#241,.T.);
#1395=EDGE_CURVE('',#1100,#1037,#242,.T.);
#1396=EDGE_CURVE('',#1038,#1101,#243,.T.);
#1397=EDGE_CURVE('',#1102,#1059,#244,.T.);
#1398=EDGE_CURVE('',#1058,#1103,#245,.T.);
#1399=EDGE_CURVE('',#1104,#1057,#246,.T.);
#1400=EDGE_CURVE('',#1056,#1105,#247,.T.);
#1401=EDGE_CURVE('',#1106,#1055,#248,.T.);
#1402=EDGE_CURVE('',#1107,#1108,#918,.T.);
#1403=EDGE_CURVE('',#1073,#1107,#249,.T.);
#1404=EDGE_CURVE('',#1072,#1108,#250,.T.);
#1405=EDGE_CURVE('',#1109,#1110,#919,.T.);
#1406=EDGE_CURVE('',#1107,#1109,#251,.T.);
#1407=EDGE_CURVE('',#1110,#1108,#252,.T.);
#1408=EDGE_CURVE('',#1111,#1112,#920,.T.);
#1409=EDGE_CURVE('',#1111,#1109,#253,.T.);
#1410=EDGE_CURVE('',#1112,#1110,#254,.T.);
#1411=EDGE_CURVE('',#1111,#1063,#255,.T.);
#1412=EDGE_CURVE('',#1064,#1112,#256,.T.);
#1413=EDGE_CURVE('',#1055,#1069,#257,.T.);
#1414=EDGE_CURVE('',#1064,#1072,#258,.T.);
#1415=EDGE_CURVE('',#1057,#1067,#259,.T.);
#1416=EDGE_CURVE('',#1056,#1068,#260,.T.);
#1417=EDGE_CURVE('',#1059,#1065,#261,.T.);
#1418=EDGE_CURVE('',#1058,#1066,#262,.T.);
#1419=EDGE_CURVE('',#1061,#1075,#263,.T.);
#1420=EDGE_CURVE('',#1060,#1076,#264,.T.);
#1421=EDGE_CURVE('',#1063,#1073,#265,.T.);
#1422=EDGE_CURVE('',#1062,#1074,#266,.T.);
#1423=ORIENTED_EDGE('',*,*,#1113,.F.);
#1424=ORIENTED_EDGE('',*,*,#1114,.T.);
#1425=ORIENTED_EDGE('',*,*,#1115,.T.);
#1426=ORIENTED_EDGE('',*,*,#1114,.F.);
#1427=ORIENTED_EDGE('',*,*,#1116,.F.);
#1428=ORIENTED_EDGE('',*,*,#1117,.T.);
#1429=ORIENTED_EDGE('',*,*,#1113,.T.);
#1430=ORIENTED_EDGE('',*,*,#1117,.F.);
#1431=ORIENTED_EDGE('',*,*,#1118,.F.);
#1432=ORIENTED_EDGE('',*,*,#1119,.T.);
#1433=ORIENTED_EDGE('',*,*,#1116,.T.);
#1434=ORIENTED_EDGE('',*,*,#1119,.F.);
#1435=ORIENTED_EDGE('',*,*,#1120,.F.);
#1436=ORIENTED_EDGE('',*,*,#1121,.T.);
#1437=ORIENTED_EDGE('',*,*,#1122,.T.);
#1438=ORIENTED_EDGE('',*,*,#1121,.F.);
#1439=ORIENTED_EDGE('',*,*,#1123,.F.);
#1440=ORIENTED_EDGE('',*,*,#1124,.T.);
#1441=ORIENTED_EDGE('',*,*,#1120,.T.);
#1442=ORIENTED_EDGE('',*,*,#1124,.F.);
#1443=ORIENTED_EDGE('',*,*,#1125,.F.);
#1444=ORIENTED_EDGE('',*,*,#1126,.T.);
#1445=ORIENTED_EDGE('',*,*,#1123,.T.);
#1446=ORIENTED_EDGE('',*,*,#1126,.F.);
#1447=ORIENTED_EDGE('',*,*,#1127,.F.);
#1448=ORIENTED_EDGE('',*,*,#1128,.T.);
#1449=ORIENTED_EDGE('',*,*,#1125,.T.);
#1450=ORIENTED_EDGE('',*,*,#1128,.F.);
#1451=ORIENTED_EDGE('',*,*,#1129,.F.);
#1452=ORIENTED_EDGE('',*,*,#1130,.T.);
#1453=ORIENTED_EDGE('',*,*,#1127,.T.);
#1454=ORIENTED_EDGE('',*,*,#1130,.F.);
#1455=ORIENTED_EDGE('',*,*,#1131,.F.);
#1456=ORIENTED_EDGE('',*,*,#1132,.F.);
#1457=ORIENTED_EDGE('',*,*,#1133,.T.);
#1458=ORIENTED_EDGE('',*,*,#1129,.T.);
#1459=ORIENTED_EDGE('',*,*,#1133,.F.);
#1460=ORIENTED_EDGE('',*,*,#1131,.T.);
#1461=ORIENTED_EDGE('',*,*,#1132,.T.);
#1462=ORIENTED_EDGE('',*,*,#1134,.T.);
#1463=ORIENTED_EDGE('',*,*,#1135,.F.);
#1464=ORIENTED_EDGE('',*,*,#1136,.F.);
#1465=ORIENTED_EDGE('',*,*,#1134,.F.);
#1466=ORIENTED_EDGE('',*,*,#1137,.F.);
#1467=ORIENTED_EDGE('',*,*,#1138,.T.);
#1468=ORIENTED_EDGE('',*,*,#1135,.T.);
#1469=ORIENTED_EDGE('',*,*,#1136,.T.);
#1470=ORIENTED_EDGE('',*,*,#1138,.F.);
#1471=ORIENTED_EDGE('',*,*,#1139,.F.);
#1472=ORIENTED_EDGE('',*,*,#1140,.T.);
#1473=ORIENTED_EDGE('',*,*,#1137,.T.);
#1474=ORIENTED_EDGE('',*,*,#1140,.F.);
#1475=ORIENTED_EDGE('',*,*,#1115,.F.);
#1476=ORIENTED_EDGE('',*,*,#1139,.T.);
#1477=ORIENTED_EDGE('',*,*,#1118,.T.);
#1478=ORIENTED_EDGE('',*,*,#1122,.F.);
#1479=ORIENTED_EDGE('',*,*,#1141,.F.);
#1480=ORIENTED_EDGE('',*,*,#1142,.T.);
#1481=ORIENTED_EDGE('',*,*,#1143,.T.);
#1482=ORIENTED_EDGE('',*,*,#1142,.F.);
#1483=ORIENTED_EDGE('',*,*,#1144,.F.);
#1484=ORIENTED_EDGE('',*,*,#1145,.F.);
#1485=ORIENTED_EDGE('',*,*,#1146,.T.);
#1486=ORIENTED_EDGE('',*,*,#1147,.F.);
#1487=ORIENTED_EDGE('',*,*,#1146,.F.);
#1488=ORIENTED_EDGE('',*,*,#1148,.F.);
#1489=ORIENTED_EDGE('',*,*,#1149,.T.);
#1490=ORIENTED_EDGE('',*,*,#1150,.F.);
#1491=ORIENTED_EDGE('',*,*,#1149,.F.);
#1492=ORIENTED_EDGE('',*,*,#1151,.F.);
#1493=ORIENTED_EDGE('',*,*,#1152,.T.);
#1494=ORIENTED_EDGE('',*,*,#1153,.F.);
#1495=ORIENTED_EDGE('',*,*,#1152,.F.);
#1496=ORIENTED_EDGE('',*,*,#1154,.F.);
#1497=ORIENTED_EDGE('',*,*,#1155,.F.);
#1498=ORIENTED_EDGE('',*,*,#1156,.T.);
#1499=ORIENTED_EDGE('',*,*,#1157,.F.);
#1500=ORIENTED_EDGE('',*,*,#1156,.F.);
#1501=ORIENTED_EDGE('',*,*,#1144,.T.);
#1502=ORIENTED_EDGE('',*,*,#1145,.T.);
#1503=ORIENTED_EDGE('',*,*,#1158,.T.);
#1504=ORIENTED_EDGE('',*,*,#1141,.T.);
#1505=ORIENTED_EDGE('',*,*,#1158,.F.);
#1506=ORIENTED_EDGE('',*,*,#1143,.F.);
#1507=ORIENTED_EDGE('',*,*,#1159,.T.);
#1508=ORIENTED_EDGE('',*,*,#1151,.T.);
#1509=ORIENTED_EDGE('',*,*,#1159,.F.);
#1510=ORIENTED_EDGE('',*,*,#1154,.T.);
#1511=ORIENTED_EDGE('',*,*,#1155,.T.);
#1512=ORIENTED_EDGE('',*,*,#1160,.T.);
#1513=ORIENTED_EDGE('',*,*,#1148,.T.);
#1514=ORIENTED_EDGE('',*,*,#1160,.F.);
#1515=ORIENTED_EDGE('',*,*,#1147,.T.);
#1516=ORIENTED_EDGE('',*,*,#1150,.T.);
#1517=ORIENTED_EDGE('',*,*,#1153,.T.);
#1518=ORIENTED_EDGE('',*,*,#1157,.T.);
#1519=ORIENTED_EDGE('',*,*,#1161,.T.);
#1520=ORIENTED_EDGE('',*,*,#1161,.F.);
#1521=ORIENTED_EDGE('',*,*,#1162,.T.);
#1522=ORIENTED_EDGE('',*,*,#1162,.F.);
#1523=ORIENTED_EDGE('',*,*,#1163,.T.);
#1524=ORIENTED_EDGE('',*,*,#1163,.F.);
#1525=ORIENTED_EDGE('',*,*,#1164,.T.);
#1526=ORIENTED_EDGE('',*,*,#1164,.F.);
#1527=ORIENTED_EDGE('',*,*,#1165,.T.);
#1528=ORIENTED_EDGE('',*,*,#1165,.F.);
#1529=ORIENTED_EDGE('',*,*,#1166,.T.);
#1530=ORIENTED_EDGE('',*,*,#1166,.F.);
#1531=ORIENTED_EDGE('',*,*,#1167,.F.);
#1532=ORIENTED_EDGE('',*,*,#1168,.T.);
#1533=ORIENTED_EDGE('',*,*,#1169,.T.);
#1534=ORIENTED_EDGE('',*,*,#1170,.F.);
#1535=ORIENTED_EDGE('',*,*,#1171,.F.);
#1536=ORIENTED_EDGE('',*,*,#1172,.F.);
#1537=ORIENTED_EDGE('',*,*,#1173,.T.);
#1538=ORIENTED_EDGE('',*,*,#1174,.T.);
#1539=ORIENTED_EDGE('',*,*,#1173,.F.);
#1540=ORIENTED_EDGE('',*,*,#1175,.T.);
#1541=ORIENTED_EDGE('',*,*,#1176,.T.);
#1542=ORIENTED_EDGE('',*,*,#1177,.T.);
#1543=ORIENTED_EDGE('',*,*,#1176,.F.);
#1544=ORIENTED_EDGE('',*,*,#1178,.F.);
#1545=ORIENTED_EDGE('',*,*,#1179,.T.);
#1546=ORIENTED_EDGE('',*,*,#1180,.T.);
#1547=ORIENTED_EDGE('',*,*,#1179,.F.);
#1548=ORIENTED_EDGE('',*,*,#1181,.T.);
#1549=ORIENTED_EDGE('',*,*,#1182,.T.);
#1550=ORIENTED_EDGE('',*,*,#1183,.F.);
#1551=ORIENTED_EDGE('',*,*,#1182,.F.);
#1552=ORIENTED_EDGE('',*,*,#1183,.T.);
#1553=ORIENTED_EDGE('',*,*,#1184,.T.);
#1554=ORIENTED_EDGE('',*,*,#1185,.F.);
#1555=ORIENTED_EDGE('',*,*,#1184,.F.);
#1556=ORIENTED_EDGE('',*,*,#1186,.T.);
#1557=ORIENTED_EDGE('',*,*,#1187,.T.);
#1558=ORIENTED_EDGE('',*,*,#1188,.F.);
#1559=ORIENTED_EDGE('',*,*,#1187,.F.);
#1560=ORIENTED_EDGE('',*,*,#1188,.T.);
#1561=ORIENTED_EDGE('',*,*,#1189,.T.);
#1562=ORIENTED_EDGE('',*,*,#1190,.F.);
#1563=ORIENTED_EDGE('',*,*,#1189,.F.);
#1564=ORIENTED_EDGE('',*,*,#1174,.F.);
#1565=ORIENTED_EDGE('',*,*,#1191,.T.);
#1566=ORIENTED_EDGE('',*,*,#1175,.F.);
#1567=ORIENTED_EDGE('',*,*,#1191,.F.);
#1568=ORIENTED_EDGE('',*,*,#1171,.T.);
#1569=ORIENTED_EDGE('',*,*,#1172,.T.);
#1570=ORIENTED_EDGE('',*,*,#1192,.T.);
#1571=ORIENTED_EDGE('',*,*,#1193,.F.);
#1572=ORIENTED_EDGE('',*,*,#1194,.F.);
#1573=ORIENTED_EDGE('',*,*,#1195,.T.);
#1574=ORIENTED_EDGE('',*,*,#1196,.F.);
#1575=ORIENTED_EDGE('',*,*,#1197,.T.);
#1576=ORIENTED_EDGE('',*,*,#1198,.F.);
#1577=ORIENTED_EDGE('',*,*,#1167,.T.);
#1578=ORIENTED_EDGE('',*,*,#1199,.F.);
#1579=ORIENTED_EDGE('',*,*,#1200,.T.);
#1580=ORIENTED_EDGE('',*,*,#1201,.F.);
#1581=ORIENTED_EDGE('',*,*,#1202,.T.);
#1582=ORIENTED_EDGE('',*,*,#1203,.F.);
#1583=ORIENTED_EDGE('',*,*,#1204,.F.);
#1584=ORIENTED_EDGE('',*,*,#1192,.F.);
#1585=ORIENTED_EDGE('',*,*,#1169,.F.);
#1586=ORIENTED_EDGE('',*,*,#1205,.T.);
#1587=ORIENTED_EDGE('',*,*,#1206,.F.);
#1588=ORIENTED_EDGE('',*,*,#1207,.T.);
#1589=ORIENTED_EDGE('',*,*,#1208,.F.);
#1590=ORIENTED_EDGE('',*,*,#1209,.T.);
#1591=ORIENTED_EDGE('',*,*,#1210,.T.);
#1592=ORIENTED_EDGE('',*,*,#1211,.T.);
#1593=ORIENTED_EDGE('',*,*,#1212,.F.);
#1594=ORIENTED_EDGE('',*,*,#1211,.F.);
#1595=ORIENTED_EDGE('',*,*,#1213,.T.);
#1596=ORIENTED_EDGE('',*,*,#1214,.T.);
#1597=ORIENTED_EDGE('',*,*,#1215,.F.);
#1598=ORIENTED_EDGE('',*,*,#1216,.T.);
#1599=ORIENTED_EDGE('',*,*,#1217,.F.);
#1600=ORIENTED_EDGE('',*,*,#1218,.T.);
#1601=ORIENTED_EDGE('',*,*,#1207,.F.);
#1602=ORIENTED_EDGE('',*,*,#1219,.T.);
#1603=ORIENTED_EDGE('',*,*,#1220,.T.);
#1604=ORIENTED_EDGE('',*,*,#1221,.F.);
#1605=ORIENTED_EDGE('',*,*,#1205,.F.);
#1606=ORIENTED_EDGE('',*,*,#1222,.T.);
#1607=ORIENTED_EDGE('',*,*,#1223,.T.);
#1608=ORIENTED_EDGE('',*,*,#1224,.F.);
#1609=ORIENTED_EDGE('',*,*,#1218,.F.);
#1610=ORIENTED_EDGE('',*,*,#1225,.T.);
#1611=ORIENTED_EDGE('',*,*,#1226,.T.);
#1612=ORIENTED_EDGE('',*,*,#1227,.F.);
#1613=ORIENTED_EDGE('',*,*,#1216,.F.);
#1614=ORIENTED_EDGE('',*,*,#1228,.T.);
#1615=ORIENTED_EDGE('',*,*,#1229,.T.);
#1616=ORIENTED_EDGE('',*,*,#1230,.F.);
#1617=ORIENTED_EDGE('',*,*,#1214,.F.);
#1618=ORIENTED_EDGE('',*,*,#1231,.T.);
#1619=ORIENTED_EDGE('',*,*,#1232,.T.);
#1620=ORIENTED_EDGE('',*,*,#1233,.F.);
#1621=ORIENTED_EDGE('',*,*,#1220,.F.);
#1622=ORIENTED_EDGE('',*,*,#1234,.T.);
#1623=ORIENTED_EDGE('',*,*,#1235,.T.);
#1624=ORIENTED_EDGE('',*,*,#1236,.T.);
#1625=ORIENTED_EDGE('',*,*,#1223,.F.);
#1626=ORIENTED_EDGE('',*,*,#1237,.T.);
#1627=ORIENTED_EDGE('',*,*,#1238,.T.);
#1628=ORIENTED_EDGE('',*,*,#1239,.T.);
#1629=ORIENTED_EDGE('',*,*,#1226,.F.);
#1630=ORIENTED_EDGE('',*,*,#1240,.T.);
#1631=ORIENTED_EDGE('',*,*,#1241,.T.);
#1632=ORIENTED_EDGE('',*,*,#1242,.T.);
#1633=ORIENTED_EDGE('',*,*,#1229,.F.);
#1634=ORIENTED_EDGE('',*,*,#1243,.T.);
#1635=ORIENTED_EDGE('',*,*,#1244,.T.);
#1636=ORIENTED_EDGE('',*,*,#1245,.T.);
#1637=ORIENTED_EDGE('',*,*,#1232,.F.);
#1638=ORIENTED_EDGE('',*,*,#1246,.T.);
#1639=ORIENTED_EDGE('',*,*,#1247,.T.);
#1640=ORIENTED_EDGE('',*,*,#1248,.T.);
#1641=ORIENTED_EDGE('',*,*,#1235,.F.);
#1642=ORIENTED_EDGE('',*,*,#1249,.F.);
#1643=ORIENTED_EDGE('',*,*,#1250,.T.);
#1644=ORIENTED_EDGE('',*,*,#1251,.T.);
#1645=ORIENTED_EDGE('',*,*,#1238,.F.);
#1646=ORIENTED_EDGE('',*,*,#1252,.F.);
#1647=ORIENTED_EDGE('',*,*,#1253,.T.);
#1648=ORIENTED_EDGE('',*,*,#1254,.T.);
#1649=ORIENTED_EDGE('',*,*,#1241,.F.);
#1650=ORIENTED_EDGE('',*,*,#1255,.F.);
#1651=ORIENTED_EDGE('',*,*,#1256,.T.);
#1652=ORIENTED_EDGE('',*,*,#1257,.T.);
#1653=ORIENTED_EDGE('',*,*,#1244,.F.);
#1654=ORIENTED_EDGE('',*,*,#1258,.F.);
#1655=ORIENTED_EDGE('',*,*,#1259,.T.);
#1656=ORIENTED_EDGE('',*,*,#1260,.T.);
#1657=ORIENTED_EDGE('',*,*,#1247,.F.);
#1658=ORIENTED_EDGE('',*,*,#1261,.F.);
#1659=ORIENTED_EDGE('',*,*,#1262,.T.);
#1660=ORIENTED_EDGE('',*,*,#1263,.T.);
#1661=ORIENTED_EDGE('',*,*,#1250,.F.);
#1662=ORIENTED_EDGE('',*,*,#1264,.T.);
#1663=ORIENTED_EDGE('',*,*,#1196,.T.);
#1664=ORIENTED_EDGE('',*,*,#1265,.T.);
#1665=ORIENTED_EDGE('',*,*,#1253,.F.);
#1666=ORIENTED_EDGE('',*,*,#1266,.T.);
#1667=ORIENTED_EDGE('',*,*,#1198,.T.);
#1668=ORIENTED_EDGE('',*,*,#1267,.T.);
#1669=ORIENTED_EDGE('',*,*,#1256,.F.);
#1670=ORIENTED_EDGE('',*,*,#1268,.T.);
#1671=ORIENTED_EDGE('',*,*,#1199,.T.);
#1672=ORIENTED_EDGE('',*,*,#1269,.T.);
#1673=ORIENTED_EDGE('',*,*,#1259,.F.);
#1674=ORIENTED_EDGE('',*,*,#1270,.T.);
#1675=ORIENTED_EDGE('',*,*,#1201,.T.);
#1676=ORIENTED_EDGE('',*,*,#1271,.T.);
#1677=ORIENTED_EDGE('',*,*,#1262,.F.);
#1678=ORIENTED_EDGE('',*,*,#1272,.T.);
#1679=ORIENTED_EDGE('',*,*,#1203,.T.);
#1680=ORIENTED_EDGE('',*,*,#1273,.T.);
#1681=ORIENTED_EDGE('',*,*,#1274,.T.);
#1682=ORIENTED_EDGE('',*,*,#1275,.F.);
#1683=ORIENTED_EDGE('',*,*,#1209,.F.);
#1684=ORIENTED_EDGE('',*,*,#1276,.T.);
#1685=ORIENTED_EDGE('',*,*,#1277,.T.);
#1686=ORIENTED_EDGE('',*,*,#1278,.T.);
#1687=ORIENTED_EDGE('',*,*,#1274,.F.);
#1688=ORIENTED_EDGE('',*,*,#1279,.T.);
#1689=ORIENTED_EDGE('',*,*,#1280,.T.);
#1690=ORIENTED_EDGE('',*,*,#1281,.T.);
#1691=ORIENTED_EDGE('',*,*,#1277,.F.);
#1692=ORIENTED_EDGE('',*,*,#1282,.F.);
#1693=ORIENTED_EDGE('',*,*,#1194,.T.);
#1694=ORIENTED_EDGE('',*,*,#1283,.T.);
#1695=ORIENTED_EDGE('',*,*,#1280,.F.);
#1696=ORIENTED_EDGE('',*,*,#1284,.T.);
#1697=ORIENTED_EDGE('',*,*,#1177,.F.);
#1698=ORIENTED_EDGE('',*,*,#1190,.T.);
#1699=ORIENTED_EDGE('',*,*,#1185,.T.);
#1700=ORIENTED_EDGE('',*,*,#1186,.F.);
#1701=ORIENTED_EDGE('',*,*,#1178,.T.);
#1702=ORIENTED_EDGE('',*,*,#1181,.F.);
#1703=ORIENTED_EDGE('',*,*,#1212,.T.);
#1704=ORIENTED_EDGE('',*,*,#1180,.F.);
#1705=ORIENTED_EDGE('',*,*,#1285,.T.);
#1706=ORIENTED_EDGE('',*,*,#1213,.F.);
#1707=ORIENTED_EDGE('',*,*,#1210,.F.);
#1708=ORIENTED_EDGE('',*,*,#1286,.F.);
#1709=ORIENTED_EDGE('',*,*,#1193,.T.);
#1710=ORIENTED_EDGE('',*,*,#1204,.T.);
#1711=ORIENTED_EDGE('',*,*,#1283,.F.);
#1712=ORIENTED_EDGE('',*,*,#1286,.T.);
#1713=ORIENTED_EDGE('',*,*,#1275,.T.);
#1714=ORIENTED_EDGE('',*,*,#1278,.F.);
#1715=ORIENTED_EDGE('',*,*,#1281,.F.);
#1716=ORIENTED_EDGE('',*,*,#1272,.F.);
#1717=ORIENTED_EDGE('',*,*,#1261,.T.);
#1718=ORIENTED_EDGE('',*,*,#1246,.F.);
#1719=ORIENTED_EDGE('',*,*,#1231,.F.);
#1720=ORIENTED_EDGE('',*,*,#1285,.F.);
#1721=ORIENTED_EDGE('',*,*,#1287,.T.);
#1722=ORIENTED_EDGE('',*,*,#1215,.T.);
#1723=ORIENTED_EDGE('',*,*,#1288,.F.);
#1724=ORIENTED_EDGE('',*,*,#1202,.F.);
#1725=ORIENTED_EDGE('',*,*,#1273,.F.);
#1726=ORIENTED_EDGE('',*,*,#1288,.T.);
#1727=ORIENTED_EDGE('',*,*,#1233,.T.);
#1728=ORIENTED_EDGE('',*,*,#1248,.F.);
#1729=ORIENTED_EDGE('',*,*,#1263,.F.);
#1730=ORIENTED_EDGE('',*,*,#1270,.F.);
#1731=ORIENTED_EDGE('',*,*,#1258,.T.);
#1732=ORIENTED_EDGE('',*,*,#1243,.F.);
#1733=ORIENTED_EDGE('',*,*,#1228,.F.);
#1734=ORIENTED_EDGE('',*,*,#1287,.F.);
#1735=ORIENTED_EDGE('',*,*,#1289,.T.);
#1736=ORIENTED_EDGE('',*,*,#1217,.T.);
#1737=ORIENTED_EDGE('',*,*,#1290,.F.);
#1738=ORIENTED_EDGE('',*,*,#1200,.F.);
#1739=ORIENTED_EDGE('',*,*,#1271,.F.);
#1740=ORIENTED_EDGE('',*,*,#1290,.T.);
#1741=ORIENTED_EDGE('',*,*,#1230,.T.);
#1742=ORIENTED_EDGE('',*,*,#1245,.F.);
#1743=ORIENTED_EDGE('',*,*,#1260,.F.);
#1744=ORIENTED_EDGE('',*,*,#1268,.F.);
#1745=ORIENTED_EDGE('',*,*,#1255,.T.);
#1746=ORIENTED_EDGE('',*,*,#1240,.F.);
#1747=ORIENTED_EDGE('',*,*,#1225,.F.);
#1748=ORIENTED_EDGE('',*,*,#1289,.F.);
#1749=ORIENTED_EDGE('',*,*,#1269,.F.);
#1750=ORIENTED_EDGE('',*,*,#1170,.T.);
#1751=ORIENTED_EDGE('',*,*,#1227,.T.);
#1752=ORIENTED_EDGE('',*,*,#1242,.F.);
#1753=ORIENTED_EDGE('',*,*,#1257,.F.);
#1754=ORIENTED_EDGE('',*,*,#1266,.F.);
#1755=ORIENTED_EDGE('',*,*,#1252,.T.);
#1756=ORIENTED_EDGE('',*,*,#1237,.F.);
#1757=ORIENTED_EDGE('',*,*,#1222,.F.);
#1758=ORIENTED_EDGE('',*,*,#1168,.F.);
#1759=ORIENTED_EDGE('',*,*,#1291,.T.);
#1760=ORIENTED_EDGE('',*,*,#1206,.T.);
#1761=ORIENTED_EDGE('',*,*,#1292,.F.);
#1762=ORIENTED_EDGE('',*,*,#1197,.F.);
#1763=ORIENTED_EDGE('',*,*,#1267,.F.);
#1764=ORIENTED_EDGE('',*,*,#1292,.T.);
#1765=ORIENTED_EDGE('',*,*,#1224,.T.);
#1766=ORIENTED_EDGE('',*,*,#1239,.F.);
#1767=ORIENTED_EDGE('',*,*,#1254,.F.);
#1768=ORIENTED_EDGE('',*,*,#1264,.F.);
#1769=ORIENTED_EDGE('',*,*,#1249,.T.);
#1770=ORIENTED_EDGE('',*,*,#1234,.F.);
#1771=ORIENTED_EDGE('',*,*,#1219,.F.);
#1772=ORIENTED_EDGE('',*,*,#1291,.F.);
#1773=ORIENTED_EDGE('',*,*,#1293,.T.);
#1774=ORIENTED_EDGE('',*,*,#1208,.T.);
#1775=ORIENTED_EDGE('',*,*,#1294,.F.);
#1776=ORIENTED_EDGE('',*,*,#1195,.F.);
#1777=ORIENTED_EDGE('',*,*,#1265,.F.);
#1778=ORIENTED_EDGE('',*,*,#1294,.T.);
#1779=ORIENTED_EDGE('',*,*,#1221,.T.);
#1780=ORIENTED_EDGE('',*,*,#1236,.F.);
#1781=ORIENTED_EDGE('',*,*,#1251,.F.);
#1782=ORIENTED_EDGE('',*,*,#1284,.F.);
#1783=ORIENTED_EDGE('',*,*,#1282,.T.);
#1784=ORIENTED_EDGE('',*,*,#1279,.F.);
#1785=ORIENTED_EDGE('',*,*,#1276,.F.);
#1786=ORIENTED_EDGE('',*,*,#1293,.F.);
#1787=ORIENTED_EDGE('',*,*,#1295,.T.);
#1788=ORIENTED_EDGE('',*,*,#1296,.T.);
#1789=ORIENTED_EDGE('',*,*,#1297,.F.);
#1790=ORIENTED_EDGE('',*,*,#1298,.F.);
#1791=ORIENTED_EDGE('',*,*,#1299,.T.);
#1792=ORIENTED_EDGE('',*,*,#1300,.T.);
#1793=ORIENTED_EDGE('',*,*,#1301,.F.);
#1794=ORIENTED_EDGE('',*,*,#1300,.F.);
#1795=ORIENTED_EDGE('',*,*,#1302,.T.);
#1796=ORIENTED_EDGE('',*,*,#1303,.F.);
#1797=ORIENTED_EDGE('',*,*,#1304,.T.);
#1798=ORIENTED_EDGE('',*,*,#1305,.F.);
#1799=ORIENTED_EDGE('',*,*,#1304,.F.);
#1800=ORIENTED_EDGE('',*,*,#1306,.T.);
#1801=ORIENTED_EDGE('',*,*,#1307,.T.);
#1802=ORIENTED_EDGE('',*,*,#1308,.F.);
#1803=ORIENTED_EDGE('',*,*,#1307,.F.);
#1804=ORIENTED_EDGE('',*,*,#1309,.F.);
#1805=ORIENTED_EDGE('',*,*,#1310,.T.);
#1806=ORIENTED_EDGE('',*,*,#1311,.T.);
#1807=ORIENTED_EDGE('',*,*,#1310,.F.);
#1808=ORIENTED_EDGE('',*,*,#1311,.F.);
#1809=ORIENTED_EDGE('',*,*,#1312,.T.);
#1810=ORIENTED_EDGE('',*,*,#1313,.T.);
#1811=ORIENTED_EDGE('',*,*,#1312,.F.);
#1812=ORIENTED_EDGE('',*,*,#1314,.F.);
#1813=ORIENTED_EDGE('',*,*,#1315,.T.);
#1814=ORIENTED_EDGE('',*,*,#1316,.T.);
#1815=ORIENTED_EDGE('',*,*,#1315,.F.);
#1816=ORIENTED_EDGE('',*,*,#1316,.F.);
#1817=ORIENTED_EDGE('',*,*,#1317,.T.);
#1818=ORIENTED_EDGE('',*,*,#1318,.T.);
#1819=ORIENTED_EDGE('',*,*,#1317,.F.);
#1820=ORIENTED_EDGE('',*,*,#1301,.T.);
#1821=ORIENTED_EDGE('',*,*,#1319,.T.);
#1822=ORIENTED_EDGE('',*,*,#1303,.T.);
#1823=ORIENTED_EDGE('',*,*,#1319,.F.);
#1824=ORIENTED_EDGE('',*,*,#1299,.F.);
#1825=ORIENTED_EDGE('',*,*,#1320,.T.);
#1826=ORIENTED_EDGE('',*,*,#1321,.T.);
#1827=ORIENTED_EDGE('',*,*,#1322,.T.);
#1828=ORIENTED_EDGE('',*,*,#1323,.F.);
#1829=ORIENTED_EDGE('',*,*,#1324,.T.);
#1830=ORIENTED_EDGE('',*,*,#1325,.F.);
#1831=ORIENTED_EDGE('',*,*,#1326,.T.);
#1832=ORIENTED_EDGE('',*,*,#1295,.F.);
#1833=ORIENTED_EDGE('',*,*,#1327,.T.);
#1834=ORIENTED_EDGE('',*,*,#1328,.F.);
#1835=ORIENTED_EDGE('',*,*,#1329,.T.);
#1836=ORIENTED_EDGE('',*,*,#1330,.F.);
#1837=ORIENTED_EDGE('',*,*,#1331,.T.);
#1838=ORIENTED_EDGE('',*,*,#1332,.T.);
#1839=ORIENTED_EDGE('',*,*,#1320,.F.);
#1840=ORIENTED_EDGE('',*,*,#1302,.F.);
#1841=ORIENTED_EDGE('',*,*,#1297,.T.);
#1842=ORIENTED_EDGE('',*,*,#1333,.F.);
#1843=ORIENTED_EDGE('',*,*,#1334,.T.);
#1844=ORIENTED_EDGE('',*,*,#1335,.F.);
#1845=ORIENTED_EDGE('',*,*,#1336,.T.);
#1846=ORIENTED_EDGE('',*,*,#1337,.F.);
#1847=ORIENTED_EDGE('',*,*,#1338,.F.);
#1848=ORIENTED_EDGE('',*,*,#1339,.T.);
#1849=ORIENTED_EDGE('',*,*,#1340,.T.);
#1850=ORIENTED_EDGE('',*,*,#1339,.F.);
#1851=ORIENTED_EDGE('',*,*,#1341,.F.);
#1852=ORIENTED_EDGE('',*,*,#1342,.F.);
#1853=ORIENTED_EDGE('',*,*,#1343,.T.);
#1854=ORIENTED_EDGE('',*,*,#1344,.F.);
#1855=ORIENTED_EDGE('',*,*,#1345,.T.);
#1856=ORIENTED_EDGE('',*,*,#1346,.F.);
#1857=ORIENTED_EDGE('',*,*,#1344,.T.);
#1858=ORIENTED_EDGE('',*,*,#1347,.T.);
#1859=ORIENTED_EDGE('',*,*,#1348,.F.);
#1860=ORIENTED_EDGE('',*,*,#1349,.F.);
#1861=ORIENTED_EDGE('',*,*,#1346,.T.);
#1862=ORIENTED_EDGE('',*,*,#1350,.T.);
#1863=ORIENTED_EDGE('',*,*,#1351,.F.);
#1864=ORIENTED_EDGE('',*,*,#1352,.F.);
#1865=ORIENTED_EDGE('',*,*,#1333,.T.);
#1866=ORIENTED_EDGE('',*,*,#1353,.T.);
#1867=ORIENTED_EDGE('',*,*,#1354,.F.);
#1868=ORIENTED_EDGE('',*,*,#1355,.F.);
#1869=ORIENTED_EDGE('',*,*,#1335,.T.);
#1870=ORIENTED_EDGE('',*,*,#1356,.T.);
#1871=ORIENTED_EDGE('',*,*,#1357,.F.);
#1872=ORIENTED_EDGE('',*,*,#1358,.F.);
#1873=ORIENTED_EDGE('',*,*,#1337,.T.);
#1874=ORIENTED_EDGE('',*,*,#1359,.T.);
#1875=ORIENTED_EDGE('',*,*,#1360,.F.);
#1876=ORIENTED_EDGE('',*,*,#1361,.F.);
#1877=ORIENTED_EDGE('',*,*,#1348,.T.);
#1878=ORIENTED_EDGE('',*,*,#1362,.F.);
#1879=ORIENTED_EDGE('',*,*,#1363,.F.);
#1880=ORIENTED_EDGE('',*,*,#1364,.F.);
#1881=ORIENTED_EDGE('',*,*,#1351,.T.);
#1882=ORIENTED_EDGE('',*,*,#1365,.F.);
#1883=ORIENTED_EDGE('',*,*,#1366,.F.);
#1884=ORIENTED_EDGE('',*,*,#1367,.F.);
#1885=ORIENTED_EDGE('',*,*,#1354,.T.);
#1886=ORIENTED_EDGE('',*,*,#1368,.F.);
#1887=ORIENTED_EDGE('',*,*,#1369,.F.);
#1888=ORIENTED_EDGE('',*,*,#1370,.F.);
#1889=ORIENTED_EDGE('',*,*,#1357,.T.);
#1890=ORIENTED_EDGE('',*,*,#1371,.F.);
#1891=ORIENTED_EDGE('',*,*,#1372,.F.);
#1892=ORIENTED_EDGE('',*,*,#1373,.F.);
#1893=ORIENTED_EDGE('',*,*,#1360,.T.);
#1894=ORIENTED_EDGE('',*,*,#1374,.F.);
#1895=ORIENTED_EDGE('',*,*,#1375,.F.);
#1896=ORIENTED_EDGE('',*,*,#1376,.F.);
#1897=ORIENTED_EDGE('',*,*,#1363,.T.);
#1898=ORIENTED_EDGE('',*,*,#1377,.F.);
#1899=ORIENTED_EDGE('',*,*,#1378,.F.);
#1900=ORIENTED_EDGE('',*,*,#1379,.T.);
#1901=ORIENTED_EDGE('',*,*,#1366,.T.);
#1902=ORIENTED_EDGE('',*,*,#1380,.F.);
#1903=ORIENTED_EDGE('',*,*,#1381,.F.);
#1904=ORIENTED_EDGE('',*,*,#1382,.T.);
#1905=ORIENTED_EDGE('',*,*,#1369,.T.);
#1906=ORIENTED_EDGE('',*,*,#1383,.F.);
#1907=ORIENTED_EDGE('',*,*,#1384,.F.);
#1908=ORIENTED_EDGE('',*,*,#1385,.T.);
#1909=ORIENTED_EDGE('',*,*,#1372,.T.);
#1910=ORIENTED_EDGE('',*,*,#1386,.F.);
#1911=ORIENTED_EDGE('',*,*,#1387,.F.);
#1912=ORIENTED_EDGE('',*,*,#1388,.T.);
#1913=ORIENTED_EDGE('',*,*,#1375,.T.);
#1914=ORIENTED_EDGE('',*,*,#1389,.F.);
#1915=ORIENTED_EDGE('',*,*,#1390,.F.);
#1916=ORIENTED_EDGE('',*,*,#1391,.T.);
#1917=ORIENTED_EDGE('',*,*,#1378,.T.);
#1918=ORIENTED_EDGE('',*,*,#1392,.F.);
#1919=ORIENTED_EDGE('',*,*,#1329,.F.);
#1920=ORIENTED_EDGE('',*,*,#1393,.F.);
#1921=ORIENTED_EDGE('',*,*,#1381,.T.);
#1922=ORIENTED_EDGE('',*,*,#1394,.F.);
#1923=ORIENTED_EDGE('',*,*,#1327,.F.);
#1924=ORIENTED_EDGE('',*,*,#1395,.F.);
#1925=ORIENTED_EDGE('',*,*,#1384,.T.);
#1926=ORIENTED_EDGE('',*,*,#1396,.F.);
#1927=ORIENTED_EDGE('',*,*,#1326,.F.);
#1928=ORIENTED_EDGE('',*,*,#1397,.F.);
#1929=ORIENTED_EDGE('',*,*,#1387,.T.);
#1930=ORIENTED_EDGE('',*,*,#1398,.F.);
#1931=ORIENTED_EDGE('',*,*,#1324,.F.);
#1932=ORIENTED_EDGE('',*,*,#1399,.F.);
#1933=ORIENTED_EDGE('',*,*,#1390,.T.);
#1934=ORIENTED_EDGE('',*,*,#1400,.F.);
#1935=ORIENTED_EDGE('',*,*,#1322,.F.);
#1936=ORIENTED_EDGE('',*,*,#1401,.F.);
#1937=ORIENTED_EDGE('',*,*,#1402,.F.);
#1938=ORIENTED_EDGE('',*,*,#1403,.F.);
#1939=ORIENTED_EDGE('',*,*,#1342,.T.);
#1940=ORIENTED_EDGE('',*,*,#1404,.T.);
#1941=ORIENTED_EDGE('',*,*,#1405,.F.);
#1942=ORIENTED_EDGE('',*,*,#1406,.F.);
#1943=ORIENTED_EDGE('',*,*,#1402,.T.);
#1944=ORIENTED_EDGE('',*,*,#1407,.F.);
#1945=ORIENTED_EDGE('',*,*,#1408,.F.);
#1946=ORIENTED_EDGE('',*,*,#1409,.T.);
#1947=ORIENTED_EDGE('',*,*,#1405,.T.);
#1948=ORIENTED_EDGE('',*,*,#1410,.F.);
#1949=ORIENTED_EDGE('',*,*,#1331,.F.);
#1950=ORIENTED_EDGE('',*,*,#1411,.F.);
#1951=ORIENTED_EDGE('',*,*,#1408,.T.);
#1952=ORIENTED_EDGE('',*,*,#1412,.F.);
#1953=ORIENTED_EDGE('',*,*,#1305,.T.);
#1954=ORIENTED_EDGE('',*,*,#1318,.F.);
#1955=ORIENTED_EDGE('',*,*,#1313,.F.);
#1956=ORIENTED_EDGE('',*,*,#1314,.T.);
#1957=ORIENTED_EDGE('',*,*,#1306,.F.);
#1958=ORIENTED_EDGE('',*,*,#1309,.T.);
#1959=ORIENTED_EDGE('',*,*,#1340,.F.);
#1960=ORIENTED_EDGE('',*,*,#1308,.T.);
#1961=ORIENTED_EDGE('',*,*,#1413,.F.);
#1962=ORIENTED_EDGE('',*,*,#1321,.F.);
#1963=ORIENTED_EDGE('',*,*,#1332,.F.);
#1964=ORIENTED_EDGE('',*,*,#1414,.T.);
#1965=ORIENTED_EDGE('',*,*,#1341,.T.);
#1966=ORIENTED_EDGE('',*,*,#1338,.T.);
#1967=ORIENTED_EDGE('',*,*,#1412,.T.);
#1968=ORIENTED_EDGE('',*,*,#1410,.T.);
#1969=ORIENTED_EDGE('',*,*,#1407,.T.);
#1970=ORIENTED_EDGE('',*,*,#1404,.F.);
#1971=ORIENTED_EDGE('',*,*,#1414,.F.);
#1972=ORIENTED_EDGE('',*,*,#1401,.T.);
#1973=ORIENTED_EDGE('',*,*,#1413,.T.);
#1974=ORIENTED_EDGE('',*,*,#1361,.T.);
#1975=ORIENTED_EDGE('',*,*,#1376,.T.);
#1976=ORIENTED_EDGE('',*,*,#1391,.F.);
#1977=ORIENTED_EDGE('',*,*,#1415,.F.);
#1978=ORIENTED_EDGE('',*,*,#1323,.T.);
#1979=ORIENTED_EDGE('',*,*,#1416,.T.);
#1980=ORIENTED_EDGE('',*,*,#1336,.F.);
#1981=ORIENTED_EDGE('',*,*,#1400,.T.);
#1982=ORIENTED_EDGE('',*,*,#1389,.T.);
#1983=ORIENTED_EDGE('',*,*,#1374,.T.);
#1984=ORIENTED_EDGE('',*,*,#1359,.F.);
#1985=ORIENTED_EDGE('',*,*,#1416,.F.);
#1986=ORIENTED_EDGE('',*,*,#1399,.T.);
#1987=ORIENTED_EDGE('',*,*,#1415,.T.);
#1988=ORIENTED_EDGE('',*,*,#1358,.T.);
#1989=ORIENTED_EDGE('',*,*,#1373,.T.);
#1990=ORIENTED_EDGE('',*,*,#1388,.F.);
#1991=ORIENTED_EDGE('',*,*,#1417,.F.);
#1992=ORIENTED_EDGE('',*,*,#1325,.T.);
#1993=ORIENTED_EDGE('',*,*,#1418,.T.);
#1994=ORIENTED_EDGE('',*,*,#1334,.F.);
#1995=ORIENTED_EDGE('',*,*,#1398,.T.);
#1996=ORIENTED_EDGE('',*,*,#1386,.T.);
#1997=ORIENTED_EDGE('',*,*,#1371,.T.);
#1998=ORIENTED_EDGE('',*,*,#1356,.F.);
#1999=ORIENTED_EDGE('',*,*,#1418,.F.);
#2000=ORIENTED_EDGE('',*,*,#1397,.T.);
#2001=ORIENTED_EDGE('',*,*,#1417,.T.);
#2002=ORIENTED_EDGE('',*,*,#1355,.T.);
#2003=ORIENTED_EDGE('',*,*,#1370,.T.);
#2004=ORIENTED_EDGE('',*,*,#1385,.F.);
#2005=ORIENTED_EDGE('',*,*,#1396,.T.);
#2006=ORIENTED_EDGE('',*,*,#1383,.T.);
#2007=ORIENTED_EDGE('',*,*,#1368,.T.);
#2008=ORIENTED_EDGE('',*,*,#1353,.F.);
#2009=ORIENTED_EDGE('',*,*,#1296,.F.);
#2010=ORIENTED_EDGE('',*,*,#1395,.T.);
#2011=ORIENTED_EDGE('',*,*,#1298,.T.);
#2012=ORIENTED_EDGE('',*,*,#1352,.T.);
#2013=ORIENTED_EDGE('',*,*,#1367,.T.);
#2014=ORIENTED_EDGE('',*,*,#1382,.F.);
#2015=ORIENTED_EDGE('',*,*,#1419,.F.);
#2016=ORIENTED_EDGE('',*,*,#1328,.T.);
#2017=ORIENTED_EDGE('',*,*,#1420,.T.);
#2018=ORIENTED_EDGE('',*,*,#1345,.F.);
#2019=ORIENTED_EDGE('',*,*,#1394,.T.);
#2020=ORIENTED_EDGE('',*,*,#1380,.T.);
#2021=ORIENTED_EDGE('',*,*,#1365,.T.);
#2022=ORIENTED_EDGE('',*,*,#1350,.F.);
#2023=ORIENTED_EDGE('',*,*,#1420,.F.);
#2024=ORIENTED_EDGE('',*,*,#1393,.T.);
#2025=ORIENTED_EDGE('',*,*,#1419,.T.);
#2026=ORIENTED_EDGE('',*,*,#1349,.T.);
#2027=ORIENTED_EDGE('',*,*,#1364,.T.);
#2028=ORIENTED_EDGE('',*,*,#1379,.F.);
#2029=ORIENTED_EDGE('',*,*,#1421,.F.);
#2030=ORIENTED_EDGE('',*,*,#1330,.T.);
#2031=ORIENTED_EDGE('',*,*,#1422,.T.);
#2032=ORIENTED_EDGE('',*,*,#1343,.F.);
#2033=ORIENTED_EDGE('',*,*,#1392,.T.);
#2034=ORIENTED_EDGE('',*,*,#1377,.T.);
#2035=ORIENTED_EDGE('',*,*,#1362,.T.);
#2036=ORIENTED_EDGE('',*,*,#1347,.F.);
#2037=ORIENTED_EDGE('',*,*,#1422,.F.);
#2038=ORIENTED_EDGE('',*,*,#1411,.T.);
#2039=ORIENTED_EDGE('',*,*,#1421,.T.);
#2040=ORIENTED_EDGE('',*,*,#1403,.T.);
#2041=ORIENTED_EDGE('',*,*,#1406,.T.);
#2042=ORIENTED_EDGE('',*,*,#1409,.F.);
#2043=TOROIDAL_SURFACE('',#2227,7.75,0.25);
#2044=TOROIDAL_SURFACE('',#2233,7.75,0.25);
#2045=TOROIDAL_SURFACE('',#2239,7.,0.125);
#2046=TOROIDAL_SURFACE('',#2246,5.6875,1.5625);
#2047=TOROIDAL_SURFACE('',#2255,7.,0.125);
#2048=TOROIDAL_SURFACE('',#2262,5.6875,1.5625);
#2049=TOROIDAL_SURFACE('',#2300,7.00085866897581,1.6);
#2050=TOROIDAL_SURFACE('',#2305,6.03914246535104,1.6);
#2051=TOROIDAL_SURFACE('',#2312,4.5,0.0649999999999998);
#2052=TOROIDAL_SURFACE('',#2321,4.5,0.125);
#2053=TOROIDAL_SURFACE('',#2325,7.,0.0650000000000002);
#2054=TOROIDAL_SURFACE('',#2339,7.,0.125);
#2055=TOROIDAL_SURFACE('',#2420,7.00085866897581,1.6);
#2056=TOROIDAL_SURFACE('',#2425,6.03914246535104,1.6);
#2057=TOROIDAL_SURFACE('',#2432,4.5,0.0649999999999998);
#2058=TOROIDAL_SURFACE('',#2441,4.5,0.125);
#2059=TOROIDAL_SURFACE('',#2445,7.,0.0650000000000002);
#2060=TOROIDAL_SURFACE('',#2459,7.,0.125);
#2061=ADVANCED_FACE('',(#457),#2043,.T.);
#2062=ADVANCED_FACE('',(#458),#409,.T.);
#2063=ADVANCED_FACE('',(#459),#2044,.T.);
#2064=ADVANCED_FACE('',(#460),#410,.F.);
#2065=ADVANCED_FACE('',(#461),#2045,.F.);
#2066=ADVANCED_FACE('',(#462),#115,.F.);
#2067=ADVANCED_FACE('',(#463),#411,.F.);
#2068=ADVANCED_FACE('',(#464),#2046,.F.);
#2069=ADVANCED_FACE('',(#465),#412,.F.);
#2070=ADVANCED_FACE('',(#466),#116,.F.);
#2071=ADVANCED_FACE('',(#467),#2047,.F.);
#2072=ADVANCED_FACE('',(#468),#413,.F.);
#2073=ADVANCED_FACE('',(#469,#43),#55,.F.);
#2074=ADVANCED_FACE('',(#470,#44),#56,.F.);
#2075=ADVANCED_FACE('',(#471),#2048,.F.);
#2076=ADVANCED_FACE('',(#472),#117,.T.);
#2077=ADVANCED_FACE('',(#473),#118,.F.);
#2078=ADVANCED_FACE('',(#474),#119,.T.);
#2079=ADVANCED_FACE('',(#475),#120,.F.);
#2080=ADVANCED_FACE('',(#476),#414,.T.);
#2081=ADVANCED_FACE('',(#477),#415,.T.);
#2082=ADVANCED_FACE('',(#478),#416,.F.);
#2083=ADVANCED_FACE('',(#479,#45),#57,.F.);
#2084=ADVANCED_FACE('',(#480,#46),#58,.F.);
#2085=ADVANCED_FACE('',(#481),#17,.T.);
#2086=ADVANCED_FACE('',(#482),#18,.T.);
#2087=ADVANCED_FACE('',(#483),#19,.T.);
#2088=ADVANCED_FACE('',(#484),#20,.T.);
#2089=ADVANCED_FACE('',(#485),#21,.T.);
#2090=ADVANCED_FACE('',(#486),#22,.T.);
#2091=ADVANCED_FACE('',(#487),#417,.F.);
#2092=ADVANCED_FACE('',(#488),#2049,.F.);
#2093=ADVANCED_FACE('',(#489),#2050,.T.);
#2094=ADVANCED_FACE('',(#490),#121,.F.);
#2095=ADVANCED_FACE('',(#491),#2051,.F.);
#2096=ADVANCED_FACE('',(#492),#418,.T.);
#2097=ADVANCED_FACE('',(#493),#419,.F.);
#2098=ADVANCED_FACE('',(#494),#2052,.T.);
#2099=ADVANCED_FACE('',(#495),#122,.T.);
#2100=ADVANCED_FACE('',(#496),#2053,.F.);
#2101=ADVANCED_FACE('',(#497),#2054,.T.);
#2102=ADVANCED_FACE('',(#498),#420,.T.);
#2103=ADVANCED_FACE('',(#499),#421,.T.);
#2104=ADVANCED_FACE('',(#500),#422,.T.);
#2105=ADVANCED_FACE('',(#501),#423,.T.);
#2106=ADVANCED_FACE('',(#502),#424,.T.);
#2107=ADVANCED_FACE('',(#503),#59,.F.);
#2108=ADVANCED_FACE('',(#504),#60,.F.);
#2109=ADVANCED_FACE('',(#505),#61,.F.);
#2110=ADVANCED_FACE('',(#506),#62,.F.);
#2111=ADVANCED_FACE('',(#507),#63,.F.);
#2112=ADVANCED_FACE('',(#508),#425,.F.);
#2113=ADVANCED_FACE('',(#509),#426,.F.);
#2114=ADVANCED_FACE('',(#510),#427,.F.);
#2115=ADVANCED_FACE('',(#511),#428,.F.);
#2116=ADVANCED_FACE('',(#512),#429,.F.);
#2117=ADVANCED_FACE('',(#513),#64,.F.);
#2118=ADVANCED_FACE('',(#514),#65,.F.);
#2119=ADVANCED_FACE('',(#515),#66,.F.);
#2120=ADVANCED_FACE('',(#516),#67,.F.);
#2121=ADVANCED_FACE('',(#517),#68,.F.);
#2122=ADVANCED_FACE('',(#518),#430,.T.);
#2123=ADVANCED_FACE('',(#519),#69,.F.);
#2124=ADVANCED_FACE('',(#520),#431,.F.);
#2125=ADVANCED_FACE('',(#521),#70,.F.);
#2126=ADVANCED_FACE('',(#522,#47),#71,.F.);
#2127=ADVANCED_FACE('',(#523,#48),#72,.F.);
#2128=ADVANCED_FACE('',(#524,#49),#73,.F.);
#2129=ADVANCED_FACE('',(#525,#50),#74,.F.);
#2130=ADVANCED_FACE('',(#526),#432,.F.);
#2131=ADVANCED_FACE('',(#527),#75,.F.);
#2132=ADVANCED_FACE('',(#528),#76,.F.);
#2133=ADVANCED_FACE('',(#529),#433,.F.);
#2134=ADVANCED_FACE('',(#530),#77,.F.);
#2135=ADVANCED_FACE('',(#531),#78,.F.);
#2136=ADVANCED_FACE('',(#532),#434,.F.);
#2137=ADVANCED_FACE('',(#533),#79,.F.);
#2138=ADVANCED_FACE('',(#534),#80,.F.);
#2139=ADVANCED_FACE('',(#535),#81,.F.);
#2140=ADVANCED_FACE('',(#536),#82,.F.);
#2141=ADVANCED_FACE('',(#537),#435,.F.);
#2142=ADVANCED_FACE('',(#538),#83,.F.);
#2143=ADVANCED_FACE('',(#539),#84,.F.);
#2144=ADVANCED_FACE('',(#540),#436,.F.);
#2145=ADVANCED_FACE('',(#541),#85,.F.);
#2146=ADVANCED_FACE('',(#542),#86,.F.);
#2147=ADVANCED_FACE('',(#543),#437,.F.);
#2148=ADVANCED_FACE('',(#544),#2055,.F.);
#2149=ADVANCED_FACE('',(#545),#2056,.T.);
#2150=ADVANCED_FACE('',(#546),#123,.F.);
#2151=ADVANCED_FACE('',(#547),#2057,.F.);
#2152=ADVANCED_FACE('',(#548),#438,.T.);
#2153=ADVANCED_FACE('',(#549),#439,.F.);
#2154=ADVANCED_FACE('',(#550),#2058,.T.);
#2155=ADVANCED_FACE('',(#551),#124,.T.);
#2156=ADVANCED_FACE('',(#552),#2059,.F.);
#2157=ADVANCED_FACE('',(#553),#2060,.T.);
#2158=ADVANCED_FACE('',(#554),#440,.T.);
#2159=ADVANCED_FACE('',(#555),#441,.T.);
#2160=ADVANCED_FACE('',(#556),#442,.T.);
#2161=ADVANCED_FACE('',(#557),#443,.T.);
#2162=ADVANCED_FACE('',(#558),#444,.T.);
#2163=ADVANCED_FACE('',(#559),#87,.F.);
#2164=ADVANCED_FACE('',(#560),#88,.F.);
#2165=ADVANCED_FACE('',(#561),#89,.F.);
#2166=ADVANCED_FACE('',(#562),#90,.F.);
#2167=ADVANCED_FACE('',(#563),#91,.F.);
#2168=ADVANCED_FACE('',(#564),#445,.F.);
#2169=ADVANCED_FACE('',(#565),#446,.F.);
#2170=ADVANCED_FACE('',(#566),#447,.F.);
#2171=ADVANCED_FACE('',(#567),#448,.F.);
#2172=ADVANCED_FACE('',(#568),#449,.F.);
#2173=ADVANCED_FACE('',(#569),#92,.F.);
#2174=ADVANCED_FACE('',(#570),#93,.F.);
#2175=ADVANCED_FACE('',(#571),#94,.F.);
#2176=ADVANCED_FACE('',(#572),#95,.F.);
#2177=ADVANCED_FACE('',(#573),#96,.F.);
#2178=ADVANCED_FACE('',(#574),#450,.T.);
#2179=ADVANCED_FACE('',(#575),#97,.F.);
#2180=ADVANCED_FACE('',(#576),#451,.F.);
#2181=ADVANCED_FACE('',(#577),#98,.F.);
#2182=ADVANCED_FACE('',(#578,#51),#99,.F.);
#2183=ADVANCED_FACE('',(#579,#52),#100,.F.);
#2184=ADVANCED_FACE('',(#580,#53),#101,.F.);
#2185=ADVANCED_FACE('',(#581,#54),#102,.F.);
#2186=ADVANCED_FACE('',(#582),#452,.F.);
#2187=ADVANCED_FACE('',(#583),#103,.F.);
#2188=ADVANCED_FACE('',(#584),#104,.F.);
#2189=ADVANCED_FACE('',(#585),#453,.F.);
#2190=ADVANCED_FACE('',(#586),#105,.F.);
#2191=ADVANCED_FACE('',(#587),#106,.F.);
#2192=ADVANCED_FACE('',(#588),#454,.F.);
#2193=ADVANCED_FACE('',(#589),#107,.F.);
#2194=ADVANCED_FACE('',(#590),#108,.F.);
#2195=ADVANCED_FACE('',(#591),#109,.F.);
#2196=ADVANCED_FACE('',(#592),#110,.F.);
#2197=ADVANCED_FACE('',(#593),#455,.F.);
#2198=ADVANCED_FACE('',(#594),#111,.F.);
#2199=ADVANCED_FACE('',(#595),#112,.F.);
#2200=ADVANCED_FACE('',(#596),#456,.F.);
#2201=ADVANCED_FACE('',(#597),#113,.F.);
#2202=ADVANCED_FACE('',(#598),#114,.F.);
#2203=CLOSED_SHELL('',(#2061,#2062,#2063,#2064,#2065,#2066,#2067,#2068,
#2069,#2070,#2071,#2072,#2073,#2074));
#2204=CLOSED_SHELL('',(#2075,#2076,#2077,#2078,#2079,#2080,#2081,#2082,
#2083,#2084));
#2205=CLOSED_SHELL('',(#2085));
#2206=CLOSED_SHELL('',(#2086));
#2207=CLOSED_SHELL('',(#2087));
#2208=CLOSED_SHELL('',(#2088));
#2209=CLOSED_SHELL('',(#2089));
#2210=CLOSED_SHELL('',(#2090));
#2211=CLOSED_SHELL('',(#2091,#2092,#2093,#2094,#2095,#2096,#2097,#2098,
#2099,#2100,#2101,#2102,#2103,#2104,#2105,#2106,#2107,#2108,#2109,#2110,
#2111,#2112,#2113,#2114,#2115,#2116,#2117,#2118,#2119,#2120,#2121,#2122,
#2123,#2124,#2125,#2126,#2127,#2128,#2129,#2130,#2131,#2132,#2133,#2134,
#2135,#2136,#2137,#2138,#2139,#2140,#2141,#2142,#2143,#2144,#2145,#2146));
#2212=CLOSED_SHELL('',(#2147,#2148,#2149,#2150,#2151,#2152,#2153,#2154,
#2155,#2156,#2157,#2158,#2159,#2160,#2161,#2162,#2163,#2164,#2165,#2166,
#2167,#2168,#2169,#2170,#2171,#2172,#2173,#2174,#2175,#2176,#2177,#2178,
#2179,#2180,#2181,#2182,#2183,#2184,#2185,#2186,#2187,#2188,#2189,#2190,
#2191,#2192,#2193,#2194,#2195,#2196,#2197,#2198,#2199,#2200,#2201,#2202));
#2213=DERIVED_UNIT_ELEMENT(#2215,1.);
#2214=DERIVED_UNIT_ELEMENT(#3960,-3.);
#2215=(
MASS_UNIT()
NAMED_UNIT(*)
SI_UNIT(.KILO.,.GRAM.)
);
#2216=DERIVED_UNIT((#2213,#2214));
#2217=MEASURE_REPRESENTATION_ITEM('density measure',
POSITIVE_RATIO_MEASURE(7850.),#2216);
#2218=PROPERTY_DEFINITION_REPRESENTATION(#2223,#2220);
#2219=PROPERTY_DEFINITION_REPRESENTATION(#2224,#2221);
#2220=REPRESENTATION('material name',(#2222),#3957);
#2221=REPRESENTATION('density',(#2217),#3957);
#2222=DESCRIPTIVE_REPRESENTATION_ITEM('Acero','Acero');
#2223=PROPERTY_DEFINITION('material property','material name',#3972);
#2224=PROPERTY_DEFINITION('material property','density of part',#3972);
#2225=AXIS2_PLACEMENT_3D('',#3306,#2538,#2539);
#2226=AXIS2_PLACEMENT_3D('',#3307,#2540,#2541);
#2227=AXIS2_PLACEMENT_3D('',#3308,#2542,#2543);
#2228=AXIS2_PLACEMENT_3D('',#3310,#2544,#2545);
#2229=AXIS2_PLACEMENT_3D('',#3312,#2546,#2547);
#2230=AXIS2_PLACEMENT_3D('',#3313,#2548,#2549);
#2231=AXIS2_PLACEMENT_3D('',#3314,#2550,#2551);
#2232=AXIS2_PLACEMENT_3D('',#3316,#2552,#2553);
#2233=AXIS2_PLACEMENT_3D('',#3318,#2555,#2556);
#2234=AXIS2_PLACEMENT_3D('',#3320,#2557,#2558);
#2235=AXIS2_PLACEMENT_3D('',#3321,#2559,#2560);
#2236=AXIS2_PLACEMENT_3D('',#3322,#2561,#2562);
#2237=AXIS2_PLACEMENT_3D('',#3324,#2563,#2564);
#2238=AXIS2_PLACEMENT_3D('',#3327,#2566,#2567);
#2239=AXIS2_PLACEMENT_3D('',#3328,#2568,#2569);
#2240=AXIS2_PLACEMENT_3D('',#3330,#2570,#2571);
#2241=AXIS2_PLACEMENT_3D('',#3331,#2572,#2573);
#2242=AXIS2_PLACEMENT_3D('',#3332,#2574,#2575);
#2243=AXIS2_PLACEMENT_3D('',#3334,#2576,#2577);
#2244=AXIS2_PLACEMENT_3D('',#3336,#2579,#2580);
#2245=AXIS2_PLACEMENT_3D('',#3338,#2581,#2582);
#2246=AXIS2_PLACEMENT_3D('',#3340,#2584,#2585);
#2247=AXIS2_PLACEMENT_3D('',#3342,#2586,#2587);
#2248=AXIS2_PLACEMENT_3D('',#3343,#2588,#2589);
#2249=AXIS2_PLACEMENT_3D('',#3344,#2590,#2591);
#2250=AXIS2_PLACEMENT_3D('',#3347,#2592,#2593);
#2251=AXIS2_PLACEMENT_3D('',#3348,#2594,#2595);
#2252=AXIS2_PLACEMENT_3D('',#3350,#2597,#2598);
#2253=AXIS2_PLACEMENT_3D('',#3354,#2600,#2601);
#2254=AXIS2_PLACEMENT_3D('',#3355,#2602,#2603);
#2255=AXIS2_PLACEMENT_3D('',#3356,#2604,#2605);
#2256=AXIS2_PLACEMENT_3D('',#3358,#2606,#2607);
#2257=AXIS2_PLACEMENT_3D('',#3359,#2608,#2609);
#2258=AXIS2_PLACEMENT_3D('',#3360,#2610,#2611);
#2259=AXIS2_PLACEMENT_3D('',#3362,#2612,#2613);
#2260=AXIS2_PLACEMENT_3D('',#3364,#2615,#2616);
#2261=AXIS2_PLACEMENT_3D('',#3365,#2617,#2618);
#2262=AXIS2_PLACEMENT_3D('',#3366,#2619,#2620);
#2263=AXIS2_PLACEMENT_3D('',#3368,#2621,#2622);
#2264=AXIS2_PLACEMENT_3D('',#3370,#2623,#2624);
#2265=AXIS2_PLACEMENT_3D('',#3371,#2625,#2626);
#2266=AXIS2_PLACEMENT_3D('',#3372,#2627,#2628);
#2267=AXIS2_PLACEMENT_3D('',#3375,#2629,#2630);
#2268=AXIS2_PLACEMENT_3D('',#3376,#2631,#2632);
#2269=AXIS2_PLACEMENT_3D('',#3379,#2634,#2635);
#2270=AXIS2_PLACEMENT_3D('',#3380,#2636,#2637);
#2271=AXIS2_PLACEMENT_3D('',#3382,#2638,#2639);
#2272=AXIS2_PLACEMENT_3D('',#3385,#2641,#2642);
#2273=AXIS2_PLACEMENT_3D('',#3386,#2643,#2644);
#2274=AXIS2_PLACEMENT_3D('',#3388,#2645,#2646);
#2275=AXIS2_PLACEMENT_3D('',#3391,#2648,#2649);
#2276=AXIS2_PLACEMENT_3D('',#3392,#2650,#2651);
#2277=AXIS2_PLACEMENT_3D('',#3395,#2652,#2653);
#2278=AXIS2_PLACEMENT_3D('',#3396,#2654,#2655);
#2279=AXIS2_PLACEMENT_3D('',#3399,#2657,#2658);
#2280=AXIS2_PLACEMENT_3D('',#3400,#2659,#2660);
#2281=AXIS2_PLACEMENT_3D('',#3402,#2662,#2663);
#2282=AXIS2_PLACEMENT_3D('',#3404,#2665,#2666);
#2283=AXIS2_PLACEMENT_3D('',#3406,#2668,#2669);
#2284=AXIS2_PLACEMENT_3D('',#3407,#2670,#2671);
#2285=AXIS2_PLACEMENT_3D('',#3408,#2672,#2673);
#2286=AXIS2_PLACEMENT_3D('',#3411,#2674,#2675);
#2287=AXIS2_PLACEMENT_3D('',#3412,#2676,#2677);
#2288=AXIS2_PLACEMENT_3D('',#3415,#2678,#2679);
#2289=AXIS2_PLACEMENT_3D('',#3416,#2680,#2681);
#2290=AXIS2_PLACEMENT_3D('',#3419,#2682,#2683);
#2291=AXIS2_PLACEMENT_3D('',#3420,#2684,#2685);
#2292=AXIS2_PLACEMENT_3D('',#3423,#2686,#2687);
#2293=AXIS2_PLACEMENT_3D('',#3424,#2688,#2689);
#2294=AXIS2_PLACEMENT_3D('',#3427,#2690,#2691);
#2295=AXIS2_PLACEMENT_3D('',#3428,#2692,#2693);
#2296=AXIS2_PLACEMENT_3D('',#3431,#2694,#2695);
#2297=AXIS2_PLACEMENT_3D('',#3432,#2696,#2697);
#2298=AXIS2_PLACEMENT_3D('',#3435,#2698,#2699);
#2299=AXIS2_PLACEMENT_3D('',#3439,#2701,#2702);
#2300=AXIS2_PLACEMENT_3D('',#3441,#2704,#2705);
#2301=AXIS2_PLACEMENT_3D('',#3444,#2706,#2707);
#2302=AXIS2_PLACEMENT_3D('',#3445,#2708,#2709);
#2303=AXIS2_PLACEMENT_3D('',#3447,#2710,#2711);
#2304=AXIS2_PLACEMENT_3D('',#3448,#2712,#2713);
#2305=AXIS2_PLACEMENT_3D('',#3449,#2714,#2715);
#2306=AXIS2_PLACEMENT_3D('',#3451,#2716,#2717);
#2307=AXIS2_PLACEMENT_3D('',#3453,#2718,#2719);
#2308=AXIS2_PLACEMENT_3D('',#3454,#2720,#2721);
#2309=AXIS2_PLACEMENT_3D('',#3455,#2722,#2723);
#2310=AXIS2_PLACEMENT_3D('',#3457,#2724,#2725);
#2311=AXIS2_PLACEMENT_3D('',#3460,#2727,#2728);
#2312=AXIS2_PLACEMENT_3D('',#3461,#2729,#2730);
#2313=AXIS2_PLACEMENT_3D('',#3463,#2731,#2732);
#2314=AXIS2_PLACEMENT_3D('',#3465,#2733,#2734);
#2315=AXIS2_PLACEMENT_3D('',#3466,#2735,#2736);
#2316=AXIS2_PLACEMENT_3D('',#3467,#2737,#2738);
#2317=AXIS2_PLACEMENT_3D('',#3470,#2740,#2741);
#2318=AXIS2_PLACEMENT_3D('',#3471,#2742,#2743);
#2319=AXIS2_PLACEMENT_3D('',#3473,#2744,#2745);
#2320=AXIS2_PLACEMENT_3D('',#3476,#2747,#2748);
#2321=AXIS2_PLACEMENT_3D('',#3477,#2749,#2750);
#2322=AXIS2_PLACEMENT_3D('',#3479,#2751,#2752);
#2323=AXIS2_PLACEMENT_3D('',#3480,#2753,#2754);
#2324=AXIS2_PLACEMENT_3D('',#3481,#2755,#2756);
#2325=AXIS2_PLACEMENT_3D('',#3483,#2758,#2759);
#2326=AXIS2_PLACEMENT_3D('',#3485,#2760,#2761);
#2327=AXIS2_PLACEMENT_3D('',#3487,#2762,#2763);
#2328=AXIS2_PLACEMENT_3D('',#3489,#2764,#2765);
#2329=AXIS2_PLACEMENT_3D('',#3491,#2766,#2767);
#2330=AXIS2_PLACEMENT_3D('',#3493,#2768,#2769);
#2331=AXIS2_PLACEMENT_3D('',#3495,#2770,#2771);
#2332=AXIS2_PLACEMENT_3D('',#3496,#2772,#2773);
#2333=AXIS2_PLACEMENT_3D('',#3498,#2774,#2775);
#2334=AXIS2_PLACEMENT_3D('',#3500,#2776,#2777);
#2335=AXIS2_PLACEMENT_3D('',#3502,#2778,#2779);
#2336=AXIS2_PLACEMENT_3D('',#3504,#2780,#2781);
#2337=AXIS2_PLACEMENT_3D('',#3506,#2782,#2783);
#2338=AXIS2_PLACEMENT_3D('',#3507,#2784,#2785);
#2339=AXIS2_PLACEMENT_3D('',#3508,#2786,#2787);
#2340=AXIS2_PLACEMENT_3D('',#3510,#2788,#2789);
#2341=AXIS2_PLACEMENT_3D('',#3512,#2790,#2791);
#2342=AXIS2_PLACEMENT_3D('',#3514,#2792,#2793);
#2343=AXIS2_PLACEMENT_3D('',#3516,#2794,#2795);
#2344=AXIS2_PLACEMENT_3D('',#3518,#2796,#2797);
#2345=AXIS2_PLACEMENT_3D('',#3520,#2798,#2799);
#2346=AXIS2_PLACEMENT_3D('',#3522,#2800,#2801);
#2347=AXIS2_PLACEMENT_3D('',#3523,#2802,#2803);
#2348=AXIS2_PLACEMENT_3D('',#3525,#2804,#2805);
#2349=AXIS2_PLACEMENT_3D('',#3527,#2806,#2807);
#2350=AXIS2_PLACEMENT_3D('',#3529,#2808,#2809);
#2351=AXIS2_PLACEMENT_3D('',#3531,#2810,#2811);
#2352=AXIS2_PLACEMENT_3D('',#3533,#2812,#2813);
#2353=AXIS2_PLACEMENT_3D('',#3534,#2814,#2815);
#2354=AXIS2_PLACEMENT_3D('',#3535,#2816,#2817);
#2355=AXIS2_PLACEMENT_3D('',#3539,#2819,#2820);
#2356=AXIS2_PLACEMENT_3D('',#3541,#2822,#2823);
#2357=AXIS2_PLACEMENT_3D('',#3545,#2825,#2826);
#2358=AXIS2_PLACEMENT_3D('',#3547,#2828,#2829);
#2359=AXIS2_PLACEMENT_3D('',#3551,#2831,#2832);
#2360=AXIS2_PLACEMENT_3D('',#3553,#2834,#2835);
#2361=AXIS2_PLACEMENT_3D('',#3557,#2837,#2838);
#2362=AXIS2_PLACEMENT_3D('',#3559,#2840,#2841);
#2363=AXIS2_PLACEMENT_3D('',#3563,#2843,#2844);
#2364=AXIS2_PLACEMENT_3D('',#3565,#2846,#2847);
#2365=AXIS2_PLACEMENT_3D('',#3569,#2849,#2850);
#2366=AXIS2_PLACEMENT_3D('',#3571,#2852,#2853);
#2367=AXIS2_PLACEMENT_3D('',#3575,#2855,#2856);
#2368=AXIS2_PLACEMENT_3D('',#3577,#2858,#2859);
#2369=AXIS2_PLACEMENT_3D('',#3581,#2861,#2862);
#2370=AXIS2_PLACEMENT_3D('',#3583,#2864,#2865);
#2371=AXIS2_PLACEMENT_3D('',#3587,#2867,#2868);
#2372=AXIS2_PLACEMENT_3D('',#3589,#2870,#2871);
#2373=AXIS2_PLACEMENT_3D('',#3593,#2873,#2874);
#2374=AXIS2_PLACEMENT_3D('',#3595,#2876,#2877);
#2375=AXIS2_PLACEMENT_3D('',#3599,#2879,#2880);
#2376=AXIS2_PLACEMENT_3D('',#3601,#2882,#2883);
#2377=AXIS2_PLACEMENT_3D('',#3605,#2885,#2886);
#2378=AXIS2_PLACEMENT_3D('',#3607,#2888,#2889);
#2379=AXIS2_PLACEMENT_3D('',#3611,#2891,#2892);
#2380=AXIS2_PLACEMENT_3D('',#3613,#2894,#2895);
#2381=AXIS2_PLACEMENT_3D('',#3617,#2897,#2898);
#2382=AXIS2_PLACEMENT_3D('',#3619,#2900,#2901);
#2383=AXIS2_PLACEMENT_3D('',#3623,#2903,#2904);
#2384=AXIS2_PLACEMENT_3D('',#3625,#2906,#2907);
#2385=AXIS2_PLACEMENT_3D('',#3628,#2910,#2911);
#2386=AXIS2_PLACEMENT_3D('',#3631,#2914,#2915);
#2387=AXIS2_PLACEMENT_3D('',#3634,#2918,#2919);
#2388=AXIS2_PLACEMENT_3D('',#3637,#2922,#2923);
#2389=AXIS2_PLACEMENT_3D('',#3640,#2926,#2927);
#2390=AXIS2_PLACEMENT_3D('',#3643,#2928,#2929);
#2391=AXIS2_PLACEMENT_3D('',#3646,#2932,#2933);
#2392=AXIS2_PLACEMENT_3D('',#3649,#2934,#2935);
#2393=AXIS2_PLACEMENT_3D('',#3652,#2938,#2939);
#2394=AXIS2_PLACEMENT_3D('',#3655,#2940,#2941);
#2395=AXIS2_PLACEMENT_3D('',#3658,#2944,#2945);
#2396=AXIS2_PLACEMENT_3D('',#3661,#2948,#2949);
#2397=AXIS2_PLACEMENT_3D('',#3662,#2950,#2951);
#2398=AXIS2_PLACEMENT_3D('',#3663,#2952,#2953);
#2399=AXIS2_PLACEMENT_3D('',#3664,#2954,#2955);
#2400=AXIS2_PLACEMENT_3D('',#3665,#2956,#2957);
#2401=AXIS2_PLACEMENT_3D('',#3668,#2960,#2961);
#2402=AXIS2_PLACEMENT_3D('',#3669,#2962,#2963);
#2403=AXIS2_PLACEMENT_3D('',#3670,#2964,#2965);
#2404=AXIS2_PLACEMENT_3D('',#3673,#2968,#2969);
#2405=AXIS2_PLACEMENT_3D('',#3674,#2970,#2971);
#2406=AXIS2_PLACEMENT_3D('',#3675,#2972,#2973);
#2407=AXIS2_PLACEMENT_3D('',#3678,#2976,#2977);
#2408=AXIS2_PLACEMENT_3D('',#3679,#2978,#2979);
#2409=AXIS2_PLACEMENT_3D('',#3680,#2980,#2981);
#2410=AXIS2_PLACEMENT_3D('',#3681,#2982,#2983);
#2411=AXIS2_PLACEMENT_3D('',#3682,#2984,#2985);
#2412=AXIS2_PLACEMENT_3D('',#3685,#2988,#2989);
#2413=AXIS2_PLACEMENT_3D('',#3686,#2990,#2991);
#2414=AXIS2_PLACEMENT_3D('',#3687,#2992,#2993);
#2415=AXIS2_PLACEMENT_3D('',#3690,#2996,#2997);
#2416=AXIS2_PLACEMENT_3D('',#3691,#2998,#2999);
#2417=AXIS2_PLACEMENT_3D('',#3692,#3000,#3001);
#2418=AXIS2_PLACEMENT_3D('',#3695,#3002,#3003);
#2419=AXIS2_PLACEMENT_3D('',#3699,#3005,#3006);
#2420=AXIS2_PLACEMENT_3D('',#3701,#3008,#3009);
#2421=AXIS2_PLACEMENT_3D('',#3704,#3010,#3011);
#2422=AXIS2_PLACEMENT_3D('',#3706,#3012,#3013);
#2423=AXIS2_PLACEMENT_3D('',#3707,#3014,#3015);
#2424=AXIS2_PLACEMENT_3D('',#3708,#3016,#3017);
#2425=AXIS2_PLACEMENT_3D('',#3709,#3018,#3019);
#2426=AXIS2_PLACEMENT_3D('',#3711,#3020,#3021);
#2427=AXIS2_PLACEMENT_3D('',#3713,#3022,#3023);
#2428=AXIS2_PLACEMENT_3D('',#3714,#3024,#3025);
#2429=AXIS2_PLACEMENT_3D('',#3715,#3026,#3027);
#2430=AXIS2_PLACEMENT_3D('',#3717,#3028,#3029);
#2431=AXIS2_PLACEMENT_3D('',#3720,#3031,#3032);
#2432=AXIS2_PLACEMENT_3D('',#3721,#3033,#3034);
#2433=AXIS2_PLACEMENT_3D('',#3723,#3035,#3036);
#2434=AXIS2_PLACEMENT_3D('',#3725,#3037,#3038);
#2435=AXIS2_PLACEMENT_3D('',#3726,#3039,#3040);
#2436=AXIS2_PLACEMENT_3D('',#3727,#3041,#3042);
#2437=AXIS2_PLACEMENT_3D('',#3730,#3044,#3045);
#2438=AXIS2_PLACEMENT_3D('',#3731,#3046,#3047);
#2439=AXIS2_PLACEMENT_3D('',#3733,#3048,#3049);
#2440=AXIS2_PLACEMENT_3D('',#3736,#3051,#3052);
#2441=AXIS2_PLACEMENT_3D('',#3737,#3053,#3054);
#2442=AXIS2_PLACEMENT_3D('',#3739,#3055,#3056);
#2443=AXIS2_PLACEMENT_3D('',#3740,#3057,#3058);
#2444=AXIS2_PLACEMENT_3D('',#3741,#3059,#3060);
#2445=AXIS2_PLACEMENT_3D('',#3743,#3062,#3063);
#2446=AXIS2_PLACEMENT_3D('',#3745,#3064,#3065);
#2447=AXIS2_PLACEMENT_3D('',#3747,#3066,#3067);
#2448=AXIS2_PLACEMENT_3D('',#3749,#3068,#3069);
#2449=AXIS2_PLACEMENT_3D('',#3751,#3070,#3071);
#2450=AXIS2_PLACEMENT_3D('',#3753,#3072,#3073);
#2451=AXIS2_PLACEMENT_3D('',#3755,#3074,#3075);
#2452=AXIS2_PLACEMENT_3D('',#3756,#3076,#3077);
#2453=AXIS2_PLACEMENT_3D('',#3758,#3078,#3079);
#2454=AXIS2_PLACEMENT_3D('',#3760,#3080,#3081);
#2455=AXIS2_PLACEMENT_3D('',#3762,#3082,#3083);
#2456=AXIS2_PLACEMENT_3D('',#3764,#3084,#3085);
#2457=AXIS2_PLACEMENT_3D('',#3766,#3086,#3087);
#2458=AXIS2_PLACEMENT_3D('',#3767,#3088,#3089);
#2459=AXIS2_PLACEMENT_3D('',#3768,#3090,#3091);
#2460=AXIS2_PLACEMENT_3D('',#3770,#3092,#3093);
#2461=AXIS2_PLACEMENT_3D('',#3772,#3094,#3095);
#2462=AXIS2_PLACEMENT_3D('',#3774,#3096,#3097);
#2463=AXIS2_PLACEMENT_3D('',#3776,#3098,#3099);
#2464=AXIS2_PLACEMENT_3D('',#3778,#3100,#3101);
#2465=AXIS2_PLACEMENT_3D('',#3780,#3102,#3103);
#2466=AXIS2_PLACEMENT_3D('',#3782,#3104,#3105);
#2467=AXIS2_PLACEMENT_3D('',#3783,#3106,#3107);
#2468=AXIS2_PLACEMENT_3D('',#3785,#3108,#3109);
#2469=AXIS2_PLACEMENT_3D('',#3787,#3110,#3111);
#2470=AXIS2_PLACEMENT_3D('',#3789,#3112,#3113);
#2471=AXIS2_PLACEMENT_3D('',#3791,#3114,#3115);
#2472=AXIS2_PLACEMENT_3D('',#3793,#3116,#3117);
#2473=AXIS2_PLACEMENT_3D('',#3794,#3118,#3119);
#2474=AXIS2_PLACEMENT_3D('',#3795,#3120,#3121);
#2475=AXIS2_PLACEMENT_3D('',#3799,#3123,#3124);
#2476=AXIS2_PLACEMENT_3D('',#3801,#3126,#3127);
#2477=AXIS2_PLACEMENT_3D('',#3805,#3129,#3130);
#2478=AXIS2_PLACEMENT_3D('',#3807,#3132,#3133);
#2479=AXIS2_PLACEMENT_3D('',#3811,#3135,#3136);
#2480=AXIS2_PLACEMENT_3D('',#3813,#3138,#3139);
#2481=AXIS2_PLACEMENT_3D('',#3817,#3141,#3142);
#2482=AXIS2_PLACEMENT_3D('',#3819,#3144,#3145);
#2483=AXIS2_PLACEMENT_3D('',#3823,#3147,#3148);
#2484=AXIS2_PLACEMENT_3D('',#3825,#3150,#3151);
#2485=AXIS2_PLACEMENT_3D('',#3829,#3153,#3154);
#2486=AXIS2_PLACEMENT_3D('',#3831,#3156,#3157);
#2487=AXIS2_PLACEMENT_3D('',#3835,#3159,#3160);
#2488=AXIS2_PLACEMENT_3D('',#3837,#3162,#3163);
#2489=AXIS2_PLACEMENT_3D('',#3841,#3165,#3166);
#2490=AXIS2_PLACEMENT_3D('',#3843,#3168,#3169);
#2491=AXIS2_PLACEMENT_3D('',#3847,#3171,#3172);
#2492=AXIS2_PLACEMENT_3D('',#3849,#3174,#3175);
#2493=AXIS2_PLACEMENT_3D('',#3853,#3177,#3178);
#2494=AXIS2_PLACEMENT_3D('',#3855,#3180,#3181);
#2495=AXIS2_PLACEMENT_3D('',#3859,#3183,#3184);
#2496=AXIS2_PLACEMENT_3D('',#3861,#3186,#3187);
#2497=AXIS2_PLACEMENT_3D('',#3865,#3189,#3190);
#2498=AXIS2_PLACEMENT_3D('',#3867,#3192,#3193);
#2499=AXIS2_PLACEMENT_3D('',#3871,#3195,#3196);
#2500=AXIS2_PLACEMENT_3D('',#3873,#3198,#3199);
#2501=AXIS2_PLACEMENT_3D('',#3877,#3201,#3202);
#2502=AXIS2_PLACEMENT_3D('',#3879,#3204,#3205);
#2503=AXIS2_PLACEMENT_3D('',#3883,#3207,#3208);
#2504=AXIS2_PLACEMENT_3D('',#3885,#3210,#3211);
#2505=AXIS2_PLACEMENT_3D('',#3888,#3214,#3215);
#2506=AXIS2_PLACEMENT_3D('',#3891,#3218,#3219);
#2507=AXIS2_PLACEMENT_3D('',#3894,#3222,#3223);
#2508=AXIS2_PLACEMENT_3D('',#3897,#3226,#3227);
#2509=AXIS2_PLACEMENT_3D('',#3900,#3230,#3231);
#2510=AXIS2_PLACEMENT_3D('',#3903,#3232,#3233);
#2511=AXIS2_PLACEMENT_3D('',#3906,#3236,#3237);
#2512=AXIS2_PLACEMENT_3D('',#3909,#3238,#3239);
#2513=AXIS2_PLACEMENT_3D('',#3912,#3242,#3243);
#2514=AXIS2_PLACEMENT_3D('',#3915,#3244,#3245);
#2515=AXIS2_PLACEMENT_3D('',#3918,#3248,#3249);
#2516=AXIS2_PLACEMENT_3D('',#3921,#3252,#3253);
#2517=AXIS2_PLACEMENT_3D('',#3922,#3254,#3255);
#2518=AXIS2_PLACEMENT_3D('',#3923,#3256,#3257);
#2519=AXIS2_PLACEMENT_3D('',#3924,#3258,#3259);
#2520=AXIS2_PLACEMENT_3D('',#3925,#3260,#3261);
#2521=AXIS2_PLACEMENT_3D('',#3928,#3264,#3265);
#2522=AXIS2_PLACEMENT_3D('',#3929,#3266,#3267);
#2523=AXIS2_PLACEMENT_3D('',#3930,#3268,#3269);
#2524=AXIS2_PLACEMENT_3D('',#3933,#3272,#3273);
#2525=AXIS2_PLACEMENT_3D('',#3934,#3274,#3275);
#2526=AXIS2_PLACEMENT_3D('',#3935,#3276,#3277);
#2527=AXIS2_PLACEMENT_3D('',#3938,#3280,#3281);
#2528=AXIS2_PLACEMENT_3D('',#3939,#3282,#3283);
#2529=AXIS2_PLACEMENT_3D('',#3940,#3284,#3285);
#2530=AXIS2_PLACEMENT_3D('',#3941,#3286,#3287);
#2531=AXIS2_PLACEMENT_3D('',#3942,#3288,#3289);
#2532=AXIS2_PLACEMENT_3D('',#3945,#3292,#3293);
#2533=AXIS2_PLACEMENT_3D('',#3946,#3294,#3295);
#2534=AXIS2_PLACEMENT_3D('',#3947,#3296,#3297);
#2535=AXIS2_PLACEMENT_3D('',#3950,#3300,#3301);
#2536=AXIS2_PLACEMENT_3D('',#3951,#3302,#3303);
#2537=AXIS2_PLACEMENT_3D('',#3952,#3304,#3305);
#2538=DIRECTION('axis',(0.,0.,1.));
#2539=DIRECTION('refdir',(1.,0.,0.));
#2540=DIRECTION('axis',(0.,0.,1.));
#2541=DIRECTION('refdir',(1.,0.,0.));
#2542=DIRECTION('center_axis',(0.,-1.22464679914735E-16,1.));
#2543=DIRECTION('ref_axis',(0.,-1.,-1.11022302462516E-16));
#2544=DIRECTION('center_axis',(0.,-1.22464679914735E-16,1.));
#2545=DIRECTION('ref_axis',(0.,-1.,-1.22464679914735E-16));
#2546=DIRECTION('center_axis',(-1.,-1.22464679914735E-16,-1.49975978266186E-32));
#2547=DIRECTION('ref_axis',(-1.22464679914735E-16,1.,1.38777878078145E-16));
#2548=DIRECTION('center_axis',(0.,-1.22464679914735E-16,1.));
#2549=DIRECTION('ref_axis',(0.,-1.,-1.22464679914735E-16));
#2550=DIRECTION('center_axis',(0.,-1.22464679914735E-16,1.));
#2551=DIRECTION('ref_axis',(0.,-1.,-1.22464679914735E-16));
#2552=DIRECTION('center_axis',(0.,-1.22464679914735E-16,1.));
#2553=DIRECTION('ref_axis',(0.,-1.,-1.22464679914735E-16));
#2554=DIRECTION('',(0.,1.22464679914735E-16,-1.));
#2555=DIRECTION('center_axis',(0.,-1.22464679914735E-16,1.));
#2556=DIRECTION('ref_axis',(0.,-1.,-1.11022302462516E-16));
#2557=DIRECTION('center_axis',(0.,-1.22464679914735E-16,1.));
#2558=DIRECTION('ref_axis',(0.,-1.,-1.22464679914735E-16));
#2559=DIRECTION('center_axis',(-1.,-1.22464679914735E-16,-1.49975978266186E-32));
#2560=DIRECTION('ref_axis',(-1.22464679914735E-16,1.,1.38777878078145E-16));
#2561=DIRECTION('center_axis',(0.,-1.22464679914735E-16,1.));
#2562=DIRECTION('ref_axis',(0.,-1.,-1.22464679914735E-16));
#2563=DIRECTION('center_axis',(0.,-1.22464679914735E-16,1.));
#2564=DIRECTION('ref_axis',(0.,-1.,-1.22464679914735E-16));
#2565=DIRECTION('',(0.,-1.22464679914735E-16,1.));
#2566=DIRECTION('center_axis',(0.,-1.22464679914735E-16,1.));
#2567=DIRECTION('ref_axis',(0.,-1.,-1.22464679914735E-16));
#2568=DIRECTION('center_axis',(0.,-1.22464679914735E-16,1.));
#2569=DIRECTION('ref_axis',(0.,-1.,-1.24656620308789E-16));
#2570=DIRECTION('center_axis',(0.,-1.22464679914735E-16,1.));
#2571=DIRECTION('ref_axis',(0.,-1.,-1.22464679914735E-16));
#2572=DIRECTION('center_axis',(1.,1.22464679914735E-16,1.49975978266186E-32));
#2573=DIRECTION('ref_axis',(-1.22464679914735E-16,1.,1.1686558153949E-16));
#2574=DIRECTION('center_axis',(0.,-1.22464679914735E-16,1.));
#2575=DIRECTION('ref_axis',(0.,-1.,-1.22464679914735E-16));
#2576=DIRECTION('center_axis',(0.,-1.22464679914735E-16,1.));
#2577=DIRECTION('ref_axis',(0.,-1.,-1.22464679914735E-16));
#2578=DIRECTION('',(-1.2060416625019E-16,0.984807753012209,0.173648177666923));
#2579=DIRECTION('center_axis',(0.,-1.22464679914735E-16,1.));
#2580=DIRECTION('ref_axis',(0.,-1.,-1.22464679914735E-16));
#2581=DIRECTION('center_axis',(0.,-1.22464679914735E-16,1.));
#2582=DIRECTION('ref_axis',(0.,-1.,-1.22464679914735E-16));
#2583=DIRECTION('',(0.,-1.22464679914735E-16,1.));
#2584=DIRECTION('center_axis',(0.,-1.22464679914735E-16,1.));
#2585=DIRECTION('ref_axis',(0.,-1.,-1.22464679914735E-16));
#2586=DIRECTION('center_axis',(0.,-1.22464679914735E-16,1.));
#2587=DIRECTION('ref_axis',(0.,-1.,-1.22464679914735E-16));
#2588=DIRECTION('center_axis',(1.,1.22464679914735E-16,1.49975978266186E-32));
#2589=DIRECTION('ref_axis',(-1.22464679914735E-16,1.,1.22464679914735E-16));
#2590=DIRECTION('center_axis',(0.,-1.22464679914735E-16,1.));
#2591=DIRECTION('ref_axis',(0.,-1.,-1.22464679914735E-16));
#2592=DIRECTION('center_axis',(0.,-1.22464679914735E-16,1.));
#2593=DIRECTION('ref_axis',(0.,-1.,-1.22464679914735E-16));
#2594=DIRECTION('center_axis',(0.,-1.22464679914735E-16,1.));
#2595=DIRECTION('ref_axis',(0.,-1.,-1.22464679914735E-16));
#2596=DIRECTION('',(0.,-1.22464679914735E-16,1.));
#2597=DIRECTION('center_axis',(0.,1.22464679914735E-16,-1.));
#2598=DIRECTION('ref_axis',(0.,1.,1.22464679914735E-16));
#2599=DIRECTION('',(-1.2060416625019E-16,-0.984807753012209,-0.173648177666926));
#2600=DIRECTION('center_axis',(0.,-1.22464679914735E-16,1.));
#2601=DIRECTION('ref_axis',(0.,-1.,-1.22464679914735E-16));
#2602=DIRECTION('center_axis',(0.,-1.22464679914735E-16,1.));
#2603=DIRECTION('ref_axis',(0.,-1.,-1.22464679914735E-16));
#2604=DIRECTION('center_axis',(0.,-1.22464679914735E-16,1.));
#2605=DIRECTION('ref_axis',(0.,-1.,-1.2465662030879E-16));
#2606=DIRECTION('center_axis',(0.,-1.22464679914735E-16,1.));
#2607=DIRECTION('ref_axis',(0.,-1.,-1.22464679914735E-16));
#2608=DIRECTION('center_axis',(1.,1.22464679914735E-16,1.49975978266186E-32));
#2609=DIRECTION('ref_axis',(-1.22464679914735E-16,1.,1.1686558153949E-16));
#2610=DIRECTION('center_axis',(0.,-1.22464679914735E-16,1.));
#2611=DIRECTION('ref_axis',(0.,-1.,-1.22464679914735E-16));
#2612=DIRECTION('center_axis',(0.,-1.22464679914735E-16,1.));
#2613=DIRECTION('ref_axis',(0.,-1.,-1.22464679914735E-16));
#2614=DIRECTION('',(0.,-1.22464679914735E-16,1.));
#2615=DIRECTION('center_axis',(0.,-1.22464679914735E-16,1.));
#2616=DIRECTION('ref_axis',(0.,-1.,-1.22464679914735E-16));
#2617=DIRECTION('center_axis',(0.,1.22464679914735E-16,-1.));
#2618=DIRECTION('ref_axis',(0.,1.,1.22464679914735E-16));
#2619=DIRECTION('center_axis',(0.,-1.22464679914735E-16,1.));
#2620=DIRECTION('ref_axis',(0.,-1.,-1.22464679914735E-16));
#2621=DIRECTION('center_axis',(0.,-1.22464679914735E-16,1.));
#2622=DIRECTION('ref_axis',(0.,-1.,-1.22464679914735E-16));
#2623=DIRECTION('center_axis',(1.,1.22464679914735E-16,1.49975978266186E-32));
#2624=DIRECTION('ref_axis',(-1.22464679914735E-16,1.,1.22464679914735E-16));
#2625=DIRECTION('center_axis',(0.,-1.22464679914735E-16,1.));
#2626=DIRECTION('ref_axis',(0.,-1.,-1.22464679914735E-16));
#2627=DIRECTION('center_axis',(0.,1.22464679914735E-16,-1.));
#2628=DIRECTION('ref_axis',(0.,1.,1.22464679914735E-16));
#2629=DIRECTION('center_axis',(0.,1.22464679914735E-16,-1.));
#2630=DIRECTION('ref_axis',(0.,1.,1.22464679914735E-16));
#2631=DIRECTION('center_axis',(0.,1.22464679914735E-16,-1.));
#2632=DIRECTION('ref_axis',(0.,1.,1.22464679914735E-16));
#2633=DIRECTION('',(8.65956056235489E-17,0.707106781186544,0.707106781186551));
#2634=DIRECTION('center_axis',(0.,-1.22464679914735E-16,1.));
#2635=DIRECTION('ref_axis',(0.,1.,1.22464679914735E-16));
#2636=DIRECTION('center_axis',(0.,-1.22464679914735E-16,1.));
#2637=DIRECTION('ref_axis',(0.,-1.,-1.22464679914735E-16));
#2638=DIRECTION('center_axis',(0.,-1.22464679914735E-16,1.));
#2639=DIRECTION('ref_axis',(0.,1.,1.22464679914735E-16));
#2640=DIRECTION('',(-8.65956056235498E-17,0.707106781186552,0.707106781186543));
#2641=DIRECTION('center_axis',(0.,1.22464679914735E-16,-1.));
#2642=DIRECTION('ref_axis',(0.,1.,1.22464679914735E-16));
#2643=DIRECTION('center_axis',(0.,-1.22464679914735E-16,1.));
#2644=DIRECTION('ref_axis',(0.,-1.,-1.22464679914735E-16));
#2645=DIRECTION('center_axis',(0.,-1.22464679914735E-16,1.));
#2646=DIRECTION('ref_axis',(0.,-1.,-1.22464679914735E-16));
#2647=DIRECTION('',(8.65956056235493E-17,-0.707106781186547,-0.707106781186548));
#2648=DIRECTION('center_axis',(0.,1.22464679914735E-16,-1.));
#2649=DIRECTION('ref_axis',(0.,-1.,-1.22464679914735E-16));
#2650=DIRECTION('center_axis',(0.,1.22464679914735E-16,-1.));
#2651=DIRECTION('ref_axis',(0.,1.,1.22464679914735E-16));
#2652=DIRECTION('center_axis',(0.,1.22464679914735E-16,-1.));
#2653=DIRECTION('ref_axis',(0.,-1.,-1.22464679914735E-16));
#2654=DIRECTION('center_axis',(0.,1.22464679914735E-16,-1.));
#2655=DIRECTION('ref_axis',(0.,-1.,-1.22464679914735E-16));
#2656=DIRECTION('',(-8.65956056235492E-17,-0.707106781186546,-0.707106781186549));
#2657=DIRECTION('center_axis',(0.,-1.22464679914735E-16,1.));
#2658=DIRECTION('ref_axis',(0.,-1.,-1.22464679914735E-16));
#2659=DIRECTION('center_axis',(0.,-1.22464679914735E-16,1.));
#2660=DIRECTION('ref_axis',(0.,-1.,-1.22464679914735E-16));
#2661=DIRECTION('',(0.,1.22464679914735E-16,-1.));
#2662=DIRECTION('center_axis',(0.,-1.22464679914735E-16,1.));
#2663=DIRECTION('ref_axis',(0.,-1.,-1.22464679914735E-16));
#2664=DIRECTION('',(0.,1.22464679914735E-16,-1.));
#2665=DIRECTION('center_axis',(0.,-1.22464679914735E-16,1.));
#2666=DIRECTION('ref_axis',(0.,-1.,-1.22464679914735E-16));
#2667=DIRECTION('',(0.,-1.22464679914735E-16,1.));
#2668=DIRECTION('center_axis',(0.,1.22464679914735E-16,-1.));
#2669=DIRECTION('ref_axis',(0.,1.,1.22464679914735E-16));
#2670=DIRECTION('center_axis',(0.,-1.22464679914735E-16,1.));
#2671=DIRECTION('ref_axis',(0.,-1.,-1.22464679914735E-16));
#2672=DIRECTION('center_axis',(-1.,0.,-6.12323399573677E-17));
#2673=DIRECTION('ref_axis',(0.,0.,-1.));
#2674=DIRECTION('center_axis',(0.,1.,0.));
#2675=DIRECTION('ref_axis',(0.,0.,1.));
#2676=DIRECTION('center_axis',(-0.499999999999998,-0.86602540378444,-6.12323399573677E-17));
#2677=DIRECTION('ref_axis',(0.,0.,-1.));
#2678=DIRECTION('center_axis',(-0.86602540378444,0.499999999999998,0.));
#2679=DIRECTION('ref_axis',(0.,0.,1.));
#2680=DIRECTION('center_axis',(0.500000000000004,-0.866025403784436,-3.01602675755313E-16));
#2681=DIRECTION('ref_axis',(0.,2.8421709430404E-16,-1.));
#2682=DIRECTION('center_axis',(-0.866025403784436,-0.500000000000004,-1.77635683940026E-16));
#2683=DIRECTION('ref_axis',(0.,-3.5527136788005E-16,1.));
#2684=DIRECTION('center_axis',(1.,0.,-6.12323399573677E-17));
#2685=DIRECTION('ref_axis',(0.,0.,-1.));
#2686=DIRECTION('center_axis',(0.,-1.,0.));
#2687=DIRECTION('ref_axis',(0.,0.,1.));
#2688=DIRECTION('center_axis',(0.499999999999992,0.866025403784443,1.79137995840579E-16));
#2689=DIRECTION('ref_axis',(0.,2.8421709430404E-16,-1.));
#2690=DIRECTION('center_axis',(0.866025403784443,-0.499999999999992,-1.77635683940022E-16));
#2691=DIRECTION('ref_axis',(0.,-3.5527136788005E-16,1.));
#2692=DIRECTION('center_axis',(-0.50000000000001,0.866025403784433,-6.12323399573676E-17));
#2693=DIRECTION('ref_axis',(0.,0.,-1.));
#2694=DIRECTION('center_axis',(0.866025403784433,0.50000000000001,0.));
#2695=DIRECTION('ref_axis',(0.,0.,1.));
#2696=DIRECTION('center_axis',(0.,-2.44929359829471E-16,-1.));
#2697=DIRECTION('ref_axis',(0.,-1.,2.44929359829471E-16));
#2698=DIRECTION('center_axis',(0.,-1.22464679914735E-16,-1.));
#2699=DIRECTION('ref_axis',(0.,-1.,1.22464679914735E-16));
#2700=DIRECTION('',(0.,-2.44929359829471E-16,-1.));
#2701=DIRECTION('center_axis',(0.,-1.22464679914735E-16,-1.));
#2702=DIRECTION('ref_axis',(0.,1.,-1.22464679914735E-16));
#2703=DIRECTION('',(0.,-2.44929359829471E-16,-1.));
#2704=DIRECTION('center_axis',(0.,1.22464679914735E-16,1.));
#2705=DIRECTION('ref_axis',(0.,1.,-1.03266249787812E-16));
#2706=DIRECTION('center_axis',(0.,1.22464679914735E-16,1.));
#2707=DIRECTION('ref_axis',(0.,-1.,1.22464679914735E-16));
#2708=DIRECTION('center_axis',(0.,1.22464679914735E-16,1.));
#2709=DIRECTION('ref_axis',(0.,-1.,1.22464679914735E-16));
#2710=DIRECTION('center_axis',(-1.,-1.22464679914735E-16,1.49975978266186E-32));
#2711=DIRECTION('ref_axis',(1.22464679914735E-16,-1.,1.29082812234765E-16));
#2712=DIRECTION('center_axis',(0.,1.22464679914735E-16,1.));
#2713=DIRECTION('ref_axis',(0.,-1.,1.22464679914735E-16));
#2714=DIRECTION('center_axis',(0.,1.22464679914735E-16,1.));
#2715=DIRECTION('ref_axis',(0.,1.,-1.30800116203452E-16));
#2716=DIRECTION('center_axis',(0.,-1.22464679914735E-16,-1.));
#2717=DIRECTION('ref_axis',(0.,-1.,1.22464679914735E-16));
#2718=DIRECTION('center_axis',(1.,1.22464679914735E-16,-1.49975978266186E-32));
#2719=DIRECTION('ref_axis',(1.22464679914735E-16,-1.,1.27166779642245E-16));
#2720=DIRECTION('center_axis',(0.,1.22464679914735E-16,1.));
#2721=DIRECTION('ref_axis',(0.,1.,-1.22464679914735E-16));
#2722=DIRECTION('center_axis',(0.,1.22464679914735E-16,1.));
#2723=DIRECTION('ref_axis',(0.,1.,-1.22464679914735E-16));
#2724=DIRECTION('center_axis',(0.,1.22464679914735E-16,1.));
#2725=DIRECTION('ref_axis',(0.,-1.,1.22464679914735E-16));
#2726=DIRECTION('',(1.20013833413116E-16,-0.979987319582054,0.199059924290104));
#2727=DIRECTION('center_axis',(0.,1.22464679914735E-16,1.));
#2728=DIRECTION('ref_axis',(0.,-1.,1.22464679914735E-16));
#2729=DIRECTION('center_axis',(0.,-1.22464679914735E-16,-1.));
#2730=DIRECTION('ref_axis',(0.,-1.,9.72813165060378E-17));
#2731=DIRECTION('center_axis',(0.,1.22464679914735E-16,1.));
#2732=DIRECTION('ref_axis',(0.,-1.,1.22464679914735E-16));
#2733=DIRECTION('center_axis',(-1.,1.22464679914735E-16,-1.49975978266186E-32));
#2734=DIRECTION('ref_axis',(1.22464679914735E-16,1.,-1.21601645632547E-16));
#2735=DIRECTION('center_axis',(0.,1.22464679914735E-16,1.));
#2736=DIRECTION('ref_axis',(0.,-1.,1.22464679914735E-16));
#2737=DIRECTION('center_axis',(0.,-1.22464679914735E-16,-1.));
#2738=DIRECTION('ref_axis',(0.,-1.,1.22464679914735E-16));
#2739=DIRECTION('',(0.,1.22464679914735E-16,1.));
#2740=DIRECTION('center_axis',(0.,1.22464679914735E-16,1.));
#2741=DIRECTION('ref_axis',(0.,-1.,1.22464679914735E-16));
#2742=DIRECTION('center_axis',(0.,-1.22464679914735E-16,-1.));
#2743=DIRECTION('ref_axis',(0.,-1.,1.22464679914735E-16));
#2744=DIRECTION('center_axis',(0.,1.22464679914735E-16,1.));
#2745=DIRECTION('ref_axis',(0.,-1.,1.22464679914735E-16));
#2746=DIRECTION('',(0.,-1.22464679914735E-16,-1.));
#2747=DIRECTION('center_axis',(0.,1.22464679914735E-16,1.));
#2748=DIRECTION('ref_axis',(0.,-1.,1.22464679914735E-16));
#2749=DIRECTION('center_axis',(0.,-1.22464679914735E-16,-1.));
#2750=DIRECTION('ref_axis',(0.,-1.,9.60192886162298E-17));
#2751=DIRECTION('center_axis',(1.,-1.22464679914735E-16,1.49975978266186E-32));
#2752=DIRECTION('ref_axis',(1.22464679914735E-16,1.,-1.20024110770287E-16));
#2753=DIRECTION('center_axis',(0.,1.22464679914735E-16,1.));
#2754=DIRECTION('ref_axis',(0.,-1.,1.22464679914735E-16));
#2755=DIRECTION('center_axis',(0.,1.22464679914735E-16,1.));
#2756=DIRECTION('ref_axis',(0.,1.,-1.22464679914735E-16));
#2757=DIRECTION('',(-1.20013833413116E-16,0.979987319582053,-0.199059924290105));
#2758=DIRECTION('center_axis',(0.,-1.22464679914735E-16,-1.));
#2759=DIRECTION('ref_axis',(0.,-1.,1.25715275258333E-16));
#2760=DIRECTION('center_axis',(-1.,1.22464679914735E-16,-1.49975978266186E-32));
#2761=DIRECTION('ref_axis',(1.22464679914735E-16,1.,-1.17858070554688E-16));
#2762=DIRECTION('center_axis',(0.,1.22464679914735E-16,1.));
#2763=DIRECTION('ref_axis',(0.,-1.,1.22464679914735E-16));
#2764=DIRECTION('center_axis',(0.,1.22464679914735E-16,1.));
#2765=DIRECTION('ref_axis',(0.,-1.,1.22464679914735E-16));
#2766=DIRECTION('center_axis',(0.,-1.22464679914735E-16,-1.));
#2767=DIRECTION('ref_axis',(0.,-1.,1.22464679914735E-16));
#2768=DIRECTION('center_axis',(0.,1.22464679914735E-16,1.));
#2769=DIRECTION('ref_axis',(0.,-1.,1.22464679914735E-16));
#2770=DIRECTION('center_axis',(0.,-1.22464679914735E-16,-1.));
#2771=DIRECTION('ref_axis',(3.28626015289046E-14,-1.,1.22464679914735E-16));
#2772=DIRECTION('center_axis',(0.,1.22464679914735E-16,1.));
#2773=DIRECTION('ref_axis',(0.,-1.,1.22464679914735E-16));
#2774=DIRECTION('center_axis',(0.,1.22464679914735E-16,1.));
#2775=DIRECTION('ref_axis',(0.,-1.,1.22464679914735E-16));
#2776=DIRECTION('center_axis',(0.,-1.22464679914735E-16,-1.));
#2777=DIRECTION('ref_axis',(0.,-1.,1.22464679914735E-16));
#2778=DIRECTION('center_axis',(0.,1.22464679914735E-16,1.));
#2779=DIRECTION('ref_axis',(0.,-1.,1.22464679914735E-16));
#2780=DIRECTION('center_axis',(0.,-1.22464679914735E-16,-1.));
#2781=DIRECTION('ref_axis',(2.66453525910038E-14,-1.,1.22464679914735E-16));
#2782=DIRECTION('center_axis',(0.,1.22464679914735E-16,1.));
#2783=DIRECTION('ref_axis',(0.,-1.,1.22464679914735E-16));
#2784=DIRECTION('center_axis',(0.,1.22464679914735E-16,1.));
#2785=DIRECTION('ref_axis',(0.,-1.,1.22464679914735E-16));
#2786=DIRECTION('center_axis',(0.,-1.22464679914735E-16,-1.));
#2787=DIRECTION('ref_axis',(0.,-1.,1.24656620308789E-16));
#2788=DIRECTION('center_axis',(0.,1.22464679914735E-16,1.));
#2789=DIRECTION('ref_axis',(0.,-1.,1.22464679914735E-16));
#2790=DIRECTION('center_axis',(0.,-1.22464679914735E-16,-1.));
#2791=DIRECTION('ref_axis',(0.,1.,-1.22464679914735E-16));
#2792=DIRECTION('center_axis',(0.,1.22464679914735E-16,1.));
#2793=DIRECTION('ref_axis',(0.,-1.,1.22464679914735E-16));
#2794=DIRECTION('center_axis',(0.,-1.22464679914735E-16,-1.));
#2795=DIRECTION('ref_axis',(0.,1.,-1.22464679914735E-16));
#2796=DIRECTION('center_axis',(0.,1.22464679914735E-16,1.));
#2797=DIRECTION('ref_axis',(0.,-1.,1.22464679914735E-16));
#2798=DIRECTION('center_axis',(0.,1.22464679914735E-16,1.));
#2799=DIRECTION('ref_axis',(0.,-1.,1.22464679914735E-16));
#2800=DIRECTION('center_axis',(1.,-1.22464679914735E-16,1.49975978266186E-32));
#2801=DIRECTION('ref_axis',(1.22464679914735E-16,1.,-1.1686558153949E-16));
#2802=DIRECTION('center_axis',(0.,1.22464679914735E-16,1.));
#2803=DIRECTION('ref_axis',(0.,-1.,1.22464679914735E-16));
#2804=DIRECTION('center_axis',(0.,1.22464679914735E-16,1.));
#2805=DIRECTION('ref_axis',(0.,-1.,1.22464679914735E-16));
#2806=DIRECTION('center_axis',(0.,1.22464679914735E-16,1.));
#2807=DIRECTION('ref_axis',(0.,-1.,1.22464679914735E-16));
#2808=DIRECTION('center_axis',(0.,-1.22464679914735E-16,-1.));
#2809=DIRECTION('ref_axis',(0.,1.,-1.22464679914735E-16));
#2810=DIRECTION('center_axis',(0.,1.22464679914735E-16,1.));
#2811=DIRECTION('ref_axis',(0.,-1.,1.22464679914735E-16));
#2812=DIRECTION('center_axis',(0.,-1.22464679914735E-16,-1.));
#2813=DIRECTION('ref_axis',(0.,1.,-1.22464679914735E-16));
#2814=DIRECTION('center_axis',(0.,1.22464679914735E-16,1.));
#2815=DIRECTION('ref_axis',(0.,-1.,1.22464679914735E-16));
#2816=DIRECTION('center_axis',(0.,-1.22464679914735E-16,-1.));
#2817=DIRECTION('ref_axis',(0.,-1.,1.22464679914735E-16));
#2818=DIRECTION('',(1.06057523872491E-16,-1.83697019872102E-16,-1.));
#2819=DIRECTION('center_axis',(0.,1.22464679914735E-16,1.));
#2820=DIRECTION('ref_axis',(0.,-1.,1.22464679914735E-16));
#2821=DIRECTION('',(1.0605752387249E-16,-6.12323399573664E-17,-1.));
#2822=DIRECTION('center_axis',(0.,-1.22464679914735E-16,-1.));
#2823=DIRECTION('ref_axis',(0.,-1.,1.22464679914735E-16));
#2824=DIRECTION('',(0.,-2.44929359829471E-16,-1.));
#2825=DIRECTION('center_axis',(0.,1.22464679914735E-16,1.));
#2826=DIRECTION('ref_axis',(0.,-1.,1.22464679914735E-16));
#2827=DIRECTION('',(1.06057523872491E-16,-1.83697019872102E-16,-1.));
#2828=DIRECTION('center_axis',(0.,-1.22464679914735E-16,-1.));
#2829=DIRECTION('ref_axis',(0.,-1.,1.22464679914735E-16));
#2830=DIRECTION('',(-1.0605752387249E-16,-1.83697019872103E-16,-1.));
#2831=DIRECTION('center_axis',(0.,1.22464679914735E-16,1.));
#2832=DIRECTION('ref_axis',(0.,-1.,1.22464679914735E-16));
#2833=DIRECTION('',(0.,-2.44929359829471E-16,-1.));
#2834=DIRECTION('center_axis',(0.,-1.22464679914735E-16,-1.));
#2835=DIRECTION('ref_axis',(0.,-1.,1.22464679914735E-16));
#2836=DIRECTION('',(-1.06057523872491E-16,-6.12323399573679E-17,-1.));
#2837=DIRECTION('center_axis',(0.,1.22464679914735E-16,1.));
#2838=DIRECTION('ref_axis',(0.,-1.,1.22464679914735E-16));
#2839=DIRECTION('',(-1.0605752387249E-16,-1.83697019872103E-16,-1.));
#2840=DIRECTION('center_axis',(0.,-1.22464679914735E-16,-1.));
#2841=DIRECTION('ref_axis',(0.,-1.,1.22464679914735E-16));
#2842=DIRECTION('',(0.,0.,-1.));
#2843=DIRECTION('center_axis',(0.,1.22464679914735E-16,1.));
#2844=DIRECTION('ref_axis',(0.,-1.,1.22464679914735E-16));
#2845=DIRECTION('',(-1.06057523872491E-16,-6.12323399573679E-17,-1.));
#2846=DIRECTION('center_axis',(0.,1.22464679914735E-16,1.));
#2847=DIRECTION('ref_axis',(0.,1.,-1.22464679914735E-16));
#2848=DIRECTION('',(-0.866025403784443,0.499999999999992,-1.83697019872102E-16));
#2849=DIRECTION('center_axis',(0.,1.22464679914735E-16,1.));
#2850=DIRECTION('ref_axis',(0.,-1.,1.22464679914735E-16));
#2851=DIRECTION('',(0.866025403784433,0.50000000000001,6.12323399573664E-17));
#2852=DIRECTION('center_axis',(0.,1.22464679914735E-16,1.));
#2853=DIRECTION('ref_axis',(0.,1.,-1.22464679914735E-16));
#2854=DIRECTION('',(0.,1.,-2.44929359829471E-16));
#2855=DIRECTION('center_axis',(0.,1.22464679914735E-16,1.));
#2856=DIRECTION('ref_axis',(0.,-1.,1.22464679914735E-16));
#2857=DIRECTION('',(0.866025403784443,-0.499999999999992,1.83697019872102E-16));
#2858=DIRECTION('center_axis',(0.,1.22464679914735E-16,1.));
#2859=DIRECTION('ref_axis',(0.,1.,-1.22464679914735E-16));
#2860=DIRECTION('',(0.866025403784436,0.500000000000004,-1.83697019872104E-16));
#2861=DIRECTION('center_axis',(0.,1.22464679914735E-16,1.));
#2862=DIRECTION('ref_axis',(0.,-1.,1.22464679914735E-16));
#2863=DIRECTION('',(0.,-1.,2.44929359829471E-16));
#2864=DIRECTION('center_axis',(0.,1.22464679914735E-16,1.));
#2865=DIRECTION('ref_axis',(0.,1.,-1.22464679914735E-16));
#2866=DIRECTION('',(0.86602540378444,-0.499999999999998,-6.12323399573679E-17));
#2867=DIRECTION('center_axis',(0.,1.22464679914735E-16,1.));
#2868=DIRECTION('ref_axis',(0.,-1.,1.22464679914735E-16));
#2869=DIRECTION('',(-0.866025403784436,-0.500000000000004,1.83697019872104E-16));
#2870=DIRECTION('center_axis',(0.,1.22464679914735E-16,1.));
#2871=DIRECTION('ref_axis',(0.,1.,-1.22464679914735E-16));
#2872=DIRECTION('',(0.,-1.,0.));
#2873=DIRECTION('center_axis',(0.,1.22464679914735E-16,1.));
#2874=DIRECTION('ref_axis',(0.,-1.,1.22464679914735E-16));
#2875=DIRECTION('',(-0.86602540378444,0.499999999999998,6.12323399573679E-17));
#2876=DIRECTION('center_axis',(0.,-1.22464679914735E-16,-1.));
#2877=DIRECTION('ref_axis',(0.,-1.,1.22464679914735E-16));
#2878=DIRECTION('',(1.06057523872491E-16,-1.83697019872102E-16,-1.));
#2879=DIRECTION('center_axis',(0.,1.22464679914735E-16,1.));
#2880=DIRECTION('ref_axis',(0.,-1.,1.22464679914735E-16));
#2881=DIRECTION('',(1.0605752387249E-16,-6.12323399573664E-17,-1.));
#2882=DIRECTION('center_axis',(0.,-1.22464679914735E-16,-1.));
#2883=DIRECTION('ref_axis',(0.,-1.,1.22464679914735E-16));
#2884=DIRECTION('',(0.,-2.44929359829471E-16,-1.));
#2885=DIRECTION('center_axis',(0.,1.22464679914735E-16,1.));
#2886=DIRECTION('ref_axis',(0.,-1.,1.22464679914735E-16));
#2887=DIRECTION('',(1.06057523872491E-16,-1.83697019872102E-16,-1.));
#2888=DIRECTION('center_axis',(0.,-1.22464679914735E-16,-1.));
#2889=DIRECTION('ref_axis',(0.,-1.,1.22464679914735E-16));
#2890=DIRECTION('',(-1.0605752387249E-16,-1.83697019872103E-16,-1.));
#2891=DIRECTION('center_axis',(0.,1.22464679914735E-16,1.));
#2892=DIRECTION('ref_axis',(0.,-1.,1.22464679914735E-16));
#2893=DIRECTION('',(0.,-2.44929359829471E-16,-1.));
#2894=DIRECTION('center_axis',(0.,-1.22464679914735E-16,-1.));
#2895=DIRECTION('ref_axis',(0.,-1.,1.22464679914735E-16));
#2896=DIRECTION('',(-1.06057523872491E-16,-6.12323399573679E-17,-1.));
#2897=DIRECTION('center_axis',(0.,1.22464679914735E-16,1.));
#2898=DIRECTION('ref_axis',(0.,-1.,1.22464679914735E-16));
#2899=DIRECTION('',(-1.0605752387249E-16,-1.83697019872103E-16,-1.));
#2900=DIRECTION('center_axis',(0.,-1.22464679914735E-16,-1.));
#2901=DIRECTION('ref_axis',(0.,-1.,1.22464679914735E-16));
#2902=DIRECTION('',(0.,0.,-1.));
#2903=DIRECTION('center_axis',(0.,1.22464679914735E-16,1.));
#2904=DIRECTION('ref_axis',(0.,-1.,1.22464679914735E-16));
#2905=DIRECTION('',(-1.06057523872491E-16,-6.12323399573679E-17,-1.));
#2906=DIRECTION('center_axis',(0.,-1.22464679914735E-16,-1.));
#2907=DIRECTION('ref_axis',(0.,-1.,1.22464679914735E-16));
#2908=DIRECTION('',(0.866025403784443,-0.499999999999992,6.12323399573667E-17));
#2909=DIRECTION('',(-0.866025403784433,-0.50000000000001,6.12323399573689E-17));
#2910=DIRECTION('center_axis',(0.,-1.22464679914735E-16,-1.));
#2911=DIRECTION('ref_axis',(0.,-1.,1.22464679914735E-16));
#2912=DIRECTION('',(0.,-1.,1.22464679914735E-16));
#2913=DIRECTION('',(-0.866025403784443,0.499999999999992,-6.12323399573667E-17));
#2914=DIRECTION('center_axis',(0.,-1.22464679914735E-16,-1.));
#2915=DIRECTION('ref_axis',(0.,-1.,1.22464679914735E-16));
#2916=DIRECTION('',(-0.866025403784436,-0.500000000000004,6.12323399573682E-17));
#2917=DIRECTION('',(0.,1.,-1.22464679914735E-16));
#2918=DIRECTION('center_axis',(0.,-1.22464679914735E-16,-1.));
#2919=DIRECTION('ref_axis',(0.,-1.,1.22464679914735E-16));
#2920=DIRECTION('',(-0.86602540378444,0.499999999999998,-6.12323399573674E-17));
#2921=DIRECTION('',(0.866025403784436,0.500000000000004,-6.12323399573682E-17));
#2922=DIRECTION('center_axis',(0.,-1.22464679914735E-16,-1.));
#2923=DIRECTION('ref_axis',(0.,-1.,1.22464679914735E-16));
#2924=DIRECTION('',(0.,1.,-1.22464679914735E-16));
#2925=DIRECTION('',(0.86602540378444,-0.499999999999998,6.12323399573674E-17));
#2926=DIRECTION('center_axis',(0.,-1.22464679914735E-16,-1.));
#2927=DIRECTION('ref_axis',(0.,-1.,1.22464679914735E-16));
#2928=DIRECTION('center_axis',(0.,1.22464679914735E-16,1.));
#2929=DIRECTION('ref_axis',(0.,-1.,1.22464679914735E-16));
#2930=DIRECTION('',(0.,0.,-1.));
#2931=DIRECTION('',(1.0605752387249E-16,-6.12323399573664E-17,-1.));
#2932=DIRECTION('center_axis',(0.,1.22464679914735E-16,1.));
#2933=DIRECTION('ref_axis',(0.,1.,-1.22464679914735E-16));
#2934=DIRECTION('center_axis',(0.,1.22464679914735E-16,1.));
#2935=DIRECTION('ref_axis',(0.,-1.,1.22464679914735E-16));
#2936=DIRECTION('',(0.,1.,0.));
#2937=DIRECTION('',(-0.866025403784433,-0.50000000000001,-6.12323399573664E-17));
#2938=DIRECTION('center_axis',(0.,-1.22464679914735E-16,-1.));
#2939=DIRECTION('ref_axis',(0.,-1.,1.22464679914735E-16));
#2940=DIRECTION('center_axis',(0.,1.22464679914735E-16,1.));
#2941=DIRECTION('ref_axis',(0.,-1.,1.22464679914735E-16));
#2942=DIRECTION('',(0.,0.,-1.));
#2943=DIRECTION('',(1.0605752387249E-16,-6.12323399573664E-17,-1.));
#2944=DIRECTION('center_axis',(0.,-1.22464679914735E-16,-1.));
#2945=DIRECTION('ref_axis',(0.,-1.,1.22464679914735E-16));
#2946=DIRECTION('',(0.,-1.,1.22464679914735E-16));
#2947=DIRECTION('',(0.866025403784433,0.50000000000001,-6.12323399573689E-17));
#2948=DIRECTION('center_axis',(0.,1.22464679914735E-16,1.));
#2949=DIRECTION('ref_axis',(0.,1.,-1.22464679914735E-16));
#2950=DIRECTION('center_axis',(0.,-1.22464679914735E-16,-1.));
#2951=DIRECTION('ref_axis',(0.,-1.,1.22464679914735E-16));
#2952=DIRECTION('center_axis',(0.,-1.22464679914735E-16,-1.));
#2953=DIRECTION('ref_axis',(0.,-1.,1.22464679914735E-16));
#2954=DIRECTION('center_axis',(0.,-1.22464679914735E-16,-1.));
#2955=DIRECTION('ref_axis',(0.,-1.,1.22464679914735E-16));
#2956=DIRECTION('center_axis',(0.,0.,-1.));
#2957=DIRECTION('ref_axis',(1.,0.,0.));
#2958=DIRECTION('',(0.,0.,-1.));
#2959=DIRECTION('',(0.,0.,-1.));
#2960=DIRECTION('center_axis',(1.,0.,0.));
#2961=DIRECTION('ref_axis',(0.,0.,1.));
#2962=DIRECTION('center_axis',(-1.,0.,0.));
#2963=DIRECTION('ref_axis',(0.,0.,-1.));
#2964=DIRECTION('center_axis',(-1.06057523872491E-16,-6.12323399573679E-17,
-1.));
#2965=DIRECTION('ref_axis',(1.,1.0930766155629E-33,-1.06057523872491E-16));
#2966=DIRECTION('',(-1.06057523872491E-16,-6.12323399573679E-17,-1.));
#2967=DIRECTION('',(-1.06057523872491E-16,-6.12323399573679E-17,-1.));
#2968=DIRECTION('center_axis',(0.499999999999998,0.86602540378444,-1.06057523872491E-16));
#2969=DIRECTION('ref_axis',(-0.86602540378444,0.499999999999998,0.));
#2970=DIRECTION('center_axis',(-0.499999999999998,-0.86602540378444,1.06057523872491E-16));
#2971=DIRECTION('ref_axis',(0.86602540378444,-0.499999999999998,-6.16297582203916E-33));
#2972=DIRECTION('center_axis',(-1.0605752387249E-16,-1.83697019872103E-16,
-1.));
#2973=DIRECTION('ref_axis',(-2.29742836635477E-34,-1.,1.83697019872103E-16));
#2974=DIRECTION('',(-1.0605752387249E-16,-1.83697019872103E-16,-1.));
#2975=DIRECTION('',(-1.0605752387249E-16,-1.83697019872103E-16,-1.));
#2976=DIRECTION('center_axis',(-0.500000000000004,0.866025403784436,-1.0605752387249E-16));
#2977=DIRECTION('ref_axis',(-0.866025403784436,-0.500000000000004,0.));
#2978=DIRECTION('center_axis',(0.500000000000004,-0.866025403784436,1.0605752387249E-16));
#2979=DIRECTION('ref_axis',(0.866025403784436,0.500000000000004,0.));
#2980=DIRECTION('center_axis',(-1.,0.,0.));
#2981=DIRECTION('ref_axis',(0.,0.,-1.));
#2982=DIRECTION('center_axis',(1.,0.,0.));
#2983=DIRECTION('ref_axis',(0.,0.,1.));
#2984=DIRECTION('center_axis',(1.06057523872491E-16,-1.83697019872102E-16,
-1.));
#2985=DIRECTION('ref_axis',(2.29742836635636E-34,-1.,1.83697019872102E-16));
#2986=DIRECTION('',(1.06057523872491E-16,-1.83697019872102E-16,-1.));
#2987=DIRECTION('',(1.06057523872491E-16,-1.83697019872102E-16,-1.));
#2988=DIRECTION('center_axis',(-0.499999999999992,-0.866025403784443,1.06057523872491E-16));
#2989=DIRECTION('ref_axis',(0.866025403784443,-0.499999999999992,-6.16297582203915E-33));
#2990=DIRECTION('center_axis',(0.499999999999992,0.866025403784443,-1.06057523872491E-16));
#2991=DIRECTION('ref_axis',(-0.866025403784443,0.499999999999992,0.));
#2992=DIRECTION('center_axis',(1.0605752387249E-16,-6.12323399573664E-17,
-1.));
#2993=DIRECTION('ref_axis',(1.,-1.09307661556293E-33,1.0605752387249E-16));
#2994=DIRECTION('',(1.0605752387249E-16,-6.12323399573664E-17,-1.));
#2995=DIRECTION('',(1.0605752387249E-16,-6.12323399573664E-17,-1.));
#2996=DIRECTION('center_axis',(0.50000000000001,-0.866025403784433,1.0605752387249E-16));
#2997=DIRECTION('ref_axis',(0.866025403784433,0.50000000000001,0.));
#2998=DIRECTION('center_axis',(-0.50000000000001,0.866025403784433,-1.0605752387249E-16));
#2999=DIRECTION('ref_axis',(-0.866025403784433,-0.50000000000001,0.));
#3000=DIRECTION('center_axis',(0.,-2.44929359829471E-16,1.));
#3001=DIRECTION('ref_axis',(0.,-1.,-2.44929359829471E-16));
#3002=DIRECTION('center_axis',(0.,1.22464679914735E-16,-1.));
#3003=DIRECTION('ref_axis',(3.64153152077051E-14,-1.,-1.22464679914735E-16));
#3004=DIRECTION('',(0.,-2.44929359829471E-16,1.));
#3005=DIRECTION('center_axis',(0.,1.22464679914735E-16,-1.));
#3006=DIRECTION('ref_axis',(0.,1.,1.22464679914735E-16));
#3007=DIRECTION('',(0.,-2.44929359829471E-16,1.));
#3008=DIRECTION('center_axis',(0.,1.22464679914735E-16,-1.));
#3009=DIRECTION('ref_axis',(0.,1.,1.03266249787812E-16));
#3010=DIRECTION('center_axis',(0.,-1.22464679914735E-16,1.));
#3011=DIRECTION('ref_axis',(0.,-1.,-1.22464679914735E-16));
#3012=DIRECTION('center_axis',(1.,-1.22464679914735E-16,-1.49975978266186E-32));
#3013=DIRECTION('ref_axis',(-1.22464679914735E-16,-1.,-1.29082812234765E-16));
#3014=DIRECTION('center_axis',(0.,-1.22464679914735E-16,1.));
#3015=DIRECTION('ref_axis',(0.,-1.,-1.22464679914735E-16));
#3016=DIRECTION('center_axis',(0.,-1.22464679914735E-16,1.));
#3017=DIRECTION('ref_axis',(0.,-1.,-1.22464679914735E-16));
#3018=DIRECTION('center_axis',(0.,1.22464679914735E-16,-1.));
#3019=DIRECTION('ref_axis',(0.,1.,1.30800116203452E-16));
#3020=DIRECTION('center_axis',(0.,1.22464679914735E-16,-1.));
#3021=DIRECTION('ref_axis',(0.,-1.,-1.22464679914735E-16));
#3022=DIRECTION('center_axis',(-1.,1.22464679914735E-16,1.49975978266186E-32));
#3023=DIRECTION('ref_axis',(-1.22464679914735E-16,-1.,-1.27166779642245E-16));
#3024=DIRECTION('center_axis',(0.,-1.22464679914735E-16,1.));
#3025=DIRECTION('ref_axis',(0.,1.,1.22464679914735E-16));
#3026=DIRECTION('center_axis',(0.,1.22464679914735E-16,-1.));
#3027=DIRECTION('ref_axis',(0.,1.,1.22464679914735E-16));
#3028=DIRECTION('center_axis',(0.,-1.22464679914735E-16,1.));
#3029=DIRECTION('ref_axis',(0.,-1.,-1.22464679914735E-16));
#3030=DIRECTION('',(-1.20013833413116E-16,-0.979987319582054,-0.199059924290104));
#3031=DIRECTION('center_axis',(0.,-1.22464679914735E-16,1.));
#3032=DIRECTION('ref_axis',(0.,-1.,-1.22464679914735E-16));
#3033=DIRECTION('center_axis',(0.,-1.22464679914735E-16,1.));
#3034=DIRECTION('ref_axis',(0.,-1.,-9.72813165060378E-17));
#3035=DIRECTION('center_axis',(0.,-1.22464679914735E-16,1.));
#3036=DIRECTION('ref_axis',(0.,-1.,-1.22464679914735E-16));
#3037=DIRECTION('center_axis',(1.,1.22464679914735E-16,1.49975978266186E-32));
#3038=DIRECTION('ref_axis',(-1.22464679914735E-16,1.,1.21601645632547E-16));
#3039=DIRECTION('center_axis',(0.,-1.22464679914735E-16,1.));
#3040=DIRECTION('ref_axis',(0.,-1.,-1.22464679914735E-16));
#3041=DIRECTION('center_axis',(0.,-1.22464679914735E-16,1.));
#3042=DIRECTION('ref_axis',(0.,-1.,-1.22464679914735E-16));
#3043=DIRECTION('',(0.,1.22464679914735E-16,-1.));
#3044=DIRECTION('center_axis',(0.,-1.22464679914735E-16,1.));
#3045=DIRECTION('ref_axis',(0.,-1.,-1.22464679914735E-16));
#3046=DIRECTION('center_axis',(0.,-1.22464679914735E-16,1.));
#3047=DIRECTION('ref_axis',(0.,-1.,-1.22464679914735E-16));
#3048=DIRECTION('center_axis',(0.,-1.22464679914735E-16,1.));
#3049=DIRECTION('ref_axis',(0.,-1.,-1.22464679914735E-16));
#3050=DIRECTION('',(0.,-1.22464679914735E-16,1.));
#3051=DIRECTION('center_axis',(0.,-1.22464679914735E-16,1.));
#3052=DIRECTION('ref_axis',(0.,-1.,-1.22464679914735E-16));
#3053=DIRECTION('center_axis',(0.,-1.22464679914735E-16,1.));
#3054=DIRECTION('ref_axis',(0.,-1.,-9.60192886162298E-17));
#3055=DIRECTION('center_axis',(-1.,-1.22464679914735E-16,-1.49975978266186E-32));
#3056=DIRECTION('ref_axis',(-1.22464679914735E-16,1.,1.20024110770287E-16));
#3057=DIRECTION('center_axis',(0.,-1.22464679914735E-16,1.));
#3058=DIRECTION('ref_axis',(0.,-1.,-1.22464679914735E-16));
#3059=DIRECTION('center_axis',(0.,1.22464679914735E-16,-1.));
#3060=DIRECTION('ref_axis',(0.,1.,1.22464679914735E-16));
#3061=DIRECTION('',(1.20013833413116E-16,0.979987319582053,0.199059924290105));
#3062=DIRECTION('center_axis',(0.,-1.22464679914735E-16,1.));
#3063=DIRECTION('ref_axis',(0.,-1.,-1.25715275258333E-16));
#3064=DIRECTION('center_axis',(1.,1.22464679914735E-16,1.49975978266186E-32));
#3065=DIRECTION('ref_axis',(-1.22464679914735E-16,1.,1.17858070554688E-16));
#3066=DIRECTION('center_axis',(0.,-1.22464679914735E-16,1.));
#3067=DIRECTION('ref_axis',(0.,-1.,-1.22464679914735E-16));
#3068=DIRECTION('center_axis',(0.,-1.22464679914735E-16,1.));
#3069=DIRECTION('ref_axis',(0.,-1.,-1.22464679914735E-16));
#3070=DIRECTION('center_axis',(0.,1.22464679914735E-16,-1.));
#3071=DIRECTION('ref_axis',(2.66453525910038E-14,-1.,-1.22464679914735E-16));
#3072=DIRECTION('center_axis',(0.,-1.22464679914735E-16,1.));
#3073=DIRECTION('ref_axis',(0.,-1.,-1.22464679914735E-16));
#3074=DIRECTION('center_axis',(0.,1.22464679914735E-16,-1.));
#3075=DIRECTION('ref_axis',(0.,-1.,-1.22464679914735E-16));
#3076=DIRECTION('center_axis',(0.,-1.22464679914735E-16,1.));
#3077=DIRECTION('ref_axis',(0.,-1.,-1.22464679914735E-16));
#3078=DIRECTION('center_axis',(0.,-1.22464679914735E-16,1.));
#3079=DIRECTION('ref_axis',(0.,-1.,-1.22464679914735E-16));
#3080=DIRECTION('center_axis',(0.,1.22464679914735E-16,-1.));
#3081=DIRECTION('ref_axis',(3.28626015289046E-14,-1.,-1.22464679914735E-16));
#3082=DIRECTION('center_axis',(0.,-1.22464679914735E-16,1.));
#3083=DIRECTION('ref_axis',(0.,-1.,-1.22464679914735E-16));
#3084=DIRECTION('center_axis',(0.,1.22464679914735E-16,-1.));
#3085=DIRECTION('ref_axis',(0.,-1.,-1.22464679914735E-16));
#3086=DIRECTION('center_axis',(0.,-1.22464679914735E-16,1.));
#3087=DIRECTION('ref_axis',(0.,-1.,-1.22464679914735E-16));
#3088=DIRECTION('center_axis',(0.,-1.22464679914735E-16,1.));
#3089=DIRECTION('ref_axis',(0.,-1.,-1.22464679914735E-16));
#3090=DIRECTION('center_axis',(0.,-1.22464679914735E-16,1.));
#3091=DIRECTION('ref_axis',(0.,-1.,-1.24656620308789E-16));
#3092=DIRECTION('center_axis',(0.,-1.22464679914735E-16,1.));
#3093=DIRECTION('ref_axis',(0.,-1.,-1.22464679914735E-16));
#3094=DIRECTION('center_axis',(0.,1.22464679914735E-16,-1.));
#3095=DIRECTION('ref_axis',(0.,1.,1.22464679914735E-16));
#3096=DIRECTION('center_axis',(0.,-1.22464679914735E-16,1.));
#3097=DIRECTION('ref_axis',(0.,-1.,-1.22464679914735E-16));
#3098=DIRECTION('center_axis',(0.,1.22464679914735E-16,-1.));
#3099=DIRECTION('ref_axis',(0.,1.,1.22464679914735E-16));
#3100=DIRECTION('center_axis',(0.,-1.22464679914735E-16,1.));
#3101=DIRECTION('ref_axis',(0.,-1.,-1.22464679914735E-16));
#3102=DIRECTION('center_axis',(0.,-1.22464679914735E-16,1.));
#3103=DIRECTION('ref_axis',(0.,-1.,-1.22464679914735E-16));
#3104=DIRECTION('center_axis',(-1.,-1.22464679914735E-16,-1.49975978266186E-32));
#3105=DIRECTION('ref_axis',(-1.22464679914735E-16,1.,1.1686558153949E-16));
#3106=DIRECTION('center_axis',(0.,-1.22464679914735E-16,1.));
#3107=DIRECTION('ref_axis',(0.,-1.,-1.22464679914735E-16));
#3108=DIRECTION('center_axis',(0.,-1.22464679914735E-16,1.));
#3109=DIRECTION('ref_axis',(0.,-1.,-1.22464679914735E-16));
#3110=DIRECTION('center_axis',(0.,-1.22464679914735E-16,1.));
#3111=DIRECTION('ref_axis',(0.,-1.,-1.22464679914735E-16));
#3112=DIRECTION('center_axis',(0.,1.22464679914735E-16,-1.));
#3113=DIRECTION('ref_axis',(0.,1.,1.22464679914735E-16));
#3114=DIRECTION('center_axis',(0.,-1.22464679914735E-16,1.));
#3115=DIRECTION('ref_axis',(0.,-1.,-1.22464679914735E-16));
#3116=DIRECTION('center_axis',(0.,1.22464679914735E-16,-1.));
#3117=DIRECTION('ref_axis',(0.,1.,1.22464679914735E-16));
#3118=DIRECTION('center_axis',(0.,-1.22464679914735E-16,1.));
#3119=DIRECTION('ref_axis',(0.,-1.,-1.22464679914735E-16));
#3120=DIRECTION('center_axis',(0.,-1.22464679914735E-16,1.));
#3121=DIRECTION('ref_axis',(0.,-1.,-1.22464679914735E-16));
#3122=DIRECTION('',(1.0605752387249E-16,-6.12323399573664E-17,1.));
#3123=DIRECTION('center_axis',(0.,-1.22464679914735E-16,1.));
#3124=DIRECTION('ref_axis',(0.,-1.,-1.22464679914735E-16));
#3125=DIRECTION('',(1.06057523872491E-16,-1.83697019872102E-16,1.));
#3126=DIRECTION('center_axis',(0.,-1.22464679914735E-16,1.));
#3127=DIRECTION('ref_axis',(0.,-1.,-1.22464679914735E-16));
#3128=DIRECTION('',(1.06057523872491E-16,-1.83697019872102E-16,1.));
#3129=DIRECTION('center_axis',(0.,-1.22464679914735E-16,1.));
#3130=DIRECTION('ref_axis',(0.,-1.,-1.22464679914735E-16));
#3131=DIRECTION('',(0.,-2.44929359829471E-16,1.));
#3132=DIRECTION('center_axis',(0.,-1.22464679914735E-16,1.));
#3133=DIRECTION('ref_axis',(0.,-1.,-1.22464679914735E-16));
#3134=DIRECTION('',(0.,-2.44929359829471E-16,1.));
#3135=DIRECTION('center_axis',(0.,-1.22464679914735E-16,1.));
#3136=DIRECTION('ref_axis',(0.,-1.,-1.22464679914735E-16));
#3137=DIRECTION('',(-1.0605752387249E-16,-1.83697019872103E-16,1.));
#3138=DIRECTION('center_axis',(0.,-1.22464679914735E-16,1.));
#3139=DIRECTION('ref_axis',(0.,-1.,-1.22464679914735E-16));
#3140=DIRECTION('',(-1.0605752387249E-16,-1.83697019872103E-16,1.));
#3141=DIRECTION('center_axis',(0.,-1.22464679914735E-16,1.));
#3142=DIRECTION('ref_axis',(0.,-1.,-1.22464679914735E-16));
#3143=DIRECTION('',(-1.06057523872491E-16,-6.12323399573679E-17,1.));
#3144=DIRECTION('center_axis',(0.,-1.22464679914735E-16,1.));
#3145=DIRECTION('ref_axis',(0.,-1.,-1.22464679914735E-16));
#3146=DIRECTION('',(-1.06057523872491E-16,-6.12323399573679E-17,1.));
#3147=DIRECTION('center_axis',(0.,-1.22464679914735E-16,1.));
#3148=DIRECTION('ref_axis',(0.,-1.,-1.22464679914735E-16));
#3149=DIRECTION('',(0.,0.,1.));
#3150=DIRECTION('center_axis',(0.,1.22464679914735E-16,-1.));
#3151=DIRECTION('ref_axis',(0.,1.,1.22464679914735E-16));
#3152=DIRECTION('',(0.866025403784433,0.50000000000001,-6.12323399573664E-17));
#3153=DIRECTION('center_axis',(0.,-1.22464679914735E-16,1.));
#3154=DIRECTION('ref_axis',(0.,-1.,-1.22464679914735E-16));
#3155=DIRECTION('',(-0.866025403784443,0.499999999999992,1.83697019872102E-16));
#3156=DIRECTION('center_axis',(0.,1.22464679914735E-16,-1.));
#3157=DIRECTION('ref_axis',(0.,1.,1.22464679914735E-16));
#3158=DIRECTION('',(0.866025403784443,-0.499999999999992,-1.83697019872102E-16));
#3159=DIRECTION('center_axis',(0.,-1.22464679914735E-16,1.));
#3160=DIRECTION('ref_axis',(0.,-1.,-1.22464679914735E-16));
#3161=DIRECTION('',(0.,1.,2.44929359829471E-16));
#3162=DIRECTION('center_axis',(0.,1.22464679914735E-16,-1.));
#3163=DIRECTION('ref_axis',(0.,1.,1.22464679914735E-16));
#3164=DIRECTION('',(0.,-1.,-2.44929359829471E-16));
#3165=DIRECTION('center_axis',(0.,-1.22464679914735E-16,1.));
#3166=DIRECTION('ref_axis',(0.,-1.,-1.22464679914735E-16));
#3167=DIRECTION('',(0.866025403784436,0.500000000000004,1.83697019872104E-16));
#3168=DIRECTION('center_axis',(0.,1.22464679914735E-16,-1.));
#3169=DIRECTION('ref_axis',(0.,1.,1.22464679914735E-16));
#3170=DIRECTION('',(-0.866025403784436,-0.500000000000004,-1.83697019872104E-16));
#3171=DIRECTION('center_axis',(0.,-1.22464679914735E-16,1.));
#3172=DIRECTION('ref_axis',(0.,-1.,-1.22464679914735E-16));
#3173=DIRECTION('',(0.86602540378444,-0.499999999999998,6.12323399573679E-17));
#3174=DIRECTION('center_axis',(0.,1.22464679914735E-16,-1.));
#3175=DIRECTION('ref_axis',(0.,1.,1.22464679914735E-16));
#3176=DIRECTION('',(-0.86602540378444,0.499999999999998,-6.12323399573679E-17));
#3177=DIRECTION('center_axis',(0.,-1.22464679914735E-16,1.));
#3178=DIRECTION('ref_axis',(0.,-1.,-1.22464679914735E-16));
#3179=DIRECTION('',(0.,-1.,0.));
#3180=DIRECTION('center_axis',(0.,-1.22464679914735E-16,1.));
#3181=DIRECTION('ref_axis',(0.,-1.,-1.22464679914735E-16));
#3182=DIRECTION('',(1.0605752387249E-16,-6.12323399573664E-17,1.));
#3183=DIRECTION('center_axis',(0.,-1.22464679914735E-16,1.));
#3184=DIRECTION('ref_axis',(0.,-1.,-1.22464679914735E-16));
#3185=DIRECTION('',(1.06057523872491E-16,-1.83697019872102E-16,1.));
#3186=DIRECTION('center_axis',(0.,-1.22464679914735E-16,1.));
#3187=DIRECTION('ref_axis',(0.,-1.,-1.22464679914735E-16));
#3188=DIRECTION('',(1.06057523872491E-16,-1.83697019872102E-16,1.));
#3189=DIRECTION('center_axis',(0.,-1.22464679914735E-16,1.));
#3190=DIRECTION('ref_axis',(0.,-1.,-1.22464679914735E-16));
#3191=DIRECTION('',(0.,-2.44929359829471E-16,1.));
#3192=DIRECTION('center_axis',(0.,-1.22464679914735E-16,1.));
#3193=DIRECTION('ref_axis',(0.,-1.,-1.22464679914735E-16));
#3194=DIRECTION('',(0.,-2.44929359829471E-16,1.));
#3195=DIRECTION('center_axis',(0.,-1.22464679914735E-16,1.));
#3196=DIRECTION('ref_axis',(0.,-1.,-1.22464679914735E-16));
#3197=DIRECTION('',(-1.0605752387249E-16,-1.83697019872103E-16,1.));
#3198=DIRECTION('center_axis',(0.,-1.22464679914735E-16,1.));
#3199=DIRECTION('ref_axis',(0.,-1.,-1.22464679914735E-16));
#3200=DIRECTION('',(-1.0605752387249E-16,-1.83697019872103E-16,1.));
#3201=DIRECTION('center_axis',(0.,-1.22464679914735E-16,1.));
#3202=DIRECTION('ref_axis',(0.,-1.,-1.22464679914735E-16));
#3203=DIRECTION('',(-1.06057523872491E-16,-6.12323399573679E-17,1.));
#3204=DIRECTION('center_axis',(0.,-1.22464679914735E-16,1.));
#3205=DIRECTION('ref_axis',(0.,-1.,-1.22464679914735E-16));
#3206=DIRECTION('',(-1.06057523872491E-16,-6.12323399573679E-17,1.));
#3207=DIRECTION('center_axis',(0.,-1.22464679914735E-16,1.));
#3208=DIRECTION('ref_axis',(0.,-1.,-1.22464679914735E-16));
#3209=DIRECTION('',(0.,0.,1.));
#3210=DIRECTION('center_axis',(0.,-1.22464679914735E-16,1.));
#3211=DIRECTION('ref_axis',(0.,-1.,-1.22464679914735E-16));
#3212=DIRECTION('',(-0.866025403784433,-0.50000000000001,-6.12323399573689E-17));
#3213=DIRECTION('',(0.866025403784443,-0.499999999999992,-6.12323399573667E-17));
#3214=DIRECTION('center_axis',(0.,-1.22464679914735E-16,1.));
#3215=DIRECTION('ref_axis',(0.,-1.,-1.22464679914735E-16));
#3216=DIRECTION('',(-0.866025403784443,0.499999999999992,6.12323399573667E-17));
#3217=DIRECTION('',(0.,-1.,-1.22464679914735E-16));
#3218=DIRECTION('center_axis',(0.,-1.22464679914735E-16,1.));
#3219=DIRECTION('ref_axis',(0.,-1.,-1.22464679914735E-16));
#3220=DIRECTION('',(0.,1.,1.22464679914735E-16));
#3221=DIRECTION('',(-0.866025403784436,-0.500000000000004,-6.12323399573682E-17));
#3222=DIRECTION('center_axis',(0.,-1.22464679914735E-16,1.));
#3223=DIRECTION('ref_axis',(0.,-1.,-1.22464679914735E-16));
#3224=DIRECTION('',(0.866025403784436,0.500000000000004,6.12323399573682E-17));
#3225=DIRECTION('',(-0.86602540378444,0.499999999999998,6.12323399573674E-17));
#3226=DIRECTION('center_axis',(0.,-1.22464679914735E-16,1.));
#3227=DIRECTION('ref_axis',(0.,-1.,-1.22464679914735E-16));
#3228=DIRECTION('',(0.86602540378444,-0.499999999999998,-6.12323399573674E-17));
#3229=DIRECTION('',(0.,1.,1.22464679914735E-16));
#3230=DIRECTION('center_axis',(0.,-1.22464679914735E-16,1.));
#3231=DIRECTION('ref_axis',(0.,-1.,-1.22464679914735E-16));
#3232=DIRECTION('center_axis',(0.,-1.22464679914735E-16,1.));
#3233=DIRECTION('ref_axis',(0.,-1.,-1.22464679914735E-16));
#3234=DIRECTION('',(1.0605752387249E-16,-6.12323399573664E-17,1.));
#3235=DIRECTION('',(0.,0.,1.));
#3236=DIRECTION('center_axis',(0.,1.22464679914735E-16,-1.));
#3237=DIRECTION('ref_axis',(0.,1.,1.22464679914735E-16));
#3238=DIRECTION('center_axis',(0.,-1.22464679914735E-16,1.));
#3239=DIRECTION('ref_axis',(0.,-1.,-1.22464679914735E-16));
#3240=DIRECTION('',(-0.866025403784433,-0.50000000000001,6.12323399573664E-17));
#3241=DIRECTION('',(0.,1.,0.));
#3242=DIRECTION('center_axis',(0.,-1.22464679914735E-16,1.));
#3243=DIRECTION('ref_axis',(0.,-1.,-1.22464679914735E-16));
#3244=DIRECTION('center_axis',(0.,-1.22464679914735E-16,1.));
#3245=DIRECTION('ref_axis',(0.,-1.,-1.22464679914735E-16));
#3246=DIRECTION('',(1.0605752387249E-16,-6.12323399573664E-17,1.));
#3247=DIRECTION('',(0.,0.,1.));
#3248=DIRECTION('center_axis',(0.,-1.22464679914735E-16,1.));
#3249=DIRECTION('ref_axis',(0.,-1.,-1.22464679914735E-16));
#3250=DIRECTION('',(0.866025403784433,0.50000000000001,6.12323399573689E-17));
#3251=DIRECTION('',(0.,-1.,-1.22464679914735E-16));
#3252=DIRECTION('center_axis',(0.,1.22464679914735E-16,-1.));
#3253=DIRECTION('ref_axis',(0.,1.,1.22464679914735E-16));
#3254=DIRECTION('center_axis',(0.,-1.22464679914735E-16,1.));
#3255=DIRECTION('ref_axis',(0.,-1.,-1.22464679914735E-16));
#3256=DIRECTION('center_axis',(0.,-1.22464679914735E-16,1.));
#3257=DIRECTION('ref_axis',(0.,-1.,-1.22464679914735E-16));
#3258=DIRECTION('center_axis',(0.,-1.22464679914735E-16,1.));
#3259=DIRECTION('ref_axis',(0.,-1.,-1.22464679914735E-16));
#3260=DIRECTION('center_axis',(0.,0.,1.));
#3261=DIRECTION('ref_axis',(1.,0.,0.));
#3262=DIRECTION('',(0.,0.,1.));
#3263=DIRECTION('',(0.,0.,1.));
#3264=DIRECTION('center_axis',(1.,0.,0.));
#3265=DIRECTION('ref_axis',(0.,0.,-1.));
#3266=DIRECTION('center_axis',(-1.,0.,0.));
#3267=DIRECTION('ref_axis',(0.,0.,1.));
#3268=DIRECTION('center_axis',(-1.06057523872491E-16,-6.12323399573679E-17,
1.));
#3269=DIRECTION('ref_axis',(1.,1.0930766155629E-33,1.06057523872491E-16));
#3270=DIRECTION('',(-1.06057523872491E-16,-6.12323399573679E-17,1.));
#3271=DIRECTION('',(-1.06057523872491E-16,-6.12323399573679E-17,1.));
#3272=DIRECTION('center_axis',(0.499999999999998,0.86602540378444,1.06057523872491E-16));
#3273=DIRECTION('ref_axis',(-0.86602540378444,0.499999999999998,0.));
#3274=DIRECTION('center_axis',(-0.499999999999998,-0.86602540378444,-1.06057523872491E-16));
#3275=DIRECTION('ref_axis',(0.86602540378444,-0.499999999999998,6.16297582203916E-33));
#3276=DIRECTION('center_axis',(-1.0605752387249E-16,-1.83697019872103E-16,
1.));
#3277=DIRECTION('ref_axis',(-2.29742836635477E-34,-1.,-1.83697019872103E-16));
#3278=DIRECTION('',(-1.0605752387249E-16,-1.83697019872103E-16,1.));
#3279=DIRECTION('',(-1.0605752387249E-16,-1.83697019872103E-16,1.));
#3280=DIRECTION('center_axis',(-0.500000000000004,0.866025403784436,1.0605752387249E-16));
#3281=DIRECTION('ref_axis',(-0.866025403784436,-0.500000000000004,0.));
#3282=DIRECTION('center_axis',(0.500000000000004,-0.866025403784436,-1.0605752387249E-16));
#3283=DIRECTION('ref_axis',(0.866025403784436,0.500000000000004,0.));
#3284=DIRECTION('center_axis',(-1.,0.,0.));
#3285=DIRECTION('ref_axis',(0.,0.,1.));
#3286=DIRECTION('center_axis',(1.,0.,0.));
#3287=DIRECTION('ref_axis',(0.,0.,-1.));
#3288=DIRECTION('center_axis',(1.06057523872491E-16,-1.83697019872102E-16,
1.));
#3289=DIRECTION('ref_axis',(2.29742836635636E-34,-1.,-1.83697019872102E-16));
#3290=DIRECTION('',(1.06057523872491E-16,-1.83697019872102E-16,1.));
#3291=DIRECTION('',(1.06057523872491E-16,-1.83697019872102E-16,1.));
#3292=DIRECTION('center_axis',(-0.499999999999992,-0.866025403784443,-1.06057523872491E-16));
#3293=DIRECTION('ref_axis',(0.866025403784443,-0.499999999999992,6.16297582203915E-33));
#3294=DIRECTION('center_axis',(0.499999999999992,0.866025403784443,1.06057523872491E-16));
#3295=DIRECTION('ref_axis',(-0.866025403784443,0.499999999999992,0.));
#3296=DIRECTION('center_axis',(1.0605752387249E-16,-6.12323399573664E-17,
1.));
#3297=DIRECTION('ref_axis',(1.,-1.09307661556293E-33,-1.0605752387249E-16));
#3298=DIRECTION('',(1.0605752387249E-16,-6.12323399573664E-17,1.));
#3299=DIRECTION('',(1.0605752387249E-16,-6.12323399573664E-17,1.));
#3300=DIRECTION('center_axis',(0.50000000000001,-0.866025403784433,-1.0605752387249E-16));
#3301=DIRECTION('ref_axis',(0.866025403784433,0.50000000000001,0.));
#3302=DIRECTION('center_axis',(-0.50000000000001,0.866025403784433,1.0605752387249E-16));
#3303=DIRECTION('ref_axis',(-0.866025403784433,-0.50000000000001,0.));
#3304=DIRECTION('',(0.,0.,1.));
#3305=DIRECTION('',(1.,0.,0.));
#3306=CARTESIAN_POINT('',(0.,0.,0.));
#3307=CARTESIAN_POINT('',(0.,0.,0.));
#3308=CARTESIAN_POINT('Origin',(0.,8.67361737988404E-16,-2.25));
#3309=CARTESIAN_POINT('',(-9.79717439317883E-16,8.,-2.25));
#3310=CARTESIAN_POINT('Origin',(0.,5.81707229594993E-16,-2.25));
#3311=CARTESIAN_POINT('',(-9.49101269339199E-16,7.75,-2.5));
#3312=CARTESIAN_POINT('Origin',(-9.49101269339199E-16,7.75,-2.25));
#3313=CARTESIAN_POINT('Origin',(0.,6.12323399573677E-16,-2.5));
#3314=CARTESIAN_POINT('Origin',(0.,0.,2.5));
#3315=CARTESIAN_POINT('',(-9.79717439317883E-16,8.,2.25));
#3316=CARTESIAN_POINT('Origin',(0.,3.06161699786838E-17,2.25));
#3317=CARTESIAN_POINT('',(-9.79717439317883E-16,8.,2.5));
#3318=CARTESIAN_POINT('Origin',(0.,0.,2.25));
#3319=CARTESIAN_POINT('',(-9.49101269339199E-16,7.75,2.5));
#3320=CARTESIAN_POINT('Origin',(0.,-4.31003832632636E-32,2.5));
#3321=CARTESIAN_POINT('Origin',(-9.49101269339199E-16,7.75,2.25));
#3322=CARTESIAN_POINT('Origin',(0.,0.,2.5));
#3323=CARTESIAN_POINT('',(-8.57252759403147E-16,7.,2.425));
#3324=CARTESIAN_POINT('Origin',(0.,9.18485099360525E-18,2.425));
#3325=CARTESIAN_POINT('',(-8.57252759403147E-16,7.,2.5));
#3326=CARTESIAN_POINT('',(-8.57252759403147E-16,7.,2.5));
#3327=CARTESIAN_POINT('Origin',(0.,1.0498318478633E-31,2.5));
#3328=CARTESIAN_POINT('Origin',(0.,0.,2.3));
#3329=CARTESIAN_POINT('',(-8.59910980465117E-16,7.02170602220836,2.17689903087347));
#3330=CARTESIAN_POINT('Origin',(0.,3.95684567642209E-17,2.17689903087347));
#3331=CARTESIAN_POINT('Origin',(-8.57252759403147E-16,7.,2.3));
#3332=CARTESIAN_POINT('Origin',(0.,3.95684567642209E-17,2.17689903087347));
#3333=CARTESIAN_POINT('',(-8.08266887437253E-16,6.6,2.1025408812309));
#3334=CARTESIAN_POINT('Origin',(0.,4.86747037592508E-17,2.1025408812309));
#3335=CARTESIAN_POINT('',(-8.59910980465117E-16,7.02170602220836,2.17689903087347));
#3336=CARTESIAN_POINT('Origin',(0.,0.,2.5));
#3337=CARTESIAN_POINT('',(-8.08266887437253E-16,6.6,1.26836508939658));
#3338=CARTESIAN_POINT('Origin',(0.,1.50831775098861E-16,1.26836508939658));
#3339=CARTESIAN_POINT('',(-8.08266887437253E-16,6.6,2.5));
#3340=CARTESIAN_POINT('Origin',(0.,0.,-8.67361737988404E-16));
#3341=CARTESIAN_POINT('',(-8.08266887437253E-16,6.6,-1.26836508939658));
#3342=CARTESIAN_POINT('Origin',(0.,4.61491624474815E-16,-1.26836508939658));
#3343=CARTESIAN_POINT('Origin',(-6.96517867015057E-16,5.6875,-1.70843870973346E-16));
#3344=CARTESIAN_POINT('Origin',(0.,0.,2.5));
#3345=CARTESIAN_POINT('',(8.34088933951185E-16,-6.6,-2.1025408812309));
#3346=CARTESIAN_POINT('',(-8.08266887437253E-16,6.6,-2.1025408812309));
#3347=CARTESIAN_POINT('Origin',(0.,5.63648695814425E-16,-2.1025408812309));
#3348=CARTESIAN_POINT('Origin',(0.,5.63648695814425E-16,-2.1025408812309));
#3349=CARTESIAN_POINT('',(-8.08266887437253E-16,6.6,2.5));
#3350=CARTESIAN_POINT('Origin',(0.,5.63648695814425E-16,-2.1025408812309));
#3351=CARTESIAN_POINT('',(-8.59910980465117E-16,-7.02170602220836,-2.17689903087347));
#3352=CARTESIAN_POINT('',(-8.08266887437253E-16,-6.6,-2.1025408812309));
#3353=CARTESIAN_POINT('',(8.59910980465117E-16,7.02170602220836,-2.17689903087347));
#3354=CARTESIAN_POINT('Origin',(0.,5.72754942809455E-16,-2.17689903087347));
#3355=CARTESIAN_POINT('Origin',(0.,5.72754942809455E-16,-2.17689903087347));
#3356=CARTESIAN_POINT('Origin',(0.,8.67361737988404E-16,-2.3));
#3357=CARTESIAN_POINT('',(-8.57252759403147E-16,7.,-2.425));
#3358=CARTESIAN_POINT('Origin',(0.,6.03138548580071E-16,-2.425));
#3359=CARTESIAN_POINT('Origin',(-8.57252759403147E-16,7.,-2.3));
#3360=CARTESIAN_POINT('Origin',(0.,0.,2.5));
#3361=CARTESIAN_POINT('',(-8.57252759403147E-16,7.,-2.5));
#3362=CARTESIAN_POINT('Origin',(0.,6.12323399573676E-16,-2.5));
#3363=CARTESIAN_POINT('',(-8.57252759403147E-16,7.,2.5));
#3364=CARTESIAN_POINT('Origin',(0.,7.75,-2.5));
#3365=CARTESIAN_POINT('Origin',(0.,7.75,2.5));
#3366=CARTESIAN_POINT('Origin',(0.,0.,-8.67361737988404E-16));
#3367=CARTESIAN_POINT('',(5.35782974626967E-16,4.375,0.847791247890659));
#3368=CARTESIAN_POINT('Origin',(0.,2.02337215979395E-16,0.847791247890658));
#3369=CARTESIAN_POINT('',(-5.35782974626967E-16,4.375,-0.847791247890659));
#3370=CARTESIAN_POINT('Origin',(-6.96517867015057E-16,5.6875,-1.70843870973346E-16));
#3371=CARTESIAN_POINT('Origin',(0.,4.09986183594282E-16,-0.847791247890659));
#3372=CARTESIAN_POINT('Origin',(0.,3.74939945665464E-32,2.5));
#3373=CARTESIAN_POINT('',(5.35782974626967E-16,4.375,2.34999999999999));
#3374=CARTESIAN_POINT('',(-5.35782974626967E-16,-4.375,2.34999999999999));
#3375=CARTESIAN_POINT('Origin',(0.,1.83697019872111E-17,2.34999999999999));
#3376=CARTESIAN_POINT('Origin',(0.,1.83697019872111E-17,2.34999999999999));
#3377=CARTESIAN_POINT('',(-5.17413272639756E-16,-4.22499999999999,2.5));
#3378=CARTESIAN_POINT('',(-5.17413272639756E-16,-4.22499999999999,2.5));
#3379=CARTESIAN_POINT('Origin',(0.,-8.80763369307582E-34,2.5));
#3380=CARTESIAN_POINT('Origin',(0.,1.83697019872102E-17,2.35));
#3381=CARTESIAN_POINT('',(-3.06161699786838E-16,2.5,2.35));
#3382=CARTESIAN_POINT('Origin',(0.,1.83697019872102E-17,2.35));
#3383=CARTESIAN_POINT('',(-3.24531401774049E-16,2.65,2.5));
#3384=CARTESIAN_POINT('',(-3.06161699786838E-16,2.5,2.35));
#3385=CARTESIAN_POINT('Origin',(0.,4.89078744737932E-32,2.5));
#3386=CARTESIAN_POINT('Origin',(0.,5.93953697586466E-16,-2.35));
#3387=CARTESIAN_POINT('',(-5.35782974626967E-16,4.375,-2.35));
#3388=CARTESIAN_POINT('Origin',(0.,5.93953697586466E-16,-2.35));
#3389=CARTESIAN_POINT('',(-5.17413272639757E-16,4.225,-2.5));
#3390=CARTESIAN_POINT('',(-5.35782974626967E-16,4.375,-2.35));
#3391=CARTESIAN_POINT('Origin',(0.,6.12323399573676E-16,-2.5));
#3392=CARTESIAN_POINT('Origin',(0.,6.12323399573676E-16,-2.5));
#3393=CARTESIAN_POINT('',(3.06161699786838E-16,2.5,-2.35));
#3394=CARTESIAN_POINT('',(-3.06161699786838E-16,-2.5,-2.35));
#3395=CARTESIAN_POINT('Origin',(0.,5.93953697586466E-16,-2.35));
#3396=CARTESIAN_POINT('Origin',(0.,5.93953697586466E-16,-2.35));
#3397=CARTESIAN_POINT('',(-3.24531401774049E-16,-2.65,-2.5));
#3398=CARTESIAN_POINT('',(-3.24531401774049E-16,-2.65,-2.5));
#3399=CARTESIAN_POINT('Origin',(0.,6.12323399573676E-16,-2.5));
#3400=CARTESIAN_POINT('Origin',(0.,0.,2.5));
#3401=CARTESIAN_POINT('',(-5.35782974626967E-16,4.375,2.5));
#3402=CARTESIAN_POINT('Origin',(0.,0.,2.5));
#3403=CARTESIAN_POINT('',(-5.35782974626967E-16,4.375,2.5));
#3404=CARTESIAN_POINT('Origin',(0.,0.,2.5));
#3405=CARTESIAN_POINT('',(-3.06161699786838E-16,2.5,2.5));
#3406=CARTESIAN_POINT('Origin',(0.,2.5,2.5));
#3407=CARTESIAN_POINT('Origin',(0.,4.375,-2.5));
#3408=CARTESIAN_POINT('Origin',(0.,5.6875,0.));
#3409=CARTESIAN_POINT('',(-1.5625,5.6875,9.5675531183387E-17));
#3410=CARTESIAN_POINT('',(1.5625,5.6875,9.5675531183387E-17));
#3411=CARTESIAN_POINT('Origin',(0.,5.6875,0.));
#3412=CARTESIAN_POINT('Origin',(-4.925519484024,2.84374999999999,-3.4825893350753E-16));
#3413=CARTESIAN_POINT('',(-5.706769484024,1.4905853065868,-2.52583402324143E-16));
#3414=CARTESIAN_POINT('',(-4.144269484024,4.19691469341318,-2.52583402324143E-16));
#3415=CARTESIAN_POINT('Origin',(-4.925519484024,2.84374999999999,-3.4825893350753E-16));
#3416=CARTESIAN_POINT('Origin',(-4.92551948402398,-2.84375000000002,-1.04477680052259E-15));
#3417=CARTESIAN_POINT('',(-4.14426948402398,-4.19691469341321,-1.42984194093509E-15));
#3418=CARTESIAN_POINT('',(-5.70676948402399,-1.49058530658684,-4.68360597743312E-16));
#3419=CARTESIAN_POINT('Origin',(-4.92551948402398,-2.84375000000002,-1.04477680052259E-15));
#3420=CARTESIAN_POINT('Origin',(0.,-5.6875,-1.39303573403011E-15));
#3421=CARTESIAN_POINT('',(1.5625,-5.6875,-1.29736020284673E-15));
#3422=CARTESIAN_POINT('',(-1.5625,-5.6875,-1.29736020284673E-15));
#3423=CARTESIAN_POINT('Origin',(0.,-5.6875,-1.39303573403011E-15));
#3424=CARTESIAN_POINT('Origin',(4.92551948402402,-2.84374999999995,-1.04477680052258E-15));
#3425=CARTESIAN_POINT('',(5.70676948402401,-1.49058530658676,-4.683605977433E-16));
#3426=CARTESIAN_POINT('',(4.14426948402403,-4.19691469341315,-1.42984194093509E-15));
#3427=CARTESIAN_POINT('Origin',(4.92551948402402,-2.84374999999995,-1.04477680052258E-15));
#3428=CARTESIAN_POINT('Origin',(4.92551948402396,2.84375000000006,-3.48258933507522E-16));
#3429=CARTESIAN_POINT('',(4.14426948402395,4.19691469341323,-2.52583402324135E-16));
#3430=CARTESIAN_POINT('',(5.70676948402398,1.49058530658688,-2.52583402324135E-16));
#3431=CARTESIAN_POINT('Origin',(4.92551948402396,2.84375000000006,-3.48258933507522E-16));
#3432=CARTESIAN_POINT('Origin',(0.,-5.18158789469974E-16,-2.09679380344903));
#3433=CARTESIAN_POINT('',(0.125,-6.99888383958471,-2.365));
#3434=CARTESIAN_POINT('',(-0.125,-6.9988838395847,-2.365));
#3435=CARTESIAN_POINT('Origin',(0.,-5.838503614935E-16,-2.365));
#3436=CARTESIAN_POINT('',(0.125,-6.9988838395847,-2.425));
#3437=CARTESIAN_POINT('',(0.125,-6.9988838395847,-2.09679380344903));
#3438=CARTESIAN_POINT('',(-0.125,-6.9988838395847,-2.425));
#3439=CARTESIAN_POINT('Origin',(0.,-1.53080849893419E-17,-2.425));
#3440=CARTESIAN_POINT('',(-0.125,-6.9988838395847,-2.09679380344903));
#3441=CARTESIAN_POINT('Origin',(0.,-1.63490319469067E-16,-3.83499976958986));
#3442=CARTESIAN_POINT('',(-8.57252759403147E-16,7.,-2.235));
#3443=CARTESIAN_POINT('',(8.57252759403147E-16,-7.,-2.235));
#3444=CARTESIAN_POINT('Origin',(0.,3.2453140177405E-17,-2.235));
#3445=CARTESIAN_POINT('Origin',(0.,3.2453140177405E-17,-2.235));
#3446=CARTESIAN_POINT('',(8.1835342016516E-16,-6.68236279011164,-2.26702005825857));
#3447=CARTESIAN_POINT('Origin',(8.57357916024422E-16,-7.00085866897581,
-3.83499976958985));
#3448=CARTESIAN_POINT('Origin',(0.,2.85318139919176E-17,-2.26702005825857));
#3449=CARTESIAN_POINT('Origin',(0.,2.12476219652066E-16,-0.764999999999997));
#3450=CARTESIAN_POINT('',(7.78586144837963E-16,-6.35763834421521,-2.33297971133128));
#3451=CARTESIAN_POINT('Origin',(0.,2.04540861910809E-17,-2.33297971133128));
#3452=CARTESIAN_POINT('',(7.39581648978701E-16,-6.03914246535104,-2.365));
#3453=CARTESIAN_POINT('Origin',(7.39581648978701E-16,-6.03914246535104,
-0.764999999999997));
#3454=CARTESIAN_POINT('Origin',(0.,1.65327317884894E-17,-2.365));
#3455=CARTESIAN_POINT('Origin',(0.,2.38806125833736E-17,-2.305));
#3456=CARTESIAN_POINT('',(7.59281015471359E-16,-6.2,-2.305));
#3457=CARTESIAN_POINT('Origin',(0.,2.38806125833736E-17,-2.305));
#3458=CARTESIAN_POINT('',(8.3765841061679E-16,-6.84,-2.175));
#3459=CARTESIAN_POINT('',(7.59281015471359E-16,-6.2,-2.305));
#3460=CARTESIAN_POINT('Origin',(0.,3.98010209722891E-17,-2.175));
#3461=CARTESIAN_POINT('Origin',(0.,0.,-2.24));
#3462=CARTESIAN_POINT('',(5.51091059616309E-16,4.5,-2.305));
#3463=CARTESIAN_POINT('Origin',(0.,2.38806125833735E-17,-2.305));
#3464=CARTESIAN_POINT('',(5.43130855421851E-16,4.435,-2.24));
#3465=CARTESIAN_POINT('Origin',(5.51091059616309E-16,4.5,-2.24));
#3466=CARTESIAN_POINT('Origin',(0.,3.18408167778313E-17,-2.24));
#3467=CARTESIAN_POINT('Origin',(0.,0.,-2.5));
#3468=CARTESIAN_POINT('',(5.43130855421851E-16,4.435,-1.53166666666666));
#3469=CARTESIAN_POINT('',(5.43130855421851E-16,4.435,-2.5));
#3470=CARTESIAN_POINT('Origin',(0.,1.18586631717435E-16,-1.53166666666666));
#3471=CARTESIAN_POINT('Origin',(0.,0.,-2.5));
#3472=CARTESIAN_POINT('',(5.35782974626967E-16,4.375,-1.53166666666666));
#3473=CARTESIAN_POINT('Origin',(0.,1.18586631717435E-16,-1.53166666666666));
#3474=CARTESIAN_POINT('',(5.35782974626967E-16,4.375,-2.24));
#3475=CARTESIAN_POINT('',(5.35782974626967E-16,4.375,-2.5));
#3476=CARTESIAN_POINT('Origin',(0.,3.18408167778313E-17,-2.24));
#3477=CARTESIAN_POINT('Origin',(0.,0.,-2.24));
#3478=CARTESIAN_POINT('',(5.51091059616309E-16,4.5,-2.365));
#3479=CARTESIAN_POINT('Origin',(5.51091059616309E-16,4.5,-2.24));
#3480=CARTESIAN_POINT('Origin',(0.,1.65327317884894E-17,-2.365));
#3481=CARTESIAN_POINT('Origin',(0.,3.2453140177405E-17,-2.235));
#3482=CARTESIAN_POINT('',(8.37658410616789E-16,-6.84,-2.235));
#3483=CARTESIAN_POINT('Origin',(0.,0.,-2.3));
#3484=CARTESIAN_POINT('',(8.57252759403147E-16,7.,-2.365));
#3485=CARTESIAN_POINT('Origin',(8.57252759403147E-16,7.,-2.3));
#3486=CARTESIAN_POINT('',(0.125,6.9988838395847,-2.365));
#3487=CARTESIAN_POINT('Origin',(0.,1.65327317884893E-17,-2.365));
#3488=CARTESIAN_POINT('',(5.99871120321669,3.60769509526548,-2.365));
#3489=CARTESIAN_POINT('Origin',(0.,1.65327317884893E-17,-2.365));
#3490=CARTESIAN_POINT('',(6.12371120321668,3.39118874431936,-2.365));
#3491=CARTESIAN_POINT('Origin',(2.54803201103657E-16,-1.4251827125077E-16,
-2.365));
#3492=CARTESIAN_POINT('',(6.12371120321676,-3.39118874431924,-2.365));
#3493=CARTESIAN_POINT('Origin',(0.,1.65327317884893E-17,-2.365));
#3494=CARTESIAN_POINT('',(5.99871120321675,-3.60769509526535,-2.365));
#3495=CARTESIAN_POINT('Origin',(2.5480320110366E-16,-4.36739664745922E-16,
-2.365));
#3496=CARTESIAN_POINT('Origin',(0.,1.65327317884893E-17,-2.365));
#3497=CARTESIAN_POINT('',(-5.99871120321671,-3.60769509526544,-2.365));
#3498=CARTESIAN_POINT('Origin',(0.,1.65327317884893E-17,-2.365));
#3499=CARTESIAN_POINT('',(-6.1237112032167,-3.39118874431932,-2.365));
#3500=CARTESIAN_POINT('Origin',(-2.54803201103658E-16,-4.36739664745926E-16,
-2.365));
#3501=CARTESIAN_POINT('',(-6.12371120321674,3.39118874431928,-2.365));
#3502=CARTESIAN_POINT('Origin',(0.,1.65327317884893E-17,-2.365));
#3503=CARTESIAN_POINT('',(-5.99871120321673,3.60769509526539,-2.365));
#3504=CARTESIAN_POINT('Origin',(-2.54803201103659E-16,-1.42518271250774E-16,
-2.365));
#3505=CARTESIAN_POINT('',(-0.125,6.99888383958471,-2.365));
#3506=CARTESIAN_POINT('Origin',(0.,1.65327317884893E-17,-2.365));
#3507=CARTESIAN_POINT('Origin',(0.,1.65327317884893E-17,-2.365));
#3508=CARTESIAN_POINT('Origin',(0.,0.,-2.3));
#3509=CARTESIAN_POINT('',(5.99871120321675,-3.60769509526535,-2.425));
#3510=CARTESIAN_POINT('Origin',(0.,9.18485099360525E-18,-2.425));
#3511=CARTESIAN_POINT('',(6.12371120321675,-3.39118874431924,-2.425));
#3512=CARTESIAN_POINT('Origin',(0.,-1.53080849893419E-17,-2.425));
#3513=CARTESIAN_POINT('',(6.12371120321668,3.39118874431936,-2.425));
#3514=CARTESIAN_POINT('Origin',(0.,9.18485099360525E-18,-2.425));
#3515=CARTESIAN_POINT('',(5.99871120321668,3.60769509526547,-2.425));
#3516=CARTESIAN_POINT('Origin',(0.,-1.53080849893419E-17,-2.425));
#3517=CARTESIAN_POINT('',(0.125,6.9988838395847,-2.425));
#3518=CARTESIAN_POINT('Origin',(0.,9.18485099360525E-18,-2.425));
#3519=CARTESIAN_POINT('',(8.57252759403147E-16,7.,-2.425));
#3520=CARTESIAN_POINT('Origin',(0.,9.18485099360525E-18,-2.425));
#3521=CARTESIAN_POINT('',(8.57252759403147E-16,7.,-2.175));
#3522=CARTESIAN_POINT('Origin',(8.57252759403147E-16,7.,-2.3));
#3523=CARTESIAN_POINT('Origin',(0.,3.98010209722891E-17,-2.175));
#3524=CARTESIAN_POINT('',(-0.125,6.9988838395847,-2.425));
#3525=CARTESIAN_POINT('Origin',(0.,9.18485099360525E-18,-2.425));
#3526=CARTESIAN_POINT('',(-5.99871120321673,3.60769509526539,-2.425));
#3527=CARTESIAN_POINT('Origin',(0.,9.18485099360525E-18,-2.425));
#3528=CARTESIAN_POINT('',(-6.12371120321673,3.39118874431928,-2.425));
#3529=CARTESIAN_POINT('Origin',(0.,-1.53080849893419E-17,-2.425));
#3530=CARTESIAN_POINT('',(-6.1237112032167,-3.39118874431932,-2.425));
#3531=CARTESIAN_POINT('Origin',(0.,9.18485099360525E-18,-2.425));
#3532=CARTESIAN_POINT('',(-5.99871120321671,-3.60769509526543,-2.425));
#3533=CARTESIAN_POINT('Origin',(0.,-1.53080849893419E-17,-2.425));
#3534=CARTESIAN_POINT('Origin',(0.,9.18485099360525E-18,-2.425));
#3535=CARTESIAN_POINT('Origin',(0.,0.,-2.5));
#3536=CARTESIAN_POINT('',(6.12371120321675,-3.39118874431924,-2.4625));
#3537=CARTESIAN_POINT('',(6.12371120321675,-3.39118874431924,-2.02840689026864));
#3538=CARTESIAN_POINT('',(6.12371120321668,3.39118874431936,-2.4625));
#3539=CARTESIAN_POINT('Origin',(0.,4.59242549680265E-18,-2.4625));
#3540=CARTESIAN_POINT('',(6.12371120321668,3.39118874431936,-2.02840689026864));
#3541=CARTESIAN_POINT('Origin',(0.,0.,-2.5));
#3542=CARTESIAN_POINT('',(0.125,-6.9988838395847,-2.4625));
#3543=CARTESIAN_POINT('',(0.125,-6.9988838395847,-2.09679380344903));
#3544=CARTESIAN_POINT('',(5.99871120321675,-3.60769509526535,-2.4625));
#3545=CARTESIAN_POINT('Origin',(0.,4.59242549680265E-18,-2.4625));
#3546=CARTESIAN_POINT('',(5.99871120321675,-3.60769509526535,-2.02840689026864));
#3547=CARTESIAN_POINT('Origin',(0.,0.,-2.5));
#3548=CARTESIAN_POINT('',(-5.99871120321671,-3.60769509526543,-2.4625));
#3549=CARTESIAN_POINT('',(-5.99871120321671,-3.60769509526543,-2.02840689026864));
#3550=CARTESIAN_POINT('',(-0.125,-6.9988838395847,-2.4625));
#3551=CARTESIAN_POINT('Origin',(0.,4.59242549680265E-18,-2.4625));
#3552=CARTESIAN_POINT('',(-0.125,-6.9988838395847,-2.09679380344903));
#3553=CARTESIAN_POINT('Origin',(0.,0.,-2.5));
#3554=CARTESIAN_POINT('',(-6.12371120321673,3.39118874431928,-2.4625));
#3555=CARTESIAN_POINT('',(-6.12371120321673,3.39118874431928,-2.02840689026864));
#3556=CARTESIAN_POINT('',(-6.1237112032167,-3.39118874431932,-2.4625));
#3557=CARTESIAN_POINT('Origin',(0.,4.59242549680265E-18,-2.4625));
#3558=CARTESIAN_POINT('',(-6.1237112032167,-3.39118874431932,-2.02840689026864));
#3559=CARTESIAN_POINT('Origin',(0.,0.,-2.5));
#3560=CARTESIAN_POINT('',(-0.125,6.9988838395847,-2.4625));
#3561=CARTESIAN_POINT('',(-0.125,6.9988838395847,-2.09679380344903));
#3562=CARTESIAN_POINT('',(-5.99871120321673,3.60769509526539,-2.4625));
#3563=CARTESIAN_POINT('Origin',(0.,4.59242549680265E-18,-2.4625));
#3564=CARTESIAN_POINT('',(-5.99871120321673,3.60769509526539,-2.02840689026864));
#3565=CARTESIAN_POINT('Origin',(0.,7.,-2.4625));
#3566=CARTESIAN_POINT('',(6.04055932138518,-3.34318098296016,-2.4625));
#3567=CARTESIAN_POINT('',(6.12371120321675,-3.39118874431924,-2.4625));
#3568=CARTESIAN_POINT('',(6.04055932138511,3.34318098296028,-2.4625));
#3569=CARTESIAN_POINT('Origin',(0.,4.59242549680265E-18,-2.4625));
#3570=CARTESIAN_POINT('',(6.12371120321668,3.39118874431936,-2.4625));
#3571=CARTESIAN_POINT('Origin',(0.,7.,-2.4625));
#3572=CARTESIAN_POINT('',(0.125,-6.90286831686654,-2.4625));
#3573=CARTESIAN_POINT('',(0.125,-6.9988838395847,-2.4625));
#3574=CARTESIAN_POINT('',(5.91555932138518,-3.55968733390627,-2.4625));
#3575=CARTESIAN_POINT('Origin',(0.,4.59242549680265E-18,-2.4625));
#3576=CARTESIAN_POINT('',(5.99871120321675,-3.60769509526535,-2.4625));
#3577=CARTESIAN_POINT('Origin',(0.,7.,-2.4625));
#3578=CARTESIAN_POINT('',(-5.91555932138513,-3.55968733390635,-2.4625));
#3579=CARTESIAN_POINT('',(-5.99871120321671,-3.60769509526543,-2.4625));
#3580=CARTESIAN_POINT('',(-0.125,-6.90286831686654,-2.4625));
#3581=CARTESIAN_POINT('Origin',(0.,4.59242549680265E-18,-2.4625));
#3582=CARTESIAN_POINT('',(-0.125,-6.9988838395847,-2.4625));
#3583=CARTESIAN_POINT('Origin',(0.,7.,-2.4625));
#3584=CARTESIAN_POINT('',(-6.04055932138516,3.3431809829602,-2.4625));
#3585=CARTESIAN_POINT('',(-6.12371120321673,3.39118874431928,-2.4625));
#3586=CARTESIAN_POINT('',(-6.04055932138514,-3.34318098296024,-2.4625));
#3587=CARTESIAN_POINT('Origin',(0.,4.59242549680265E-18,-2.4625));
#3588=CARTESIAN_POINT('',(-6.1237112032167,-3.39118874431932,-2.4625));
#3589=CARTESIAN_POINT('Origin',(0.,7.,-2.4625));
#3590=CARTESIAN_POINT('',(-0.125,6.90286831686654,-2.4625));
#3591=CARTESIAN_POINT('',(-0.125,6.9988838395847,-2.4625));
#3592=CARTESIAN_POINT('',(-5.91555932138516,3.55968733390631,-2.4625));
#3593=CARTESIAN_POINT('Origin',(0.,4.59242549680265E-18,-2.4625));
#3594=CARTESIAN_POINT('',(-5.99871120321673,3.60769509526539,-2.4625));
#3595=CARTESIAN_POINT('Origin',(0.,0.,-2.5));
#3596=CARTESIAN_POINT('',(6.04055932138518,-3.34318098296016,-2.365));
#3597=CARTESIAN_POINT('',(6.04055932138518,-3.34318098296016,-2.02840689026864));
#3598=CARTESIAN_POINT('',(6.04055932138511,3.34318098296028,-2.365));
#3599=CARTESIAN_POINT('Origin',(0.,1.65327317884894E-17,-2.365));
#3600=CARTESIAN_POINT('',(6.04055932138511,3.34318098296028,-2.02840689026864));
#3601=CARTESIAN_POINT('Origin',(0.,0.,-2.5));
#3602=CARTESIAN_POINT('',(0.125,-6.90286831686654,-2.365));
#3603=CARTESIAN_POINT('',(0.125,-6.90286831686654,-2.09679380344903));
#3604=CARTESIAN_POINT('',(5.91555932138518,-3.55968733390627,-2.365));
#3605=CARTESIAN_POINT('Origin',(0.,1.65327317884894E-17,-2.365));
#3606=CARTESIAN_POINT('',(5.91555932138518,-3.55968733390627,-2.02840689026864));
#3607=CARTESIAN_POINT('Origin',(0.,0.,-2.5));
#3608=CARTESIAN_POINT('',(-5.91555932138513,-3.55968733390635,-2.365));
#3609=CARTESIAN_POINT('',(-5.91555932138513,-3.55968733390635,-2.02840689026864));
#3610=CARTESIAN_POINT('',(-0.125000000000001,-6.90286831686654,-2.365));
#3611=CARTESIAN_POINT('Origin',(0.,1.65327317884894E-17,-2.365));
#3612=CARTESIAN_POINT('',(-0.125,-6.90286831686654,-2.09679380344903));
#3613=CARTESIAN_POINT('Origin',(0.,0.,-2.5));
#3614=CARTESIAN_POINT('',(-6.04055932138516,3.3431809829602,-2.365));
#3615=CARTESIAN_POINT('',(-6.04055932138516,3.3431809829602,-2.02840689026864));
#3616=CARTESIAN_POINT('',(-6.04055932138513,-3.34318098296024,-2.365));
#3617=CARTESIAN_POINT('Origin',(0.,1.65327317884894E-17,-2.365));
#3618=CARTESIAN_POINT('',(-6.04055932138514,-3.34318098296024,-2.02840689026864));
#3619=CARTESIAN_POINT('Origin',(0.,0.,-2.5));
#3620=CARTESIAN_POINT('',(-0.125,6.90286831686654,-2.365));
#3621=CARTESIAN_POINT('',(-0.125,6.90286831686654,-2.09679380344903));
#3622=CARTESIAN_POINT('',(-5.91555932138516,3.55968733390631,-2.365));
#3623=CARTESIAN_POINT('Origin',(0.,1.65327317884894E-17,-2.365));
#3624=CARTESIAN_POINT('',(-5.91555932138516,3.55968733390631,-2.02840689026864));
#3625=CARTESIAN_POINT('Origin',(0.,6.904,-2.365));
#3626=CARTESIAN_POINT('',(6.12371120321675,-3.39118874431924,-2.365));
#3627=CARTESIAN_POINT('',(6.12371120321668,3.39118874431936,-2.365));
#3628=CARTESIAN_POINT('Origin',(0.,6.904,-2.365));
#3629=CARTESIAN_POINT('',(0.125,-6.9988838395847,-2.365));
#3630=CARTESIAN_POINT('',(5.99871120321675,-3.60769509526535,-2.365));
#3631=CARTESIAN_POINT('Origin',(0.,6.904,-2.365));
#3632=CARTESIAN_POINT('',(-5.99871120321671,-3.60769509526543,-2.365));
#3633=CARTESIAN_POINT('',(-0.125,-6.9988838395847,-2.365));
#3634=CARTESIAN_POINT('Origin',(0.,6.904,-2.365));
#3635=CARTESIAN_POINT('',(-6.12371120321673,3.39118874431928,-2.365));
#3636=CARTESIAN_POINT('',(-6.1237112032167,-3.39118874431932,-2.365));
#3637=CARTESIAN_POINT('Origin',(0.,6.904,-2.365));
#3638=CARTESIAN_POINT('',(-0.125,6.9988838395847,-2.365));
#3639=CARTESIAN_POINT('',(-5.99871120321673,3.60769509526539,-2.365));
#3640=CARTESIAN_POINT('Origin',(0.,0.,-2.5));
#3641=CARTESIAN_POINT('',(5.99871120321668,3.60769509526547,-2.4625));
#3642=CARTESIAN_POINT('',(0.125,6.9988838395847,-2.4625));
#3643=CARTESIAN_POINT('Origin',(0.,4.59242549680265E-18,-2.4625));
#3644=CARTESIAN_POINT('',(0.125,6.9988838395847,-2.09679380344903));
#3645=CARTESIAN_POINT('',(5.99871120321668,3.60769509526547,-2.02840689026864));
#3646=CARTESIAN_POINT('Origin',(0.,7.,-2.4625));
#3647=CARTESIAN_POINT('',(5.91555932138511,3.55968733390639,-2.4625));
#3648=CARTESIAN_POINT('',(0.125,6.90286831686653,-2.4625));
#3649=CARTESIAN_POINT('Origin',(0.,4.59242549680265E-18,-2.4625));
#3650=CARTESIAN_POINT('',(0.125,6.9988838395847,-2.4625));
#3651=CARTESIAN_POINT('',(5.99871120321668,3.60769509526547,-2.4625));
#3652=CARTESIAN_POINT('Origin',(0.,0.,-2.5));
#3653=CARTESIAN_POINT('',(5.91555932138511,3.55968733390639,-2.365));
#3654=CARTESIAN_POINT('',(0.125000000000001,6.90286831686654,-2.365));
#3655=CARTESIAN_POINT('Origin',(0.,1.65327317884894E-17,-2.365));
#3656=CARTESIAN_POINT('',(0.125,6.90286831686653,-2.09679380344903));
#3657=CARTESIAN_POINT('',(5.91555932138511,3.55968733390639,-2.02840689026864));
#3658=CARTESIAN_POINT('Origin',(0.,6.904,-2.365));
#3659=CARTESIAN_POINT('',(0.125,6.9988838395847,-2.365));
#3660=CARTESIAN_POINT('',(5.99871120321668,3.60769509526547,-2.365));
#3661=CARTESIAN_POINT('Origin',(0.,6.2,-2.365));
#3662=CARTESIAN_POINT('Origin',(0.,4.435,-1.53166666666666));
#3663=CARTESIAN_POINT('Origin',(0.,4.5,-2.305));
#3664=CARTESIAN_POINT('Origin',(0.,7.,-2.175));
#3665=CARTESIAN_POINT('Origin',(0.,4.59242549680267E-18,-2.09679380344903));
#3666=CARTESIAN_POINT('',(-0.125,6.9988838395847,-2.09679380344903));
#3667=CARTESIAN_POINT('',(0.125,6.9988838395847,-2.09679380344903));
#3668=CARTESIAN_POINT('Origin',(0.125,6.9988838395847,-2.09679380344903));
#3669=CARTESIAN_POINT('Origin',(-0.125,6.9988838395847,-2.09679380344903));
#3670=CARTESIAN_POINT('Origin',(-2.19104969333009E-16,-1.21907887528395E-16,
-2.02840689026864));
#3671=CARTESIAN_POINT('',(-6.12371120321673,3.39118874431928,-2.02840689026864));
#3672=CARTESIAN_POINT('',(-5.99871120321673,3.60769509526539,-2.02840689026864));
#3673=CARTESIAN_POINT('Origin',(-5.99871120321673,3.60769509526539,-2.02840689026864));
#3674=CARTESIAN_POINT('Origin',(-6.12371120321673,3.39118874431928,-2.02840689026864));
#3675=CARTESIAN_POINT('Origin',(-2.19104969333008E-16,-3.74908513578791E-16,
-2.02840689026864));
#3676=CARTESIAN_POINT('',(-5.99871120321671,-3.60769509526543,-2.02840689026864));
#3677=CARTESIAN_POINT('',(-6.1237112032167,-3.39118874431932,-2.02840689026864));
#3678=CARTESIAN_POINT('Origin',(-6.1237112032167,-3.39118874431932,-2.02840689026864));
#3679=CARTESIAN_POINT('Origin',(-5.99871120321671,-3.60769509526543,-2.02840689026864));
#3680=CARTESIAN_POINT('Origin',(-0.125,-6.9988838395847,-2.09679380344903));
#3681=CARTESIAN_POINT('Origin',(0.125,-6.9988838395847,-2.09679380344903));
#3682=CARTESIAN_POINT('Origin',(2.1910496933301E-16,-3.74908513578788E-16,
-2.02840689026864));
#3683=CARTESIAN_POINT('',(6.12371120321675,-3.39118874431924,-2.02840689026864));
#3684=CARTESIAN_POINT('',(5.99871120321675,-3.60769509526535,-2.02840689026864));
#3685=CARTESIAN_POINT('Origin',(5.99871120321675,-3.60769509526535,-2.02840689026864));
#3686=CARTESIAN_POINT('Origin',(6.12371120321675,-3.39118874431924,-2.02840689026864));
#3687=CARTESIAN_POINT('Origin',(2.19104969333008E-16,-1.21907887528392E-16,
-2.02840689026864));
#3688=CARTESIAN_POINT('',(5.99871120321668,3.60769509526547,-2.02840689026864));
#3689=CARTESIAN_POINT('',(6.12371120321668,3.39118874431936,-2.02840689026864));
#3690=CARTESIAN_POINT('Origin',(6.12371120321668,3.39118874431936,-2.02840689026864));
#3691=CARTESIAN_POINT('Origin',(5.99871120321668,3.60769509526547,-2.02840689026864));
#3692=CARTESIAN_POINT('Origin',(0.,-5.18158789469974E-16,2.09679380344903));
#3693=CARTESIAN_POINT('',(0.125,-6.99888383958471,2.365));
#3694=CARTESIAN_POINT('',(-0.125,-6.9988838395847,2.365));
#3695=CARTESIAN_POINT('Origin',(0.,-5.838503614935E-16,2.365));
#3696=CARTESIAN_POINT('',(-0.125,-6.9988838395847,2.425));
#3697=CARTESIAN_POINT('',(-0.125,-6.9988838395847,2.09679380344903));
#3698=CARTESIAN_POINT('',(0.125,-6.9988838395847,2.425));
#3699=CARTESIAN_POINT('Origin',(0.,-1.53080849893419E-17,2.425));
#3700=CARTESIAN_POINT('',(0.125,-6.9988838395847,2.09679380344903));
#3701=CARTESIAN_POINT('Origin',(0.,-1.63490319469067E-16,3.83499976958986));
#3702=CARTESIAN_POINT('',(8.57252759403147E-16,7.,2.235));
#3703=CARTESIAN_POINT('',(-8.57252759403147E-16,-7.,2.235));
#3704=CARTESIAN_POINT('Origin',(0.,3.2453140177405E-17,2.235));
#3705=CARTESIAN_POINT('',(-8.1835342016516E-16,-6.68236279011164,2.26702005825857));
#3706=CARTESIAN_POINT('Origin',(-8.57357916024422E-16,-7.00085866897581,
3.83499976958985));
#3707=CARTESIAN_POINT('Origin',(0.,2.85318139919176E-17,2.26702005825857));
#3708=CARTESIAN_POINT('Origin',(0.,3.2453140177405E-17,2.235));
#3709=CARTESIAN_POINT('Origin',(0.,2.12476219652066E-16,0.764999999999997));
#3710=CARTESIAN_POINT('',(-7.78586144837963E-16,-6.35763834421521,2.33297971133128));
#3711=CARTESIAN_POINT('Origin',(0.,2.04540861910809E-17,2.33297971133128));
#3712=CARTESIAN_POINT('',(-7.39581648978701E-16,-6.03914246535104,2.365));
#3713=CARTESIAN_POINT('Origin',(-7.39581648978701E-16,-6.03914246535104,
0.764999999999997));
#3714=CARTESIAN_POINT('Origin',(0.,1.65327317884894E-17,2.365));
#3715=CARTESIAN_POINT('Origin',(0.,2.38806125833736E-17,2.305));
#3716=CARTESIAN_POINT('',(-7.59281015471359E-16,-6.2,2.305));
#3717=CARTESIAN_POINT('Origin',(0.,2.38806125833736E-17,2.305));
#3718=CARTESIAN_POINT('',(-8.3765841061679E-16,-6.84,2.175));
#3719=CARTESIAN_POINT('',(-7.59281015471359E-16,-6.2,2.305));
#3720=CARTESIAN_POINT('Origin',(0.,3.98010209722891E-17,2.175));
#3721=CARTESIAN_POINT('Origin',(0.,0.,2.24));
#3722=CARTESIAN_POINT('',(-5.51091059616309E-16,4.5,2.305));
#3723=CARTESIAN_POINT('Origin',(0.,2.38806125833735E-17,2.305));
#3724=CARTESIAN_POINT('',(-5.43130855421851E-16,4.435,2.24));
#3725=CARTESIAN_POINT('Origin',(-5.51091059616309E-16,4.5,2.24));
#3726=CARTESIAN_POINT('Origin',(0.,3.18408167778313E-17,2.24));
#3727=CARTESIAN_POINT('Origin',(0.,0.,2.5));
#3728=CARTESIAN_POINT('',(-5.43130855421851E-16,4.435,1.53166666666666));
#3729=CARTESIAN_POINT('',(-5.43130855421851E-16,4.435,2.5));
#3730=CARTESIAN_POINT('Origin',(0.,1.18586631717435E-16,1.53166666666666));
#3731=CARTESIAN_POINT('Origin',(0.,0.,2.5));
#3732=CARTESIAN_POINT('',(-5.35782974626967E-16,4.375,1.53166666666666));
#3733=CARTESIAN_POINT('Origin',(0.,1.18586631717435E-16,1.53166666666666));
#3734=CARTESIAN_POINT('',(-5.35782974626967E-16,4.375,2.24));
#3735=CARTESIAN_POINT('',(-5.35782974626967E-16,4.375,2.5));
#3736=CARTESIAN_POINT('Origin',(0.,3.18408167778313E-17,2.24));
#3737=CARTESIAN_POINT('Origin',(0.,0.,2.24));
#3738=CARTESIAN_POINT('',(-5.51091059616309E-16,4.5,2.365));
#3739=CARTESIAN_POINT('Origin',(-5.51091059616309E-16,4.5,2.24));
#3740=CARTESIAN_POINT('Origin',(0.,1.65327317884894E-17,2.365));
#3741=CARTESIAN_POINT('Origin',(0.,3.2453140177405E-17,2.235));
#3742=CARTESIAN_POINT('',(-8.37658410616789E-16,-6.84,2.235));
#3743=CARTESIAN_POINT('Origin',(0.,0.,2.3));
#3744=CARTESIAN_POINT('',(-8.57252759403147E-16,7.,2.365));
#3745=CARTESIAN_POINT('Origin',(-8.57252759403147E-16,7.,2.3));
#3746=CARTESIAN_POINT('',(-0.125,6.99888383958471,2.365));
#3747=CARTESIAN_POINT('Origin',(0.,1.65327317884893E-17,2.365));
#3748=CARTESIAN_POINT('',(-5.99871120321673,3.60769509526539,2.365));
#3749=CARTESIAN_POINT('Origin',(0.,1.65327317884893E-17,2.365));
#3750=CARTESIAN_POINT('',(-6.12371120321674,3.39118874431928,2.365));
#3751=CARTESIAN_POINT('Origin',(-2.54803201103659E-16,-1.42518271250774E-16,
2.365));
#3752=CARTESIAN_POINT('',(-6.1237112032167,-3.39118874431932,2.365));
#3753=CARTESIAN_POINT('Origin',(0.,1.65327317884893E-17,2.365));
#3754=CARTESIAN_POINT('',(-5.99871120321671,-3.60769509526544,2.365));
#3755=CARTESIAN_POINT('Origin',(-2.54803201103658E-16,-4.36739664745926E-16,
2.365));
#3756=CARTESIAN_POINT('Origin',(0.,1.65327317884893E-17,2.365));
#3757=CARTESIAN_POINT('',(5.99871120321675,-3.60769509526535,2.365));
#3758=CARTESIAN_POINT('Origin',(0.,1.65327317884893E-17,2.365));
#3759=CARTESIAN_POINT('',(6.12371120321676,-3.39118874431924,2.365));
#3760=CARTESIAN_POINT('Origin',(2.5480320110366E-16,-4.36739664745922E-16,
2.365));
#3761=CARTESIAN_POINT('',(6.12371120321668,3.39118874431936,2.365));
#3762=CARTESIAN_POINT('Origin',(0.,1.65327317884893E-17,2.365));
#3763=CARTESIAN_POINT('',(5.99871120321669,3.60769509526548,2.365));
#3764=CARTESIAN_POINT('Origin',(2.54803201103657E-16,-1.4251827125077E-16,
2.365));
#3765=CARTESIAN_POINT('',(0.125,6.9988838395847,2.365));
#3766=CARTESIAN_POINT('Origin',(0.,1.65327317884893E-17,2.365));
#3767=CARTESIAN_POINT('Origin',(0.,1.65327317884893E-17,2.365));
#3768=CARTESIAN_POINT('Origin',(0.,0.,2.3));
#3769=CARTESIAN_POINT('',(-5.99871120321671,-3.60769509526543,2.425));
#3770=CARTESIAN_POINT('Origin',(0.,9.18485099360525E-18,2.425));
#3771=CARTESIAN_POINT('',(-6.1237112032167,-3.39118874431932,2.425));
#3772=CARTESIAN_POINT('Origin',(0.,-1.53080849893419E-17,2.425));
#3773=CARTESIAN_POINT('',(-6.12371120321673,3.39118874431928,2.425));
#3774=CARTESIAN_POINT('Origin',(0.,9.18485099360525E-18,2.425));
#3775=CARTESIAN_POINT('',(-5.99871120321673,3.60769509526539,2.425));
#3776=CARTESIAN_POINT('Origin',(0.,-1.53080849893419E-17,2.425));
#3777=CARTESIAN_POINT('',(-0.125,6.9988838395847,2.425));
#3778=CARTESIAN_POINT('Origin',(0.,9.18485099360525E-18,2.425));
#3779=CARTESIAN_POINT('',(-8.57252759403147E-16,7.,2.425));
#3780=CARTESIAN_POINT('Origin',(0.,9.18485099360525E-18,2.425));
#3781=CARTESIAN_POINT('',(-8.57252759403147E-16,7.,2.175));
#3782=CARTESIAN_POINT('Origin',(-8.57252759403147E-16,7.,2.3));
#3783=CARTESIAN_POINT('Origin',(0.,3.98010209722891E-17,2.175));
#3784=CARTESIAN_POINT('',(0.125,6.9988838395847,2.425));
#3785=CARTESIAN_POINT('Origin',(0.,9.18485099360525E-18,2.425));
#3786=CARTESIAN_POINT('',(5.99871120321668,3.60769509526547,2.425));
#3787=CARTESIAN_POINT('Origin',(0.,9.18485099360525E-18,2.425));
#3788=CARTESIAN_POINT('',(6.12371120321668,3.39118874431936,2.425));
#3789=CARTESIAN_POINT('Origin',(0.,-1.53080849893419E-17,2.425));
#3790=CARTESIAN_POINT('',(6.12371120321675,-3.39118874431924,2.425));
#3791=CARTESIAN_POINT('Origin',(0.,9.18485099360525E-18,2.425));
#3792=CARTESIAN_POINT('',(5.99871120321675,-3.60769509526535,2.425));
#3793=CARTESIAN_POINT('Origin',(0.,-1.53080849893419E-17,2.425));
#3794=CARTESIAN_POINT('Origin',(0.,9.18485099360525E-18,2.425));
#3795=CARTESIAN_POINT('Origin',(0.,0.,2.5));
#3796=CARTESIAN_POINT('',(6.12371120321668,3.39118874431936,2.4625));
#3797=CARTESIAN_POINT('',(6.12371120321668,3.39118874431936,2.02840689026864));
#3798=CARTESIAN_POINT('',(6.12371120321675,-3.39118874431924,2.4625));
#3799=CARTESIAN_POINT('Origin',(0.,4.59242549680265E-18,2.4625));
#3800=CARTESIAN_POINT('',(6.12371120321675,-3.39118874431924,2.02840689026864));
#3801=CARTESIAN_POINT('Origin',(0.,0.,2.5));
#3802=CARTESIAN_POINT('',(5.99871120321675,-3.60769509526535,2.4625));
#3803=CARTESIAN_POINT('',(5.99871120321675,-3.60769509526535,2.02840689026864));
#3804=CARTESIAN_POINT('',(0.125,-6.9988838395847,2.4625));
#3805=CARTESIAN_POINT('Origin',(0.,4.59242549680265E-18,2.4625));
#3806=CARTESIAN_POINT('',(0.125,-6.9988838395847,2.09679380344903));
#3807=CARTESIAN_POINT('Origin',(0.,0.,2.5));
#3808=CARTESIAN_POINT('',(-0.125,-6.9988838395847,2.4625));
#3809=CARTESIAN_POINT('',(-0.125,-6.9988838395847,2.09679380344903));
#3810=CARTESIAN_POINT('',(-5.99871120321671,-3.60769509526543,2.4625));
#3811=CARTESIAN_POINT('Origin',(0.,4.59242549680265E-18,2.4625));
#3812=CARTESIAN_POINT('',(-5.99871120321671,-3.60769509526543,2.02840689026864));
#3813=CARTESIAN_POINT('Origin',(0.,0.,2.5));
#3814=CARTESIAN_POINT('',(-6.1237112032167,-3.39118874431932,2.4625));
#3815=CARTESIAN_POINT('',(-6.1237112032167,-3.39118874431932,2.02840689026864));
#3816=CARTESIAN_POINT('',(-6.12371120321673,3.39118874431928,2.4625));
#3817=CARTESIAN_POINT('Origin',(0.,4.59242549680265E-18,2.4625));
#3818=CARTESIAN_POINT('',(-6.12371120321673,3.39118874431928,2.02840689026864));
#3819=CARTESIAN_POINT('Origin',(0.,0.,2.5));
#3820=CARTESIAN_POINT('',(-5.99871120321673,3.60769509526539,2.4625));
#3821=CARTESIAN_POINT('',(-5.99871120321673,3.60769509526539,2.02840689026864));
#3822=CARTESIAN_POINT('',(-0.125,6.9988838395847,2.4625));
#3823=CARTESIAN_POINT('Origin',(0.,4.59242549680265E-18,2.4625));
#3824=CARTESIAN_POINT('',(-0.125,6.9988838395847,2.09679380344903));
#3825=CARTESIAN_POINT('Origin',(0.,7.,2.4625));
#3826=CARTESIAN_POINT('',(6.04055932138511,3.34318098296028,2.4625));
#3827=CARTESIAN_POINT('',(6.12371120321668,3.39118874431936,2.4625));
#3828=CARTESIAN_POINT('',(6.04055932138518,-3.34318098296016,2.4625));
#3829=CARTESIAN_POINT('Origin',(0.,4.59242549680265E-18,2.4625));
#3830=CARTESIAN_POINT('',(6.12371120321675,-3.39118874431924,2.4625));
#3831=CARTESIAN_POINT('Origin',(0.,7.,2.4625));
#3832=CARTESIAN_POINT('',(5.91555932138518,-3.55968733390627,2.4625));
#3833=CARTESIAN_POINT('',(5.99871120321675,-3.60769509526535,2.4625));
#3834=CARTESIAN_POINT('',(0.125,-6.90286831686654,2.4625));
#3835=CARTESIAN_POINT('Origin',(0.,4.59242549680265E-18,2.4625));
#3836=CARTESIAN_POINT('',(0.125,-6.9988838395847,2.4625));
#3837=CARTESIAN_POINT('Origin',(0.,7.,2.4625));
#3838=CARTESIAN_POINT('',(-0.125,-6.90286831686654,2.4625));
#3839=CARTESIAN_POINT('',(-0.125,-6.9988838395847,2.4625));
#3840=CARTESIAN_POINT('',(-5.91555932138513,-3.55968733390635,2.4625));
#3841=CARTESIAN_POINT('Origin',(0.,4.59242549680265E-18,2.4625));
#3842=CARTESIAN_POINT('',(-5.99871120321671,-3.60769509526543,2.4625));
#3843=CARTESIAN_POINT('Origin',(0.,7.,2.4625));
#3844=CARTESIAN_POINT('',(-6.04055932138514,-3.34318098296024,2.4625));
#3845=CARTESIAN_POINT('',(-6.1237112032167,-3.39118874431932,2.4625));
#3846=CARTESIAN_POINT('',(-6.04055932138516,3.3431809829602,2.4625));
#3847=CARTESIAN_POINT('Origin',(0.,4.59242549680265E-18,2.4625));
#3848=CARTESIAN_POINT('',(-6.12371120321673,3.39118874431928,2.4625));
#3849=CARTESIAN_POINT('Origin',(0.,7.,2.4625));
#3850=CARTESIAN_POINT('',(-5.91555932138516,3.55968733390631,2.4625));
#3851=CARTESIAN_POINT('',(-5.99871120321673,3.60769509526539,2.4625));
#3852=CARTESIAN_POINT('',(-0.125,6.90286831686654,2.4625));
#3853=CARTESIAN_POINT('Origin',(0.,4.59242549680265E-18,2.4625));
#3854=CARTESIAN_POINT('',(-0.125,6.9988838395847,2.4625));
#3855=CARTESIAN_POINT('Origin',(0.,0.,2.5));
#3856=CARTESIAN_POINT('',(6.04055932138511,3.34318098296028,2.365));
#3857=CARTESIAN_POINT('',(6.04055932138511,3.34318098296028,2.02840689026864));
#3858=CARTESIAN_POINT('',(6.04055932138518,-3.34318098296016,2.365));
#3859=CARTESIAN_POINT('Origin',(0.,1.65327317884894E-17,2.365));
#3860=CARTESIAN_POINT('',(6.04055932138518,-3.34318098296016,2.02840689026864));
#3861=CARTESIAN_POINT('Origin',(0.,0.,2.5));
#3862=CARTESIAN_POINT('',(5.91555932138518,-3.55968733390627,2.365));
#3863=CARTESIAN_POINT('',(5.91555932138518,-3.55968733390627,2.02840689026864));
#3864=CARTESIAN_POINT('',(0.125,-6.90286831686654,2.365));
#3865=CARTESIAN_POINT('Origin',(0.,1.65327317884894E-17,2.365));
#3866=CARTESIAN_POINT('',(0.125,-6.90286831686654,2.09679380344903));
#3867=CARTESIAN_POINT('Origin',(0.,0.,2.5));
#3868=CARTESIAN_POINT('',(-0.125000000000001,-6.90286831686654,2.365));
#3869=CARTESIAN_POINT('',(-0.125,-6.90286831686654,2.09679380344903));
#3870=CARTESIAN_POINT('',(-5.91555932138513,-3.55968733390635,2.365));
#3871=CARTESIAN_POINT('Origin',(0.,1.65327317884894E-17,2.365));
#3872=CARTESIAN_POINT('',(-5.91555932138513,-3.55968733390635,2.02840689026864));
#3873=CARTESIAN_POINT('Origin',(0.,0.,2.5));
#3874=CARTESIAN_POINT('',(-6.04055932138513,-3.34318098296024,2.365));
#3875=CARTESIAN_POINT('',(-6.04055932138514,-3.34318098296024,2.02840689026864));
#3876=CARTESIAN_POINT('',(-6.04055932138516,3.3431809829602,2.365));
#3877=CARTESIAN_POINT('Origin',(0.,1.65327317884894E-17,2.365));
#3878=CARTESIAN_POINT('',(-6.04055932138516,3.3431809829602,2.02840689026864));
#3879=CARTESIAN_POINT('Origin',(0.,0.,2.5));
#3880=CARTESIAN_POINT('',(-5.91555932138516,3.55968733390631,2.365));
#3881=CARTESIAN_POINT('',(-5.91555932138516,3.55968733390631,2.02840689026864));
#3882=CARTESIAN_POINT('',(-0.125,6.90286831686654,2.365));
#3883=CARTESIAN_POINT('Origin',(0.,1.65327317884894E-17,2.365));
#3884=CARTESIAN_POINT('',(-0.125,6.90286831686654,2.09679380344903));
#3885=CARTESIAN_POINT('Origin',(0.,6.904,2.365));
#3886=CARTESIAN_POINT('',(6.12371120321668,3.39118874431936,2.365));
#3887=CARTESIAN_POINT('',(6.12371120321675,-3.39118874431924,2.365));
#3888=CARTESIAN_POINT('Origin',(0.,6.904,2.365));
#3889=CARTESIAN_POINT('',(5.99871120321675,-3.60769509526535,2.365));
#3890=CARTESIAN_POINT('',(0.125,-6.9988838395847,2.365));
#3891=CARTESIAN_POINT('Origin',(0.,6.904,2.365));
#3892=CARTESIAN_POINT('',(-0.125,-6.9988838395847,2.365));
#3893=CARTESIAN_POINT('',(-5.99871120321671,-3.60769509526543,2.365));
#3894=CARTESIAN_POINT('Origin',(0.,6.904,2.365));
#3895=CARTESIAN_POINT('',(-6.1237112032167,-3.39118874431932,2.365));
#3896=CARTESIAN_POINT('',(-6.12371120321673,3.39118874431928,2.365));
#3897=CARTESIAN_POINT('Origin',(0.,6.904,2.365));
#3898=CARTESIAN_POINT('',(-5.99871120321673,3.60769509526539,2.365));
#3899=CARTESIAN_POINT('',(-0.125,6.9988838395847,2.365));
#3900=CARTESIAN_POINT('Origin',(0.,0.,2.5));
#3901=CARTESIAN_POINT('',(5.99871120321668,3.60769509526547,2.4625));
#3902=CARTESIAN_POINT('',(0.125,6.9988838395847,2.4625));
#3903=CARTESIAN_POINT('Origin',(0.,4.59242549680265E-18,2.4625));
#3904=CARTESIAN_POINT('',(5.99871120321668,3.60769509526547,2.02840689026864));
#3905=CARTESIAN_POINT('',(0.125,6.9988838395847,2.09679380344903));
#3906=CARTESIAN_POINT('Origin',(0.,7.,2.4625));
#3907=CARTESIAN_POINT('',(5.91555932138511,3.55968733390639,2.4625));
#3908=CARTESIAN_POINT('',(0.125,6.90286831686653,2.4625));
#3909=CARTESIAN_POINT('Origin',(0.,4.59242549680265E-18,2.4625));
#3910=CARTESIAN_POINT('',(5.99871120321668,3.60769509526547,2.4625));
#3911=CARTESIAN_POINT('',(0.125,6.9988838395847,2.4625));
#3912=CARTESIAN_POINT('Origin',(0.,0.,2.5));
#3913=CARTESIAN_POINT('',(5.91555932138511,3.55968733390639,2.365));
#3914=CARTESIAN_POINT('',(0.125000000000001,6.90286831686654,2.365));
#3915=CARTESIAN_POINT('Origin',(0.,1.65327317884894E-17,2.365));
#3916=CARTESIAN_POINT('',(5.91555932138511,3.55968733390639,2.02840689026864));
#3917=CARTESIAN_POINT('',(0.125,6.90286831686653,2.09679380344903));
#3918=CARTESIAN_POINT('Origin',(0.,6.904,2.365));
#3919=CARTESIAN_POINT('',(5.99871120321668,3.60769509526547,2.365));
#3920=CARTESIAN_POINT('',(0.125,6.9988838395847,2.365));
#3921=CARTESIAN_POINT('Origin',(0.,6.2,2.365));
#3922=CARTESIAN_POINT('Origin',(0.,4.435,1.53166666666666));
#3923=CARTESIAN_POINT('Origin',(0.,4.5,2.305));
#3924=CARTESIAN_POINT('Origin',(0.,7.,2.175));
#3925=CARTESIAN_POINT('Origin',(0.,4.59242549680267E-18,2.09679380344903));
#3926=CARTESIAN_POINT('',(-0.125,6.9988838395847,2.09679380344903));
#3927=CARTESIAN_POINT('',(0.125,6.9988838395847,2.09679380344903));
#3928=CARTESIAN_POINT('Origin',(0.125,6.9988838395847,2.09679380344903));
#3929=CARTESIAN_POINT('Origin',(-0.125,6.9988838395847,2.09679380344903));
#3930=CARTESIAN_POINT('Origin',(-2.19104969333009E-16,-1.21907887528395E-16,
2.02840689026864));
#3931=CARTESIAN_POINT('',(-6.12371120321673,3.39118874431928,2.02840689026864));
#3932=CARTESIAN_POINT('',(-5.99871120321673,3.60769509526539,2.02840689026864));
#3933=CARTESIAN_POINT('Origin',(-5.99871120321673,3.60769509526539,2.02840689026864));
#3934=CARTESIAN_POINT('Origin',(-6.12371120321673,3.39118874431928,2.02840689026864));
#3935=CARTESIAN_POINT('Origin',(-2.19104969333008E-16,-3.74908513578791E-16,
2.02840689026864));
#3936=CARTESIAN_POINT('',(-5.99871120321671,-3.60769509526543,2.02840689026864));
#3937=CARTESIAN_POINT('',(-6.1237112032167,-3.39118874431932,2.02840689026864));
#3938=CARTESIAN_POINT('Origin',(-6.1237112032167,-3.39118874431932,2.02840689026864));
#3939=CARTESIAN_POINT('Origin',(-5.99871120321671,-3.60769509526543,2.02840689026864));
#3940=CARTESIAN_POINT('Origin',(-0.125,-6.9988838395847,2.09679380344903));
#3941=CARTESIAN_POINT('Origin',(0.125,-6.9988838395847,2.09679380344903));
#3942=CARTESIAN_POINT('Origin',(2.1910496933301E-16,-3.74908513578788E-16,
2.02840689026864));
#3943=CARTESIAN_POINT('',(6.12371120321675,-3.39118874431924,2.02840689026864));
#3944=CARTESIAN_POINT('',(5.99871120321675,-3.60769509526535,2.02840689026864));
#3945=CARTESIAN_POINT('Origin',(5.99871120321675,-3.60769509526535,2.02840689026864));
#3946=CARTESIAN_POINT('Origin',(6.12371120321675,-3.39118874431924,2.02840689026864));
#3947=CARTESIAN_POINT('Origin',(2.19104969333008E-16,-1.21907887528392E-16,
2.02840689026864));
#3948=CARTESIAN_POINT('',(5.99871120321668,3.60769509526547,2.02840689026864));
#3949=CARTESIAN_POINT('',(6.12371120321668,3.39118874431936,2.02840689026864));
#3950=CARTESIAN_POINT('Origin',(6.12371120321668,3.39118874431936,2.02840689026864));
#3951=CARTESIAN_POINT('Origin',(5.99871120321668,3.60769509526547,2.02840689026864));
#3952=CARTESIAN_POINT('',(0.,0.,0.));
#3953=UNCERTAINTY_MEASURE_WITH_UNIT(LENGTH_MEASURE(0.01),#3959,
'DISTANCE_ACCURACY_VALUE',
'Maximum model space distance between geometric entities at asserted c
onnectivities');
#3954=UNCERTAINTY_MEASURE_WITH_UNIT(LENGTH_MEASURE(0.01),#3959,
'DISTANCE_ACCURACY_VALUE',
'Maximum model space distance between geometric entities at asserted c
onnectivities');
#3955=UNCERTAINTY_MEASURE_WITH_UNIT(LENGTH_MEASURE(0.01),#3959,
'DISTANCE_ACCURACY_VALUE',
'Maximum model space distance between geometric entities at asserted c
onnectivities');
#3956=(
GEOMETRIC_REPRESENTATION_CONTEXT(3)
GLOBAL_UNCERTAINTY_ASSIGNED_CONTEXT((#3953))
GLOBAL_UNIT_ASSIGNED_CONTEXT((#3959,#3961,#3962))
REPRESENTATION_CONTEXT('','3D')
);
#3957=(
GEOMETRIC_REPRESENTATION_CONTEXT(3)
GLOBAL_UNCERTAINTY_ASSIGNED_CONTEXT((#3954))
GLOBAL_UNIT_ASSIGNED_CONTEXT((#3959,#3961,#3962))
REPRESENTATION_CONTEXT('','3D')
);
#3958=(
GEOMETRIC_REPRESENTATION_CONTEXT(3)
GLOBAL_UNCERTAINTY_ASSIGNED_CONTEXT((#3955))
GLOBAL_UNIT_ASSIGNED_CONTEXT((#3959,#3961,#3962))
REPRESENTATION_CONTEXT('','3D')
);
#3959=(
LENGTH_UNIT()
NAMED_UNIT(*)
SI_UNIT(.MILLI.,.METRE.)
);
#3960=(
LENGTH_UNIT()
NAMED_UNIT(*)
SI_UNIT($,.METRE.)
);
#3961=(
NAMED_UNIT(*)
PLANE_ANGLE_UNIT()
SI_UNIT($,.RADIAN.)
);
#3962=(
NAMED_UNIT(*)
SI_UNIT($,.STERADIAN.)
SOLID_ANGLE_UNIT()
);
#3963=SHAPE_DEFINITION_REPRESENTATION(#3965,#3968);
#3964=SHAPE_DEFINITION_REPRESENTATION(#3966,#3969);
#3965=PRODUCT_DEFINITION_SHAPE('',$,#3971);
#3966=PRODUCT_DEFINITION_SHAPE('',$,#3972);
#3967=PRODUCT_DEFINITION_SHAPE($,$,#14);
#3968=SHAPE_REPRESENTATION('',(#2225,#2537),#3956);
#3969=SHAPE_REPRESENTATION('',(#2226),#3957);
#3970=PRODUCT_DEFINITION_CONTEXT('part definition',#3978,'design');
#3971=PRODUCT_DEFINITION('Rodamiento 625zz','Rodamiento 625zz v1',#3973,
#3970);
#3972=PRODUCT_DEFINITION('4481N33_Steel Ball Bearing',
'Steel Ball Bearing_625zz',#3974,#3970);
#3973=PRODUCT_DEFINITION_FORMATION('',$,#3980);
#3974=PRODUCT_DEFINITION_FORMATION('',$,#3981);
#3975=PRODUCT_RELATED_PRODUCT_CATEGORY('Rodamiento 625zz v1',
'Rodamiento 625zz v1',(#3980));
#3976=PRODUCT_RELATED_PRODUCT_CATEGORY('Steel Ball Bearing_625zz',
'Steel Ball Bearing_625zz',(#3981));
#3977=APPLICATION_PROTOCOL_DEFINITION('international standard',
'automotive_design',2009,#3978);
#3978=APPLICATION_CONTEXT(
'Core Data for Automotive Mechanical Design Process');
#3979=PRODUCT_CONTEXT('part definition',#3978,'mechanical');
#3980=PRODUCT('Rodamiento 625zz','Rodamiento 625zz v1',$,(#3979));
#3981=PRODUCT('4481N33_Steel Ball Bearing','Steel Ball Bearing_625zz',$,
(#3979));
#3982=PRESENTATION_STYLE_ASSIGNMENT((#3983));
#3983=SURFACE_STYLE_USAGE(.BOTH.,#3984);
#3984=SURFACE_SIDE_STYLE('',(#3985));
#3985=SURFACE_STYLE_FILL_AREA(#3986);
#3986=FILL_AREA_STYLE('Acero - Satinado',(#3987));
#3987=FILL_AREA_STYLE_COLOUR('Acero - Satinado',#3988);
#3988=COLOUR_RGB('Acero - Satinado',0.627450980392157,0.627450980392157,
0.627450980392157);
ENDSEC;
END-ISO-10303-21;
