ISO-10303-21;
HEADER;
/* Generated by software containing ST-Developer
 * from STEP Tools, Inc. (www.steptools.com) 
 */

FILE_DESCRIPTION(
/* description */ (''),
/* implementation_level */ '2;1');

FILE_NAME(
/* name */ 'Polea 50mm_w-10mm_s_3568N74_T Series Tim.step',
/* time_stamp */ '2026-06-11T13:05:24-04:00',
/* author */ (''),
/* organization */ (''),
/* preprocessor_version */ 'ST-DEVELOPER v20.1',
/* originating_system */ 'Autodesk Translation Framework v15.8.0.0',
/* authorisation */ '');

FILE_SCHEMA (('AUTOMOTIVE_DESIGN { 1 0 10303 214 3 1 1 }'));
ENDSEC;

DATA;
#10=MECHANICAL_DESIGN_GEOMETRIC_PRESENTATION_REPRESENTATION('',(#13),#3426);
#11=SHAPE_REPRESENTATION_RELATIONSHIP('SRR','None',#3433,#12);
#12=ADVANCED_BREP_SHAPE_REPRESENTATION('',(#14),#3425);
#13=STYLED_ITEM('',(#3442),#14);
#14=MANIFOLD_SOLID_BREP('Cuerpo1',#2074);
#15=FACE_BOUND('',#249,.T.);
#16=FACE_BOUND('',#250,.T.);
#17=FACE_BOUND('',#251,.T.);
#18=FACE_BOUND('',#252,.T.);
#19=FACE_BOUND('',#253,.T.);
#20=FACE_BOUND('',#254,.T.);
#21=FACE_BOUND('',#256,.T.);
#22=FACE_BOUND('',#337,.T.);
#23=FACE_BOUND('',#338,.T.);
#24=FACE_BOUND('',#339,.T.);
#25=FACE_BOUND('',#340,.T.);
#26=FACE_BOUND('',#341,.T.);
#27=FACE_BOUND('',#342,.T.);
#28=FACE_BOUND('',#344,.T.);
#29=CIRCLE('',#2090,25.);
#30=CIRCLE('',#2091,25.);
#31=CIRCLE('',#2094,10.);
#32=CIRCLE('',#2095,10.);
#33=CIRCLE('',#2097,25.);
#34=CIRCLE('',#2098,25.);
#35=CIRCLE('',#2101,10.);
#36=CIRCLE('',#2102,10.);
#37=CIRCLE('',#2106,25.);
#38=CIRCLE('',#2107,25.);
#39=CIRCLE('',#2110,10.);
#40=CIRCLE('',#2111,10.);
#41=CIRCLE('',#2114,25.);
#42=CIRCLE('',#2115,25.);
#43=CIRCLE('',#2118,10.);
#44=CIRCLE('',#2119,10.);
#45=CIRCLE('',#2122,25.);
#46=CIRCLE('',#2123,25.);
#47=CIRCLE('',#2126,10.);
#48=CIRCLE('',#2127,10.);
#49=CIRCLE('',#2129,38.);
#50=CIRCLE('',#2130,5.75);
#51=CIRCLE('',#2132,38.);
#52=CIRCLE('',#2133,36.22375);
#53=CIRCLE('',#2134,36.22375);
#54=CIRCLE('',#2135,36.22375);
#55=CIRCLE('',#2136,36.22375);
#56=CIRCLE('',#2137,36.22375);
#57=CIRCLE('',#2138,36.22375);
#58=CIRCLE('',#2139,36.22375);
#59=CIRCLE('',#2140,36.22375);
#60=CIRCLE('',#2141,36.22375);
#61=CIRCLE('',#2142,36.22375);
#62=CIRCLE('',#2143,36.22375);
#63=CIRCLE('',#2144,36.22375);
#64=CIRCLE('',#2145,36.22375);
#65=CIRCLE('',#2146,36.22375);
#66=CIRCLE('',#2147,36.22375);
#67=CIRCLE('',#2148,36.22375);
#68=CIRCLE('',#2149,36.22375);
#69=CIRCLE('',#2150,36.22375);
#70=CIRCLE('',#2151,36.22375);
#71=CIRCLE('',#2153,36.22375);
#72=CIRCLE('',#2158,36.22375);
#73=CIRCLE('',#2163,36.22375);
#74=CIRCLE('',#2168,36.22375);
#75=CIRCLE('',#2173,36.22375);
#76=CIRCLE('',#2178,36.22375);
#77=CIRCLE('',#2183,36.22375);
#78=CIRCLE('',#2188,36.22375);
#79=CIRCLE('',#2193,36.22375);
#80=CIRCLE('',#2198,36.22375);
#81=CIRCLE('',#2201,38.);
#82=CIRCLE('',#2202,38.);
#83=CIRCLE('',#2205,5.75);
#84=CIRCLE('',#2207,36.22375);
#85=CIRCLE('',#2209,36.22375);
#86=CIRCLE('',#2211,36.22375);
#87=CIRCLE('',#2213,36.22375);
#88=CIRCLE('',#2215,36.22375);
#89=CIRCLE('',#2217,36.22375);
#90=CIRCLE('',#2219,36.22375);
#91=CIRCLE('',#2221,36.22375);
#92=CIRCLE('',#2223,36.22375);
#93=CYLINDRICAL_SURFACE('',#2089,25.);
#94=CYLINDRICAL_SURFACE('',#2093,10.);
#95=CYLINDRICAL_SURFACE('',#2096,25.);
#96=CYLINDRICAL_SURFACE('',#2100,10.);
#97=CYLINDRICAL_SURFACE('',#2105,25.);
#98=CYLINDRICAL_SURFACE('',#2109,10.);
#99=CYLINDRICAL_SURFACE('',#2113,25.);
#100=CYLINDRICAL_SURFACE('',#2117,10.);
#101=CYLINDRICAL_SURFACE('',#2121,25.);
#102=CYLINDRICAL_SURFACE('',#2125,10.);
#103=CYLINDRICAL_SURFACE('',#2152,36.22375);
#104=CYLINDRICAL_SURFACE('',#2157,36.22375);
#105=CYLINDRICAL_SURFACE('',#2162,36.22375);
#106=CYLINDRICAL_SURFACE('',#2167,36.22375);
#107=CYLINDRICAL_SURFACE('',#2172,36.22375);
#108=CYLINDRICAL_SURFACE('',#2177,36.22375);
#109=CYLINDRICAL_SURFACE('',#2182,36.22375);
#110=CYLINDRICAL_SURFACE('',#2187,36.22375);
#111=CYLINDRICAL_SURFACE('',#2192,36.22375);
#112=CYLINDRICAL_SURFACE('',#2197,36.22375);
#113=CYLINDRICAL_SURFACE('',#2200,38.);
#114=CYLINDRICAL_SURFACE('',#2203,38.);
#115=CYLINDRICAL_SURFACE('',#2204,5.75);
#116=CYLINDRICAL_SURFACE('',#2206,36.22375);
#117=CYLINDRICAL_SURFACE('',#2208,36.22375);
#118=CYLINDRICAL_SURFACE('',#2210,36.22375);
#119=CYLINDRICAL_SURFACE('',#2212,36.22375);
#120=CYLINDRICAL_SURFACE('',#2214,36.22375);
#121=CYLINDRICAL_SURFACE('',#2216,36.22375);
#122=CYLINDRICAL_SURFACE('',#2218,36.22375);
#123=CYLINDRICAL_SURFACE('',#2220,36.22375);
#124=CYLINDRICAL_SURFACE('',#2222,36.22375);
#125=FACE_OUTER_BOUND('',#228,.T.);
#126=FACE_OUTER_BOUND('',#229,.T.);
#127=FACE_OUTER_BOUND('',#230,.T.);
#128=FACE_OUTER_BOUND('',#231,.T.);
#129=FACE_OUTER_BOUND('',#232,.T.);
#130=FACE_OUTER_BOUND('',#233,.T.);
#131=FACE_OUTER_BOUND('',#234,.T.);
#132=FACE_OUTER_BOUND('',#235,.T.);
#133=FACE_OUTER_BOUND('',#236,.T.);
#134=FACE_OUTER_BOUND('',#237,.T.);
#135=FACE_OUTER_BOUND('',#238,.T.);
#136=FACE_OUTER_BOUND('',#239,.T.);
#137=FACE_OUTER_BOUND('',#240,.T.);
#138=FACE_OUTER_BOUND('',#241,.T.);
#139=FACE_OUTER_BOUND('',#242,.T.);
#140=FACE_OUTER_BOUND('',#243,.T.);
#141=FACE_OUTER_BOUND('',#244,.T.);
#142=FACE_OUTER_BOUND('',#245,.T.);
#143=FACE_OUTER_BOUND('',#246,.T.);
#144=FACE_OUTER_BOUND('',#247,.T.);
#145=FACE_OUTER_BOUND('',#248,.T.);
#146=FACE_OUTER_BOUND('',#255,.T.);
#147=FACE_OUTER_BOUND('',#257,.T.);
#148=FACE_OUTER_BOUND('',#258,.T.);
#149=FACE_OUTER_BOUND('',#259,.T.);
#150=FACE_OUTER_BOUND('',#260,.T.);
#151=FACE_OUTER_BOUND('',#261,.T.);
#152=FACE_OUTER_BOUND('',#262,.T.);
#153=FACE_OUTER_BOUND('',#263,.T.);
#154=FACE_OUTER_BOUND('',#264,.T.);
#155=FACE_OUTER_BOUND('',#265,.T.);
#156=FACE_OUTER_BOUND('',#266,.T.);
#157=FACE_OUTER_BOUND('',#267,.T.);
#158=FACE_OUTER_BOUND('',#268,.T.);
#159=FACE_OUTER_BOUND('',#269,.T.);
#160=FACE_OUTER_BOUND('',#270,.T.);
#161=FACE_OUTER_BOUND('',#271,.T.);
#162=FACE_OUTER_BOUND('',#272,.T.);
#163=FACE_OUTER_BOUND('',#273,.T.);
#164=FACE_OUTER_BOUND('',#274,.T.);
#165=FACE_OUTER_BOUND('',#275,.T.);
#166=FACE_OUTER_BOUND('',#276,.T.);
#167=FACE_OUTER_BOUND('',#277,.T.);
#168=FACE_OUTER_BOUND('',#278,.T.);
#169=FACE_OUTER_BOUND('',#279,.T.);
#170=FACE_OUTER_BOUND('',#280,.T.);
#171=FACE_OUTER_BOUND('',#281,.T.);
#172=FACE_OUTER_BOUND('',#282,.T.);
#173=FACE_OUTER_BOUND('',#283,.T.);
#174=FACE_OUTER_BOUND('',#284,.T.);
#175=FACE_OUTER_BOUND('',#285,.T.);
#176=FACE_OUTER_BOUND('',#286,.T.);
#177=FACE_OUTER_BOUND('',#287,.T.);
#178=FACE_OUTER_BOUND('',#288,.T.);
#179=FACE_OUTER_BOUND('',#289,.T.);
#180=FACE_OUTER_BOUND('',#290,.T.);
#181=FACE_OUTER_BOUND('',#291,.T.);
#182=FACE_OUTER_BOUND('',#292,.T.);
#183=FACE_OUTER_BOUND('',#293,.T.);
#184=FACE_OUTER_BOUND('',#294,.T.);
#185=FACE_OUTER_BOUND('',#295,.T.);
#186=FACE_OUTER_BOUND('',#296,.T.);
#187=FACE_OUTER_BOUND('',#297,.T.);
#188=FACE_OUTER_BOUND('',#298,.T.);
#189=FACE_OUTER_BOUND('',#299,.T.);
#190=FACE_OUTER_BOUND('',#300,.T.);
#191=FACE_OUTER_BOUND('',#301,.T.);
#192=FACE_OUTER_BOUND('',#302,.T.);
#193=FACE_OUTER_BOUND('',#303,.T.);
#194=FACE_OUTER_BOUND('',#304,.T.);
#195=FACE_OUTER_BOUND('',#305,.T.);
#196=FACE_OUTER_BOUND('',#306,.T.);
#197=FACE_OUTER_BOUND('',#307,.T.);
#198=FACE_OUTER_BOUND('',#308,.T.);
#199=FACE_OUTER_BOUND('',#309,.T.);
#200=FACE_OUTER_BOUND('',#310,.T.);
#201=FACE_OUTER_BOUND('',#311,.T.);
#202=FACE_OUTER_BOUND('',#312,.T.);
#203=FACE_OUTER_BOUND('',#313,.T.);
#204=FACE_OUTER_BOUND('',#314,.T.);
#205=FACE_OUTER_BOUND('',#315,.T.);
#206=FACE_OUTER_BOUND('',#316,.T.);
#207=FACE_OUTER_BOUND('',#317,.T.);
#208=FACE_OUTER_BOUND('',#318,.T.);
#209=FACE_OUTER_BOUND('',#319,.T.);
#210=FACE_OUTER_BOUND('',#320,.T.);
#211=FACE_OUTER_BOUND('',#321,.T.);
#212=FACE_OUTER_BOUND('',#322,.T.);
#213=FACE_OUTER_BOUND('',#323,.T.);
#214=FACE_OUTER_BOUND('',#324,.T.);
#215=FACE_OUTER_BOUND('',#325,.T.);
#216=FACE_OUTER_BOUND('',#326,.T.);
#217=FACE_OUTER_BOUND('',#327,.T.);
#218=FACE_OUTER_BOUND('',#328,.T.);
#219=FACE_OUTER_BOUND('',#329,.T.);
#220=FACE_OUTER_BOUND('',#330,.T.);
#221=FACE_OUTER_BOUND('',#331,.T.);
#222=FACE_OUTER_BOUND('',#332,.T.);
#223=FACE_OUTER_BOUND('',#333,.T.);
#224=FACE_OUTER_BOUND('',#334,.T.);
#225=FACE_OUTER_BOUND('',#335,.T.);
#226=FACE_OUTER_BOUND('',#336,.T.);
#227=FACE_OUTER_BOUND('',#343,.T.);
#228=EDGE_LOOP('',(#1306,#1307,#1308,#1309));
#229=EDGE_LOOP('',(#1310,#1311,#1312,#1313));
#230=EDGE_LOOP('',(#1314,#1315,#1316,#1317));
#231=EDGE_LOOP('',(#1318,#1319,#1320,#1321));
#232=EDGE_LOOP('',(#1322,#1323,#1324,#1325));
#233=EDGE_LOOP('',(#1326,#1327,#1328,#1329));
#234=EDGE_LOOP('',(#1330,#1331,#1332,#1333));
#235=EDGE_LOOP('',(#1334,#1335,#1336,#1337));
#236=EDGE_LOOP('',(#1338,#1339,#1340,#1341));
#237=EDGE_LOOP('',(#1342,#1343,#1344,#1345));
#238=EDGE_LOOP('',(#1346,#1347,#1348,#1349));
#239=EDGE_LOOP('',(#1350,#1351,#1352,#1353));
#240=EDGE_LOOP('',(#1354,#1355,#1356,#1357));
#241=EDGE_LOOP('',(#1358,#1359,#1360,#1361));
#242=EDGE_LOOP('',(#1362,#1363,#1364,#1365));
#243=EDGE_LOOP('',(#1366,#1367,#1368,#1369));
#244=EDGE_LOOP('',(#1370,#1371,#1372,#1373));
#245=EDGE_LOOP('',(#1374,#1375,#1376,#1377));
#246=EDGE_LOOP('',(#1378,#1379,#1380,#1381));
#247=EDGE_LOOP('',(#1382,#1383,#1384,#1385));
#248=EDGE_LOOP('',(#1386));
#249=EDGE_LOOP('',(#1387));
#250=EDGE_LOOP('',(#1388,#1389,#1390,#1391));
#251=EDGE_LOOP('',(#1392,#1393,#1394,#1395));
#252=EDGE_LOOP('',(#1396,#1397,#1398,#1399));
#253=EDGE_LOOP('',(#1400,#1401,#1402,#1403));
#254=EDGE_LOOP('',(#1404,#1405,#1406,#1407));
#255=EDGE_LOOP('',(#1408));
#256=EDGE_LOOP('',(#1409,#1410,#1411,#1412,#1413,#1414,#1415,#1416,#1417,
#1418,#1419,#1420,#1421,#1422,#1423,#1424,#1425,#1426,#1427,#1428,#1429,
#1430,#1431,#1432,#1433,#1434,#1435,#1436,#1437,#1438,#1439,#1440,#1441,
#1442,#1443,#1444,#1445,#1446,#1447,#1448,#1449,#1450,#1451,#1452,#1453,
#1454,#1455,#1456,#1457,#1458,#1459,#1460,#1461,#1462,#1463,#1464,#1465,
#1466,#1467,#1468,#1469,#1470,#1471,#1472,#1473,#1474,#1475,#1476,#1477,
#1478,#1479,#1480,#1481,#1482,#1483,#1484));
#257=EDGE_LOOP('',(#1485,#1486,#1487,#1488));
#258=EDGE_LOOP('',(#1489,#1490,#1491,#1492));
#259=EDGE_LOOP('',(#1493,#1494,#1495,#1496));
#260=EDGE_LOOP('',(#1497,#1498,#1499,#1500));
#261=EDGE_LOOP('',(#1501,#1502,#1503,#1504));
#262=EDGE_LOOP('',(#1505,#1506,#1507,#1508));
#263=EDGE_LOOP('',(#1509,#1510,#1511,#1512));
#264=EDGE_LOOP('',(#1513,#1514,#1515,#1516));
#265=EDGE_LOOP('',(#1517,#1518,#1519,#1520));
#266=EDGE_LOOP('',(#1521,#1522,#1523,#1524));
#267=EDGE_LOOP('',(#1525,#1526,#1527,#1528));
#268=EDGE_LOOP('',(#1529,#1530,#1531,#1532));
#269=EDGE_LOOP('',(#1533,#1534,#1535,#1536));
#270=EDGE_LOOP('',(#1537,#1538,#1539,#1540));
#271=EDGE_LOOP('',(#1541,#1542,#1543,#1544));
#272=EDGE_LOOP('',(#1545,#1546,#1547,#1548));
#273=EDGE_LOOP('',(#1549,#1550,#1551,#1552));
#274=EDGE_LOOP('',(#1553,#1554,#1555,#1556));
#275=EDGE_LOOP('',(#1557,#1558,#1559,#1560));
#276=EDGE_LOOP('',(#1561,#1562,#1563,#1564));
#277=EDGE_LOOP('',(#1565,#1566,#1567,#1568));
#278=EDGE_LOOP('',(#1569,#1570,#1571,#1572));
#279=EDGE_LOOP('',(#1573,#1574,#1575,#1576));
#280=EDGE_LOOP('',(#1577,#1578,#1579,#1580));
#281=EDGE_LOOP('',(#1581,#1582,#1583,#1584));
#282=EDGE_LOOP('',(#1585,#1586,#1587,#1588));
#283=EDGE_LOOP('',(#1589,#1590,#1591,#1592));
#284=EDGE_LOOP('',(#1593,#1594,#1595,#1596));
#285=EDGE_LOOP('',(#1597,#1598,#1599,#1600));
#286=EDGE_LOOP('',(#1601,#1602,#1603,#1604));
#287=EDGE_LOOP('',(#1605,#1606,#1607,#1608));
#288=EDGE_LOOP('',(#1609,#1610,#1611,#1612));
#289=EDGE_LOOP('',(#1613,#1614,#1615,#1616));
#290=EDGE_LOOP('',(#1617,#1618,#1619,#1620));
#291=EDGE_LOOP('',(#1621,#1622,#1623,#1624));
#292=EDGE_LOOP('',(#1625,#1626,#1627,#1628));
#293=EDGE_LOOP('',(#1629,#1630,#1631,#1632));
#294=EDGE_LOOP('',(#1633,#1634,#1635,#1636));
#295=EDGE_LOOP('',(#1637,#1638,#1639,#1640));
#296=EDGE_LOOP('',(#1641,#1642,#1643,#1644));
#297=EDGE_LOOP('',(#1645,#1646,#1647,#1648));
#298=EDGE_LOOP('',(#1649,#1650,#1651,#1652));
#299=EDGE_LOOP('',(#1653,#1654,#1655,#1656));
#300=EDGE_LOOP('',(#1657,#1658,#1659,#1660));
#301=EDGE_LOOP('',(#1661,#1662,#1663,#1664));
#302=EDGE_LOOP('',(#1665,#1666,#1667,#1668));
#303=EDGE_LOOP('',(#1669,#1670,#1671,#1672));
#304=EDGE_LOOP('',(#1673,#1674,#1675,#1676));
#305=EDGE_LOOP('',(#1677,#1678,#1679,#1680));
#306=EDGE_LOOP('',(#1681,#1682,#1683,#1684));
#307=EDGE_LOOP('',(#1685,#1686,#1687,#1688));
#308=EDGE_LOOP('',(#1689,#1690,#1691,#1692));
#309=EDGE_LOOP('',(#1693,#1694,#1695,#1696));
#310=EDGE_LOOP('',(#1697,#1698,#1699,#1700));
#311=EDGE_LOOP('',(#1701,#1702,#1703,#1704));
#312=EDGE_LOOP('',(#1705,#1706,#1707,#1708));
#313=EDGE_LOOP('',(#1709,#1710,#1711,#1712));
#314=EDGE_LOOP('',(#1713,#1714,#1715,#1716));
#315=EDGE_LOOP('',(#1717,#1718,#1719,#1720));
#316=EDGE_LOOP('',(#1721,#1722,#1723,#1724));
#317=EDGE_LOOP('',(#1725,#1726,#1727,#1728));
#318=EDGE_LOOP('',(#1729,#1730,#1731,#1732));
#319=EDGE_LOOP('',(#1733,#1734,#1735,#1736));
#320=EDGE_LOOP('',(#1737,#1738,#1739,#1740));
#321=EDGE_LOOP('',(#1741,#1742,#1743,#1744));
#322=EDGE_LOOP('',(#1745,#1746,#1747,#1748));
#323=EDGE_LOOP('',(#1749,#1750,#1751,#1752));
#324=EDGE_LOOP('',(#1753,#1754,#1755,#1756));
#325=EDGE_LOOP('',(#1757,#1758,#1759,#1760));
#326=EDGE_LOOP('',(#1761,#1762,#1763,#1764));
#327=EDGE_LOOP('',(#1765,#1766,#1767,#1768));
#328=EDGE_LOOP('',(#1769,#1770,#1771,#1772));
#329=EDGE_LOOP('',(#1773,#1774,#1775,#1776));
#330=EDGE_LOOP('',(#1777,#1778,#1779,#1780));
#331=EDGE_LOOP('',(#1781,#1782,#1783,#1784));
#332=EDGE_LOOP('',(#1785,#1786,#1787,#1788));
#333=EDGE_LOOP('',(#1789,#1790,#1791,#1792));
#334=EDGE_LOOP('',(#1793,#1794,#1795,#1796));
#335=EDGE_LOOP('',(#1797,#1798,#1799,#1800));
#336=EDGE_LOOP('',(#1801));
#337=EDGE_LOOP('',(#1802));
#338=EDGE_LOOP('',(#1803,#1804,#1805,#1806));
#339=EDGE_LOOP('',(#1807,#1808,#1809,#1810));
#340=EDGE_LOOP('',(#1811,#1812,#1813,#1814));
#341=EDGE_LOOP('',(#1815,#1816,#1817,#1818));
#342=EDGE_LOOP('',(#1819,#1820,#1821,#1822));
#343=EDGE_LOOP('',(#1823));
#344=EDGE_LOOP('',(#1824,#1825,#1826,#1827,#1828,#1829,#1830,#1831,#1832,
#1833,#1834,#1835,#1836,#1837,#1838,#1839,#1840,#1841,#1842,#1843,#1844,
#1845,#1846,#1847,#1848,#1849,#1850,#1851,#1852,#1853,#1854,#1855,#1856,
#1857,#1858,#1859,#1860,#1861,#1862,#1863,#1864,#1865,#1866,#1867,#1868,
#1869,#1870,#1871,#1872,#1873,#1874,#1875,#1876,#1877,#1878,#1879,#1880,
#1881,#1882,#1883,#1884,#1885,#1886,#1887,#1888,#1889,#1890,#1891,#1892,
#1893,#1894,#1895,#1896,#1897,#1898,#1899));
#345=LINE('',#2828,#578);
#346=LINE('',#2830,#579);
#347=LINE('',#2832,#580);
#348=LINE('',#2833,#581);
#349=LINE('',#2839,#582);
#350=LINE('',#2842,#583);
#351=LINE('',#2844,#584);
#352=LINE('',#2845,#585);
#353=LINE('',#2854,#586);
#354=LINE('',#2857,#587);
#355=LINE('',#2860,#588);
#356=LINE('',#2862,#589);
#357=LINE('',#2863,#590);
#358=LINE('',#2869,#591);
#359=LINE('',#2871,#592);
#360=LINE('',#2872,#593);
#361=LINE('',#2876,#594);
#362=LINE('',#2878,#595);
#363=LINE('',#2880,#596);
#364=LINE('',#2881,#597);
#365=LINE('',#2887,#598);
#366=LINE('',#2890,#599);
#367=LINE('',#2892,#600);
#368=LINE('',#2893,#601);
#369=LINE('',#2900,#602);
#370=LINE('',#2902,#603);
#371=LINE('',#2904,#604);
#372=LINE('',#2905,#605);
#373=LINE('',#2911,#606);
#374=LINE('',#2914,#607);
#375=LINE('',#2916,#608);
#376=LINE('',#2917,#609);
#377=LINE('',#2924,#610);
#378=LINE('',#2926,#611);
#379=LINE('',#2928,#612);
#380=LINE('',#2929,#613);
#381=LINE('',#2935,#614);
#382=LINE('',#2938,#615);
#383=LINE('',#2940,#616);
#384=LINE('',#2941,#617);
#385=LINE('',#2955,#618);
#386=LINE('',#2957,#619);
#387=LINE('',#2961,#620);
#388=LINE('',#2963,#621);
#389=LINE('',#2965,#622);
#390=LINE('',#2969,#623);
#391=LINE('',#2971,#624);
#392=LINE('',#2973,#625);
#393=LINE('',#2977,#626);
#394=LINE('',#2979,#627);
#395=LINE('',#2981,#628);
#396=LINE('',#2985,#629);
#397=LINE('',#2987,#630);
#398=LINE('',#2989,#631);
#399=LINE('',#2993,#632);
#400=LINE('',#2995,#633);
#401=LINE('',#2997,#634);
#402=LINE('',#3001,#635);
#403=LINE('',#3003,#636);
#404=LINE('',#3005,#637);
#405=LINE('',#3009,#638);
#406=LINE('',#3011,#639);
#407=LINE('',#3013,#640);
#408=LINE('',#3017,#641);
#409=LINE('',#3019,#642);
#410=LINE('',#3021,#643);
#411=LINE('',#3025,#644);
#412=LINE('',#3027,#645);
#413=LINE('',#3029,#646);
#414=LINE('',#3033,#647);
#415=LINE('',#3035,#648);
#416=LINE('',#3037,#649);
#417=LINE('',#3041,#650);
#418=LINE('',#3043,#651);
#419=LINE('',#3045,#652);
#420=LINE('',#3049,#653);
#421=LINE('',#3051,#654);
#422=LINE('',#3053,#655);
#423=LINE('',#3057,#656);
#424=LINE('',#3059,#657);
#425=LINE('',#3061,#658);
#426=LINE('',#3065,#659);
#427=LINE('',#3067,#660);
#428=LINE('',#3069,#661);
#429=LINE('',#3073,#662);
#430=LINE('',#3075,#663);
#431=LINE('',#3077,#664);
#432=LINE('',#3081,#665);
#433=LINE('',#3083,#666);
#434=LINE('',#3085,#667);
#435=LINE('',#3089,#668);
#436=LINE('',#3091,#669);
#437=LINE('',#3093,#670);
#438=LINE('',#3097,#671);
#439=LINE('',#3099,#672);
#440=LINE('',#3101,#673);
#441=LINE('',#3104,#674);
#442=LINE('',#3107,#675);
#443=LINE('',#3110,#676);
#444=LINE('',#3113,#677);
#445=LINE('',#3114,#678);
#446=LINE('',#3117,#679);
#447=LINE('',#3118,#680);
#448=LINE('',#3121,#681);
#449=LINE('',#3122,#682);
#450=LINE('',#3125,#683);
#451=LINE('',#3129,#684);
#452=LINE('',#3130,#685);
#453=LINE('',#3133,#686);
#454=LINE('',#3134,#687);
#455=LINE('',#3137,#688);
#456=LINE('',#3138,#689);
#457=LINE('',#3141,#690);
#458=LINE('',#3145,#691);
#459=LINE('',#3146,#692);
#460=LINE('',#3149,#693);
#461=LINE('',#3150,#694);
#462=LINE('',#3153,#695);
#463=LINE('',#3154,#696);
#464=LINE('',#3157,#697);
#465=LINE('',#3161,#698);
#466=LINE('',#3162,#699);
#467=LINE('',#3165,#700);
#468=LINE('',#3166,#701);
#469=LINE('',#3169,#702);
#470=LINE('',#3170,#703);
#471=LINE('',#3173,#704);
#472=LINE('',#3177,#705);
#473=LINE('',#3178,#706);
#474=LINE('',#3181,#707);
#475=LINE('',#3182,#708);
#476=LINE('',#3185,#709);
#477=LINE('',#3186,#710);
#478=LINE('',#3189,#711);
#479=LINE('',#3193,#712);
#480=LINE('',#3194,#713);
#481=LINE('',#3197,#714);
#482=LINE('',#3198,#715);
#483=LINE('',#3201,#716);
#484=LINE('',#3202,#717);
#485=LINE('',#3205,#718);
#486=LINE('',#3209,#719);
#487=LINE('',#3210,#720);
#488=LINE('',#3213,#721);
#489=LINE('',#3214,#722);
#490=LINE('',#3217,#723);
#491=LINE('',#3218,#724);
#492=LINE('',#3221,#725);
#493=LINE('',#3225,#726);
#494=LINE('',#3226,#727);
#495=LINE('',#3229,#728);
#496=LINE('',#3230,#729);
#497=LINE('',#3233,#730);
#498=LINE('',#3234,#731);
#499=LINE('',#3237,#732);
#500=LINE('',#3241,#733);
#501=LINE('',#3242,#734);
#502=LINE('',#3245,#735);
#503=LINE('',#3246,#736);
#504=LINE('',#3249,#737);
#505=LINE('',#3250,#738);
#506=LINE('',#3253,#739);
#507=LINE('',#3257,#740);
#508=LINE('',#3258,#741);
#509=LINE('',#3263,#742);
#510=LINE('',#3266,#743);
#511=LINE('',#3270,#744);
#512=LINE('',#3273,#745);
#513=LINE('',#3276,#746);
#514=LINE('',#3279,#747);
#515=LINE('',#3282,#748);
#516=LINE('',#3285,#749);
#517=LINE('',#3288,#750);
#518=LINE('',#3291,#751);
#519=LINE('',#3294,#752);
#520=LINE('',#3297,#753);
#521=LINE('',#3300,#754);
#522=LINE('',#3303,#755);
#523=LINE('',#3306,#756);
#524=LINE('',#3309,#757);
#525=LINE('',#3312,#758);
#526=LINE('',#3315,#759);
#527=LINE('',#3318,#760);
#528=LINE('',#3321,#761);
#529=LINE('',#3324,#762);
#530=LINE('',#3327,#763);
#531=LINE('',#3328,#764);
#532=LINE('',#3331,#765);
#533=LINE('',#3332,#766);
#534=LINE('',#3334,#767);
#535=LINE('',#3337,#768);
#536=LINE('',#3338,#769);
#537=LINE('',#3341,#770);
#538=LINE('',#3342,#771);
#539=LINE('',#3344,#772);
#540=LINE('',#3347,#773);
#541=LINE('',#3348,#774);
#542=LINE('',#3351,#775);
#543=LINE('',#3352,#776);
#544=LINE('',#3354,#777);
#545=LINE('',#3357,#778);
#546=LINE('',#3358,#779);
#547=LINE('',#3361,#780);
#548=LINE('',#3362,#781);
#549=LINE('',#3364,#782);
#550=LINE('',#3367,#783);
#551=LINE('',#3368,#784);
#552=LINE('',#3370,#785);
#553=LINE('',#3373,#786);
#554=LINE('',#3374,#787);
#555=LINE('',#3377,#788);
#556=LINE('',#3378,#789);
#557=LINE('',#3380,#790);
#558=LINE('',#3383,#791);
#559=LINE('',#3384,#792);
#560=LINE('',#3387,#793);
#561=LINE('',#3388,#794);
#562=LINE('',#3390,#795);
#563=LINE('',#3393,#796);
#564=LINE('',#3394,#797);
#565=LINE('',#3397,#798);
#566=LINE('',#3398,#799);
#567=LINE('',#3400,#800);
#568=LINE('',#3403,#801);
#569=LINE('',#3404,#802);
#570=LINE('',#3407,#803);
#571=LINE('',#3408,#804);
#572=LINE('',#3410,#805);
#573=LINE('',#3413,#806);
#574=LINE('',#3414,#807);
#575=LINE('',#3417,#808);
#576=LINE('',#3418,#809);
#577=LINE('',#3420,#810);
#578=VECTOR('',#2259,10.);
#579=VECTOR('',#2260,10.);
#580=VECTOR('',#2261,10.);
#581=VECTOR('',#2262,10.);
#582=VECTOR('',#2269,10.);
#583=VECTOR('',#2272,10.);
#584=VECTOR('',#2273,10.);
#585=VECTOR('',#2274,10.);
#586=VECTOR('',#2285,10.);
#587=VECTOR('',#2288,10.);
#588=VECTOR('',#2291,10.);
#589=VECTOR('',#2292,10.);
#590=VECTOR('',#2293,10.);
#591=VECTOR('',#2300,10.);
#592=VECTOR('',#2303,10.);
#593=VECTOR('',#2304,10.);
#594=VECTOR('',#2307,10.);
#595=VECTOR('',#2308,10.);
#596=VECTOR('',#2309,10.);
#597=VECTOR('',#2310,10.);
#598=VECTOR('',#2317,10.);
#599=VECTOR('',#2320,10.);
#600=VECTOR('',#2321,10.);
#601=VECTOR('',#2322,10.);
#602=VECTOR('',#2331,10.);
#603=VECTOR('',#2332,10.);
#604=VECTOR('',#2333,10.);
#605=VECTOR('',#2334,10.);
#606=VECTOR('',#2341,10.);
#607=VECTOR('',#2344,10.);
#608=VECTOR('',#2345,10.);
#609=VECTOR('',#2346,10.);
#610=VECTOR('',#2355,10.);
#611=VECTOR('',#2356,10.);
#612=VECTOR('',#2357,10.);
#613=VECTOR('',#2358,10.);
#614=VECTOR('',#2365,10.);
#615=VECTOR('',#2368,10.);
#616=VECTOR('',#2369,10.);
#617=VECTOR('',#2370,10.);
#618=VECTOR('',#2387,10.);
#619=VECTOR('',#2388,10.);
#620=VECTOR('',#2391,10.);
#621=VECTOR('',#2392,10.);
#622=VECTOR('',#2393,10.);
#623=VECTOR('',#2396,10.);
#624=VECTOR('',#2397,10.);
#625=VECTOR('',#2398,10.);
#626=VECTOR('',#2401,10.);
#627=VECTOR('',#2402,10.);
#628=VECTOR('',#2403,10.);
#629=VECTOR('',#2406,10.);
#630=VECTOR('',#2407,10.);
#631=VECTOR('',#2408,10.);
#632=VECTOR('',#2411,10.);
#633=VECTOR('',#2412,10.);
#634=VECTOR('',#2413,10.);
#635=VECTOR('',#2416,10.);
#636=VECTOR('',#2417,10.);
#637=VECTOR('',#2418,10.);
#638=VECTOR('',#2421,10.);
#639=VECTOR('',#2422,10.);
#640=VECTOR('',#2423,10.);
#641=VECTOR('',#2426,10.);
#642=VECTOR('',#2427,10.);
#643=VECTOR('',#2428,10.);
#644=VECTOR('',#2431,10.);
#645=VECTOR('',#2432,10.);
#646=VECTOR('',#2433,10.);
#647=VECTOR('',#2436,10.);
#648=VECTOR('',#2437,10.);
#649=VECTOR('',#2438,10.);
#650=VECTOR('',#2441,10.);
#651=VECTOR('',#2442,10.);
#652=VECTOR('',#2443,10.);
#653=VECTOR('',#2446,10.);
#654=VECTOR('',#2447,10.);
#655=VECTOR('',#2448,10.);
#656=VECTOR('',#2451,10.);
#657=VECTOR('',#2452,10.);
#658=VECTOR('',#2453,10.);
#659=VECTOR('',#2456,10.);
#660=VECTOR('',#2457,10.);
#661=VECTOR('',#2458,10.);
#662=VECTOR('',#2461,10.);
#663=VECTOR('',#2462,10.);
#664=VECTOR('',#2463,10.);
#665=VECTOR('',#2466,10.);
#666=VECTOR('',#2467,10.);
#667=VECTOR('',#2468,10.);
#668=VECTOR('',#2471,10.);
#669=VECTOR('',#2472,10.);
#670=VECTOR('',#2473,10.);
#671=VECTOR('',#2476,10.);
#672=VECTOR('',#2477,10.);
#673=VECTOR('',#2478,10.);
#674=VECTOR('',#2481,10.);
#675=VECTOR('',#2484,10.);
#676=VECTOR('',#2487,10.);
#677=VECTOR('',#2490,10.);
#678=VECTOR('',#2491,10.);
#679=VECTOR('',#2494,10.);
#680=VECTOR('',#2495,10.);
#681=VECTOR('',#2498,10.);
#682=VECTOR('',#2499,10.);
#683=VECTOR('',#2502,10.);
#684=VECTOR('',#2507,10.);
#685=VECTOR('',#2508,10.);
#686=VECTOR('',#2511,10.);
#687=VECTOR('',#2512,10.);
#688=VECTOR('',#2515,10.);
#689=VECTOR('',#2516,10.);
#690=VECTOR('',#2519,10.);
#691=VECTOR('',#2524,10.);
#692=VECTOR('',#2525,10.);
#693=VECTOR('',#2528,10.);
#694=VECTOR('',#2529,10.);
#695=VECTOR('',#2532,10.);
#696=VECTOR('',#2533,10.);
#697=VECTOR('',#2536,10.);
#698=VECTOR('',#2541,10.);
#699=VECTOR('',#2542,10.);
#700=VECTOR('',#2545,10.);
#701=VECTOR('',#2546,10.);
#702=VECTOR('',#2549,10.);
#703=VECTOR('',#2550,10.);
#704=VECTOR('',#2553,10.);
#705=VECTOR('',#2558,10.);
#706=VECTOR('',#2559,10.);
#707=VECTOR('',#2562,10.);
#708=VECTOR('',#2563,10.);
#709=VECTOR('',#2566,10.);
#710=VECTOR('',#2567,10.);
#711=VECTOR('',#2570,10.);
#712=VECTOR('',#2575,10.);
#713=VECTOR('',#2576,10.);
#714=VECTOR('',#2579,10.);
#715=VECTOR('',#2580,10.);
#716=VECTOR('',#2583,10.);
#717=VECTOR('',#2584,10.);
#718=VECTOR('',#2587,10.);
#719=VECTOR('',#2592,10.);
#720=VECTOR('',#2593,10.);
#721=VECTOR('',#2596,10.);
#722=VECTOR('',#2597,10.);
#723=VECTOR('',#2600,10.);
#724=VECTOR('',#2601,10.);
#725=VECTOR('',#2604,10.);
#726=VECTOR('',#2609,10.);
#727=VECTOR('',#2610,10.);
#728=VECTOR('',#2613,10.);
#729=VECTOR('',#2614,10.);
#730=VECTOR('',#2617,10.);
#731=VECTOR('',#2618,10.);
#732=VECTOR('',#2621,10.);
#733=VECTOR('',#2626,10.);
#734=VECTOR('',#2627,10.);
#735=VECTOR('',#2630,10.);
#736=VECTOR('',#2631,10.);
#737=VECTOR('',#2634,10.);
#738=VECTOR('',#2635,10.);
#739=VECTOR('',#2638,10.);
#740=VECTOR('',#2643,10.);
#741=VECTOR('',#2644,10.);
#742=VECTOR('',#2649,37.95);
#743=VECTOR('',#2654,37.95);
#744=VECTOR('',#2659,5.75);
#745=VECTOR('',#2662,10.);
#746=VECTOR('',#2665,10.);
#747=VECTOR('',#2668,10.);
#748=VECTOR('',#2671,10.);
#749=VECTOR('',#2674,10.);
#750=VECTOR('',#2677,10.);
#751=VECTOR('',#2680,10.);
#752=VECTOR('',#2683,10.);
#753=VECTOR('',#2686,10.);
#754=VECTOR('',#2689,10.);
#755=VECTOR('',#2692,10.);
#756=VECTOR('',#2695,10.);
#757=VECTOR('',#2698,10.);
#758=VECTOR('',#2701,10.);
#759=VECTOR('',#2704,10.);
#760=VECTOR('',#2707,10.);
#761=VECTOR('',#2710,10.);
#762=VECTOR('',#2713,10.);
#763=VECTOR('',#2716,10.);
#764=VECTOR('',#2717,10.);
#765=VECTOR('',#2720,10.);
#766=VECTOR('',#2721,10.);
#767=VECTOR('',#2724,10.);
#768=VECTOR('',#2727,10.);
#769=VECTOR('',#2728,10.);
#770=VECTOR('',#2731,10.);
#771=VECTOR('',#2732,10.);
#772=VECTOR('',#2735,10.);
#773=VECTOR('',#2738,10.);
#774=VECTOR('',#2739,10.);
#775=VECTOR('',#2742,10.);
#776=VECTOR('',#2743,10.);
#777=VECTOR('',#2746,10.);
#778=VECTOR('',#2749,10.);
#779=VECTOR('',#2750,10.);
#780=VECTOR('',#2753,10.);
#781=VECTOR('',#2754,10.);
#782=VECTOR('',#2757,10.);
#783=VECTOR('',#2760,10.);
#784=VECTOR('',#2761,10.);
#785=VECTOR('',#2764,10.);
#786=VECTOR('',#2767,10.);
#787=VECTOR('',#2768,10.);
#788=VECTOR('',#2771,10.);
#789=VECTOR('',#2772,10.);
#790=VECTOR('',#2775,10.);
#791=VECTOR('',#2778,10.);
#792=VECTOR('',#2779,10.);
#793=VECTOR('',#2782,10.);
#794=VECTOR('',#2783,10.);
#795=VECTOR('',#2786,10.);
#796=VECTOR('',#2789,10.);
#797=VECTOR('',#2790,10.);
#798=VECTOR('',#2793,10.);
#799=VECTOR('',#2794,10.);
#800=VECTOR('',#2797,10.);
#801=VECTOR('',#2800,10.);
#802=VECTOR('',#2801,10.);
#803=VECTOR('',#2804,10.);
#804=VECTOR('',#2805,10.);
#805=VECTOR('',#2808,10.);
#806=VECTOR('',#2811,10.);
#807=VECTOR('',#2812,10.);
#808=VECTOR('',#2815,10.);
#809=VECTOR('',#2816,10.);
#810=VECTOR('',#2819,10.);
#811=VERTEX_POINT('',#2826);
#812=VERTEX_POINT('',#2827);
#813=VERTEX_POINT('',#2829);
#814=VERTEX_POINT('',#2831);
#815=VERTEX_POINT('',#2835);
#816=VERTEX_POINT('',#2837);
#817=VERTEX_POINT('',#2841);
#818=VERTEX_POINT('',#2843);
#819=VERTEX_POINT('',#2850);
#820=VERTEX_POINT('',#2851);
#821=VERTEX_POINT('',#2853);
#822=VERTEX_POINT('',#2855);
#823=VERTEX_POINT('',#2859);
#824=VERTEX_POINT('',#2861);
#825=VERTEX_POINT('',#2865);
#826=VERTEX_POINT('',#2867);
#827=VERTEX_POINT('',#2874);
#828=VERTEX_POINT('',#2875);
#829=VERTEX_POINT('',#2877);
#830=VERTEX_POINT('',#2879);
#831=VERTEX_POINT('',#2883);
#832=VERTEX_POINT('',#2885);
#833=VERTEX_POINT('',#2889);
#834=VERTEX_POINT('',#2891);
#835=VERTEX_POINT('',#2898);
#836=VERTEX_POINT('',#2899);
#837=VERTEX_POINT('',#2901);
#838=VERTEX_POINT('',#2903);
#839=VERTEX_POINT('',#2907);
#840=VERTEX_POINT('',#2909);
#841=VERTEX_POINT('',#2913);
#842=VERTEX_POINT('',#2915);
#843=VERTEX_POINT('',#2922);
#844=VERTEX_POINT('',#2923);
#845=VERTEX_POINT('',#2925);
#846=VERTEX_POINT('',#2927);
#847=VERTEX_POINT('',#2931);
#848=VERTEX_POINT('',#2933);
#849=VERTEX_POINT('',#2937);
#850=VERTEX_POINT('',#2939);
#851=VERTEX_POINT('',#2946);
#852=VERTEX_POINT('',#2948);
#853=VERTEX_POINT('',#2951);
#854=VERTEX_POINT('',#2953);
#855=VERTEX_POINT('',#2954);
#856=VERTEX_POINT('',#2956);
#857=VERTEX_POINT('',#2958);
#858=VERTEX_POINT('',#2960);
#859=VERTEX_POINT('',#2962);
#860=VERTEX_POINT('',#2964);
#861=VERTEX_POINT('',#2966);
#862=VERTEX_POINT('',#2968);
#863=VERTEX_POINT('',#2970);
#864=VERTEX_POINT('',#2972);
#865=VERTEX_POINT('',#2974);
#866=VERTEX_POINT('',#2976);
#867=VERTEX_POINT('',#2978);
#868=VERTEX_POINT('',#2980);
#869=VERTEX_POINT('',#2982);
#870=VERTEX_POINT('',#2984);
#871=VERTEX_POINT('',#2986);
#872=VERTEX_POINT('',#2988);
#873=VERTEX_POINT('',#2990);
#874=VERTEX_POINT('',#2992);
#875=VERTEX_POINT('',#2994);
#876=VERTEX_POINT('',#2996);
#877=VERTEX_POINT('',#2998);
#878=VERTEX_POINT('',#3000);
#879=VERTEX_POINT('',#3002);
#880=VERTEX_POINT('',#3004);
#881=VERTEX_POINT('',#3006);
#882=VERTEX_POINT('',#3008);
#883=VERTEX_POINT('',#3010);
#884=VERTEX_POINT('',#3012);
#885=VERTEX_POINT('',#3014);
#886=VERTEX_POINT('',#3016);
#887=VERTEX_POINT('',#3018);
#888=VERTEX_POINT('',#3020);
#889=VERTEX_POINT('',#3022);
#890=VERTEX_POINT('',#3024);
#891=VERTEX_POINT('',#3026);
#892=VERTEX_POINT('',#3028);
#893=VERTEX_POINT('',#3030);
#894=VERTEX_POINT('',#3032);
#895=VERTEX_POINT('',#3034);
#896=VERTEX_POINT('',#3036);
#897=VERTEX_POINT('',#3038);
#898=VERTEX_POINT('',#3040);
#899=VERTEX_POINT('',#3042);
#900=VERTEX_POINT('',#3044);
#901=VERTEX_POINT('',#3046);
#902=VERTEX_POINT('',#3048);
#903=VERTEX_POINT('',#3050);
#904=VERTEX_POINT('',#3052);
#905=VERTEX_POINT('',#3054);
#906=VERTEX_POINT('',#3056);
#907=VERTEX_POINT('',#3058);
#908=VERTEX_POINT('',#3060);
#909=VERTEX_POINT('',#3062);
#910=VERTEX_POINT('',#3064);
#911=VERTEX_POINT('',#3066);
#912=VERTEX_POINT('',#3068);
#913=VERTEX_POINT('',#3070);
#914=VERTEX_POINT('',#3072);
#915=VERTEX_POINT('',#3074);
#916=VERTEX_POINT('',#3076);
#917=VERTEX_POINT('',#3078);
#918=VERTEX_POINT('',#3080);
#919=VERTEX_POINT('',#3082);
#920=VERTEX_POINT('',#3084);
#921=VERTEX_POINT('',#3086);
#922=VERTEX_POINT('',#3088);
#923=VERTEX_POINT('',#3090);
#924=VERTEX_POINT('',#3092);
#925=VERTEX_POINT('',#3094);
#926=VERTEX_POINT('',#3096);
#927=VERTEX_POINT('',#3098);
#928=VERTEX_POINT('',#3100);
#929=VERTEX_POINT('',#3102);
#930=VERTEX_POINT('',#3106);
#931=VERTEX_POINT('',#3108);
#932=VERTEX_POINT('',#3112);
#933=VERTEX_POINT('',#3116);
#934=VERTEX_POINT('',#3120);
#935=VERTEX_POINT('',#3124);
#936=VERTEX_POINT('',#3128);
#937=VERTEX_POINT('',#3132);
#938=VERTEX_POINT('',#3136);
#939=VERTEX_POINT('',#3140);
#940=VERTEX_POINT('',#3144);
#941=VERTEX_POINT('',#3148);
#942=VERTEX_POINT('',#3152);
#943=VERTEX_POINT('',#3156);
#944=VERTEX_POINT('',#3160);
#945=VERTEX_POINT('',#3164);
#946=VERTEX_POINT('',#3168);
#947=VERTEX_POINT('',#3172);
#948=VERTEX_POINT('',#3176);
#949=VERTEX_POINT('',#3180);
#950=VERTEX_POINT('',#3184);
#951=VERTEX_POINT('',#3188);
#952=VERTEX_POINT('',#3192);
#953=VERTEX_POINT('',#3196);
#954=VERTEX_POINT('',#3200);
#955=VERTEX_POINT('',#3204);
#956=VERTEX_POINT('',#3208);
#957=VERTEX_POINT('',#3212);
#958=VERTEX_POINT('',#3216);
#959=VERTEX_POINT('',#3220);
#960=VERTEX_POINT('',#3224);
#961=VERTEX_POINT('',#3228);
#962=VERTEX_POINT('',#3232);
#963=VERTEX_POINT('',#3236);
#964=VERTEX_POINT('',#3240);
#965=VERTEX_POINT('',#3244);
#966=VERTEX_POINT('',#3248);
#967=VERTEX_POINT('',#3252);
#968=VERTEX_POINT('',#3256);
#969=VERTEX_POINT('',#3260);
#970=VERTEX_POINT('',#3262);
#971=VERTEX_POINT('',#3268);
#972=VERTEX_POINT('',#3272);
#973=VERTEX_POINT('',#3274);
#974=VERTEX_POINT('',#3278);
#975=VERTEX_POINT('',#3280);
#976=VERTEX_POINT('',#3284);
#977=VERTEX_POINT('',#3286);
#978=VERTEX_POINT('',#3290);
#979=VERTEX_POINT('',#3292);
#980=VERTEX_POINT('',#3296);
#981=VERTEX_POINT('',#3298);
#982=VERTEX_POINT('',#3302);
#983=VERTEX_POINT('',#3304);
#984=VERTEX_POINT('',#3308);
#985=VERTEX_POINT('',#3310);
#986=VERTEX_POINT('',#3314);
#987=VERTEX_POINT('',#3316);
#988=VERTEX_POINT('',#3320);
#989=VERTEX_POINT('',#3322);
#990=VERTEX_POINT('',#3326);
#991=VERTEX_POINT('',#3330);
#992=VERTEX_POINT('',#3336);
#993=VERTEX_POINT('',#3340);
#994=VERTEX_POINT('',#3346);
#995=VERTEX_POINT('',#3350);
#996=VERTEX_POINT('',#3356);
#997=VERTEX_POINT('',#3360);
#998=VERTEX_POINT('',#3366);
#999=VERTEX_POINT('',#3372);
#1000=VERTEX_POINT('',#3376);
#1001=VERTEX_POINT('',#3382);
#1002=VERTEX_POINT('',#3386);
#1003=VERTEX_POINT('',#3392);
#1004=VERTEX_POINT('',#3396);
#1005=VERTEX_POINT('',#3402);
#1006=VERTEX_POINT('',#3406);
#1007=VERTEX_POINT('',#3412);
#1008=VERTEX_POINT('',#3416);
#1009=EDGE_CURVE('',#811,#812,#345,.T.);
#1010=EDGE_CURVE('',#813,#811,#346,.T.);
#1011=EDGE_CURVE('',#814,#813,#347,.T.);
#1012=EDGE_CURVE('',#814,#812,#348,.T.);
#1013=EDGE_CURVE('',#812,#815,#29,.T.);
#1014=EDGE_CURVE('',#816,#814,#30,.T.);
#1015=EDGE_CURVE('',#816,#815,#349,.T.);
#1016=EDGE_CURVE('',#815,#817,#350,.T.);
#1017=EDGE_CURVE('',#818,#816,#351,.T.);
#1018=EDGE_CURVE('',#818,#817,#352,.T.);
#1019=EDGE_CURVE('',#817,#811,#31,.T.);
#1020=EDGE_CURVE('',#813,#818,#32,.T.);
#1021=EDGE_CURVE('',#819,#820,#33,.T.);
#1022=EDGE_CURVE('',#821,#819,#353,.T.);
#1023=EDGE_CURVE('',#822,#821,#34,.T.);
#1024=EDGE_CURVE('',#822,#820,#354,.T.);
#1025=EDGE_CURVE('',#820,#823,#355,.T.);
#1026=EDGE_CURVE('',#824,#822,#356,.T.);
#1027=EDGE_CURVE('',#824,#823,#357,.T.);
#1028=EDGE_CURVE('',#823,#825,#35,.T.);
#1029=EDGE_CURVE('',#826,#824,#36,.T.);
#1030=EDGE_CURVE('',#826,#825,#358,.T.);
#1031=EDGE_CURVE('',#825,#819,#359,.T.);
#1032=EDGE_CURVE('',#821,#826,#360,.T.);
#1033=EDGE_CURVE('',#827,#828,#361,.T.);
#1034=EDGE_CURVE('',#829,#827,#362,.T.);
#1035=EDGE_CURVE('',#830,#829,#363,.T.);
#1036=EDGE_CURVE('',#830,#828,#364,.T.);
#1037=EDGE_CURVE('',#828,#831,#37,.T.);
#1038=EDGE_CURVE('',#832,#830,#38,.T.);
#1039=EDGE_CURVE('',#832,#831,#365,.T.);
#1040=EDGE_CURVE('',#831,#833,#366,.T.);
#1041=EDGE_CURVE('',#834,#832,#367,.T.);
#1042=EDGE_CURVE('',#834,#833,#368,.T.);
#1043=EDGE_CURVE('',#833,#827,#39,.T.);
#1044=EDGE_CURVE('',#829,#834,#40,.T.);
#1045=EDGE_CURVE('',#835,#836,#369,.T.);
#1046=EDGE_CURVE('',#837,#835,#370,.T.);
#1047=EDGE_CURVE('',#838,#837,#371,.T.);
#1048=EDGE_CURVE('',#838,#836,#372,.T.);
#1049=EDGE_CURVE('',#836,#839,#41,.T.);
#1050=EDGE_CURVE('',#840,#838,#42,.T.);
#1051=EDGE_CURVE('',#840,#839,#373,.T.);
#1052=EDGE_CURVE('',#839,#841,#374,.T.);
#1053=EDGE_CURVE('',#842,#840,#375,.T.);
#1054=EDGE_CURVE('',#842,#841,#376,.T.);
#1055=EDGE_CURVE('',#841,#835,#43,.T.);
#1056=EDGE_CURVE('',#837,#842,#44,.T.);
#1057=EDGE_CURVE('',#843,#844,#377,.T.);
#1058=EDGE_CURVE('',#845,#843,#378,.T.);
#1059=EDGE_CURVE('',#846,#845,#379,.T.);
#1060=EDGE_CURVE('',#846,#844,#380,.T.);
#1061=EDGE_CURVE('',#844,#847,#45,.T.);
#1062=EDGE_CURVE('',#848,#846,#46,.T.);
#1063=EDGE_CURVE('',#848,#847,#381,.T.);
#1064=EDGE_CURVE('',#847,#849,#382,.T.);
#1065=EDGE_CURVE('',#850,#848,#383,.T.);
#1066=EDGE_CURVE('',#850,#849,#384,.T.);
#1067=EDGE_CURVE('',#849,#843,#47,.T.);
#1068=EDGE_CURVE('',#845,#850,#48,.T.);
#1069=EDGE_CURVE('',#851,#851,#49,.T.);
#1070=EDGE_CURVE('',#852,#852,#50,.T.);
#1071=EDGE_CURVE('',#853,#853,#51,.T.);
#1072=EDGE_CURVE('',#854,#855,#385,.T.);
#1073=EDGE_CURVE('',#856,#854,#386,.T.);
#1074=EDGE_CURVE('',#857,#856,#52,.T.);
#1075=EDGE_CURVE('',#858,#857,#387,.T.);
#1076=EDGE_CURVE('',#859,#858,#388,.T.);
#1077=EDGE_CURVE('',#860,#859,#389,.T.);
#1078=EDGE_CURVE('',#861,#860,#53,.T.);
#1079=EDGE_CURVE('',#862,#861,#390,.T.);
#1080=EDGE_CURVE('',#863,#862,#391,.T.);
#1081=EDGE_CURVE('',#864,#863,#392,.T.);
#1082=EDGE_CURVE('',#865,#864,#54,.T.);
#1083=EDGE_CURVE('',#866,#865,#393,.T.);
#1084=EDGE_CURVE('',#867,#866,#394,.T.);
#1085=EDGE_CURVE('',#868,#867,#395,.T.);
#1086=EDGE_CURVE('',#869,#868,#55,.T.);
#1087=EDGE_CURVE('',#870,#869,#396,.T.);
#1088=EDGE_CURVE('',#871,#870,#397,.T.);
#1089=EDGE_CURVE('',#872,#871,#398,.T.);
#1090=EDGE_CURVE('',#873,#872,#56,.T.);
#1091=EDGE_CURVE('',#874,#873,#399,.T.);
#1092=EDGE_CURVE('',#875,#874,#400,.T.);
#1093=EDGE_CURVE('',#876,#875,#401,.T.);
#1094=EDGE_CURVE('',#877,#876,#57,.T.);
#1095=EDGE_CURVE('',#878,#877,#402,.T.);
#1096=EDGE_CURVE('',#879,#878,#403,.T.);
#1097=EDGE_CURVE('',#880,#879,#404,.T.);
#1098=EDGE_CURVE('',#881,#880,#58,.T.);
#1099=EDGE_CURVE('',#882,#881,#405,.T.);
#1100=EDGE_CURVE('',#883,#882,#406,.T.);
#1101=EDGE_CURVE('',#884,#883,#407,.T.);
#1102=EDGE_CURVE('',#885,#884,#59,.T.);
#1103=EDGE_CURVE('',#886,#885,#408,.T.);
#1104=EDGE_CURVE('',#887,#886,#409,.T.);
#1105=EDGE_CURVE('',#888,#887,#410,.T.);
#1106=EDGE_CURVE('',#889,#888,#60,.T.);
#1107=EDGE_CURVE('',#890,#889,#411,.T.);
#1108=EDGE_CURVE('',#891,#890,#412,.T.);
#1109=EDGE_CURVE('',#892,#891,#413,.T.);
#1110=EDGE_CURVE('',#893,#892,#61,.T.);
#1111=EDGE_CURVE('',#894,#893,#414,.T.);
#1112=EDGE_CURVE('',#895,#894,#415,.T.);
#1113=EDGE_CURVE('',#896,#895,#416,.T.);
#1114=EDGE_CURVE('',#897,#896,#62,.T.);
#1115=EDGE_CURVE('',#898,#897,#417,.T.);
#1116=EDGE_CURVE('',#899,#898,#418,.T.);
#1117=EDGE_CURVE('',#900,#899,#419,.T.);
#1118=EDGE_CURVE('',#901,#900,#63,.T.);
#1119=EDGE_CURVE('',#902,#901,#420,.T.);
#1120=EDGE_CURVE('',#903,#902,#421,.T.);
#1121=EDGE_CURVE('',#904,#903,#422,.T.);
#1122=EDGE_CURVE('',#905,#904,#64,.T.);
#1123=EDGE_CURVE('',#906,#905,#423,.T.);
#1124=EDGE_CURVE('',#907,#906,#424,.T.);
#1125=EDGE_CURVE('',#908,#907,#425,.T.);
#1126=EDGE_CURVE('',#909,#908,#65,.T.);
#1127=EDGE_CURVE('',#910,#909,#426,.T.);
#1128=EDGE_CURVE('',#911,#910,#427,.T.);
#1129=EDGE_CURVE('',#912,#911,#428,.T.);
#1130=EDGE_CURVE('',#913,#912,#66,.T.);
#1131=EDGE_CURVE('',#914,#913,#429,.T.);
#1132=EDGE_CURVE('',#915,#914,#430,.T.);
#1133=EDGE_CURVE('',#916,#915,#431,.T.);
#1134=EDGE_CURVE('',#917,#916,#67,.T.);
#1135=EDGE_CURVE('',#918,#917,#432,.T.);
#1136=EDGE_CURVE('',#919,#918,#433,.T.);
#1137=EDGE_CURVE('',#920,#919,#434,.T.);
#1138=EDGE_CURVE('',#921,#920,#68,.T.);
#1139=EDGE_CURVE('',#922,#921,#435,.T.);
#1140=EDGE_CURVE('',#923,#922,#436,.T.);
#1141=EDGE_CURVE('',#924,#923,#437,.T.);
#1142=EDGE_CURVE('',#925,#924,#69,.T.);
#1143=EDGE_CURVE('',#926,#925,#438,.T.);
#1144=EDGE_CURVE('',#927,#926,#439,.T.);
#1145=EDGE_CURVE('',#928,#927,#440,.T.);
#1146=EDGE_CURVE('',#929,#928,#70,.T.);
#1147=EDGE_CURVE('',#855,#929,#441,.T.);
#1148=EDGE_CURVE('',#930,#892,#442,.F.);
#1149=EDGE_CURVE('',#931,#930,#71,.F.);
#1150=EDGE_CURVE('',#931,#893,#443,.T.);
#1151=EDGE_CURVE('',#932,#891,#444,.F.);
#1152=EDGE_CURVE('',#932,#930,#445,.T.);
#1153=EDGE_CURVE('',#933,#890,#446,.F.);
#1154=EDGE_CURVE('',#933,#932,#447,.T.);
#1155=EDGE_CURVE('',#934,#889,#448,.T.);
#1156=EDGE_CURVE('',#934,#933,#449,.T.);
#1157=EDGE_CURVE('',#935,#888,#450,.F.);
#1158=EDGE_CURVE('',#934,#935,#72,.F.);
#1159=EDGE_CURVE('',#936,#887,#451,.F.);
#1160=EDGE_CURVE('',#936,#935,#452,.T.);
#1161=EDGE_CURVE('',#937,#886,#453,.F.);
#1162=EDGE_CURVE('',#937,#936,#454,.T.);
#1163=EDGE_CURVE('',#938,#885,#455,.T.);
#1164=EDGE_CURVE('',#938,#937,#456,.T.);
#1165=EDGE_CURVE('',#939,#884,#457,.F.);
#1166=EDGE_CURVE('',#938,#939,#73,.F.);
#1167=EDGE_CURVE('',#940,#883,#458,.F.);
#1168=EDGE_CURVE('',#940,#939,#459,.T.);
#1169=EDGE_CURVE('',#941,#882,#460,.F.);
#1170=EDGE_CURVE('',#941,#940,#461,.T.);
#1171=EDGE_CURVE('',#942,#881,#462,.T.);
#1172=EDGE_CURVE('',#942,#941,#463,.T.);
#1173=EDGE_CURVE('',#943,#880,#464,.F.);
#1174=EDGE_CURVE('',#942,#943,#74,.F.);
#1175=EDGE_CURVE('',#944,#879,#465,.F.);
#1176=EDGE_CURVE('',#944,#943,#466,.T.);
#1177=EDGE_CURVE('',#945,#878,#467,.F.);
#1178=EDGE_CURVE('',#945,#944,#468,.T.);
#1179=EDGE_CURVE('',#946,#877,#469,.T.);
#1180=EDGE_CURVE('',#946,#945,#470,.T.);
#1181=EDGE_CURVE('',#947,#876,#471,.F.);
#1182=EDGE_CURVE('',#946,#947,#75,.F.);
#1183=EDGE_CURVE('',#948,#875,#472,.F.);
#1184=EDGE_CURVE('',#948,#947,#473,.T.);
#1185=EDGE_CURVE('',#949,#874,#474,.F.);
#1186=EDGE_CURVE('',#949,#948,#475,.T.);
#1187=EDGE_CURVE('',#950,#873,#476,.T.);
#1188=EDGE_CURVE('',#950,#949,#477,.T.);
#1189=EDGE_CURVE('',#951,#872,#478,.F.);
#1190=EDGE_CURVE('',#950,#951,#76,.F.);
#1191=EDGE_CURVE('',#952,#871,#479,.F.);
#1192=EDGE_CURVE('',#952,#951,#480,.T.);
#1193=EDGE_CURVE('',#953,#870,#481,.F.);
#1194=EDGE_CURVE('',#953,#952,#482,.T.);
#1195=EDGE_CURVE('',#954,#869,#483,.T.);
#1196=EDGE_CURVE('',#954,#953,#484,.T.);
#1197=EDGE_CURVE('',#955,#868,#485,.F.);
#1198=EDGE_CURVE('',#954,#955,#77,.F.);
#1199=EDGE_CURVE('',#956,#867,#486,.F.);
#1200=EDGE_CURVE('',#956,#955,#487,.T.);
#1201=EDGE_CURVE('',#957,#866,#488,.F.);
#1202=EDGE_CURVE('',#957,#956,#489,.T.);
#1203=EDGE_CURVE('',#958,#865,#490,.T.);
#1204=EDGE_CURVE('',#958,#957,#491,.T.);
#1205=EDGE_CURVE('',#959,#864,#492,.F.);
#1206=EDGE_CURVE('',#958,#959,#78,.F.);
#1207=EDGE_CURVE('',#960,#863,#493,.F.);
#1208=EDGE_CURVE('',#960,#959,#494,.T.);
#1209=EDGE_CURVE('',#961,#862,#495,.F.);
#1210=EDGE_CURVE('',#961,#960,#496,.T.);
#1211=EDGE_CURVE('',#962,#861,#497,.T.);
#1212=EDGE_CURVE('',#962,#961,#498,.T.);
#1213=EDGE_CURVE('',#963,#860,#499,.F.);
#1214=EDGE_CURVE('',#962,#963,#79,.F.);
#1215=EDGE_CURVE('',#964,#859,#500,.F.);
#1216=EDGE_CURVE('',#964,#963,#501,.T.);
#1217=EDGE_CURVE('',#965,#858,#502,.F.);
#1218=EDGE_CURVE('',#965,#964,#503,.T.);
#1219=EDGE_CURVE('',#966,#857,#504,.T.);
#1220=EDGE_CURVE('',#966,#965,#505,.T.);
#1221=EDGE_CURVE('',#967,#856,#506,.F.);
#1222=EDGE_CURVE('',#966,#967,#80,.F.);
#1223=EDGE_CURVE('',#968,#854,#507,.F.);
#1224=EDGE_CURVE('',#968,#967,#508,.T.);
#1225=EDGE_CURVE('',#969,#969,#81,.T.);
#1226=EDGE_CURVE('',#969,#970,#509,.T.);
#1227=EDGE_CURVE('',#970,#970,#82,.F.);
#1228=EDGE_CURVE('',#851,#853,#510,.T.);
#1229=EDGE_CURVE('',#971,#971,#83,.T.);
#1230=EDGE_CURVE('',#971,#852,#511,.T.);
#1231=EDGE_CURVE('',#972,#908,#512,.F.);
#1232=EDGE_CURVE('',#973,#972,#84,.F.);
#1233=EDGE_CURVE('',#973,#909,#513,.T.);
#1234=EDGE_CURVE('',#974,#912,#514,.F.);
#1235=EDGE_CURVE('',#975,#974,#85,.F.);
#1236=EDGE_CURVE('',#975,#913,#515,.T.);
#1237=EDGE_CURVE('',#976,#904,#516,.F.);
#1238=EDGE_CURVE('',#977,#976,#86,.F.);
#1239=EDGE_CURVE('',#977,#905,#517,.T.);
#1240=EDGE_CURVE('',#978,#900,#518,.F.);
#1241=EDGE_CURVE('',#979,#978,#87,.F.);
#1242=EDGE_CURVE('',#979,#901,#519,.T.);
#1243=EDGE_CURVE('',#980,#896,#520,.F.);
#1244=EDGE_CURVE('',#981,#980,#88,.F.);
#1245=EDGE_CURVE('',#981,#897,#521,.T.);
#1246=EDGE_CURVE('',#982,#928,#522,.F.);
#1247=EDGE_CURVE('',#983,#982,#89,.F.);
#1248=EDGE_CURVE('',#983,#929,#523,.T.);
#1249=EDGE_CURVE('',#984,#924,#524,.F.);
#1250=EDGE_CURVE('',#985,#984,#90,.F.);
#1251=EDGE_CURVE('',#985,#925,#525,.T.);
#1252=EDGE_CURVE('',#986,#920,#526,.F.);
#1253=EDGE_CURVE('',#987,#986,#91,.F.);
#1254=EDGE_CURVE('',#987,#921,#527,.T.);
#1255=EDGE_CURVE('',#988,#916,#528,.F.);
#1256=EDGE_CURVE('',#989,#988,#92,.F.);
#1257=EDGE_CURVE('',#989,#917,#529,.T.);
#1258=EDGE_CURVE('',#975,#990,#530,.T.);
#1259=EDGE_CURVE('',#990,#914,#531,.T.);
#1260=EDGE_CURVE('',#990,#991,#532,.T.);
#1261=EDGE_CURVE('',#991,#915,#533,.F.);
#1262=EDGE_CURVE('',#991,#988,#534,.T.);
#1263=EDGE_CURVE('',#989,#992,#535,.T.);
#1264=EDGE_CURVE('',#992,#918,#536,.F.);
#1265=EDGE_CURVE('',#992,#993,#537,.T.);
#1266=EDGE_CURVE('',#993,#919,#538,.F.);
#1267=EDGE_CURVE('',#993,#986,#539,.T.);
#1268=EDGE_CURVE('',#987,#994,#540,.T.);
#1269=EDGE_CURVE('',#994,#922,#541,.F.);
#1270=EDGE_CURVE('',#994,#995,#542,.T.);
#1271=EDGE_CURVE('',#995,#923,#543,.F.);
#1272=EDGE_CURVE('',#995,#984,#544,.T.);
#1273=EDGE_CURVE('',#985,#996,#545,.T.);
#1274=EDGE_CURVE('',#996,#926,#546,.F.);
#1275=EDGE_CURVE('',#996,#997,#547,.T.);
#1276=EDGE_CURVE('',#997,#927,#548,.F.);
#1277=EDGE_CURVE('',#997,#982,#549,.T.);
#1278=EDGE_CURVE('',#983,#998,#550,.T.);
#1279=EDGE_CURVE('',#998,#855,#551,.F.);
#1280=EDGE_CURVE('',#998,#968,#552,.T.);
#1281=EDGE_CURVE('',#931,#999,#553,.T.);
#1282=EDGE_CURVE('',#999,#894,#554,.F.);
#1283=EDGE_CURVE('',#999,#1000,#555,.T.);
#1284=EDGE_CURVE('',#1000,#895,#556,.F.);
#1285=EDGE_CURVE('',#1000,#980,#557,.T.);
#1286=EDGE_CURVE('',#981,#1001,#558,.T.);
#1287=EDGE_CURVE('',#1001,#898,#559,.F.);
#1288=EDGE_CURVE('',#1001,#1002,#560,.T.);
#1289=EDGE_CURVE('',#1002,#899,#561,.F.);
#1290=EDGE_CURVE('',#1002,#978,#562,.T.);
#1291=EDGE_CURVE('',#979,#1003,#563,.T.);
#1292=EDGE_CURVE('',#1003,#902,#564,.F.);
#1293=EDGE_CURVE('',#1003,#1004,#565,.T.);
#1294=EDGE_CURVE('',#1004,#903,#566,.F.);
#1295=EDGE_CURVE('',#1004,#976,#567,.T.);
#1296=EDGE_CURVE('',#977,#1005,#568,.T.);
#1297=EDGE_CURVE('',#1005,#906,#569,.T.);
#1298=EDGE_CURVE('',#1005,#1006,#570,.T.);
#1299=EDGE_CURVE('',#1006,#907,#571,.T.);
#1300=EDGE_CURVE('',#1006,#972,#572,.T.);
#1301=EDGE_CURVE('',#973,#1007,#573,.T.);
#1302=EDGE_CURVE('',#1007,#910,#574,.T.);
#1303=EDGE_CURVE('',#1007,#1008,#575,.T.);
#1304=EDGE_CURVE('',#1008,#911,#576,.T.);
#1305=EDGE_CURVE('',#1008,#974,#577,.T.);
#1306=ORIENTED_EDGE('',*,*,#1009,.F.);
#1307=ORIENTED_EDGE('',*,*,#1010,.F.);
#1308=ORIENTED_EDGE('',*,*,#1011,.F.);
#1309=ORIENTED_EDGE('',*,*,#1012,.T.);
#1310=ORIENTED_EDGE('',*,*,#1013,.F.);
#1311=ORIENTED_EDGE('',*,*,#1012,.F.);
#1312=ORIENTED_EDGE('',*,*,#1014,.F.);
#1313=ORIENTED_EDGE('',*,*,#1015,.T.);
#1314=ORIENTED_EDGE('',*,*,#1016,.F.);
#1315=ORIENTED_EDGE('',*,*,#1015,.F.);
#1316=ORIENTED_EDGE('',*,*,#1017,.F.);
#1317=ORIENTED_EDGE('',*,*,#1018,.T.);
#1318=ORIENTED_EDGE('',*,*,#1019,.F.);
#1319=ORIENTED_EDGE('',*,*,#1018,.F.);
#1320=ORIENTED_EDGE('',*,*,#1020,.F.);
#1321=ORIENTED_EDGE('',*,*,#1010,.T.);
#1322=ORIENTED_EDGE('',*,*,#1021,.F.);
#1323=ORIENTED_EDGE('',*,*,#1022,.F.);
#1324=ORIENTED_EDGE('',*,*,#1023,.F.);
#1325=ORIENTED_EDGE('',*,*,#1024,.T.);
#1326=ORIENTED_EDGE('',*,*,#1025,.F.);
#1327=ORIENTED_EDGE('',*,*,#1024,.F.);
#1328=ORIENTED_EDGE('',*,*,#1026,.F.);
#1329=ORIENTED_EDGE('',*,*,#1027,.T.);
#1330=ORIENTED_EDGE('',*,*,#1028,.F.);
#1331=ORIENTED_EDGE('',*,*,#1027,.F.);
#1332=ORIENTED_EDGE('',*,*,#1029,.F.);
#1333=ORIENTED_EDGE('',*,*,#1030,.T.);
#1334=ORIENTED_EDGE('',*,*,#1031,.F.);
#1335=ORIENTED_EDGE('',*,*,#1030,.F.);
#1336=ORIENTED_EDGE('',*,*,#1032,.F.);
#1337=ORIENTED_EDGE('',*,*,#1022,.T.);
#1338=ORIENTED_EDGE('',*,*,#1033,.F.);
#1339=ORIENTED_EDGE('',*,*,#1034,.F.);
#1340=ORIENTED_EDGE('',*,*,#1035,.F.);
#1341=ORIENTED_EDGE('',*,*,#1036,.T.);
#1342=ORIENTED_EDGE('',*,*,#1037,.F.);
#1343=ORIENTED_EDGE('',*,*,#1036,.F.);
#1344=ORIENTED_EDGE('',*,*,#1038,.F.);
#1345=ORIENTED_EDGE('',*,*,#1039,.T.);
#1346=ORIENTED_EDGE('',*,*,#1040,.F.);
#1347=ORIENTED_EDGE('',*,*,#1039,.F.);
#1348=ORIENTED_EDGE('',*,*,#1041,.F.);
#1349=ORIENTED_EDGE('',*,*,#1042,.T.);
#1350=ORIENTED_EDGE('',*,*,#1043,.F.);
#1351=ORIENTED_EDGE('',*,*,#1042,.F.);
#1352=ORIENTED_EDGE('',*,*,#1044,.F.);
#1353=ORIENTED_EDGE('',*,*,#1034,.T.);
#1354=ORIENTED_EDGE('',*,*,#1045,.F.);
#1355=ORIENTED_EDGE('',*,*,#1046,.F.);
#1356=ORIENTED_EDGE('',*,*,#1047,.F.);
#1357=ORIENTED_EDGE('',*,*,#1048,.T.);
#1358=ORIENTED_EDGE('',*,*,#1049,.F.);
#1359=ORIENTED_EDGE('',*,*,#1048,.F.);
#1360=ORIENTED_EDGE('',*,*,#1050,.F.);
#1361=ORIENTED_EDGE('',*,*,#1051,.T.);
#1362=ORIENTED_EDGE('',*,*,#1052,.F.);
#1363=ORIENTED_EDGE('',*,*,#1051,.F.);
#1364=ORIENTED_EDGE('',*,*,#1053,.F.);
#1365=ORIENTED_EDGE('',*,*,#1054,.T.);
#1366=ORIENTED_EDGE('',*,*,#1055,.F.);
#1367=ORIENTED_EDGE('',*,*,#1054,.F.);
#1368=ORIENTED_EDGE('',*,*,#1056,.F.);
#1369=ORIENTED_EDGE('',*,*,#1046,.T.);
#1370=ORIENTED_EDGE('',*,*,#1057,.F.);
#1371=ORIENTED_EDGE('',*,*,#1058,.F.);
#1372=ORIENTED_EDGE('',*,*,#1059,.F.);
#1373=ORIENTED_EDGE('',*,*,#1060,.T.);
#1374=ORIENTED_EDGE('',*,*,#1061,.F.);
#1375=ORIENTED_EDGE('',*,*,#1060,.F.);
#1376=ORIENTED_EDGE('',*,*,#1062,.F.);
#1377=ORIENTED_EDGE('',*,*,#1063,.T.);
#1378=ORIENTED_EDGE('',*,*,#1064,.F.);
#1379=ORIENTED_EDGE('',*,*,#1063,.F.);
#1380=ORIENTED_EDGE('',*,*,#1065,.F.);
#1381=ORIENTED_EDGE('',*,*,#1066,.T.);
#1382=ORIENTED_EDGE('',*,*,#1067,.F.);
#1383=ORIENTED_EDGE('',*,*,#1066,.F.);
#1384=ORIENTED_EDGE('',*,*,#1068,.F.);
#1385=ORIENTED_EDGE('',*,*,#1058,.T.);
#1386=ORIENTED_EDGE('',*,*,#1069,.F.);
#1387=ORIENTED_EDGE('',*,*,#1070,.F.);
#1388=ORIENTED_EDGE('',*,*,#1059,.T.);
#1389=ORIENTED_EDGE('',*,*,#1068,.T.);
#1390=ORIENTED_EDGE('',*,*,#1065,.T.);
#1391=ORIENTED_EDGE('',*,*,#1062,.T.);
#1392=ORIENTED_EDGE('',*,*,#1047,.T.);
#1393=ORIENTED_EDGE('',*,*,#1056,.T.);
#1394=ORIENTED_EDGE('',*,*,#1053,.T.);
#1395=ORIENTED_EDGE('',*,*,#1050,.T.);
#1396=ORIENTED_EDGE('',*,*,#1035,.T.);
#1397=ORIENTED_EDGE('',*,*,#1044,.T.);
#1398=ORIENTED_EDGE('',*,*,#1041,.T.);
#1399=ORIENTED_EDGE('',*,*,#1038,.T.);
#1400=ORIENTED_EDGE('',*,*,#1023,.T.);
#1401=ORIENTED_EDGE('',*,*,#1032,.T.);
#1402=ORIENTED_EDGE('',*,*,#1029,.T.);
#1403=ORIENTED_EDGE('',*,*,#1026,.T.);
#1404=ORIENTED_EDGE('',*,*,#1011,.T.);
#1405=ORIENTED_EDGE('',*,*,#1020,.T.);
#1406=ORIENTED_EDGE('',*,*,#1017,.T.);
#1407=ORIENTED_EDGE('',*,*,#1014,.T.);
#1408=ORIENTED_EDGE('',*,*,#1071,.T.);
#1409=ORIENTED_EDGE('',*,*,#1072,.F.);
#1410=ORIENTED_EDGE('',*,*,#1073,.F.);
#1411=ORIENTED_EDGE('',*,*,#1074,.F.);
#1412=ORIENTED_EDGE('',*,*,#1075,.F.);
#1413=ORIENTED_EDGE('',*,*,#1076,.F.);
#1414=ORIENTED_EDGE('',*,*,#1077,.F.);
#1415=ORIENTED_EDGE('',*,*,#1078,.F.);
#1416=ORIENTED_EDGE('',*,*,#1079,.F.);
#1417=ORIENTED_EDGE('',*,*,#1080,.F.);
#1418=ORIENTED_EDGE('',*,*,#1081,.F.);
#1419=ORIENTED_EDGE('',*,*,#1082,.F.);
#1420=ORIENTED_EDGE('',*,*,#1083,.F.);
#1421=ORIENTED_EDGE('',*,*,#1084,.F.);
#1422=ORIENTED_EDGE('',*,*,#1085,.F.);
#1423=ORIENTED_EDGE('',*,*,#1086,.F.);
#1424=ORIENTED_EDGE('',*,*,#1087,.F.);
#1425=ORIENTED_EDGE('',*,*,#1088,.F.);
#1426=ORIENTED_EDGE('',*,*,#1089,.F.);
#1427=ORIENTED_EDGE('',*,*,#1090,.F.);
#1428=ORIENTED_EDGE('',*,*,#1091,.F.);
#1429=ORIENTED_EDGE('',*,*,#1092,.F.);
#1430=ORIENTED_EDGE('',*,*,#1093,.F.);
#1431=ORIENTED_EDGE('',*,*,#1094,.F.);
#1432=ORIENTED_EDGE('',*,*,#1095,.F.);
#1433=ORIENTED_EDGE('',*,*,#1096,.F.);
#1434=ORIENTED_EDGE('',*,*,#1097,.F.);
#1435=ORIENTED_EDGE('',*,*,#1098,.F.);
#1436=ORIENTED_EDGE('',*,*,#1099,.F.);
#1437=ORIENTED_EDGE('',*,*,#1100,.F.);
#1438=ORIENTED_EDGE('',*,*,#1101,.F.);
#1439=ORIENTED_EDGE('',*,*,#1102,.F.);
#1440=ORIENTED_EDGE('',*,*,#1103,.F.);
#1441=ORIENTED_EDGE('',*,*,#1104,.F.);
#1442=ORIENTED_EDGE('',*,*,#1105,.F.);
#1443=ORIENTED_EDGE('',*,*,#1106,.F.);
#1444=ORIENTED_EDGE('',*,*,#1107,.F.);
#1445=ORIENTED_EDGE('',*,*,#1108,.F.);
#1446=ORIENTED_EDGE('',*,*,#1109,.F.);
#1447=ORIENTED_EDGE('',*,*,#1110,.F.);
#1448=ORIENTED_EDGE('',*,*,#1111,.F.);
#1449=ORIENTED_EDGE('',*,*,#1112,.F.);
#1450=ORIENTED_EDGE('',*,*,#1113,.F.);
#1451=ORIENTED_EDGE('',*,*,#1114,.F.);
#1452=ORIENTED_EDGE('',*,*,#1115,.F.);
#1453=ORIENTED_EDGE('',*,*,#1116,.F.);
#1454=ORIENTED_EDGE('',*,*,#1117,.F.);
#1455=ORIENTED_EDGE('',*,*,#1118,.F.);
#1456=ORIENTED_EDGE('',*,*,#1119,.F.);
#1457=ORIENTED_EDGE('',*,*,#1120,.F.);
#1458=ORIENTED_EDGE('',*,*,#1121,.F.);
#1459=ORIENTED_EDGE('',*,*,#1122,.F.);
#1460=ORIENTED_EDGE('',*,*,#1123,.F.);
#1461=ORIENTED_EDGE('',*,*,#1124,.F.);
#1462=ORIENTED_EDGE('',*,*,#1125,.F.);
#1463=ORIENTED_EDGE('',*,*,#1126,.F.);
#1464=ORIENTED_EDGE('',*,*,#1127,.F.);
#1465=ORIENTED_EDGE('',*,*,#1128,.F.);
#1466=ORIENTED_EDGE('',*,*,#1129,.F.);
#1467=ORIENTED_EDGE('',*,*,#1130,.F.);
#1468=ORIENTED_EDGE('',*,*,#1131,.F.);
#1469=ORIENTED_EDGE('',*,*,#1132,.F.);
#1470=ORIENTED_EDGE('',*,*,#1133,.F.);
#1471=ORIENTED_EDGE('',*,*,#1134,.F.);
#1472=ORIENTED_EDGE('',*,*,#1135,.F.);
#1473=ORIENTED_EDGE('',*,*,#1136,.F.);
#1474=ORIENTED_EDGE('',*,*,#1137,.F.);
#1475=ORIENTED_EDGE('',*,*,#1138,.F.);
#1476=ORIENTED_EDGE('',*,*,#1139,.F.);
#1477=ORIENTED_EDGE('',*,*,#1140,.F.);
#1478=ORIENTED_EDGE('',*,*,#1141,.F.);
#1479=ORIENTED_EDGE('',*,*,#1142,.F.);
#1480=ORIENTED_EDGE('',*,*,#1143,.F.);
#1481=ORIENTED_EDGE('',*,*,#1144,.F.);
#1482=ORIENTED_EDGE('',*,*,#1145,.F.);
#1483=ORIENTED_EDGE('',*,*,#1146,.F.);
#1484=ORIENTED_EDGE('',*,*,#1147,.F.);
#1485=ORIENTED_EDGE('',*,*,#1110,.T.);
#1486=ORIENTED_EDGE('',*,*,#1148,.F.);
#1487=ORIENTED_EDGE('',*,*,#1149,.F.);
#1488=ORIENTED_EDGE('',*,*,#1150,.T.);
#1489=ORIENTED_EDGE('',*,*,#1109,.T.);
#1490=ORIENTED_EDGE('',*,*,#1151,.F.);
#1491=ORIENTED_EDGE('',*,*,#1152,.T.);
#1492=ORIENTED_EDGE('',*,*,#1148,.T.);
#1493=ORIENTED_EDGE('',*,*,#1108,.T.);
#1494=ORIENTED_EDGE('',*,*,#1153,.F.);
#1495=ORIENTED_EDGE('',*,*,#1154,.T.);
#1496=ORIENTED_EDGE('',*,*,#1151,.T.);
#1497=ORIENTED_EDGE('',*,*,#1107,.T.);
#1498=ORIENTED_EDGE('',*,*,#1155,.F.);
#1499=ORIENTED_EDGE('',*,*,#1156,.T.);
#1500=ORIENTED_EDGE('',*,*,#1153,.T.);
#1501=ORIENTED_EDGE('',*,*,#1106,.T.);
#1502=ORIENTED_EDGE('',*,*,#1157,.F.);
#1503=ORIENTED_EDGE('',*,*,#1158,.F.);
#1504=ORIENTED_EDGE('',*,*,#1155,.T.);
#1505=ORIENTED_EDGE('',*,*,#1105,.T.);
#1506=ORIENTED_EDGE('',*,*,#1159,.F.);
#1507=ORIENTED_EDGE('',*,*,#1160,.T.);
#1508=ORIENTED_EDGE('',*,*,#1157,.T.);
#1509=ORIENTED_EDGE('',*,*,#1104,.T.);
#1510=ORIENTED_EDGE('',*,*,#1161,.F.);
#1511=ORIENTED_EDGE('',*,*,#1162,.T.);
#1512=ORIENTED_EDGE('',*,*,#1159,.T.);
#1513=ORIENTED_EDGE('',*,*,#1103,.T.);
#1514=ORIENTED_EDGE('',*,*,#1163,.F.);
#1515=ORIENTED_EDGE('',*,*,#1164,.T.);
#1516=ORIENTED_EDGE('',*,*,#1161,.T.);
#1517=ORIENTED_EDGE('',*,*,#1102,.T.);
#1518=ORIENTED_EDGE('',*,*,#1165,.F.);
#1519=ORIENTED_EDGE('',*,*,#1166,.F.);
#1520=ORIENTED_EDGE('',*,*,#1163,.T.);
#1521=ORIENTED_EDGE('',*,*,#1101,.T.);
#1522=ORIENTED_EDGE('',*,*,#1167,.F.);
#1523=ORIENTED_EDGE('',*,*,#1168,.T.);
#1524=ORIENTED_EDGE('',*,*,#1165,.T.);
#1525=ORIENTED_EDGE('',*,*,#1100,.T.);
#1526=ORIENTED_EDGE('',*,*,#1169,.F.);
#1527=ORIENTED_EDGE('',*,*,#1170,.T.);
#1528=ORIENTED_EDGE('',*,*,#1167,.T.);
#1529=ORIENTED_EDGE('',*,*,#1099,.T.);
#1530=ORIENTED_EDGE('',*,*,#1171,.F.);
#1531=ORIENTED_EDGE('',*,*,#1172,.T.);
#1532=ORIENTED_EDGE('',*,*,#1169,.T.);
#1533=ORIENTED_EDGE('',*,*,#1098,.T.);
#1534=ORIENTED_EDGE('',*,*,#1173,.F.);
#1535=ORIENTED_EDGE('',*,*,#1174,.F.);
#1536=ORIENTED_EDGE('',*,*,#1171,.T.);
#1537=ORIENTED_EDGE('',*,*,#1097,.T.);
#1538=ORIENTED_EDGE('',*,*,#1175,.F.);
#1539=ORIENTED_EDGE('',*,*,#1176,.T.);
#1540=ORIENTED_EDGE('',*,*,#1173,.T.);
#1541=ORIENTED_EDGE('',*,*,#1096,.T.);
#1542=ORIENTED_EDGE('',*,*,#1177,.F.);
#1543=ORIENTED_EDGE('',*,*,#1178,.T.);
#1544=ORIENTED_EDGE('',*,*,#1175,.T.);
#1545=ORIENTED_EDGE('',*,*,#1095,.T.);
#1546=ORIENTED_EDGE('',*,*,#1179,.F.);
#1547=ORIENTED_EDGE('',*,*,#1180,.T.);
#1548=ORIENTED_EDGE('',*,*,#1177,.T.);
#1549=ORIENTED_EDGE('',*,*,#1094,.T.);
#1550=ORIENTED_EDGE('',*,*,#1181,.F.);
#1551=ORIENTED_EDGE('',*,*,#1182,.F.);
#1552=ORIENTED_EDGE('',*,*,#1179,.T.);
#1553=ORIENTED_EDGE('',*,*,#1093,.T.);
#1554=ORIENTED_EDGE('',*,*,#1183,.F.);
#1555=ORIENTED_EDGE('',*,*,#1184,.T.);
#1556=ORIENTED_EDGE('',*,*,#1181,.T.);
#1557=ORIENTED_EDGE('',*,*,#1092,.T.);
#1558=ORIENTED_EDGE('',*,*,#1185,.F.);
#1559=ORIENTED_EDGE('',*,*,#1186,.T.);
#1560=ORIENTED_EDGE('',*,*,#1183,.T.);
#1561=ORIENTED_EDGE('',*,*,#1091,.T.);
#1562=ORIENTED_EDGE('',*,*,#1187,.F.);
#1563=ORIENTED_EDGE('',*,*,#1188,.T.);
#1564=ORIENTED_EDGE('',*,*,#1185,.T.);
#1565=ORIENTED_EDGE('',*,*,#1090,.T.);
#1566=ORIENTED_EDGE('',*,*,#1189,.F.);
#1567=ORIENTED_EDGE('',*,*,#1190,.F.);
#1568=ORIENTED_EDGE('',*,*,#1187,.T.);
#1569=ORIENTED_EDGE('',*,*,#1089,.T.);
#1570=ORIENTED_EDGE('',*,*,#1191,.F.);
#1571=ORIENTED_EDGE('',*,*,#1192,.T.);
#1572=ORIENTED_EDGE('',*,*,#1189,.T.);
#1573=ORIENTED_EDGE('',*,*,#1088,.T.);
#1574=ORIENTED_EDGE('',*,*,#1193,.F.);
#1575=ORIENTED_EDGE('',*,*,#1194,.T.);
#1576=ORIENTED_EDGE('',*,*,#1191,.T.);
#1577=ORIENTED_EDGE('',*,*,#1087,.T.);
#1578=ORIENTED_EDGE('',*,*,#1195,.F.);
#1579=ORIENTED_EDGE('',*,*,#1196,.T.);
#1580=ORIENTED_EDGE('',*,*,#1193,.T.);
#1581=ORIENTED_EDGE('',*,*,#1086,.T.);
#1582=ORIENTED_EDGE('',*,*,#1197,.F.);
#1583=ORIENTED_EDGE('',*,*,#1198,.F.);
#1584=ORIENTED_EDGE('',*,*,#1195,.T.);
#1585=ORIENTED_EDGE('',*,*,#1085,.T.);
#1586=ORIENTED_EDGE('',*,*,#1199,.F.);
#1587=ORIENTED_EDGE('',*,*,#1200,.T.);
#1588=ORIENTED_EDGE('',*,*,#1197,.T.);
#1589=ORIENTED_EDGE('',*,*,#1084,.T.);
#1590=ORIENTED_EDGE('',*,*,#1201,.F.);
#1591=ORIENTED_EDGE('',*,*,#1202,.T.);
#1592=ORIENTED_EDGE('',*,*,#1199,.T.);
#1593=ORIENTED_EDGE('',*,*,#1083,.T.);
#1594=ORIENTED_EDGE('',*,*,#1203,.F.);
#1595=ORIENTED_EDGE('',*,*,#1204,.T.);
#1596=ORIENTED_EDGE('',*,*,#1201,.T.);
#1597=ORIENTED_EDGE('',*,*,#1082,.T.);
#1598=ORIENTED_EDGE('',*,*,#1205,.F.);
#1599=ORIENTED_EDGE('',*,*,#1206,.F.);
#1600=ORIENTED_EDGE('',*,*,#1203,.T.);
#1601=ORIENTED_EDGE('',*,*,#1081,.T.);
#1602=ORIENTED_EDGE('',*,*,#1207,.F.);
#1603=ORIENTED_EDGE('',*,*,#1208,.T.);
#1604=ORIENTED_EDGE('',*,*,#1205,.T.);
#1605=ORIENTED_EDGE('',*,*,#1080,.T.);
#1606=ORIENTED_EDGE('',*,*,#1209,.F.);
#1607=ORIENTED_EDGE('',*,*,#1210,.T.);
#1608=ORIENTED_EDGE('',*,*,#1207,.T.);
#1609=ORIENTED_EDGE('',*,*,#1079,.T.);
#1610=ORIENTED_EDGE('',*,*,#1211,.F.);
#1611=ORIENTED_EDGE('',*,*,#1212,.T.);
#1612=ORIENTED_EDGE('',*,*,#1209,.T.);
#1613=ORIENTED_EDGE('',*,*,#1078,.T.);
#1614=ORIENTED_EDGE('',*,*,#1213,.F.);
#1615=ORIENTED_EDGE('',*,*,#1214,.F.);
#1616=ORIENTED_EDGE('',*,*,#1211,.T.);
#1617=ORIENTED_EDGE('',*,*,#1077,.T.);
#1618=ORIENTED_EDGE('',*,*,#1215,.F.);
#1619=ORIENTED_EDGE('',*,*,#1216,.T.);
#1620=ORIENTED_EDGE('',*,*,#1213,.T.);
#1621=ORIENTED_EDGE('',*,*,#1076,.T.);
#1622=ORIENTED_EDGE('',*,*,#1217,.F.);
#1623=ORIENTED_EDGE('',*,*,#1218,.T.);
#1624=ORIENTED_EDGE('',*,*,#1215,.T.);
#1625=ORIENTED_EDGE('',*,*,#1075,.T.);
#1626=ORIENTED_EDGE('',*,*,#1219,.F.);
#1627=ORIENTED_EDGE('',*,*,#1220,.T.);
#1628=ORIENTED_EDGE('',*,*,#1217,.T.);
#1629=ORIENTED_EDGE('',*,*,#1074,.T.);
#1630=ORIENTED_EDGE('',*,*,#1221,.F.);
#1631=ORIENTED_EDGE('',*,*,#1222,.F.);
#1632=ORIENTED_EDGE('',*,*,#1219,.T.);
#1633=ORIENTED_EDGE('',*,*,#1073,.T.);
#1634=ORIENTED_EDGE('',*,*,#1223,.F.);
#1635=ORIENTED_EDGE('',*,*,#1224,.T.);
#1636=ORIENTED_EDGE('',*,*,#1221,.T.);
#1637=ORIENTED_EDGE('',*,*,#1225,.F.);
#1638=ORIENTED_EDGE('',*,*,#1226,.T.);
#1639=ORIENTED_EDGE('',*,*,#1227,.T.);
#1640=ORIENTED_EDGE('',*,*,#1226,.F.);
#1641=ORIENTED_EDGE('',*,*,#1069,.T.);
#1642=ORIENTED_EDGE('',*,*,#1228,.T.);
#1643=ORIENTED_EDGE('',*,*,#1071,.F.);
#1644=ORIENTED_EDGE('',*,*,#1228,.F.);
#1645=ORIENTED_EDGE('',*,*,#1229,.F.);
#1646=ORIENTED_EDGE('',*,*,#1230,.T.);
#1647=ORIENTED_EDGE('',*,*,#1070,.T.);
#1648=ORIENTED_EDGE('',*,*,#1230,.F.);
#1649=ORIENTED_EDGE('',*,*,#1126,.T.);
#1650=ORIENTED_EDGE('',*,*,#1231,.F.);
#1651=ORIENTED_EDGE('',*,*,#1232,.F.);
#1652=ORIENTED_EDGE('',*,*,#1233,.T.);
#1653=ORIENTED_EDGE('',*,*,#1130,.T.);
#1654=ORIENTED_EDGE('',*,*,#1234,.F.);
#1655=ORIENTED_EDGE('',*,*,#1235,.F.);
#1656=ORIENTED_EDGE('',*,*,#1236,.T.);
#1657=ORIENTED_EDGE('',*,*,#1122,.T.);
#1658=ORIENTED_EDGE('',*,*,#1237,.F.);
#1659=ORIENTED_EDGE('',*,*,#1238,.F.);
#1660=ORIENTED_EDGE('',*,*,#1239,.T.);
#1661=ORIENTED_EDGE('',*,*,#1118,.T.);
#1662=ORIENTED_EDGE('',*,*,#1240,.F.);
#1663=ORIENTED_EDGE('',*,*,#1241,.F.);
#1664=ORIENTED_EDGE('',*,*,#1242,.T.);
#1665=ORIENTED_EDGE('',*,*,#1114,.T.);
#1666=ORIENTED_EDGE('',*,*,#1243,.F.);
#1667=ORIENTED_EDGE('',*,*,#1244,.F.);
#1668=ORIENTED_EDGE('',*,*,#1245,.T.);
#1669=ORIENTED_EDGE('',*,*,#1146,.T.);
#1670=ORIENTED_EDGE('',*,*,#1246,.F.);
#1671=ORIENTED_EDGE('',*,*,#1247,.F.);
#1672=ORIENTED_EDGE('',*,*,#1248,.T.);
#1673=ORIENTED_EDGE('',*,*,#1142,.T.);
#1674=ORIENTED_EDGE('',*,*,#1249,.F.);
#1675=ORIENTED_EDGE('',*,*,#1250,.F.);
#1676=ORIENTED_EDGE('',*,*,#1251,.T.);
#1677=ORIENTED_EDGE('',*,*,#1138,.T.);
#1678=ORIENTED_EDGE('',*,*,#1252,.F.);
#1679=ORIENTED_EDGE('',*,*,#1253,.F.);
#1680=ORIENTED_EDGE('',*,*,#1254,.T.);
#1681=ORIENTED_EDGE('',*,*,#1134,.T.);
#1682=ORIENTED_EDGE('',*,*,#1255,.F.);
#1683=ORIENTED_EDGE('',*,*,#1256,.F.);
#1684=ORIENTED_EDGE('',*,*,#1257,.T.);
#1685=ORIENTED_EDGE('',*,*,#1131,.T.);
#1686=ORIENTED_EDGE('',*,*,#1236,.F.);
#1687=ORIENTED_EDGE('',*,*,#1258,.T.);
#1688=ORIENTED_EDGE('',*,*,#1259,.T.);
#1689=ORIENTED_EDGE('',*,*,#1132,.T.);
#1690=ORIENTED_EDGE('',*,*,#1259,.F.);
#1691=ORIENTED_EDGE('',*,*,#1260,.T.);
#1692=ORIENTED_EDGE('',*,*,#1261,.T.);
#1693=ORIENTED_EDGE('',*,*,#1133,.T.);
#1694=ORIENTED_EDGE('',*,*,#1261,.F.);
#1695=ORIENTED_EDGE('',*,*,#1262,.T.);
#1696=ORIENTED_EDGE('',*,*,#1255,.T.);
#1697=ORIENTED_EDGE('',*,*,#1135,.T.);
#1698=ORIENTED_EDGE('',*,*,#1257,.F.);
#1699=ORIENTED_EDGE('',*,*,#1263,.T.);
#1700=ORIENTED_EDGE('',*,*,#1264,.T.);
#1701=ORIENTED_EDGE('',*,*,#1136,.T.);
#1702=ORIENTED_EDGE('',*,*,#1264,.F.);
#1703=ORIENTED_EDGE('',*,*,#1265,.T.);
#1704=ORIENTED_EDGE('',*,*,#1266,.T.);
#1705=ORIENTED_EDGE('',*,*,#1137,.T.);
#1706=ORIENTED_EDGE('',*,*,#1266,.F.);
#1707=ORIENTED_EDGE('',*,*,#1267,.T.);
#1708=ORIENTED_EDGE('',*,*,#1252,.T.);
#1709=ORIENTED_EDGE('',*,*,#1139,.T.);
#1710=ORIENTED_EDGE('',*,*,#1254,.F.);
#1711=ORIENTED_EDGE('',*,*,#1268,.T.);
#1712=ORIENTED_EDGE('',*,*,#1269,.T.);
#1713=ORIENTED_EDGE('',*,*,#1140,.T.);
#1714=ORIENTED_EDGE('',*,*,#1269,.F.);
#1715=ORIENTED_EDGE('',*,*,#1270,.T.);
#1716=ORIENTED_EDGE('',*,*,#1271,.T.);
#1717=ORIENTED_EDGE('',*,*,#1141,.T.);
#1718=ORIENTED_EDGE('',*,*,#1271,.F.);
#1719=ORIENTED_EDGE('',*,*,#1272,.T.);
#1720=ORIENTED_EDGE('',*,*,#1249,.T.);
#1721=ORIENTED_EDGE('',*,*,#1143,.T.);
#1722=ORIENTED_EDGE('',*,*,#1251,.F.);
#1723=ORIENTED_EDGE('',*,*,#1273,.T.);
#1724=ORIENTED_EDGE('',*,*,#1274,.T.);
#1725=ORIENTED_EDGE('',*,*,#1144,.T.);
#1726=ORIENTED_EDGE('',*,*,#1274,.F.);
#1727=ORIENTED_EDGE('',*,*,#1275,.T.);
#1728=ORIENTED_EDGE('',*,*,#1276,.T.);
#1729=ORIENTED_EDGE('',*,*,#1145,.T.);
#1730=ORIENTED_EDGE('',*,*,#1276,.F.);
#1731=ORIENTED_EDGE('',*,*,#1277,.T.);
#1732=ORIENTED_EDGE('',*,*,#1246,.T.);
#1733=ORIENTED_EDGE('',*,*,#1147,.T.);
#1734=ORIENTED_EDGE('',*,*,#1248,.F.);
#1735=ORIENTED_EDGE('',*,*,#1278,.T.);
#1736=ORIENTED_EDGE('',*,*,#1279,.T.);
#1737=ORIENTED_EDGE('',*,*,#1072,.T.);
#1738=ORIENTED_EDGE('',*,*,#1279,.F.);
#1739=ORIENTED_EDGE('',*,*,#1280,.T.);
#1740=ORIENTED_EDGE('',*,*,#1223,.T.);
#1741=ORIENTED_EDGE('',*,*,#1111,.T.);
#1742=ORIENTED_EDGE('',*,*,#1150,.F.);
#1743=ORIENTED_EDGE('',*,*,#1281,.T.);
#1744=ORIENTED_EDGE('',*,*,#1282,.T.);
#1745=ORIENTED_EDGE('',*,*,#1112,.T.);
#1746=ORIENTED_EDGE('',*,*,#1282,.F.);
#1747=ORIENTED_EDGE('',*,*,#1283,.T.);
#1748=ORIENTED_EDGE('',*,*,#1284,.T.);
#1749=ORIENTED_EDGE('',*,*,#1113,.T.);
#1750=ORIENTED_EDGE('',*,*,#1284,.F.);
#1751=ORIENTED_EDGE('',*,*,#1285,.T.);
#1752=ORIENTED_EDGE('',*,*,#1243,.T.);
#1753=ORIENTED_EDGE('',*,*,#1115,.T.);
#1754=ORIENTED_EDGE('',*,*,#1245,.F.);
#1755=ORIENTED_EDGE('',*,*,#1286,.T.);
#1756=ORIENTED_EDGE('',*,*,#1287,.T.);
#1757=ORIENTED_EDGE('',*,*,#1116,.T.);
#1758=ORIENTED_EDGE('',*,*,#1287,.F.);
#1759=ORIENTED_EDGE('',*,*,#1288,.T.);
#1760=ORIENTED_EDGE('',*,*,#1289,.T.);
#1761=ORIENTED_EDGE('',*,*,#1117,.T.);
#1762=ORIENTED_EDGE('',*,*,#1289,.F.);
#1763=ORIENTED_EDGE('',*,*,#1290,.T.);
#1764=ORIENTED_EDGE('',*,*,#1240,.T.);
#1765=ORIENTED_EDGE('',*,*,#1119,.T.);
#1766=ORIENTED_EDGE('',*,*,#1242,.F.);
#1767=ORIENTED_EDGE('',*,*,#1291,.T.);
#1768=ORIENTED_EDGE('',*,*,#1292,.T.);
#1769=ORIENTED_EDGE('',*,*,#1120,.T.);
#1770=ORIENTED_EDGE('',*,*,#1292,.F.);
#1771=ORIENTED_EDGE('',*,*,#1293,.T.);
#1772=ORIENTED_EDGE('',*,*,#1294,.T.);
#1773=ORIENTED_EDGE('',*,*,#1121,.T.);
#1774=ORIENTED_EDGE('',*,*,#1294,.F.);
#1775=ORIENTED_EDGE('',*,*,#1295,.T.);
#1776=ORIENTED_EDGE('',*,*,#1237,.T.);
#1777=ORIENTED_EDGE('',*,*,#1123,.T.);
#1778=ORIENTED_EDGE('',*,*,#1239,.F.);
#1779=ORIENTED_EDGE('',*,*,#1296,.T.);
#1780=ORIENTED_EDGE('',*,*,#1297,.T.);
#1781=ORIENTED_EDGE('',*,*,#1124,.T.);
#1782=ORIENTED_EDGE('',*,*,#1297,.F.);
#1783=ORIENTED_EDGE('',*,*,#1298,.T.);
#1784=ORIENTED_EDGE('',*,*,#1299,.T.);
#1785=ORIENTED_EDGE('',*,*,#1125,.T.);
#1786=ORIENTED_EDGE('',*,*,#1299,.F.);
#1787=ORIENTED_EDGE('',*,*,#1300,.T.);
#1788=ORIENTED_EDGE('',*,*,#1231,.T.);
#1789=ORIENTED_EDGE('',*,*,#1127,.T.);
#1790=ORIENTED_EDGE('',*,*,#1233,.F.);
#1791=ORIENTED_EDGE('',*,*,#1301,.T.);
#1792=ORIENTED_EDGE('',*,*,#1302,.T.);
#1793=ORIENTED_EDGE('',*,*,#1128,.T.);
#1794=ORIENTED_EDGE('',*,*,#1302,.F.);
#1795=ORIENTED_EDGE('',*,*,#1303,.T.);
#1796=ORIENTED_EDGE('',*,*,#1304,.T.);
#1797=ORIENTED_EDGE('',*,*,#1129,.T.);
#1798=ORIENTED_EDGE('',*,*,#1304,.F.);
#1799=ORIENTED_EDGE('',*,*,#1305,.T.);
#1800=ORIENTED_EDGE('',*,*,#1234,.T.);
#1801=ORIENTED_EDGE('',*,*,#1227,.F.);
#1802=ORIENTED_EDGE('',*,*,#1229,.T.);
#1803=ORIENTED_EDGE('',*,*,#1057,.T.);
#1804=ORIENTED_EDGE('',*,*,#1061,.T.);
#1805=ORIENTED_EDGE('',*,*,#1064,.T.);
#1806=ORIENTED_EDGE('',*,*,#1067,.T.);
#1807=ORIENTED_EDGE('',*,*,#1045,.T.);
#1808=ORIENTED_EDGE('',*,*,#1049,.T.);
#1809=ORIENTED_EDGE('',*,*,#1052,.T.);
#1810=ORIENTED_EDGE('',*,*,#1055,.T.);
#1811=ORIENTED_EDGE('',*,*,#1033,.T.);
#1812=ORIENTED_EDGE('',*,*,#1037,.T.);
#1813=ORIENTED_EDGE('',*,*,#1040,.T.);
#1814=ORIENTED_EDGE('',*,*,#1043,.T.);
#1815=ORIENTED_EDGE('',*,*,#1021,.T.);
#1816=ORIENTED_EDGE('',*,*,#1025,.T.);
#1817=ORIENTED_EDGE('',*,*,#1028,.T.);
#1818=ORIENTED_EDGE('',*,*,#1031,.T.);
#1819=ORIENTED_EDGE('',*,*,#1009,.T.);
#1820=ORIENTED_EDGE('',*,*,#1013,.T.);
#1821=ORIENTED_EDGE('',*,*,#1016,.T.);
#1822=ORIENTED_EDGE('',*,*,#1019,.T.);
#1823=ORIENTED_EDGE('',*,*,#1225,.T.);
#1824=ORIENTED_EDGE('',*,*,#1280,.F.);
#1825=ORIENTED_EDGE('',*,*,#1278,.F.);
#1826=ORIENTED_EDGE('',*,*,#1247,.T.);
#1827=ORIENTED_EDGE('',*,*,#1277,.F.);
#1828=ORIENTED_EDGE('',*,*,#1275,.F.);
#1829=ORIENTED_EDGE('',*,*,#1273,.F.);
#1830=ORIENTED_EDGE('',*,*,#1250,.T.);
#1831=ORIENTED_EDGE('',*,*,#1272,.F.);
#1832=ORIENTED_EDGE('',*,*,#1270,.F.);
#1833=ORIENTED_EDGE('',*,*,#1268,.F.);
#1834=ORIENTED_EDGE('',*,*,#1253,.T.);
#1835=ORIENTED_EDGE('',*,*,#1267,.F.);
#1836=ORIENTED_EDGE('',*,*,#1265,.F.);
#1837=ORIENTED_EDGE('',*,*,#1263,.F.);
#1838=ORIENTED_EDGE('',*,*,#1256,.T.);
#1839=ORIENTED_EDGE('',*,*,#1262,.F.);
#1840=ORIENTED_EDGE('',*,*,#1260,.F.);
#1841=ORIENTED_EDGE('',*,*,#1258,.F.);
#1842=ORIENTED_EDGE('',*,*,#1235,.T.);
#1843=ORIENTED_EDGE('',*,*,#1305,.F.);
#1844=ORIENTED_EDGE('',*,*,#1303,.F.);
#1845=ORIENTED_EDGE('',*,*,#1301,.F.);
#1846=ORIENTED_EDGE('',*,*,#1232,.T.);
#1847=ORIENTED_EDGE('',*,*,#1300,.F.);
#1848=ORIENTED_EDGE('',*,*,#1298,.F.);
#1849=ORIENTED_EDGE('',*,*,#1296,.F.);
#1850=ORIENTED_EDGE('',*,*,#1238,.T.);
#1851=ORIENTED_EDGE('',*,*,#1295,.F.);
#1852=ORIENTED_EDGE('',*,*,#1293,.F.);
#1853=ORIENTED_EDGE('',*,*,#1291,.F.);
#1854=ORIENTED_EDGE('',*,*,#1241,.T.);
#1855=ORIENTED_EDGE('',*,*,#1290,.F.);
#1856=ORIENTED_EDGE('',*,*,#1288,.F.);
#1857=ORIENTED_EDGE('',*,*,#1286,.F.);
#1858=ORIENTED_EDGE('',*,*,#1244,.T.);
#1859=ORIENTED_EDGE('',*,*,#1285,.F.);
#1860=ORIENTED_EDGE('',*,*,#1283,.F.);
#1861=ORIENTED_EDGE('',*,*,#1281,.F.);
#1862=ORIENTED_EDGE('',*,*,#1149,.T.);
#1863=ORIENTED_EDGE('',*,*,#1152,.F.);
#1864=ORIENTED_EDGE('',*,*,#1154,.F.);
#1865=ORIENTED_EDGE('',*,*,#1156,.F.);
#1866=ORIENTED_EDGE('',*,*,#1158,.T.);
#1867=ORIENTED_EDGE('',*,*,#1160,.F.);
#1868=ORIENTED_EDGE('',*,*,#1162,.F.);
#1869=ORIENTED_EDGE('',*,*,#1164,.F.);
#1870=ORIENTED_EDGE('',*,*,#1166,.T.);
#1871=ORIENTED_EDGE('',*,*,#1168,.F.);
#1872=ORIENTED_EDGE('',*,*,#1170,.F.);
#1873=ORIENTED_EDGE('',*,*,#1172,.F.);
#1874=ORIENTED_EDGE('',*,*,#1174,.T.);
#1875=ORIENTED_EDGE('',*,*,#1176,.F.);
#1876=ORIENTED_EDGE('',*,*,#1178,.F.);
#1877=ORIENTED_EDGE('',*,*,#1180,.F.);
#1878=ORIENTED_EDGE('',*,*,#1182,.T.);
#1879=ORIENTED_EDGE('',*,*,#1184,.F.);
#1880=ORIENTED_EDGE('',*,*,#1186,.F.);
#1881=ORIENTED_EDGE('',*,*,#1188,.F.);
#1882=ORIENTED_EDGE('',*,*,#1190,.T.);
#1883=ORIENTED_EDGE('',*,*,#1192,.F.);
#1884=ORIENTED_EDGE('',*,*,#1194,.F.);
#1885=ORIENTED_EDGE('',*,*,#1196,.F.);
#1886=ORIENTED_EDGE('',*,*,#1198,.T.);
#1887=ORIENTED_EDGE('',*,*,#1200,.F.);
#1888=ORIENTED_EDGE('',*,*,#1202,.F.);
#1889=ORIENTED_EDGE('',*,*,#1204,.F.);
#1890=ORIENTED_EDGE('',*,*,#1206,.T.);
#1891=ORIENTED_EDGE('',*,*,#1208,.F.);
#1892=ORIENTED_EDGE('',*,*,#1210,.F.);
#1893=ORIENTED_EDGE('',*,*,#1212,.F.);
#1894=ORIENTED_EDGE('',*,*,#1214,.T.);
#1895=ORIENTED_EDGE('',*,*,#1216,.F.);
#1896=ORIENTED_EDGE('',*,*,#1218,.F.);
#1897=ORIENTED_EDGE('',*,*,#1220,.F.);
#1898=ORIENTED_EDGE('',*,*,#1222,.T.);
#1899=ORIENTED_EDGE('',*,*,#1224,.F.);
#1900=PLANE('',#2088);
#1901=PLANE('',#2092);
#1902=PLANE('',#2099);
#1903=PLANE('',#2103);
#1904=PLANE('',#2104);
#1905=PLANE('',#2108);
#1906=PLANE('',#2112);
#1907=PLANE('',#2116);
#1908=PLANE('',#2120);
#1909=PLANE('',#2124);
#1910=PLANE('',#2128);
#1911=PLANE('',#2131);
#1912=PLANE('',#2154);
#1913=PLANE('',#2155);
#1914=PLANE('',#2156);
#1915=PLANE('',#2159);
#1916=PLANE('',#2160);
#1917=PLANE('',#2161);
#1918=PLANE('',#2164);
#1919=PLANE('',#2165);
#1920=PLANE('',#2166);
#1921=PLANE('',#2169);
#1922=PLANE('',#2170);
#1923=PLANE('',#2171);
#1924=PLANE('',#2174);
#1925=PLANE('',#2175);
#1926=PLANE('',#2176);
#1927=PLANE('',#2179);
#1928=PLANE('',#2180);
#1929=PLANE('',#2181);
#1930=PLANE('',#2184);
#1931=PLANE('',#2185);
#1932=PLANE('',#2186);
#1933=PLANE('',#2189);
#1934=PLANE('',#2190);
#1935=PLANE('',#2191);
#1936=PLANE('',#2194);
#1937=PLANE('',#2195);
#1938=PLANE('',#2196);
#1939=PLANE('',#2199);
#1940=PLANE('',#2224);
#1941=PLANE('',#2225);
#1942=PLANE('',#2226);
#1943=PLANE('',#2227);
#1944=PLANE('',#2228);
#1945=PLANE('',#2229);
#1946=PLANE('',#2230);
#1947=PLANE('',#2231);
#1948=PLANE('',#2232);
#1949=PLANE('',#2233);
#1950=PLANE('',#2234);
#1951=PLANE('',#2235);
#1952=PLANE('',#2236);
#1953=PLANE('',#2237);
#1954=PLANE('',#2238);
#1955=PLANE('',#2239);
#1956=PLANE('',#2240);
#1957=PLANE('',#2241);
#1958=PLANE('',#2242);
#1959=PLANE('',#2243);
#1960=PLANE('',#2244);
#1961=PLANE('',#2245);
#1962=PLANE('',#2246);
#1963=PLANE('',#2247);
#1964=PLANE('',#2248);
#1965=PLANE('',#2249);
#1966=PLANE('',#2250);
#1967=PLANE('',#2251);
#1968=PLANE('',#2252);
#1969=PLANE('',#2253);
#1970=PLANE('',#2254);
#1971=ADVANCED_FACE('',(#125),#1900,.F.);
#1972=ADVANCED_FACE('',(#126),#93,.F.);
#1973=ADVANCED_FACE('',(#127),#1901,.F.);
#1974=ADVANCED_FACE('',(#128),#94,.T.);
#1975=ADVANCED_FACE('',(#129),#95,.F.);
#1976=ADVANCED_FACE('',(#130),#1902,.F.);
#1977=ADVANCED_FACE('',(#131),#96,.T.);
#1978=ADVANCED_FACE('',(#132),#1903,.F.);
#1979=ADVANCED_FACE('',(#133),#1904,.F.);
#1980=ADVANCED_FACE('',(#134),#97,.F.);
#1981=ADVANCED_FACE('',(#135),#1905,.F.);
#1982=ADVANCED_FACE('',(#136),#98,.T.);
#1983=ADVANCED_FACE('',(#137),#1906,.F.);
#1984=ADVANCED_FACE('',(#138),#99,.F.);
#1985=ADVANCED_FACE('',(#139),#1907,.F.);
#1986=ADVANCED_FACE('',(#140),#100,.T.);
#1987=ADVANCED_FACE('',(#141),#1908,.F.);
#1988=ADVANCED_FACE('',(#142),#101,.F.);
#1989=ADVANCED_FACE('',(#143),#1909,.F.);
#1990=ADVANCED_FACE('',(#144),#102,.T.);
#1991=ADVANCED_FACE('',(#145,#15,#16,#17,#18,#19,#20),#1910,.F.);
#1992=ADVANCED_FACE('',(#146,#21),#1911,.F.);
#1993=ADVANCED_FACE('',(#147),#103,.T.);
#1994=ADVANCED_FACE('',(#148),#1912,.T.);
#1995=ADVANCED_FACE('',(#149),#1913,.T.);
#1996=ADVANCED_FACE('',(#150),#1914,.T.);
#1997=ADVANCED_FACE('',(#151),#104,.T.);
#1998=ADVANCED_FACE('',(#152),#1915,.T.);
#1999=ADVANCED_FACE('',(#153),#1916,.T.);
#2000=ADVANCED_FACE('',(#154),#1917,.T.);
#2001=ADVANCED_FACE('',(#155),#105,.T.);
#2002=ADVANCED_FACE('',(#156),#1918,.T.);
#2003=ADVANCED_FACE('',(#157),#1919,.T.);
#2004=ADVANCED_FACE('',(#158),#1920,.T.);
#2005=ADVANCED_FACE('',(#159),#106,.T.);
#2006=ADVANCED_FACE('',(#160),#1921,.T.);
#2007=ADVANCED_FACE('',(#161),#1922,.T.);
#2008=ADVANCED_FACE('',(#162),#1923,.T.);
#2009=ADVANCED_FACE('',(#163),#107,.T.);
#2010=ADVANCED_FACE('',(#164),#1924,.T.);
#2011=ADVANCED_FACE('',(#165),#1925,.T.);
#2012=ADVANCED_FACE('',(#166),#1926,.T.);
#2013=ADVANCED_FACE('',(#167),#108,.T.);
#2014=ADVANCED_FACE('',(#168),#1927,.T.);
#2015=ADVANCED_FACE('',(#169),#1928,.T.);
#2016=ADVANCED_FACE('',(#170),#1929,.T.);
#2017=ADVANCED_FACE('',(#171),#109,.T.);
#2018=ADVANCED_FACE('',(#172),#1930,.T.);
#2019=ADVANCED_FACE('',(#173),#1931,.T.);
#2020=ADVANCED_FACE('',(#174),#1932,.T.);
#2021=ADVANCED_FACE('',(#175),#110,.T.);
#2022=ADVANCED_FACE('',(#176),#1933,.T.);
#2023=ADVANCED_FACE('',(#177),#1934,.T.);
#2024=ADVANCED_FACE('',(#178),#1935,.T.);
#2025=ADVANCED_FACE('',(#179),#111,.T.);
#2026=ADVANCED_FACE('',(#180),#1936,.T.);
#2027=ADVANCED_FACE('',(#181),#1937,.T.);
#2028=ADVANCED_FACE('',(#182),#1938,.T.);
#2029=ADVANCED_FACE('',(#183),#112,.T.);
#2030=ADVANCED_FACE('',(#184),#1939,.T.);
#2031=ADVANCED_FACE('',(#185),#113,.T.);
#2032=ADVANCED_FACE('',(#186),#114,.T.);
#2033=ADVANCED_FACE('',(#187),#115,.F.);
#2034=ADVANCED_FACE('',(#188),#116,.T.);
#2035=ADVANCED_FACE('',(#189),#117,.T.);
#2036=ADVANCED_FACE('',(#190),#118,.T.);
#2037=ADVANCED_FACE('',(#191),#119,.T.);
#2038=ADVANCED_FACE('',(#192),#120,.T.);
#2039=ADVANCED_FACE('',(#193),#121,.T.);
#2040=ADVANCED_FACE('',(#194),#122,.T.);
#2041=ADVANCED_FACE('',(#195),#123,.T.);
#2042=ADVANCED_FACE('',(#196),#124,.T.);
#2043=ADVANCED_FACE('',(#197),#1940,.T.);
#2044=ADVANCED_FACE('',(#198),#1941,.T.);
#2045=ADVANCED_FACE('',(#199),#1942,.T.);
#2046=ADVANCED_FACE('',(#200),#1943,.T.);
#2047=ADVANCED_FACE('',(#201),#1944,.T.);
#2048=ADVANCED_FACE('',(#202),#1945,.T.);
#2049=ADVANCED_FACE('',(#203),#1946,.T.);
#2050=ADVANCED_FACE('',(#204),#1947,.T.);
#2051=ADVANCED_FACE('',(#205),#1948,.T.);
#2052=ADVANCED_FACE('',(#206),#1949,.T.);
#2053=ADVANCED_FACE('',(#207),#1950,.T.);
#2054=ADVANCED_FACE('',(#208),#1951,.T.);
#2055=ADVANCED_FACE('',(#209),#1952,.T.);
#2056=ADVANCED_FACE('',(#210),#1953,.T.);
#2057=ADVANCED_FACE('',(#211),#1954,.T.);
#2058=ADVANCED_FACE('',(#212),#1955,.T.);
#2059=ADVANCED_FACE('',(#213),#1956,.T.);
#2060=ADVANCED_FACE('',(#214),#1957,.T.);
#2061=ADVANCED_FACE('',(#215),#1958,.T.);
#2062=ADVANCED_FACE('',(#216),#1959,.T.);
#2063=ADVANCED_FACE('',(#217),#1960,.T.);
#2064=ADVANCED_FACE('',(#218),#1961,.T.);
#2065=ADVANCED_FACE('',(#219),#1962,.T.);
#2066=ADVANCED_FACE('',(#220),#1963,.T.);
#2067=ADVANCED_FACE('',(#221),#1964,.T.);
#2068=ADVANCED_FACE('',(#222),#1965,.T.);
#2069=ADVANCED_FACE('',(#223),#1966,.T.);
#2070=ADVANCED_FACE('',(#224),#1967,.T.);
#2071=ADVANCED_FACE('',(#225),#1968,.T.);
#2072=ADVANCED_FACE('',(#226,#22,#23,#24,#25,#26,#27),#1969,.F.);
#2073=ADVANCED_FACE('',(#227,#28),#1970,.F.);
#2074=CLOSED_SHELL('',(#1971,#1972,#1973,#1974,#1975,#1976,#1977,#1978,
#1979,#1980,#1981,#1982,#1983,#1984,#1985,#1986,#1987,#1988,#1989,#1990,
#1991,#1992,#1993,#1994,#1995,#1996,#1997,#1998,#1999,#2000,#2001,#2002,
#2003,#2004,#2005,#2006,#2007,#2008,#2009,#2010,#2011,#2012,#2013,#2014,
#2015,#2016,#2017,#2018,#2019,#2020,#2021,#2022,#2023,#2024,#2025,#2026,
#2027,#2028,#2029,#2030,#2031,#2032,#2033,#2034,#2035,#2036,#2037,#2038,
#2039,#2040,#2041,#2042,#2043,#2044,#2045,#2046,#2047,#2048,#2049,#2050,
#2051,#2052,#2053,#2054,#2055,#2056,#2057,#2058,#2059,#2060,#2061,#2062,
#2063,#2064,#2065,#2066,#2067,#2068,#2069,#2070,#2071,#2072,#2073));
#2075=DERIVED_UNIT_ELEMENT(#2077,1.);
#2076=DERIVED_UNIT_ELEMENT(#3428,-3.);
#2077=(
MASS_UNIT()
NAMED_UNIT(*)
SI_UNIT(.KILO.,.GRAM.)
);
#2078=DERIVED_UNIT((#2075,#2076));
#2079=MEASURE_REPRESENTATION_ITEM('density measure',
POSITIVE_RATIO_MEASURE(7850.),#2078);
#2080=PROPERTY_DEFINITION_REPRESENTATION(#2085,#2082);
#2081=PROPERTY_DEFINITION_REPRESENTATION(#2086,#2083);
#2082=REPRESENTATION('material name',(#2084),#3425);
#2083=REPRESENTATION('density',(#2079),#3425);
#2084=DESCRIPTIVE_REPRESENTATION_ITEM('Acero','Acero');
#2085=PROPERTY_DEFINITION('material property','material name',#3435);
#2086=PROPERTY_DEFINITION('material property','density of part',#3435);
#2087=AXIS2_PLACEMENT_3D('',#2824,#2255,#2256);
#2088=AXIS2_PLACEMENT_3D('',#2825,#2257,#2258);
#2089=AXIS2_PLACEMENT_3D('',#2834,#2263,#2264);
#2090=AXIS2_PLACEMENT_3D('',#2836,#2265,#2266);
#2091=AXIS2_PLACEMENT_3D('',#2838,#2267,#2268);
#2092=AXIS2_PLACEMENT_3D('',#2840,#2270,#2271);
#2093=AXIS2_PLACEMENT_3D('',#2846,#2275,#2276);
#2094=AXIS2_PLACEMENT_3D('',#2847,#2277,#2278);
#2095=AXIS2_PLACEMENT_3D('',#2848,#2279,#2280);
#2096=AXIS2_PLACEMENT_3D('',#2849,#2281,#2282);
#2097=AXIS2_PLACEMENT_3D('',#2852,#2283,#2284);
#2098=AXIS2_PLACEMENT_3D('',#2856,#2286,#2287);
#2099=AXIS2_PLACEMENT_3D('',#2858,#2289,#2290);
#2100=AXIS2_PLACEMENT_3D('',#2864,#2294,#2295);
#2101=AXIS2_PLACEMENT_3D('',#2866,#2296,#2297);
#2102=AXIS2_PLACEMENT_3D('',#2868,#2298,#2299);
#2103=AXIS2_PLACEMENT_3D('',#2870,#2301,#2302);
#2104=AXIS2_PLACEMENT_3D('',#2873,#2305,#2306);
#2105=AXIS2_PLACEMENT_3D('',#2882,#2311,#2312);
#2106=AXIS2_PLACEMENT_3D('',#2884,#2313,#2314);
#2107=AXIS2_PLACEMENT_3D('',#2886,#2315,#2316);
#2108=AXIS2_PLACEMENT_3D('',#2888,#2318,#2319);
#2109=AXIS2_PLACEMENT_3D('',#2894,#2323,#2324);
#2110=AXIS2_PLACEMENT_3D('',#2895,#2325,#2326);
#2111=AXIS2_PLACEMENT_3D('',#2896,#2327,#2328);
#2112=AXIS2_PLACEMENT_3D('',#2897,#2329,#2330);
#2113=AXIS2_PLACEMENT_3D('',#2906,#2335,#2336);
#2114=AXIS2_PLACEMENT_3D('',#2908,#2337,#2338);
#2115=AXIS2_PLACEMENT_3D('',#2910,#2339,#2340);
#2116=AXIS2_PLACEMENT_3D('',#2912,#2342,#2343);
#2117=AXIS2_PLACEMENT_3D('',#2918,#2347,#2348);
#2118=AXIS2_PLACEMENT_3D('',#2919,#2349,#2350);
#2119=AXIS2_PLACEMENT_3D('',#2920,#2351,#2352);
#2120=AXIS2_PLACEMENT_3D('',#2921,#2353,#2354);
#2121=AXIS2_PLACEMENT_3D('',#2930,#2359,#2360);
#2122=AXIS2_PLACEMENT_3D('',#2932,#2361,#2362);
#2123=AXIS2_PLACEMENT_3D('',#2934,#2363,#2364);
#2124=AXIS2_PLACEMENT_3D('',#2936,#2366,#2367);
#2125=AXIS2_PLACEMENT_3D('',#2942,#2371,#2372);
#2126=AXIS2_PLACEMENT_3D('',#2943,#2373,#2374);
#2127=AXIS2_PLACEMENT_3D('',#2944,#2375,#2376);
#2128=AXIS2_PLACEMENT_3D('',#2945,#2377,#2378);
#2129=AXIS2_PLACEMENT_3D('',#2947,#2379,#2380);
#2130=AXIS2_PLACEMENT_3D('',#2949,#2381,#2382);
#2131=AXIS2_PLACEMENT_3D('',#2950,#2383,#2384);
#2132=AXIS2_PLACEMENT_3D('',#2952,#2385,#2386);
#2133=AXIS2_PLACEMENT_3D('',#2959,#2389,#2390);
#2134=AXIS2_PLACEMENT_3D('',#2967,#2394,#2395);
#2135=AXIS2_PLACEMENT_3D('',#2975,#2399,#2400);
#2136=AXIS2_PLACEMENT_3D('',#2983,#2404,#2405);
#2137=AXIS2_PLACEMENT_3D('',#2991,#2409,#2410);
#2138=AXIS2_PLACEMENT_3D('',#2999,#2414,#2415);
#2139=AXIS2_PLACEMENT_3D('',#3007,#2419,#2420);
#2140=AXIS2_PLACEMENT_3D('',#3015,#2424,#2425);
#2141=AXIS2_PLACEMENT_3D('',#3023,#2429,#2430);
#2142=AXIS2_PLACEMENT_3D('',#3031,#2434,#2435);
#2143=AXIS2_PLACEMENT_3D('',#3039,#2439,#2440);
#2144=AXIS2_PLACEMENT_3D('',#3047,#2444,#2445);
#2145=AXIS2_PLACEMENT_3D('',#3055,#2449,#2450);
#2146=AXIS2_PLACEMENT_3D('',#3063,#2454,#2455);
#2147=AXIS2_PLACEMENT_3D('',#3071,#2459,#2460);
#2148=AXIS2_PLACEMENT_3D('',#3079,#2464,#2465);
#2149=AXIS2_PLACEMENT_3D('',#3087,#2469,#2470);
#2150=AXIS2_PLACEMENT_3D('',#3095,#2474,#2475);
#2151=AXIS2_PLACEMENT_3D('',#3103,#2479,#2480);
#2152=AXIS2_PLACEMENT_3D('',#3105,#2482,#2483);
#2153=AXIS2_PLACEMENT_3D('',#3109,#2485,#2486);
#2154=AXIS2_PLACEMENT_3D('',#3111,#2488,#2489);
#2155=AXIS2_PLACEMENT_3D('',#3115,#2492,#2493);
#2156=AXIS2_PLACEMENT_3D('',#3119,#2496,#2497);
#2157=AXIS2_PLACEMENT_3D('',#3123,#2500,#2501);
#2158=AXIS2_PLACEMENT_3D('',#3126,#2503,#2504);
#2159=AXIS2_PLACEMENT_3D('',#3127,#2505,#2506);
#2160=AXIS2_PLACEMENT_3D('',#3131,#2509,#2510);
#2161=AXIS2_PLACEMENT_3D('',#3135,#2513,#2514);
#2162=AXIS2_PLACEMENT_3D('',#3139,#2517,#2518);
#2163=AXIS2_PLACEMENT_3D('',#3142,#2520,#2521);
#2164=AXIS2_PLACEMENT_3D('',#3143,#2522,#2523);
#2165=AXIS2_PLACEMENT_3D('',#3147,#2526,#2527);
#2166=AXIS2_PLACEMENT_3D('',#3151,#2530,#2531);
#2167=AXIS2_PLACEMENT_3D('',#3155,#2534,#2535);
#2168=AXIS2_PLACEMENT_3D('',#3158,#2537,#2538);
#2169=AXIS2_PLACEMENT_3D('',#3159,#2539,#2540);
#2170=AXIS2_PLACEMENT_3D('',#3163,#2543,#2544);
#2171=AXIS2_PLACEMENT_3D('',#3167,#2547,#2548);
#2172=AXIS2_PLACEMENT_3D('',#3171,#2551,#2552);
#2173=AXIS2_PLACEMENT_3D('',#3174,#2554,#2555);
#2174=AXIS2_PLACEMENT_3D('',#3175,#2556,#2557);
#2175=AXIS2_PLACEMENT_3D('',#3179,#2560,#2561);
#2176=AXIS2_PLACEMENT_3D('',#3183,#2564,#2565);
#2177=AXIS2_PLACEMENT_3D('',#3187,#2568,#2569);
#2178=AXIS2_PLACEMENT_3D('',#3190,#2571,#2572);
#2179=AXIS2_PLACEMENT_3D('',#3191,#2573,#2574);
#2180=AXIS2_PLACEMENT_3D('',#3195,#2577,#2578);
#2181=AXIS2_PLACEMENT_3D('',#3199,#2581,#2582);
#2182=AXIS2_PLACEMENT_3D('',#3203,#2585,#2586);
#2183=AXIS2_PLACEMENT_3D('',#3206,#2588,#2589);
#2184=AXIS2_PLACEMENT_3D('',#3207,#2590,#2591);
#2185=AXIS2_PLACEMENT_3D('',#3211,#2594,#2595);
#2186=AXIS2_PLACEMENT_3D('',#3215,#2598,#2599);
#2187=AXIS2_PLACEMENT_3D('',#3219,#2602,#2603);
#2188=AXIS2_PLACEMENT_3D('',#3222,#2605,#2606);
#2189=AXIS2_PLACEMENT_3D('',#3223,#2607,#2608);
#2190=AXIS2_PLACEMENT_3D('',#3227,#2611,#2612);
#2191=AXIS2_PLACEMENT_3D('',#3231,#2615,#2616);
#2192=AXIS2_PLACEMENT_3D('',#3235,#2619,#2620);
#2193=AXIS2_PLACEMENT_3D('',#3238,#2622,#2623);
#2194=AXIS2_PLACEMENT_3D('',#3239,#2624,#2625);
#2195=AXIS2_PLACEMENT_3D('',#3243,#2628,#2629);
#2196=AXIS2_PLACEMENT_3D('',#3247,#2632,#2633);
#2197=AXIS2_PLACEMENT_3D('',#3251,#2636,#2637);
#2198=AXIS2_PLACEMENT_3D('',#3254,#2639,#2640);
#2199=AXIS2_PLACEMENT_3D('',#3255,#2641,#2642);
#2200=AXIS2_PLACEMENT_3D('',#3259,#2645,#2646);
#2201=AXIS2_PLACEMENT_3D('',#3261,#2647,#2648);
#2202=AXIS2_PLACEMENT_3D('',#3264,#2650,#2651);
#2203=AXIS2_PLACEMENT_3D('',#3265,#2652,#2653);
#2204=AXIS2_PLACEMENT_3D('',#3267,#2655,#2656);
#2205=AXIS2_PLACEMENT_3D('',#3269,#2657,#2658);
#2206=AXIS2_PLACEMENT_3D('',#3271,#2660,#2661);
#2207=AXIS2_PLACEMENT_3D('',#3275,#2663,#2664);
#2208=AXIS2_PLACEMENT_3D('',#3277,#2666,#2667);
#2209=AXIS2_PLACEMENT_3D('',#3281,#2669,#2670);
#2210=AXIS2_PLACEMENT_3D('',#3283,#2672,#2673);
#2211=AXIS2_PLACEMENT_3D('',#3287,#2675,#2676);
#2212=AXIS2_PLACEMENT_3D('',#3289,#2678,#2679);
#2213=AXIS2_PLACEMENT_3D('',#3293,#2681,#2682);
#2214=AXIS2_PLACEMENT_3D('',#3295,#2684,#2685);
#2215=AXIS2_PLACEMENT_3D('',#3299,#2687,#2688);
#2216=AXIS2_PLACEMENT_3D('',#3301,#2690,#2691);
#2217=AXIS2_PLACEMENT_3D('',#3305,#2693,#2694);
#2218=AXIS2_PLACEMENT_3D('',#3307,#2696,#2697);
#2219=AXIS2_PLACEMENT_3D('',#3311,#2699,#2700);
#2220=AXIS2_PLACEMENT_3D('',#3313,#2702,#2703);
#2221=AXIS2_PLACEMENT_3D('',#3317,#2705,#2706);
#2222=AXIS2_PLACEMENT_3D('',#3319,#2708,#2709);
#2223=AXIS2_PLACEMENT_3D('',#3323,#2711,#2712);
#2224=AXIS2_PLACEMENT_3D('',#3325,#2714,#2715);
#2225=AXIS2_PLACEMENT_3D('',#3329,#2718,#2719);
#2226=AXIS2_PLACEMENT_3D('',#3333,#2722,#2723);
#2227=AXIS2_PLACEMENT_3D('',#3335,#2725,#2726);
#2228=AXIS2_PLACEMENT_3D('',#3339,#2729,#2730);
#2229=AXIS2_PLACEMENT_3D('',#3343,#2733,#2734);
#2230=AXIS2_PLACEMENT_3D('',#3345,#2736,#2737);
#2231=AXIS2_PLACEMENT_3D('',#3349,#2740,#2741);
#2232=AXIS2_PLACEMENT_3D('',#3353,#2744,#2745);
#2233=AXIS2_PLACEMENT_3D('',#3355,#2747,#2748);
#2234=AXIS2_PLACEMENT_3D('',#3359,#2751,#2752);
#2235=AXIS2_PLACEMENT_3D('',#3363,#2755,#2756);
#2236=AXIS2_PLACEMENT_3D('',#3365,#2758,#2759);
#2237=AXIS2_PLACEMENT_3D('',#3369,#2762,#2763);
#2238=AXIS2_PLACEMENT_3D('',#3371,#2765,#2766);
#2239=AXIS2_PLACEMENT_3D('',#3375,#2769,#2770);
#2240=AXIS2_PLACEMENT_3D('',#3379,#2773,#2774);
#2241=AXIS2_PLACEMENT_3D('',#3381,#2776,#2777);
#2242=AXIS2_PLACEMENT_3D('',#3385,#2780,#2781);
#2243=AXIS2_PLACEMENT_3D('',#3389,#2784,#2785);
#2244=AXIS2_PLACEMENT_3D('',#3391,#2787,#2788);
#2245=AXIS2_PLACEMENT_3D('',#3395,#2791,#2792);
#2246=AXIS2_PLACEMENT_3D('',#3399,#2795,#2796);
#2247=AXIS2_PLACEMENT_3D('',#3401,#2798,#2799);
#2248=AXIS2_PLACEMENT_3D('',#3405,#2802,#2803);
#2249=AXIS2_PLACEMENT_3D('',#3409,#2806,#2807);
#2250=AXIS2_PLACEMENT_3D('',#3411,#2809,#2810);
#2251=AXIS2_PLACEMENT_3D('',#3415,#2813,#2814);
#2252=AXIS2_PLACEMENT_3D('',#3419,#2817,#2818);
#2253=AXIS2_PLACEMENT_3D('',#3421,#2820,#2821);
#2254=AXIS2_PLACEMENT_3D('',#3422,#2822,#2823);
#2255=DIRECTION('axis',(0.,0.,1.));
#2256=DIRECTION('refdir',(1.,0.,0.));
#2257=DIRECTION('center_axis',(0.,-0.587785252292473,-0.809016994374947));
#2258=DIRECTION('ref_axis',(0.,0.809016994374947,-0.587785252292473));
#2259=DIRECTION('',(0.,-0.809016994374947,0.587785252292473));
#2260=DIRECTION('',(1.,0.,0.));
#2261=DIRECTION('',(0.,0.809016994374947,-0.587785252292473));
#2262=DIRECTION('',(1.,0.,0.));
#2263=DIRECTION('center_axis',(1.,0.,0.));
#2264=DIRECTION('ref_axis',(0.,0.,1.));
#2265=DIRECTION('center_axis',(-1.,0.,0.));
#2266=DIRECTION('ref_axis',(0.,0.,1.));
#2267=DIRECTION('center_axis',(1.,0.,0.));
#2268=DIRECTION('ref_axis',(0.,0.,1.));
#2269=DIRECTION('',(1.,0.,0.));
#2270=DIRECTION('center_axis',(0.,0.951056516295154,-0.309016994374947));
#2271=DIRECTION('ref_axis',(0.,0.309016994374947,0.951056516295154));
#2272=DIRECTION('',(0.,-0.309016994374947,-0.951056516295154));
#2273=DIRECTION('',(0.,0.309016994374947,0.951056516295154));
#2274=DIRECTION('',(1.,0.,0.));
#2275=DIRECTION('center_axis',(1.,0.,0.));
#2276=DIRECTION('ref_axis',(0.,0.,1.));
#2277=DIRECTION('center_axis',(1.,0.,0.));
#2278=DIRECTION('ref_axis',(0.,0.,1.));
#2279=DIRECTION('center_axis',(-1.,0.,0.));
#2280=DIRECTION('ref_axis',(0.,0.,1.));
#2281=DIRECTION('center_axis',(1.,0.,0.));
#2282=DIRECTION('ref_axis',(0.,0.,1.));
#2283=DIRECTION('center_axis',(-1.,0.,0.));
#2284=DIRECTION('ref_axis',(0.,0.,1.));
#2285=DIRECTION('',(1.,0.,0.));
#2286=DIRECTION('center_axis',(1.,0.,0.));
#2287=DIRECTION('ref_axis',(0.,0.,1.));
#2288=DIRECTION('',(1.,0.,0.));
#2289=DIRECTION('center_axis',(0.,0.,-1.));
#2290=DIRECTION('ref_axis',(0.,1.,0.));
#2291=DIRECTION('',(0.,-1.,0.));
#2292=DIRECTION('',(0.,1.,0.));
#2293=DIRECTION('',(1.,0.,0.));
#2294=DIRECTION('center_axis',(1.,0.,0.));
#2295=DIRECTION('ref_axis',(0.,0.,1.));
#2296=DIRECTION('center_axis',(1.,0.,0.));
#2297=DIRECTION('ref_axis',(0.,0.,1.));
#2298=DIRECTION('center_axis',(-1.,0.,0.));
#2299=DIRECTION('ref_axis',(0.,0.,1.));
#2300=DIRECTION('',(1.,0.,0.));
#2301=DIRECTION('center_axis',(0.,-0.951056516295154,0.309016994374947));
#2302=DIRECTION('ref_axis',(0.,-0.309016994374947,-0.951056516295154));
#2303=DIRECTION('',(0.,0.309016994374947,0.951056516295154));
#2304=DIRECTION('',(0.,-0.309016994374947,-0.951056516295154));
#2305=DIRECTION('center_axis',(0.,0.587785252292473,-0.809016994374947));
#2306=DIRECTION('ref_axis',(0.,0.809016994374947,0.587785252292473));
#2307=DIRECTION('',(0.,-0.809016994374947,-0.587785252292473));
#2308=DIRECTION('',(1.,0.,0.));
#2309=DIRECTION('',(0.,0.809016994374947,0.587785252292473));
#2310=DIRECTION('',(1.,0.,0.));
#2311=DIRECTION('center_axis',(1.,0.,0.));
#2312=DIRECTION('ref_axis',(0.,0.,1.));
#2313=DIRECTION('center_axis',(-1.,0.,0.));
#2314=DIRECTION('ref_axis',(0.,0.,1.));
#2315=DIRECTION('center_axis',(1.,0.,0.));
#2316=DIRECTION('ref_axis',(0.,0.,1.));
#2317=DIRECTION('',(1.,0.,0.));
#2318=DIRECTION('center_axis',(0.,0.587785252292473,0.809016994374948));
#2319=DIRECTION('ref_axis',(0.,-0.809016994374948,0.587785252292473));
#2320=DIRECTION('',(0.,0.809016994374948,-0.587785252292473));
#2321=DIRECTION('',(0.,-0.809016994374948,0.587785252292473));
#2322=DIRECTION('',(1.,0.,0.));
#2323=DIRECTION('center_axis',(1.,0.,0.));
#2324=DIRECTION('ref_axis',(0.,0.,1.));
#2325=DIRECTION('center_axis',(1.,0.,0.));
#2326=DIRECTION('ref_axis',(0.,0.,1.));
#2327=DIRECTION('center_axis',(-1.,0.,0.));
#2328=DIRECTION('ref_axis',(0.,0.,1.));
#2329=DIRECTION('center_axis',(0.,0.,1.));
#2330=DIRECTION('ref_axis',(0.,-1.,0.));
#2331=DIRECTION('',(0.,1.,0.));
#2332=DIRECTION('',(1.,0.,0.));
#2333=DIRECTION('',(0.,-1.,0.));
#2334=DIRECTION('',(1.,0.,0.));
#2335=DIRECTION('center_axis',(1.,0.,0.));
#2336=DIRECTION('ref_axis',(0.,0.,1.));
#2337=DIRECTION('center_axis',(-1.,0.,0.));
#2338=DIRECTION('ref_axis',(0.,0.,1.));
#2339=DIRECTION('center_axis',(1.,0.,0.));
#2340=DIRECTION('ref_axis',(0.,0.,1.));
#2341=DIRECTION('',(1.,0.,0.));
#2342=DIRECTION('center_axis',(0.,-0.951056516295154,-0.309016994374947));
#2343=DIRECTION('ref_axis',(0.,0.309016994374947,-0.951056516295154));
#2344=DIRECTION('',(0.,-0.309016994374947,0.951056516295154));
#2345=DIRECTION('',(0.,0.309016994374947,-0.951056516295154));
#2346=DIRECTION('',(1.,0.,0.));
#2347=DIRECTION('center_axis',(1.,0.,0.));
#2348=DIRECTION('ref_axis',(0.,0.,1.));
#2349=DIRECTION('center_axis',(1.,0.,0.));
#2350=DIRECTION('ref_axis',(0.,0.,1.));
#2351=DIRECTION('center_axis',(-1.,0.,0.));
#2352=DIRECTION('ref_axis',(0.,0.,1.));
#2353=DIRECTION('center_axis',(0.,0.951056516295154,0.309016994374947));
#2354=DIRECTION('ref_axis',(0.,-0.309016994374947,0.951056516295154));
#2355=DIRECTION('',(0.,0.309016994374947,-0.951056516295154));
#2356=DIRECTION('',(1.,0.,0.));
#2357=DIRECTION('',(0.,-0.309016994374947,0.951056516295154));
#2358=DIRECTION('',(1.,0.,0.));
#2359=DIRECTION('center_axis',(1.,0.,0.));
#2360=DIRECTION('ref_axis',(0.,-0.309016994374948,-0.951056516295154));
#2361=DIRECTION('center_axis',(-1.,0.,0.));
#2362=DIRECTION('ref_axis',(0.,0.,1.));
#2363=DIRECTION('center_axis',(1.,0.,0.));
#2364=DIRECTION('ref_axis',(0.,0.,1.));
#2365=DIRECTION('',(1.,0.,0.));
#2366=DIRECTION('center_axis',(0.,-0.587785252292473,0.809016994374947));
#2367=DIRECTION('ref_axis',(0.,-0.809016994374947,-0.587785252292473));
#2368=DIRECTION('',(0.,0.809016994374947,0.587785252292473));
#2369=DIRECTION('',(0.,-0.809016994374947,-0.587785252292473));
#2370=DIRECTION('',(1.,0.,0.));
#2371=DIRECTION('center_axis',(1.,0.,0.));
#2372=DIRECTION('ref_axis',(0.,-0.309016994374948,-0.951056516295153));
#2373=DIRECTION('center_axis',(1.,0.,0.));
#2374=DIRECTION('ref_axis',(0.,0.,1.));
#2375=DIRECTION('center_axis',(-1.,0.,0.));
#2376=DIRECTION('ref_axis',(0.,0.,1.));
#2377=DIRECTION('center_axis',(1.,0.,0.));
#2378=DIRECTION('ref_axis',(0.,0.,-1.));
#2379=DIRECTION('center_axis',(1.,0.,0.));
#2380=DIRECTION('ref_axis',(0.,0.,1.));
#2381=DIRECTION('center_axis',(-1.,0.,0.));
#2382=DIRECTION('ref_axis',(0.,0.,1.));
#2383=DIRECTION('center_axis',(-1.,0.,0.));
#2384=DIRECTION('ref_axis',(0.,0.,1.));
#2385=DIRECTION('center_axis',(1.,0.,0.));
#2386=DIRECTION('ref_axis',(0.,0.,1.));
#2387=DIRECTION('',(0.,0.969400265939331,0.245485487140796));
#2388=DIRECTION('',(0.,0.187200846722064,0.982321659634227));
#2389=DIRECTION('center_axis',(1.,0.,0.));
#2390=DIRECTION('ref_axis',(0.,0.,1.));
#2391=DIRECTION('',(0.,0.346332502262249,-0.938111825891119));
#2392=DIRECTION('',(0.,0.996584493006669,-0.082579345472336));
#2393=DIRECTION('',(0.,0.496017109962184,0.868312747012713));
#2394=DIRECTION('center_axis',(1.,0.,0.));
#2395=DIRECTION('ref_axis',(0.,0.,1.));
#2396=DIRECTION('',(0.,0.0229628400794754,-0.999736319223966));
#2397=DIRECTION('',(0.,0.915773326655056,-0.401695424652974));
#2398=DIRECTION('',(0.,0.751082222839442,0.660208674991902));
#2399=DIRECTION('center_axis',(1.,0.,0.));
#2400=DIRECTION('ref_axis',(0.,0.,1.));
#2401=DIRECTION('',(0.,-0.302895202131084,-0.953023869861595));
#2402=DIRECTION('',(0.,0.735723910673128,-0.677281571625745));
#2403=DIRECTION('',(0.,0.924755922630581,0.38056074884263));
#2404=DIRECTION('center_axis',(1.,0.,0.));
#2405=DIRECTION('ref_axis',(0.,0.,1.));
#2406=DIRECTION('',(0.,-0.595929849287432,-0.803036496510749));
#2407=DIRECTION('',(0.,0.475947393037068,-0.879473751206492));
#2408=DIRECTION('',(0.,0.99821796913812,0.0596731605478269));
#2409=DIRECTION('center_axis',(1.,0.,0.));
#2410=DIRECTION('ref_axis',(0.,0.,1.));
#2411=DIRECTION('',(0.,-0.824386250469143,-0.566027658367881));
#2412=DIRECTION('',(0.,0.164594590280727,-0.986361303402724));
#2413=DIRECTION('',(0.,0.963507609741871,-0.267680940616821));
#2414=DIRECTION('center_axis',(1.,0.,0.));
#2415=DIRECTION('ref_axis',(0.,0.,1.));
#2416=DIRECTION('',(0.,-0.963507609741875,-0.267680940616808));
#2417=DIRECTION('',(0.,-0.164594590280741,-0.986361303402721));
#2418=DIRECTION('',(0.,0.824386250469136,-0.566027658367892));
#2419=DIRECTION('center_axis',(1.,0.,0.));
#2420=DIRECTION('ref_axis',(0.,0.,1.));
#2421=DIRECTION('',(0.,-0.998217969138119,0.0596731605478404));
#2422=DIRECTION('',(0.,-0.475947393037081,-0.879473751206485));
#2423=DIRECTION('',(0.,0.595929849287421,-0.803036496510757));
#2424=DIRECTION('center_axis',(1.,0.,0.));
#2425=DIRECTION('ref_axis',(0.,0.,1.));
#2426=DIRECTION('',(0.,-0.924755922630575,0.380560748842643));
#2427=DIRECTION('',(0.,-0.735723910673138,-0.677281571625734));
#2428=DIRECTION('',(0.,0.302895202131071,-0.953023869861599));
#2429=DIRECTION('center_axis',(1.,0.,0.));
#2430=DIRECTION('ref_axis',(0.,0.,1.));
#2431=DIRECTION('',(0.,-0.751082222839433,0.660208674991912));
#2432=DIRECTION('',(0.,-0.915773326655062,-0.40169542465296));
#2433=DIRECTION('',(0.,-0.0229628400794892,-0.999736319223966));
#2434=DIRECTION('center_axis',(1.,0.,0.));
#2435=DIRECTION('ref_axis',(0.,0.,1.));
#2436=DIRECTION('',(0.,-0.496017109962172,0.868312747012719));
#2437=DIRECTION('',(0.,-0.996584493006671,-0.0825793454723221));
#2438=DIRECTION('',(0.,-0.346332502262261,-0.938111825891115));
#2439=DIRECTION('center_axis',(1.,0.,0.));
#2440=DIRECTION('ref_axis',(0.,0.,1.));
#2441=DIRECTION('',(0.,-0.187200846722051,0.982321659634229));
#2442=DIRECTION('',(0.,-0.969400265939328,0.24548548714081));
#2443=DIRECTION('',(0.,-0.632171663922453,-0.774828359918194));
#2444=DIRECTION('center_axis',(1.,0.,0.));
#2445=DIRECTION('ref_axis',(0.,0.,1.));
#2446=DIRECTION('',(0.,0.141901532980826,0.989880778143354));
#2447=DIRECTION('',(0.,-0.837166478262522,0.546948158122437));
#2448=DIRECTION('',(0.,-0.849505216642608,-0.52758021844739));
#2449=DIRECTION('center_axis',(1.,0.,0.));
#2450=DIRECTION('ref_axis',(0.,0.,1.));
#2451=DIRECTION('',(0.,0.455626679756083,0.890170954757819));
#2452=DIRECTION('',(0.,-0.614212712689657,0.789140509396402));
#2453=DIRECTION('',(0.,-0.97478169770797,-0.223160574057263));
#2454=DIRECTION('center_axis',(1.,0.,0.));
#2455=DIRECTION('ref_axis',(0.,0.,1.));
#2456=DIRECTION('',(0.,0.719977606003408,0.693997295998768));
#2457=DIRECTION('',(0.,-0.32469946920467,0.945817241700639));
#2458=DIRECTION('',(0.,-0.99442545653022,0.105441981225049));
#2459=DIRECTION('center_axis',(1.,0.,0.));
#2460=DIRECTION('ref_axis',(0.,0.,1.));
#2461=DIRECTION('',(0.,0.906307787036649,0.422618261740701));
#2462=DIRECTION('',(0.,0.,1.));
#2463=DIRECTION('',(0.,-0.906307787036649,0.4226182617407));
#2464=DIRECTION('center_axis',(1.,0.,0.));
#2465=DIRECTION('ref_axis',(0.,0.,1.));
#2466=DIRECTION('',(0.,0.994425456530222,0.105441981225035));
#2467=DIRECTION('',(0.,0.324699469204684,0.945817241700634));
#2468=DIRECTION('',(0.,-0.719977606003398,0.693997295998778));
#2469=DIRECTION('center_axis',(1.,0.,0.));
#2470=DIRECTION('ref_axis',(0.,0.,1.));
#2471=DIRECTION('',(0.,0.974781697707967,-0.223160574057276));
#2472=DIRECTION('',(0.,0.614212712689669,0.789140509396393));
#2473=DIRECTION('',(0.,-0.455626679756071,0.890170954757826));
#2474=DIRECTION('center_axis',(1.,0.,0.));
#2475=DIRECTION('ref_axis',(0.,0.,1.));
#2476=DIRECTION('',(0.,0.849505216642601,-0.527580218447401));
#2477=DIRECTION('',(0.,0.83716647826253,0.546948158122425));
#2478=DIRECTION('',(0.,-0.141901532980812,0.989880778143356));
#2479=DIRECTION('center_axis',(1.,0.,0.));
#2480=DIRECTION('ref_axis',(0.,0.,1.));
#2481=DIRECTION('',(0.,0.632171663922442,-0.774828359918202));
#2482=DIRECTION('center_axis',(-1.,0.,0.));
#2483=DIRECTION('ref_axis',(0.,0.,1.));
#2484=DIRECTION('',(1.,0.,0.));
#2485=DIRECTION('center_axis',(-1.,0.,0.));
#2486=DIRECTION('ref_axis',(0.,0.,1.));
#2487=DIRECTION('',(-1.,0.,0.));
#2488=DIRECTION('center_axis',(0.,-0.999736319223966,0.0229628400794892));
#2489=DIRECTION('ref_axis',(0.,-0.0229628400794892,-0.999736319223966));
#2490=DIRECTION('',(1.,0.,0.));
#2491=DIRECTION('',(0.,0.0229628400794892,0.999736319223966));
#2492=DIRECTION('center_axis',(0.,-0.40169542465296,0.915773326655062));
#2493=DIRECTION('ref_axis',(0.,-0.915773326655062,-0.40169542465296));
#2494=DIRECTION('',(1.,0.,0.));
#2495=DIRECTION('',(0.,0.915773326655062,0.40169542465296));
#2496=DIRECTION('center_axis',(0.,0.660208674991912,0.751082222839433));
#2497=DIRECTION('ref_axis',(0.,-0.751082222839433,0.660208674991912));
#2498=DIRECTION('',(-1.,0.,0.));
#2499=DIRECTION('',(0.,0.751082222839433,-0.660208674991912));
#2500=DIRECTION('center_axis',(-1.,0.,0.));
#2501=DIRECTION('ref_axis',(0.,0.,1.));
#2502=DIRECTION('',(1.,0.,0.));
#2503=DIRECTION('center_axis',(-1.,0.,0.));
#2504=DIRECTION('ref_axis',(0.,0.,1.));
#2505=DIRECTION('center_axis',(0.,-0.953023869861599,-0.302895202131072));
#2506=DIRECTION('ref_axis',(0.,0.302895202131071,-0.953023869861599));
#2507=DIRECTION('',(1.,0.,0.));
#2508=DIRECTION('',(0.,-0.302895202131072,0.953023869861599));
#2509=DIRECTION('center_axis',(0.,-0.677281571625734,0.735723910673138));
#2510=DIRECTION('ref_axis',(0.,-0.735723910673138,-0.677281571625734));
#2511=DIRECTION('',(1.,0.,0.));
#2512=DIRECTION('',(0.,0.735723910673138,0.677281571625734));
#2513=DIRECTION('center_axis',(0.,0.380560748842643,0.924755922630575));
#2514=DIRECTION('ref_axis',(0.,-0.924755922630576,0.380560748842643));
#2515=DIRECTION('',(-1.,0.,0.));
#2516=DIRECTION('',(0.,0.924755922630575,-0.380560748842643));
#2517=DIRECTION('center_axis',(-1.,0.,0.));
#2518=DIRECTION('ref_axis',(0.,0.,1.));
#2519=DIRECTION('',(1.,0.,0.));
#2520=DIRECTION('center_axis',(-1.,0.,0.));
#2521=DIRECTION('ref_axis',(0.,0.,1.));
#2522=DIRECTION('center_axis',(0.,-0.803036496510757,-0.595929849287421));
#2523=DIRECTION('ref_axis',(0.,0.595929849287421,-0.803036496510757));
#2524=DIRECTION('',(1.,0.,0.));
#2525=DIRECTION('',(0.,-0.595929849287421,0.803036496510757));
#2526=DIRECTION('center_axis',(0.,-0.879473751206485,0.475947393037081));
#2527=DIRECTION('ref_axis',(0.,-0.475947393037081,-0.879473751206485));
#2528=DIRECTION('',(1.,0.,0.));
#2529=DIRECTION('',(0.,0.475947393037081,0.879473751206485));
#2530=DIRECTION('center_axis',(0.,0.0596731605478404,0.99821796913812));
#2531=DIRECTION('ref_axis',(0.,-0.998217969138119,0.0596731605478404));
#2532=DIRECTION('',(-1.,0.,0.));
#2533=DIRECTION('',(0.,0.998217969138119,-0.0596731605478404));
#2534=DIRECTION('center_axis',(-1.,0.,0.));
#2535=DIRECTION('ref_axis',(0.,0.,1.));
#2536=DIRECTION('',(1.,0.,0.));
#2537=DIRECTION('center_axis',(-1.,0.,0.));
#2538=DIRECTION('ref_axis',(0.,0.,1.));
#2539=DIRECTION('center_axis',(0.,-0.566027658367892,-0.824386250469136));
#2540=DIRECTION('ref_axis',(0.,0.824386250469136,-0.566027658367892));
#2541=DIRECTION('',(1.,0.,0.));
#2542=DIRECTION('',(0.,-0.824386250469136,0.566027658367892));
#2543=DIRECTION('center_axis',(0.,-0.986361303402721,0.164594590280741));
#2544=DIRECTION('ref_axis',(0.,-0.164594590280741,-0.986361303402721));
#2545=DIRECTION('',(1.,0.,0.));
#2546=DIRECTION('',(0.,0.164594590280741,0.986361303402721));
#2547=DIRECTION('center_axis',(0.,-0.267680940616808,0.963507609741875));
#2548=DIRECTION('ref_axis',(0.,-0.963507609741875,-0.267680940616808));
#2549=DIRECTION('',(-1.,0.,0.));
#2550=DIRECTION('',(0.,0.963507609741875,0.267680940616808));
#2551=DIRECTION('center_axis',(-1.,0.,0.));
#2552=DIRECTION('ref_axis',(0.,0.,1.));
#2553=DIRECTION('',(1.,0.,0.));
#2554=DIRECTION('center_axis',(-1.,0.,0.));
#2555=DIRECTION('ref_axis',(0.,0.,1.));
#2556=DIRECTION('center_axis',(0.,-0.267680940616821,-0.963507609741871));
#2557=DIRECTION('ref_axis',(0.,0.963507609741871,-0.267680940616821));
#2558=DIRECTION('',(1.,0.,0.));
#2559=DIRECTION('',(0.,-0.963507609741871,0.267680940616821));
#2560=DIRECTION('center_axis',(0.,-0.986361303402724,-0.164594590280727));
#2561=DIRECTION('ref_axis',(0.,0.164594590280727,-0.986361303402723));
#2562=DIRECTION('',(1.,0.,0.));
#2563=DIRECTION('',(0.,-0.164594590280727,0.986361303402724));
#2564=DIRECTION('center_axis',(0.,-0.566027658367881,0.824386250469143));
#2565=DIRECTION('ref_axis',(0.,-0.824386250469143,-0.566027658367881));
#2566=DIRECTION('',(-1.,0.,0.));
#2567=DIRECTION('',(0.,0.824386250469143,0.566027658367881));
#2568=DIRECTION('center_axis',(-1.,0.,0.));
#2569=DIRECTION('ref_axis',(0.,0.,1.));
#2570=DIRECTION('',(1.,0.,0.));
#2571=DIRECTION('center_axis',(-1.,0.,0.));
#2572=DIRECTION('ref_axis',(0.,0.,1.));
#2573=DIRECTION('center_axis',(0.,0.0596731605478269,-0.99821796913812));
#2574=DIRECTION('ref_axis',(0.,0.99821796913812,0.0596731605478269));
#2575=DIRECTION('',(1.,0.,0.));
#2576=DIRECTION('',(0.,-0.99821796913812,-0.0596731605478269));
#2577=DIRECTION('center_axis',(0.,-0.879473751206492,-0.475947393037068));
#2578=DIRECTION('ref_axis',(0.,0.475947393037068,-0.879473751206492));
#2579=DIRECTION('',(1.,0.,0.));
#2580=DIRECTION('',(0.,-0.475947393037068,0.879473751206492));
#2581=DIRECTION('center_axis',(0.,-0.803036496510749,0.595929849287432));
#2582=DIRECTION('ref_axis',(0.,-0.595929849287432,-0.803036496510749));
#2583=DIRECTION('',(-1.,0.,0.));
#2584=DIRECTION('',(0.,0.595929849287432,0.803036496510749));
#2585=DIRECTION('center_axis',(-1.,0.,0.));
#2586=DIRECTION('ref_axis',(0.,0.,1.));
#2587=DIRECTION('',(1.,0.,0.));
#2588=DIRECTION('center_axis',(-1.,0.,0.));
#2589=DIRECTION('ref_axis',(0.,0.,1.));
#2590=DIRECTION('center_axis',(0.,0.38056074884263,-0.924755922630581));
#2591=DIRECTION('ref_axis',(0.,0.924755922630581,0.38056074884263));
#2592=DIRECTION('',(1.,0.,0.));
#2593=DIRECTION('',(0.,-0.924755922630581,-0.38056074884263));
#2594=DIRECTION('center_axis',(0.,-0.677281571625745,-0.735723910673128));
#2595=DIRECTION('ref_axis',(0.,0.735723910673128,-0.677281571625745));
#2596=DIRECTION('',(1.,0.,0.));
#2597=DIRECTION('',(0.,-0.735723910673128,0.677281571625745));
#2598=DIRECTION('center_axis',(0.,-0.953023869861595,0.302895202131084));
#2599=DIRECTION('ref_axis',(0.,-0.302895202131084,-0.953023869861595));
#2600=DIRECTION('',(-1.,0.,0.));
#2601=DIRECTION('',(0.,0.302895202131084,0.953023869861595));
#2602=DIRECTION('center_axis',(-1.,0.,0.));
#2603=DIRECTION('ref_axis',(0.,0.,1.));
#2604=DIRECTION('',(1.,0.,0.));
#2605=DIRECTION('center_axis',(-1.,0.,0.));
#2606=DIRECTION('ref_axis',(0.,0.,1.));
#2607=DIRECTION('center_axis',(0.,0.660208674991902,-0.751082222839442));
#2608=DIRECTION('ref_axis',(0.,0.751082222839442,0.660208674991902));
#2609=DIRECTION('',(1.,0.,0.));
#2610=DIRECTION('',(0.,-0.751082222839442,-0.660208674991902));
#2611=DIRECTION('center_axis',(0.,-0.401695424652974,-0.915773326655056));
#2612=DIRECTION('ref_axis',(0.,0.915773326655056,-0.401695424652974));
#2613=DIRECTION('',(1.,0.,0.));
#2614=DIRECTION('',(0.,-0.915773326655056,0.401695424652974));
#2615=DIRECTION('center_axis',(0.,-0.999736319223966,-0.0229628400794754));
#2616=DIRECTION('ref_axis',(0.,0.0229628400794754,-0.999736319223966));
#2617=DIRECTION('',(-1.,0.,0.));
#2618=DIRECTION('',(0.,-0.0229628400794754,0.999736319223966));
#2619=DIRECTION('center_axis',(-1.,0.,0.));
#2620=DIRECTION('ref_axis',(0.,0.,1.));
#2621=DIRECTION('',(1.,0.,0.));
#2622=DIRECTION('center_axis',(-1.,0.,0.));
#2623=DIRECTION('ref_axis',(0.,0.,1.));
#2624=DIRECTION('center_axis',(0.,0.868312747012713,-0.496017109962184));
#2625=DIRECTION('ref_axis',(0.,0.496017109962184,0.868312747012713));
#2626=DIRECTION('',(1.,0.,0.));
#2627=DIRECTION('',(0.,-0.496017109962184,-0.868312747012713));
#2628=DIRECTION('center_axis',(0.,-0.082579345472336,-0.99658449300667));
#2629=DIRECTION('ref_axis',(0.,0.99658449300667,-0.082579345472336));
#2630=DIRECTION('',(1.,0.,0.));
#2631=DIRECTION('',(0.,-0.996584493006669,0.082579345472336));
#2632=DIRECTION('center_axis',(0.,-0.938111825891119,-0.346332502262249));
#2633=DIRECTION('ref_axis',(0.,0.346332502262249,-0.938111825891119));
#2634=DIRECTION('',(-1.,0.,0.));
#2635=DIRECTION('',(0.,-0.346332502262249,0.938111825891119));
#2636=DIRECTION('center_axis',(-1.,0.,0.));
#2637=DIRECTION('ref_axis',(0.,0.,1.));
#2638=DIRECTION('',(1.,0.,0.));
#2639=DIRECTION('center_axis',(-1.,0.,0.));
#2640=DIRECTION('ref_axis',(0.,0.,1.));
#2641=DIRECTION('center_axis',(0.,0.982321659634227,-0.187200846722064));
#2642=DIRECTION('ref_axis',(0.,0.187200846722064,0.982321659634227));
#2643=DIRECTION('',(1.,0.,0.));
#2644=DIRECTION('',(0.,-0.187200846722064,-0.982321659634227));
#2645=DIRECTION('center_axis',(-1.,0.,0.));
#2646=DIRECTION('ref_axis',(0.,0.,1.));
#2647=DIRECTION('center_axis',(-1.,0.,0.));
#2648=DIRECTION('ref_axis',(0.,0.,1.));
#2649=DIRECTION('',(1.,0.,0.));
#2650=DIRECTION('center_axis',(1.,0.,0.));
#2651=DIRECTION('ref_axis',(0.,0.,1.));
#2652=DIRECTION('center_axis',(-1.,0.,0.));
#2653=DIRECTION('ref_axis',(0.,0.,1.));
#2654=DIRECTION('',(1.,0.,0.));
#2655=DIRECTION('center_axis',(-1.,0.,0.));
#2656=DIRECTION('ref_axis',(0.,0.,1.));
#2657=DIRECTION('center_axis',(-1.,0.,0.));
#2658=DIRECTION('ref_axis',(0.,0.,1.));
#2659=DIRECTION('',(-1.,0.,0.));
#2660=DIRECTION('center_axis',(-1.,0.,0.));
#2661=DIRECTION('ref_axis',(0.,0.,1.));
#2662=DIRECTION('',(1.,0.,0.));
#2663=DIRECTION('center_axis',(-1.,0.,0.));
#2664=DIRECTION('ref_axis',(0.,0.,1.));
#2665=DIRECTION('',(-1.,0.,0.));
#2666=DIRECTION('center_axis',(-1.,0.,0.));
#2667=DIRECTION('ref_axis',(0.,0.,1.));
#2668=DIRECTION('',(1.,0.,0.));
#2669=DIRECTION('center_axis',(-1.,0.,0.));
#2670=DIRECTION('ref_axis',(0.,0.,1.));
#2671=DIRECTION('',(-1.,0.,0.));
#2672=DIRECTION('center_axis',(-1.,0.,0.));
#2673=DIRECTION('ref_axis',(0.,0.,1.));
#2674=DIRECTION('',(1.,0.,0.));
#2675=DIRECTION('center_axis',(-1.,0.,0.));
#2676=DIRECTION('ref_axis',(0.,0.,1.));
#2677=DIRECTION('',(-1.,0.,0.));
#2678=DIRECTION('center_axis',(-1.,0.,0.));
#2679=DIRECTION('ref_axis',(0.,0.,1.));
#2680=DIRECTION('',(1.,0.,0.));
#2681=DIRECTION('center_axis',(-1.,0.,0.));
#2682=DIRECTION('ref_axis',(0.,0.,1.));
#2683=DIRECTION('',(-1.,0.,0.));
#2684=DIRECTION('center_axis',(-1.,0.,0.));
#2685=DIRECTION('ref_axis',(0.,0.,1.));
#2686=DIRECTION('',(1.,0.,0.));
#2687=DIRECTION('center_axis',(-1.,0.,0.));
#2688=DIRECTION('ref_axis',(0.,0.,1.));
#2689=DIRECTION('',(-1.,0.,0.));
#2690=DIRECTION('center_axis',(-1.,0.,0.));
#2691=DIRECTION('ref_axis',(0.,0.,1.));
#2692=DIRECTION('',(1.,0.,0.));
#2693=DIRECTION('center_axis',(-1.,0.,0.));
#2694=DIRECTION('ref_axis',(0.,0.,1.));
#2695=DIRECTION('',(-1.,0.,0.));
#2696=DIRECTION('center_axis',(-1.,0.,0.));
#2697=DIRECTION('ref_axis',(0.,0.,1.));
#2698=DIRECTION('',(1.,0.,0.));
#2699=DIRECTION('center_axis',(-1.,0.,0.));
#2700=DIRECTION('ref_axis',(0.,0.,1.));
#2701=DIRECTION('',(-1.,0.,0.));
#2702=DIRECTION('center_axis',(-1.,0.,0.));
#2703=DIRECTION('ref_axis',(0.,0.,1.));
#2704=DIRECTION('',(1.,0.,0.));
#2705=DIRECTION('center_axis',(-1.,0.,0.));
#2706=DIRECTION('ref_axis',(0.,0.,1.));
#2707=DIRECTION('',(-1.,0.,0.));
#2708=DIRECTION('center_axis',(-1.,0.,0.));
#2709=DIRECTION('ref_axis',(0.,0.,1.));
#2710=DIRECTION('',(1.,0.,0.));
#2711=DIRECTION('center_axis',(-1.,0.,0.));
#2712=DIRECTION('ref_axis',(0.,0.,1.));
#2713=DIRECTION('',(-1.,0.,0.));
#2714=DIRECTION('center_axis',(0.,0.422618261740701,-0.906307787036649));
#2715=DIRECTION('ref_axis',(0.,0.906307787036649,0.422618261740701));
#2716=DIRECTION('',(0.,-0.906307787036649,-0.422618261740701));
#2717=DIRECTION('',(-1.,0.,0.));
#2718=DIRECTION('center_axis',(0.,1.,0.));
#2719=DIRECTION('ref_axis',(0.,0.,1.));
#2720=DIRECTION('',(0.,0.,-1.));
#2721=DIRECTION('',(1.,0.,0.));
#2722=DIRECTION('center_axis',(0.,0.4226182617407,0.906307787036649));
#2723=DIRECTION('ref_axis',(0.,-0.90630778703665,0.4226182617407));
#2724=DIRECTION('',(0.,0.906307787036649,-0.4226182617407));
#2725=DIRECTION('center_axis',(0.,0.105441981225035,-0.994425456530222));
#2726=DIRECTION('ref_axis',(0.,0.994425456530222,0.105441981225035));
#2727=DIRECTION('',(0.,-0.994425456530222,-0.105441981225035));
#2728=DIRECTION('',(1.,0.,0.));
#2729=DIRECTION('center_axis',(0.,0.945817241700635,-0.324699469204684));
#2730=DIRECTION('ref_axis',(0.,0.324699469204684,0.945817241700634));
#2731=DIRECTION('',(0.,-0.324699469204684,-0.945817241700634));
#2732=DIRECTION('',(1.,0.,0.));
#2733=DIRECTION('center_axis',(0.,0.693997295998778,0.719977606003398));
#2734=DIRECTION('ref_axis',(0.,-0.719977606003398,0.693997295998778));
#2735=DIRECTION('',(0.,0.719977606003398,-0.693997295998778));
#2736=DIRECTION('center_axis',(0.,-0.223160574057276,-0.974781697707967));
#2737=DIRECTION('ref_axis',(0.,0.974781697707967,-0.223160574057276));
#2738=DIRECTION('',(0.,-0.974781697707967,0.223160574057276));
#2739=DIRECTION('',(1.,0.,0.));
#2740=DIRECTION('center_axis',(0.,0.789140509396393,-0.614212712689669));
#2741=DIRECTION('ref_axis',(0.,0.614212712689669,0.789140509396393));
#2742=DIRECTION('',(0.,-0.614212712689669,-0.789140509396393));
#2743=DIRECTION('',(1.,0.,0.));
#2744=DIRECTION('center_axis',(0.,0.890170954757826,0.455626679756071));
#2745=DIRECTION('ref_axis',(0.,-0.455626679756071,0.890170954757826));
#2746=DIRECTION('',(0.,0.455626679756071,-0.890170954757826));
#2747=DIRECTION('center_axis',(0.,-0.527580218447401,-0.849505216642601));
#2748=DIRECTION('ref_axis',(0.,0.849505216642601,-0.527580218447401));
#2749=DIRECTION('',(0.,-0.849505216642601,0.527580218447401));
#2750=DIRECTION('',(1.,0.,0.));
#2751=DIRECTION('center_axis',(0.,0.546948158122425,-0.83716647826253));
#2752=DIRECTION('ref_axis',(0.,0.83716647826253,0.546948158122425));
#2753=DIRECTION('',(0.,-0.83716647826253,-0.546948158122425));
#2754=DIRECTION('',(1.,0.,0.));
#2755=DIRECTION('center_axis',(0.,0.989880778143356,0.141901532980812));
#2756=DIRECTION('ref_axis',(0.,-0.141901532980812,0.989880778143356));
#2757=DIRECTION('',(0.,0.141901532980812,-0.989880778143356));
#2758=DIRECTION('center_axis',(0.,-0.774828359918202,-0.632171663922442));
#2759=DIRECTION('ref_axis',(0.,0.632171663922442,-0.774828359918202));
#2760=DIRECTION('',(0.,-0.632171663922442,0.774828359918202));
#2761=DIRECTION('',(1.,0.,0.));
#2762=DIRECTION('center_axis',(0.,0.245485487140796,-0.969400265939331));
#2763=DIRECTION('ref_axis',(0.,0.969400265939331,0.245485487140796));
#2764=DIRECTION('',(0.,-0.969400265939331,-0.245485487140796));
#2765=DIRECTION('center_axis',(0.,0.868312747012719,0.496017109962172));
#2766=DIRECTION('ref_axis',(0.,-0.496017109962172,0.868312747012719));
#2767=DIRECTION('',(0.,0.496017109962172,-0.868312747012719));
#2768=DIRECTION('',(1.,0.,0.));
#2769=DIRECTION('center_axis',(0.,-0.0825793454723221,0.996584493006671));
#2770=DIRECTION('ref_axis',(0.,-0.996584493006671,-0.0825793454723221));
#2771=DIRECTION('',(0.,0.996584493006671,0.0825793454723221));
#2772=DIRECTION('',(1.,0.,0.));
#2773=DIRECTION('center_axis',(0.,-0.938111825891115,0.346332502262261));
#2774=DIRECTION('ref_axis',(0.,-0.346332502262261,-0.938111825891115));
#2775=DIRECTION('',(0.,0.346332502262261,0.938111825891115));
#2776=DIRECTION('center_axis',(0.,0.98232165963423,0.187200846722051));
#2777=DIRECTION('ref_axis',(0.,-0.187200846722051,0.98232165963423));
#2778=DIRECTION('',(0.,0.187200846722051,-0.982321659634229));
#2779=DIRECTION('',(1.,0.,0.));
#2780=DIRECTION('center_axis',(0.,0.24548548714081,0.969400265939328));
#2781=DIRECTION('ref_axis',(0.,-0.969400265939328,0.24548548714081));
#2782=DIRECTION('',(0.,0.969400265939328,-0.24548548714081));
#2783=DIRECTION('',(1.,0.,0.));
#2784=DIRECTION('center_axis',(0.,-0.774828359918193,0.632171663922453));
#2785=DIRECTION('ref_axis',(0.,-0.632171663922453,-0.774828359918194));
#2786=DIRECTION('',(0.,0.632171663922453,0.774828359918194));
#2787=DIRECTION('center_axis',(0.,0.989880778143354,-0.141901532980826));
#2788=DIRECTION('ref_axis',(0.,0.141901532980826,0.989880778143354));
#2789=DIRECTION('',(0.,-0.141901532980826,-0.989880778143354));
#2790=DIRECTION('',(1.,0.,0.));
#2791=DIRECTION('center_axis',(0.,0.546948158122437,0.837166478262522));
#2792=DIRECTION('ref_axis',(0.,-0.837166478262522,0.546948158122437));
#2793=DIRECTION('',(0.,0.837166478262522,-0.546948158122437));
#2794=DIRECTION('',(1.,0.,0.));
#2795=DIRECTION('center_axis',(0.,-0.52758021844739,0.849505216642608));
#2796=DIRECTION('ref_axis',(0.,-0.849505216642608,-0.52758021844739));
#2797=DIRECTION('',(0.,0.849505216642608,0.52758021844739));
#2798=DIRECTION('center_axis',(0.,0.890170954757819,-0.455626679756083));
#2799=DIRECTION('ref_axis',(0.,0.455626679756083,0.890170954757819));
#2800=DIRECTION('',(0.,-0.455626679756083,-0.890170954757819));
#2801=DIRECTION('',(-1.,0.,0.));
#2802=DIRECTION('center_axis',(0.,0.789140509396402,0.614212712689658));
#2803=DIRECTION('ref_axis',(0.,-0.614212712689657,0.789140509396402));
#2804=DIRECTION('',(0.,0.614212712689657,-0.789140509396402));
#2805=DIRECTION('',(-1.,0.,0.));
#2806=DIRECTION('center_axis',(0.,-0.223160574057263,0.97478169770797));
#2807=DIRECTION('ref_axis',(0.,-0.97478169770797,-0.223160574057263));
#2808=DIRECTION('',(0.,0.97478169770797,0.223160574057263));
#2809=DIRECTION('center_axis',(0.,0.693997295998768,-0.719977606003408));
#2810=DIRECTION('ref_axis',(0.,0.719977606003408,0.693997295998768));
#2811=DIRECTION('',(0.,-0.719977606003408,-0.693997295998768));
#2812=DIRECTION('',(-1.,0.,0.));
#2813=DIRECTION('center_axis',(0.,0.945817241700639,0.32469946920467));
#2814=DIRECTION('ref_axis',(0.,-0.32469946920467,0.945817241700639));
#2815=DIRECTION('',(0.,0.32469946920467,-0.945817241700639));
#2816=DIRECTION('',(-1.,0.,0.));
#2817=DIRECTION('center_axis',(0.,0.105441981225049,0.99442545653022));
#2818=DIRECTION('ref_axis',(0.,-0.99442545653022,0.105441981225049));
#2819=DIRECTION('',(0.,0.99442545653022,-0.105441981225049));
#2820=DIRECTION('center_axis',(-1.,0.,0.));
#2821=DIRECTION('ref_axis',(0.,0.,1.));
#2822=DIRECTION('center_axis',(1.,0.,0.));
#2823=DIRECTION('ref_axis',(0.,0.,-1.));
#2824=CARTESIAN_POINT('',(0.,0.,0.));
#2825=CARTESIAN_POINT('Origin',(-0.450000000000013,-22.1003222688822,19.3710379903409));
#2826=CARTESIAN_POINT('',(56.45,-9.86643797377343,10.4826007672475));
#2827=CARTESIAN_POINT('',(56.45,-22.1003222688822,19.3710379903409));
#2828=CARTESIAN_POINT('',(56.45,-0.983781996397362,4.02897343804276));
#2829=CARTESIAN_POINT('',(-0.450000000000013,-9.86643797377343,10.4826007672475));
#2830=CARTESIAN_POINT('',(-0.450000000000013,-9.86643797377343,10.4826007672475));
#2831=CARTESIAN_POINT('',(-0.450000000000013,-22.1003222688822,19.3710379903409));
#2832=CARTESIAN_POINT('',(-0.449999999999999,-0.983781996397359,4.02897343804276));
#2833=CARTESIAN_POINT('',(-0.450000000000013,-22.1003222688822,19.3710379903409));
#2834=CARTESIAN_POINT('Origin',(-0.450000000000013,-3.11529316052354,3.10547099269905));
#2835=CARTESIAN_POINT('',(56.45,2.68325762545262,27.4237112411721));
#2836=CARTESIAN_POINT('Origin',(56.45,-3.11529316052354,3.10547099269905));
#2837=CARTESIAN_POINT('',(-0.450000000000013,2.68325762545262,27.4237112411721));
#2838=CARTESIAN_POINT('Origin',(-0.449999999999999,-3.11529316052354,3.10547099269905));
#2839=CARTESIAN_POINT('',(-0.450000000000013,2.68325762545262,27.4237112411721));
#2840=CARTESIAN_POINT('Origin',(-0.450000000000013,-1.98967036084537,13.0419177073373));
#2841=CARTESIAN_POINT('',(56.45,-1.98967036084537,13.0419177073373));
#2842=CARTESIAN_POINT('',(56.45,-1.89337249299265,13.3382920698927));
#2843=CARTESIAN_POINT('',(-0.450000000000013,-1.98967036084537,13.0419177073373));
#2844=CARTESIAN_POINT('',(-0.449999999999999,-1.89337249299265,13.3382920698927));
#2845=CARTESIAN_POINT('',(-0.450000000000013,-1.98967036084537,13.0419177073373));
#2846=CARTESIAN_POINT('Origin',(-0.450000000000013,-3.11529316052354,3.10547099269905));
#2847=CARTESIAN_POINT('Origin',(56.45,-3.11529316052354,3.10547099269905));
#2848=CARTESIAN_POINT('Origin',(-0.449999999999999,-3.11529316052354,3.10547099269905));
#2849=CARTESIAN_POINT('Origin',(-0.450000000000013,-3.11529316052354,3.10547099269905));
#2850=CARTESIAN_POINT('',(56.45,6.48748369063324,26.1876432636723));
#2851=CARTESIAN_POINT('',(56.45,21.8045784282307,5.10547099269905));
#2852=CARTESIAN_POINT('Origin',(56.45,-3.11529316052354,3.10547099269905));
#2853=CARTESIAN_POINT('',(-0.450000000000013,6.48748369063324,26.1876432636723));
#2854=CARTESIAN_POINT('',(-0.450000000000013,6.48748369063324,26.1876432636723));
#2855=CARTESIAN_POINT('',(-0.450000000000013,21.8045784282307,5.10547099269905));
#2856=CARTESIAN_POINT('Origin',(-0.449999999999999,-3.11529316052354,3.10547099269905));
#2857=CARTESIAN_POINT('',(-0.450000000000013,21.8045784282307,5.10547099269905));
#2858=CARTESIAN_POINT('Origin',(-0.450000000000013,6.68266581060917,5.10547099269905));
#2859=CARTESIAN_POINT('',(56.45,6.68266581060917,5.10547099269905));
#2860=CARTESIAN_POINT('',(56.45,18.6455613250428,5.10547099269905));
#2861=CARTESIAN_POINT('',(-0.450000000000013,6.68266581060917,5.10547099269905));
#2862=CARTESIAN_POINT('',(-0.449999999999999,18.6455613250428,5.10547099269905));
#2863=CARTESIAN_POINT('',(-0.450000000000013,6.68266581060917,5.10547099269905));
#2864=CARTESIAN_POINT('Origin',(-0.450000000000013,-3.11529316052354,3.10547099269905));
#2865=CARTESIAN_POINT('',(56.45,1.81455570433524,11.8058497298375));
#2866=CARTESIAN_POINT('Origin',(56.45,-3.11529316052354,3.10547099269905));
#2867=CARTESIAN_POINT('',(-0.450000000000013,1.81455570433524,11.8058497298375));
#2868=CARTESIAN_POINT('Origin',(-0.449999999999999,-3.11529316052354,3.10547099269905));
#2869=CARTESIAN_POINT('',(-0.450000000000013,1.81455570433524,11.8058497298375));
#2870=CARTESIAN_POINT('Origin',(-0.450000000000013,6.48748369063324,26.1876432636723));
#2871=CARTESIAN_POINT('',(56.45,4.24731756533697,19.2931208593103));
#2872=CARTESIAN_POINT('',(-0.449999999999999,4.24731756533697,19.2931208593103));
#2873=CARTESIAN_POINT('Origin',(-0.450000000000013,-24.4514632780521,-9.92402802744299));
#2874=CARTESIAN_POINT('',(56.45,-12.2175789829433,-1.03559080434959));
#2875=CARTESIAN_POINT('',(56.45,-24.4514632780521,-9.92402802744299));
#2876=CARTESIAN_POINT('',(56.45,-3.33492300556726,5.41803652485515));
#2877=CARTESIAN_POINT('',(-0.450000000000013,-12.2175789829433,-1.03559080434959));
#2878=CARTESIAN_POINT('',(-0.450000000000013,-12.2175789829433,-1.03559080434959));
#2879=CARTESIAN_POINT('',(-0.450000000000013,-24.4514632780521,-9.92402802744299));
#2880=CARTESIAN_POINT('',(-0.449999999999999,-3.33492300556726,5.41803652485515));
#2881=CARTESIAN_POINT('',(-0.450000000000013,-24.4514632780521,-9.92402802744299));
#2882=CARTESIAN_POINT('Origin',(-0.450000000000013,-3.11529316052354,3.10547099269905));
#2883=CARTESIAN_POINT('',(56.45,-24.4514632780521,16.1349700128411));
#2884=CARTESIAN_POINT('Origin',(56.45,-3.11529316052354,3.10547099269905));
#2885=CARTESIAN_POINT('',(-0.450000000000013,-24.4514632780521,16.1349700128411));
#2886=CARTESIAN_POINT('Origin',(-0.449999999999999,-3.11529316052354,3.10547099269905));
#2887=CARTESIAN_POINT('',(-0.450000000000013,-24.4514632780521,16.1349700128411));
#2888=CARTESIAN_POINT('Origin',(-0.450000000000013,-12.2175789829433,7.24653278974771));
#2889=CARTESIAN_POINT('',(56.45,-12.2175789829433,7.2465327897477));
#2890=CARTESIAN_POINT('',(56.45,2.78201914198713,-3.65131315100373));
#2891=CARTESIAN_POINT('',(-0.450000000000013,-12.2175789829433,7.2465327897477));
#2892=CARTESIAN_POINT('',(-0.449999999999999,2.78201914198713,-3.65131315100373));
#2893=CARTESIAN_POINT('',(-0.450000000000013,-12.2175789829433,7.2465327897477));
#2894=CARTESIAN_POINT('Origin',(-0.450000000000013,-3.11529316052354,3.10547099269905));
#2895=CARTESIAN_POINT('Origin',(56.45,-3.11529316052354,3.10547099269905));
#2896=CARTESIAN_POINT('Origin',(-0.449999999999999,-3.11529316052354,3.10547099269905));
#2897=CARTESIAN_POINT('Origin',(-0.450000000000013,21.8045784282307,1.10547099269905));
#2898=CARTESIAN_POINT('',(56.45,6.68266581060917,1.10547099269905));
#2899=CARTESIAN_POINT('',(56.45,21.8045784282307,1.10547099269905));
#2900=CARTESIAN_POINT('',(56.45,26.2065176338536,1.10547099269905));
#2901=CARTESIAN_POINT('',(-0.450000000000013,6.68266581060917,1.10547099269905));
#2902=CARTESIAN_POINT('',(-0.450000000000013,6.68266581060917,1.10547099269905));
#2903=CARTESIAN_POINT('',(-0.450000000000013,21.8045784282307,1.10547099269905));
#2904=CARTESIAN_POINT('',(-0.449999999999999,26.2065176338536,1.10547099269905));
#2905=CARTESIAN_POINT('',(-0.450000000000013,21.8045784282307,1.10547099269905));
#2906=CARTESIAN_POINT('Origin',(-0.450000000000013,-3.11529316052354,3.10547099269905));
#2907=CARTESIAN_POINT('',(56.45,6.48748369063325,-19.9767012782742));
#2908=CARTESIAN_POINT('Origin',(56.45,-3.11529316052354,3.10547099269905));
#2909=CARTESIAN_POINT('',(-0.450000000000013,6.48748369063325,-19.9767012782742));
#2910=CARTESIAN_POINT('Origin',(-0.449999999999999,-3.11529316052354,3.10547099269905));
#2911=CARTESIAN_POINT('',(-0.450000000000013,6.48748369063325,-19.9767012782742));
#2912=CARTESIAN_POINT('Origin',(-0.450000000000013,1.81455570433525,-5.59490774443938));
#2913=CARTESIAN_POINT('',(56.45,1.81455570433525,-5.59490774443938));
#2914=CARTESIAN_POINT('',(56.45,1.91085357218797,-5.89128210699478));
#2915=CARTESIAN_POINT('',(-0.450000000000013,1.81455570433525,-5.59490774443938));
#2916=CARTESIAN_POINT('',(-0.449999999999999,1.91085357218798,-5.89128210699478));
#2917=CARTESIAN_POINT('',(-0.450000000000013,1.81455570433525,-5.59490774443938));
#2918=CARTESIAN_POINT('Origin',(-0.450000000000013,-3.11529316052354,3.10547099269905));
#2919=CARTESIAN_POINT('Origin',(56.45,-3.11529316052354,3.10547099269905));
#2920=CARTESIAN_POINT('Origin',(-0.449999999999999,-3.11529316052354,3.10547099269905));
#2921=CARTESIAN_POINT('Origin',(-0.450000000000013,2.68325762545263,-21.212769255774));
#2922=CARTESIAN_POINT('',(56.45,-1.98967036084537,-6.83097572193916));
#2923=CARTESIAN_POINT('',(56.45,2.68325762545263,-21.212769255774));
#2924=CARTESIAN_POINT('',(56.45,0.443091500156356,-14.318246851412));
#2925=CARTESIAN_POINT('',(-0.450000000000013,-1.98967036084537,-6.83097572193916));
#2926=CARTESIAN_POINT('',(-0.450000000000013,-1.98967036084537,-6.83097572193916));
#2927=CARTESIAN_POINT('',(-0.450000000000013,2.68325762545263,-21.212769255774));
#2928=CARTESIAN_POINT('',(-0.449999999999999,0.443091500156356,-14.318246851412));
#2929=CARTESIAN_POINT('',(-0.450000000000013,2.68325762545263,-21.212769255774));
#2930=CARTESIAN_POINT('Origin',(-0.450000000000013,-3.11529316052354,3.10547099269905));
#2931=CARTESIAN_POINT('',(56.45,-22.1003222688822,-13.1600960049428));
#2932=CARTESIAN_POINT('Origin',(56.45,-3.11529316052354,3.10547099269905));
#2933=CARTESIAN_POINT('',(-0.450000000000013,-22.1003222688822,-13.1600960049428));
#2934=CARTESIAN_POINT('Origin',(-0.449999999999999,-3.11529316052354,3.10547099269905));
#2935=CARTESIAN_POINT('',(-0.450000000000013,-22.1003222688822,-13.1600960049428));
#2936=CARTESIAN_POINT('Origin',(-0.450000000000013,-9.86643797377343,-4.27165878184938));
#2937=CARTESIAN_POINT('',(56.45,-9.86643797377343,-4.27165878184939));
#2938=CARTESIAN_POINT('',(56.45,5.13316015115701,6.62618715890205));
#2939=CARTESIAN_POINT('',(-0.450000000000013,-9.86643797377343,-4.27165878184939));
#2940=CARTESIAN_POINT('',(-0.449999999999999,5.13316015115701,6.62618715890206));
#2941=CARTESIAN_POINT('',(-0.450000000000013,-9.86643797377343,-4.27165878184939));
#2942=CARTESIAN_POINT('Origin',(-0.450000000000013,-3.11529316052354,3.10547099269905));
#2943=CARTESIAN_POINT('Origin',(56.45,-3.11529316052354,3.10547099269905));
#2944=CARTESIAN_POINT('Origin',(-0.449999999999999,-3.11529316052354,3.10547099269905));
#2945=CARTESIAN_POINT('Origin',(-0.449999999999999,30.6084568394765,3.10547099269905));
#2946=CARTESIAN_POINT('',(-0.449999999999999,-3.11529316052355,-34.8945290073009));
#2947=CARTESIAN_POINT('Origin',(-0.449999999999999,-3.11529316052354,3.10547099269905));
#2948=CARTESIAN_POINT('',(-0.449999999999999,-3.11529316052354,-2.64452900730095));
#2949=CARTESIAN_POINT('Origin',(-0.449999999999999,-3.11529316052354,3.10547099269905));
#2950=CARTESIAN_POINT('Origin',(3.,2.63470683947646,3.10547099269905));
#2951=CARTESIAN_POINT('',(3.,-3.11529316052354,-34.894529007301));
#2952=CARTESIAN_POINT('Origin',(3.,-3.11529316052354,3.10547099269905));
#2953=CARTESIAN_POINT('',(3.00000000000001,2.9721711013724,-28.588191120632));
#2954=CARTESIAN_POINT('',(3.00000000000001,6.61545766836897,-27.6655856612389));
#2955=CARTESIAN_POINT('',(3.00000000000001,8.86956160416578,-27.0947690211085));
#2956=CARTESIAN_POINT('',(3.00000000000001,2.18311753325476,-32.7286874065512));
#2957=CARTESIAN_POINT('',(3.00000000000001,5.68547018885004,-14.3503684325099));
#2958=CARTESIAN_POINT('',(3.00000000000001,-2.44333181862236,-33.1120459296065));
#2959=CARTESIAN_POINT('Origin',(3.,-3.11529316052354,3.10547099269905));
#2960=CARTESIAN_POINT('',(3.00000000000001,-3.9031270142652,-29.157894565047));
#2961=CARTESIAN_POINT('',(3.00000000000001,-8.39164650364414,-16.9998291619312));
#2962=CARTESIAN_POINT('',(3.00000000000001,-7.64857976873712,-28.8475375013637));
#2963=CARTESIAN_POINT('',(3.00000000000001,-1.50792507208442,-29.3563666565228));
#2964=CARTESIAN_POINT('',(3.00000000000001,-9.73929718437013,-32.5074850030417));
#2965=CARTESIAN_POINT('',(3.00000000000001,-0.0188940580416835,-15.4912374358222));
#2966=CARTESIAN_POINT('',(3.00000000000001,-14.2395490581814,-31.3678664550434));
#2967=CARTESIAN_POINT('Origin',(3.,-3.11529316052354,3.10547099269905));
#2968=CARTESIAN_POINT('',(3.00000000000001,-14.3363376743447,-27.1539671929762));
#2969=CARTESIAN_POINT('',(3.00000000000001,-14.655287685949,-13.2677967752886));
#2970=CARTESIAN_POINT('',(3.00000000000001,-17.7780786936575,-25.6442796097527));
#2971=CARTESIAN_POINT('',(3.00000000000001,-12.3481217059214,-28.0260795754746));
#2972=CARTESIAN_POINT('',(3.00000000000001,-20.9438982839988,-28.4270662254458));
#2973=CARTESIAN_POINT('',(3.00000000000001,-5.67422910105262,-15.0048765472957));
#2974=CARTESIAN_POINT('',(3.00000000000001,-24.8302805606142,-25.8879659590734));
#2975=CARTESIAN_POINT('Origin',(3.,-3.11529316052354,3.10547099269905));
#2976=CARTESIAN_POINT('',(3.00000000000001,-23.5535740489066,-21.8709601699273));
#2977=CARTESIAN_POINT('',(3.00000000000001,-19.0626453972245,-7.74078520252686));
#2978=CARTESIAN_POINT('',(3.00000000000001,-26.3186372895034,-19.3255401420223));
#2979=CARTESIAN_POINT('',(3.00000000000001,-22.3371011821982,-22.9908023322549));
#2980=CARTESIAN_POINT('',(3.00000000000001,-30.2164933791873,-20.929607762537));
#2981=CARTESIAN_POINT('',(3.00000000000001,-10.9542575021818,-13.0027043166156));
#2982=CARTESIAN_POINT('',(3.00000000000001,-33.0678562355013,-17.2661766898517));
#2983=CARTESIAN_POINT('Origin',(3.,-3.11529316052354,3.10547099269905));
#2984=CARTESIAN_POINT('',(3.00000000000001,-30.5560055566089,-13.8813692811477));
#2985=CARTESIAN_POINT('',(3.00000000000001,-21.2182917272082,-1.29847045849599));
#2986=CARTESIAN_POINT('',(3.00000000000001,-32.3447535119942,-10.5760525648459));
#2987=CARTESIAN_POINT('',(3.00000000000001,-30.1245215753966,-14.6786818436155));
#2988=CARTESIAN_POINT('',(3.00000000000001,-36.5522529122346,-10.8275755738258));
#2989=CARTESIAN_POINT('',(3.00000000000001,-15.5490097519696,-9.57200821291196));
#2990=CARTESIAN_POINT('',(3.00000000000001,-38.0596069393124,-6.43680329554311));
#2991=CARTESIAN_POINT('Origin',(3.,-3.11529316052354,3.10547099269905));
#2992=CARTESIAN_POINT('',(3.00000000000001,-34.5848100896722,-4.05099067071265));
#2993=CARTESIAN_POINT('',(3.00000000000001,-21.1259118745855,5.18995510750946));
#2994=CARTESIAN_POINT('',(3.00000000000001,-35.2034041635958,-0.343959619498482));
#2995=CARTESIAN_POINT('',(3.00000000000001,-34.5829271541795,-4.06227448449771));
#2996=CARTESIAN_POINT('',(3.00000000000001,-39.2645990282968,0.784318403860993));
#2997=CARTESIAN_POINT('',(3.00000000000001,-19.0878380843664,-4.82117375153462));
#2998=CARTESIAN_POINT('',(3.00000000000001,-39.2645990282968,5.42662358153762));
#2999=CARTESIAN_POINT('Origin',(3.,-3.11529316052354,3.10547099269905));
#3000=CARTESIAN_POINT('',(3.00000000000001,-35.2034041635958,6.55490160489704));
#3001=CARTESIAN_POINT('',(3.00000000000001,-19.0878380843663,11.032115736933));
#3002=CARTESIAN_POINT('',(3.00000000000001,-34.5848100896721,10.2619326561112));
#3003=CARTESIAN_POINT('',(3.00000000000001,-35.0495116689778,7.47712876507544));
#3004=CARTESIAN_POINT('',(3.00000000000001,-38.0596069393122,12.6477452809417));
#3005=CARTESIAN_POINT('',(3.00000000000001,-21.1259118745855,1.02098687788891));
#3006=CARTESIAN_POINT('',(3.00000000000001,-36.5522529122345,17.0385175592244));
#3007=CARTESIAN_POINT('Origin',(3.,-3.11529316052354,3.10547099269905));
#3008=CARTESIAN_POINT('',(3.00000000000001,-32.344753511994,16.7869945502444));
#3009=CARTESIAN_POINT('',(3.00000000000001,-15.5490097519694,15.7829501983102));
#3010=CARTESIAN_POINT('',(3.00000000000001,-30.5560055566086,20.0923112665462));
#3011=CARTESIAN_POINT('',(3.00000000000001,-31.4737134478082,18.3965356127814));
#3012=CARTESIAN_POINT('',(3.00000000000001,-33.067856235501,23.4771186752502));
#3013=CARTESIAN_POINT('',(3.00000000000001,-21.2182917272082,7.50941244389437));
#3014=CARTESIAN_POINT('',(3.00000000000001,-30.216493379187,27.1405497479355));
#3015=CARTESIAN_POINT('Origin',(3.,-3.11529316052354,3.10547099269905));
#3016=CARTESIAN_POINT('',(3.00000000000001,-26.318637289503,25.5364821274207));
#3017=CARTESIAN_POINT('',(3.00000000000001,-10.9542575021816,19.2136463020138));
#3018=CARTESIAN_POINT('',(3.00000000000001,-23.5535740489062,28.0819021553257));
#3019=CARTESIAN_POINT('',(3.00000000000001,-24.4226945379785,27.2818203824872));
#3020=CARTESIAN_POINT('',(3.00000000000001,-24.8302805606138,32.0989079444718));
#3021=CARTESIAN_POINT('',(3.00000000000001,-19.0626453972244,13.9517271879252));
#3022=CARTESIAN_POINT('',(3.00000000000001,-20.9438982839984,34.6380082108442));
#3023=CARTESIAN_POINT('Origin',(3.,-3.11529316052354,3.10547099269905));
#3024=CARTESIAN_POINT('',(3.00000000000001,-17.7780786936571,31.855221595151));
#3025=CARTESIAN_POINT('',(3.00000000000001,-5.67422910105237,21.2158185326939));
#3026=CARTESIAN_POINT('',(3.00000000000001,-14.3363376743442,33.3649091783744));
#3027=CARTESIAN_POINT('',(3.00000000000001,-14.9441101436563,33.0983154558378));
#3028=CARTESIAN_POINT('',(3.00000000000001,-14.2395490581809,37.5788084404417));
#3029=CARTESIAN_POINT('',(3.00000000000001,-14.6552876859487,19.4787387606869));
#3030=CARTESIAN_POINT('',(3.00000000000001,-9.73929718436964,38.7184269884398));
#3031=CARTESIAN_POINT('Origin',(3.,-3.11529316052354,3.10547099269905));
#3032=CARTESIAN_POINT('',(3.00000000000001,-7.64857976873668,35.0584794867619));
#3033=CARTESIAN_POINT('',(3.00000000000001,-0.0188940580414304,21.7021794212203));
#3034=CARTESIAN_POINT('',(3.00000000000001,-3.90312701426474,35.3688365504451));
#3035=CARTESIAN_POINT('',(3.00000000000001,-4.33299296363462,35.3332168423432));
#3036=CARTESIAN_POINT('',(3.00000000000001,-2.44333181862186,39.3229879150046));
#3037=CARTESIAN_POINT('',(3.00000000000001,-8.39164650364384,23.2107711473294));
#3038=CARTESIAN_POINT('',(3.00000000000001,2.18311753325526,38.9396293919492));
#3039=CARTESIAN_POINT('Origin',(3.,-3.11529316052354,3.10547099269905));
#3040=CARTESIAN_POINT('',(3.00000000000001,2.97217110137285,34.79913310603));
#3041=CARTESIAN_POINT('',(3.00000000000001,5.68547018885029,20.5613104179079));
#3042=CARTESIAN_POINT('',(3.00000000000001,6.61545766836941,33.8765276466369));
#3043=CARTESIAN_POINT('',(3.00000000000001,6.12155420029469,34.0016009911788));
#3044=CARTESIAN_POINT('',(3.00000000000001,9.28006798298765,37.1424374583586));
#3045=CARTESIAN_POINT('',(3.00000000000001,-1.05806800932451,24.4713839887474));
#3046=CARTESIAN_POINT('',(3.00000000000001,13.5313672388966,35.277644708643));
#3047=CARTESIAN_POINT('Origin',(3.,-3.11529316052354,3.10547099269905));
#3048=CARTESIAN_POINT('',(3.00000000000001,12.9332507619657,31.1052866574814));
#3049=CARTESIAN_POINT('',(3.00000000000001,11.0107852313678,17.6944965454453));
#3050=CARTESIAN_POINT('',(3.00000000000001,16.079564510537,29.0496972922359));
#3051=CARTESIAN_POINT('',(3.00000000000001,15.3347659720626,29.5362984634108));
#3052=CARTESIAN_POINT('',(3.00000000000001,19.6602380708527,31.2734535472077));
#3053=CARTESIAN_POINT('',(3.00000000000001,6.29876617844439,22.975390013666));
#3054=CARTESIAN_POINT('',(3.00000000000001,23.0756929907111,28.1293058005045));
#3055=CARTESIAN_POINT('Origin',(3.,-3.11529316052354,3.10547099269905));
#3056=CARTESIAN_POINT('',(3.00000000000001,21.1552216697405,24.3772257197494));
#3057=CARTESIAN_POINT('',(3.00000000000001,15.3934011409032,13.1201911579365));
#3058=CARTESIAN_POINT('',(3.00000000000001,23.4636106851411,21.4114074521312));
#3059=CARTESIAN_POINT('',(3.00000000000001,22.5234610460274,22.6193117331582));
#3060=CARTESIAN_POINT('',(3.00000000000001,27.5723259510192,22.3520316549934));
#3061=CARTESIAN_POINT('',(3.00000000000001,12.5915256459886,18.9224186413632));
#3062=CARTESIAN_POINT('',(3.00000000000001,29.7818189980168,18.2692461061368));
#3063=CARTESIAN_POINT('Origin',(3.,-3.11529316052354,3.10547099269905));
#3064=CARTESIAN_POINT('',(3.00000000000001,26.7471056998166,15.3440400920591));
#3065=CARTESIAN_POINT('',(3.00000000000001,18.1895127507132,7.09524691097256));
#3066=CARTESIAN_POINT('',(3.00000000000001,27.9674202138817,11.7893853507766));
#3067=CARTESIAN_POINT('',(3.00000000000001,27.2001525644278,14.0243596598819));
#3068=CARTESIAN_POINT('',(3.00000000000001,32.1589341329782,11.3449462738608));
#3069=CARTESIAN_POINT('',(3.00000000000001,16.9324023646779,12.9594621395726));
#3070=CARTESIAN_POINT('',(3.00000000000001,32.9230324516559,6.76595608801498));
#3071=CARTESIAN_POINT('Origin',(3.,-3.11529316052354,3.10547099269905));
#3072=CARTESIAN_POINT('',(3.00000000000001,29.1029354505146,4.98461560148781));
#3073=CARTESIAN_POINT('',(3.00000000000001,18.8161461446562,0.187806970339081));
#3074=CARTESIAN_POINT('',(3.00000000000001,29.1029354505146,1.22632638391029));
#3075=CARTESIAN_POINT('',(3.00000000000001,29.1029354505146,4.52284599269905));
#3076=CARTESIAN_POINT('',(3.00000000000001,32.9230324516559,-0.55501410261687));
#3077=CARTESIAN_POINT('',(3.00000000000001,18.8161461446562,6.02313501505901));
#3078=CARTESIAN_POINT('',(3.00000000000001,32.1589341329781,-5.1340042884632));
#3079=CARTESIAN_POINT('Origin',(3.,-3.11529316052354,3.10547099269905));
#3080=CARTESIAN_POINT('',(3.00000000000001,27.9674202138815,-5.57844336537899));
#3081=CARTESIAN_POINT('',(3.00000000000001,16.9324023646778,-6.74852015417478));
#3082=CARTESIAN_POINT('',(3.00000000000001,26.7471056998164,-9.1330981066614));
#3083=CARTESIAN_POINT('',(3.00000000000001,28.1205943847557,-5.13226224857336));
#3084=CARTESIAN_POINT('',(3.00000000000001,29.7818189980166,-12.0583041207392));
#3085=CARTESIAN_POINT('',(3.00000000000001,18.1895127507131,-0.884304925574763));
#3086=CARTESIAN_POINT('',(3.00000000000001,27.5723259510189,-16.1410896695958));
#3087=CARTESIAN_POINT('Origin',(3.,-3.11529316052354,3.10547099269905));
#3088=CARTESIAN_POINT('',(3.00000000000001,23.4636106851408,-15.2004654667335));
#3089=CARTESIAN_POINT('',(3.00000000000001,12.5915256459884,-12.7114766559653));
#3090=CARTESIAN_POINT('',(3.00000000000001,21.1552216697402,-18.1662837343516));
#3091=CARTESIAN_POINT('',(3.00000000000001,24.2646005333241,-14.1713536887491));
#3092=CARTESIAN_POINT('',(3.00000000000001,23.0756929907107,-21.9183638151068));
#3093=CARTESIAN_POINT('',(3.00000000000001,15.3934011409031,-6.90924917253866));
#3094=CARTESIAN_POINT('',(3.00000000000001,19.6602380708523,-25.0625115618099));
#3095=CARTESIAN_POINT('Origin',(3.,-3.11529316052354,3.10547099269905));
#3096=CARTESIAN_POINT('',(3.00000000000001,16.0795645105367,-22.8387553068381));
#3097=CARTESIAN_POINT('',(3.00000000000001,6.29876617844408,-16.764448028268));
#3098=CARTESIAN_POINT('',(3.00000000000001,12.9332507619653,-24.8943446720835));
#3099=CARTESIAN_POINT('',(3.00000000000001,17.707923646317,-21.7748951867754));
#3100=CARTESIAN_POINT('',(3.00000000000001,13.5313672388961,-29.0667027232452));
#3101=CARTESIAN_POINT('',(3.00000000000001,11.0107852313675,-11.4835545600473));
#3102=CARTESIAN_POINT('',(3.00000000000001,9.28006798298718,-30.9314954729607));
#3103=CARTESIAN_POINT('Origin',(3.,-3.11529316052354,3.10547099269905));
#3104=CARTESIAN_POINT('',(3.00000000000001,-1.05806800932484,-18.2604420033493));
#3105=CARTESIAN_POINT('Origin',(-19.45,-3.11529316052354,3.10547099269905));
#3106=CARTESIAN_POINT('',(53.,-14.2395490581809,37.5788084404417));
#3107=CARTESIAN_POINT('',(-19.45,-14.2395490581809,37.5788084404417));
#3108=CARTESIAN_POINT('',(53.,-9.73929718436964,38.7184269884398));
#3109=CARTESIAN_POINT('Origin',(53.,-3.11529316052354,3.10547099269905));
#3110=CARTESIAN_POINT('',(-19.45,-9.73929718436964,38.7184269884398));
#3111=CARTESIAN_POINT('Origin',(56.45,-14.2885269706667,35.4464503443903));
#3112=CARTESIAN_POINT('',(53.,-14.3363376743442,33.3649091783744));
#3113=CARTESIAN_POINT('',(56.45,-14.3363376743442,33.3649091783744));
#3114=CARTESIAN_POINT('',(53.,-14.6552876859487,19.4787387606869));
#3115=CARTESIAN_POINT('Origin',(56.45,-18.6531966217361,31.4713592817277));
#3116=CARTESIAN_POINT('',(53.,-17.7780786936571,31.855221595151));
#3117=CARTESIAN_POINT('',(56.45,-17.7780786936571,31.855221595151));
#3118=CARTESIAN_POINT('',(53.,-14.9441101436563,33.0983154558378));
#3119=CARTESIAN_POINT('Origin',(56.45,-19.3418996090726,33.2298355895922));
#3120=CARTESIAN_POINT('',(53.,-20.9438982839984,34.6380082108442));
#3121=CARTESIAN_POINT('',(-19.45,-20.9438982839984,34.6380082108442));
#3122=CARTESIAN_POINT('',(53.,-5.67422910105237,21.2158185326939));
#3123=CARTESIAN_POINT('Origin',(-19.45,-3.11529316052354,3.10547099269905));
#3124=CARTESIAN_POINT('',(53.,-24.8302805606138,32.0989079444718));
#3125=CARTESIAN_POINT('',(-19.45,-24.8302805606138,32.0989079444718));
#3126=CARTESIAN_POINT('Origin',(53.,-3.11529316052354,3.10547099269905));
#3127=CARTESIAN_POINT('Origin',(56.45,-24.1842291727632,30.0661837895595));
#3128=CARTESIAN_POINT('',(53.,-23.5535740489062,28.0819021553257));
#3129=CARTESIAN_POINT('',(56.45,-23.5535740489062,28.0819021553257));
#3130=CARTESIAN_POINT('',(53.,-19.0626453972244,13.9517271879252));
#3131=CARTESIAN_POINT('Origin',(56.45,-27.0216990249853,24.8892682062071));
#3132=CARTESIAN_POINT('',(53.,-26.318637289503,25.5364821274207));
#3133=CARTESIAN_POINT('',(56.45,-26.318637289503,25.5364821274207));
#3134=CARTESIAN_POINT('',(53.,-24.4226945379785,27.2818203824872));
#3135=CARTESIAN_POINT('Origin',(56.45,-28.2440625085915,26.3288439228796));
#3136=CARTESIAN_POINT('',(53.,-30.216493379187,27.1405497479355));
#3137=CARTESIAN_POINT('',(-19.45,-30.216493379187,27.1405497479355));
#3138=CARTESIAN_POINT('',(53.,-10.9542575021816,19.2136463020138));
#3139=CARTESIAN_POINT('Origin',(-19.45,-3.11529316052354,3.10547099269905));
#3140=CARTESIAN_POINT('',(53.,-33.067856235501,23.4771186752502));
#3141=CARTESIAN_POINT('',(-19.45,-33.067856235501,23.4771186752502));
#3142=CARTESIAN_POINT('Origin',(53.,-3.11529316052354,3.10547099269905));
#3143=CARTESIAN_POINT('Origin',(56.45,-31.7967852397077,21.7643056646269));
#3144=CARTESIAN_POINT('',(53.,-30.5560055566086,20.0923112665462));
#3145=CARTESIAN_POINT('',(56.45,-30.5560055566086,20.0923112665462));
#3146=CARTESIAN_POINT('',(53.,-21.2182917272082,7.50941244389437));
#3147=CARTESIAN_POINT('Origin',(56.45,-32.7995714067132,15.9465646921627));
#3148=CARTESIAN_POINT('',(53.,-32.344753511994,16.7869945502444));
#3149=CARTESIAN_POINT('',(56.45,-32.344753511994,16.7869945502444));
#3150=CARTESIAN_POINT('',(53.,-31.4737134478082,18.3965356127814));
#3151=CARTESIAN_POINT('Origin',(56.45,-34.4231333362167,16.911239451423));
#3152=CARTESIAN_POINT('',(53.,-36.5522529122345,17.0385175592244));
#3153=CARTESIAN_POINT('',(-19.45,-36.5522529122345,17.0385175592244));
#3154=CARTESIAN_POINT('',(53.,-15.5490097519694,15.7829501983103));
#3155=CARTESIAN_POINT('Origin',(-19.45,-3.11529316052354,3.10547099269905));
#3156=CARTESIAN_POINT('',(53.,-38.0596069393123,12.6477452809417));
#3157=CARTESIAN_POINT('',(-19.45,-38.0596069393123,12.6477452809417));
#3158=CARTESIAN_POINT('Origin',(53.,-3.11529316052354,3.10547099269905));
#3159=CARTESIAN_POINT('Origin',(56.45,-36.3012566006691,11.4404532813406));
#3160=CARTESIAN_POINT('',(53.,-34.5848100896721,10.2619326561112));
#3161=CARTESIAN_POINT('',(56.45,-34.5848100896721,10.2619326561112));
#3162=CARTESIAN_POINT('',(53.,-21.1259118745855,1.02098687788891));
#3163=CARTESIAN_POINT('Origin',(56.45,-35.3606916414323,5.61232942568326));
#3164=CARTESIAN_POINT('',(53.,-35.2034041635958,6.55490160489704));
#3165=CARTESIAN_POINT('',(56.45,-35.2034041635958,6.55490160489704));
#3166=CARTESIAN_POINT('',(53.,-35.0495116689778,7.47712876507544));
#3167=CARTESIAN_POINT('Origin',(56.45,-37.2095138896124,5.99756574889429));
#3168=CARTESIAN_POINT('',(53.,-39.2645990282968,5.42662358153762));
#3169=CARTESIAN_POINT('',(-19.45,-39.2645990282968,5.42662358153762));
#3170=CARTESIAN_POINT('',(53.,-19.0878380843663,11.032115736933));
#3171=CARTESIAN_POINT('Origin',(-19.45,-3.11529316052354,3.10547099269905));
#3172=CARTESIAN_POINT('',(53.,-39.2645990282968,0.784318403860993));
#3173=CARTESIAN_POINT('',(-19.45,-39.2645990282968,0.784318403860993));
#3174=CARTESIAN_POINT('Origin',(53.,-3.11529316052354,3.10547099269905));
#3175=CARTESIAN_POINT('Origin',(56.45,-37.2095138896124,0.213376236504299));
#3176=CARTESIAN_POINT('',(53.,-35.2034041635958,-0.343959619498482));
#3177=CARTESIAN_POINT('',(56.45,-35.2034041635958,-0.343959619498482));
#3178=CARTESIAN_POINT('',(53.,-19.0878380843664,-4.82117375153462));
#3179=CARTESIAN_POINT('Origin',(56.45,-34.4275226118357,-4.99356284992643));
#3180=CARTESIAN_POINT('',(53.,-34.5848100896722,-4.05099067071265));
#3181=CARTESIAN_POINT('',(56.45,-34.5848100896722,-4.05099067071265));
#3182=CARTESIAN_POINT('',(53.,-34.5829271541795,-4.06227448449771));
#3183=CARTESIAN_POINT('Origin',(56.45,-36.3012566006692,-5.22951129594199));
#3184=CARTESIAN_POINT('',(53.,-38.0596069393124,-6.43680329554311));
#3185=CARTESIAN_POINT('',(-19.45,-38.0596069393124,-6.43680329554312));
#3186=CARTESIAN_POINT('',(53.,-21.1259118745855,5.18995510750946));
#3187=CARTESIAN_POINT('Origin',(-19.45,-3.11529316052354,3.10547099269905));
#3188=CARTESIAN_POINT('',(53.,-36.5522529122346,-10.8275755738258));
#3189=CARTESIAN_POINT('',(-19.45,-36.5522529122346,-10.8275755738258));
#3190=CARTESIAN_POINT('Origin',(53.,-3.11529316052354,3.10547099269905));
#3191=CARTESIAN_POINT('Origin',(56.45,-34.4231333362169,-10.7002974660245));
#3192=CARTESIAN_POINT('',(53.,-32.3447535119942,-10.5760525648459));
#3193=CARTESIAN_POINT('',(56.45,-32.3447535119942,-10.5760525648459));
#3194=CARTESIAN_POINT('',(53.,-15.5490097519696,-9.57200821291196));
#3195=CARTESIAN_POINT('Origin',(56.45,-30.1011876618897,-14.7217991392294));
#3196=CARTESIAN_POINT('',(53.,-30.5560055566089,-13.8813692811477));
#3197=CARTESIAN_POINT('',(56.45,-30.5560055566089,-13.8813692811477));
#3198=CARTESIAN_POINT('',(53.,-30.1245215753966,-14.6786818436155));
#3199=CARTESIAN_POINT('Origin',(56.45,-31.796785239708,-15.5533636792284));
#3200=CARTESIAN_POINT('',(53.,-33.0678562355013,-17.2661766898517));
#3201=CARTESIAN_POINT('',(-19.45,-33.0678562355013,-17.2661766898517));
#3202=CARTESIAN_POINT('',(53.,-21.2182917272082,-1.29847045849599));
#3203=CARTESIAN_POINT('Origin',(-19.45,-3.11529316052354,3.10547099269905));
#3204=CARTESIAN_POINT('',(53.,-30.2164933791873,-20.929607762537));
#3205=CARTESIAN_POINT('',(-19.45,-30.2164933791873,-20.929607762537));
#3206=CARTESIAN_POINT('Origin',(53.,-3.11529316052354,3.10547099269905));
#3207=CARTESIAN_POINT('Origin',(56.45,-28.2440625085919,-20.1179019374812));
#3208=CARTESIAN_POINT('',(53.,-26.3186372895034,-19.3255401420223));
#3209=CARTESIAN_POINT('',(56.45,-26.3186372895034,-19.3255401420223));
#3210=CARTESIAN_POINT('',(53.,-10.9542575021818,-13.0027043166156));
#3211=CARTESIAN_POINT('Origin',(56.45,-22.8505123134243,-22.5181740911408));
#3212=CARTESIAN_POINT('',(53.,-23.5535740489066,-21.8709601699273));
#3213=CARTESIAN_POINT('',(56.45,-23.5535740489066,-21.8709601699273));
#3214=CARTESIAN_POINT('',(53.,-22.3371011821982,-22.9908023322549));
#3215=CARTESIAN_POINT('Origin',(56.45,-24.1842291727636,-23.8552418041611));
#3216=CARTESIAN_POINT('',(53.,-24.8302805606142,-25.8879659590733));
#3217=CARTESIAN_POINT('',(-19.45,-24.8302805606142,-25.8879659590734));
#3218=CARTESIAN_POINT('',(53.,-19.0626453972245,-7.74078520252686));
#3219=CARTESIAN_POINT('Origin',(-19.45,-3.11529316052354,3.10547099269905));
#3220=CARTESIAN_POINT('',(53.,-20.9438982839988,-28.4270662254458));
#3221=CARTESIAN_POINT('',(-19.45,-20.9438982839988,-28.4270662254458));
#3222=CARTESIAN_POINT('Origin',(53.,-3.11529316052354,3.10547099269905));
#3223=CARTESIAN_POINT('Origin',(56.45,-19.341899609073,-27.0188936041939));
#3224=CARTESIAN_POINT('',(53.,-17.7780786936575,-25.6442796097527));
#3225=CARTESIAN_POINT('',(56.45,-17.7780786936575,-25.6442796097527));
#3226=CARTESIAN_POINT('',(53.,-5.67422910105262,-15.0048765472957));
#3227=CARTESIAN_POINT('Origin',(56.45,-13.4612197462657,-27.5378295063994));
#3228=CARTESIAN_POINT('',(53.,-14.3363376743447,-27.1539671929762));
#3229=CARTESIAN_POINT('',(56.45,-14.3363376743447,-27.1539671929762));
#3230=CARTESIAN_POINT('',(53.,-12.3481217059214,-28.0260795754746));
#3231=CARTESIAN_POINT('Origin',(56.45,-14.2885269706672,-29.235508358992));
#3232=CARTESIAN_POINT('',(53.,-14.2395490581814,-31.3678664550434));
#3233=CARTESIAN_POINT('',(-19.45,-14.2395490581814,-31.3678664550434));
#3234=CARTESIAN_POINT('',(53.,-14.655287685949,-13.2677967752886));
#3235=CARTESIAN_POINT('Origin',(-19.45,-3.11529316052354,3.10547099269905));
#3236=CARTESIAN_POINT('',(53.,-9.73929718437013,-32.5074850030417));
#3237=CARTESIAN_POINT('',(-19.45,-9.73929718437013,-32.5074850030417));
#3238=CARTESIAN_POINT('Origin',(53.,-3.11529316052354,3.10547099269905));
#3239=CARTESIAN_POINT('Origin',(56.45,-8.68133211911282,-30.6554429391558));
#3240=CARTESIAN_POINT('',(53.,-7.64857976873712,-28.8475375013637));
#3241=CARTESIAN_POINT('',(56.45,-7.64857976873712,-28.8475375013637));
#3242=CARTESIAN_POINT('',(53.,-0.0188940580416835,-15.4912374358222));
#3243=CARTESIAN_POINT('Origin',(56.45,-2.9507854999505,-29.236807832783));
#3244=CARTESIAN_POINT('',(53.,-3.9031270142652,-29.157894565047));
#3245=CARTESIAN_POINT('',(56.45,-3.90312701426519,-29.157894565047));
#3246=CARTESIAN_POINT('',(53.,-1.50792507208442,-29.3563666565228));
#3247=CARTESIAN_POINT('Origin',(56.45,-3.18203151465611,-31.111127979068));
#3248=CARTESIAN_POINT('',(53.,-2.44333181862236,-33.1120459296065));
#3249=CARTESIAN_POINT('',(-19.45,-2.44333181862236,-33.1120459296065));
#3250=CARTESIAN_POINT('',(53.,-8.39164650364414,-16.9998291619312));
#3251=CARTESIAN_POINT('Origin',(-19.45,-3.11529316052354,3.10547099269905));
#3252=CARTESIAN_POINT('',(53.,2.18311753325476,-32.7286874065512));
#3253=CARTESIAN_POINT('',(-19.45,2.18311753325476,-32.7286874065512));
#3254=CARTESIAN_POINT('Origin',(53.,-3.11529316052354,3.10547099269905));
#3255=CARTESIAN_POINT('Origin',(56.45,2.58240205800357,-30.633473395047));
#3256=CARTESIAN_POINT('',(53.,2.9721711013724,-28.588191120632));
#3257=CARTESIAN_POINT('',(56.45,2.9721711013724,-28.588191120632));
#3258=CARTESIAN_POINT('',(53.,5.68547018885004,-14.3503684325099));
#3259=CARTESIAN_POINT('Origin',(-19.45,-3.11529316052354,3.10547099269905));
#3260=CARTESIAN_POINT('',(53.,-3.11529316052355,-34.894529007301));
#3261=CARTESIAN_POINT('Origin',(53.,-3.11529316052354,3.10547099269905));
#3262=CARTESIAN_POINT('',(56.45,-3.11529316052354,-34.894529007301));
#3263=CARTESIAN_POINT('',(-19.45,-3.11529316052355,-34.894529007301));
#3264=CARTESIAN_POINT('Origin',(56.45,-3.11529316052354,3.10547099269905));
#3265=CARTESIAN_POINT('Origin',(-19.45,-3.11529316052354,3.10547099269905));
#3266=CARTESIAN_POINT('',(-19.45,-3.11529316052355,-34.894529007301));
#3267=CARTESIAN_POINT('Origin',(-19.45,-3.11529316052354,3.10547099269905));
#3268=CARTESIAN_POINT('',(56.45,-3.11529316052354,-2.64452900730095));
#3269=CARTESIAN_POINT('Origin',(56.45,-3.11529316052354,3.10547099269905));
#3270=CARTESIAN_POINT('',(-19.45,-3.11529316052354,-2.64452900730095));
#3271=CARTESIAN_POINT('Origin',(-19.45,-3.11529316052354,3.10547099269905));
#3272=CARTESIAN_POINT('',(53.,27.5723259510192,22.3520316549934));
#3273=CARTESIAN_POINT('',(-19.45,27.5723259510192,22.3520316549934));
#3274=CARTESIAN_POINT('',(53.,29.7818189980168,18.2692461061368));
#3275=CARTESIAN_POINT('Origin',(53.,-3.11529316052354,3.10547099269905));
#3276=CARTESIAN_POINT('',(-19.45,29.7818189980168,18.2692461061368));
#3277=CARTESIAN_POINT('Origin',(-19.45,-3.11529316052354,3.10547099269905));
#3278=CARTESIAN_POINT('',(53.,32.1589341329782,11.3449462738608));
#3279=CARTESIAN_POINT('',(-19.45,32.1589341329782,11.3449462738608));
#3280=CARTESIAN_POINT('',(53.,32.9230324516559,6.76595608801498));
#3281=CARTESIAN_POINT('Origin',(53.,-3.11529316052354,3.10547099269905));
#3282=CARTESIAN_POINT('',(-19.45,32.9230324516559,6.76595608801497));
#3283=CARTESIAN_POINT('Origin',(-19.45,-3.11529316052354,3.10547099269905));
#3284=CARTESIAN_POINT('',(53.,19.6602380708527,31.2734535472077));
#3285=CARTESIAN_POINT('',(-19.45,19.6602380708527,31.2734535472077));
#3286=CARTESIAN_POINT('',(53.,23.0756929907111,28.1293058005045));
#3287=CARTESIAN_POINT('Origin',(53.,-3.11529316052354,3.10547099269905));
#3288=CARTESIAN_POINT('',(-19.45,23.0756929907111,28.1293058005045));
#3289=CARTESIAN_POINT('Origin',(-19.45,-3.11529316052354,3.10547099269905));
#3290=CARTESIAN_POINT('',(53.,9.28006798298765,37.1424374583586));
#3291=CARTESIAN_POINT('',(-19.45,9.28006798298765,37.1424374583586));
#3292=CARTESIAN_POINT('',(53.,13.5313672388966,35.277644708643));
#3293=CARTESIAN_POINT('Origin',(53.,-3.11529316052354,3.10547099269905));
#3294=CARTESIAN_POINT('',(-19.45,13.5313672388966,35.277644708643));
#3295=CARTESIAN_POINT('Origin',(-19.45,-3.11529316052354,3.10547099269905));
#3296=CARTESIAN_POINT('',(53.,-2.44333181862185,39.3229879150046));
#3297=CARTESIAN_POINT('',(-19.45,-2.44333181862186,39.3229879150046));
#3298=CARTESIAN_POINT('',(53.,2.18311753325526,38.9396293919492));
#3299=CARTESIAN_POINT('Origin',(53.,-3.11529316052354,3.10547099269905));
#3300=CARTESIAN_POINT('',(-19.45,2.18311753325526,38.9396293919492));
#3301=CARTESIAN_POINT('Origin',(-19.45,-3.11529316052354,3.10547099269905));
#3302=CARTESIAN_POINT('',(53.,13.5313672388961,-29.0667027232452));
#3303=CARTESIAN_POINT('',(-19.45,13.5313672388961,-29.0667027232452));
#3304=CARTESIAN_POINT('',(53.,9.28006798298718,-30.9314954729607));
#3305=CARTESIAN_POINT('Origin',(53.,-3.11529316052354,3.10547099269905));
#3306=CARTESIAN_POINT('',(-19.45,9.28006798298718,-30.9314954729607));
#3307=CARTESIAN_POINT('Origin',(-19.45,-3.11529316052354,3.10547099269905));
#3308=CARTESIAN_POINT('',(53.,23.0756929907107,-21.9183638151068));
#3309=CARTESIAN_POINT('',(-19.45,23.0756929907107,-21.9183638151068));
#3310=CARTESIAN_POINT('',(53.,19.6602380708523,-25.0625115618099));
#3311=CARTESIAN_POINT('Origin',(53.,-3.11529316052354,3.10547099269905));
#3312=CARTESIAN_POINT('',(-19.45,19.6602380708523,-25.0625115618099));
#3313=CARTESIAN_POINT('Origin',(-19.45,-3.11529316052354,3.10547099269905));
#3314=CARTESIAN_POINT('',(53.,29.7818189980166,-12.0583041207392));
#3315=CARTESIAN_POINT('',(-19.45,29.7818189980166,-12.0583041207392));
#3316=CARTESIAN_POINT('',(53.,27.5723259510189,-16.1410896695958));
#3317=CARTESIAN_POINT('Origin',(53.,-3.11529316052354,3.10547099269905));
#3318=CARTESIAN_POINT('',(-19.45,27.5723259510189,-16.1410896695958));
#3319=CARTESIAN_POINT('Origin',(-19.45,-3.11529316052354,3.10547099269905));
#3320=CARTESIAN_POINT('',(53.,32.9230324516559,-0.55501410261687));
#3321=CARTESIAN_POINT('',(-19.45,32.9230324516559,-0.555014102616873));
#3322=CARTESIAN_POINT('',(53.,32.1589341329781,-5.1340042884632));
#3323=CARTESIAN_POINT('Origin',(53.,-3.11529316052354,3.10547099269905));
#3324=CARTESIAN_POINT('',(-19.45,32.1589341329781,-5.13400428846321));
#3325=CARTESIAN_POINT('Origin',(56.45,30.9899499877696,5.86454493125967));
#3326=CARTESIAN_POINT('',(53.,29.1029354505146,4.98461560148781));
#3327=CARTESIAN_POINT('',(53.,18.8161461446562,0.187806970339081));
#3328=CARTESIAN_POINT('',(56.45,29.1029354505146,4.98461560148781));
#3329=CARTESIAN_POINT('Origin',(56.45,29.1029354505146,5.94022099269905));
#3330=CARTESIAN_POINT('',(53.,29.1029354505146,1.22632638391029));
#3331=CARTESIAN_POINT('',(53.,29.1029354505146,4.52284599269905));
#3332=CARTESIAN_POINT('',(56.45,29.1029354505146,1.22632638391029));
#3333=CARTESIAN_POINT('Origin',(56.45,30.9899499877696,0.346397054138427));
#3334=CARTESIAN_POINT('',(53.,18.8161461446562,6.02313501505901));
#3335=CARTESIAN_POINT('Origin',(56.45,30.0379036848717,-5.35890365243093));
#3336=CARTESIAN_POINT('',(53.,27.9674202138815,-5.57844336537899));
#3337=CARTESIAN_POINT('',(53.,16.9324023646778,-6.74852015417478));
#3338=CARTESIAN_POINT('',(56.45,27.9674202138815,-5.57844336537899));
#3339=CARTESIAN_POINT('Origin',(56.45,28.277704777177,-4.67461531010932));
#3340=CARTESIAN_POINT('',(53.,26.7471056998164,-9.1330981066614));
#3341=CARTESIAN_POINT('',(53.,28.1205943847557,-5.13226224857336));
#3342=CARTESIAN_POINT('',(56.45,26.7471056998164,-9.1330981066614));
#3343=CARTESIAN_POINT('Origin',(56.45,28.2461639981775,-10.578063056866));
#3344=CARTESIAN_POINT('',(53.,18.1895127507131,-0.884304925574763));
#3345=CARTESIAN_POINT('Origin',(56.45,25.4931940789231,-15.6651059050168));
#3346=CARTESIAN_POINT('',(53.,23.4636106851408,-15.2004654667335));
#3347=CARTESIAN_POINT('',(53.,12.5915256459883,-12.7114766559653));
#3348=CARTESIAN_POINT('',(56.45,23.4636106851408,-15.2004654667335));
#3349=CARTESIAN_POINT('Origin',(56.45,24.0505556647375,-14.4463585415311));
#3350=CARTESIAN_POINT('',(53.,21.1552216697402,-18.1662837343516));
#3351=CARTESIAN_POINT('',(53.,24.2646005333241,-14.1713536887491));
#3352=CARTESIAN_POINT('',(56.45,21.1552216697402,-18.1662837343516));
#3353=CARTESIAN_POINT('Origin',(56.45,22.1038775022937,-20.0196999316929));
#3354=CARTESIAN_POINT('',(53.,15.3934011409031,-6.90924917253866));
#3355=CARTESIAN_POINT('Origin',(56.45,17.8483109741636,-23.9372248952255));
#3356=CARTESIAN_POINT('',(53.,16.0795645105367,-22.8387553068381));
#3357=CARTESIAN_POINT('',(53.,6.29876617844408,-16.764448028268));
#3358=CARTESIAN_POINT('',(56.45,16.0795645105367,-22.8387553068381));
#3359=CARTESIAN_POINT('Origin',(56.45,16.8795653105057,-22.3160886982233));
#3360=CARTESIAN_POINT('',(53.,12.9332507619653,-24.8943446720835));
#3361=CARTESIAN_POINT('',(53.,17.707923646317,-21.7748951867754));
#3362=CARTESIAN_POINT('',(56.45,12.9332507619653,-24.8943446720835));
#3363=CARTESIAN_POINT('Origin',(56.45,13.2287025493421,-26.9553657128642));
#3364=CARTESIAN_POINT('',(53.,11.0107852313675,-11.4835545600473));
#3365=CARTESIAN_POINT('Origin',(56.45,7.93169607757746,-29.2788481753169));
#3366=CARTESIAN_POINT('',(53.,6.61545766836897,-27.6655856612389));
#3367=CARTESIAN_POINT('',(53.,-1.05806800932484,-18.2604420033493));
#3368=CARTESIAN_POINT('',(56.45,6.61545766836897,-27.6655856612389));
#3369=CARTESIAN_POINT('Origin',(56.45,7.5418217887422,-27.4309984062631));
#3370=CARTESIAN_POINT('',(53.,8.86956160416578,-27.0947690211085));
#3371=CARTESIAN_POINT('Origin',(56.45,-8.68133211911235,36.866384924554));
#3372=CARTESIAN_POINT('',(53.,-7.64857976873668,35.0584794867618));
#3373=CARTESIAN_POINT('',(53.,-0.0188940580414299,21.7021794212203));
#3374=CARTESIAN_POINT('',(56.45,-7.64857976873667,35.0584794867619));
#3375=CARTESIAN_POINT('Origin',(56.45,-8.60092128305137,34.9795662190258));
#3376=CARTESIAN_POINT('',(53.,-3.90312701426474,35.3688365504451));
#3377=CARTESIAN_POINT('',(53.,-4.33299296363462,35.3332168423432));
#3378=CARTESIAN_POINT('',(56.45,-3.90312701426475,35.3688365504451));
#3379=CARTESIAN_POINT('Origin',(56.45,-3.18203151465564,37.3220699644661));
#3380=CARTESIAN_POINT('',(53.,-8.39164650364384,23.2107711473294));
#3381=CARTESIAN_POINT('Origin',(56.45,2.58240205800405,36.844415380445));
#3382=CARTESIAN_POINT('',(53.,2.97217110137285,34.79913310603));
#3383=CARTESIAN_POINT('',(53.,5.68547018885029,20.5613104179079));
#3384=CARTESIAN_POINT('',(56.45,2.97217110137285,34.79913310603));
#3385=CARTESIAN_POINT('Origin',(56.45,2.04580698099962,35.0337203610059));
#3386=CARTESIAN_POINT('',(53.,6.61545766836941,33.8765276466369));
#3387=CARTESIAN_POINT('',(53.,6.12155420029469,34.0016009911788));
#3388=CARTESIAN_POINT('',(56.45,6.6154576683694,33.8765276466369));
#3389=CARTESIAN_POINT('Origin',(56.45,7.93169607757792,35.4897901607148));
#3390=CARTESIAN_POINT('',(53.,-1.05806800932451,24.4713839887474));
#3391=CARTESIAN_POINT('Origin',(56.45,13.2287025493426,33.166307698262));
#3392=CARTESIAN_POINT('',(53.,12.9332507619657,31.1052866574814));
#3393=CARTESIAN_POINT('',(53.,11.0107852313678,17.6944965454453));
#3394=CARTESIAN_POINT('',(56.45,12.9332507619657,31.1052866574814));
#3395=CARTESIAN_POINT('Origin',(56.45,12.1332499619967,31.6279532660962));
#3396=CARTESIAN_POINT('',(53.,16.079564510537,29.0496972922359));
#3397=CARTESIAN_POINT('',(53.,15.3347659720626,29.5362984634108));
#3398=CARTESIAN_POINT('',(56.45,16.0795645105371,29.0496972922359));
#3399=CARTESIAN_POINT('Origin',(56.45,17.848310974164,30.1481668806233));
#3400=CARTESIAN_POINT('',(53.,6.29876617844439,22.975390013666));
#3401=CARTESIAN_POINT('Origin',(56.45,22.103877502294,26.2306419170906));
#3402=CARTESIAN_POINT('',(53.,21.1552216697405,24.3772257197494));
#3403=CARTESIAN_POINT('',(53.,15.3934011409032,13.1201911579365));
#3404=CARTESIAN_POINT('',(56.45,21.1552216697405,24.3772257197494));
#3405=CARTESIAN_POINT('Origin',(56.45,20.5682766901438,25.1313326449517));
#3406=CARTESIAN_POINT('',(53.,23.4636106851411,21.4114074521312));
#3407=CARTESIAN_POINT('',(53.,22.5234610460274,22.6193117331582));
#3408=CARTESIAN_POINT('',(56.45,23.4636106851411,21.4114074521312));
#3409=CARTESIAN_POINT('Origin',(56.45,25.4931940789233,21.8760478904145));
#3410=CARTESIAN_POINT('',(53.,12.5915256459886,18.9224186413632));
#3411=CARTESIAN_POINT('Origin',(56.45,28.2461639981777,16.7890050422636));
#3412=CARTESIAN_POINT('',(53.,26.7471056998166,15.3440400920591));
#3413=CARTESIAN_POINT('',(53.,18.1895127507132,7.09524691097256));
#3414=CARTESIAN_POINT('',(56.45,26.7471056998166,15.3440400920591));
#3415=CARTESIAN_POINT('Origin',(56.45,26.4368211365212,16.2478681473287));
#3416=CARTESIAN_POINT('',(53.,27.9674202138817,11.7893853507766));
#3417=CARTESIAN_POINT('',(53.,27.2001525644278,14.0243596598819));
#3418=CARTESIAN_POINT('',(56.45,27.9674202138817,11.7893853507766));
#3419=CARTESIAN_POINT('Origin',(56.45,30.0379036848718,11.5698456378285));
#3420=CARTESIAN_POINT('',(53.,16.9324023646779,12.9594621395726));
#3421=CARTESIAN_POINT('Origin',(56.45,30.6084568394764,3.10547099269905));
#3422=CARTESIAN_POINT('Origin',(53.,2.63470683947646,3.10547099269905));
#3423=UNCERTAINTY_MEASURE_WITH_UNIT(LENGTH_MEASURE(0.01),#3427,
'DISTANCE_ACCURACY_VALUE',
'Maximum model space distance between geometric entities at asserted c
onnectivities');
#3424=UNCERTAINTY_MEASURE_WITH_UNIT(LENGTH_MEASURE(0.01),#3427,
'DISTANCE_ACCURACY_VALUE',
'Maximum model space distance between geometric entities at asserted c
onnectivities');
#3425=(
GEOMETRIC_REPRESENTATION_CONTEXT(3)
GLOBAL_UNCERTAINTY_ASSIGNED_CONTEXT((#3423))
GLOBAL_UNIT_ASSIGNED_CONTEXT((#3427,#3429,#3430))
REPRESENTATION_CONTEXT('','3D')
);
#3426=(
GEOMETRIC_REPRESENTATION_CONTEXT(3)
GLOBAL_UNCERTAINTY_ASSIGNED_CONTEXT((#3424))
GLOBAL_UNIT_ASSIGNED_CONTEXT((#3427,#3429,#3430))
REPRESENTATION_CONTEXT('','3D')
);
#3427=(
LENGTH_UNIT()
NAMED_UNIT(*)
SI_UNIT(.MILLI.,.METRE.)
);
#3428=(
LENGTH_UNIT()
NAMED_UNIT(*)
SI_UNIT($,.METRE.)
);
#3429=(
NAMED_UNIT(*)
PLANE_ANGLE_UNIT()
SI_UNIT($,.RADIAN.)
);
#3430=(
NAMED_UNIT(*)
SI_UNIT($,.STERADIAN.)
SOLID_ANGLE_UNIT()
);
#3431=SHAPE_DEFINITION_REPRESENTATION(#3432,#3433);
#3432=PRODUCT_DEFINITION_SHAPE('',$,#3435);
#3433=SHAPE_REPRESENTATION('',(#2087),#3425);
#3434=PRODUCT_DEFINITION_CONTEXT('part definition',#3439,'design');
#3435=PRODUCT_DEFINITION('3568N74_T Series Timing Belt Pulley',
'Polea 50mm_w-10mm_s_3568N74_T Series Tim v2',#3436,#3434);
#3436=PRODUCT_DEFINITION_FORMATION('',$,#3441);
#3437=PRODUCT_RELATED_PRODUCT_CATEGORY(
'Polea 50mm_w-10mm_s_3568N74_T Series Tim v2',
'Polea 50mm_w-10mm_s_3568N74_T Series Tim v2',(#3441));
#3438=APPLICATION_PROTOCOL_DEFINITION('international standard',
'automotive_design',2009,#3439);
#3439=APPLICATION_CONTEXT(
'Core Data for Automotive Mechanical Design Process');
#3440=PRODUCT_CONTEXT('part definition',#3439,'mechanical');
#3441=PRODUCT('3568N74_T Series Timing Belt Pulley',
'Polea 50mm_w-10mm_s_3568N74_T Series Tim v2',$,(#3440));
#3442=PRESENTATION_STYLE_ASSIGNMENT((#3443));
#3443=SURFACE_STYLE_USAGE(.BOTH.,#3444);
#3444=SURFACE_SIDE_STYLE('',(#3445));
#3445=SURFACE_STYLE_FILL_AREA(#3446);
#3446=FILL_AREA_STYLE('Acero - Satinado',(#3447));
#3447=FILL_AREA_STYLE_COLOUR('Acero - Satinado',#3448);
#3448=COLOUR_RGB('Acero - Satinado',0.627450980392157,0.627450980392157,
0.627450980392157);
ENDSEC;
END-ISO-10303-21;
