ISO-10303-21;
HEADER;
/* Generated by software containing ST-Developer
 * from STEP Tools, Inc. (www.steptools.com) 
 */

FILE_DESCRIPTION(
/* description */ (''),
/* implementation_level */ '2;1');

FILE_NAME(
/* name */ 'Radial Ball Bearing 627zz.step',
/* time_stamp */ '2026-06-11T13:05:29-04:00',
/* author */ (''),
/* organization */ (''),
/* preprocessor_version */ 'ST-DEVELOPER v20.1',
/* originating_system */ 'Autodesk Translation Framework v15.8.0.0',
/* authorisation */ '');

FILE_SCHEMA (('AUTOMOTIVE_DESIGN { 1 0 10303 214 3 1 1 }'));
ENDSEC;

DATA;
#10=MECHANICAL_DESIGN_GEOMETRIC_PRESENTATION_REPRESENTATION('',(#23,#24,
#25,#26,#27,#28,#29,#30,#31,#32),#3978);
#11=ITEM_DEFINED_TRANSFORMATION($,$,#2238,#2551);
#12=(
REPRESENTATION_RELATIONSHIP($,$,#3989,#3988)
REPRESENTATION_RELATIONSHIP_WITH_TRANSFORMATION(#11)
SHAPE_REPRESENTATION_RELATIONSHIP()
);
#13=CONTEXT_DEPENDENT_SHAPE_REPRESENTATION(#12,#3987);
#14=NEXT_ASSEMBLY_USAGE_OCCURRENCE('Ball bearing 627zz:1',
'Ball bearing 627zz:1','Ball bearing 627zz:1',#3991,#3992,
'Ball bearing 627zz:1');
#15=SHAPE_REPRESENTATION_RELATIONSHIP('SRR','None',#3989,#16);
#16=ADVANCED_BREP_SHAPE_REPRESENTATION('',(#33,#34,#35,#36,#37,#38,#39,
#40,#41,#42),#3977);
#17=SPHERICAL_SURFACE('',#2297,2.18750000000001);
#18=SPHERICAL_SURFACE('',#2299,2.18750000000001);
#19=SPHERICAL_SURFACE('',#2301,2.18750000000001);
#20=SPHERICAL_SURFACE('',#2303,2.18750000000001);
#21=SPHERICAL_SURFACE('',#2305,2.18750000000001);
#22=SPHERICAL_SURFACE('',#2307,2.18750000000001);
#23=STYLED_ITEM('',(#4002),#33);
#24=STYLED_ITEM('',(#4002),#34);
#25=STYLED_ITEM('',(#4002),#35);
#26=STYLED_ITEM('',(#4002),#36);
#27=STYLED_ITEM('',(#4002),#37);
#28=STYLED_ITEM('',(#4002),#38);
#29=STYLED_ITEM('',(#4002),#39);
#30=STYLED_ITEM('',(#4002),#40);
#31=STYLED_ITEM('',(#4002),#41);
#32=STYLED_ITEM('',(#4002),#42);
#33=MANIFOLD_SOLID_BREP('Cuerpo1',#2215);
#34=MANIFOLD_SOLID_BREP('Cuerpo2',#2216);
#35=MANIFOLD_SOLID_BREP('Cuerpo3',#2217);
#36=MANIFOLD_SOLID_BREP('Cuerpo4',#2218);
#37=MANIFOLD_SOLID_BREP('Cuerpo5',#2219);
#38=MANIFOLD_SOLID_BREP('Cuerpo6',#2220);
#39=MANIFOLD_SOLID_BREP('Cuerpo7',#2221);
#40=MANIFOLD_SOLID_BREP('Cuerpo8',#2222);
#41=MANIFOLD_SOLID_BREP('Cuerpo9',#2223);
#42=MANIFOLD_SOLID_BREP('Cuerpo10',#2224);
#43=FACE_BOUND('',#618,.T.);
#44=FACE_BOUND('',#620,.T.);
#45=FACE_BOUND('',#630,.T.);
#46=FACE_BOUND('',#632,.T.);
#47=FACE_BOUND('',#675,.T.);
#48=FACE_BOUND('',#677,.T.);
#49=FACE_BOUND('',#679,.T.);
#50=FACE_BOUND('',#681,.T.);
#51=FACE_BOUND('',#683,.T.);
#52=FACE_BOUND('',#737,.T.);
#53=FACE_BOUND('',#739,.T.);
#54=FACE_BOUND('',#741,.T.);
#55=FACE_BOUND('',#743,.T.);
#56=FACE_BOUND('',#745,.T.);
#57=PLANE('',#2272);
#58=PLANE('',#2273);
#59=PLANE('',#2295);
#60=PLANE('',#2296);
#61=PLANE('',#2376);
#62=PLANE('',#2378);
#63=PLANE('',#2380);
#64=PLANE('',#2382);
#65=PLANE('',#2384);
#66=PLANE('',#2396);
#67=PLANE('',#2397);
#68=PLANE('',#2398);
#69=PLANE('',#2399);
#70=PLANE('',#2400);
#71=PLANE('',#2403);
#72=PLANE('',#2407);
#73=PLANE('',#2408);
#74=PLANE('',#2409);
#75=PLANE('',#2410);
#76=PLANE('',#2411);
#77=PLANE('',#2412);
#78=PLANE('',#2414);
#79=PLANE('',#2415);
#80=PLANE('',#2417);
#81=PLANE('',#2418);
#82=PLANE('',#2420);
#83=PLANE('',#2421);
#84=PLANE('',#2422);
#85=PLANE('',#2423);
#86=PLANE('',#2425);
#87=PLANE('',#2426);
#88=PLANE('',#2428);
#89=PLANE('',#2429);
#90=PLANE('',#2497);
#91=PLANE('',#2499);
#92=PLANE('',#2501);
#93=PLANE('',#2503);
#94=PLANE('',#2505);
#95=PLANE('',#2517);
#96=PLANE('',#2518);
#97=PLANE('',#2519);
#98=PLANE('',#2520);
#99=PLANE('',#2521);
#100=PLANE('',#2524);
#101=PLANE('',#2528);
#102=PLANE('',#2529);
#103=PLANE('',#2530);
#104=PLANE('',#2531);
#105=PLANE('',#2532);
#106=PLANE('',#2533);
#107=PLANE('',#2535);
#108=PLANE('',#2536);
#109=PLANE('',#2538);
#110=PLANE('',#2539);
#111=PLANE('',#2541);
#112=PLANE('',#2542);
#113=PLANE('',#2543);
#114=PLANE('',#2544);
#115=PLANE('',#2546);
#116=PLANE('',#2547);
#117=PLANE('',#2549);
#118=PLANE('',#2550);
#119=CONICAL_SURFACE('',#2254,9.6553884310917,1.39626340159548);
#120=CONICAL_SURFACE('',#2264,9.075,1.39626340159547);
#121=CONICAL_SURFACE('',#2278,5.7275,0.785398163397448);
#122=CONICAL_SURFACE('',#2282,3.5,0.785398163397445);
#123=CONICAL_SURFACE('',#2285,5.9375,0.785398163397446);
#124=CONICAL_SURFACE('',#2288,3.71,0.785398163397443);
#125=CONICAL_SURFACE('',#2320,8.52499999999999,1.40196442478378);
#126=CONICAL_SURFACE('',#2335,9.405,1.40196442478378);
#127=CONICAL_SURFACE('',#2441,8.52499999999999,1.40196442478378);
#128=CONICAL_SURFACE('',#2456,9.405,1.40196442478378);
#129=LINE('',#3335,#271);
#130=LINE('',#3344,#272);
#131=LINE('',#3353,#273);
#132=LINE('',#3357,#274);
#133=LINE('',#3367,#275);
#134=LINE('',#3370,#276);
#135=LINE('',#3381,#277);
#136=LINE('',#3396,#278);
#137=LINE('',#3402,#279);
#138=LINE('',#3408,#280);
#139=LINE('',#3416,#281);
#140=LINE('',#3419,#282);
#141=LINE('',#3421,#283);
#142=LINE('',#3423,#284);
#143=LINE('',#3455,#285);
#144=LINE('',#3458,#286);
#145=LINE('',#3475,#287);
#146=LINE('',#3485,#288);
#147=LINE('',#3491,#289);
#148=LINE('',#3498,#290);
#149=LINE('',#3555,#291);
#150=LINE('',#3558,#292);
#151=LINE('',#3561,#293);
#152=LINE('',#3564,#294);
#153=LINE('',#3567,#295);
#154=LINE('',#3570,#296);
#155=LINE('',#3573,#297);
#156=LINE('',#3576,#298);
#157=LINE('',#3579,#299);
#158=LINE('',#3582,#300);
#159=LINE('',#3585,#301);
#160=LINE('',#3588,#302);
#161=LINE('',#3591,#303);
#162=LINE('',#3594,#304);
#163=LINE('',#3597,#305);
#164=LINE('',#3600,#306);
#165=LINE('',#3603,#307);
#166=LINE('',#3606,#308);
#167=LINE('',#3609,#309);
#168=LINE('',#3612,#310);
#169=LINE('',#3615,#311);
#170=LINE('',#3618,#312);
#171=LINE('',#3621,#313);
#172=LINE('',#3624,#314);
#173=LINE('',#3627,#315);
#174=LINE('',#3630,#316);
#175=LINE('',#3633,#317);
#176=LINE('',#3636,#318);
#177=LINE('',#3639,#319);
#178=LINE('',#3642,#320);
#179=LINE('',#3644,#321);
#180=LINE('',#3645,#322);
#181=LINE('',#3647,#323);
#182=LINE('',#3648,#324);
#183=LINE('',#3650,#325);
#184=LINE('',#3651,#326);
#185=LINE('',#3653,#327);
#186=LINE('',#3654,#328);
#187=LINE('',#3656,#329);
#188=LINE('',#3657,#330);
#189=LINE('',#3662,#331);
#190=LINE('',#3663,#332);
#191=LINE('',#3668,#333);
#192=LINE('',#3669,#334);
#193=LINE('',#3674,#335);
#194=LINE('',#3675,#336);
#195=LINE('',#3677,#337);
#196=LINE('',#3678,#338);
#197=LINE('',#3685,#339);
#198=LINE('',#3686,#340);
#199=LINE('',#3690,#341);
#200=LINE('',#3691,#342);
#201=LINE('',#3695,#343);
#202=LINE('',#3696,#344);
#203=LINE('',#3702,#345);
#204=LINE('',#3703,#346);
#205=LINE('',#3707,#347);
#206=LINE('',#3708,#348);
#207=LINE('',#3716,#349);
#208=LINE('',#3719,#350);
#209=LINE('',#3736,#351);
#210=LINE('',#3746,#352);
#211=LINE('',#3752,#353);
#212=LINE('',#3759,#354);
#213=LINE('',#3816,#355);
#214=LINE('',#3819,#356);
#215=LINE('',#3822,#357);
#216=LINE('',#3825,#358);
#217=LINE('',#3828,#359);
#218=LINE('',#3831,#360);
#219=LINE('',#3834,#361);
#220=LINE('',#3837,#362);
#221=LINE('',#3840,#363);
#222=LINE('',#3843,#364);
#223=LINE('',#3846,#365);
#224=LINE('',#3849,#366);
#225=LINE('',#3852,#367);
#226=LINE('',#3855,#368);
#227=LINE('',#3858,#369);
#228=LINE('',#3861,#370);
#229=LINE('',#3864,#371);
#230=LINE('',#3867,#372);
#231=LINE('',#3870,#373);
#232=LINE('',#3873,#374);
#233=LINE('',#3876,#375);
#234=LINE('',#3879,#376);
#235=LINE('',#3882,#377);
#236=LINE('',#3885,#378);
#237=LINE('',#3888,#379);
#238=LINE('',#3891,#380);
#239=LINE('',#3894,#381);
#240=LINE('',#3897,#382);
#241=LINE('',#3900,#383);
#242=LINE('',#3903,#384);
#243=LINE('',#3905,#385);
#244=LINE('',#3906,#386);
#245=LINE('',#3908,#387);
#246=LINE('',#3909,#388);
#247=LINE('',#3911,#389);
#248=LINE('',#3912,#390);
#249=LINE('',#3914,#391);
#250=LINE('',#3915,#392);
#251=LINE('',#3917,#393);
#252=LINE('',#3918,#394);
#253=LINE('',#3923,#395);
#254=LINE('',#3924,#396);
#255=LINE('',#3929,#397);
#256=LINE('',#3930,#398);
#257=LINE('',#3935,#399);
#258=LINE('',#3936,#400);
#259=LINE('',#3938,#401);
#260=LINE('',#3939,#402);
#261=LINE('',#3946,#403);
#262=LINE('',#3947,#404);
#263=LINE('',#3951,#405);
#264=LINE('',#3952,#406);
#265=LINE('',#3956,#407);
#266=LINE('',#3957,#408);
#267=LINE('',#3963,#409);
#268=LINE('',#3964,#410);
#269=LINE('',#3968,#411);
#270=LINE('',#3969,#412);
#271=VECTOR('',#2568,11.);
#272=VECTOR('',#2579,9.62499999999999);
#273=VECTOR('',#2592,9.6553884310917);
#274=VECTOR('',#2597,9.075);
#275=VECTOR('',#2610,9.075);
#276=VECTOR('',#2613,9.075);
#277=VECTOR('',#2628,9.62499999999999);
#278=VECTOR('',#2647,5.72749999999999);
#279=VECTOR('',#2654,3.5);
#280=VECTOR('',#2661,5.9375);
#281=VECTOR('',#2670,3.71);
#282=VECTOR('',#2675,5.9375);
#283=VECTOR('',#2678,5.9375);
#284=VECTOR('',#2681,3.5);
#285=VECTOR('',#2714,1000.);
#286=VECTOR('',#2717,1000.);
#287=VECTOR('',#2738,8.52499999999999);
#288=VECTOR('',#2751,6.0375);
#289=VECTOR('',#2758,5.9375);
#290=VECTOR('',#2769,9.405);
#291=VECTOR('',#2832,1000.);
#292=VECTOR('',#2835,1000.);
#293=VECTOR('',#2838,1000.);
#294=VECTOR('',#2841,1000.);
#295=VECTOR('',#2844,1000.);
#296=VECTOR('',#2847,1000.);
#297=VECTOR('',#2850,1000.);
#298=VECTOR('',#2853,1000.);
#299=VECTOR('',#2856,1000.);
#300=VECTOR('',#2859,1000.);
#301=VECTOR('',#2862,1000.);
#302=VECTOR('',#2865,1000.);
#303=VECTOR('',#2868,1000.);
#304=VECTOR('',#2871,1000.);
#305=VECTOR('',#2874,1000.);
#306=VECTOR('',#2877,1000.);
#307=VECTOR('',#2880,1000.);
#308=VECTOR('',#2883,1000.);
#309=VECTOR('',#2886,1000.);
#310=VECTOR('',#2889,1000.);
#311=VECTOR('',#2892,1000.);
#312=VECTOR('',#2895,1000.);
#313=VECTOR('',#2898,1000.);
#314=VECTOR('',#2901,1000.);
#315=VECTOR('',#2904,1000.);
#316=VECTOR('',#2907,1000.);
#317=VECTOR('',#2910,1000.);
#318=VECTOR('',#2913,1000.);
#319=VECTOR('',#2916,1000.);
#320=VECTOR('',#2919,1000.);
#321=VECTOR('',#2922,1000.);
#322=VECTOR('',#2923,1000.);
#323=VECTOR('',#2926,1000.);
#324=VECTOR('',#2927,1000.);
#325=VECTOR('',#2930,1000.);
#326=VECTOR('',#2931,1000.);
#327=VECTOR('',#2934,1000.);
#328=VECTOR('',#2935,1000.);
#329=VECTOR('',#2938,1000.);
#330=VECTOR('',#2939,1000.);
#331=VECTOR('',#2944,1000.);
#332=VECTOR('',#2945,1000.);
#333=VECTOR('',#2950,1000.);
#334=VECTOR('',#2951,1000.);
#335=VECTOR('',#2956,1000.);
#336=VECTOR('',#2957,1000.);
#337=VECTOR('',#2960,1000.);
#338=VECTOR('',#2961,1000.);
#339=VECTOR('',#2974,1000.);
#340=VECTOR('',#2975,1000.);
#341=VECTOR('',#2982,1000.);
#342=VECTOR('',#2983,1000.);
#343=VECTOR('',#2990,1000.);
#344=VECTOR('',#2991,1000.);
#345=VECTOR('',#3002,1000.);
#346=VECTOR('',#3003,1000.);
#347=VECTOR('',#3010,1000.);
#348=VECTOR('',#3011,1000.);
#349=VECTOR('',#3020,1000.);
#350=VECTOR('',#3023,1000.);
#351=VECTOR('',#3044,8.52499999999999);
#352=VECTOR('',#3057,6.0375);
#353=VECTOR('',#3064,5.9375);
#354=VECTOR('',#3075,9.405);
#355=VECTOR('',#3138,1000.);
#356=VECTOR('',#3141,1000.);
#357=VECTOR('',#3144,1000.);
#358=VECTOR('',#3147,1000.);
#359=VECTOR('',#3150,1000.);
#360=VECTOR('',#3153,1000.);
#361=VECTOR('',#3156,1000.);
#362=VECTOR('',#3159,1000.);
#363=VECTOR('',#3162,1000.);
#364=VECTOR('',#3165,1000.);
#365=VECTOR('',#3168,1000.);
#366=VECTOR('',#3171,1000.);
#367=VECTOR('',#3174,1000.);
#368=VECTOR('',#3177,1000.);
#369=VECTOR('',#3180,1000.);
#370=VECTOR('',#3183,1000.);
#371=VECTOR('',#3186,1000.);
#372=VECTOR('',#3189,1000.);
#373=VECTOR('',#3192,1000.);
#374=VECTOR('',#3195,1000.);
#375=VECTOR('',#3198,1000.);
#376=VECTOR('',#3201,1000.);
#377=VECTOR('',#3204,1000.);
#378=VECTOR('',#3207,1000.);
#379=VECTOR('',#3210,1000.);
#380=VECTOR('',#3213,1000.);
#381=VECTOR('',#3216,1000.);
#382=VECTOR('',#3219,1000.);
#383=VECTOR('',#3222,1000.);
#384=VECTOR('',#3225,1000.);
#385=VECTOR('',#3228,1000.);
#386=VECTOR('',#3229,1000.);
#387=VECTOR('',#3232,1000.);
#388=VECTOR('',#3233,1000.);
#389=VECTOR('',#3236,1000.);
#390=VECTOR('',#3237,1000.);
#391=VECTOR('',#3240,1000.);
#392=VECTOR('',#3241,1000.);
#393=VECTOR('',#3244,1000.);
#394=VECTOR('',#3245,1000.);
#395=VECTOR('',#3250,1000.);
#396=VECTOR('',#3251,1000.);
#397=VECTOR('',#3256,1000.);
#398=VECTOR('',#3257,1000.);
#399=VECTOR('',#3262,1000.);
#400=VECTOR('',#3263,1000.);
#401=VECTOR('',#3266,1000.);
#402=VECTOR('',#3267,1000.);
#403=VECTOR('',#3280,1000.);
#404=VECTOR('',#3281,1000.);
#405=VECTOR('',#3288,1000.);
#406=VECTOR('',#3289,1000.);
#407=VECTOR('',#3296,1000.);
#408=VECTOR('',#3297,1000.);
#409=VECTOR('',#3308,1000.);
#410=VECTOR('',#3309,1000.);
#411=VECTOR('',#3316,1000.);
#412=VECTOR('',#3317,1000.);
#413=CYLINDRICAL_SURFACE('',#2243,11.);
#414=CYLINDRICAL_SURFACE('',#2248,9.62499999999999);
#415=CYLINDRICAL_SURFACE('',#2256,9.075);
#416=CYLINDRICAL_SURFACE('',#2261,9.075);
#417=CYLINDRICAL_SURFACE('',#2270,9.62499999999999);
#418=CYLINDRICAL_SURFACE('',#2292,5.9375);
#419=CYLINDRICAL_SURFACE('',#2293,5.9375);
#420=CYLINDRICAL_SURFACE('',#2294,3.5);
#421=CYLINDRICAL_SURFACE('',#2309,9.62499999999999);
#422=CYLINDRICAL_SURFACE('',#2327,6.0375);
#423=CYLINDRICAL_SURFACE('',#2329,5.9375);
#424=CYLINDRICAL_SURFACE('',#2366,9.62499999999999);
#425=CYLINDRICAL_SURFACE('',#2368,9.62499999999999);
#426=CYLINDRICAL_SURFACE('',#2370,9.62499999999999);
#427=CYLINDRICAL_SURFACE('',#2372,9.62499999999999);
#428=CYLINDRICAL_SURFACE('',#2374,9.62499999999999);
#429=CYLINDRICAL_SURFACE('',#2386,9.493);
#430=CYLINDRICAL_SURFACE('',#2388,9.493);
#431=CYLINDRICAL_SURFACE('',#2390,9.493);
#432=CYLINDRICAL_SURFACE('',#2392,9.493);
#433=CYLINDRICAL_SURFACE('',#2394,9.493);
#434=CYLINDRICAL_SURFACE('',#2401,9.62499999999999);
#435=CYLINDRICAL_SURFACE('',#2405,9.493);
#436=CYLINDRICAL_SURFACE('',#2413,9.62499999999999);
#437=CYLINDRICAL_SURFACE('',#2416,9.62499999999999);
#438=CYLINDRICAL_SURFACE('',#2419,9.62499999999999);
#439=CYLINDRICAL_SURFACE('',#2424,9.62499999999999);
#440=CYLINDRICAL_SURFACE('',#2427,9.62499999999999);
#441=CYLINDRICAL_SURFACE('',#2430,9.62499999999999);
#442=CYLINDRICAL_SURFACE('',#2448,6.0375);
#443=CYLINDRICAL_SURFACE('',#2450,5.9375);
#444=CYLINDRICAL_SURFACE('',#2487,9.62499999999999);
#445=CYLINDRICAL_SURFACE('',#2489,9.62499999999999);
#446=CYLINDRICAL_SURFACE('',#2491,9.62499999999999);
#447=CYLINDRICAL_SURFACE('',#2493,9.62499999999999);
#448=CYLINDRICAL_SURFACE('',#2495,9.62499999999999);
#449=CYLINDRICAL_SURFACE('',#2507,9.493);
#450=CYLINDRICAL_SURFACE('',#2509,9.493);
#451=CYLINDRICAL_SURFACE('',#2511,9.493);
#452=CYLINDRICAL_SURFACE('',#2513,9.493);
#453=CYLINDRICAL_SURFACE('',#2515,9.493);
#454=CYLINDRICAL_SURFACE('',#2522,9.62499999999999);
#455=CYLINDRICAL_SURFACE('',#2526,9.493);
#456=CYLINDRICAL_SURFACE('',#2534,9.62499999999999);
#457=CYLINDRICAL_SURFACE('',#2537,9.62499999999999);
#458=CYLINDRICAL_SURFACE('',#2540,9.62499999999999);
#459=CYLINDRICAL_SURFACE('',#2545,9.62499999999999);
#460=CYLINDRICAL_SURFACE('',#2548,9.62499999999999);
#461=FACE_OUTER_BOUND('',#605,.T.);
#462=FACE_OUTER_BOUND('',#606,.T.);
#463=FACE_OUTER_BOUND('',#607,.T.);
#464=FACE_OUTER_BOUND('',#608,.T.);
#465=FACE_OUTER_BOUND('',#609,.T.);
#466=FACE_OUTER_BOUND('',#610,.T.);
#467=FACE_OUTER_BOUND('',#611,.T.);
#468=FACE_OUTER_BOUND('',#612,.T.);
#469=FACE_OUTER_BOUND('',#613,.T.);
#470=FACE_OUTER_BOUND('',#614,.T.);
#471=FACE_OUTER_BOUND('',#615,.T.);
#472=FACE_OUTER_BOUND('',#616,.T.);
#473=FACE_OUTER_BOUND('',#617,.T.);
#474=FACE_OUTER_BOUND('',#619,.T.);
#475=FACE_OUTER_BOUND('',#621,.T.);
#476=FACE_OUTER_BOUND('',#622,.T.);
#477=FACE_OUTER_BOUND('',#623,.T.);
#478=FACE_OUTER_BOUND('',#624,.T.);
#479=FACE_OUTER_BOUND('',#625,.T.);
#480=FACE_OUTER_BOUND('',#626,.T.);
#481=FACE_OUTER_BOUND('',#627,.T.);
#482=FACE_OUTER_BOUND('',#628,.T.);
#483=FACE_OUTER_BOUND('',#629,.T.);
#484=FACE_OUTER_BOUND('',#631,.T.);
#485=FACE_OUTER_BOUND('',#633,.T.);
#486=FACE_OUTER_BOUND('',#634,.T.);
#487=FACE_OUTER_BOUND('',#635,.T.);
#488=FACE_OUTER_BOUND('',#636,.T.);
#489=FACE_OUTER_BOUND('',#637,.T.);
#490=FACE_OUTER_BOUND('',#638,.T.);
#491=FACE_OUTER_BOUND('',#639,.T.);
#492=FACE_OUTER_BOUND('',#640,.T.);
#493=FACE_OUTER_BOUND('',#641,.T.);
#494=FACE_OUTER_BOUND('',#642,.T.);
#495=FACE_OUTER_BOUND('',#643,.T.);
#496=FACE_OUTER_BOUND('',#644,.T.);
#497=FACE_OUTER_BOUND('',#645,.T.);
#498=FACE_OUTER_BOUND('',#646,.T.);
#499=FACE_OUTER_BOUND('',#647,.T.);
#500=FACE_OUTER_BOUND('',#648,.T.);
#501=FACE_OUTER_BOUND('',#649,.T.);
#502=FACE_OUTER_BOUND('',#650,.T.);
#503=FACE_OUTER_BOUND('',#651,.T.);
#504=FACE_OUTER_BOUND('',#652,.T.);
#505=FACE_OUTER_BOUND('',#653,.T.);
#506=FACE_OUTER_BOUND('',#654,.T.);
#507=FACE_OUTER_BOUND('',#655,.T.);
#508=FACE_OUTER_BOUND('',#656,.T.);
#509=FACE_OUTER_BOUND('',#657,.T.);
#510=FACE_OUTER_BOUND('',#658,.T.);
#511=FACE_OUTER_BOUND('',#659,.T.);
#512=FACE_OUTER_BOUND('',#660,.T.);
#513=FACE_OUTER_BOUND('',#661,.T.);
#514=FACE_OUTER_BOUND('',#662,.T.);
#515=FACE_OUTER_BOUND('',#663,.T.);
#516=FACE_OUTER_BOUND('',#664,.T.);
#517=FACE_OUTER_BOUND('',#665,.T.);
#518=FACE_OUTER_BOUND('',#666,.T.);
#519=FACE_OUTER_BOUND('',#667,.T.);
#520=FACE_OUTER_BOUND('',#668,.T.);
#521=FACE_OUTER_BOUND('',#669,.T.);
#522=FACE_OUTER_BOUND('',#670,.T.);
#523=FACE_OUTER_BOUND('',#671,.T.);
#524=FACE_OUTER_BOUND('',#672,.T.);
#525=FACE_OUTER_BOUND('',#673,.T.);
#526=FACE_OUTER_BOUND('',#674,.T.);
#527=FACE_OUTER_BOUND('',#676,.T.);
#528=FACE_OUTER_BOUND('',#678,.T.);
#529=FACE_OUTER_BOUND('',#680,.T.);
#530=FACE_OUTER_BOUND('',#682,.T.);
#531=FACE_OUTER_BOUND('',#684,.T.);
#532=FACE_OUTER_BOUND('',#685,.T.);
#533=FACE_OUTER_BOUND('',#686,.T.);
#534=FACE_OUTER_BOUND('',#687,.T.);
#535=FACE_OUTER_BOUND('',#688,.T.);
#536=FACE_OUTER_BOUND('',#689,.T.);
#537=FACE_OUTER_BOUND('',#690,.T.);
#538=FACE_OUTER_BOUND('',#691,.T.);
#539=FACE_OUTER_BOUND('',#692,.T.);
#540=FACE_OUTER_BOUND('',#693,.T.);
#541=FACE_OUTER_BOUND('',#694,.T.);
#542=FACE_OUTER_BOUND('',#695,.T.);
#543=FACE_OUTER_BOUND('',#696,.T.);
#544=FACE_OUTER_BOUND('',#697,.T.);
#545=FACE_OUTER_BOUND('',#698,.T.);
#546=FACE_OUTER_BOUND('',#699,.T.);
#547=FACE_OUTER_BOUND('',#700,.T.);
#548=FACE_OUTER_BOUND('',#701,.T.);
#549=FACE_OUTER_BOUND('',#702,.T.);
#550=FACE_OUTER_BOUND('',#703,.T.);
#551=FACE_OUTER_BOUND('',#704,.T.);
#552=FACE_OUTER_BOUND('',#705,.T.);
#553=FACE_OUTER_BOUND('',#706,.T.);
#554=FACE_OUTER_BOUND('',#707,.T.);
#555=FACE_OUTER_BOUND('',#708,.T.);
#556=FACE_OUTER_BOUND('',#709,.T.);
#557=FACE_OUTER_BOUND('',#710,.T.);
#558=FACE_OUTER_BOUND('',#711,.T.);
#559=FACE_OUTER_BOUND('',#712,.T.);
#560=FACE_OUTER_BOUND('',#713,.T.);
#561=FACE_OUTER_BOUND('',#714,.T.);
#562=FACE_OUTER_BOUND('',#715,.T.);
#563=FACE_OUTER_BOUND('',#716,.T.);
#564=FACE_OUTER_BOUND('',#717,.T.);
#565=FACE_OUTER_BOUND('',#718,.T.);
#566=FACE_OUTER_BOUND('',#719,.T.);
#567=FACE_OUTER_BOUND('',#720,.T.);
#568=FACE_OUTER_BOUND('',#721,.T.);
#569=FACE_OUTER_BOUND('',#722,.T.);
#570=FACE_OUTER_BOUND('',#723,.T.);
#571=FACE_OUTER_BOUND('',#724,.T.);
#572=FACE_OUTER_BOUND('',#725,.T.);
#573=FACE_OUTER_BOUND('',#726,.T.);
#574=FACE_OUTER_BOUND('',#727,.T.);
#575=FACE_OUTER_BOUND('',#728,.T.);
#576=FACE_OUTER_BOUND('',#729,.T.);
#577=FACE_OUTER_BOUND('',#730,.T.);
#578=FACE_OUTER_BOUND('',#731,.T.);
#579=FACE_OUTER_BOUND('',#732,.T.);
#580=FACE_OUTER_BOUND('',#733,.T.);
#581=FACE_OUTER_BOUND('',#734,.T.);
#582=FACE_OUTER_BOUND('',#735,.T.);
#583=FACE_OUTER_BOUND('',#736,.T.);
#584=FACE_OUTER_BOUND('',#738,.T.);
#585=FACE_OUTER_BOUND('',#740,.T.);
#586=FACE_OUTER_BOUND('',#742,.T.);
#587=FACE_OUTER_BOUND('',#744,.T.);
#588=FACE_OUTER_BOUND('',#746,.T.);
#589=FACE_OUTER_BOUND('',#747,.T.);
#590=FACE_OUTER_BOUND('',#748,.T.);
#591=FACE_OUTER_BOUND('',#749,.T.);
#592=FACE_OUTER_BOUND('',#750,.T.);
#593=FACE_OUTER_BOUND('',#751,.T.);
#594=FACE_OUTER_BOUND('',#752,.T.);
#595=FACE_OUTER_BOUND('',#753,.T.);
#596=FACE_OUTER_BOUND('',#754,.T.);
#597=FACE_OUTER_BOUND('',#755,.T.);
#598=FACE_OUTER_BOUND('',#756,.T.);
#599=FACE_OUTER_BOUND('',#757,.T.);
#600=FACE_OUTER_BOUND('',#758,.T.);
#601=FACE_OUTER_BOUND('',#759,.T.);
#602=FACE_OUTER_BOUND('',#760,.T.);
#603=FACE_OUTER_BOUND('',#761,.T.);
#604=FACE_OUTER_BOUND('',#762,.T.);
#605=EDGE_LOOP('',(#1433,#1434,#1435,#1436));
#606=EDGE_LOOP('',(#1437,#1438,#1439,#1440));
#607=EDGE_LOOP('',(#1441,#1442,#1443,#1444));
#608=EDGE_LOOP('',(#1445,#1446,#1447,#1448));
#609=EDGE_LOOP('',(#1449,#1450,#1451,#1452));
#610=EDGE_LOOP('',(#1453,#1454,#1455,#1456));
#611=EDGE_LOOP('',(#1457,#1458,#1459,#1460));
#612=EDGE_LOOP('',(#1461,#1462,#1463,#1464));
#613=EDGE_LOOP('',(#1465,#1466,#1467,#1468,#1469));
#614=EDGE_LOOP('',(#1470,#1471,#1472,#1473,#1474,#1475));
#615=EDGE_LOOP('',(#1476,#1477,#1478,#1479,#1480));
#616=EDGE_LOOP('',(#1481,#1482,#1483,#1484));
#617=EDGE_LOOP('',(#1485));
#618=EDGE_LOOP('',(#1486));
#619=EDGE_LOOP('',(#1487));
#620=EDGE_LOOP('',(#1488));
#621=EDGE_LOOP('',(#1489,#1490,#1491,#1492));
#622=EDGE_LOOP('',(#1493,#1494,#1495,#1496,#1497));
#623=EDGE_LOOP('',(#1498,#1499,#1500,#1501));
#624=EDGE_LOOP('',(#1502,#1503,#1504,#1505));
#625=EDGE_LOOP('',(#1506,#1507,#1508,#1509,#1510));
#626=EDGE_LOOP('',(#1511,#1512,#1513,#1514,#1515));
#627=EDGE_LOOP('',(#1516,#1517,#1518,#1519));
#628=EDGE_LOOP('',(#1520,#1521,#1522,#1523,#1524));
#629=EDGE_LOOP('',(#1525));
#630=EDGE_LOOP('',(#1526));
#631=EDGE_LOOP('',(#1527));
#632=EDGE_LOOP('',(#1528));
#633=EDGE_LOOP('',(#1529,#1530));
#634=EDGE_LOOP('',(#1531,#1532));
#635=EDGE_LOOP('',(#1533,#1534));
#636=EDGE_LOOP('',(#1535,#1536));
#637=EDGE_LOOP('',(#1537,#1538));
#638=EDGE_LOOP('',(#1539,#1540));
#639=EDGE_LOOP('',(#1541,#1542,#1543,#1544));
#640=EDGE_LOOP('',(#1545,#1546,#1547,#1548));
#641=EDGE_LOOP('',(#1549,#1550,#1551,#1552));
#642=EDGE_LOOP('',(#1553,#1554,#1555,#1556));
#643=EDGE_LOOP('',(#1557,#1558,#1559,#1560));
#644=EDGE_LOOP('',(#1561,#1562,#1563,#1564));
#645=EDGE_LOOP('',(#1565,#1566,#1567,#1568));
#646=EDGE_LOOP('',(#1569,#1570,#1571,#1572));
#647=EDGE_LOOP('',(#1573,#1574,#1575,#1576));
#648=EDGE_LOOP('',(#1577,#1578,#1579,#1580,#1581,#1582,#1583,#1584,#1585,
#1586,#1587,#1588,#1589,#1590,#1591,#1592));
#649=EDGE_LOOP('',(#1593,#1594,#1595,#1596,#1597,#1598,#1599,#1600,#1601,
#1602,#1603,#1604,#1605,#1606,#1607,#1608));
#650=EDGE_LOOP('',(#1609,#1610,#1611,#1612));
#651=EDGE_LOOP('',(#1613,#1614,#1615,#1616));
#652=EDGE_LOOP('',(#1617,#1618,#1619,#1620));
#653=EDGE_LOOP('',(#1621,#1622,#1623,#1624));
#654=EDGE_LOOP('',(#1625,#1626,#1627,#1628));
#655=EDGE_LOOP('',(#1629,#1630,#1631,#1632));
#656=EDGE_LOOP('',(#1633,#1634,#1635,#1636));
#657=EDGE_LOOP('',(#1637,#1638,#1639,#1640));
#658=EDGE_LOOP('',(#1641,#1642,#1643,#1644));
#659=EDGE_LOOP('',(#1645,#1646,#1647,#1648));
#660=EDGE_LOOP('',(#1649,#1650,#1651,#1652));
#661=EDGE_LOOP('',(#1653,#1654,#1655,#1656));
#662=EDGE_LOOP('',(#1657,#1658,#1659,#1660));
#663=EDGE_LOOP('',(#1661,#1662,#1663,#1664));
#664=EDGE_LOOP('',(#1665,#1666,#1667,#1668));
#665=EDGE_LOOP('',(#1669,#1670,#1671,#1672));
#666=EDGE_LOOP('',(#1673,#1674,#1675,#1676));
#667=EDGE_LOOP('',(#1677,#1678,#1679,#1680));
#668=EDGE_LOOP('',(#1681,#1682,#1683,#1684));
#669=EDGE_LOOP('',(#1685,#1686,#1687,#1688));
#670=EDGE_LOOP('',(#1689,#1690,#1691,#1692));
#671=EDGE_LOOP('',(#1693,#1694,#1695,#1696));
#672=EDGE_LOOP('',(#1697,#1698,#1699,#1700));
#673=EDGE_LOOP('',(#1701,#1702,#1703,#1704));
#674=EDGE_LOOP('',(#1705));
#675=EDGE_LOOP('',(#1706));
#676=EDGE_LOOP('',(#1707));
#677=EDGE_LOOP('',(#1708));
#678=EDGE_LOOP('',(#1709));
#679=EDGE_LOOP('',(#1710));
#680=EDGE_LOOP('',(#1711));
#681=EDGE_LOOP('',(#1712));
#682=EDGE_LOOP('',(#1713));
#683=EDGE_LOOP('',(#1714));
#684=EDGE_LOOP('',(#1715,#1716,#1717,#1718,#1719,#1720));
#685=EDGE_LOOP('',(#1721,#1722,#1723,#1724,#1725));
#686=EDGE_LOOP('',(#1726,#1727,#1728,#1729,#1730));
#687=EDGE_LOOP('',(#1731,#1732,#1733,#1734));
#688=EDGE_LOOP('',(#1735,#1736,#1737,#1738,#1739));
#689=EDGE_LOOP('',(#1740,#1741,#1742,#1743,#1744));
#690=EDGE_LOOP('',(#1745,#1746,#1747,#1748));
#691=EDGE_LOOP('',(#1749,#1750,#1751,#1752,#1753));
#692=EDGE_LOOP('',(#1754,#1755,#1756,#1757,#1758));
#693=EDGE_LOOP('',(#1759,#1760,#1761,#1762,#1763));
#694=EDGE_LOOP('',(#1764,#1765,#1766,#1767,#1768));
#695=EDGE_LOOP('',(#1769,#1770,#1771,#1772));
#696=EDGE_LOOP('',(#1773,#1774,#1775,#1776,#1777));
#697=EDGE_LOOP('',(#1778,#1779,#1780,#1781,#1782));
#698=EDGE_LOOP('',(#1783,#1784,#1785,#1786));
#699=EDGE_LOOP('',(#1787,#1788,#1789,#1790,#1791));
#700=EDGE_LOOP('',(#1792,#1793,#1794,#1795,#1796));
#701=EDGE_LOOP('',(#1797,#1798,#1799,#1800));
#702=EDGE_LOOP('',(#1801,#1802,#1803,#1804));
#703=EDGE_LOOP('',(#1805,#1806,#1807,#1808));
#704=EDGE_LOOP('',(#1809,#1810,#1811,#1812));
#705=EDGE_LOOP('',(#1813,#1814,#1815,#1816));
#706=EDGE_LOOP('',(#1817,#1818,#1819,#1820));
#707=EDGE_LOOP('',(#1821,#1822,#1823,#1824));
#708=EDGE_LOOP('',(#1825,#1826,#1827,#1828));
#709=EDGE_LOOP('',(#1829,#1830,#1831,#1832));
#710=EDGE_LOOP('',(#1833,#1834,#1835,#1836,#1837,#1838,#1839,#1840,#1841,
#1842,#1843,#1844,#1845,#1846,#1847,#1848));
#711=EDGE_LOOP('',(#1849,#1850,#1851,#1852,#1853,#1854,#1855,#1856,#1857,
#1858,#1859,#1860,#1861,#1862,#1863,#1864));
#712=EDGE_LOOP('',(#1865,#1866,#1867,#1868));
#713=EDGE_LOOP('',(#1869,#1870,#1871,#1872));
#714=EDGE_LOOP('',(#1873,#1874,#1875,#1876));
#715=EDGE_LOOP('',(#1877,#1878,#1879,#1880));
#716=EDGE_LOOP('',(#1881,#1882,#1883,#1884));
#717=EDGE_LOOP('',(#1885,#1886,#1887,#1888));
#718=EDGE_LOOP('',(#1889,#1890,#1891,#1892));
#719=EDGE_LOOP('',(#1893,#1894,#1895,#1896));
#720=EDGE_LOOP('',(#1897,#1898,#1899,#1900));
#721=EDGE_LOOP('',(#1901,#1902,#1903,#1904));
#722=EDGE_LOOP('',(#1905,#1906,#1907,#1908));
#723=EDGE_LOOP('',(#1909,#1910,#1911,#1912));
#724=EDGE_LOOP('',(#1913,#1914,#1915,#1916));
#725=EDGE_LOOP('',(#1917,#1918,#1919,#1920));
#726=EDGE_LOOP('',(#1921,#1922,#1923,#1924));
#727=EDGE_LOOP('',(#1925,#1926,#1927,#1928));
#728=EDGE_LOOP('',(#1929,#1930,#1931,#1932));
#729=EDGE_LOOP('',(#1933,#1934,#1935,#1936));
#730=EDGE_LOOP('',(#1937,#1938,#1939,#1940));
#731=EDGE_LOOP('',(#1941,#1942,#1943,#1944));
#732=EDGE_LOOP('',(#1945,#1946,#1947,#1948));
#733=EDGE_LOOP('',(#1949,#1950,#1951,#1952));
#734=EDGE_LOOP('',(#1953,#1954,#1955,#1956));
#735=EDGE_LOOP('',(#1957,#1958,#1959,#1960));
#736=EDGE_LOOP('',(#1961));
#737=EDGE_LOOP('',(#1962));
#738=EDGE_LOOP('',(#1963));
#739=EDGE_LOOP('',(#1964));
#740=EDGE_LOOP('',(#1965));
#741=EDGE_LOOP('',(#1966));
#742=EDGE_LOOP('',(#1967));
#743=EDGE_LOOP('',(#1968));
#744=EDGE_LOOP('',(#1969));
#745=EDGE_LOOP('',(#1970));
#746=EDGE_LOOP('',(#1971,#1972,#1973,#1974,#1975,#1976));
#747=EDGE_LOOP('',(#1977,#1978,#1979,#1980,#1981));
#748=EDGE_LOOP('',(#1982,#1983,#1984,#1985,#1986));
#749=EDGE_LOOP('',(#1987,#1988,#1989,#1990));
#750=EDGE_LOOP('',(#1991,#1992,#1993,#1994,#1995));
#751=EDGE_LOOP('',(#1996,#1997,#1998,#1999,#2000));
#752=EDGE_LOOP('',(#2001,#2002,#2003,#2004));
#753=EDGE_LOOP('',(#2005,#2006,#2007,#2008,#2009));
#754=EDGE_LOOP('',(#2010,#2011,#2012,#2013,#2014));
#755=EDGE_LOOP('',(#2015,#2016,#2017,#2018,#2019));
#756=EDGE_LOOP('',(#2020,#2021,#2022,#2023,#2024));
#757=EDGE_LOOP('',(#2025,#2026,#2027,#2028));
#758=EDGE_LOOP('',(#2029,#2030,#2031,#2032,#2033));
#759=EDGE_LOOP('',(#2034,#2035,#2036,#2037,#2038));
#760=EDGE_LOOP('',(#2039,#2040,#2041,#2042));
#761=EDGE_LOOP('',(#2043,#2044,#2045,#2046,#2047));
#762=EDGE_LOOP('',(#2048,#2049,#2050,#2051,#2052));
#763=CIRCLE('',#2240,11.);
#764=CIRCLE('',#2241,0.343750000000004);
#765=CIRCLE('',#2242,10.65625);
#766=CIRCLE('',#2244,11.);
#767=CIRCLE('',#2246,10.65625);
#768=CIRCLE('',#2247,0.343750000000004);
#769=CIRCLE('',#2249,9.62499999999999);
#770=CIRCLE('',#2250,9.62499999999998);
#771=CIRCLE('',#2252,9.6553884310917);
#772=CIRCLE('',#2253,0.175000000000002);
#773=CIRCLE('',#2255,9.075);
#774=CIRCLE('',#2257,9.075);
#775=CIRCLE('',#2259,9.075);
#776=CIRCLE('',#2260,2.18750000000001);
#777=CIRCLE('',#2262,9.075);
#778=CIRCLE('',#2263,9.075);
#779=CIRCLE('',#2265,9.6553884310917);
#780=CIRCLE('',#2266,9.6553884310917);
#781=CIRCLE('',#2268,9.62499999999999);
#782=CIRCLE('',#2269,0.175000000000003);
#783=CIRCLE('',#2271,9.62499999999999);
#784=CIRCLE('',#2275,5.9375);
#785=CIRCLE('',#2276,2.18749999999999);
#786=CIRCLE('',#2277,5.9375);
#787=CIRCLE('',#2279,5.9375);
#788=CIRCLE('',#2280,5.9375);
#789=CIRCLE('',#2281,5.7275);
#790=CIRCLE('',#2283,3.5);
#791=CIRCLE('',#2284,3.71000000000001);
#792=CIRCLE('',#2286,5.9375);
#793=CIRCLE('',#2287,5.7275);
#794=CIRCLE('',#2289,3.5);
#795=CIRCLE('',#2290,3.5);
#796=CIRCLE('',#2291,3.71);
#797=CIRCLE('',#2298,2.18750000000001);
#798=CIRCLE('',#2300,2.18750000000001);
#799=CIRCLE('',#2302,2.18750000000001);
#800=CIRCLE('',#2304,2.18750000000001);
#801=CIRCLE('',#2306,2.18750000000001);
#802=CIRCLE('',#2308,2.18750000000001);
#803=CIRCLE('',#2310,9.62499999999999);
#804=CIRCLE('',#2311,9.62499999999999);
#805=CIRCLE('',#2313,9.59115749179679);
#806=CIRCLE('',#2314,2.2);
#807=CIRCLE('',#2315,9.22148934828391);
#808=CIRCLE('',#2317,8.70851065171608);
#809=CIRCLE('',#2318,2.2);
#810=CIRCLE('',#2319,8.3388425082032);
#811=CIRCLE('',#2321,8.52499999999999);
#812=CIRCLE('',#2322,9.405);
#813=CIRCLE('',#2324,6.1125);
#814=CIRCLE('',#2325,0.0750000000000004);
#815=CIRCLE('',#2326,6.0375);
#816=CIRCLE('',#2328,6.0375);
#817=CIRCLE('',#2330,5.9375);
#818=CIRCLE('',#2331,5.9375);
#819=CIRCLE('',#2333,0.175000000000002);
#820=CIRCLE('',#2334,6.1125);
#821=CIRCLE('',#2337,9.62499999999999);
#822=CIRCLE('',#2338,0.0749999999999969);
#823=CIRCLE('',#2339,9.62499999999999);
#824=CIRCLE('',#2340,9.62499999999999);
#825=CIRCLE('',#2341,9.62499999999999);
#826=CIRCLE('',#2342,9.62499999999999);
#827=CIRCLE('',#2343,9.62499999999999);
#828=CIRCLE('',#2344,9.62499999999999);
#829=CIRCLE('',#2345,9.62499999999999);
#830=CIRCLE('',#2346,9.62499999999999);
#831=CIRCLE('',#2347,9.62499999999999);
#832=CIRCLE('',#2348,9.62499999999999);
#833=CIRCLE('',#2349,9.62499999999999);
#834=CIRCLE('',#2350,9.62499999999999);
#835=CIRCLE('',#2352,9.62499999999999);
#836=CIRCLE('',#2353,9.62499999999999);
#837=CIRCLE('',#2354,9.62499999999999);
#838=CIRCLE('',#2355,9.62499999999999);
#839=CIRCLE('',#2356,9.62499999999999);
#840=CIRCLE('',#2357,9.62499999999999);
#841=CIRCLE('',#2358,0.175000000000007);
#842=CIRCLE('',#2359,9.62499999999999);
#843=CIRCLE('',#2360,9.62499999999999);
#844=CIRCLE('',#2361,9.62499999999999);
#845=CIRCLE('',#2362,9.62499999999999);
#846=CIRCLE('',#2363,9.62499999999999);
#847=CIRCLE('',#2364,9.62499999999999);
#848=CIRCLE('',#2365,9.62499999999999);
#849=CIRCLE('',#2367,9.62499999999999);
#850=CIRCLE('',#2369,9.62499999999999);
#851=CIRCLE('',#2371,9.62499999999999);
#852=CIRCLE('',#2373,9.62499999999999);
#853=CIRCLE('',#2375,9.62499999999999);
#854=CIRCLE('',#2377,9.493);
#855=CIRCLE('',#2379,9.493);
#856=CIRCLE('',#2381,9.493);
#857=CIRCLE('',#2383,9.493);
#858=CIRCLE('',#2385,9.493);
#859=CIRCLE('',#2387,9.493);
#860=CIRCLE('',#2389,9.493);
#861=CIRCLE('',#2391,9.493);
#862=CIRCLE('',#2393,9.493);
#863=CIRCLE('',#2395,9.493);
#864=CIRCLE('',#2402,9.62499999999999);
#865=CIRCLE('',#2404,9.493);
#866=CIRCLE('',#2406,9.493);
#867=CIRCLE('',#2431,9.62499999999999);
#868=CIRCLE('',#2432,9.62499999999999);
#869=CIRCLE('',#2434,9.59115749179679);
#870=CIRCLE('',#2435,2.2);
#871=CIRCLE('',#2436,9.22148934828391);
#872=CIRCLE('',#2438,8.70851065171608);
#873=CIRCLE('',#2439,2.2);
#874=CIRCLE('',#2440,8.3388425082032);
#875=CIRCLE('',#2442,8.52499999999999);
#876=CIRCLE('',#2443,9.405);
#877=CIRCLE('',#2445,6.1125);
#878=CIRCLE('',#2446,0.0750000000000004);
#879=CIRCLE('',#2447,6.0375);
#880=CIRCLE('',#2449,6.0375);
#881=CIRCLE('',#2451,5.9375);
#882=CIRCLE('',#2452,5.9375);
#883=CIRCLE('',#2454,0.175000000000002);
#884=CIRCLE('',#2455,6.1125);
#885=CIRCLE('',#2458,9.62499999999999);
#886=CIRCLE('',#2459,0.0749999999999969);
#887=CIRCLE('',#2460,9.62499999999999);
#888=CIRCLE('',#2461,9.62499999999999);
#889=CIRCLE('',#2462,9.62499999999999);
#890=CIRCLE('',#2463,9.62499999999999);
#891=CIRCLE('',#2464,9.62499999999999);
#892=CIRCLE('',#2465,9.62499999999999);
#893=CIRCLE('',#2466,9.62499999999999);
#894=CIRCLE('',#2467,9.62499999999999);
#895=CIRCLE('',#2468,9.62499999999999);
#896=CIRCLE('',#2469,9.62499999999999);
#897=CIRCLE('',#2470,9.62499999999999);
#898=CIRCLE('',#2471,9.62499999999999);
#899=CIRCLE('',#2473,9.62499999999999);
#900=CIRCLE('',#2474,9.62499999999999);
#901=CIRCLE('',#2475,9.62499999999999);
#902=CIRCLE('',#2476,9.62499999999999);
#903=CIRCLE('',#2477,9.62499999999999);
#904=CIRCLE('',#2478,9.62499999999999);
#905=CIRCLE('',#2479,0.175000000000007);
#906=CIRCLE('',#2480,9.62499999999999);
#907=CIRCLE('',#2481,9.62499999999999);
#908=CIRCLE('',#2482,9.62499999999999);
#909=CIRCLE('',#2483,9.62499999999999);
#910=CIRCLE('',#2484,9.62499999999999);
#911=CIRCLE('',#2485,9.62499999999999);
#912=CIRCLE('',#2486,9.62499999999999);
#913=CIRCLE('',#2488,9.62499999999999);
#914=CIRCLE('',#2490,9.62499999999999);
#915=CIRCLE('',#2492,9.62499999999999);
#916=CIRCLE('',#2494,9.62499999999999);
#917=CIRCLE('',#2496,9.62499999999999);
#918=CIRCLE('',#2498,9.493);
#919=CIRCLE('',#2500,9.493);
#920=CIRCLE('',#2502,9.493);
#921=CIRCLE('',#2504,9.493);
#922=CIRCLE('',#2506,9.493);
#923=CIRCLE('',#2508,9.493);
#924=CIRCLE('',#2510,9.493);
#925=CIRCLE('',#2512,9.493);
#926=CIRCLE('',#2514,9.493);
#927=CIRCLE('',#2516,9.493);
#928=CIRCLE('',#2523,9.62499999999999);
#929=CIRCLE('',#2525,9.493);
#930=CIRCLE('',#2527,9.493);
#931=VERTEX_POINT('',#3327);
#932=VERTEX_POINT('',#3329);
#933=VERTEX_POINT('',#3333);
#934=VERTEX_POINT('',#3337);
#935=VERTEX_POINT('',#3341);
#936=VERTEX_POINT('',#3343);
#937=VERTEX_POINT('',#3347);
#938=VERTEX_POINT('',#3351);
#939=VERTEX_POINT('',#3355);
#940=VERTEX_POINT('',#3359);
#941=VERTEX_POINT('',#3363);
#942=VERTEX_POINT('',#3364);
#943=VERTEX_POINT('',#3369);
#944=VERTEX_POINT('',#3371);
#945=VERTEX_POINT('',#3375);
#946=VERTEX_POINT('',#3379);
#947=VERTEX_POINT('',#3385);
#948=VERTEX_POINT('',#3387);
#949=VERTEX_POINT('',#3391);
#950=VERTEX_POINT('',#3392);
#951=VERTEX_POINT('',#3395);
#952=VERTEX_POINT('',#3399);
#953=VERTEX_POINT('',#3401);
#954=VERTEX_POINT('',#3405);
#955=VERTEX_POINT('',#3407);
#956=VERTEX_POINT('',#3411);
#957=VERTEX_POINT('',#3412);
#958=VERTEX_POINT('',#3415);
#959=VERTEX_POINT('',#3427);
#960=VERTEX_POINT('',#3428);
#961=VERTEX_POINT('',#3431);
#962=VERTEX_POINT('',#3432);
#963=VERTEX_POINT('',#3435);
#964=VERTEX_POINT('',#3436);
#965=VERTEX_POINT('',#3439);
#966=VERTEX_POINT('',#3440);
#967=VERTEX_POINT('',#3443);
#968=VERTEX_POINT('',#3444);
#969=VERTEX_POINT('',#3447);
#970=VERTEX_POINT('',#3448);
#971=VERTEX_POINT('',#3451);
#972=VERTEX_POINT('',#3452);
#973=VERTEX_POINT('',#3454);
#974=VERTEX_POINT('',#3456);
#975=VERTEX_POINT('',#3460);
#976=VERTEX_POINT('',#3462);
#977=VERTEX_POINT('',#3466);
#978=VERTEX_POINT('',#3468);
#979=VERTEX_POINT('',#3472);
#980=VERTEX_POINT('',#3474);
#981=VERTEX_POINT('',#3478);
#982=VERTEX_POINT('',#3480);
#983=VERTEX_POINT('',#3484);
#984=VERTEX_POINT('',#3488);
#985=VERTEX_POINT('',#3490);
#986=VERTEX_POINT('',#3494);
#987=VERTEX_POINT('',#3500);
#988=VERTEX_POINT('',#3502);
#989=VERTEX_POINT('',#3504);
#990=VERTEX_POINT('',#3506);
#991=VERTEX_POINT('',#3508);
#992=VERTEX_POINT('',#3510);
#993=VERTEX_POINT('',#3512);
#994=VERTEX_POINT('',#3515);
#995=VERTEX_POINT('',#3517);
#996=VERTEX_POINT('',#3519);
#997=VERTEX_POINT('',#3521);
#998=VERTEX_POINT('',#3523);
#999=VERTEX_POINT('',#3527);
#1000=VERTEX_POINT('',#3529);
#1001=VERTEX_POINT('',#3531);
#1002=VERTEX_POINT('',#3533);
#1003=VERTEX_POINT('',#3535);
#1004=VERTEX_POINT('',#3537);
#1005=VERTEX_POINT('',#3539);
#1006=VERTEX_POINT('',#3542);
#1007=VERTEX_POINT('',#3544);
#1008=VERTEX_POINT('',#3546);
#1009=VERTEX_POINT('',#3548);
#1010=VERTEX_POINT('',#3550);
#1011=VERTEX_POINT('',#3554);
#1012=VERTEX_POINT('',#3556);
#1013=VERTEX_POINT('',#3560);
#1014=VERTEX_POINT('',#3562);
#1015=VERTEX_POINT('',#3566);
#1016=VERTEX_POINT('',#3568);
#1017=VERTEX_POINT('',#3572);
#1018=VERTEX_POINT('',#3574);
#1019=VERTEX_POINT('',#3578);
#1020=VERTEX_POINT('',#3580);
#1021=VERTEX_POINT('',#3584);
#1022=VERTEX_POINT('',#3586);
#1023=VERTEX_POINT('',#3590);
#1024=VERTEX_POINT('',#3592);
#1025=VERTEX_POINT('',#3596);
#1026=VERTEX_POINT('',#3598);
#1027=VERTEX_POINT('',#3602);
#1028=VERTEX_POINT('',#3604);
#1029=VERTEX_POINT('',#3608);
#1030=VERTEX_POINT('',#3610);
#1031=VERTEX_POINT('',#3614);
#1032=VERTEX_POINT('',#3616);
#1033=VERTEX_POINT('',#3620);
#1034=VERTEX_POINT('',#3622);
#1035=VERTEX_POINT('',#3626);
#1036=VERTEX_POINT('',#3628);
#1037=VERTEX_POINT('',#3632);
#1038=VERTEX_POINT('',#3634);
#1039=VERTEX_POINT('',#3638);
#1040=VERTEX_POINT('',#3640);
#1041=VERTEX_POINT('',#3659);
#1042=VERTEX_POINT('',#3660);
#1043=VERTEX_POINT('',#3665);
#1044=VERTEX_POINT('',#3666);
#1045=VERTEX_POINT('',#3671);
#1046=VERTEX_POINT('',#3672);
#1047=VERTEX_POINT('',#3712);
#1048=VERTEX_POINT('',#3713);
#1049=VERTEX_POINT('',#3715);
#1050=VERTEX_POINT('',#3717);
#1051=VERTEX_POINT('',#3721);
#1052=VERTEX_POINT('',#3723);
#1053=VERTEX_POINT('',#3727);
#1054=VERTEX_POINT('',#3729);
#1055=VERTEX_POINT('',#3733);
#1056=VERTEX_POINT('',#3735);
#1057=VERTEX_POINT('',#3739);
#1058=VERTEX_POINT('',#3741);
#1059=VERTEX_POINT('',#3745);
#1060=VERTEX_POINT('',#3749);
#1061=VERTEX_POINT('',#3751);
#1062=VERTEX_POINT('',#3755);
#1063=VERTEX_POINT('',#3761);
#1064=VERTEX_POINT('',#3763);
#1065=VERTEX_POINT('',#3765);
#1066=VERTEX_POINT('',#3767);
#1067=VERTEX_POINT('',#3769);
#1068=VERTEX_POINT('',#3771);
#1069=VERTEX_POINT('',#3773);
#1070=VERTEX_POINT('',#3776);
#1071=VERTEX_POINT('',#3778);
#1072=VERTEX_POINT('',#3780);
#1073=VERTEX_POINT('',#3782);
#1074=VERTEX_POINT('',#3784);
#1075=VERTEX_POINT('',#3788);
#1076=VERTEX_POINT('',#3790);
#1077=VERTEX_POINT('',#3792);
#1078=VERTEX_POINT('',#3794);
#1079=VERTEX_POINT('',#3796);
#1080=VERTEX_POINT('',#3798);
#1081=VERTEX_POINT('',#3800);
#1082=VERTEX_POINT('',#3803);
#1083=VERTEX_POINT('',#3805);
#1084=VERTEX_POINT('',#3807);
#1085=VERTEX_POINT('',#3809);
#1086=VERTEX_POINT('',#3811);
#1087=VERTEX_POINT('',#3815);
#1088=VERTEX_POINT('',#3817);
#1089=VERTEX_POINT('',#3821);
#1090=VERTEX_POINT('',#3823);
#1091=VERTEX_POINT('',#3827);
#1092=VERTEX_POINT('',#3829);
#1093=VERTEX_POINT('',#3833);
#1094=VERTEX_POINT('',#3835);
#1095=VERTEX_POINT('',#3839);
#1096=VERTEX_POINT('',#3841);
#1097=VERTEX_POINT('',#3845);
#1098=VERTEX_POINT('',#3847);
#1099=VERTEX_POINT('',#3851);
#1100=VERTEX_POINT('',#3853);
#1101=VERTEX_POINT('',#3857);
#1102=VERTEX_POINT('',#3859);
#1103=VERTEX_POINT('',#3863);
#1104=VERTEX_POINT('',#3865);
#1105=VERTEX_POINT('',#3869);
#1106=VERTEX_POINT('',#3871);
#1107=VERTEX_POINT('',#3875);
#1108=VERTEX_POINT('',#3877);
#1109=VERTEX_POINT('',#3881);
#1110=VERTEX_POINT('',#3883);
#1111=VERTEX_POINT('',#3887);
#1112=VERTEX_POINT('',#3889);
#1113=VERTEX_POINT('',#3893);
#1114=VERTEX_POINT('',#3895);
#1115=VERTEX_POINT('',#3899);
#1116=VERTEX_POINT('',#3901);
#1117=VERTEX_POINT('',#3920);
#1118=VERTEX_POINT('',#3921);
#1119=VERTEX_POINT('',#3926);
#1120=VERTEX_POINT('',#3927);
#1121=VERTEX_POINT('',#3932);
#1122=VERTEX_POINT('',#3933);
#1123=EDGE_CURVE('',#931,#931,#763,.T.);
#1124=EDGE_CURVE('',#931,#932,#764,.T.);
#1125=EDGE_CURVE('',#932,#932,#765,.T.);
#1126=EDGE_CURVE('',#933,#933,#766,.T.);
#1127=EDGE_CURVE('',#933,#931,#129,.T.);
#1128=EDGE_CURVE('',#934,#934,#767,.T.);
#1129=EDGE_CURVE('',#934,#933,#768,.T.);
#1130=EDGE_CURVE('',#935,#935,#769,.T.);
#1131=EDGE_CURVE('',#935,#936,#130,.T.);
#1132=EDGE_CURVE('',#936,#936,#770,.T.);
#1133=EDGE_CURVE('',#937,#937,#771,.T.);
#1134=EDGE_CURVE('',#937,#935,#772,.T.);
#1135=EDGE_CURVE('',#938,#938,#773,.T.);
#1136=EDGE_CURVE('',#938,#937,#131,.T.);
#1137=EDGE_CURVE('',#939,#939,#774,.T.);
#1138=EDGE_CURVE('',#939,#938,#132,.T.);
#1139=EDGE_CURVE('',#940,#940,#775,.T.);
#1140=EDGE_CURVE('',#940,#939,#776,.T.);
#1141=EDGE_CURVE('',#941,#942,#777,.T.);
#1142=EDGE_CURVE('',#942,#941,#778,.T.);
#1143=EDGE_CURVE('',#942,#940,#133,.T.);
#1144=EDGE_CURVE('',#941,#943,#134,.T.);
#1145=EDGE_CURVE('',#944,#943,#779,.T.);
#1146=EDGE_CURVE('',#943,#944,#780,.T.);
#1147=EDGE_CURVE('',#945,#945,#781,.T.);
#1148=EDGE_CURVE('',#945,#944,#782,.T.);
#1149=EDGE_CURVE('',#946,#946,#783,.T.);
#1150=EDGE_CURVE('',#946,#945,#135,.T.);
#1151=EDGE_CURVE('',#947,#947,#784,.T.);
#1152=EDGE_CURVE('',#947,#948,#785,.T.);
#1153=EDGE_CURVE('',#948,#948,#786,.T.);
#1154=EDGE_CURVE('',#949,#950,#787,.T.);
#1155=EDGE_CURVE('',#950,#949,#788,.T.);
#1156=EDGE_CURVE('',#950,#951,#136,.T.);
#1157=EDGE_CURVE('',#951,#951,#789,.T.);
#1158=EDGE_CURVE('',#952,#952,#790,.T.);
#1159=EDGE_CURVE('',#952,#953,#137,.T.);
#1160=EDGE_CURVE('',#953,#953,#791,.T.);
#1161=EDGE_CURVE('',#954,#954,#792,.T.);
#1162=EDGE_CURVE('',#954,#955,#138,.T.);
#1163=EDGE_CURVE('',#955,#955,#793,.T.);
#1164=EDGE_CURVE('',#956,#957,#794,.T.);
#1165=EDGE_CURVE('',#957,#956,#795,.T.);
#1166=EDGE_CURVE('',#957,#958,#139,.T.);
#1167=EDGE_CURVE('',#958,#958,#796,.T.);
#1168=EDGE_CURVE('',#949,#947,#140,.T.);
#1169=EDGE_CURVE('',#948,#954,#141,.T.);
#1170=EDGE_CURVE('',#956,#952,#142,.T.);
#1171=EDGE_CURVE('',#959,#960,#797,.T.);
#1172=EDGE_CURVE('',#961,#962,#798,.T.);
#1173=EDGE_CURVE('',#963,#964,#799,.T.);
#1174=EDGE_CURVE('',#965,#966,#800,.T.);
#1175=EDGE_CURVE('',#967,#968,#801,.T.);
#1176=EDGE_CURVE('',#969,#970,#802,.T.);
#1177=EDGE_CURVE('',#971,#972,#803,.T.);
#1178=EDGE_CURVE('',#971,#973,#143,.T.);
#1179=EDGE_CURVE('',#973,#974,#804,.T.);
#1180=EDGE_CURVE('',#972,#974,#144,.T.);
#1181=EDGE_CURVE('',#975,#975,#805,.T.);
#1182=EDGE_CURVE('',#975,#976,#806,.T.);
#1183=EDGE_CURVE('',#976,#976,#807,.T.);
#1184=EDGE_CURVE('',#977,#977,#808,.T.);
#1185=EDGE_CURVE('',#977,#978,#809,.T.);
#1186=EDGE_CURVE('',#978,#978,#810,.T.);
#1187=EDGE_CURVE('',#979,#979,#811,.T.);
#1188=EDGE_CURVE('',#979,#980,#145,.T.);
#1189=EDGE_CURVE('',#980,#980,#812,.T.);
#1190=EDGE_CURVE('',#981,#981,#813,.T.);
#1191=EDGE_CURVE('',#981,#982,#814,.T.);
#1192=EDGE_CURVE('',#982,#982,#815,.T.);
#1193=EDGE_CURVE('',#982,#983,#146,.T.);
#1194=EDGE_CURVE('',#983,#983,#816,.T.);
#1195=EDGE_CURVE('',#984,#984,#817,.T.);
#1196=EDGE_CURVE('',#984,#985,#147,.T.);
#1197=EDGE_CURVE('',#985,#985,#818,.T.);
#1198=EDGE_CURVE('',#985,#986,#819,.T.);
#1199=EDGE_CURVE('',#986,#986,#820,.T.);
#1200=EDGE_CURVE('',#976,#977,#148,.T.);
#1201=EDGE_CURVE('',#987,#987,#821,.T.);
#1202=EDGE_CURVE('',#987,#988,#822,.T.);
#1203=EDGE_CURVE('',#989,#988,#823,.T.);
#1204=EDGE_CURVE('',#990,#989,#824,.T.);
#1205=EDGE_CURVE('',#990,#991,#825,.T.);
#1206=EDGE_CURVE('',#992,#991,#826,.T.);
#1207=EDGE_CURVE('',#992,#993,#827,.T.);
#1208=EDGE_CURVE('',#971,#993,#828,.T.);
#1209=EDGE_CURVE('',#994,#972,#829,.T.);
#1210=EDGE_CURVE('',#994,#995,#830,.T.);
#1211=EDGE_CURVE('',#996,#995,#831,.T.);
#1212=EDGE_CURVE('',#996,#997,#832,.T.);
#1213=EDGE_CURVE('',#998,#997,#833,.T.);
#1214=EDGE_CURVE('',#988,#998,#834,.T.);
#1215=EDGE_CURVE('',#973,#999,#835,.T.);
#1216=EDGE_CURVE('',#1000,#999,#836,.T.);
#1217=EDGE_CURVE('',#1000,#1001,#837,.T.);
#1218=EDGE_CURVE('',#1002,#1001,#838,.T.);
#1219=EDGE_CURVE('',#1002,#1003,#839,.T.);
#1220=EDGE_CURVE('',#1003,#1004,#840,.T.);
#1221=EDGE_CURVE('',#1004,#1005,#841,.T.);
#1222=EDGE_CURVE('',#1005,#1005,#842,.T.);
#1223=EDGE_CURVE('',#1004,#1006,#843,.T.);
#1224=EDGE_CURVE('',#1006,#1007,#844,.T.);
#1225=EDGE_CURVE('',#1008,#1007,#845,.T.);
#1226=EDGE_CURVE('',#1008,#1009,#846,.T.);
#1227=EDGE_CURVE('',#1010,#1009,#847,.T.);
#1228=EDGE_CURVE('',#1010,#974,#848,.T.);
#1229=EDGE_CURVE('',#1000,#1011,#149,.T.);
#1230=EDGE_CURVE('',#1011,#1012,#849,.T.);
#1231=EDGE_CURVE('',#1001,#1012,#150,.T.);
#1232=EDGE_CURVE('',#973,#1013,#151,.T.);
#1233=EDGE_CURVE('',#1013,#1014,#850,.T.);
#1234=EDGE_CURVE('',#999,#1014,#152,.T.);
#1235=EDGE_CURVE('',#1010,#1015,#153,.T.);
#1236=EDGE_CURVE('',#1015,#1016,#851,.T.);
#1237=EDGE_CURVE('',#974,#1016,#154,.T.);
#1238=EDGE_CURVE('',#1008,#1017,#155,.T.);
#1239=EDGE_CURVE('',#1017,#1018,#852,.T.);
#1240=EDGE_CURVE('',#1009,#1018,#156,.T.);
#1241=EDGE_CURVE('',#1006,#1019,#157,.T.);
#1242=EDGE_CURVE('',#1019,#1020,#853,.T.);
#1243=EDGE_CURVE('',#1007,#1020,#158,.T.);
#1244=EDGE_CURVE('',#1011,#1021,#159,.T.);
#1245=EDGE_CURVE('',#1021,#1022,#854,.T.);
#1246=EDGE_CURVE('',#1022,#1012,#160,.T.);
#1247=EDGE_CURVE('',#1013,#1023,#161,.T.);
#1248=EDGE_CURVE('',#1023,#1024,#855,.T.);
#1249=EDGE_CURVE('',#1024,#1014,#162,.T.);
#1250=EDGE_CURVE('',#1015,#1025,#163,.T.);
#1251=EDGE_CURVE('',#1025,#1026,#856,.T.);
#1252=EDGE_CURVE('',#1026,#1016,#164,.T.);
#1253=EDGE_CURVE('',#1017,#1027,#165,.T.);
#1254=EDGE_CURVE('',#1027,#1028,#857,.T.);
#1255=EDGE_CURVE('',#1028,#1018,#166,.T.);
#1256=EDGE_CURVE('',#1019,#1029,#167,.T.);
#1257=EDGE_CURVE('',#1029,#1030,#858,.T.);
#1258=EDGE_CURVE('',#1030,#1020,#168,.T.);
#1259=EDGE_CURVE('',#1031,#1021,#169,.T.);
#1260=EDGE_CURVE('',#1031,#1032,#859,.T.);
#1261=EDGE_CURVE('',#1032,#1022,#170,.T.);
#1262=EDGE_CURVE('',#1033,#1023,#171,.T.);
#1263=EDGE_CURVE('',#1033,#1034,#860,.T.);
#1264=EDGE_CURVE('',#1034,#1024,#172,.T.);
#1265=EDGE_CURVE('',#1035,#1025,#173,.T.);
#1266=EDGE_CURVE('',#1035,#1036,#861,.T.);
#1267=EDGE_CURVE('',#1036,#1026,#174,.T.);
#1268=EDGE_CURVE('',#1037,#1027,#175,.T.);
#1269=EDGE_CURVE('',#1037,#1038,#862,.T.);
#1270=EDGE_CURVE('',#1038,#1028,#176,.T.);
#1271=EDGE_CURVE('',#1039,#1029,#177,.T.);
#1272=EDGE_CURVE('',#1039,#1040,#863,.T.);
#1273=EDGE_CURVE('',#1040,#1030,#178,.T.);
#1274=EDGE_CURVE('',#1031,#992,#179,.T.);
#1275=EDGE_CURVE('',#991,#1032,#180,.T.);
#1276=EDGE_CURVE('',#1033,#971,#181,.T.);
#1277=EDGE_CURVE('',#993,#1034,#182,.T.);
#1278=EDGE_CURVE('',#1035,#994,#183,.T.);
#1279=EDGE_CURVE('',#972,#1036,#184,.T.);
#1280=EDGE_CURVE('',#1037,#996,#185,.T.);
#1281=EDGE_CURVE('',#995,#1038,#186,.T.);
#1282=EDGE_CURVE('',#1039,#998,#187,.T.);
#1283=EDGE_CURVE('',#997,#1040,#188,.T.);
#1284=EDGE_CURVE('',#1041,#1042,#864,.T.);
#1285=EDGE_CURVE('',#1003,#1042,#189,.T.);
#1286=EDGE_CURVE('',#1002,#1041,#190,.T.);
#1287=EDGE_CURVE('',#1043,#1044,#865,.T.);
#1288=EDGE_CURVE('',#1044,#1042,#191,.T.);
#1289=EDGE_CURVE('',#1041,#1043,#192,.T.);
#1290=EDGE_CURVE('',#1045,#1046,#866,.T.);
#1291=EDGE_CURVE('',#1046,#1044,#193,.T.);
#1292=EDGE_CURVE('',#1045,#1043,#194,.T.);
#1293=EDGE_CURVE('',#989,#1046,#195,.T.);
#1294=EDGE_CURVE('',#1045,#990,#196,.T.);
#1295=EDGE_CURVE('',#998,#1006,#197,.T.);
#1296=EDGE_CURVE('',#989,#1003,#198,.T.);
#1297=EDGE_CURVE('',#996,#1008,#199,.T.);
#1298=EDGE_CURVE('',#997,#1007,#200,.T.);
#1299=EDGE_CURVE('',#994,#1010,#201,.T.);
#1300=EDGE_CURVE('',#995,#1009,#202,.T.);
#1301=EDGE_CURVE('',#992,#1000,#203,.T.);
#1302=EDGE_CURVE('',#993,#999,#204,.T.);
#1303=EDGE_CURVE('',#990,#1002,#205,.T.);
#1304=EDGE_CURVE('',#991,#1001,#206,.T.);
#1305=EDGE_CURVE('',#1047,#1048,#867,.T.);
#1306=EDGE_CURVE('',#1048,#1049,#207,.T.);
#1307=EDGE_CURVE('',#1050,#1049,#868,.T.);
#1308=EDGE_CURVE('',#1047,#1050,#208,.T.);
#1309=EDGE_CURVE('',#1051,#1051,#869,.T.);
#1310=EDGE_CURVE('',#1051,#1052,#870,.T.);
#1311=EDGE_CURVE('',#1052,#1052,#871,.T.);
#1312=EDGE_CURVE('',#1053,#1053,#872,.T.);
#1313=EDGE_CURVE('',#1053,#1054,#873,.T.);
#1314=EDGE_CURVE('',#1054,#1054,#874,.T.);
#1315=EDGE_CURVE('',#1055,#1055,#875,.T.);
#1316=EDGE_CURVE('',#1055,#1056,#209,.T.);
#1317=EDGE_CURVE('',#1056,#1056,#876,.T.);
#1318=EDGE_CURVE('',#1057,#1057,#877,.T.);
#1319=EDGE_CURVE('',#1057,#1058,#878,.T.);
#1320=EDGE_CURVE('',#1058,#1058,#879,.T.);
#1321=EDGE_CURVE('',#1058,#1059,#210,.T.);
#1322=EDGE_CURVE('',#1059,#1059,#880,.T.);
#1323=EDGE_CURVE('',#1060,#1060,#881,.T.);
#1324=EDGE_CURVE('',#1060,#1061,#211,.T.);
#1325=EDGE_CURVE('',#1061,#1061,#882,.T.);
#1326=EDGE_CURVE('',#1061,#1062,#883,.T.);
#1327=EDGE_CURVE('',#1062,#1062,#884,.T.);
#1328=EDGE_CURVE('',#1052,#1053,#212,.T.);
#1329=EDGE_CURVE('',#1063,#1063,#885,.T.);
#1330=EDGE_CURVE('',#1063,#1064,#886,.T.);
#1331=EDGE_CURVE('',#1064,#1065,#887,.T.);
#1332=EDGE_CURVE('',#1065,#1066,#888,.T.);
#1333=EDGE_CURVE('',#1067,#1066,#889,.T.);
#1334=EDGE_CURVE('',#1067,#1068,#890,.T.);
#1335=EDGE_CURVE('',#1069,#1068,#891,.T.);
#1336=EDGE_CURVE('',#1069,#1048,#892,.T.);
#1337=EDGE_CURVE('',#1047,#1070,#893,.T.);
#1338=EDGE_CURVE('',#1071,#1070,#894,.T.);
#1339=EDGE_CURVE('',#1071,#1072,#895,.T.);
#1340=EDGE_CURVE('',#1073,#1072,#896,.T.);
#1341=EDGE_CURVE('',#1073,#1074,#897,.T.);
#1342=EDGE_CURVE('',#1074,#1064,#898,.T.);
#1343=EDGE_CURVE('',#1075,#1049,#899,.T.);
#1344=EDGE_CURVE('',#1075,#1076,#900,.T.);
#1345=EDGE_CURVE('',#1077,#1076,#901,.T.);
#1346=EDGE_CURVE('',#1077,#1078,#902,.T.);
#1347=EDGE_CURVE('',#1079,#1078,#903,.T.);
#1348=EDGE_CURVE('',#1080,#1079,#904,.T.);
#1349=EDGE_CURVE('',#1080,#1081,#905,.T.);
#1350=EDGE_CURVE('',#1081,#1081,#906,.T.);
#1351=EDGE_CURVE('',#1082,#1080,#907,.T.);
#1352=EDGE_CURVE('',#1083,#1082,#908,.T.);
#1353=EDGE_CURVE('',#1083,#1084,#909,.T.);
#1354=EDGE_CURVE('',#1085,#1084,#910,.T.);
#1355=EDGE_CURVE('',#1085,#1086,#911,.T.);
#1356=EDGE_CURVE('',#1050,#1086,#912,.T.);
#1357=EDGE_CURVE('',#1084,#1087,#213,.T.);
#1358=EDGE_CURVE('',#1088,#1087,#913,.T.);
#1359=EDGE_CURVE('',#1085,#1088,#214,.T.);
#1360=EDGE_CURVE('',#1086,#1089,#215,.T.);
#1361=EDGE_CURVE('',#1090,#1089,#914,.T.);
#1362=EDGE_CURVE('',#1050,#1090,#216,.T.);
#1363=EDGE_CURVE('',#1049,#1091,#217,.T.);
#1364=EDGE_CURVE('',#1092,#1091,#915,.T.);
#1365=EDGE_CURVE('',#1075,#1092,#218,.T.);
#1366=EDGE_CURVE('',#1076,#1093,#219,.T.);
#1367=EDGE_CURVE('',#1094,#1093,#916,.T.);
#1368=EDGE_CURVE('',#1077,#1094,#220,.T.);
#1369=EDGE_CURVE('',#1078,#1095,#221,.T.);
#1370=EDGE_CURVE('',#1096,#1095,#917,.T.);
#1371=EDGE_CURVE('',#1079,#1096,#222,.T.);
#1372=EDGE_CURVE('',#1097,#1087,#223,.T.);
#1373=EDGE_CURVE('',#1098,#1097,#918,.T.);
#1374=EDGE_CURVE('',#1088,#1098,#224,.T.);
#1375=EDGE_CURVE('',#1099,#1089,#225,.T.);
#1376=EDGE_CURVE('',#1100,#1099,#919,.T.);
#1377=EDGE_CURVE('',#1090,#1100,#226,.T.);
#1378=EDGE_CURVE('',#1101,#1091,#227,.T.);
#1379=EDGE_CURVE('',#1102,#1101,#920,.T.);
#1380=EDGE_CURVE('',#1092,#1102,#228,.T.);
#1381=EDGE_CURVE('',#1103,#1093,#229,.T.);
#1382=EDGE_CURVE('',#1104,#1103,#921,.T.);
#1383=EDGE_CURVE('',#1094,#1104,#230,.T.);
#1384=EDGE_CURVE('',#1105,#1095,#231,.T.);
#1385=EDGE_CURVE('',#1106,#1105,#922,.T.);
#1386=EDGE_CURVE('',#1096,#1106,#232,.T.);
#1387=EDGE_CURVE('',#1107,#1097,#233,.T.);
#1388=EDGE_CURVE('',#1108,#1107,#923,.T.);
#1389=EDGE_CURVE('',#1108,#1098,#234,.T.);
#1390=EDGE_CURVE('',#1109,#1099,#235,.T.);
#1391=EDGE_CURVE('',#1110,#1109,#924,.T.);
#1392=EDGE_CURVE('',#1110,#1100,#236,.T.);
#1393=EDGE_CURVE('',#1111,#1101,#237,.T.);
#1394=EDGE_CURVE('',#1112,#1111,#925,.T.);
#1395=EDGE_CURVE('',#1112,#1102,#238,.T.);
#1396=EDGE_CURVE('',#1113,#1103,#239,.T.);
#1397=EDGE_CURVE('',#1114,#1113,#926,.T.);
#1398=EDGE_CURVE('',#1114,#1104,#240,.T.);
#1399=EDGE_CURVE('',#1115,#1105,#241,.T.);
#1400=EDGE_CURVE('',#1116,#1115,#927,.T.);
#1401=EDGE_CURVE('',#1116,#1106,#242,.T.);
#1402=EDGE_CURVE('',#1072,#1107,#243,.T.);
#1403=EDGE_CURVE('',#1108,#1071,#244,.T.);
#1404=EDGE_CURVE('',#1070,#1109,#245,.T.);
#1405=EDGE_CURVE('',#1110,#1047,#246,.T.);
#1406=EDGE_CURVE('',#1048,#1111,#247,.T.);
#1407=EDGE_CURVE('',#1112,#1069,#248,.T.);
#1408=EDGE_CURVE('',#1068,#1113,#249,.T.);
#1409=EDGE_CURVE('',#1114,#1067,#250,.T.);
#1410=EDGE_CURVE('',#1066,#1115,#251,.T.);
#1411=EDGE_CURVE('',#1116,#1065,#252,.T.);
#1412=EDGE_CURVE('',#1117,#1118,#928,.T.);
#1413=EDGE_CURVE('',#1083,#1117,#253,.T.);
#1414=EDGE_CURVE('',#1082,#1118,#254,.T.);
#1415=EDGE_CURVE('',#1119,#1120,#929,.T.);
#1416=EDGE_CURVE('',#1117,#1119,#255,.T.);
#1417=EDGE_CURVE('',#1120,#1118,#256,.T.);
#1418=EDGE_CURVE('',#1121,#1122,#930,.T.);
#1419=EDGE_CURVE('',#1121,#1119,#257,.T.);
#1420=EDGE_CURVE('',#1122,#1120,#258,.T.);
#1421=EDGE_CURVE('',#1121,#1073,#259,.T.);
#1422=EDGE_CURVE('',#1074,#1122,#260,.T.);
#1423=EDGE_CURVE('',#1065,#1079,#261,.T.);
#1424=EDGE_CURVE('',#1074,#1082,#262,.T.);
#1425=EDGE_CURVE('',#1067,#1077,#263,.T.);
#1426=EDGE_CURVE('',#1066,#1078,#264,.T.);
#1427=EDGE_CURVE('',#1069,#1075,#265,.T.);
#1428=EDGE_CURVE('',#1068,#1076,#266,.T.);
#1429=EDGE_CURVE('',#1071,#1085,#267,.T.);
#1430=EDGE_CURVE('',#1070,#1086,#268,.T.);
#1431=EDGE_CURVE('',#1073,#1083,#269,.T.);
#1432=EDGE_CURVE('',#1072,#1084,#270,.T.);
#1433=ORIENTED_EDGE('',*,*,#1123,.F.);
#1434=ORIENTED_EDGE('',*,*,#1124,.T.);
#1435=ORIENTED_EDGE('',*,*,#1125,.T.);
#1436=ORIENTED_EDGE('',*,*,#1124,.F.);
#1437=ORIENTED_EDGE('',*,*,#1126,.F.);
#1438=ORIENTED_EDGE('',*,*,#1127,.T.);
#1439=ORIENTED_EDGE('',*,*,#1123,.T.);
#1440=ORIENTED_EDGE('',*,*,#1127,.F.);
#1441=ORIENTED_EDGE('',*,*,#1128,.F.);
#1442=ORIENTED_EDGE('',*,*,#1129,.T.);
#1443=ORIENTED_EDGE('',*,*,#1126,.T.);
#1444=ORIENTED_EDGE('',*,*,#1129,.F.);
#1445=ORIENTED_EDGE('',*,*,#1130,.F.);
#1446=ORIENTED_EDGE('',*,*,#1131,.T.);
#1447=ORIENTED_EDGE('',*,*,#1132,.T.);
#1448=ORIENTED_EDGE('',*,*,#1131,.F.);
#1449=ORIENTED_EDGE('',*,*,#1133,.F.);
#1450=ORIENTED_EDGE('',*,*,#1134,.T.);
#1451=ORIENTED_EDGE('',*,*,#1130,.T.);
#1452=ORIENTED_EDGE('',*,*,#1134,.F.);
#1453=ORIENTED_EDGE('',*,*,#1135,.F.);
#1454=ORIENTED_EDGE('',*,*,#1136,.T.);
#1455=ORIENTED_EDGE('',*,*,#1133,.T.);
#1456=ORIENTED_EDGE('',*,*,#1136,.F.);
#1457=ORIENTED_EDGE('',*,*,#1137,.F.);
#1458=ORIENTED_EDGE('',*,*,#1138,.T.);
#1459=ORIENTED_EDGE('',*,*,#1135,.T.);
#1460=ORIENTED_EDGE('',*,*,#1138,.F.);
#1461=ORIENTED_EDGE('',*,*,#1139,.F.);
#1462=ORIENTED_EDGE('',*,*,#1140,.T.);
#1463=ORIENTED_EDGE('',*,*,#1137,.T.);
#1464=ORIENTED_EDGE('',*,*,#1140,.F.);
#1465=ORIENTED_EDGE('',*,*,#1141,.F.);
#1466=ORIENTED_EDGE('',*,*,#1142,.F.);
#1467=ORIENTED_EDGE('',*,*,#1143,.T.);
#1468=ORIENTED_EDGE('',*,*,#1139,.T.);
#1469=ORIENTED_EDGE('',*,*,#1143,.F.);
#1470=ORIENTED_EDGE('',*,*,#1141,.T.);
#1471=ORIENTED_EDGE('',*,*,#1142,.T.);
#1472=ORIENTED_EDGE('',*,*,#1144,.T.);
#1473=ORIENTED_EDGE('',*,*,#1145,.F.);
#1474=ORIENTED_EDGE('',*,*,#1146,.F.);
#1475=ORIENTED_EDGE('',*,*,#1144,.F.);
#1476=ORIENTED_EDGE('',*,*,#1147,.F.);
#1477=ORIENTED_EDGE('',*,*,#1148,.T.);
#1478=ORIENTED_EDGE('',*,*,#1145,.T.);
#1479=ORIENTED_EDGE('',*,*,#1146,.T.);
#1480=ORIENTED_EDGE('',*,*,#1148,.F.);
#1481=ORIENTED_EDGE('',*,*,#1149,.F.);
#1482=ORIENTED_EDGE('',*,*,#1150,.T.);
#1483=ORIENTED_EDGE('',*,*,#1147,.T.);
#1484=ORIENTED_EDGE('',*,*,#1150,.F.);
#1485=ORIENTED_EDGE('',*,*,#1125,.F.);
#1486=ORIENTED_EDGE('',*,*,#1149,.T.);
#1487=ORIENTED_EDGE('',*,*,#1128,.T.);
#1488=ORIENTED_EDGE('',*,*,#1132,.F.);
#1489=ORIENTED_EDGE('',*,*,#1151,.F.);
#1490=ORIENTED_EDGE('',*,*,#1152,.T.);
#1491=ORIENTED_EDGE('',*,*,#1153,.T.);
#1492=ORIENTED_EDGE('',*,*,#1152,.F.);
#1493=ORIENTED_EDGE('',*,*,#1154,.F.);
#1494=ORIENTED_EDGE('',*,*,#1155,.F.);
#1495=ORIENTED_EDGE('',*,*,#1156,.T.);
#1496=ORIENTED_EDGE('',*,*,#1157,.F.);
#1497=ORIENTED_EDGE('',*,*,#1156,.F.);
#1498=ORIENTED_EDGE('',*,*,#1158,.F.);
#1499=ORIENTED_EDGE('',*,*,#1159,.T.);
#1500=ORIENTED_EDGE('',*,*,#1160,.F.);
#1501=ORIENTED_EDGE('',*,*,#1159,.F.);
#1502=ORIENTED_EDGE('',*,*,#1161,.F.);
#1503=ORIENTED_EDGE('',*,*,#1162,.T.);
#1504=ORIENTED_EDGE('',*,*,#1163,.F.);
#1505=ORIENTED_EDGE('',*,*,#1162,.F.);
#1506=ORIENTED_EDGE('',*,*,#1164,.F.);
#1507=ORIENTED_EDGE('',*,*,#1165,.F.);
#1508=ORIENTED_EDGE('',*,*,#1166,.T.);
#1509=ORIENTED_EDGE('',*,*,#1167,.F.);
#1510=ORIENTED_EDGE('',*,*,#1166,.F.);
#1511=ORIENTED_EDGE('',*,*,#1154,.T.);
#1512=ORIENTED_EDGE('',*,*,#1155,.T.);
#1513=ORIENTED_EDGE('',*,*,#1168,.T.);
#1514=ORIENTED_EDGE('',*,*,#1151,.T.);
#1515=ORIENTED_EDGE('',*,*,#1168,.F.);
#1516=ORIENTED_EDGE('',*,*,#1153,.F.);
#1517=ORIENTED_EDGE('',*,*,#1169,.T.);
#1518=ORIENTED_EDGE('',*,*,#1161,.T.);
#1519=ORIENTED_EDGE('',*,*,#1169,.F.);
#1520=ORIENTED_EDGE('',*,*,#1164,.T.);
#1521=ORIENTED_EDGE('',*,*,#1165,.T.);
#1522=ORIENTED_EDGE('',*,*,#1170,.T.);
#1523=ORIENTED_EDGE('',*,*,#1158,.T.);
#1524=ORIENTED_EDGE('',*,*,#1170,.F.);
#1525=ORIENTED_EDGE('',*,*,#1157,.T.);
#1526=ORIENTED_EDGE('',*,*,#1160,.T.);
#1527=ORIENTED_EDGE('',*,*,#1163,.T.);
#1528=ORIENTED_EDGE('',*,*,#1167,.T.);
#1529=ORIENTED_EDGE('',*,*,#1171,.T.);
#1530=ORIENTED_EDGE('',*,*,#1171,.F.);
#1531=ORIENTED_EDGE('',*,*,#1172,.T.);
#1532=ORIENTED_EDGE('',*,*,#1172,.F.);
#1533=ORIENTED_EDGE('',*,*,#1173,.T.);
#1534=ORIENTED_EDGE('',*,*,#1173,.F.);
#1535=ORIENTED_EDGE('',*,*,#1174,.T.);
#1536=ORIENTED_EDGE('',*,*,#1174,.F.);
#1537=ORIENTED_EDGE('',*,*,#1175,.T.);
#1538=ORIENTED_EDGE('',*,*,#1175,.F.);
#1539=ORIENTED_EDGE('',*,*,#1176,.T.);
#1540=ORIENTED_EDGE('',*,*,#1176,.F.);
#1541=ORIENTED_EDGE('',*,*,#1177,.F.);
#1542=ORIENTED_EDGE('',*,*,#1178,.T.);
#1543=ORIENTED_EDGE('',*,*,#1179,.T.);
#1544=ORIENTED_EDGE('',*,*,#1180,.F.);
#1545=ORIENTED_EDGE('',*,*,#1181,.T.);
#1546=ORIENTED_EDGE('',*,*,#1182,.T.);
#1547=ORIENTED_EDGE('',*,*,#1183,.T.);
#1548=ORIENTED_EDGE('',*,*,#1182,.F.);
#1549=ORIENTED_EDGE('',*,*,#1184,.T.);
#1550=ORIENTED_EDGE('',*,*,#1185,.T.);
#1551=ORIENTED_EDGE('',*,*,#1186,.T.);
#1552=ORIENTED_EDGE('',*,*,#1185,.F.);
#1553=ORIENTED_EDGE('',*,*,#1187,.F.);
#1554=ORIENTED_EDGE('',*,*,#1188,.T.);
#1555=ORIENTED_EDGE('',*,*,#1189,.T.);
#1556=ORIENTED_EDGE('',*,*,#1188,.F.);
#1557=ORIENTED_EDGE('',*,*,#1190,.T.);
#1558=ORIENTED_EDGE('',*,*,#1191,.T.);
#1559=ORIENTED_EDGE('',*,*,#1192,.F.);
#1560=ORIENTED_EDGE('',*,*,#1191,.F.);
#1561=ORIENTED_EDGE('',*,*,#1192,.T.);
#1562=ORIENTED_EDGE('',*,*,#1193,.T.);
#1563=ORIENTED_EDGE('',*,*,#1194,.F.);
#1564=ORIENTED_EDGE('',*,*,#1193,.F.);
#1565=ORIENTED_EDGE('',*,*,#1195,.T.);
#1566=ORIENTED_EDGE('',*,*,#1196,.T.);
#1567=ORIENTED_EDGE('',*,*,#1197,.F.);
#1568=ORIENTED_EDGE('',*,*,#1196,.F.);
#1569=ORIENTED_EDGE('',*,*,#1197,.T.);
#1570=ORIENTED_EDGE('',*,*,#1198,.T.);
#1571=ORIENTED_EDGE('',*,*,#1199,.F.);
#1572=ORIENTED_EDGE('',*,*,#1198,.F.);
#1573=ORIENTED_EDGE('',*,*,#1183,.F.);
#1574=ORIENTED_EDGE('',*,*,#1200,.T.);
#1575=ORIENTED_EDGE('',*,*,#1184,.F.);
#1576=ORIENTED_EDGE('',*,*,#1200,.F.);
#1577=ORIENTED_EDGE('',*,*,#1201,.T.);
#1578=ORIENTED_EDGE('',*,*,#1202,.T.);
#1579=ORIENTED_EDGE('',*,*,#1203,.F.);
#1580=ORIENTED_EDGE('',*,*,#1204,.F.);
#1581=ORIENTED_EDGE('',*,*,#1205,.T.);
#1582=ORIENTED_EDGE('',*,*,#1206,.F.);
#1583=ORIENTED_EDGE('',*,*,#1207,.T.);
#1584=ORIENTED_EDGE('',*,*,#1208,.F.);
#1585=ORIENTED_EDGE('',*,*,#1177,.T.);
#1586=ORIENTED_EDGE('',*,*,#1209,.F.);
#1587=ORIENTED_EDGE('',*,*,#1210,.T.);
#1588=ORIENTED_EDGE('',*,*,#1211,.F.);
#1589=ORIENTED_EDGE('',*,*,#1212,.T.);
#1590=ORIENTED_EDGE('',*,*,#1213,.F.);
#1591=ORIENTED_EDGE('',*,*,#1214,.F.);
#1592=ORIENTED_EDGE('',*,*,#1202,.F.);
#1593=ORIENTED_EDGE('',*,*,#1179,.F.);
#1594=ORIENTED_EDGE('',*,*,#1215,.T.);
#1595=ORIENTED_EDGE('',*,*,#1216,.F.);
#1596=ORIENTED_EDGE('',*,*,#1217,.T.);
#1597=ORIENTED_EDGE('',*,*,#1218,.F.);
#1598=ORIENTED_EDGE('',*,*,#1219,.T.);
#1599=ORIENTED_EDGE('',*,*,#1220,.T.);
#1600=ORIENTED_EDGE('',*,*,#1221,.T.);
#1601=ORIENTED_EDGE('',*,*,#1222,.F.);
#1602=ORIENTED_EDGE('',*,*,#1221,.F.);
#1603=ORIENTED_EDGE('',*,*,#1223,.T.);
#1604=ORIENTED_EDGE('',*,*,#1224,.T.);
#1605=ORIENTED_EDGE('',*,*,#1225,.F.);
#1606=ORIENTED_EDGE('',*,*,#1226,.T.);
#1607=ORIENTED_EDGE('',*,*,#1227,.F.);
#1608=ORIENTED_EDGE('',*,*,#1228,.T.);
#1609=ORIENTED_EDGE('',*,*,#1217,.F.);
#1610=ORIENTED_EDGE('',*,*,#1229,.T.);
#1611=ORIENTED_EDGE('',*,*,#1230,.T.);
#1612=ORIENTED_EDGE('',*,*,#1231,.F.);
#1613=ORIENTED_EDGE('',*,*,#1215,.F.);
#1614=ORIENTED_EDGE('',*,*,#1232,.T.);
#1615=ORIENTED_EDGE('',*,*,#1233,.T.);
#1616=ORIENTED_EDGE('',*,*,#1234,.F.);
#1617=ORIENTED_EDGE('',*,*,#1228,.F.);
#1618=ORIENTED_EDGE('',*,*,#1235,.T.);
#1619=ORIENTED_EDGE('',*,*,#1236,.T.);
#1620=ORIENTED_EDGE('',*,*,#1237,.F.);
#1621=ORIENTED_EDGE('',*,*,#1226,.F.);
#1622=ORIENTED_EDGE('',*,*,#1238,.T.);
#1623=ORIENTED_EDGE('',*,*,#1239,.T.);
#1624=ORIENTED_EDGE('',*,*,#1240,.F.);
#1625=ORIENTED_EDGE('',*,*,#1224,.F.);
#1626=ORIENTED_EDGE('',*,*,#1241,.T.);
#1627=ORIENTED_EDGE('',*,*,#1242,.T.);
#1628=ORIENTED_EDGE('',*,*,#1243,.F.);
#1629=ORIENTED_EDGE('',*,*,#1230,.F.);
#1630=ORIENTED_EDGE('',*,*,#1244,.T.);
#1631=ORIENTED_EDGE('',*,*,#1245,.T.);
#1632=ORIENTED_EDGE('',*,*,#1246,.T.);
#1633=ORIENTED_EDGE('',*,*,#1233,.F.);
#1634=ORIENTED_EDGE('',*,*,#1247,.T.);
#1635=ORIENTED_EDGE('',*,*,#1248,.T.);
#1636=ORIENTED_EDGE('',*,*,#1249,.T.);
#1637=ORIENTED_EDGE('',*,*,#1236,.F.);
#1638=ORIENTED_EDGE('',*,*,#1250,.T.);
#1639=ORIENTED_EDGE('',*,*,#1251,.T.);
#1640=ORIENTED_EDGE('',*,*,#1252,.T.);
#1641=ORIENTED_EDGE('',*,*,#1239,.F.);
#1642=ORIENTED_EDGE('',*,*,#1253,.T.);
#1643=ORIENTED_EDGE('',*,*,#1254,.T.);
#1644=ORIENTED_EDGE('',*,*,#1255,.T.);
#1645=ORIENTED_EDGE('',*,*,#1242,.F.);
#1646=ORIENTED_EDGE('',*,*,#1256,.T.);
#1647=ORIENTED_EDGE('',*,*,#1257,.T.);
#1648=ORIENTED_EDGE('',*,*,#1258,.T.);
#1649=ORIENTED_EDGE('',*,*,#1245,.F.);
#1650=ORIENTED_EDGE('',*,*,#1259,.F.);
#1651=ORIENTED_EDGE('',*,*,#1260,.T.);
#1652=ORIENTED_EDGE('',*,*,#1261,.T.);
#1653=ORIENTED_EDGE('',*,*,#1248,.F.);
#1654=ORIENTED_EDGE('',*,*,#1262,.F.);
#1655=ORIENTED_EDGE('',*,*,#1263,.T.);
#1656=ORIENTED_EDGE('',*,*,#1264,.T.);
#1657=ORIENTED_EDGE('',*,*,#1251,.F.);
#1658=ORIENTED_EDGE('',*,*,#1265,.F.);
#1659=ORIENTED_EDGE('',*,*,#1266,.T.);
#1660=ORIENTED_EDGE('',*,*,#1267,.T.);
#1661=ORIENTED_EDGE('',*,*,#1254,.F.);
#1662=ORIENTED_EDGE('',*,*,#1268,.F.);
#1663=ORIENTED_EDGE('',*,*,#1269,.T.);
#1664=ORIENTED_EDGE('',*,*,#1270,.T.);
#1665=ORIENTED_EDGE('',*,*,#1257,.F.);
#1666=ORIENTED_EDGE('',*,*,#1271,.F.);
#1667=ORIENTED_EDGE('',*,*,#1272,.T.);
#1668=ORIENTED_EDGE('',*,*,#1273,.T.);
#1669=ORIENTED_EDGE('',*,*,#1260,.F.);
#1670=ORIENTED_EDGE('',*,*,#1274,.T.);
#1671=ORIENTED_EDGE('',*,*,#1206,.T.);
#1672=ORIENTED_EDGE('',*,*,#1275,.T.);
#1673=ORIENTED_EDGE('',*,*,#1263,.F.);
#1674=ORIENTED_EDGE('',*,*,#1276,.T.);
#1675=ORIENTED_EDGE('',*,*,#1208,.T.);
#1676=ORIENTED_EDGE('',*,*,#1277,.T.);
#1677=ORIENTED_EDGE('',*,*,#1266,.F.);
#1678=ORIENTED_EDGE('',*,*,#1278,.T.);
#1679=ORIENTED_EDGE('',*,*,#1209,.T.);
#1680=ORIENTED_EDGE('',*,*,#1279,.T.);
#1681=ORIENTED_EDGE('',*,*,#1269,.F.);
#1682=ORIENTED_EDGE('',*,*,#1280,.T.);
#1683=ORIENTED_EDGE('',*,*,#1211,.T.);
#1684=ORIENTED_EDGE('',*,*,#1281,.T.);
#1685=ORIENTED_EDGE('',*,*,#1272,.F.);
#1686=ORIENTED_EDGE('',*,*,#1282,.T.);
#1687=ORIENTED_EDGE('',*,*,#1213,.T.);
#1688=ORIENTED_EDGE('',*,*,#1283,.T.);
#1689=ORIENTED_EDGE('',*,*,#1284,.T.);
#1690=ORIENTED_EDGE('',*,*,#1285,.F.);
#1691=ORIENTED_EDGE('',*,*,#1219,.F.);
#1692=ORIENTED_EDGE('',*,*,#1286,.T.);
#1693=ORIENTED_EDGE('',*,*,#1287,.T.);
#1694=ORIENTED_EDGE('',*,*,#1288,.T.);
#1695=ORIENTED_EDGE('',*,*,#1284,.F.);
#1696=ORIENTED_EDGE('',*,*,#1289,.T.);
#1697=ORIENTED_EDGE('',*,*,#1290,.T.);
#1698=ORIENTED_EDGE('',*,*,#1291,.T.);
#1699=ORIENTED_EDGE('',*,*,#1287,.F.);
#1700=ORIENTED_EDGE('',*,*,#1292,.F.);
#1701=ORIENTED_EDGE('',*,*,#1204,.T.);
#1702=ORIENTED_EDGE('',*,*,#1293,.T.);
#1703=ORIENTED_EDGE('',*,*,#1290,.F.);
#1704=ORIENTED_EDGE('',*,*,#1294,.T.);
#1705=ORIENTED_EDGE('',*,*,#1201,.F.);
#1706=ORIENTED_EDGE('',*,*,#1181,.F.);
#1707=ORIENTED_EDGE('',*,*,#1186,.F.);
#1708=ORIENTED_EDGE('',*,*,#1199,.T.);
#1709=ORIENTED_EDGE('',*,*,#1194,.T.);
#1710=ORIENTED_EDGE('',*,*,#1195,.F.);
#1711=ORIENTED_EDGE('',*,*,#1187,.T.);
#1712=ORIENTED_EDGE('',*,*,#1190,.F.);
#1713=ORIENTED_EDGE('',*,*,#1222,.T.);
#1714=ORIENTED_EDGE('',*,*,#1189,.F.);
#1715=ORIENTED_EDGE('',*,*,#1295,.T.);
#1716=ORIENTED_EDGE('',*,*,#1223,.F.);
#1717=ORIENTED_EDGE('',*,*,#1220,.F.);
#1718=ORIENTED_EDGE('',*,*,#1296,.F.);
#1719=ORIENTED_EDGE('',*,*,#1203,.T.);
#1720=ORIENTED_EDGE('',*,*,#1214,.T.);
#1721=ORIENTED_EDGE('',*,*,#1293,.F.);
#1722=ORIENTED_EDGE('',*,*,#1296,.T.);
#1723=ORIENTED_EDGE('',*,*,#1285,.T.);
#1724=ORIENTED_EDGE('',*,*,#1288,.F.);
#1725=ORIENTED_EDGE('',*,*,#1291,.F.);
#1726=ORIENTED_EDGE('',*,*,#1282,.F.);
#1727=ORIENTED_EDGE('',*,*,#1271,.T.);
#1728=ORIENTED_EDGE('',*,*,#1256,.F.);
#1729=ORIENTED_EDGE('',*,*,#1241,.F.);
#1730=ORIENTED_EDGE('',*,*,#1295,.F.);
#1731=ORIENTED_EDGE('',*,*,#1297,.T.);
#1732=ORIENTED_EDGE('',*,*,#1225,.T.);
#1733=ORIENTED_EDGE('',*,*,#1298,.F.);
#1734=ORIENTED_EDGE('',*,*,#1212,.F.);
#1735=ORIENTED_EDGE('',*,*,#1283,.F.);
#1736=ORIENTED_EDGE('',*,*,#1298,.T.);
#1737=ORIENTED_EDGE('',*,*,#1243,.T.);
#1738=ORIENTED_EDGE('',*,*,#1258,.F.);
#1739=ORIENTED_EDGE('',*,*,#1273,.F.);
#1740=ORIENTED_EDGE('',*,*,#1280,.F.);
#1741=ORIENTED_EDGE('',*,*,#1268,.T.);
#1742=ORIENTED_EDGE('',*,*,#1253,.F.);
#1743=ORIENTED_EDGE('',*,*,#1238,.F.);
#1744=ORIENTED_EDGE('',*,*,#1297,.F.);
#1745=ORIENTED_EDGE('',*,*,#1299,.T.);
#1746=ORIENTED_EDGE('',*,*,#1227,.T.);
#1747=ORIENTED_EDGE('',*,*,#1300,.F.);
#1748=ORIENTED_EDGE('',*,*,#1210,.F.);
#1749=ORIENTED_EDGE('',*,*,#1281,.F.);
#1750=ORIENTED_EDGE('',*,*,#1300,.T.);
#1751=ORIENTED_EDGE('',*,*,#1240,.T.);
#1752=ORIENTED_EDGE('',*,*,#1255,.F.);
#1753=ORIENTED_EDGE('',*,*,#1270,.F.);
#1754=ORIENTED_EDGE('',*,*,#1278,.F.);
#1755=ORIENTED_EDGE('',*,*,#1265,.T.);
#1756=ORIENTED_EDGE('',*,*,#1250,.F.);
#1757=ORIENTED_EDGE('',*,*,#1235,.F.);
#1758=ORIENTED_EDGE('',*,*,#1299,.F.);
#1759=ORIENTED_EDGE('',*,*,#1279,.F.);
#1760=ORIENTED_EDGE('',*,*,#1180,.T.);
#1761=ORIENTED_EDGE('',*,*,#1237,.T.);
#1762=ORIENTED_EDGE('',*,*,#1252,.F.);
#1763=ORIENTED_EDGE('',*,*,#1267,.F.);
#1764=ORIENTED_EDGE('',*,*,#1276,.F.);
#1765=ORIENTED_EDGE('',*,*,#1262,.T.);
#1766=ORIENTED_EDGE('',*,*,#1247,.F.);
#1767=ORIENTED_EDGE('',*,*,#1232,.F.);
#1768=ORIENTED_EDGE('',*,*,#1178,.F.);
#1769=ORIENTED_EDGE('',*,*,#1301,.T.);
#1770=ORIENTED_EDGE('',*,*,#1216,.T.);
#1771=ORIENTED_EDGE('',*,*,#1302,.F.);
#1772=ORIENTED_EDGE('',*,*,#1207,.F.);
#1773=ORIENTED_EDGE('',*,*,#1277,.F.);
#1774=ORIENTED_EDGE('',*,*,#1302,.T.);
#1775=ORIENTED_EDGE('',*,*,#1234,.T.);
#1776=ORIENTED_EDGE('',*,*,#1249,.F.);
#1777=ORIENTED_EDGE('',*,*,#1264,.F.);
#1778=ORIENTED_EDGE('',*,*,#1274,.F.);
#1779=ORIENTED_EDGE('',*,*,#1259,.T.);
#1780=ORIENTED_EDGE('',*,*,#1244,.F.);
#1781=ORIENTED_EDGE('',*,*,#1229,.F.);
#1782=ORIENTED_EDGE('',*,*,#1301,.F.);
#1783=ORIENTED_EDGE('',*,*,#1303,.T.);
#1784=ORIENTED_EDGE('',*,*,#1218,.T.);
#1785=ORIENTED_EDGE('',*,*,#1304,.F.);
#1786=ORIENTED_EDGE('',*,*,#1205,.F.);
#1787=ORIENTED_EDGE('',*,*,#1275,.F.);
#1788=ORIENTED_EDGE('',*,*,#1304,.T.);
#1789=ORIENTED_EDGE('',*,*,#1231,.T.);
#1790=ORIENTED_EDGE('',*,*,#1246,.F.);
#1791=ORIENTED_EDGE('',*,*,#1261,.F.);
#1792=ORIENTED_EDGE('',*,*,#1294,.F.);
#1793=ORIENTED_EDGE('',*,*,#1292,.T.);
#1794=ORIENTED_EDGE('',*,*,#1289,.F.);
#1795=ORIENTED_EDGE('',*,*,#1286,.F.);
#1796=ORIENTED_EDGE('',*,*,#1303,.F.);
#1797=ORIENTED_EDGE('',*,*,#1305,.T.);
#1798=ORIENTED_EDGE('',*,*,#1306,.T.);
#1799=ORIENTED_EDGE('',*,*,#1307,.F.);
#1800=ORIENTED_EDGE('',*,*,#1308,.F.);
#1801=ORIENTED_EDGE('',*,*,#1309,.F.);
#1802=ORIENTED_EDGE('',*,*,#1310,.T.);
#1803=ORIENTED_EDGE('',*,*,#1311,.F.);
#1804=ORIENTED_EDGE('',*,*,#1310,.F.);
#1805=ORIENTED_EDGE('',*,*,#1312,.F.);
#1806=ORIENTED_EDGE('',*,*,#1313,.T.);
#1807=ORIENTED_EDGE('',*,*,#1314,.F.);
#1808=ORIENTED_EDGE('',*,*,#1313,.F.);
#1809=ORIENTED_EDGE('',*,*,#1315,.T.);
#1810=ORIENTED_EDGE('',*,*,#1316,.T.);
#1811=ORIENTED_EDGE('',*,*,#1317,.F.);
#1812=ORIENTED_EDGE('',*,*,#1316,.F.);
#1813=ORIENTED_EDGE('',*,*,#1318,.F.);
#1814=ORIENTED_EDGE('',*,*,#1319,.T.);
#1815=ORIENTED_EDGE('',*,*,#1320,.T.);
#1816=ORIENTED_EDGE('',*,*,#1319,.F.);
#1817=ORIENTED_EDGE('',*,*,#1320,.F.);
#1818=ORIENTED_EDGE('',*,*,#1321,.T.);
#1819=ORIENTED_EDGE('',*,*,#1322,.T.);
#1820=ORIENTED_EDGE('',*,*,#1321,.F.);
#1821=ORIENTED_EDGE('',*,*,#1323,.F.);
#1822=ORIENTED_EDGE('',*,*,#1324,.T.);
#1823=ORIENTED_EDGE('',*,*,#1325,.T.);
#1824=ORIENTED_EDGE('',*,*,#1324,.F.);
#1825=ORIENTED_EDGE('',*,*,#1325,.F.);
#1826=ORIENTED_EDGE('',*,*,#1326,.T.);
#1827=ORIENTED_EDGE('',*,*,#1327,.T.);
#1828=ORIENTED_EDGE('',*,*,#1326,.F.);
#1829=ORIENTED_EDGE('',*,*,#1311,.T.);
#1830=ORIENTED_EDGE('',*,*,#1328,.T.);
#1831=ORIENTED_EDGE('',*,*,#1312,.T.);
#1832=ORIENTED_EDGE('',*,*,#1328,.F.);
#1833=ORIENTED_EDGE('',*,*,#1329,.F.);
#1834=ORIENTED_EDGE('',*,*,#1330,.T.);
#1835=ORIENTED_EDGE('',*,*,#1331,.T.);
#1836=ORIENTED_EDGE('',*,*,#1332,.T.);
#1837=ORIENTED_EDGE('',*,*,#1333,.F.);
#1838=ORIENTED_EDGE('',*,*,#1334,.T.);
#1839=ORIENTED_EDGE('',*,*,#1335,.F.);
#1840=ORIENTED_EDGE('',*,*,#1336,.T.);
#1841=ORIENTED_EDGE('',*,*,#1305,.F.);
#1842=ORIENTED_EDGE('',*,*,#1337,.T.);
#1843=ORIENTED_EDGE('',*,*,#1338,.F.);
#1844=ORIENTED_EDGE('',*,*,#1339,.T.);
#1845=ORIENTED_EDGE('',*,*,#1340,.F.);
#1846=ORIENTED_EDGE('',*,*,#1341,.T.);
#1847=ORIENTED_EDGE('',*,*,#1342,.T.);
#1848=ORIENTED_EDGE('',*,*,#1330,.F.);
#1849=ORIENTED_EDGE('',*,*,#1307,.T.);
#1850=ORIENTED_EDGE('',*,*,#1343,.F.);
#1851=ORIENTED_EDGE('',*,*,#1344,.T.);
#1852=ORIENTED_EDGE('',*,*,#1345,.F.);
#1853=ORIENTED_EDGE('',*,*,#1346,.T.);
#1854=ORIENTED_EDGE('',*,*,#1347,.F.);
#1855=ORIENTED_EDGE('',*,*,#1348,.F.);
#1856=ORIENTED_EDGE('',*,*,#1349,.T.);
#1857=ORIENTED_EDGE('',*,*,#1350,.T.);
#1858=ORIENTED_EDGE('',*,*,#1349,.F.);
#1859=ORIENTED_EDGE('',*,*,#1351,.F.);
#1860=ORIENTED_EDGE('',*,*,#1352,.F.);
#1861=ORIENTED_EDGE('',*,*,#1353,.T.);
#1862=ORIENTED_EDGE('',*,*,#1354,.F.);
#1863=ORIENTED_EDGE('',*,*,#1355,.T.);
#1864=ORIENTED_EDGE('',*,*,#1356,.F.);
#1865=ORIENTED_EDGE('',*,*,#1354,.T.);
#1866=ORIENTED_EDGE('',*,*,#1357,.T.);
#1867=ORIENTED_EDGE('',*,*,#1358,.F.);
#1868=ORIENTED_EDGE('',*,*,#1359,.F.);
#1869=ORIENTED_EDGE('',*,*,#1356,.T.);
#1870=ORIENTED_EDGE('',*,*,#1360,.T.);
#1871=ORIENTED_EDGE('',*,*,#1361,.F.);
#1872=ORIENTED_EDGE('',*,*,#1362,.F.);
#1873=ORIENTED_EDGE('',*,*,#1343,.T.);
#1874=ORIENTED_EDGE('',*,*,#1363,.T.);
#1875=ORIENTED_EDGE('',*,*,#1364,.F.);
#1876=ORIENTED_EDGE('',*,*,#1365,.F.);
#1877=ORIENTED_EDGE('',*,*,#1345,.T.);
#1878=ORIENTED_EDGE('',*,*,#1366,.T.);
#1879=ORIENTED_EDGE('',*,*,#1367,.F.);
#1880=ORIENTED_EDGE('',*,*,#1368,.F.);
#1881=ORIENTED_EDGE('',*,*,#1347,.T.);
#1882=ORIENTED_EDGE('',*,*,#1369,.T.);
#1883=ORIENTED_EDGE('',*,*,#1370,.F.);
#1884=ORIENTED_EDGE('',*,*,#1371,.F.);
#1885=ORIENTED_EDGE('',*,*,#1358,.T.);
#1886=ORIENTED_EDGE('',*,*,#1372,.F.);
#1887=ORIENTED_EDGE('',*,*,#1373,.F.);
#1888=ORIENTED_EDGE('',*,*,#1374,.F.);
#1889=ORIENTED_EDGE('',*,*,#1361,.T.);
#1890=ORIENTED_EDGE('',*,*,#1375,.F.);
#1891=ORIENTED_EDGE('',*,*,#1376,.F.);
#1892=ORIENTED_EDGE('',*,*,#1377,.F.);
#1893=ORIENTED_EDGE('',*,*,#1364,.T.);
#1894=ORIENTED_EDGE('',*,*,#1378,.F.);
#1895=ORIENTED_EDGE('',*,*,#1379,.F.);
#1896=ORIENTED_EDGE('',*,*,#1380,.F.);
#1897=ORIENTED_EDGE('',*,*,#1367,.T.);
#1898=ORIENTED_EDGE('',*,*,#1381,.F.);
#1899=ORIENTED_EDGE('',*,*,#1382,.F.);
#1900=ORIENTED_EDGE('',*,*,#1383,.F.);
#1901=ORIENTED_EDGE('',*,*,#1370,.T.);
#1902=ORIENTED_EDGE('',*,*,#1384,.F.);
#1903=ORIENTED_EDGE('',*,*,#1385,.F.);
#1904=ORIENTED_EDGE('',*,*,#1386,.F.);
#1905=ORIENTED_EDGE('',*,*,#1373,.T.);
#1906=ORIENTED_EDGE('',*,*,#1387,.F.);
#1907=ORIENTED_EDGE('',*,*,#1388,.F.);
#1908=ORIENTED_EDGE('',*,*,#1389,.T.);
#1909=ORIENTED_EDGE('',*,*,#1376,.T.);
#1910=ORIENTED_EDGE('',*,*,#1390,.F.);
#1911=ORIENTED_EDGE('',*,*,#1391,.F.);
#1912=ORIENTED_EDGE('',*,*,#1392,.T.);
#1913=ORIENTED_EDGE('',*,*,#1379,.T.);
#1914=ORIENTED_EDGE('',*,*,#1393,.F.);
#1915=ORIENTED_EDGE('',*,*,#1394,.F.);
#1916=ORIENTED_EDGE('',*,*,#1395,.T.);
#1917=ORIENTED_EDGE('',*,*,#1382,.T.);
#1918=ORIENTED_EDGE('',*,*,#1396,.F.);
#1919=ORIENTED_EDGE('',*,*,#1397,.F.);
#1920=ORIENTED_EDGE('',*,*,#1398,.T.);
#1921=ORIENTED_EDGE('',*,*,#1385,.T.);
#1922=ORIENTED_EDGE('',*,*,#1399,.F.);
#1923=ORIENTED_EDGE('',*,*,#1400,.F.);
#1924=ORIENTED_EDGE('',*,*,#1401,.T.);
#1925=ORIENTED_EDGE('',*,*,#1388,.T.);
#1926=ORIENTED_EDGE('',*,*,#1402,.F.);
#1927=ORIENTED_EDGE('',*,*,#1339,.F.);
#1928=ORIENTED_EDGE('',*,*,#1403,.F.);
#1929=ORIENTED_EDGE('',*,*,#1391,.T.);
#1930=ORIENTED_EDGE('',*,*,#1404,.F.);
#1931=ORIENTED_EDGE('',*,*,#1337,.F.);
#1932=ORIENTED_EDGE('',*,*,#1405,.F.);
#1933=ORIENTED_EDGE('',*,*,#1394,.T.);
#1934=ORIENTED_EDGE('',*,*,#1406,.F.);
#1935=ORIENTED_EDGE('',*,*,#1336,.F.);
#1936=ORIENTED_EDGE('',*,*,#1407,.F.);
#1937=ORIENTED_EDGE('',*,*,#1397,.T.);
#1938=ORIENTED_EDGE('',*,*,#1408,.F.);
#1939=ORIENTED_EDGE('',*,*,#1334,.F.);
#1940=ORIENTED_EDGE('',*,*,#1409,.F.);
#1941=ORIENTED_EDGE('',*,*,#1400,.T.);
#1942=ORIENTED_EDGE('',*,*,#1410,.F.);
#1943=ORIENTED_EDGE('',*,*,#1332,.F.);
#1944=ORIENTED_EDGE('',*,*,#1411,.F.);
#1945=ORIENTED_EDGE('',*,*,#1412,.F.);
#1946=ORIENTED_EDGE('',*,*,#1413,.F.);
#1947=ORIENTED_EDGE('',*,*,#1352,.T.);
#1948=ORIENTED_EDGE('',*,*,#1414,.T.);
#1949=ORIENTED_EDGE('',*,*,#1415,.F.);
#1950=ORIENTED_EDGE('',*,*,#1416,.F.);
#1951=ORIENTED_EDGE('',*,*,#1412,.T.);
#1952=ORIENTED_EDGE('',*,*,#1417,.F.);
#1953=ORIENTED_EDGE('',*,*,#1418,.F.);
#1954=ORIENTED_EDGE('',*,*,#1419,.T.);
#1955=ORIENTED_EDGE('',*,*,#1415,.T.);
#1956=ORIENTED_EDGE('',*,*,#1420,.F.);
#1957=ORIENTED_EDGE('',*,*,#1341,.F.);
#1958=ORIENTED_EDGE('',*,*,#1421,.F.);
#1959=ORIENTED_EDGE('',*,*,#1418,.T.);
#1960=ORIENTED_EDGE('',*,*,#1422,.F.);
#1961=ORIENTED_EDGE('',*,*,#1329,.T.);
#1962=ORIENTED_EDGE('',*,*,#1309,.T.);
#1963=ORIENTED_EDGE('',*,*,#1314,.T.);
#1964=ORIENTED_EDGE('',*,*,#1327,.F.);
#1965=ORIENTED_EDGE('',*,*,#1322,.F.);
#1966=ORIENTED_EDGE('',*,*,#1323,.T.);
#1967=ORIENTED_EDGE('',*,*,#1315,.F.);
#1968=ORIENTED_EDGE('',*,*,#1318,.T.);
#1969=ORIENTED_EDGE('',*,*,#1350,.F.);
#1970=ORIENTED_EDGE('',*,*,#1317,.T.);
#1971=ORIENTED_EDGE('',*,*,#1423,.F.);
#1972=ORIENTED_EDGE('',*,*,#1331,.F.);
#1973=ORIENTED_EDGE('',*,*,#1342,.F.);
#1974=ORIENTED_EDGE('',*,*,#1424,.T.);
#1975=ORIENTED_EDGE('',*,*,#1351,.T.);
#1976=ORIENTED_EDGE('',*,*,#1348,.T.);
#1977=ORIENTED_EDGE('',*,*,#1422,.T.);
#1978=ORIENTED_EDGE('',*,*,#1420,.T.);
#1979=ORIENTED_EDGE('',*,*,#1417,.T.);
#1980=ORIENTED_EDGE('',*,*,#1414,.F.);
#1981=ORIENTED_EDGE('',*,*,#1424,.F.);
#1982=ORIENTED_EDGE('',*,*,#1411,.T.);
#1983=ORIENTED_EDGE('',*,*,#1423,.T.);
#1984=ORIENTED_EDGE('',*,*,#1371,.T.);
#1985=ORIENTED_EDGE('',*,*,#1386,.T.);
#1986=ORIENTED_EDGE('',*,*,#1401,.F.);
#1987=ORIENTED_EDGE('',*,*,#1425,.F.);
#1988=ORIENTED_EDGE('',*,*,#1333,.T.);
#1989=ORIENTED_EDGE('',*,*,#1426,.T.);
#1990=ORIENTED_EDGE('',*,*,#1346,.F.);
#1991=ORIENTED_EDGE('',*,*,#1410,.T.);
#1992=ORIENTED_EDGE('',*,*,#1399,.T.);
#1993=ORIENTED_EDGE('',*,*,#1384,.T.);
#1994=ORIENTED_EDGE('',*,*,#1369,.F.);
#1995=ORIENTED_EDGE('',*,*,#1426,.F.);
#1996=ORIENTED_EDGE('',*,*,#1409,.T.);
#1997=ORIENTED_EDGE('',*,*,#1425,.T.);
#1998=ORIENTED_EDGE('',*,*,#1368,.T.);
#1999=ORIENTED_EDGE('',*,*,#1383,.T.);
#2000=ORIENTED_EDGE('',*,*,#1398,.F.);
#2001=ORIENTED_EDGE('',*,*,#1427,.F.);
#2002=ORIENTED_EDGE('',*,*,#1335,.T.);
#2003=ORIENTED_EDGE('',*,*,#1428,.T.);
#2004=ORIENTED_EDGE('',*,*,#1344,.F.);
#2005=ORIENTED_EDGE('',*,*,#1408,.T.);
#2006=ORIENTED_EDGE('',*,*,#1396,.T.);
#2007=ORIENTED_EDGE('',*,*,#1381,.T.);
#2008=ORIENTED_EDGE('',*,*,#1366,.F.);
#2009=ORIENTED_EDGE('',*,*,#1428,.F.);
#2010=ORIENTED_EDGE('',*,*,#1407,.T.);
#2011=ORIENTED_EDGE('',*,*,#1427,.T.);
#2012=ORIENTED_EDGE('',*,*,#1365,.T.);
#2013=ORIENTED_EDGE('',*,*,#1380,.T.);
#2014=ORIENTED_EDGE('',*,*,#1395,.F.);
#2015=ORIENTED_EDGE('',*,*,#1406,.T.);
#2016=ORIENTED_EDGE('',*,*,#1393,.T.);
#2017=ORIENTED_EDGE('',*,*,#1378,.T.);
#2018=ORIENTED_EDGE('',*,*,#1363,.F.);
#2019=ORIENTED_EDGE('',*,*,#1306,.F.);
#2020=ORIENTED_EDGE('',*,*,#1405,.T.);
#2021=ORIENTED_EDGE('',*,*,#1308,.T.);
#2022=ORIENTED_EDGE('',*,*,#1362,.T.);
#2023=ORIENTED_EDGE('',*,*,#1377,.T.);
#2024=ORIENTED_EDGE('',*,*,#1392,.F.);
#2025=ORIENTED_EDGE('',*,*,#1429,.F.);
#2026=ORIENTED_EDGE('',*,*,#1338,.T.);
#2027=ORIENTED_EDGE('',*,*,#1430,.T.);
#2028=ORIENTED_EDGE('',*,*,#1355,.F.);
#2029=ORIENTED_EDGE('',*,*,#1404,.T.);
#2030=ORIENTED_EDGE('',*,*,#1390,.T.);
#2031=ORIENTED_EDGE('',*,*,#1375,.T.);
#2032=ORIENTED_EDGE('',*,*,#1360,.F.);
#2033=ORIENTED_EDGE('',*,*,#1430,.F.);
#2034=ORIENTED_EDGE('',*,*,#1403,.T.);
#2035=ORIENTED_EDGE('',*,*,#1429,.T.);
#2036=ORIENTED_EDGE('',*,*,#1359,.T.);
#2037=ORIENTED_EDGE('',*,*,#1374,.T.);
#2038=ORIENTED_EDGE('',*,*,#1389,.F.);
#2039=ORIENTED_EDGE('',*,*,#1431,.F.);
#2040=ORIENTED_EDGE('',*,*,#1340,.T.);
#2041=ORIENTED_EDGE('',*,*,#1432,.T.);
#2042=ORIENTED_EDGE('',*,*,#1353,.F.);
#2043=ORIENTED_EDGE('',*,*,#1402,.T.);
#2044=ORIENTED_EDGE('',*,*,#1387,.T.);
#2045=ORIENTED_EDGE('',*,*,#1372,.T.);
#2046=ORIENTED_EDGE('',*,*,#1357,.F.);
#2047=ORIENTED_EDGE('',*,*,#1432,.F.);
#2048=ORIENTED_EDGE('',*,*,#1421,.T.);
#2049=ORIENTED_EDGE('',*,*,#1431,.T.);
#2050=ORIENTED_EDGE('',*,*,#1413,.T.);
#2051=ORIENTED_EDGE('',*,*,#1416,.T.);
#2052=ORIENTED_EDGE('',*,*,#1419,.F.);
#2053=TOROIDAL_SURFACE('',#2239,10.65625,0.343750000000004);
#2054=TOROIDAL_SURFACE('',#2245,10.65625,0.343750000000004);
#2055=TOROIDAL_SURFACE('',#2251,9.62499999999999,0.175000000000002);
#2056=TOROIDAL_SURFACE('',#2258,7.78124999999999,2.18750000000001);
#2057=TOROIDAL_SURFACE('',#2267,9.62499999999999,0.175000000000003);
#2058=TOROIDAL_SURFACE('',#2274,7.78124999999999,2.18749999999999);
#2059=TOROIDAL_SURFACE('',#2312,9.59115749179679,2.2);
#2060=TOROIDAL_SURFACE('',#2316,8.3388425082032,2.2);
#2061=TOROIDAL_SURFACE('',#2323,6.1125,0.0750000000000004);
#2062=TOROIDAL_SURFACE('',#2332,6.1125,0.175000000000002);
#2063=TOROIDAL_SURFACE('',#2336,9.62499999999999,0.0749999999999969);
#2064=TOROIDAL_SURFACE('',#2351,9.62499999999999,0.175000000000007);
#2065=TOROIDAL_SURFACE('',#2433,9.59115749179679,2.2);
#2066=TOROIDAL_SURFACE('',#2437,8.3388425082032,2.2);
#2067=TOROIDAL_SURFACE('',#2444,6.1125,0.0750000000000004);
#2068=TOROIDAL_SURFACE('',#2453,6.1125,0.175000000000002);
#2069=TOROIDAL_SURFACE('',#2457,9.62499999999999,0.0749999999999969);
#2070=TOROIDAL_SURFACE('',#2472,9.62499999999999,0.175000000000007);
#2071=ADVANCED_FACE('',(#461),#2053,.T.);
#2072=ADVANCED_FACE('',(#462),#413,.T.);
#2073=ADVANCED_FACE('',(#463),#2054,.T.);
#2074=ADVANCED_FACE('',(#464),#414,.F.);
#2075=ADVANCED_FACE('',(#465),#2055,.F.);
#2076=ADVANCED_FACE('',(#466),#119,.F.);
#2077=ADVANCED_FACE('',(#467),#415,.F.);
#2078=ADVANCED_FACE('',(#468),#2056,.F.);
#2079=ADVANCED_FACE('',(#469),#416,.F.);
#2080=ADVANCED_FACE('',(#470),#120,.F.);
#2081=ADVANCED_FACE('',(#471),#2057,.F.);
#2082=ADVANCED_FACE('',(#472),#417,.F.);
#2083=ADVANCED_FACE('',(#473,#43),#57,.F.);
#2084=ADVANCED_FACE('',(#474,#44),#58,.F.);
#2085=ADVANCED_FACE('',(#475),#2058,.F.);
#2086=ADVANCED_FACE('',(#476),#121,.T.);
#2087=ADVANCED_FACE('',(#477),#122,.F.);
#2088=ADVANCED_FACE('',(#478),#123,.T.);
#2089=ADVANCED_FACE('',(#479),#124,.F.);
#2090=ADVANCED_FACE('',(#480),#418,.T.);
#2091=ADVANCED_FACE('',(#481),#419,.T.);
#2092=ADVANCED_FACE('',(#482),#420,.F.);
#2093=ADVANCED_FACE('',(#483,#45),#59,.F.);
#2094=ADVANCED_FACE('',(#484,#46),#60,.F.);
#2095=ADVANCED_FACE('',(#485),#17,.T.);
#2096=ADVANCED_FACE('',(#486),#18,.T.);
#2097=ADVANCED_FACE('',(#487),#19,.T.);
#2098=ADVANCED_FACE('',(#488),#20,.T.);
#2099=ADVANCED_FACE('',(#489),#21,.T.);
#2100=ADVANCED_FACE('',(#490),#22,.T.);
#2101=ADVANCED_FACE('',(#491),#421,.F.);
#2102=ADVANCED_FACE('',(#492),#2059,.F.);
#2103=ADVANCED_FACE('',(#493),#2060,.T.);
#2104=ADVANCED_FACE('',(#494),#125,.F.);
#2105=ADVANCED_FACE('',(#495),#2061,.F.);
#2106=ADVANCED_FACE('',(#496),#422,.T.);
#2107=ADVANCED_FACE('',(#497),#423,.F.);
#2108=ADVANCED_FACE('',(#498),#2062,.T.);
#2109=ADVANCED_FACE('',(#499),#126,.T.);
#2110=ADVANCED_FACE('',(#500),#2063,.F.);
#2111=ADVANCED_FACE('',(#501),#2064,.T.);
#2112=ADVANCED_FACE('',(#502),#424,.T.);
#2113=ADVANCED_FACE('',(#503),#425,.T.);
#2114=ADVANCED_FACE('',(#504),#426,.T.);
#2115=ADVANCED_FACE('',(#505),#427,.T.);
#2116=ADVANCED_FACE('',(#506),#428,.T.);
#2117=ADVANCED_FACE('',(#507),#61,.F.);
#2118=ADVANCED_FACE('',(#508),#62,.F.);
#2119=ADVANCED_FACE('',(#509),#63,.F.);
#2120=ADVANCED_FACE('',(#510),#64,.F.);
#2121=ADVANCED_FACE('',(#511),#65,.F.);
#2122=ADVANCED_FACE('',(#512),#429,.F.);
#2123=ADVANCED_FACE('',(#513),#430,.F.);
#2124=ADVANCED_FACE('',(#514),#431,.F.);
#2125=ADVANCED_FACE('',(#515),#432,.F.);
#2126=ADVANCED_FACE('',(#516),#433,.F.);
#2127=ADVANCED_FACE('',(#517),#66,.F.);
#2128=ADVANCED_FACE('',(#518),#67,.F.);
#2129=ADVANCED_FACE('',(#519),#68,.F.);
#2130=ADVANCED_FACE('',(#520),#69,.F.);
#2131=ADVANCED_FACE('',(#521),#70,.F.);
#2132=ADVANCED_FACE('',(#522),#434,.T.);
#2133=ADVANCED_FACE('',(#523),#71,.F.);
#2134=ADVANCED_FACE('',(#524),#435,.F.);
#2135=ADVANCED_FACE('',(#525),#72,.F.);
#2136=ADVANCED_FACE('',(#526,#47),#73,.F.);
#2137=ADVANCED_FACE('',(#527,#48),#74,.F.);
#2138=ADVANCED_FACE('',(#528,#49),#75,.F.);
#2139=ADVANCED_FACE('',(#529,#50),#76,.F.);
#2140=ADVANCED_FACE('',(#530,#51),#77,.F.);
#2141=ADVANCED_FACE('',(#531),#436,.F.);
#2142=ADVANCED_FACE('',(#532),#78,.F.);
#2143=ADVANCED_FACE('',(#533),#79,.F.);
#2144=ADVANCED_FACE('',(#534),#437,.F.);
#2145=ADVANCED_FACE('',(#535),#80,.F.);
#2146=ADVANCED_FACE('',(#536),#81,.F.);
#2147=ADVANCED_FACE('',(#537),#438,.F.);
#2148=ADVANCED_FACE('',(#538),#82,.F.);
#2149=ADVANCED_FACE('',(#539),#83,.F.);
#2150=ADVANCED_FACE('',(#540),#84,.F.);
#2151=ADVANCED_FACE('',(#541),#85,.F.);
#2152=ADVANCED_FACE('',(#542),#439,.F.);
#2153=ADVANCED_FACE('',(#543),#86,.F.);
#2154=ADVANCED_FACE('',(#544),#87,.F.);
#2155=ADVANCED_FACE('',(#545),#440,.F.);
#2156=ADVANCED_FACE('',(#546),#88,.F.);
#2157=ADVANCED_FACE('',(#547),#89,.F.);
#2158=ADVANCED_FACE('',(#548),#441,.F.);
#2159=ADVANCED_FACE('',(#549),#2065,.F.);
#2160=ADVANCED_FACE('',(#550),#2066,.T.);
#2161=ADVANCED_FACE('',(#551),#127,.F.);
#2162=ADVANCED_FACE('',(#552),#2067,.F.);
#2163=ADVANCED_FACE('',(#553),#442,.T.);
#2164=ADVANCED_FACE('',(#554),#443,.F.);
#2165=ADVANCED_FACE('',(#555),#2068,.T.);
#2166=ADVANCED_FACE('',(#556),#128,.T.);
#2167=ADVANCED_FACE('',(#557),#2069,.F.);
#2168=ADVANCED_FACE('',(#558),#2070,.T.);
#2169=ADVANCED_FACE('',(#559),#444,.T.);
#2170=ADVANCED_FACE('',(#560),#445,.T.);
#2171=ADVANCED_FACE('',(#561),#446,.T.);
#2172=ADVANCED_FACE('',(#562),#447,.T.);
#2173=ADVANCED_FACE('',(#563),#448,.T.);
#2174=ADVANCED_FACE('',(#564),#90,.F.);
#2175=ADVANCED_FACE('',(#565),#91,.F.);
#2176=ADVANCED_FACE('',(#566),#92,.F.);
#2177=ADVANCED_FACE('',(#567),#93,.F.);
#2178=ADVANCED_FACE('',(#568),#94,.F.);
#2179=ADVANCED_FACE('',(#569),#449,.F.);
#2180=ADVANCED_FACE('',(#570),#450,.F.);
#2181=ADVANCED_FACE('',(#571),#451,.F.);
#2182=ADVANCED_FACE('',(#572),#452,.F.);
#2183=ADVANCED_FACE('',(#573),#453,.F.);
#2184=ADVANCED_FACE('',(#574),#95,.F.);
#2185=ADVANCED_FACE('',(#575),#96,.F.);
#2186=ADVANCED_FACE('',(#576),#97,.F.);
#2187=ADVANCED_FACE('',(#577),#98,.F.);
#2188=ADVANCED_FACE('',(#578),#99,.F.);
#2189=ADVANCED_FACE('',(#579),#454,.T.);
#2190=ADVANCED_FACE('',(#580),#100,.F.);
#2191=ADVANCED_FACE('',(#581),#455,.F.);
#2192=ADVANCED_FACE('',(#582),#101,.F.);
#2193=ADVANCED_FACE('',(#583,#52),#102,.F.);
#2194=ADVANCED_FACE('',(#584,#53),#103,.F.);
#2195=ADVANCED_FACE('',(#585,#54),#104,.F.);
#2196=ADVANCED_FACE('',(#586,#55),#105,.F.);
#2197=ADVANCED_FACE('',(#587,#56),#106,.F.);
#2198=ADVANCED_FACE('',(#588),#456,.F.);
#2199=ADVANCED_FACE('',(#589),#107,.F.);
#2200=ADVANCED_FACE('',(#590),#108,.F.);
#2201=ADVANCED_FACE('',(#591),#457,.F.);
#2202=ADVANCED_FACE('',(#592),#109,.F.);
#2203=ADVANCED_FACE('',(#593),#110,.F.);
#2204=ADVANCED_FACE('',(#594),#458,.F.);
#2205=ADVANCED_FACE('',(#595),#111,.F.);
#2206=ADVANCED_FACE('',(#596),#112,.F.);
#2207=ADVANCED_FACE('',(#597),#113,.F.);
#2208=ADVANCED_FACE('',(#598),#114,.F.);
#2209=ADVANCED_FACE('',(#599),#459,.F.);
#2210=ADVANCED_FACE('',(#600),#115,.F.);
#2211=ADVANCED_FACE('',(#601),#116,.F.);
#2212=ADVANCED_FACE('',(#602),#460,.F.);
#2213=ADVANCED_FACE('',(#603),#117,.F.);
#2214=ADVANCED_FACE('',(#604),#118,.F.);
#2215=CLOSED_SHELL('',(#2071,#2072,#2073,#2074,#2075,#2076,#2077,#2078,
#2079,#2080,#2081,#2082,#2083,#2084));
#2216=CLOSED_SHELL('',(#2085,#2086,#2087,#2088,#2089,#2090,#2091,#2092,
#2093,#2094));
#2217=CLOSED_SHELL('',(#2095));
#2218=CLOSED_SHELL('',(#2096));
#2219=CLOSED_SHELL('',(#2097));
#2220=CLOSED_SHELL('',(#2098));
#2221=CLOSED_SHELL('',(#2099));
#2222=CLOSED_SHELL('',(#2100));
#2223=CLOSED_SHELL('',(#2101,#2102,#2103,#2104,#2105,#2106,#2107,#2108,
#2109,#2110,#2111,#2112,#2113,#2114,#2115,#2116,#2117,#2118,#2119,#2120,
#2121,#2122,#2123,#2124,#2125,#2126,#2127,#2128,#2129,#2130,#2131,#2132,
#2133,#2134,#2135,#2136,#2137,#2138,#2139,#2140,#2141,#2142,#2143,#2144,
#2145,#2146,#2147,#2148,#2149,#2150,#2151,#2152,#2153,#2154,#2155,#2156,
#2157));
#2224=CLOSED_SHELL('',(#2158,#2159,#2160,#2161,#2162,#2163,#2164,#2165,
#2166,#2167,#2168,#2169,#2170,#2171,#2172,#2173,#2174,#2175,#2176,#2177,
#2178,#2179,#2180,#2181,#2182,#2183,#2184,#2185,#2186,#2187,#2188,#2189,
#2190,#2191,#2192,#2193,#2194,#2195,#2196,#2197,#2198,#2199,#2200,#2201,
#2202,#2203,#2204,#2205,#2206,#2207,#2208,#2209,#2210,#2211,#2212,#2213,
#2214));
#2225=DERIVED_UNIT_ELEMENT(#2227,1.);
#2226=DERIVED_UNIT_ELEMENT(#3980,-3.);
#2227=(
MASS_UNIT()
NAMED_UNIT(*)
SI_UNIT(.KILO.,.GRAM.)
);
#2228=DERIVED_UNIT((#2225,#2226));
#2229=MEASURE_REPRESENTATION_ITEM('density measure',
POSITIVE_RATIO_MEASURE(7850.),#2228);
#2230=PROPERTY_DEFINITION_REPRESENTATION(#2235,#2232);
#2231=PROPERTY_DEFINITION_REPRESENTATION(#2236,#2233);
#2232=REPRESENTATION('material name',(#2234),#3977);
#2233=REPRESENTATION('density',(#2229),#3977);
#2234=DESCRIPTIVE_REPRESENTATION_ITEM('Acero','Acero');
#2235=PROPERTY_DEFINITION('material property','material name',#3992);
#2236=PROPERTY_DEFINITION('material property','density of part',#3992);
#2237=AXIS2_PLACEMENT_3D('',#3324,#2552,#2553);
#2238=AXIS2_PLACEMENT_3D('',#3325,#2554,#2555);
#2239=AXIS2_PLACEMENT_3D('',#3326,#2556,#2557);
#2240=AXIS2_PLACEMENT_3D('',#3328,#2558,#2559);
#2241=AXIS2_PLACEMENT_3D('',#3330,#2560,#2561);
#2242=AXIS2_PLACEMENT_3D('',#3331,#2562,#2563);
#2243=AXIS2_PLACEMENT_3D('',#3332,#2564,#2565);
#2244=AXIS2_PLACEMENT_3D('',#3334,#2566,#2567);
#2245=AXIS2_PLACEMENT_3D('',#3336,#2569,#2570);
#2246=AXIS2_PLACEMENT_3D('',#3338,#2571,#2572);
#2247=AXIS2_PLACEMENT_3D('',#3339,#2573,#2574);
#2248=AXIS2_PLACEMENT_3D('',#3340,#2575,#2576);
#2249=AXIS2_PLACEMENT_3D('',#3342,#2577,#2578);
#2250=AXIS2_PLACEMENT_3D('',#3345,#2580,#2581);
#2251=AXIS2_PLACEMENT_3D('',#3346,#2582,#2583);
#2252=AXIS2_PLACEMENT_3D('',#3348,#2584,#2585);
#2253=AXIS2_PLACEMENT_3D('',#3349,#2586,#2587);
#2254=AXIS2_PLACEMENT_3D('',#3350,#2588,#2589);
#2255=AXIS2_PLACEMENT_3D('',#3352,#2590,#2591);
#2256=AXIS2_PLACEMENT_3D('',#3354,#2593,#2594);
#2257=AXIS2_PLACEMENT_3D('',#3356,#2595,#2596);
#2258=AXIS2_PLACEMENT_3D('',#3358,#2598,#2599);
#2259=AXIS2_PLACEMENT_3D('',#3360,#2600,#2601);
#2260=AXIS2_PLACEMENT_3D('',#3361,#2602,#2603);
#2261=AXIS2_PLACEMENT_3D('',#3362,#2604,#2605);
#2262=AXIS2_PLACEMENT_3D('',#3365,#2606,#2607);
#2263=AXIS2_PLACEMENT_3D('',#3366,#2608,#2609);
#2264=AXIS2_PLACEMENT_3D('',#3368,#2611,#2612);
#2265=AXIS2_PLACEMENT_3D('',#3372,#2614,#2615);
#2266=AXIS2_PLACEMENT_3D('',#3373,#2616,#2617);
#2267=AXIS2_PLACEMENT_3D('',#3374,#2618,#2619);
#2268=AXIS2_PLACEMENT_3D('',#3376,#2620,#2621);
#2269=AXIS2_PLACEMENT_3D('',#3377,#2622,#2623);
#2270=AXIS2_PLACEMENT_3D('',#3378,#2624,#2625);
#2271=AXIS2_PLACEMENT_3D('',#3380,#2626,#2627);
#2272=AXIS2_PLACEMENT_3D('',#3382,#2629,#2630);
#2273=AXIS2_PLACEMENT_3D('',#3383,#2631,#2632);
#2274=AXIS2_PLACEMENT_3D('',#3384,#2633,#2634);
#2275=AXIS2_PLACEMENT_3D('',#3386,#2635,#2636);
#2276=AXIS2_PLACEMENT_3D('',#3388,#2637,#2638);
#2277=AXIS2_PLACEMENT_3D('',#3389,#2639,#2640);
#2278=AXIS2_PLACEMENT_3D('',#3390,#2641,#2642);
#2279=AXIS2_PLACEMENT_3D('',#3393,#2643,#2644);
#2280=AXIS2_PLACEMENT_3D('',#3394,#2645,#2646);
#2281=AXIS2_PLACEMENT_3D('',#3397,#2648,#2649);
#2282=AXIS2_PLACEMENT_3D('',#3398,#2650,#2651);
#2283=AXIS2_PLACEMENT_3D('',#3400,#2652,#2653);
#2284=AXIS2_PLACEMENT_3D('',#3403,#2655,#2656);
#2285=AXIS2_PLACEMENT_3D('',#3404,#2657,#2658);
#2286=AXIS2_PLACEMENT_3D('',#3406,#2659,#2660);
#2287=AXIS2_PLACEMENT_3D('',#3409,#2662,#2663);
#2288=AXIS2_PLACEMENT_3D('',#3410,#2664,#2665);
#2289=AXIS2_PLACEMENT_3D('',#3413,#2666,#2667);
#2290=AXIS2_PLACEMENT_3D('',#3414,#2668,#2669);
#2291=AXIS2_PLACEMENT_3D('',#3417,#2671,#2672);
#2292=AXIS2_PLACEMENT_3D('',#3418,#2673,#2674);
#2293=AXIS2_PLACEMENT_3D('',#3420,#2676,#2677);
#2294=AXIS2_PLACEMENT_3D('',#3422,#2679,#2680);
#2295=AXIS2_PLACEMENT_3D('',#3424,#2682,#2683);
#2296=AXIS2_PLACEMENT_3D('',#3425,#2684,#2685);
#2297=AXIS2_PLACEMENT_3D('',#3426,#2686,#2687);
#2298=AXIS2_PLACEMENT_3D('',#3429,#2688,#2689);
#2299=AXIS2_PLACEMENT_3D('',#3430,#2690,#2691);
#2300=AXIS2_PLACEMENT_3D('',#3433,#2692,#2693);
#2301=AXIS2_PLACEMENT_3D('',#3434,#2694,#2695);
#2302=AXIS2_PLACEMENT_3D('',#3437,#2696,#2697);
#2303=AXIS2_PLACEMENT_3D('',#3438,#2698,#2699);
#2304=AXIS2_PLACEMENT_3D('',#3441,#2700,#2701);
#2305=AXIS2_PLACEMENT_3D('',#3442,#2702,#2703);
#2306=AXIS2_PLACEMENT_3D('',#3445,#2704,#2705);
#2307=AXIS2_PLACEMENT_3D('',#3446,#2706,#2707);
#2308=AXIS2_PLACEMENT_3D('',#3449,#2708,#2709);
#2309=AXIS2_PLACEMENT_3D('',#3450,#2710,#2711);
#2310=AXIS2_PLACEMENT_3D('',#3453,#2712,#2713);
#2311=AXIS2_PLACEMENT_3D('',#3457,#2715,#2716);
#2312=AXIS2_PLACEMENT_3D('',#3459,#2718,#2719);
#2313=AXIS2_PLACEMENT_3D('',#3461,#2720,#2721);
#2314=AXIS2_PLACEMENT_3D('',#3463,#2722,#2723);
#2315=AXIS2_PLACEMENT_3D('',#3464,#2724,#2725);
#2316=AXIS2_PLACEMENT_3D('',#3465,#2726,#2727);
#2317=AXIS2_PLACEMENT_3D('',#3467,#2728,#2729);
#2318=AXIS2_PLACEMENT_3D('',#3469,#2730,#2731);
#2319=AXIS2_PLACEMENT_3D('',#3470,#2732,#2733);
#2320=AXIS2_PLACEMENT_3D('',#3471,#2734,#2735);
#2321=AXIS2_PLACEMENT_3D('',#3473,#2736,#2737);
#2322=AXIS2_PLACEMENT_3D('',#3476,#2739,#2740);
#2323=AXIS2_PLACEMENT_3D('',#3477,#2741,#2742);
#2324=AXIS2_PLACEMENT_3D('',#3479,#2743,#2744);
#2325=AXIS2_PLACEMENT_3D('',#3481,#2745,#2746);
#2326=AXIS2_PLACEMENT_3D('',#3482,#2747,#2748);
#2327=AXIS2_PLACEMENT_3D('',#3483,#2749,#2750);
#2328=AXIS2_PLACEMENT_3D('',#3486,#2752,#2753);
#2329=AXIS2_PLACEMENT_3D('',#3487,#2754,#2755);
#2330=AXIS2_PLACEMENT_3D('',#3489,#2756,#2757);
#2331=AXIS2_PLACEMENT_3D('',#3492,#2759,#2760);
#2332=AXIS2_PLACEMENT_3D('',#3493,#2761,#2762);
#2333=AXIS2_PLACEMENT_3D('',#3495,#2763,#2764);
#2334=AXIS2_PLACEMENT_3D('',#3496,#2765,#2766);
#2335=AXIS2_PLACEMENT_3D('',#3497,#2767,#2768);
#2336=AXIS2_PLACEMENT_3D('',#3499,#2770,#2771);
#2337=AXIS2_PLACEMENT_3D('',#3501,#2772,#2773);
#2338=AXIS2_PLACEMENT_3D('',#3503,#2774,#2775);
#2339=AXIS2_PLACEMENT_3D('',#3505,#2776,#2777);
#2340=AXIS2_PLACEMENT_3D('',#3507,#2778,#2779);
#2341=AXIS2_PLACEMENT_3D('',#3509,#2780,#2781);
#2342=AXIS2_PLACEMENT_3D('',#3511,#2782,#2783);
#2343=AXIS2_PLACEMENT_3D('',#3513,#2784,#2785);
#2344=AXIS2_PLACEMENT_3D('',#3514,#2786,#2787);
#2345=AXIS2_PLACEMENT_3D('',#3516,#2788,#2789);
#2346=AXIS2_PLACEMENT_3D('',#3518,#2790,#2791);
#2347=AXIS2_PLACEMENT_3D('',#3520,#2792,#2793);
#2348=AXIS2_PLACEMENT_3D('',#3522,#2794,#2795);
#2349=AXIS2_PLACEMENT_3D('',#3524,#2796,#2797);
#2350=AXIS2_PLACEMENT_3D('',#3525,#2798,#2799);
#2351=AXIS2_PLACEMENT_3D('',#3526,#2800,#2801);
#2352=AXIS2_PLACEMENT_3D('',#3528,#2802,#2803);
#2353=AXIS2_PLACEMENT_3D('',#3530,#2804,#2805);
#2354=AXIS2_PLACEMENT_3D('',#3532,#2806,#2807);
#2355=AXIS2_PLACEMENT_3D('',#3534,#2808,#2809);
#2356=AXIS2_PLACEMENT_3D('',#3536,#2810,#2811);
#2357=AXIS2_PLACEMENT_3D('',#3538,#2812,#2813);
#2358=AXIS2_PLACEMENT_3D('',#3540,#2814,#2815);
#2359=AXIS2_PLACEMENT_3D('',#3541,#2816,#2817);
#2360=AXIS2_PLACEMENT_3D('',#3543,#2818,#2819);
#2361=AXIS2_PLACEMENT_3D('',#3545,#2820,#2821);
#2362=AXIS2_PLACEMENT_3D('',#3547,#2822,#2823);
#2363=AXIS2_PLACEMENT_3D('',#3549,#2824,#2825);
#2364=AXIS2_PLACEMENT_3D('',#3551,#2826,#2827);
#2365=AXIS2_PLACEMENT_3D('',#3552,#2828,#2829);
#2366=AXIS2_PLACEMENT_3D('',#3553,#2830,#2831);
#2367=AXIS2_PLACEMENT_3D('',#3557,#2833,#2834);
#2368=AXIS2_PLACEMENT_3D('',#3559,#2836,#2837);
#2369=AXIS2_PLACEMENT_3D('',#3563,#2839,#2840);
#2370=AXIS2_PLACEMENT_3D('',#3565,#2842,#2843);
#2371=AXIS2_PLACEMENT_3D('',#3569,#2845,#2846);
#2372=AXIS2_PLACEMENT_3D('',#3571,#2848,#2849);
#2373=AXIS2_PLACEMENT_3D('',#3575,#2851,#2852);
#2374=AXIS2_PLACEMENT_3D('',#3577,#2854,#2855);
#2375=AXIS2_PLACEMENT_3D('',#3581,#2857,#2858);
#2376=AXIS2_PLACEMENT_3D('',#3583,#2860,#2861);
#2377=AXIS2_PLACEMENT_3D('',#3587,#2863,#2864);
#2378=AXIS2_PLACEMENT_3D('',#3589,#2866,#2867);
#2379=AXIS2_PLACEMENT_3D('',#3593,#2869,#2870);
#2380=AXIS2_PLACEMENT_3D('',#3595,#2872,#2873);
#2381=AXIS2_PLACEMENT_3D('',#3599,#2875,#2876);
#2382=AXIS2_PLACEMENT_3D('',#3601,#2878,#2879);
#2383=AXIS2_PLACEMENT_3D('',#3605,#2881,#2882);
#2384=AXIS2_PLACEMENT_3D('',#3607,#2884,#2885);
#2385=AXIS2_PLACEMENT_3D('',#3611,#2887,#2888);
#2386=AXIS2_PLACEMENT_3D('',#3613,#2890,#2891);
#2387=AXIS2_PLACEMENT_3D('',#3617,#2893,#2894);
#2388=AXIS2_PLACEMENT_3D('',#3619,#2896,#2897);
#2389=AXIS2_PLACEMENT_3D('',#3623,#2899,#2900);
#2390=AXIS2_PLACEMENT_3D('',#3625,#2902,#2903);
#2391=AXIS2_PLACEMENT_3D('',#3629,#2905,#2906);
#2392=AXIS2_PLACEMENT_3D('',#3631,#2908,#2909);
#2393=AXIS2_PLACEMENT_3D('',#3635,#2911,#2912);
#2394=AXIS2_PLACEMENT_3D('',#3637,#2914,#2915);
#2395=AXIS2_PLACEMENT_3D('',#3641,#2917,#2918);
#2396=AXIS2_PLACEMENT_3D('',#3643,#2920,#2921);
#2397=AXIS2_PLACEMENT_3D('',#3646,#2924,#2925);
#2398=AXIS2_PLACEMENT_3D('',#3649,#2928,#2929);
#2399=AXIS2_PLACEMENT_3D('',#3652,#2932,#2933);
#2400=AXIS2_PLACEMENT_3D('',#3655,#2936,#2937);
#2401=AXIS2_PLACEMENT_3D('',#3658,#2940,#2941);
#2402=AXIS2_PLACEMENT_3D('',#3661,#2942,#2943);
#2403=AXIS2_PLACEMENT_3D('',#3664,#2946,#2947);
#2404=AXIS2_PLACEMENT_3D('',#3667,#2948,#2949);
#2405=AXIS2_PLACEMENT_3D('',#3670,#2952,#2953);
#2406=AXIS2_PLACEMENT_3D('',#3673,#2954,#2955);
#2407=AXIS2_PLACEMENT_3D('',#3676,#2958,#2959);
#2408=AXIS2_PLACEMENT_3D('',#3679,#2962,#2963);
#2409=AXIS2_PLACEMENT_3D('',#3680,#2964,#2965);
#2410=AXIS2_PLACEMENT_3D('',#3681,#2966,#2967);
#2411=AXIS2_PLACEMENT_3D('',#3682,#2968,#2969);
#2412=AXIS2_PLACEMENT_3D('',#3683,#2970,#2971);
#2413=AXIS2_PLACEMENT_3D('',#3684,#2972,#2973);
#2414=AXIS2_PLACEMENT_3D('',#3687,#2976,#2977);
#2415=AXIS2_PLACEMENT_3D('',#3688,#2978,#2979);
#2416=AXIS2_PLACEMENT_3D('',#3689,#2980,#2981);
#2417=AXIS2_PLACEMENT_3D('',#3692,#2984,#2985);
#2418=AXIS2_PLACEMENT_3D('',#3693,#2986,#2987);
#2419=AXIS2_PLACEMENT_3D('',#3694,#2988,#2989);
#2420=AXIS2_PLACEMENT_3D('',#3697,#2992,#2993);
#2421=AXIS2_PLACEMENT_3D('',#3698,#2994,#2995);
#2422=AXIS2_PLACEMENT_3D('',#3699,#2996,#2997);
#2423=AXIS2_PLACEMENT_3D('',#3700,#2998,#2999);
#2424=AXIS2_PLACEMENT_3D('',#3701,#3000,#3001);
#2425=AXIS2_PLACEMENT_3D('',#3704,#3004,#3005);
#2426=AXIS2_PLACEMENT_3D('',#3705,#3006,#3007);
#2427=AXIS2_PLACEMENT_3D('',#3706,#3008,#3009);
#2428=AXIS2_PLACEMENT_3D('',#3709,#3012,#3013);
#2429=AXIS2_PLACEMENT_3D('',#3710,#3014,#3015);
#2430=AXIS2_PLACEMENT_3D('',#3711,#3016,#3017);
#2431=AXIS2_PLACEMENT_3D('',#3714,#3018,#3019);
#2432=AXIS2_PLACEMENT_3D('',#3718,#3021,#3022);
#2433=AXIS2_PLACEMENT_3D('',#3720,#3024,#3025);
#2434=AXIS2_PLACEMENT_3D('',#3722,#3026,#3027);
#2435=AXIS2_PLACEMENT_3D('',#3724,#3028,#3029);
#2436=AXIS2_PLACEMENT_3D('',#3725,#3030,#3031);
#2437=AXIS2_PLACEMENT_3D('',#3726,#3032,#3033);
#2438=AXIS2_PLACEMENT_3D('',#3728,#3034,#3035);
#2439=AXIS2_PLACEMENT_3D('',#3730,#3036,#3037);
#2440=AXIS2_PLACEMENT_3D('',#3731,#3038,#3039);
#2441=AXIS2_PLACEMENT_3D('',#3732,#3040,#3041);
#2442=AXIS2_PLACEMENT_3D('',#3734,#3042,#3043);
#2443=AXIS2_PLACEMENT_3D('',#3737,#3045,#3046);
#2444=AXIS2_PLACEMENT_3D('',#3738,#3047,#3048);
#2445=AXIS2_PLACEMENT_3D('',#3740,#3049,#3050);
#2446=AXIS2_PLACEMENT_3D('',#3742,#3051,#3052);
#2447=AXIS2_PLACEMENT_3D('',#3743,#3053,#3054);
#2448=AXIS2_PLACEMENT_3D('',#3744,#3055,#3056);
#2449=AXIS2_PLACEMENT_3D('',#3747,#3058,#3059);
#2450=AXIS2_PLACEMENT_3D('',#3748,#3060,#3061);
#2451=AXIS2_PLACEMENT_3D('',#3750,#3062,#3063);
#2452=AXIS2_PLACEMENT_3D('',#3753,#3065,#3066);
#2453=AXIS2_PLACEMENT_3D('',#3754,#3067,#3068);
#2454=AXIS2_PLACEMENT_3D('',#3756,#3069,#3070);
#2455=AXIS2_PLACEMENT_3D('',#3757,#3071,#3072);
#2456=AXIS2_PLACEMENT_3D('',#3758,#3073,#3074);
#2457=AXIS2_PLACEMENT_3D('',#3760,#3076,#3077);
#2458=AXIS2_PLACEMENT_3D('',#3762,#3078,#3079);
#2459=AXIS2_PLACEMENT_3D('',#3764,#3080,#3081);
#2460=AXIS2_PLACEMENT_3D('',#3766,#3082,#3083);
#2461=AXIS2_PLACEMENT_3D('',#3768,#3084,#3085);
#2462=AXIS2_PLACEMENT_3D('',#3770,#3086,#3087);
#2463=AXIS2_PLACEMENT_3D('',#3772,#3088,#3089);
#2464=AXIS2_PLACEMENT_3D('',#3774,#3090,#3091);
#2465=AXIS2_PLACEMENT_3D('',#3775,#3092,#3093);
#2466=AXIS2_PLACEMENT_3D('',#3777,#3094,#3095);
#2467=AXIS2_PLACEMENT_3D('',#3779,#3096,#3097);
#2468=AXIS2_PLACEMENT_3D('',#3781,#3098,#3099);
#2469=AXIS2_PLACEMENT_3D('',#3783,#3100,#3101);
#2470=AXIS2_PLACEMENT_3D('',#3785,#3102,#3103);
#2471=AXIS2_PLACEMENT_3D('',#3786,#3104,#3105);
#2472=AXIS2_PLACEMENT_3D('',#3787,#3106,#3107);
#2473=AXIS2_PLACEMENT_3D('',#3789,#3108,#3109);
#2474=AXIS2_PLACEMENT_3D('',#3791,#3110,#3111);
#2475=AXIS2_PLACEMENT_3D('',#3793,#3112,#3113);
#2476=AXIS2_PLACEMENT_3D('',#3795,#3114,#3115);
#2477=AXIS2_PLACEMENT_3D('',#3797,#3116,#3117);
#2478=AXIS2_PLACEMENT_3D('',#3799,#3118,#3119);
#2479=AXIS2_PLACEMENT_3D('',#3801,#3120,#3121);
#2480=AXIS2_PLACEMENT_3D('',#3802,#3122,#3123);
#2481=AXIS2_PLACEMENT_3D('',#3804,#3124,#3125);
#2482=AXIS2_PLACEMENT_3D('',#3806,#3126,#3127);
#2483=AXIS2_PLACEMENT_3D('',#3808,#3128,#3129);
#2484=AXIS2_PLACEMENT_3D('',#3810,#3130,#3131);
#2485=AXIS2_PLACEMENT_3D('',#3812,#3132,#3133);
#2486=AXIS2_PLACEMENT_3D('',#3813,#3134,#3135);
#2487=AXIS2_PLACEMENT_3D('',#3814,#3136,#3137);
#2488=AXIS2_PLACEMENT_3D('',#3818,#3139,#3140);
#2489=AXIS2_PLACEMENT_3D('',#3820,#3142,#3143);
#2490=AXIS2_PLACEMENT_3D('',#3824,#3145,#3146);
#2491=AXIS2_PLACEMENT_3D('',#3826,#3148,#3149);
#2492=AXIS2_PLACEMENT_3D('',#3830,#3151,#3152);
#2493=AXIS2_PLACEMENT_3D('',#3832,#3154,#3155);
#2494=AXIS2_PLACEMENT_3D('',#3836,#3157,#3158);
#2495=AXIS2_PLACEMENT_3D('',#3838,#3160,#3161);
#2496=AXIS2_PLACEMENT_3D('',#3842,#3163,#3164);
#2497=AXIS2_PLACEMENT_3D('',#3844,#3166,#3167);
#2498=AXIS2_PLACEMENT_3D('',#3848,#3169,#3170);
#2499=AXIS2_PLACEMENT_3D('',#3850,#3172,#3173);
#2500=AXIS2_PLACEMENT_3D('',#3854,#3175,#3176);
#2501=AXIS2_PLACEMENT_3D('',#3856,#3178,#3179);
#2502=AXIS2_PLACEMENT_3D('',#3860,#3181,#3182);
#2503=AXIS2_PLACEMENT_3D('',#3862,#3184,#3185);
#2504=AXIS2_PLACEMENT_3D('',#3866,#3187,#3188);
#2505=AXIS2_PLACEMENT_3D('',#3868,#3190,#3191);
#2506=AXIS2_PLACEMENT_3D('',#3872,#3193,#3194);
#2507=AXIS2_PLACEMENT_3D('',#3874,#3196,#3197);
#2508=AXIS2_PLACEMENT_3D('',#3878,#3199,#3200);
#2509=AXIS2_PLACEMENT_3D('',#3880,#3202,#3203);
#2510=AXIS2_PLACEMENT_3D('',#3884,#3205,#3206);
#2511=AXIS2_PLACEMENT_3D('',#3886,#3208,#3209);
#2512=AXIS2_PLACEMENT_3D('',#3890,#3211,#3212);
#2513=AXIS2_PLACEMENT_3D('',#3892,#3214,#3215);
#2514=AXIS2_PLACEMENT_3D('',#3896,#3217,#3218);
#2515=AXIS2_PLACEMENT_3D('',#3898,#3220,#3221);
#2516=AXIS2_PLACEMENT_3D('',#3902,#3223,#3224);
#2517=AXIS2_PLACEMENT_3D('',#3904,#3226,#3227);
#2518=AXIS2_PLACEMENT_3D('',#3907,#3230,#3231);
#2519=AXIS2_PLACEMENT_3D('',#3910,#3234,#3235);
#2520=AXIS2_PLACEMENT_3D('',#3913,#3238,#3239);
#2521=AXIS2_PLACEMENT_3D('',#3916,#3242,#3243);
#2522=AXIS2_PLACEMENT_3D('',#3919,#3246,#3247);
#2523=AXIS2_PLACEMENT_3D('',#3922,#3248,#3249);
#2524=AXIS2_PLACEMENT_3D('',#3925,#3252,#3253);
#2525=AXIS2_PLACEMENT_3D('',#3928,#3254,#3255);
#2526=AXIS2_PLACEMENT_3D('',#3931,#3258,#3259);
#2527=AXIS2_PLACEMENT_3D('',#3934,#3260,#3261);
#2528=AXIS2_PLACEMENT_3D('',#3937,#3264,#3265);
#2529=AXIS2_PLACEMENT_3D('',#3940,#3268,#3269);
#2530=AXIS2_PLACEMENT_3D('',#3941,#3270,#3271);
#2531=AXIS2_PLACEMENT_3D('',#3942,#3272,#3273);
#2532=AXIS2_PLACEMENT_3D('',#3943,#3274,#3275);
#2533=AXIS2_PLACEMENT_3D('',#3944,#3276,#3277);
#2534=AXIS2_PLACEMENT_3D('',#3945,#3278,#3279);
#2535=AXIS2_PLACEMENT_3D('',#3948,#3282,#3283);
#2536=AXIS2_PLACEMENT_3D('',#3949,#3284,#3285);
#2537=AXIS2_PLACEMENT_3D('',#3950,#3286,#3287);
#2538=AXIS2_PLACEMENT_3D('',#3953,#3290,#3291);
#2539=AXIS2_PLACEMENT_3D('',#3954,#3292,#3293);
#2540=AXIS2_PLACEMENT_3D('',#3955,#3294,#3295);
#2541=AXIS2_PLACEMENT_3D('',#3958,#3298,#3299);
#2542=AXIS2_PLACEMENT_3D('',#3959,#3300,#3301);
#2543=AXIS2_PLACEMENT_3D('',#3960,#3302,#3303);
#2544=AXIS2_PLACEMENT_3D('',#3961,#3304,#3305);
#2545=AXIS2_PLACEMENT_3D('',#3962,#3306,#3307);
#2546=AXIS2_PLACEMENT_3D('',#3965,#3310,#3311);
#2547=AXIS2_PLACEMENT_3D('',#3966,#3312,#3313);
#2548=AXIS2_PLACEMENT_3D('',#3967,#3314,#3315);
#2549=AXIS2_PLACEMENT_3D('',#3970,#3318,#3319);
#2550=AXIS2_PLACEMENT_3D('',#3971,#3320,#3321);
#2551=AXIS2_PLACEMENT_3D('',#3972,#3322,#3323);
#2552=DIRECTION('axis',(0.,0.,1.));
#2553=DIRECTION('refdir',(1.,0.,0.));
#2554=DIRECTION('axis',(0.,0.,1.));
#2555=DIRECTION('refdir',(1.,0.,0.));
#2556=DIRECTION('center_axis',(0.,-1.22464679914735E-16,1.));
#2557=DIRECTION('ref_axis',(0.,-1.,-1.21115239050017E-16));
#2558=DIRECTION('center_axis',(0.,-1.22464679914735E-16,1.));
#2559=DIRECTION('ref_axis',(0.,-1.,-1.22464679914735E-16));
#2560=DIRECTION('center_axis',(-1.,-1.22464679914735E-16,-1.49975978266186E-32));
#2561=DIRECTION('ref_axis',(-1.22464679914735E-16,1.,1.00929365875014E-16));
#2562=DIRECTION('center_axis',(0.,-1.22464679914735E-16,1.));
#2563=DIRECTION('ref_axis',(0.,-1.,-1.22464679914735E-16));
#2564=DIRECTION('center_axis',(0.,-1.22464679914735E-16,1.));
#2565=DIRECTION('ref_axis',(0.,-1.,-1.22464679914735E-16));
#2566=DIRECTION('center_axis',(0.,-1.22464679914735E-16,1.));
#2567=DIRECTION('ref_axis',(0.,-1.,-1.22464679914735E-16));
#2568=DIRECTION('',(0.,1.22464679914735E-16,-1.));
#2569=DIRECTION('center_axis',(0.,-1.22464679914735E-16,1.));
#2570=DIRECTION('ref_axis',(0.,-1.,-1.21115239050017E-16));
#2571=DIRECTION('center_axis',(0.,-1.22464679914735E-16,1.));
#2572=DIRECTION('ref_axis',(0.,-1.,-1.22464679914735E-16));
#2573=DIRECTION('center_axis',(-1.,-1.22464679914735E-16,-1.49975978266186E-32));
#2574=DIRECTION('ref_axis',(-1.22464679914735E-16,1.,1.00929365875014E-16));
#2575=DIRECTION('center_axis',(0.,-1.22464679914735E-16,1.));
#2576=DIRECTION('ref_axis',(0.,-1.,-1.22464679914735E-16));
#2577=DIRECTION('center_axis',(0.,-1.22464679914735E-16,1.));
#2578=DIRECTION('ref_axis',(0.,-1.,-1.22464679914735E-16));
#2579=DIRECTION('',(0.,-1.22464679914735E-16,1.));
#2580=DIRECTION('center_axis',(0.,-1.22464679914735E-16,1.));
#2581=DIRECTION('ref_axis',(0.,-1.,-1.22464679914735E-16));
#2582=DIRECTION('center_axis',(0.,-1.22464679914735E-16,1.));
#2583=DIRECTION('ref_axis',(0.,-1.,-1.35945676484713E-16));
#2584=DIRECTION('center_axis',(0.,-1.22464679914735E-16,1.));
#2585=DIRECTION('ref_axis',(0.,-1.,-1.22464679914735E-16));
#2586=DIRECTION('center_axis',(1.,1.22464679914735E-16,1.49975978266186E-32));
#2587=DIRECTION('ref_axis',(-1.22464679914735E-16,1.,1.13288063737261E-16));
#2588=DIRECTION('center_axis',(0.,-1.22464679914735E-16,1.));
#2589=DIRECTION('ref_axis',(0.,-1.,-1.22464679914735E-16));
#2590=DIRECTION('center_axis',(0.,-1.22464679914735E-16,1.));
#2591=DIRECTION('ref_axis',(0.,-1.,-1.22464679914735E-16));
#2592=DIRECTION('',(-1.2060416625019E-16,0.984807753012211,0.173648177666916));
#2593=DIRECTION('center_axis',(0.,-1.22464679914735E-16,1.));
#2594=DIRECTION('ref_axis',(0.,-1.,-1.22464679914735E-16));
#2595=DIRECTION('center_axis',(0.,-1.22464679914735E-16,1.));
#2596=DIRECTION('ref_axis',(0.,-1.,-1.22464679914735E-16));
#2597=DIRECTION('',(0.,-1.22464679914735E-16,1.));
#2598=DIRECTION('center_axis',(0.,-1.22464679914735E-16,1.));
#2599=DIRECTION('ref_axis',(0.,-1.,-1.22464679914735E-16));
#2600=DIRECTION('center_axis',(0.,-1.22464679914735E-16,1.));
#2601=DIRECTION('ref_axis',(0.,-1.,-1.22464679914735E-16));
#2602=DIRECTION('center_axis',(1.,1.22464679914735E-16,1.49975978266186E-32));
#2603=DIRECTION('ref_axis',(-1.22464679914735E-16,1.,1.22464679914735E-16));
#2604=DIRECTION('center_axis',(0.,-1.22464679914735E-16,1.));
#2605=DIRECTION('ref_axis',(0.,-1.,-1.22464679914735E-16));
#2606=DIRECTION('center_axis',(0.,-1.22464679914735E-16,1.));
#2607=DIRECTION('ref_axis',(0.,-1.,-1.22464679914735E-16));
#2608=DIRECTION('center_axis',(0.,-1.22464679914735E-16,1.));
#2609=DIRECTION('ref_axis',(0.,-1.,-1.22464679914735E-16));
#2610=DIRECTION('',(0.,-1.22464679914735E-16,1.));
#2611=DIRECTION('center_axis',(0.,1.22464679914735E-16,-1.));
#2612=DIRECTION('ref_axis',(0.,1.,1.22464679914735E-16));
#2613=DIRECTION('',(-1.2060416625019E-16,-0.98480775301221,-0.173648177666919));
#2614=DIRECTION('center_axis',(0.,-1.22464679914735E-16,1.));
#2615=DIRECTION('ref_axis',(0.,-1.,-1.22464679914735E-16));
#2616=DIRECTION('center_axis',(0.,-1.22464679914735E-16,1.));
#2617=DIRECTION('ref_axis',(0.,-1.,-1.22464679914735E-16));
#2618=DIRECTION('center_axis',(0.,-1.22464679914735E-16,1.));
#2619=DIRECTION('ref_axis',(0.,-1.,-1.35945676484713E-16));
#2620=DIRECTION('center_axis',(0.,-1.22464679914735E-16,1.));
#2621=DIRECTION('ref_axis',(0.,-1.,-1.22464679914735E-16));
#2622=DIRECTION('center_axis',(1.,1.22464679914735E-16,1.49975978266186E-32));
#2623=DIRECTION('ref_axis',(-1.22464679914735E-16,1.,1.13288063737261E-16));
#2624=DIRECTION('center_axis',(0.,-1.22464679914735E-16,1.));
#2625=DIRECTION('ref_axis',(0.,-1.,-1.22464679914735E-16));
#2626=DIRECTION('center_axis',(0.,-1.22464679914735E-16,1.));
#2627=DIRECTION('ref_axis',(0.,-1.,-1.22464679914735E-16));
#2628=DIRECTION('',(0.,-1.22464679914735E-16,1.));
#2629=DIRECTION('center_axis',(0.,-1.22464679914735E-16,1.));
#2630=DIRECTION('ref_axis',(0.,-1.,-1.22464679914735E-16));
#2631=DIRECTION('center_axis',(0.,1.22464679914735E-16,-1.));
#2632=DIRECTION('ref_axis',(0.,1.,1.22464679914735E-16));
#2633=DIRECTION('center_axis',(0.,-1.22464679914735E-16,1.));
#2634=DIRECTION('ref_axis',(0.,-1.,-1.22464679914735E-16));
#2635=DIRECTION('center_axis',(0.,-1.22464679914735E-16,1.));
#2636=DIRECTION('ref_axis',(0.,-1.,-1.22464679914735E-16));
#2637=DIRECTION('center_axis',(1.,1.22464679914735E-16,1.49975978266186E-32));
#2638=DIRECTION('ref_axis',(-1.22464679914735E-16,1.,1.22464679914735E-16));
#2639=DIRECTION('center_axis',(0.,-1.22464679914735E-16,1.));
#2640=DIRECTION('ref_axis',(0.,-1.,-1.22464679914735E-16));
#2641=DIRECTION('center_axis',(0.,1.22464679914735E-16,-1.));
#2642=DIRECTION('ref_axis',(0.,1.,1.22464679914735E-16));
#2643=DIRECTION('center_axis',(0.,1.22464679914735E-16,-1.));
#2644=DIRECTION('ref_axis',(0.,1.,1.22464679914735E-16));
#2645=DIRECTION('center_axis',(0.,1.22464679914735E-16,-1.));
#2646=DIRECTION('ref_axis',(0.,1.,1.22464679914735E-16));
#2647=DIRECTION('',(8.65956056235493E-17,0.707106781186547,0.707106781186548));
#2648=DIRECTION('center_axis',(0.,-1.22464679914735E-16,1.));
#2649=DIRECTION('ref_axis',(0.,1.,1.22464679914735E-16));
#2650=DIRECTION('center_axis',(0.,-1.22464679914735E-16,1.));
#2651=DIRECTION('ref_axis',(0.,-1.,-1.22464679914735E-16));
#2652=DIRECTION('center_axis',(0.,-1.22464679914735E-16,1.));
#2653=DIRECTION('ref_axis',(0.,1.,1.22464679914735E-16));
#2654=DIRECTION('',(-8.6595605623549E-17,0.707106781186545,0.70710678118655));
#2655=DIRECTION('center_axis',(0.,1.22464679914735E-16,-1.));
#2656=DIRECTION('ref_axis',(0.,1.,1.22464679914735E-16));
#2657=DIRECTION('center_axis',(0.,-1.22464679914735E-16,1.));
#2658=DIRECTION('ref_axis',(0.,-1.,-1.22464679914735E-16));
#2659=DIRECTION('center_axis',(0.,-1.22464679914735E-16,1.));
#2660=DIRECTION('ref_axis',(0.,-1.,-1.22464679914735E-16));
#2661=DIRECTION('',(8.65956056235492E-17,-0.707106781186546,-0.707106781186549));
#2662=DIRECTION('center_axis',(0.,1.22464679914735E-16,-1.));
#2663=DIRECTION('ref_axis',(0.,-1.,-1.22464679914735E-16));
#2664=DIRECTION('center_axis',(0.,1.22464679914735E-16,-1.));
#2665=DIRECTION('ref_axis',(0.,1.,1.22464679914735E-16));
#2666=DIRECTION('center_axis',(0.,1.22464679914735E-16,-1.));
#2667=DIRECTION('ref_axis',(0.,-1.,-1.22464679914735E-16));
#2668=DIRECTION('center_axis',(0.,1.22464679914735E-16,-1.));
#2669=DIRECTION('ref_axis',(0.,-1.,-1.22464679914735E-16));
#2670=DIRECTION('',(-8.65956056235489E-17,-0.707106781186544,-0.707106781186551));
#2671=DIRECTION('center_axis',(0.,-1.22464679914735E-16,1.));
#2672=DIRECTION('ref_axis',(0.,-1.,-1.22464679914735E-16));
#2673=DIRECTION('center_axis',(0.,-1.22464679914735E-16,1.));
#2674=DIRECTION('ref_axis',(0.,-1.,-1.22464679914735E-16));
#2675=DIRECTION('',(0.,1.22464679914735E-16,-1.));
#2676=DIRECTION('center_axis',(0.,-1.22464679914735E-16,1.));
#2677=DIRECTION('ref_axis',(0.,-1.,-1.22464679914735E-16));
#2678=DIRECTION('',(0.,1.22464679914735E-16,-1.));
#2679=DIRECTION('center_axis',(0.,-1.22464679914735E-16,1.));
#2680=DIRECTION('ref_axis',(0.,-1.,-1.22464679914735E-16));
#2681=DIRECTION('',(0.,-1.22464679914735E-16,1.));
#2682=DIRECTION('center_axis',(0.,1.22464679914735E-16,-1.));
#2683=DIRECTION('ref_axis',(0.,1.,1.22464679914735E-16));
#2684=DIRECTION('center_axis',(0.,-1.22464679914735E-16,1.));
#2685=DIRECTION('ref_axis',(0.,-1.,-1.22464679914735E-16));
#2686=DIRECTION('center_axis',(-1.,0.,-6.12323399573677E-17));
#2687=DIRECTION('ref_axis',(0.,2.43614652260605E-15,-1.));
#2688=DIRECTION('center_axis',(0.,1.,2.03012210217171E-15));
#2689=DIRECTION('ref_axis',(0.,-2.03012210217171E-15,1.));
#2690=DIRECTION('center_axis',(-0.499999999999998,-0.86602540378444,-1.00120364247535E-16));
#2691=DIRECTION('ref_axis',(-2.03012210217171E-15,1.21807326130303E-15,
-1.));
#2692=DIRECTION('center_axis',(-0.86602540378444,0.499999999999998,2.2656678388079E-15));
#2693=DIRECTION('ref_axis',(2.03012210217171E-15,-1.01506105108585E-15,
1.));
#2694=DIRECTION('center_axis',(0.500000000000004,-0.866025403784436,-1.94037412665748E-16));
#2695=DIRECTION('ref_axis',(-2.03012210217171E-15,-1.01506105108585E-15,
-1.));
#2696=DIRECTION('center_axis',(-0.866025403784436,-0.500000000000004,2.26566783880789E-15));
#2697=DIRECTION('ref_axis',(2.03012210217171E-15,1.01506105108585E-15,1.));
#2698=DIRECTION('center_axis',(1.,0.,-6.12323399573676E-17));
#2699=DIRECTION('ref_axis',(0.,-2.03012210217171E-15,-1.));
#2700=DIRECTION('center_axis',(0.,-1.,2.03012210217171E-15));
#2701=DIRECTION('ref_axis',(0.,2.03012210217171E-15,1.));
#2702=DIRECTION('center_axis',(0.499999999999992,0.866025403784443,7.15727327509817E-17));
#2703=DIRECTION('ref_axis',(2.03012210217171E-15,-1.01506105108585E-15,
-1.));
#2704=DIRECTION('center_axis',(0.866025403784443,-0.499999999999992,2.2656678388079E-15));
#2705=DIRECTION('ref_axis',(-2.03012210217171E-15,1.01506105108585E-15,
1.));
#2706=DIRECTION('center_axis',(-0.50000000000001,0.866025403784433,-2.23443156672322E-17));
#2707=DIRECTION('ref_axis',(2.03012210217171E-15,1.21807326130303E-15,-1.));
#2708=DIRECTION('center_axis',(0.866025403784433,0.50000000000001,2.26566783880789E-15));
#2709=DIRECTION('ref_axis',(-2.03012210217171E-15,-1.01506105108585E-15,
1.));
#2710=DIRECTION('center_axis',(0.,-2.44929359829471E-16,-1.));
#2711=DIRECTION('ref_axis',(0.,-1.,2.44929359829471E-16));
#2712=DIRECTION('center_axis',(0.,-1.22464679914735E-16,-1.));
#2713=DIRECTION('ref_axis',(0.,-1.,1.22464679914735E-16));
#2714=DIRECTION('',(0.,-2.44929359829471E-16,-1.));
#2715=DIRECTION('center_axis',(0.,-1.22464679914735E-16,-1.));
#2716=DIRECTION('ref_axis',(0.,1.,-1.22464679914735E-16));
#2717=DIRECTION('',(0.,-2.44929359829471E-16,-1.));
#2718=DIRECTION('center_axis',(0.,1.22464679914735E-16,1.));
#2719=DIRECTION('ref_axis',(0.,1.,-7.53258041305986E-17));
#2720=DIRECTION('center_axis',(0.,-1.22464679914735E-16,-1.));
#2721=DIRECTION('ref_axis',(0.,1.,-1.22464679914735E-16));
#2722=DIRECTION('center_axis',(-1.,-1.22464679914735E-16,1.49975978266186E-32));
#2723=DIRECTION('ref_axis',(1.22464679914735E-16,-1.,9.41572551632482E-17));
#2724=DIRECTION('center_axis',(0.,1.22464679914735E-16,1.));
#2725=DIRECTION('ref_axis',(0.,1.,-1.22464679914735E-16));
#2726=DIRECTION('center_axis',(0.,1.22464679914735E-16,1.));
#2727=DIRECTION('ref_axis',(0.,1.,-1.2641498613469E-16));
#2728=DIRECTION('center_axis',(0.,-1.22464679914735E-16,-1.));
#2729=DIRECTION('ref_axis',(0.,-1.,1.22464679914735E-16));
#2730=DIRECTION('center_axis',(1.,1.22464679914735E-16,-1.49975978266186E-32));
#2731=DIRECTION('ref_axis',(1.22464679914735E-16,-1.,1.18514049501272E-16));
#2732=DIRECTION('center_axis',(0.,1.22464679914735E-16,1.));
#2733=DIRECTION('ref_axis',(0.,1.,-1.22464679914735E-16));
#2734=DIRECTION('center_axis',(0.,1.22464679914735E-16,1.));
#2735=DIRECTION('ref_axis',(0.,1.,-1.22464679914735E-16));
#2736=DIRECTION('center_axis',(0.,1.22464679914735E-16,1.));
#2737=DIRECTION('ref_axis',(0.,-1.,1.22464679914735E-16));
#2738=DIRECTION('',(1.2072344231995E-16,-0.985781716034393,0.168030974324041));
#2739=DIRECTION('center_axis',(0.,1.22464679914735E-16,1.));
#2740=DIRECTION('ref_axis',(0.,-1.,1.22464679914735E-16));
#2741=DIRECTION('center_axis',(0.,-1.22464679914735E-16,-1.));
#2742=DIRECTION('ref_axis',(0.,-1.,1.43543987022242E-16));
#2743=DIRECTION('center_axis',(0.,1.22464679914735E-16,1.));
#2744=DIRECTION('ref_axis',(0.,-1.,1.22464679914735E-16));
#2745=DIRECTION('center_axis',(-1.,1.22464679914735E-16,-1.49975978266186E-32));
#2746=DIRECTION('ref_axis',(1.22464679914735E-16,1.,-8.97149918889015E-17));
#2747=DIRECTION('center_axis',(0.,1.22464679914735E-16,1.));
#2748=DIRECTION('ref_axis',(0.,-1.,1.22464679914735E-16));
#2749=DIRECTION('center_axis',(0.,-1.22464679914735E-16,-1.));
#2750=DIRECTION('ref_axis',(0.,-1.,1.22464679914735E-16));
#2751=DIRECTION('',(0.,1.22464679914735E-16,1.));
#2752=DIRECTION('center_axis',(0.,1.22464679914735E-16,1.));
#2753=DIRECTION('ref_axis',(0.,-1.,1.22464679914735E-16));
#2754=DIRECTION('center_axis',(0.,-1.22464679914735E-16,-1.));
#2755=DIRECTION('ref_axis',(0.,-1.,1.22464679914735E-16));
#2756=DIRECTION('center_axis',(0.,1.22464679914735E-16,1.));
#2757=DIRECTION('ref_axis',(0.,-1.,1.22464679914735E-16));
#2758=DIRECTION('',(0.,-1.22464679914735E-16,-1.));
#2759=DIRECTION('center_axis',(0.,1.22464679914735E-16,1.));
#2760=DIRECTION('ref_axis',(0.,-1.,1.22464679914735E-16));
#2761=DIRECTION('center_axis',(0.,-1.22464679914735E-16,-1.));
#2762=DIRECTION('ref_axis',(0.,-1.,1.41260981264433E-16));
#2763=DIRECTION('center_axis',(1.,-1.22464679914735E-16,1.49975978266186E-32));
#2764=DIRECTION('ref_axis',(1.22464679914735E-16,1.,-8.82881132902709E-17));
#2765=DIRECTION('center_axis',(0.,1.22464679914735E-16,1.));
#2766=DIRECTION('ref_axis',(0.,-1.,1.22464679914735E-16));
#2767=DIRECTION('center_axis',(0.,1.22464679914735E-16,1.));
#2768=DIRECTION('ref_axis',(0.,1.,-1.22464679914735E-16));
#2769=DIRECTION('',(-1.20723442319951E-16,0.985781716034394,-0.168030974324037));
#2770=DIRECTION('center_axis',(0.,-1.22464679914735E-16,-1.));
#2771=DIRECTION('ref_axis',(0.,-1.,1.37347178304143E-16));
#2772=DIRECTION('center_axis',(0.,1.22464679914735E-16,1.));
#2773=DIRECTION('ref_axis',(0.,-1.,1.22464679914735E-16));
#2774=DIRECTION('center_axis',(-1.,1.22464679914735E-16,-1.49975978266186E-32));
#2775=DIRECTION('ref_axis',(1.22464679914735E-16,1.,-1.14455981920119E-16));
#2776=DIRECTION('center_axis',(0.,1.22464679914735E-16,1.));
#2777=DIRECTION('ref_axis',(0.,-1.,1.22464679914735E-16));
#2778=DIRECTION('center_axis',(0.,1.22464679914735E-16,1.));
#2779=DIRECTION('ref_axis',(0.,-1.,1.22464679914735E-16));
#2780=DIRECTION('center_axis',(0.,-1.22464679914735E-16,-1.));
#2781=DIRECTION('ref_axis',(1.03028696685215E-13,-1.,1.22464679914735E-16));
#2782=DIRECTION('center_axis',(0.,1.22464679914735E-16,1.));
#2783=DIRECTION('ref_axis',(0.,-1.,1.22464679914735E-16));
#2784=DIRECTION('center_axis',(0.,-1.22464679914735E-16,-1.));
#2785=DIRECTION('ref_axis',(9.50350909079134E-14,-1.,1.22464679914735E-16));
#2786=DIRECTION('center_axis',(0.,1.22464679914735E-16,1.));
#2787=DIRECTION('ref_axis',(0.,-1.,1.22464679914735E-16));
#2788=DIRECTION('center_axis',(0.,1.22464679914735E-16,1.));
#2789=DIRECTION('ref_axis',(0.,-1.,1.22464679914735E-16));
#2790=DIRECTION('center_axis',(0.,-1.22464679914735E-16,-1.));
#2791=DIRECTION('ref_axis',(0.,-1.,1.22464679914735E-16));
#2792=DIRECTION('center_axis',(0.,1.22464679914735E-16,1.));
#2793=DIRECTION('ref_axis',(0.,-1.,1.22464679914735E-16));
#2794=DIRECTION('center_axis',(0.,-1.22464679914735E-16,-1.));
#2795=DIRECTION('ref_axis',(-2.48689957516035E-14,-1.,1.22464679914735E-16));
#2796=DIRECTION('center_axis',(0.,1.22464679914735E-16,1.));
#2797=DIRECTION('ref_axis',(0.,-1.,1.22464679914735E-16));
#2798=DIRECTION('center_axis',(0.,1.22464679914735E-16,1.));
#2799=DIRECTION('ref_axis',(0.,-1.,1.22464679914735E-16));
#2800=DIRECTION('center_axis',(0.,-1.22464679914735E-16,-1.));
#2801=DIRECTION('ref_axis',(0.,-1.,1.35945676484713E-16));
#2802=DIRECTION('center_axis',(0.,1.22464679914735E-16,1.));
#2803=DIRECTION('ref_axis',(0.,-1.,1.22464679914735E-16));
#2804=DIRECTION('center_axis',(0.,-1.22464679914735E-16,-1.));
#2805=DIRECTION('ref_axis',(0.,1.,-1.22464679914735E-16));
#2806=DIRECTION('center_axis',(0.,1.22464679914735E-16,1.));
#2807=DIRECTION('ref_axis',(0.,-1.,1.22464679914735E-16));
#2808=DIRECTION('center_axis',(0.,-1.22464679914735E-16,-1.));
#2809=DIRECTION('ref_axis',(0.,1.,-1.22464679914735E-16));
#2810=DIRECTION('center_axis',(0.,1.22464679914735E-16,1.));
#2811=DIRECTION('ref_axis',(0.,-1.,1.22464679914735E-16));
#2812=DIRECTION('center_axis',(0.,1.22464679914735E-16,1.));
#2813=DIRECTION('ref_axis',(0.,-1.,1.22464679914735E-16));
#2814=DIRECTION('center_axis',(1.,-1.22464679914735E-16,1.49975978266186E-32));
#2815=DIRECTION('ref_axis',(1.22464679914735E-16,1.,-1.13288063737261E-16));
#2816=DIRECTION('center_axis',(0.,1.22464679914735E-16,1.));
#2817=DIRECTION('ref_axis',(0.,-1.,1.22464679914735E-16));
#2818=DIRECTION('center_axis',(0.,1.22464679914735E-16,1.));
#2819=DIRECTION('ref_axis',(0.,-1.,1.22464679914735E-16));
#2820=DIRECTION('center_axis',(0.,1.22464679914735E-16,1.));
#2821=DIRECTION('ref_axis',(0.,-1.,1.22464679914735E-16));
#2822=DIRECTION('center_axis',(0.,-1.22464679914735E-16,-1.));
#2823=DIRECTION('ref_axis',(0.,1.,-1.22464679914735E-16));
#2824=DIRECTION('center_axis',(0.,1.22464679914735E-16,1.));
#2825=DIRECTION('ref_axis',(0.,-1.,1.22464679914735E-16));
#2826=DIRECTION('center_axis',(0.,-1.22464679914735E-16,-1.));
#2827=DIRECTION('ref_axis',(0.,1.,-1.22464679914735E-16));
#2828=DIRECTION('center_axis',(0.,1.22464679914735E-16,1.));
#2829=DIRECTION('ref_axis',(0.,-1.,1.22464679914735E-16));
#2830=DIRECTION('center_axis',(0.,-1.22464679914735E-16,-1.));
#2831=DIRECTION('ref_axis',(0.,-1.,1.22464679914735E-16));
#2832=DIRECTION('',(1.06057523872491E-16,-1.83697019872102E-16,-1.));
#2833=DIRECTION('center_axis',(0.,1.22464679914735E-16,1.));
#2834=DIRECTION('ref_axis',(0.,-1.,1.22464679914735E-16));
#2835=DIRECTION('',(1.0605752387249E-16,-6.12323399573665E-17,-1.));
#2836=DIRECTION('center_axis',(0.,-1.22464679914735E-16,-1.));
#2837=DIRECTION('ref_axis',(0.,-1.,1.22464679914735E-16));
#2838=DIRECTION('',(0.,-2.44929359829471E-16,-1.));
#2839=DIRECTION('center_axis',(0.,1.22464679914735E-16,1.));
#2840=DIRECTION('ref_axis',(0.,-1.,1.22464679914735E-16));
#2841=DIRECTION('',(1.06057523872491E-16,-1.83697019872102E-16,-1.));
#2842=DIRECTION('center_axis',(0.,-1.22464679914735E-16,-1.));
#2843=DIRECTION('ref_axis',(0.,-1.,1.22464679914735E-16));
#2844=DIRECTION('',(-1.0605752387249E-16,-1.83697019872104E-16,-1.));
#2845=DIRECTION('center_axis',(0.,1.22464679914735E-16,1.));
#2846=DIRECTION('ref_axis',(0.,-1.,1.22464679914735E-16));
#2847=DIRECTION('',(0.,-2.44929359829471E-16,-1.));
#2848=DIRECTION('center_axis',(0.,-1.22464679914735E-16,-1.));
#2849=DIRECTION('ref_axis',(0.,-1.,1.22464679914735E-16));
#2850=DIRECTION('',(-1.06057523872491E-16,-6.12323399573679E-17,-1.));
#2851=DIRECTION('center_axis',(0.,1.22464679914735E-16,1.));
#2852=DIRECTION('ref_axis',(0.,-1.,1.22464679914735E-16));
#2853=DIRECTION('',(-1.0605752387249E-16,-1.83697019872104E-16,-1.));
#2854=DIRECTION('center_axis',(0.,-1.22464679914735E-16,-1.));
#2855=DIRECTION('ref_axis',(0.,-1.,1.22464679914735E-16));
#2856=DIRECTION('',(0.,0.,-1.));
#2857=DIRECTION('center_axis',(0.,1.22464679914735E-16,1.));
#2858=DIRECTION('ref_axis',(0.,-1.,1.22464679914735E-16));
#2859=DIRECTION('',(-1.06057523872491E-16,-6.12323399573679E-17,-1.));
#2860=DIRECTION('center_axis',(0.,1.22464679914735E-16,1.));
#2861=DIRECTION('ref_axis',(0.,1.,-1.22464679914735E-16));
#2862=DIRECTION('',(-0.866025403784443,0.499999999999992,-1.83697019872102E-16));
#2863=DIRECTION('center_axis',(0.,1.22464679914735E-16,1.));
#2864=DIRECTION('ref_axis',(0.,-1.,1.22464679914735E-16));
#2865=DIRECTION('',(0.866025403784433,0.50000000000001,6.12323399573664E-17));
#2866=DIRECTION('center_axis',(0.,1.22464679914735E-16,1.));
#2867=DIRECTION('ref_axis',(0.,1.,-1.22464679914735E-16));
#2868=DIRECTION('',(0.,1.,-2.44929359829471E-16));
#2869=DIRECTION('center_axis',(0.,1.22464679914735E-16,1.));
#2870=DIRECTION('ref_axis',(0.,-1.,1.22464679914735E-16));
#2871=DIRECTION('',(0.866025403784443,-0.499999999999992,1.83697019872102E-16));
#2872=DIRECTION('center_axis',(0.,1.22464679914735E-16,1.));
#2873=DIRECTION('ref_axis',(0.,1.,-1.22464679914735E-16));
#2874=DIRECTION('',(0.866025403784436,0.500000000000004,-1.83697019872104E-16));
#2875=DIRECTION('center_axis',(0.,1.22464679914735E-16,1.));
#2876=DIRECTION('ref_axis',(0.,-1.,1.22464679914735E-16));
#2877=DIRECTION('',(0.,-1.,2.44929359829471E-16));
#2878=DIRECTION('center_axis',(0.,1.22464679914735E-16,1.));
#2879=DIRECTION('ref_axis',(0.,1.,-1.22464679914735E-16));
#2880=DIRECTION('',(0.86602540378444,-0.499999999999998,-6.12323399573679E-17));
#2881=DIRECTION('center_axis',(0.,1.22464679914735E-16,1.));
#2882=DIRECTION('ref_axis',(0.,-1.,1.22464679914735E-16));
#2883=DIRECTION('',(-0.866025403784436,-0.500000000000004,1.83697019872104E-16));
#2884=DIRECTION('center_axis',(0.,1.22464679914735E-16,1.));
#2885=DIRECTION('ref_axis',(0.,1.,-1.22464679914735E-16));
#2886=DIRECTION('',(0.,-1.,0.));
#2887=DIRECTION('center_axis',(0.,1.22464679914735E-16,1.));
#2888=DIRECTION('ref_axis',(0.,-1.,1.22464679914735E-16));
#2889=DIRECTION('',(-0.86602540378444,0.499999999999998,6.12323399573679E-17));
#2890=DIRECTION('center_axis',(0.,-1.22464679914735E-16,-1.));
#2891=DIRECTION('ref_axis',(0.,-1.,1.22464679914735E-16));
#2892=DIRECTION('',(1.06057523872491E-16,-1.83697019872102E-16,-1.));
#2893=DIRECTION('center_axis',(0.,1.22464679914735E-16,1.));
#2894=DIRECTION('ref_axis',(0.,-1.,1.22464679914735E-16));
#2895=DIRECTION('',(1.0605752387249E-16,-6.12323399573665E-17,-1.));
#2896=DIRECTION('center_axis',(0.,-1.22464679914735E-16,-1.));
#2897=DIRECTION('ref_axis',(0.,-1.,1.22464679914735E-16));
#2898=DIRECTION('',(0.,-2.44929359829471E-16,-1.));
#2899=DIRECTION('center_axis',(0.,1.22464679914735E-16,1.));
#2900=DIRECTION('ref_axis',(0.,-1.,1.22464679914735E-16));
#2901=DIRECTION('',(1.06057523872491E-16,-1.83697019872102E-16,-1.));
#2902=DIRECTION('center_axis',(0.,-1.22464679914735E-16,-1.));
#2903=DIRECTION('ref_axis',(0.,-1.,1.22464679914735E-16));
#2904=DIRECTION('',(-1.0605752387249E-16,-1.83697019872104E-16,-1.));
#2905=DIRECTION('center_axis',(0.,1.22464679914735E-16,1.));
#2906=DIRECTION('ref_axis',(0.,-1.,1.22464679914735E-16));
#2907=DIRECTION('',(0.,-2.44929359829471E-16,-1.));
#2908=DIRECTION('center_axis',(0.,-1.22464679914735E-16,-1.));
#2909=DIRECTION('ref_axis',(0.,-1.,1.22464679914735E-16));
#2910=DIRECTION('',(-1.06057523872491E-16,-6.12323399573679E-17,-1.));
#2911=DIRECTION('center_axis',(0.,1.22464679914735E-16,1.));
#2912=DIRECTION('ref_axis',(0.,-1.,1.22464679914735E-16));
#2913=DIRECTION('',(-1.0605752387249E-16,-1.83697019872104E-16,-1.));
#2914=DIRECTION('center_axis',(0.,-1.22464679914735E-16,-1.));
#2915=DIRECTION('ref_axis',(0.,-1.,1.22464679914735E-16));
#2916=DIRECTION('',(0.,0.,-1.));
#2917=DIRECTION('center_axis',(0.,1.22464679914735E-16,1.));
#2918=DIRECTION('ref_axis',(0.,-1.,1.22464679914735E-16));
#2919=DIRECTION('',(-1.06057523872491E-16,-6.12323399573679E-17,-1.));
#2920=DIRECTION('center_axis',(0.,-1.22464679914735E-16,-1.));
#2921=DIRECTION('ref_axis',(0.,-1.,1.22464679914735E-16));
#2922=DIRECTION('',(0.866025403784443,-0.499999999999992,6.12323399573667E-17));
#2923=DIRECTION('',(-0.866025403784433,-0.50000000000001,6.12323399573689E-17));
#2924=DIRECTION('center_axis',(0.,-1.22464679914735E-16,-1.));
#2925=DIRECTION('ref_axis',(0.,-1.,1.22464679914735E-16));
#2926=DIRECTION('',(0.,-1.,1.22464679914735E-16));
#2927=DIRECTION('',(-0.866025403784443,0.499999999999992,-6.12323399573667E-17));
#2928=DIRECTION('center_axis',(0.,-1.22464679914735E-16,-1.));
#2929=DIRECTION('ref_axis',(0.,-1.,1.22464679914735E-16));
#2930=DIRECTION('',(-0.866025403784436,-0.500000000000004,6.12323399573682E-17));
#2931=DIRECTION('',(0.,1.,-1.22464679914735E-16));
#2932=DIRECTION('center_axis',(0.,-1.22464679914735E-16,-1.));
#2933=DIRECTION('ref_axis',(0.,-1.,1.22464679914735E-16));
#2934=DIRECTION('',(-0.86602540378444,0.499999999999998,-6.12323399573674E-17));
#2935=DIRECTION('',(0.866025403784436,0.500000000000004,-6.12323399573682E-17));
#2936=DIRECTION('center_axis',(0.,-1.22464679914735E-16,-1.));
#2937=DIRECTION('ref_axis',(0.,-1.,1.22464679914735E-16));
#2938=DIRECTION('',(0.,1.,-1.22464679914735E-16));
#2939=DIRECTION('',(0.86602540378444,-0.499999999999998,6.12323399573674E-17));
#2940=DIRECTION('center_axis',(0.,-1.22464679914735E-16,-1.));
#2941=DIRECTION('ref_axis',(0.,-1.,1.22464679914735E-16));
#2942=DIRECTION('center_axis',(0.,1.22464679914735E-16,1.));
#2943=DIRECTION('ref_axis',(0.,-1.,1.22464679914735E-16));
#2944=DIRECTION('',(0.,0.,-1.));
#2945=DIRECTION('',(1.0605752387249E-16,-6.12323399573665E-17,-1.));
#2946=DIRECTION('center_axis',(0.,1.22464679914735E-16,1.));
#2947=DIRECTION('ref_axis',(0.,1.,-1.22464679914735E-16));
#2948=DIRECTION('center_axis',(0.,1.22464679914735E-16,1.));
#2949=DIRECTION('ref_axis',(0.,-1.,1.22464679914735E-16));
#2950=DIRECTION('',(0.,1.,0.));
#2951=DIRECTION('',(-0.866025403784433,-0.50000000000001,-6.12323399573664E-17));
#2952=DIRECTION('center_axis',(0.,-1.22464679914735E-16,-1.));
#2953=DIRECTION('ref_axis',(0.,-1.,1.22464679914735E-16));
#2954=DIRECTION('center_axis',(0.,1.22464679914735E-16,1.));
#2955=DIRECTION('ref_axis',(0.,-1.,1.22464679914735E-16));
#2956=DIRECTION('',(0.,0.,-1.));
#2957=DIRECTION('',(1.0605752387249E-16,-6.12323399573665E-17,-1.));
#2958=DIRECTION('center_axis',(0.,-1.22464679914735E-16,-1.));
#2959=DIRECTION('ref_axis',(0.,-1.,1.22464679914735E-16));
#2960=DIRECTION('',(0.,-1.,1.22464679914735E-16));
#2961=DIRECTION('',(0.866025403784433,0.50000000000001,-6.12323399573689E-17));
#2962=DIRECTION('center_axis',(0.,1.22464679914735E-16,1.));
#2963=DIRECTION('ref_axis',(0.,1.,-1.22464679914735E-16));
#2964=DIRECTION('center_axis',(0.,1.22464679914735E-16,1.));
#2965=DIRECTION('ref_axis',(0.,1.,-1.22464679914735E-16));
#2966=DIRECTION('center_axis',(0.,-1.22464679914735E-16,-1.));
#2967=DIRECTION('ref_axis',(0.,-1.,1.22464679914735E-16));
#2968=DIRECTION('center_axis',(0.,-1.22464679914735E-16,-1.));
#2969=DIRECTION('ref_axis',(0.,-1.,1.22464679914735E-16));
#2970=DIRECTION('center_axis',(0.,-1.22464679914735E-16,-1.));
#2971=DIRECTION('ref_axis',(0.,-1.,1.22464679914735E-16));
#2972=DIRECTION('center_axis',(0.,0.,-1.));
#2973=DIRECTION('ref_axis',(1.,0.,0.));
#2974=DIRECTION('',(0.,0.,-1.));
#2975=DIRECTION('',(0.,0.,-1.));
#2976=DIRECTION('center_axis',(1.,0.,0.));
#2977=DIRECTION('ref_axis',(0.,0.,1.));
#2978=DIRECTION('center_axis',(-1.,0.,0.));
#2979=DIRECTION('ref_axis',(0.,0.,-1.));
#2980=DIRECTION('center_axis',(-1.06057523872491E-16,-6.12323399573679E-17,
-1.));
#2981=DIRECTION('ref_axis',(1.,-9.76167104171625E-34,-1.06057523872491E-16));
#2982=DIRECTION('',(-1.06057523872491E-16,-6.12323399573679E-17,-1.));
#2983=DIRECTION('',(-1.06057523872491E-16,-6.12323399573679E-17,-1.));
#2984=DIRECTION('center_axis',(0.499999999999998,0.86602540378444,-1.06057523872491E-16));
#2985=DIRECTION('ref_axis',(-0.86602540378444,0.499999999999998,6.16297582203916E-33));
#2986=DIRECTION('center_axis',(-0.499999999999998,-0.86602540378444,1.06057523872491E-16));
#2987=DIRECTION('ref_axis',(0.86602540378444,-0.499999999999998,-6.16297582203916E-33));
#2988=DIRECTION('center_axis',(-1.0605752387249E-16,-1.83697019872104E-16,
-1.));
#2989=DIRECTION('ref_axis',(3.67596372668368E-34,-1.,1.83697019872104E-16));
#2990=DIRECTION('',(-1.0605752387249E-16,-1.83697019872104E-16,-1.));
#2991=DIRECTION('',(-1.0605752387249E-16,-1.83697019872104E-16,-1.));
#2992=DIRECTION('center_axis',(-0.500000000000004,0.866025403784436,-1.0605752387249E-16));
#2993=DIRECTION('ref_axis',(-0.866025403784436,-0.500000000000004,0.));
#2994=DIRECTION('center_axis',(0.500000000000004,-0.866025403784436,1.0605752387249E-16));
#2995=DIRECTION('ref_axis',(0.866025403784436,0.500000000000004,0.));
#2996=DIRECTION('center_axis',(-1.,0.,0.));
#2997=DIRECTION('ref_axis',(0.,0.,-1.));
#2998=DIRECTION('center_axis',(1.,0.,0.));
#2999=DIRECTION('ref_axis',(0.,0.,1.));
#3000=DIRECTION('center_axis',(1.06057523872491E-16,-1.83697019872102E-16,
-1.));
#3001=DIRECTION('ref_axis',(-3.67596372668223E-34,-1.,1.83697019872102E-16));
#3002=DIRECTION('',(1.06057523872491E-16,-1.83697019872102E-16,-1.));
#3003=DIRECTION('',(1.06057523872491E-16,-1.83697019872102E-16,-1.));
#3004=DIRECTION('center_axis',(-0.499999999999992,-0.866025403784443,1.06057523872491E-16));
#3005=DIRECTION('ref_axis',(0.866025403784443,-0.499999999999992,0.));
#3006=DIRECTION('center_axis',(0.499999999999992,0.866025403784443,-1.06057523872491E-16));
#3007=DIRECTION('ref_axis',(-0.866025403784443,0.499999999999992,0.));
#3008=DIRECTION('center_axis',(1.0605752387249E-16,-6.12323399573665E-17,
-1.));
#3009=DIRECTION('ref_axis',(1.,9.76167104171549E-34,1.0605752387249E-16));
#3010=DIRECTION('',(1.0605752387249E-16,-6.12323399573665E-17,-1.));
#3011=DIRECTION('',(1.0605752387249E-16,-6.12323399573665E-17,-1.));
#3012=DIRECTION('center_axis',(0.50000000000001,-0.866025403784433,1.0605752387249E-16));
#3013=DIRECTION('ref_axis',(0.866025403784433,0.50000000000001,0.));
#3014=DIRECTION('center_axis',(-0.50000000000001,0.866025403784433,-1.0605752387249E-16));
#3015=DIRECTION('ref_axis',(-0.866025403784433,-0.50000000000001,0.));
#3016=DIRECTION('center_axis',(0.,-2.44929359829471E-16,1.));
#3017=DIRECTION('ref_axis',(0.,-1.,-2.44929359829471E-16));
#3018=DIRECTION('center_axis',(0.,1.22464679914735E-16,-1.));
#3019=DIRECTION('ref_axis',(1.03916875104915E-13,-1.,-1.22464679914735E-16));
#3020=DIRECTION('',(0.,-2.44929359829471E-16,1.));
#3021=DIRECTION('center_axis',(0.,1.22464679914735E-16,-1.));
#3022=DIRECTION('ref_axis',(0.,1.,1.22464679914735E-16));
#3023=DIRECTION('',(0.,-2.44929359829471E-16,1.));
#3024=DIRECTION('center_axis',(0.,1.22464679914735E-16,-1.));
#3025=DIRECTION('ref_axis',(0.,1.,7.53258041305986E-17));
#3026=DIRECTION('center_axis',(0.,1.22464679914735E-16,-1.));
#3027=DIRECTION('ref_axis',(0.,1.,1.22464679914735E-16));
#3028=DIRECTION('center_axis',(1.,-1.22464679914735E-16,-1.49975978266186E-32));
#3029=DIRECTION('ref_axis',(-1.22464679914735E-16,-1.,-9.41572551632482E-17));
#3030=DIRECTION('center_axis',(0.,-1.22464679914735E-16,1.));
#3031=DIRECTION('ref_axis',(0.,1.,1.22464679914735E-16));
#3032=DIRECTION('center_axis',(0.,1.22464679914735E-16,-1.));
#3033=DIRECTION('ref_axis',(0.,1.,1.2641498613469E-16));
#3034=DIRECTION('center_axis',(0.,1.22464679914735E-16,-1.));
#3035=DIRECTION('ref_axis',(0.,-1.,-1.22464679914735E-16));
#3036=DIRECTION('center_axis',(-1.,1.22464679914735E-16,1.49975978266186E-32));
#3037=DIRECTION('ref_axis',(-1.22464679914735E-16,-1.,-1.18514049501272E-16));
#3038=DIRECTION('center_axis',(0.,-1.22464679914735E-16,1.));
#3039=DIRECTION('ref_axis',(0.,1.,1.22464679914735E-16));
#3040=DIRECTION('center_axis',(0.,1.22464679914735E-16,-1.));
#3041=DIRECTION('ref_axis',(0.,1.,1.22464679914735E-16));
#3042=DIRECTION('center_axis',(0.,-1.22464679914735E-16,1.));
#3043=DIRECTION('ref_axis',(0.,-1.,-1.22464679914735E-16));
#3044=DIRECTION('',(-1.2072344231995E-16,-0.985781716034393,-0.168030974324041));
#3045=DIRECTION('center_axis',(0.,-1.22464679914735E-16,1.));
#3046=DIRECTION('ref_axis',(0.,-1.,-1.22464679914735E-16));
#3047=DIRECTION('center_axis',(0.,-1.22464679914735E-16,1.));
#3048=DIRECTION('ref_axis',(0.,-1.,-1.43543987022242E-16));
#3049=DIRECTION('center_axis',(0.,-1.22464679914735E-16,1.));
#3050=DIRECTION('ref_axis',(0.,-1.,-1.22464679914735E-16));
#3051=DIRECTION('center_axis',(1.,1.22464679914735E-16,1.49975978266186E-32));
#3052=DIRECTION('ref_axis',(-1.22464679914735E-16,1.,8.97149918889015E-17));
#3053=DIRECTION('center_axis',(0.,-1.22464679914735E-16,1.));
#3054=DIRECTION('ref_axis',(0.,-1.,-1.22464679914735E-16));
#3055=DIRECTION('center_axis',(0.,-1.22464679914735E-16,1.));
#3056=DIRECTION('ref_axis',(0.,-1.,-1.22464679914735E-16));
#3057=DIRECTION('',(0.,1.22464679914735E-16,-1.));
#3058=DIRECTION('center_axis',(0.,-1.22464679914735E-16,1.));
#3059=DIRECTION('ref_axis',(0.,-1.,-1.22464679914735E-16));
#3060=DIRECTION('center_axis',(0.,-1.22464679914735E-16,1.));
#3061=DIRECTION('ref_axis',(0.,-1.,-1.22464679914735E-16));
#3062=DIRECTION('center_axis',(0.,-1.22464679914735E-16,1.));
#3063=DIRECTION('ref_axis',(0.,-1.,-1.22464679914735E-16));
#3064=DIRECTION('',(0.,-1.22464679914735E-16,1.));
#3065=DIRECTION('center_axis',(0.,-1.22464679914735E-16,1.));
#3066=DIRECTION('ref_axis',(0.,-1.,-1.22464679914735E-16));
#3067=DIRECTION('center_axis',(0.,-1.22464679914735E-16,1.));
#3068=DIRECTION('ref_axis',(0.,-1.,-1.41260981264433E-16));
#3069=DIRECTION('center_axis',(-1.,-1.22464679914735E-16,-1.49975978266186E-32));
#3070=DIRECTION('ref_axis',(-1.22464679914735E-16,1.,8.82881132902709E-17));
#3071=DIRECTION('center_axis',(0.,-1.22464679914735E-16,1.));
#3072=DIRECTION('ref_axis',(0.,-1.,-1.22464679914735E-16));
#3073=DIRECTION('center_axis',(0.,1.22464679914735E-16,-1.));
#3074=DIRECTION('ref_axis',(0.,1.,1.22464679914735E-16));
#3075=DIRECTION('',(1.20723442319951E-16,0.985781716034394,0.168030974324037));
#3076=DIRECTION('center_axis',(0.,-1.22464679914735E-16,1.));
#3077=DIRECTION('ref_axis',(0.,-1.,-1.37347178304143E-16));
#3078=DIRECTION('center_axis',(0.,-1.22464679914735E-16,1.));
#3079=DIRECTION('ref_axis',(0.,-1.,-1.22464679914735E-16));
#3080=DIRECTION('center_axis',(1.,1.22464679914735E-16,1.49975978266186E-32));
#3081=DIRECTION('ref_axis',(-1.22464679914735E-16,1.,1.14455981920119E-16));
#3082=DIRECTION('center_axis',(0.,-1.22464679914735E-16,1.));
#3083=DIRECTION('ref_axis',(0.,-1.,-1.22464679914735E-16));
#3084=DIRECTION('center_axis',(0.,-1.22464679914735E-16,1.));
#3085=DIRECTION('ref_axis',(0.,-1.,-1.22464679914735E-16));
#3086=DIRECTION('center_axis',(0.,1.22464679914735E-16,-1.));
#3087=DIRECTION('ref_axis',(-2.48689957516035E-14,-1.,-1.22464679914735E-16));
#3088=DIRECTION('center_axis',(0.,-1.22464679914735E-16,1.));
#3089=DIRECTION('ref_axis',(0.,-1.,-1.22464679914735E-16));
#3090=DIRECTION('center_axis',(0.,1.22464679914735E-16,-1.));
#3091=DIRECTION('ref_axis',(0.,-1.,-1.22464679914735E-16));
#3092=DIRECTION('center_axis',(0.,-1.22464679914735E-16,1.));
#3093=DIRECTION('ref_axis',(0.,-1.,-1.22464679914735E-16));
#3094=DIRECTION('center_axis',(0.,-1.22464679914735E-16,1.));
#3095=DIRECTION('ref_axis',(0.,-1.,-1.22464679914735E-16));
#3096=DIRECTION('center_axis',(0.,1.22464679914735E-16,-1.));
#3097=DIRECTION('ref_axis',(9.50350909079134E-14,-1.,-1.22464679914735E-16));
#3098=DIRECTION('center_axis',(0.,-1.22464679914735E-16,1.));
#3099=DIRECTION('ref_axis',(0.,-1.,-1.22464679914735E-16));
#3100=DIRECTION('center_axis',(0.,1.22464679914735E-16,-1.));
#3101=DIRECTION('ref_axis',(1.03028696685215E-13,-1.,-1.22464679914735E-16));
#3102=DIRECTION('center_axis',(0.,-1.22464679914735E-16,1.));
#3103=DIRECTION('ref_axis',(0.,-1.,-1.22464679914735E-16));
#3104=DIRECTION('center_axis',(0.,-1.22464679914735E-16,1.));
#3105=DIRECTION('ref_axis',(0.,-1.,-1.22464679914735E-16));
#3106=DIRECTION('center_axis',(0.,-1.22464679914735E-16,1.));
#3107=DIRECTION('ref_axis',(0.,-1.,-1.35945676484713E-16));
#3108=DIRECTION('center_axis',(0.,-1.22464679914735E-16,1.));
#3109=DIRECTION('ref_axis',(0.,-1.,-1.22464679914735E-16));
#3110=DIRECTION('center_axis',(0.,1.22464679914735E-16,-1.));
#3111=DIRECTION('ref_axis',(0.,1.,1.22464679914735E-16));
#3112=DIRECTION('center_axis',(0.,-1.22464679914735E-16,1.));
#3113=DIRECTION('ref_axis',(0.,-1.,-1.22464679914735E-16));
#3114=DIRECTION('center_axis',(0.,1.22464679914735E-16,-1.));
#3115=DIRECTION('ref_axis',(0.,1.,1.22464679914735E-16));
#3116=DIRECTION('center_axis',(0.,-1.22464679914735E-16,1.));
#3117=DIRECTION('ref_axis',(0.,-1.,-1.22464679914735E-16));
#3118=DIRECTION('center_axis',(0.,-1.22464679914735E-16,1.));
#3119=DIRECTION('ref_axis',(0.,-1.,-1.22464679914735E-16));
#3120=DIRECTION('center_axis',(-1.,-1.22464679914735E-16,-1.49975978266186E-32));
#3121=DIRECTION('ref_axis',(-1.22464679914735E-16,1.,1.13288063737261E-16));
#3122=DIRECTION('center_axis',(0.,-1.22464679914735E-16,1.));
#3123=DIRECTION('ref_axis',(0.,-1.,-1.22464679914735E-16));
#3124=DIRECTION('center_axis',(0.,-1.22464679914735E-16,1.));
#3125=DIRECTION('ref_axis',(0.,-1.,-1.22464679914735E-16));
#3126=DIRECTION('center_axis',(0.,-1.22464679914735E-16,1.));
#3127=DIRECTION('ref_axis',(0.,-1.,-1.22464679914735E-16));
#3128=DIRECTION('center_axis',(0.,1.22464679914735E-16,-1.));
#3129=DIRECTION('ref_axis',(0.,1.,1.22464679914735E-16));
#3130=DIRECTION('center_axis',(0.,-1.22464679914735E-16,1.));
#3131=DIRECTION('ref_axis',(0.,-1.,-1.22464679914735E-16));
#3132=DIRECTION('center_axis',(0.,1.22464679914735E-16,-1.));
#3133=DIRECTION('ref_axis',(0.,1.,1.22464679914735E-16));
#3134=DIRECTION('center_axis',(0.,-1.22464679914735E-16,1.));
#3135=DIRECTION('ref_axis',(0.,-1.,-1.22464679914735E-16));
#3136=DIRECTION('center_axis',(0.,-1.22464679914735E-16,1.));
#3137=DIRECTION('ref_axis',(0.,-1.,-1.22464679914735E-16));
#3138=DIRECTION('',(1.0605752387249E-16,-6.12323399573665E-17,1.));
#3139=DIRECTION('center_axis',(0.,-1.22464679914735E-16,1.));
#3140=DIRECTION('ref_axis',(0.,-1.,-1.22464679914735E-16));
#3141=DIRECTION('',(1.06057523872491E-16,-1.83697019872102E-16,1.));
#3142=DIRECTION('center_axis',(0.,-1.22464679914735E-16,1.));
#3143=DIRECTION('ref_axis',(0.,-1.,-1.22464679914735E-16));
#3144=DIRECTION('',(1.06057523872491E-16,-1.83697019872102E-16,1.));
#3145=DIRECTION('center_axis',(0.,-1.22464679914735E-16,1.));
#3146=DIRECTION('ref_axis',(0.,-1.,-1.22464679914735E-16));
#3147=DIRECTION('',(0.,-2.44929359829471E-16,1.));
#3148=DIRECTION('center_axis',(0.,-1.22464679914735E-16,1.));
#3149=DIRECTION('ref_axis',(0.,-1.,-1.22464679914735E-16));
#3150=DIRECTION('',(0.,-2.44929359829471E-16,1.));
#3151=DIRECTION('center_axis',(0.,-1.22464679914735E-16,1.));
#3152=DIRECTION('ref_axis',(0.,-1.,-1.22464679914735E-16));
#3153=DIRECTION('',(-1.0605752387249E-16,-1.83697019872104E-16,1.));
#3154=DIRECTION('center_axis',(0.,-1.22464679914735E-16,1.));
#3155=DIRECTION('ref_axis',(0.,-1.,-1.22464679914735E-16));
#3156=DIRECTION('',(-1.0605752387249E-16,-1.83697019872104E-16,1.));
#3157=DIRECTION('center_axis',(0.,-1.22464679914735E-16,1.));
#3158=DIRECTION('ref_axis',(0.,-1.,-1.22464679914735E-16));
#3159=DIRECTION('',(-1.06057523872491E-16,-6.12323399573679E-17,1.));
#3160=DIRECTION('center_axis',(0.,-1.22464679914735E-16,1.));
#3161=DIRECTION('ref_axis',(0.,-1.,-1.22464679914735E-16));
#3162=DIRECTION('',(-1.06057523872491E-16,-6.12323399573679E-17,1.));
#3163=DIRECTION('center_axis',(0.,-1.22464679914735E-16,1.));
#3164=DIRECTION('ref_axis',(0.,-1.,-1.22464679914735E-16));
#3165=DIRECTION('',(0.,0.,1.));
#3166=DIRECTION('center_axis',(0.,1.22464679914735E-16,-1.));
#3167=DIRECTION('ref_axis',(0.,1.,1.22464679914735E-16));
#3168=DIRECTION('',(0.866025403784433,0.50000000000001,-6.12323399573664E-17));
#3169=DIRECTION('center_axis',(0.,-1.22464679914735E-16,1.));
#3170=DIRECTION('ref_axis',(0.,-1.,-1.22464679914735E-16));
#3171=DIRECTION('',(-0.866025403784443,0.499999999999992,1.83697019872102E-16));
#3172=DIRECTION('center_axis',(0.,1.22464679914735E-16,-1.));
#3173=DIRECTION('ref_axis',(0.,1.,1.22464679914735E-16));
#3174=DIRECTION('',(0.866025403784443,-0.499999999999992,-1.83697019872102E-16));
#3175=DIRECTION('center_axis',(0.,-1.22464679914735E-16,1.));
#3176=DIRECTION('ref_axis',(0.,-1.,-1.22464679914735E-16));
#3177=DIRECTION('',(0.,1.,2.44929359829471E-16));
#3178=DIRECTION('center_axis',(0.,1.22464679914735E-16,-1.));
#3179=DIRECTION('ref_axis',(0.,1.,1.22464679914735E-16));
#3180=DIRECTION('',(0.,-1.,-2.44929359829471E-16));
#3181=DIRECTION('center_axis',(0.,-1.22464679914735E-16,1.));
#3182=DIRECTION('ref_axis',(0.,-1.,-1.22464679914735E-16));
#3183=DIRECTION('',(0.866025403784436,0.500000000000004,1.83697019872104E-16));
#3184=DIRECTION('center_axis',(0.,1.22464679914735E-16,-1.));
#3185=DIRECTION('ref_axis',(0.,1.,1.22464679914735E-16));
#3186=DIRECTION('',(-0.866025403784436,-0.500000000000004,-1.83697019872104E-16));
#3187=DIRECTION('center_axis',(0.,-1.22464679914735E-16,1.));
#3188=DIRECTION('ref_axis',(0.,-1.,-1.22464679914735E-16));
#3189=DIRECTION('',(0.86602540378444,-0.499999999999998,6.12323399573679E-17));
#3190=DIRECTION('center_axis',(0.,1.22464679914735E-16,-1.));
#3191=DIRECTION('ref_axis',(0.,1.,1.22464679914735E-16));
#3192=DIRECTION('',(-0.86602540378444,0.499999999999998,-6.12323399573679E-17));
#3193=DIRECTION('center_axis',(0.,-1.22464679914735E-16,1.));
#3194=DIRECTION('ref_axis',(0.,-1.,-1.22464679914735E-16));
#3195=DIRECTION('',(0.,-1.,0.));
#3196=DIRECTION('center_axis',(0.,-1.22464679914735E-16,1.));
#3197=DIRECTION('ref_axis',(0.,-1.,-1.22464679914735E-16));
#3198=DIRECTION('',(1.0605752387249E-16,-6.12323399573665E-17,1.));
#3199=DIRECTION('center_axis',(0.,-1.22464679914735E-16,1.));
#3200=DIRECTION('ref_axis',(0.,-1.,-1.22464679914735E-16));
#3201=DIRECTION('',(1.06057523872491E-16,-1.83697019872102E-16,1.));
#3202=DIRECTION('center_axis',(0.,-1.22464679914735E-16,1.));
#3203=DIRECTION('ref_axis',(0.,-1.,-1.22464679914735E-16));
#3204=DIRECTION('',(1.06057523872491E-16,-1.83697019872102E-16,1.));
#3205=DIRECTION('center_axis',(0.,-1.22464679914735E-16,1.));
#3206=DIRECTION('ref_axis',(0.,-1.,-1.22464679914735E-16));
#3207=DIRECTION('',(0.,-2.44929359829471E-16,1.));
#3208=DIRECTION('center_axis',(0.,-1.22464679914735E-16,1.));
#3209=DIRECTION('ref_axis',(0.,-1.,-1.22464679914735E-16));
#3210=DIRECTION('',(0.,-2.44929359829471E-16,1.));
#3211=DIRECTION('center_axis',(0.,-1.22464679914735E-16,1.));
#3212=DIRECTION('ref_axis',(0.,-1.,-1.22464679914735E-16));
#3213=DIRECTION('',(-1.0605752387249E-16,-1.83697019872104E-16,1.));
#3214=DIRECTION('center_axis',(0.,-1.22464679914735E-16,1.));
#3215=DIRECTION('ref_axis',(0.,-1.,-1.22464679914735E-16));
#3216=DIRECTION('',(-1.0605752387249E-16,-1.83697019872104E-16,1.));
#3217=DIRECTION('center_axis',(0.,-1.22464679914735E-16,1.));
#3218=DIRECTION('ref_axis',(0.,-1.,-1.22464679914735E-16));
#3219=DIRECTION('',(-1.06057523872491E-16,-6.12323399573679E-17,1.));
#3220=DIRECTION('center_axis',(0.,-1.22464679914735E-16,1.));
#3221=DIRECTION('ref_axis',(0.,-1.,-1.22464679914735E-16));
#3222=DIRECTION('',(-1.06057523872491E-16,-6.12323399573679E-17,1.));
#3223=DIRECTION('center_axis',(0.,-1.22464679914735E-16,1.));
#3224=DIRECTION('ref_axis',(0.,-1.,-1.22464679914735E-16));
#3225=DIRECTION('',(0.,0.,1.));
#3226=DIRECTION('center_axis',(0.,-1.22464679914735E-16,1.));
#3227=DIRECTION('ref_axis',(0.,-1.,-1.22464679914735E-16));
#3228=DIRECTION('',(-0.866025403784433,-0.50000000000001,-6.12323399573689E-17));
#3229=DIRECTION('',(0.866025403784443,-0.499999999999992,-6.12323399573667E-17));
#3230=DIRECTION('center_axis',(0.,-1.22464679914735E-16,1.));
#3231=DIRECTION('ref_axis',(0.,-1.,-1.22464679914735E-16));
#3232=DIRECTION('',(-0.866025403784443,0.499999999999992,6.12323399573667E-17));
#3233=DIRECTION('',(0.,-1.,-1.22464679914735E-16));
#3234=DIRECTION('center_axis',(0.,-1.22464679914735E-16,1.));
#3235=DIRECTION('ref_axis',(0.,-1.,-1.22464679914735E-16));
#3236=DIRECTION('',(0.,1.,1.22464679914735E-16));
#3237=DIRECTION('',(-0.866025403784436,-0.500000000000004,-6.12323399573682E-17));
#3238=DIRECTION('center_axis',(0.,-1.22464679914735E-16,1.));
#3239=DIRECTION('ref_axis',(0.,-1.,-1.22464679914735E-16));
#3240=DIRECTION('',(0.866025403784436,0.500000000000004,6.12323399573682E-17));
#3241=DIRECTION('',(-0.86602540378444,0.499999999999998,6.12323399573674E-17));
#3242=DIRECTION('center_axis',(0.,-1.22464679914735E-16,1.));
#3243=DIRECTION('ref_axis',(0.,-1.,-1.22464679914735E-16));
#3244=DIRECTION('',(0.86602540378444,-0.499999999999998,-6.12323399573674E-17));
#3245=DIRECTION('',(0.,1.,1.22464679914735E-16));
#3246=DIRECTION('center_axis',(0.,-1.22464679914735E-16,1.));
#3247=DIRECTION('ref_axis',(0.,-1.,-1.22464679914735E-16));
#3248=DIRECTION('center_axis',(0.,-1.22464679914735E-16,1.));
#3249=DIRECTION('ref_axis',(0.,-1.,-1.22464679914735E-16));
#3250=DIRECTION('',(1.0605752387249E-16,-6.12323399573665E-17,1.));
#3251=DIRECTION('',(0.,0.,1.));
#3252=DIRECTION('center_axis',(0.,1.22464679914735E-16,-1.));
#3253=DIRECTION('ref_axis',(0.,1.,1.22464679914735E-16));
#3254=DIRECTION('center_axis',(0.,-1.22464679914735E-16,1.));
#3255=DIRECTION('ref_axis',(0.,-1.,-1.22464679914735E-16));
#3256=DIRECTION('',(-0.866025403784433,-0.50000000000001,6.12323399573664E-17));
#3257=DIRECTION('',(0.,1.,0.));
#3258=DIRECTION('center_axis',(0.,-1.22464679914735E-16,1.));
#3259=DIRECTION('ref_axis',(0.,-1.,-1.22464679914735E-16));
#3260=DIRECTION('center_axis',(0.,-1.22464679914735E-16,1.));
#3261=DIRECTION('ref_axis',(0.,-1.,-1.22464679914735E-16));
#3262=DIRECTION('',(1.0605752387249E-16,-6.12323399573665E-17,1.));
#3263=DIRECTION('',(0.,0.,1.));
#3264=DIRECTION('center_axis',(0.,-1.22464679914735E-16,1.));
#3265=DIRECTION('ref_axis',(0.,-1.,-1.22464679914735E-16));
#3266=DIRECTION('',(0.866025403784433,0.50000000000001,6.12323399573689E-17));
#3267=DIRECTION('',(0.,-1.,-1.22464679914735E-16));
#3268=DIRECTION('center_axis',(0.,1.22464679914735E-16,-1.));
#3269=DIRECTION('ref_axis',(0.,1.,1.22464679914735E-16));
#3270=DIRECTION('center_axis',(0.,1.22464679914735E-16,-1.));
#3271=DIRECTION('ref_axis',(0.,1.,1.22464679914735E-16));
#3272=DIRECTION('center_axis',(0.,-1.22464679914735E-16,1.));
#3273=DIRECTION('ref_axis',(0.,-1.,-1.22464679914735E-16));
#3274=DIRECTION('center_axis',(0.,-1.22464679914735E-16,1.));
#3275=DIRECTION('ref_axis',(0.,-1.,-1.22464679914735E-16));
#3276=DIRECTION('center_axis',(0.,-1.22464679914735E-16,1.));
#3277=DIRECTION('ref_axis',(0.,-1.,-1.22464679914735E-16));
#3278=DIRECTION('center_axis',(0.,0.,1.));
#3279=DIRECTION('ref_axis',(1.,0.,0.));
#3280=DIRECTION('',(0.,0.,1.));
#3281=DIRECTION('',(0.,0.,1.));
#3282=DIRECTION('center_axis',(1.,0.,0.));
#3283=DIRECTION('ref_axis',(0.,0.,-1.));
#3284=DIRECTION('center_axis',(-1.,0.,0.));
#3285=DIRECTION('ref_axis',(0.,0.,1.));
#3286=DIRECTION('center_axis',(-1.06057523872491E-16,-6.12323399573679E-17,
1.));
#3287=DIRECTION('ref_axis',(1.,-9.76167104171625E-34,1.06057523872491E-16));
#3288=DIRECTION('',(-1.06057523872491E-16,-6.12323399573679E-17,1.));
#3289=DIRECTION('',(-1.06057523872491E-16,-6.12323399573679E-17,1.));
#3290=DIRECTION('center_axis',(0.499999999999998,0.86602540378444,1.06057523872491E-16));
#3291=DIRECTION('ref_axis',(-0.86602540378444,0.499999999999998,-6.16297582203916E-33));
#3292=DIRECTION('center_axis',(-0.499999999999998,-0.86602540378444,-1.06057523872491E-16));
#3293=DIRECTION('ref_axis',(0.86602540378444,-0.499999999999998,6.16297582203916E-33));
#3294=DIRECTION('center_axis',(-1.0605752387249E-16,-1.83697019872104E-16,
1.));
#3295=DIRECTION('ref_axis',(3.67596372668368E-34,-1.,-1.83697019872104E-16));
#3296=DIRECTION('',(-1.0605752387249E-16,-1.83697019872104E-16,1.));
#3297=DIRECTION('',(-1.0605752387249E-16,-1.83697019872104E-16,1.));
#3298=DIRECTION('center_axis',(-0.500000000000004,0.866025403784436,1.0605752387249E-16));
#3299=DIRECTION('ref_axis',(-0.866025403784436,-0.500000000000004,0.));
#3300=DIRECTION('center_axis',(0.500000000000004,-0.866025403784436,-1.0605752387249E-16));
#3301=DIRECTION('ref_axis',(0.866025403784436,0.500000000000004,0.));
#3302=DIRECTION('center_axis',(-1.,0.,0.));
#3303=DIRECTION('ref_axis',(0.,0.,1.));
#3304=DIRECTION('center_axis',(1.,0.,0.));
#3305=DIRECTION('ref_axis',(0.,0.,-1.));
#3306=DIRECTION('center_axis',(1.06057523872491E-16,-1.83697019872102E-16,
1.));
#3307=DIRECTION('ref_axis',(-3.67596372668223E-34,-1.,-1.83697019872102E-16));
#3308=DIRECTION('',(1.06057523872491E-16,-1.83697019872102E-16,1.));
#3309=DIRECTION('',(1.06057523872491E-16,-1.83697019872102E-16,1.));
#3310=DIRECTION('center_axis',(-0.499999999999992,-0.866025403784443,-1.06057523872491E-16));
#3311=DIRECTION('ref_axis',(0.866025403784443,-0.499999999999992,0.));
#3312=DIRECTION('center_axis',(0.499999999999992,0.866025403784443,1.06057523872491E-16));
#3313=DIRECTION('ref_axis',(-0.866025403784443,0.499999999999992,0.));
#3314=DIRECTION('center_axis',(1.0605752387249E-16,-6.12323399573665E-17,
1.));
#3315=DIRECTION('ref_axis',(1.,9.76167104171549E-34,-1.0605752387249E-16));
#3316=DIRECTION('',(1.0605752387249E-16,-6.12323399573665E-17,1.));
#3317=DIRECTION('',(1.0605752387249E-16,-6.12323399573665E-17,1.));
#3318=DIRECTION('center_axis',(0.50000000000001,-0.866025403784433,-1.0605752387249E-16));
#3319=DIRECTION('ref_axis',(0.866025403784433,0.50000000000001,0.));
#3320=DIRECTION('center_axis',(-0.50000000000001,0.866025403784433,1.0605752387249E-16));
#3321=DIRECTION('ref_axis',(-0.866025403784433,-0.50000000000001,0.));
#3322=DIRECTION('',(0.,-1.,-3.33066907387547E-16));
#3323=DIRECTION('',(0.999999999999999,0.,0.));
#3324=CARTESIAN_POINT('',(0.,0.,0.));
#3325=CARTESIAN_POINT('',(0.,0.,0.));
#3326=CARTESIAN_POINT('Origin',(0.,0.,-3.15624999999996));
#3327=CARTESIAN_POINT('',(-1.34711147906209E-15,11.,-3.15624999999996));
#3328=CARTESIAN_POINT('Origin',(0.,8.15155525682451E-16,-3.15624999999996));
#3329=CARTESIAN_POINT('',(-1.3050142453414E-15,10.65625,-3.49999999999997));
#3330=CARTESIAN_POINT('Origin',(-1.3050142453414E-15,10.65625,-3.15624999999996));
#3331=CARTESIAN_POINT('Origin',(0.,8.57252759403142E-16,-3.49999999999997));
#3332=CARTESIAN_POINT('Origin',(0.,0.,3.49999999999999));
#3333=CARTESIAN_POINT('',(-1.34711147906209E-15,11.,3.15624999999996));
#3334=CARTESIAN_POINT('Origin',(0.,4.20972337206935E-17,3.15624999999996));
#3335=CARTESIAN_POINT('',(-1.34711147906209E-15,11.,3.49999999999999));
#3336=CARTESIAN_POINT('Origin',(0.,0.,3.15624999999996));
#3337=CARTESIAN_POINT('',(-1.3050142453414E-15,10.65625,3.49999999999997));
#3338=CARTESIAN_POINT('Origin',(0.,2.70912641455283E-30,3.49999999999996));
#3339=CARTESIAN_POINT('Origin',(-1.3050142453414E-15,10.65625,3.15624999999996));
#3340=CARTESIAN_POINT('Origin',(0.,0.,3.49999999999999));
#3341=CARTESIAN_POINT('',(-1.17872254417933E-15,9.62499999999999,3.39499999999998));
#3342=CARTESIAN_POINT('Origin',(0.,1.28587913910475E-17,3.39499999999998));
#3343=CARTESIAN_POINT('',(-1.17872254417933E-15,9.62499999999999,3.49999999999999));
#3344=CARTESIAN_POINT('',(-1.17872254417933E-15,9.62499999999999,3.49999999999999));
#3345=CARTESIAN_POINT('Origin',(0.,1.44351879081204E-31,3.49999999999998));
#3346=CARTESIAN_POINT('Origin',(0.,0.,3.21999999999998));
#3347=CARTESIAN_POINT('',(-1.18244405366608E-15,9.6553884310917,3.04765864322284));
#3348=CARTESIAN_POINT('Origin',(0.,5.53958394699098E-17,3.04765864322284));
#3349=CARTESIAN_POINT('Origin',(-1.17872254417933E-15,9.62499999999999,
3.21999999999998));
#3350=CARTESIAN_POINT('Origin',(0.,5.53958394699098E-17,3.04765864322284));
#3351=CARTESIAN_POINT('',(-1.11136697022622E-15,9.075,2.94532050353033));
#3352=CARTESIAN_POINT('Origin',(0.,6.79286469904231E-17,2.94532050353033));
#3353=CARTESIAN_POINT('',(-1.18244405366608E-15,9.6553884310917,3.04765864322284));
#3354=CARTESIAN_POINT('Origin',(0.,0.,3.49999999999999));
#3355=CARTESIAN_POINT('',(-1.11136697022622E-15,9.075,1.76390679671574));
#3356=CARTESIAN_POINT('Origin',(0.,2.12610098442352E-16,1.76390679671574));
#3357=CARTESIAN_POINT('',(-1.11136697022622E-15,9.075,3.49999999999999));
#3358=CARTESIAN_POINT('Origin',(0.,0.,-8.67361737988404E-16));
#3359=CARTESIAN_POINT('',(-1.11136697022622E-15,9.075,-1.76390679671574));
#3360=CARTESIAN_POINT('Origin',(0.,6.44642660960792E-16,-1.76390679671575));
#3361=CARTESIAN_POINT('Origin',(-9.52928290586533E-16,7.78124999999999,
8.55665525981296E-17));
#3362=CARTESIAN_POINT('Origin',(0.,0.,3.49999999999999));
#3363=CARTESIAN_POINT('',(1.14690551194615E-15,-9.075,-2.94532050353033));
#3364=CARTESIAN_POINT('',(-1.11136697022622E-15,9.075,-2.94532050353033));
#3365=CARTESIAN_POINT('Origin',(0.,7.89324112412721E-16,-2.94532050353033));
#3366=CARTESIAN_POINT('Origin',(0.,7.89324112412721E-16,-2.94532050353033));
#3367=CARTESIAN_POINT('',(-1.11136697022622E-15,9.075,3.49999999999999));
#3368=CARTESIAN_POINT('Origin',(0.,7.89324112412721E-16,-2.94532050353033));
#3369=CARTESIAN_POINT('',(-1.18244405366608E-15,-9.6553884310917,-3.04765864322285));
#3370=CARTESIAN_POINT('',(-1.11136697022622E-15,-9.075,-2.94532050353033));
#3371=CARTESIAN_POINT('',(1.18244405366608E-15,9.6553884310917,-3.04765864322284));
#3372=CARTESIAN_POINT('Origin',(0.,8.01856919933234E-16,-3.04765864322284));
#3373=CARTESIAN_POINT('Origin',(0.,8.01856919933234E-16,-3.04765864322284));
#3374=CARTESIAN_POINT('Origin',(0.,0.,-3.21999999999998));
#3375=CARTESIAN_POINT('',(-1.17872254417933E-15,9.625,-3.39499999999998));
#3376=CARTESIAN_POINT('Origin',(0.,8.44393968012097E-16,-3.39499999999999));
#3377=CARTESIAN_POINT('Origin',(-1.17872254417933E-15,9.62499999999999,
-3.21999999999998));
#3378=CARTESIAN_POINT('Origin',(0.,0.,3.49999999999999));
#3379=CARTESIAN_POINT('',(-1.17872254417933E-15,9.625,-3.49999999999999));
#3380=CARTESIAN_POINT('Origin',(0.,8.57252759403144E-16,-3.49999999999999));
#3381=CARTESIAN_POINT('',(-1.17872254417933E-15,9.62499999999999,3.49999999999999));
#3382=CARTESIAN_POINT('Origin',(0.,10.65625,-3.49999999999998));
#3383=CARTESIAN_POINT('Origin',(0.,10.65625,3.49999999999998));
#3384=CARTESIAN_POINT('Origin',(0.,0.,-8.67361737988404E-16));
#3385=CARTESIAN_POINT('',(7.27134036993741E-16,5.9375,1.17717551261484));
#3386=CARTESIAN_POINT('Origin',(0.,2.84463957345732E-16,1.17717551261484));
#3387=CARTESIAN_POINT('',(-7.27134036993741E-16,5.9375,-1.17717551261484));
#3388=CARTESIAN_POINT('Origin',(-9.52928290586533E-16,7.78124999999999,
8.55665525981296E-17));
#3389=CARTESIAN_POINT('Origin',(0.,5.72788802057412E-16,-1.17717551261484));
#3390=CARTESIAN_POINT('Origin',(0.,5.24915923931651E-32,3.49999999999999));
#3391=CARTESIAN_POINT('',(7.27134036993741E-16,5.9375,3.28999999999998));
#3392=CARTESIAN_POINT('',(-7.27134036993741E-16,-5.9375,3.28999999999998));
#3393=CARTESIAN_POINT('Origin',(0.,2.57175827820949E-17,3.28999999999998));
#3394=CARTESIAN_POINT('Origin',(0.,2.57175827820949E-17,3.28999999999998));
#3395=CARTESIAN_POINT('',(-7.01416454211646E-16,-5.7275,3.49999999999998));
#3396=CARTESIAN_POINT('',(-7.01416454211646E-16,-5.7275,3.49999999999998));
#3397=CARTESIAN_POINT('Origin',(0.,8.93679725583821E-32,3.49999999999999));
#3398=CARTESIAN_POINT('Origin',(0.,2.5717582782095E-17,3.28999999999998));
#3399=CARTESIAN_POINT('',(-4.28626379701574E-16,3.5,3.28999999999998));
#3400=CARTESIAN_POINT('Origin',(0.,2.5717582782095E-17,3.28999999999998));
#3401=CARTESIAN_POINT('',(-4.54343962483669E-16,3.71000000000001,3.49999999999999));
#3402=CARTESIAN_POINT('',(-4.28626379701574E-16,3.5,3.28999999999998));
#3403=CARTESIAN_POINT('Origin',(0.,5.10172841423011E-32,3.49999999999999));
#3404=CARTESIAN_POINT('Origin',(0.,8.31535176621049E-16,-3.28999999999999));
#3405=CARTESIAN_POINT('',(-7.27134036993741E-16,5.9375,-3.28999999999999));
#3406=CARTESIAN_POINT('Origin',(0.,8.31535176621049E-16,-3.28999999999999));
#3407=CARTESIAN_POINT('',(-7.01416454211646E-16,5.7275,-3.49999999999999));
#3408=CARTESIAN_POINT('',(-7.27134036993741E-16,5.9375,-3.28999999999999));
#3409=CARTESIAN_POINT('Origin',(0.,8.57252759403144E-16,-3.49999999999999));
#3410=CARTESIAN_POINT('Origin',(0.,8.57252759403144E-16,-3.49999999999999));
#3411=CARTESIAN_POINT('',(4.28626379701574E-16,3.5,-3.28999999999999));
#3412=CARTESIAN_POINT('',(-4.28626379701574E-16,-3.5,-3.28999999999999));
#3413=CARTESIAN_POINT('Origin',(0.,8.3153517662105E-16,-3.28999999999999));
#3414=CARTESIAN_POINT('Origin',(0.,8.3153517662105E-16,-3.28999999999999));
#3415=CARTESIAN_POINT('',(-4.54343962483668E-16,-3.71,-3.49999999999999));
#3416=CARTESIAN_POINT('',(-4.54343962483668E-16,-3.71,-3.49999999999999));
#3417=CARTESIAN_POINT('Origin',(0.,8.57252759403144E-16,-3.49999999999999));
#3418=CARTESIAN_POINT('Origin',(0.,0.,3.49999999999999));
#3419=CARTESIAN_POINT('',(-7.27134036993741E-16,5.9375,3.49999999999999));
#3420=CARTESIAN_POINT('Origin',(0.,0.,3.49999999999999));
#3421=CARTESIAN_POINT('',(-7.27134036993741E-16,5.9375,3.49999999999999));
#3422=CARTESIAN_POINT('Origin',(0.,0.,3.49999999999999));
#3423=CARTESIAN_POINT('',(-4.28626379701574E-16,3.5,3.49999999999999));
#3424=CARTESIAN_POINT('Origin',(0.,3.5,3.49999999999999));
#3425=CARTESIAN_POINT('Origin',(0.,5.9375,-3.49999999999999));
#3426=CARTESIAN_POINT('Origin',(0.,7.78124999999999,2.44350359495174E-25));
#3427=CARTESIAN_POINT('',(-2.18750000000001,7.78124999999999,1.33945743901092E-16));
#3428=CARTESIAN_POINT('',(2.18750000000001,7.78124999999999,1.33945743901092E-16));
#3429=CARTESIAN_POINT('Origin',(0.,7.78124999999999,2.44350359495174E-25));
#3430=CARTESIAN_POINT('Origin',(-6.73876017319766,3.89062499999998,-4.76464145048918E-16));
#3431=CARTESIAN_POINT('',(-7.83251017319766,1.99619442922151,-4.50350385254387E-17));
#3432=CARTESIAN_POINT('',(-5.64501017319767,5.78505557077845,-6.40001764258914E-16));
#3433=CARTESIAN_POINT('Origin',(-6.73876017319766,3.89062499999998,-4.76464145048918E-16));
#3434=CARTESIAN_POINT('Origin',(-6.73876017319764,-3.89062500000003,-1.42939243563545E-15));
#3435=CARTESIAN_POINT('',(-5.64501017319763,-5.78505557077849,-1.59293005484548E-15));
#3436=CARTESIAN_POINT('',(-7.83251017319765,-1.99619442922157,-9.9796332911194E-16));
#3437=CARTESIAN_POINT('Origin',(-6.73876017319764,-3.89062500000003,-1.42939243563545E-15));
#3438=CARTESIAN_POINT('Origin',(0.,-7.78124999999999,-1.90585658092872E-15));
#3439=CARTESIAN_POINT('',(2.18750000000001,-7.78124999999999,-1.77191083727197E-15));
#3440=CARTESIAN_POINT('',(-2.18750000000001,-7.78124999999999,-1.77191083727197E-15));
#3441=CARTESIAN_POINT('Origin',(0.,-7.78124999999999,-1.90585658092872E-15));
#3442=CARTESIAN_POINT('Origin',(6.73876017319769,-3.89062499999993,-1.42939243563544E-15));
#3443=CARTESIAN_POINT('',(7.83251017319768,-1.99619442922146,-9.97963329111997E-16));
#3444=CARTESIAN_POINT('',(5.64501017319771,-5.78505557077841,-1.5929300548454E-15));
#3445=CARTESIAN_POINT('Origin',(6.73876017319769,-3.89062499999993,-1.42939243563544E-15));
#3446=CARTESIAN_POINT('Origin',(6.73876017319761,3.89062500000007,-4.76464145048907E-16));
#3447=CARTESIAN_POINT('',(5.64501017319759,5.78505557077853,-6.40001764258972E-16));
#3448=CARTESIAN_POINT('',(7.83251017319763,1.99619442922162,-4.50350385253576E-17));
#3449=CARTESIAN_POINT('Origin',(6.73876017319761,3.89062500000007,-4.76464145048907E-16));
#3450=CARTESIAN_POINT('Origin',(0.,1.09517114017985E-14,-2.92036353809609));
#3451=CARTESIAN_POINT('',(0.175,-9.62340895940726,-3.29499999999998));
#3452=CARTESIAN_POINT('',(-0.175,-9.62340895940725,-3.29499999999998));
#3453=CARTESIAN_POINT('Origin',(0.,1.08599519330156E-14,-3.29499999999998));
#3454=CARTESIAN_POINT('',(0.175,-9.62340895940723,-3.39499999999998));
#3455=CARTESIAN_POINT('',(0.175,-9.62340895940723,-2.92036353809609));
#3456=CARTESIAN_POINT('',(-0.175,-9.62340895940725,-3.39499999999998));
#3457=CARTESIAN_POINT('Origin',(0.,-2.14313189850795E-17,-3.39499999999999));
#3458=CARTESIAN_POINT('',(-0.175,-9.62340895940725,-2.92036353809609));
#3459=CARTESIAN_POINT('Origin',(0.,-2.25947334442687E-16,-5.34499999999999));
#3460=CARTESIAN_POINT('',(1.17457803224471E-15,-9.59115749179679,-3.14499999999998));
#3461=CARTESIAN_POINT('Origin',(0.,4.3474961369731E-17,-3.14499999999999));
#3462=CARTESIAN_POINT('',(1.12930674137473E-15,-9.22148934828391,-3.17628022472432));
#3463=CARTESIAN_POINT('Origin',(1.17457803224471E-15,-9.59115749179679,
-5.34499999999999));
#3464=CARTESIAN_POINT('Origin',(0.,3.96442386612043E-17,-3.17628022472433));
#3465=CARTESIAN_POINT('Origin',(0.,2.94527555194939E-16,-1.09499999999998));
#3466=CARTESIAN_POINT('',(1.06648496949647E-15,-8.70851065171608,-3.26371977527565));
#3467=CARTESIAN_POINT('Origin',(0.,2.89359820910477E-17,-3.26371977527565));
#3468=CARTESIAN_POINT('',(1.02121367862649E-15,-8.3388425082032,-3.29499999999998));
#3469=CARTESIAN_POINT('Origin',(1.02121367862649E-15,-8.3388425082032,-1.09499999999998));
#3470=CARTESIAN_POINT('Origin',(0.,2.51052593825212E-17,-3.29499999999998));
#3471=CARTESIAN_POINT('Origin',(0.,3.73517273739948E-17,-3.19499999999998));
#3472=CARTESIAN_POINT('',(1.04401139627312E-15,-8.52499999999999,-3.19499999999998));
#3473=CARTESIAN_POINT('Origin',(0.,3.73517273739948E-17,-3.19499999999998));
#3474=CARTESIAN_POINT('',(1.15178031459809E-15,-9.405,-3.04499999999998));
#3475=CARTESIAN_POINT('',(1.04401139627312E-15,-8.52499999999999,-3.19499999999998));
#3476=CARTESIAN_POINT('Origin',(0.,5.57214293612048E-17,-3.04499999999998));
#3477=CARTESIAN_POINT('Origin',(0.,0.,-3.11999999999998));
#3478=CARTESIAN_POINT('',(7.4856535597882E-16,6.1125,-3.19499999999998));
#3479=CARTESIAN_POINT('Origin',(0.,3.7351727373995E-17,-3.19499999999998));
#3480=CARTESIAN_POINT('',(7.39380504985215E-16,6.0375,-3.11999999999998));
#3481=CARTESIAN_POINT('Origin',(7.4856535597882E-16,6.1125,-3.11999999999998));
#3482=CARTESIAN_POINT('Origin',(0.,4.65365783676002E-17,-3.11999999999998));
#3483=CARTESIAN_POINT('Origin',(0.,0.,-3.49999999999999));
#3484=CARTESIAN_POINT('',(7.39380504985215E-16,6.0375,-2.12833333333332));
#3485=CARTESIAN_POINT('',(7.39380504985215E-16,6.0375,-3.49999999999999));
#3486=CARTESIAN_POINT('Origin',(0.,1.67980719283046E-16,-2.12833333333332));
#3487=CARTESIAN_POINT('Origin',(0.,0.,-3.49999999999999));
#3488=CARTESIAN_POINT('',(7.27134036993741E-16,5.9375,-2.12833333333332));
#3489=CARTESIAN_POINT('Origin',(0.,1.67980719283046E-16,-2.12833333333332));
#3490=CARTESIAN_POINT('',(7.27134036993741E-16,5.9375,-3.11999999999998));
#3491=CARTESIAN_POINT('',(7.27134036993741E-16,5.9375,-3.49999999999999));
#3492=CARTESIAN_POINT('Origin',(0.,4.65365783676002E-17,-3.11999999999998));
#3493=CARTESIAN_POINT('Origin',(0.,0.,-3.11999999999998));
#3494=CARTESIAN_POINT('',(7.4856535597882E-16,6.1125,-3.29499999999998));
#3495=CARTESIAN_POINT('Origin',(7.4856535597882E-16,6.1125,-3.11999999999998));
#3496=CARTESIAN_POINT('Origin',(0.,2.51052593825213E-17,-3.29499999999998));
#3497=CARTESIAN_POINT('Origin',(0.,4.34749613697309E-17,-3.14499999999999));
#3498=CARTESIAN_POINT('',(1.15178031459809E-15,-9.405,-3.14499999999999));
#3499=CARTESIAN_POINT('Origin',(0.,0.,-3.21999999999998));
#3500=CARTESIAN_POINT('',(1.17872254417933E-15,9.62499999999999,-3.14499999999999));
#3501=CARTESIAN_POINT('Origin',(0.,4.34749613697311E-17,-3.14499999999998));
#3502=CARTESIAN_POINT('',(1.17872254417933E-15,9.62499999999999,-3.29499999999998));
#3503=CARTESIAN_POINT('Origin',(1.17872254417933E-15,9.62499999999999,-3.21999999999998));
#3504=CARTESIAN_POINT('',(0.175,9.62340895940725,-3.29499999999998));
#3505=CARTESIAN_POINT('Origin',(0.,2.51052593825214E-17,-3.29499999999998));
#3506=CARTESIAN_POINT('',(8.2466166298534,4.963258925366,-3.29499999999998));
#3507=CARTESIAN_POINT('Origin',(0.,2.51052593825214E-17,-3.29499999999998));
#3508=CARTESIAN_POINT('',(8.42161662985339,4.66015003404145,-3.29499999999998));
#3509=CARTESIAN_POINT('Origin',(-9.75445379902922E-15,-6.03525764698649E-15,
-3.29499999999998));
#3510=CARTESIAN_POINT('',(8.4216166298535,-4.66015003404127,-3.29499999999998));
#3511=CARTESIAN_POINT('Origin',(0.,2.51052593825214E-17,-3.29499999999998));
#3512=CARTESIAN_POINT('',(8.24661662985349,-4.96325892536583,-3.29499999999998));
#3513=CARTESIAN_POINT('Origin',(-9.75445379902933E-15,5.22821540634818E-15,
-3.29499999999998));
#3514=CARTESIAN_POINT('Origin',(0.,2.51052593825214E-17,-3.29499999999998));
#3515=CARTESIAN_POINT('',(-8.24661662985343,-4.96325892536595,-3.29499999999998));
#3516=CARTESIAN_POINT('Origin',(0.,2.51052593825214E-17,-3.29499999999998));
#3517=CARTESIAN_POINT('',(-8.42161662985343,-4.66015003404139,-3.29499999999998));
#3518=CARTESIAN_POINT('Origin',(9.75445379902926E-15,5.22821540634832E-15,
-3.29499999999998));
#3519=CARTESIAN_POINT('',(-8.42161662985347,4.66015003404133,-3.29499999999998));
#3520=CARTESIAN_POINT('Origin',(0.,2.51052593825214E-17,-3.29499999999998));
#3521=CARTESIAN_POINT('',(-8.24661662985346,4.96325892536588,-3.29499999999998));
#3522=CARTESIAN_POINT('Origin',(9.75445379902929E-15,-6.03525764698635E-15,
-3.29499999999998));
#3523=CARTESIAN_POINT('',(-0.175,9.62340895940726,-3.29499999999998));
#3524=CARTESIAN_POINT('Origin',(0.,2.51052593825214E-17,-3.29499999999998));
#3525=CARTESIAN_POINT('Origin',(0.,2.51052593825214E-17,-3.29499999999998));
#3526=CARTESIAN_POINT('Origin',(0.,0.,-3.21999999999998));
#3527=CARTESIAN_POINT('',(8.24661662985349,-4.96325892536583,-3.39499999999998));
#3528=CARTESIAN_POINT('Origin',(0.,1.28587913910475E-17,-3.39499999999998));
#3529=CARTESIAN_POINT('',(8.42161662985348,-4.66015003404126,-3.39499999999998));
#3530=CARTESIAN_POINT('Origin',(0.,-2.14313189850795E-17,-3.39499999999999));
#3531=CARTESIAN_POINT('',(8.42161662985339,4.66015003404145,-3.39499999999998));
#3532=CARTESIAN_POINT('Origin',(0.,1.28587913910475E-17,-3.39499999999998));
#3533=CARTESIAN_POINT('',(8.24661662985338,4.96325892536599,-3.39499999999998));
#3534=CARTESIAN_POINT('Origin',(0.,-2.14313189850795E-17,-3.39499999999999));
#3535=CARTESIAN_POINT('',(0.175,9.62340895940725,-3.39499999999998));
#3536=CARTESIAN_POINT('Origin',(0.,1.28587913910475E-17,-3.39499999999998));
#3537=CARTESIAN_POINT('',(1.17872254417933E-15,9.62499999999999,-3.39499999999998));
#3538=CARTESIAN_POINT('Origin',(0.,1.28587913910475E-17,-3.39499999999998));
#3539=CARTESIAN_POINT('',(1.17872254417933E-15,9.62499999999999,-3.04499999999997));
#3540=CARTESIAN_POINT('Origin',(1.17872254417933E-15,9.62499999999999,-3.21999999999998));
#3541=CARTESIAN_POINT('Origin',(0.,5.57214293612065E-17,-3.04499999999997));
#3542=CARTESIAN_POINT('',(-0.175,9.62340895940723,-3.39499999999998));
#3543=CARTESIAN_POINT('Origin',(0.,1.28587913910475E-17,-3.39499999999998));
#3544=CARTESIAN_POINT('',(-8.24661662985346,4.96325892536588,-3.39499999999998));
#3545=CARTESIAN_POINT('Origin',(0.,1.28587913910475E-17,-3.39499999999998));
#3546=CARTESIAN_POINT('',(-8.42161662985345,4.66015003404132,-3.39499999999998));
#3547=CARTESIAN_POINT('Origin',(0.,-2.14313189850795E-17,-3.39499999999999));
#3548=CARTESIAN_POINT('',(-8.42161662985343,-4.66015003404139,-3.39499999999998));
#3549=CARTESIAN_POINT('Origin',(0.,1.28587913910475E-17,-3.39499999999998));
#3550=CARTESIAN_POINT('',(-8.24661662985341,-4.96325892536593,-3.39499999999998));
#3551=CARTESIAN_POINT('Origin',(0.,-2.14313189850795E-17,-3.39499999999999));
#3552=CARTESIAN_POINT('Origin',(0.,1.28587913910475E-17,-3.39499999999998));
#3553=CARTESIAN_POINT('Origin',(0.,0.,-3.49999999999999));
#3554=CARTESIAN_POINT('',(8.42161662985348,-4.66015003404126,-3.44749999999998));
#3555=CARTESIAN_POINT('',(8.42161662985348,-4.66015003404126,-2.82599679828606));
#3556=CARTESIAN_POINT('',(8.42161662985339,4.66015003404145,-3.44749999999998));
#3557=CARTESIAN_POINT('Origin',(0.,6.42939569552381E-18,-3.44749999999998));
#3558=CARTESIAN_POINT('',(8.42161662985339,4.66015003404145,-2.82599679828606));
#3559=CARTESIAN_POINT('Origin',(0.,0.,-3.49999999999999));
#3560=CARTESIAN_POINT('',(0.175,-9.62340895940723,-3.44749999999998));
#3561=CARTESIAN_POINT('',(0.175,-9.62340895940723,-2.92036353809609));
#3562=CARTESIAN_POINT('',(8.24661662985349,-4.96325892536583,-3.44749999999998));
#3563=CARTESIAN_POINT('Origin',(0.,6.42939569552381E-18,-3.44749999999998));
#3564=CARTESIAN_POINT('',(8.24661662985349,-4.96325892536583,-2.82599679828606));
#3565=CARTESIAN_POINT('Origin',(0.,0.,-3.49999999999999));
#3566=CARTESIAN_POINT('',(-8.24661662985341,-4.96325892536593,-3.44749999999998));
#3567=CARTESIAN_POINT('',(-8.24661662985341,-4.96325892536593,-2.82599679828606));
#3568=CARTESIAN_POINT('',(-0.175,-9.62340895940725,-3.44749999999998));
#3569=CARTESIAN_POINT('Origin',(0.,6.42939569552381E-18,-3.44749999999998));
#3570=CARTESIAN_POINT('',(-0.175,-9.62340895940725,-2.92036353809609));
#3571=CARTESIAN_POINT('Origin',(0.,0.,-3.49999999999999));
#3572=CARTESIAN_POINT('',(-8.42161662985345,4.66015003404132,-3.44749999999998));
#3573=CARTESIAN_POINT('',(-8.42161662985345,4.66015003404132,-2.82599679828607));
#3574=CARTESIAN_POINT('',(-8.42161662985343,-4.66015003404139,-3.44749999999998));
#3575=CARTESIAN_POINT('Origin',(0.,6.42939569552381E-18,-3.44749999999998));
#3576=CARTESIAN_POINT('',(-8.42161662985343,-4.66015003404139,-2.82599679828606));
#3577=CARTESIAN_POINT('Origin',(0.,0.,-3.49999999999999));
#3578=CARTESIAN_POINT('',(-0.175,9.62340895940723,-3.44749999999998));
#3579=CARTESIAN_POINT('',(-0.175,9.62340895940723,-2.9203635380961));
#3580=CARTESIAN_POINT('',(-8.24661662985346,4.96325892536588,-3.44749999999998));
#3581=CARTESIAN_POINT('Origin',(0.,6.42939569552381E-18,-3.44749999999998));
#3582=CARTESIAN_POINT('',(-8.24661662985346,4.96325892536588,-2.82599679828607));
#3583=CARTESIAN_POINT('Origin',(0.,9.62499999999999,-3.44749999999999));
#3584=CARTESIAN_POINT('',(8.30728211390062,-4.59413897047822,-3.44749999999998));
#3585=CARTESIAN_POINT('',(8.42161662985348,-4.66015003404126,-3.44749999999998));
#3586=CARTESIAN_POINT('',(8.30728211390052,4.59413897047839,-3.44749999999998));
#3587=CARTESIAN_POINT('Origin',(0.,6.42939569552381E-18,-3.44749999999998));
#3588=CARTESIAN_POINT('',(8.42161662985339,4.66015003404145,-3.44749999999998));
#3589=CARTESIAN_POINT('Origin',(0.,9.62499999999999,-3.44749999999999));
#3590=CARTESIAN_POINT('',(0.175,-9.49138683228114,-3.44749999999998));
#3591=CARTESIAN_POINT('',(0.175,-9.62340895940723,-3.44749999999998));
#3592=CARTESIAN_POINT('',(8.13228211390062,-4.89724786180277,-3.44749999999998));
#3593=CARTESIAN_POINT('Origin',(0.,6.42939569552381E-18,-3.44749999999998));
#3594=CARTESIAN_POINT('',(8.24661662985349,-4.96325892536583,-3.44749999999998));
#3595=CARTESIAN_POINT('Origin',(0.,9.62499999999999,-3.44749999999999));
#3596=CARTESIAN_POINT('',(-8.13228211390055,-4.89724786180289,-3.44749999999998));
#3597=CARTESIAN_POINT('',(-8.24661662985341,-4.96325892536593,-3.44749999999998));
#3598=CARTESIAN_POINT('',(-0.175,-9.49138683228114,-3.44749999999998));
#3599=CARTESIAN_POINT('Origin',(0.,6.42939569552381E-18,-3.44749999999998));
#3600=CARTESIAN_POINT('',(-0.175,-9.62340895940725,-3.44749999999998));
#3601=CARTESIAN_POINT('Origin',(0.,9.62499999999999,-3.44749999999999));
#3602=CARTESIAN_POINT('',(-8.30728211390059,4.59413897047827,-3.44749999999998));
#3603=CARTESIAN_POINT('',(-8.42161662985345,4.66015003404132,-3.44749999999998));
#3604=CARTESIAN_POINT('',(-8.30728211390056,-4.59413897047833,-3.44749999999998));
#3605=CARTESIAN_POINT('Origin',(0.,6.42939569552381E-18,-3.44749999999998));
#3606=CARTESIAN_POINT('',(-8.42161662985343,-4.66015003404139,-3.44749999999998));
#3607=CARTESIAN_POINT('Origin',(0.,9.62499999999999,-3.44749999999999));
#3608=CARTESIAN_POINT('',(-0.175,9.49138683228114,-3.44749999999998));
#3609=CARTESIAN_POINT('',(-0.175,9.62340895940723,-3.44749999999998));
#3610=CARTESIAN_POINT('',(-8.13228211390059,4.89724786180283,-3.44749999999998));
#3611=CARTESIAN_POINT('Origin',(0.,6.42939569552381E-18,-3.44749999999998));
#3612=CARTESIAN_POINT('',(-8.24661662985346,4.96325892536588,-3.44749999999998));
#3613=CARTESIAN_POINT('Origin',(0.,0.,-3.49999999999999));
#3614=CARTESIAN_POINT('',(8.30728211390062,-4.59413897047822,-3.29499999999998));
#3615=CARTESIAN_POINT('',(8.30728211390062,-4.59413897047822,-2.82599679828606));
#3616=CARTESIAN_POINT('',(8.30728211390052,4.59413897047839,-3.29499999999998));
#3617=CARTESIAN_POINT('Origin',(0.,2.51052593825214E-17,-3.29499999999998));
#3618=CARTESIAN_POINT('',(8.30728211390052,4.59413897047839,-2.82599679828606));
#3619=CARTESIAN_POINT('Origin',(0.,0.,-3.49999999999999));
#3620=CARTESIAN_POINT('',(0.175,-9.49138683228114,-3.29499999999998));
#3621=CARTESIAN_POINT('',(0.175,-9.49138683228114,-2.92036353809609));
#3622=CARTESIAN_POINT('',(8.13228211390062,-4.89724786180277,-3.29499999999998));
#3623=CARTESIAN_POINT('Origin',(0.,2.51052593825214E-17,-3.29499999999998));
#3624=CARTESIAN_POINT('',(8.13228211390062,-4.89724786180277,-2.82599679828606));
#3625=CARTESIAN_POINT('Origin',(0.,0.,-3.49999999999999));
#3626=CARTESIAN_POINT('',(-8.13228211390055,-4.89724786180289,-3.29499999999998));
#3627=CARTESIAN_POINT('',(-8.13228211390055,-4.89724786180289,-2.82599679828606));
#3628=CARTESIAN_POINT('',(-0.175,-9.49138683228114,-3.29499999999998));
#3629=CARTESIAN_POINT('Origin',(0.,2.51052593825214E-17,-3.29499999999998));
#3630=CARTESIAN_POINT('',(-0.175,-9.49138683228114,-2.92036353809609));
#3631=CARTESIAN_POINT('Origin',(0.,0.,-3.49999999999999));
#3632=CARTESIAN_POINT('',(-8.30728211390059,4.59413897047827,-3.29499999999998));
#3633=CARTESIAN_POINT('',(-8.30728211390059,4.59413897047827,-2.82599679828607));
#3634=CARTESIAN_POINT('',(-8.30728211390056,-4.59413897047833,-3.29499999999998));
#3635=CARTESIAN_POINT('Origin',(0.,2.51052593825214E-17,-3.29499999999998));
#3636=CARTESIAN_POINT('',(-8.30728211390056,-4.59413897047833,-2.82599679828606));
#3637=CARTESIAN_POINT('Origin',(0.,0.,-3.49999999999999));
#3638=CARTESIAN_POINT('',(-0.175,9.49138683228114,-3.29499999999998));
#3639=CARTESIAN_POINT('',(-0.175,9.49138683228114,-2.9203635380961));
#3640=CARTESIAN_POINT('',(-8.13228211390059,4.89724786180283,-3.29499999999998));
#3641=CARTESIAN_POINT('Origin',(0.,2.51052593825214E-17,-3.29499999999998));
#3642=CARTESIAN_POINT('',(-8.13228211390059,4.89724786180283,-2.82599679828607));
#3643=CARTESIAN_POINT('Origin',(0.,9.493,-3.29499999999998));
#3644=CARTESIAN_POINT('',(8.42161662985348,-4.66015003404126,-3.29499999999998));
#3645=CARTESIAN_POINT('',(8.42161662985339,4.66015003404145,-3.29499999999998));
#3646=CARTESIAN_POINT('Origin',(0.,9.493,-3.29499999999998));
#3647=CARTESIAN_POINT('',(0.175,-9.62340895940723,-3.29499999999998));
#3648=CARTESIAN_POINT('',(8.24661662985349,-4.96325892536583,-3.29499999999998));
#3649=CARTESIAN_POINT('Origin',(0.,9.493,-3.29499999999998));
#3650=CARTESIAN_POINT('',(-8.24661662985341,-4.96325892536593,-3.29499999999998));
#3651=CARTESIAN_POINT('',(-0.175,-9.62340895940725,-3.29499999999998));
#3652=CARTESIAN_POINT('Origin',(0.,9.493,-3.29499999999998));
#3653=CARTESIAN_POINT('',(-8.42161662985345,4.66015003404132,-3.29499999999998));
#3654=CARTESIAN_POINT('',(-8.42161662985343,-4.66015003404139,-3.29499999999998));
#3655=CARTESIAN_POINT('Origin',(0.,9.493,-3.29499999999998));
#3656=CARTESIAN_POINT('',(-0.175,9.62340895940723,-3.29499999999998));
#3657=CARTESIAN_POINT('',(-8.24661662985346,4.96325892536588,-3.29499999999998));
#3658=CARTESIAN_POINT('Origin',(0.,0.,-3.49999999999999));
#3659=CARTESIAN_POINT('',(8.24661662985338,4.96325892536599,-3.44749999999998));
#3660=CARTESIAN_POINT('',(0.175,9.62340895940725,-3.44749999999998));
#3661=CARTESIAN_POINT('Origin',(0.,6.42939569552381E-18,-3.44749999999998));
#3662=CARTESIAN_POINT('',(0.175,9.62340895940725,-2.9203635380961));
#3663=CARTESIAN_POINT('',(8.24661662985338,4.96325892536599,-2.82599679828606));
#3664=CARTESIAN_POINT('Origin',(0.,9.62499999999999,-3.44749999999999));
#3665=CARTESIAN_POINT('',(8.13228211390052,4.89724786180294,-3.44749999999998));
#3666=CARTESIAN_POINT('',(0.175,9.49138683228114,-3.44749999999998));
#3667=CARTESIAN_POINT('Origin',(0.,6.42939569552381E-18,-3.44749999999998));
#3668=CARTESIAN_POINT('',(0.175,9.62340895940725,-3.44749999999998));
#3669=CARTESIAN_POINT('',(8.24661662985338,4.96325892536599,-3.44749999999998));
#3670=CARTESIAN_POINT('Origin',(0.,0.,-3.49999999999999));
#3671=CARTESIAN_POINT('',(8.13228211390052,4.89724786180294,-3.29499999999998));
#3672=CARTESIAN_POINT('',(0.175,9.49138683228114,-3.29499999999998));
#3673=CARTESIAN_POINT('Origin',(0.,2.51052593825214E-17,-3.29499999999998));
#3674=CARTESIAN_POINT('',(0.175,9.49138683228114,-2.9203635380961));
#3675=CARTESIAN_POINT('',(8.13228211390052,4.89724786180294,-2.82599679828606));
#3676=CARTESIAN_POINT('Origin',(0.,9.493,-3.29499999999998));
#3677=CARTESIAN_POINT('',(0.175,9.62340895940725,-3.29499999999998));
#3678=CARTESIAN_POINT('',(8.24661662985338,4.96325892536599,-3.29499999999998));
#3679=CARTESIAN_POINT('Origin',(0.,9.405,-3.14499999999999));
#3680=CARTESIAN_POINT('Origin',(0.,8.52499999999999,-3.29499999999998));
#3681=CARTESIAN_POINT('Origin',(0.,6.0375,-2.12833333333332));
#3682=CARTESIAN_POINT('Origin',(0.,6.1125,-3.19499999999998));
#3683=CARTESIAN_POINT('Origin',(0.,9.62499999999999,-3.04499999999998));
#3684=CARTESIAN_POINT('Origin',(0.,-1.16669941736537E-14,-2.9203635380961));
#3685=CARTESIAN_POINT('',(-0.175,9.62340895940723,-2.9203635380961));
#3686=CARTESIAN_POINT('',(0.175,9.62340895940725,-2.9203635380961));
#3687=CARTESIAN_POINT('Origin',(0.175,9.62340895940725,-2.9203635380961));
#3688=CARTESIAN_POINT('Origin',(-0.175,9.62340895940723,-2.9203635380961));
#3689=CARTESIAN_POINT('Origin',(9.80419511729134E-15,-6.00653948349791E-15,
-2.82599679828607));
#3690=CARTESIAN_POINT('',(-8.42161662985345,4.66015003404132,-2.82599679828607));
#3691=CARTESIAN_POINT('',(-8.24661662985346,4.96325892536588,-2.82599679828607));
#3692=CARTESIAN_POINT('Origin',(-8.24661662985346,4.96325892536588,-2.82599679828607));
#3693=CARTESIAN_POINT('Origin',(-8.42161662985345,4.66015003404132,-2.82599679828607));
#3694=CARTESIAN_POINT('Origin',(9.80419511729131E-15,5.31436989681364E-15,
-2.82599679828606));
#3695=CARTESIAN_POINT('',(-8.24661662985341,-4.96325892536593,-2.82599679828606));
#3696=CARTESIAN_POINT('',(-8.42161662985343,-4.66015003404139,-2.82599679828606));
#3697=CARTESIAN_POINT('Origin',(-8.42161662985343,-4.66015003404139,-2.82599679828606));
#3698=CARTESIAN_POINT('Origin',(-8.24661662985341,-4.96325892536593,-2.82599679828606));
#3699=CARTESIAN_POINT('Origin',(-0.175,-9.62340895940725,-2.92036353809609));
#3700=CARTESIAN_POINT('Origin',(0.175,-9.62340895940723,-2.92036353809609));
#3701=CARTESIAN_POINT('Origin',(-9.80419511729138E-15,5.3143698968135E-15,
-2.82599679828606));
#3702=CARTESIAN_POINT('',(8.42161662985348,-4.66015003404126,-2.82599679828606));
#3703=CARTESIAN_POINT('',(8.24661662985349,-4.96325892536583,-2.82599679828606));
#3704=CARTESIAN_POINT('Origin',(8.24661662985349,-4.96325892536583,-2.82599679828606));
#3705=CARTESIAN_POINT('Origin',(8.42161662985348,-4.66015003404126,-2.82599679828606));
#3706=CARTESIAN_POINT('Origin',(-9.80419511729126E-15,-6.00653948349805E-15,
-2.82599679828606));
#3707=CARTESIAN_POINT('',(8.24661662985338,4.96325892536599,-2.82599679828606));
#3708=CARTESIAN_POINT('',(8.42161662985339,4.66015003404145,-2.82599679828606));
#3709=CARTESIAN_POINT('Origin',(8.42161662985339,4.66015003404145,-2.82599679828606));
#3710=CARTESIAN_POINT('Origin',(8.24661662985338,4.96325892536599,-2.82599679828606));
#3711=CARTESIAN_POINT('Origin',(0.,1.09517114017985E-14,2.92036353809609));
#3712=CARTESIAN_POINT('',(0.175,-9.62340895940726,3.29499999999998));
#3713=CARTESIAN_POINT('',(-0.175,-9.62340895940725,3.29499999999998));
#3714=CARTESIAN_POINT('Origin',(0.,1.08599519330156E-14,3.29499999999998));
#3715=CARTESIAN_POINT('',(-0.175,-9.62340895940725,3.39499999999998));
#3716=CARTESIAN_POINT('',(-0.175,-9.62340895940725,2.92036353809609));
#3717=CARTESIAN_POINT('',(0.175,-9.62340895940723,3.39499999999998));
#3718=CARTESIAN_POINT('Origin',(0.,-2.14313189850795E-17,3.39499999999999));
#3719=CARTESIAN_POINT('',(0.175,-9.62340895940723,2.92036353809609));
#3720=CARTESIAN_POINT('Origin',(0.,-2.25947334442687E-16,5.34499999999999));
#3721=CARTESIAN_POINT('',(-1.17457803224471E-15,-9.59115749179679,3.14499999999998));
#3722=CARTESIAN_POINT('Origin',(0.,4.3474961369731E-17,3.14499999999999));
#3723=CARTESIAN_POINT('',(-1.12930674137473E-15,-9.22148934828391,3.17628022472432));
#3724=CARTESIAN_POINT('Origin',(-1.17457803224471E-15,-9.59115749179679,
5.34499999999999));
#3725=CARTESIAN_POINT('Origin',(0.,3.96442386612043E-17,3.17628022472433));
#3726=CARTESIAN_POINT('Origin',(0.,2.94527555194939E-16,1.09499999999998));
#3727=CARTESIAN_POINT('',(-1.06648496949647E-15,-8.70851065171608,3.26371977527565));
#3728=CARTESIAN_POINT('Origin',(0.,2.89359820910477E-17,3.26371977527565));
#3729=CARTESIAN_POINT('',(-1.02121367862649E-15,-8.3388425082032,3.29499999999998));
#3730=CARTESIAN_POINT('Origin',(-1.02121367862649E-15,-8.3388425082032,
1.09499999999998));
#3731=CARTESIAN_POINT('Origin',(0.,2.51052593825212E-17,3.29499999999998));
#3732=CARTESIAN_POINT('Origin',(0.,3.73517273739948E-17,3.19499999999998));
#3733=CARTESIAN_POINT('',(-1.04401139627312E-15,-8.52499999999999,3.19499999999998));
#3734=CARTESIAN_POINT('Origin',(0.,3.73517273739948E-17,3.19499999999998));
#3735=CARTESIAN_POINT('',(-1.15178031459809E-15,-9.405,3.04499999999998));
#3736=CARTESIAN_POINT('',(-1.04401139627312E-15,-8.52499999999999,3.19499999999998));
#3737=CARTESIAN_POINT('Origin',(0.,5.57214293612048E-17,3.04499999999998));
#3738=CARTESIAN_POINT('Origin',(0.,0.,3.11999999999998));
#3739=CARTESIAN_POINT('',(-7.4856535597882E-16,6.1125,3.19499999999998));
#3740=CARTESIAN_POINT('Origin',(0.,3.7351727373995E-17,3.19499999999998));
#3741=CARTESIAN_POINT('',(-7.39380504985215E-16,6.0375,3.11999999999998));
#3742=CARTESIAN_POINT('Origin',(-7.4856535597882E-16,6.1125,3.11999999999998));
#3743=CARTESIAN_POINT('Origin',(0.,4.65365783676002E-17,3.11999999999998));
#3744=CARTESIAN_POINT('Origin',(0.,0.,3.49999999999999));
#3745=CARTESIAN_POINT('',(-7.39380504985215E-16,6.0375,2.12833333333332));
#3746=CARTESIAN_POINT('',(-7.39380504985215E-16,6.0375,3.49999999999999));
#3747=CARTESIAN_POINT('Origin',(0.,1.67980719283046E-16,2.12833333333332));
#3748=CARTESIAN_POINT('Origin',(0.,0.,3.49999999999999));
#3749=CARTESIAN_POINT('',(-7.27134036993741E-16,5.9375,2.12833333333332));
#3750=CARTESIAN_POINT('Origin',(0.,1.67980719283046E-16,2.12833333333332));
#3751=CARTESIAN_POINT('',(-7.27134036993741E-16,5.9375,3.11999999999998));
#3752=CARTESIAN_POINT('',(-7.27134036993741E-16,5.9375,3.49999999999999));
#3753=CARTESIAN_POINT('Origin',(0.,4.65365783676002E-17,3.11999999999998));
#3754=CARTESIAN_POINT('Origin',(0.,0.,3.11999999999998));
#3755=CARTESIAN_POINT('',(-7.4856535597882E-16,6.1125,3.29499999999998));
#3756=CARTESIAN_POINT('Origin',(-7.4856535597882E-16,6.1125,3.11999999999998));
#3757=CARTESIAN_POINT('Origin',(0.,2.51052593825213E-17,3.29499999999998));
#3758=CARTESIAN_POINT('Origin',(0.,4.34749613697309E-17,3.14499999999999));
#3759=CARTESIAN_POINT('',(-1.15178031459809E-15,-9.405,3.14499999999999));
#3760=CARTESIAN_POINT('Origin',(0.,0.,3.21999999999998));
#3761=CARTESIAN_POINT('',(-1.17872254417933E-15,9.62499999999999,3.14499999999999));
#3762=CARTESIAN_POINT('Origin',(0.,4.34749613697311E-17,3.14499999999998));
#3763=CARTESIAN_POINT('',(-1.17872254417933E-15,9.62499999999999,3.29499999999998));
#3764=CARTESIAN_POINT('Origin',(-1.17872254417933E-15,9.62499999999999,
3.21999999999998));
#3765=CARTESIAN_POINT('',(-0.175,9.62340895940726,3.29499999999998));
#3766=CARTESIAN_POINT('Origin',(0.,2.51052593825214E-17,3.29499999999998));
#3767=CARTESIAN_POINT('',(-8.24661662985346,4.96325892536588,3.29499999999998));
#3768=CARTESIAN_POINT('Origin',(0.,2.51052593825214E-17,3.29499999999998));
#3769=CARTESIAN_POINT('',(-8.42161662985347,4.66015003404133,3.29499999999998));
#3770=CARTESIAN_POINT('Origin',(9.75445379902929E-15,-6.03525764698635E-15,
3.29499999999998));
#3771=CARTESIAN_POINT('',(-8.42161662985343,-4.66015003404139,3.29499999999998));
#3772=CARTESIAN_POINT('Origin',(0.,2.51052593825214E-17,3.29499999999998));
#3773=CARTESIAN_POINT('',(-8.24661662985343,-4.96325892536595,3.29499999999998));
#3774=CARTESIAN_POINT('Origin',(9.75445379902926E-15,5.22821540634832E-15,
3.29499999999998));
#3775=CARTESIAN_POINT('Origin',(0.,2.51052593825214E-17,3.29499999999998));
#3776=CARTESIAN_POINT('',(8.24661662985349,-4.96325892536583,3.29499999999998));
#3777=CARTESIAN_POINT('Origin',(0.,2.51052593825214E-17,3.29499999999998));
#3778=CARTESIAN_POINT('',(8.4216166298535,-4.66015003404127,3.29499999999998));
#3779=CARTESIAN_POINT('Origin',(-9.75445379902933E-15,5.22821540634818E-15,
3.29499999999998));
#3780=CARTESIAN_POINT('',(8.42161662985339,4.66015003404145,3.29499999999998));
#3781=CARTESIAN_POINT('Origin',(0.,2.51052593825214E-17,3.29499999999998));
#3782=CARTESIAN_POINT('',(8.2466166298534,4.963258925366,3.29499999999998));
#3783=CARTESIAN_POINT('Origin',(-9.75445379902922E-15,-6.03525764698649E-15,
3.29499999999998));
#3784=CARTESIAN_POINT('',(0.175,9.62340895940725,3.29499999999998));
#3785=CARTESIAN_POINT('Origin',(0.,2.51052593825214E-17,3.29499999999998));
#3786=CARTESIAN_POINT('Origin',(0.,2.51052593825214E-17,3.29499999999998));
#3787=CARTESIAN_POINT('Origin',(0.,0.,3.21999999999998));
#3788=CARTESIAN_POINT('',(-8.24661662985341,-4.96325892536593,3.39499999999998));
#3789=CARTESIAN_POINT('Origin',(0.,1.28587913910475E-17,3.39499999999998));
#3790=CARTESIAN_POINT('',(-8.42161662985343,-4.66015003404139,3.39499999999998));
#3791=CARTESIAN_POINT('Origin',(0.,-2.14313189850795E-17,3.39499999999999));
#3792=CARTESIAN_POINT('',(-8.42161662985345,4.66015003404132,3.39499999999998));
#3793=CARTESIAN_POINT('Origin',(0.,1.28587913910475E-17,3.39499999999998));
#3794=CARTESIAN_POINT('',(-8.24661662985346,4.96325892536588,3.39499999999998));
#3795=CARTESIAN_POINT('Origin',(0.,-2.14313189850795E-17,3.39499999999999));
#3796=CARTESIAN_POINT('',(-0.175,9.62340895940723,3.39499999999998));
#3797=CARTESIAN_POINT('Origin',(0.,1.28587913910475E-17,3.39499999999998));
#3798=CARTESIAN_POINT('',(-1.17872254417933E-15,9.62499999999999,3.39499999999998));
#3799=CARTESIAN_POINT('Origin',(0.,1.28587913910475E-17,3.39499999999998));
#3800=CARTESIAN_POINT('',(-1.17872254417933E-15,9.62499999999999,3.04499999999997));
#3801=CARTESIAN_POINT('Origin',(-1.17872254417933E-15,9.62499999999999,
3.21999999999998));
#3802=CARTESIAN_POINT('Origin',(0.,5.57214293612065E-17,3.04499999999997));
#3803=CARTESIAN_POINT('',(0.175,9.62340895940725,3.39499999999998));
#3804=CARTESIAN_POINT('Origin',(0.,1.28587913910475E-17,3.39499999999998));
#3805=CARTESIAN_POINT('',(8.24661662985338,4.96325892536599,3.39499999999998));
#3806=CARTESIAN_POINT('Origin',(0.,1.28587913910475E-17,3.39499999999998));
#3807=CARTESIAN_POINT('',(8.42161662985339,4.66015003404145,3.39499999999998));
#3808=CARTESIAN_POINT('Origin',(0.,-2.14313189850795E-17,3.39499999999999));
#3809=CARTESIAN_POINT('',(8.42161662985348,-4.66015003404126,3.39499999999998));
#3810=CARTESIAN_POINT('Origin',(0.,1.28587913910475E-17,3.39499999999998));
#3811=CARTESIAN_POINT('',(8.24661662985349,-4.96325892536583,3.39499999999998));
#3812=CARTESIAN_POINT('Origin',(0.,-2.14313189850795E-17,3.39499999999999));
#3813=CARTESIAN_POINT('Origin',(0.,1.28587913910475E-17,3.39499999999998));
#3814=CARTESIAN_POINT('Origin',(0.,0.,3.49999999999999));
#3815=CARTESIAN_POINT('',(8.42161662985339,4.66015003404145,3.44749999999998));
#3816=CARTESIAN_POINT('',(8.42161662985339,4.66015003404145,2.82599679828606));
#3817=CARTESIAN_POINT('',(8.42161662985348,-4.66015003404126,3.44749999999998));
#3818=CARTESIAN_POINT('Origin',(0.,6.42939569552381E-18,3.44749999999998));
#3819=CARTESIAN_POINT('',(8.42161662985348,-4.66015003404126,2.82599679828606));
#3820=CARTESIAN_POINT('Origin',(0.,0.,3.49999999999999));
#3821=CARTESIAN_POINT('',(8.24661662985349,-4.96325892536583,3.44749999999998));
#3822=CARTESIAN_POINT('',(8.24661662985349,-4.96325892536583,2.82599679828606));
#3823=CARTESIAN_POINT('',(0.175,-9.62340895940723,3.44749999999998));
#3824=CARTESIAN_POINT('Origin',(0.,6.42939569552381E-18,3.44749999999998));
#3825=CARTESIAN_POINT('',(0.175,-9.62340895940723,2.92036353809609));
#3826=CARTESIAN_POINT('Origin',(0.,0.,3.49999999999999));
#3827=CARTESIAN_POINT('',(-0.175,-9.62340895940725,3.44749999999998));
#3828=CARTESIAN_POINT('',(-0.175,-9.62340895940725,2.92036353809609));
#3829=CARTESIAN_POINT('',(-8.24661662985341,-4.96325892536593,3.44749999999998));
#3830=CARTESIAN_POINT('Origin',(0.,6.42939569552381E-18,3.44749999999998));
#3831=CARTESIAN_POINT('',(-8.24661662985341,-4.96325892536593,2.82599679828606));
#3832=CARTESIAN_POINT('Origin',(0.,0.,3.49999999999999));
#3833=CARTESIAN_POINT('',(-8.42161662985343,-4.66015003404139,3.44749999999998));
#3834=CARTESIAN_POINT('',(-8.42161662985343,-4.66015003404139,2.82599679828606));
#3835=CARTESIAN_POINT('',(-8.42161662985345,4.66015003404132,3.44749999999998));
#3836=CARTESIAN_POINT('Origin',(0.,6.42939569552381E-18,3.44749999999998));
#3837=CARTESIAN_POINT('',(-8.42161662985345,4.66015003404132,2.82599679828607));
#3838=CARTESIAN_POINT('Origin',(0.,0.,3.49999999999999));
#3839=CARTESIAN_POINT('',(-8.24661662985346,4.96325892536588,3.44749999999998));
#3840=CARTESIAN_POINT('',(-8.24661662985346,4.96325892536588,2.82599679828607));
#3841=CARTESIAN_POINT('',(-0.175,9.62340895940723,3.44749999999998));
#3842=CARTESIAN_POINT('Origin',(0.,6.42939569552381E-18,3.44749999999998));
#3843=CARTESIAN_POINT('',(-0.175,9.62340895940723,2.9203635380961));
#3844=CARTESIAN_POINT('Origin',(0.,9.62499999999999,3.44749999999999));
#3845=CARTESIAN_POINT('',(8.30728211390052,4.59413897047839,3.44749999999998));
#3846=CARTESIAN_POINT('',(8.42161662985339,4.66015003404145,3.44749999999998));
#3847=CARTESIAN_POINT('',(8.30728211390062,-4.59413897047822,3.44749999999998));
#3848=CARTESIAN_POINT('Origin',(0.,6.42939569552381E-18,3.44749999999998));
#3849=CARTESIAN_POINT('',(8.42161662985348,-4.66015003404126,3.44749999999998));
#3850=CARTESIAN_POINT('Origin',(0.,9.62499999999999,3.44749999999999));
#3851=CARTESIAN_POINT('',(8.13228211390062,-4.89724786180277,3.44749999999998));
#3852=CARTESIAN_POINT('',(8.24661662985349,-4.96325892536583,3.44749999999998));
#3853=CARTESIAN_POINT('',(0.175,-9.49138683228114,3.44749999999998));
#3854=CARTESIAN_POINT('Origin',(0.,6.42939569552381E-18,3.44749999999998));
#3855=CARTESIAN_POINT('',(0.175,-9.62340895940723,3.44749999999998));
#3856=CARTESIAN_POINT('Origin',(0.,9.62499999999999,3.44749999999999));
#3857=CARTESIAN_POINT('',(-0.175,-9.49138683228114,3.44749999999998));
#3858=CARTESIAN_POINT('',(-0.175,-9.62340895940725,3.44749999999998));
#3859=CARTESIAN_POINT('',(-8.13228211390055,-4.89724786180289,3.44749999999998));
#3860=CARTESIAN_POINT('Origin',(0.,6.42939569552381E-18,3.44749999999998));
#3861=CARTESIAN_POINT('',(-8.24661662985341,-4.96325892536593,3.44749999999998));
#3862=CARTESIAN_POINT('Origin',(0.,9.62499999999999,3.44749999999999));
#3863=CARTESIAN_POINT('',(-8.30728211390056,-4.59413897047833,3.44749999999998));
#3864=CARTESIAN_POINT('',(-8.42161662985343,-4.66015003404139,3.44749999999998));
#3865=CARTESIAN_POINT('',(-8.30728211390059,4.59413897047827,3.44749999999998));
#3866=CARTESIAN_POINT('Origin',(0.,6.42939569552381E-18,3.44749999999998));
#3867=CARTESIAN_POINT('',(-8.42161662985345,4.66015003404132,3.44749999999998));
#3868=CARTESIAN_POINT('Origin',(0.,9.62499999999999,3.44749999999999));
#3869=CARTESIAN_POINT('',(-8.13228211390059,4.89724786180283,3.44749999999998));
#3870=CARTESIAN_POINT('',(-8.24661662985346,4.96325892536588,3.44749999999998));
#3871=CARTESIAN_POINT('',(-0.175,9.49138683228114,3.44749999999998));
#3872=CARTESIAN_POINT('Origin',(0.,6.42939569552381E-18,3.44749999999998));
#3873=CARTESIAN_POINT('',(-0.175,9.62340895940723,3.44749999999998));
#3874=CARTESIAN_POINT('Origin',(0.,0.,3.49999999999999));
#3875=CARTESIAN_POINT('',(8.30728211390052,4.59413897047839,3.29499999999998));
#3876=CARTESIAN_POINT('',(8.30728211390052,4.59413897047839,2.82599679828606));
#3877=CARTESIAN_POINT('',(8.30728211390062,-4.59413897047822,3.29499999999998));
#3878=CARTESIAN_POINT('Origin',(0.,2.51052593825214E-17,3.29499999999998));
#3879=CARTESIAN_POINT('',(8.30728211390062,-4.59413897047822,2.82599679828606));
#3880=CARTESIAN_POINT('Origin',(0.,0.,3.49999999999999));
#3881=CARTESIAN_POINT('',(8.13228211390062,-4.89724786180277,3.29499999999998));
#3882=CARTESIAN_POINT('',(8.13228211390062,-4.89724786180277,2.82599679828606));
#3883=CARTESIAN_POINT('',(0.175,-9.49138683228114,3.29499999999998));
#3884=CARTESIAN_POINT('Origin',(0.,2.51052593825214E-17,3.29499999999998));
#3885=CARTESIAN_POINT('',(0.175,-9.49138683228114,2.92036353809609));
#3886=CARTESIAN_POINT('Origin',(0.,0.,3.49999999999999));
#3887=CARTESIAN_POINT('',(-0.175,-9.49138683228114,3.29499999999998));
#3888=CARTESIAN_POINT('',(-0.175,-9.49138683228114,2.92036353809609));
#3889=CARTESIAN_POINT('',(-8.13228211390055,-4.89724786180289,3.29499999999998));
#3890=CARTESIAN_POINT('Origin',(0.,2.51052593825214E-17,3.29499999999998));
#3891=CARTESIAN_POINT('',(-8.13228211390055,-4.89724786180289,2.82599679828606));
#3892=CARTESIAN_POINT('Origin',(0.,0.,3.49999999999999));
#3893=CARTESIAN_POINT('',(-8.30728211390056,-4.59413897047833,3.29499999999998));
#3894=CARTESIAN_POINT('',(-8.30728211390056,-4.59413897047833,2.82599679828606));
#3895=CARTESIAN_POINT('',(-8.30728211390059,4.59413897047827,3.29499999999998));
#3896=CARTESIAN_POINT('Origin',(0.,2.51052593825214E-17,3.29499999999998));
#3897=CARTESIAN_POINT('',(-8.30728211390059,4.59413897047827,2.82599679828607));
#3898=CARTESIAN_POINT('Origin',(0.,0.,3.49999999999999));
#3899=CARTESIAN_POINT('',(-8.13228211390059,4.89724786180283,3.29499999999998));
#3900=CARTESIAN_POINT('',(-8.13228211390059,4.89724786180283,2.82599679828607));
#3901=CARTESIAN_POINT('',(-0.175,9.49138683228114,3.29499999999998));
#3902=CARTESIAN_POINT('Origin',(0.,2.51052593825214E-17,3.29499999999998));
#3903=CARTESIAN_POINT('',(-0.175,9.49138683228114,2.9203635380961));
#3904=CARTESIAN_POINT('Origin',(0.,9.493,3.29499999999998));
#3905=CARTESIAN_POINT('',(8.42161662985339,4.66015003404145,3.29499999999998));
#3906=CARTESIAN_POINT('',(8.42161662985348,-4.66015003404126,3.29499999999998));
#3907=CARTESIAN_POINT('Origin',(0.,9.493,3.29499999999998));
#3908=CARTESIAN_POINT('',(8.24661662985349,-4.96325892536583,3.29499999999998));
#3909=CARTESIAN_POINT('',(0.175,-9.62340895940723,3.29499999999998));
#3910=CARTESIAN_POINT('Origin',(0.,9.493,3.29499999999998));
#3911=CARTESIAN_POINT('',(-0.175,-9.62340895940725,3.29499999999998));
#3912=CARTESIAN_POINT('',(-8.24661662985341,-4.96325892536593,3.29499999999998));
#3913=CARTESIAN_POINT('Origin',(0.,9.493,3.29499999999998));
#3914=CARTESIAN_POINT('',(-8.42161662985343,-4.66015003404139,3.29499999999998));
#3915=CARTESIAN_POINT('',(-8.42161662985345,4.66015003404132,3.29499999999998));
#3916=CARTESIAN_POINT('Origin',(0.,9.493,3.29499999999998));
#3917=CARTESIAN_POINT('',(-8.24661662985346,4.96325892536588,3.29499999999998));
#3918=CARTESIAN_POINT('',(-0.175,9.62340895940723,3.29499999999998));
#3919=CARTESIAN_POINT('Origin',(0.,0.,3.49999999999999));
#3920=CARTESIAN_POINT('',(8.24661662985338,4.96325892536599,3.44749999999998));
#3921=CARTESIAN_POINT('',(0.175,9.62340895940725,3.44749999999998));
#3922=CARTESIAN_POINT('Origin',(0.,6.42939569552381E-18,3.44749999999998));
#3923=CARTESIAN_POINT('',(8.24661662985338,4.96325892536599,2.82599679828606));
#3924=CARTESIAN_POINT('',(0.175,9.62340895940725,2.9203635380961));
#3925=CARTESIAN_POINT('Origin',(0.,9.62499999999999,3.44749999999999));
#3926=CARTESIAN_POINT('',(8.13228211390052,4.89724786180294,3.44749999999998));
#3927=CARTESIAN_POINT('',(0.175,9.49138683228114,3.44749999999998));
#3928=CARTESIAN_POINT('Origin',(0.,6.42939569552381E-18,3.44749999999998));
#3929=CARTESIAN_POINT('',(8.24661662985338,4.96325892536599,3.44749999999998));
#3930=CARTESIAN_POINT('',(0.175,9.62340895940725,3.44749999999998));
#3931=CARTESIAN_POINT('Origin',(0.,0.,3.49999999999999));
#3932=CARTESIAN_POINT('',(8.13228211390052,4.89724786180294,3.29499999999998));
#3933=CARTESIAN_POINT('',(0.175,9.49138683228114,3.29499999999998));
#3934=CARTESIAN_POINT('Origin',(0.,2.51052593825214E-17,3.29499999999998));
#3935=CARTESIAN_POINT('',(8.13228211390052,4.89724786180294,2.82599679828606));
#3936=CARTESIAN_POINT('',(0.175,9.49138683228114,2.9203635380961));
#3937=CARTESIAN_POINT('Origin',(0.,9.493,3.29499999999998));
#3938=CARTESIAN_POINT('',(8.24661662985338,4.96325892536599,3.29499999999998));
#3939=CARTESIAN_POINT('',(0.175,9.62340895940725,3.29499999999998));
#3940=CARTESIAN_POINT('Origin',(0.,9.405,3.14499999999999));
#3941=CARTESIAN_POINT('Origin',(0.,8.52499999999999,3.29499999999998));
#3942=CARTESIAN_POINT('Origin',(0.,6.0375,2.12833333333332));
#3943=CARTESIAN_POINT('Origin',(0.,6.1125,3.19499999999998));
#3944=CARTESIAN_POINT('Origin',(0.,9.62499999999999,3.04499999999998));
#3945=CARTESIAN_POINT('Origin',(0.,-1.16669941736537E-14,2.9203635380961));
#3946=CARTESIAN_POINT('',(-0.175,9.62340895940723,2.9203635380961));
#3947=CARTESIAN_POINT('',(0.175,9.62340895940725,2.9203635380961));
#3948=CARTESIAN_POINT('Origin',(0.175,9.62340895940725,2.9203635380961));
#3949=CARTESIAN_POINT('Origin',(-0.175,9.62340895940723,2.9203635380961));
#3950=CARTESIAN_POINT('Origin',(9.80419511729134E-15,-6.00653948349791E-15,
2.82599679828607));
#3951=CARTESIAN_POINT('',(-8.42161662985345,4.66015003404132,2.82599679828607));
#3952=CARTESIAN_POINT('',(-8.24661662985346,4.96325892536588,2.82599679828607));
#3953=CARTESIAN_POINT('Origin',(-8.24661662985346,4.96325892536588,2.82599679828607));
#3954=CARTESIAN_POINT('Origin',(-8.42161662985345,4.66015003404132,2.82599679828607));
#3955=CARTESIAN_POINT('Origin',(9.80419511729131E-15,5.31436989681364E-15,
2.82599679828606));
#3956=CARTESIAN_POINT('',(-8.24661662985341,-4.96325892536593,2.82599679828606));
#3957=CARTESIAN_POINT('',(-8.42161662985343,-4.66015003404139,2.82599679828606));
#3958=CARTESIAN_POINT('Origin',(-8.42161662985343,-4.66015003404139,2.82599679828606));
#3959=CARTESIAN_POINT('Origin',(-8.24661662985341,-4.96325892536593,2.82599679828606));
#3960=CARTESIAN_POINT('Origin',(-0.175,-9.62340895940725,2.92036353809609));
#3961=CARTESIAN_POINT('Origin',(0.175,-9.62340895940723,2.92036353809609));
#3962=CARTESIAN_POINT('Origin',(-9.80419511729138E-15,5.3143698968135E-15,
2.82599679828606));
#3963=CARTESIAN_POINT('',(8.42161662985348,-4.66015003404126,2.82599679828606));
#3964=CARTESIAN_POINT('',(8.24661662985349,-4.96325892536583,2.82599679828606));
#3965=CARTESIAN_POINT('Origin',(8.24661662985349,-4.96325892536583,2.82599679828606));
#3966=CARTESIAN_POINT('Origin',(8.42161662985348,-4.66015003404126,2.82599679828606));
#3967=CARTESIAN_POINT('Origin',(-9.80419511729126E-15,-6.00653948349805E-15,
2.82599679828606));
#3968=CARTESIAN_POINT('',(8.24661662985338,4.96325892536599,2.82599679828606));
#3969=CARTESIAN_POINT('',(8.42161662985339,4.66015003404145,2.82599679828606));
#3970=CARTESIAN_POINT('Origin',(8.42161662985339,4.66015003404145,2.82599679828606));
#3971=CARTESIAN_POINT('Origin',(8.24661662985338,4.96325892536599,2.82599679828606));
#3972=CARTESIAN_POINT('',(0.,0.,0.));
#3973=UNCERTAINTY_MEASURE_WITH_UNIT(LENGTH_MEASURE(0.01),#3979,
'DISTANCE_ACCURACY_VALUE',
'Maximum model space distance between geometric entities at asserted c
onnectivities');
#3974=UNCERTAINTY_MEASURE_WITH_UNIT(LENGTH_MEASURE(0.01),#3979,
'DISTANCE_ACCURACY_VALUE',
'Maximum model space distance between geometric entities at asserted c
onnectivities');
#3975=UNCERTAINTY_MEASURE_WITH_UNIT(LENGTH_MEASURE(0.01),#3979,
'DISTANCE_ACCURACY_VALUE',
'Maximum model space distance between geometric entities at asserted c
onnectivities');
#3976=(
GEOMETRIC_REPRESENTATION_CONTEXT(3)
GLOBAL_UNCERTAINTY_ASSIGNED_CONTEXT((#3973))
GLOBAL_UNIT_ASSIGNED_CONTEXT((#3979,#3981,#3982))
REPRESENTATION_CONTEXT('','3D')
);
#3977=(
GEOMETRIC_REPRESENTATION_CONTEXT(3)
GLOBAL_UNCERTAINTY_ASSIGNED_CONTEXT((#3974))
GLOBAL_UNIT_ASSIGNED_CONTEXT((#3979,#3981,#3982))
REPRESENTATION_CONTEXT('','3D')
);
#3978=(
GEOMETRIC_REPRESENTATION_CONTEXT(3)
GLOBAL_UNCERTAINTY_ASSIGNED_CONTEXT((#3975))
GLOBAL_UNIT_ASSIGNED_CONTEXT((#3979,#3981,#3982))
REPRESENTATION_CONTEXT('','3D')
);
#3979=(
LENGTH_UNIT()
NAMED_UNIT(*)
SI_UNIT(.MILLI.,.METRE.)
);
#3980=(
LENGTH_UNIT()
NAMED_UNIT(*)
SI_UNIT($,.METRE.)
);
#3981=(
NAMED_UNIT(*)
PLANE_ANGLE_UNIT()
SI_UNIT($,.RADIAN.)
);
#3982=(
NAMED_UNIT(*)
SI_UNIT($,.STERADIAN.)
SOLID_ANGLE_UNIT()
);
#3983=SHAPE_DEFINITION_REPRESENTATION(#3985,#3988);
#3984=SHAPE_DEFINITION_REPRESENTATION(#3986,#3989);
#3985=PRODUCT_DEFINITION_SHAPE('',$,#3991);
#3986=PRODUCT_DEFINITION_SHAPE('',$,#3992);
#3987=PRODUCT_DEFINITION_SHAPE($,$,#14);
#3988=SHAPE_REPRESENTATION('',(#2237,#2551),#3976);
#3989=SHAPE_REPRESENTATION('',(#2238),#3977);
#3990=PRODUCT_DEFINITION_CONTEXT('part definition',#3998,'design');
#3991=PRODUCT_DEFINITION('Radial Ball Bearing 627zz',
'Radial Ball Bearing 627zz v1',#3993,#3990);
#3992=PRODUCT_DEFINITION('4481N35_Precision Ball Bearing',
'Ball bearing 627zz',#3994,#3990);
#3993=PRODUCT_DEFINITION_FORMATION('',$,#4000);
#3994=PRODUCT_DEFINITION_FORMATION('',$,#4001);
#3995=PRODUCT_RELATED_PRODUCT_CATEGORY('Radial Ball Bearing 627zz v1',
'Radial Ball Bearing 627zz v1',(#4000));
#3996=PRODUCT_RELATED_PRODUCT_CATEGORY('Ball bearing 627zz',
'Ball bearing 627zz',(#4001));
#3997=APPLICATION_PROTOCOL_DEFINITION('international standard',
'automotive_design',2009,#3998);
#3998=APPLICATION_CONTEXT(
'Core Data for Automotive Mechanical Design Process');
#3999=PRODUCT_CONTEXT('part definition',#3998,'mechanical');
#4000=PRODUCT('Radial Ball Bearing 627zz',
'Radial Ball Bearing 627zz v1',$,(#3999));
#4001=PRODUCT('4481N35_Precision Ball Bearing','Ball bearing 627zz',$,(#3999));
#4002=PRESENTATION_STYLE_ASSIGNMENT((#4003));
#4003=SURFACE_STYLE_USAGE(.BOTH.,#4004);
#4004=SURFACE_SIDE_STYLE('',(#4005));
#4005=SURFACE_STYLE_FILL_AREA(#4006);
#4006=FILL_AREA_STYLE('Acero - Satinado',(#4007));
#4007=FILL_AREA_STYLE_COLOUR('Acero - Satinado',#4008);
#4008=COLOUR_RGB('Acero - Satinado',0.627450980392157,0.627450980392157,
0.627450980392157);
ENDSEC;
END-ISO-10303-21;
