ISO-10303-21;
HEADER;
/* Generated by software containing ST-Developer
 * from STEP Tools, Inc. (www.steptools.com) 
 */

FILE_DESCRIPTION(
/* description */ (''),
/* implementation_level */ '2;1');

FILE_NAME(
/* name */ 'Timing Belt Trapezoidal.step',
/* time_stamp */ '2026-06-11T13:05:36-04:00',
/* author */ (''),
/* organization */ (''),
/* preprocessor_version */ 'ST-DEVELOPER v20.1',
/* originating_system */ 'Autodesk Translation Framework v15.8.0.0',
/* authorisation */ '');

FILE_SCHEMA (('AUTOMOTIVE_DESIGN { 1 0 10303 214 3 1 1 }'));
ENDSEC;

DATA;
#10=MECHANICAL_DESIGN_GEOMETRIC_PRESENTATION_REPRESENTATION('',(#13,#14),
#19318);
#11=SHAPE_REPRESENTATION_RELATIONSHIP('SRR','None',#19325,#12);
#12=ADVANCED_BREP_SHAPE_REPRESENTATION('',(#15,#16),#19317);
#13=STYLED_ITEM('',(#19335),#15);
#14=STYLED_ITEM('',(#19335),#16);
#15=MANIFOLD_SOLID_BREP('Timing Belt Trapezoidal 75 teeth Part A',#12091);
#16=MANIFOLD_SOLID_BREP('Timing Belt Trapezoidal 75 teeth Part B',#12092);
#17=TOROIDAL_SURFACE('',#12381,37.5,0.3);
#18=TOROIDAL_SURFACE('',#12427,37.5,0.3);
#19=TOROIDAL_SURFACE('',#12762,37.500000000001,0.3);
#20=TOROIDAL_SURFACE('',#12765,37.500000000001,0.3);
#21=ELLIPSE('',#12380,0.300086262094303,0.3);
#22=ELLIPSE('',#12425,0.300086262094306,0.3);
#23=ELLIPSE('',#12768,12.5363499137661,0.3);
#24=ELLIPSE('',#12769,0.30008593659362,0.3);
#25=ELLIPSE('',#12771,12.5363499137655,0.3);
#26=ELLIPSE('',#12772,0.300085936593627,0.3);
#27=B_SPLINE_CURVE_WITH_KNOTS('',3,(#17413,#17414,#17415,#17416,#17417,
#17418,#17419,#17420,#17421,#17422,#17423,#17424),.UNSPECIFIED.,.F.,.F.,
(4,2,2,2,2,4),(-0.0942910328213355,-0.09403389711741,-0.0821744637905811,
-0.0704545718692315,-0.0587355418930061,-0.0470169485591163),
 .UNSPECIFIED.);
#28=B_SPLINE_CURVE_WITH_KNOTS('',3,(#17518,#17519,#17520,#17521,#17522,
#17523,#17524,#17525,#17526,#17527,#17528,#17529),.UNSPECIFIED.,.F.,.F.,
(4,2,2,2,2,4),(-0.0470169485298098,-0.0352983552028854,-0.0235793252336772,
-0.011859433319353,2.61596300177303E-15,0.000257135703814913),
 .UNSPECIFIED.);
#29=B_SPLINE_CURVE_WITH_KNOTS('',3,(#19206,#19207,#19208,#19209,#19210,
#19211,#19212),.UNSPECIFIED.,.F.,.F.,(4,3,4),(2.1863068186305,2.35447311878523,
2.43967353307287),.UNSPECIFIED.);
#30=B_SPLINE_CURVE_WITH_KNOTS('',3,(#19214,#19215,#19216,#19217,#19218,
#19219,#19220),.UNSPECIFIED.,.F.,.F.,(4,3,4),(2.26927270449758,2.35447311878522,
2.52263941893994),.UNSPECIFIED.);
#31=B_SPLINE_CURVE_WITH_KNOTS('',3,(#19225,#19226,#19227,#19228,#19229,
#19230,#19231,#19232,#19233,#19234,#19235,#19236,#19237,#19238,#19239),
 .UNSPECIFIED.,.F.,.F.,(4,3,2,2,2,2,4),(2.25097755147287,2.25290747360382,
2.48185834386017,2.58446540159232,2.68735254603472,2.73879611825592,2.74507327742029),
 .UNSPECIFIED.);
#32=B_SPLINE_CURVE_WITH_KNOTS('',3,(#19241,#19242,#19243,#19244,#19245,
#19246),.UNSPECIFIED.,.F.,.F.,(4,2,4),(0.895031412003042,0.954954052331612,
1.06533282661884),.UNSPECIFIED.);
#33=B_SPLINE_CURVE_WITH_KNOTS('',3,(#19247,#19248,#19249,#19250,#19251,
#19252,#19253,#19254,#19255,#19256),.UNSPECIFIED.,.F.,.F.,(4,2,2,2,4),(-0.047017044637984,
-0.0352984571396421,-0.0235794296596412,-0.0118595336422355,-0.00630278327994388),
 .UNSPECIFIED.);
#34=B_SPLINE_CURVE_WITH_KNOTS('',3,(#19260,#19261,#19262,#19263,#19264,
#19265,#19266,#19267,#19268,#19269,#19270),.UNSPECIFIED.,.F.,.F.,(4,2,2,
3,4),(1.75694081124793,1.91744623432449,2.02005329205665,2.24900416231299,
2.25093408444396),.UNSPECIFIED.);
#35=B_SPLINE_CURVE_WITH_KNOTS('',3,(#19275,#19276,#19277,#19278,#19279,
#19280,#19281,#19282,#19283,#19284),.UNSPECIFIED.,.F.,.F.,(4,2,2,2,4),(-0.0877313060620174,
-0.0821745556914491,-0.070454659665432,-0.0587356321768312,-0.0470170446699088),
 .UNSPECIFIED.);
#36=B_SPLINE_CURVE_WITH_KNOTS('',3,(#19285,#19286,#19287,#19288,#19289,
#19290,#19291,#19292),.UNSPECIFIED.,.F.,.F.,(4,2,2,4),(1.44459765345073,
1.47407690968107,1.64932694626627,1.6547368998212),.UNSPECIFIED.);
#37=CYLINDRICAL_SURFACE('',#12379,0.3);
#38=CYLINDRICAL_SURFACE('',#12385,0.3);
#39=CYLINDRICAL_SURFACE('',#12386,0.3);
#40=CYLINDRICAL_SURFACE('',#12389,37.8);
#41=CYLINDRICAL_SURFACE('',#12407,37.3);
#42=CYLINDRICAL_SURFACE('',#12410,36.89975);
#43=CYLINDRICAL_SURFACE('',#12411,36.89975);
#44=CYLINDRICAL_SURFACE('',#12412,36.89975);
#45=CYLINDRICAL_SURFACE('',#12413,36.89975);
#46=CYLINDRICAL_SURFACE('',#12414,36.89975);
#47=CYLINDRICAL_SURFACE('',#12415,36.89975);
#48=CYLINDRICAL_SURFACE('',#12420,37.8);
#49=CYLINDRICAL_SURFACE('',#12423,0.3);
#50=CYLINDRICAL_SURFACE('',#12426,0.3);
#51=CYLINDRICAL_SURFACE('',#12429,0.3);
#52=CYLINDRICAL_SURFACE('',#12430,36.89975);
#53=CYLINDRICAL_SURFACE('',#12431,36.89975);
#54=CYLINDRICAL_SURFACE('',#12432,36.89975);
#55=CYLINDRICAL_SURFACE('',#12716,36.8997500000055);
#56=CYLINDRICAL_SURFACE('',#12717,36.899750000004);
#57=CYLINDRICAL_SURFACE('',#12733,37.800000000001);
#58=CYLINDRICAL_SURFACE('',#12735,36.8997500000046);
#59=CYLINDRICAL_SURFACE('',#12749,36.899749999999);
#60=CYLINDRICAL_SURFACE('',#12750,36.8997499999952);
#61=CYLINDRICAL_SURFACE('',#12751,36.8997499999919);
#62=CYLINDRICAL_SURFACE('',#12752,36.8997499999896);
#63=CYLINDRICAL_SURFACE('',#12753,36.8997499999983);
#64=CYLINDRICAL_SURFACE('',#12754,36.8997500000018);
#65=CYLINDRICAL_SURFACE('',#12755,37.800000000001);
#66=CYLINDRICAL_SURFACE('',#12758,37.300000000001);
#67=CYLINDRICAL_SURFACE('',#12767,0.3);
#68=CYLINDRICAL_SURFACE('',#12770,0.3);
#69=CYLINDRICAL_SURFACE('',#12773,0.3);
#70=CYLINDRICAL_SURFACE('',#12775,0.3);
#71=CYLINDRICAL_SURFACE('',#12778,0.3);
#72=CYLINDRICAL_SURFACE('',#12780,0.3);
#73=FACE_OUTER_BOUND('',#679,.T.);
#74=FACE_OUTER_BOUND('',#680,.T.);
#75=FACE_OUTER_BOUND('',#681,.T.);
#76=FACE_OUTER_BOUND('',#682,.T.);
#77=FACE_OUTER_BOUND('',#683,.T.);
#78=FACE_OUTER_BOUND('',#684,.T.);
#79=FACE_OUTER_BOUND('',#685,.T.);
#80=FACE_OUTER_BOUND('',#686,.T.);
#81=FACE_OUTER_BOUND('',#687,.T.);
#82=FACE_OUTER_BOUND('',#688,.T.);
#83=FACE_OUTER_BOUND('',#689,.T.);
#84=FACE_OUTER_BOUND('',#690,.T.);
#85=FACE_OUTER_BOUND('',#691,.T.);
#86=FACE_OUTER_BOUND('',#692,.T.);
#87=FACE_OUTER_BOUND('',#693,.T.);
#88=FACE_OUTER_BOUND('',#694,.T.);
#89=FACE_OUTER_BOUND('',#695,.T.);
#90=FACE_OUTER_BOUND('',#696,.T.);
#91=FACE_OUTER_BOUND('',#697,.T.);
#92=FACE_OUTER_BOUND('',#698,.T.);
#93=FACE_OUTER_BOUND('',#699,.T.);
#94=FACE_OUTER_BOUND('',#700,.T.);
#95=FACE_OUTER_BOUND('',#701,.T.);
#96=FACE_OUTER_BOUND('',#702,.T.);
#97=FACE_OUTER_BOUND('',#703,.T.);
#98=FACE_OUTER_BOUND('',#704,.T.);
#99=FACE_OUTER_BOUND('',#705,.T.);
#100=FACE_OUTER_BOUND('',#706,.T.);
#101=FACE_OUTER_BOUND('',#707,.T.);
#102=FACE_OUTER_BOUND('',#708,.T.);
#103=FACE_OUTER_BOUND('',#709,.T.);
#104=FACE_OUTER_BOUND('',#710,.T.);
#105=FACE_OUTER_BOUND('',#711,.T.);
#106=FACE_OUTER_BOUND('',#712,.T.);
#107=FACE_OUTER_BOUND('',#713,.T.);
#108=FACE_OUTER_BOUND('',#714,.T.);
#109=FACE_OUTER_BOUND('',#715,.T.);
#110=FACE_OUTER_BOUND('',#716,.T.);
#111=FACE_OUTER_BOUND('',#717,.T.);
#112=FACE_OUTER_BOUND('',#718,.T.);
#113=FACE_OUTER_BOUND('',#719,.T.);
#114=FACE_OUTER_BOUND('',#720,.T.);
#115=FACE_OUTER_BOUND('',#721,.T.);
#116=FACE_OUTER_BOUND('',#722,.T.);
#117=FACE_OUTER_BOUND('',#723,.T.);
#118=FACE_OUTER_BOUND('',#724,.T.);
#119=FACE_OUTER_BOUND('',#725,.T.);
#120=FACE_OUTER_BOUND('',#726,.T.);
#121=FACE_OUTER_BOUND('',#727,.T.);
#122=FACE_OUTER_BOUND('',#728,.T.);
#123=FACE_OUTER_BOUND('',#729,.T.);
#124=FACE_OUTER_BOUND('',#730,.T.);
#125=FACE_OUTER_BOUND('',#731,.T.);
#126=FACE_OUTER_BOUND('',#732,.T.);
#127=FACE_OUTER_BOUND('',#733,.T.);
#128=FACE_OUTER_BOUND('',#734,.T.);
#129=FACE_OUTER_BOUND('',#735,.T.);
#130=FACE_OUTER_BOUND('',#736,.T.);
#131=FACE_OUTER_BOUND('',#737,.T.);
#132=FACE_OUTER_BOUND('',#738,.T.);
#133=FACE_OUTER_BOUND('',#739,.T.);
#134=FACE_OUTER_BOUND('',#740,.T.);
#135=FACE_OUTER_BOUND('',#741,.T.);
#136=FACE_OUTER_BOUND('',#742,.T.);
#137=FACE_OUTER_BOUND('',#743,.T.);
#138=FACE_OUTER_BOUND('',#744,.T.);
#139=FACE_OUTER_BOUND('',#745,.T.);
#140=FACE_OUTER_BOUND('',#746,.T.);
#141=FACE_OUTER_BOUND('',#747,.T.);
#142=FACE_OUTER_BOUND('',#748,.T.);
#143=FACE_OUTER_BOUND('',#749,.T.);
#144=FACE_OUTER_BOUND('',#750,.T.);
#145=FACE_OUTER_BOUND('',#751,.T.);
#146=FACE_OUTER_BOUND('',#752,.T.);
#147=FACE_OUTER_BOUND('',#753,.T.);
#148=FACE_OUTER_BOUND('',#754,.T.);
#149=FACE_OUTER_BOUND('',#755,.T.);
#150=FACE_OUTER_BOUND('',#756,.T.);
#151=FACE_OUTER_BOUND('',#757,.T.);
#152=FACE_OUTER_BOUND('',#758,.T.);
#153=FACE_OUTER_BOUND('',#759,.T.);
#154=FACE_OUTER_BOUND('',#760,.T.);
#155=FACE_OUTER_BOUND('',#761,.T.);
#156=FACE_OUTER_BOUND('',#762,.T.);
#157=FACE_OUTER_BOUND('',#763,.T.);
#158=FACE_OUTER_BOUND('',#764,.T.);
#159=FACE_OUTER_BOUND('',#765,.T.);
#160=FACE_OUTER_BOUND('',#766,.T.);
#161=FACE_OUTER_BOUND('',#767,.T.);
#162=FACE_OUTER_BOUND('',#768,.T.);
#163=FACE_OUTER_BOUND('',#769,.T.);
#164=FACE_OUTER_BOUND('',#770,.T.);
#165=FACE_OUTER_BOUND('',#771,.T.);
#166=FACE_OUTER_BOUND('',#772,.T.);
#167=FACE_OUTER_BOUND('',#773,.T.);
#168=FACE_OUTER_BOUND('',#774,.T.);
#169=FACE_OUTER_BOUND('',#775,.T.);
#170=FACE_OUTER_BOUND('',#776,.T.);
#171=FACE_OUTER_BOUND('',#777,.T.);
#172=FACE_OUTER_BOUND('',#778,.T.);
#173=FACE_OUTER_BOUND('',#779,.T.);
#174=FACE_OUTER_BOUND('',#780,.T.);
#175=FACE_OUTER_BOUND('',#781,.T.);
#176=FACE_OUTER_BOUND('',#782,.T.);
#177=FACE_OUTER_BOUND('',#783,.T.);
#178=FACE_OUTER_BOUND('',#784,.T.);
#179=FACE_OUTER_BOUND('',#785,.T.);
#180=FACE_OUTER_BOUND('',#786,.T.);
#181=FACE_OUTER_BOUND('',#787,.T.);
#182=FACE_OUTER_BOUND('',#788,.T.);
#183=FACE_OUTER_BOUND('',#789,.T.);
#184=FACE_OUTER_BOUND('',#790,.T.);
#185=FACE_OUTER_BOUND('',#791,.T.);
#186=FACE_OUTER_BOUND('',#792,.T.);
#187=FACE_OUTER_BOUND('',#793,.T.);
#188=FACE_OUTER_BOUND('',#794,.T.);
#189=FACE_OUTER_BOUND('',#795,.T.);
#190=FACE_OUTER_BOUND('',#796,.T.);
#191=FACE_OUTER_BOUND('',#797,.T.);
#192=FACE_OUTER_BOUND('',#798,.T.);
#193=FACE_OUTER_BOUND('',#799,.T.);
#194=FACE_OUTER_BOUND('',#800,.T.);
#195=FACE_OUTER_BOUND('',#801,.T.);
#196=FACE_OUTER_BOUND('',#802,.T.);
#197=FACE_OUTER_BOUND('',#803,.T.);
#198=FACE_OUTER_BOUND('',#804,.T.);
#199=FACE_OUTER_BOUND('',#805,.T.);
#200=FACE_OUTER_BOUND('',#806,.T.);
#201=FACE_OUTER_BOUND('',#807,.T.);
#202=FACE_OUTER_BOUND('',#808,.T.);
#203=FACE_OUTER_BOUND('',#809,.T.);
#204=FACE_OUTER_BOUND('',#810,.T.);
#205=FACE_OUTER_BOUND('',#811,.T.);
#206=FACE_OUTER_BOUND('',#812,.T.);
#207=FACE_OUTER_BOUND('',#813,.T.);
#208=FACE_OUTER_BOUND('',#814,.T.);
#209=FACE_OUTER_BOUND('',#815,.T.);
#210=FACE_OUTER_BOUND('',#816,.T.);
#211=FACE_OUTER_BOUND('',#817,.T.);
#212=FACE_OUTER_BOUND('',#818,.T.);
#213=FACE_OUTER_BOUND('',#819,.T.);
#214=FACE_OUTER_BOUND('',#820,.T.);
#215=FACE_OUTER_BOUND('',#821,.T.);
#216=FACE_OUTER_BOUND('',#822,.T.);
#217=FACE_OUTER_BOUND('',#823,.T.);
#218=FACE_OUTER_BOUND('',#824,.T.);
#219=FACE_OUTER_BOUND('',#825,.T.);
#220=FACE_OUTER_BOUND('',#826,.T.);
#221=FACE_OUTER_BOUND('',#827,.T.);
#222=FACE_OUTER_BOUND('',#828,.T.);
#223=FACE_OUTER_BOUND('',#829,.T.);
#224=FACE_OUTER_BOUND('',#830,.T.);
#225=FACE_OUTER_BOUND('',#831,.T.);
#226=FACE_OUTER_BOUND('',#832,.T.);
#227=FACE_OUTER_BOUND('',#833,.T.);
#228=FACE_OUTER_BOUND('',#834,.T.);
#229=FACE_OUTER_BOUND('',#835,.T.);
#230=FACE_OUTER_BOUND('',#836,.T.);
#231=FACE_OUTER_BOUND('',#837,.T.);
#232=FACE_OUTER_BOUND('',#838,.T.);
#233=FACE_OUTER_BOUND('',#839,.T.);
#234=FACE_OUTER_BOUND('',#840,.T.);
#235=FACE_OUTER_BOUND('',#841,.T.);
#236=FACE_OUTER_BOUND('',#842,.T.);
#237=FACE_OUTER_BOUND('',#843,.T.);
#238=FACE_OUTER_BOUND('',#844,.T.);
#239=FACE_OUTER_BOUND('',#845,.T.);
#240=FACE_OUTER_BOUND('',#846,.T.);
#241=FACE_OUTER_BOUND('',#847,.T.);
#242=FACE_OUTER_BOUND('',#848,.T.);
#243=FACE_OUTER_BOUND('',#849,.T.);
#244=FACE_OUTER_BOUND('',#850,.T.);
#245=FACE_OUTER_BOUND('',#851,.T.);
#246=FACE_OUTER_BOUND('',#852,.T.);
#247=FACE_OUTER_BOUND('',#853,.T.);
#248=FACE_OUTER_BOUND('',#854,.T.);
#249=FACE_OUTER_BOUND('',#855,.T.);
#250=FACE_OUTER_BOUND('',#856,.T.);
#251=FACE_OUTER_BOUND('',#857,.T.);
#252=FACE_OUTER_BOUND('',#858,.T.);
#253=FACE_OUTER_BOUND('',#859,.T.);
#254=FACE_OUTER_BOUND('',#860,.T.);
#255=FACE_OUTER_BOUND('',#861,.T.);
#256=FACE_OUTER_BOUND('',#862,.T.);
#257=FACE_OUTER_BOUND('',#863,.T.);
#258=FACE_OUTER_BOUND('',#864,.T.);
#259=FACE_OUTER_BOUND('',#865,.T.);
#260=FACE_OUTER_BOUND('',#866,.T.);
#261=FACE_OUTER_BOUND('',#867,.T.);
#262=FACE_OUTER_BOUND('',#868,.T.);
#263=FACE_OUTER_BOUND('',#869,.T.);
#264=FACE_OUTER_BOUND('',#870,.T.);
#265=FACE_OUTER_BOUND('',#871,.T.);
#266=FACE_OUTER_BOUND('',#872,.T.);
#267=FACE_OUTER_BOUND('',#873,.T.);
#268=FACE_OUTER_BOUND('',#874,.T.);
#269=FACE_OUTER_BOUND('',#875,.T.);
#270=FACE_OUTER_BOUND('',#876,.T.);
#271=FACE_OUTER_BOUND('',#877,.T.);
#272=FACE_OUTER_BOUND('',#878,.T.);
#273=FACE_OUTER_BOUND('',#879,.T.);
#274=FACE_OUTER_BOUND('',#880,.T.);
#275=FACE_OUTER_BOUND('',#881,.T.);
#276=FACE_OUTER_BOUND('',#882,.T.);
#277=FACE_OUTER_BOUND('',#883,.T.);
#278=FACE_OUTER_BOUND('',#884,.T.);
#279=FACE_OUTER_BOUND('',#885,.T.);
#280=FACE_OUTER_BOUND('',#886,.T.);
#281=FACE_OUTER_BOUND('',#887,.T.);
#282=FACE_OUTER_BOUND('',#888,.T.);
#283=FACE_OUTER_BOUND('',#889,.T.);
#284=FACE_OUTER_BOUND('',#890,.T.);
#285=FACE_OUTER_BOUND('',#891,.T.);
#286=FACE_OUTER_BOUND('',#892,.T.);
#287=FACE_OUTER_BOUND('',#893,.T.);
#288=FACE_OUTER_BOUND('',#894,.T.);
#289=FACE_OUTER_BOUND('',#895,.T.);
#290=FACE_OUTER_BOUND('',#896,.T.);
#291=FACE_OUTER_BOUND('',#897,.T.);
#292=FACE_OUTER_BOUND('',#898,.T.);
#293=FACE_OUTER_BOUND('',#899,.T.);
#294=FACE_OUTER_BOUND('',#900,.T.);
#295=FACE_OUTER_BOUND('',#901,.T.);
#296=FACE_OUTER_BOUND('',#902,.T.);
#297=FACE_OUTER_BOUND('',#903,.T.);
#298=FACE_OUTER_BOUND('',#904,.T.);
#299=FACE_OUTER_BOUND('',#905,.T.);
#300=FACE_OUTER_BOUND('',#906,.T.);
#301=FACE_OUTER_BOUND('',#907,.T.);
#302=FACE_OUTER_BOUND('',#908,.T.);
#303=FACE_OUTER_BOUND('',#909,.T.);
#304=FACE_OUTER_BOUND('',#910,.T.);
#305=FACE_OUTER_BOUND('',#911,.T.);
#306=FACE_OUTER_BOUND('',#912,.T.);
#307=FACE_OUTER_BOUND('',#913,.T.);
#308=FACE_OUTER_BOUND('',#914,.T.);
#309=FACE_OUTER_BOUND('',#915,.T.);
#310=FACE_OUTER_BOUND('',#916,.T.);
#311=FACE_OUTER_BOUND('',#917,.T.);
#312=FACE_OUTER_BOUND('',#918,.T.);
#313=FACE_OUTER_BOUND('',#919,.T.);
#314=FACE_OUTER_BOUND('',#920,.T.);
#315=FACE_OUTER_BOUND('',#921,.T.);
#316=FACE_OUTER_BOUND('',#922,.T.);
#317=FACE_OUTER_BOUND('',#923,.T.);
#318=FACE_OUTER_BOUND('',#924,.T.);
#319=FACE_OUTER_BOUND('',#925,.T.);
#320=FACE_OUTER_BOUND('',#926,.T.);
#321=FACE_OUTER_BOUND('',#927,.T.);
#322=FACE_OUTER_BOUND('',#928,.T.);
#323=FACE_OUTER_BOUND('',#929,.T.);
#324=FACE_OUTER_BOUND('',#930,.T.);
#325=FACE_OUTER_BOUND('',#931,.T.);
#326=FACE_OUTER_BOUND('',#932,.T.);
#327=FACE_OUTER_BOUND('',#933,.T.);
#328=FACE_OUTER_BOUND('',#934,.T.);
#329=FACE_OUTER_BOUND('',#935,.T.);
#330=FACE_OUTER_BOUND('',#936,.T.);
#331=FACE_OUTER_BOUND('',#937,.T.);
#332=FACE_OUTER_BOUND('',#938,.T.);
#333=FACE_OUTER_BOUND('',#939,.T.);
#334=FACE_OUTER_BOUND('',#940,.T.);
#335=FACE_OUTER_BOUND('',#941,.T.);
#336=FACE_OUTER_BOUND('',#942,.T.);
#337=FACE_OUTER_BOUND('',#943,.T.);
#338=FACE_OUTER_BOUND('',#944,.T.);
#339=FACE_OUTER_BOUND('',#945,.T.);
#340=FACE_OUTER_BOUND('',#946,.T.);
#341=FACE_OUTER_BOUND('',#947,.T.);
#342=FACE_OUTER_BOUND('',#948,.T.);
#343=FACE_OUTER_BOUND('',#949,.T.);
#344=FACE_OUTER_BOUND('',#950,.T.);
#345=FACE_OUTER_BOUND('',#951,.T.);
#346=FACE_OUTER_BOUND('',#952,.T.);
#347=FACE_OUTER_BOUND('',#953,.T.);
#348=FACE_OUTER_BOUND('',#954,.T.);
#349=FACE_OUTER_BOUND('',#955,.T.);
#350=FACE_OUTER_BOUND('',#956,.T.);
#351=FACE_OUTER_BOUND('',#957,.T.);
#352=FACE_OUTER_BOUND('',#958,.T.);
#353=FACE_OUTER_BOUND('',#959,.T.);
#354=FACE_OUTER_BOUND('',#960,.T.);
#355=FACE_OUTER_BOUND('',#961,.T.);
#356=FACE_OUTER_BOUND('',#962,.T.);
#357=FACE_OUTER_BOUND('',#963,.T.);
#358=FACE_OUTER_BOUND('',#964,.T.);
#359=FACE_OUTER_BOUND('',#965,.T.);
#360=FACE_OUTER_BOUND('',#966,.T.);
#361=FACE_OUTER_BOUND('',#967,.T.);
#362=FACE_OUTER_BOUND('',#968,.T.);
#363=FACE_OUTER_BOUND('',#969,.T.);
#364=FACE_OUTER_BOUND('',#970,.T.);
#365=FACE_OUTER_BOUND('',#971,.T.);
#366=FACE_OUTER_BOUND('',#972,.T.);
#367=FACE_OUTER_BOUND('',#973,.T.);
#368=FACE_OUTER_BOUND('',#974,.T.);
#369=FACE_OUTER_BOUND('',#975,.T.);
#370=FACE_OUTER_BOUND('',#976,.T.);
#371=FACE_OUTER_BOUND('',#977,.T.);
#372=FACE_OUTER_BOUND('',#978,.T.);
#373=FACE_OUTER_BOUND('',#979,.T.);
#374=FACE_OUTER_BOUND('',#980,.T.);
#375=FACE_OUTER_BOUND('',#981,.T.);
#376=FACE_OUTER_BOUND('',#982,.T.);
#377=FACE_OUTER_BOUND('',#983,.T.);
#378=FACE_OUTER_BOUND('',#984,.T.);
#379=FACE_OUTER_BOUND('',#985,.T.);
#380=FACE_OUTER_BOUND('',#986,.T.);
#381=FACE_OUTER_BOUND('',#987,.T.);
#382=FACE_OUTER_BOUND('',#988,.T.);
#383=FACE_OUTER_BOUND('',#989,.T.);
#384=FACE_OUTER_BOUND('',#990,.T.);
#385=FACE_OUTER_BOUND('',#991,.T.);
#386=FACE_OUTER_BOUND('',#992,.T.);
#387=FACE_OUTER_BOUND('',#993,.T.);
#388=FACE_OUTER_BOUND('',#994,.T.);
#389=FACE_OUTER_BOUND('',#995,.T.);
#390=FACE_OUTER_BOUND('',#996,.T.);
#391=FACE_OUTER_BOUND('',#997,.T.);
#392=FACE_OUTER_BOUND('',#998,.T.);
#393=FACE_OUTER_BOUND('',#999,.T.);
#394=FACE_OUTER_BOUND('',#1000,.T.);
#395=FACE_OUTER_BOUND('',#1001,.T.);
#396=FACE_OUTER_BOUND('',#1002,.T.);
#397=FACE_OUTER_BOUND('',#1003,.T.);
#398=FACE_OUTER_BOUND('',#1004,.T.);
#399=FACE_OUTER_BOUND('',#1005,.T.);
#400=FACE_OUTER_BOUND('',#1006,.T.);
#401=FACE_OUTER_BOUND('',#1007,.T.);
#402=FACE_OUTER_BOUND('',#1008,.T.);
#403=FACE_OUTER_BOUND('',#1009,.T.);
#404=FACE_OUTER_BOUND('',#1010,.T.);
#405=FACE_OUTER_BOUND('',#1011,.T.);
#406=FACE_OUTER_BOUND('',#1012,.T.);
#407=FACE_OUTER_BOUND('',#1013,.T.);
#408=FACE_OUTER_BOUND('',#1014,.T.);
#409=FACE_OUTER_BOUND('',#1015,.T.);
#410=FACE_OUTER_BOUND('',#1016,.T.);
#411=FACE_OUTER_BOUND('',#1017,.T.);
#412=FACE_OUTER_BOUND('',#1018,.T.);
#413=FACE_OUTER_BOUND('',#1019,.T.);
#414=FACE_OUTER_BOUND('',#1020,.T.);
#415=FACE_OUTER_BOUND('',#1021,.T.);
#416=FACE_OUTER_BOUND('',#1022,.T.);
#417=FACE_OUTER_BOUND('',#1023,.T.);
#418=FACE_OUTER_BOUND('',#1024,.T.);
#419=FACE_OUTER_BOUND('',#1025,.T.);
#420=FACE_OUTER_BOUND('',#1026,.T.);
#421=FACE_OUTER_BOUND('',#1027,.T.);
#422=FACE_OUTER_BOUND('',#1028,.T.);
#423=FACE_OUTER_BOUND('',#1029,.T.);
#424=FACE_OUTER_BOUND('',#1030,.T.);
#425=FACE_OUTER_BOUND('',#1031,.T.);
#426=FACE_OUTER_BOUND('',#1032,.T.);
#427=FACE_OUTER_BOUND('',#1033,.T.);
#428=FACE_OUTER_BOUND('',#1034,.T.);
#429=FACE_OUTER_BOUND('',#1035,.T.);
#430=FACE_OUTER_BOUND('',#1036,.T.);
#431=FACE_OUTER_BOUND('',#1037,.T.);
#432=FACE_OUTER_BOUND('',#1038,.T.);
#433=FACE_OUTER_BOUND('',#1039,.T.);
#434=FACE_OUTER_BOUND('',#1040,.T.);
#435=FACE_OUTER_BOUND('',#1041,.T.);
#436=FACE_OUTER_BOUND('',#1042,.T.);
#437=FACE_OUTER_BOUND('',#1043,.T.);
#438=FACE_OUTER_BOUND('',#1044,.T.);
#439=FACE_OUTER_BOUND('',#1045,.T.);
#440=FACE_OUTER_BOUND('',#1046,.T.);
#441=FACE_OUTER_BOUND('',#1047,.T.);
#442=FACE_OUTER_BOUND('',#1048,.T.);
#443=FACE_OUTER_BOUND('',#1049,.T.);
#444=FACE_OUTER_BOUND('',#1050,.T.);
#445=FACE_OUTER_BOUND('',#1051,.T.);
#446=FACE_OUTER_BOUND('',#1052,.T.);
#447=FACE_OUTER_BOUND('',#1053,.T.);
#448=FACE_OUTER_BOUND('',#1054,.T.);
#449=FACE_OUTER_BOUND('',#1055,.T.);
#450=FACE_OUTER_BOUND('',#1056,.T.);
#451=FACE_OUTER_BOUND('',#1057,.T.);
#452=FACE_OUTER_BOUND('',#1058,.T.);
#453=FACE_OUTER_BOUND('',#1059,.T.);
#454=FACE_OUTER_BOUND('',#1060,.T.);
#455=FACE_OUTER_BOUND('',#1061,.T.);
#456=FACE_OUTER_BOUND('',#1062,.T.);
#457=FACE_OUTER_BOUND('',#1063,.T.);
#458=FACE_OUTER_BOUND('',#1064,.T.);
#459=FACE_OUTER_BOUND('',#1065,.T.);
#460=FACE_OUTER_BOUND('',#1066,.T.);
#461=FACE_OUTER_BOUND('',#1067,.T.);
#462=FACE_OUTER_BOUND('',#1068,.T.);
#463=FACE_OUTER_BOUND('',#1069,.T.);
#464=FACE_OUTER_BOUND('',#1070,.T.);
#465=FACE_OUTER_BOUND('',#1071,.T.);
#466=FACE_OUTER_BOUND('',#1072,.T.);
#467=FACE_OUTER_BOUND('',#1073,.T.);
#468=FACE_OUTER_BOUND('',#1074,.T.);
#469=FACE_OUTER_BOUND('',#1075,.T.);
#470=FACE_OUTER_BOUND('',#1076,.T.);
#471=FACE_OUTER_BOUND('',#1077,.T.);
#472=FACE_OUTER_BOUND('',#1078,.T.);
#473=FACE_OUTER_BOUND('',#1079,.T.);
#474=FACE_OUTER_BOUND('',#1080,.T.);
#475=FACE_OUTER_BOUND('',#1081,.T.);
#476=FACE_OUTER_BOUND('',#1082,.T.);
#477=FACE_OUTER_BOUND('',#1083,.T.);
#478=FACE_OUTER_BOUND('',#1084,.T.);
#479=FACE_OUTER_BOUND('',#1085,.T.);
#480=FACE_OUTER_BOUND('',#1086,.T.);
#481=FACE_OUTER_BOUND('',#1087,.T.);
#482=FACE_OUTER_BOUND('',#1088,.T.);
#483=FACE_OUTER_BOUND('',#1089,.T.);
#484=FACE_OUTER_BOUND('',#1090,.T.);
#485=FACE_OUTER_BOUND('',#1091,.T.);
#486=FACE_OUTER_BOUND('',#1092,.T.);
#487=FACE_OUTER_BOUND('',#1093,.T.);
#488=FACE_OUTER_BOUND('',#1094,.T.);
#489=FACE_OUTER_BOUND('',#1095,.T.);
#490=FACE_OUTER_BOUND('',#1096,.T.);
#491=FACE_OUTER_BOUND('',#1097,.T.);
#492=FACE_OUTER_BOUND('',#1098,.T.);
#493=FACE_OUTER_BOUND('',#1099,.T.);
#494=FACE_OUTER_BOUND('',#1100,.T.);
#495=FACE_OUTER_BOUND('',#1101,.T.);
#496=FACE_OUTER_BOUND('',#1102,.T.);
#497=FACE_OUTER_BOUND('',#1103,.T.);
#498=FACE_OUTER_BOUND('',#1104,.T.);
#499=FACE_OUTER_BOUND('',#1105,.T.);
#500=FACE_OUTER_BOUND('',#1106,.T.);
#501=FACE_OUTER_BOUND('',#1107,.T.);
#502=FACE_OUTER_BOUND('',#1108,.T.);
#503=FACE_OUTER_BOUND('',#1109,.T.);
#504=FACE_OUTER_BOUND('',#1110,.T.);
#505=FACE_OUTER_BOUND('',#1111,.T.);
#506=FACE_OUTER_BOUND('',#1112,.T.);
#507=FACE_OUTER_BOUND('',#1113,.T.);
#508=FACE_OUTER_BOUND('',#1114,.T.);
#509=FACE_OUTER_BOUND('',#1115,.T.);
#510=FACE_OUTER_BOUND('',#1116,.T.);
#511=FACE_OUTER_BOUND('',#1117,.T.);
#512=FACE_OUTER_BOUND('',#1118,.T.);
#513=FACE_OUTER_BOUND('',#1119,.T.);
#514=FACE_OUTER_BOUND('',#1120,.T.);
#515=FACE_OUTER_BOUND('',#1121,.T.);
#516=FACE_OUTER_BOUND('',#1122,.T.);
#517=FACE_OUTER_BOUND('',#1123,.T.);
#518=FACE_OUTER_BOUND('',#1124,.T.);
#519=FACE_OUTER_BOUND('',#1125,.T.);
#520=FACE_OUTER_BOUND('',#1126,.T.);
#521=FACE_OUTER_BOUND('',#1127,.T.);
#522=FACE_OUTER_BOUND('',#1128,.T.);
#523=FACE_OUTER_BOUND('',#1129,.T.);
#524=FACE_OUTER_BOUND('',#1130,.T.);
#525=FACE_OUTER_BOUND('',#1131,.T.);
#526=FACE_OUTER_BOUND('',#1132,.T.);
#527=FACE_OUTER_BOUND('',#1133,.T.);
#528=FACE_OUTER_BOUND('',#1134,.T.);
#529=FACE_OUTER_BOUND('',#1135,.T.);
#530=FACE_OUTER_BOUND('',#1136,.T.);
#531=FACE_OUTER_BOUND('',#1137,.T.);
#532=FACE_OUTER_BOUND('',#1138,.T.);
#533=FACE_OUTER_BOUND('',#1139,.T.);
#534=FACE_OUTER_BOUND('',#1140,.T.);
#535=FACE_OUTER_BOUND('',#1141,.T.);
#536=FACE_OUTER_BOUND('',#1142,.T.);
#537=FACE_OUTER_BOUND('',#1143,.T.);
#538=FACE_OUTER_BOUND('',#1144,.T.);
#539=FACE_OUTER_BOUND('',#1145,.T.);
#540=FACE_OUTER_BOUND('',#1146,.T.);
#541=FACE_OUTER_BOUND('',#1147,.T.);
#542=FACE_OUTER_BOUND('',#1148,.T.);
#543=FACE_OUTER_BOUND('',#1149,.T.);
#544=FACE_OUTER_BOUND('',#1150,.T.);
#545=FACE_OUTER_BOUND('',#1151,.T.);
#546=FACE_OUTER_BOUND('',#1152,.T.);
#547=FACE_OUTER_BOUND('',#1153,.T.);
#548=FACE_OUTER_BOUND('',#1154,.T.);
#549=FACE_OUTER_BOUND('',#1155,.T.);
#550=FACE_OUTER_BOUND('',#1156,.T.);
#551=FACE_OUTER_BOUND('',#1157,.T.);
#552=FACE_OUTER_BOUND('',#1158,.T.);
#553=FACE_OUTER_BOUND('',#1159,.T.);
#554=FACE_OUTER_BOUND('',#1160,.T.);
#555=FACE_OUTER_BOUND('',#1161,.T.);
#556=FACE_OUTER_BOUND('',#1162,.T.);
#557=FACE_OUTER_BOUND('',#1163,.T.);
#558=FACE_OUTER_BOUND('',#1164,.T.);
#559=FACE_OUTER_BOUND('',#1165,.T.);
#560=FACE_OUTER_BOUND('',#1166,.T.);
#561=FACE_OUTER_BOUND('',#1167,.T.);
#562=FACE_OUTER_BOUND('',#1168,.T.);
#563=FACE_OUTER_BOUND('',#1169,.T.);
#564=FACE_OUTER_BOUND('',#1170,.T.);
#565=FACE_OUTER_BOUND('',#1171,.T.);
#566=FACE_OUTER_BOUND('',#1172,.T.);
#567=FACE_OUTER_BOUND('',#1173,.T.);
#568=FACE_OUTER_BOUND('',#1174,.T.);
#569=FACE_OUTER_BOUND('',#1175,.T.);
#570=FACE_OUTER_BOUND('',#1176,.T.);
#571=FACE_OUTER_BOUND('',#1177,.T.);
#572=FACE_OUTER_BOUND('',#1178,.T.);
#573=FACE_OUTER_BOUND('',#1179,.T.);
#574=FACE_OUTER_BOUND('',#1180,.T.);
#575=FACE_OUTER_BOUND('',#1181,.T.);
#576=FACE_OUTER_BOUND('',#1182,.T.);
#577=FACE_OUTER_BOUND('',#1183,.T.);
#578=FACE_OUTER_BOUND('',#1184,.T.);
#579=FACE_OUTER_BOUND('',#1185,.T.);
#580=FACE_OUTER_BOUND('',#1186,.T.);
#581=FACE_OUTER_BOUND('',#1187,.T.);
#582=FACE_OUTER_BOUND('',#1188,.T.);
#583=FACE_OUTER_BOUND('',#1189,.T.);
#584=FACE_OUTER_BOUND('',#1190,.T.);
#585=FACE_OUTER_BOUND('',#1191,.T.);
#586=FACE_OUTER_BOUND('',#1192,.T.);
#587=FACE_OUTER_BOUND('',#1193,.T.);
#588=FACE_OUTER_BOUND('',#1194,.T.);
#589=FACE_OUTER_BOUND('',#1195,.T.);
#590=FACE_OUTER_BOUND('',#1196,.T.);
#591=FACE_OUTER_BOUND('',#1197,.T.);
#592=FACE_OUTER_BOUND('',#1198,.T.);
#593=FACE_OUTER_BOUND('',#1199,.T.);
#594=FACE_OUTER_BOUND('',#1200,.T.);
#595=FACE_OUTER_BOUND('',#1201,.T.);
#596=FACE_OUTER_BOUND('',#1202,.T.);
#597=FACE_OUTER_BOUND('',#1203,.T.);
#598=FACE_OUTER_BOUND('',#1204,.T.);
#599=FACE_OUTER_BOUND('',#1205,.T.);
#600=FACE_OUTER_BOUND('',#1206,.T.);
#601=FACE_OUTER_BOUND('',#1207,.T.);
#602=FACE_OUTER_BOUND('',#1208,.T.);
#603=FACE_OUTER_BOUND('',#1209,.T.);
#604=FACE_OUTER_BOUND('',#1210,.T.);
#605=FACE_OUTER_BOUND('',#1211,.T.);
#606=FACE_OUTER_BOUND('',#1212,.T.);
#607=FACE_OUTER_BOUND('',#1213,.T.);
#608=FACE_OUTER_BOUND('',#1214,.T.);
#609=FACE_OUTER_BOUND('',#1215,.T.);
#610=FACE_OUTER_BOUND('',#1216,.T.);
#611=FACE_OUTER_BOUND('',#1217,.T.);
#612=FACE_OUTER_BOUND('',#1218,.T.);
#613=FACE_OUTER_BOUND('',#1219,.T.);
#614=FACE_OUTER_BOUND('',#1220,.T.);
#615=FACE_OUTER_BOUND('',#1221,.T.);
#616=FACE_OUTER_BOUND('',#1222,.T.);
#617=FACE_OUTER_BOUND('',#1223,.T.);
#618=FACE_OUTER_BOUND('',#1224,.T.);
#619=FACE_OUTER_BOUND('',#1225,.T.);
#620=FACE_OUTER_BOUND('',#1226,.T.);
#621=FACE_OUTER_BOUND('',#1227,.T.);
#622=FACE_OUTER_BOUND('',#1228,.T.);
#623=FACE_OUTER_BOUND('',#1229,.T.);
#624=FACE_OUTER_BOUND('',#1230,.T.);
#625=FACE_OUTER_BOUND('',#1231,.T.);
#626=FACE_OUTER_BOUND('',#1232,.T.);
#627=FACE_OUTER_BOUND('',#1233,.T.);
#628=FACE_OUTER_BOUND('',#1234,.T.);
#629=FACE_OUTER_BOUND('',#1235,.T.);
#630=FACE_OUTER_BOUND('',#1236,.T.);
#631=FACE_OUTER_BOUND('',#1237,.T.);
#632=FACE_OUTER_BOUND('',#1238,.T.);
#633=FACE_OUTER_BOUND('',#1239,.T.);
#634=FACE_OUTER_BOUND('',#1240,.T.);
#635=FACE_OUTER_BOUND('',#1241,.T.);
#636=FACE_OUTER_BOUND('',#1242,.T.);
#637=FACE_OUTER_BOUND('',#1243,.T.);
#638=FACE_OUTER_BOUND('',#1244,.T.);
#639=FACE_OUTER_BOUND('',#1245,.T.);
#640=FACE_OUTER_BOUND('',#1246,.T.);
#641=FACE_OUTER_BOUND('',#1247,.T.);
#642=FACE_OUTER_BOUND('',#1248,.T.);
#643=FACE_OUTER_BOUND('',#1249,.T.);
#644=FACE_OUTER_BOUND('',#1250,.T.);
#645=FACE_OUTER_BOUND('',#1251,.T.);
#646=FACE_OUTER_BOUND('',#1252,.T.);
#647=FACE_OUTER_BOUND('',#1253,.T.);
#648=FACE_OUTER_BOUND('',#1254,.T.);
#649=FACE_OUTER_BOUND('',#1255,.T.);
#650=FACE_OUTER_BOUND('',#1256,.T.);
#651=FACE_OUTER_BOUND('',#1257,.T.);
#652=FACE_OUTER_BOUND('',#1258,.T.);
#653=FACE_OUTER_BOUND('',#1259,.T.);
#654=FACE_OUTER_BOUND('',#1260,.T.);
#655=FACE_OUTER_BOUND('',#1261,.T.);
#656=FACE_OUTER_BOUND('',#1262,.T.);
#657=FACE_OUTER_BOUND('',#1263,.T.);
#658=FACE_OUTER_BOUND('',#1264,.T.);
#659=FACE_OUTER_BOUND('',#1265,.T.);
#660=FACE_OUTER_BOUND('',#1266,.T.);
#661=FACE_OUTER_BOUND('',#1267,.T.);
#662=FACE_OUTER_BOUND('',#1268,.T.);
#663=FACE_OUTER_BOUND('',#1269,.T.);
#664=FACE_OUTER_BOUND('',#1270,.T.);
#665=FACE_OUTER_BOUND('',#1271,.T.);
#666=FACE_OUTER_BOUND('',#1272,.T.);
#667=FACE_OUTER_BOUND('',#1273,.T.);
#668=FACE_OUTER_BOUND('',#1274,.T.);
#669=FACE_OUTER_BOUND('',#1275,.T.);
#670=FACE_OUTER_BOUND('',#1276,.T.);
#671=FACE_OUTER_BOUND('',#1277,.T.);
#672=FACE_OUTER_BOUND('',#1278,.T.);
#673=FACE_OUTER_BOUND('',#1279,.T.);
#674=FACE_OUTER_BOUND('',#1280,.T.);
#675=FACE_OUTER_BOUND('',#1281,.T.);
#676=FACE_OUTER_BOUND('',#1282,.T.);
#677=FACE_OUTER_BOUND('',#1283,.T.);
#678=FACE_OUTER_BOUND('',#1284,.T.);
#679=EDGE_LOOP('',(#7475,#7476,#7477,#7478,#7479,#7480,#7481,#7482,#7483,
#7484,#7485,#7486,#7487,#7488,#7489,#7490,#7491,#7492,#7493,#7494,#7495,
#7496,#7497,#7498,#7499,#7500,#7501,#7502,#7503,#7504,#7505,#7506,#7507,
#7508,#7509,#7510,#7511,#7512,#7513,#7514,#7515,#7516,#7517,#7518,#7519,
#7520,#7521,#7522,#7523,#7524,#7525,#7526,#7527,#7528,#7529,#7530,#7531,
#7532,#7533,#7534,#7535,#7536,#7537,#7538,#7539,#7540,#7541,#7542,#7543,
#7544,#7545,#7546,#7547,#7548,#7549,#7550,#7551,#7552,#7553,#7554,#7555,
#7556,#7557,#7558,#7559,#7560,#7561,#7562,#7563,#7564,#7565,#7566,#7567,
#7568,#7569,#7570,#7571,#7572,#7573,#7574,#7575,#7576,#7577,#7578,#7579,
#7580,#7581,#7582,#7583,#7584,#7585,#7586,#7587,#7588,#7589,#7590,#7591,
#7592,#7593,#7594,#7595,#7596,#7597,#7598,#7599,#7600,#7601,#7602,#7603,
#7604,#7605,#7606,#7607,#7608,#7609,#7610,#7611,#7612,#7613,#7614,#7615,
#7616,#7617,#7618,#7619,#7620,#7621,#7622,#7623,#7624,#7625,#7626,#7627,
#7628,#7629,#7630,#7631,#7632));
#680=EDGE_LOOP('',(#7633,#7634,#7635,#7636,#7637,#7638));
#681=EDGE_LOOP('',(#7639,#7640,#7641,#7642,#7643,#7644));
#682=EDGE_LOOP('',(#7645,#7646,#7647,#7648,#7649,#7650,#7651,#7652,#7653,
#7654,#7655,#7656,#7657,#7658,#7659,#7660,#7661,#7662,#7663,#7664,#7665,
#7666,#7667,#7668,#7669,#7670,#7671,#7672,#7673,#7674,#7675,#7676,#7677,
#7678,#7679,#7680,#7681,#7682,#7683,#7684,#7685,#7686,#7687,#7688,#7689,
#7690,#7691,#7692,#7693,#7694,#7695,#7696,#7697,#7698,#7699,#7700,#7701,
#7702,#7703,#7704,#7705,#7706,#7707,#7708,#7709,#7710,#7711,#7712,#7713,
#7714,#7715,#7716,#7717,#7718,#7719,#7720,#7721,#7722,#7723,#7724,#7725,
#7726,#7727,#7728,#7729,#7730,#7731,#7732,#7733,#7734,#7735,#7736,#7737,
#7738,#7739,#7740,#7741,#7742,#7743,#7744,#7745,#7746,#7747,#7748,#7749,
#7750,#7751,#7752,#7753,#7754,#7755,#7756,#7757,#7758,#7759,#7760,#7761,
#7762,#7763,#7764,#7765,#7766,#7767,#7768,#7769,#7770,#7771,#7772,#7773,
#7774,#7775,#7776,#7777,#7778,#7779,#7780,#7781,#7782,#7783,#7784,#7785,
#7786,#7787,#7788,#7789,#7790,#7791,#7792,#7793,#7794,#7795,#7796,#7797,
#7798,#7799,#7800,#7801,#7802));
#683=EDGE_LOOP('',(#7803,#7804,#7805,#7806,#7807,#7808));
#684=EDGE_LOOP('',(#7809,#7810,#7811));
#685=EDGE_LOOP('',(#7812,#7813,#7814));
#686=EDGE_LOOP('',(#7815,#7816,#7817));
#687=EDGE_LOOP('',(#7818,#7819,#7820));
#688=EDGE_LOOP('',(#7821,#7822,#7823));
#689=EDGE_LOOP('',(#7824,#7825,#7826));
#690=EDGE_LOOP('',(#7827,#7828,#7829));
#691=EDGE_LOOP('',(#7830,#7831,#7832));
#692=EDGE_LOOP('',(#7833,#7834,#7835));
#693=EDGE_LOOP('',(#7836,#7837,#7838));
#694=EDGE_LOOP('',(#7839,#7840,#7841));
#695=EDGE_LOOP('',(#7842,#7843,#7844));
#696=EDGE_LOOP('',(#7845,#7846,#7847));
#697=EDGE_LOOP('',(#7848,#7849,#7850));
#698=EDGE_LOOP('',(#7851,#7852,#7853));
#699=EDGE_LOOP('',(#7854,#7855,#7856));
#700=EDGE_LOOP('',(#7857,#7858,#7859));
#701=EDGE_LOOP('',(#7860,#7861,#7862));
#702=EDGE_LOOP('',(#7863,#7864,#7865));
#703=EDGE_LOOP('',(#7866,#7867,#7868));
#704=EDGE_LOOP('',(#7869,#7870,#7871));
#705=EDGE_LOOP('',(#7872,#7873,#7874));
#706=EDGE_LOOP('',(#7875,#7876,#7877));
#707=EDGE_LOOP('',(#7878,#7879,#7880));
#708=EDGE_LOOP('',(#7881,#7882,#7883));
#709=EDGE_LOOP('',(#7884,#7885,#7886));
#710=EDGE_LOOP('',(#7887,#7888,#7889));
#711=EDGE_LOOP('',(#7890,#7891,#7892));
#712=EDGE_LOOP('',(#7893,#7894,#7895));
#713=EDGE_LOOP('',(#7896,#7897,#7898));
#714=EDGE_LOOP('',(#7899,#7900,#7901));
#715=EDGE_LOOP('',(#7902,#7903,#7904));
#716=EDGE_LOOP('',(#7905,#7906,#7907));
#717=EDGE_LOOP('',(#7908,#7909,#7910));
#718=EDGE_LOOP('',(#7911,#7912,#7913));
#719=EDGE_LOOP('',(#7914,#7915,#7916));
#720=EDGE_LOOP('',(#7917,#7918,#7919,#7920));
#721=EDGE_LOOP('',(#7921,#7922,#7923,#7924,#7925,#7926));
#722=EDGE_LOOP('',(#7927,#7928,#7929,#7930));
#723=EDGE_LOOP('',(#7931,#7932,#7933,#7934));
#724=EDGE_LOOP('',(#7935,#7936,#7937,#7938,#7939,#7940));
#725=EDGE_LOOP('',(#7941,#7942,#7943,#7944));
#726=EDGE_LOOP('',(#7945,#7946,#7947,#7948));
#727=EDGE_LOOP('',(#7949,#7950,#7951,#7952,#7953,#7954));
#728=EDGE_LOOP('',(#7955,#7956,#7957,#7958));
#729=EDGE_LOOP('',(#7959,#7960,#7961,#7962));
#730=EDGE_LOOP('',(#7963,#7964,#7965,#7966,#7967,#7968));
#731=EDGE_LOOP('',(#7969,#7970,#7971,#7972));
#732=EDGE_LOOP('',(#7973,#7974,#7975,#7976));
#733=EDGE_LOOP('',(#7977,#7978,#7979,#7980,#7981,#7982));
#734=EDGE_LOOP('',(#7983,#7984,#7985,#7986));
#735=EDGE_LOOP('',(#7987,#7988,#7989,#7990));
#736=EDGE_LOOP('',(#7991,#7992,#7993,#7994,#7995,#7996));
#737=EDGE_LOOP('',(#7997,#7998,#7999,#8000));
#738=EDGE_LOOP('',(#8001,#8002,#8003,#8004));
#739=EDGE_LOOP('',(#8005,#8006,#8007,#8008,#8009,#8010));
#740=EDGE_LOOP('',(#8011,#8012,#8013,#8014));
#741=EDGE_LOOP('',(#8015,#8016,#8017,#8018));
#742=EDGE_LOOP('',(#8019,#8020,#8021,#8022,#8023,#8024));
#743=EDGE_LOOP('',(#8025,#8026,#8027,#8028));
#744=EDGE_LOOP('',(#8029,#8030,#8031,#8032));
#745=EDGE_LOOP('',(#8033,#8034,#8035,#8036,#8037,#8038));
#746=EDGE_LOOP('',(#8039,#8040,#8041,#8042));
#747=EDGE_LOOP('',(#8043,#8044,#8045,#8046));
#748=EDGE_LOOP('',(#8047,#8048,#8049,#8050,#8051,#8052));
#749=EDGE_LOOP('',(#8053,#8054,#8055,#8056));
#750=EDGE_LOOP('',(#8057,#8058,#8059,#8060));
#751=EDGE_LOOP('',(#8061,#8062,#8063,#8064,#8065,#8066));
#752=EDGE_LOOP('',(#8067,#8068,#8069,#8070));
#753=EDGE_LOOP('',(#8071,#8072,#8073,#8074));
#754=EDGE_LOOP('',(#8075,#8076,#8077,#8078,#8079,#8080));
#755=EDGE_LOOP('',(#8081,#8082,#8083,#8084));
#756=EDGE_LOOP('',(#8085,#8086,#8087,#8088));
#757=EDGE_LOOP('',(#8089,#8090,#8091,#8092,#8093,#8094,#8095,#8096,#8097,
#8098,#8099,#8100));
#758=EDGE_LOOP('',(#8101,#8102,#8103,#8104));
#759=EDGE_LOOP('',(#8105,#8106,#8107,#8108,#8109));
#760=EDGE_LOOP('',(#8110,#8111,#8112,#8113,#8114,#8115));
#761=EDGE_LOOP('',(#8116,#8117,#8118,#8119));
#762=EDGE_LOOP('',(#8120,#8121,#8122,#8123,#8124));
#763=EDGE_LOOP('',(#8125,#8126,#8127,#8128,#8129));
#764=EDGE_LOOP('',(#8130,#8131,#8132,#8133));
#765=EDGE_LOOP('',(#8134,#8135,#8136,#8137));
#766=EDGE_LOOP('',(#8138,#8139,#8140,#8141,#8142,#8143));
#767=EDGE_LOOP('',(#8144,#8145,#8146,#8147,#8148));
#768=EDGE_LOOP('',(#8149,#8150,#8151,#8152,#8153));
#769=EDGE_LOOP('',(#8154,#8155,#8156,#8157));
#770=EDGE_LOOP('',(#8158,#8159,#8160,#8161));
#771=EDGE_LOOP('',(#8162,#8163,#8164,#8165,#8166,#8167));
#772=EDGE_LOOP('',(#8168,#8169,#8170,#8171,#8172));
#773=EDGE_LOOP('',(#8173,#8174,#8175,#8176,#8177));
#774=EDGE_LOOP('',(#8178,#8179,#8180,#8181));
#775=EDGE_LOOP('',(#8182,#8183,#8184,#8185));
#776=EDGE_LOOP('',(#8186,#8187,#8188,#8189,#8190,#8191));
#777=EDGE_LOOP('',(#8192,#8193,#8194,#8195,#8196));
#778=EDGE_LOOP('',(#8197,#8198,#8199,#8200,#8201));
#779=EDGE_LOOP('',(#8202,#8203,#8204,#8205));
#780=EDGE_LOOP('',(#8206,#8207,#8208,#8209));
#781=EDGE_LOOP('',(#8210,#8211,#8212,#8213,#8214,#8215));
#782=EDGE_LOOP('',(#8216,#8217,#8218,#8219,#8220));
#783=EDGE_LOOP('',(#8221,#8222,#8223,#8224,#8225));
#784=EDGE_LOOP('',(#8226,#8227,#8228,#8229));
#785=EDGE_LOOP('',(#8230,#8231,#8232,#8233));
#786=EDGE_LOOP('',(#8234,#8235,#8236,#8237,#8238,#8239));
#787=EDGE_LOOP('',(#8240,#8241,#8242,#8243,#8244));
#788=EDGE_LOOP('',(#8245,#8246,#8247,#8248,#8249));
#789=EDGE_LOOP('',(#8250,#8251,#8252,#8253));
#790=EDGE_LOOP('',(#8254,#8255,#8256,#8257));
#791=EDGE_LOOP('',(#8258,#8259,#8260,#8261,#8262,#8263));
#792=EDGE_LOOP('',(#8264,#8265,#8266,#8267,#8268));
#793=EDGE_LOOP('',(#8269,#8270,#8271,#8272,#8273));
#794=EDGE_LOOP('',(#8274,#8275,#8276,#8277));
#795=EDGE_LOOP('',(#8278,#8279,#8280,#8281));
#796=EDGE_LOOP('',(#8282,#8283,#8284,#8285,#8286,#8287));
#797=EDGE_LOOP('',(#8288,#8289,#8290,#8291,#8292));
#798=EDGE_LOOP('',(#8293,#8294,#8295,#8296,#8297));
#799=EDGE_LOOP('',(#8298,#8299,#8300,#8301));
#800=EDGE_LOOP('',(#8302,#8303,#8304,#8305));
#801=EDGE_LOOP('',(#8306,#8307,#8308,#8309,#8310,#8311));
#802=EDGE_LOOP('',(#8312,#8313,#8314,#8315,#8316));
#803=EDGE_LOOP('',(#8317,#8318,#8319,#8320,#8321));
#804=EDGE_LOOP('',(#8322,#8323,#8324,#8325));
#805=EDGE_LOOP('',(#8326,#8327,#8328,#8329));
#806=EDGE_LOOP('',(#8330,#8331,#8332,#8333,#8334,#8335));
#807=EDGE_LOOP('',(#8336,#8337,#8338,#8339,#8340));
#808=EDGE_LOOP('',(#8341,#8342,#8343,#8344,#8345));
#809=EDGE_LOOP('',(#8346,#8347,#8348,#8349));
#810=EDGE_LOOP('',(#8350,#8351,#8352,#8353));
#811=EDGE_LOOP('',(#8354,#8355,#8356,#8357,#8358,#8359));
#812=EDGE_LOOP('',(#8360,#8361,#8362,#8363,#8364));
#813=EDGE_LOOP('',(#8365,#8366,#8367,#8368,#8369));
#814=EDGE_LOOP('',(#8370,#8371,#8372,#8373));
#815=EDGE_LOOP('',(#8374,#8375,#8376,#8377));
#816=EDGE_LOOP('',(#8378,#8379,#8380,#8381,#8382,#8383));
#817=EDGE_LOOP('',(#8384,#8385,#8386,#8387,#8388));
#818=EDGE_LOOP('',(#8389,#8390,#8391,#8392,#8393));
#819=EDGE_LOOP('',(#8394,#8395,#8396,#8397));
#820=EDGE_LOOP('',(#8398,#8399,#8400,#8401));
#821=EDGE_LOOP('',(#8402,#8403,#8404,#8405,#8406,#8407));
#822=EDGE_LOOP('',(#8408,#8409,#8410,#8411,#8412));
#823=EDGE_LOOP('',(#8413,#8414,#8415,#8416));
#824=EDGE_LOOP('',(#8417,#8418,#8419,#8420,#8421,#8422));
#825=EDGE_LOOP('',(#8423,#8424,#8425,#8426));
#826=EDGE_LOOP('',(#8427,#8428,#8429,#8430));
#827=EDGE_LOOP('',(#8431,#8432,#8433,#8434,#8435,#8436));
#828=EDGE_LOOP('',(#8437,#8438,#8439,#8440));
#829=EDGE_LOOP('',(#8441,#8442,#8443,#8444));
#830=EDGE_LOOP('',(#8445,#8446,#8447,#8448,#8449,#8450));
#831=EDGE_LOOP('',(#8451,#8452,#8453,#8454));
#832=EDGE_LOOP('',(#8455,#8456,#8457,#8458,#8459,#8460));
#833=EDGE_LOOP('',(#8461,#8462,#8463,#8464,#8465,#8466));
#834=EDGE_LOOP('',(#8467,#8468,#8469,#8470));
#835=EDGE_LOOP('',(#8471,#8472,#8473,#8474,#8475,#8476));
#836=EDGE_LOOP('',(#8477,#8478,#8479,#8480,#8481,#8482));
#837=EDGE_LOOP('',(#8483,#8484,#8485,#8486));
#838=EDGE_LOOP('',(#8487,#8488,#8489,#8490,#8491,#8492));
#839=EDGE_LOOP('',(#8493,#8494,#8495,#8496,#8497,#8498));
#840=EDGE_LOOP('',(#8499,#8500,#8501,#8502));
#841=EDGE_LOOP('',(#8503,#8504,#8505,#8506,#8507,#8508));
#842=EDGE_LOOP('',(#8509,#8510,#8511,#8512,#8513,#8514));
#843=EDGE_LOOP('',(#8515,#8516,#8517,#8518));
#844=EDGE_LOOP('',(#8519,#8520,#8521,#8522,#8523,#8524));
#845=EDGE_LOOP('',(#8525,#8526,#8527,#8528,#8529,#8530));
#846=EDGE_LOOP('',(#8531,#8532,#8533,#8534));
#847=EDGE_LOOP('',(#8535,#8536,#8537,#8538,#8539,#8540));
#848=EDGE_LOOP('',(#8541,#8542,#8543,#8544,#8545,#8546));
#849=EDGE_LOOP('',(#8547,#8548,#8549,#8550));
#850=EDGE_LOOP('',(#8551,#8552,#8553,#8554,#8555,#8556));
#851=EDGE_LOOP('',(#8557,#8558,#8559,#8560,#8561,#8562));
#852=EDGE_LOOP('',(#8563,#8564,#8565,#8566));
#853=EDGE_LOOP('',(#8567,#8568,#8569,#8570,#8571,#8572));
#854=EDGE_LOOP('',(#8573,#8574,#8575,#8576));
#855=EDGE_LOOP('',(#8577,#8578,#8579,#8580,#8581,#8582));
#856=EDGE_LOOP('',(#8583,#8584,#8585,#8586));
#857=EDGE_LOOP('',(#8587,#8588,#8589,#8590,#8591));
#858=EDGE_LOOP('',(#8592,#8593,#8594,#8595,#8596,#8597));
#859=EDGE_LOOP('',(#8598,#8599,#8600,#8601,#8602));
#860=EDGE_LOOP('',(#8603,#8604,#8605,#8606));
#861=EDGE_LOOP('',(#8607,#8608,#8609,#8610,#8611,#8612));
#862=EDGE_LOOP('',(#8613,#8614,#8615,#8616));
#863=EDGE_LOOP('',(#8617,#8618,#8619,#8620,#8621,#8622));
#864=EDGE_LOOP('',(#8623,#8624,#8625,#8626));
#865=EDGE_LOOP('',(#8627,#8628,#8629,#8630,#8631,#8632));
#866=EDGE_LOOP('',(#8633,#8634,#8635,#8636));
#867=EDGE_LOOP('',(#8637,#8638,#8639,#8640,#8641,#8642));
#868=EDGE_LOOP('',(#8643,#8644,#8645,#8646));
#869=EDGE_LOOP('',(#8647,#8648,#8649,#8650,#8651,#8652));
#870=EDGE_LOOP('',(#8653,#8654,#8655,#8656));
#871=EDGE_LOOP('',(#8657,#8658,#8659,#8660,#8661,#8662));
#872=EDGE_LOOP('',(#8663,#8664,#8665,#8666));
#873=EDGE_LOOP('',(#8667,#8668,#8669,#8670,#8671,#8672));
#874=EDGE_LOOP('',(#8673,#8674,#8675,#8676));
#875=EDGE_LOOP('',(#8677,#8678,#8679,#8680,#8681,#8682));
#876=EDGE_LOOP('',(#8683,#8684,#8685,#8686));
#877=EDGE_LOOP('',(#8687,#8688,#8689,#8690,#8691,#8692));
#878=EDGE_LOOP('',(#8693,#8694,#8695,#8696));
#879=EDGE_LOOP('',(#8697,#8698,#8699,#8700,#8701,#8702));
#880=EDGE_LOOP('',(#8703,#8704,#8705,#8706));
#881=EDGE_LOOP('',(#8707,#8708,#8709,#8710,#8711,#8712));
#882=EDGE_LOOP('',(#8713,#8714,#8715,#8716));
#883=EDGE_LOOP('',(#8717,#8718,#8719,#8720,#8721,#8722));
#884=EDGE_LOOP('',(#8723,#8724,#8725,#8726));
#885=EDGE_LOOP('',(#8727,#8728,#8729,#8730,#8731,#8732));
#886=EDGE_LOOP('',(#8733,#8734,#8735,#8736,#8737,#8738,#8739,#8740,#8741,
#8742));
#887=EDGE_LOOP('',(#8743,#8744,#8745,#8746));
#888=EDGE_LOOP('',(#8747,#8748,#8749,#8750,#8751,#8752));
#889=EDGE_LOOP('',(#8753,#8754,#8755,#8756,#8757,#8758));
#890=EDGE_LOOP('',(#8759,#8760,#8761,#8762,#8763,#8764));
#891=EDGE_LOOP('',(#8765,#8766,#8767,#8768,#8769,#8770));
#892=EDGE_LOOP('',(#8771,#8772,#8773,#8774,#8775,#8776));
#893=EDGE_LOOP('',(#8777,#8778,#8779,#8780,#8781,#8782));
#894=EDGE_LOOP('',(#8783,#8784,#8785,#8786,#8787,#8788));
#895=EDGE_LOOP('',(#8789,#8790,#8791,#8792,#8793,#8794));
#896=EDGE_LOOP('',(#8795,#8796,#8797,#8798,#8799,#8800));
#897=EDGE_LOOP('',(#8801,#8802,#8803,#8804,#8805,#8806));
#898=EDGE_LOOP('',(#8807,#8808,#8809,#8810,#8811,#8812));
#899=EDGE_LOOP('',(#8813,#8814,#8815,#8816,#8817,#8818));
#900=EDGE_LOOP('',(#8819,#8820,#8821,#8822));
#901=EDGE_LOOP('',(#8823,#8824,#8825,#8826,#8827,#8828));
#902=EDGE_LOOP('',(#8829,#8830,#8831,#8832));
#903=EDGE_LOOP('',(#8833,#8834,#8835,#8836,#8837,#8838));
#904=EDGE_LOOP('',(#8839,#8840,#8841,#8842));
#905=EDGE_LOOP('',(#8843,#8844,#8845,#8846));
#906=EDGE_LOOP('',(#8847,#8848,#8849,#8850));
#907=EDGE_LOOP('',(#8851,#8852,#8853,#8854));
#908=EDGE_LOOP('',(#8855,#8856,#8857,#8858));
#909=EDGE_LOOP('',(#8859,#8860,#8861,#8862));
#910=EDGE_LOOP('',(#8863,#8864,#8865,#8866));
#911=EDGE_LOOP('',(#8867,#8868,#8869,#8870));
#912=EDGE_LOOP('',(#8871,#8872,#8873,#8874));
#913=EDGE_LOOP('',(#8875,#8876,#8877,#8878));
#914=EDGE_LOOP('',(#8879,#8880,#8881,#8882));
#915=EDGE_LOOP('',(#8883,#8884,#8885,#8886));
#916=EDGE_LOOP('',(#8887,#8888,#8889,#8890));
#917=EDGE_LOOP('',(#8891,#8892,#8893,#8894));
#918=EDGE_LOOP('',(#8895,#8896,#8897,#8898));
#919=EDGE_LOOP('',(#8899,#8900,#8901,#8902));
#920=EDGE_LOOP('',(#8903,#8904,#8905,#8906));
#921=EDGE_LOOP('',(#8907,#8908,#8909,#8910));
#922=EDGE_LOOP('',(#8911,#8912,#8913,#8914));
#923=EDGE_LOOP('',(#8915,#8916,#8917,#8918,#8919,#8920));
#924=EDGE_LOOP('',(#8921,#8922,#8923,#8924));
#925=EDGE_LOOP('',(#8925,#8926,#8927,#8928));
#926=EDGE_LOOP('',(#8929,#8930,#8931));
#927=EDGE_LOOP('',(#8932,#8933,#8934,#8935));
#928=EDGE_LOOP('',(#8936,#8937,#8938,#8939));
#929=EDGE_LOOP('',(#8940,#8941,#8942,#8943));
#930=EDGE_LOOP('',(#8944,#8945,#8946,#8947,#8948,#8949));
#931=EDGE_LOOP('',(#8950,#8951,#8952,#8953));
#932=EDGE_LOOP('',(#8954,#8955,#8956,#8957));
#933=EDGE_LOOP('',(#8958,#8959,#8960,#8961));
#934=EDGE_LOOP('',(#8962,#8963,#8964,#8965));
#935=EDGE_LOOP('',(#8966,#8967,#8968,#8969));
#936=EDGE_LOOP('',(#8970,#8971,#8972,#8973));
#937=EDGE_LOOP('',(#8974,#8975,#8976,#8977));
#938=EDGE_LOOP('',(#8978,#8979,#8980,#8981));
#939=EDGE_LOOP('',(#8982,#8983,#8984,#8985));
#940=EDGE_LOOP('',(#8986,#8987,#8988,#8989));
#941=EDGE_LOOP('',(#8990,#8991,#8992,#8993));
#942=EDGE_LOOP('',(#8994,#8995,#8996,#8997));
#943=EDGE_LOOP('',(#8998,#8999,#9000,#9001));
#944=EDGE_LOOP('',(#9002,#9003,#9004,#9005));
#945=EDGE_LOOP('',(#9006,#9007,#9008,#9009));
#946=EDGE_LOOP('',(#9010,#9011,#9012,#9013));
#947=EDGE_LOOP('',(#9014,#9015,#9016,#9017));
#948=EDGE_LOOP('',(#9018,#9019,#9020,#9021));
#949=EDGE_LOOP('',(#9022,#9023,#9024,#9025));
#950=EDGE_LOOP('',(#9026,#9027,#9028,#9029));
#951=EDGE_LOOP('',(#9030,#9031,#9032,#9033));
#952=EDGE_LOOP('',(#9034,#9035,#9036,#9037,#9038,#9039,#9040,#9041));
#953=EDGE_LOOP('',(#9042,#9043,#9044,#9045,#9046,#9047,#9048,#9049));
#954=EDGE_LOOP('',(#9050,#9051,#9052,#9053,#9054,#9055,#9056,#9057));
#955=EDGE_LOOP('',(#9058,#9059,#9060,#9061,#9062,#9063,#9064,#9065));
#956=EDGE_LOOP('',(#9066,#9067,#9068,#9069,#9070,#9071,#9072,#9073));
#957=EDGE_LOOP('',(#9074,#9075,#9076,#9077,#9078,#9079,#9080,#9081));
#958=EDGE_LOOP('',(#9082,#9083,#9084,#9085,#9086,#9087,#9088,#9089,#9090,
#9091));
#959=EDGE_LOOP('',(#9092,#9093,#9094,#9095));
#960=EDGE_LOOP('',(#9096,#9097,#9098,#9099));
#961=EDGE_LOOP('',(#9100,#9101,#9102,#9103));
#962=EDGE_LOOP('',(#9104,#9105,#9106,#9107));
#963=EDGE_LOOP('',(#9108,#9109,#9110,#9111,#9112,#9113));
#964=EDGE_LOOP('',(#9114,#9115,#9116,#9117));
#965=EDGE_LOOP('',(#9118,#9119,#9120,#9121));
#966=EDGE_LOOP('',(#9122,#9123,#9124,#9125));
#967=EDGE_LOOP('',(#9126,#9127,#9128,#9129,#9130,#9131,#9132,#9133));
#968=EDGE_LOOP('',(#9134,#9135,#9136,#9137,#9138,#9139,#9140,#9141));
#969=EDGE_LOOP('',(#9142,#9143,#9144,#9145,#9146,#9147,#9148,#9149));
#970=EDGE_LOOP('',(#9150,#9151,#9152,#9153));
#971=EDGE_LOOP('',(#9154,#9155,#9156,#9157));
#972=EDGE_LOOP('',(#9158,#9159,#9160,#9161));
#973=EDGE_LOOP('',(#9162,#9163,#9164,#9165));
#974=EDGE_LOOP('',(#9166,#9167,#9168,#9169));
#975=EDGE_LOOP('',(#9170,#9171,#9172,#9173));
#976=EDGE_LOOP('',(#9174,#9175,#9176,#9177));
#977=EDGE_LOOP('',(#9178,#9179,#9180,#9181));
#978=EDGE_LOOP('',(#9182,#9183,#9184,#9185));
#979=EDGE_LOOP('',(#9186,#9187,#9188,#9189));
#980=EDGE_LOOP('',(#9190,#9191,#9192,#9193));
#981=EDGE_LOOP('',(#9194,#9195,#9196,#9197));
#982=EDGE_LOOP('',(#9198,#9199,#9200,#9201));
#983=EDGE_LOOP('',(#9202,#9203,#9204,#9205));
#984=EDGE_LOOP('',(#9206,#9207,#9208));
#985=EDGE_LOOP('',(#9209,#9210,#9211,#9212,#9213,#9214,#9215,#9216));
#986=EDGE_LOOP('',(#9217,#9218,#9219,#9220,#9221,#9222,#9223,#9224,#9225,
#9226));
#987=EDGE_LOOP('',(#9227,#9228,#9229,#9230,#9231,#9232));
#988=EDGE_LOOP('',(#9233,#9234,#9235,#9236,#9237,#9238,#9239,#9240,#9241,
#9242,#9243,#9244,#9245,#9246,#9247,#9248,#9249,#9250,#9251,#9252,#9253,
#9254,#9255,#9256,#9257,#9258,#9259,#9260,#9261,#9262,#9263,#9264,#9265,
#9266,#9267,#9268,#9269,#9270,#9271,#9272,#9273,#9274,#9275,#9276,#9277,
#9278,#9279,#9280,#9281,#9282,#9283,#9284,#9285,#9286,#9287,#9288,#9289,
#9290,#9291,#9292,#9293,#9294,#9295,#9296,#9297,#9298,#9299,#9300,#9301,
#9302,#9303,#9304,#9305,#9306,#9307,#9308,#9309,#9310,#9311,#9312,#9313,
#9314,#9315,#9316,#9317,#9318,#9319,#9320,#9321,#9322,#9323,#9324,#9325,
#9326,#9327,#9328,#9329,#9330,#9331,#9332,#9333,#9334,#9335,#9336,#9337,
#9338,#9339,#9340,#9341,#9342,#9343,#9344,#9345,#9346,#9347,#9348,#9349,
#9350,#9351,#9352,#9353,#9354,#9355,#9356,#9357,#9358,#9359,#9360,#9361,
#9362,#9363,#9364,#9365,#9366,#9367,#9368,#9369,#9370,#9371,#9372,#9373,
#9374,#9375,#9376,#9377,#9378,#9379,#9380,#9381,#9382,#9383,#9384,#9385,
#9386));
#989=EDGE_LOOP('',(#9387,#9388,#9389,#9390,#9391,#9392));
#990=EDGE_LOOP('',(#9393,#9394,#9395));
#991=EDGE_LOOP('',(#9396,#9397,#9398));
#992=EDGE_LOOP('',(#9399,#9400,#9401));
#993=EDGE_LOOP('',(#9402,#9403,#9404));
#994=EDGE_LOOP('',(#9405,#9406,#9407));
#995=EDGE_LOOP('',(#9408,#9409,#9410));
#996=EDGE_LOOP('',(#9411,#9412,#9413));
#997=EDGE_LOOP('',(#9414,#9415,#9416));
#998=EDGE_LOOP('',(#9417,#9418,#9419));
#999=EDGE_LOOP('',(#9420,#9421,#9422));
#1000=EDGE_LOOP('',(#9423,#9424,#9425));
#1001=EDGE_LOOP('',(#9426,#9427,#9428));
#1002=EDGE_LOOP('',(#9429,#9430,#9431));
#1003=EDGE_LOOP('',(#9432,#9433,#9434));
#1004=EDGE_LOOP('',(#9435,#9436,#9437));
#1005=EDGE_LOOP('',(#9438,#9439,#9440));
#1006=EDGE_LOOP('',(#9441,#9442,#9443));
#1007=EDGE_LOOP('',(#9444,#9445,#9446));
#1008=EDGE_LOOP('',(#9447,#9448,#9449));
#1009=EDGE_LOOP('',(#9450,#9451,#9452));
#1010=EDGE_LOOP('',(#9453,#9454,#9455));
#1011=EDGE_LOOP('',(#9456,#9457,#9458));
#1012=EDGE_LOOP('',(#9459,#9460,#9461));
#1013=EDGE_LOOP('',(#9462,#9463,#9464));
#1014=EDGE_LOOP('',(#9465,#9466,#9467));
#1015=EDGE_LOOP('',(#9468,#9469,#9470));
#1016=EDGE_LOOP('',(#9471,#9472,#9473));
#1017=EDGE_LOOP('',(#9474,#9475,#9476));
#1018=EDGE_LOOP('',(#9477,#9478,#9479));
#1019=EDGE_LOOP('',(#9480,#9481,#9482));
#1020=EDGE_LOOP('',(#9483,#9484,#9485));
#1021=EDGE_LOOP('',(#9486,#9487,#9488));
#1022=EDGE_LOOP('',(#9489,#9490,#9491));
#1023=EDGE_LOOP('',(#9492,#9493,#9494));
#1024=EDGE_LOOP('',(#9495,#9496,#9497));
#1025=EDGE_LOOP('',(#9498,#9499,#9500));
#1026=EDGE_LOOP('',(#9501,#9502,#9503,#9504));
#1027=EDGE_LOOP('',(#9505,#9506,#9507,#9508,#9509,#9510,#9511,#9512,#9513,
#9514));
#1028=EDGE_LOOP('',(#9515,#9516,#9517,#9518));
#1029=EDGE_LOOP('',(#9519,#9520,#9521,#9522,#9523,#9524,#9525,#9526,#9527,
#9528,#9529,#9530,#9531,#9532,#9533,#9534,#9535,#9536,#9537,#9538,#9539,
#9540,#9541,#9542,#9543,#9544,#9545,#9546,#9547,#9548,#9549,#9550,#9551,
#9552,#9553,#9554,#9555,#9556,#9557,#9558,#9559,#9560,#9561,#9562,#9563,
#9564,#9565,#9566,#9567,#9568,#9569,#9570,#9571,#9572,#9573,#9574,#9575,
#9576,#9577,#9578,#9579,#9580,#9581,#9582,#9583,#9584,#9585,#9586,#9587,
#9588,#9589,#9590,#9591,#9592,#9593,#9594,#9595,#9596,#9597,#9598,#9599,
#9600,#9601,#9602,#9603,#9604,#9605,#9606,#9607,#9608,#9609,#9610,#9611,
#9612,#9613,#9614,#9615,#9616,#9617,#9618,#9619,#9620,#9621,#9622,#9623,
#9624,#9625,#9626,#9627,#9628,#9629,#9630,#9631,#9632,#9633,#9634,#9635,
#9636,#9637,#9638,#9639,#9640,#9641,#9642,#9643,#9644,#9645,#9646,#9647,
#9648,#9649,#9650,#9651,#9652,#9653,#9654,#9655,#9656,#9657,#9658,#9659,
#9660,#9661,#9662,#9663,#9664,#9665,#9666,#9667,#9668,#9669,#9670,#9671,
#9672));
#1030=EDGE_LOOP('',(#9673,#9674,#9675,#9676));
#1031=EDGE_LOOP('',(#9677,#9678,#9679,#9680,#9681,#9682));
#1032=EDGE_LOOP('',(#9683,#9684,#9685,#9686));
#1033=EDGE_LOOP('',(#9687,#9688,#9689,#9690));
#1034=EDGE_LOOP('',(#9691,#9692,#9693,#9694,#9695,#9696));
#1035=EDGE_LOOP('',(#9697,#9698,#9699,#9700));
#1036=EDGE_LOOP('',(#9701,#9702,#9703,#9704));
#1037=EDGE_LOOP('',(#9705,#9706,#9707,#9708,#9709,#9710));
#1038=EDGE_LOOP('',(#9711,#9712,#9713,#9714));
#1039=EDGE_LOOP('',(#9715,#9716,#9717,#9718));
#1040=EDGE_LOOP('',(#9719,#9720,#9721,#9722,#9723,#9724));
#1041=EDGE_LOOP('',(#9725,#9726,#9727,#9728));
#1042=EDGE_LOOP('',(#9729,#9730,#9731,#9732));
#1043=EDGE_LOOP('',(#9733,#9734,#9735,#9736,#9737,#9738));
#1044=EDGE_LOOP('',(#9739,#9740,#9741,#9742));
#1045=EDGE_LOOP('',(#9743,#9744,#9745,#9746));
#1046=EDGE_LOOP('',(#9747,#9748,#9749,#9750,#9751,#9752));
#1047=EDGE_LOOP('',(#9753,#9754,#9755,#9756));
#1048=EDGE_LOOP('',(#9757,#9758,#9759,#9760));
#1049=EDGE_LOOP('',(#9761,#9762,#9763,#9764,#9765,#9766));
#1050=EDGE_LOOP('',(#9767,#9768,#9769,#9770));
#1051=EDGE_LOOP('',(#9771,#9772,#9773,#9774));
#1052=EDGE_LOOP('',(#9775,#9776,#9777,#9778,#9779,#9780));
#1053=EDGE_LOOP('',(#9781,#9782,#9783,#9784));
#1054=EDGE_LOOP('',(#9785,#9786,#9787,#9788));
#1055=EDGE_LOOP('',(#9789,#9790,#9791,#9792,#9793,#9794));
#1056=EDGE_LOOP('',(#9795,#9796,#9797,#9798));
#1057=EDGE_LOOP('',(#9799,#9800,#9801,#9802));
#1058=EDGE_LOOP('',(#9803,#9804,#9805,#9806,#9807,#9808));
#1059=EDGE_LOOP('',(#9809,#9810,#9811,#9812));
#1060=EDGE_LOOP('',(#9813,#9814,#9815,#9816));
#1061=EDGE_LOOP('',(#9817,#9818,#9819,#9820,#9821,#9822));
#1062=EDGE_LOOP('',(#9823,#9824,#9825,#9826));
#1063=EDGE_LOOP('',(#9827,#9828,#9829,#9830));
#1064=EDGE_LOOP('',(#9831,#9832,#9833,#9834,#9835,#9836));
#1065=EDGE_LOOP('',(#9837,#9838,#9839,#9840));
#1066=EDGE_LOOP('',(#9841,#9842,#9843,#9844));
#1067=EDGE_LOOP('',(#9845,#9846,#9847,#9848,#9849,#9850));
#1068=EDGE_LOOP('',(#9851,#9852,#9853,#9854));
#1069=EDGE_LOOP('',(#9855,#9856,#9857,#9858,#9859));
#1070=EDGE_LOOP('',(#9860,#9861,#9862,#9863));
#1071=EDGE_LOOP('',(#9864,#9865,#9866,#9867,#9868));
#1072=EDGE_LOOP('',(#9869,#9870,#9871,#9872,#9873,#9874));
#1073=EDGE_LOOP('',(#9875,#9876,#9877,#9878));
#1074=EDGE_LOOP('',(#9879,#9880,#9881,#9882,#9883,#9884));
#1075=EDGE_LOOP('',(#9885,#9886,#9887,#9888,#9889,#9890));
#1076=EDGE_LOOP('',(#9891,#9892,#9893,#9894));
#1077=EDGE_LOOP('',(#9895,#9896,#9897,#9898,#9899,#9900));
#1078=EDGE_LOOP('',(#9901,#9902,#9903,#9904,#9905,#9906));
#1079=EDGE_LOOP('',(#9907,#9908,#9909,#9910));
#1080=EDGE_LOOP('',(#9911,#9912,#9913,#9914,#9915,#9916));
#1081=EDGE_LOOP('',(#9917,#9918,#9919,#9920,#9921,#9922));
#1082=EDGE_LOOP('',(#9923,#9924,#9925,#9926));
#1083=EDGE_LOOP('',(#9927,#9928,#9929,#9930,#9931,#9932));
#1084=EDGE_LOOP('',(#9933,#9934,#9935,#9936,#9937,#9938));
#1085=EDGE_LOOP('',(#9939,#9940,#9941,#9942));
#1086=EDGE_LOOP('',(#9943,#9944,#9945,#9946,#9947,#9948));
#1087=EDGE_LOOP('',(#9949,#9950,#9951,#9952,#9953,#9954));
#1088=EDGE_LOOP('',(#9955,#9956,#9957,#9958));
#1089=EDGE_LOOP('',(#9959,#9960,#9961,#9962,#9963,#9964));
#1090=EDGE_LOOP('',(#9965,#9966,#9967,#9968,#9969,#9970));
#1091=EDGE_LOOP('',(#9971,#9972,#9973,#9974));
#1092=EDGE_LOOP('',(#9975,#9976,#9977,#9978,#9979,#9980));
#1093=EDGE_LOOP('',(#9981,#9982,#9983,#9984,#9985,#9986));
#1094=EDGE_LOOP('',(#9987,#9988,#9989,#9990));
#1095=EDGE_LOOP('',(#9991,#9992,#9993,#9994,#9995,#9996));
#1096=EDGE_LOOP('',(#9997,#9998,#9999,#10000,#10001,#10002));
#1097=EDGE_LOOP('',(#10003,#10004,#10005,#10006));
#1098=EDGE_LOOP('',(#10007,#10008,#10009,#10010,#10011));
#1099=EDGE_LOOP('',(#10012,#10013,#10014,#10015));
#1100=EDGE_LOOP('',(#10016,#10017,#10018,#10019));
#1101=EDGE_LOOP('',(#10020,#10021,#10022,#10023,#10024,#10025));
#1102=EDGE_LOOP('',(#10026,#10027,#10028,#10029,#10030));
#1103=EDGE_LOOP('',(#10031,#10032,#10033,#10034,#10035));
#1104=EDGE_LOOP('',(#10036,#10037,#10038,#10039));
#1105=EDGE_LOOP('',(#10040,#10041,#10042,#10043));
#1106=EDGE_LOOP('',(#10044,#10045,#10046,#10047,#10048,#10049));
#1107=EDGE_LOOP('',(#10050,#10051,#10052,#10053,#10054));
#1108=EDGE_LOOP('',(#10055,#10056,#10057,#10058,#10059));
#1109=EDGE_LOOP('',(#10060,#10061,#10062,#10063));
#1110=EDGE_LOOP('',(#10064,#10065,#10066,#10067));
#1111=EDGE_LOOP('',(#10068,#10069,#10070,#10071,#10072,#10073));
#1112=EDGE_LOOP('',(#10074,#10075,#10076,#10077,#10078));
#1113=EDGE_LOOP('',(#10079,#10080,#10081,#10082,#10083));
#1114=EDGE_LOOP('',(#10084,#10085,#10086,#10087));
#1115=EDGE_LOOP('',(#10088,#10089,#10090,#10091));
#1116=EDGE_LOOP('',(#10092,#10093,#10094,#10095,#10096,#10097));
#1117=EDGE_LOOP('',(#10098,#10099,#10100,#10101,#10102));
#1118=EDGE_LOOP('',(#10103,#10104,#10105,#10106,#10107));
#1119=EDGE_LOOP('',(#10108,#10109,#10110,#10111));
#1120=EDGE_LOOP('',(#10112,#10113,#10114,#10115));
#1121=EDGE_LOOP('',(#10116,#10117,#10118,#10119,#10120,#10121));
#1122=EDGE_LOOP('',(#10122,#10123,#10124,#10125,#10126));
#1123=EDGE_LOOP('',(#10127,#10128,#10129,#10130,#10131));
#1124=EDGE_LOOP('',(#10132,#10133,#10134,#10135));
#1125=EDGE_LOOP('',(#10136,#10137,#10138,#10139));
#1126=EDGE_LOOP('',(#10140,#10141,#10142,#10143,#10144,#10145));
#1127=EDGE_LOOP('',(#10146,#10147,#10148,#10149,#10150));
#1128=EDGE_LOOP('',(#10151,#10152,#10153,#10154,#10155));
#1129=EDGE_LOOP('',(#10156,#10157,#10158,#10159));
#1130=EDGE_LOOP('',(#10160,#10161,#10162,#10163));
#1131=EDGE_LOOP('',(#10164,#10165,#10166,#10167,#10168,#10169));
#1132=EDGE_LOOP('',(#10170,#10171,#10172,#10173,#10174));
#1133=EDGE_LOOP('',(#10175,#10176,#10177,#10178,#10179));
#1134=EDGE_LOOP('',(#10180,#10181,#10182,#10183));
#1135=EDGE_LOOP('',(#10184,#10185,#10186,#10187));
#1136=EDGE_LOOP('',(#10188,#10189,#10190,#10191,#10192,#10193));
#1137=EDGE_LOOP('',(#10194,#10195,#10196,#10197,#10198));
#1138=EDGE_LOOP('',(#10199,#10200,#10201,#10202,#10203));
#1139=EDGE_LOOP('',(#10204,#10205,#10206,#10207));
#1140=EDGE_LOOP('',(#10208,#10209,#10210,#10211));
#1141=EDGE_LOOP('',(#10212,#10213,#10214,#10215,#10216,#10217));
#1142=EDGE_LOOP('',(#10218,#10219,#10220,#10221,#10222));
#1143=EDGE_LOOP('',(#10223,#10224,#10225,#10226,#10227));
#1144=EDGE_LOOP('',(#10228,#10229,#10230,#10231));
#1145=EDGE_LOOP('',(#10232,#10233,#10234,#10235));
#1146=EDGE_LOOP('',(#10236,#10237,#10238,#10239,#10240,#10241));
#1147=EDGE_LOOP('',(#10242,#10243,#10244,#10245,#10246));
#1148=EDGE_LOOP('',(#10247,#10248,#10249,#10250,#10251));
#1149=EDGE_LOOP('',(#10252,#10253,#10254,#10255));
#1150=EDGE_LOOP('',(#10256,#10257,#10258,#10259));
#1151=EDGE_LOOP('',(#10260,#10261,#10262,#10263,#10264,#10265));
#1152=EDGE_LOOP('',(#10266,#10267,#10268,#10269,#10270));
#1153=EDGE_LOOP('',(#10271,#10272,#10273,#10274,#10275));
#1154=EDGE_LOOP('',(#10276,#10277,#10278,#10279));
#1155=EDGE_LOOP('',(#10280,#10281,#10282,#10283));
#1156=EDGE_LOOP('',(#10284,#10285,#10286,#10287,#10288,#10289));
#1157=EDGE_LOOP('',(#10290,#10291,#10292,#10293,#10294));
#1158=EDGE_LOOP('',(#10295,#10296,#10297,#10298,#10299));
#1159=EDGE_LOOP('',(#10300,#10301,#10302,#10303));
#1160=EDGE_LOOP('',(#10304,#10305,#10306,#10307));
#1161=EDGE_LOOP('',(#10308,#10309,#10310,#10311,#10312,#10313));
#1162=EDGE_LOOP('',(#10314,#10315,#10316,#10317,#10318));
#1163=EDGE_LOOP('',(#10319,#10320,#10321,#10322));
#1164=EDGE_LOOP('',(#10323,#10324,#10325,#10326,#10327,#10328));
#1165=EDGE_LOOP('',(#10329,#10330,#10331,#10332));
#1166=EDGE_LOOP('',(#10333,#10334,#10335,#10336));
#1167=EDGE_LOOP('',(#10337,#10338,#10339,#10340,#10341,#10342));
#1168=EDGE_LOOP('',(#10343,#10344,#10345,#10346));
#1169=EDGE_LOOP('',(#10347,#10348,#10349,#10350,#10351,#10352));
#1170=EDGE_LOOP('',(#10353,#10354,#10355,#10356));
#1171=EDGE_LOOP('',(#10357,#10358,#10359,#10360,#10361,#10362));
#1172=EDGE_LOOP('',(#10363,#10364,#10365,#10366));
#1173=EDGE_LOOP('',(#10367,#10368,#10369,#10370,#10371,#10372));
#1174=EDGE_LOOP('',(#10373,#10374,#10375,#10376));
#1175=EDGE_LOOP('',(#10377,#10378,#10379,#10380,#10381,#10382));
#1176=EDGE_LOOP('',(#10383,#10384,#10385,#10386));
#1177=EDGE_LOOP('',(#10387,#10388,#10389,#10390,#10391,#10392));
#1178=EDGE_LOOP('',(#10393,#10394,#10395,#10396));
#1179=EDGE_LOOP('',(#10397,#10398,#10399,#10400,#10401,#10402));
#1180=EDGE_LOOP('',(#10403,#10404,#10405,#10406));
#1181=EDGE_LOOP('',(#10407,#10408,#10409,#10410,#10411,#10412));
#1182=EDGE_LOOP('',(#10413,#10414,#10415,#10416));
#1183=EDGE_LOOP('',(#10417,#10418,#10419,#10420,#10421,#10422));
#1184=EDGE_LOOP('',(#10423,#10424,#10425,#10426));
#1185=EDGE_LOOP('',(#10427,#10428,#10429,#10430,#10431,#10432));
#1186=EDGE_LOOP('',(#10433,#10434,#10435,#10436));
#1187=EDGE_LOOP('',(#10437,#10438,#10439,#10440,#10441,#10442));
#1188=EDGE_LOOP('',(#10443,#10444,#10445,#10446));
#1189=EDGE_LOOP('',(#10447,#10448,#10449,#10450,#10451,#10452));
#1190=EDGE_LOOP('',(#10453,#10454,#10455,#10456));
#1191=EDGE_LOOP('',(#10457,#10458,#10459,#10460,#10461,#10462));
#1192=EDGE_LOOP('',(#10463,#10464,#10465,#10466));
#1193=EDGE_LOOP('',(#10467,#10468,#10469,#10470,#10471,#10472));
#1194=EDGE_LOOP('',(#10473,#10474,#10475,#10476));
#1195=EDGE_LOOP('',(#10477,#10478,#10479,#10480,#10481,#10482));
#1196=EDGE_LOOP('',(#10483,#10484,#10485,#10486));
#1197=EDGE_LOOP('',(#10487,#10488,#10489,#10490));
#1198=EDGE_LOOP('',(#10491,#10492,#10493,#10494));
#1199=EDGE_LOOP('',(#10495,#10496,#10497,#10498));
#1200=EDGE_LOOP('',(#10499,#10500,#10501,#10502));
#1201=EDGE_LOOP('',(#10503,#10504,#10505,#10506));
#1202=EDGE_LOOP('',(#10507,#10508,#10509,#10510));
#1203=EDGE_LOOP('',(#10511,#10512,#10513,#10514));
#1204=EDGE_LOOP('',(#10515,#10516,#10517,#10518));
#1205=EDGE_LOOP('',(#10519,#10520,#10521,#10522));
#1206=EDGE_LOOP('',(#10523,#10524,#10525,#10526));
#1207=EDGE_LOOP('',(#10527,#10528,#10529,#10530));
#1208=EDGE_LOOP('',(#10531,#10532,#10533,#10534));
#1209=EDGE_LOOP('',(#10535,#10536,#10537,#10538));
#1210=EDGE_LOOP('',(#10539,#10540,#10541,#10542));
#1211=EDGE_LOOP('',(#10543,#10544,#10545,#10546));
#1212=EDGE_LOOP('',(#10547,#10548,#10549,#10550));
#1213=EDGE_LOOP('',(#10551,#10552,#10553,#10554));
#1214=EDGE_LOOP('',(#10555,#10556,#10557,#10558,#10559,#10560));
#1215=EDGE_LOOP('',(#10561,#10562,#10563,#10564,#10565,#10566));
#1216=EDGE_LOOP('',(#10567,#10568,#10569,#10570,#10571,#10572));
#1217=EDGE_LOOP('',(#10573,#10574,#10575,#10576,#10577,#10578));
#1218=EDGE_LOOP('',(#10579,#10580,#10581,#10582,#10583,#10584));
#1219=EDGE_LOOP('',(#10585,#10586,#10587,#10588,#10589,#10590));
#1220=EDGE_LOOP('',(#10591,#10592,#10593,#10594,#10595,#10596));
#1221=EDGE_LOOP('',(#10597,#10598,#10599,#10600,#10601,#10602));
#1222=EDGE_LOOP('',(#10603,#10604,#10605,#10606,#10607,#10608));
#1223=EDGE_LOOP('',(#10609,#10610,#10611,#10612,#10613,#10614));
#1224=EDGE_LOOP('',(#10615,#10616,#10617,#10618,#10619,#10620));
#1225=EDGE_LOOP('',(#10621,#10622,#10623,#10624,#10625,#10626));
#1226=EDGE_LOOP('',(#10627,#10628,#10629,#10630,#10631,#10632));
#1227=EDGE_LOOP('',(#10633,#10634,#10635,#10636,#10637,#10638,#10639,#10640,
#10641,#10642));
#1228=EDGE_LOOP('',(#10643,#10644,#10645,#10646));
#1229=EDGE_LOOP('',(#10647,#10648,#10649,#10650,#10651,#10652,#10653,#10654));
#1230=EDGE_LOOP('',(#10655,#10656,#10657,#10658,#10659,#10660,#10661,#10662));
#1231=EDGE_LOOP('',(#10663,#10664,#10665,#10666));
#1232=EDGE_LOOP('',(#10667,#10668,#10669,#10670));
#1233=EDGE_LOOP('',(#10671,#10672,#10673,#10674));
#1234=EDGE_LOOP('',(#10675,#10676,#10677,#10678));
#1235=EDGE_LOOP('',(#10679,#10680,#10681,#10682));
#1236=EDGE_LOOP('',(#10683,#10684,#10685,#10686));
#1237=EDGE_LOOP('',(#10687,#10688,#10689,#10690));
#1238=EDGE_LOOP('',(#10691,#10692,#10693,#10694));
#1239=EDGE_LOOP('',(#10695,#10696,#10697,#10698));
#1240=EDGE_LOOP('',(#10699,#10700,#10701,#10702));
#1241=EDGE_LOOP('',(#10703,#10704,#10705,#10706));
#1242=EDGE_LOOP('',(#10707,#10708,#10709,#10710));
#1243=EDGE_LOOP('',(#10711,#10712,#10713,#10714));
#1244=EDGE_LOOP('',(#10715,#10716,#10717,#10718));
#1245=EDGE_LOOP('',(#10719,#10720,#10721,#10722));
#1246=EDGE_LOOP('',(#10723,#10724,#10725,#10726));
#1247=EDGE_LOOP('',(#10727,#10728,#10729,#10730,#10731,#10732,#10733,#10734));
#1248=EDGE_LOOP('',(#10735,#10736,#10737,#10738));
#1249=EDGE_LOOP('',(#10739,#10740,#10741,#10742));
#1250=EDGE_LOOP('',(#10743,#10744,#10745,#10746));
#1251=EDGE_LOOP('',(#10747,#10748,#10749,#10750));
#1252=EDGE_LOOP('',(#10751,#10752,#10753,#10754));
#1253=EDGE_LOOP('',(#10755,#10756,#10757,#10758));
#1254=EDGE_LOOP('',(#10759,#10760,#10761,#10762));
#1255=EDGE_LOOP('',(#10763,#10764,#10765,#10766));
#1256=EDGE_LOOP('',(#10767,#10768,#10769,#10770));
#1257=EDGE_LOOP('',(#10771,#10772,#10773,#10774));
#1258=EDGE_LOOP('',(#10775,#10776,#10777,#10778));
#1259=EDGE_LOOP('',(#10779,#10780,#10781,#10782));
#1260=EDGE_LOOP('',(#10783,#10784,#10785,#10786));
#1261=EDGE_LOOP('',(#10787,#10788,#10789,#10790,#10791,#10792,#10793,#10794));
#1262=EDGE_LOOP('',(#10795,#10796,#10797,#10798,#10799,#10800,#10801,#10802));
#1263=EDGE_LOOP('',(#10803,#10804,#10805,#10806,#10807,#10808,#10809,#10810));
#1264=EDGE_LOOP('',(#10811,#10812,#10813,#10814,#10815,#10816,#10817,#10818));
#1265=EDGE_LOOP('',(#10819,#10820,#10821,#10822,#10823,#10824,#10825,#10826));
#1266=EDGE_LOOP('',(#10827,#10828,#10829,#10830,#10831,#10832,#10833,#10834));
#1267=EDGE_LOOP('',(#10835,#10836,#10837,#10838));
#1268=EDGE_LOOP('',(#10839,#10840,#10841,#10842));
#1269=EDGE_LOOP('',(#10843,#10844,#10845,#10846));
#1270=EDGE_LOOP('',(#10847,#10848,#10849,#10850));
#1271=EDGE_LOOP('',(#10851,#10852,#10853,#10854,#10855,#10856,#10857));
#1272=EDGE_LOOP('',(#10858,#10859,#10860,#10861,#10862,#10863));
#1273=EDGE_LOOP('',(#10864,#10865,#10866,#10867,#10868,#10869,#10870));
#1274=EDGE_LOOP('',(#10871,#10872,#10873,#10874));
#1275=EDGE_LOOP('',(#10875,#10876,#10877,#10878));
#1276=EDGE_LOOP('',(#10879,#10880,#10881,#10882,#10883,#10884));
#1277=EDGE_LOOP('',(#10885,#10886,#10887,#10888));
#1278=EDGE_LOOP('',(#10889,#10890,#10891,#10892,#10893,#10894));
#1279=EDGE_LOOP('',(#10895,#10896,#10897,#10898));
#1280=EDGE_LOOP('',(#10899,#10900,#10901,#10902));
#1281=EDGE_LOOP('',(#10903,#10904,#10905,#10906));
#1282=EDGE_LOOP('',(#10907,#10908,#10909,#10910));
#1283=EDGE_LOOP('',(#10911,#10912,#10913,#10914));
#1284=EDGE_LOOP('',(#10915,#10916,#10917,#10918));
#1285=CIRCLE('',#12107,36.89975);
#1286=CIRCLE('',#12108,36.89975);
#1287=CIRCLE('',#12109,36.89975);
#1288=CIRCLE('',#12110,36.89975);
#1289=CIRCLE('',#12111,36.89975);
#1290=CIRCLE('',#12112,36.89975);
#1291=CIRCLE('',#12113,36.89975);
#1292=CIRCLE('',#12114,36.89975);
#1293=CIRCLE('',#12115,36.89975);
#1294=CIRCLE('',#12116,37.8);
#1295=CIRCLE('',#12120,37.8);
#1296=CIRCLE('',#12121,36.89975);
#1297=CIRCLE('',#12122,36.89975);
#1298=CIRCLE('',#12123,36.89975);
#1299=CIRCLE('',#12124,36.89975);
#1300=CIRCLE('',#12125,36.89975);
#1301=CIRCLE('',#12126,36.89975);
#1302=CIRCLE('',#12127,36.89975);
#1303=CIRCLE('',#12128,36.89975);
#1304=CIRCLE('',#12129,36.89975);
#1305=CIRCLE('',#12205,0.3);
#1306=CIRCLE('',#12206,0.3);
#1307=CIRCLE('',#12336,0.300000000034121);
#1308=CIRCLE('',#12337,0.300000000034121);
#1309=CIRCLE('',#12378,0.3);
#1310=CIRCLE('',#12382,37.5);
#1311=CIRCLE('',#12383,0.299999999999992);
#1312=CIRCLE('',#12384,37.8);
#1313=CIRCLE('',#12408,37.3);
#1314=CIRCLE('',#12409,37.3);
#1315=CIRCLE('',#12417,37.5);
#1316=CIRCLE('',#12421,37.8);
#1317=CIRCLE('',#12424,0.3);
#1318=CIRCLE('',#12428,0.300000000000003);
#1319=CIRCLE('',#12452,36.899750000004);
#1320=CIRCLE('',#12453,36.8997500000055);
#1321=CIRCLE('',#12454,36.8997500000046);
#1322=CIRCLE('',#12455,36.8997500000018);
#1323=CIRCLE('',#12456,36.8997499999983);
#1324=CIRCLE('',#12457,36.8997499999896);
#1325=CIRCLE('',#12458,36.8997499999919);
#1326=CIRCLE('',#12459,36.8997499999952);
#1327=CIRCLE('',#12460,36.899749999999);
#1328=CIRCLE('',#12461,37.800000000001);
#1329=CIRCLE('',#12501,0.3);
#1330=CIRCLE('',#12502,0.3);
#1331=CIRCLE('',#12505,37.800000000001);
#1332=CIRCLE('',#12506,36.899749999999);
#1333=CIRCLE('',#12507,36.8997499999952);
#1334=CIRCLE('',#12508,36.8997499999919);
#1335=CIRCLE('',#12509,36.8997499999896);
#1336=CIRCLE('',#12510,36.8997499999983);
#1337=CIRCLE('',#12511,36.8997500000018);
#1338=CIRCLE('',#12512,36.8997500000046);
#1339=CIRCLE('',#12513,36.8997500000055);
#1340=CIRCLE('',#12514,36.899750000004);
#1341=CIRCLE('',#12713,0.300000000034121);
#1342=CIRCLE('',#12714,0.300000000034121);
#1343=CIRCLE('',#12734,37.800000000001);
#1344=CIRCLE('',#12756,37.800000000001);
#1345=CIRCLE('',#12759,37.300000000001);
#1346=CIRCLE('',#12760,37.300000000001);
#1347=CIRCLE('',#12763,0.300000000000001);
#1348=CIRCLE('',#12766,0.299999999999736);
#1349=LINE('',#15782,#2991);
#1350=LINE('',#15784,#2992);
#1351=LINE('',#15786,#2993);
#1352=LINE('',#15790,#2994);
#1353=LINE('',#15792,#2995);
#1354=LINE('',#15794,#2996);
#1355=LINE('',#15798,#2997);
#1356=LINE('',#15800,#2998);
#1357=LINE('',#15802,#2999);
#1358=LINE('',#15806,#3000);
#1359=LINE('',#15808,#3001);
#1360=LINE('',#15810,#3002);
#1361=LINE('',#15814,#3003);
#1362=LINE('',#15816,#3004);
#1363=LINE('',#15818,#3005);
#1364=LINE('',#15822,#3006);
#1365=LINE('',#15824,#3007);
#1366=LINE('',#15826,#3008);
#1367=LINE('',#15830,#3009);
#1368=LINE('',#15832,#3010);
#1369=LINE('',#15834,#3011);
#1370=LINE('',#15838,#3012);
#1371=LINE('',#15840,#3013);
#1372=LINE('',#15842,#3014);
#1373=LINE('',#15846,#3015);
#1374=LINE('',#15848,#3016);
#1375=LINE('',#15850,#3017);
#1376=LINE('',#15854,#3018);
#1377=LINE('',#15856,#3019);
#1378=LINE('',#15858,#3020);
#1379=LINE('',#15860,#3021);
#1380=LINE('',#15862,#3022);
#1381=LINE('',#15864,#3023);
#1382=LINE('',#15866,#3024);
#1383=LINE('',#15868,#3025);
#1384=LINE('',#15870,#3026);
#1385=LINE('',#15872,#3027);
#1386=LINE('',#15874,#3028);
#1387=LINE('',#15876,#3029);
#1388=LINE('',#15878,#3030);
#1389=LINE('',#15880,#3031);
#1390=LINE('',#15882,#3032);
#1391=LINE('',#15884,#3033);
#1392=LINE('',#15886,#3034);
#1393=LINE('',#15888,#3035);
#1394=LINE('',#15890,#3036);
#1395=LINE('',#15892,#3037);
#1396=LINE('',#15894,#3038);
#1397=LINE('',#15896,#3039);
#1398=LINE('',#15898,#3040);
#1399=LINE('',#15900,#3041);
#1400=LINE('',#15902,#3042);
#1401=LINE('',#15904,#3043);
#1402=LINE('',#15906,#3044);
#1403=LINE('',#15908,#3045);
#1404=LINE('',#15910,#3046);
#1405=LINE('',#15912,#3047);
#1406=LINE('',#15914,#3048);
#1407=LINE('',#15916,#3049);
#1408=LINE('',#15918,#3050);
#1409=LINE('',#15920,#3051);
#1410=LINE('',#15922,#3052);
#1411=LINE('',#15924,#3053);
#1412=LINE('',#15926,#3054);
#1413=LINE('',#15928,#3055);
#1414=LINE('',#15930,#3056);
#1415=LINE('',#15932,#3057);
#1416=LINE('',#15934,#3058);
#1417=LINE('',#15936,#3059);
#1418=LINE('',#15938,#3060);
#1419=LINE('',#15940,#3061);
#1420=LINE('',#15942,#3062);
#1421=LINE('',#15944,#3063);
#1422=LINE('',#15946,#3064);
#1423=LINE('',#15948,#3065);
#1424=LINE('',#15950,#3066);
#1425=LINE('',#15952,#3067);
#1426=LINE('',#15954,#3068);
#1427=LINE('',#15956,#3069);
#1428=LINE('',#15958,#3070);
#1429=LINE('',#15960,#3071);
#1430=LINE('',#15962,#3072);
#1431=LINE('',#15964,#3073);
#1432=LINE('',#15966,#3074);
#1433=LINE('',#15968,#3075);
#1434=LINE('',#15970,#3076);
#1435=LINE('',#15972,#3077);
#1436=LINE('',#15976,#3078);
#1437=LINE('',#15978,#3079);
#1438=LINE('',#15980,#3080);
#1439=LINE('',#15982,#3081);
#1440=LINE('',#15984,#3082);
#1441=LINE('',#15986,#3083);
#1442=LINE('',#15988,#3084);
#1443=LINE('',#15990,#3085);
#1444=LINE('',#15992,#3086);
#1445=LINE('',#15994,#3087);
#1446=LINE('',#15996,#3088);
#1447=LINE('',#15998,#3089);
#1448=LINE('',#16000,#3090);
#1449=LINE('',#16002,#3091);
#1450=LINE('',#16004,#3092);
#1451=LINE('',#16006,#3093);
#1452=LINE('',#16008,#3094);
#1453=LINE('',#16010,#3095);
#1454=LINE('',#16012,#3096);
#1455=LINE('',#16014,#3097);
#1456=LINE('',#16016,#3098);
#1457=LINE('',#16018,#3099);
#1458=LINE('',#16020,#3100);
#1459=LINE('',#16022,#3101);
#1460=LINE('',#16024,#3102);
#1461=LINE('',#16026,#3103);
#1462=LINE('',#16028,#3104);
#1463=LINE('',#16030,#3105);
#1464=LINE('',#16032,#3106);
#1465=LINE('',#16034,#3107);
#1466=LINE('',#16036,#3108);
#1467=LINE('',#16038,#3109);
#1468=LINE('',#16040,#3110);
#1469=LINE('',#16042,#3111);
#1470=LINE('',#16044,#3112);
#1471=LINE('',#16046,#3113);
#1472=LINE('',#16048,#3114);
#1473=LINE('',#16050,#3115);
#1474=LINE('',#16052,#3116);
#1475=LINE('',#16054,#3117);
#1476=LINE('',#16056,#3118);
#1477=LINE('',#16058,#3119);
#1478=LINE('',#16060,#3120);
#1479=LINE('',#16062,#3121);
#1480=LINE('',#16064,#3122);
#1481=LINE('',#16066,#3123);
#1482=LINE('',#16068,#3124);
#1483=LINE('',#16070,#3125);
#1484=LINE('',#16072,#3126);
#1485=LINE('',#16074,#3127);
#1486=LINE('',#16076,#3128);
#1487=LINE('',#16078,#3129);
#1488=LINE('',#16080,#3130);
#1489=LINE('',#16082,#3131);
#1490=LINE('',#16084,#3132);
#1491=LINE('',#16086,#3133);
#1492=LINE('',#16088,#3134);
#1493=LINE('',#16090,#3135);
#1494=LINE('',#16092,#3136);
#1495=LINE('',#16094,#3137);
#1496=LINE('',#16095,#3138);
#1497=LINE('',#16098,#3139);
#1498=LINE('',#16100,#3140);
#1499=LINE('',#16102,#3141);
#1500=LINE('',#16104,#3142);
#1501=LINE('',#16105,#3143);
#1502=LINE('',#16108,#3144);
#1503=LINE('',#16110,#3145);
#1504=LINE('',#16112,#3146);
#1505=LINE('',#16113,#3147);
#1506=LINE('',#16116,#3148);
#1507=LINE('',#16118,#3149);
#1508=LINE('',#16120,#3150);
#1509=LINE('',#16122,#3151);
#1510=LINE('',#16124,#3152);
#1511=LINE('',#16126,#3153);
#1512=LINE('',#16128,#3154);
#1513=LINE('',#16130,#3155);
#1514=LINE('',#16132,#3156);
#1515=LINE('',#16134,#3157);
#1516=LINE('',#16136,#3158);
#1517=LINE('',#16138,#3159);
#1518=LINE('',#16140,#3160);
#1519=LINE('',#16142,#3161);
#1520=LINE('',#16144,#3162);
#1521=LINE('',#16146,#3163);
#1522=LINE('',#16148,#3164);
#1523=LINE('',#16150,#3165);
#1524=LINE('',#16152,#3166);
#1525=LINE('',#16154,#3167);
#1526=LINE('',#16156,#3168);
#1527=LINE('',#16158,#3169);
#1528=LINE('',#16160,#3170);
#1529=LINE('',#16162,#3171);
#1530=LINE('',#16164,#3172);
#1531=LINE('',#16166,#3173);
#1532=LINE('',#16168,#3174);
#1533=LINE('',#16170,#3175);
#1534=LINE('',#16172,#3176);
#1535=LINE('',#16174,#3177);
#1536=LINE('',#16176,#3178);
#1537=LINE('',#16178,#3179);
#1538=LINE('',#16180,#3180);
#1539=LINE('',#16182,#3181);
#1540=LINE('',#16184,#3182);
#1541=LINE('',#16186,#3183);
#1542=LINE('',#16188,#3184);
#1543=LINE('',#16190,#3185);
#1544=LINE('',#16192,#3186);
#1545=LINE('',#16194,#3187);
#1546=LINE('',#16196,#3188);
#1547=LINE('',#16198,#3189);
#1548=LINE('',#16200,#3190);
#1549=LINE('',#16202,#3191);
#1550=LINE('',#16204,#3192);
#1551=LINE('',#16206,#3193);
#1552=LINE('',#16208,#3194);
#1553=LINE('',#16210,#3195);
#1554=LINE('',#16212,#3196);
#1555=LINE('',#16214,#3197);
#1556=LINE('',#16216,#3198);
#1557=LINE('',#16218,#3199);
#1558=LINE('',#16220,#3200);
#1559=LINE('',#16222,#3201);
#1560=LINE('',#16224,#3202);
#1561=LINE('',#16226,#3203);
#1562=LINE('',#16228,#3204);
#1563=LINE('',#16230,#3205);
#1564=LINE('',#16232,#3206);
#1565=LINE('',#16234,#3207);
#1566=LINE('',#16236,#3208);
#1567=LINE('',#16240,#3209);
#1568=LINE('',#16242,#3210);
#1569=LINE('',#16244,#3211);
#1570=LINE('',#16246,#3212);
#1571=LINE('',#16248,#3213);
#1572=LINE('',#16250,#3214);
#1573=LINE('',#16252,#3215);
#1574=LINE('',#16254,#3216);
#1575=LINE('',#16256,#3217);
#1576=LINE('',#16258,#3218);
#1577=LINE('',#16260,#3219);
#1578=LINE('',#16262,#3220);
#1579=LINE('',#16264,#3221);
#1580=LINE('',#16266,#3222);
#1581=LINE('',#16268,#3223);
#1582=LINE('',#16270,#3224);
#1583=LINE('',#16272,#3225);
#1584=LINE('',#16274,#3226);
#1585=LINE('',#16276,#3227);
#1586=LINE('',#16278,#3228);
#1587=LINE('',#16280,#3229);
#1588=LINE('',#16282,#3230);
#1589=LINE('',#16284,#3231);
#1590=LINE('',#16286,#3232);
#1591=LINE('',#16288,#3233);
#1592=LINE('',#16290,#3234);
#1593=LINE('',#16292,#3235);
#1594=LINE('',#16294,#3236);
#1595=LINE('',#16296,#3237);
#1596=LINE('',#16298,#3238);
#1597=LINE('',#16300,#3239);
#1598=LINE('',#16302,#3240);
#1599=LINE('',#16304,#3241);
#1600=LINE('',#16306,#3242);
#1601=LINE('',#16308,#3243);
#1602=LINE('',#16310,#3244);
#1603=LINE('',#16312,#3245);
#1604=LINE('',#16314,#3246);
#1605=LINE('',#16316,#3247);
#1606=LINE('',#16318,#3248);
#1607=LINE('',#16320,#3249);
#1608=LINE('',#16322,#3250);
#1609=LINE('',#16324,#3251);
#1610=LINE('',#16326,#3252);
#1611=LINE('',#16328,#3253);
#1612=LINE('',#16330,#3254);
#1613=LINE('',#16332,#3255);
#1614=LINE('',#16334,#3256);
#1615=LINE('',#16336,#3257);
#1616=LINE('',#16338,#3258);
#1617=LINE('',#16340,#3259);
#1618=LINE('',#16342,#3260);
#1619=LINE('',#16344,#3261);
#1620=LINE('',#16346,#3262);
#1621=LINE('',#16348,#3263);
#1622=LINE('',#16350,#3264);
#1623=LINE('',#16352,#3265);
#1624=LINE('',#16354,#3266);
#1625=LINE('',#16356,#3267);
#1626=LINE('',#16358,#3268);
#1627=LINE('',#16362,#3269);
#1628=LINE('',#16364,#3270);
#1629=LINE('',#16366,#3271);
#1630=LINE('',#16370,#3272);
#1631=LINE('',#16372,#3273);
#1632=LINE('',#16374,#3274);
#1633=LINE('',#16378,#3275);
#1634=LINE('',#16380,#3276);
#1635=LINE('',#16382,#3277);
#1636=LINE('',#16386,#3278);
#1637=LINE('',#16388,#3279);
#1638=LINE('',#16390,#3280);
#1639=LINE('',#16394,#3281);
#1640=LINE('',#16396,#3282);
#1641=LINE('',#16398,#3283);
#1642=LINE('',#16402,#3284);
#1643=LINE('',#16404,#3285);
#1644=LINE('',#16406,#3286);
#1645=LINE('',#16410,#3287);
#1646=LINE('',#16412,#3288);
#1647=LINE('',#16414,#3289);
#1648=LINE('',#16418,#3290);
#1649=LINE('',#16420,#3291);
#1650=LINE('',#16422,#3292);
#1651=LINE('',#16426,#3293);
#1652=LINE('',#16427,#3294);
#1653=LINE('',#16430,#3295);
#1654=LINE('',#16432,#3296);
#1655=LINE('',#16434,#3297);
#1656=LINE('',#16435,#3298);
#1657=LINE('',#16438,#3299);
#1658=LINE('',#16439,#3300);
#1659=LINE('',#16442,#3301);
#1660=LINE('',#16443,#3302);
#1661=LINE('',#16446,#3303);
#1662=LINE('',#16447,#3304);
#1663=LINE('',#16450,#3305);
#1664=LINE('',#16451,#3306);
#1665=LINE('',#16454,#3307);
#1666=LINE('',#16455,#3308);
#1667=LINE('',#16458,#3309);
#1668=LINE('',#16459,#3310);
#1669=LINE('',#16462,#3311);
#1670=LINE('',#16463,#3312);
#1671=LINE('',#16466,#3313);
#1672=LINE('',#16467,#3314);
#1673=LINE('',#16470,#3315);
#1674=LINE('',#16471,#3316);
#1675=LINE('',#16474,#3317);
#1676=LINE('',#16475,#3318);
#1677=LINE('',#16478,#3319);
#1678=LINE('',#16479,#3320);
#1679=LINE('',#16482,#3321);
#1680=LINE('',#16483,#3322);
#1681=LINE('',#16486,#3323);
#1682=LINE('',#16487,#3324);
#1683=LINE('',#16490,#3325);
#1684=LINE('',#16491,#3326);
#1685=LINE('',#16494,#3327);
#1686=LINE('',#16495,#3328);
#1687=LINE('',#16498,#3329);
#1688=LINE('',#16499,#3330);
#1689=LINE('',#16502,#3331);
#1690=LINE('',#16503,#3332);
#1691=LINE('',#16506,#3333);
#1692=LINE('',#16507,#3334);
#1693=LINE('',#16510,#3335);
#1694=LINE('',#16511,#3336);
#1695=LINE('',#16514,#3337);
#1696=LINE('',#16515,#3338);
#1697=LINE('',#16518,#3339);
#1698=LINE('',#16519,#3340);
#1699=LINE('',#16522,#3341);
#1700=LINE('',#16523,#3342);
#1701=LINE('',#16526,#3343);
#1702=LINE('',#16527,#3344);
#1703=LINE('',#16530,#3345);
#1704=LINE('',#16531,#3346);
#1705=LINE('',#16534,#3347);
#1706=LINE('',#16535,#3348);
#1707=LINE('',#16538,#3349);
#1708=LINE('',#16539,#3350);
#1709=LINE('',#16542,#3351);
#1710=LINE('',#16543,#3352);
#1711=LINE('',#16546,#3353);
#1712=LINE('',#16547,#3354);
#1713=LINE('',#16550,#3355);
#1714=LINE('',#16551,#3356);
#1715=LINE('',#16554,#3357);
#1716=LINE('',#16555,#3358);
#1717=LINE('',#16558,#3359);
#1718=LINE('',#16559,#3360);
#1719=LINE('',#16562,#3361);
#1720=LINE('',#16563,#3362);
#1721=LINE('',#16565,#3363);
#1722=LINE('',#16567,#3364);
#1723=LINE('',#16570,#3365);
#1724=LINE('',#16571,#3366);
#1725=LINE('',#16574,#3367);
#1726=LINE('',#16575,#3368);
#1727=LINE('',#16578,#3369);
#1728=LINE('',#16580,#3370);
#1729=LINE('',#16581,#3371);
#1730=LINE('',#16584,#3372);
#1731=LINE('',#16585,#3373);
#1732=LINE('',#16586,#3374);
#1733=LINE('',#16589,#3375);
#1734=LINE('',#16590,#3376);
#1735=LINE('',#16593,#3377);
#1736=LINE('',#16595,#3378);
#1737=LINE('',#16596,#3379);
#1738=LINE('',#16599,#3380);
#1739=LINE('',#16600,#3381);
#1740=LINE('',#16601,#3382);
#1741=LINE('',#16604,#3383);
#1742=LINE('',#16605,#3384);
#1743=LINE('',#16608,#3385);
#1744=LINE('',#16610,#3386);
#1745=LINE('',#16611,#3387);
#1746=LINE('',#16614,#3388);
#1747=LINE('',#16615,#3389);
#1748=LINE('',#16616,#3390);
#1749=LINE('',#16619,#3391);
#1750=LINE('',#16620,#3392);
#1751=LINE('',#16623,#3393);
#1752=LINE('',#16625,#3394);
#1753=LINE('',#16626,#3395);
#1754=LINE('',#16629,#3396);
#1755=LINE('',#16630,#3397);
#1756=LINE('',#16631,#3398);
#1757=LINE('',#16634,#3399);
#1758=LINE('',#16635,#3400);
#1759=LINE('',#16638,#3401);
#1760=LINE('',#16640,#3402);
#1761=LINE('',#16641,#3403);
#1762=LINE('',#16644,#3404);
#1763=LINE('',#16645,#3405);
#1764=LINE('',#16646,#3406);
#1765=LINE('',#16649,#3407);
#1766=LINE('',#16650,#3408);
#1767=LINE('',#16653,#3409);
#1768=LINE('',#16655,#3410);
#1769=LINE('',#16656,#3411);
#1770=LINE('',#16659,#3412);
#1771=LINE('',#16660,#3413);
#1772=LINE('',#16661,#3414);
#1773=LINE('',#16664,#3415);
#1774=LINE('',#16665,#3416);
#1775=LINE('',#16668,#3417);
#1776=LINE('',#16670,#3418);
#1777=LINE('',#16671,#3419);
#1778=LINE('',#16674,#3420);
#1779=LINE('',#16675,#3421);
#1780=LINE('',#16676,#3422);
#1781=LINE('',#16679,#3423);
#1782=LINE('',#16680,#3424);
#1783=LINE('',#16683,#3425);
#1784=LINE('',#16685,#3426);
#1785=LINE('',#16686,#3427);
#1786=LINE('',#16689,#3428);
#1787=LINE('',#16690,#3429);
#1788=LINE('',#16691,#3430);
#1789=LINE('',#16694,#3431);
#1790=LINE('',#16695,#3432);
#1791=LINE('',#16698,#3433);
#1792=LINE('',#16700,#3434);
#1793=LINE('',#16701,#3435);
#1794=LINE('',#16704,#3436);
#1795=LINE('',#16705,#3437);
#1796=LINE('',#16706,#3438);
#1797=LINE('',#16709,#3439);
#1798=LINE('',#16710,#3440);
#1799=LINE('',#16713,#3441);
#1800=LINE('',#16715,#3442);
#1801=LINE('',#16716,#3443);
#1802=LINE('',#16719,#3444);
#1803=LINE('',#16720,#3445);
#1804=LINE('',#16721,#3446);
#1805=LINE('',#16724,#3447);
#1806=LINE('',#16725,#3448);
#1807=LINE('',#16728,#3449);
#1808=LINE('',#16730,#3450);
#1809=LINE('',#16731,#3451);
#1810=LINE('',#16734,#3452);
#1811=LINE('',#16735,#3453);
#1812=LINE('',#16736,#3454);
#1813=LINE('',#16739,#3455);
#1814=LINE('',#16740,#3456);
#1815=LINE('',#16743,#3457);
#1816=LINE('',#16745,#3458);
#1817=LINE('',#16746,#3459);
#1818=LINE('',#16749,#3460);
#1819=LINE('',#16750,#3461);
#1820=LINE('',#16751,#3462);
#1821=LINE('',#16754,#3463);
#1822=LINE('',#16755,#3464);
#1823=LINE('',#16758,#3465);
#1824=LINE('',#16760,#3466);
#1825=LINE('',#16761,#3467);
#1826=LINE('',#16764,#3468);
#1827=LINE('',#16765,#3469);
#1828=LINE('',#16767,#3470);
#1829=LINE('',#16771,#3471);
#1830=LINE('',#16773,#3472);
#1831=LINE('',#16775,#3473);
#1832=LINE('',#16778,#3474);
#1833=LINE('',#16781,#3475);
#1834=LINE('',#16782,#3476);
#1835=LINE('',#16785,#3477);
#1836=LINE('',#16787,#3478);
#1837=LINE('',#16789,#3479);
#1838=LINE('',#16790,#3480);
#1839=LINE('',#16793,#3481);
#1840=LINE('',#16794,#3482);
#1841=LINE('',#16795,#3483);
#1842=LINE('',#16798,#3484);
#1843=LINE('',#16799,#3485);
#1844=LINE('',#16802,#3486);
#1845=LINE('',#16803,#3487);
#1846=LINE('',#16806,#3488);
#1847=LINE('',#16808,#3489);
#1848=LINE('',#16810,#3490);
#1849=LINE('',#16811,#3491);
#1850=LINE('',#16814,#3492);
#1851=LINE('',#16816,#3493);
#1852=LINE('',#16817,#3494);
#1853=LINE('',#16820,#3495);
#1854=LINE('',#16821,#3496);
#1855=LINE('',#16823,#3497);
#1856=LINE('',#16824,#3498);
#1857=LINE('',#16826,#3499);
#1858=LINE('',#16829,#3500);
#1859=LINE('',#16831,#3501);
#1860=LINE('',#16833,#3502);
#1861=LINE('',#16834,#3503);
#1862=LINE('',#16837,#3504);
#1863=LINE('',#16839,#3505);
#1864=LINE('',#16840,#3506);
#1865=LINE('',#16843,#3507);
#1866=LINE('',#16844,#3508);
#1867=LINE('',#16846,#3509);
#1868=LINE('',#16847,#3510);
#1869=LINE('',#16849,#3511);
#1870=LINE('',#16852,#3512);
#1871=LINE('',#16854,#3513);
#1872=LINE('',#16856,#3514);
#1873=LINE('',#16857,#3515);
#1874=LINE('',#16860,#3516);
#1875=LINE('',#16862,#3517);
#1876=LINE('',#16863,#3518);
#1877=LINE('',#16866,#3519);
#1878=LINE('',#16867,#3520);
#1879=LINE('',#16869,#3521);
#1880=LINE('',#16870,#3522);
#1881=LINE('',#16872,#3523);
#1882=LINE('',#16875,#3524);
#1883=LINE('',#16877,#3525);
#1884=LINE('',#16879,#3526);
#1885=LINE('',#16880,#3527);
#1886=LINE('',#16883,#3528);
#1887=LINE('',#16885,#3529);
#1888=LINE('',#16886,#3530);
#1889=LINE('',#16889,#3531);
#1890=LINE('',#16890,#3532);
#1891=LINE('',#16892,#3533);
#1892=LINE('',#16893,#3534);
#1893=LINE('',#16895,#3535);
#1894=LINE('',#16898,#3536);
#1895=LINE('',#16900,#3537);
#1896=LINE('',#16902,#3538);
#1897=LINE('',#16903,#3539);
#1898=LINE('',#16906,#3540);
#1899=LINE('',#16908,#3541);
#1900=LINE('',#16909,#3542);
#1901=LINE('',#16912,#3543);
#1902=LINE('',#16913,#3544);
#1903=LINE('',#16915,#3545);
#1904=LINE('',#16916,#3546);
#1905=LINE('',#16918,#3547);
#1906=LINE('',#16921,#3548);
#1907=LINE('',#16923,#3549);
#1908=LINE('',#16925,#3550);
#1909=LINE('',#16926,#3551);
#1910=LINE('',#16929,#3552);
#1911=LINE('',#16931,#3553);
#1912=LINE('',#16932,#3554);
#1913=LINE('',#16935,#3555);
#1914=LINE('',#16936,#3556);
#1915=LINE('',#16938,#3557);
#1916=LINE('',#16939,#3558);
#1917=LINE('',#16941,#3559);
#1918=LINE('',#16944,#3560);
#1919=LINE('',#16946,#3561);
#1920=LINE('',#16948,#3562);
#1921=LINE('',#16949,#3563);
#1922=LINE('',#16952,#3564);
#1923=LINE('',#16954,#3565);
#1924=LINE('',#16955,#3566);
#1925=LINE('',#16958,#3567);
#1926=LINE('',#16959,#3568);
#1927=LINE('',#16961,#3569);
#1928=LINE('',#16962,#3570);
#1929=LINE('',#16964,#3571);
#1930=LINE('',#16967,#3572);
#1931=LINE('',#16969,#3573);
#1932=LINE('',#16971,#3574);
#1933=LINE('',#16972,#3575);
#1934=LINE('',#16975,#3576);
#1935=LINE('',#16977,#3577);
#1936=LINE('',#16978,#3578);
#1937=LINE('',#16981,#3579);
#1938=LINE('',#16982,#3580);
#1939=LINE('',#16984,#3581);
#1940=LINE('',#16985,#3582);
#1941=LINE('',#16987,#3583);
#1942=LINE('',#16990,#3584);
#1943=LINE('',#16992,#3585);
#1944=LINE('',#16994,#3586);
#1945=LINE('',#16995,#3587);
#1946=LINE('',#16998,#3588);
#1947=LINE('',#17000,#3589);
#1948=LINE('',#17001,#3590);
#1949=LINE('',#17004,#3591);
#1950=LINE('',#17005,#3592);
#1951=LINE('',#17007,#3593);
#1952=LINE('',#17008,#3594);
#1953=LINE('',#17010,#3595);
#1954=LINE('',#17013,#3596);
#1955=LINE('',#17015,#3597);
#1956=LINE('',#17017,#3598);
#1957=LINE('',#17018,#3599);
#1958=LINE('',#17021,#3600);
#1959=LINE('',#17023,#3601);
#1960=LINE('',#17024,#3602);
#1961=LINE('',#17027,#3603);
#1962=LINE('',#17028,#3604);
#1963=LINE('',#17030,#3605);
#1964=LINE('',#17031,#3606);
#1965=LINE('',#17033,#3607);
#1966=LINE('',#17036,#3608);
#1967=LINE('',#17038,#3609);
#1968=LINE('',#17040,#3610);
#1969=LINE('',#17041,#3611);
#1970=LINE('',#17044,#3612);
#1971=LINE('',#17046,#3613);
#1972=LINE('',#17047,#3614);
#1973=LINE('',#17050,#3615);
#1974=LINE('',#17051,#3616);
#1975=LINE('',#17053,#3617);
#1976=LINE('',#17054,#3618);
#1977=LINE('',#17056,#3619);
#1978=LINE('',#17059,#3620);
#1979=LINE('',#17061,#3621);
#1980=LINE('',#17063,#3622);
#1981=LINE('',#17064,#3623);
#1982=LINE('',#17067,#3624);
#1983=LINE('',#17069,#3625);
#1984=LINE('',#17070,#3626);
#1985=LINE('',#17073,#3627);
#1986=LINE('',#17074,#3628);
#1987=LINE('',#17076,#3629);
#1988=LINE('',#17077,#3630);
#1989=LINE('',#17079,#3631);
#1990=LINE('',#17082,#3632);
#1991=LINE('',#17084,#3633);
#1992=LINE('',#17085,#3634);
#1993=LINE('',#17088,#3635);
#1994=LINE('',#17089,#3636);
#1995=LINE('',#17090,#3637);
#1996=LINE('',#17093,#3638);
#1997=LINE('',#17094,#3639);
#1998=LINE('',#17097,#3640);
#1999=LINE('',#17099,#3641);
#2000=LINE('',#17100,#3642);
#2001=LINE('',#17103,#3643);
#2002=LINE('',#17104,#3644);
#2003=LINE('',#17107,#3645);
#2004=LINE('',#17108,#3646);
#2005=LINE('',#17110,#3647);
#2006=LINE('',#17111,#3648);
#2007=LINE('',#17114,#3649);
#2008=LINE('',#17116,#3650);
#2009=LINE('',#17117,#3651);
#2010=LINE('',#17120,#3652);
#2011=LINE('',#17121,#3653);
#2012=LINE('',#17122,#3654);
#2013=LINE('',#17125,#3655);
#2014=LINE('',#17126,#3656);
#2015=LINE('',#17129,#3657);
#2016=LINE('',#17131,#3658);
#2017=LINE('',#17132,#3659);
#2018=LINE('',#17135,#3660);
#2019=LINE('',#17136,#3661);
#2020=LINE('',#17137,#3662);
#2021=LINE('',#17140,#3663);
#2022=LINE('',#17141,#3664);
#2023=LINE('',#17144,#3665);
#2024=LINE('',#17146,#3666);
#2025=LINE('',#17147,#3667);
#2026=LINE('',#17150,#3668);
#2027=LINE('',#17151,#3669);
#2028=LINE('',#17152,#3670);
#2029=LINE('',#17155,#3671);
#2030=LINE('',#17156,#3672);
#2031=LINE('',#17159,#3673);
#2032=LINE('',#17161,#3674);
#2033=LINE('',#17162,#3675);
#2034=LINE('',#17165,#3676);
#2035=LINE('',#17166,#3677);
#2036=LINE('',#17167,#3678);
#2037=LINE('',#17170,#3679);
#2038=LINE('',#17171,#3680);
#2039=LINE('',#17174,#3681);
#2040=LINE('',#17176,#3682);
#2041=LINE('',#17177,#3683);
#2042=LINE('',#17180,#3684);
#2043=LINE('',#17181,#3685);
#2044=LINE('',#17182,#3686);
#2045=LINE('',#17185,#3687);
#2046=LINE('',#17186,#3688);
#2047=LINE('',#17189,#3689);
#2048=LINE('',#17191,#3690);
#2049=LINE('',#17192,#3691);
#2050=LINE('',#17195,#3692);
#2051=LINE('',#17196,#3693);
#2052=LINE('',#17197,#3694);
#2053=LINE('',#17200,#3695);
#2054=LINE('',#17201,#3696);
#2055=LINE('',#17204,#3697);
#2056=LINE('',#17206,#3698);
#2057=LINE('',#17207,#3699);
#2058=LINE('',#17210,#3700);
#2059=LINE('',#17211,#3701);
#2060=LINE('',#17212,#3702);
#2061=LINE('',#17215,#3703);
#2062=LINE('',#17216,#3704);
#2063=LINE('',#17219,#3705);
#2064=LINE('',#17221,#3706);
#2065=LINE('',#17222,#3707);
#2066=LINE('',#17225,#3708);
#2067=LINE('',#17226,#3709);
#2068=LINE('',#17227,#3710);
#2069=LINE('',#17230,#3711);
#2070=LINE('',#17231,#3712);
#2071=LINE('',#17234,#3713);
#2072=LINE('',#17236,#3714);
#2073=LINE('',#17237,#3715);
#2074=LINE('',#17240,#3716);
#2075=LINE('',#17241,#3717);
#2076=LINE('',#17242,#3718);
#2077=LINE('',#17245,#3719);
#2078=LINE('',#17246,#3720);
#2079=LINE('',#17249,#3721);
#2080=LINE('',#17251,#3722);
#2081=LINE('',#17252,#3723);
#2082=LINE('',#17255,#3724);
#2083=LINE('',#17256,#3725);
#2084=LINE('',#17257,#3726);
#2085=LINE('',#17260,#3727);
#2086=LINE('',#17261,#3728);
#2087=LINE('',#17263,#3729);
#2088=LINE('',#17265,#3730);
#2089=LINE('',#17267,#3731);
#2090=LINE('',#17269,#3732);
#2091=LINE('',#17271,#3733);
#2092=LINE('',#17273,#3734);
#2093=LINE('',#17275,#3735);
#2094=LINE('',#17277,#3736);
#2095=LINE('',#17279,#3737);
#2096=LINE('',#17281,#3738);
#2097=LINE('',#17283,#3739);
#2098=LINE('',#17285,#3740);
#2099=LINE('',#17287,#3741);
#2100=LINE('',#17289,#3742);
#2101=LINE('',#17291,#3743);
#2102=LINE('',#17293,#3744);
#2103=LINE('',#17295,#3745);
#2104=LINE('',#17297,#3746);
#2105=LINE('',#17299,#3747);
#2106=LINE('',#17301,#3748);
#2107=LINE('',#17303,#3749);
#2108=LINE('',#17305,#3750);
#2109=LINE('',#17307,#3751);
#2110=LINE('',#17309,#3752);
#2111=LINE('',#17311,#3753);
#2112=LINE('',#17313,#3754);
#2113=LINE('',#17316,#3755);
#2114=LINE('',#17320,#3756);
#2115=LINE('',#17323,#3757);
#2116=LINE('',#17324,#3758);
#2117=LINE('',#17327,#3759);
#2118=LINE('',#17329,#3760);
#2119=LINE('',#17331,#3761);
#2120=LINE('',#17333,#3762);
#2121=LINE('',#17335,#3763);
#2122=LINE('',#17337,#3764);
#2123=LINE('',#17339,#3765);
#2124=LINE('',#17341,#3766);
#2125=LINE('',#17343,#3767);
#2126=LINE('',#17345,#3768);
#2127=LINE('',#17347,#3769);
#2128=LINE('',#17349,#3770);
#2129=LINE('',#17351,#3771);
#2130=LINE('',#17353,#3772);
#2131=LINE('',#17355,#3773);
#2132=LINE('',#17357,#3774);
#2133=LINE('',#17359,#3775);
#2134=LINE('',#17362,#3776);
#2135=LINE('',#17364,#3777);
#2136=LINE('',#17366,#3778);
#2137=LINE('',#17368,#3779);
#2138=LINE('',#17370,#3780);
#2139=LINE('',#17372,#3781);
#2140=LINE('',#17374,#3782);
#2141=LINE('',#17376,#3783);
#2142=LINE('',#17378,#3784);
#2143=LINE('',#17380,#3785);
#2144=LINE('',#17382,#3786);
#2145=LINE('',#17384,#3787);
#2146=LINE('',#17386,#3788);
#2147=LINE('',#17388,#3789);
#2148=LINE('',#17390,#3790);
#2149=LINE('',#17392,#3791);
#2150=LINE('',#17394,#3792);
#2151=LINE('',#17396,#3793);
#2152=LINE('',#17398,#3794);
#2153=LINE('',#17400,#3795);
#2154=LINE('',#17404,#3796);
#2155=LINE('',#17406,#3797);
#2156=LINE('',#17411,#3798);
#2157=LINE('',#17426,#3799);
#2158=LINE('',#17435,#3800);
#2159=LINE('',#17436,#3801);
#2160=LINE('',#17438,#3802);
#2161=LINE('',#17439,#3803);
#2162=LINE('',#17440,#3804);
#2163=LINE('',#17442,#3805);
#2164=LINE('',#17444,#3806);
#2165=LINE('',#17446,#3807);
#2166=LINE('',#17464,#3808);
#2167=LINE('',#17466,#3809);
#2168=LINE('',#17467,#3810);
#2169=LINE('',#17471,#3811);
#2170=LINE('',#17473,#3812);
#2171=LINE('',#17475,#3813);
#2172=LINE('',#17476,#3814);
#2173=LINE('',#17489,#3815);
#2174=LINE('',#17491,#3816);
#2175=LINE('',#17494,#3817);
#2176=LINE('',#17496,#3818);
#2177=LINE('',#17497,#3819);
#2178=LINE('',#17500,#3820);
#2179=LINE('',#17501,#3821);
#2180=LINE('',#17504,#3822);
#2181=LINE('',#17505,#3823);
#2182=LINE('',#17509,#3824);
#2183=LINE('',#17511,#3825);
#2184=LINE('',#17515,#3826);
#2185=LINE('',#17551,#3827);
#2186=LINE('',#17553,#3828);
#2187=LINE('',#17558,#3829);
#2188=LINE('',#17560,#3830);
#2189=LINE('',#17562,#3831);
#2190=LINE('',#17564,#3832);
#2191=LINE('',#17566,#3833);
#2192=LINE('',#17567,#3834);
#2193=LINE('',#17570,#3835);
#2194=LINE('',#17572,#3836);
#2195=LINE('',#17576,#3837);
#2196=LINE('',#17578,#3838);
#2197=LINE('',#17580,#3839);
#2198=LINE('',#17584,#3840);
#2199=LINE('',#17586,#3841);
#2200=LINE('',#17588,#3842);
#2201=LINE('',#17592,#3843);
#2202=LINE('',#17594,#3844);
#2203=LINE('',#17596,#3845);
#2204=LINE('',#17600,#3846);
#2205=LINE('',#17602,#3847);
#2206=LINE('',#17604,#3848);
#2207=LINE('',#17608,#3849);
#2208=LINE('',#17610,#3850);
#2209=LINE('',#17612,#3851);
#2210=LINE('',#17616,#3852);
#2211=LINE('',#17618,#3853);
#2212=LINE('',#17620,#3854);
#2213=LINE('',#17624,#3855);
#2214=LINE('',#17626,#3856);
#2215=LINE('',#17628,#3857);
#2216=LINE('',#17632,#3858);
#2217=LINE('',#17634,#3859);
#2218=LINE('',#17636,#3860);
#2219=LINE('',#17640,#3861);
#2220=LINE('',#17642,#3862);
#2221=LINE('',#17644,#3863);
#2222=LINE('',#17646,#3864);
#2223=LINE('',#17648,#3865);
#2224=LINE('',#17650,#3866);
#2225=LINE('',#17652,#3867);
#2226=LINE('',#17654,#3868);
#2227=LINE('',#17656,#3869);
#2228=LINE('',#17658,#3870);
#2229=LINE('',#17660,#3871);
#2230=LINE('',#17662,#3872);
#2231=LINE('',#17664,#3873);
#2232=LINE('',#17666,#3874);
#2233=LINE('',#17668,#3875);
#2234=LINE('',#17670,#3876);
#2235=LINE('',#17672,#3877);
#2236=LINE('',#17674,#3878);
#2237=LINE('',#17676,#3879);
#2238=LINE('',#17678,#3880);
#2239=LINE('',#17680,#3881);
#2240=LINE('',#17682,#3882);
#2241=LINE('',#17684,#3883);
#2242=LINE('',#17686,#3884);
#2243=LINE('',#17688,#3885);
#2244=LINE('',#17690,#3886);
#2245=LINE('',#17692,#3887);
#2246=LINE('',#17694,#3888);
#2247=LINE('',#17696,#3889);
#2248=LINE('',#17698,#3890);
#2249=LINE('',#17700,#3891);
#2250=LINE('',#17702,#3892);
#2251=LINE('',#17704,#3893);
#2252=LINE('',#17706,#3894);
#2253=LINE('',#17708,#3895);
#2254=LINE('',#17710,#3896);
#2255=LINE('',#17712,#3897);
#2256=LINE('',#17714,#3898);
#2257=LINE('',#17716,#3899);
#2258=LINE('',#17718,#3900);
#2259=LINE('',#17720,#3901);
#2260=LINE('',#17722,#3902);
#2261=LINE('',#17724,#3903);
#2262=LINE('',#17726,#3904);
#2263=LINE('',#17728,#3905);
#2264=LINE('',#17730,#3906);
#2265=LINE('',#17732,#3907);
#2266=LINE('',#17734,#3908);
#2267=LINE('',#17736,#3909);
#2268=LINE('',#17738,#3910);
#2269=LINE('',#17740,#3911);
#2270=LINE('',#17742,#3912);
#2271=LINE('',#17744,#3913);
#2272=LINE('',#17746,#3914);
#2273=LINE('',#17748,#3915);
#2274=LINE('',#17750,#3916);
#2275=LINE('',#17752,#3917);
#2276=LINE('',#17754,#3918);
#2277=LINE('',#17756,#3919);
#2278=LINE('',#17758,#3920);
#2279=LINE('',#17762,#3921);
#2280=LINE('',#17764,#3922);
#2281=LINE('',#17766,#3923);
#2282=LINE('',#17768,#3924);
#2283=LINE('',#17770,#3925);
#2284=LINE('',#17772,#3926);
#2285=LINE('',#17774,#3927);
#2286=LINE('',#17776,#3928);
#2287=LINE('',#17778,#3929);
#2288=LINE('',#17780,#3930);
#2289=LINE('',#17782,#3931);
#2290=LINE('',#17784,#3932);
#2291=LINE('',#17786,#3933);
#2292=LINE('',#17788,#3934);
#2293=LINE('',#17790,#3935);
#2294=LINE('',#17792,#3936);
#2295=LINE('',#17794,#3937);
#2296=LINE('',#17796,#3938);
#2297=LINE('',#17798,#3939);
#2298=LINE('',#17800,#3940);
#2299=LINE('',#17802,#3941);
#2300=LINE('',#17804,#3942);
#2301=LINE('',#17806,#3943);
#2302=LINE('',#17808,#3944);
#2303=LINE('',#17810,#3945);
#2304=LINE('',#17812,#3946);
#2305=LINE('',#17814,#3947);
#2306=LINE('',#17816,#3948);
#2307=LINE('',#17818,#3949);
#2308=LINE('',#17820,#3950);
#2309=LINE('',#17822,#3951);
#2310=LINE('',#17824,#3952);
#2311=LINE('',#17826,#3953);
#2312=LINE('',#17828,#3954);
#2313=LINE('',#17830,#3955);
#2314=LINE('',#17832,#3956);
#2315=LINE('',#17834,#3957);
#2316=LINE('',#17836,#3958);
#2317=LINE('',#17838,#3959);
#2318=LINE('',#17840,#3960);
#2319=LINE('',#17842,#3961);
#2320=LINE('',#17844,#3962);
#2321=LINE('',#17846,#3963);
#2322=LINE('',#17848,#3964);
#2323=LINE('',#17850,#3965);
#2324=LINE('',#17852,#3966);
#2325=LINE('',#17854,#3967);
#2326=LINE('',#17856,#3968);
#2327=LINE('',#17858,#3969);
#2328=LINE('',#17860,#3970);
#2329=LINE('',#17862,#3971);
#2330=LINE('',#17864,#3972);
#2331=LINE('',#17866,#3973);
#2332=LINE('',#17868,#3974);
#2333=LINE('',#17870,#3975);
#2334=LINE('',#17872,#3976);
#2335=LINE('',#17873,#3977);
#2336=LINE('',#17876,#3978);
#2337=LINE('',#17878,#3979);
#2338=LINE('',#17880,#3980);
#2339=LINE('',#17881,#3981);
#2340=LINE('',#17885,#3982);
#2341=LINE('',#17887,#3983);
#2342=LINE('',#17888,#3984);
#2343=LINE('',#17891,#3985);
#2344=LINE('',#17892,#3986);
#2345=LINE('',#17896,#3987);
#2346=LINE('',#17898,#3988);
#2347=LINE('',#17899,#3989);
#2348=LINE('',#17902,#3990);
#2349=LINE('',#17903,#3991);
#2350=LINE('',#17907,#3992);
#2351=LINE('',#17909,#3993);
#2352=LINE('',#17910,#3994);
#2353=LINE('',#17913,#3995);
#2354=LINE('',#17914,#3996);
#2355=LINE('',#17918,#3997);
#2356=LINE('',#17920,#3998);
#2357=LINE('',#17921,#3999);
#2358=LINE('',#17924,#4000);
#2359=LINE('',#17925,#4001);
#2360=LINE('',#17929,#4002);
#2361=LINE('',#17931,#4003);
#2362=LINE('',#17932,#4004);
#2363=LINE('',#17935,#4005);
#2364=LINE('',#17936,#4006);
#2365=LINE('',#17940,#4007);
#2366=LINE('',#17942,#4008);
#2367=LINE('',#17943,#4009);
#2368=LINE('',#17946,#4010);
#2369=LINE('',#17947,#4011);
#2370=LINE('',#17951,#4012);
#2371=LINE('',#17953,#4013);
#2372=LINE('',#17954,#4014);
#2373=LINE('',#17957,#4015);
#2374=LINE('',#17958,#4016);
#2375=LINE('',#17962,#4017);
#2376=LINE('',#17964,#4018);
#2377=LINE('',#17965,#4019);
#2378=LINE('',#17968,#4020);
#2379=LINE('',#17969,#4021);
#2380=LINE('',#17973,#4022);
#2381=LINE('',#17975,#4023);
#2382=LINE('',#17976,#4024);
#2383=LINE('',#17979,#4025);
#2384=LINE('',#17980,#4026);
#2385=LINE('',#17984,#4027);
#2386=LINE('',#17986,#4028);
#2387=LINE('',#17987,#4029);
#2388=LINE('',#17990,#4030);
#2389=LINE('',#17991,#4031);
#2390=LINE('',#17995,#4032);
#2391=LINE('',#17997,#4033);
#2392=LINE('',#17998,#4034);
#2393=LINE('',#18001,#4035);
#2394=LINE('',#18002,#4036);
#2395=LINE('',#18006,#4037);
#2396=LINE('',#18008,#4038);
#2397=LINE('',#18009,#4039);
#2398=LINE('',#18012,#4040);
#2399=LINE('',#18013,#4041);
#2400=LINE('',#18017,#4042);
#2401=LINE('',#18019,#4043);
#2402=LINE('',#18020,#4044);
#2403=LINE('',#18023,#4045);
#2404=LINE('',#18024,#4046);
#2405=LINE('',#18028,#4047);
#2406=LINE('',#18030,#4048);
#2407=LINE('',#18031,#4049);
#2408=LINE('',#18034,#4050);
#2409=LINE('',#18035,#4051);
#2410=LINE('',#18039,#4052);
#2411=LINE('',#18041,#4053);
#2412=LINE('',#18042,#4054);
#2413=LINE('',#18045,#4055);
#2414=LINE('',#18046,#4056);
#2415=LINE('',#18050,#4057);
#2416=LINE('',#18052,#4058);
#2417=LINE('',#18053,#4059);
#2418=LINE('',#18056,#4060);
#2419=LINE('',#18057,#4061);
#2420=LINE('',#18061,#4062);
#2421=LINE('',#18063,#4063);
#2422=LINE('',#18064,#4064);
#2423=LINE('',#18067,#4065);
#2424=LINE('',#18068,#4066);
#2425=LINE('',#18072,#4067);
#2426=LINE('',#18074,#4068);
#2427=LINE('',#18075,#4069);
#2428=LINE('',#18077,#4070);
#2429=LINE('',#18080,#4071);
#2430=LINE('',#18082,#4072);
#2431=LINE('',#18083,#4073);
#2432=LINE('',#18086,#4074);
#2433=LINE('',#18088,#4075);
#2434=LINE('',#18090,#4076);
#2435=LINE('',#18092,#4077);
#2436=LINE('',#18096,#4078);
#2437=LINE('',#18099,#4079);
#2438=LINE('',#18102,#4080);
#2439=LINE('',#18104,#4081);
#2440=LINE('',#18105,#4082);
#2441=LINE('',#18108,#4083);
#2442=LINE('',#18110,#4084);
#2443=LINE('',#18112,#4085);
#2444=LINE('',#18114,#4086);
#2445=LINE('',#18116,#4087);
#2446=LINE('',#18118,#4088);
#2447=LINE('',#18120,#4089);
#2448=LINE('',#18122,#4090);
#2449=LINE('',#18124,#4091);
#2450=LINE('',#18126,#4092);
#2451=LINE('',#18128,#4093);
#2452=LINE('',#18130,#4094);
#2453=LINE('',#18132,#4095);
#2454=LINE('',#18134,#4096);
#2455=LINE('',#18136,#4097);
#2456=LINE('',#18138,#4098);
#2457=LINE('',#18140,#4099);
#2458=LINE('',#18142,#4100);
#2459=LINE('',#18144,#4101);
#2460=LINE('',#18146,#4102);
#2461=LINE('',#18148,#4103);
#2462=LINE('',#18150,#4104);
#2463=LINE('',#18152,#4105);
#2464=LINE('',#18154,#4106);
#2465=LINE('',#18156,#4107);
#2466=LINE('',#18158,#4108);
#2467=LINE('',#18160,#4109);
#2468=LINE('',#18162,#4110);
#2469=LINE('',#18164,#4111);
#2470=LINE('',#18166,#4112);
#2471=LINE('',#18168,#4113);
#2472=LINE('',#18170,#4114);
#2473=LINE('',#18172,#4115);
#2474=LINE('',#18174,#4116);
#2475=LINE('',#18176,#4117);
#2476=LINE('',#18178,#4118);
#2477=LINE('',#18180,#4119);
#2478=LINE('',#18182,#4120);
#2479=LINE('',#18184,#4121);
#2480=LINE('',#18186,#4122);
#2481=LINE('',#18188,#4123);
#2482=LINE('',#18190,#4124);
#2483=LINE('',#18192,#4125);
#2484=LINE('',#18194,#4126);
#2485=LINE('',#18196,#4127);
#2486=LINE('',#18198,#4128);
#2487=LINE('',#18200,#4129);
#2488=LINE('',#18202,#4130);
#2489=LINE('',#18204,#4131);
#2490=LINE('',#18206,#4132);
#2491=LINE('',#18208,#4133);
#2492=LINE('',#18210,#4134);
#2493=LINE('',#18212,#4135);
#2494=LINE('',#18214,#4136);
#2495=LINE('',#18216,#4137);
#2496=LINE('',#18218,#4138);
#2497=LINE('',#18220,#4139);
#2498=LINE('',#18223,#4140);
#2499=LINE('',#18225,#4141);
#2500=LINE('',#18227,#4142);
#2501=LINE('',#18229,#4143);
#2502=LINE('',#18231,#4144);
#2503=LINE('',#18233,#4145);
#2504=LINE('',#18235,#4146);
#2505=LINE('',#18237,#4147);
#2506=LINE('',#18239,#4148);
#2507=LINE('',#18241,#4149);
#2508=LINE('',#18243,#4150);
#2509=LINE('',#18245,#4151);
#2510=LINE('',#18247,#4152);
#2511=LINE('',#18249,#4153);
#2512=LINE('',#18251,#4154);
#2513=LINE('',#18253,#4155);
#2514=LINE('',#18255,#4156);
#2515=LINE('',#18257,#4157);
#2516=LINE('',#18259,#4158);
#2517=LINE('',#18261,#4159);
#2518=LINE('',#18263,#4160);
#2519=LINE('',#18265,#4161);
#2520=LINE('',#18267,#4162);
#2521=LINE('',#18269,#4163);
#2522=LINE('',#18271,#4164);
#2523=LINE('',#18273,#4165);
#2524=LINE('',#18275,#4166);
#2525=LINE('',#18277,#4167);
#2526=LINE('',#18279,#4168);
#2527=LINE('',#18281,#4169);
#2528=LINE('',#18283,#4170);
#2529=LINE('',#18285,#4171);
#2530=LINE('',#18287,#4172);
#2531=LINE('',#18289,#4173);
#2532=LINE('',#18291,#4174);
#2533=LINE('',#18293,#4175);
#2534=LINE('',#18295,#4176);
#2535=LINE('',#18297,#4177);
#2536=LINE('',#18299,#4178);
#2537=LINE('',#18301,#4179);
#2538=LINE('',#18303,#4180);
#2539=LINE('',#18305,#4181);
#2540=LINE('',#18307,#4182);
#2541=LINE('',#18309,#4183);
#2542=LINE('',#18311,#4184);
#2543=LINE('',#18313,#4185);
#2544=LINE('',#18315,#4186);
#2545=LINE('',#18317,#4187);
#2546=LINE('',#18319,#4188);
#2547=LINE('',#18321,#4189);
#2548=LINE('',#18323,#4190);
#2549=LINE('',#18325,#4191);
#2550=LINE('',#18327,#4192);
#2551=LINE('',#18329,#4193);
#2552=LINE('',#18331,#4194);
#2553=LINE('',#18333,#4195);
#2554=LINE('',#18334,#4196);
#2555=LINE('',#18336,#4197);
#2556=LINE('',#18338,#4198);
#2557=LINE('',#18340,#4199);
#2558=LINE('',#18342,#4200);
#2559=LINE('',#18344,#4201);
#2560=LINE('',#18346,#4202);
#2561=LINE('',#18348,#4203);
#2562=LINE('',#18350,#4204);
#2563=LINE('',#18352,#4205);
#2564=LINE('',#18355,#4206);
#2565=LINE('',#18357,#4207);
#2566=LINE('',#18358,#4208);
#2567=LINE('',#18361,#4209);
#2568=LINE('',#18362,#4210);
#2569=LINE('',#18363,#4211);
#2570=LINE('',#18366,#4212);
#2571=LINE('',#18367,#4213);
#2572=LINE('',#18370,#4214);
#2573=LINE('',#18372,#4215);
#2574=LINE('',#18373,#4216);
#2575=LINE('',#18376,#4217);
#2576=LINE('',#18377,#4218);
#2577=LINE('',#18378,#4219);
#2578=LINE('',#18381,#4220);
#2579=LINE('',#18382,#4221);
#2580=LINE('',#18385,#4222);
#2581=LINE('',#18387,#4223);
#2582=LINE('',#18388,#4224);
#2583=LINE('',#18391,#4225);
#2584=LINE('',#18392,#4226);
#2585=LINE('',#18393,#4227);
#2586=LINE('',#18396,#4228);
#2587=LINE('',#18397,#4229);
#2588=LINE('',#18400,#4230);
#2589=LINE('',#18402,#4231);
#2590=LINE('',#18403,#4232);
#2591=LINE('',#18406,#4233);
#2592=LINE('',#18407,#4234);
#2593=LINE('',#18408,#4235);
#2594=LINE('',#18411,#4236);
#2595=LINE('',#18412,#4237);
#2596=LINE('',#18415,#4238);
#2597=LINE('',#18417,#4239);
#2598=LINE('',#18418,#4240);
#2599=LINE('',#18421,#4241);
#2600=LINE('',#18422,#4242);
#2601=LINE('',#18423,#4243);
#2602=LINE('',#18426,#4244);
#2603=LINE('',#18427,#4245);
#2604=LINE('',#18430,#4246);
#2605=LINE('',#18432,#4247);
#2606=LINE('',#18433,#4248);
#2607=LINE('',#18436,#4249);
#2608=LINE('',#18437,#4250);
#2609=LINE('',#18438,#4251);
#2610=LINE('',#18441,#4252);
#2611=LINE('',#18442,#4253);
#2612=LINE('',#18445,#4254);
#2613=LINE('',#18447,#4255);
#2614=LINE('',#18448,#4256);
#2615=LINE('',#18451,#4257);
#2616=LINE('',#18452,#4258);
#2617=LINE('',#18453,#4259);
#2618=LINE('',#18456,#4260);
#2619=LINE('',#18457,#4261);
#2620=LINE('',#18460,#4262);
#2621=LINE('',#18462,#4263);
#2622=LINE('',#18463,#4264);
#2623=LINE('',#18466,#4265);
#2624=LINE('',#18467,#4266);
#2625=LINE('',#18468,#4267);
#2626=LINE('',#18471,#4268);
#2627=LINE('',#18472,#4269);
#2628=LINE('',#18475,#4270);
#2629=LINE('',#18477,#4271);
#2630=LINE('',#18478,#4272);
#2631=LINE('',#18481,#4273);
#2632=LINE('',#18482,#4274);
#2633=LINE('',#18483,#4275);
#2634=LINE('',#18486,#4276);
#2635=LINE('',#18487,#4277);
#2636=LINE('',#18490,#4278);
#2637=LINE('',#18492,#4279);
#2638=LINE('',#18493,#4280);
#2639=LINE('',#18496,#4281);
#2640=LINE('',#18497,#4282);
#2641=LINE('',#18498,#4283);
#2642=LINE('',#18501,#4284);
#2643=LINE('',#18502,#4285);
#2644=LINE('',#18505,#4286);
#2645=LINE('',#18507,#4287);
#2646=LINE('',#18508,#4288);
#2647=LINE('',#18511,#4289);
#2648=LINE('',#18512,#4290);
#2649=LINE('',#18513,#4291);
#2650=LINE('',#18516,#4292);
#2651=LINE('',#18517,#4293);
#2652=LINE('',#18520,#4294);
#2653=LINE('',#18522,#4295);
#2654=LINE('',#18523,#4296);
#2655=LINE('',#18526,#4297);
#2656=LINE('',#18527,#4298);
#2657=LINE('',#18528,#4299);
#2658=LINE('',#18531,#4300);
#2659=LINE('',#18532,#4301);
#2660=LINE('',#18535,#4302);
#2661=LINE('',#18537,#4303);
#2662=LINE('',#18538,#4304);
#2663=LINE('',#18541,#4305);
#2664=LINE('',#18542,#4306);
#2665=LINE('',#18543,#4307);
#2666=LINE('',#18546,#4308);
#2667=LINE('',#18547,#4309);
#2668=LINE('',#18550,#4310);
#2669=LINE('',#18552,#4311);
#2670=LINE('',#18553,#4312);
#2671=LINE('',#18556,#4313);
#2672=LINE('',#18557,#4314);
#2673=LINE('',#18558,#4315);
#2674=LINE('',#18561,#4316);
#2675=LINE('',#18562,#4317);
#2676=LINE('',#18565,#4318);
#2677=LINE('',#18567,#4319);
#2678=LINE('',#18568,#4320);
#2679=LINE('',#18571,#4321);
#2680=LINE('',#18572,#4322);
#2681=LINE('',#18573,#4323);
#2682=LINE('',#18576,#4324);
#2683=LINE('',#18577,#4325);
#2684=LINE('',#18580,#4326);
#2685=LINE('',#18582,#4327);
#2686=LINE('',#18583,#4328);
#2687=LINE('',#18586,#4329);
#2688=LINE('',#18587,#4330);
#2689=LINE('',#18588,#4331);
#2690=LINE('',#18591,#4332);
#2691=LINE('',#18592,#4333);
#2692=LINE('',#18595,#4334);
#2693=LINE('',#18597,#4335);
#2694=LINE('',#18598,#4336);
#2695=LINE('',#18601,#4337);
#2696=LINE('',#18602,#4338);
#2697=LINE('',#18603,#4339);
#2698=LINE('',#18606,#4340);
#2699=LINE('',#18607,#4341);
#2700=LINE('',#18610,#4342);
#2701=LINE('',#18612,#4343);
#2702=LINE('',#18613,#4344);
#2703=LINE('',#18616,#4345);
#2704=LINE('',#18617,#4346);
#2705=LINE('',#18618,#4347);
#2706=LINE('',#18621,#4348);
#2707=LINE('',#18622,#4349);
#2708=LINE('',#18625,#4350);
#2709=LINE('',#18627,#4351);
#2710=LINE('',#18628,#4352);
#2711=LINE('',#18631,#4353);
#2712=LINE('',#18632,#4354);
#2713=LINE('',#18633,#4355);
#2714=LINE('',#18636,#4356);
#2715=LINE('',#18637,#4357);
#2716=LINE('',#18640,#4358);
#2717=LINE('',#18642,#4359);
#2718=LINE('',#18643,#4360);
#2719=LINE('',#18646,#4361);
#2720=LINE('',#18647,#4362);
#2721=LINE('',#18648,#4363);
#2722=LINE('',#18651,#4364);
#2723=LINE('',#18652,#4365);
#2724=LINE('',#18655,#4366);
#2725=LINE('',#18657,#4367);
#2726=LINE('',#18658,#4368);
#2727=LINE('',#18661,#4369);
#2728=LINE('',#18662,#4370);
#2729=LINE('',#18663,#4371);
#2730=LINE('',#18666,#4372);
#2731=LINE('',#18667,#4373);
#2732=LINE('',#18670,#4374);
#2733=LINE('',#18672,#4375);
#2734=LINE('',#18673,#4376);
#2735=LINE('',#18676,#4377);
#2736=LINE('',#18677,#4378);
#2737=LINE('',#18678,#4379);
#2738=LINE('',#18681,#4380);
#2739=LINE('',#18682,#4381);
#2740=LINE('',#18685,#4382);
#2741=LINE('',#18687,#4383);
#2742=LINE('',#18688,#4384);
#2743=LINE('',#18690,#4385);
#2744=LINE('',#18693,#4386);
#2745=LINE('',#18695,#4387);
#2746=LINE('',#18697,#4388);
#2747=LINE('',#18698,#4389);
#2748=LINE('',#18701,#4390);
#2749=LINE('',#18703,#4391);
#2750=LINE('',#18704,#4392);
#2751=LINE('',#18707,#4393);
#2752=LINE('',#18708,#4394);
#2753=LINE('',#18710,#4395);
#2754=LINE('',#18712,#4396);
#2755=LINE('',#18715,#4397);
#2756=LINE('',#18717,#4398);
#2757=LINE('',#18719,#4399);
#2758=LINE('',#18720,#4400);
#2759=LINE('',#18723,#4401);
#2760=LINE('',#18725,#4402);
#2761=LINE('',#18726,#4403);
#2762=LINE('',#18729,#4404);
#2763=LINE('',#18730,#4405);
#2764=LINE('',#18732,#4406);
#2765=LINE('',#18733,#4407);
#2766=LINE('',#18735,#4408);
#2767=LINE('',#18738,#4409);
#2768=LINE('',#18740,#4410);
#2769=LINE('',#18742,#4411);
#2770=LINE('',#18743,#4412);
#2771=LINE('',#18746,#4413);
#2772=LINE('',#18748,#4414);
#2773=LINE('',#18749,#4415);
#2774=LINE('',#18752,#4416);
#2775=LINE('',#18753,#4417);
#2776=LINE('',#18755,#4418);
#2777=LINE('',#18756,#4419);
#2778=LINE('',#18758,#4420);
#2779=LINE('',#18761,#4421);
#2780=LINE('',#18763,#4422);
#2781=LINE('',#18765,#4423);
#2782=LINE('',#18766,#4424);
#2783=LINE('',#18769,#4425);
#2784=LINE('',#18771,#4426);
#2785=LINE('',#18772,#4427);
#2786=LINE('',#18775,#4428);
#2787=LINE('',#18776,#4429);
#2788=LINE('',#18778,#4430);
#2789=LINE('',#18779,#4431);
#2790=LINE('',#18781,#4432);
#2791=LINE('',#18784,#4433);
#2792=LINE('',#18786,#4434);
#2793=LINE('',#18788,#4435);
#2794=LINE('',#18789,#4436);
#2795=LINE('',#18792,#4437);
#2796=LINE('',#18794,#4438);
#2797=LINE('',#18795,#4439);
#2798=LINE('',#18798,#4440);
#2799=LINE('',#18799,#4441);
#2800=LINE('',#18801,#4442);
#2801=LINE('',#18802,#4443);
#2802=LINE('',#18804,#4444);
#2803=LINE('',#18807,#4445);
#2804=LINE('',#18809,#4446);
#2805=LINE('',#18811,#4447);
#2806=LINE('',#18812,#4448);
#2807=LINE('',#18815,#4449);
#2808=LINE('',#18817,#4450);
#2809=LINE('',#18818,#4451);
#2810=LINE('',#18821,#4452);
#2811=LINE('',#18822,#4453);
#2812=LINE('',#18824,#4454);
#2813=LINE('',#18825,#4455);
#2814=LINE('',#18827,#4456);
#2815=LINE('',#18830,#4457);
#2816=LINE('',#18832,#4458);
#2817=LINE('',#18834,#4459);
#2818=LINE('',#18835,#4460);
#2819=LINE('',#18838,#4461);
#2820=LINE('',#18840,#4462);
#2821=LINE('',#18841,#4463);
#2822=LINE('',#18844,#4464);
#2823=LINE('',#18845,#4465);
#2824=LINE('',#18847,#4466);
#2825=LINE('',#18848,#4467);
#2826=LINE('',#18850,#4468);
#2827=LINE('',#18853,#4469);
#2828=LINE('',#18855,#4470);
#2829=LINE('',#18857,#4471);
#2830=LINE('',#18858,#4472);
#2831=LINE('',#18861,#4473);
#2832=LINE('',#18863,#4474);
#2833=LINE('',#18864,#4475);
#2834=LINE('',#18867,#4476);
#2835=LINE('',#18868,#4477);
#2836=LINE('',#18870,#4478);
#2837=LINE('',#18871,#4479);
#2838=LINE('',#18873,#4480);
#2839=LINE('',#18876,#4481);
#2840=LINE('',#18878,#4482);
#2841=LINE('',#18880,#4483);
#2842=LINE('',#18881,#4484);
#2843=LINE('',#18884,#4485);
#2844=LINE('',#18886,#4486);
#2845=LINE('',#18887,#4487);
#2846=LINE('',#18890,#4488);
#2847=LINE('',#18891,#4489);
#2848=LINE('',#18893,#4490);
#2849=LINE('',#18894,#4491);
#2850=LINE('',#18896,#4492);
#2851=LINE('',#18899,#4493);
#2852=LINE('',#18901,#4494);
#2853=LINE('',#18903,#4495);
#2854=LINE('',#18904,#4496);
#2855=LINE('',#18907,#4497);
#2856=LINE('',#18909,#4498);
#2857=LINE('',#18910,#4499);
#2858=LINE('',#18913,#4500);
#2859=LINE('',#18914,#4501);
#2860=LINE('',#18916,#4502);
#2861=LINE('',#18917,#4503);
#2862=LINE('',#18919,#4504);
#2863=LINE('',#18922,#4505);
#2864=LINE('',#18924,#4506);
#2865=LINE('',#18926,#4507);
#2866=LINE('',#18927,#4508);
#2867=LINE('',#18930,#4509);
#2868=LINE('',#18932,#4510);
#2869=LINE('',#18933,#4511);
#2870=LINE('',#18936,#4512);
#2871=LINE('',#18937,#4513);
#2872=LINE('',#18939,#4514);
#2873=LINE('',#18940,#4515);
#2874=LINE('',#18942,#4516);
#2875=LINE('',#18945,#4517);
#2876=LINE('',#18947,#4518);
#2877=LINE('',#18949,#4519);
#2878=LINE('',#18950,#4520);
#2879=LINE('',#18953,#4521);
#2880=LINE('',#18955,#4522);
#2881=LINE('',#18956,#4523);
#2882=LINE('',#18959,#4524);
#2883=LINE('',#18960,#4525);
#2884=LINE('',#18962,#4526);
#2885=LINE('',#18963,#4527);
#2886=LINE('',#18965,#4528);
#2887=LINE('',#18968,#4529);
#2888=LINE('',#18970,#4530);
#2889=LINE('',#18972,#4531);
#2890=LINE('',#18973,#4532);
#2891=LINE('',#18976,#4533);
#2892=LINE('',#18978,#4534);
#2893=LINE('',#18979,#4535);
#2894=LINE('',#18982,#4536);
#2895=LINE('',#18983,#4537);
#2896=LINE('',#18985,#4538);
#2897=LINE('',#18986,#4539);
#2898=LINE('',#18988,#4540);
#2899=LINE('',#18991,#4541);
#2900=LINE('',#18993,#4542);
#2901=LINE('',#18994,#4543);
#2902=LINE('',#18997,#4544);
#2903=LINE('',#18998,#4545);
#2904=LINE('',#18999,#4546);
#2905=LINE('',#19002,#4547);
#2906=LINE('',#19003,#4548);
#2907=LINE('',#19005,#4549);
#2908=LINE('',#19007,#4550);
#2909=LINE('',#19009,#4551);
#2910=LINE('',#19011,#4552);
#2911=LINE('',#19013,#4553);
#2912=LINE('',#19015,#4554);
#2913=LINE('',#19017,#4555);
#2914=LINE('',#19019,#4556);
#2915=LINE('',#19021,#4557);
#2916=LINE('',#19023,#4558);
#2917=LINE('',#19025,#4559);
#2918=LINE('',#19027,#4560);
#2919=LINE('',#19029,#4561);
#2920=LINE('',#19031,#4562);
#2921=LINE('',#19033,#4563);
#2922=LINE('',#19035,#4564);
#2923=LINE('',#19037,#4565);
#2924=LINE('',#19039,#4566);
#2925=LINE('',#19041,#4567);
#2926=LINE('',#19043,#4568);
#2927=LINE('',#19045,#4569);
#2928=LINE('',#19047,#4570);
#2929=LINE('',#19049,#4571);
#2930=LINE('',#19051,#4572);
#2931=LINE('',#19053,#4573);
#2932=LINE('',#19055,#4574);
#2933=LINE('',#19057,#4575);
#2934=LINE('',#19059,#4576);
#2935=LINE('',#19061,#4577);
#2936=LINE('',#19063,#4578);
#2937=LINE('',#19065,#4579);
#2938=LINE('',#19067,#4580);
#2939=LINE('',#19069,#4581);
#2940=LINE('',#19071,#4582);
#2941=LINE('',#19073,#4583);
#2942=LINE('',#19075,#4584);
#2943=LINE('',#19077,#4585);
#2944=LINE('',#19079,#4586);
#2945=LINE('',#19081,#4587);
#2946=LINE('',#19083,#4588);
#2947=LINE('',#19085,#4589);
#2948=LINE('',#19087,#4590);
#2949=LINE('',#19089,#4591);
#2950=LINE('',#19091,#4592);
#2951=LINE('',#19093,#4593);
#2952=LINE('',#19095,#4594);
#2953=LINE('',#19097,#4595);
#2954=LINE('',#19099,#4596);
#2955=LINE('',#19101,#4597);
#2956=LINE('',#19103,#4598);
#2957=LINE('',#19105,#4599);
#2958=LINE('',#19107,#4600);
#2959=LINE('',#19109,#4601);
#2960=LINE('',#19111,#4602);
#2961=LINE('',#19113,#4603);
#2962=LINE('',#19115,#4604);
#2963=LINE('',#19117,#4605);
#2964=LINE('',#19119,#4606);
#2965=LINE('',#19121,#4607);
#2966=LINE('',#19123,#4608);
#2967=LINE('',#19125,#4609);
#2968=LINE('',#19128,#4610);
#2969=LINE('',#19132,#4611);
#2970=LINE('',#19135,#4612);
#2971=LINE('',#19136,#4613);
#2972=LINE('',#19155,#4614);
#2973=LINE('',#19156,#4615);
#2974=LINE('',#19159,#4616);
#2975=LINE('',#19160,#4617);
#2976=LINE('',#19163,#4618);
#2977=LINE('',#19189,#4619);
#2978=LINE('',#19190,#4620);
#2979=LINE('',#19193,#4621);
#2980=LINE('',#19194,#4622);
#2981=LINE('',#19198,#4623);
#2982=LINE('',#19202,#4624);
#2983=LINE('',#19221,#4625);
#2984=LINE('',#19258,#4626);
#2985=LINE('',#19271,#4627);
#2986=LINE('',#19303,#4628);
#2987=LINE('',#19307,#4629);
#2988=LINE('',#19309,#4630);
#2989=LINE('',#19311,#4631);
#2990=LINE('',#19313,#4632);
#2991=VECTOR('',#12786,10.);
#2992=VECTOR('',#12787,10.);
#2993=VECTOR('',#12788,10.);
#2994=VECTOR('',#12791,10.);
#2995=VECTOR('',#12792,10.);
#2996=VECTOR('',#12793,10.);
#2997=VECTOR('',#12796,10.);
#2998=VECTOR('',#12797,10.);
#2999=VECTOR('',#12798,10.);
#3000=VECTOR('',#12801,10.);
#3001=VECTOR('',#12802,10.);
#3002=VECTOR('',#12803,10.);
#3003=VECTOR('',#12806,10.);
#3004=VECTOR('',#12807,10.);
#3005=VECTOR('',#12808,10.);
#3006=VECTOR('',#12811,10.);
#3007=VECTOR('',#12812,10.);
#3008=VECTOR('',#12813,10.);
#3009=VECTOR('',#12816,10.);
#3010=VECTOR('',#12817,10.);
#3011=VECTOR('',#12818,10.);
#3012=VECTOR('',#12821,10.);
#3013=VECTOR('',#12822,10.);
#3014=VECTOR('',#12823,10.);
#3015=VECTOR('',#12826,10.);
#3016=VECTOR('',#12827,10.);
#3017=VECTOR('',#12828,10.);
#3018=VECTOR('',#12831,10.);
#3019=VECTOR('',#12832,10.);
#3020=VECTOR('',#12833,10.);
#3021=VECTOR('',#12834,10.);
#3022=VECTOR('',#12835,10.);
#3023=VECTOR('',#12836,10.);
#3024=VECTOR('',#12837,10.);
#3025=VECTOR('',#12838,10.);
#3026=VECTOR('',#12839,10.);
#3027=VECTOR('',#12840,10.);
#3028=VECTOR('',#12841,10.);
#3029=VECTOR('',#12842,10.);
#3030=VECTOR('',#12843,10.);
#3031=VECTOR('',#12844,10.);
#3032=VECTOR('',#12845,10.);
#3033=VECTOR('',#12846,10.);
#3034=VECTOR('',#12847,10.);
#3035=VECTOR('',#12848,10.);
#3036=VECTOR('',#12849,10.);
#3037=VECTOR('',#12850,10.);
#3038=VECTOR('',#12851,10.);
#3039=VECTOR('',#12852,10.);
#3040=VECTOR('',#12853,10.);
#3041=VECTOR('',#12854,10.);
#3042=VECTOR('',#12855,10.);
#3043=VECTOR('',#12856,10.);
#3044=VECTOR('',#12857,10.);
#3045=VECTOR('',#12858,10.);
#3046=VECTOR('',#12859,10.);
#3047=VECTOR('',#12860,10.);
#3048=VECTOR('',#12861,10.);
#3049=VECTOR('',#12862,10.);
#3050=VECTOR('',#12863,10.);
#3051=VECTOR('',#12864,10.);
#3052=VECTOR('',#12865,10.);
#3053=VECTOR('',#12866,10.);
#3054=VECTOR('',#12867,10.);
#3055=VECTOR('',#12868,10.);
#3056=VECTOR('',#12869,10.);
#3057=VECTOR('',#12870,10.);
#3058=VECTOR('',#12871,10.);
#3059=VECTOR('',#12872,10.);
#3060=VECTOR('',#12873,10.);
#3061=VECTOR('',#12874,10.);
#3062=VECTOR('',#12875,10.);
#3063=VECTOR('',#12876,10.);
#3064=VECTOR('',#12877,10.);
#3065=VECTOR('',#12878,10.);
#3066=VECTOR('',#12879,10.);
#3067=VECTOR('',#12880,10.);
#3068=VECTOR('',#12881,10.);
#3069=VECTOR('',#12882,10.);
#3070=VECTOR('',#12883,10.);
#3071=VECTOR('',#12884,10.);
#3072=VECTOR('',#12885,10.);
#3073=VECTOR('',#12886,10.);
#3074=VECTOR('',#12887,10.);
#3075=VECTOR('',#12888,10.);
#3076=VECTOR('',#12889,10.);
#3077=VECTOR('',#12890,10.);
#3078=VECTOR('',#12893,10.);
#3079=VECTOR('',#12894,10.);
#3080=VECTOR('',#12895,10.);
#3081=VECTOR('',#12896,10.);
#3082=VECTOR('',#12897,10.);
#3083=VECTOR('',#12898,10.);
#3084=VECTOR('',#12899,10.);
#3085=VECTOR('',#12900,10.);
#3086=VECTOR('',#12901,10.);
#3087=VECTOR('',#12902,10.);
#3088=VECTOR('',#12903,10.);
#3089=VECTOR('',#12904,10.);
#3090=VECTOR('',#12905,10.);
#3091=VECTOR('',#12906,10.);
#3092=VECTOR('',#12907,10.);
#3093=VECTOR('',#12908,10.);
#3094=VECTOR('',#12909,10.);
#3095=VECTOR('',#12910,10.);
#3096=VECTOR('',#12911,10.);
#3097=VECTOR('',#12912,10.);
#3098=VECTOR('',#12913,10.);
#3099=VECTOR('',#12914,10.);
#3100=VECTOR('',#12915,10.);
#3101=VECTOR('',#12916,10.);
#3102=VECTOR('',#12917,10.);
#3103=VECTOR('',#12918,10.);
#3104=VECTOR('',#12919,10.);
#3105=VECTOR('',#12920,10.);
#3106=VECTOR('',#12921,10.);
#3107=VECTOR('',#12922,10.);
#3108=VECTOR('',#12923,10.);
#3109=VECTOR('',#12924,10.);
#3110=VECTOR('',#12925,10.);
#3111=VECTOR('',#12926,10.);
#3112=VECTOR('',#12927,10.);
#3113=VECTOR('',#12928,10.);
#3114=VECTOR('',#12929,10.);
#3115=VECTOR('',#12930,10.);
#3116=VECTOR('',#12931,10.);
#3117=VECTOR('',#12932,10.);
#3118=VECTOR('',#12933,10.);
#3119=VECTOR('',#12934,10.);
#3120=VECTOR('',#12935,10.);
#3121=VECTOR('',#12936,10.);
#3122=VECTOR('',#12937,10.);
#3123=VECTOR('',#12938,10.);
#3124=VECTOR('',#12939,10.);
#3125=VECTOR('',#12940,10.);
#3126=VECTOR('',#12941,10.);
#3127=VECTOR('',#12942,10.);
#3128=VECTOR('',#12943,10.);
#3129=VECTOR('',#12944,10.);
#3130=VECTOR('',#12945,10.);
#3131=VECTOR('',#12946,10.);
#3132=VECTOR('',#12947,10.);
#3133=VECTOR('',#12948,10.);
#3134=VECTOR('',#12949,10.);
#3135=VECTOR('',#12950,10.);
#3136=VECTOR('',#12951,10.);
#3137=VECTOR('',#12952,10.);
#3138=VECTOR('',#12953,10.);
#3139=VECTOR('',#12956,10.);
#3140=VECTOR('',#12957,10.);
#3141=VECTOR('',#12958,10.);
#3142=VECTOR('',#12959,10.);
#3143=VECTOR('',#12960,10.);
#3144=VECTOR('',#12963,10.);
#3145=VECTOR('',#12964,10.);
#3146=VECTOR('',#12965,10.);
#3147=VECTOR('',#12966,10.);
#3148=VECTOR('',#12969,10.);
#3149=VECTOR('',#12970,10.);
#3150=VECTOR('',#12971,10.);
#3151=VECTOR('',#12972,10.);
#3152=VECTOR('',#12973,10.);
#3153=VECTOR('',#12974,10.);
#3154=VECTOR('',#12975,10.);
#3155=VECTOR('',#12976,10.);
#3156=VECTOR('',#12977,10.);
#3157=VECTOR('',#12978,10.);
#3158=VECTOR('',#12979,10.);
#3159=VECTOR('',#12980,10.);
#3160=VECTOR('',#12981,10.);
#3161=VECTOR('',#12982,10.);
#3162=VECTOR('',#12983,10.);
#3163=VECTOR('',#12984,10.);
#3164=VECTOR('',#12985,10.);
#3165=VECTOR('',#12986,10.);
#3166=VECTOR('',#12987,10.);
#3167=VECTOR('',#12988,10.);
#3168=VECTOR('',#12989,10.);
#3169=VECTOR('',#12990,10.);
#3170=VECTOR('',#12991,10.);
#3171=VECTOR('',#12992,10.);
#3172=VECTOR('',#12993,10.);
#3173=VECTOR('',#12994,10.);
#3174=VECTOR('',#12995,10.);
#3175=VECTOR('',#12996,10.);
#3176=VECTOR('',#12997,10.);
#3177=VECTOR('',#12998,10.);
#3178=VECTOR('',#12999,10.);
#3179=VECTOR('',#13000,10.);
#3180=VECTOR('',#13001,10.);
#3181=VECTOR('',#13002,10.);
#3182=VECTOR('',#13003,10.);
#3183=VECTOR('',#13004,10.);
#3184=VECTOR('',#13005,10.);
#3185=VECTOR('',#13006,10.);
#3186=VECTOR('',#13007,10.);
#3187=VECTOR('',#13008,10.);
#3188=VECTOR('',#13009,10.);
#3189=VECTOR('',#13010,10.);
#3190=VECTOR('',#13011,10.);
#3191=VECTOR('',#13012,10.);
#3192=VECTOR('',#13013,10.);
#3193=VECTOR('',#13014,10.);
#3194=VECTOR('',#13015,10.);
#3195=VECTOR('',#13016,10.);
#3196=VECTOR('',#13017,10.);
#3197=VECTOR('',#13018,10.);
#3198=VECTOR('',#13019,10.);
#3199=VECTOR('',#13020,10.);
#3200=VECTOR('',#13021,10.);
#3201=VECTOR('',#13022,10.);
#3202=VECTOR('',#13023,10.);
#3203=VECTOR('',#13024,10.);
#3204=VECTOR('',#13025,10.);
#3205=VECTOR('',#13026,10.);
#3206=VECTOR('',#13027,10.);
#3207=VECTOR('',#13028,10.);
#3208=VECTOR('',#13029,10.);
#3209=VECTOR('',#13032,10.);
#3210=VECTOR('',#13033,10.);
#3211=VECTOR('',#13034,10.);
#3212=VECTOR('',#13035,10.);
#3213=VECTOR('',#13036,10.);
#3214=VECTOR('',#13037,10.);
#3215=VECTOR('',#13038,10.);
#3216=VECTOR('',#13039,10.);
#3217=VECTOR('',#13040,10.);
#3218=VECTOR('',#13041,10.);
#3219=VECTOR('',#13042,10.);
#3220=VECTOR('',#13043,10.);
#3221=VECTOR('',#13044,10.);
#3222=VECTOR('',#13045,10.);
#3223=VECTOR('',#13046,10.);
#3224=VECTOR('',#13047,10.);
#3225=VECTOR('',#13048,10.);
#3226=VECTOR('',#13049,10.);
#3227=VECTOR('',#13050,10.);
#3228=VECTOR('',#13051,10.);
#3229=VECTOR('',#13052,10.);
#3230=VECTOR('',#13053,10.);
#3231=VECTOR('',#13054,10.);
#3232=VECTOR('',#13055,10.);
#3233=VECTOR('',#13056,10.);
#3234=VECTOR('',#13057,10.);
#3235=VECTOR('',#13058,10.);
#3236=VECTOR('',#13059,10.);
#3237=VECTOR('',#13060,10.);
#3238=VECTOR('',#13061,10.);
#3239=VECTOR('',#13062,10.);
#3240=VECTOR('',#13063,10.);
#3241=VECTOR('',#13064,10.);
#3242=VECTOR('',#13065,10.);
#3243=VECTOR('',#13066,10.);
#3244=VECTOR('',#13067,10.);
#3245=VECTOR('',#13068,10.);
#3246=VECTOR('',#13069,10.);
#3247=VECTOR('',#13070,10.);
#3248=VECTOR('',#13071,10.);
#3249=VECTOR('',#13072,10.);
#3250=VECTOR('',#13073,10.);
#3251=VECTOR('',#13074,10.);
#3252=VECTOR('',#13075,10.);
#3253=VECTOR('',#13076,10.);
#3254=VECTOR('',#13077,10.);
#3255=VECTOR('',#13078,10.);
#3256=VECTOR('',#13079,10.);
#3257=VECTOR('',#13080,10.);
#3258=VECTOR('',#13081,10.);
#3259=VECTOR('',#13082,10.);
#3260=VECTOR('',#13083,10.);
#3261=VECTOR('',#13084,10.);
#3262=VECTOR('',#13085,10.);
#3263=VECTOR('',#13086,10.);
#3264=VECTOR('',#13087,10.);
#3265=VECTOR('',#13088,10.);
#3266=VECTOR('',#13089,10.);
#3267=VECTOR('',#13090,10.);
#3268=VECTOR('',#13091,10.);
#3269=VECTOR('',#13094,10.);
#3270=VECTOR('',#13095,10.);
#3271=VECTOR('',#13096,10.);
#3272=VECTOR('',#13099,10.);
#3273=VECTOR('',#13100,10.);
#3274=VECTOR('',#13101,10.);
#3275=VECTOR('',#13104,10.);
#3276=VECTOR('',#13105,10.);
#3277=VECTOR('',#13106,10.);
#3278=VECTOR('',#13109,10.);
#3279=VECTOR('',#13110,10.);
#3280=VECTOR('',#13111,10.);
#3281=VECTOR('',#13114,10.);
#3282=VECTOR('',#13115,10.);
#3283=VECTOR('',#13116,10.);
#3284=VECTOR('',#13119,10.);
#3285=VECTOR('',#13120,10.);
#3286=VECTOR('',#13121,10.);
#3287=VECTOR('',#13124,10.);
#3288=VECTOR('',#13125,10.);
#3289=VECTOR('',#13126,10.);
#3290=VECTOR('',#13129,10.);
#3291=VECTOR('',#13130,10.);
#3292=VECTOR('',#13131,10.);
#3293=VECTOR('',#13134,10.);
#3294=VECTOR('',#13135,10.);
#3295=VECTOR('',#13138,10.);
#3296=VECTOR('',#13139,10.);
#3297=VECTOR('',#13140,10.);
#3298=VECTOR('',#13141,10.);
#3299=VECTOR('',#13144,10.);
#3300=VECTOR('',#13145,10.);
#3301=VECTOR('',#13148,10.);
#3302=VECTOR('',#13149,10.);
#3303=VECTOR('',#13152,10.);
#3304=VECTOR('',#13153,10.);
#3305=VECTOR('',#13156,10.);
#3306=VECTOR('',#13157,10.);
#3307=VECTOR('',#13160,10.);
#3308=VECTOR('',#13161,10.);
#3309=VECTOR('',#13164,10.);
#3310=VECTOR('',#13165,10.);
#3311=VECTOR('',#13168,10.);
#3312=VECTOR('',#13169,10.);
#3313=VECTOR('',#13172,10.);
#3314=VECTOR('',#13173,10.);
#3315=VECTOR('',#13176,10.);
#3316=VECTOR('',#13177,10.);
#3317=VECTOR('',#13180,10.);
#3318=VECTOR('',#13181,10.);
#3319=VECTOR('',#13184,10.);
#3320=VECTOR('',#13185,10.);
#3321=VECTOR('',#13188,10.);
#3322=VECTOR('',#13189,10.);
#3323=VECTOR('',#13192,10.);
#3324=VECTOR('',#13193,10.);
#3325=VECTOR('',#13196,10.);
#3326=VECTOR('',#13197,10.);
#3327=VECTOR('',#13200,10.);
#3328=VECTOR('',#13201,10.);
#3329=VECTOR('',#13204,10.);
#3330=VECTOR('',#13205,10.);
#3331=VECTOR('',#13208,10.);
#3332=VECTOR('',#13209,10.);
#3333=VECTOR('',#13212,10.);
#3334=VECTOR('',#13213,10.);
#3335=VECTOR('',#13216,10.);
#3336=VECTOR('',#13217,10.);
#3337=VECTOR('',#13220,10.);
#3338=VECTOR('',#13221,10.);
#3339=VECTOR('',#13224,10.);
#3340=VECTOR('',#13225,10.);
#3341=VECTOR('',#13228,10.);
#3342=VECTOR('',#13229,10.);
#3343=VECTOR('',#13232,10.);
#3344=VECTOR('',#13233,10.);
#3345=VECTOR('',#13236,10.);
#3346=VECTOR('',#13237,10.);
#3347=VECTOR('',#13240,10.);
#3348=VECTOR('',#13241,10.);
#3349=VECTOR('',#13244,10.);
#3350=VECTOR('',#13245,10.);
#3351=VECTOR('',#13248,10.);
#3352=VECTOR('',#13249,10.);
#3353=VECTOR('',#13252,10.);
#3354=VECTOR('',#13253,10.);
#3355=VECTOR('',#13256,10.);
#3356=VECTOR('',#13257,10.);
#3357=VECTOR('',#13260,10.);
#3358=VECTOR('',#13261,10.);
#3359=VECTOR('',#13264,10.);
#3360=VECTOR('',#13265,10.);
#3361=VECTOR('',#13268,10.);
#3362=VECTOR('',#13269,10.);
#3363=VECTOR('',#13272,10.);
#3364=VECTOR('',#13275,10.);
#3365=VECTOR('',#13278,10.);
#3366=VECTOR('',#13279,10.);
#3367=VECTOR('',#13282,10.);
#3368=VECTOR('',#13283,10.);
#3369=VECTOR('',#13286,10.);
#3370=VECTOR('',#13287,10.);
#3371=VECTOR('',#13288,10.);
#3372=VECTOR('',#13291,10.);
#3373=VECTOR('',#13292,10.);
#3374=VECTOR('',#13293,10.);
#3375=VECTOR('',#13296,10.);
#3376=VECTOR('',#13297,10.);
#3377=VECTOR('',#13300,10.);
#3378=VECTOR('',#13301,10.);
#3379=VECTOR('',#13302,10.);
#3380=VECTOR('',#13305,10.);
#3381=VECTOR('',#13306,10.);
#3382=VECTOR('',#13307,10.);
#3383=VECTOR('',#13310,10.);
#3384=VECTOR('',#13311,10.);
#3385=VECTOR('',#13314,10.);
#3386=VECTOR('',#13315,10.);
#3387=VECTOR('',#13316,10.);
#3388=VECTOR('',#13319,10.);
#3389=VECTOR('',#13320,10.);
#3390=VECTOR('',#13321,10.);
#3391=VECTOR('',#13324,10.);
#3392=VECTOR('',#13325,10.);
#3393=VECTOR('',#13328,10.);
#3394=VECTOR('',#13329,10.);
#3395=VECTOR('',#13330,10.);
#3396=VECTOR('',#13333,10.);
#3397=VECTOR('',#13334,10.);
#3398=VECTOR('',#13335,10.);
#3399=VECTOR('',#13338,10.);
#3400=VECTOR('',#13339,10.);
#3401=VECTOR('',#13342,10.);
#3402=VECTOR('',#13343,10.);
#3403=VECTOR('',#13344,10.);
#3404=VECTOR('',#13347,10.);
#3405=VECTOR('',#13348,10.);
#3406=VECTOR('',#13349,10.);
#3407=VECTOR('',#13352,10.);
#3408=VECTOR('',#13353,10.);
#3409=VECTOR('',#13356,10.);
#3410=VECTOR('',#13357,10.);
#3411=VECTOR('',#13358,10.);
#3412=VECTOR('',#13361,10.);
#3413=VECTOR('',#13362,10.);
#3414=VECTOR('',#13363,10.);
#3415=VECTOR('',#13366,10.);
#3416=VECTOR('',#13367,10.);
#3417=VECTOR('',#13370,10.);
#3418=VECTOR('',#13371,10.);
#3419=VECTOR('',#13372,10.);
#3420=VECTOR('',#13375,10.);
#3421=VECTOR('',#13376,10.);
#3422=VECTOR('',#13377,10.);
#3423=VECTOR('',#13380,10.);
#3424=VECTOR('',#13381,10.);
#3425=VECTOR('',#13384,10.);
#3426=VECTOR('',#13385,10.);
#3427=VECTOR('',#13386,10.);
#3428=VECTOR('',#13389,10.);
#3429=VECTOR('',#13390,10.);
#3430=VECTOR('',#13391,10.);
#3431=VECTOR('',#13394,10.);
#3432=VECTOR('',#13395,10.);
#3433=VECTOR('',#13398,10.);
#3434=VECTOR('',#13399,10.);
#3435=VECTOR('',#13400,10.);
#3436=VECTOR('',#13403,10.);
#3437=VECTOR('',#13404,10.);
#3438=VECTOR('',#13405,10.);
#3439=VECTOR('',#13408,10.);
#3440=VECTOR('',#13409,10.);
#3441=VECTOR('',#13412,10.);
#3442=VECTOR('',#13413,10.);
#3443=VECTOR('',#13414,10.);
#3444=VECTOR('',#13417,10.);
#3445=VECTOR('',#13418,10.);
#3446=VECTOR('',#13419,10.);
#3447=VECTOR('',#13422,10.);
#3448=VECTOR('',#13423,10.);
#3449=VECTOR('',#13426,10.);
#3450=VECTOR('',#13427,10.);
#3451=VECTOR('',#13428,10.);
#3452=VECTOR('',#13431,10.);
#3453=VECTOR('',#13432,10.);
#3454=VECTOR('',#13433,10.);
#3455=VECTOR('',#13436,10.);
#3456=VECTOR('',#13437,10.);
#3457=VECTOR('',#13440,10.);
#3458=VECTOR('',#13441,10.);
#3459=VECTOR('',#13442,10.);
#3460=VECTOR('',#13445,10.);
#3461=VECTOR('',#13446,10.);
#3462=VECTOR('',#13447,10.);
#3463=VECTOR('',#13450,10.);
#3464=VECTOR('',#13451,10.);
#3465=VECTOR('',#13454,10.);
#3466=VECTOR('',#13455,10.);
#3467=VECTOR('',#13456,10.);
#3468=VECTOR('',#13459,10.);
#3469=VECTOR('',#13460,10.);
#3470=VECTOR('',#13461,10.);
#3471=VECTOR('',#13464,10.);
#3472=VECTOR('',#13465,10.);
#3473=VECTOR('',#13466,10.);
#3474=VECTOR('',#13469,10.);
#3475=VECTOR('',#13472,10.);
#3476=VECTOR('',#13473,10.);
#3477=VECTOR('',#13476,10.);
#3478=VECTOR('',#13477,10.);
#3479=VECTOR('',#13478,10.);
#3480=VECTOR('',#13479,10.);
#3481=VECTOR('',#13482,10.);
#3482=VECTOR('',#13483,10.);
#3483=VECTOR('',#13484,10.);
#3484=VECTOR('',#13487,10.);
#3485=VECTOR('',#13488,10.);
#3486=VECTOR('',#13491,10.);
#3487=VECTOR('',#13492,10.);
#3488=VECTOR('',#13495,10.);
#3489=VECTOR('',#13496,10.);
#3490=VECTOR('',#13497,10.);
#3491=VECTOR('',#13498,10.);
#3492=VECTOR('',#13501,10.);
#3493=VECTOR('',#13502,10.);
#3494=VECTOR('',#13503,10.);
#3495=VECTOR('',#13506,10.);
#3496=VECTOR('',#13507,10.);
#3497=VECTOR('',#13510,10.);
#3498=VECTOR('',#13511,10.);
#3499=VECTOR('',#13514,10.);
#3500=VECTOR('',#13517,10.);
#3501=VECTOR('',#13518,10.);
#3502=VECTOR('',#13519,10.);
#3503=VECTOR('',#13520,10.);
#3504=VECTOR('',#13523,10.);
#3505=VECTOR('',#13524,10.);
#3506=VECTOR('',#13525,10.);
#3507=VECTOR('',#13528,10.);
#3508=VECTOR('',#13529,10.);
#3509=VECTOR('',#13532,10.);
#3510=VECTOR('',#13533,10.);
#3511=VECTOR('',#13536,10.);
#3512=VECTOR('',#13539,10.);
#3513=VECTOR('',#13540,10.);
#3514=VECTOR('',#13541,10.);
#3515=VECTOR('',#13542,10.);
#3516=VECTOR('',#13545,10.);
#3517=VECTOR('',#13546,10.);
#3518=VECTOR('',#13547,10.);
#3519=VECTOR('',#13550,10.);
#3520=VECTOR('',#13551,10.);
#3521=VECTOR('',#13554,10.);
#3522=VECTOR('',#13555,10.);
#3523=VECTOR('',#13558,10.);
#3524=VECTOR('',#13561,10.);
#3525=VECTOR('',#13562,10.);
#3526=VECTOR('',#13563,10.);
#3527=VECTOR('',#13564,10.);
#3528=VECTOR('',#13567,10.);
#3529=VECTOR('',#13568,10.);
#3530=VECTOR('',#13569,10.);
#3531=VECTOR('',#13572,10.);
#3532=VECTOR('',#13573,10.);
#3533=VECTOR('',#13576,10.);
#3534=VECTOR('',#13577,10.);
#3535=VECTOR('',#13580,10.);
#3536=VECTOR('',#13583,10.);
#3537=VECTOR('',#13584,10.);
#3538=VECTOR('',#13585,10.);
#3539=VECTOR('',#13586,10.);
#3540=VECTOR('',#13589,10.);
#3541=VECTOR('',#13590,10.);
#3542=VECTOR('',#13591,10.);
#3543=VECTOR('',#13594,10.);
#3544=VECTOR('',#13595,10.);
#3545=VECTOR('',#13598,10.);
#3546=VECTOR('',#13599,10.);
#3547=VECTOR('',#13602,10.);
#3548=VECTOR('',#13605,10.);
#3549=VECTOR('',#13606,10.);
#3550=VECTOR('',#13607,10.);
#3551=VECTOR('',#13608,10.);
#3552=VECTOR('',#13611,10.);
#3553=VECTOR('',#13612,10.);
#3554=VECTOR('',#13613,10.);
#3555=VECTOR('',#13616,10.);
#3556=VECTOR('',#13617,10.);
#3557=VECTOR('',#13620,10.);
#3558=VECTOR('',#13621,10.);
#3559=VECTOR('',#13624,10.);
#3560=VECTOR('',#13627,10.);
#3561=VECTOR('',#13628,10.);
#3562=VECTOR('',#13629,10.);
#3563=VECTOR('',#13630,10.);
#3564=VECTOR('',#13633,10.);
#3565=VECTOR('',#13634,10.);
#3566=VECTOR('',#13635,10.);
#3567=VECTOR('',#13638,10.);
#3568=VECTOR('',#13639,10.);
#3569=VECTOR('',#13642,10.);
#3570=VECTOR('',#13643,10.);
#3571=VECTOR('',#13646,10.);
#3572=VECTOR('',#13649,10.);
#3573=VECTOR('',#13650,10.);
#3574=VECTOR('',#13651,10.);
#3575=VECTOR('',#13652,10.);
#3576=VECTOR('',#13655,10.);
#3577=VECTOR('',#13656,10.);
#3578=VECTOR('',#13657,10.);
#3579=VECTOR('',#13660,10.);
#3580=VECTOR('',#13661,10.);
#3581=VECTOR('',#13664,10.);
#3582=VECTOR('',#13665,10.);
#3583=VECTOR('',#13668,10.);
#3584=VECTOR('',#13671,10.);
#3585=VECTOR('',#13672,10.);
#3586=VECTOR('',#13673,10.);
#3587=VECTOR('',#13674,10.);
#3588=VECTOR('',#13677,10.);
#3589=VECTOR('',#13678,10.);
#3590=VECTOR('',#13679,10.);
#3591=VECTOR('',#13682,10.);
#3592=VECTOR('',#13683,10.);
#3593=VECTOR('',#13686,10.);
#3594=VECTOR('',#13687,10.);
#3595=VECTOR('',#13690,10.);
#3596=VECTOR('',#13693,10.);
#3597=VECTOR('',#13694,10.);
#3598=VECTOR('',#13695,10.);
#3599=VECTOR('',#13696,10.);
#3600=VECTOR('',#13699,10.);
#3601=VECTOR('',#13700,10.);
#3602=VECTOR('',#13701,10.);
#3603=VECTOR('',#13704,10.);
#3604=VECTOR('',#13705,10.);
#3605=VECTOR('',#13708,10.);
#3606=VECTOR('',#13709,10.);
#3607=VECTOR('',#13712,10.);
#3608=VECTOR('',#13715,10.);
#3609=VECTOR('',#13716,10.);
#3610=VECTOR('',#13717,10.);
#3611=VECTOR('',#13718,10.);
#3612=VECTOR('',#13721,10.);
#3613=VECTOR('',#13722,10.);
#3614=VECTOR('',#13723,10.);
#3615=VECTOR('',#13726,10.);
#3616=VECTOR('',#13727,10.);
#3617=VECTOR('',#13730,10.);
#3618=VECTOR('',#13731,10.);
#3619=VECTOR('',#13734,10.);
#3620=VECTOR('',#13737,10.);
#3621=VECTOR('',#13738,10.);
#3622=VECTOR('',#13739,10.);
#3623=VECTOR('',#13740,10.);
#3624=VECTOR('',#13743,10.);
#3625=VECTOR('',#13744,10.);
#3626=VECTOR('',#13745,10.);
#3627=VECTOR('',#13748,10.);
#3628=VECTOR('',#13749,10.);
#3629=VECTOR('',#13752,10.);
#3630=VECTOR('',#13753,10.);
#3631=VECTOR('',#13756,10.);
#3632=VECTOR('',#13759,10.);
#3633=VECTOR('',#13760,10.);
#3634=VECTOR('',#13761,10.);
#3635=VECTOR('',#13764,10.);
#3636=VECTOR('',#13765,10.);
#3637=VECTOR('',#13766,10.);
#3638=VECTOR('',#13769,10.);
#3639=VECTOR('',#13770,10.);
#3640=VECTOR('',#13773,10.);
#3641=VECTOR('',#13774,10.);
#3642=VECTOR('',#13775,10.);
#3643=VECTOR('',#13778,10.);
#3644=VECTOR('',#13779,10.);
#3645=VECTOR('',#13782,10.);
#3646=VECTOR('',#13783,10.);
#3647=VECTOR('',#13786,10.);
#3648=VECTOR('',#13787,10.);
#3649=VECTOR('',#13790,10.);
#3650=VECTOR('',#13791,10.);
#3651=VECTOR('',#13792,10.);
#3652=VECTOR('',#13795,10.);
#3653=VECTOR('',#13796,10.);
#3654=VECTOR('',#13797,10.);
#3655=VECTOR('',#13800,10.);
#3656=VECTOR('',#13801,10.);
#3657=VECTOR('',#13804,10.);
#3658=VECTOR('',#13805,10.);
#3659=VECTOR('',#13806,10.);
#3660=VECTOR('',#13809,10.);
#3661=VECTOR('',#13810,10.);
#3662=VECTOR('',#13811,10.);
#3663=VECTOR('',#13814,10.);
#3664=VECTOR('',#13815,10.);
#3665=VECTOR('',#13818,10.);
#3666=VECTOR('',#13819,10.);
#3667=VECTOR('',#13820,10.);
#3668=VECTOR('',#13823,10.);
#3669=VECTOR('',#13824,10.);
#3670=VECTOR('',#13825,10.);
#3671=VECTOR('',#13828,10.);
#3672=VECTOR('',#13829,10.);
#3673=VECTOR('',#13832,10.);
#3674=VECTOR('',#13833,10.);
#3675=VECTOR('',#13834,10.);
#3676=VECTOR('',#13837,10.);
#3677=VECTOR('',#13838,10.);
#3678=VECTOR('',#13839,10.);
#3679=VECTOR('',#13842,10.);
#3680=VECTOR('',#13843,10.);
#3681=VECTOR('',#13846,10.);
#3682=VECTOR('',#13847,10.);
#3683=VECTOR('',#13848,10.);
#3684=VECTOR('',#13851,10.);
#3685=VECTOR('',#13852,10.);
#3686=VECTOR('',#13853,10.);
#3687=VECTOR('',#13856,10.);
#3688=VECTOR('',#13857,10.);
#3689=VECTOR('',#13860,10.);
#3690=VECTOR('',#13861,10.);
#3691=VECTOR('',#13862,10.);
#3692=VECTOR('',#13865,10.);
#3693=VECTOR('',#13866,10.);
#3694=VECTOR('',#13867,10.);
#3695=VECTOR('',#13870,10.);
#3696=VECTOR('',#13871,10.);
#3697=VECTOR('',#13874,10.);
#3698=VECTOR('',#13875,10.);
#3699=VECTOR('',#13876,10.);
#3700=VECTOR('',#13879,10.);
#3701=VECTOR('',#13880,10.);
#3702=VECTOR('',#13881,10.);
#3703=VECTOR('',#13884,10.);
#3704=VECTOR('',#13885,10.);
#3705=VECTOR('',#13888,10.);
#3706=VECTOR('',#13889,10.);
#3707=VECTOR('',#13890,10.);
#3708=VECTOR('',#13893,10.);
#3709=VECTOR('',#13894,10.);
#3710=VECTOR('',#13895,10.);
#3711=VECTOR('',#13898,10.);
#3712=VECTOR('',#13899,10.);
#3713=VECTOR('',#13902,10.);
#3714=VECTOR('',#13903,10.);
#3715=VECTOR('',#13904,10.);
#3716=VECTOR('',#13907,10.);
#3717=VECTOR('',#13908,10.);
#3718=VECTOR('',#13909,10.);
#3719=VECTOR('',#13912,10.);
#3720=VECTOR('',#13913,10.);
#3721=VECTOR('',#13916,10.);
#3722=VECTOR('',#13917,10.);
#3723=VECTOR('',#13918,10.);
#3724=VECTOR('',#13921,10.);
#3725=VECTOR('',#13922,10.);
#3726=VECTOR('',#13923,10.);
#3727=VECTOR('',#13926,10.);
#3728=VECTOR('',#13927,10.);
#3729=VECTOR('',#13930,10.);
#3730=VECTOR('',#13933,10.);
#3731=VECTOR('',#13936,10.);
#3732=VECTOR('',#13939,10.);
#3733=VECTOR('',#13942,10.);
#3734=VECTOR('',#13945,10.);
#3735=VECTOR('',#13948,10.);
#3736=VECTOR('',#13951,10.);
#3737=VECTOR('',#13954,10.);
#3738=VECTOR('',#13957,10.);
#3739=VECTOR('',#13960,10.);
#3740=VECTOR('',#13963,10.);
#3741=VECTOR('',#13966,10.);
#3742=VECTOR('',#13969,10.);
#3743=VECTOR('',#13972,10.);
#3744=VECTOR('',#13975,10.);
#3745=VECTOR('',#13978,10.);
#3746=VECTOR('',#13981,10.);
#3747=VECTOR('',#13984,10.);
#3748=VECTOR('',#13987,10.);
#3749=VECTOR('',#13990,10.);
#3750=VECTOR('',#13993,10.);
#3751=VECTOR('',#13996,10.);
#3752=VECTOR('',#13999,10.);
#3753=VECTOR('',#14002,10.);
#3754=VECTOR('',#14005,10.);
#3755=VECTOR('',#14008,10.);
#3756=VECTOR('',#14011,10.);
#3757=VECTOR('',#14014,10.);
#3758=VECTOR('',#14015,10.);
#3759=VECTOR('',#14020,10.);
#3760=VECTOR('',#14023,10.);
#3761=VECTOR('',#14026,10.);
#3762=VECTOR('',#14029,10.);
#3763=VECTOR('',#14032,10.);
#3764=VECTOR('',#14035,10.);
#3765=VECTOR('',#14038,10.);
#3766=VECTOR('',#14041,10.);
#3767=VECTOR('',#14044,10.);
#3768=VECTOR('',#14047,10.);
#3769=VECTOR('',#14050,10.);
#3770=VECTOR('',#14053,10.);
#3771=VECTOR('',#14056,10.);
#3772=VECTOR('',#14059,10.);
#3773=VECTOR('',#14062,10.);
#3774=VECTOR('',#14065,10.);
#3775=VECTOR('',#14068,10.);
#3776=VECTOR('',#14073,10.);
#3777=VECTOR('',#14076,10.);
#3778=VECTOR('',#14079,10.);
#3779=VECTOR('',#14082,10.);
#3780=VECTOR('',#14085,10.);
#3781=VECTOR('',#14088,10.);
#3782=VECTOR('',#14091,10.);
#3783=VECTOR('',#14094,10.);
#3784=VECTOR('',#14097,10.);
#3785=VECTOR('',#14100,10.);
#3786=VECTOR('',#14103,10.);
#3787=VECTOR('',#14106,10.);
#3788=VECTOR('',#14109,10.);
#3789=VECTOR('',#14112,10.);
#3790=VECTOR('',#14115,10.);
#3791=VECTOR('',#14118,10.);
#3792=VECTOR('',#14121,10.);
#3793=VECTOR('',#14124,10.);
#3794=VECTOR('',#14127,10.);
#3795=VECTOR('',#14130,10.);
#3796=VECTOR('',#14133,10.);
#3797=VECTOR('',#14134,10.);
#3798=VECTOR('',#14139,10.);
#3799=VECTOR('',#14140,10.);
#3800=VECTOR('',#14153,10.);
#3801=VECTOR('',#14154,10.);
#3802=VECTOR('',#14157,10.);
#3803=VECTOR('',#14158,10.);
#3804=VECTOR('',#14159,10.);
#3805=VECTOR('',#14162,10.);
#3806=VECTOR('',#14165,10.);
#3807=VECTOR('',#14168,10.);
#3808=VECTOR('',#14201,10.);
#3809=VECTOR('',#14202,10.);
#3810=VECTOR('',#14203,10.);
#3811=VECTOR('',#14206,10.);
#3812=VECTOR('',#14207,10.);
#3813=VECTOR('',#14208,10.);
#3814=VECTOR('',#14209,10.);
#3815=VECTOR('',#14230,10.);
#3816=VECTOR('',#14231,10.);
#3817=VECTOR('',#14234,10.);
#3818=VECTOR('',#14235,10.);
#3819=VECTOR('',#14236,10.);
#3820=VECTOR('',#14239,10.);
#3821=VECTOR('',#14240,10.);
#3822=VECTOR('',#14243,10.);
#3823=VECTOR('',#14244,10.);
#3824=VECTOR('',#14249,10.);
#3825=VECTOR('',#14252,10.);
#3826=VECTOR('',#14257,10.);
#3827=VECTOR('',#14304,10.);
#3828=VECTOR('',#14307,10.);
#3829=VECTOR('',#14312,10.);
#3830=VECTOR('',#14313,10.);
#3831=VECTOR('',#14314,10.);
#3832=VECTOR('',#14315,10.);
#3833=VECTOR('',#14316,10.);
#3834=VECTOR('',#14317,10.);
#3835=VECTOR('',#14320,10.);
#3836=VECTOR('',#14321,10.);
#3837=VECTOR('',#14324,10.);
#3838=VECTOR('',#14325,10.);
#3839=VECTOR('',#14326,10.);
#3840=VECTOR('',#14329,10.);
#3841=VECTOR('',#14330,10.);
#3842=VECTOR('',#14331,10.);
#3843=VECTOR('',#14334,10.);
#3844=VECTOR('',#14335,10.);
#3845=VECTOR('',#14336,10.);
#3846=VECTOR('',#14339,10.);
#3847=VECTOR('',#14340,10.);
#3848=VECTOR('',#14341,10.);
#3849=VECTOR('',#14344,10.);
#3850=VECTOR('',#14345,10.);
#3851=VECTOR('',#14346,10.);
#3852=VECTOR('',#14349,10.);
#3853=VECTOR('',#14350,10.);
#3854=VECTOR('',#14351,10.);
#3855=VECTOR('',#14354,10.);
#3856=VECTOR('',#14355,10.);
#3857=VECTOR('',#14356,10.);
#3858=VECTOR('',#14359,10.);
#3859=VECTOR('',#14360,10.);
#3860=VECTOR('',#14361,10.);
#3861=VECTOR('',#14364,10.);
#3862=VECTOR('',#14365,10.);
#3863=VECTOR('',#14366,10.);
#3864=VECTOR('',#14367,10.);
#3865=VECTOR('',#14368,10.);
#3866=VECTOR('',#14369,10.);
#3867=VECTOR('',#14370,10.);
#3868=VECTOR('',#14371,10.);
#3869=VECTOR('',#14372,10.);
#3870=VECTOR('',#14373,10.);
#3871=VECTOR('',#14374,10.);
#3872=VECTOR('',#14375,10.);
#3873=VECTOR('',#14376,10.);
#3874=VECTOR('',#14377,10.);
#3875=VECTOR('',#14378,10.);
#3876=VECTOR('',#14379,10.);
#3877=VECTOR('',#14380,10.);
#3878=VECTOR('',#14381,10.);
#3879=VECTOR('',#14382,10.);
#3880=VECTOR('',#14383,10.);
#3881=VECTOR('',#14384,10.);
#3882=VECTOR('',#14385,10.);
#3883=VECTOR('',#14386,10.);
#3884=VECTOR('',#14387,10.);
#3885=VECTOR('',#14388,10.);
#3886=VECTOR('',#14389,10.);
#3887=VECTOR('',#14390,10.);
#3888=VECTOR('',#14391,10.);
#3889=VECTOR('',#14392,10.);
#3890=VECTOR('',#14393,10.);
#3891=VECTOR('',#14394,10.);
#3892=VECTOR('',#14395,10.);
#3893=VECTOR('',#14396,10.);
#3894=VECTOR('',#14397,10.);
#3895=VECTOR('',#14398,10.);
#3896=VECTOR('',#14399,10.);
#3897=VECTOR('',#14400,10.);
#3898=VECTOR('',#14401,10.);
#3899=VECTOR('',#14402,10.);
#3900=VECTOR('',#14403,10.);
#3901=VECTOR('',#14404,10.);
#3902=VECTOR('',#14405,10.);
#3903=VECTOR('',#14406,10.);
#3904=VECTOR('',#14407,10.);
#3905=VECTOR('',#14408,10.);
#3906=VECTOR('',#14409,10.);
#3907=VECTOR('',#14410,10.);
#3908=VECTOR('',#14411,10.);
#3909=VECTOR('',#14412,10.);
#3910=VECTOR('',#14413,10.);
#3911=VECTOR('',#14414,10.);
#3912=VECTOR('',#14415,10.);
#3913=VECTOR('',#14416,10.);
#3914=VECTOR('',#14417,10.);
#3915=VECTOR('',#14418,10.);
#3916=VECTOR('',#14419,10.);
#3917=VECTOR('',#14420,10.);
#3918=VECTOR('',#14421,10.);
#3919=VECTOR('',#14422,10.);
#3920=VECTOR('',#14423,10.);
#3921=VECTOR('',#14426,10.);
#3922=VECTOR('',#14427,10.);
#3923=VECTOR('',#14428,10.);
#3924=VECTOR('',#14429,10.);
#3925=VECTOR('',#14430,10.);
#3926=VECTOR('',#14431,10.);
#3927=VECTOR('',#14432,10.);
#3928=VECTOR('',#14433,10.);
#3929=VECTOR('',#14434,10.);
#3930=VECTOR('',#14435,10.);
#3931=VECTOR('',#14436,10.);
#3932=VECTOR('',#14437,10.);
#3933=VECTOR('',#14438,10.);
#3934=VECTOR('',#14439,10.);
#3935=VECTOR('',#14440,10.);
#3936=VECTOR('',#14441,10.);
#3937=VECTOR('',#14442,10.);
#3938=VECTOR('',#14443,10.);
#3939=VECTOR('',#14444,10.);
#3940=VECTOR('',#14445,10.);
#3941=VECTOR('',#14446,10.);
#3942=VECTOR('',#14447,10.);
#3943=VECTOR('',#14448,10.);
#3944=VECTOR('',#14449,10.);
#3945=VECTOR('',#14450,10.);
#3946=VECTOR('',#14451,10.);
#3947=VECTOR('',#14452,10.);
#3948=VECTOR('',#14453,10.);
#3949=VECTOR('',#14454,10.);
#3950=VECTOR('',#14455,10.);
#3951=VECTOR('',#14456,10.);
#3952=VECTOR('',#14457,10.);
#3953=VECTOR('',#14458,10.);
#3954=VECTOR('',#14459,10.);
#3955=VECTOR('',#14460,10.);
#3956=VECTOR('',#14461,10.);
#3957=VECTOR('',#14462,10.);
#3958=VECTOR('',#14463,10.);
#3959=VECTOR('',#14464,10.);
#3960=VECTOR('',#14465,10.);
#3961=VECTOR('',#14466,10.);
#3962=VECTOR('',#14467,10.);
#3963=VECTOR('',#14468,10.);
#3964=VECTOR('',#14469,10.);
#3965=VECTOR('',#14470,10.);
#3966=VECTOR('',#14471,10.);
#3967=VECTOR('',#14472,10.);
#3968=VECTOR('',#14473,10.);
#3969=VECTOR('',#14474,10.);
#3970=VECTOR('',#14475,10.);
#3971=VECTOR('',#14476,10.);
#3972=VECTOR('',#14477,10.);
#3973=VECTOR('',#14478,10.);
#3974=VECTOR('',#14479,10.);
#3975=VECTOR('',#14480,10.);
#3976=VECTOR('',#14481,10.);
#3977=VECTOR('',#14482,10.);
#3978=VECTOR('',#14485,10.);
#3979=VECTOR('',#14486,10.);
#3980=VECTOR('',#14487,10.);
#3981=VECTOR('',#14488,10.);
#3982=VECTOR('',#14491,10.);
#3983=VECTOR('',#14492,10.);
#3984=VECTOR('',#14493,10.);
#3985=VECTOR('',#14496,10.);
#3986=VECTOR('',#14497,10.);
#3987=VECTOR('',#14500,10.);
#3988=VECTOR('',#14501,10.);
#3989=VECTOR('',#14502,10.);
#3990=VECTOR('',#14505,10.);
#3991=VECTOR('',#14506,10.);
#3992=VECTOR('',#14509,10.);
#3993=VECTOR('',#14510,10.);
#3994=VECTOR('',#14511,10.);
#3995=VECTOR('',#14514,10.);
#3996=VECTOR('',#14515,10.);
#3997=VECTOR('',#14518,10.);
#3998=VECTOR('',#14519,10.);
#3999=VECTOR('',#14520,10.);
#4000=VECTOR('',#14523,10.);
#4001=VECTOR('',#14524,10.);
#4002=VECTOR('',#14527,10.);
#4003=VECTOR('',#14528,10.);
#4004=VECTOR('',#14529,10.);
#4005=VECTOR('',#14532,10.);
#4006=VECTOR('',#14533,10.);
#4007=VECTOR('',#14536,10.);
#4008=VECTOR('',#14537,10.);
#4009=VECTOR('',#14538,10.);
#4010=VECTOR('',#14541,10.);
#4011=VECTOR('',#14542,10.);
#4012=VECTOR('',#14545,10.);
#4013=VECTOR('',#14546,10.);
#4014=VECTOR('',#14547,10.);
#4015=VECTOR('',#14550,10.);
#4016=VECTOR('',#14551,10.);
#4017=VECTOR('',#14554,10.);
#4018=VECTOR('',#14555,10.);
#4019=VECTOR('',#14556,10.);
#4020=VECTOR('',#14559,10.);
#4021=VECTOR('',#14560,10.);
#4022=VECTOR('',#14563,10.);
#4023=VECTOR('',#14564,10.);
#4024=VECTOR('',#14565,10.);
#4025=VECTOR('',#14568,10.);
#4026=VECTOR('',#14569,10.);
#4027=VECTOR('',#14572,10.);
#4028=VECTOR('',#14573,10.);
#4029=VECTOR('',#14574,10.);
#4030=VECTOR('',#14577,10.);
#4031=VECTOR('',#14578,10.);
#4032=VECTOR('',#14581,10.);
#4033=VECTOR('',#14582,10.);
#4034=VECTOR('',#14583,10.);
#4035=VECTOR('',#14586,10.);
#4036=VECTOR('',#14587,10.);
#4037=VECTOR('',#14590,10.);
#4038=VECTOR('',#14591,10.);
#4039=VECTOR('',#14592,10.);
#4040=VECTOR('',#14595,10.);
#4041=VECTOR('',#14596,10.);
#4042=VECTOR('',#14599,10.);
#4043=VECTOR('',#14600,10.);
#4044=VECTOR('',#14601,10.);
#4045=VECTOR('',#14604,10.);
#4046=VECTOR('',#14605,10.);
#4047=VECTOR('',#14608,10.);
#4048=VECTOR('',#14609,10.);
#4049=VECTOR('',#14610,10.);
#4050=VECTOR('',#14613,10.);
#4051=VECTOR('',#14614,10.);
#4052=VECTOR('',#14617,10.);
#4053=VECTOR('',#14618,10.);
#4054=VECTOR('',#14619,10.);
#4055=VECTOR('',#14622,10.);
#4056=VECTOR('',#14623,10.);
#4057=VECTOR('',#14626,10.);
#4058=VECTOR('',#14627,10.);
#4059=VECTOR('',#14628,10.);
#4060=VECTOR('',#14631,10.);
#4061=VECTOR('',#14632,10.);
#4062=VECTOR('',#14635,10.);
#4063=VECTOR('',#14636,10.);
#4064=VECTOR('',#14637,10.);
#4065=VECTOR('',#14640,10.);
#4066=VECTOR('',#14641,10.);
#4067=VECTOR('',#14644,10.);
#4068=VECTOR('',#14645,10.);
#4069=VECTOR('',#14646,10.);
#4070=VECTOR('',#14649,10.);
#4071=VECTOR('',#14652,10.);
#4072=VECTOR('',#14653,10.);
#4073=VECTOR('',#14654,10.);
#4074=VECTOR('',#14657,10.);
#4075=VECTOR('',#14658,10.);
#4076=VECTOR('',#14659,10.);
#4077=VECTOR('',#14660,10.);
#4078=VECTOR('',#14663,10.);
#4079=VECTOR('',#14666,10.);
#4080=VECTOR('',#14669,10.);
#4081=VECTOR('',#14670,10.);
#4082=VECTOR('',#14671,10.);
#4083=VECTOR('',#14674,10.);
#4084=VECTOR('',#14675,10.);
#4085=VECTOR('',#14676,10.);
#4086=VECTOR('',#14677,10.);
#4087=VECTOR('',#14678,10.);
#4088=VECTOR('',#14679,10.);
#4089=VECTOR('',#14680,10.);
#4090=VECTOR('',#14681,10.);
#4091=VECTOR('',#14682,10.);
#4092=VECTOR('',#14683,10.);
#4093=VECTOR('',#14684,10.);
#4094=VECTOR('',#14685,10.);
#4095=VECTOR('',#14686,10.);
#4096=VECTOR('',#14687,10.);
#4097=VECTOR('',#14688,10.);
#4098=VECTOR('',#14689,10.);
#4099=VECTOR('',#14690,10.);
#4100=VECTOR('',#14691,10.);
#4101=VECTOR('',#14692,10.);
#4102=VECTOR('',#14693,10.);
#4103=VECTOR('',#14694,10.);
#4104=VECTOR('',#14695,10.);
#4105=VECTOR('',#14696,10.);
#4106=VECTOR('',#14697,10.);
#4107=VECTOR('',#14698,10.);
#4108=VECTOR('',#14699,10.);
#4109=VECTOR('',#14700,10.);
#4110=VECTOR('',#14701,10.);
#4111=VECTOR('',#14702,10.);
#4112=VECTOR('',#14703,10.);
#4113=VECTOR('',#14704,10.);
#4114=VECTOR('',#14705,10.);
#4115=VECTOR('',#14706,10.);
#4116=VECTOR('',#14707,10.);
#4117=VECTOR('',#14708,10.);
#4118=VECTOR('',#14709,10.);
#4119=VECTOR('',#14710,10.);
#4120=VECTOR('',#14711,10.);
#4121=VECTOR('',#14712,10.);
#4122=VECTOR('',#14713,10.);
#4123=VECTOR('',#14714,10.);
#4124=VECTOR('',#14715,10.);
#4125=VECTOR('',#14716,10.);
#4126=VECTOR('',#14717,10.);
#4127=VECTOR('',#14718,10.);
#4128=VECTOR('',#14719,10.);
#4129=VECTOR('',#14720,10.);
#4130=VECTOR('',#14721,10.);
#4131=VECTOR('',#14722,10.);
#4132=VECTOR('',#14723,10.);
#4133=VECTOR('',#14724,10.);
#4134=VECTOR('',#14725,10.);
#4135=VECTOR('',#14726,10.);
#4136=VECTOR('',#14727,10.);
#4137=VECTOR('',#14728,10.);
#4138=VECTOR('',#14729,10.);
#4139=VECTOR('',#14730,10.);
#4140=VECTOR('',#14733,10.);
#4141=VECTOR('',#14734,10.);
#4142=VECTOR('',#14735,10.);
#4143=VECTOR('',#14736,10.);
#4144=VECTOR('',#14737,10.);
#4145=VECTOR('',#14738,10.);
#4146=VECTOR('',#14739,10.);
#4147=VECTOR('',#14740,10.);
#4148=VECTOR('',#14741,10.);
#4149=VECTOR('',#14742,10.);
#4150=VECTOR('',#14743,10.);
#4151=VECTOR('',#14744,10.);
#4152=VECTOR('',#14745,10.);
#4153=VECTOR('',#14746,10.);
#4154=VECTOR('',#14747,10.);
#4155=VECTOR('',#14748,10.);
#4156=VECTOR('',#14749,10.);
#4157=VECTOR('',#14750,10.);
#4158=VECTOR('',#14751,10.);
#4159=VECTOR('',#14752,10.);
#4160=VECTOR('',#14753,10.);
#4161=VECTOR('',#14754,10.);
#4162=VECTOR('',#14755,10.);
#4163=VECTOR('',#14756,10.);
#4164=VECTOR('',#14757,10.);
#4165=VECTOR('',#14758,10.);
#4166=VECTOR('',#14759,10.);
#4167=VECTOR('',#14760,10.);
#4168=VECTOR('',#14761,10.);
#4169=VECTOR('',#14762,10.);
#4170=VECTOR('',#14763,10.);
#4171=VECTOR('',#14764,10.);
#4172=VECTOR('',#14765,10.);
#4173=VECTOR('',#14766,10.);
#4174=VECTOR('',#14767,10.);
#4175=VECTOR('',#14768,10.);
#4176=VECTOR('',#14769,10.);
#4177=VECTOR('',#14770,10.);
#4178=VECTOR('',#14771,10.);
#4179=VECTOR('',#14772,10.);
#4180=VECTOR('',#14773,10.);
#4181=VECTOR('',#14774,10.);
#4182=VECTOR('',#14775,10.);
#4183=VECTOR('',#14776,10.);
#4184=VECTOR('',#14777,10.);
#4185=VECTOR('',#14778,10.);
#4186=VECTOR('',#14779,10.);
#4187=VECTOR('',#14780,10.);
#4188=VECTOR('',#14781,10.);
#4189=VECTOR('',#14782,10.);
#4190=VECTOR('',#14783,10.);
#4191=VECTOR('',#14784,10.);
#4192=VECTOR('',#14785,10.);
#4193=VECTOR('',#14786,10.);
#4194=VECTOR('',#14787,10.);
#4195=VECTOR('',#14788,10.);
#4196=VECTOR('',#14789,10.);
#4197=VECTOR('',#14792,10.);
#4198=VECTOR('',#14795,10.);
#4199=VECTOR('',#14798,10.);
#4200=VECTOR('',#14801,10.);
#4201=VECTOR('',#14804,10.);
#4202=VECTOR('',#14807,10.);
#4203=VECTOR('',#14810,10.);
#4204=VECTOR('',#14813,10.);
#4205=VECTOR('',#14816,10.);
#4206=VECTOR('',#14819,10.);
#4207=VECTOR('',#14820,10.);
#4208=VECTOR('',#14821,10.);
#4209=VECTOR('',#14824,10.);
#4210=VECTOR('',#14825,10.);
#4211=VECTOR('',#14826,10.);
#4212=VECTOR('',#14829,10.);
#4213=VECTOR('',#14830,10.);
#4214=VECTOR('',#14833,10.);
#4215=VECTOR('',#14834,10.);
#4216=VECTOR('',#14835,10.);
#4217=VECTOR('',#14838,10.);
#4218=VECTOR('',#14839,10.);
#4219=VECTOR('',#14840,10.);
#4220=VECTOR('',#14843,10.);
#4221=VECTOR('',#14844,10.);
#4222=VECTOR('',#14847,10.);
#4223=VECTOR('',#14848,10.);
#4224=VECTOR('',#14849,10.);
#4225=VECTOR('',#14852,10.);
#4226=VECTOR('',#14853,10.);
#4227=VECTOR('',#14854,10.);
#4228=VECTOR('',#14857,10.);
#4229=VECTOR('',#14858,10.);
#4230=VECTOR('',#14861,10.);
#4231=VECTOR('',#14862,10.);
#4232=VECTOR('',#14863,10.);
#4233=VECTOR('',#14866,10.);
#4234=VECTOR('',#14867,10.);
#4235=VECTOR('',#14868,10.);
#4236=VECTOR('',#14871,10.);
#4237=VECTOR('',#14872,10.);
#4238=VECTOR('',#14875,10.);
#4239=VECTOR('',#14876,10.);
#4240=VECTOR('',#14877,10.);
#4241=VECTOR('',#14880,10.);
#4242=VECTOR('',#14881,10.);
#4243=VECTOR('',#14882,10.);
#4244=VECTOR('',#14885,10.);
#4245=VECTOR('',#14886,10.);
#4246=VECTOR('',#14889,10.);
#4247=VECTOR('',#14890,10.);
#4248=VECTOR('',#14891,10.);
#4249=VECTOR('',#14894,10.);
#4250=VECTOR('',#14895,10.);
#4251=VECTOR('',#14896,10.);
#4252=VECTOR('',#14899,10.);
#4253=VECTOR('',#14900,10.);
#4254=VECTOR('',#14903,10.);
#4255=VECTOR('',#14904,10.);
#4256=VECTOR('',#14905,10.);
#4257=VECTOR('',#14908,10.);
#4258=VECTOR('',#14909,10.);
#4259=VECTOR('',#14910,10.);
#4260=VECTOR('',#14913,10.);
#4261=VECTOR('',#14914,10.);
#4262=VECTOR('',#14917,10.);
#4263=VECTOR('',#14918,10.);
#4264=VECTOR('',#14919,10.);
#4265=VECTOR('',#14922,10.);
#4266=VECTOR('',#14923,10.);
#4267=VECTOR('',#14924,10.);
#4268=VECTOR('',#14927,10.);
#4269=VECTOR('',#14928,10.);
#4270=VECTOR('',#14931,10.);
#4271=VECTOR('',#14932,10.);
#4272=VECTOR('',#14933,10.);
#4273=VECTOR('',#14936,10.);
#4274=VECTOR('',#14937,10.);
#4275=VECTOR('',#14938,10.);
#4276=VECTOR('',#14941,10.);
#4277=VECTOR('',#14942,10.);
#4278=VECTOR('',#14945,10.);
#4279=VECTOR('',#14946,10.);
#4280=VECTOR('',#14947,10.);
#4281=VECTOR('',#14950,10.);
#4282=VECTOR('',#14951,10.);
#4283=VECTOR('',#14952,10.);
#4284=VECTOR('',#14955,10.);
#4285=VECTOR('',#14956,10.);
#4286=VECTOR('',#14959,10.);
#4287=VECTOR('',#14960,10.);
#4288=VECTOR('',#14961,10.);
#4289=VECTOR('',#14964,10.);
#4290=VECTOR('',#14965,10.);
#4291=VECTOR('',#14966,10.);
#4292=VECTOR('',#14969,10.);
#4293=VECTOR('',#14970,10.);
#4294=VECTOR('',#14973,10.);
#4295=VECTOR('',#14974,10.);
#4296=VECTOR('',#14975,10.);
#4297=VECTOR('',#14978,10.);
#4298=VECTOR('',#14979,10.);
#4299=VECTOR('',#14980,10.);
#4300=VECTOR('',#14983,10.);
#4301=VECTOR('',#14984,10.);
#4302=VECTOR('',#14987,10.);
#4303=VECTOR('',#14988,10.);
#4304=VECTOR('',#14989,10.);
#4305=VECTOR('',#14992,10.);
#4306=VECTOR('',#14993,10.);
#4307=VECTOR('',#14994,10.);
#4308=VECTOR('',#14997,10.);
#4309=VECTOR('',#14998,10.);
#4310=VECTOR('',#15001,10.);
#4311=VECTOR('',#15002,10.);
#4312=VECTOR('',#15003,10.);
#4313=VECTOR('',#15006,10.);
#4314=VECTOR('',#15007,10.);
#4315=VECTOR('',#15008,10.);
#4316=VECTOR('',#15011,10.);
#4317=VECTOR('',#15012,10.);
#4318=VECTOR('',#15015,10.);
#4319=VECTOR('',#15016,10.);
#4320=VECTOR('',#15017,10.);
#4321=VECTOR('',#15020,10.);
#4322=VECTOR('',#15021,10.);
#4323=VECTOR('',#15022,10.);
#4324=VECTOR('',#15025,10.);
#4325=VECTOR('',#15026,10.);
#4326=VECTOR('',#15029,10.);
#4327=VECTOR('',#15030,10.);
#4328=VECTOR('',#15031,10.);
#4329=VECTOR('',#15034,10.);
#4330=VECTOR('',#15035,10.);
#4331=VECTOR('',#15036,10.);
#4332=VECTOR('',#15039,10.);
#4333=VECTOR('',#15040,10.);
#4334=VECTOR('',#15043,10.);
#4335=VECTOR('',#15044,10.);
#4336=VECTOR('',#15045,10.);
#4337=VECTOR('',#15048,10.);
#4338=VECTOR('',#15049,10.);
#4339=VECTOR('',#15050,10.);
#4340=VECTOR('',#15053,10.);
#4341=VECTOR('',#15054,10.);
#4342=VECTOR('',#15057,10.);
#4343=VECTOR('',#15058,10.);
#4344=VECTOR('',#15059,10.);
#4345=VECTOR('',#15062,10.);
#4346=VECTOR('',#15063,10.);
#4347=VECTOR('',#15064,10.);
#4348=VECTOR('',#15067,10.);
#4349=VECTOR('',#15068,10.);
#4350=VECTOR('',#15071,10.);
#4351=VECTOR('',#15072,10.);
#4352=VECTOR('',#15073,10.);
#4353=VECTOR('',#15076,10.);
#4354=VECTOR('',#15077,10.);
#4355=VECTOR('',#15078,10.);
#4356=VECTOR('',#15081,10.);
#4357=VECTOR('',#15082,10.);
#4358=VECTOR('',#15085,10.);
#4359=VECTOR('',#15086,10.);
#4360=VECTOR('',#15087,10.);
#4361=VECTOR('',#15090,10.);
#4362=VECTOR('',#15091,10.);
#4363=VECTOR('',#15092,10.);
#4364=VECTOR('',#15095,10.);
#4365=VECTOR('',#15096,10.);
#4366=VECTOR('',#15099,10.);
#4367=VECTOR('',#15100,10.);
#4368=VECTOR('',#15101,10.);
#4369=VECTOR('',#15104,10.);
#4370=VECTOR('',#15105,10.);
#4371=VECTOR('',#15106,10.);
#4372=VECTOR('',#15109,10.);
#4373=VECTOR('',#15110,10.);
#4374=VECTOR('',#15113,10.);
#4375=VECTOR('',#15114,10.);
#4376=VECTOR('',#15115,10.);
#4377=VECTOR('',#15118,10.);
#4378=VECTOR('',#15119,10.);
#4379=VECTOR('',#15120,10.);
#4380=VECTOR('',#15123,10.);
#4381=VECTOR('',#15124,10.);
#4382=VECTOR('',#15127,10.);
#4383=VECTOR('',#15128,10.);
#4384=VECTOR('',#15129,10.);
#4385=VECTOR('',#15132,10.);
#4386=VECTOR('',#15135,10.);
#4387=VECTOR('',#15136,10.);
#4388=VECTOR('',#15137,10.);
#4389=VECTOR('',#15138,10.);
#4390=VECTOR('',#15141,10.);
#4391=VECTOR('',#15142,10.);
#4392=VECTOR('',#15143,10.);
#4393=VECTOR('',#15146,10.);
#4394=VECTOR('',#15147,10.);
#4395=VECTOR('',#15150,10.);
#4396=VECTOR('',#15153,10.);
#4397=VECTOR('',#15156,10.);
#4398=VECTOR('',#15157,10.);
#4399=VECTOR('',#15158,10.);
#4400=VECTOR('',#15159,10.);
#4401=VECTOR('',#15162,10.);
#4402=VECTOR('',#15163,10.);
#4403=VECTOR('',#15164,10.);
#4404=VECTOR('',#15167,10.);
#4405=VECTOR('',#15168,10.);
#4406=VECTOR('',#15171,10.);
#4407=VECTOR('',#15172,10.);
#4408=VECTOR('',#15175,10.);
#4409=VECTOR('',#15178,10.);
#4410=VECTOR('',#15179,10.);
#4411=VECTOR('',#15180,10.);
#4412=VECTOR('',#15181,10.);
#4413=VECTOR('',#15184,10.);
#4414=VECTOR('',#15185,10.);
#4415=VECTOR('',#15186,10.);
#4416=VECTOR('',#15189,10.);
#4417=VECTOR('',#15190,10.);
#4418=VECTOR('',#15193,10.);
#4419=VECTOR('',#15194,10.);
#4420=VECTOR('',#15197,10.);
#4421=VECTOR('',#15200,10.);
#4422=VECTOR('',#15201,10.);
#4423=VECTOR('',#15202,10.);
#4424=VECTOR('',#15203,10.);
#4425=VECTOR('',#15206,10.);
#4426=VECTOR('',#15207,10.);
#4427=VECTOR('',#15208,10.);
#4428=VECTOR('',#15211,10.);
#4429=VECTOR('',#15212,10.);
#4430=VECTOR('',#15215,10.);
#4431=VECTOR('',#15216,10.);
#4432=VECTOR('',#15219,10.);
#4433=VECTOR('',#15222,10.);
#4434=VECTOR('',#15223,10.);
#4435=VECTOR('',#15224,10.);
#4436=VECTOR('',#15225,10.);
#4437=VECTOR('',#15228,10.);
#4438=VECTOR('',#15229,10.);
#4439=VECTOR('',#15230,10.);
#4440=VECTOR('',#15233,10.);
#4441=VECTOR('',#15234,10.);
#4442=VECTOR('',#15237,10.);
#4443=VECTOR('',#15238,10.);
#4444=VECTOR('',#15241,10.);
#4445=VECTOR('',#15244,10.);
#4446=VECTOR('',#15245,10.);
#4447=VECTOR('',#15246,10.);
#4448=VECTOR('',#15247,10.);
#4449=VECTOR('',#15250,10.);
#4450=VECTOR('',#15251,10.);
#4451=VECTOR('',#15252,10.);
#4452=VECTOR('',#15255,10.);
#4453=VECTOR('',#15256,10.);
#4454=VECTOR('',#15259,10.);
#4455=VECTOR('',#15260,10.);
#4456=VECTOR('',#15263,10.);
#4457=VECTOR('',#15266,10.);
#4458=VECTOR('',#15267,10.);
#4459=VECTOR('',#15268,10.);
#4460=VECTOR('',#15269,10.);
#4461=VECTOR('',#15272,10.);
#4462=VECTOR('',#15273,10.);
#4463=VECTOR('',#15274,10.);
#4464=VECTOR('',#15277,10.);
#4465=VECTOR('',#15278,10.);
#4466=VECTOR('',#15281,10.);
#4467=VECTOR('',#15282,10.);
#4468=VECTOR('',#15285,10.);
#4469=VECTOR('',#15288,10.);
#4470=VECTOR('',#15289,10.);
#4471=VECTOR('',#15290,10.);
#4472=VECTOR('',#15291,10.);
#4473=VECTOR('',#15294,10.);
#4474=VECTOR('',#15295,10.);
#4475=VECTOR('',#15296,10.);
#4476=VECTOR('',#15299,10.);
#4477=VECTOR('',#15300,10.);
#4478=VECTOR('',#15303,10.);
#4479=VECTOR('',#15304,10.);
#4480=VECTOR('',#15307,10.);
#4481=VECTOR('',#15310,10.);
#4482=VECTOR('',#15311,10.);
#4483=VECTOR('',#15312,10.);
#4484=VECTOR('',#15313,10.);
#4485=VECTOR('',#15316,10.);
#4486=VECTOR('',#15317,10.);
#4487=VECTOR('',#15318,10.);
#4488=VECTOR('',#15321,10.);
#4489=VECTOR('',#15322,10.);
#4490=VECTOR('',#15325,10.);
#4491=VECTOR('',#15326,10.);
#4492=VECTOR('',#15329,10.);
#4493=VECTOR('',#15332,10.);
#4494=VECTOR('',#15333,10.);
#4495=VECTOR('',#15334,10.);
#4496=VECTOR('',#15335,10.);
#4497=VECTOR('',#15338,10.);
#4498=VECTOR('',#15339,10.);
#4499=VECTOR('',#15340,10.);
#4500=VECTOR('',#15343,10.);
#4501=VECTOR('',#15344,10.);
#4502=VECTOR('',#15347,10.);
#4503=VECTOR('',#15348,10.);
#4504=VECTOR('',#15351,10.);
#4505=VECTOR('',#15354,10.);
#4506=VECTOR('',#15355,10.);
#4507=VECTOR('',#15356,10.);
#4508=VECTOR('',#15357,10.);
#4509=VECTOR('',#15360,10.);
#4510=VECTOR('',#15361,10.);
#4511=VECTOR('',#15362,10.);
#4512=VECTOR('',#15365,10.);
#4513=VECTOR('',#15366,10.);
#4514=VECTOR('',#15369,10.);
#4515=VECTOR('',#15370,10.);
#4516=VECTOR('',#15373,10.);
#4517=VECTOR('',#15376,10.);
#4518=VECTOR('',#15377,10.);
#4519=VECTOR('',#15378,10.);
#4520=VECTOR('',#15379,10.);
#4521=VECTOR('',#15382,10.);
#4522=VECTOR('',#15383,10.);
#4523=VECTOR('',#15384,10.);
#4524=VECTOR('',#15387,10.);
#4525=VECTOR('',#15388,10.);
#4526=VECTOR('',#15391,10.);
#4527=VECTOR('',#15392,10.);
#4528=VECTOR('',#15395,10.);
#4529=VECTOR('',#15398,10.);
#4530=VECTOR('',#15399,10.);
#4531=VECTOR('',#15400,10.);
#4532=VECTOR('',#15401,10.);
#4533=VECTOR('',#15404,10.);
#4534=VECTOR('',#15405,10.);
#4535=VECTOR('',#15406,10.);
#4536=VECTOR('',#15409,10.);
#4537=VECTOR('',#15410,10.);
#4538=VECTOR('',#15413,10.);
#4539=VECTOR('',#15414,10.);
#4540=VECTOR('',#15417,10.);
#4541=VECTOR('',#15420,10.);
#4542=VECTOR('',#15421,10.);
#4543=VECTOR('',#15422,10.);
#4544=VECTOR('',#15425,10.);
#4545=VECTOR('',#15426,10.);
#4546=VECTOR('',#15427,10.);
#4547=VECTOR('',#15430,10.);
#4548=VECTOR('',#15431,10.);
#4549=VECTOR('',#15434,10.);
#4550=VECTOR('',#15437,10.);
#4551=VECTOR('',#15440,10.);
#4552=VECTOR('',#15443,10.);
#4553=VECTOR('',#15446,10.);
#4554=VECTOR('',#15449,10.);
#4555=VECTOR('',#15452,10.);
#4556=VECTOR('',#15455,10.);
#4557=VECTOR('',#15458,10.);
#4558=VECTOR('',#15461,10.);
#4559=VECTOR('',#15464,10.);
#4560=VECTOR('',#15467,10.);
#4561=VECTOR('',#15470,10.);
#4562=VECTOR('',#15473,10.);
#4563=VECTOR('',#15476,10.);
#4564=VECTOR('',#15479,10.);
#4565=VECTOR('',#15482,10.);
#4566=VECTOR('',#15485,10.);
#4567=VECTOR('',#15488,10.);
#4568=VECTOR('',#15491,10.);
#4569=VECTOR('',#15494,10.);
#4570=VECTOR('',#15497,10.);
#4571=VECTOR('',#15500,10.);
#4572=VECTOR('',#15503,10.);
#4573=VECTOR('',#15506,10.);
#4574=VECTOR('',#15509,10.);
#4575=VECTOR('',#15512,10.);
#4576=VECTOR('',#15515,10.);
#4577=VECTOR('',#15518,10.);
#4578=VECTOR('',#15521,10.);
#4579=VECTOR('',#15524,10.);
#4580=VECTOR('',#15527,10.);
#4581=VECTOR('',#15530,10.);
#4582=VECTOR('',#15533,10.);
#4583=VECTOR('',#15536,10.);
#4584=VECTOR('',#15539,10.);
#4585=VECTOR('',#15542,10.);
#4586=VECTOR('',#15545,10.);
#4587=VECTOR('',#15548,10.);
#4588=VECTOR('',#15551,10.);
#4589=VECTOR('',#15554,10.);
#4590=VECTOR('',#15557,10.);
#4591=VECTOR('',#15560,10.);
#4592=VECTOR('',#15563,10.);
#4593=VECTOR('',#15566,10.);
#4594=VECTOR('',#15569,10.);
#4595=VECTOR('',#15572,10.);
#4596=VECTOR('',#15575,10.);
#4597=VECTOR('',#15578,10.);
#4598=VECTOR('',#15581,10.);
#4599=VECTOR('',#15584,10.);
#4600=VECTOR('',#15587,10.);
#4601=VECTOR('',#15590,10.);
#4602=VECTOR('',#15593,10.);
#4603=VECTOR('',#15596,10.);
#4604=VECTOR('',#15599,10.);
#4605=VECTOR('',#15602,10.);
#4606=VECTOR('',#15605,10.);
#4607=VECTOR('',#15608,10.);
#4608=VECTOR('',#15611,10.);
#4609=VECTOR('',#15614,10.);
#4610=VECTOR('',#15617,10.);
#4611=VECTOR('',#15620,10.);
#4612=VECTOR('',#15623,10.);
#4613=VECTOR('',#15624,10.);
#4614=VECTOR('',#15659,10.);
#4615=VECTOR('',#15660,10.);
#4616=VECTOR('',#15663,10.);
#4617=VECTOR('',#15664,10.);
#4618=VECTOR('',#15667,10.);
#4619=VECTOR('',#15714,10.);
#4620=VECTOR('',#15715,10.);
#4621=VECTOR('',#15718,10.);
#4622=VECTOR('',#15719,10.);
#4623=VECTOR('',#15722,10.);
#4624=VECTOR('',#15725,38.000000000001);
#4625=VECTOR('',#15730,10.);
#4626=VECTOR('',#15737,10.);
#4627=VECTOR('',#15738,10.);
#4628=VECTOR('',#15759,10.);
#4629=VECTOR('',#15766,10.);
#4630=VECTOR('',#15769,10.);
#4631=VECTOR('',#15772,10.);
#4632=VECTOR('',#15775,10.);
#4633=VERTEX_POINT('',#15780);
#4634=VERTEX_POINT('',#15781);
#4635=VERTEX_POINT('',#15783);
#4636=VERTEX_POINT('',#15785);
#4637=VERTEX_POINT('',#15787);
#4638=VERTEX_POINT('',#15789);
#4639=VERTEX_POINT('',#15791);
#4640=VERTEX_POINT('',#15793);
#4641=VERTEX_POINT('',#15795);
#4642=VERTEX_POINT('',#15797);
#4643=VERTEX_POINT('',#15799);
#4644=VERTEX_POINT('',#15801);
#4645=VERTEX_POINT('',#15803);
#4646=VERTEX_POINT('',#15805);
#4647=VERTEX_POINT('',#15807);
#4648=VERTEX_POINT('',#15809);
#4649=VERTEX_POINT('',#15811);
#4650=VERTEX_POINT('',#15813);
#4651=VERTEX_POINT('',#15815);
#4652=VERTEX_POINT('',#15817);
#4653=VERTEX_POINT('',#15819);
#4654=VERTEX_POINT('',#15821);
#4655=VERTEX_POINT('',#15823);
#4656=VERTEX_POINT('',#15825);
#4657=VERTEX_POINT('',#15827);
#4658=VERTEX_POINT('',#15829);
#4659=VERTEX_POINT('',#15831);
#4660=VERTEX_POINT('',#15833);
#4661=VERTEX_POINT('',#15835);
#4662=VERTEX_POINT('',#15837);
#4663=VERTEX_POINT('',#15839);
#4664=VERTEX_POINT('',#15841);
#4665=VERTEX_POINT('',#15843);
#4666=VERTEX_POINT('',#15845);
#4667=VERTEX_POINT('',#15847);
#4668=VERTEX_POINT('',#15849);
#4669=VERTEX_POINT('',#15851);
#4670=VERTEX_POINT('',#15853);
#4671=VERTEX_POINT('',#15855);
#4672=VERTEX_POINT('',#15857);
#4673=VERTEX_POINT('',#15859);
#4674=VERTEX_POINT('',#15861);
#4675=VERTEX_POINT('',#15863);
#4676=VERTEX_POINT('',#15865);
#4677=VERTEX_POINT('',#15867);
#4678=VERTEX_POINT('',#15869);
#4679=VERTEX_POINT('',#15871);
#4680=VERTEX_POINT('',#15873);
#4681=VERTEX_POINT('',#15875);
#4682=VERTEX_POINT('',#15877);
#4683=VERTEX_POINT('',#15879);
#4684=VERTEX_POINT('',#15881);
#4685=VERTEX_POINT('',#15883);
#4686=VERTEX_POINT('',#15885);
#4687=VERTEX_POINT('',#15887);
#4688=VERTEX_POINT('',#15889);
#4689=VERTEX_POINT('',#15891);
#4690=VERTEX_POINT('',#15893);
#4691=VERTEX_POINT('',#15895);
#4692=VERTEX_POINT('',#15897);
#4693=VERTEX_POINT('',#15899);
#4694=VERTEX_POINT('',#15901);
#4695=VERTEX_POINT('',#15903);
#4696=VERTEX_POINT('',#15905);
#4697=VERTEX_POINT('',#15907);
#4698=VERTEX_POINT('',#15909);
#4699=VERTEX_POINT('',#15911);
#4700=VERTEX_POINT('',#15913);
#4701=VERTEX_POINT('',#15915);
#4702=VERTEX_POINT('',#15917);
#4703=VERTEX_POINT('',#15919);
#4704=VERTEX_POINT('',#15921);
#4705=VERTEX_POINT('',#15923);
#4706=VERTEX_POINT('',#15925);
#4707=VERTEX_POINT('',#15927);
#4708=VERTEX_POINT('',#15929);
#4709=VERTEX_POINT('',#15931);
#4710=VERTEX_POINT('',#15933);
#4711=VERTEX_POINT('',#15935);
#4712=VERTEX_POINT('',#15937);
#4713=VERTEX_POINT('',#15939);
#4714=VERTEX_POINT('',#15941);
#4715=VERTEX_POINT('',#15943);
#4716=VERTEX_POINT('',#15945);
#4717=VERTEX_POINT('',#15947);
#4718=VERTEX_POINT('',#15949);
#4719=VERTEX_POINT('',#15951);
#4720=VERTEX_POINT('',#15953);
#4721=VERTEX_POINT('',#15955);
#4722=VERTEX_POINT('',#15957);
#4723=VERTEX_POINT('',#15959);
#4724=VERTEX_POINT('',#15961);
#4725=VERTEX_POINT('',#15963);
#4726=VERTEX_POINT('',#15965);
#4727=VERTEX_POINT('',#15967);
#4728=VERTEX_POINT('',#15969);
#4729=VERTEX_POINT('',#15971);
#4730=VERTEX_POINT('',#15973);
#4731=VERTEX_POINT('',#15975);
#4732=VERTEX_POINT('',#15977);
#4733=VERTEX_POINT('',#15979);
#4734=VERTEX_POINT('',#15981);
#4735=VERTEX_POINT('',#15983);
#4736=VERTEX_POINT('',#15985);
#4737=VERTEX_POINT('',#15987);
#4738=VERTEX_POINT('',#15989);
#4739=VERTEX_POINT('',#15991);
#4740=VERTEX_POINT('',#15993);
#4741=VERTEX_POINT('',#15995);
#4742=VERTEX_POINT('',#15997);
#4743=VERTEX_POINT('',#15999);
#4744=VERTEX_POINT('',#16001);
#4745=VERTEX_POINT('',#16003);
#4746=VERTEX_POINT('',#16005);
#4747=VERTEX_POINT('',#16007);
#4748=VERTEX_POINT('',#16009);
#4749=VERTEX_POINT('',#16011);
#4750=VERTEX_POINT('',#16013);
#4751=VERTEX_POINT('',#16015);
#4752=VERTEX_POINT('',#16017);
#4753=VERTEX_POINT('',#16019);
#4754=VERTEX_POINT('',#16021);
#4755=VERTEX_POINT('',#16023);
#4756=VERTEX_POINT('',#16025);
#4757=VERTEX_POINT('',#16027);
#4758=VERTEX_POINT('',#16029);
#4759=VERTEX_POINT('',#16031);
#4760=VERTEX_POINT('',#16033);
#4761=VERTEX_POINT('',#16035);
#4762=VERTEX_POINT('',#16037);
#4763=VERTEX_POINT('',#16039);
#4764=VERTEX_POINT('',#16041);
#4765=VERTEX_POINT('',#16043);
#4766=VERTEX_POINT('',#16045);
#4767=VERTEX_POINT('',#16047);
#4768=VERTEX_POINT('',#16049);
#4769=VERTEX_POINT('',#16051);
#4770=VERTEX_POINT('',#16053);
#4771=VERTEX_POINT('',#16055);
#4772=VERTEX_POINT('',#16057);
#4773=VERTEX_POINT('',#16059);
#4774=VERTEX_POINT('',#16061);
#4775=VERTEX_POINT('',#16063);
#4776=VERTEX_POINT('',#16065);
#4777=VERTEX_POINT('',#16067);
#4778=VERTEX_POINT('',#16069);
#4779=VERTEX_POINT('',#16071);
#4780=VERTEX_POINT('',#16073);
#4781=VERTEX_POINT('',#16075);
#4782=VERTEX_POINT('',#16077);
#4783=VERTEX_POINT('',#16079);
#4784=VERTEX_POINT('',#16081);
#4785=VERTEX_POINT('',#16083);
#4786=VERTEX_POINT('',#16085);
#4787=VERTEX_POINT('',#16087);
#4788=VERTEX_POINT('',#16089);
#4789=VERTEX_POINT('',#16091);
#4790=VERTEX_POINT('',#16093);
#4791=VERTEX_POINT('',#16097);
#4792=VERTEX_POINT('',#16099);
#4793=VERTEX_POINT('',#16101);
#4794=VERTEX_POINT('',#16103);
#4795=VERTEX_POINT('',#16107);
#4796=VERTEX_POINT('',#16109);
#4797=VERTEX_POINT('',#16111);
#4798=VERTEX_POINT('',#16115);
#4799=VERTEX_POINT('',#16117);
#4800=VERTEX_POINT('',#16119);
#4801=VERTEX_POINT('',#16121);
#4802=VERTEX_POINT('',#16123);
#4803=VERTEX_POINT('',#16125);
#4804=VERTEX_POINT('',#16127);
#4805=VERTEX_POINT('',#16129);
#4806=VERTEX_POINT('',#16131);
#4807=VERTEX_POINT('',#16133);
#4808=VERTEX_POINT('',#16135);
#4809=VERTEX_POINT('',#16137);
#4810=VERTEX_POINT('',#16139);
#4811=VERTEX_POINT('',#16141);
#4812=VERTEX_POINT('',#16143);
#4813=VERTEX_POINT('',#16145);
#4814=VERTEX_POINT('',#16147);
#4815=VERTEX_POINT('',#16149);
#4816=VERTEX_POINT('',#16151);
#4817=VERTEX_POINT('',#16153);
#4818=VERTEX_POINT('',#16155);
#4819=VERTEX_POINT('',#16157);
#4820=VERTEX_POINT('',#16159);
#4821=VERTEX_POINT('',#16161);
#4822=VERTEX_POINT('',#16163);
#4823=VERTEX_POINT('',#16165);
#4824=VERTEX_POINT('',#16167);
#4825=VERTEX_POINT('',#16169);
#4826=VERTEX_POINT('',#16171);
#4827=VERTEX_POINT('',#16173);
#4828=VERTEX_POINT('',#16175);
#4829=VERTEX_POINT('',#16177);
#4830=VERTEX_POINT('',#16179);
#4831=VERTEX_POINT('',#16181);
#4832=VERTEX_POINT('',#16183);
#4833=VERTEX_POINT('',#16185);
#4834=VERTEX_POINT('',#16187);
#4835=VERTEX_POINT('',#16189);
#4836=VERTEX_POINT('',#16191);
#4837=VERTEX_POINT('',#16193);
#4838=VERTEX_POINT('',#16195);
#4839=VERTEX_POINT('',#16197);
#4840=VERTEX_POINT('',#16199);
#4841=VERTEX_POINT('',#16201);
#4842=VERTEX_POINT('',#16203);
#4843=VERTEX_POINT('',#16205);
#4844=VERTEX_POINT('',#16207);
#4845=VERTEX_POINT('',#16209);
#4846=VERTEX_POINT('',#16211);
#4847=VERTEX_POINT('',#16213);
#4848=VERTEX_POINT('',#16215);
#4849=VERTEX_POINT('',#16217);
#4850=VERTEX_POINT('',#16219);
#4851=VERTEX_POINT('',#16221);
#4852=VERTEX_POINT('',#16223);
#4853=VERTEX_POINT('',#16225);
#4854=VERTEX_POINT('',#16227);
#4855=VERTEX_POINT('',#16229);
#4856=VERTEX_POINT('',#16231);
#4857=VERTEX_POINT('',#16233);
#4858=VERTEX_POINT('',#16235);
#4859=VERTEX_POINT('',#16237);
#4860=VERTEX_POINT('',#16239);
#4861=VERTEX_POINT('',#16241);
#4862=VERTEX_POINT('',#16243);
#4863=VERTEX_POINT('',#16245);
#4864=VERTEX_POINT('',#16247);
#4865=VERTEX_POINT('',#16249);
#4866=VERTEX_POINT('',#16251);
#4867=VERTEX_POINT('',#16253);
#4868=VERTEX_POINT('',#16255);
#4869=VERTEX_POINT('',#16257);
#4870=VERTEX_POINT('',#16259);
#4871=VERTEX_POINT('',#16261);
#4872=VERTEX_POINT('',#16263);
#4873=VERTEX_POINT('',#16265);
#4874=VERTEX_POINT('',#16267);
#4875=VERTEX_POINT('',#16269);
#4876=VERTEX_POINT('',#16271);
#4877=VERTEX_POINT('',#16273);
#4878=VERTEX_POINT('',#16275);
#4879=VERTEX_POINT('',#16277);
#4880=VERTEX_POINT('',#16279);
#4881=VERTEX_POINT('',#16281);
#4882=VERTEX_POINT('',#16283);
#4883=VERTEX_POINT('',#16285);
#4884=VERTEX_POINT('',#16287);
#4885=VERTEX_POINT('',#16289);
#4886=VERTEX_POINT('',#16291);
#4887=VERTEX_POINT('',#16293);
#4888=VERTEX_POINT('',#16295);
#4889=VERTEX_POINT('',#16297);
#4890=VERTEX_POINT('',#16299);
#4891=VERTEX_POINT('',#16301);
#4892=VERTEX_POINT('',#16303);
#4893=VERTEX_POINT('',#16305);
#4894=VERTEX_POINT('',#16307);
#4895=VERTEX_POINT('',#16309);
#4896=VERTEX_POINT('',#16311);
#4897=VERTEX_POINT('',#16313);
#4898=VERTEX_POINT('',#16315);
#4899=VERTEX_POINT('',#16317);
#4900=VERTEX_POINT('',#16319);
#4901=VERTEX_POINT('',#16321);
#4902=VERTEX_POINT('',#16323);
#4903=VERTEX_POINT('',#16325);
#4904=VERTEX_POINT('',#16327);
#4905=VERTEX_POINT('',#16329);
#4906=VERTEX_POINT('',#16331);
#4907=VERTEX_POINT('',#16333);
#4908=VERTEX_POINT('',#16335);
#4909=VERTEX_POINT('',#16337);
#4910=VERTEX_POINT('',#16339);
#4911=VERTEX_POINT('',#16341);
#4912=VERTEX_POINT('',#16343);
#4913=VERTEX_POINT('',#16345);
#4914=VERTEX_POINT('',#16347);
#4915=VERTEX_POINT('',#16349);
#4916=VERTEX_POINT('',#16351);
#4917=VERTEX_POINT('',#16353);
#4918=VERTEX_POINT('',#16355);
#4919=VERTEX_POINT('',#16357);
#4920=VERTEX_POINT('',#16359);
#4921=VERTEX_POINT('',#16361);
#4922=VERTEX_POINT('',#16363);
#4923=VERTEX_POINT('',#16365);
#4924=VERTEX_POINT('',#16367);
#4925=VERTEX_POINT('',#16369);
#4926=VERTEX_POINT('',#16371);
#4927=VERTEX_POINT('',#16373);
#4928=VERTEX_POINT('',#16375);
#4929=VERTEX_POINT('',#16377);
#4930=VERTEX_POINT('',#16379);
#4931=VERTEX_POINT('',#16381);
#4932=VERTEX_POINT('',#16383);
#4933=VERTEX_POINT('',#16385);
#4934=VERTEX_POINT('',#16387);
#4935=VERTEX_POINT('',#16389);
#4936=VERTEX_POINT('',#16391);
#4937=VERTEX_POINT('',#16393);
#4938=VERTEX_POINT('',#16395);
#4939=VERTEX_POINT('',#16397);
#4940=VERTEX_POINT('',#16399);
#4941=VERTEX_POINT('',#16401);
#4942=VERTEX_POINT('',#16403);
#4943=VERTEX_POINT('',#16405);
#4944=VERTEX_POINT('',#16407);
#4945=VERTEX_POINT('',#16409);
#4946=VERTEX_POINT('',#16411);
#4947=VERTEX_POINT('',#16413);
#4948=VERTEX_POINT('',#16415);
#4949=VERTEX_POINT('',#16417);
#4950=VERTEX_POINT('',#16419);
#4951=VERTEX_POINT('',#16421);
#4952=VERTEX_POINT('',#16423);
#4953=VERTEX_POINT('',#16425);
#4954=VERTEX_POINT('',#16429);
#4955=VERTEX_POINT('',#16431);
#4956=VERTEX_POINT('',#16433);
#4957=VERTEX_POINT('',#16437);
#4958=VERTEX_POINT('',#16441);
#4959=VERTEX_POINT('',#16445);
#4960=VERTEX_POINT('',#16449);
#4961=VERTEX_POINT('',#16453);
#4962=VERTEX_POINT('',#16457);
#4963=VERTEX_POINT('',#16461);
#4964=VERTEX_POINT('',#16465);
#4965=VERTEX_POINT('',#16469);
#4966=VERTEX_POINT('',#16473);
#4967=VERTEX_POINT('',#16477);
#4968=VERTEX_POINT('',#16481);
#4969=VERTEX_POINT('',#16485);
#4970=VERTEX_POINT('',#16489);
#4971=VERTEX_POINT('',#16493);
#4972=VERTEX_POINT('',#16497);
#4973=VERTEX_POINT('',#16501);
#4974=VERTEX_POINT('',#16505);
#4975=VERTEX_POINT('',#16509);
#4976=VERTEX_POINT('',#16513);
#4977=VERTEX_POINT('',#16517);
#4978=VERTEX_POINT('',#16521);
#4979=VERTEX_POINT('',#16525);
#4980=VERTEX_POINT('',#16529);
#4981=VERTEX_POINT('',#16533);
#4982=VERTEX_POINT('',#16537);
#4983=VERTEX_POINT('',#16541);
#4984=VERTEX_POINT('',#16545);
#4985=VERTEX_POINT('',#16549);
#4986=VERTEX_POINT('',#16553);
#4987=VERTEX_POINT('',#16557);
#4988=VERTEX_POINT('',#16561);
#4989=VERTEX_POINT('',#16569);
#4990=VERTEX_POINT('',#16573);
#4991=VERTEX_POINT('',#16577);
#4992=VERTEX_POINT('',#16579);
#4993=VERTEX_POINT('',#16583);
#4994=VERTEX_POINT('',#16588);
#4995=VERTEX_POINT('',#16592);
#4996=VERTEX_POINT('',#16594);
#4997=VERTEX_POINT('',#16598);
#4998=VERTEX_POINT('',#16603);
#4999=VERTEX_POINT('',#16607);
#5000=VERTEX_POINT('',#16609);
#5001=VERTEX_POINT('',#16613);
#5002=VERTEX_POINT('',#16618);
#5003=VERTEX_POINT('',#16622);
#5004=VERTEX_POINT('',#16624);
#5005=VERTEX_POINT('',#16628);
#5006=VERTEX_POINT('',#16633);
#5007=VERTEX_POINT('',#16637);
#5008=VERTEX_POINT('',#16639);
#5009=VERTEX_POINT('',#16643);
#5010=VERTEX_POINT('',#16648);
#5011=VERTEX_POINT('',#16652);
#5012=VERTEX_POINT('',#16654);
#5013=VERTEX_POINT('',#16658);
#5014=VERTEX_POINT('',#16663);
#5015=VERTEX_POINT('',#16667);
#5016=VERTEX_POINT('',#16669);
#5017=VERTEX_POINT('',#16673);
#5018=VERTEX_POINT('',#16678);
#5019=VERTEX_POINT('',#16682);
#5020=VERTEX_POINT('',#16684);
#5021=VERTEX_POINT('',#16688);
#5022=VERTEX_POINT('',#16693);
#5023=VERTEX_POINT('',#16697);
#5024=VERTEX_POINT('',#16699);
#5025=VERTEX_POINT('',#16703);
#5026=VERTEX_POINT('',#16708);
#5027=VERTEX_POINT('',#16712);
#5028=VERTEX_POINT('',#16714);
#5029=VERTEX_POINT('',#16718);
#5030=VERTEX_POINT('',#16723);
#5031=VERTEX_POINT('',#16727);
#5032=VERTEX_POINT('',#16729);
#5033=VERTEX_POINT('',#16733);
#5034=VERTEX_POINT('',#16738);
#5035=VERTEX_POINT('',#16742);
#5036=VERTEX_POINT('',#16744);
#5037=VERTEX_POINT('',#16748);
#5038=VERTEX_POINT('',#16753);
#5039=VERTEX_POINT('',#16757);
#5040=VERTEX_POINT('',#16759);
#5041=VERTEX_POINT('',#16763);
#5042=VERTEX_POINT('',#16766);
#5043=VERTEX_POINT('',#16768);
#5044=VERTEX_POINT('',#16770);
#5045=VERTEX_POINT('',#16772);
#5046=VERTEX_POINT('',#16774);
#5047=VERTEX_POINT('',#16776);
#5048=VERTEX_POINT('',#16780);
#5049=VERTEX_POINT('',#16784);
#5050=VERTEX_POINT('',#16786);
#5051=VERTEX_POINT('',#16788);
#5052=VERTEX_POINT('',#16792);
#5053=VERTEX_POINT('',#16797);
#5054=VERTEX_POINT('',#16801);
#5055=VERTEX_POINT('',#16805);
#5056=VERTEX_POINT('',#16807);
#5057=VERTEX_POINT('',#16809);
#5058=VERTEX_POINT('',#16813);
#5059=VERTEX_POINT('',#16815);
#5060=VERTEX_POINT('',#16819);
#5061=VERTEX_POINT('',#16828);
#5062=VERTEX_POINT('',#16830);
#5063=VERTEX_POINT('',#16832);
#5064=VERTEX_POINT('',#16836);
#5065=VERTEX_POINT('',#16838);
#5066=VERTEX_POINT('',#16842);
#5067=VERTEX_POINT('',#16851);
#5068=VERTEX_POINT('',#16853);
#5069=VERTEX_POINT('',#16855);
#5070=VERTEX_POINT('',#16859);
#5071=VERTEX_POINT('',#16861);
#5072=VERTEX_POINT('',#16865);
#5073=VERTEX_POINT('',#16874);
#5074=VERTEX_POINT('',#16876);
#5075=VERTEX_POINT('',#16878);
#5076=VERTEX_POINT('',#16882);
#5077=VERTEX_POINT('',#16884);
#5078=VERTEX_POINT('',#16888);
#5079=VERTEX_POINT('',#16897);
#5080=VERTEX_POINT('',#16899);
#5081=VERTEX_POINT('',#16901);
#5082=VERTEX_POINT('',#16905);
#5083=VERTEX_POINT('',#16907);
#5084=VERTEX_POINT('',#16911);
#5085=VERTEX_POINT('',#16920);
#5086=VERTEX_POINT('',#16922);
#5087=VERTEX_POINT('',#16924);
#5088=VERTEX_POINT('',#16928);
#5089=VERTEX_POINT('',#16930);
#5090=VERTEX_POINT('',#16934);
#5091=VERTEX_POINT('',#16943);
#5092=VERTEX_POINT('',#16945);
#5093=VERTEX_POINT('',#16947);
#5094=VERTEX_POINT('',#16951);
#5095=VERTEX_POINT('',#16953);
#5096=VERTEX_POINT('',#16957);
#5097=VERTEX_POINT('',#16966);
#5098=VERTEX_POINT('',#16968);
#5099=VERTEX_POINT('',#16970);
#5100=VERTEX_POINT('',#16974);
#5101=VERTEX_POINT('',#16976);
#5102=VERTEX_POINT('',#16980);
#5103=VERTEX_POINT('',#16989);
#5104=VERTEX_POINT('',#16991);
#5105=VERTEX_POINT('',#16993);
#5106=VERTEX_POINT('',#16997);
#5107=VERTEX_POINT('',#16999);
#5108=VERTEX_POINT('',#17003);
#5109=VERTEX_POINT('',#17012);
#5110=VERTEX_POINT('',#17014);
#5111=VERTEX_POINT('',#17016);
#5112=VERTEX_POINT('',#17020);
#5113=VERTEX_POINT('',#17022);
#5114=VERTEX_POINT('',#17026);
#5115=VERTEX_POINT('',#17035);
#5116=VERTEX_POINT('',#17037);
#5117=VERTEX_POINT('',#17039);
#5118=VERTEX_POINT('',#17043);
#5119=VERTEX_POINT('',#17045);
#5120=VERTEX_POINT('',#17049);
#5121=VERTEX_POINT('',#17058);
#5122=VERTEX_POINT('',#17060);
#5123=VERTEX_POINT('',#17062);
#5124=VERTEX_POINT('',#17066);
#5125=VERTEX_POINT('',#17068);
#5126=VERTEX_POINT('',#17072);
#5127=VERTEX_POINT('',#17081);
#5128=VERTEX_POINT('',#17083);
#5129=VERTEX_POINT('',#17087);
#5130=VERTEX_POINT('',#17092);
#5131=VERTEX_POINT('',#17096);
#5132=VERTEX_POINT('',#17098);
#5133=VERTEX_POINT('',#17102);
#5134=VERTEX_POINT('',#17106);
#5135=VERTEX_POINT('',#17113);
#5136=VERTEX_POINT('',#17115);
#5137=VERTEX_POINT('',#17119);
#5138=VERTEX_POINT('',#17124);
#5139=VERTEX_POINT('',#17128);
#5140=VERTEX_POINT('',#17130);
#5141=VERTEX_POINT('',#17134);
#5142=VERTEX_POINT('',#17139);
#5143=VERTEX_POINT('',#17143);
#5144=VERTEX_POINT('',#17145);
#5145=VERTEX_POINT('',#17149);
#5146=VERTEX_POINT('',#17154);
#5147=VERTEX_POINT('',#17158);
#5148=VERTEX_POINT('',#17160);
#5149=VERTEX_POINT('',#17164);
#5150=VERTEX_POINT('',#17169);
#5151=VERTEX_POINT('',#17173);
#5152=VERTEX_POINT('',#17175);
#5153=VERTEX_POINT('',#17179);
#5154=VERTEX_POINT('',#17184);
#5155=VERTEX_POINT('',#17188);
#5156=VERTEX_POINT('',#17190);
#5157=VERTEX_POINT('',#17194);
#5158=VERTEX_POINT('',#17199);
#5159=VERTEX_POINT('',#17203);
#5160=VERTEX_POINT('',#17205);
#5161=VERTEX_POINT('',#17209);
#5162=VERTEX_POINT('',#17214);
#5163=VERTEX_POINT('',#17218);
#5164=VERTEX_POINT('',#17220);
#5165=VERTEX_POINT('',#17224);
#5166=VERTEX_POINT('',#17229);
#5167=VERTEX_POINT('',#17233);
#5168=VERTEX_POINT('',#17235);
#5169=VERTEX_POINT('',#17239);
#5170=VERTEX_POINT('',#17244);
#5171=VERTEX_POINT('',#17248);
#5172=VERTEX_POINT('',#17250);
#5173=VERTEX_POINT('',#17254);
#5174=VERTEX_POINT('',#17259);
#5175=VERTEX_POINT('',#17315);
#5176=VERTEX_POINT('',#17317);
#5177=VERTEX_POINT('',#17319);
#5178=VERTEX_POINT('',#17321);
#5179=VERTEX_POINT('',#17402);
#5180=VERTEX_POINT('',#17403);
#5181=VERTEX_POINT('',#17405);
#5182=VERTEX_POINT('',#17409);
#5183=VERTEX_POINT('',#17410);
#5184=VERTEX_POINT('',#17412);
#5185=VERTEX_POINT('',#17425);
#5186=VERTEX_POINT('',#17429);
#5187=VERTEX_POINT('',#17431);
#5188=VERTEX_POINT('',#17463);
#5189=VERTEX_POINT('',#17465);
#5190=VERTEX_POINT('',#17469);
#5191=VERTEX_POINT('',#17470);
#5192=VERTEX_POINT('',#17472);
#5193=VERTEX_POINT('',#17474);
#5194=VERTEX_POINT('',#17487);
#5195=VERTEX_POINT('',#17488);
#5196=VERTEX_POINT('',#17490);
#5197=VERTEX_POINT('',#17492);
#5198=VERTEX_POINT('',#17495);
#5199=VERTEX_POINT('',#17499);
#5200=VERTEX_POINT('',#17503);
#5201=VERTEX_POINT('',#17507);
#5202=VERTEX_POINT('',#17513);
#5203=VERTEX_POINT('',#17556);
#5204=VERTEX_POINT('',#17557);
#5205=VERTEX_POINT('',#17559);
#5206=VERTEX_POINT('',#17561);
#5207=VERTEX_POINT('',#17563);
#5208=VERTEX_POINT('',#17565);
#5209=VERTEX_POINT('',#17569);
#5210=VERTEX_POINT('',#17571);
#5211=VERTEX_POINT('',#17573);
#5212=VERTEX_POINT('',#17575);
#5213=VERTEX_POINT('',#17577);
#5214=VERTEX_POINT('',#17579);
#5215=VERTEX_POINT('',#17581);
#5216=VERTEX_POINT('',#17583);
#5217=VERTEX_POINT('',#17585);
#5218=VERTEX_POINT('',#17587);
#5219=VERTEX_POINT('',#17589);
#5220=VERTEX_POINT('',#17591);
#5221=VERTEX_POINT('',#17593);
#5222=VERTEX_POINT('',#17595);
#5223=VERTEX_POINT('',#17597);
#5224=VERTEX_POINT('',#17599);
#5225=VERTEX_POINT('',#17601);
#5226=VERTEX_POINT('',#17603);
#5227=VERTEX_POINT('',#17605);
#5228=VERTEX_POINT('',#17607);
#5229=VERTEX_POINT('',#17609);
#5230=VERTEX_POINT('',#17611);
#5231=VERTEX_POINT('',#17613);
#5232=VERTEX_POINT('',#17615);
#5233=VERTEX_POINT('',#17617);
#5234=VERTEX_POINT('',#17619);
#5235=VERTEX_POINT('',#17621);
#5236=VERTEX_POINT('',#17623);
#5237=VERTEX_POINT('',#17625);
#5238=VERTEX_POINT('',#17627);
#5239=VERTEX_POINT('',#17629);
#5240=VERTEX_POINT('',#17631);
#5241=VERTEX_POINT('',#17633);
#5242=VERTEX_POINT('',#17635);
#5243=VERTEX_POINT('',#17637);
#5244=VERTEX_POINT('',#17639);
#5245=VERTEX_POINT('',#17641);
#5246=VERTEX_POINT('',#17643);
#5247=VERTEX_POINT('',#17645);
#5248=VERTEX_POINT('',#17647);
#5249=VERTEX_POINT('',#17649);
#5250=VERTEX_POINT('',#17651);
#5251=VERTEX_POINT('',#17653);
#5252=VERTEX_POINT('',#17655);
#5253=VERTEX_POINT('',#17657);
#5254=VERTEX_POINT('',#17659);
#5255=VERTEX_POINT('',#17661);
#5256=VERTEX_POINT('',#17663);
#5257=VERTEX_POINT('',#17665);
#5258=VERTEX_POINT('',#17667);
#5259=VERTEX_POINT('',#17669);
#5260=VERTEX_POINT('',#17671);
#5261=VERTEX_POINT('',#17673);
#5262=VERTEX_POINT('',#17675);
#5263=VERTEX_POINT('',#17677);
#5264=VERTEX_POINT('',#17679);
#5265=VERTEX_POINT('',#17681);
#5266=VERTEX_POINT('',#17683);
#5267=VERTEX_POINT('',#17685);
#5268=VERTEX_POINT('',#17687);
#5269=VERTEX_POINT('',#17689);
#5270=VERTEX_POINT('',#17691);
#5271=VERTEX_POINT('',#17693);
#5272=VERTEX_POINT('',#17695);
#5273=VERTEX_POINT('',#17697);
#5274=VERTEX_POINT('',#17699);
#5275=VERTEX_POINT('',#17701);
#5276=VERTEX_POINT('',#17703);
#5277=VERTEX_POINT('',#17705);
#5278=VERTEX_POINT('',#17707);
#5279=VERTEX_POINT('',#17709);
#5280=VERTEX_POINT('',#17711);
#5281=VERTEX_POINT('',#17713);
#5282=VERTEX_POINT('',#17715);
#5283=VERTEX_POINT('',#17717);
#5284=VERTEX_POINT('',#17719);
#5285=VERTEX_POINT('',#17721);
#5286=VERTEX_POINT('',#17723);
#5287=VERTEX_POINT('',#17725);
#5288=VERTEX_POINT('',#17727);
#5289=VERTEX_POINT('',#17729);
#5290=VERTEX_POINT('',#17731);
#5291=VERTEX_POINT('',#17733);
#5292=VERTEX_POINT('',#17735);
#5293=VERTEX_POINT('',#17737);
#5294=VERTEX_POINT('',#17739);
#5295=VERTEX_POINT('',#17741);
#5296=VERTEX_POINT('',#17743);
#5297=VERTEX_POINT('',#17745);
#5298=VERTEX_POINT('',#17747);
#5299=VERTEX_POINT('',#17749);
#5300=VERTEX_POINT('',#17751);
#5301=VERTEX_POINT('',#17753);
#5302=VERTEX_POINT('',#17755);
#5303=VERTEX_POINT('',#17757);
#5304=VERTEX_POINT('',#17759);
#5305=VERTEX_POINT('',#17761);
#5306=VERTEX_POINT('',#17763);
#5307=VERTEX_POINT('',#17765);
#5308=VERTEX_POINT('',#17767);
#5309=VERTEX_POINT('',#17769);
#5310=VERTEX_POINT('',#17771);
#5311=VERTEX_POINT('',#17773);
#5312=VERTEX_POINT('',#17775);
#5313=VERTEX_POINT('',#17777);
#5314=VERTEX_POINT('',#17779);
#5315=VERTEX_POINT('',#17781);
#5316=VERTEX_POINT('',#17783);
#5317=VERTEX_POINT('',#17785);
#5318=VERTEX_POINT('',#17787);
#5319=VERTEX_POINT('',#17789);
#5320=VERTEX_POINT('',#17791);
#5321=VERTEX_POINT('',#17793);
#5322=VERTEX_POINT('',#17795);
#5323=VERTEX_POINT('',#17797);
#5324=VERTEX_POINT('',#17799);
#5325=VERTEX_POINT('',#17801);
#5326=VERTEX_POINT('',#17803);
#5327=VERTEX_POINT('',#17805);
#5328=VERTEX_POINT('',#17807);
#5329=VERTEX_POINT('',#17809);
#5330=VERTEX_POINT('',#17811);
#5331=VERTEX_POINT('',#17813);
#5332=VERTEX_POINT('',#17815);
#5333=VERTEX_POINT('',#17817);
#5334=VERTEX_POINT('',#17819);
#5335=VERTEX_POINT('',#17821);
#5336=VERTEX_POINT('',#17823);
#5337=VERTEX_POINT('',#17825);
#5338=VERTEX_POINT('',#17827);
#5339=VERTEX_POINT('',#17829);
#5340=VERTEX_POINT('',#17831);
#5341=VERTEX_POINT('',#17833);
#5342=VERTEX_POINT('',#17835);
#5343=VERTEX_POINT('',#17837);
#5344=VERTEX_POINT('',#17839);
#5345=VERTEX_POINT('',#17841);
#5346=VERTEX_POINT('',#17843);
#5347=VERTEX_POINT('',#17845);
#5348=VERTEX_POINT('',#17847);
#5349=VERTEX_POINT('',#17849);
#5350=VERTEX_POINT('',#17851);
#5351=VERTEX_POINT('',#17853);
#5352=VERTEX_POINT('',#17855);
#5353=VERTEX_POINT('',#17857);
#5354=VERTEX_POINT('',#17859);
#5355=VERTEX_POINT('',#17861);
#5356=VERTEX_POINT('',#17863);
#5357=VERTEX_POINT('',#17865);
#5358=VERTEX_POINT('',#17867);
#5359=VERTEX_POINT('',#17869);
#5360=VERTEX_POINT('',#17871);
#5361=VERTEX_POINT('',#17875);
#5362=VERTEX_POINT('',#17877);
#5363=VERTEX_POINT('',#17879);
#5364=VERTEX_POINT('',#17883);
#5365=VERTEX_POINT('',#17884);
#5366=VERTEX_POINT('',#17886);
#5367=VERTEX_POINT('',#17890);
#5368=VERTEX_POINT('',#17894);
#5369=VERTEX_POINT('',#17895);
#5370=VERTEX_POINT('',#17897);
#5371=VERTEX_POINT('',#17901);
#5372=VERTEX_POINT('',#17905);
#5373=VERTEX_POINT('',#17906);
#5374=VERTEX_POINT('',#17908);
#5375=VERTEX_POINT('',#17912);
#5376=VERTEX_POINT('',#17916);
#5377=VERTEX_POINT('',#17917);
#5378=VERTEX_POINT('',#17919);
#5379=VERTEX_POINT('',#17923);
#5380=VERTEX_POINT('',#17927);
#5381=VERTEX_POINT('',#17928);
#5382=VERTEX_POINT('',#17930);
#5383=VERTEX_POINT('',#17934);
#5384=VERTEX_POINT('',#17938);
#5385=VERTEX_POINT('',#17939);
#5386=VERTEX_POINT('',#17941);
#5387=VERTEX_POINT('',#17945);
#5388=VERTEX_POINT('',#17949);
#5389=VERTEX_POINT('',#17950);
#5390=VERTEX_POINT('',#17952);
#5391=VERTEX_POINT('',#17956);
#5392=VERTEX_POINT('',#17960);
#5393=VERTEX_POINT('',#17961);
#5394=VERTEX_POINT('',#17963);
#5395=VERTEX_POINT('',#17967);
#5396=VERTEX_POINT('',#17971);
#5397=VERTEX_POINT('',#17972);
#5398=VERTEX_POINT('',#17974);
#5399=VERTEX_POINT('',#17978);
#5400=VERTEX_POINT('',#17982);
#5401=VERTEX_POINT('',#17983);
#5402=VERTEX_POINT('',#17985);
#5403=VERTEX_POINT('',#17989);
#5404=VERTEX_POINT('',#17993);
#5405=VERTEX_POINT('',#17994);
#5406=VERTEX_POINT('',#17996);
#5407=VERTEX_POINT('',#18000);
#5408=VERTEX_POINT('',#18004);
#5409=VERTEX_POINT('',#18005);
#5410=VERTEX_POINT('',#18007);
#5411=VERTEX_POINT('',#18011);
#5412=VERTEX_POINT('',#18015);
#5413=VERTEX_POINT('',#18016);
#5414=VERTEX_POINT('',#18018);
#5415=VERTEX_POINT('',#18022);
#5416=VERTEX_POINT('',#18026);
#5417=VERTEX_POINT('',#18027);
#5418=VERTEX_POINT('',#18029);
#5419=VERTEX_POINT('',#18033);
#5420=VERTEX_POINT('',#18037);
#5421=VERTEX_POINT('',#18038);
#5422=VERTEX_POINT('',#18040);
#5423=VERTEX_POINT('',#18044);
#5424=VERTEX_POINT('',#18048);
#5425=VERTEX_POINT('',#18049);
#5426=VERTEX_POINT('',#18051);
#5427=VERTEX_POINT('',#18055);
#5428=VERTEX_POINT('',#18059);
#5429=VERTEX_POINT('',#18060);
#5430=VERTEX_POINT('',#18062);
#5431=VERTEX_POINT('',#18066);
#5432=VERTEX_POINT('',#18070);
#5433=VERTEX_POINT('',#18071);
#5434=VERTEX_POINT('',#18073);
#5435=VERTEX_POINT('',#18079);
#5436=VERTEX_POINT('',#18081);
#5437=VERTEX_POINT('',#18085);
#5438=VERTEX_POINT('',#18087);
#5439=VERTEX_POINT('',#18089);
#5440=VERTEX_POINT('',#18091);
#5441=VERTEX_POINT('',#18093);
#5442=VERTEX_POINT('',#18095);
#5443=VERTEX_POINT('',#18097);
#5444=VERTEX_POINT('',#18101);
#5445=VERTEX_POINT('',#18103);
#5446=VERTEX_POINT('',#18107);
#5447=VERTEX_POINT('',#18109);
#5448=VERTEX_POINT('',#18111);
#5449=VERTEX_POINT('',#18113);
#5450=VERTEX_POINT('',#18115);
#5451=VERTEX_POINT('',#18117);
#5452=VERTEX_POINT('',#18119);
#5453=VERTEX_POINT('',#18121);
#5454=VERTEX_POINT('',#18123);
#5455=VERTEX_POINT('',#18125);
#5456=VERTEX_POINT('',#18127);
#5457=VERTEX_POINT('',#18129);
#5458=VERTEX_POINT('',#18131);
#5459=VERTEX_POINT('',#18133);
#5460=VERTEX_POINT('',#18135);
#5461=VERTEX_POINT('',#18137);
#5462=VERTEX_POINT('',#18139);
#5463=VERTEX_POINT('',#18141);
#5464=VERTEX_POINT('',#18143);
#5465=VERTEX_POINT('',#18145);
#5466=VERTEX_POINT('',#18147);
#5467=VERTEX_POINT('',#18149);
#5468=VERTEX_POINT('',#18151);
#5469=VERTEX_POINT('',#18153);
#5470=VERTEX_POINT('',#18155);
#5471=VERTEX_POINT('',#18157);
#5472=VERTEX_POINT('',#18159);
#5473=VERTEX_POINT('',#18161);
#5474=VERTEX_POINT('',#18163);
#5475=VERTEX_POINT('',#18165);
#5476=VERTEX_POINT('',#18167);
#5477=VERTEX_POINT('',#18169);
#5478=VERTEX_POINT('',#18171);
#5479=VERTEX_POINT('',#18173);
#5480=VERTEX_POINT('',#18175);
#5481=VERTEX_POINT('',#18177);
#5482=VERTEX_POINT('',#18179);
#5483=VERTEX_POINT('',#18181);
#5484=VERTEX_POINT('',#18183);
#5485=VERTEX_POINT('',#18185);
#5486=VERTEX_POINT('',#18187);
#5487=VERTEX_POINT('',#18189);
#5488=VERTEX_POINT('',#18191);
#5489=VERTEX_POINT('',#18193);
#5490=VERTEX_POINT('',#18195);
#5491=VERTEX_POINT('',#18197);
#5492=VERTEX_POINT('',#18199);
#5493=VERTEX_POINT('',#18201);
#5494=VERTEX_POINT('',#18203);
#5495=VERTEX_POINT('',#18205);
#5496=VERTEX_POINT('',#18207);
#5497=VERTEX_POINT('',#18209);
#5498=VERTEX_POINT('',#18211);
#5499=VERTEX_POINT('',#18213);
#5500=VERTEX_POINT('',#18215);
#5501=VERTEX_POINT('',#18217);
#5502=VERTEX_POINT('',#18219);
#5503=VERTEX_POINT('',#18221);
#5504=VERTEX_POINT('',#18224);
#5505=VERTEX_POINT('',#18226);
#5506=VERTEX_POINT('',#18228);
#5507=VERTEX_POINT('',#18230);
#5508=VERTEX_POINT('',#18232);
#5509=VERTEX_POINT('',#18234);
#5510=VERTEX_POINT('',#18236);
#5511=VERTEX_POINT('',#18238);
#5512=VERTEX_POINT('',#18240);
#5513=VERTEX_POINT('',#18242);
#5514=VERTEX_POINT('',#18244);
#5515=VERTEX_POINT('',#18246);
#5516=VERTEX_POINT('',#18248);
#5517=VERTEX_POINT('',#18250);
#5518=VERTEX_POINT('',#18252);
#5519=VERTEX_POINT('',#18254);
#5520=VERTEX_POINT('',#18256);
#5521=VERTEX_POINT('',#18258);
#5522=VERTEX_POINT('',#18260);
#5523=VERTEX_POINT('',#18262);
#5524=VERTEX_POINT('',#18264);
#5525=VERTEX_POINT('',#18266);
#5526=VERTEX_POINT('',#18268);
#5527=VERTEX_POINT('',#18270);
#5528=VERTEX_POINT('',#18272);
#5529=VERTEX_POINT('',#18274);
#5530=VERTEX_POINT('',#18276);
#5531=VERTEX_POINT('',#18278);
#5532=VERTEX_POINT('',#18280);
#5533=VERTEX_POINT('',#18282);
#5534=VERTEX_POINT('',#18284);
#5535=VERTEX_POINT('',#18286);
#5536=VERTEX_POINT('',#18288);
#5537=VERTEX_POINT('',#18290);
#5538=VERTEX_POINT('',#18292);
#5539=VERTEX_POINT('',#18294);
#5540=VERTEX_POINT('',#18296);
#5541=VERTEX_POINT('',#18298);
#5542=VERTEX_POINT('',#18300);
#5543=VERTEX_POINT('',#18302);
#5544=VERTEX_POINT('',#18304);
#5545=VERTEX_POINT('',#18306);
#5546=VERTEX_POINT('',#18308);
#5547=VERTEX_POINT('',#18310);
#5548=VERTEX_POINT('',#18312);
#5549=VERTEX_POINT('',#18314);
#5550=VERTEX_POINT('',#18316);
#5551=VERTEX_POINT('',#18318);
#5552=VERTEX_POINT('',#18320);
#5553=VERTEX_POINT('',#18322);
#5554=VERTEX_POINT('',#18324);
#5555=VERTEX_POINT('',#18326);
#5556=VERTEX_POINT('',#18328);
#5557=VERTEX_POINT('',#18330);
#5558=VERTEX_POINT('',#18332);
#5559=VERTEX_POINT('',#18354);
#5560=VERTEX_POINT('',#18356);
#5561=VERTEX_POINT('',#18360);
#5562=VERTEX_POINT('',#18365);
#5563=VERTEX_POINT('',#18369);
#5564=VERTEX_POINT('',#18371);
#5565=VERTEX_POINT('',#18375);
#5566=VERTEX_POINT('',#18380);
#5567=VERTEX_POINT('',#18384);
#5568=VERTEX_POINT('',#18386);
#5569=VERTEX_POINT('',#18390);
#5570=VERTEX_POINT('',#18395);
#5571=VERTEX_POINT('',#18399);
#5572=VERTEX_POINT('',#18401);
#5573=VERTEX_POINT('',#18405);
#5574=VERTEX_POINT('',#18410);
#5575=VERTEX_POINT('',#18414);
#5576=VERTEX_POINT('',#18416);
#5577=VERTEX_POINT('',#18420);
#5578=VERTEX_POINT('',#18425);
#5579=VERTEX_POINT('',#18429);
#5580=VERTEX_POINT('',#18431);
#5581=VERTEX_POINT('',#18435);
#5582=VERTEX_POINT('',#18440);
#5583=VERTEX_POINT('',#18444);
#5584=VERTEX_POINT('',#18446);
#5585=VERTEX_POINT('',#18450);
#5586=VERTEX_POINT('',#18455);
#5587=VERTEX_POINT('',#18459);
#5588=VERTEX_POINT('',#18461);
#5589=VERTEX_POINT('',#18465);
#5590=VERTEX_POINT('',#18470);
#5591=VERTEX_POINT('',#18474);
#5592=VERTEX_POINT('',#18476);
#5593=VERTEX_POINT('',#18480);
#5594=VERTEX_POINT('',#18485);
#5595=VERTEX_POINT('',#18489);
#5596=VERTEX_POINT('',#18491);
#5597=VERTEX_POINT('',#18495);
#5598=VERTEX_POINT('',#18500);
#5599=VERTEX_POINT('',#18504);
#5600=VERTEX_POINT('',#18506);
#5601=VERTEX_POINT('',#18510);
#5602=VERTEX_POINT('',#18515);
#5603=VERTEX_POINT('',#18519);
#5604=VERTEX_POINT('',#18521);
#5605=VERTEX_POINT('',#18525);
#5606=VERTEX_POINT('',#18530);
#5607=VERTEX_POINT('',#18534);
#5608=VERTEX_POINT('',#18536);
#5609=VERTEX_POINT('',#18540);
#5610=VERTEX_POINT('',#18545);
#5611=VERTEX_POINT('',#18549);
#5612=VERTEX_POINT('',#18551);
#5613=VERTEX_POINT('',#18555);
#5614=VERTEX_POINT('',#18560);
#5615=VERTEX_POINT('',#18564);
#5616=VERTEX_POINT('',#18566);
#5617=VERTEX_POINT('',#18570);
#5618=VERTEX_POINT('',#18575);
#5619=VERTEX_POINT('',#18579);
#5620=VERTEX_POINT('',#18581);
#5621=VERTEX_POINT('',#18585);
#5622=VERTEX_POINT('',#18590);
#5623=VERTEX_POINT('',#18594);
#5624=VERTEX_POINT('',#18596);
#5625=VERTEX_POINT('',#18600);
#5626=VERTEX_POINT('',#18605);
#5627=VERTEX_POINT('',#18609);
#5628=VERTEX_POINT('',#18611);
#5629=VERTEX_POINT('',#18615);
#5630=VERTEX_POINT('',#18620);
#5631=VERTEX_POINT('',#18624);
#5632=VERTEX_POINT('',#18626);
#5633=VERTEX_POINT('',#18630);
#5634=VERTEX_POINT('',#18635);
#5635=VERTEX_POINT('',#18639);
#5636=VERTEX_POINT('',#18641);
#5637=VERTEX_POINT('',#18645);
#5638=VERTEX_POINT('',#18650);
#5639=VERTEX_POINT('',#18654);
#5640=VERTEX_POINT('',#18656);
#5641=VERTEX_POINT('',#18660);
#5642=VERTEX_POINT('',#18665);
#5643=VERTEX_POINT('',#18669);
#5644=VERTEX_POINT('',#18671);
#5645=VERTEX_POINT('',#18675);
#5646=VERTEX_POINT('',#18680);
#5647=VERTEX_POINT('',#18684);
#5648=VERTEX_POINT('',#18686);
#5649=VERTEX_POINT('',#18692);
#5650=VERTEX_POINT('',#18694);
#5651=VERTEX_POINT('',#18696);
#5652=VERTEX_POINT('',#18700);
#5653=VERTEX_POINT('',#18702);
#5654=VERTEX_POINT('',#18706);
#5655=VERTEX_POINT('',#18714);
#5656=VERTEX_POINT('',#18716);
#5657=VERTEX_POINT('',#18718);
#5658=VERTEX_POINT('',#18722);
#5659=VERTEX_POINT('',#18724);
#5660=VERTEX_POINT('',#18728);
#5661=VERTEX_POINT('',#18737);
#5662=VERTEX_POINT('',#18739);
#5663=VERTEX_POINT('',#18741);
#5664=VERTEX_POINT('',#18745);
#5665=VERTEX_POINT('',#18747);
#5666=VERTEX_POINT('',#18751);
#5667=VERTEX_POINT('',#18760);
#5668=VERTEX_POINT('',#18762);
#5669=VERTEX_POINT('',#18764);
#5670=VERTEX_POINT('',#18768);
#5671=VERTEX_POINT('',#18770);
#5672=VERTEX_POINT('',#18774);
#5673=VERTEX_POINT('',#18783);
#5674=VERTEX_POINT('',#18785);
#5675=VERTEX_POINT('',#18787);
#5676=VERTEX_POINT('',#18791);
#5677=VERTEX_POINT('',#18793);
#5678=VERTEX_POINT('',#18797);
#5679=VERTEX_POINT('',#18806);
#5680=VERTEX_POINT('',#18808);
#5681=VERTEX_POINT('',#18810);
#5682=VERTEX_POINT('',#18814);
#5683=VERTEX_POINT('',#18816);
#5684=VERTEX_POINT('',#18820);
#5685=VERTEX_POINT('',#18829);
#5686=VERTEX_POINT('',#18831);
#5687=VERTEX_POINT('',#18833);
#5688=VERTEX_POINT('',#18837);
#5689=VERTEX_POINT('',#18839);
#5690=VERTEX_POINT('',#18843);
#5691=VERTEX_POINT('',#18852);
#5692=VERTEX_POINT('',#18854);
#5693=VERTEX_POINT('',#18856);
#5694=VERTEX_POINT('',#18860);
#5695=VERTEX_POINT('',#18862);
#5696=VERTEX_POINT('',#18866);
#5697=VERTEX_POINT('',#18875);
#5698=VERTEX_POINT('',#18877);
#5699=VERTEX_POINT('',#18879);
#5700=VERTEX_POINT('',#18883);
#5701=VERTEX_POINT('',#18885);
#5702=VERTEX_POINT('',#18889);
#5703=VERTEX_POINT('',#18898);
#5704=VERTEX_POINT('',#18900);
#5705=VERTEX_POINT('',#18902);
#5706=VERTEX_POINT('',#18906);
#5707=VERTEX_POINT('',#18908);
#5708=VERTEX_POINT('',#18912);
#5709=VERTEX_POINT('',#18921);
#5710=VERTEX_POINT('',#18923);
#5711=VERTEX_POINT('',#18925);
#5712=VERTEX_POINT('',#18929);
#5713=VERTEX_POINT('',#18931);
#5714=VERTEX_POINT('',#18935);
#5715=VERTEX_POINT('',#18944);
#5716=VERTEX_POINT('',#18946);
#5717=VERTEX_POINT('',#18948);
#5718=VERTEX_POINT('',#18952);
#5719=VERTEX_POINT('',#18954);
#5720=VERTEX_POINT('',#18958);
#5721=VERTEX_POINT('',#18967);
#5722=VERTEX_POINT('',#18969);
#5723=VERTEX_POINT('',#18971);
#5724=VERTEX_POINT('',#18975);
#5725=VERTEX_POINT('',#18977);
#5726=VERTEX_POINT('',#18981);
#5727=VERTEX_POINT('',#18990);
#5728=VERTEX_POINT('',#18992);
#5729=VERTEX_POINT('',#18996);
#5730=VERTEX_POINT('',#19001);
#5731=VERTEX_POINT('',#19127);
#5732=VERTEX_POINT('',#19129);
#5733=VERTEX_POINT('',#19131);
#5734=VERTEX_POINT('',#19133);
#5735=VERTEX_POINT('',#19154);
#5736=VERTEX_POINT('',#19158);
#5737=VERTEX_POINT('',#19162);
#5738=VERTEX_POINT('',#19186);
#5739=VERTEX_POINT('',#19187);
#5740=VERTEX_POINT('',#19192);
#5741=VERTEX_POINT('',#19196);
#5742=VERTEX_POINT('',#19197);
#5743=VERTEX_POINT('',#19199);
#5744=VERTEX_POINT('',#19201);
#5745=VERTEX_POINT('',#19205);
#5746=VERTEX_POINT('',#19213);
#5747=VERTEX_POINT('',#19224);
#5748=VERTEX_POINT('',#19240);
#5749=VERTEX_POINT('',#19259);
#5750=VERTEX_POINT('',#19274);
#5751=VERTEX_POINT('',#19294);
#5752=VERTEX_POINT('',#19298);
#5753=EDGE_CURVE('',#4633,#4634,#1349,.F.);
#5754=EDGE_CURVE('',#4635,#4634,#1350,.T.);
#5755=EDGE_CURVE('',#4635,#4636,#1351,.F.);
#5756=EDGE_CURVE('',#4636,#4637,#1285,.F.);
#5757=EDGE_CURVE('',#4637,#4638,#1352,.F.);
#5758=EDGE_CURVE('',#4639,#4638,#1353,.T.);
#5759=EDGE_CURVE('',#4639,#4640,#1354,.F.);
#5760=EDGE_CURVE('',#4640,#4641,#1286,.F.);
#5761=EDGE_CURVE('',#4641,#4642,#1355,.F.);
#5762=EDGE_CURVE('',#4643,#4642,#1356,.T.);
#5763=EDGE_CURVE('',#4643,#4644,#1357,.F.);
#5764=EDGE_CURVE('',#4644,#4645,#1287,.F.);
#5765=EDGE_CURVE('',#4645,#4646,#1358,.F.);
#5766=EDGE_CURVE('',#4647,#4646,#1359,.T.);
#5767=EDGE_CURVE('',#4647,#4648,#1360,.F.);
#5768=EDGE_CURVE('',#4648,#4649,#1288,.F.);
#5769=EDGE_CURVE('',#4649,#4650,#1361,.F.);
#5770=EDGE_CURVE('',#4651,#4650,#1362,.T.);
#5771=EDGE_CURVE('',#4651,#4652,#1363,.F.);
#5772=EDGE_CURVE('',#4652,#4653,#1289,.F.);
#5773=EDGE_CURVE('',#4653,#4654,#1364,.F.);
#5774=EDGE_CURVE('',#4655,#4654,#1365,.T.);
#5775=EDGE_CURVE('',#4655,#4656,#1366,.F.);
#5776=EDGE_CURVE('',#4656,#4657,#1290,.F.);
#5777=EDGE_CURVE('',#4657,#4658,#1367,.F.);
#5778=EDGE_CURVE('',#4659,#4658,#1368,.T.);
#5779=EDGE_CURVE('',#4659,#4660,#1369,.F.);
#5780=EDGE_CURVE('',#4660,#4661,#1291,.F.);
#5781=EDGE_CURVE('',#4661,#4662,#1370,.F.);
#5782=EDGE_CURVE('',#4663,#4662,#1371,.T.);
#5783=EDGE_CURVE('',#4663,#4664,#1372,.F.);
#5784=EDGE_CURVE('',#4664,#4665,#1292,.F.);
#5785=EDGE_CURVE('',#4665,#4666,#1373,.F.);
#5786=EDGE_CURVE('',#4667,#4666,#1374,.T.);
#5787=EDGE_CURVE('',#4667,#4668,#1375,.F.);
#5788=EDGE_CURVE('',#4668,#4669,#1293,.F.);
#5789=EDGE_CURVE('',#4669,#4670,#1376,.F.);
#5790=EDGE_CURVE('',#4671,#4670,#1377,.T.);
#5791=EDGE_CURVE('',#4671,#4672,#1378,.T.);
#5792=EDGE_CURVE('',#4672,#4673,#1379,.F.);
#5793=EDGE_CURVE('',#4673,#4674,#1380,.T.);
#5794=EDGE_CURVE('',#4675,#4674,#1381,.T.);
#5795=EDGE_CURVE('',#4675,#4676,#1382,.T.);
#5796=EDGE_CURVE('',#4676,#4677,#1383,.F.);
#5797=EDGE_CURVE('',#4677,#4678,#1384,.T.);
#5798=EDGE_CURVE('',#4679,#4678,#1385,.T.);
#5799=EDGE_CURVE('',#4679,#4680,#1386,.T.);
#5800=EDGE_CURVE('',#4680,#4681,#1387,.F.);
#5801=EDGE_CURVE('',#4681,#4682,#1388,.T.);
#5802=EDGE_CURVE('',#4683,#4682,#1389,.T.);
#5803=EDGE_CURVE('',#4683,#4684,#1390,.T.);
#5804=EDGE_CURVE('',#4684,#4685,#1391,.F.);
#5805=EDGE_CURVE('',#4685,#4686,#1392,.T.);
#5806=EDGE_CURVE('',#4687,#4686,#1393,.T.);
#5807=EDGE_CURVE('',#4687,#4688,#1394,.T.);
#5808=EDGE_CURVE('',#4688,#4689,#1395,.F.);
#5809=EDGE_CURVE('',#4689,#4690,#1396,.T.);
#5810=EDGE_CURVE('',#4691,#4690,#1397,.T.);
#5811=EDGE_CURVE('',#4691,#4692,#1398,.T.);
#5812=EDGE_CURVE('',#4692,#4693,#1399,.F.);
#5813=EDGE_CURVE('',#4693,#4694,#1400,.T.);
#5814=EDGE_CURVE('',#4695,#4694,#1401,.T.);
#5815=EDGE_CURVE('',#4695,#4696,#1402,.T.);
#5816=EDGE_CURVE('',#4696,#4697,#1403,.F.);
#5817=EDGE_CURVE('',#4697,#4698,#1404,.T.);
#5818=EDGE_CURVE('',#4699,#4698,#1405,.T.);
#5819=EDGE_CURVE('',#4699,#4700,#1406,.T.);
#5820=EDGE_CURVE('',#4700,#4701,#1407,.F.);
#5821=EDGE_CURVE('',#4701,#4702,#1408,.T.);
#5822=EDGE_CURVE('',#4703,#4702,#1409,.T.);
#5823=EDGE_CURVE('',#4703,#4704,#1410,.T.);
#5824=EDGE_CURVE('',#4704,#4705,#1411,.F.);
#5825=EDGE_CURVE('',#4705,#4706,#1412,.T.);
#5826=EDGE_CURVE('',#4707,#4706,#1413,.T.);
#5827=EDGE_CURVE('',#4707,#4708,#1414,.T.);
#5828=EDGE_CURVE('',#4708,#4709,#1415,.F.);
#5829=EDGE_CURVE('',#4709,#4710,#1416,.T.);
#5830=EDGE_CURVE('',#4711,#4710,#1417,.T.);
#5831=EDGE_CURVE('',#4711,#4712,#1418,.T.);
#5832=EDGE_CURVE('',#4712,#4713,#1419,.F.);
#5833=EDGE_CURVE('',#4713,#4714,#1420,.T.);
#5834=EDGE_CURVE('',#4715,#4714,#1421,.T.);
#5835=EDGE_CURVE('',#4715,#4716,#1422,.T.);
#5836=EDGE_CURVE('',#4716,#4717,#1423,.F.);
#5837=EDGE_CURVE('',#4717,#4718,#1424,.T.);
#5838=EDGE_CURVE('',#4719,#4718,#1425,.T.);
#5839=EDGE_CURVE('',#4719,#4720,#1426,.T.);
#5840=EDGE_CURVE('',#4720,#4721,#1427,.F.);
#5841=EDGE_CURVE('',#4721,#4722,#1428,.T.);
#5842=EDGE_CURVE('',#4723,#4722,#1429,.T.);
#5843=EDGE_CURVE('',#4723,#4724,#1430,.T.);
#5844=EDGE_CURVE('',#4724,#4725,#1431,.F.);
#5845=EDGE_CURVE('',#4725,#4726,#1432,.T.);
#5846=EDGE_CURVE('',#4727,#4726,#1433,.T.);
#5847=EDGE_CURVE('',#4727,#4728,#1434,.T.);
#5848=EDGE_CURVE('',#4728,#4729,#1435,.F.);
#5849=EDGE_CURVE('',#4729,#4730,#1294,.F.);
#5850=EDGE_CURVE('',#4730,#4731,#1436,.F.);
#5851=EDGE_CURVE('',#4731,#4732,#1437,.F.);
#5852=EDGE_CURVE('',#4732,#4733,#1438,.T.);
#5853=EDGE_CURVE('',#4734,#4733,#1439,.T.);
#5854=EDGE_CURVE('',#4734,#4735,#1440,.T.);
#5855=EDGE_CURVE('',#4735,#4736,#1441,.F.);
#5856=EDGE_CURVE('',#4736,#4737,#1442,.T.);
#5857=EDGE_CURVE('',#4738,#4737,#1443,.T.);
#5858=EDGE_CURVE('',#4738,#4739,#1444,.T.);
#5859=EDGE_CURVE('',#4739,#4740,#1445,.F.);
#5860=EDGE_CURVE('',#4740,#4741,#1446,.T.);
#5861=EDGE_CURVE('',#4742,#4741,#1447,.T.);
#5862=EDGE_CURVE('',#4742,#4743,#1448,.T.);
#5863=EDGE_CURVE('',#4743,#4744,#1449,.F.);
#5864=EDGE_CURVE('',#4744,#4745,#1450,.T.);
#5865=EDGE_CURVE('',#4746,#4745,#1451,.T.);
#5866=EDGE_CURVE('',#4746,#4747,#1452,.T.);
#5867=EDGE_CURVE('',#4747,#4748,#1453,.F.);
#5868=EDGE_CURVE('',#4748,#4749,#1454,.T.);
#5869=EDGE_CURVE('',#4750,#4749,#1455,.T.);
#5870=EDGE_CURVE('',#4750,#4751,#1456,.T.);
#5871=EDGE_CURVE('',#4751,#4752,#1457,.F.);
#5872=EDGE_CURVE('',#4752,#4753,#1458,.T.);
#5873=EDGE_CURVE('',#4754,#4753,#1459,.T.);
#5874=EDGE_CURVE('',#4754,#4755,#1460,.T.);
#5875=EDGE_CURVE('',#4755,#4756,#1461,.F.);
#5876=EDGE_CURVE('',#4756,#4757,#1462,.T.);
#5877=EDGE_CURVE('',#4758,#4757,#1463,.T.);
#5878=EDGE_CURVE('',#4758,#4759,#1464,.T.);
#5879=EDGE_CURVE('',#4759,#4760,#1465,.F.);
#5880=EDGE_CURVE('',#4760,#4761,#1466,.T.);
#5881=EDGE_CURVE('',#4762,#4761,#1467,.T.);
#5882=EDGE_CURVE('',#4762,#4763,#1468,.T.);
#5883=EDGE_CURVE('',#4763,#4764,#1469,.F.);
#5884=EDGE_CURVE('',#4764,#4765,#1470,.T.);
#5885=EDGE_CURVE('',#4766,#4765,#1471,.T.);
#5886=EDGE_CURVE('',#4766,#4767,#1472,.T.);
#5887=EDGE_CURVE('',#4767,#4768,#1473,.F.);
#5888=EDGE_CURVE('',#4768,#4769,#1474,.T.);
#5889=EDGE_CURVE('',#4770,#4769,#1475,.T.);
#5890=EDGE_CURVE('',#4770,#4771,#1476,.T.);
#5891=EDGE_CURVE('',#4771,#4772,#1477,.F.);
#5892=EDGE_CURVE('',#4772,#4773,#1478,.T.);
#5893=EDGE_CURVE('',#4774,#4773,#1479,.T.);
#5894=EDGE_CURVE('',#4774,#4775,#1480,.T.);
#5895=EDGE_CURVE('',#4775,#4776,#1481,.F.);
#5896=EDGE_CURVE('',#4776,#4777,#1482,.T.);
#5897=EDGE_CURVE('',#4778,#4777,#1483,.T.);
#5898=EDGE_CURVE('',#4778,#4779,#1484,.T.);
#5899=EDGE_CURVE('',#4779,#4780,#1485,.F.);
#5900=EDGE_CURVE('',#4780,#4781,#1486,.T.);
#5901=EDGE_CURVE('',#4782,#4781,#1487,.T.);
#5902=EDGE_CURVE('',#4782,#4783,#1488,.T.);
#5903=EDGE_CURVE('',#4783,#4784,#1489,.F.);
#5904=EDGE_CURVE('',#4784,#4785,#1490,.T.);
#5905=EDGE_CURVE('',#4786,#4785,#1491,.T.);
#5906=EDGE_CURVE('',#4786,#4787,#1492,.T.);
#5907=EDGE_CURVE('',#4787,#4788,#1493,.F.);
#5908=EDGE_CURVE('',#4788,#4789,#1494,.T.);
#5909=EDGE_CURVE('',#4790,#4789,#1495,.T.);
#5910=EDGE_CURVE('',#4790,#4633,#1496,.T.);
#5911=EDGE_CURVE('',#4634,#4791,#1497,.T.);
#5912=EDGE_CURVE('',#4791,#4792,#1498,.T.);
#5913=EDGE_CURVE('',#4792,#4793,#1499,.T.);
#5914=EDGE_CURVE('',#4793,#4794,#1500,.T.);
#5915=EDGE_CURVE('',#4794,#4635,#1501,.T.);
#5916=EDGE_CURVE('',#4795,#4633,#1502,.T.);
#5917=EDGE_CURVE('',#4796,#4795,#1503,.T.);
#5918=EDGE_CURVE('',#4796,#4797,#1504,.T.);
#5919=EDGE_CURVE('',#4797,#4791,#1505,.F.);
#5920=EDGE_CURVE('',#4795,#4798,#1506,.T.);
#5921=EDGE_CURVE('',#4799,#4798,#1507,.T.);
#5922=EDGE_CURVE('',#4799,#4800,#1508,.T.);
#5923=EDGE_CURVE('',#4800,#4801,#1509,.T.);
#5924=EDGE_CURVE('',#4802,#4801,#1510,.T.);
#5925=EDGE_CURVE('',#4803,#4802,#1511,.T.);
#5926=EDGE_CURVE('',#4804,#4803,#1512,.T.);
#5927=EDGE_CURVE('',#4804,#4805,#1513,.T.);
#5928=EDGE_CURVE('',#4805,#4806,#1514,.T.);
#5929=EDGE_CURVE('',#4807,#4806,#1515,.T.);
#5930=EDGE_CURVE('',#4808,#4807,#1516,.T.);
#5931=EDGE_CURVE('',#4808,#4809,#1517,.T.);
#5932=EDGE_CURVE('',#4809,#4810,#1518,.T.);
#5933=EDGE_CURVE('',#4811,#4810,#1519,.T.);
#5934=EDGE_CURVE('',#4812,#4811,#1520,.T.);
#5935=EDGE_CURVE('',#4812,#4813,#1521,.T.);
#5936=EDGE_CURVE('',#4813,#4814,#1522,.T.);
#5937=EDGE_CURVE('',#4815,#4814,#1523,.T.);
#5938=EDGE_CURVE('',#4816,#4815,#1524,.T.);
#5939=EDGE_CURVE('',#4816,#4817,#1525,.T.);
#5940=EDGE_CURVE('',#4817,#4818,#1526,.T.);
#5941=EDGE_CURVE('',#4819,#4818,#1527,.T.);
#5942=EDGE_CURVE('',#4820,#4819,#1528,.T.);
#5943=EDGE_CURVE('',#4820,#4821,#1529,.T.);
#5944=EDGE_CURVE('',#4821,#4822,#1530,.T.);
#5945=EDGE_CURVE('',#4823,#4822,#1531,.T.);
#5946=EDGE_CURVE('',#4824,#4823,#1532,.T.);
#5947=EDGE_CURVE('',#4824,#4825,#1533,.T.);
#5948=EDGE_CURVE('',#4825,#4826,#1534,.T.);
#5949=EDGE_CURVE('',#4827,#4826,#1535,.T.);
#5950=EDGE_CURVE('',#4828,#4827,#1536,.T.);
#5951=EDGE_CURVE('',#4828,#4829,#1537,.T.);
#5952=EDGE_CURVE('',#4829,#4830,#1538,.T.);
#5953=EDGE_CURVE('',#4831,#4830,#1539,.T.);
#5954=EDGE_CURVE('',#4832,#4831,#1540,.T.);
#5955=EDGE_CURVE('',#4832,#4833,#1541,.T.);
#5956=EDGE_CURVE('',#4833,#4834,#1542,.T.);
#5957=EDGE_CURVE('',#4835,#4834,#1543,.T.);
#5958=EDGE_CURVE('',#4836,#4835,#1544,.T.);
#5959=EDGE_CURVE('',#4836,#4837,#1545,.T.);
#5960=EDGE_CURVE('',#4837,#4838,#1546,.T.);
#5961=EDGE_CURVE('',#4839,#4838,#1547,.T.);
#5962=EDGE_CURVE('',#4840,#4839,#1548,.T.);
#5963=EDGE_CURVE('',#4840,#4841,#1549,.T.);
#5964=EDGE_CURVE('',#4841,#4842,#1550,.T.);
#5965=EDGE_CURVE('',#4843,#4842,#1551,.T.);
#5966=EDGE_CURVE('',#4844,#4843,#1552,.T.);
#5967=EDGE_CURVE('',#4844,#4845,#1553,.T.);
#5968=EDGE_CURVE('',#4845,#4846,#1554,.T.);
#5969=EDGE_CURVE('',#4847,#4846,#1555,.T.);
#5970=EDGE_CURVE('',#4848,#4847,#1556,.T.);
#5971=EDGE_CURVE('',#4848,#4849,#1557,.T.);
#5972=EDGE_CURVE('',#4849,#4850,#1558,.T.);
#5973=EDGE_CURVE('',#4851,#4850,#1559,.T.);
#5974=EDGE_CURVE('',#4852,#4851,#1560,.T.);
#5975=EDGE_CURVE('',#4852,#4853,#1561,.T.);
#5976=EDGE_CURVE('',#4853,#4854,#1562,.T.);
#5977=EDGE_CURVE('',#4855,#4854,#1563,.T.);
#5978=EDGE_CURVE('',#4855,#4856,#1564,.T.);
#5979=EDGE_CURVE('',#4856,#4857,#1565,.T.);
#5980=EDGE_CURVE('',#4857,#4858,#1566,.T.);
#5981=EDGE_CURVE('',#4859,#4858,#1295,.F.);
#5982=EDGE_CURVE('',#4859,#4860,#1567,.T.);
#5983=EDGE_CURVE('',#4860,#4861,#1568,.T.);
#5984=EDGE_CURVE('',#4862,#4861,#1569,.T.);
#5985=EDGE_CURVE('',#4863,#4862,#1570,.T.);
#5986=EDGE_CURVE('',#4864,#4863,#1571,.F.);
#5987=EDGE_CURVE('',#4865,#4864,#1572,.T.);
#5988=EDGE_CURVE('',#4866,#4865,#1573,.T.);
#5989=EDGE_CURVE('',#4867,#4866,#1574,.T.);
#5990=EDGE_CURVE('',#4868,#4867,#1575,.F.);
#5991=EDGE_CURVE('',#4869,#4868,#1576,.T.);
#5992=EDGE_CURVE('',#4870,#4869,#1577,.T.);
#5993=EDGE_CURVE('',#4871,#4870,#1578,.T.);
#5994=EDGE_CURVE('',#4872,#4871,#1579,.F.);
#5995=EDGE_CURVE('',#4873,#4872,#1580,.T.);
#5996=EDGE_CURVE('',#4874,#4873,#1581,.T.);
#5997=EDGE_CURVE('',#4875,#4874,#1582,.T.);
#5998=EDGE_CURVE('',#4876,#4875,#1583,.F.);
#5999=EDGE_CURVE('',#4877,#4876,#1584,.T.);
#6000=EDGE_CURVE('',#4878,#4877,#1585,.T.);
#6001=EDGE_CURVE('',#4879,#4878,#1586,.T.);
#6002=EDGE_CURVE('',#4880,#4879,#1587,.F.);
#6003=EDGE_CURVE('',#4881,#4880,#1588,.T.);
#6004=EDGE_CURVE('',#4882,#4881,#1589,.T.);
#6005=EDGE_CURVE('',#4883,#4882,#1590,.T.);
#6006=EDGE_CURVE('',#4884,#4883,#1591,.F.);
#6007=EDGE_CURVE('',#4885,#4884,#1592,.T.);
#6008=EDGE_CURVE('',#4886,#4885,#1593,.T.);
#6009=EDGE_CURVE('',#4887,#4886,#1594,.T.);
#6010=EDGE_CURVE('',#4888,#4887,#1595,.F.);
#6011=EDGE_CURVE('',#4889,#4888,#1596,.T.);
#6012=EDGE_CURVE('',#4890,#4889,#1597,.T.);
#6013=EDGE_CURVE('',#4891,#4890,#1598,.T.);
#6014=EDGE_CURVE('',#4892,#4891,#1599,.F.);
#6015=EDGE_CURVE('',#4893,#4892,#1600,.T.);
#6016=EDGE_CURVE('',#4894,#4893,#1601,.T.);
#6017=EDGE_CURVE('',#4895,#4894,#1602,.T.);
#6018=EDGE_CURVE('',#4896,#4895,#1603,.F.);
#6019=EDGE_CURVE('',#4897,#4896,#1604,.T.);
#6020=EDGE_CURVE('',#4898,#4897,#1605,.T.);
#6021=EDGE_CURVE('',#4899,#4898,#1606,.T.);
#6022=EDGE_CURVE('',#4900,#4899,#1607,.F.);
#6023=EDGE_CURVE('',#4901,#4900,#1608,.T.);
#6024=EDGE_CURVE('',#4902,#4901,#1609,.T.);
#6025=EDGE_CURVE('',#4903,#4902,#1610,.T.);
#6026=EDGE_CURVE('',#4904,#4903,#1611,.F.);
#6027=EDGE_CURVE('',#4905,#4904,#1612,.T.);
#6028=EDGE_CURVE('',#4906,#4905,#1613,.T.);
#6029=EDGE_CURVE('',#4907,#4906,#1614,.T.);
#6030=EDGE_CURVE('',#4908,#4907,#1615,.F.);
#6031=EDGE_CURVE('',#4909,#4908,#1616,.T.);
#6032=EDGE_CURVE('',#4910,#4909,#1617,.T.);
#6033=EDGE_CURVE('',#4911,#4910,#1618,.T.);
#6034=EDGE_CURVE('',#4912,#4911,#1619,.F.);
#6035=EDGE_CURVE('',#4913,#4912,#1620,.T.);
#6036=EDGE_CURVE('',#4914,#4913,#1621,.T.);
#6037=EDGE_CURVE('',#4915,#4914,#1622,.T.);
#6038=EDGE_CURVE('',#4916,#4915,#1623,.F.);
#6039=EDGE_CURVE('',#4917,#4916,#1624,.T.);
#6040=EDGE_CURVE('',#4918,#4917,#1625,.T.);
#6041=EDGE_CURVE('',#4919,#4918,#1626,.F.);
#6042=EDGE_CURVE('',#4919,#4920,#1296,.T.);
#6043=EDGE_CURVE('',#4921,#4920,#1627,.F.);
#6044=EDGE_CURVE('',#4922,#4921,#1628,.T.);
#6045=EDGE_CURVE('',#4923,#4922,#1629,.F.);
#6046=EDGE_CURVE('',#4923,#4924,#1297,.T.);
#6047=EDGE_CURVE('',#4925,#4924,#1630,.F.);
#6048=EDGE_CURVE('',#4926,#4925,#1631,.T.);
#6049=EDGE_CURVE('',#4927,#4926,#1632,.F.);
#6050=EDGE_CURVE('',#4927,#4928,#1298,.T.);
#6051=EDGE_CURVE('',#4929,#4928,#1633,.F.);
#6052=EDGE_CURVE('',#4930,#4929,#1634,.T.);
#6053=EDGE_CURVE('',#4931,#4930,#1635,.F.);
#6054=EDGE_CURVE('',#4931,#4932,#1299,.T.);
#6055=EDGE_CURVE('',#4933,#4932,#1636,.F.);
#6056=EDGE_CURVE('',#4934,#4933,#1637,.T.);
#6057=EDGE_CURVE('',#4935,#4934,#1638,.F.);
#6058=EDGE_CURVE('',#4935,#4936,#1300,.T.);
#6059=EDGE_CURVE('',#4937,#4936,#1639,.F.);
#6060=EDGE_CURVE('',#4938,#4937,#1640,.T.);
#6061=EDGE_CURVE('',#4939,#4938,#1641,.F.);
#6062=EDGE_CURVE('',#4939,#4940,#1301,.T.);
#6063=EDGE_CURVE('',#4941,#4940,#1642,.F.);
#6064=EDGE_CURVE('',#4942,#4941,#1643,.T.);
#6065=EDGE_CURVE('',#4943,#4942,#1644,.F.);
#6066=EDGE_CURVE('',#4943,#4944,#1302,.T.);
#6067=EDGE_CURVE('',#4945,#4944,#1645,.F.);
#6068=EDGE_CURVE('',#4946,#4945,#1646,.T.);
#6069=EDGE_CURVE('',#4947,#4946,#1647,.F.);
#6070=EDGE_CURVE('',#4947,#4948,#1303,.T.);
#6071=EDGE_CURVE('',#4949,#4948,#1648,.F.);
#6072=EDGE_CURVE('',#4950,#4949,#1649,.T.);
#6073=EDGE_CURVE('',#4951,#4950,#1650,.F.);
#6074=EDGE_CURVE('',#4951,#4952,#1304,.T.);
#6075=EDGE_CURVE('',#4953,#4952,#1651,.F.);
#6076=EDGE_CURVE('',#4796,#4953,#1652,.T.);
#6077=EDGE_CURVE('',#4953,#4954,#1653,.T.);
#6078=EDGE_CURVE('',#4954,#4955,#1654,.T.);
#6079=EDGE_CURVE('',#4955,#4956,#1655,.T.);
#6080=EDGE_CURVE('',#4956,#4797,#1656,.T.);
#6081=EDGE_CURVE('',#4957,#4667,#1657,.T.);
#6082=EDGE_CURVE('',#4957,#4668,#1658,.T.);
#6083=EDGE_CURVE('',#4920,#4958,#1659,.T.);
#6084=EDGE_CURVE('',#4921,#4958,#1660,.T.);
#6085=EDGE_CURVE('',#4959,#4669,#1661,.F.);
#6086=EDGE_CURVE('',#4670,#4959,#1662,.T.);
#6087=EDGE_CURVE('',#4960,#4918,#1663,.T.);
#6088=EDGE_CURVE('',#4919,#4960,#1664,.F.);
#6089=EDGE_CURVE('',#4961,#4663,#1665,.T.);
#6090=EDGE_CURVE('',#4961,#4664,#1666,.T.);
#6091=EDGE_CURVE('',#4924,#4962,#1667,.T.);
#6092=EDGE_CURVE('',#4925,#4962,#1668,.T.);
#6093=EDGE_CURVE('',#4963,#4665,#1669,.F.);
#6094=EDGE_CURVE('',#4666,#4963,#1670,.T.);
#6095=EDGE_CURVE('',#4964,#4922,#1671,.T.);
#6096=EDGE_CURVE('',#4923,#4964,#1672,.F.);
#6097=EDGE_CURVE('',#4965,#4659,#1673,.T.);
#6098=EDGE_CURVE('',#4965,#4660,#1674,.T.);
#6099=EDGE_CURVE('',#4928,#4966,#1675,.T.);
#6100=EDGE_CURVE('',#4929,#4966,#1676,.T.);
#6101=EDGE_CURVE('',#4967,#4661,#1677,.F.);
#6102=EDGE_CURVE('',#4662,#4967,#1678,.T.);
#6103=EDGE_CURVE('',#4968,#4926,#1679,.T.);
#6104=EDGE_CURVE('',#4927,#4968,#1680,.F.);
#6105=EDGE_CURVE('',#4969,#4655,#1681,.T.);
#6106=EDGE_CURVE('',#4969,#4656,#1682,.T.);
#6107=EDGE_CURVE('',#4932,#4970,#1683,.T.);
#6108=EDGE_CURVE('',#4933,#4970,#1684,.T.);
#6109=EDGE_CURVE('',#4971,#4657,#1685,.F.);
#6110=EDGE_CURVE('',#4658,#4971,#1686,.T.);
#6111=EDGE_CURVE('',#4972,#4930,#1687,.T.);
#6112=EDGE_CURVE('',#4931,#4972,#1688,.F.);
#6113=EDGE_CURVE('',#4973,#4651,#1689,.T.);
#6114=EDGE_CURVE('',#4973,#4652,#1690,.T.);
#6115=EDGE_CURVE('',#4936,#4974,#1691,.T.);
#6116=EDGE_CURVE('',#4937,#4974,#1692,.T.);
#6117=EDGE_CURVE('',#4975,#4653,#1693,.F.);
#6118=EDGE_CURVE('',#4654,#4975,#1694,.T.);
#6119=EDGE_CURVE('',#4976,#4934,#1695,.T.);
#6120=EDGE_CURVE('',#4935,#4976,#1696,.F.);
#6121=EDGE_CURVE('',#4977,#4647,#1697,.T.);
#6122=EDGE_CURVE('',#4977,#4648,#1698,.T.);
#6123=EDGE_CURVE('',#4940,#4978,#1699,.T.);
#6124=EDGE_CURVE('',#4941,#4978,#1700,.T.);
#6125=EDGE_CURVE('',#4979,#4649,#1701,.F.);
#6126=EDGE_CURVE('',#4650,#4979,#1702,.T.);
#6127=EDGE_CURVE('',#4980,#4938,#1703,.T.);
#6128=EDGE_CURVE('',#4939,#4980,#1704,.F.);
#6129=EDGE_CURVE('',#4981,#4643,#1705,.T.);
#6130=EDGE_CURVE('',#4981,#4644,#1706,.T.);
#6131=EDGE_CURVE('',#4944,#4982,#1707,.T.);
#6132=EDGE_CURVE('',#4945,#4982,#1708,.T.);
#6133=EDGE_CURVE('',#4983,#4645,#1709,.F.);
#6134=EDGE_CURVE('',#4646,#4983,#1710,.T.);
#6135=EDGE_CURVE('',#4984,#4942,#1711,.T.);
#6136=EDGE_CURVE('',#4943,#4984,#1712,.F.);
#6137=EDGE_CURVE('',#4985,#4639,#1713,.T.);
#6138=EDGE_CURVE('',#4985,#4640,#1714,.T.);
#6139=EDGE_CURVE('',#4948,#4986,#1715,.T.);
#6140=EDGE_CURVE('',#4949,#4986,#1716,.T.);
#6141=EDGE_CURVE('',#4987,#4641,#1717,.F.);
#6142=EDGE_CURVE('',#4642,#4987,#1718,.T.);
#6143=EDGE_CURVE('',#4988,#4946,#1719,.T.);
#6144=EDGE_CURVE('',#4947,#4988,#1720,.F.);
#6145=EDGE_CURVE('',#4794,#4636,#1721,.T.);
#6146=EDGE_CURVE('',#4952,#4954,#1722,.T.);
#6147=EDGE_CURVE('',#4989,#4637,#1723,.F.);
#6148=EDGE_CURVE('',#4638,#4989,#1724,.T.);
#6149=EDGE_CURVE('',#4990,#4950,#1725,.T.);
#6150=EDGE_CURVE('',#4951,#4990,#1726,.F.);
#6151=EDGE_CURVE('',#4678,#4991,#1727,.T.);
#6152=EDGE_CURVE('',#4991,#4992,#1728,.T.);
#6153=EDGE_CURVE('',#4992,#4679,#1729,.T.);
#6154=EDGE_CURVE('',#4993,#4992,#1730,.T.);
#6155=EDGE_CURVE('',#4909,#4993,#1731,.T.);
#6156=EDGE_CURVE('',#4908,#4680,#1732,.T.);
#6157=EDGE_CURVE('',#4993,#4994,#1733,.T.);
#6158=EDGE_CURVE('',#4994,#4910,#1734,.T.);
#6159=EDGE_CURVE('',#4682,#4995,#1735,.T.);
#6160=EDGE_CURVE('',#4995,#4996,#1736,.T.);
#6161=EDGE_CURVE('',#4996,#4683,#1737,.T.);
#6162=EDGE_CURVE('',#4997,#4996,#1738,.T.);
#6163=EDGE_CURVE('',#4905,#4997,#1739,.T.);
#6164=EDGE_CURVE('',#4904,#4684,#1740,.T.);
#6165=EDGE_CURVE('',#4997,#4998,#1741,.T.);
#6166=EDGE_CURVE('',#4998,#4906,#1742,.T.);
#6167=EDGE_CURVE('',#4686,#4999,#1743,.T.);
#6168=EDGE_CURVE('',#4999,#5000,#1744,.T.);
#6169=EDGE_CURVE('',#5000,#4687,#1745,.T.);
#6170=EDGE_CURVE('',#5001,#5000,#1746,.T.);
#6171=EDGE_CURVE('',#4901,#5001,#1747,.T.);
#6172=EDGE_CURVE('',#4900,#4688,#1748,.T.);
#6173=EDGE_CURVE('',#5001,#5002,#1749,.T.);
#6174=EDGE_CURVE('',#5002,#4902,#1750,.T.);
#6175=EDGE_CURVE('',#4690,#5003,#1751,.T.);
#6176=EDGE_CURVE('',#5003,#5004,#1752,.T.);
#6177=EDGE_CURVE('',#5004,#4691,#1753,.T.);
#6178=EDGE_CURVE('',#5005,#5004,#1754,.T.);
#6179=EDGE_CURVE('',#4897,#5005,#1755,.T.);
#6180=EDGE_CURVE('',#4896,#4692,#1756,.T.);
#6181=EDGE_CURVE('',#5005,#5006,#1757,.T.);
#6182=EDGE_CURVE('',#5006,#4898,#1758,.T.);
#6183=EDGE_CURVE('',#4694,#5007,#1759,.T.);
#6184=EDGE_CURVE('',#5007,#5008,#1760,.T.);
#6185=EDGE_CURVE('',#5008,#4695,#1761,.T.);
#6186=EDGE_CURVE('',#5009,#5008,#1762,.T.);
#6187=EDGE_CURVE('',#4893,#5009,#1763,.T.);
#6188=EDGE_CURVE('',#4892,#4696,#1764,.T.);
#6189=EDGE_CURVE('',#5009,#5010,#1765,.T.);
#6190=EDGE_CURVE('',#5010,#4894,#1766,.T.);
#6191=EDGE_CURVE('',#4698,#5011,#1767,.T.);
#6192=EDGE_CURVE('',#5011,#5012,#1768,.T.);
#6193=EDGE_CURVE('',#5012,#4699,#1769,.T.);
#6194=EDGE_CURVE('',#5013,#5012,#1770,.T.);
#6195=EDGE_CURVE('',#4889,#5013,#1771,.T.);
#6196=EDGE_CURVE('',#4888,#4700,#1772,.T.);
#6197=EDGE_CURVE('',#5013,#5014,#1773,.T.);
#6198=EDGE_CURVE('',#5014,#4890,#1774,.T.);
#6199=EDGE_CURVE('',#4702,#5015,#1775,.T.);
#6200=EDGE_CURVE('',#5015,#5016,#1776,.T.);
#6201=EDGE_CURVE('',#5016,#4703,#1777,.T.);
#6202=EDGE_CURVE('',#5017,#5016,#1778,.T.);
#6203=EDGE_CURVE('',#4885,#5017,#1779,.T.);
#6204=EDGE_CURVE('',#4884,#4704,#1780,.T.);
#6205=EDGE_CURVE('',#5017,#5018,#1781,.T.);
#6206=EDGE_CURVE('',#5018,#4886,#1782,.T.);
#6207=EDGE_CURVE('',#4706,#5019,#1783,.T.);
#6208=EDGE_CURVE('',#5019,#5020,#1784,.T.);
#6209=EDGE_CURVE('',#5020,#4707,#1785,.T.);
#6210=EDGE_CURVE('',#5021,#5020,#1786,.T.);
#6211=EDGE_CURVE('',#4881,#5021,#1787,.T.);
#6212=EDGE_CURVE('',#4880,#4708,#1788,.T.);
#6213=EDGE_CURVE('',#5021,#5022,#1789,.T.);
#6214=EDGE_CURVE('',#5022,#4882,#1790,.T.);
#6215=EDGE_CURVE('',#4710,#5023,#1791,.T.);
#6216=EDGE_CURVE('',#5023,#5024,#1792,.T.);
#6217=EDGE_CURVE('',#5024,#4711,#1793,.T.);
#6218=EDGE_CURVE('',#5025,#5024,#1794,.T.);
#6219=EDGE_CURVE('',#4877,#5025,#1795,.T.);
#6220=EDGE_CURVE('',#4876,#4712,#1796,.T.);
#6221=EDGE_CURVE('',#5025,#5026,#1797,.T.);
#6222=EDGE_CURVE('',#5026,#4878,#1798,.T.);
#6223=EDGE_CURVE('',#4714,#5027,#1799,.T.);
#6224=EDGE_CURVE('',#5027,#5028,#1800,.T.);
#6225=EDGE_CURVE('',#5028,#4715,#1801,.T.);
#6226=EDGE_CURVE('',#5029,#5028,#1802,.T.);
#6227=EDGE_CURVE('',#4873,#5029,#1803,.T.);
#6228=EDGE_CURVE('',#4872,#4716,#1804,.T.);
#6229=EDGE_CURVE('',#5029,#5030,#1805,.T.);
#6230=EDGE_CURVE('',#5030,#4874,#1806,.T.);
#6231=EDGE_CURVE('',#4718,#5031,#1807,.T.);
#6232=EDGE_CURVE('',#5031,#5032,#1808,.T.);
#6233=EDGE_CURVE('',#5032,#4719,#1809,.T.);
#6234=EDGE_CURVE('',#5033,#5032,#1810,.T.);
#6235=EDGE_CURVE('',#4869,#5033,#1811,.T.);
#6236=EDGE_CURVE('',#4868,#4720,#1812,.T.);
#6237=EDGE_CURVE('',#5033,#5034,#1813,.T.);
#6238=EDGE_CURVE('',#5034,#4870,#1814,.T.);
#6239=EDGE_CURVE('',#4722,#5035,#1815,.T.);
#6240=EDGE_CURVE('',#5035,#5036,#1816,.T.);
#6241=EDGE_CURVE('',#5036,#4723,#1817,.T.);
#6242=EDGE_CURVE('',#5037,#5036,#1818,.T.);
#6243=EDGE_CURVE('',#4865,#5037,#1819,.T.);
#6244=EDGE_CURVE('',#4864,#4724,#1820,.T.);
#6245=EDGE_CURVE('',#5037,#5038,#1821,.T.);
#6246=EDGE_CURVE('',#5038,#4866,#1822,.T.);
#6247=EDGE_CURVE('',#5039,#4727,#1823,.T.);
#6248=EDGE_CURVE('',#4726,#5040,#1824,.T.);
#6249=EDGE_CURVE('',#5040,#5039,#1825,.T.);
#6250=EDGE_CURVE('',#5041,#5039,#1826,.F.);
#6251=EDGE_CURVE('',#4861,#5041,#1827,.T.);
#6252=EDGE_CURVE('',#5042,#4860,#1828,.F.);
#6253=EDGE_CURVE('',#5043,#5042,#1305,.F.);
#6254=EDGE_CURVE('',#5044,#5043,#1829,.T.);
#6255=EDGE_CURVE('',#5045,#5044,#1830,.F.);
#6256=EDGE_CURVE('',#5046,#5045,#1831,.T.);
#6257=EDGE_CURVE('',#5047,#5046,#1306,.F.);
#6258=EDGE_CURVE('',#4728,#5047,#1832,.F.);
#6259=EDGE_CURVE('',#5041,#5048,#1833,.T.);
#6260=EDGE_CURVE('',#5048,#4862,#1834,.T.);
#6261=EDGE_CURVE('',#4733,#5049,#1835,.T.);
#6262=EDGE_CURVE('',#5049,#5050,#1836,.T.);
#6263=EDGE_CURVE('',#5050,#5051,#1837,.T.);
#6264=EDGE_CURVE('',#5051,#4734,#1838,.T.);
#6265=EDGE_CURVE('',#5052,#5051,#1839,.T.);
#6266=EDGE_CURVE('',#4854,#5052,#1840,.T.);
#6267=EDGE_CURVE('',#4853,#4735,#1841,.T.);
#6268=EDGE_CURVE('',#5053,#5050,#1842,.T.);
#6269=EDGE_CURVE('',#5052,#5053,#1843,.T.);
#6270=EDGE_CURVE('',#5054,#4855,#1844,.T.);
#6271=EDGE_CURVE('',#5053,#5054,#1845,.T.);
#6272=EDGE_CURVE('',#4737,#5055,#1846,.T.);
#6273=EDGE_CURVE('',#5055,#5056,#1847,.T.);
#6274=EDGE_CURVE('',#5056,#5057,#1848,.T.);
#6275=EDGE_CURVE('',#5057,#4738,#1849,.T.);
#6276=EDGE_CURVE('',#5058,#5056,#1850,.T.);
#6277=EDGE_CURVE('',#5059,#5058,#1851,.T.);
#6278=EDGE_CURVE('',#5059,#5057,#1852,.T.);
#6279=EDGE_CURVE('',#5060,#5055,#1853,.F.);
#6280=EDGE_CURVE('',#5058,#5060,#1854,.T.);
#6281=EDGE_CURVE('',#4852,#4736,#1855,.F.);
#6282=EDGE_CURVE('',#5060,#4851,#1856,.T.);
#6283=EDGE_CURVE('',#4850,#5059,#1857,.T.);
#6284=EDGE_CURVE('',#4741,#5061,#1858,.T.);
#6285=EDGE_CURVE('',#5061,#5062,#1859,.T.);
#6286=EDGE_CURVE('',#5062,#5063,#1860,.T.);
#6287=EDGE_CURVE('',#5063,#4742,#1861,.T.);
#6288=EDGE_CURVE('',#5064,#5062,#1862,.T.);
#6289=EDGE_CURVE('',#5065,#5064,#1863,.T.);
#6290=EDGE_CURVE('',#5065,#5063,#1864,.T.);
#6291=EDGE_CURVE('',#5066,#5061,#1865,.F.);
#6292=EDGE_CURVE('',#5064,#5066,#1866,.T.);
#6293=EDGE_CURVE('',#4848,#4740,#1867,.F.);
#6294=EDGE_CURVE('',#5066,#4847,#1868,.T.);
#6295=EDGE_CURVE('',#4846,#5065,#1869,.T.);
#6296=EDGE_CURVE('',#4745,#5067,#1870,.T.);
#6297=EDGE_CURVE('',#5067,#5068,#1871,.T.);
#6298=EDGE_CURVE('',#5068,#5069,#1872,.T.);
#6299=EDGE_CURVE('',#5069,#4746,#1873,.T.);
#6300=EDGE_CURVE('',#5070,#5068,#1874,.T.);
#6301=EDGE_CURVE('',#5071,#5070,#1875,.T.);
#6302=EDGE_CURVE('',#5071,#5069,#1876,.T.);
#6303=EDGE_CURVE('',#5072,#5067,#1877,.F.);
#6304=EDGE_CURVE('',#5070,#5072,#1878,.T.);
#6305=EDGE_CURVE('',#4844,#4744,#1879,.F.);
#6306=EDGE_CURVE('',#5072,#4843,#1880,.T.);
#6307=EDGE_CURVE('',#4842,#5071,#1881,.T.);
#6308=EDGE_CURVE('',#4749,#5073,#1882,.T.);
#6309=EDGE_CURVE('',#5073,#5074,#1883,.T.);
#6310=EDGE_CURVE('',#5074,#5075,#1884,.T.);
#6311=EDGE_CURVE('',#5075,#4750,#1885,.T.);
#6312=EDGE_CURVE('',#5076,#5074,#1886,.T.);
#6313=EDGE_CURVE('',#5077,#5076,#1887,.T.);
#6314=EDGE_CURVE('',#5077,#5075,#1888,.T.);
#6315=EDGE_CURVE('',#5078,#5073,#1889,.F.);
#6316=EDGE_CURVE('',#5076,#5078,#1890,.T.);
#6317=EDGE_CURVE('',#4840,#4748,#1891,.F.);
#6318=EDGE_CURVE('',#5078,#4839,#1892,.T.);
#6319=EDGE_CURVE('',#4838,#5077,#1893,.T.);
#6320=EDGE_CURVE('',#4753,#5079,#1894,.T.);
#6321=EDGE_CURVE('',#5079,#5080,#1895,.T.);
#6322=EDGE_CURVE('',#5080,#5081,#1896,.T.);
#6323=EDGE_CURVE('',#5081,#4754,#1897,.T.);
#6324=EDGE_CURVE('',#5082,#5080,#1898,.T.);
#6325=EDGE_CURVE('',#5083,#5082,#1899,.T.);
#6326=EDGE_CURVE('',#5083,#5081,#1900,.T.);
#6327=EDGE_CURVE('',#5084,#5079,#1901,.F.);
#6328=EDGE_CURVE('',#5082,#5084,#1902,.T.);
#6329=EDGE_CURVE('',#4836,#4752,#1903,.F.);
#6330=EDGE_CURVE('',#5084,#4835,#1904,.T.);
#6331=EDGE_CURVE('',#4834,#5083,#1905,.T.);
#6332=EDGE_CURVE('',#4757,#5085,#1906,.T.);
#6333=EDGE_CURVE('',#5085,#5086,#1907,.T.);
#6334=EDGE_CURVE('',#5086,#5087,#1908,.T.);
#6335=EDGE_CURVE('',#5087,#4758,#1909,.T.);
#6336=EDGE_CURVE('',#5088,#5086,#1910,.T.);
#6337=EDGE_CURVE('',#5089,#5088,#1911,.T.);
#6338=EDGE_CURVE('',#5089,#5087,#1912,.T.);
#6339=EDGE_CURVE('',#5090,#5085,#1913,.F.);
#6340=EDGE_CURVE('',#5088,#5090,#1914,.T.);
#6341=EDGE_CURVE('',#4832,#4756,#1915,.F.);
#6342=EDGE_CURVE('',#5090,#4831,#1916,.T.);
#6343=EDGE_CURVE('',#4830,#5089,#1917,.T.);
#6344=EDGE_CURVE('',#4761,#5091,#1918,.T.);
#6345=EDGE_CURVE('',#5091,#5092,#1919,.T.);
#6346=EDGE_CURVE('',#5092,#5093,#1920,.T.);
#6347=EDGE_CURVE('',#5093,#4762,#1921,.T.);
#6348=EDGE_CURVE('',#5094,#5092,#1922,.T.);
#6349=EDGE_CURVE('',#5095,#5094,#1923,.T.);
#6350=EDGE_CURVE('',#5095,#5093,#1924,.T.);
#6351=EDGE_CURVE('',#5096,#5091,#1925,.F.);
#6352=EDGE_CURVE('',#5094,#5096,#1926,.T.);
#6353=EDGE_CURVE('',#4828,#4760,#1927,.F.);
#6354=EDGE_CURVE('',#5096,#4827,#1928,.T.);
#6355=EDGE_CURVE('',#4826,#5095,#1929,.T.);
#6356=EDGE_CURVE('',#4765,#5097,#1930,.T.);
#6357=EDGE_CURVE('',#5097,#5098,#1931,.T.);
#6358=EDGE_CURVE('',#5098,#5099,#1932,.T.);
#6359=EDGE_CURVE('',#5099,#4766,#1933,.T.);
#6360=EDGE_CURVE('',#5100,#5098,#1934,.T.);
#6361=EDGE_CURVE('',#5101,#5100,#1935,.T.);
#6362=EDGE_CURVE('',#5101,#5099,#1936,.T.);
#6363=EDGE_CURVE('',#5102,#5097,#1937,.F.);
#6364=EDGE_CURVE('',#5100,#5102,#1938,.T.);
#6365=EDGE_CURVE('',#4824,#4764,#1939,.F.);
#6366=EDGE_CURVE('',#5102,#4823,#1940,.T.);
#6367=EDGE_CURVE('',#4822,#5101,#1941,.T.);
#6368=EDGE_CURVE('',#4769,#5103,#1942,.T.);
#6369=EDGE_CURVE('',#5103,#5104,#1943,.T.);
#6370=EDGE_CURVE('',#5104,#5105,#1944,.T.);
#6371=EDGE_CURVE('',#5105,#4770,#1945,.T.);
#6372=EDGE_CURVE('',#5106,#5104,#1946,.T.);
#6373=EDGE_CURVE('',#5107,#5106,#1947,.T.);
#6374=EDGE_CURVE('',#5107,#5105,#1948,.T.);
#6375=EDGE_CURVE('',#5108,#5103,#1949,.F.);
#6376=EDGE_CURVE('',#5106,#5108,#1950,.T.);
#6377=EDGE_CURVE('',#4820,#4768,#1951,.F.);
#6378=EDGE_CURVE('',#5108,#4819,#1952,.T.);
#6379=EDGE_CURVE('',#4818,#5107,#1953,.T.);
#6380=EDGE_CURVE('',#4773,#5109,#1954,.T.);
#6381=EDGE_CURVE('',#5109,#5110,#1955,.T.);
#6382=EDGE_CURVE('',#5110,#5111,#1956,.T.);
#6383=EDGE_CURVE('',#5111,#4774,#1957,.T.);
#6384=EDGE_CURVE('',#5112,#5110,#1958,.T.);
#6385=EDGE_CURVE('',#5113,#5112,#1959,.T.);
#6386=EDGE_CURVE('',#5113,#5111,#1960,.T.);
#6387=EDGE_CURVE('',#5114,#5109,#1961,.F.);
#6388=EDGE_CURVE('',#5112,#5114,#1962,.T.);
#6389=EDGE_CURVE('',#4816,#4772,#1963,.F.);
#6390=EDGE_CURVE('',#5114,#4815,#1964,.T.);
#6391=EDGE_CURVE('',#4814,#5113,#1965,.T.);
#6392=EDGE_CURVE('',#4777,#5115,#1966,.T.);
#6393=EDGE_CURVE('',#5115,#5116,#1967,.T.);
#6394=EDGE_CURVE('',#5116,#5117,#1968,.T.);
#6395=EDGE_CURVE('',#5117,#4778,#1969,.T.);
#6396=EDGE_CURVE('',#5118,#5116,#1970,.T.);
#6397=EDGE_CURVE('',#5119,#5118,#1971,.T.);
#6398=EDGE_CURVE('',#5119,#5117,#1972,.T.);
#6399=EDGE_CURVE('',#5120,#5115,#1973,.F.);
#6400=EDGE_CURVE('',#5118,#5120,#1974,.T.);
#6401=EDGE_CURVE('',#4812,#4776,#1975,.F.);
#6402=EDGE_CURVE('',#5120,#4811,#1976,.T.);
#6403=EDGE_CURVE('',#4810,#5119,#1977,.T.);
#6404=EDGE_CURVE('',#4781,#5121,#1978,.T.);
#6405=EDGE_CURVE('',#5121,#5122,#1979,.T.);
#6406=EDGE_CURVE('',#5122,#5123,#1980,.T.);
#6407=EDGE_CURVE('',#5123,#4782,#1981,.T.);
#6408=EDGE_CURVE('',#5124,#5122,#1982,.T.);
#6409=EDGE_CURVE('',#5125,#5124,#1983,.T.);
#6410=EDGE_CURVE('',#5125,#5123,#1984,.T.);
#6411=EDGE_CURVE('',#5126,#5121,#1985,.F.);
#6412=EDGE_CURVE('',#5124,#5126,#1986,.T.);
#6413=EDGE_CURVE('',#4808,#4780,#1987,.F.);
#6414=EDGE_CURVE('',#5126,#4807,#1988,.T.);
#6415=EDGE_CURVE('',#4806,#5125,#1989,.T.);
#6416=EDGE_CURVE('',#4785,#5127,#1990,.T.);
#6417=EDGE_CURVE('',#5127,#5128,#1991,.T.);
#6418=EDGE_CURVE('',#5128,#4786,#1992,.T.);
#6419=EDGE_CURVE('',#5129,#5128,#1993,.T.);
#6420=EDGE_CURVE('',#4802,#5129,#1994,.T.);
#6421=EDGE_CURVE('',#4801,#4787,#1995,.T.);
#6422=EDGE_CURVE('',#5129,#5130,#1996,.T.);
#6423=EDGE_CURVE('',#5130,#4803,#1997,.T.);
#6424=EDGE_CURVE('',#4789,#5131,#1998,.T.);
#6425=EDGE_CURVE('',#5131,#5132,#1999,.T.);
#6426=EDGE_CURVE('',#5132,#4790,#2000,.T.);
#6427=EDGE_CURVE('',#5133,#5132,#2001,.T.);
#6428=EDGE_CURVE('',#4798,#5133,#2002,.T.);
#6429=EDGE_CURVE('',#5133,#5134,#2003,.T.);
#6430=EDGE_CURVE('',#5134,#4799,#2004,.T.);
#6431=EDGE_CURVE('',#4954,#4794,#2005,.T.);
#6432=EDGE_CURVE('',#4955,#4793,#2006,.T.);
#6433=EDGE_CURVE('',#4989,#5135,#2007,.T.);
#6434=EDGE_CURVE('',#5135,#5136,#2008,.T.);
#6435=EDGE_CURVE('',#5136,#4985,#2009,.T.);
#6436=EDGE_CURVE('',#4986,#5137,#2010,.T.);
#6437=EDGE_CURVE('',#4986,#4985,#2011,.T.);
#6438=EDGE_CURVE('',#5137,#5136,#2012,.T.);
#6439=EDGE_CURVE('',#5137,#5138,#2013,.T.);
#6440=EDGE_CURVE('',#5138,#4990,#2014,.T.);
#6441=EDGE_CURVE('',#4987,#5139,#2015,.T.);
#6442=EDGE_CURVE('',#5139,#5140,#2016,.T.);
#6443=EDGE_CURVE('',#5140,#4981,#2017,.T.);
#6444=EDGE_CURVE('',#4982,#5141,#2018,.T.);
#6445=EDGE_CURVE('',#4982,#4981,#2019,.T.);
#6446=EDGE_CURVE('',#5141,#5140,#2020,.T.);
#6447=EDGE_CURVE('',#5141,#5142,#2021,.T.);
#6448=EDGE_CURVE('',#5142,#4988,#2022,.T.);
#6449=EDGE_CURVE('',#4983,#5143,#2023,.T.);
#6450=EDGE_CURVE('',#5143,#5144,#2024,.T.);
#6451=EDGE_CURVE('',#5144,#4977,#2025,.T.);
#6452=EDGE_CURVE('',#4978,#5145,#2026,.T.);
#6453=EDGE_CURVE('',#4978,#4977,#2027,.T.);
#6454=EDGE_CURVE('',#5145,#5144,#2028,.T.);
#6455=EDGE_CURVE('',#5145,#5146,#2029,.T.);
#6456=EDGE_CURVE('',#5146,#4984,#2030,.T.);
#6457=EDGE_CURVE('',#4979,#5147,#2031,.T.);
#6458=EDGE_CURVE('',#5147,#5148,#2032,.T.);
#6459=EDGE_CURVE('',#5148,#4973,#2033,.T.);
#6460=EDGE_CURVE('',#4974,#5149,#2034,.T.);
#6461=EDGE_CURVE('',#4974,#4973,#2035,.T.);
#6462=EDGE_CURVE('',#5149,#5148,#2036,.T.);
#6463=EDGE_CURVE('',#5149,#5150,#2037,.T.);
#6464=EDGE_CURVE('',#5150,#4980,#2038,.T.);
#6465=EDGE_CURVE('',#4975,#5151,#2039,.T.);
#6466=EDGE_CURVE('',#5151,#5152,#2040,.T.);
#6467=EDGE_CURVE('',#5152,#4969,#2041,.T.);
#6468=EDGE_CURVE('',#4970,#5153,#2042,.T.);
#6469=EDGE_CURVE('',#4970,#4969,#2043,.T.);
#6470=EDGE_CURVE('',#5153,#5152,#2044,.T.);
#6471=EDGE_CURVE('',#5153,#5154,#2045,.T.);
#6472=EDGE_CURVE('',#5154,#4976,#2046,.T.);
#6473=EDGE_CURVE('',#4971,#5155,#2047,.T.);
#6474=EDGE_CURVE('',#5155,#5156,#2048,.T.);
#6475=EDGE_CURVE('',#5156,#4965,#2049,.T.);
#6476=EDGE_CURVE('',#4966,#5157,#2050,.T.);
#6477=EDGE_CURVE('',#4966,#4965,#2051,.T.);
#6478=EDGE_CURVE('',#5157,#5156,#2052,.T.);
#6479=EDGE_CURVE('',#5157,#5158,#2053,.T.);
#6480=EDGE_CURVE('',#5158,#4972,#2054,.T.);
#6481=EDGE_CURVE('',#4967,#5159,#2055,.T.);
#6482=EDGE_CURVE('',#5159,#5160,#2056,.T.);
#6483=EDGE_CURVE('',#5160,#4961,#2057,.T.);
#6484=EDGE_CURVE('',#4962,#5161,#2058,.T.);
#6485=EDGE_CURVE('',#4962,#4961,#2059,.T.);
#6486=EDGE_CURVE('',#5161,#5160,#2060,.T.);
#6487=EDGE_CURVE('',#5161,#5162,#2061,.T.);
#6488=EDGE_CURVE('',#5162,#4968,#2062,.T.);
#6489=EDGE_CURVE('',#4963,#5163,#2063,.T.);
#6490=EDGE_CURVE('',#5163,#5164,#2064,.T.);
#6491=EDGE_CURVE('',#5164,#4957,#2065,.T.);
#6492=EDGE_CURVE('',#4958,#5165,#2066,.T.);
#6493=EDGE_CURVE('',#4958,#4957,#2067,.T.);
#6494=EDGE_CURVE('',#5165,#5164,#2068,.T.);
#6495=EDGE_CURVE('',#5165,#5166,#2069,.T.);
#6496=EDGE_CURVE('',#5166,#4964,#2070,.T.);
#6497=EDGE_CURVE('',#4674,#5167,#2071,.T.);
#6498=EDGE_CURVE('',#5167,#5168,#2072,.T.);
#6499=EDGE_CURVE('',#5168,#4675,#2073,.T.);
#6500=EDGE_CURVE('',#5169,#5168,#2074,.T.);
#6501=EDGE_CURVE('',#4913,#5169,#2075,.T.);
#6502=EDGE_CURVE('',#4912,#4676,#2076,.T.);
#6503=EDGE_CURVE('',#5169,#5170,#2077,.T.);
#6504=EDGE_CURVE('',#5170,#4914,#2078,.T.);
#6505=EDGE_CURVE('',#4959,#5171,#2079,.T.);
#6506=EDGE_CURVE('',#5171,#5172,#2080,.T.);
#6507=EDGE_CURVE('',#5172,#4671,#2081,.T.);
#6508=EDGE_CURVE('',#5173,#5172,#2082,.T.);
#6509=EDGE_CURVE('',#4917,#5173,#2083,.T.);
#6510=EDGE_CURVE('',#4916,#4672,#2084,.T.);
#6511=EDGE_CURVE('',#5173,#5174,#2085,.T.);
#6512=EDGE_CURVE('',#5174,#4960,#2086,.T.);
#6513=EDGE_CURVE('',#4994,#4991,#2087,.F.);
#6514=EDGE_CURVE('',#4911,#4677,#2088,.F.);
#6515=EDGE_CURVE('',#4998,#4995,#2089,.F.);
#6516=EDGE_CURVE('',#4907,#4681,#2090,.F.);
#6517=EDGE_CURVE('',#5002,#4999,#2091,.F.);
#6518=EDGE_CURVE('',#4903,#4685,#2092,.F.);
#6519=EDGE_CURVE('',#5006,#5003,#2093,.F.);
#6520=EDGE_CURVE('',#4899,#4689,#2094,.F.);
#6521=EDGE_CURVE('',#5010,#5007,#2095,.F.);
#6522=EDGE_CURVE('',#4895,#4693,#2096,.F.);
#6523=EDGE_CURVE('',#5014,#5011,#2097,.F.);
#6524=EDGE_CURVE('',#4891,#4697,#2098,.F.);
#6525=EDGE_CURVE('',#5018,#5015,#2099,.F.);
#6526=EDGE_CURVE('',#4887,#4701,#2100,.F.);
#6527=EDGE_CURVE('',#5022,#5019,#2101,.F.);
#6528=EDGE_CURVE('',#4883,#4705,#2102,.F.);
#6529=EDGE_CURVE('',#5026,#5023,#2103,.F.);
#6530=EDGE_CURVE('',#4879,#4709,#2104,.F.);
#6531=EDGE_CURVE('',#5030,#5027,#2105,.F.);
#6532=EDGE_CURVE('',#4875,#4713,#2106,.F.);
#6533=EDGE_CURVE('',#5034,#5031,#2107,.F.);
#6534=EDGE_CURVE('',#4871,#4717,#2108,.F.);
#6535=EDGE_CURVE('',#5038,#5035,#2109,.F.);
#6536=EDGE_CURVE('',#4867,#4721,#2110,.F.);
#6537=EDGE_CURVE('',#5048,#5040,#2111,.F.);
#6538=EDGE_CURVE('',#4863,#4725,#2112,.F.);
#6539=EDGE_CURVE('',#5175,#4732,#2113,.F.);
#6540=EDGE_CURVE('',#5176,#5175,#1307,.F.);
#6541=EDGE_CURVE('',#5177,#5176,#2114,.T.);
#6542=EDGE_CURVE('',#5178,#5177,#1308,.F.);
#6543=EDGE_CURVE('',#4856,#5178,#2115,.F.);
#6544=EDGE_CURVE('',#5049,#5054,#2116,.F.);
#6545=EDGE_CURVE('',#4849,#4739,#2117,.T.);
#6546=EDGE_CURVE('',#4845,#4743,#2118,.T.);
#6547=EDGE_CURVE('',#4841,#4747,#2119,.T.);
#6548=EDGE_CURVE('',#4837,#4751,#2120,.T.);
#6549=EDGE_CURVE('',#4833,#4755,#2121,.T.);
#6550=EDGE_CURVE('',#4829,#4759,#2122,.T.);
#6551=EDGE_CURVE('',#4825,#4763,#2123,.T.);
#6552=EDGE_CURVE('',#4821,#4767,#2124,.T.);
#6553=EDGE_CURVE('',#4817,#4771,#2125,.T.);
#6554=EDGE_CURVE('',#4813,#4775,#2126,.T.);
#6555=EDGE_CURVE('',#4809,#4779,#2127,.T.);
#6556=EDGE_CURVE('',#4805,#4783,#2128,.T.);
#6557=EDGE_CURVE('',#5130,#5127,#2129,.F.);
#6558=EDGE_CURVE('',#4804,#4784,#2130,.F.);
#6559=EDGE_CURVE('',#5134,#5131,#2131,.F.);
#6560=EDGE_CURVE('',#4800,#4788,#2132,.F.);
#6561=EDGE_CURVE('',#4956,#4792,#2133,.F.);
#6562=EDGE_CURVE('',#5138,#5135,#2134,.F.);
#6563=EDGE_CURVE('',#4990,#4989,#2135,.F.);
#6564=EDGE_CURVE('',#5142,#5139,#2136,.F.);
#6565=EDGE_CURVE('',#4988,#4987,#2137,.F.);
#6566=EDGE_CURVE('',#5146,#5143,#2138,.F.);
#6567=EDGE_CURVE('',#4984,#4983,#2139,.F.);
#6568=EDGE_CURVE('',#5150,#5147,#2140,.F.);
#6569=EDGE_CURVE('',#4980,#4979,#2141,.F.);
#6570=EDGE_CURVE('',#5154,#5151,#2142,.F.);
#6571=EDGE_CURVE('',#4976,#4975,#2143,.F.);
#6572=EDGE_CURVE('',#5158,#5155,#2144,.F.);
#6573=EDGE_CURVE('',#4972,#4971,#2145,.F.);
#6574=EDGE_CURVE('',#5162,#5159,#2146,.F.);
#6575=EDGE_CURVE('',#4968,#4967,#2147,.F.);
#6576=EDGE_CURVE('',#5166,#5163,#2148,.F.);
#6577=EDGE_CURVE('',#4964,#4963,#2149,.F.);
#6578=EDGE_CURVE('',#5170,#5167,#2150,.F.);
#6579=EDGE_CURVE('',#4915,#4673,#2151,.F.);
#6580=EDGE_CURVE('',#5174,#5171,#2152,.F.);
#6581=EDGE_CURVE('',#4960,#4959,#2153,.F.);
#6582=EDGE_CURVE('',#5179,#5180,#2154,.T.);
#6583=EDGE_CURVE('',#5181,#5180,#2155,.T.);
#6584=EDGE_CURVE('',#5181,#5179,#1309,.F.);
#6585=EDGE_CURVE('',#5182,#5183,#2156,.T.);
#6586=EDGE_CURVE('',#5183,#5184,#27,.T.);
#6587=EDGE_CURVE('',#5184,#5185,#2157,.T.);
#6588=EDGE_CURVE('',#5185,#5182,#21,.T.);
#6589=EDGE_CURVE('',#5183,#5186,#1310,.T.);
#6590=EDGE_CURVE('',#5186,#5187,#1311,.T.);
#6591=EDGE_CURVE('',#5187,#5184,#1312,.T.);
#6592=EDGE_CURVE('',#5042,#5187,#2158,.T.);
#6593=EDGE_CURVE('',#5186,#5043,#2159,.T.);
#6594=EDGE_CURVE('',#5185,#5178,#2160,.T.);
#6595=EDGE_CURVE('',#5177,#5179,#2161,.F.);
#6596=EDGE_CURVE('',#5181,#5182,#2162,.T.);
#6597=EDGE_CURVE('',#4857,#5185,#2163,.F.);
#6598=EDGE_CURVE('',#4858,#5184,#2164,.T.);
#6599=EDGE_CURVE('',#4859,#5187,#2165,.T.);
#6600=EDGE_CURVE('',#5188,#5044,#2166,.T.);
#6601=EDGE_CURVE('',#5188,#5189,#2167,.T.);
#6602=EDGE_CURVE('',#5045,#5189,#2168,.T.);
#6603=EDGE_CURVE('',#5190,#5191,#2169,.T.);
#6604=EDGE_CURVE('',#5190,#5192,#2170,.F.);
#6605=EDGE_CURVE('',#5193,#5192,#2171,.T.);
#6606=EDGE_CURVE('',#5191,#5193,#2172,.T.);
#6607=EDGE_CURVE('',#5191,#5188,#1313,.T.);
#6608=EDGE_CURVE('',#5189,#5193,#1314,.T.);
#6609=EDGE_CURVE('',#5194,#5195,#2173,.T.);
#6610=EDGE_CURVE('',#5196,#5194,#2174,.T.);
#6611=EDGE_CURVE('',#5197,#5196,#1315,.T.);
#6612=EDGE_CURVE('',#5046,#5197,#2175,.T.);
#6613=EDGE_CURVE('',#5192,#5198,#2176,.T.);
#6614=EDGE_CURVE('',#5198,#5195,#2177,.T.);
#6615=EDGE_CURVE('',#5175,#5199,#2178,.T.);
#6616=EDGE_CURVE('',#5199,#4731,#2179,.F.);
#6617=EDGE_CURVE('',#5200,#4730,#2180,.T.);
#6618=EDGE_CURVE('',#5199,#5200,#2181,.T.);
#6619=EDGE_CURVE('',#5200,#5201,#1316,.T.);
#6620=EDGE_CURVE('',#5201,#4729,#2182,.T.);
#6621=EDGE_CURVE('',#5201,#5047,#2183,.T.);
#6622=EDGE_CURVE('',#5202,#5195,#1317,.F.);
#6623=EDGE_CURVE('',#5202,#5176,#2184,.F.);
#6624=EDGE_CURVE('',#5194,#5199,#22,.F.);
#6625=EDGE_CURVE('',#5196,#5200,#28,.F.);
#6626=EDGE_CURVE('',#5197,#5201,#1318,.T.);
#6627=EDGE_CURVE('',#5198,#5202,#2185,.T.);
#6628=EDGE_CURVE('',#5180,#5190,#2186,.T.);
#6629=EDGE_CURVE('',#5203,#5204,#2187,.F.);
#6630=EDGE_CURVE('',#5205,#5203,#2188,.T.);
#6631=EDGE_CURVE('',#5206,#5205,#2189,.T.);
#6632=EDGE_CURVE('',#5207,#5206,#2190,.T.);
#6633=EDGE_CURVE('',#5208,#5207,#2191,.T.);
#6634=EDGE_CURVE('',#5208,#5204,#2192,.F.);
#6635=EDGE_CURVE('',#5209,#5207,#2193,.T.);
#6636=EDGE_CURVE('',#5210,#5209,#2194,.F.);
#6637=EDGE_CURVE('',#5211,#5210,#1319,.F.);
#6638=EDGE_CURVE('',#5212,#5211,#2195,.F.);
#6639=EDGE_CURVE('',#5213,#5212,#2196,.T.);
#6640=EDGE_CURVE('',#5214,#5213,#2197,.F.);
#6641=EDGE_CURVE('',#5215,#5214,#1320,.F.);
#6642=EDGE_CURVE('',#5216,#5215,#2198,.F.);
#6643=EDGE_CURVE('',#5217,#5216,#2199,.T.);
#6644=EDGE_CURVE('',#5218,#5217,#2200,.F.);
#6645=EDGE_CURVE('',#5219,#5218,#1321,.F.);
#6646=EDGE_CURVE('',#5220,#5219,#2201,.F.);
#6647=EDGE_CURVE('',#5221,#5220,#2202,.T.);
#6648=EDGE_CURVE('',#5222,#5221,#2203,.F.);
#6649=EDGE_CURVE('',#5223,#5222,#1322,.F.);
#6650=EDGE_CURVE('',#5224,#5223,#2204,.F.);
#6651=EDGE_CURVE('',#5225,#5224,#2205,.T.);
#6652=EDGE_CURVE('',#5226,#5225,#2206,.F.);
#6653=EDGE_CURVE('',#5227,#5226,#1323,.F.);
#6654=EDGE_CURVE('',#5228,#5227,#2207,.F.);
#6655=EDGE_CURVE('',#5229,#5228,#2208,.T.);
#6656=EDGE_CURVE('',#5230,#5229,#2209,.F.);
#6657=EDGE_CURVE('',#5231,#5230,#1324,.F.);
#6658=EDGE_CURVE('',#5232,#5231,#2210,.F.);
#6659=EDGE_CURVE('',#5233,#5232,#2211,.T.);
#6660=EDGE_CURVE('',#5234,#5233,#2212,.F.);
#6661=EDGE_CURVE('',#5235,#5234,#1325,.F.);
#6662=EDGE_CURVE('',#5236,#5235,#2213,.F.);
#6663=EDGE_CURVE('',#5237,#5236,#2214,.T.);
#6664=EDGE_CURVE('',#5238,#5237,#2215,.F.);
#6665=EDGE_CURVE('',#5239,#5238,#1326,.F.);
#6666=EDGE_CURVE('',#5240,#5239,#2216,.F.);
#6667=EDGE_CURVE('',#5241,#5240,#2217,.T.);
#6668=EDGE_CURVE('',#5242,#5241,#2218,.F.);
#6669=EDGE_CURVE('',#5243,#5242,#1327,.F.);
#6670=EDGE_CURVE('',#5244,#5243,#2219,.F.);
#6671=EDGE_CURVE('',#5245,#5244,#2220,.T.);
#6672=EDGE_CURVE('',#5246,#5245,#2221,.T.);
#6673=EDGE_CURVE('',#5246,#5247,#2222,.T.);
#6674=EDGE_CURVE('',#5248,#5247,#2223,.T.);
#6675=EDGE_CURVE('',#5249,#5248,#2224,.T.);
#6676=EDGE_CURVE('',#5250,#5249,#2225,.T.);
#6677=EDGE_CURVE('',#5251,#5250,#2226,.F.);
#6678=EDGE_CURVE('',#5252,#5251,#2227,.T.);
#6679=EDGE_CURVE('',#5253,#5252,#2228,.T.);
#6680=EDGE_CURVE('',#5254,#5253,#2229,.T.);
#6681=EDGE_CURVE('',#5255,#5254,#2230,.F.);
#6682=EDGE_CURVE('',#5256,#5255,#2231,.T.);
#6683=EDGE_CURVE('',#5257,#5256,#2232,.T.);
#6684=EDGE_CURVE('',#5258,#5257,#2233,.T.);
#6685=EDGE_CURVE('',#5259,#5258,#2234,.F.);
#6686=EDGE_CURVE('',#5260,#5259,#2235,.T.);
#6687=EDGE_CURVE('',#5261,#5260,#2236,.T.);
#6688=EDGE_CURVE('',#5262,#5261,#2237,.T.);
#6689=EDGE_CURVE('',#5263,#5262,#2238,.F.);
#6690=EDGE_CURVE('',#5264,#5263,#2239,.T.);
#6691=EDGE_CURVE('',#5265,#5264,#2240,.T.);
#6692=EDGE_CURVE('',#5266,#5265,#2241,.T.);
#6693=EDGE_CURVE('',#5267,#5266,#2242,.F.);
#6694=EDGE_CURVE('',#5268,#5267,#2243,.T.);
#6695=EDGE_CURVE('',#5269,#5268,#2244,.T.);
#6696=EDGE_CURVE('',#5270,#5269,#2245,.T.);
#6697=EDGE_CURVE('',#5271,#5270,#2246,.F.);
#6698=EDGE_CURVE('',#5272,#5271,#2247,.T.);
#6699=EDGE_CURVE('',#5273,#5272,#2248,.T.);
#6700=EDGE_CURVE('',#5274,#5273,#2249,.T.);
#6701=EDGE_CURVE('',#5275,#5274,#2250,.F.);
#6702=EDGE_CURVE('',#5276,#5275,#2251,.T.);
#6703=EDGE_CURVE('',#5277,#5276,#2252,.T.);
#6704=EDGE_CURVE('',#5278,#5277,#2253,.T.);
#6705=EDGE_CURVE('',#5279,#5278,#2254,.F.);
#6706=EDGE_CURVE('',#5280,#5279,#2255,.T.);
#6707=EDGE_CURVE('',#5281,#5280,#2256,.T.);
#6708=EDGE_CURVE('',#5282,#5281,#2257,.T.);
#6709=EDGE_CURVE('',#5283,#5282,#2258,.F.);
#6710=EDGE_CURVE('',#5284,#5283,#2259,.T.);
#6711=EDGE_CURVE('',#5285,#5284,#2260,.T.);
#6712=EDGE_CURVE('',#5286,#5285,#2261,.T.);
#6713=EDGE_CURVE('',#5287,#5286,#2262,.F.);
#6714=EDGE_CURVE('',#5288,#5287,#2263,.T.);
#6715=EDGE_CURVE('',#5289,#5288,#2264,.T.);
#6716=EDGE_CURVE('',#5290,#5289,#2265,.T.);
#6717=EDGE_CURVE('',#5291,#5290,#2266,.F.);
#6718=EDGE_CURVE('',#5292,#5291,#2267,.T.);
#6719=EDGE_CURVE('',#5293,#5292,#2268,.T.);
#6720=EDGE_CURVE('',#5294,#5293,#2269,.T.);
#6721=EDGE_CURVE('',#5295,#5294,#2270,.F.);
#6722=EDGE_CURVE('',#5296,#5295,#2271,.T.);
#6723=EDGE_CURVE('',#5297,#5296,#2272,.T.);
#6724=EDGE_CURVE('',#5298,#5297,#2273,.T.);
#6725=EDGE_CURVE('',#5299,#5298,#2274,.F.);
#6726=EDGE_CURVE('',#5300,#5299,#2275,.T.);
#6727=EDGE_CURVE('',#5301,#5300,#2276,.T.);
#6728=EDGE_CURVE('',#5302,#5301,#2277,.T.);
#6729=EDGE_CURVE('',#5302,#5303,#2278,.T.);
#6730=EDGE_CURVE('',#5303,#5304,#1328,.T.);
#6731=EDGE_CURVE('',#5304,#5305,#2279,.T.);
#6732=EDGE_CURVE('',#5305,#5306,#2280,.T.);
#6733=EDGE_CURVE('',#5307,#5306,#2281,.T.);
#6734=EDGE_CURVE('',#5308,#5307,#2282,.T.);
#6735=EDGE_CURVE('',#5309,#5308,#2283,.T.);
#6736=EDGE_CURVE('',#5309,#5310,#2284,.T.);
#6737=EDGE_CURVE('',#5310,#5311,#2285,.T.);
#6738=EDGE_CURVE('',#5312,#5311,#2286,.T.);
#6739=EDGE_CURVE('',#5313,#5312,#2287,.T.);
#6740=EDGE_CURVE('',#5313,#5314,#2288,.T.);
#6741=EDGE_CURVE('',#5314,#5315,#2289,.T.);
#6742=EDGE_CURVE('',#5316,#5315,#2290,.T.);
#6743=EDGE_CURVE('',#5317,#5316,#2291,.T.);
#6744=EDGE_CURVE('',#5317,#5318,#2292,.T.);
#6745=EDGE_CURVE('',#5318,#5319,#2293,.T.);
#6746=EDGE_CURVE('',#5320,#5319,#2294,.T.);
#6747=EDGE_CURVE('',#5321,#5320,#2295,.T.);
#6748=EDGE_CURVE('',#5321,#5322,#2296,.T.);
#6749=EDGE_CURVE('',#5322,#5323,#2297,.T.);
#6750=EDGE_CURVE('',#5324,#5323,#2298,.T.);
#6751=EDGE_CURVE('',#5325,#5324,#2299,.T.);
#6752=EDGE_CURVE('',#5325,#5326,#2300,.T.);
#6753=EDGE_CURVE('',#5326,#5327,#2301,.T.);
#6754=EDGE_CURVE('',#5328,#5327,#2302,.T.);
#6755=EDGE_CURVE('',#5329,#5328,#2303,.T.);
#6756=EDGE_CURVE('',#5329,#5330,#2304,.T.);
#6757=EDGE_CURVE('',#5330,#5331,#2305,.T.);
#6758=EDGE_CURVE('',#5332,#5331,#2306,.T.);
#6759=EDGE_CURVE('',#5333,#5332,#2307,.T.);
#6760=EDGE_CURVE('',#5333,#5334,#2308,.T.);
#6761=EDGE_CURVE('',#5334,#5335,#2309,.T.);
#6762=EDGE_CURVE('',#5336,#5335,#2310,.T.);
#6763=EDGE_CURVE('',#5337,#5336,#2311,.T.);
#6764=EDGE_CURVE('',#5337,#5338,#2312,.T.);
#6765=EDGE_CURVE('',#5338,#5339,#2313,.T.);
#6766=EDGE_CURVE('',#5340,#5339,#2314,.T.);
#6767=EDGE_CURVE('',#5341,#5340,#2315,.T.);
#6768=EDGE_CURVE('',#5341,#5342,#2316,.T.);
#6769=EDGE_CURVE('',#5342,#5343,#2317,.T.);
#6770=EDGE_CURVE('',#5344,#5343,#2318,.T.);
#6771=EDGE_CURVE('',#5345,#5344,#2319,.T.);
#6772=EDGE_CURVE('',#5345,#5346,#2320,.T.);
#6773=EDGE_CURVE('',#5346,#5347,#2321,.T.);
#6774=EDGE_CURVE('',#5348,#5347,#2322,.T.);
#6775=EDGE_CURVE('',#5349,#5348,#2323,.T.);
#6776=EDGE_CURVE('',#5349,#5350,#2324,.T.);
#6777=EDGE_CURVE('',#5350,#5351,#2325,.T.);
#6778=EDGE_CURVE('',#5352,#5351,#2326,.T.);
#6779=EDGE_CURVE('',#5353,#5352,#2327,.T.);
#6780=EDGE_CURVE('',#5353,#5354,#2328,.T.);
#6781=EDGE_CURVE('',#5354,#5355,#2329,.T.);
#6782=EDGE_CURVE('',#5356,#5355,#2330,.T.);
#6783=EDGE_CURVE('',#5357,#5356,#2331,.T.);
#6784=EDGE_CURVE('',#5357,#5358,#2332,.T.);
#6785=EDGE_CURVE('',#5358,#5359,#2333,.T.);
#6786=EDGE_CURVE('',#5360,#5359,#2334,.T.);
#6787=EDGE_CURVE('',#5208,#5360,#2335,.T.);
#6788=EDGE_CURVE('',#5206,#5361,#2336,.T.);
#6789=EDGE_CURVE('',#5361,#5362,#2337,.T.);
#6790=EDGE_CURVE('',#5362,#5363,#2338,.T.);
#6791=EDGE_CURVE('',#5363,#5209,#2339,.T.);
#6792=EDGE_CURVE('',#5364,#5365,#2340,.T.);
#6793=EDGE_CURVE('',#5364,#5366,#2341,.T.);
#6794=EDGE_CURVE('',#5365,#5366,#2342,.F.);
#6795=EDGE_CURVE('',#5243,#5367,#2343,.T.);
#6796=EDGE_CURVE('',#5244,#5367,#2344,.T.);
#6797=EDGE_CURVE('',#5368,#5369,#2345,.F.);
#6798=EDGE_CURVE('',#5370,#5368,#2346,.T.);
#6799=EDGE_CURVE('',#5369,#5370,#2347,.F.);
#6800=EDGE_CURVE('',#5371,#5241,#2348,.T.);
#6801=EDGE_CURVE('',#5242,#5371,#2349,.F.);
#6802=EDGE_CURVE('',#5372,#5373,#2350,.T.);
#6803=EDGE_CURVE('',#5372,#5374,#2351,.T.);
#6804=EDGE_CURVE('',#5373,#5374,#2352,.F.);
#6805=EDGE_CURVE('',#5239,#5375,#2353,.T.);
#6806=EDGE_CURVE('',#5240,#5375,#2354,.T.);
#6807=EDGE_CURVE('',#5376,#5377,#2355,.F.);
#6808=EDGE_CURVE('',#5378,#5376,#2356,.T.);
#6809=EDGE_CURVE('',#5377,#5378,#2357,.F.);
#6810=EDGE_CURVE('',#5379,#5237,#2358,.T.);
#6811=EDGE_CURVE('',#5238,#5379,#2359,.F.);
#6812=EDGE_CURVE('',#5380,#5381,#2360,.T.);
#6813=EDGE_CURVE('',#5380,#5382,#2361,.T.);
#6814=EDGE_CURVE('',#5381,#5382,#2362,.F.);
#6815=EDGE_CURVE('',#5235,#5383,#2363,.T.);
#6816=EDGE_CURVE('',#5236,#5383,#2364,.T.);
#6817=EDGE_CURVE('',#5384,#5385,#2365,.F.);
#6818=EDGE_CURVE('',#5386,#5384,#2366,.T.);
#6819=EDGE_CURVE('',#5385,#5386,#2367,.F.);
#6820=EDGE_CURVE('',#5387,#5233,#2368,.T.);
#6821=EDGE_CURVE('',#5234,#5387,#2369,.F.);
#6822=EDGE_CURVE('',#5388,#5389,#2370,.T.);
#6823=EDGE_CURVE('',#5388,#5390,#2371,.T.);
#6824=EDGE_CURVE('',#5389,#5390,#2372,.F.);
#6825=EDGE_CURVE('',#5231,#5391,#2373,.T.);
#6826=EDGE_CURVE('',#5232,#5391,#2374,.T.);
#6827=EDGE_CURVE('',#5392,#5393,#2375,.F.);
#6828=EDGE_CURVE('',#5394,#5392,#2376,.T.);
#6829=EDGE_CURVE('',#5393,#5394,#2377,.F.);
#6830=EDGE_CURVE('',#5395,#5229,#2378,.T.);
#6831=EDGE_CURVE('',#5230,#5395,#2379,.F.);
#6832=EDGE_CURVE('',#5396,#5397,#2380,.T.);
#6833=EDGE_CURVE('',#5396,#5398,#2381,.T.);
#6834=EDGE_CURVE('',#5397,#5398,#2382,.F.);
#6835=EDGE_CURVE('',#5227,#5399,#2383,.T.);
#6836=EDGE_CURVE('',#5228,#5399,#2384,.T.);
#6837=EDGE_CURVE('',#5400,#5401,#2385,.F.);
#6838=EDGE_CURVE('',#5402,#5400,#2386,.T.);
#6839=EDGE_CURVE('',#5401,#5402,#2387,.F.);
#6840=EDGE_CURVE('',#5403,#5225,#2388,.T.);
#6841=EDGE_CURVE('',#5226,#5403,#2389,.F.);
#6842=EDGE_CURVE('',#5404,#5405,#2390,.T.);
#6843=EDGE_CURVE('',#5404,#5406,#2391,.T.);
#6844=EDGE_CURVE('',#5405,#5406,#2392,.F.);
#6845=EDGE_CURVE('',#5223,#5407,#2393,.T.);
#6846=EDGE_CURVE('',#5224,#5407,#2394,.T.);
#6847=EDGE_CURVE('',#5408,#5409,#2395,.F.);
#6848=EDGE_CURVE('',#5410,#5408,#2396,.T.);
#6849=EDGE_CURVE('',#5409,#5410,#2397,.F.);
#6850=EDGE_CURVE('',#5411,#5221,#2398,.T.);
#6851=EDGE_CURVE('',#5222,#5411,#2399,.F.);
#6852=EDGE_CURVE('',#5412,#5413,#2400,.T.);
#6853=EDGE_CURVE('',#5412,#5414,#2401,.T.);
#6854=EDGE_CURVE('',#5413,#5414,#2402,.F.);
#6855=EDGE_CURVE('',#5219,#5415,#2403,.T.);
#6856=EDGE_CURVE('',#5220,#5415,#2404,.T.);
#6857=EDGE_CURVE('',#5416,#5417,#2405,.F.);
#6858=EDGE_CURVE('',#5418,#5416,#2406,.T.);
#6859=EDGE_CURVE('',#5417,#5418,#2407,.F.);
#6860=EDGE_CURVE('',#5419,#5217,#2408,.T.);
#6861=EDGE_CURVE('',#5218,#5419,#2409,.F.);
#6862=EDGE_CURVE('',#5420,#5421,#2410,.T.);
#6863=EDGE_CURVE('',#5420,#5422,#2411,.T.);
#6864=EDGE_CURVE('',#5421,#5422,#2412,.F.);
#6865=EDGE_CURVE('',#5215,#5423,#2413,.T.);
#6866=EDGE_CURVE('',#5216,#5423,#2414,.T.);
#6867=EDGE_CURVE('',#5424,#5425,#2415,.F.);
#6868=EDGE_CURVE('',#5426,#5424,#2416,.T.);
#6869=EDGE_CURVE('',#5425,#5426,#2417,.F.);
#6870=EDGE_CURVE('',#5427,#5213,#2418,.T.);
#6871=EDGE_CURVE('',#5214,#5427,#2419,.F.);
#6872=EDGE_CURVE('',#5428,#5429,#2420,.T.);
#6873=EDGE_CURVE('',#5428,#5430,#2421,.T.);
#6874=EDGE_CURVE('',#5429,#5430,#2422,.F.);
#6875=EDGE_CURVE('',#5211,#5431,#2423,.T.);
#6876=EDGE_CURVE('',#5212,#5431,#2424,.T.);
#6877=EDGE_CURVE('',#5432,#5433,#2425,.F.);
#6878=EDGE_CURVE('',#5434,#5432,#2426,.T.);
#6879=EDGE_CURVE('',#5433,#5434,#2427,.F.);
#6880=EDGE_CURVE('',#5210,#5363,#2428,.F.);
#6881=EDGE_CURVE('',#5435,#5301,#2429,.T.);
#6882=EDGE_CURVE('',#5300,#5436,#2430,.T.);
#6883=EDGE_CURVE('',#5436,#5435,#2431,.T.);
#6884=EDGE_CURVE('',#5435,#5437,#2432,.F.);
#6885=EDGE_CURVE('',#5438,#5437,#2433,.T.);
#6886=EDGE_CURVE('',#5438,#5439,#2434,.T.);
#6887=EDGE_CURVE('',#5439,#5440,#2435,.F.);
#6888=EDGE_CURVE('',#5441,#5440,#1329,.T.);
#6889=EDGE_CURVE('',#5441,#5442,#2436,.F.);
#6890=EDGE_CURVE('',#5443,#5442,#1330,.T.);
#6891=EDGE_CURVE('',#5443,#5302,#2437,.F.);
#6892=EDGE_CURVE('',#5437,#5444,#2438,.T.);
#6893=EDGE_CURVE('',#5444,#5445,#2439,.T.);
#6894=EDGE_CURVE('',#5445,#5438,#2440,.T.);
#6895=EDGE_CURVE('',#5204,#5446,#2441,.T.);
#6896=EDGE_CURVE('',#5447,#5446,#2442,.T.);
#6897=EDGE_CURVE('',#5447,#5448,#2443,.T.);
#6898=EDGE_CURVE('',#5448,#5449,#2444,.F.);
#6899=EDGE_CURVE('',#5449,#5450,#2445,.T.);
#6900=EDGE_CURVE('',#5451,#5450,#2446,.T.);
#6901=EDGE_CURVE('',#5451,#5452,#2447,.T.);
#6902=EDGE_CURVE('',#5452,#5453,#2448,.F.);
#6903=EDGE_CURVE('',#5453,#5454,#2449,.T.);
#6904=EDGE_CURVE('',#5455,#5454,#2450,.T.);
#6905=EDGE_CURVE('',#5455,#5456,#2451,.T.);
#6906=EDGE_CURVE('',#5456,#5457,#2452,.F.);
#6907=EDGE_CURVE('',#5457,#5458,#2453,.T.);
#6908=EDGE_CURVE('',#5459,#5458,#2454,.T.);
#6909=EDGE_CURVE('',#5459,#5460,#2455,.T.);
#6910=EDGE_CURVE('',#5460,#5461,#2456,.F.);
#6911=EDGE_CURVE('',#5461,#5462,#2457,.T.);
#6912=EDGE_CURVE('',#5463,#5462,#2458,.T.);
#6913=EDGE_CURVE('',#5463,#5464,#2459,.T.);
#6914=EDGE_CURVE('',#5464,#5465,#2460,.F.);
#6915=EDGE_CURVE('',#5465,#5466,#2461,.T.);
#6916=EDGE_CURVE('',#5467,#5466,#2462,.T.);
#6917=EDGE_CURVE('',#5467,#5468,#2463,.T.);
#6918=EDGE_CURVE('',#5468,#5469,#2464,.F.);
#6919=EDGE_CURVE('',#5469,#5470,#2465,.T.);
#6920=EDGE_CURVE('',#5471,#5470,#2466,.T.);
#6921=EDGE_CURVE('',#5471,#5472,#2467,.T.);
#6922=EDGE_CURVE('',#5472,#5473,#2468,.F.);
#6923=EDGE_CURVE('',#5473,#5474,#2469,.T.);
#6924=EDGE_CURVE('',#5475,#5474,#2470,.T.);
#6925=EDGE_CURVE('',#5475,#5476,#2471,.T.);
#6926=EDGE_CURVE('',#5476,#5477,#2472,.F.);
#6927=EDGE_CURVE('',#5477,#5478,#2473,.T.);
#6928=EDGE_CURVE('',#5479,#5478,#2474,.T.);
#6929=EDGE_CURVE('',#5479,#5480,#2475,.T.);
#6930=EDGE_CURVE('',#5480,#5481,#2476,.F.);
#6931=EDGE_CURVE('',#5481,#5482,#2477,.T.);
#6932=EDGE_CURVE('',#5483,#5482,#2478,.T.);
#6933=EDGE_CURVE('',#5483,#5484,#2479,.T.);
#6934=EDGE_CURVE('',#5484,#5485,#2480,.F.);
#6935=EDGE_CURVE('',#5485,#5486,#2481,.T.);
#6936=EDGE_CURVE('',#5487,#5486,#2482,.T.);
#6937=EDGE_CURVE('',#5487,#5488,#2483,.T.);
#6938=EDGE_CURVE('',#5488,#5489,#2484,.F.);
#6939=EDGE_CURVE('',#5489,#5490,#2485,.T.);
#6940=EDGE_CURVE('',#5491,#5490,#2486,.T.);
#6941=EDGE_CURVE('',#5491,#5492,#2487,.T.);
#6942=EDGE_CURVE('',#5492,#5493,#2488,.F.);
#6943=EDGE_CURVE('',#5493,#5494,#2489,.T.);
#6944=EDGE_CURVE('',#5495,#5494,#2490,.T.);
#6945=EDGE_CURVE('',#5495,#5496,#2491,.T.);
#6946=EDGE_CURVE('',#5496,#5497,#2492,.F.);
#6947=EDGE_CURVE('',#5497,#5498,#2493,.T.);
#6948=EDGE_CURVE('',#5499,#5498,#2494,.T.);
#6949=EDGE_CURVE('',#5500,#5499,#2495,.T.);
#6950=EDGE_CURVE('',#5500,#5501,#2496,.F.);
#6951=EDGE_CURVE('',#5501,#5502,#2497,.F.);
#6952=EDGE_CURVE('',#5502,#5503,#1331,.F.);
#6953=EDGE_CURVE('',#5503,#5439,#2498,.F.);
#6954=EDGE_CURVE('',#5445,#5504,#2499,.T.);
#6955=EDGE_CURVE('',#5504,#5505,#2500,.F.);
#6956=EDGE_CURVE('',#5505,#5506,#2501,.T.);
#6957=EDGE_CURVE('',#5507,#5506,#2502,.T.);
#6958=EDGE_CURVE('',#5507,#5508,#2503,.T.);
#6959=EDGE_CURVE('',#5508,#5509,#2504,.F.);
#6960=EDGE_CURVE('',#5509,#5510,#2505,.T.);
#6961=EDGE_CURVE('',#5511,#5510,#2506,.T.);
#6962=EDGE_CURVE('',#5511,#5512,#2507,.T.);
#6963=EDGE_CURVE('',#5512,#5513,#2508,.F.);
#6964=EDGE_CURVE('',#5513,#5514,#2509,.T.);
#6965=EDGE_CURVE('',#5515,#5514,#2510,.T.);
#6966=EDGE_CURVE('',#5515,#5516,#2511,.T.);
#6967=EDGE_CURVE('',#5516,#5517,#2512,.F.);
#6968=EDGE_CURVE('',#5517,#5518,#2513,.T.);
#6969=EDGE_CURVE('',#5519,#5518,#2514,.T.);
#6970=EDGE_CURVE('',#5519,#5520,#2515,.T.);
#6971=EDGE_CURVE('',#5520,#5521,#2516,.F.);
#6972=EDGE_CURVE('',#5521,#5522,#2517,.T.);
#6973=EDGE_CURVE('',#5523,#5522,#2518,.T.);
#6974=EDGE_CURVE('',#5523,#5524,#2519,.T.);
#6975=EDGE_CURVE('',#5524,#5525,#2520,.F.);
#6976=EDGE_CURVE('',#5525,#5526,#2521,.T.);
#6977=EDGE_CURVE('',#5527,#5526,#2522,.T.);
#6978=EDGE_CURVE('',#5527,#5528,#2523,.T.);
#6979=EDGE_CURVE('',#5528,#5529,#2524,.F.);
#6980=EDGE_CURVE('',#5529,#5530,#2525,.T.);
#6981=EDGE_CURVE('',#5531,#5530,#2526,.T.);
#6982=EDGE_CURVE('',#5531,#5532,#2527,.T.);
#6983=EDGE_CURVE('',#5532,#5533,#2528,.F.);
#6984=EDGE_CURVE('',#5533,#5534,#2529,.T.);
#6985=EDGE_CURVE('',#5535,#5534,#2530,.T.);
#6986=EDGE_CURVE('',#5535,#5536,#2531,.T.);
#6987=EDGE_CURVE('',#5536,#5537,#2532,.F.);
#6988=EDGE_CURVE('',#5537,#5538,#2533,.T.);
#6989=EDGE_CURVE('',#5539,#5538,#2534,.T.);
#6990=EDGE_CURVE('',#5539,#5540,#2535,.T.);
#6991=EDGE_CURVE('',#5540,#5541,#2536,.F.);
#6992=EDGE_CURVE('',#5541,#5542,#2537,.T.);
#6993=EDGE_CURVE('',#5543,#5542,#2538,.T.);
#6994=EDGE_CURVE('',#5543,#5544,#2539,.T.);
#6995=EDGE_CURVE('',#5544,#5545,#2540,.F.);
#6996=EDGE_CURVE('',#5545,#5546,#2541,.T.);
#6997=EDGE_CURVE('',#5547,#5546,#2542,.T.);
#6998=EDGE_CURVE('',#5547,#5548,#2543,.T.);
#6999=EDGE_CURVE('',#5548,#5549,#2544,.F.);
#7000=EDGE_CURVE('',#5549,#5550,#2545,.T.);
#7001=EDGE_CURVE('',#5551,#5550,#2546,.T.);
#7002=EDGE_CURVE('',#5551,#5552,#2547,.T.);
#7003=EDGE_CURVE('',#5552,#5553,#2548,.F.);
#7004=EDGE_CURVE('',#5553,#5554,#2549,.T.);
#7005=EDGE_CURVE('',#5555,#5554,#2550,.T.);
#7006=EDGE_CURVE('',#5555,#5556,#2551,.T.);
#7007=EDGE_CURVE('',#5556,#5557,#2552,.F.);
#7008=EDGE_CURVE('',#5557,#5558,#2553,.T.);
#7009=EDGE_CURVE('',#5365,#5558,#2554,.T.);
#7010=EDGE_CURVE('',#5366,#5369,#1332,.F.);
#7011=EDGE_CURVE('',#5373,#5370,#2555,.T.);
#7012=EDGE_CURVE('',#5374,#5377,#1333,.F.);
#7013=EDGE_CURVE('',#5381,#5378,#2556,.T.);
#7014=EDGE_CURVE('',#5382,#5385,#1334,.F.);
#7015=EDGE_CURVE('',#5389,#5386,#2557,.T.);
#7016=EDGE_CURVE('',#5390,#5393,#1335,.F.);
#7017=EDGE_CURVE('',#5397,#5394,#2558,.T.);
#7018=EDGE_CURVE('',#5398,#5401,#1336,.F.);
#7019=EDGE_CURVE('',#5405,#5402,#2559,.T.);
#7020=EDGE_CURVE('',#5406,#5409,#1337,.F.);
#7021=EDGE_CURVE('',#5413,#5410,#2560,.T.);
#7022=EDGE_CURVE('',#5414,#5417,#1338,.F.);
#7023=EDGE_CURVE('',#5421,#5418,#2561,.T.);
#7024=EDGE_CURVE('',#5422,#5425,#1339,.F.);
#7025=EDGE_CURVE('',#5429,#5426,#2562,.T.);
#7026=EDGE_CURVE('',#5430,#5433,#1340,.F.);
#7027=EDGE_CURVE('',#5203,#5434,#2563,.T.);
#7028=EDGE_CURVE('',#5506,#5559,#2564,.T.);
#7029=EDGE_CURVE('',#5559,#5560,#2565,.T.);
#7030=EDGE_CURVE('',#5560,#5507,#2566,.T.);
#7031=EDGE_CURVE('',#5561,#5560,#2567,.T.);
#7032=EDGE_CURVE('',#5296,#5561,#2568,.T.);
#7033=EDGE_CURVE('',#5295,#5508,#2569,.T.);
#7034=EDGE_CURVE('',#5561,#5562,#2570,.T.);
#7035=EDGE_CURVE('',#5562,#5297,#2571,.T.);
#7036=EDGE_CURVE('',#5510,#5563,#2572,.T.);
#7037=EDGE_CURVE('',#5563,#5564,#2573,.T.);
#7038=EDGE_CURVE('',#5564,#5511,#2574,.T.);
#7039=EDGE_CURVE('',#5565,#5564,#2575,.T.);
#7040=EDGE_CURVE('',#5292,#5565,#2576,.T.);
#7041=EDGE_CURVE('',#5291,#5512,#2577,.T.);
#7042=EDGE_CURVE('',#5565,#5566,#2578,.T.);
#7043=EDGE_CURVE('',#5566,#5293,#2579,.T.);
#7044=EDGE_CURVE('',#5514,#5567,#2580,.T.);
#7045=EDGE_CURVE('',#5567,#5568,#2581,.T.);
#7046=EDGE_CURVE('',#5568,#5515,#2582,.T.);
#7047=EDGE_CURVE('',#5569,#5568,#2583,.T.);
#7048=EDGE_CURVE('',#5288,#5569,#2584,.T.);
#7049=EDGE_CURVE('',#5287,#5516,#2585,.T.);
#7050=EDGE_CURVE('',#5569,#5570,#2586,.T.);
#7051=EDGE_CURVE('',#5570,#5289,#2587,.T.);
#7052=EDGE_CURVE('',#5518,#5571,#2588,.T.);
#7053=EDGE_CURVE('',#5571,#5572,#2589,.T.);
#7054=EDGE_CURVE('',#5572,#5519,#2590,.T.);
#7055=EDGE_CURVE('',#5573,#5572,#2591,.T.);
#7056=EDGE_CURVE('',#5284,#5573,#2592,.T.);
#7057=EDGE_CURVE('',#5283,#5520,#2593,.T.);
#7058=EDGE_CURVE('',#5573,#5574,#2594,.T.);
#7059=EDGE_CURVE('',#5574,#5285,#2595,.T.);
#7060=EDGE_CURVE('',#5522,#5575,#2596,.T.);
#7061=EDGE_CURVE('',#5575,#5576,#2597,.T.);
#7062=EDGE_CURVE('',#5576,#5523,#2598,.T.);
#7063=EDGE_CURVE('',#5577,#5576,#2599,.T.);
#7064=EDGE_CURVE('',#5280,#5577,#2600,.T.);
#7065=EDGE_CURVE('',#5279,#5524,#2601,.T.);
#7066=EDGE_CURVE('',#5577,#5578,#2602,.T.);
#7067=EDGE_CURVE('',#5578,#5281,#2603,.T.);
#7068=EDGE_CURVE('',#5526,#5579,#2604,.T.);
#7069=EDGE_CURVE('',#5579,#5580,#2605,.T.);
#7070=EDGE_CURVE('',#5580,#5527,#2606,.T.);
#7071=EDGE_CURVE('',#5581,#5580,#2607,.T.);
#7072=EDGE_CURVE('',#5276,#5581,#2608,.T.);
#7073=EDGE_CURVE('',#5275,#5528,#2609,.T.);
#7074=EDGE_CURVE('',#5581,#5582,#2610,.T.);
#7075=EDGE_CURVE('',#5582,#5277,#2611,.T.);
#7076=EDGE_CURVE('',#5530,#5583,#2612,.T.);
#7077=EDGE_CURVE('',#5583,#5584,#2613,.T.);
#7078=EDGE_CURVE('',#5584,#5531,#2614,.T.);
#7079=EDGE_CURVE('',#5585,#5584,#2615,.T.);
#7080=EDGE_CURVE('',#5272,#5585,#2616,.T.);
#7081=EDGE_CURVE('',#5271,#5532,#2617,.T.);
#7082=EDGE_CURVE('',#5585,#5586,#2618,.T.);
#7083=EDGE_CURVE('',#5586,#5273,#2619,.T.);
#7084=EDGE_CURVE('',#5534,#5587,#2620,.T.);
#7085=EDGE_CURVE('',#5587,#5588,#2621,.T.);
#7086=EDGE_CURVE('',#5588,#5535,#2622,.T.);
#7087=EDGE_CURVE('',#5589,#5588,#2623,.T.);
#7088=EDGE_CURVE('',#5268,#5589,#2624,.T.);
#7089=EDGE_CURVE('',#5267,#5536,#2625,.T.);
#7090=EDGE_CURVE('',#5589,#5590,#2626,.T.);
#7091=EDGE_CURVE('',#5590,#5269,#2627,.T.);
#7092=EDGE_CURVE('',#5538,#5591,#2628,.T.);
#7093=EDGE_CURVE('',#5591,#5592,#2629,.T.);
#7094=EDGE_CURVE('',#5592,#5539,#2630,.T.);
#7095=EDGE_CURVE('',#5593,#5592,#2631,.T.);
#7096=EDGE_CURVE('',#5264,#5593,#2632,.T.);
#7097=EDGE_CURVE('',#5263,#5540,#2633,.T.);
#7098=EDGE_CURVE('',#5593,#5594,#2634,.T.);
#7099=EDGE_CURVE('',#5594,#5265,#2635,.T.);
#7100=EDGE_CURVE('',#5542,#5595,#2636,.T.);
#7101=EDGE_CURVE('',#5595,#5596,#2637,.T.);
#7102=EDGE_CURVE('',#5596,#5543,#2638,.T.);
#7103=EDGE_CURVE('',#5597,#5596,#2639,.T.);
#7104=EDGE_CURVE('',#5260,#5597,#2640,.T.);
#7105=EDGE_CURVE('',#5259,#5544,#2641,.T.);
#7106=EDGE_CURVE('',#5597,#5598,#2642,.T.);
#7107=EDGE_CURVE('',#5598,#5261,#2643,.T.);
#7108=EDGE_CURVE('',#5546,#5599,#2644,.T.);
#7109=EDGE_CURVE('',#5599,#5600,#2645,.T.);
#7110=EDGE_CURVE('',#5600,#5547,#2646,.T.);
#7111=EDGE_CURVE('',#5601,#5600,#2647,.T.);
#7112=EDGE_CURVE('',#5256,#5601,#2648,.T.);
#7113=EDGE_CURVE('',#5255,#5548,#2649,.T.);
#7114=EDGE_CURVE('',#5601,#5602,#2650,.T.);
#7115=EDGE_CURVE('',#5602,#5257,#2651,.T.);
#7116=EDGE_CURVE('',#5550,#5603,#2652,.T.);
#7117=EDGE_CURVE('',#5603,#5604,#2653,.T.);
#7118=EDGE_CURVE('',#5604,#5551,#2654,.T.);
#7119=EDGE_CURVE('',#5605,#5604,#2655,.T.);
#7120=EDGE_CURVE('',#5252,#5605,#2656,.T.);
#7121=EDGE_CURVE('',#5251,#5552,#2657,.T.);
#7122=EDGE_CURVE('',#5605,#5606,#2658,.T.);
#7123=EDGE_CURVE('',#5606,#5253,#2659,.T.);
#7124=EDGE_CURVE('',#5554,#5607,#2660,.T.);
#7125=EDGE_CURVE('',#5607,#5608,#2661,.T.);
#7126=EDGE_CURVE('',#5608,#5555,#2662,.T.);
#7127=EDGE_CURVE('',#5609,#5608,#2663,.T.);
#7128=EDGE_CURVE('',#5248,#5609,#2664,.T.);
#7129=EDGE_CURVE('',#5247,#5556,#2665,.T.);
#7130=EDGE_CURVE('',#5609,#5610,#2666,.T.);
#7131=EDGE_CURVE('',#5610,#5249,#2667,.T.);
#7132=EDGE_CURVE('',#5558,#5611,#2668,.T.);
#7133=EDGE_CURVE('',#5611,#5612,#2669,.T.);
#7134=EDGE_CURVE('',#5612,#5364,#2670,.T.);
#7135=EDGE_CURVE('',#5367,#5613,#2671,.T.);
#7136=EDGE_CURVE('',#5367,#5364,#2672,.T.);
#7137=EDGE_CURVE('',#5613,#5612,#2673,.T.);
#7138=EDGE_CURVE('',#5613,#5614,#2674,.T.);
#7139=EDGE_CURVE('',#5614,#5245,#2675,.T.);
#7140=EDGE_CURVE('',#5368,#5615,#2676,.T.);
#7141=EDGE_CURVE('',#5615,#5616,#2677,.T.);
#7142=EDGE_CURVE('',#5616,#5372,#2678,.T.);
#7143=EDGE_CURVE('',#5375,#5617,#2679,.T.);
#7144=EDGE_CURVE('',#5375,#5372,#2680,.T.);
#7145=EDGE_CURVE('',#5617,#5616,#2681,.T.);
#7146=EDGE_CURVE('',#5617,#5618,#2682,.T.);
#7147=EDGE_CURVE('',#5618,#5371,#2683,.T.);
#7148=EDGE_CURVE('',#5376,#5619,#2684,.T.);
#7149=EDGE_CURVE('',#5619,#5620,#2685,.T.);
#7150=EDGE_CURVE('',#5620,#5380,#2686,.T.);
#7151=EDGE_CURVE('',#5383,#5621,#2687,.T.);
#7152=EDGE_CURVE('',#5383,#5380,#2688,.T.);
#7153=EDGE_CURVE('',#5621,#5620,#2689,.T.);
#7154=EDGE_CURVE('',#5621,#5622,#2690,.T.);
#7155=EDGE_CURVE('',#5622,#5379,#2691,.T.);
#7156=EDGE_CURVE('',#5384,#5623,#2692,.T.);
#7157=EDGE_CURVE('',#5623,#5624,#2693,.T.);
#7158=EDGE_CURVE('',#5624,#5388,#2694,.T.);
#7159=EDGE_CURVE('',#5391,#5625,#2695,.T.);
#7160=EDGE_CURVE('',#5391,#5388,#2696,.T.);
#7161=EDGE_CURVE('',#5625,#5624,#2697,.T.);
#7162=EDGE_CURVE('',#5625,#5626,#2698,.T.);
#7163=EDGE_CURVE('',#5626,#5387,#2699,.T.);
#7164=EDGE_CURVE('',#5392,#5627,#2700,.T.);
#7165=EDGE_CURVE('',#5627,#5628,#2701,.T.);
#7166=EDGE_CURVE('',#5628,#5396,#2702,.T.);
#7167=EDGE_CURVE('',#5399,#5629,#2703,.T.);
#7168=EDGE_CURVE('',#5399,#5396,#2704,.T.);
#7169=EDGE_CURVE('',#5629,#5628,#2705,.T.);
#7170=EDGE_CURVE('',#5629,#5630,#2706,.T.);
#7171=EDGE_CURVE('',#5630,#5395,#2707,.T.);
#7172=EDGE_CURVE('',#5400,#5631,#2708,.T.);
#7173=EDGE_CURVE('',#5631,#5632,#2709,.T.);
#7174=EDGE_CURVE('',#5632,#5404,#2710,.T.);
#7175=EDGE_CURVE('',#5407,#5633,#2711,.T.);
#7176=EDGE_CURVE('',#5407,#5404,#2712,.T.);
#7177=EDGE_CURVE('',#5633,#5632,#2713,.T.);
#7178=EDGE_CURVE('',#5633,#5634,#2714,.T.);
#7179=EDGE_CURVE('',#5634,#5403,#2715,.T.);
#7180=EDGE_CURVE('',#5408,#5635,#2716,.T.);
#7181=EDGE_CURVE('',#5635,#5636,#2717,.T.);
#7182=EDGE_CURVE('',#5636,#5412,#2718,.T.);
#7183=EDGE_CURVE('',#5415,#5637,#2719,.T.);
#7184=EDGE_CURVE('',#5415,#5412,#2720,.T.);
#7185=EDGE_CURVE('',#5637,#5636,#2721,.T.);
#7186=EDGE_CURVE('',#5637,#5638,#2722,.T.);
#7187=EDGE_CURVE('',#5638,#5411,#2723,.T.);
#7188=EDGE_CURVE('',#5416,#5639,#2724,.T.);
#7189=EDGE_CURVE('',#5639,#5640,#2725,.T.);
#7190=EDGE_CURVE('',#5640,#5420,#2726,.T.);
#7191=EDGE_CURVE('',#5423,#5641,#2727,.T.);
#7192=EDGE_CURVE('',#5423,#5420,#2728,.T.);
#7193=EDGE_CURVE('',#5641,#5640,#2729,.T.);
#7194=EDGE_CURVE('',#5641,#5642,#2730,.T.);
#7195=EDGE_CURVE('',#5642,#5419,#2731,.T.);
#7196=EDGE_CURVE('',#5424,#5643,#2732,.T.);
#7197=EDGE_CURVE('',#5643,#5644,#2733,.T.);
#7198=EDGE_CURVE('',#5644,#5428,#2734,.T.);
#7199=EDGE_CURVE('',#5431,#5645,#2735,.T.);
#7200=EDGE_CURVE('',#5431,#5428,#2736,.T.);
#7201=EDGE_CURVE('',#5645,#5644,#2737,.T.);
#7202=EDGE_CURVE('',#5645,#5646,#2738,.T.);
#7203=EDGE_CURVE('',#5646,#5427,#2739,.T.);
#7204=EDGE_CURVE('',#5432,#5647,#2740,.T.);
#7205=EDGE_CURVE('',#5647,#5648,#2741,.T.);
#7206=EDGE_CURVE('',#5648,#5205,#2742,.T.);
#7207=EDGE_CURVE('',#5361,#5648,#2743,.T.);
#7208=EDGE_CURVE('',#5446,#5649,#2744,.T.);
#7209=EDGE_CURVE('',#5649,#5650,#2745,.T.);
#7210=EDGE_CURVE('',#5650,#5651,#2746,.T.);
#7211=EDGE_CURVE('',#5651,#5447,#2747,.T.);
#7212=EDGE_CURVE('',#5652,#5650,#2748,.T.);
#7213=EDGE_CURVE('',#5653,#5652,#2749,.T.);
#7214=EDGE_CURVE('',#5653,#5651,#2750,.T.);
#7215=EDGE_CURVE('',#5654,#5649,#2751,.F.);
#7216=EDGE_CURVE('',#5652,#5654,#2752,.T.);
#7217=EDGE_CURVE('',#5654,#5360,#2753,.T.);
#7218=EDGE_CURVE('',#5359,#5653,#2754,.T.);
#7219=EDGE_CURVE('',#5450,#5655,#2755,.T.);
#7220=EDGE_CURVE('',#5655,#5656,#2756,.T.);
#7221=EDGE_CURVE('',#5656,#5657,#2757,.T.);
#7222=EDGE_CURVE('',#5657,#5451,#2758,.T.);
#7223=EDGE_CURVE('',#5658,#5656,#2759,.T.);
#7224=EDGE_CURVE('',#5659,#5658,#2760,.T.);
#7225=EDGE_CURVE('',#5659,#5657,#2761,.T.);
#7226=EDGE_CURVE('',#5660,#5655,#2762,.F.);
#7227=EDGE_CURVE('',#5658,#5660,#2763,.T.);
#7228=EDGE_CURVE('',#5357,#5449,#2764,.F.);
#7229=EDGE_CURVE('',#5660,#5356,#2765,.T.);
#7230=EDGE_CURVE('',#5355,#5659,#2766,.T.);
#7231=EDGE_CURVE('',#5454,#5661,#2767,.T.);
#7232=EDGE_CURVE('',#5661,#5662,#2768,.T.);
#7233=EDGE_CURVE('',#5662,#5663,#2769,.T.);
#7234=EDGE_CURVE('',#5663,#5455,#2770,.T.);
#7235=EDGE_CURVE('',#5664,#5662,#2771,.T.);
#7236=EDGE_CURVE('',#5665,#5664,#2772,.T.);
#7237=EDGE_CURVE('',#5665,#5663,#2773,.T.);
#7238=EDGE_CURVE('',#5666,#5661,#2774,.F.);
#7239=EDGE_CURVE('',#5664,#5666,#2775,.T.);
#7240=EDGE_CURVE('',#5353,#5453,#2776,.F.);
#7241=EDGE_CURVE('',#5666,#5352,#2777,.T.);
#7242=EDGE_CURVE('',#5351,#5665,#2778,.T.);
#7243=EDGE_CURVE('',#5458,#5667,#2779,.T.);
#7244=EDGE_CURVE('',#5667,#5668,#2780,.T.);
#7245=EDGE_CURVE('',#5668,#5669,#2781,.T.);
#7246=EDGE_CURVE('',#5669,#5459,#2782,.T.);
#7247=EDGE_CURVE('',#5670,#5668,#2783,.T.);
#7248=EDGE_CURVE('',#5671,#5670,#2784,.T.);
#7249=EDGE_CURVE('',#5671,#5669,#2785,.T.);
#7250=EDGE_CURVE('',#5672,#5667,#2786,.F.);
#7251=EDGE_CURVE('',#5670,#5672,#2787,.T.);
#7252=EDGE_CURVE('',#5349,#5457,#2788,.F.);
#7253=EDGE_CURVE('',#5672,#5348,#2789,.T.);
#7254=EDGE_CURVE('',#5347,#5671,#2790,.T.);
#7255=EDGE_CURVE('',#5462,#5673,#2791,.T.);
#7256=EDGE_CURVE('',#5673,#5674,#2792,.T.);
#7257=EDGE_CURVE('',#5674,#5675,#2793,.T.);
#7258=EDGE_CURVE('',#5675,#5463,#2794,.T.);
#7259=EDGE_CURVE('',#5676,#5674,#2795,.T.);
#7260=EDGE_CURVE('',#5677,#5676,#2796,.T.);
#7261=EDGE_CURVE('',#5677,#5675,#2797,.T.);
#7262=EDGE_CURVE('',#5678,#5673,#2798,.F.);
#7263=EDGE_CURVE('',#5676,#5678,#2799,.T.);
#7264=EDGE_CURVE('',#5345,#5461,#2800,.F.);
#7265=EDGE_CURVE('',#5678,#5344,#2801,.T.);
#7266=EDGE_CURVE('',#5343,#5677,#2802,.T.);
#7267=EDGE_CURVE('',#5466,#5679,#2803,.T.);
#7268=EDGE_CURVE('',#5679,#5680,#2804,.T.);
#7269=EDGE_CURVE('',#5680,#5681,#2805,.T.);
#7270=EDGE_CURVE('',#5681,#5467,#2806,.T.);
#7271=EDGE_CURVE('',#5682,#5680,#2807,.T.);
#7272=EDGE_CURVE('',#5683,#5682,#2808,.T.);
#7273=EDGE_CURVE('',#5683,#5681,#2809,.T.);
#7274=EDGE_CURVE('',#5684,#5679,#2810,.F.);
#7275=EDGE_CURVE('',#5682,#5684,#2811,.T.);
#7276=EDGE_CURVE('',#5341,#5465,#2812,.F.);
#7277=EDGE_CURVE('',#5684,#5340,#2813,.T.);
#7278=EDGE_CURVE('',#5339,#5683,#2814,.T.);
#7279=EDGE_CURVE('',#5470,#5685,#2815,.T.);
#7280=EDGE_CURVE('',#5685,#5686,#2816,.T.);
#7281=EDGE_CURVE('',#5686,#5687,#2817,.T.);
#7282=EDGE_CURVE('',#5687,#5471,#2818,.T.);
#7283=EDGE_CURVE('',#5688,#5686,#2819,.T.);
#7284=EDGE_CURVE('',#5689,#5688,#2820,.T.);
#7285=EDGE_CURVE('',#5689,#5687,#2821,.T.);
#7286=EDGE_CURVE('',#5690,#5685,#2822,.F.);
#7287=EDGE_CURVE('',#5688,#5690,#2823,.T.);
#7288=EDGE_CURVE('',#5337,#5469,#2824,.F.);
#7289=EDGE_CURVE('',#5690,#5336,#2825,.T.);
#7290=EDGE_CURVE('',#5335,#5689,#2826,.T.);
#7291=EDGE_CURVE('',#5474,#5691,#2827,.T.);
#7292=EDGE_CURVE('',#5691,#5692,#2828,.T.);
#7293=EDGE_CURVE('',#5692,#5693,#2829,.T.);
#7294=EDGE_CURVE('',#5693,#5475,#2830,.T.);
#7295=EDGE_CURVE('',#5694,#5692,#2831,.T.);
#7296=EDGE_CURVE('',#5695,#5694,#2832,.T.);
#7297=EDGE_CURVE('',#5695,#5693,#2833,.T.);
#7298=EDGE_CURVE('',#5696,#5691,#2834,.F.);
#7299=EDGE_CURVE('',#5694,#5696,#2835,.T.);
#7300=EDGE_CURVE('',#5333,#5473,#2836,.F.);
#7301=EDGE_CURVE('',#5696,#5332,#2837,.T.);
#7302=EDGE_CURVE('',#5331,#5695,#2838,.T.);
#7303=EDGE_CURVE('',#5478,#5697,#2839,.T.);
#7304=EDGE_CURVE('',#5697,#5698,#2840,.T.);
#7305=EDGE_CURVE('',#5698,#5699,#2841,.T.);
#7306=EDGE_CURVE('',#5699,#5479,#2842,.T.);
#7307=EDGE_CURVE('',#5700,#5698,#2843,.T.);
#7308=EDGE_CURVE('',#5701,#5700,#2844,.T.);
#7309=EDGE_CURVE('',#5701,#5699,#2845,.T.);
#7310=EDGE_CURVE('',#5702,#5697,#2846,.F.);
#7311=EDGE_CURVE('',#5700,#5702,#2847,.T.);
#7312=EDGE_CURVE('',#5329,#5477,#2848,.F.);
#7313=EDGE_CURVE('',#5702,#5328,#2849,.T.);
#7314=EDGE_CURVE('',#5327,#5701,#2850,.T.);
#7315=EDGE_CURVE('',#5482,#5703,#2851,.T.);
#7316=EDGE_CURVE('',#5703,#5704,#2852,.T.);
#7317=EDGE_CURVE('',#5704,#5705,#2853,.T.);
#7318=EDGE_CURVE('',#5705,#5483,#2854,.T.);
#7319=EDGE_CURVE('',#5706,#5704,#2855,.T.);
#7320=EDGE_CURVE('',#5707,#5706,#2856,.T.);
#7321=EDGE_CURVE('',#5707,#5705,#2857,.T.);
#7322=EDGE_CURVE('',#5708,#5703,#2858,.F.);
#7323=EDGE_CURVE('',#5706,#5708,#2859,.T.);
#7324=EDGE_CURVE('',#5325,#5481,#2860,.F.);
#7325=EDGE_CURVE('',#5708,#5324,#2861,.T.);
#7326=EDGE_CURVE('',#5323,#5707,#2862,.T.);
#7327=EDGE_CURVE('',#5486,#5709,#2863,.T.);
#7328=EDGE_CURVE('',#5709,#5710,#2864,.T.);
#7329=EDGE_CURVE('',#5710,#5711,#2865,.T.);
#7330=EDGE_CURVE('',#5711,#5487,#2866,.T.);
#7331=EDGE_CURVE('',#5712,#5710,#2867,.T.);
#7332=EDGE_CURVE('',#5713,#5712,#2868,.T.);
#7333=EDGE_CURVE('',#5713,#5711,#2869,.T.);
#7334=EDGE_CURVE('',#5714,#5709,#2870,.F.);
#7335=EDGE_CURVE('',#5712,#5714,#2871,.T.);
#7336=EDGE_CURVE('',#5321,#5485,#2872,.F.);
#7337=EDGE_CURVE('',#5714,#5320,#2873,.T.);
#7338=EDGE_CURVE('',#5319,#5713,#2874,.T.);
#7339=EDGE_CURVE('',#5490,#5715,#2875,.T.);
#7340=EDGE_CURVE('',#5715,#5716,#2876,.T.);
#7341=EDGE_CURVE('',#5716,#5717,#2877,.T.);
#7342=EDGE_CURVE('',#5717,#5491,#2878,.T.);
#7343=EDGE_CURVE('',#5718,#5716,#2879,.T.);
#7344=EDGE_CURVE('',#5719,#5718,#2880,.T.);
#7345=EDGE_CURVE('',#5719,#5717,#2881,.T.);
#7346=EDGE_CURVE('',#5720,#5715,#2882,.F.);
#7347=EDGE_CURVE('',#5718,#5720,#2883,.T.);
#7348=EDGE_CURVE('',#5317,#5489,#2884,.F.);
#7349=EDGE_CURVE('',#5720,#5316,#2885,.T.);
#7350=EDGE_CURVE('',#5315,#5719,#2886,.T.);
#7351=EDGE_CURVE('',#5494,#5721,#2887,.T.);
#7352=EDGE_CURVE('',#5721,#5722,#2888,.T.);
#7353=EDGE_CURVE('',#5722,#5723,#2889,.T.);
#7354=EDGE_CURVE('',#5723,#5495,#2890,.T.);
#7355=EDGE_CURVE('',#5724,#5722,#2891,.T.);
#7356=EDGE_CURVE('',#5725,#5724,#2892,.T.);
#7357=EDGE_CURVE('',#5725,#5723,#2893,.T.);
#7358=EDGE_CURVE('',#5726,#5721,#2894,.F.);
#7359=EDGE_CURVE('',#5724,#5726,#2895,.T.);
#7360=EDGE_CURVE('',#5313,#5493,#2896,.F.);
#7361=EDGE_CURVE('',#5726,#5312,#2897,.T.);
#7362=EDGE_CURVE('',#5311,#5725,#2898,.T.);
#7363=EDGE_CURVE('',#5307,#5727,#2899,.T.);
#7364=EDGE_CURVE('',#5727,#5728,#2900,.T.);
#7365=EDGE_CURVE('',#5728,#5308,#2901,.T.);
#7366=EDGE_CURVE('',#5728,#5729,#2902,.F.);
#7367=EDGE_CURVE('',#5498,#5729,#2903,.T.);
#7368=EDGE_CURVE('',#5309,#5497,#2904,.F.);
#7369=EDGE_CURVE('',#5730,#5499,#2905,.T.);
#7370=EDGE_CURVE('',#5729,#5730,#2906,.T.);
#7371=EDGE_CURVE('',#5436,#5444,#2907,.T.);
#7372=EDGE_CURVE('',#5299,#5504,#2908,.T.);
#7373=EDGE_CURVE('',#5562,#5559,#2909,.F.);
#7374=EDGE_CURVE('',#5298,#5505,#2910,.F.);
#7375=EDGE_CURVE('',#5566,#5563,#2911,.F.);
#7376=EDGE_CURVE('',#5294,#5509,#2912,.F.);
#7377=EDGE_CURVE('',#5570,#5567,#2913,.F.);
#7378=EDGE_CURVE('',#5290,#5513,#2914,.F.);
#7379=EDGE_CURVE('',#5574,#5571,#2915,.F.);
#7380=EDGE_CURVE('',#5286,#5517,#2916,.F.);
#7381=EDGE_CURVE('',#5578,#5575,#2917,.F.);
#7382=EDGE_CURVE('',#5282,#5521,#2918,.F.);
#7383=EDGE_CURVE('',#5582,#5579,#2919,.F.);
#7384=EDGE_CURVE('',#5278,#5525,#2920,.F.);
#7385=EDGE_CURVE('',#5586,#5583,#2921,.F.);
#7386=EDGE_CURVE('',#5274,#5529,#2922,.F.);
#7387=EDGE_CURVE('',#5590,#5587,#2923,.F.);
#7388=EDGE_CURVE('',#5270,#5533,#2924,.F.);
#7389=EDGE_CURVE('',#5594,#5591,#2925,.F.);
#7390=EDGE_CURVE('',#5266,#5537,#2926,.F.);
#7391=EDGE_CURVE('',#5598,#5595,#2927,.F.);
#7392=EDGE_CURVE('',#5262,#5541,#2928,.F.);
#7393=EDGE_CURVE('',#5602,#5599,#2929,.F.);
#7394=EDGE_CURVE('',#5258,#5545,#2930,.F.);
#7395=EDGE_CURVE('',#5606,#5603,#2931,.F.);
#7396=EDGE_CURVE('',#5254,#5549,#2932,.F.);
#7397=EDGE_CURVE('',#5610,#5607,#2933,.F.);
#7398=EDGE_CURVE('',#5250,#5553,#2934,.F.);
#7399=EDGE_CURVE('',#5614,#5611,#2935,.F.);
#7400=EDGE_CURVE('',#5246,#5557,#2936,.F.);
#7401=EDGE_CURVE('',#5618,#5615,#2937,.F.);
#7402=EDGE_CURVE('',#5371,#5368,#2938,.F.);
#7403=EDGE_CURVE('',#5622,#5619,#2939,.F.);
#7404=EDGE_CURVE('',#5379,#5376,#2940,.F.);
#7405=EDGE_CURVE('',#5626,#5623,#2941,.F.);
#7406=EDGE_CURVE('',#5387,#5384,#2942,.F.);
#7407=EDGE_CURVE('',#5630,#5627,#2943,.F.);
#7408=EDGE_CURVE('',#5395,#5392,#2944,.F.);
#7409=EDGE_CURVE('',#5634,#5631,#2945,.F.);
#7410=EDGE_CURVE('',#5403,#5400,#2946,.F.);
#7411=EDGE_CURVE('',#5638,#5635,#2947,.F.);
#7412=EDGE_CURVE('',#5411,#5408,#2948,.F.);
#7413=EDGE_CURVE('',#5642,#5639,#2949,.F.);
#7414=EDGE_CURVE('',#5419,#5416,#2950,.F.);
#7415=EDGE_CURVE('',#5646,#5643,#2951,.F.);
#7416=EDGE_CURVE('',#5427,#5424,#2952,.F.);
#7417=EDGE_CURVE('',#5362,#5647,#2953,.F.);
#7418=EDGE_CURVE('',#5363,#5432,#2954,.F.);
#7419=EDGE_CURVE('',#5358,#5448,#2955,.T.);
#7420=EDGE_CURVE('',#5354,#5452,#2956,.T.);
#7421=EDGE_CURVE('',#5350,#5456,#2957,.T.);
#7422=EDGE_CURVE('',#5346,#5460,#2958,.T.);
#7423=EDGE_CURVE('',#5342,#5464,#2959,.T.);
#7424=EDGE_CURVE('',#5338,#5468,#2960,.T.);
#7425=EDGE_CURVE('',#5334,#5472,#2961,.T.);
#7426=EDGE_CURVE('',#5330,#5476,#2962,.T.);
#7427=EDGE_CURVE('',#5326,#5480,#2963,.T.);
#7428=EDGE_CURVE('',#5322,#5484,#2964,.T.);
#7429=EDGE_CURVE('',#5318,#5488,#2965,.T.);
#7430=EDGE_CURVE('',#5314,#5492,#2966,.T.);
#7431=EDGE_CURVE('',#5310,#5496,#2967,.T.);
#7432=EDGE_CURVE('',#5306,#5731,#2968,.F.);
#7433=EDGE_CURVE('',#5731,#5732,#1341,.F.);
#7434=EDGE_CURVE('',#5732,#5733,#2969,.T.);
#7435=EDGE_CURVE('',#5733,#5734,#1342,.F.);
#7436=EDGE_CURVE('',#5734,#5500,#2970,.F.);
#7437=EDGE_CURVE('',#5730,#5727,#2971,.F.);
#7438=EDGE_CURVE('',#5735,#5734,#2972,.T.);
#7439=EDGE_CURVE('',#5735,#5501,#2973,.F.);
#7440=EDGE_CURVE('',#5736,#5735,#2974,.T.);
#7441=EDGE_CURVE('',#5736,#5502,#2975,.F.);
#7442=EDGE_CURVE('',#5737,#5503,#2976,.T.);
#7443=EDGE_CURVE('',#5737,#5736,#1343,.T.);
#7444=EDGE_CURVE('',#5738,#5739,#1344,.T.);
#7445=EDGE_CURVE('',#5304,#5738,#2977,.F.);
#7446=EDGE_CURVE('',#5303,#5739,#2978,.T.);
#7447=EDGE_CURVE('',#5305,#5740,#2979,.F.);
#7448=EDGE_CURVE('',#5740,#5738,#2980,.T.);
#7449=EDGE_CURVE('',#5741,#5742,#2981,.F.);
#7450=EDGE_CURVE('',#5743,#5741,#1345,.F.);
#7451=EDGE_CURVE('',#5743,#5744,#2982,.T.);
#7452=EDGE_CURVE('',#5742,#5744,#1346,.F.);
#7453=EDGE_CURVE('',#5741,#5745,#29,.F.);
#7454=EDGE_CURVE('',#5746,#5742,#30,.F.);
#7455=EDGE_CURVE('',#5745,#5746,#2983,.F.);
#7456=EDGE_CURVE('',#5743,#5739,#1347,.T.);
#7457=EDGE_CURVE('',#5747,#5745,#31,.F.);
#7458=EDGE_CURVE('',#5748,#5747,#32,.F.);
#7459=EDGE_CURVE('',#5738,#5748,#33,.T.);
#7460=EDGE_CURVE('',#5747,#5732,#2984,.F.);
#7461=EDGE_CURVE('',#5746,#5749,#34,.F.);
#7462=EDGE_CURVE('',#5733,#5749,#2985,.F.);
#7463=EDGE_CURVE('',#5744,#5737,#1348,.T.);
#7464=EDGE_CURVE('',#5750,#5736,#35,.T.);
#7465=EDGE_CURVE('',#5750,#5749,#36,.T.);
#7466=EDGE_CURVE('',#5751,#5748,#23,.F.);
#7467=EDGE_CURVE('',#5740,#5751,#24,.T.);
#7468=EDGE_CURVE('',#5752,#5750,#25,.F.);
#7469=EDGE_CURVE('',#5752,#5735,#26,.F.);
#7470=EDGE_CURVE('',#5731,#5740,#2986,.T.);
#7471=EDGE_CURVE('',#5440,#5737,#2987,.T.);
#7472=EDGE_CURVE('',#5744,#5441,#2988,.F.);
#7473=EDGE_CURVE('',#5743,#5442,#2989,.T.);
#7474=EDGE_CURVE('',#5739,#5443,#2990,.T.);
#7475=ORIENTED_EDGE('',*,*,#5753,.T.);
#7476=ORIENTED_EDGE('',*,*,#5754,.F.);
#7477=ORIENTED_EDGE('',*,*,#5755,.T.);
#7478=ORIENTED_EDGE('',*,*,#5756,.T.);
#7479=ORIENTED_EDGE('',*,*,#5757,.T.);
#7480=ORIENTED_EDGE('',*,*,#5758,.F.);
#7481=ORIENTED_EDGE('',*,*,#5759,.T.);
#7482=ORIENTED_EDGE('',*,*,#5760,.T.);
#7483=ORIENTED_EDGE('',*,*,#5761,.T.);
#7484=ORIENTED_EDGE('',*,*,#5762,.F.);
#7485=ORIENTED_EDGE('',*,*,#5763,.T.);
#7486=ORIENTED_EDGE('',*,*,#5764,.T.);
#7487=ORIENTED_EDGE('',*,*,#5765,.T.);
#7488=ORIENTED_EDGE('',*,*,#5766,.F.);
#7489=ORIENTED_EDGE('',*,*,#5767,.T.);
#7490=ORIENTED_EDGE('',*,*,#5768,.T.);
#7491=ORIENTED_EDGE('',*,*,#5769,.T.);
#7492=ORIENTED_EDGE('',*,*,#5770,.F.);
#7493=ORIENTED_EDGE('',*,*,#5771,.T.);
#7494=ORIENTED_EDGE('',*,*,#5772,.T.);
#7495=ORIENTED_EDGE('',*,*,#5773,.T.);
#7496=ORIENTED_EDGE('',*,*,#5774,.F.);
#7497=ORIENTED_EDGE('',*,*,#5775,.T.);
#7498=ORIENTED_EDGE('',*,*,#5776,.T.);
#7499=ORIENTED_EDGE('',*,*,#5777,.T.);
#7500=ORIENTED_EDGE('',*,*,#5778,.F.);
#7501=ORIENTED_EDGE('',*,*,#5779,.T.);
#7502=ORIENTED_EDGE('',*,*,#5780,.T.);
#7503=ORIENTED_EDGE('',*,*,#5781,.T.);
#7504=ORIENTED_EDGE('',*,*,#5782,.F.);
#7505=ORIENTED_EDGE('',*,*,#5783,.T.);
#7506=ORIENTED_EDGE('',*,*,#5784,.T.);
#7507=ORIENTED_EDGE('',*,*,#5785,.T.);
#7508=ORIENTED_EDGE('',*,*,#5786,.F.);
#7509=ORIENTED_EDGE('',*,*,#5787,.T.);
#7510=ORIENTED_EDGE('',*,*,#5788,.T.);
#7511=ORIENTED_EDGE('',*,*,#5789,.T.);
#7512=ORIENTED_EDGE('',*,*,#5790,.F.);
#7513=ORIENTED_EDGE('',*,*,#5791,.T.);
#7514=ORIENTED_EDGE('',*,*,#5792,.T.);
#7515=ORIENTED_EDGE('',*,*,#5793,.T.);
#7516=ORIENTED_EDGE('',*,*,#5794,.F.);
#7517=ORIENTED_EDGE('',*,*,#5795,.T.);
#7518=ORIENTED_EDGE('',*,*,#5796,.T.);
#7519=ORIENTED_EDGE('',*,*,#5797,.T.);
#7520=ORIENTED_EDGE('',*,*,#5798,.F.);
#7521=ORIENTED_EDGE('',*,*,#5799,.T.);
#7522=ORIENTED_EDGE('',*,*,#5800,.T.);
#7523=ORIENTED_EDGE('',*,*,#5801,.T.);
#7524=ORIENTED_EDGE('',*,*,#5802,.F.);
#7525=ORIENTED_EDGE('',*,*,#5803,.T.);
#7526=ORIENTED_EDGE('',*,*,#5804,.T.);
#7527=ORIENTED_EDGE('',*,*,#5805,.T.);
#7528=ORIENTED_EDGE('',*,*,#5806,.F.);
#7529=ORIENTED_EDGE('',*,*,#5807,.T.);
#7530=ORIENTED_EDGE('',*,*,#5808,.T.);
#7531=ORIENTED_EDGE('',*,*,#5809,.T.);
#7532=ORIENTED_EDGE('',*,*,#5810,.F.);
#7533=ORIENTED_EDGE('',*,*,#5811,.T.);
#7534=ORIENTED_EDGE('',*,*,#5812,.T.);
#7535=ORIENTED_EDGE('',*,*,#5813,.T.);
#7536=ORIENTED_EDGE('',*,*,#5814,.F.);
#7537=ORIENTED_EDGE('',*,*,#5815,.T.);
#7538=ORIENTED_EDGE('',*,*,#5816,.T.);
#7539=ORIENTED_EDGE('',*,*,#5817,.T.);
#7540=ORIENTED_EDGE('',*,*,#5818,.F.);
#7541=ORIENTED_EDGE('',*,*,#5819,.T.);
#7542=ORIENTED_EDGE('',*,*,#5820,.T.);
#7543=ORIENTED_EDGE('',*,*,#5821,.T.);
#7544=ORIENTED_EDGE('',*,*,#5822,.F.);
#7545=ORIENTED_EDGE('',*,*,#5823,.T.);
#7546=ORIENTED_EDGE('',*,*,#5824,.T.);
#7547=ORIENTED_EDGE('',*,*,#5825,.T.);
#7548=ORIENTED_EDGE('',*,*,#5826,.F.);
#7549=ORIENTED_EDGE('',*,*,#5827,.T.);
#7550=ORIENTED_EDGE('',*,*,#5828,.T.);
#7551=ORIENTED_EDGE('',*,*,#5829,.T.);
#7552=ORIENTED_EDGE('',*,*,#5830,.F.);
#7553=ORIENTED_EDGE('',*,*,#5831,.T.);
#7554=ORIENTED_EDGE('',*,*,#5832,.T.);
#7555=ORIENTED_EDGE('',*,*,#5833,.T.);
#7556=ORIENTED_EDGE('',*,*,#5834,.F.);
#7557=ORIENTED_EDGE('',*,*,#5835,.T.);
#7558=ORIENTED_EDGE('',*,*,#5836,.T.);
#7559=ORIENTED_EDGE('',*,*,#5837,.T.);
#7560=ORIENTED_EDGE('',*,*,#5838,.F.);
#7561=ORIENTED_EDGE('',*,*,#5839,.T.);
#7562=ORIENTED_EDGE('',*,*,#5840,.T.);
#7563=ORIENTED_EDGE('',*,*,#5841,.T.);
#7564=ORIENTED_EDGE('',*,*,#5842,.F.);
#7565=ORIENTED_EDGE('',*,*,#5843,.T.);
#7566=ORIENTED_EDGE('',*,*,#5844,.T.);
#7567=ORIENTED_EDGE('',*,*,#5845,.T.);
#7568=ORIENTED_EDGE('',*,*,#5846,.F.);
#7569=ORIENTED_EDGE('',*,*,#5847,.T.);
#7570=ORIENTED_EDGE('',*,*,#5848,.T.);
#7571=ORIENTED_EDGE('',*,*,#5849,.T.);
#7572=ORIENTED_EDGE('',*,*,#5850,.T.);
#7573=ORIENTED_EDGE('',*,*,#5851,.T.);
#7574=ORIENTED_EDGE('',*,*,#5852,.T.);
#7575=ORIENTED_EDGE('',*,*,#5853,.F.);
#7576=ORIENTED_EDGE('',*,*,#5854,.T.);
#7577=ORIENTED_EDGE('',*,*,#5855,.T.);
#7578=ORIENTED_EDGE('',*,*,#5856,.T.);
#7579=ORIENTED_EDGE('',*,*,#5857,.F.);
#7580=ORIENTED_EDGE('',*,*,#5858,.T.);
#7581=ORIENTED_EDGE('',*,*,#5859,.T.);
#7582=ORIENTED_EDGE('',*,*,#5860,.T.);
#7583=ORIENTED_EDGE('',*,*,#5861,.F.);
#7584=ORIENTED_EDGE('',*,*,#5862,.T.);
#7585=ORIENTED_EDGE('',*,*,#5863,.T.);
#7586=ORIENTED_EDGE('',*,*,#5864,.T.);
#7587=ORIENTED_EDGE('',*,*,#5865,.F.);
#7588=ORIENTED_EDGE('',*,*,#5866,.T.);
#7589=ORIENTED_EDGE('',*,*,#5867,.T.);
#7590=ORIENTED_EDGE('',*,*,#5868,.T.);
#7591=ORIENTED_EDGE('',*,*,#5869,.F.);
#7592=ORIENTED_EDGE('',*,*,#5870,.T.);
#7593=ORIENTED_EDGE('',*,*,#5871,.T.);
#7594=ORIENTED_EDGE('',*,*,#5872,.T.);
#7595=ORIENTED_EDGE('',*,*,#5873,.F.);
#7596=ORIENTED_EDGE('',*,*,#5874,.T.);
#7597=ORIENTED_EDGE('',*,*,#5875,.T.);
#7598=ORIENTED_EDGE('',*,*,#5876,.T.);
#7599=ORIENTED_EDGE('',*,*,#5877,.F.);
#7600=ORIENTED_EDGE('',*,*,#5878,.T.);
#7601=ORIENTED_EDGE('',*,*,#5879,.T.);
#7602=ORIENTED_EDGE('',*,*,#5880,.T.);
#7603=ORIENTED_EDGE('',*,*,#5881,.F.);
#7604=ORIENTED_EDGE('',*,*,#5882,.T.);
#7605=ORIENTED_EDGE('',*,*,#5883,.T.);
#7606=ORIENTED_EDGE('',*,*,#5884,.T.);
#7607=ORIENTED_EDGE('',*,*,#5885,.F.);
#7608=ORIENTED_EDGE('',*,*,#5886,.T.);
#7609=ORIENTED_EDGE('',*,*,#5887,.T.);
#7610=ORIENTED_EDGE('',*,*,#5888,.T.);
#7611=ORIENTED_EDGE('',*,*,#5889,.F.);
#7612=ORIENTED_EDGE('',*,*,#5890,.T.);
#7613=ORIENTED_EDGE('',*,*,#5891,.T.);
#7614=ORIENTED_EDGE('',*,*,#5892,.T.);
#7615=ORIENTED_EDGE('',*,*,#5893,.F.);
#7616=ORIENTED_EDGE('',*,*,#5894,.T.);
#7617=ORIENTED_EDGE('',*,*,#5895,.T.);
#7618=ORIENTED_EDGE('',*,*,#5896,.T.);
#7619=ORIENTED_EDGE('',*,*,#5897,.F.);
#7620=ORIENTED_EDGE('',*,*,#5898,.T.);
#7621=ORIENTED_EDGE('',*,*,#5899,.T.);
#7622=ORIENTED_EDGE('',*,*,#5900,.T.);
#7623=ORIENTED_EDGE('',*,*,#5901,.F.);
#7624=ORIENTED_EDGE('',*,*,#5902,.T.);
#7625=ORIENTED_EDGE('',*,*,#5903,.T.);
#7626=ORIENTED_EDGE('',*,*,#5904,.T.);
#7627=ORIENTED_EDGE('',*,*,#5905,.F.);
#7628=ORIENTED_EDGE('',*,*,#5906,.T.);
#7629=ORIENTED_EDGE('',*,*,#5907,.T.);
#7630=ORIENTED_EDGE('',*,*,#5908,.T.);
#7631=ORIENTED_EDGE('',*,*,#5909,.F.);
#7632=ORIENTED_EDGE('',*,*,#5910,.T.);
#7633=ORIENTED_EDGE('',*,*,#5911,.T.);
#7634=ORIENTED_EDGE('',*,*,#5912,.T.);
#7635=ORIENTED_EDGE('',*,*,#5913,.T.);
#7636=ORIENTED_EDGE('',*,*,#5914,.T.);
#7637=ORIENTED_EDGE('',*,*,#5915,.T.);
#7638=ORIENTED_EDGE('',*,*,#5754,.T.);
#7639=ORIENTED_EDGE('',*,*,#5753,.F.);
#7640=ORIENTED_EDGE('',*,*,#5916,.F.);
#7641=ORIENTED_EDGE('',*,*,#5917,.F.);
#7642=ORIENTED_EDGE('',*,*,#5918,.T.);
#7643=ORIENTED_EDGE('',*,*,#5919,.T.);
#7644=ORIENTED_EDGE('',*,*,#5911,.F.);
#7645=ORIENTED_EDGE('',*,*,#5917,.T.);
#7646=ORIENTED_EDGE('',*,*,#5920,.T.);
#7647=ORIENTED_EDGE('',*,*,#5921,.F.);
#7648=ORIENTED_EDGE('',*,*,#5922,.T.);
#7649=ORIENTED_EDGE('',*,*,#5923,.T.);
#7650=ORIENTED_EDGE('',*,*,#5924,.F.);
#7651=ORIENTED_EDGE('',*,*,#5925,.F.);
#7652=ORIENTED_EDGE('',*,*,#5926,.F.);
#7653=ORIENTED_EDGE('',*,*,#5927,.T.);
#7654=ORIENTED_EDGE('',*,*,#5928,.T.);
#7655=ORIENTED_EDGE('',*,*,#5929,.F.);
#7656=ORIENTED_EDGE('',*,*,#5930,.F.);
#7657=ORIENTED_EDGE('',*,*,#5931,.T.);
#7658=ORIENTED_EDGE('',*,*,#5932,.T.);
#7659=ORIENTED_EDGE('',*,*,#5933,.F.);
#7660=ORIENTED_EDGE('',*,*,#5934,.F.);
#7661=ORIENTED_EDGE('',*,*,#5935,.T.);
#7662=ORIENTED_EDGE('',*,*,#5936,.T.);
#7663=ORIENTED_EDGE('',*,*,#5937,.F.);
#7664=ORIENTED_EDGE('',*,*,#5938,.F.);
#7665=ORIENTED_EDGE('',*,*,#5939,.T.);
#7666=ORIENTED_EDGE('',*,*,#5940,.T.);
#7667=ORIENTED_EDGE('',*,*,#5941,.F.);
#7668=ORIENTED_EDGE('',*,*,#5942,.F.);
#7669=ORIENTED_EDGE('',*,*,#5943,.T.);
#7670=ORIENTED_EDGE('',*,*,#5944,.T.);
#7671=ORIENTED_EDGE('',*,*,#5945,.F.);
#7672=ORIENTED_EDGE('',*,*,#5946,.F.);
#7673=ORIENTED_EDGE('',*,*,#5947,.T.);
#7674=ORIENTED_EDGE('',*,*,#5948,.T.);
#7675=ORIENTED_EDGE('',*,*,#5949,.F.);
#7676=ORIENTED_EDGE('',*,*,#5950,.F.);
#7677=ORIENTED_EDGE('',*,*,#5951,.T.);
#7678=ORIENTED_EDGE('',*,*,#5952,.T.);
#7679=ORIENTED_EDGE('',*,*,#5953,.F.);
#7680=ORIENTED_EDGE('',*,*,#5954,.F.);
#7681=ORIENTED_EDGE('',*,*,#5955,.T.);
#7682=ORIENTED_EDGE('',*,*,#5956,.T.);
#7683=ORIENTED_EDGE('',*,*,#5957,.F.);
#7684=ORIENTED_EDGE('',*,*,#5958,.F.);
#7685=ORIENTED_EDGE('',*,*,#5959,.T.);
#7686=ORIENTED_EDGE('',*,*,#5960,.T.);
#7687=ORIENTED_EDGE('',*,*,#5961,.F.);
#7688=ORIENTED_EDGE('',*,*,#5962,.F.);
#7689=ORIENTED_EDGE('',*,*,#5963,.T.);
#7690=ORIENTED_EDGE('',*,*,#5964,.T.);
#7691=ORIENTED_EDGE('',*,*,#5965,.F.);
#7692=ORIENTED_EDGE('',*,*,#5966,.F.);
#7693=ORIENTED_EDGE('',*,*,#5967,.T.);
#7694=ORIENTED_EDGE('',*,*,#5968,.T.);
#7695=ORIENTED_EDGE('',*,*,#5969,.F.);
#7696=ORIENTED_EDGE('',*,*,#5970,.F.);
#7697=ORIENTED_EDGE('',*,*,#5971,.T.);
#7698=ORIENTED_EDGE('',*,*,#5972,.T.);
#7699=ORIENTED_EDGE('',*,*,#5973,.F.);
#7700=ORIENTED_EDGE('',*,*,#5974,.F.);
#7701=ORIENTED_EDGE('',*,*,#5975,.T.);
#7702=ORIENTED_EDGE('',*,*,#5976,.T.);
#7703=ORIENTED_EDGE('',*,*,#5977,.F.);
#7704=ORIENTED_EDGE('',*,*,#5978,.T.);
#7705=ORIENTED_EDGE('',*,*,#5979,.T.);
#7706=ORIENTED_EDGE('',*,*,#5980,.T.);
#7707=ORIENTED_EDGE('',*,*,#5981,.F.);
#7708=ORIENTED_EDGE('',*,*,#5982,.T.);
#7709=ORIENTED_EDGE('',*,*,#5983,.T.);
#7710=ORIENTED_EDGE('',*,*,#5984,.F.);
#7711=ORIENTED_EDGE('',*,*,#5985,.F.);
#7712=ORIENTED_EDGE('',*,*,#5986,.F.);
#7713=ORIENTED_EDGE('',*,*,#5987,.F.);
#7714=ORIENTED_EDGE('',*,*,#5988,.F.);
#7715=ORIENTED_EDGE('',*,*,#5989,.F.);
#7716=ORIENTED_EDGE('',*,*,#5990,.F.);
#7717=ORIENTED_EDGE('',*,*,#5991,.F.);
#7718=ORIENTED_EDGE('',*,*,#5992,.F.);
#7719=ORIENTED_EDGE('',*,*,#5993,.F.);
#7720=ORIENTED_EDGE('',*,*,#5994,.F.);
#7721=ORIENTED_EDGE('',*,*,#5995,.F.);
#7722=ORIENTED_EDGE('',*,*,#5996,.F.);
#7723=ORIENTED_EDGE('',*,*,#5997,.F.);
#7724=ORIENTED_EDGE('',*,*,#5998,.F.);
#7725=ORIENTED_EDGE('',*,*,#5999,.F.);
#7726=ORIENTED_EDGE('',*,*,#6000,.F.);
#7727=ORIENTED_EDGE('',*,*,#6001,.F.);
#7728=ORIENTED_EDGE('',*,*,#6002,.F.);
#7729=ORIENTED_EDGE('',*,*,#6003,.F.);
#7730=ORIENTED_EDGE('',*,*,#6004,.F.);
#7731=ORIENTED_EDGE('',*,*,#6005,.F.);
#7732=ORIENTED_EDGE('',*,*,#6006,.F.);
#7733=ORIENTED_EDGE('',*,*,#6007,.F.);
#7734=ORIENTED_EDGE('',*,*,#6008,.F.);
#7735=ORIENTED_EDGE('',*,*,#6009,.F.);
#7736=ORIENTED_EDGE('',*,*,#6010,.F.);
#7737=ORIENTED_EDGE('',*,*,#6011,.F.);
#7738=ORIENTED_EDGE('',*,*,#6012,.F.);
#7739=ORIENTED_EDGE('',*,*,#6013,.F.);
#7740=ORIENTED_EDGE('',*,*,#6014,.F.);
#7741=ORIENTED_EDGE('',*,*,#6015,.F.);
#7742=ORIENTED_EDGE('',*,*,#6016,.F.);
#7743=ORIENTED_EDGE('',*,*,#6017,.F.);
#7744=ORIENTED_EDGE('',*,*,#6018,.F.);
#7745=ORIENTED_EDGE('',*,*,#6019,.F.);
#7746=ORIENTED_EDGE('',*,*,#6020,.F.);
#7747=ORIENTED_EDGE('',*,*,#6021,.F.);
#7748=ORIENTED_EDGE('',*,*,#6022,.F.);
#7749=ORIENTED_EDGE('',*,*,#6023,.F.);
#7750=ORIENTED_EDGE('',*,*,#6024,.F.);
#7751=ORIENTED_EDGE('',*,*,#6025,.F.);
#7752=ORIENTED_EDGE('',*,*,#6026,.F.);
#7753=ORIENTED_EDGE('',*,*,#6027,.F.);
#7754=ORIENTED_EDGE('',*,*,#6028,.F.);
#7755=ORIENTED_EDGE('',*,*,#6029,.F.);
#7756=ORIENTED_EDGE('',*,*,#6030,.F.);
#7757=ORIENTED_EDGE('',*,*,#6031,.F.);
#7758=ORIENTED_EDGE('',*,*,#6032,.F.);
#7759=ORIENTED_EDGE('',*,*,#6033,.F.);
#7760=ORIENTED_EDGE('',*,*,#6034,.F.);
#7761=ORIENTED_EDGE('',*,*,#6035,.F.);
#7762=ORIENTED_EDGE('',*,*,#6036,.F.);
#7763=ORIENTED_EDGE('',*,*,#6037,.F.);
#7764=ORIENTED_EDGE('',*,*,#6038,.F.);
#7765=ORIENTED_EDGE('',*,*,#6039,.F.);
#7766=ORIENTED_EDGE('',*,*,#6040,.F.);
#7767=ORIENTED_EDGE('',*,*,#6041,.F.);
#7768=ORIENTED_EDGE('',*,*,#6042,.T.);
#7769=ORIENTED_EDGE('',*,*,#6043,.F.);
#7770=ORIENTED_EDGE('',*,*,#6044,.F.);
#7771=ORIENTED_EDGE('',*,*,#6045,.F.);
#7772=ORIENTED_EDGE('',*,*,#6046,.T.);
#7773=ORIENTED_EDGE('',*,*,#6047,.F.);
#7774=ORIENTED_EDGE('',*,*,#6048,.F.);
#7775=ORIENTED_EDGE('',*,*,#6049,.F.);
#7776=ORIENTED_EDGE('',*,*,#6050,.T.);
#7777=ORIENTED_EDGE('',*,*,#6051,.F.);
#7778=ORIENTED_EDGE('',*,*,#6052,.F.);
#7779=ORIENTED_EDGE('',*,*,#6053,.F.);
#7780=ORIENTED_EDGE('',*,*,#6054,.T.);
#7781=ORIENTED_EDGE('',*,*,#6055,.F.);
#7782=ORIENTED_EDGE('',*,*,#6056,.F.);
#7783=ORIENTED_EDGE('',*,*,#6057,.F.);
#7784=ORIENTED_EDGE('',*,*,#6058,.T.);
#7785=ORIENTED_EDGE('',*,*,#6059,.F.);
#7786=ORIENTED_EDGE('',*,*,#6060,.F.);
#7787=ORIENTED_EDGE('',*,*,#6061,.F.);
#7788=ORIENTED_EDGE('',*,*,#6062,.T.);
#7789=ORIENTED_EDGE('',*,*,#6063,.F.);
#7790=ORIENTED_EDGE('',*,*,#6064,.F.);
#7791=ORIENTED_EDGE('',*,*,#6065,.F.);
#7792=ORIENTED_EDGE('',*,*,#6066,.T.);
#7793=ORIENTED_EDGE('',*,*,#6067,.F.);
#7794=ORIENTED_EDGE('',*,*,#6068,.F.);
#7795=ORIENTED_EDGE('',*,*,#6069,.F.);
#7796=ORIENTED_EDGE('',*,*,#6070,.T.);
#7797=ORIENTED_EDGE('',*,*,#6071,.F.);
#7798=ORIENTED_EDGE('',*,*,#6072,.F.);
#7799=ORIENTED_EDGE('',*,*,#6073,.F.);
#7800=ORIENTED_EDGE('',*,*,#6074,.T.);
#7801=ORIENTED_EDGE('',*,*,#6075,.F.);
#7802=ORIENTED_EDGE('',*,*,#6076,.F.);
#7803=ORIENTED_EDGE('',*,*,#5918,.F.);
#7804=ORIENTED_EDGE('',*,*,#6076,.T.);
#7805=ORIENTED_EDGE('',*,*,#6077,.T.);
#7806=ORIENTED_EDGE('',*,*,#6078,.T.);
#7807=ORIENTED_EDGE('',*,*,#6079,.T.);
#7808=ORIENTED_EDGE('',*,*,#6080,.T.);
#7809=ORIENTED_EDGE('',*,*,#6081,.F.);
#7810=ORIENTED_EDGE('',*,*,#6082,.T.);
#7811=ORIENTED_EDGE('',*,*,#5787,.F.);
#7812=ORIENTED_EDGE('',*,*,#6083,.T.);
#7813=ORIENTED_EDGE('',*,*,#6084,.F.);
#7814=ORIENTED_EDGE('',*,*,#6043,.T.);
#7815=ORIENTED_EDGE('',*,*,#6085,.F.);
#7816=ORIENTED_EDGE('',*,*,#6086,.F.);
#7817=ORIENTED_EDGE('',*,*,#5789,.F.);
#7818=ORIENTED_EDGE('',*,*,#6087,.F.);
#7819=ORIENTED_EDGE('',*,*,#6088,.F.);
#7820=ORIENTED_EDGE('',*,*,#6041,.T.);
#7821=ORIENTED_EDGE('',*,*,#6089,.F.);
#7822=ORIENTED_EDGE('',*,*,#6090,.T.);
#7823=ORIENTED_EDGE('',*,*,#5783,.F.);
#7824=ORIENTED_EDGE('',*,*,#6091,.T.);
#7825=ORIENTED_EDGE('',*,*,#6092,.F.);
#7826=ORIENTED_EDGE('',*,*,#6047,.T.);
#7827=ORIENTED_EDGE('',*,*,#6093,.F.);
#7828=ORIENTED_EDGE('',*,*,#6094,.F.);
#7829=ORIENTED_EDGE('',*,*,#5785,.F.);
#7830=ORIENTED_EDGE('',*,*,#6095,.F.);
#7831=ORIENTED_EDGE('',*,*,#6096,.F.);
#7832=ORIENTED_EDGE('',*,*,#6045,.T.);
#7833=ORIENTED_EDGE('',*,*,#6097,.F.);
#7834=ORIENTED_EDGE('',*,*,#6098,.T.);
#7835=ORIENTED_EDGE('',*,*,#5779,.F.);
#7836=ORIENTED_EDGE('',*,*,#6099,.T.);
#7837=ORIENTED_EDGE('',*,*,#6100,.F.);
#7838=ORIENTED_EDGE('',*,*,#6051,.T.);
#7839=ORIENTED_EDGE('',*,*,#6101,.F.);
#7840=ORIENTED_EDGE('',*,*,#6102,.F.);
#7841=ORIENTED_EDGE('',*,*,#5781,.F.);
#7842=ORIENTED_EDGE('',*,*,#6103,.F.);
#7843=ORIENTED_EDGE('',*,*,#6104,.F.);
#7844=ORIENTED_EDGE('',*,*,#6049,.T.);
#7845=ORIENTED_EDGE('',*,*,#6105,.F.);
#7846=ORIENTED_EDGE('',*,*,#6106,.T.);
#7847=ORIENTED_EDGE('',*,*,#5775,.F.);
#7848=ORIENTED_EDGE('',*,*,#6107,.T.);
#7849=ORIENTED_EDGE('',*,*,#6108,.F.);
#7850=ORIENTED_EDGE('',*,*,#6055,.T.);
#7851=ORIENTED_EDGE('',*,*,#6109,.F.);
#7852=ORIENTED_EDGE('',*,*,#6110,.F.);
#7853=ORIENTED_EDGE('',*,*,#5777,.F.);
#7854=ORIENTED_EDGE('',*,*,#6111,.F.);
#7855=ORIENTED_EDGE('',*,*,#6112,.F.);
#7856=ORIENTED_EDGE('',*,*,#6053,.T.);
#7857=ORIENTED_EDGE('',*,*,#6113,.F.);
#7858=ORIENTED_EDGE('',*,*,#6114,.T.);
#7859=ORIENTED_EDGE('',*,*,#5771,.F.);
#7860=ORIENTED_EDGE('',*,*,#6115,.T.);
#7861=ORIENTED_EDGE('',*,*,#6116,.F.);
#7862=ORIENTED_EDGE('',*,*,#6059,.T.);
#7863=ORIENTED_EDGE('',*,*,#6117,.F.);
#7864=ORIENTED_EDGE('',*,*,#6118,.F.);
#7865=ORIENTED_EDGE('',*,*,#5773,.F.);
#7866=ORIENTED_EDGE('',*,*,#6119,.F.);
#7867=ORIENTED_EDGE('',*,*,#6120,.F.);
#7868=ORIENTED_EDGE('',*,*,#6057,.T.);
#7869=ORIENTED_EDGE('',*,*,#6121,.F.);
#7870=ORIENTED_EDGE('',*,*,#6122,.T.);
#7871=ORIENTED_EDGE('',*,*,#5767,.F.);
#7872=ORIENTED_EDGE('',*,*,#6123,.T.);
#7873=ORIENTED_EDGE('',*,*,#6124,.F.);
#7874=ORIENTED_EDGE('',*,*,#6063,.T.);
#7875=ORIENTED_EDGE('',*,*,#6125,.F.);
#7876=ORIENTED_EDGE('',*,*,#6126,.F.);
#7877=ORIENTED_EDGE('',*,*,#5769,.F.);
#7878=ORIENTED_EDGE('',*,*,#6127,.F.);
#7879=ORIENTED_EDGE('',*,*,#6128,.F.);
#7880=ORIENTED_EDGE('',*,*,#6061,.T.);
#7881=ORIENTED_EDGE('',*,*,#6129,.F.);
#7882=ORIENTED_EDGE('',*,*,#6130,.T.);
#7883=ORIENTED_EDGE('',*,*,#5763,.F.);
#7884=ORIENTED_EDGE('',*,*,#6131,.T.);
#7885=ORIENTED_EDGE('',*,*,#6132,.F.);
#7886=ORIENTED_EDGE('',*,*,#6067,.T.);
#7887=ORIENTED_EDGE('',*,*,#6133,.F.);
#7888=ORIENTED_EDGE('',*,*,#6134,.F.);
#7889=ORIENTED_EDGE('',*,*,#5765,.F.);
#7890=ORIENTED_EDGE('',*,*,#6135,.F.);
#7891=ORIENTED_EDGE('',*,*,#6136,.F.);
#7892=ORIENTED_EDGE('',*,*,#6065,.T.);
#7893=ORIENTED_EDGE('',*,*,#6137,.F.);
#7894=ORIENTED_EDGE('',*,*,#6138,.T.);
#7895=ORIENTED_EDGE('',*,*,#5759,.F.);
#7896=ORIENTED_EDGE('',*,*,#6139,.T.);
#7897=ORIENTED_EDGE('',*,*,#6140,.F.);
#7898=ORIENTED_EDGE('',*,*,#6071,.T.);
#7899=ORIENTED_EDGE('',*,*,#6141,.F.);
#7900=ORIENTED_EDGE('',*,*,#6142,.F.);
#7901=ORIENTED_EDGE('',*,*,#5761,.F.);
#7902=ORIENTED_EDGE('',*,*,#6143,.F.);
#7903=ORIENTED_EDGE('',*,*,#6144,.F.);
#7904=ORIENTED_EDGE('',*,*,#6069,.T.);
#7905=ORIENTED_EDGE('',*,*,#5915,.F.);
#7906=ORIENTED_EDGE('',*,*,#6145,.T.);
#7907=ORIENTED_EDGE('',*,*,#5755,.F.);
#7908=ORIENTED_EDGE('',*,*,#6146,.T.);
#7909=ORIENTED_EDGE('',*,*,#6077,.F.);
#7910=ORIENTED_EDGE('',*,*,#6075,.T.);
#7911=ORIENTED_EDGE('',*,*,#6147,.F.);
#7912=ORIENTED_EDGE('',*,*,#6148,.F.);
#7913=ORIENTED_EDGE('',*,*,#5757,.F.);
#7914=ORIENTED_EDGE('',*,*,#6149,.F.);
#7915=ORIENTED_EDGE('',*,*,#6150,.F.);
#7916=ORIENTED_EDGE('',*,*,#6073,.T.);
#7917=ORIENTED_EDGE('',*,*,#6151,.T.);
#7918=ORIENTED_EDGE('',*,*,#6152,.T.);
#7919=ORIENTED_EDGE('',*,*,#6153,.T.);
#7920=ORIENTED_EDGE('',*,*,#5798,.T.);
#7921=ORIENTED_EDGE('',*,*,#6153,.F.);
#7922=ORIENTED_EDGE('',*,*,#6154,.F.);
#7923=ORIENTED_EDGE('',*,*,#6155,.F.);
#7924=ORIENTED_EDGE('',*,*,#6031,.T.);
#7925=ORIENTED_EDGE('',*,*,#6156,.T.);
#7926=ORIENTED_EDGE('',*,*,#5799,.F.);
#7927=ORIENTED_EDGE('',*,*,#6155,.T.);
#7928=ORIENTED_EDGE('',*,*,#6157,.T.);
#7929=ORIENTED_EDGE('',*,*,#6158,.T.);
#7930=ORIENTED_EDGE('',*,*,#6032,.T.);
#7931=ORIENTED_EDGE('',*,*,#6159,.T.);
#7932=ORIENTED_EDGE('',*,*,#6160,.T.);
#7933=ORIENTED_EDGE('',*,*,#6161,.T.);
#7934=ORIENTED_EDGE('',*,*,#5802,.T.);
#7935=ORIENTED_EDGE('',*,*,#6161,.F.);
#7936=ORIENTED_EDGE('',*,*,#6162,.F.);
#7937=ORIENTED_EDGE('',*,*,#6163,.F.);
#7938=ORIENTED_EDGE('',*,*,#6027,.T.);
#7939=ORIENTED_EDGE('',*,*,#6164,.T.);
#7940=ORIENTED_EDGE('',*,*,#5803,.F.);
#7941=ORIENTED_EDGE('',*,*,#6163,.T.);
#7942=ORIENTED_EDGE('',*,*,#6165,.T.);
#7943=ORIENTED_EDGE('',*,*,#6166,.T.);
#7944=ORIENTED_EDGE('',*,*,#6028,.T.);
#7945=ORIENTED_EDGE('',*,*,#6167,.T.);
#7946=ORIENTED_EDGE('',*,*,#6168,.T.);
#7947=ORIENTED_EDGE('',*,*,#6169,.T.);
#7948=ORIENTED_EDGE('',*,*,#5806,.T.);
#7949=ORIENTED_EDGE('',*,*,#6169,.F.);
#7950=ORIENTED_EDGE('',*,*,#6170,.F.);
#7951=ORIENTED_EDGE('',*,*,#6171,.F.);
#7952=ORIENTED_EDGE('',*,*,#6023,.T.);
#7953=ORIENTED_EDGE('',*,*,#6172,.T.);
#7954=ORIENTED_EDGE('',*,*,#5807,.F.);
#7955=ORIENTED_EDGE('',*,*,#6171,.T.);
#7956=ORIENTED_EDGE('',*,*,#6173,.T.);
#7957=ORIENTED_EDGE('',*,*,#6174,.T.);
#7958=ORIENTED_EDGE('',*,*,#6024,.T.);
#7959=ORIENTED_EDGE('',*,*,#6175,.T.);
#7960=ORIENTED_EDGE('',*,*,#6176,.T.);
#7961=ORIENTED_EDGE('',*,*,#6177,.T.);
#7962=ORIENTED_EDGE('',*,*,#5810,.T.);
#7963=ORIENTED_EDGE('',*,*,#6177,.F.);
#7964=ORIENTED_EDGE('',*,*,#6178,.F.);
#7965=ORIENTED_EDGE('',*,*,#6179,.F.);
#7966=ORIENTED_EDGE('',*,*,#6019,.T.);
#7967=ORIENTED_EDGE('',*,*,#6180,.T.);
#7968=ORIENTED_EDGE('',*,*,#5811,.F.);
#7969=ORIENTED_EDGE('',*,*,#6179,.T.);
#7970=ORIENTED_EDGE('',*,*,#6181,.T.);
#7971=ORIENTED_EDGE('',*,*,#6182,.T.);
#7972=ORIENTED_EDGE('',*,*,#6020,.T.);
#7973=ORIENTED_EDGE('',*,*,#6183,.T.);
#7974=ORIENTED_EDGE('',*,*,#6184,.T.);
#7975=ORIENTED_EDGE('',*,*,#6185,.T.);
#7976=ORIENTED_EDGE('',*,*,#5814,.T.);
#7977=ORIENTED_EDGE('',*,*,#6185,.F.);
#7978=ORIENTED_EDGE('',*,*,#6186,.F.);
#7979=ORIENTED_EDGE('',*,*,#6187,.F.);
#7980=ORIENTED_EDGE('',*,*,#6015,.T.);
#7981=ORIENTED_EDGE('',*,*,#6188,.T.);
#7982=ORIENTED_EDGE('',*,*,#5815,.F.);
#7983=ORIENTED_EDGE('',*,*,#6187,.T.);
#7984=ORIENTED_EDGE('',*,*,#6189,.T.);
#7985=ORIENTED_EDGE('',*,*,#6190,.T.);
#7986=ORIENTED_EDGE('',*,*,#6016,.T.);
#7987=ORIENTED_EDGE('',*,*,#6191,.T.);
#7988=ORIENTED_EDGE('',*,*,#6192,.T.);
#7989=ORIENTED_EDGE('',*,*,#6193,.T.);
#7990=ORIENTED_EDGE('',*,*,#5818,.T.);
#7991=ORIENTED_EDGE('',*,*,#6193,.F.);
#7992=ORIENTED_EDGE('',*,*,#6194,.F.);
#7993=ORIENTED_EDGE('',*,*,#6195,.F.);
#7994=ORIENTED_EDGE('',*,*,#6011,.T.);
#7995=ORIENTED_EDGE('',*,*,#6196,.T.);
#7996=ORIENTED_EDGE('',*,*,#5819,.F.);
#7997=ORIENTED_EDGE('',*,*,#6195,.T.);
#7998=ORIENTED_EDGE('',*,*,#6197,.T.);
#7999=ORIENTED_EDGE('',*,*,#6198,.T.);
#8000=ORIENTED_EDGE('',*,*,#6012,.T.);
#8001=ORIENTED_EDGE('',*,*,#6199,.T.);
#8002=ORIENTED_EDGE('',*,*,#6200,.T.);
#8003=ORIENTED_EDGE('',*,*,#6201,.T.);
#8004=ORIENTED_EDGE('',*,*,#5822,.T.);
#8005=ORIENTED_EDGE('',*,*,#6201,.F.);
#8006=ORIENTED_EDGE('',*,*,#6202,.F.);
#8007=ORIENTED_EDGE('',*,*,#6203,.F.);
#8008=ORIENTED_EDGE('',*,*,#6007,.T.);
#8009=ORIENTED_EDGE('',*,*,#6204,.T.);
#8010=ORIENTED_EDGE('',*,*,#5823,.F.);
#8011=ORIENTED_EDGE('',*,*,#6203,.T.);
#8012=ORIENTED_EDGE('',*,*,#6205,.T.);
#8013=ORIENTED_EDGE('',*,*,#6206,.T.);
#8014=ORIENTED_EDGE('',*,*,#6008,.T.);
#8015=ORIENTED_EDGE('',*,*,#6207,.T.);
#8016=ORIENTED_EDGE('',*,*,#6208,.T.);
#8017=ORIENTED_EDGE('',*,*,#6209,.T.);
#8018=ORIENTED_EDGE('',*,*,#5826,.T.);
#8019=ORIENTED_EDGE('',*,*,#6209,.F.);
#8020=ORIENTED_EDGE('',*,*,#6210,.F.);
#8021=ORIENTED_EDGE('',*,*,#6211,.F.);
#8022=ORIENTED_EDGE('',*,*,#6003,.T.);
#8023=ORIENTED_EDGE('',*,*,#6212,.T.);
#8024=ORIENTED_EDGE('',*,*,#5827,.F.);
#8025=ORIENTED_EDGE('',*,*,#6211,.T.);
#8026=ORIENTED_EDGE('',*,*,#6213,.T.);
#8027=ORIENTED_EDGE('',*,*,#6214,.T.);
#8028=ORIENTED_EDGE('',*,*,#6004,.T.);
#8029=ORIENTED_EDGE('',*,*,#6215,.T.);
#8030=ORIENTED_EDGE('',*,*,#6216,.T.);
#8031=ORIENTED_EDGE('',*,*,#6217,.T.);
#8032=ORIENTED_EDGE('',*,*,#5830,.T.);
#8033=ORIENTED_EDGE('',*,*,#6217,.F.);
#8034=ORIENTED_EDGE('',*,*,#6218,.F.);
#8035=ORIENTED_EDGE('',*,*,#6219,.F.);
#8036=ORIENTED_EDGE('',*,*,#5999,.T.);
#8037=ORIENTED_EDGE('',*,*,#6220,.T.);
#8038=ORIENTED_EDGE('',*,*,#5831,.F.);
#8039=ORIENTED_EDGE('',*,*,#6219,.T.);
#8040=ORIENTED_EDGE('',*,*,#6221,.T.);
#8041=ORIENTED_EDGE('',*,*,#6222,.T.);
#8042=ORIENTED_EDGE('',*,*,#6000,.T.);
#8043=ORIENTED_EDGE('',*,*,#6223,.T.);
#8044=ORIENTED_EDGE('',*,*,#6224,.T.);
#8045=ORIENTED_EDGE('',*,*,#6225,.T.);
#8046=ORIENTED_EDGE('',*,*,#5834,.T.);
#8047=ORIENTED_EDGE('',*,*,#6225,.F.);
#8048=ORIENTED_EDGE('',*,*,#6226,.F.);
#8049=ORIENTED_EDGE('',*,*,#6227,.F.);
#8050=ORIENTED_EDGE('',*,*,#5995,.T.);
#8051=ORIENTED_EDGE('',*,*,#6228,.T.);
#8052=ORIENTED_EDGE('',*,*,#5835,.F.);
#8053=ORIENTED_EDGE('',*,*,#6227,.T.);
#8054=ORIENTED_EDGE('',*,*,#6229,.T.);
#8055=ORIENTED_EDGE('',*,*,#6230,.T.);
#8056=ORIENTED_EDGE('',*,*,#5996,.T.);
#8057=ORIENTED_EDGE('',*,*,#6231,.T.);
#8058=ORIENTED_EDGE('',*,*,#6232,.T.);
#8059=ORIENTED_EDGE('',*,*,#6233,.T.);
#8060=ORIENTED_EDGE('',*,*,#5838,.T.);
#8061=ORIENTED_EDGE('',*,*,#6233,.F.);
#8062=ORIENTED_EDGE('',*,*,#6234,.F.);
#8063=ORIENTED_EDGE('',*,*,#6235,.F.);
#8064=ORIENTED_EDGE('',*,*,#5991,.T.);
#8065=ORIENTED_EDGE('',*,*,#6236,.T.);
#8066=ORIENTED_EDGE('',*,*,#5839,.F.);
#8067=ORIENTED_EDGE('',*,*,#6235,.T.);
#8068=ORIENTED_EDGE('',*,*,#6237,.T.);
#8069=ORIENTED_EDGE('',*,*,#6238,.T.);
#8070=ORIENTED_EDGE('',*,*,#5992,.T.);
#8071=ORIENTED_EDGE('',*,*,#6239,.T.);
#8072=ORIENTED_EDGE('',*,*,#6240,.T.);
#8073=ORIENTED_EDGE('',*,*,#6241,.T.);
#8074=ORIENTED_EDGE('',*,*,#5842,.T.);
#8075=ORIENTED_EDGE('',*,*,#6241,.F.);
#8076=ORIENTED_EDGE('',*,*,#6242,.F.);
#8077=ORIENTED_EDGE('',*,*,#6243,.F.);
#8078=ORIENTED_EDGE('',*,*,#5987,.T.);
#8079=ORIENTED_EDGE('',*,*,#6244,.T.);
#8080=ORIENTED_EDGE('',*,*,#5843,.F.);
#8081=ORIENTED_EDGE('',*,*,#6243,.T.);
#8082=ORIENTED_EDGE('',*,*,#6245,.T.);
#8083=ORIENTED_EDGE('',*,*,#6246,.T.);
#8084=ORIENTED_EDGE('',*,*,#5988,.T.);
#8085=ORIENTED_EDGE('',*,*,#6247,.T.);
#8086=ORIENTED_EDGE('',*,*,#5846,.T.);
#8087=ORIENTED_EDGE('',*,*,#6248,.T.);
#8088=ORIENTED_EDGE('',*,*,#6249,.T.);
#8089=ORIENTED_EDGE('',*,*,#6247,.F.);
#8090=ORIENTED_EDGE('',*,*,#6250,.F.);
#8091=ORIENTED_EDGE('',*,*,#6251,.F.);
#8092=ORIENTED_EDGE('',*,*,#5983,.F.);
#8093=ORIENTED_EDGE('',*,*,#6252,.F.);
#8094=ORIENTED_EDGE('',*,*,#6253,.F.);
#8095=ORIENTED_EDGE('',*,*,#6254,.F.);
#8096=ORIENTED_EDGE('',*,*,#6255,.F.);
#8097=ORIENTED_EDGE('',*,*,#6256,.F.);
#8098=ORIENTED_EDGE('',*,*,#6257,.F.);
#8099=ORIENTED_EDGE('',*,*,#6258,.F.);
#8100=ORIENTED_EDGE('',*,*,#5847,.F.);
#8101=ORIENTED_EDGE('',*,*,#6251,.T.);
#8102=ORIENTED_EDGE('',*,*,#6259,.T.);
#8103=ORIENTED_EDGE('',*,*,#6260,.T.);
#8104=ORIENTED_EDGE('',*,*,#5984,.T.);
#8105=ORIENTED_EDGE('',*,*,#6261,.T.);
#8106=ORIENTED_EDGE('',*,*,#6262,.T.);
#8107=ORIENTED_EDGE('',*,*,#6263,.T.);
#8108=ORIENTED_EDGE('',*,*,#6264,.T.);
#8109=ORIENTED_EDGE('',*,*,#5853,.T.);
#8110=ORIENTED_EDGE('',*,*,#6264,.F.);
#8111=ORIENTED_EDGE('',*,*,#6265,.F.);
#8112=ORIENTED_EDGE('',*,*,#6266,.F.);
#8113=ORIENTED_EDGE('',*,*,#5976,.F.);
#8114=ORIENTED_EDGE('',*,*,#6267,.T.);
#8115=ORIENTED_EDGE('',*,*,#5854,.F.);
#8116=ORIENTED_EDGE('',*,*,#6263,.F.);
#8117=ORIENTED_EDGE('',*,*,#6268,.F.);
#8118=ORIENTED_EDGE('',*,*,#6269,.F.);
#8119=ORIENTED_EDGE('',*,*,#6265,.T.);
#8120=ORIENTED_EDGE('',*,*,#6270,.T.);
#8121=ORIENTED_EDGE('',*,*,#5977,.T.);
#8122=ORIENTED_EDGE('',*,*,#6266,.T.);
#8123=ORIENTED_EDGE('',*,*,#6269,.T.);
#8124=ORIENTED_EDGE('',*,*,#6271,.T.);
#8125=ORIENTED_EDGE('',*,*,#6272,.T.);
#8126=ORIENTED_EDGE('',*,*,#6273,.T.);
#8127=ORIENTED_EDGE('',*,*,#6274,.T.);
#8128=ORIENTED_EDGE('',*,*,#6275,.T.);
#8129=ORIENTED_EDGE('',*,*,#5857,.T.);
#8130=ORIENTED_EDGE('',*,*,#6274,.F.);
#8131=ORIENTED_EDGE('',*,*,#6276,.F.);
#8132=ORIENTED_EDGE('',*,*,#6277,.F.);
#8133=ORIENTED_EDGE('',*,*,#6278,.T.);
#8134=ORIENTED_EDGE('',*,*,#6273,.F.);
#8135=ORIENTED_EDGE('',*,*,#6279,.F.);
#8136=ORIENTED_EDGE('',*,*,#6280,.F.);
#8137=ORIENTED_EDGE('',*,*,#6276,.T.);
#8138=ORIENTED_EDGE('',*,*,#6272,.F.);
#8139=ORIENTED_EDGE('',*,*,#5856,.F.);
#8140=ORIENTED_EDGE('',*,*,#6281,.F.);
#8141=ORIENTED_EDGE('',*,*,#5974,.T.);
#8142=ORIENTED_EDGE('',*,*,#6282,.F.);
#8143=ORIENTED_EDGE('',*,*,#6279,.T.);
#8144=ORIENTED_EDGE('',*,*,#6277,.T.);
#8145=ORIENTED_EDGE('',*,*,#6280,.T.);
#8146=ORIENTED_EDGE('',*,*,#6282,.T.);
#8147=ORIENTED_EDGE('',*,*,#5973,.T.);
#8148=ORIENTED_EDGE('',*,*,#6283,.T.);
#8149=ORIENTED_EDGE('',*,*,#6284,.T.);
#8150=ORIENTED_EDGE('',*,*,#6285,.T.);
#8151=ORIENTED_EDGE('',*,*,#6286,.T.);
#8152=ORIENTED_EDGE('',*,*,#6287,.T.);
#8153=ORIENTED_EDGE('',*,*,#5861,.T.);
#8154=ORIENTED_EDGE('',*,*,#6286,.F.);
#8155=ORIENTED_EDGE('',*,*,#6288,.F.);
#8156=ORIENTED_EDGE('',*,*,#6289,.F.);
#8157=ORIENTED_EDGE('',*,*,#6290,.T.);
#8158=ORIENTED_EDGE('',*,*,#6285,.F.);
#8159=ORIENTED_EDGE('',*,*,#6291,.F.);
#8160=ORIENTED_EDGE('',*,*,#6292,.F.);
#8161=ORIENTED_EDGE('',*,*,#6288,.T.);
#8162=ORIENTED_EDGE('',*,*,#6284,.F.);
#8163=ORIENTED_EDGE('',*,*,#5860,.F.);
#8164=ORIENTED_EDGE('',*,*,#6293,.F.);
#8165=ORIENTED_EDGE('',*,*,#5970,.T.);
#8166=ORIENTED_EDGE('',*,*,#6294,.F.);
#8167=ORIENTED_EDGE('',*,*,#6291,.T.);
#8168=ORIENTED_EDGE('',*,*,#6289,.T.);
#8169=ORIENTED_EDGE('',*,*,#6292,.T.);
#8170=ORIENTED_EDGE('',*,*,#6294,.T.);
#8171=ORIENTED_EDGE('',*,*,#5969,.T.);
#8172=ORIENTED_EDGE('',*,*,#6295,.T.);
#8173=ORIENTED_EDGE('',*,*,#6296,.T.);
#8174=ORIENTED_EDGE('',*,*,#6297,.T.);
#8175=ORIENTED_EDGE('',*,*,#6298,.T.);
#8176=ORIENTED_EDGE('',*,*,#6299,.T.);
#8177=ORIENTED_EDGE('',*,*,#5865,.T.);
#8178=ORIENTED_EDGE('',*,*,#6298,.F.);
#8179=ORIENTED_EDGE('',*,*,#6300,.F.);
#8180=ORIENTED_EDGE('',*,*,#6301,.F.);
#8181=ORIENTED_EDGE('',*,*,#6302,.T.);
#8182=ORIENTED_EDGE('',*,*,#6297,.F.);
#8183=ORIENTED_EDGE('',*,*,#6303,.F.);
#8184=ORIENTED_EDGE('',*,*,#6304,.F.);
#8185=ORIENTED_EDGE('',*,*,#6300,.T.);
#8186=ORIENTED_EDGE('',*,*,#6296,.F.);
#8187=ORIENTED_EDGE('',*,*,#5864,.F.);
#8188=ORIENTED_EDGE('',*,*,#6305,.F.);
#8189=ORIENTED_EDGE('',*,*,#5966,.T.);
#8190=ORIENTED_EDGE('',*,*,#6306,.F.);
#8191=ORIENTED_EDGE('',*,*,#6303,.T.);
#8192=ORIENTED_EDGE('',*,*,#6301,.T.);
#8193=ORIENTED_EDGE('',*,*,#6304,.T.);
#8194=ORIENTED_EDGE('',*,*,#6306,.T.);
#8195=ORIENTED_EDGE('',*,*,#5965,.T.);
#8196=ORIENTED_EDGE('',*,*,#6307,.T.);
#8197=ORIENTED_EDGE('',*,*,#6308,.T.);
#8198=ORIENTED_EDGE('',*,*,#6309,.T.);
#8199=ORIENTED_EDGE('',*,*,#6310,.T.);
#8200=ORIENTED_EDGE('',*,*,#6311,.T.);
#8201=ORIENTED_EDGE('',*,*,#5869,.T.);
#8202=ORIENTED_EDGE('',*,*,#6310,.F.);
#8203=ORIENTED_EDGE('',*,*,#6312,.F.);
#8204=ORIENTED_EDGE('',*,*,#6313,.F.);
#8205=ORIENTED_EDGE('',*,*,#6314,.T.);
#8206=ORIENTED_EDGE('',*,*,#6309,.F.);
#8207=ORIENTED_EDGE('',*,*,#6315,.F.);
#8208=ORIENTED_EDGE('',*,*,#6316,.F.);
#8209=ORIENTED_EDGE('',*,*,#6312,.T.);
#8210=ORIENTED_EDGE('',*,*,#6308,.F.);
#8211=ORIENTED_EDGE('',*,*,#5868,.F.);
#8212=ORIENTED_EDGE('',*,*,#6317,.F.);
#8213=ORIENTED_EDGE('',*,*,#5962,.T.);
#8214=ORIENTED_EDGE('',*,*,#6318,.F.);
#8215=ORIENTED_EDGE('',*,*,#6315,.T.);
#8216=ORIENTED_EDGE('',*,*,#6313,.T.);
#8217=ORIENTED_EDGE('',*,*,#6316,.T.);
#8218=ORIENTED_EDGE('',*,*,#6318,.T.);
#8219=ORIENTED_EDGE('',*,*,#5961,.T.);
#8220=ORIENTED_EDGE('',*,*,#6319,.T.);
#8221=ORIENTED_EDGE('',*,*,#6320,.T.);
#8222=ORIENTED_EDGE('',*,*,#6321,.T.);
#8223=ORIENTED_EDGE('',*,*,#6322,.T.);
#8224=ORIENTED_EDGE('',*,*,#6323,.T.);
#8225=ORIENTED_EDGE('',*,*,#5873,.T.);
#8226=ORIENTED_EDGE('',*,*,#6322,.F.);
#8227=ORIENTED_EDGE('',*,*,#6324,.F.);
#8228=ORIENTED_EDGE('',*,*,#6325,.F.);
#8229=ORIENTED_EDGE('',*,*,#6326,.T.);
#8230=ORIENTED_EDGE('',*,*,#6321,.F.);
#8231=ORIENTED_EDGE('',*,*,#6327,.F.);
#8232=ORIENTED_EDGE('',*,*,#6328,.F.);
#8233=ORIENTED_EDGE('',*,*,#6324,.T.);
#8234=ORIENTED_EDGE('',*,*,#6320,.F.);
#8235=ORIENTED_EDGE('',*,*,#5872,.F.);
#8236=ORIENTED_EDGE('',*,*,#6329,.F.);
#8237=ORIENTED_EDGE('',*,*,#5958,.T.);
#8238=ORIENTED_EDGE('',*,*,#6330,.F.);
#8239=ORIENTED_EDGE('',*,*,#6327,.T.);
#8240=ORIENTED_EDGE('',*,*,#6325,.T.);
#8241=ORIENTED_EDGE('',*,*,#6328,.T.);
#8242=ORIENTED_EDGE('',*,*,#6330,.T.);
#8243=ORIENTED_EDGE('',*,*,#5957,.T.);
#8244=ORIENTED_EDGE('',*,*,#6331,.T.);
#8245=ORIENTED_EDGE('',*,*,#6332,.T.);
#8246=ORIENTED_EDGE('',*,*,#6333,.T.);
#8247=ORIENTED_EDGE('',*,*,#6334,.T.);
#8248=ORIENTED_EDGE('',*,*,#6335,.T.);
#8249=ORIENTED_EDGE('',*,*,#5877,.T.);
#8250=ORIENTED_EDGE('',*,*,#6334,.F.);
#8251=ORIENTED_EDGE('',*,*,#6336,.F.);
#8252=ORIENTED_EDGE('',*,*,#6337,.F.);
#8253=ORIENTED_EDGE('',*,*,#6338,.T.);
#8254=ORIENTED_EDGE('',*,*,#6333,.F.);
#8255=ORIENTED_EDGE('',*,*,#6339,.F.);
#8256=ORIENTED_EDGE('',*,*,#6340,.F.);
#8257=ORIENTED_EDGE('',*,*,#6336,.T.);
#8258=ORIENTED_EDGE('',*,*,#6332,.F.);
#8259=ORIENTED_EDGE('',*,*,#5876,.F.);
#8260=ORIENTED_EDGE('',*,*,#6341,.F.);
#8261=ORIENTED_EDGE('',*,*,#5954,.T.);
#8262=ORIENTED_EDGE('',*,*,#6342,.F.);
#8263=ORIENTED_EDGE('',*,*,#6339,.T.);
#8264=ORIENTED_EDGE('',*,*,#6337,.T.);
#8265=ORIENTED_EDGE('',*,*,#6340,.T.);
#8266=ORIENTED_EDGE('',*,*,#6342,.T.);
#8267=ORIENTED_EDGE('',*,*,#5953,.T.);
#8268=ORIENTED_EDGE('',*,*,#6343,.T.);
#8269=ORIENTED_EDGE('',*,*,#6344,.T.);
#8270=ORIENTED_EDGE('',*,*,#6345,.T.);
#8271=ORIENTED_EDGE('',*,*,#6346,.T.);
#8272=ORIENTED_EDGE('',*,*,#6347,.T.);
#8273=ORIENTED_EDGE('',*,*,#5881,.T.);
#8274=ORIENTED_EDGE('',*,*,#6346,.F.);
#8275=ORIENTED_EDGE('',*,*,#6348,.F.);
#8276=ORIENTED_EDGE('',*,*,#6349,.F.);
#8277=ORIENTED_EDGE('',*,*,#6350,.T.);
#8278=ORIENTED_EDGE('',*,*,#6345,.F.);
#8279=ORIENTED_EDGE('',*,*,#6351,.F.);
#8280=ORIENTED_EDGE('',*,*,#6352,.F.);
#8281=ORIENTED_EDGE('',*,*,#6348,.T.);
#8282=ORIENTED_EDGE('',*,*,#6344,.F.);
#8283=ORIENTED_EDGE('',*,*,#5880,.F.);
#8284=ORIENTED_EDGE('',*,*,#6353,.F.);
#8285=ORIENTED_EDGE('',*,*,#5950,.T.);
#8286=ORIENTED_EDGE('',*,*,#6354,.F.);
#8287=ORIENTED_EDGE('',*,*,#6351,.T.);
#8288=ORIENTED_EDGE('',*,*,#6349,.T.);
#8289=ORIENTED_EDGE('',*,*,#6352,.T.);
#8290=ORIENTED_EDGE('',*,*,#6354,.T.);
#8291=ORIENTED_EDGE('',*,*,#5949,.T.);
#8292=ORIENTED_EDGE('',*,*,#6355,.T.);
#8293=ORIENTED_EDGE('',*,*,#6356,.T.);
#8294=ORIENTED_EDGE('',*,*,#6357,.T.);
#8295=ORIENTED_EDGE('',*,*,#6358,.T.);
#8296=ORIENTED_EDGE('',*,*,#6359,.T.);
#8297=ORIENTED_EDGE('',*,*,#5885,.T.);
#8298=ORIENTED_EDGE('',*,*,#6358,.F.);
#8299=ORIENTED_EDGE('',*,*,#6360,.F.);
#8300=ORIENTED_EDGE('',*,*,#6361,.F.);
#8301=ORIENTED_EDGE('',*,*,#6362,.T.);
#8302=ORIENTED_EDGE('',*,*,#6357,.F.);
#8303=ORIENTED_EDGE('',*,*,#6363,.F.);
#8304=ORIENTED_EDGE('',*,*,#6364,.F.);
#8305=ORIENTED_EDGE('',*,*,#6360,.T.);
#8306=ORIENTED_EDGE('',*,*,#6356,.F.);
#8307=ORIENTED_EDGE('',*,*,#5884,.F.);
#8308=ORIENTED_EDGE('',*,*,#6365,.F.);
#8309=ORIENTED_EDGE('',*,*,#5946,.T.);
#8310=ORIENTED_EDGE('',*,*,#6366,.F.);
#8311=ORIENTED_EDGE('',*,*,#6363,.T.);
#8312=ORIENTED_EDGE('',*,*,#6361,.T.);
#8313=ORIENTED_EDGE('',*,*,#6364,.T.);
#8314=ORIENTED_EDGE('',*,*,#6366,.T.);
#8315=ORIENTED_EDGE('',*,*,#5945,.T.);
#8316=ORIENTED_EDGE('',*,*,#6367,.T.);
#8317=ORIENTED_EDGE('',*,*,#6368,.T.);
#8318=ORIENTED_EDGE('',*,*,#6369,.T.);
#8319=ORIENTED_EDGE('',*,*,#6370,.T.);
#8320=ORIENTED_EDGE('',*,*,#6371,.T.);
#8321=ORIENTED_EDGE('',*,*,#5889,.T.);
#8322=ORIENTED_EDGE('',*,*,#6370,.F.);
#8323=ORIENTED_EDGE('',*,*,#6372,.F.);
#8324=ORIENTED_EDGE('',*,*,#6373,.F.);
#8325=ORIENTED_EDGE('',*,*,#6374,.T.);
#8326=ORIENTED_EDGE('',*,*,#6369,.F.);
#8327=ORIENTED_EDGE('',*,*,#6375,.F.);
#8328=ORIENTED_EDGE('',*,*,#6376,.F.);
#8329=ORIENTED_EDGE('',*,*,#6372,.T.);
#8330=ORIENTED_EDGE('',*,*,#6368,.F.);
#8331=ORIENTED_EDGE('',*,*,#5888,.F.);
#8332=ORIENTED_EDGE('',*,*,#6377,.F.);
#8333=ORIENTED_EDGE('',*,*,#5942,.T.);
#8334=ORIENTED_EDGE('',*,*,#6378,.F.);
#8335=ORIENTED_EDGE('',*,*,#6375,.T.);
#8336=ORIENTED_EDGE('',*,*,#6373,.T.);
#8337=ORIENTED_EDGE('',*,*,#6376,.T.);
#8338=ORIENTED_EDGE('',*,*,#6378,.T.);
#8339=ORIENTED_EDGE('',*,*,#5941,.T.);
#8340=ORIENTED_EDGE('',*,*,#6379,.T.);
#8341=ORIENTED_EDGE('',*,*,#6380,.T.);
#8342=ORIENTED_EDGE('',*,*,#6381,.T.);
#8343=ORIENTED_EDGE('',*,*,#6382,.T.);
#8344=ORIENTED_EDGE('',*,*,#6383,.T.);
#8345=ORIENTED_EDGE('',*,*,#5893,.T.);
#8346=ORIENTED_EDGE('',*,*,#6382,.F.);
#8347=ORIENTED_EDGE('',*,*,#6384,.F.);
#8348=ORIENTED_EDGE('',*,*,#6385,.F.);
#8349=ORIENTED_EDGE('',*,*,#6386,.T.);
#8350=ORIENTED_EDGE('',*,*,#6381,.F.);
#8351=ORIENTED_EDGE('',*,*,#6387,.F.);
#8352=ORIENTED_EDGE('',*,*,#6388,.F.);
#8353=ORIENTED_EDGE('',*,*,#6384,.T.);
#8354=ORIENTED_EDGE('',*,*,#6380,.F.);
#8355=ORIENTED_EDGE('',*,*,#5892,.F.);
#8356=ORIENTED_EDGE('',*,*,#6389,.F.);
#8357=ORIENTED_EDGE('',*,*,#5938,.T.);
#8358=ORIENTED_EDGE('',*,*,#6390,.F.);
#8359=ORIENTED_EDGE('',*,*,#6387,.T.);
#8360=ORIENTED_EDGE('',*,*,#6385,.T.);
#8361=ORIENTED_EDGE('',*,*,#6388,.T.);
#8362=ORIENTED_EDGE('',*,*,#6390,.T.);
#8363=ORIENTED_EDGE('',*,*,#5937,.T.);
#8364=ORIENTED_EDGE('',*,*,#6391,.T.);
#8365=ORIENTED_EDGE('',*,*,#6392,.T.);
#8366=ORIENTED_EDGE('',*,*,#6393,.T.);
#8367=ORIENTED_EDGE('',*,*,#6394,.T.);
#8368=ORIENTED_EDGE('',*,*,#6395,.T.);
#8369=ORIENTED_EDGE('',*,*,#5897,.T.);
#8370=ORIENTED_EDGE('',*,*,#6394,.F.);
#8371=ORIENTED_EDGE('',*,*,#6396,.F.);
#8372=ORIENTED_EDGE('',*,*,#6397,.F.);
#8373=ORIENTED_EDGE('',*,*,#6398,.T.);
#8374=ORIENTED_EDGE('',*,*,#6393,.F.);
#8375=ORIENTED_EDGE('',*,*,#6399,.F.);
#8376=ORIENTED_EDGE('',*,*,#6400,.F.);
#8377=ORIENTED_EDGE('',*,*,#6396,.T.);
#8378=ORIENTED_EDGE('',*,*,#6392,.F.);
#8379=ORIENTED_EDGE('',*,*,#5896,.F.);
#8380=ORIENTED_EDGE('',*,*,#6401,.F.);
#8381=ORIENTED_EDGE('',*,*,#5934,.T.);
#8382=ORIENTED_EDGE('',*,*,#6402,.F.);
#8383=ORIENTED_EDGE('',*,*,#6399,.T.);
#8384=ORIENTED_EDGE('',*,*,#6397,.T.);
#8385=ORIENTED_EDGE('',*,*,#6400,.T.);
#8386=ORIENTED_EDGE('',*,*,#6402,.T.);
#8387=ORIENTED_EDGE('',*,*,#5933,.T.);
#8388=ORIENTED_EDGE('',*,*,#6403,.T.);
#8389=ORIENTED_EDGE('',*,*,#6404,.T.);
#8390=ORIENTED_EDGE('',*,*,#6405,.T.);
#8391=ORIENTED_EDGE('',*,*,#6406,.T.);
#8392=ORIENTED_EDGE('',*,*,#6407,.T.);
#8393=ORIENTED_EDGE('',*,*,#5901,.T.);
#8394=ORIENTED_EDGE('',*,*,#6406,.F.);
#8395=ORIENTED_EDGE('',*,*,#6408,.F.);
#8396=ORIENTED_EDGE('',*,*,#6409,.F.);
#8397=ORIENTED_EDGE('',*,*,#6410,.T.);
#8398=ORIENTED_EDGE('',*,*,#6405,.F.);
#8399=ORIENTED_EDGE('',*,*,#6411,.F.);
#8400=ORIENTED_EDGE('',*,*,#6412,.F.);
#8401=ORIENTED_EDGE('',*,*,#6408,.T.);
#8402=ORIENTED_EDGE('',*,*,#6404,.F.);
#8403=ORIENTED_EDGE('',*,*,#5900,.F.);
#8404=ORIENTED_EDGE('',*,*,#6413,.F.);
#8405=ORIENTED_EDGE('',*,*,#5930,.T.);
#8406=ORIENTED_EDGE('',*,*,#6414,.F.);
#8407=ORIENTED_EDGE('',*,*,#6411,.T.);
#8408=ORIENTED_EDGE('',*,*,#6409,.T.);
#8409=ORIENTED_EDGE('',*,*,#6412,.T.);
#8410=ORIENTED_EDGE('',*,*,#6414,.T.);
#8411=ORIENTED_EDGE('',*,*,#5929,.T.);
#8412=ORIENTED_EDGE('',*,*,#6415,.T.);
#8413=ORIENTED_EDGE('',*,*,#6416,.T.);
#8414=ORIENTED_EDGE('',*,*,#6417,.T.);
#8415=ORIENTED_EDGE('',*,*,#6418,.T.);
#8416=ORIENTED_EDGE('',*,*,#5905,.T.);
#8417=ORIENTED_EDGE('',*,*,#6418,.F.);
#8418=ORIENTED_EDGE('',*,*,#6419,.F.);
#8419=ORIENTED_EDGE('',*,*,#6420,.F.);
#8420=ORIENTED_EDGE('',*,*,#5924,.T.);
#8421=ORIENTED_EDGE('',*,*,#6421,.T.);
#8422=ORIENTED_EDGE('',*,*,#5906,.F.);
#8423=ORIENTED_EDGE('',*,*,#6420,.T.);
#8424=ORIENTED_EDGE('',*,*,#6422,.T.);
#8425=ORIENTED_EDGE('',*,*,#6423,.T.);
#8426=ORIENTED_EDGE('',*,*,#5925,.T.);
#8427=ORIENTED_EDGE('',*,*,#6424,.T.);
#8428=ORIENTED_EDGE('',*,*,#6425,.T.);
#8429=ORIENTED_EDGE('',*,*,#6426,.T.);
#8430=ORIENTED_EDGE('',*,*,#5909,.T.);
#8431=ORIENTED_EDGE('',*,*,#6426,.F.);
#8432=ORIENTED_EDGE('',*,*,#6427,.F.);
#8433=ORIENTED_EDGE('',*,*,#6428,.F.);
#8434=ORIENTED_EDGE('',*,*,#5920,.F.);
#8435=ORIENTED_EDGE('',*,*,#5916,.T.);
#8436=ORIENTED_EDGE('',*,*,#5910,.F.);
#8437=ORIENTED_EDGE('',*,*,#6428,.T.);
#8438=ORIENTED_EDGE('',*,*,#6429,.T.);
#8439=ORIENTED_EDGE('',*,*,#6430,.T.);
#8440=ORIENTED_EDGE('',*,*,#5921,.T.);
#8441=ORIENTED_EDGE('',*,*,#6078,.F.);
#8442=ORIENTED_EDGE('',*,*,#6431,.T.);
#8443=ORIENTED_EDGE('',*,*,#5914,.F.);
#8444=ORIENTED_EDGE('',*,*,#6432,.F.);
#8445=ORIENTED_EDGE('',*,*,#6148,.T.);
#8446=ORIENTED_EDGE('',*,*,#6433,.T.);
#8447=ORIENTED_EDGE('',*,*,#6434,.T.);
#8448=ORIENTED_EDGE('',*,*,#6435,.T.);
#8449=ORIENTED_EDGE('',*,*,#6137,.T.);
#8450=ORIENTED_EDGE('',*,*,#5758,.T.);
#8451=ORIENTED_EDGE('',*,*,#6436,.F.);
#8452=ORIENTED_EDGE('',*,*,#6437,.T.);
#8453=ORIENTED_EDGE('',*,*,#6435,.F.);
#8454=ORIENTED_EDGE('',*,*,#6438,.F.);
#8455=ORIENTED_EDGE('',*,*,#6140,.T.);
#8456=ORIENTED_EDGE('',*,*,#6436,.T.);
#8457=ORIENTED_EDGE('',*,*,#6439,.T.);
#8458=ORIENTED_EDGE('',*,*,#6440,.T.);
#8459=ORIENTED_EDGE('',*,*,#6149,.T.);
#8460=ORIENTED_EDGE('',*,*,#6072,.T.);
#8461=ORIENTED_EDGE('',*,*,#6142,.T.);
#8462=ORIENTED_EDGE('',*,*,#6441,.T.);
#8463=ORIENTED_EDGE('',*,*,#6442,.T.);
#8464=ORIENTED_EDGE('',*,*,#6443,.T.);
#8465=ORIENTED_EDGE('',*,*,#6129,.T.);
#8466=ORIENTED_EDGE('',*,*,#5762,.T.);
#8467=ORIENTED_EDGE('',*,*,#6444,.F.);
#8468=ORIENTED_EDGE('',*,*,#6445,.T.);
#8469=ORIENTED_EDGE('',*,*,#6443,.F.);
#8470=ORIENTED_EDGE('',*,*,#6446,.F.);
#8471=ORIENTED_EDGE('',*,*,#6132,.T.);
#8472=ORIENTED_EDGE('',*,*,#6444,.T.);
#8473=ORIENTED_EDGE('',*,*,#6447,.T.);
#8474=ORIENTED_EDGE('',*,*,#6448,.T.);
#8475=ORIENTED_EDGE('',*,*,#6143,.T.);
#8476=ORIENTED_EDGE('',*,*,#6068,.T.);
#8477=ORIENTED_EDGE('',*,*,#6134,.T.);
#8478=ORIENTED_EDGE('',*,*,#6449,.T.);
#8479=ORIENTED_EDGE('',*,*,#6450,.T.);
#8480=ORIENTED_EDGE('',*,*,#6451,.T.);
#8481=ORIENTED_EDGE('',*,*,#6121,.T.);
#8482=ORIENTED_EDGE('',*,*,#5766,.T.);
#8483=ORIENTED_EDGE('',*,*,#6452,.F.);
#8484=ORIENTED_EDGE('',*,*,#6453,.T.);
#8485=ORIENTED_EDGE('',*,*,#6451,.F.);
#8486=ORIENTED_EDGE('',*,*,#6454,.F.);
#8487=ORIENTED_EDGE('',*,*,#6124,.T.);
#8488=ORIENTED_EDGE('',*,*,#6452,.T.);
#8489=ORIENTED_EDGE('',*,*,#6455,.T.);
#8490=ORIENTED_EDGE('',*,*,#6456,.T.);
#8491=ORIENTED_EDGE('',*,*,#6135,.T.);
#8492=ORIENTED_EDGE('',*,*,#6064,.T.);
#8493=ORIENTED_EDGE('',*,*,#6126,.T.);
#8494=ORIENTED_EDGE('',*,*,#6457,.T.);
#8495=ORIENTED_EDGE('',*,*,#6458,.T.);
#8496=ORIENTED_EDGE('',*,*,#6459,.T.);
#8497=ORIENTED_EDGE('',*,*,#6113,.T.);
#8498=ORIENTED_EDGE('',*,*,#5770,.T.);
#8499=ORIENTED_EDGE('',*,*,#6460,.F.);
#8500=ORIENTED_EDGE('',*,*,#6461,.T.);
#8501=ORIENTED_EDGE('',*,*,#6459,.F.);
#8502=ORIENTED_EDGE('',*,*,#6462,.F.);
#8503=ORIENTED_EDGE('',*,*,#6116,.T.);
#8504=ORIENTED_EDGE('',*,*,#6460,.T.);
#8505=ORIENTED_EDGE('',*,*,#6463,.T.);
#8506=ORIENTED_EDGE('',*,*,#6464,.T.);
#8507=ORIENTED_EDGE('',*,*,#6127,.T.);
#8508=ORIENTED_EDGE('',*,*,#6060,.T.);
#8509=ORIENTED_EDGE('',*,*,#6118,.T.);
#8510=ORIENTED_EDGE('',*,*,#6465,.T.);
#8511=ORIENTED_EDGE('',*,*,#6466,.T.);
#8512=ORIENTED_EDGE('',*,*,#6467,.T.);
#8513=ORIENTED_EDGE('',*,*,#6105,.T.);
#8514=ORIENTED_EDGE('',*,*,#5774,.T.);
#8515=ORIENTED_EDGE('',*,*,#6468,.F.);
#8516=ORIENTED_EDGE('',*,*,#6469,.T.);
#8517=ORIENTED_EDGE('',*,*,#6467,.F.);
#8518=ORIENTED_EDGE('',*,*,#6470,.F.);
#8519=ORIENTED_EDGE('',*,*,#6108,.T.);
#8520=ORIENTED_EDGE('',*,*,#6468,.T.);
#8521=ORIENTED_EDGE('',*,*,#6471,.T.);
#8522=ORIENTED_EDGE('',*,*,#6472,.T.);
#8523=ORIENTED_EDGE('',*,*,#6119,.T.);
#8524=ORIENTED_EDGE('',*,*,#6056,.T.);
#8525=ORIENTED_EDGE('',*,*,#6110,.T.);
#8526=ORIENTED_EDGE('',*,*,#6473,.T.);
#8527=ORIENTED_EDGE('',*,*,#6474,.T.);
#8528=ORIENTED_EDGE('',*,*,#6475,.T.);
#8529=ORIENTED_EDGE('',*,*,#6097,.T.);
#8530=ORIENTED_EDGE('',*,*,#5778,.T.);
#8531=ORIENTED_EDGE('',*,*,#6476,.F.);
#8532=ORIENTED_EDGE('',*,*,#6477,.T.);
#8533=ORIENTED_EDGE('',*,*,#6475,.F.);
#8534=ORIENTED_EDGE('',*,*,#6478,.F.);
#8535=ORIENTED_EDGE('',*,*,#6100,.T.);
#8536=ORIENTED_EDGE('',*,*,#6476,.T.);
#8537=ORIENTED_EDGE('',*,*,#6479,.T.);
#8538=ORIENTED_EDGE('',*,*,#6480,.T.);
#8539=ORIENTED_EDGE('',*,*,#6111,.T.);
#8540=ORIENTED_EDGE('',*,*,#6052,.T.);
#8541=ORIENTED_EDGE('',*,*,#6102,.T.);
#8542=ORIENTED_EDGE('',*,*,#6481,.T.);
#8543=ORIENTED_EDGE('',*,*,#6482,.T.);
#8544=ORIENTED_EDGE('',*,*,#6483,.T.);
#8545=ORIENTED_EDGE('',*,*,#6089,.T.);
#8546=ORIENTED_EDGE('',*,*,#5782,.T.);
#8547=ORIENTED_EDGE('',*,*,#6484,.F.);
#8548=ORIENTED_EDGE('',*,*,#6485,.T.);
#8549=ORIENTED_EDGE('',*,*,#6483,.F.);
#8550=ORIENTED_EDGE('',*,*,#6486,.F.);
#8551=ORIENTED_EDGE('',*,*,#6092,.T.);
#8552=ORIENTED_EDGE('',*,*,#6484,.T.);
#8553=ORIENTED_EDGE('',*,*,#6487,.T.);
#8554=ORIENTED_EDGE('',*,*,#6488,.T.);
#8555=ORIENTED_EDGE('',*,*,#6103,.T.);
#8556=ORIENTED_EDGE('',*,*,#6048,.T.);
#8557=ORIENTED_EDGE('',*,*,#6094,.T.);
#8558=ORIENTED_EDGE('',*,*,#6489,.T.);
#8559=ORIENTED_EDGE('',*,*,#6490,.T.);
#8560=ORIENTED_EDGE('',*,*,#6491,.T.);
#8561=ORIENTED_EDGE('',*,*,#6081,.T.);
#8562=ORIENTED_EDGE('',*,*,#5786,.T.);
#8563=ORIENTED_EDGE('',*,*,#6492,.F.);
#8564=ORIENTED_EDGE('',*,*,#6493,.T.);
#8565=ORIENTED_EDGE('',*,*,#6491,.F.);
#8566=ORIENTED_EDGE('',*,*,#6494,.F.);
#8567=ORIENTED_EDGE('',*,*,#6084,.T.);
#8568=ORIENTED_EDGE('',*,*,#6492,.T.);
#8569=ORIENTED_EDGE('',*,*,#6495,.T.);
#8570=ORIENTED_EDGE('',*,*,#6496,.T.);
#8571=ORIENTED_EDGE('',*,*,#6095,.T.);
#8572=ORIENTED_EDGE('',*,*,#6044,.T.);
#8573=ORIENTED_EDGE('',*,*,#6497,.T.);
#8574=ORIENTED_EDGE('',*,*,#6498,.T.);
#8575=ORIENTED_EDGE('',*,*,#6499,.T.);
#8576=ORIENTED_EDGE('',*,*,#5794,.T.);
#8577=ORIENTED_EDGE('',*,*,#6499,.F.);
#8578=ORIENTED_EDGE('',*,*,#6500,.F.);
#8579=ORIENTED_EDGE('',*,*,#6501,.F.);
#8580=ORIENTED_EDGE('',*,*,#6035,.T.);
#8581=ORIENTED_EDGE('',*,*,#6502,.T.);
#8582=ORIENTED_EDGE('',*,*,#5795,.F.);
#8583=ORIENTED_EDGE('',*,*,#6501,.T.);
#8584=ORIENTED_EDGE('',*,*,#6503,.T.);
#8585=ORIENTED_EDGE('',*,*,#6504,.T.);
#8586=ORIENTED_EDGE('',*,*,#6036,.T.);
#8587=ORIENTED_EDGE('',*,*,#6086,.T.);
#8588=ORIENTED_EDGE('',*,*,#6505,.T.);
#8589=ORIENTED_EDGE('',*,*,#6506,.T.);
#8590=ORIENTED_EDGE('',*,*,#6507,.T.);
#8591=ORIENTED_EDGE('',*,*,#5790,.T.);
#8592=ORIENTED_EDGE('',*,*,#6507,.F.);
#8593=ORIENTED_EDGE('',*,*,#6508,.F.);
#8594=ORIENTED_EDGE('',*,*,#6509,.F.);
#8595=ORIENTED_EDGE('',*,*,#6039,.T.);
#8596=ORIENTED_EDGE('',*,*,#6510,.T.);
#8597=ORIENTED_EDGE('',*,*,#5791,.F.);
#8598=ORIENTED_EDGE('',*,*,#6509,.T.);
#8599=ORIENTED_EDGE('',*,*,#6511,.T.);
#8600=ORIENTED_EDGE('',*,*,#6512,.T.);
#8601=ORIENTED_EDGE('',*,*,#6087,.T.);
#8602=ORIENTED_EDGE('',*,*,#6040,.T.);
#8603=ORIENTED_EDGE('',*,*,#6152,.F.);
#8604=ORIENTED_EDGE('',*,*,#6513,.F.);
#8605=ORIENTED_EDGE('',*,*,#6157,.F.);
#8606=ORIENTED_EDGE('',*,*,#6154,.T.);
#8607=ORIENTED_EDGE('',*,*,#6151,.F.);
#8608=ORIENTED_EDGE('',*,*,#5797,.F.);
#8609=ORIENTED_EDGE('',*,*,#6514,.F.);
#8610=ORIENTED_EDGE('',*,*,#6033,.T.);
#8611=ORIENTED_EDGE('',*,*,#6158,.F.);
#8612=ORIENTED_EDGE('',*,*,#6513,.T.);
#8613=ORIENTED_EDGE('',*,*,#6160,.F.);
#8614=ORIENTED_EDGE('',*,*,#6515,.F.);
#8615=ORIENTED_EDGE('',*,*,#6165,.F.);
#8616=ORIENTED_EDGE('',*,*,#6162,.T.);
#8617=ORIENTED_EDGE('',*,*,#6159,.F.);
#8618=ORIENTED_EDGE('',*,*,#5801,.F.);
#8619=ORIENTED_EDGE('',*,*,#6516,.F.);
#8620=ORIENTED_EDGE('',*,*,#6029,.T.);
#8621=ORIENTED_EDGE('',*,*,#6166,.F.);
#8622=ORIENTED_EDGE('',*,*,#6515,.T.);
#8623=ORIENTED_EDGE('',*,*,#6168,.F.);
#8624=ORIENTED_EDGE('',*,*,#6517,.F.);
#8625=ORIENTED_EDGE('',*,*,#6173,.F.);
#8626=ORIENTED_EDGE('',*,*,#6170,.T.);
#8627=ORIENTED_EDGE('',*,*,#6167,.F.);
#8628=ORIENTED_EDGE('',*,*,#5805,.F.);
#8629=ORIENTED_EDGE('',*,*,#6518,.F.);
#8630=ORIENTED_EDGE('',*,*,#6025,.T.);
#8631=ORIENTED_EDGE('',*,*,#6174,.F.);
#8632=ORIENTED_EDGE('',*,*,#6517,.T.);
#8633=ORIENTED_EDGE('',*,*,#6176,.F.);
#8634=ORIENTED_EDGE('',*,*,#6519,.F.);
#8635=ORIENTED_EDGE('',*,*,#6181,.F.);
#8636=ORIENTED_EDGE('',*,*,#6178,.T.);
#8637=ORIENTED_EDGE('',*,*,#6175,.F.);
#8638=ORIENTED_EDGE('',*,*,#5809,.F.);
#8639=ORIENTED_EDGE('',*,*,#6520,.F.);
#8640=ORIENTED_EDGE('',*,*,#6021,.T.);
#8641=ORIENTED_EDGE('',*,*,#6182,.F.);
#8642=ORIENTED_EDGE('',*,*,#6519,.T.);
#8643=ORIENTED_EDGE('',*,*,#6184,.F.);
#8644=ORIENTED_EDGE('',*,*,#6521,.F.);
#8645=ORIENTED_EDGE('',*,*,#6189,.F.);
#8646=ORIENTED_EDGE('',*,*,#6186,.T.);
#8647=ORIENTED_EDGE('',*,*,#6183,.F.);
#8648=ORIENTED_EDGE('',*,*,#5813,.F.);
#8649=ORIENTED_EDGE('',*,*,#6522,.F.);
#8650=ORIENTED_EDGE('',*,*,#6017,.T.);
#8651=ORIENTED_EDGE('',*,*,#6190,.F.);
#8652=ORIENTED_EDGE('',*,*,#6521,.T.);
#8653=ORIENTED_EDGE('',*,*,#6192,.F.);
#8654=ORIENTED_EDGE('',*,*,#6523,.F.);
#8655=ORIENTED_EDGE('',*,*,#6197,.F.);
#8656=ORIENTED_EDGE('',*,*,#6194,.T.);
#8657=ORIENTED_EDGE('',*,*,#6191,.F.);
#8658=ORIENTED_EDGE('',*,*,#5817,.F.);
#8659=ORIENTED_EDGE('',*,*,#6524,.F.);
#8660=ORIENTED_EDGE('',*,*,#6013,.T.);
#8661=ORIENTED_EDGE('',*,*,#6198,.F.);
#8662=ORIENTED_EDGE('',*,*,#6523,.T.);
#8663=ORIENTED_EDGE('',*,*,#6200,.F.);
#8664=ORIENTED_EDGE('',*,*,#6525,.F.);
#8665=ORIENTED_EDGE('',*,*,#6205,.F.);
#8666=ORIENTED_EDGE('',*,*,#6202,.T.);
#8667=ORIENTED_EDGE('',*,*,#6199,.F.);
#8668=ORIENTED_EDGE('',*,*,#5821,.F.);
#8669=ORIENTED_EDGE('',*,*,#6526,.F.);
#8670=ORIENTED_EDGE('',*,*,#6009,.T.);
#8671=ORIENTED_EDGE('',*,*,#6206,.F.);
#8672=ORIENTED_EDGE('',*,*,#6525,.T.);
#8673=ORIENTED_EDGE('',*,*,#6208,.F.);
#8674=ORIENTED_EDGE('',*,*,#6527,.F.);
#8675=ORIENTED_EDGE('',*,*,#6213,.F.);
#8676=ORIENTED_EDGE('',*,*,#6210,.T.);
#8677=ORIENTED_EDGE('',*,*,#6207,.F.);
#8678=ORIENTED_EDGE('',*,*,#5825,.F.);
#8679=ORIENTED_EDGE('',*,*,#6528,.F.);
#8680=ORIENTED_EDGE('',*,*,#6005,.T.);
#8681=ORIENTED_EDGE('',*,*,#6214,.F.);
#8682=ORIENTED_EDGE('',*,*,#6527,.T.);
#8683=ORIENTED_EDGE('',*,*,#6216,.F.);
#8684=ORIENTED_EDGE('',*,*,#6529,.F.);
#8685=ORIENTED_EDGE('',*,*,#6221,.F.);
#8686=ORIENTED_EDGE('',*,*,#6218,.T.);
#8687=ORIENTED_EDGE('',*,*,#6215,.F.);
#8688=ORIENTED_EDGE('',*,*,#5829,.F.);
#8689=ORIENTED_EDGE('',*,*,#6530,.F.);
#8690=ORIENTED_EDGE('',*,*,#6001,.T.);
#8691=ORIENTED_EDGE('',*,*,#6222,.F.);
#8692=ORIENTED_EDGE('',*,*,#6529,.T.);
#8693=ORIENTED_EDGE('',*,*,#6224,.F.);
#8694=ORIENTED_EDGE('',*,*,#6531,.F.);
#8695=ORIENTED_EDGE('',*,*,#6229,.F.);
#8696=ORIENTED_EDGE('',*,*,#6226,.T.);
#8697=ORIENTED_EDGE('',*,*,#6223,.F.);
#8698=ORIENTED_EDGE('',*,*,#5833,.F.);
#8699=ORIENTED_EDGE('',*,*,#6532,.F.);
#8700=ORIENTED_EDGE('',*,*,#5997,.T.);
#8701=ORIENTED_EDGE('',*,*,#6230,.F.);
#8702=ORIENTED_EDGE('',*,*,#6531,.T.);
#8703=ORIENTED_EDGE('',*,*,#6232,.F.);
#8704=ORIENTED_EDGE('',*,*,#6533,.F.);
#8705=ORIENTED_EDGE('',*,*,#6237,.F.);
#8706=ORIENTED_EDGE('',*,*,#6234,.T.);
#8707=ORIENTED_EDGE('',*,*,#6231,.F.);
#8708=ORIENTED_EDGE('',*,*,#5837,.F.);
#8709=ORIENTED_EDGE('',*,*,#6534,.F.);
#8710=ORIENTED_EDGE('',*,*,#5993,.T.);
#8711=ORIENTED_EDGE('',*,*,#6238,.F.);
#8712=ORIENTED_EDGE('',*,*,#6533,.T.);
#8713=ORIENTED_EDGE('',*,*,#6240,.F.);
#8714=ORIENTED_EDGE('',*,*,#6535,.F.);
#8715=ORIENTED_EDGE('',*,*,#6245,.F.);
#8716=ORIENTED_EDGE('',*,*,#6242,.T.);
#8717=ORIENTED_EDGE('',*,*,#6239,.F.);
#8718=ORIENTED_EDGE('',*,*,#5841,.F.);
#8719=ORIENTED_EDGE('',*,*,#6536,.F.);
#8720=ORIENTED_EDGE('',*,*,#5989,.T.);
#8721=ORIENTED_EDGE('',*,*,#6246,.F.);
#8722=ORIENTED_EDGE('',*,*,#6535,.T.);
#8723=ORIENTED_EDGE('',*,*,#6249,.F.);
#8724=ORIENTED_EDGE('',*,*,#6537,.F.);
#8725=ORIENTED_EDGE('',*,*,#6259,.F.);
#8726=ORIENTED_EDGE('',*,*,#6250,.T.);
#8727=ORIENTED_EDGE('',*,*,#6248,.F.);
#8728=ORIENTED_EDGE('',*,*,#5845,.F.);
#8729=ORIENTED_EDGE('',*,*,#6538,.F.);
#8730=ORIENTED_EDGE('',*,*,#5985,.T.);
#8731=ORIENTED_EDGE('',*,*,#6260,.F.);
#8732=ORIENTED_EDGE('',*,*,#6537,.T.);
#8733=ORIENTED_EDGE('',*,*,#6261,.F.);
#8734=ORIENTED_EDGE('',*,*,#5852,.F.);
#8735=ORIENTED_EDGE('',*,*,#6539,.F.);
#8736=ORIENTED_EDGE('',*,*,#6540,.F.);
#8737=ORIENTED_EDGE('',*,*,#6541,.F.);
#8738=ORIENTED_EDGE('',*,*,#6542,.F.);
#8739=ORIENTED_EDGE('',*,*,#6543,.F.);
#8740=ORIENTED_EDGE('',*,*,#5978,.F.);
#8741=ORIENTED_EDGE('',*,*,#6270,.F.);
#8742=ORIENTED_EDGE('',*,*,#6544,.F.);
#8743=ORIENTED_EDGE('',*,*,#6262,.F.);
#8744=ORIENTED_EDGE('',*,*,#6544,.T.);
#8745=ORIENTED_EDGE('',*,*,#6271,.F.);
#8746=ORIENTED_EDGE('',*,*,#6268,.T.);
#8747=ORIENTED_EDGE('',*,*,#6275,.F.);
#8748=ORIENTED_EDGE('',*,*,#6278,.F.);
#8749=ORIENTED_EDGE('',*,*,#6283,.F.);
#8750=ORIENTED_EDGE('',*,*,#5972,.F.);
#8751=ORIENTED_EDGE('',*,*,#6545,.T.);
#8752=ORIENTED_EDGE('',*,*,#5858,.F.);
#8753=ORIENTED_EDGE('',*,*,#6287,.F.);
#8754=ORIENTED_EDGE('',*,*,#6290,.F.);
#8755=ORIENTED_EDGE('',*,*,#6295,.F.);
#8756=ORIENTED_EDGE('',*,*,#5968,.F.);
#8757=ORIENTED_EDGE('',*,*,#6546,.T.);
#8758=ORIENTED_EDGE('',*,*,#5862,.F.);
#8759=ORIENTED_EDGE('',*,*,#6299,.F.);
#8760=ORIENTED_EDGE('',*,*,#6302,.F.);
#8761=ORIENTED_EDGE('',*,*,#6307,.F.);
#8762=ORIENTED_EDGE('',*,*,#5964,.F.);
#8763=ORIENTED_EDGE('',*,*,#6547,.T.);
#8764=ORIENTED_EDGE('',*,*,#5866,.F.);
#8765=ORIENTED_EDGE('',*,*,#6311,.F.);
#8766=ORIENTED_EDGE('',*,*,#6314,.F.);
#8767=ORIENTED_EDGE('',*,*,#6319,.F.);
#8768=ORIENTED_EDGE('',*,*,#5960,.F.);
#8769=ORIENTED_EDGE('',*,*,#6548,.T.);
#8770=ORIENTED_EDGE('',*,*,#5870,.F.);
#8771=ORIENTED_EDGE('',*,*,#6323,.F.);
#8772=ORIENTED_EDGE('',*,*,#6326,.F.);
#8773=ORIENTED_EDGE('',*,*,#6331,.F.);
#8774=ORIENTED_EDGE('',*,*,#5956,.F.);
#8775=ORIENTED_EDGE('',*,*,#6549,.T.);
#8776=ORIENTED_EDGE('',*,*,#5874,.F.);
#8777=ORIENTED_EDGE('',*,*,#6335,.F.);
#8778=ORIENTED_EDGE('',*,*,#6338,.F.);
#8779=ORIENTED_EDGE('',*,*,#6343,.F.);
#8780=ORIENTED_EDGE('',*,*,#5952,.F.);
#8781=ORIENTED_EDGE('',*,*,#6550,.T.);
#8782=ORIENTED_EDGE('',*,*,#5878,.F.);
#8783=ORIENTED_EDGE('',*,*,#6347,.F.);
#8784=ORIENTED_EDGE('',*,*,#6350,.F.);
#8785=ORIENTED_EDGE('',*,*,#6355,.F.);
#8786=ORIENTED_EDGE('',*,*,#5948,.F.);
#8787=ORIENTED_EDGE('',*,*,#6551,.T.);
#8788=ORIENTED_EDGE('',*,*,#5882,.F.);
#8789=ORIENTED_EDGE('',*,*,#6359,.F.);
#8790=ORIENTED_EDGE('',*,*,#6362,.F.);
#8791=ORIENTED_EDGE('',*,*,#6367,.F.);
#8792=ORIENTED_EDGE('',*,*,#5944,.F.);
#8793=ORIENTED_EDGE('',*,*,#6552,.T.);
#8794=ORIENTED_EDGE('',*,*,#5886,.F.);
#8795=ORIENTED_EDGE('',*,*,#6371,.F.);
#8796=ORIENTED_EDGE('',*,*,#6374,.F.);
#8797=ORIENTED_EDGE('',*,*,#6379,.F.);
#8798=ORIENTED_EDGE('',*,*,#5940,.F.);
#8799=ORIENTED_EDGE('',*,*,#6553,.T.);
#8800=ORIENTED_EDGE('',*,*,#5890,.F.);
#8801=ORIENTED_EDGE('',*,*,#6383,.F.);
#8802=ORIENTED_EDGE('',*,*,#6386,.F.);
#8803=ORIENTED_EDGE('',*,*,#6391,.F.);
#8804=ORIENTED_EDGE('',*,*,#5936,.F.);
#8805=ORIENTED_EDGE('',*,*,#6554,.T.);
#8806=ORIENTED_EDGE('',*,*,#5894,.F.);
#8807=ORIENTED_EDGE('',*,*,#6395,.F.);
#8808=ORIENTED_EDGE('',*,*,#6398,.F.);
#8809=ORIENTED_EDGE('',*,*,#6403,.F.);
#8810=ORIENTED_EDGE('',*,*,#5932,.F.);
#8811=ORIENTED_EDGE('',*,*,#6555,.T.);
#8812=ORIENTED_EDGE('',*,*,#5898,.F.);
#8813=ORIENTED_EDGE('',*,*,#6407,.F.);
#8814=ORIENTED_EDGE('',*,*,#6410,.F.);
#8815=ORIENTED_EDGE('',*,*,#6415,.F.);
#8816=ORIENTED_EDGE('',*,*,#5928,.F.);
#8817=ORIENTED_EDGE('',*,*,#6556,.T.);
#8818=ORIENTED_EDGE('',*,*,#5902,.F.);
#8819=ORIENTED_EDGE('',*,*,#6417,.F.);
#8820=ORIENTED_EDGE('',*,*,#6557,.F.);
#8821=ORIENTED_EDGE('',*,*,#6422,.F.);
#8822=ORIENTED_EDGE('',*,*,#6419,.T.);
#8823=ORIENTED_EDGE('',*,*,#6416,.F.);
#8824=ORIENTED_EDGE('',*,*,#5904,.F.);
#8825=ORIENTED_EDGE('',*,*,#6558,.F.);
#8826=ORIENTED_EDGE('',*,*,#5926,.T.);
#8827=ORIENTED_EDGE('',*,*,#6423,.F.);
#8828=ORIENTED_EDGE('',*,*,#6557,.T.);
#8829=ORIENTED_EDGE('',*,*,#6425,.F.);
#8830=ORIENTED_EDGE('',*,*,#6559,.F.);
#8831=ORIENTED_EDGE('',*,*,#6429,.F.);
#8832=ORIENTED_EDGE('',*,*,#6427,.T.);
#8833=ORIENTED_EDGE('',*,*,#6424,.F.);
#8834=ORIENTED_EDGE('',*,*,#5908,.F.);
#8835=ORIENTED_EDGE('',*,*,#6560,.F.);
#8836=ORIENTED_EDGE('',*,*,#5922,.F.);
#8837=ORIENTED_EDGE('',*,*,#6430,.F.);
#8838=ORIENTED_EDGE('',*,*,#6559,.T.);
#8839=ORIENTED_EDGE('',*,*,#5913,.F.);
#8840=ORIENTED_EDGE('',*,*,#6561,.F.);
#8841=ORIENTED_EDGE('',*,*,#6079,.F.);
#8842=ORIENTED_EDGE('',*,*,#6432,.T.);
#8843=ORIENTED_EDGE('',*,*,#5919,.F.);
#8844=ORIENTED_EDGE('',*,*,#6080,.F.);
#8845=ORIENTED_EDGE('',*,*,#6561,.T.);
#8846=ORIENTED_EDGE('',*,*,#5912,.F.);
#8847=ORIENTED_EDGE('',*,*,#6434,.F.);
#8848=ORIENTED_EDGE('',*,*,#6562,.F.);
#8849=ORIENTED_EDGE('',*,*,#6439,.F.);
#8850=ORIENTED_EDGE('',*,*,#6438,.T.);
#8851=ORIENTED_EDGE('',*,*,#6562,.T.);
#8852=ORIENTED_EDGE('',*,*,#6433,.F.);
#8853=ORIENTED_EDGE('',*,*,#6563,.F.);
#8854=ORIENTED_EDGE('',*,*,#6440,.F.);
#8855=ORIENTED_EDGE('',*,*,#6442,.F.);
#8856=ORIENTED_EDGE('',*,*,#6564,.F.);
#8857=ORIENTED_EDGE('',*,*,#6447,.F.);
#8858=ORIENTED_EDGE('',*,*,#6446,.T.);
#8859=ORIENTED_EDGE('',*,*,#6564,.T.);
#8860=ORIENTED_EDGE('',*,*,#6441,.F.);
#8861=ORIENTED_EDGE('',*,*,#6565,.F.);
#8862=ORIENTED_EDGE('',*,*,#6448,.F.);
#8863=ORIENTED_EDGE('',*,*,#6450,.F.);
#8864=ORIENTED_EDGE('',*,*,#6566,.F.);
#8865=ORIENTED_EDGE('',*,*,#6455,.F.);
#8866=ORIENTED_EDGE('',*,*,#6454,.T.);
#8867=ORIENTED_EDGE('',*,*,#6566,.T.);
#8868=ORIENTED_EDGE('',*,*,#6449,.F.);
#8869=ORIENTED_EDGE('',*,*,#6567,.F.);
#8870=ORIENTED_EDGE('',*,*,#6456,.F.);
#8871=ORIENTED_EDGE('',*,*,#6458,.F.);
#8872=ORIENTED_EDGE('',*,*,#6568,.F.);
#8873=ORIENTED_EDGE('',*,*,#6463,.F.);
#8874=ORIENTED_EDGE('',*,*,#6462,.T.);
#8875=ORIENTED_EDGE('',*,*,#6568,.T.);
#8876=ORIENTED_EDGE('',*,*,#6457,.F.);
#8877=ORIENTED_EDGE('',*,*,#6569,.F.);
#8878=ORIENTED_EDGE('',*,*,#6464,.F.);
#8879=ORIENTED_EDGE('',*,*,#6466,.F.);
#8880=ORIENTED_EDGE('',*,*,#6570,.F.);
#8881=ORIENTED_EDGE('',*,*,#6471,.F.);
#8882=ORIENTED_EDGE('',*,*,#6470,.T.);
#8883=ORIENTED_EDGE('',*,*,#6570,.T.);
#8884=ORIENTED_EDGE('',*,*,#6465,.F.);
#8885=ORIENTED_EDGE('',*,*,#6571,.F.);
#8886=ORIENTED_EDGE('',*,*,#6472,.F.);
#8887=ORIENTED_EDGE('',*,*,#6474,.F.);
#8888=ORIENTED_EDGE('',*,*,#6572,.F.);
#8889=ORIENTED_EDGE('',*,*,#6479,.F.);
#8890=ORIENTED_EDGE('',*,*,#6478,.T.);
#8891=ORIENTED_EDGE('',*,*,#6572,.T.);
#8892=ORIENTED_EDGE('',*,*,#6473,.F.);
#8893=ORIENTED_EDGE('',*,*,#6573,.F.);
#8894=ORIENTED_EDGE('',*,*,#6480,.F.);
#8895=ORIENTED_EDGE('',*,*,#6482,.F.);
#8896=ORIENTED_EDGE('',*,*,#6574,.F.);
#8897=ORIENTED_EDGE('',*,*,#6487,.F.);
#8898=ORIENTED_EDGE('',*,*,#6486,.T.);
#8899=ORIENTED_EDGE('',*,*,#6574,.T.);
#8900=ORIENTED_EDGE('',*,*,#6481,.F.);
#8901=ORIENTED_EDGE('',*,*,#6575,.F.);
#8902=ORIENTED_EDGE('',*,*,#6488,.F.);
#8903=ORIENTED_EDGE('',*,*,#6490,.F.);
#8904=ORIENTED_EDGE('',*,*,#6576,.F.);
#8905=ORIENTED_EDGE('',*,*,#6495,.F.);
#8906=ORIENTED_EDGE('',*,*,#6494,.T.);
#8907=ORIENTED_EDGE('',*,*,#6576,.T.);
#8908=ORIENTED_EDGE('',*,*,#6489,.F.);
#8909=ORIENTED_EDGE('',*,*,#6577,.F.);
#8910=ORIENTED_EDGE('',*,*,#6496,.F.);
#8911=ORIENTED_EDGE('',*,*,#6498,.F.);
#8912=ORIENTED_EDGE('',*,*,#6578,.F.);
#8913=ORIENTED_EDGE('',*,*,#6503,.F.);
#8914=ORIENTED_EDGE('',*,*,#6500,.T.);
#8915=ORIENTED_EDGE('',*,*,#6497,.F.);
#8916=ORIENTED_EDGE('',*,*,#5793,.F.);
#8917=ORIENTED_EDGE('',*,*,#6579,.F.);
#8918=ORIENTED_EDGE('',*,*,#6037,.T.);
#8919=ORIENTED_EDGE('',*,*,#6504,.F.);
#8920=ORIENTED_EDGE('',*,*,#6578,.T.);
#8921=ORIENTED_EDGE('',*,*,#6506,.F.);
#8922=ORIENTED_EDGE('',*,*,#6580,.F.);
#8923=ORIENTED_EDGE('',*,*,#6511,.F.);
#8924=ORIENTED_EDGE('',*,*,#6508,.T.);
#8925=ORIENTED_EDGE('',*,*,#6580,.T.);
#8926=ORIENTED_EDGE('',*,*,#6505,.F.);
#8927=ORIENTED_EDGE('',*,*,#6581,.F.);
#8928=ORIENTED_EDGE('',*,*,#6512,.F.);
#8929=ORIENTED_EDGE('',*,*,#6582,.T.);
#8930=ORIENTED_EDGE('',*,*,#6583,.F.);
#8931=ORIENTED_EDGE('',*,*,#6584,.T.);
#8932=ORIENTED_EDGE('',*,*,#6585,.T.);
#8933=ORIENTED_EDGE('',*,*,#6586,.T.);
#8934=ORIENTED_EDGE('',*,*,#6587,.T.);
#8935=ORIENTED_EDGE('',*,*,#6588,.T.);
#8936=ORIENTED_EDGE('',*,*,#6589,.T.);
#8937=ORIENTED_EDGE('',*,*,#6590,.T.);
#8938=ORIENTED_EDGE('',*,*,#6591,.T.);
#8939=ORIENTED_EDGE('',*,*,#6586,.F.);
#8940=ORIENTED_EDGE('',*,*,#6253,.T.);
#8941=ORIENTED_EDGE('',*,*,#6592,.T.);
#8942=ORIENTED_EDGE('',*,*,#6590,.F.);
#8943=ORIENTED_EDGE('',*,*,#6593,.T.);
#8944=ORIENTED_EDGE('',*,*,#6594,.T.);
#8945=ORIENTED_EDGE('',*,*,#6542,.T.);
#8946=ORIENTED_EDGE('',*,*,#6595,.T.);
#8947=ORIENTED_EDGE('',*,*,#6584,.F.);
#8948=ORIENTED_EDGE('',*,*,#6596,.T.);
#8949=ORIENTED_EDGE('',*,*,#6588,.F.);
#8950=ORIENTED_EDGE('',*,*,#6594,.F.);
#8951=ORIENTED_EDGE('',*,*,#6597,.F.);
#8952=ORIENTED_EDGE('',*,*,#5979,.F.);
#8953=ORIENTED_EDGE('',*,*,#6543,.T.);
#8954=ORIENTED_EDGE('',*,*,#6587,.F.);
#8955=ORIENTED_EDGE('',*,*,#6598,.F.);
#8956=ORIENTED_EDGE('',*,*,#5980,.F.);
#8957=ORIENTED_EDGE('',*,*,#6597,.T.);
#8958=ORIENTED_EDGE('',*,*,#6599,.F.);
#8959=ORIENTED_EDGE('',*,*,#5981,.T.);
#8960=ORIENTED_EDGE('',*,*,#6598,.T.);
#8961=ORIENTED_EDGE('',*,*,#6591,.F.);
#8962=ORIENTED_EDGE('',*,*,#6592,.F.);
#8963=ORIENTED_EDGE('',*,*,#6252,.T.);
#8964=ORIENTED_EDGE('',*,*,#5982,.F.);
#8965=ORIENTED_EDGE('',*,*,#6599,.T.);
#8966=ORIENTED_EDGE('',*,*,#6538,.T.);
#8967=ORIENTED_EDGE('',*,*,#5844,.F.);
#8968=ORIENTED_EDGE('',*,*,#6244,.F.);
#8969=ORIENTED_EDGE('',*,*,#5986,.T.);
#8970=ORIENTED_EDGE('',*,*,#6536,.T.);
#8971=ORIENTED_EDGE('',*,*,#5840,.F.);
#8972=ORIENTED_EDGE('',*,*,#6236,.F.);
#8973=ORIENTED_EDGE('',*,*,#5990,.T.);
#8974=ORIENTED_EDGE('',*,*,#6534,.T.);
#8975=ORIENTED_EDGE('',*,*,#5836,.F.);
#8976=ORIENTED_EDGE('',*,*,#6228,.F.);
#8977=ORIENTED_EDGE('',*,*,#5994,.T.);
#8978=ORIENTED_EDGE('',*,*,#6532,.T.);
#8979=ORIENTED_EDGE('',*,*,#5832,.F.);
#8980=ORIENTED_EDGE('',*,*,#6220,.F.);
#8981=ORIENTED_EDGE('',*,*,#5998,.T.);
#8982=ORIENTED_EDGE('',*,*,#6530,.T.);
#8983=ORIENTED_EDGE('',*,*,#5828,.F.);
#8984=ORIENTED_EDGE('',*,*,#6212,.F.);
#8985=ORIENTED_EDGE('',*,*,#6002,.T.);
#8986=ORIENTED_EDGE('',*,*,#6528,.T.);
#8987=ORIENTED_EDGE('',*,*,#5824,.F.);
#8988=ORIENTED_EDGE('',*,*,#6204,.F.);
#8989=ORIENTED_EDGE('',*,*,#6006,.T.);
#8990=ORIENTED_EDGE('',*,*,#6526,.T.);
#8991=ORIENTED_EDGE('',*,*,#5820,.F.);
#8992=ORIENTED_EDGE('',*,*,#6196,.F.);
#8993=ORIENTED_EDGE('',*,*,#6010,.T.);
#8994=ORIENTED_EDGE('',*,*,#6524,.T.);
#8995=ORIENTED_EDGE('',*,*,#5816,.F.);
#8996=ORIENTED_EDGE('',*,*,#6188,.F.);
#8997=ORIENTED_EDGE('',*,*,#6014,.T.);
#8998=ORIENTED_EDGE('',*,*,#6522,.T.);
#8999=ORIENTED_EDGE('',*,*,#5812,.F.);
#9000=ORIENTED_EDGE('',*,*,#6180,.F.);
#9001=ORIENTED_EDGE('',*,*,#6018,.T.);
#9002=ORIENTED_EDGE('',*,*,#6520,.T.);
#9003=ORIENTED_EDGE('',*,*,#5808,.F.);
#9004=ORIENTED_EDGE('',*,*,#6172,.F.);
#9005=ORIENTED_EDGE('',*,*,#6022,.T.);
#9006=ORIENTED_EDGE('',*,*,#6518,.T.);
#9007=ORIENTED_EDGE('',*,*,#5804,.F.);
#9008=ORIENTED_EDGE('',*,*,#6164,.F.);
#9009=ORIENTED_EDGE('',*,*,#6026,.T.);
#9010=ORIENTED_EDGE('',*,*,#6516,.T.);
#9011=ORIENTED_EDGE('',*,*,#5800,.F.);
#9012=ORIENTED_EDGE('',*,*,#6156,.F.);
#9013=ORIENTED_EDGE('',*,*,#6030,.T.);
#9014=ORIENTED_EDGE('',*,*,#6514,.T.);
#9015=ORIENTED_EDGE('',*,*,#5796,.F.);
#9016=ORIENTED_EDGE('',*,*,#6502,.F.);
#9017=ORIENTED_EDGE('',*,*,#6034,.T.);
#9018=ORIENTED_EDGE('',*,*,#6579,.T.);
#9019=ORIENTED_EDGE('',*,*,#5792,.F.);
#9020=ORIENTED_EDGE('',*,*,#6510,.F.);
#9021=ORIENTED_EDGE('',*,*,#6038,.T.);
#9022=ORIENTED_EDGE('',*,*,#6600,.F.);
#9023=ORIENTED_EDGE('',*,*,#6601,.T.);
#9024=ORIENTED_EDGE('',*,*,#6602,.F.);
#9025=ORIENTED_EDGE('',*,*,#6255,.T.);
#9026=ORIENTED_EDGE('',*,*,#6603,.F.);
#9027=ORIENTED_EDGE('',*,*,#6604,.T.);
#9028=ORIENTED_EDGE('',*,*,#6605,.F.);
#9029=ORIENTED_EDGE('',*,*,#6606,.F.);
#9030=ORIENTED_EDGE('',*,*,#6607,.F.);
#9031=ORIENTED_EDGE('',*,*,#6606,.T.);
#9032=ORIENTED_EDGE('',*,*,#6608,.F.);
#9033=ORIENTED_EDGE('',*,*,#6601,.F.);
#9034=ORIENTED_EDGE('',*,*,#6088,.T.);
#9035=ORIENTED_EDGE('',*,*,#6581,.T.);
#9036=ORIENTED_EDGE('',*,*,#6085,.T.);
#9037=ORIENTED_EDGE('',*,*,#5788,.F.);
#9038=ORIENTED_EDGE('',*,*,#6082,.F.);
#9039=ORIENTED_EDGE('',*,*,#6493,.F.);
#9040=ORIENTED_EDGE('',*,*,#6083,.F.);
#9041=ORIENTED_EDGE('',*,*,#6042,.F.);
#9042=ORIENTED_EDGE('',*,*,#6096,.T.);
#9043=ORIENTED_EDGE('',*,*,#6577,.T.);
#9044=ORIENTED_EDGE('',*,*,#6093,.T.);
#9045=ORIENTED_EDGE('',*,*,#5784,.F.);
#9046=ORIENTED_EDGE('',*,*,#6090,.F.);
#9047=ORIENTED_EDGE('',*,*,#6485,.F.);
#9048=ORIENTED_EDGE('',*,*,#6091,.F.);
#9049=ORIENTED_EDGE('',*,*,#6046,.F.);
#9050=ORIENTED_EDGE('',*,*,#6104,.T.);
#9051=ORIENTED_EDGE('',*,*,#6575,.T.);
#9052=ORIENTED_EDGE('',*,*,#6101,.T.);
#9053=ORIENTED_EDGE('',*,*,#5780,.F.);
#9054=ORIENTED_EDGE('',*,*,#6098,.F.);
#9055=ORIENTED_EDGE('',*,*,#6477,.F.);
#9056=ORIENTED_EDGE('',*,*,#6099,.F.);
#9057=ORIENTED_EDGE('',*,*,#6050,.F.);
#9058=ORIENTED_EDGE('',*,*,#6112,.T.);
#9059=ORIENTED_EDGE('',*,*,#6573,.T.);
#9060=ORIENTED_EDGE('',*,*,#6109,.T.);
#9061=ORIENTED_EDGE('',*,*,#5776,.F.);
#9062=ORIENTED_EDGE('',*,*,#6106,.F.);
#9063=ORIENTED_EDGE('',*,*,#6469,.F.);
#9064=ORIENTED_EDGE('',*,*,#6107,.F.);
#9065=ORIENTED_EDGE('',*,*,#6054,.F.);
#9066=ORIENTED_EDGE('',*,*,#6120,.T.);
#9067=ORIENTED_EDGE('',*,*,#6571,.T.);
#9068=ORIENTED_EDGE('',*,*,#6117,.T.);
#9069=ORIENTED_EDGE('',*,*,#5772,.F.);
#9070=ORIENTED_EDGE('',*,*,#6114,.F.);
#9071=ORIENTED_EDGE('',*,*,#6461,.F.);
#9072=ORIENTED_EDGE('',*,*,#6115,.F.);
#9073=ORIENTED_EDGE('',*,*,#6058,.F.);
#9074=ORIENTED_EDGE('',*,*,#6128,.T.);
#9075=ORIENTED_EDGE('',*,*,#6569,.T.);
#9076=ORIENTED_EDGE('',*,*,#6125,.T.);
#9077=ORIENTED_EDGE('',*,*,#5768,.F.);
#9078=ORIENTED_EDGE('',*,*,#6122,.F.);
#9079=ORIENTED_EDGE('',*,*,#6453,.F.);
#9080=ORIENTED_EDGE('',*,*,#6123,.F.);
#9081=ORIENTED_EDGE('',*,*,#6062,.F.);
#9082=ORIENTED_EDGE('',*,*,#6609,.F.);
#9083=ORIENTED_EDGE('',*,*,#6610,.F.);
#9084=ORIENTED_EDGE('',*,*,#6611,.F.);
#9085=ORIENTED_EDGE('',*,*,#6612,.F.);
#9086=ORIENTED_EDGE('',*,*,#6256,.T.);
#9087=ORIENTED_EDGE('',*,*,#6602,.T.);
#9088=ORIENTED_EDGE('',*,*,#6608,.T.);
#9089=ORIENTED_EDGE('',*,*,#6605,.T.);
#9090=ORIENTED_EDGE('',*,*,#6613,.T.);
#9091=ORIENTED_EDGE('',*,*,#6614,.T.);
#9092=ORIENTED_EDGE('',*,*,#6615,.F.);
#9093=ORIENTED_EDGE('',*,*,#6539,.T.);
#9094=ORIENTED_EDGE('',*,*,#5851,.F.);
#9095=ORIENTED_EDGE('',*,*,#6616,.F.);
#9096=ORIENTED_EDGE('',*,*,#6616,.T.);
#9097=ORIENTED_EDGE('',*,*,#5850,.F.);
#9098=ORIENTED_EDGE('',*,*,#6617,.F.);
#9099=ORIENTED_EDGE('',*,*,#6618,.F.);
#9100=ORIENTED_EDGE('',*,*,#6619,.F.);
#9101=ORIENTED_EDGE('',*,*,#6617,.T.);
#9102=ORIENTED_EDGE('',*,*,#5849,.F.);
#9103=ORIENTED_EDGE('',*,*,#6620,.F.);
#9104=ORIENTED_EDGE('',*,*,#6621,.F.);
#9105=ORIENTED_EDGE('',*,*,#6620,.T.);
#9106=ORIENTED_EDGE('',*,*,#5848,.F.);
#9107=ORIENTED_EDGE('',*,*,#6258,.T.);
#9108=ORIENTED_EDGE('',*,*,#6609,.T.);
#9109=ORIENTED_EDGE('',*,*,#6622,.F.);
#9110=ORIENTED_EDGE('',*,*,#6623,.T.);
#9111=ORIENTED_EDGE('',*,*,#6540,.T.);
#9112=ORIENTED_EDGE('',*,*,#6615,.T.);
#9113=ORIENTED_EDGE('',*,*,#6624,.F.);
#9114=ORIENTED_EDGE('',*,*,#6618,.T.);
#9115=ORIENTED_EDGE('',*,*,#6625,.F.);
#9116=ORIENTED_EDGE('',*,*,#6610,.T.);
#9117=ORIENTED_EDGE('',*,*,#6624,.T.);
#9118=ORIENTED_EDGE('',*,*,#6626,.F.);
#9119=ORIENTED_EDGE('',*,*,#6611,.T.);
#9120=ORIENTED_EDGE('',*,*,#6625,.T.);
#9121=ORIENTED_EDGE('',*,*,#6619,.T.);
#9122=ORIENTED_EDGE('',*,*,#6257,.T.);
#9123=ORIENTED_EDGE('',*,*,#6612,.T.);
#9124=ORIENTED_EDGE('',*,*,#6626,.T.);
#9125=ORIENTED_EDGE('',*,*,#6621,.T.);
#9126=ORIENTED_EDGE('',*,*,#6136,.T.);
#9127=ORIENTED_EDGE('',*,*,#6567,.T.);
#9128=ORIENTED_EDGE('',*,*,#6133,.T.);
#9129=ORIENTED_EDGE('',*,*,#5764,.F.);
#9130=ORIENTED_EDGE('',*,*,#6130,.F.);
#9131=ORIENTED_EDGE('',*,*,#6445,.F.);
#9132=ORIENTED_EDGE('',*,*,#6131,.F.);
#9133=ORIENTED_EDGE('',*,*,#6066,.F.);
#9134=ORIENTED_EDGE('',*,*,#6144,.T.);
#9135=ORIENTED_EDGE('',*,*,#6565,.T.);
#9136=ORIENTED_EDGE('',*,*,#6141,.T.);
#9137=ORIENTED_EDGE('',*,*,#5760,.F.);
#9138=ORIENTED_EDGE('',*,*,#6138,.F.);
#9139=ORIENTED_EDGE('',*,*,#6437,.F.);
#9140=ORIENTED_EDGE('',*,*,#6139,.F.);
#9141=ORIENTED_EDGE('',*,*,#6070,.F.);
#9142=ORIENTED_EDGE('',*,*,#6150,.T.);
#9143=ORIENTED_EDGE('',*,*,#6563,.T.);
#9144=ORIENTED_EDGE('',*,*,#6147,.T.);
#9145=ORIENTED_EDGE('',*,*,#5756,.F.);
#9146=ORIENTED_EDGE('',*,*,#6145,.F.);
#9147=ORIENTED_EDGE('',*,*,#6431,.F.);
#9148=ORIENTED_EDGE('',*,*,#6146,.F.);
#9149=ORIENTED_EDGE('',*,*,#6074,.F.);
#9150=ORIENTED_EDGE('',*,*,#6560,.T.);
#9151=ORIENTED_EDGE('',*,*,#5907,.F.);
#9152=ORIENTED_EDGE('',*,*,#6421,.F.);
#9153=ORIENTED_EDGE('',*,*,#5923,.F.);
#9154=ORIENTED_EDGE('',*,*,#6558,.T.);
#9155=ORIENTED_EDGE('',*,*,#5903,.F.);
#9156=ORIENTED_EDGE('',*,*,#6556,.F.);
#9157=ORIENTED_EDGE('',*,*,#5927,.F.);
#9158=ORIENTED_EDGE('',*,*,#6413,.T.);
#9159=ORIENTED_EDGE('',*,*,#5899,.F.);
#9160=ORIENTED_EDGE('',*,*,#6555,.F.);
#9161=ORIENTED_EDGE('',*,*,#5931,.F.);
#9162=ORIENTED_EDGE('',*,*,#6401,.T.);
#9163=ORIENTED_EDGE('',*,*,#5895,.F.);
#9164=ORIENTED_EDGE('',*,*,#6554,.F.);
#9165=ORIENTED_EDGE('',*,*,#5935,.F.);
#9166=ORIENTED_EDGE('',*,*,#6389,.T.);
#9167=ORIENTED_EDGE('',*,*,#5891,.F.);
#9168=ORIENTED_EDGE('',*,*,#6553,.F.);
#9169=ORIENTED_EDGE('',*,*,#5939,.F.);
#9170=ORIENTED_EDGE('',*,*,#6377,.T.);
#9171=ORIENTED_EDGE('',*,*,#5887,.F.);
#9172=ORIENTED_EDGE('',*,*,#6552,.F.);
#9173=ORIENTED_EDGE('',*,*,#5943,.F.);
#9174=ORIENTED_EDGE('',*,*,#6365,.T.);
#9175=ORIENTED_EDGE('',*,*,#5883,.F.);
#9176=ORIENTED_EDGE('',*,*,#6551,.F.);
#9177=ORIENTED_EDGE('',*,*,#5947,.F.);
#9178=ORIENTED_EDGE('',*,*,#6353,.T.);
#9179=ORIENTED_EDGE('',*,*,#5879,.F.);
#9180=ORIENTED_EDGE('',*,*,#6550,.F.);
#9181=ORIENTED_EDGE('',*,*,#5951,.F.);
#9182=ORIENTED_EDGE('',*,*,#6341,.T.);
#9183=ORIENTED_EDGE('',*,*,#5875,.F.);
#9184=ORIENTED_EDGE('',*,*,#6549,.F.);
#9185=ORIENTED_EDGE('',*,*,#5955,.F.);
#9186=ORIENTED_EDGE('',*,*,#6329,.T.);
#9187=ORIENTED_EDGE('',*,*,#5871,.F.);
#9188=ORIENTED_EDGE('',*,*,#6548,.F.);
#9189=ORIENTED_EDGE('',*,*,#5959,.F.);
#9190=ORIENTED_EDGE('',*,*,#6317,.T.);
#9191=ORIENTED_EDGE('',*,*,#5867,.F.);
#9192=ORIENTED_EDGE('',*,*,#6547,.F.);
#9193=ORIENTED_EDGE('',*,*,#5963,.F.);
#9194=ORIENTED_EDGE('',*,*,#6305,.T.);
#9195=ORIENTED_EDGE('',*,*,#5863,.F.);
#9196=ORIENTED_EDGE('',*,*,#6546,.F.);
#9197=ORIENTED_EDGE('',*,*,#5967,.F.);
#9198=ORIENTED_EDGE('',*,*,#6293,.T.);
#9199=ORIENTED_EDGE('',*,*,#5859,.F.);
#9200=ORIENTED_EDGE('',*,*,#6545,.F.);
#9201=ORIENTED_EDGE('',*,*,#5971,.F.);
#9202=ORIENTED_EDGE('',*,*,#6281,.T.);
#9203=ORIENTED_EDGE('',*,*,#5855,.F.);
#9204=ORIENTED_EDGE('',*,*,#6267,.F.);
#9205=ORIENTED_EDGE('',*,*,#5975,.F.);
#9206=ORIENTED_EDGE('',*,*,#6622,.T.);
#9207=ORIENTED_EDGE('',*,*,#6614,.F.);
#9208=ORIENTED_EDGE('',*,*,#6627,.T.);
#9209=ORIENTED_EDGE('',*,*,#6628,.F.);
#9210=ORIENTED_EDGE('',*,*,#6582,.F.);
#9211=ORIENTED_EDGE('',*,*,#6595,.F.);
#9212=ORIENTED_EDGE('',*,*,#6541,.T.);
#9213=ORIENTED_EDGE('',*,*,#6623,.F.);
#9214=ORIENTED_EDGE('',*,*,#6627,.F.);
#9215=ORIENTED_EDGE('',*,*,#6613,.F.);
#9216=ORIENTED_EDGE('',*,*,#6604,.F.);
#9217=ORIENTED_EDGE('',*,*,#6596,.F.);
#9218=ORIENTED_EDGE('',*,*,#6583,.T.);
#9219=ORIENTED_EDGE('',*,*,#6628,.T.);
#9220=ORIENTED_EDGE('',*,*,#6603,.T.);
#9221=ORIENTED_EDGE('',*,*,#6607,.T.);
#9222=ORIENTED_EDGE('',*,*,#6600,.T.);
#9223=ORIENTED_EDGE('',*,*,#6254,.T.);
#9224=ORIENTED_EDGE('',*,*,#6593,.F.);
#9225=ORIENTED_EDGE('',*,*,#6589,.F.);
#9226=ORIENTED_EDGE('',*,*,#6585,.F.);
#9227=ORIENTED_EDGE('',*,*,#6629,.F.);
#9228=ORIENTED_EDGE('',*,*,#6630,.F.);
#9229=ORIENTED_EDGE('',*,*,#6631,.F.);
#9230=ORIENTED_EDGE('',*,*,#6632,.F.);
#9231=ORIENTED_EDGE('',*,*,#6633,.F.);
#9232=ORIENTED_EDGE('',*,*,#6634,.T.);
#9233=ORIENTED_EDGE('',*,*,#6633,.T.);
#9234=ORIENTED_EDGE('',*,*,#6635,.F.);
#9235=ORIENTED_EDGE('',*,*,#6636,.F.);
#9236=ORIENTED_EDGE('',*,*,#6637,.F.);
#9237=ORIENTED_EDGE('',*,*,#6638,.F.);
#9238=ORIENTED_EDGE('',*,*,#6639,.F.);
#9239=ORIENTED_EDGE('',*,*,#6640,.F.);
#9240=ORIENTED_EDGE('',*,*,#6641,.F.);
#9241=ORIENTED_EDGE('',*,*,#6642,.F.);
#9242=ORIENTED_EDGE('',*,*,#6643,.F.);
#9243=ORIENTED_EDGE('',*,*,#6644,.F.);
#9244=ORIENTED_EDGE('',*,*,#6645,.F.);
#9245=ORIENTED_EDGE('',*,*,#6646,.F.);
#9246=ORIENTED_EDGE('',*,*,#6647,.F.);
#9247=ORIENTED_EDGE('',*,*,#6648,.F.);
#9248=ORIENTED_EDGE('',*,*,#6649,.F.);
#9249=ORIENTED_EDGE('',*,*,#6650,.F.);
#9250=ORIENTED_EDGE('',*,*,#6651,.F.);
#9251=ORIENTED_EDGE('',*,*,#6652,.F.);
#9252=ORIENTED_EDGE('',*,*,#6653,.F.);
#9253=ORIENTED_EDGE('',*,*,#6654,.F.);
#9254=ORIENTED_EDGE('',*,*,#6655,.F.);
#9255=ORIENTED_EDGE('',*,*,#6656,.F.);
#9256=ORIENTED_EDGE('',*,*,#6657,.F.);
#9257=ORIENTED_EDGE('',*,*,#6658,.F.);
#9258=ORIENTED_EDGE('',*,*,#6659,.F.);
#9259=ORIENTED_EDGE('',*,*,#6660,.F.);
#9260=ORIENTED_EDGE('',*,*,#6661,.F.);
#9261=ORIENTED_EDGE('',*,*,#6662,.F.);
#9262=ORIENTED_EDGE('',*,*,#6663,.F.);
#9263=ORIENTED_EDGE('',*,*,#6664,.F.);
#9264=ORIENTED_EDGE('',*,*,#6665,.F.);
#9265=ORIENTED_EDGE('',*,*,#6666,.F.);
#9266=ORIENTED_EDGE('',*,*,#6667,.F.);
#9267=ORIENTED_EDGE('',*,*,#6668,.F.);
#9268=ORIENTED_EDGE('',*,*,#6669,.F.);
#9269=ORIENTED_EDGE('',*,*,#6670,.F.);
#9270=ORIENTED_EDGE('',*,*,#6671,.F.);
#9271=ORIENTED_EDGE('',*,*,#6672,.F.);
#9272=ORIENTED_EDGE('',*,*,#6673,.T.);
#9273=ORIENTED_EDGE('',*,*,#6674,.F.);
#9274=ORIENTED_EDGE('',*,*,#6675,.F.);
#9275=ORIENTED_EDGE('',*,*,#6676,.F.);
#9276=ORIENTED_EDGE('',*,*,#6677,.F.);
#9277=ORIENTED_EDGE('',*,*,#6678,.F.);
#9278=ORIENTED_EDGE('',*,*,#6679,.F.);
#9279=ORIENTED_EDGE('',*,*,#6680,.F.);
#9280=ORIENTED_EDGE('',*,*,#6681,.F.);
#9281=ORIENTED_EDGE('',*,*,#6682,.F.);
#9282=ORIENTED_EDGE('',*,*,#6683,.F.);
#9283=ORIENTED_EDGE('',*,*,#6684,.F.);
#9284=ORIENTED_EDGE('',*,*,#6685,.F.);
#9285=ORIENTED_EDGE('',*,*,#6686,.F.);
#9286=ORIENTED_EDGE('',*,*,#6687,.F.);
#9287=ORIENTED_EDGE('',*,*,#6688,.F.);
#9288=ORIENTED_EDGE('',*,*,#6689,.F.);
#9289=ORIENTED_EDGE('',*,*,#6690,.F.);
#9290=ORIENTED_EDGE('',*,*,#6691,.F.);
#9291=ORIENTED_EDGE('',*,*,#6692,.F.);
#9292=ORIENTED_EDGE('',*,*,#6693,.F.);
#9293=ORIENTED_EDGE('',*,*,#6694,.F.);
#9294=ORIENTED_EDGE('',*,*,#6695,.F.);
#9295=ORIENTED_EDGE('',*,*,#6696,.F.);
#9296=ORIENTED_EDGE('',*,*,#6697,.F.);
#9297=ORIENTED_EDGE('',*,*,#6698,.F.);
#9298=ORIENTED_EDGE('',*,*,#6699,.F.);
#9299=ORIENTED_EDGE('',*,*,#6700,.F.);
#9300=ORIENTED_EDGE('',*,*,#6701,.F.);
#9301=ORIENTED_EDGE('',*,*,#6702,.F.);
#9302=ORIENTED_EDGE('',*,*,#6703,.F.);
#9303=ORIENTED_EDGE('',*,*,#6704,.F.);
#9304=ORIENTED_EDGE('',*,*,#6705,.F.);
#9305=ORIENTED_EDGE('',*,*,#6706,.F.);
#9306=ORIENTED_EDGE('',*,*,#6707,.F.);
#9307=ORIENTED_EDGE('',*,*,#6708,.F.);
#9308=ORIENTED_EDGE('',*,*,#6709,.F.);
#9309=ORIENTED_EDGE('',*,*,#6710,.F.);
#9310=ORIENTED_EDGE('',*,*,#6711,.F.);
#9311=ORIENTED_EDGE('',*,*,#6712,.F.);
#9312=ORIENTED_EDGE('',*,*,#6713,.F.);
#9313=ORIENTED_EDGE('',*,*,#6714,.F.);
#9314=ORIENTED_EDGE('',*,*,#6715,.F.);
#9315=ORIENTED_EDGE('',*,*,#6716,.F.);
#9316=ORIENTED_EDGE('',*,*,#6717,.F.);
#9317=ORIENTED_EDGE('',*,*,#6718,.F.);
#9318=ORIENTED_EDGE('',*,*,#6719,.F.);
#9319=ORIENTED_EDGE('',*,*,#6720,.F.);
#9320=ORIENTED_EDGE('',*,*,#6721,.F.);
#9321=ORIENTED_EDGE('',*,*,#6722,.F.);
#9322=ORIENTED_EDGE('',*,*,#6723,.F.);
#9323=ORIENTED_EDGE('',*,*,#6724,.F.);
#9324=ORIENTED_EDGE('',*,*,#6725,.F.);
#9325=ORIENTED_EDGE('',*,*,#6726,.F.);
#9326=ORIENTED_EDGE('',*,*,#6727,.F.);
#9327=ORIENTED_EDGE('',*,*,#6728,.F.);
#9328=ORIENTED_EDGE('',*,*,#6729,.T.);
#9329=ORIENTED_EDGE('',*,*,#6730,.T.);
#9330=ORIENTED_EDGE('',*,*,#6731,.T.);
#9331=ORIENTED_EDGE('',*,*,#6732,.T.);
#9332=ORIENTED_EDGE('',*,*,#6733,.F.);
#9333=ORIENTED_EDGE('',*,*,#6734,.F.);
#9334=ORIENTED_EDGE('',*,*,#6735,.F.);
#9335=ORIENTED_EDGE('',*,*,#6736,.T.);
#9336=ORIENTED_EDGE('',*,*,#6737,.T.);
#9337=ORIENTED_EDGE('',*,*,#6738,.F.);
#9338=ORIENTED_EDGE('',*,*,#6739,.F.);
#9339=ORIENTED_EDGE('',*,*,#6740,.T.);
#9340=ORIENTED_EDGE('',*,*,#6741,.T.);
#9341=ORIENTED_EDGE('',*,*,#6742,.F.);
#9342=ORIENTED_EDGE('',*,*,#6743,.F.);
#9343=ORIENTED_EDGE('',*,*,#6744,.T.);
#9344=ORIENTED_EDGE('',*,*,#6745,.T.);
#9345=ORIENTED_EDGE('',*,*,#6746,.F.);
#9346=ORIENTED_EDGE('',*,*,#6747,.F.);
#9347=ORIENTED_EDGE('',*,*,#6748,.T.);
#9348=ORIENTED_EDGE('',*,*,#6749,.T.);
#9349=ORIENTED_EDGE('',*,*,#6750,.F.);
#9350=ORIENTED_EDGE('',*,*,#6751,.F.);
#9351=ORIENTED_EDGE('',*,*,#6752,.T.);
#9352=ORIENTED_EDGE('',*,*,#6753,.T.);
#9353=ORIENTED_EDGE('',*,*,#6754,.F.);
#9354=ORIENTED_EDGE('',*,*,#6755,.F.);
#9355=ORIENTED_EDGE('',*,*,#6756,.T.);
#9356=ORIENTED_EDGE('',*,*,#6757,.T.);
#9357=ORIENTED_EDGE('',*,*,#6758,.F.);
#9358=ORIENTED_EDGE('',*,*,#6759,.F.);
#9359=ORIENTED_EDGE('',*,*,#6760,.T.);
#9360=ORIENTED_EDGE('',*,*,#6761,.T.);
#9361=ORIENTED_EDGE('',*,*,#6762,.F.);
#9362=ORIENTED_EDGE('',*,*,#6763,.F.);
#9363=ORIENTED_EDGE('',*,*,#6764,.T.);
#9364=ORIENTED_EDGE('',*,*,#6765,.T.);
#9365=ORIENTED_EDGE('',*,*,#6766,.F.);
#9366=ORIENTED_EDGE('',*,*,#6767,.F.);
#9367=ORIENTED_EDGE('',*,*,#6768,.T.);
#9368=ORIENTED_EDGE('',*,*,#6769,.T.);
#9369=ORIENTED_EDGE('',*,*,#6770,.F.);
#9370=ORIENTED_EDGE('',*,*,#6771,.F.);
#9371=ORIENTED_EDGE('',*,*,#6772,.T.);
#9372=ORIENTED_EDGE('',*,*,#6773,.T.);
#9373=ORIENTED_EDGE('',*,*,#6774,.F.);
#9374=ORIENTED_EDGE('',*,*,#6775,.F.);
#9375=ORIENTED_EDGE('',*,*,#6776,.T.);
#9376=ORIENTED_EDGE('',*,*,#6777,.T.);
#9377=ORIENTED_EDGE('',*,*,#6778,.F.);
#9378=ORIENTED_EDGE('',*,*,#6779,.F.);
#9379=ORIENTED_EDGE('',*,*,#6780,.T.);
#9380=ORIENTED_EDGE('',*,*,#6781,.T.);
#9381=ORIENTED_EDGE('',*,*,#6782,.F.);
#9382=ORIENTED_EDGE('',*,*,#6783,.F.);
#9383=ORIENTED_EDGE('',*,*,#6784,.T.);
#9384=ORIENTED_EDGE('',*,*,#6785,.T.);
#9385=ORIENTED_EDGE('',*,*,#6786,.F.);
#9386=ORIENTED_EDGE('',*,*,#6787,.F.);
#9387=ORIENTED_EDGE('',*,*,#6632,.T.);
#9388=ORIENTED_EDGE('',*,*,#6788,.T.);
#9389=ORIENTED_EDGE('',*,*,#6789,.T.);
#9390=ORIENTED_EDGE('',*,*,#6790,.T.);
#9391=ORIENTED_EDGE('',*,*,#6791,.T.);
#9392=ORIENTED_EDGE('',*,*,#6635,.T.);
#9393=ORIENTED_EDGE('',*,*,#6792,.F.);
#9394=ORIENTED_EDGE('',*,*,#6793,.T.);
#9395=ORIENTED_EDGE('',*,*,#6794,.F.);
#9396=ORIENTED_EDGE('',*,*,#6795,.T.);
#9397=ORIENTED_EDGE('',*,*,#6796,.F.);
#9398=ORIENTED_EDGE('',*,*,#6670,.T.);
#9399=ORIENTED_EDGE('',*,*,#6797,.F.);
#9400=ORIENTED_EDGE('',*,*,#6798,.F.);
#9401=ORIENTED_EDGE('',*,*,#6799,.F.);
#9402=ORIENTED_EDGE('',*,*,#6800,.F.);
#9403=ORIENTED_EDGE('',*,*,#6801,.F.);
#9404=ORIENTED_EDGE('',*,*,#6668,.T.);
#9405=ORIENTED_EDGE('',*,*,#6802,.F.);
#9406=ORIENTED_EDGE('',*,*,#6803,.T.);
#9407=ORIENTED_EDGE('',*,*,#6804,.F.);
#9408=ORIENTED_EDGE('',*,*,#6805,.T.);
#9409=ORIENTED_EDGE('',*,*,#6806,.F.);
#9410=ORIENTED_EDGE('',*,*,#6666,.T.);
#9411=ORIENTED_EDGE('',*,*,#6807,.F.);
#9412=ORIENTED_EDGE('',*,*,#6808,.F.);
#9413=ORIENTED_EDGE('',*,*,#6809,.F.);
#9414=ORIENTED_EDGE('',*,*,#6810,.F.);
#9415=ORIENTED_EDGE('',*,*,#6811,.F.);
#9416=ORIENTED_EDGE('',*,*,#6664,.T.);
#9417=ORIENTED_EDGE('',*,*,#6812,.F.);
#9418=ORIENTED_EDGE('',*,*,#6813,.T.);
#9419=ORIENTED_EDGE('',*,*,#6814,.F.);
#9420=ORIENTED_EDGE('',*,*,#6815,.T.);
#9421=ORIENTED_EDGE('',*,*,#6816,.F.);
#9422=ORIENTED_EDGE('',*,*,#6662,.T.);
#9423=ORIENTED_EDGE('',*,*,#6817,.F.);
#9424=ORIENTED_EDGE('',*,*,#6818,.F.);
#9425=ORIENTED_EDGE('',*,*,#6819,.F.);
#9426=ORIENTED_EDGE('',*,*,#6820,.F.);
#9427=ORIENTED_EDGE('',*,*,#6821,.F.);
#9428=ORIENTED_EDGE('',*,*,#6660,.T.);
#9429=ORIENTED_EDGE('',*,*,#6822,.F.);
#9430=ORIENTED_EDGE('',*,*,#6823,.T.);
#9431=ORIENTED_EDGE('',*,*,#6824,.F.);
#9432=ORIENTED_EDGE('',*,*,#6825,.T.);
#9433=ORIENTED_EDGE('',*,*,#6826,.F.);
#9434=ORIENTED_EDGE('',*,*,#6658,.T.);
#9435=ORIENTED_EDGE('',*,*,#6827,.F.);
#9436=ORIENTED_EDGE('',*,*,#6828,.F.);
#9437=ORIENTED_EDGE('',*,*,#6829,.F.);
#9438=ORIENTED_EDGE('',*,*,#6830,.F.);
#9439=ORIENTED_EDGE('',*,*,#6831,.F.);
#9440=ORIENTED_EDGE('',*,*,#6656,.T.);
#9441=ORIENTED_EDGE('',*,*,#6832,.F.);
#9442=ORIENTED_EDGE('',*,*,#6833,.T.);
#9443=ORIENTED_EDGE('',*,*,#6834,.F.);
#9444=ORIENTED_EDGE('',*,*,#6835,.T.);
#9445=ORIENTED_EDGE('',*,*,#6836,.F.);
#9446=ORIENTED_EDGE('',*,*,#6654,.T.);
#9447=ORIENTED_EDGE('',*,*,#6837,.F.);
#9448=ORIENTED_EDGE('',*,*,#6838,.F.);
#9449=ORIENTED_EDGE('',*,*,#6839,.F.);
#9450=ORIENTED_EDGE('',*,*,#6840,.F.);
#9451=ORIENTED_EDGE('',*,*,#6841,.F.);
#9452=ORIENTED_EDGE('',*,*,#6652,.T.);
#9453=ORIENTED_EDGE('',*,*,#6842,.F.);
#9454=ORIENTED_EDGE('',*,*,#6843,.T.);
#9455=ORIENTED_EDGE('',*,*,#6844,.F.);
#9456=ORIENTED_EDGE('',*,*,#6845,.T.);
#9457=ORIENTED_EDGE('',*,*,#6846,.F.);
#9458=ORIENTED_EDGE('',*,*,#6650,.T.);
#9459=ORIENTED_EDGE('',*,*,#6847,.F.);
#9460=ORIENTED_EDGE('',*,*,#6848,.F.);
#9461=ORIENTED_EDGE('',*,*,#6849,.F.);
#9462=ORIENTED_EDGE('',*,*,#6850,.F.);
#9463=ORIENTED_EDGE('',*,*,#6851,.F.);
#9464=ORIENTED_EDGE('',*,*,#6648,.T.);
#9465=ORIENTED_EDGE('',*,*,#6852,.F.);
#9466=ORIENTED_EDGE('',*,*,#6853,.T.);
#9467=ORIENTED_EDGE('',*,*,#6854,.F.);
#9468=ORIENTED_EDGE('',*,*,#6855,.T.);
#9469=ORIENTED_EDGE('',*,*,#6856,.F.);
#9470=ORIENTED_EDGE('',*,*,#6646,.T.);
#9471=ORIENTED_EDGE('',*,*,#6857,.F.);
#9472=ORIENTED_EDGE('',*,*,#6858,.F.);
#9473=ORIENTED_EDGE('',*,*,#6859,.F.);
#9474=ORIENTED_EDGE('',*,*,#6860,.F.);
#9475=ORIENTED_EDGE('',*,*,#6861,.F.);
#9476=ORIENTED_EDGE('',*,*,#6644,.T.);
#9477=ORIENTED_EDGE('',*,*,#6862,.F.);
#9478=ORIENTED_EDGE('',*,*,#6863,.T.);
#9479=ORIENTED_EDGE('',*,*,#6864,.F.);
#9480=ORIENTED_EDGE('',*,*,#6865,.T.);
#9481=ORIENTED_EDGE('',*,*,#6866,.F.);
#9482=ORIENTED_EDGE('',*,*,#6642,.T.);
#9483=ORIENTED_EDGE('',*,*,#6867,.F.);
#9484=ORIENTED_EDGE('',*,*,#6868,.F.);
#9485=ORIENTED_EDGE('',*,*,#6869,.F.);
#9486=ORIENTED_EDGE('',*,*,#6870,.F.);
#9487=ORIENTED_EDGE('',*,*,#6871,.F.);
#9488=ORIENTED_EDGE('',*,*,#6640,.T.);
#9489=ORIENTED_EDGE('',*,*,#6872,.F.);
#9490=ORIENTED_EDGE('',*,*,#6873,.T.);
#9491=ORIENTED_EDGE('',*,*,#6874,.F.);
#9492=ORIENTED_EDGE('',*,*,#6875,.T.);
#9493=ORIENTED_EDGE('',*,*,#6876,.F.);
#9494=ORIENTED_EDGE('',*,*,#6638,.T.);
#9495=ORIENTED_EDGE('',*,*,#6877,.F.);
#9496=ORIENTED_EDGE('',*,*,#6878,.F.);
#9497=ORIENTED_EDGE('',*,*,#6879,.F.);
#9498=ORIENTED_EDGE('',*,*,#6791,.F.);
#9499=ORIENTED_EDGE('',*,*,#6880,.F.);
#9500=ORIENTED_EDGE('',*,*,#6636,.T.);
#9501=ORIENTED_EDGE('',*,*,#6881,.T.);
#9502=ORIENTED_EDGE('',*,*,#6727,.T.);
#9503=ORIENTED_EDGE('',*,*,#6882,.T.);
#9504=ORIENTED_EDGE('',*,*,#6883,.T.);
#9505=ORIENTED_EDGE('',*,*,#6881,.F.);
#9506=ORIENTED_EDGE('',*,*,#6884,.T.);
#9507=ORIENTED_EDGE('',*,*,#6885,.F.);
#9508=ORIENTED_EDGE('',*,*,#6886,.T.);
#9509=ORIENTED_EDGE('',*,*,#6887,.T.);
#9510=ORIENTED_EDGE('',*,*,#6888,.F.);
#9511=ORIENTED_EDGE('',*,*,#6889,.T.);
#9512=ORIENTED_EDGE('',*,*,#6890,.F.);
#9513=ORIENTED_EDGE('',*,*,#6891,.T.);
#9514=ORIENTED_EDGE('',*,*,#6728,.T.);
#9515=ORIENTED_EDGE('',*,*,#6885,.T.);
#9516=ORIENTED_EDGE('',*,*,#6892,.T.);
#9517=ORIENTED_EDGE('',*,*,#6893,.T.);
#9518=ORIENTED_EDGE('',*,*,#6894,.T.);
#9519=ORIENTED_EDGE('',*,*,#6629,.T.);
#9520=ORIENTED_EDGE('',*,*,#6895,.T.);
#9521=ORIENTED_EDGE('',*,*,#6896,.F.);
#9522=ORIENTED_EDGE('',*,*,#6897,.T.);
#9523=ORIENTED_EDGE('',*,*,#6898,.T.);
#9524=ORIENTED_EDGE('',*,*,#6899,.T.);
#9525=ORIENTED_EDGE('',*,*,#6900,.F.);
#9526=ORIENTED_EDGE('',*,*,#6901,.T.);
#9527=ORIENTED_EDGE('',*,*,#6902,.T.);
#9528=ORIENTED_EDGE('',*,*,#6903,.T.);
#9529=ORIENTED_EDGE('',*,*,#6904,.F.);
#9530=ORIENTED_EDGE('',*,*,#6905,.T.);
#9531=ORIENTED_EDGE('',*,*,#6906,.T.);
#9532=ORIENTED_EDGE('',*,*,#6907,.T.);
#9533=ORIENTED_EDGE('',*,*,#6908,.F.);
#9534=ORIENTED_EDGE('',*,*,#6909,.T.);
#9535=ORIENTED_EDGE('',*,*,#6910,.T.);
#9536=ORIENTED_EDGE('',*,*,#6911,.T.);
#9537=ORIENTED_EDGE('',*,*,#6912,.F.);
#9538=ORIENTED_EDGE('',*,*,#6913,.T.);
#9539=ORIENTED_EDGE('',*,*,#6914,.T.);
#9540=ORIENTED_EDGE('',*,*,#6915,.T.);
#9541=ORIENTED_EDGE('',*,*,#6916,.F.);
#9542=ORIENTED_EDGE('',*,*,#6917,.T.);
#9543=ORIENTED_EDGE('',*,*,#6918,.T.);
#9544=ORIENTED_EDGE('',*,*,#6919,.T.);
#9545=ORIENTED_EDGE('',*,*,#6920,.F.);
#9546=ORIENTED_EDGE('',*,*,#6921,.T.);
#9547=ORIENTED_EDGE('',*,*,#6922,.T.);
#9548=ORIENTED_EDGE('',*,*,#6923,.T.);
#9549=ORIENTED_EDGE('',*,*,#6924,.F.);
#9550=ORIENTED_EDGE('',*,*,#6925,.T.);
#9551=ORIENTED_EDGE('',*,*,#6926,.T.);
#9552=ORIENTED_EDGE('',*,*,#6927,.T.);
#9553=ORIENTED_EDGE('',*,*,#6928,.F.);
#9554=ORIENTED_EDGE('',*,*,#6929,.T.);
#9555=ORIENTED_EDGE('',*,*,#6930,.T.);
#9556=ORIENTED_EDGE('',*,*,#6931,.T.);
#9557=ORIENTED_EDGE('',*,*,#6932,.F.);
#9558=ORIENTED_EDGE('',*,*,#6933,.T.);
#9559=ORIENTED_EDGE('',*,*,#6934,.T.);
#9560=ORIENTED_EDGE('',*,*,#6935,.T.);
#9561=ORIENTED_EDGE('',*,*,#6936,.F.);
#9562=ORIENTED_EDGE('',*,*,#6937,.T.);
#9563=ORIENTED_EDGE('',*,*,#6938,.T.);
#9564=ORIENTED_EDGE('',*,*,#6939,.T.);
#9565=ORIENTED_EDGE('',*,*,#6940,.F.);
#9566=ORIENTED_EDGE('',*,*,#6941,.T.);
#9567=ORIENTED_EDGE('',*,*,#6942,.T.);
#9568=ORIENTED_EDGE('',*,*,#6943,.T.);
#9569=ORIENTED_EDGE('',*,*,#6944,.F.);
#9570=ORIENTED_EDGE('',*,*,#6945,.T.);
#9571=ORIENTED_EDGE('',*,*,#6946,.T.);
#9572=ORIENTED_EDGE('',*,*,#6947,.T.);
#9573=ORIENTED_EDGE('',*,*,#6948,.F.);
#9574=ORIENTED_EDGE('',*,*,#6949,.F.);
#9575=ORIENTED_EDGE('',*,*,#6950,.T.);
#9576=ORIENTED_EDGE('',*,*,#6951,.T.);
#9577=ORIENTED_EDGE('',*,*,#6952,.T.);
#9578=ORIENTED_EDGE('',*,*,#6953,.T.);
#9579=ORIENTED_EDGE('',*,*,#6886,.F.);
#9580=ORIENTED_EDGE('',*,*,#6894,.F.);
#9581=ORIENTED_EDGE('',*,*,#6954,.T.);
#9582=ORIENTED_EDGE('',*,*,#6955,.T.);
#9583=ORIENTED_EDGE('',*,*,#6956,.T.);
#9584=ORIENTED_EDGE('',*,*,#6957,.F.);
#9585=ORIENTED_EDGE('',*,*,#6958,.T.);
#9586=ORIENTED_EDGE('',*,*,#6959,.T.);
#9587=ORIENTED_EDGE('',*,*,#6960,.T.);
#9588=ORIENTED_EDGE('',*,*,#6961,.F.);
#9589=ORIENTED_EDGE('',*,*,#6962,.T.);
#9590=ORIENTED_EDGE('',*,*,#6963,.T.);
#9591=ORIENTED_EDGE('',*,*,#6964,.T.);
#9592=ORIENTED_EDGE('',*,*,#6965,.F.);
#9593=ORIENTED_EDGE('',*,*,#6966,.T.);
#9594=ORIENTED_EDGE('',*,*,#6967,.T.);
#9595=ORIENTED_EDGE('',*,*,#6968,.T.);
#9596=ORIENTED_EDGE('',*,*,#6969,.F.);
#9597=ORIENTED_EDGE('',*,*,#6970,.T.);
#9598=ORIENTED_EDGE('',*,*,#6971,.T.);
#9599=ORIENTED_EDGE('',*,*,#6972,.T.);
#9600=ORIENTED_EDGE('',*,*,#6973,.F.);
#9601=ORIENTED_EDGE('',*,*,#6974,.T.);
#9602=ORIENTED_EDGE('',*,*,#6975,.T.);
#9603=ORIENTED_EDGE('',*,*,#6976,.T.);
#9604=ORIENTED_EDGE('',*,*,#6977,.F.);
#9605=ORIENTED_EDGE('',*,*,#6978,.T.);
#9606=ORIENTED_EDGE('',*,*,#6979,.T.);
#9607=ORIENTED_EDGE('',*,*,#6980,.T.);
#9608=ORIENTED_EDGE('',*,*,#6981,.F.);
#9609=ORIENTED_EDGE('',*,*,#6982,.T.);
#9610=ORIENTED_EDGE('',*,*,#6983,.T.);
#9611=ORIENTED_EDGE('',*,*,#6984,.T.);
#9612=ORIENTED_EDGE('',*,*,#6985,.F.);
#9613=ORIENTED_EDGE('',*,*,#6986,.T.);
#9614=ORIENTED_EDGE('',*,*,#6987,.T.);
#9615=ORIENTED_EDGE('',*,*,#6988,.T.);
#9616=ORIENTED_EDGE('',*,*,#6989,.F.);
#9617=ORIENTED_EDGE('',*,*,#6990,.T.);
#9618=ORIENTED_EDGE('',*,*,#6991,.T.);
#9619=ORIENTED_EDGE('',*,*,#6992,.T.);
#9620=ORIENTED_EDGE('',*,*,#6993,.F.);
#9621=ORIENTED_EDGE('',*,*,#6994,.T.);
#9622=ORIENTED_EDGE('',*,*,#6995,.T.);
#9623=ORIENTED_EDGE('',*,*,#6996,.T.);
#9624=ORIENTED_EDGE('',*,*,#6997,.F.);
#9625=ORIENTED_EDGE('',*,*,#6998,.T.);
#9626=ORIENTED_EDGE('',*,*,#6999,.T.);
#9627=ORIENTED_EDGE('',*,*,#7000,.T.);
#9628=ORIENTED_EDGE('',*,*,#7001,.F.);
#9629=ORIENTED_EDGE('',*,*,#7002,.T.);
#9630=ORIENTED_EDGE('',*,*,#7003,.T.);
#9631=ORIENTED_EDGE('',*,*,#7004,.T.);
#9632=ORIENTED_EDGE('',*,*,#7005,.F.);
#9633=ORIENTED_EDGE('',*,*,#7006,.T.);
#9634=ORIENTED_EDGE('',*,*,#7007,.T.);
#9635=ORIENTED_EDGE('',*,*,#7008,.T.);
#9636=ORIENTED_EDGE('',*,*,#7009,.F.);
#9637=ORIENTED_EDGE('',*,*,#6794,.T.);
#9638=ORIENTED_EDGE('',*,*,#7010,.T.);
#9639=ORIENTED_EDGE('',*,*,#6799,.T.);
#9640=ORIENTED_EDGE('',*,*,#7011,.F.);
#9641=ORIENTED_EDGE('',*,*,#6804,.T.);
#9642=ORIENTED_EDGE('',*,*,#7012,.T.);
#9643=ORIENTED_EDGE('',*,*,#6809,.T.);
#9644=ORIENTED_EDGE('',*,*,#7013,.F.);
#9645=ORIENTED_EDGE('',*,*,#6814,.T.);
#9646=ORIENTED_EDGE('',*,*,#7014,.T.);
#9647=ORIENTED_EDGE('',*,*,#6819,.T.);
#9648=ORIENTED_EDGE('',*,*,#7015,.F.);
#9649=ORIENTED_EDGE('',*,*,#6824,.T.);
#9650=ORIENTED_EDGE('',*,*,#7016,.T.);
#9651=ORIENTED_EDGE('',*,*,#6829,.T.);
#9652=ORIENTED_EDGE('',*,*,#7017,.F.);
#9653=ORIENTED_EDGE('',*,*,#6834,.T.);
#9654=ORIENTED_EDGE('',*,*,#7018,.T.);
#9655=ORIENTED_EDGE('',*,*,#6839,.T.);
#9656=ORIENTED_EDGE('',*,*,#7019,.F.);
#9657=ORIENTED_EDGE('',*,*,#6844,.T.);
#9658=ORIENTED_EDGE('',*,*,#7020,.T.);
#9659=ORIENTED_EDGE('',*,*,#6849,.T.);
#9660=ORIENTED_EDGE('',*,*,#7021,.F.);
#9661=ORIENTED_EDGE('',*,*,#6854,.T.);
#9662=ORIENTED_EDGE('',*,*,#7022,.T.);
#9663=ORIENTED_EDGE('',*,*,#6859,.T.);
#9664=ORIENTED_EDGE('',*,*,#7023,.F.);
#9665=ORIENTED_EDGE('',*,*,#6864,.T.);
#9666=ORIENTED_EDGE('',*,*,#7024,.T.);
#9667=ORIENTED_EDGE('',*,*,#6869,.T.);
#9668=ORIENTED_EDGE('',*,*,#7025,.F.);
#9669=ORIENTED_EDGE('',*,*,#6874,.T.);
#9670=ORIENTED_EDGE('',*,*,#7026,.T.);
#9671=ORIENTED_EDGE('',*,*,#6879,.T.);
#9672=ORIENTED_EDGE('',*,*,#7027,.F.);
#9673=ORIENTED_EDGE('',*,*,#7028,.T.);
#9674=ORIENTED_EDGE('',*,*,#7029,.T.);
#9675=ORIENTED_EDGE('',*,*,#7030,.T.);
#9676=ORIENTED_EDGE('',*,*,#6957,.T.);
#9677=ORIENTED_EDGE('',*,*,#7030,.F.);
#9678=ORIENTED_EDGE('',*,*,#7031,.F.);
#9679=ORIENTED_EDGE('',*,*,#7032,.F.);
#9680=ORIENTED_EDGE('',*,*,#6722,.T.);
#9681=ORIENTED_EDGE('',*,*,#7033,.T.);
#9682=ORIENTED_EDGE('',*,*,#6958,.F.);
#9683=ORIENTED_EDGE('',*,*,#7032,.T.);
#9684=ORIENTED_EDGE('',*,*,#7034,.T.);
#9685=ORIENTED_EDGE('',*,*,#7035,.T.);
#9686=ORIENTED_EDGE('',*,*,#6723,.T.);
#9687=ORIENTED_EDGE('',*,*,#7036,.T.);
#9688=ORIENTED_EDGE('',*,*,#7037,.T.);
#9689=ORIENTED_EDGE('',*,*,#7038,.T.);
#9690=ORIENTED_EDGE('',*,*,#6961,.T.);
#9691=ORIENTED_EDGE('',*,*,#7038,.F.);
#9692=ORIENTED_EDGE('',*,*,#7039,.F.);
#9693=ORIENTED_EDGE('',*,*,#7040,.F.);
#9694=ORIENTED_EDGE('',*,*,#6718,.T.);
#9695=ORIENTED_EDGE('',*,*,#7041,.T.);
#9696=ORIENTED_EDGE('',*,*,#6962,.F.);
#9697=ORIENTED_EDGE('',*,*,#7040,.T.);
#9698=ORIENTED_EDGE('',*,*,#7042,.T.);
#9699=ORIENTED_EDGE('',*,*,#7043,.T.);
#9700=ORIENTED_EDGE('',*,*,#6719,.T.);
#9701=ORIENTED_EDGE('',*,*,#7044,.T.);
#9702=ORIENTED_EDGE('',*,*,#7045,.T.);
#9703=ORIENTED_EDGE('',*,*,#7046,.T.);
#9704=ORIENTED_EDGE('',*,*,#6965,.T.);
#9705=ORIENTED_EDGE('',*,*,#7046,.F.);
#9706=ORIENTED_EDGE('',*,*,#7047,.F.);
#9707=ORIENTED_EDGE('',*,*,#7048,.F.);
#9708=ORIENTED_EDGE('',*,*,#6714,.T.);
#9709=ORIENTED_EDGE('',*,*,#7049,.T.);
#9710=ORIENTED_EDGE('',*,*,#6966,.F.);
#9711=ORIENTED_EDGE('',*,*,#7048,.T.);
#9712=ORIENTED_EDGE('',*,*,#7050,.T.);
#9713=ORIENTED_EDGE('',*,*,#7051,.T.);
#9714=ORIENTED_EDGE('',*,*,#6715,.T.);
#9715=ORIENTED_EDGE('',*,*,#7052,.T.);
#9716=ORIENTED_EDGE('',*,*,#7053,.T.);
#9717=ORIENTED_EDGE('',*,*,#7054,.T.);
#9718=ORIENTED_EDGE('',*,*,#6969,.T.);
#9719=ORIENTED_EDGE('',*,*,#7054,.F.);
#9720=ORIENTED_EDGE('',*,*,#7055,.F.);
#9721=ORIENTED_EDGE('',*,*,#7056,.F.);
#9722=ORIENTED_EDGE('',*,*,#6710,.T.);
#9723=ORIENTED_EDGE('',*,*,#7057,.T.);
#9724=ORIENTED_EDGE('',*,*,#6970,.F.);
#9725=ORIENTED_EDGE('',*,*,#7056,.T.);
#9726=ORIENTED_EDGE('',*,*,#7058,.T.);
#9727=ORIENTED_EDGE('',*,*,#7059,.T.);
#9728=ORIENTED_EDGE('',*,*,#6711,.T.);
#9729=ORIENTED_EDGE('',*,*,#7060,.T.);
#9730=ORIENTED_EDGE('',*,*,#7061,.T.);
#9731=ORIENTED_EDGE('',*,*,#7062,.T.);
#9732=ORIENTED_EDGE('',*,*,#6973,.T.);
#9733=ORIENTED_EDGE('',*,*,#7062,.F.);
#9734=ORIENTED_EDGE('',*,*,#7063,.F.);
#9735=ORIENTED_EDGE('',*,*,#7064,.F.);
#9736=ORIENTED_EDGE('',*,*,#6706,.T.);
#9737=ORIENTED_EDGE('',*,*,#7065,.T.);
#9738=ORIENTED_EDGE('',*,*,#6974,.F.);
#9739=ORIENTED_EDGE('',*,*,#7064,.T.);
#9740=ORIENTED_EDGE('',*,*,#7066,.T.);
#9741=ORIENTED_EDGE('',*,*,#7067,.T.);
#9742=ORIENTED_EDGE('',*,*,#6707,.T.);
#9743=ORIENTED_EDGE('',*,*,#7068,.T.);
#9744=ORIENTED_EDGE('',*,*,#7069,.T.);
#9745=ORIENTED_EDGE('',*,*,#7070,.T.);
#9746=ORIENTED_EDGE('',*,*,#6977,.T.);
#9747=ORIENTED_EDGE('',*,*,#7070,.F.);
#9748=ORIENTED_EDGE('',*,*,#7071,.F.);
#9749=ORIENTED_EDGE('',*,*,#7072,.F.);
#9750=ORIENTED_EDGE('',*,*,#6702,.T.);
#9751=ORIENTED_EDGE('',*,*,#7073,.T.);
#9752=ORIENTED_EDGE('',*,*,#6978,.F.);
#9753=ORIENTED_EDGE('',*,*,#7072,.T.);
#9754=ORIENTED_EDGE('',*,*,#7074,.T.);
#9755=ORIENTED_EDGE('',*,*,#7075,.T.);
#9756=ORIENTED_EDGE('',*,*,#6703,.T.);
#9757=ORIENTED_EDGE('',*,*,#7076,.T.);
#9758=ORIENTED_EDGE('',*,*,#7077,.T.);
#9759=ORIENTED_EDGE('',*,*,#7078,.T.);
#9760=ORIENTED_EDGE('',*,*,#6981,.T.);
#9761=ORIENTED_EDGE('',*,*,#7078,.F.);
#9762=ORIENTED_EDGE('',*,*,#7079,.F.);
#9763=ORIENTED_EDGE('',*,*,#7080,.F.);
#9764=ORIENTED_EDGE('',*,*,#6698,.T.);
#9765=ORIENTED_EDGE('',*,*,#7081,.T.);
#9766=ORIENTED_EDGE('',*,*,#6982,.F.);
#9767=ORIENTED_EDGE('',*,*,#7080,.T.);
#9768=ORIENTED_EDGE('',*,*,#7082,.T.);
#9769=ORIENTED_EDGE('',*,*,#7083,.T.);
#9770=ORIENTED_EDGE('',*,*,#6699,.T.);
#9771=ORIENTED_EDGE('',*,*,#7084,.T.);
#9772=ORIENTED_EDGE('',*,*,#7085,.T.);
#9773=ORIENTED_EDGE('',*,*,#7086,.T.);
#9774=ORIENTED_EDGE('',*,*,#6985,.T.);
#9775=ORIENTED_EDGE('',*,*,#7086,.F.);
#9776=ORIENTED_EDGE('',*,*,#7087,.F.);
#9777=ORIENTED_EDGE('',*,*,#7088,.F.);
#9778=ORIENTED_EDGE('',*,*,#6694,.T.);
#9779=ORIENTED_EDGE('',*,*,#7089,.T.);
#9780=ORIENTED_EDGE('',*,*,#6986,.F.);
#9781=ORIENTED_EDGE('',*,*,#7088,.T.);
#9782=ORIENTED_EDGE('',*,*,#7090,.T.);
#9783=ORIENTED_EDGE('',*,*,#7091,.T.);
#9784=ORIENTED_EDGE('',*,*,#6695,.T.);
#9785=ORIENTED_EDGE('',*,*,#7092,.T.);
#9786=ORIENTED_EDGE('',*,*,#7093,.T.);
#9787=ORIENTED_EDGE('',*,*,#7094,.T.);
#9788=ORIENTED_EDGE('',*,*,#6989,.T.);
#9789=ORIENTED_EDGE('',*,*,#7094,.F.);
#9790=ORIENTED_EDGE('',*,*,#7095,.F.);
#9791=ORIENTED_EDGE('',*,*,#7096,.F.);
#9792=ORIENTED_EDGE('',*,*,#6690,.T.);
#9793=ORIENTED_EDGE('',*,*,#7097,.T.);
#9794=ORIENTED_EDGE('',*,*,#6990,.F.);
#9795=ORIENTED_EDGE('',*,*,#7096,.T.);
#9796=ORIENTED_EDGE('',*,*,#7098,.T.);
#9797=ORIENTED_EDGE('',*,*,#7099,.T.);
#9798=ORIENTED_EDGE('',*,*,#6691,.T.);
#9799=ORIENTED_EDGE('',*,*,#7100,.T.);
#9800=ORIENTED_EDGE('',*,*,#7101,.T.);
#9801=ORIENTED_EDGE('',*,*,#7102,.T.);
#9802=ORIENTED_EDGE('',*,*,#6993,.T.);
#9803=ORIENTED_EDGE('',*,*,#7102,.F.);
#9804=ORIENTED_EDGE('',*,*,#7103,.F.);
#9805=ORIENTED_EDGE('',*,*,#7104,.F.);
#9806=ORIENTED_EDGE('',*,*,#6686,.T.);
#9807=ORIENTED_EDGE('',*,*,#7105,.T.);
#9808=ORIENTED_EDGE('',*,*,#6994,.F.);
#9809=ORIENTED_EDGE('',*,*,#7104,.T.);
#9810=ORIENTED_EDGE('',*,*,#7106,.T.);
#9811=ORIENTED_EDGE('',*,*,#7107,.T.);
#9812=ORIENTED_EDGE('',*,*,#6687,.T.);
#9813=ORIENTED_EDGE('',*,*,#7108,.T.);
#9814=ORIENTED_EDGE('',*,*,#7109,.T.);
#9815=ORIENTED_EDGE('',*,*,#7110,.T.);
#9816=ORIENTED_EDGE('',*,*,#6997,.T.);
#9817=ORIENTED_EDGE('',*,*,#7110,.F.);
#9818=ORIENTED_EDGE('',*,*,#7111,.F.);
#9819=ORIENTED_EDGE('',*,*,#7112,.F.);
#9820=ORIENTED_EDGE('',*,*,#6682,.T.);
#9821=ORIENTED_EDGE('',*,*,#7113,.T.);
#9822=ORIENTED_EDGE('',*,*,#6998,.F.);
#9823=ORIENTED_EDGE('',*,*,#7112,.T.);
#9824=ORIENTED_EDGE('',*,*,#7114,.T.);
#9825=ORIENTED_EDGE('',*,*,#7115,.T.);
#9826=ORIENTED_EDGE('',*,*,#6683,.T.);
#9827=ORIENTED_EDGE('',*,*,#7116,.T.);
#9828=ORIENTED_EDGE('',*,*,#7117,.T.);
#9829=ORIENTED_EDGE('',*,*,#7118,.T.);
#9830=ORIENTED_EDGE('',*,*,#7001,.T.);
#9831=ORIENTED_EDGE('',*,*,#7118,.F.);
#9832=ORIENTED_EDGE('',*,*,#7119,.F.);
#9833=ORIENTED_EDGE('',*,*,#7120,.F.);
#9834=ORIENTED_EDGE('',*,*,#6678,.T.);
#9835=ORIENTED_EDGE('',*,*,#7121,.T.);
#9836=ORIENTED_EDGE('',*,*,#7002,.F.);
#9837=ORIENTED_EDGE('',*,*,#7120,.T.);
#9838=ORIENTED_EDGE('',*,*,#7122,.T.);
#9839=ORIENTED_EDGE('',*,*,#7123,.T.);
#9840=ORIENTED_EDGE('',*,*,#6679,.T.);
#9841=ORIENTED_EDGE('',*,*,#7124,.T.);
#9842=ORIENTED_EDGE('',*,*,#7125,.T.);
#9843=ORIENTED_EDGE('',*,*,#7126,.T.);
#9844=ORIENTED_EDGE('',*,*,#7005,.T.);
#9845=ORIENTED_EDGE('',*,*,#7126,.F.);
#9846=ORIENTED_EDGE('',*,*,#7127,.F.);
#9847=ORIENTED_EDGE('',*,*,#7128,.F.);
#9848=ORIENTED_EDGE('',*,*,#6674,.T.);
#9849=ORIENTED_EDGE('',*,*,#7129,.T.);
#9850=ORIENTED_EDGE('',*,*,#7006,.F.);
#9851=ORIENTED_EDGE('',*,*,#7128,.T.);
#9852=ORIENTED_EDGE('',*,*,#7130,.T.);
#9853=ORIENTED_EDGE('',*,*,#7131,.T.);
#9854=ORIENTED_EDGE('',*,*,#6675,.T.);
#9855=ORIENTED_EDGE('',*,*,#7132,.T.);
#9856=ORIENTED_EDGE('',*,*,#7133,.T.);
#9857=ORIENTED_EDGE('',*,*,#7134,.T.);
#9858=ORIENTED_EDGE('',*,*,#6792,.T.);
#9859=ORIENTED_EDGE('',*,*,#7009,.T.);
#9860=ORIENTED_EDGE('',*,*,#7135,.F.);
#9861=ORIENTED_EDGE('',*,*,#7136,.T.);
#9862=ORIENTED_EDGE('',*,*,#7134,.F.);
#9863=ORIENTED_EDGE('',*,*,#7137,.F.);
#9864=ORIENTED_EDGE('',*,*,#6796,.T.);
#9865=ORIENTED_EDGE('',*,*,#7135,.T.);
#9866=ORIENTED_EDGE('',*,*,#7138,.T.);
#9867=ORIENTED_EDGE('',*,*,#7139,.T.);
#9868=ORIENTED_EDGE('',*,*,#6671,.T.);
#9869=ORIENTED_EDGE('',*,*,#6798,.T.);
#9870=ORIENTED_EDGE('',*,*,#7140,.T.);
#9871=ORIENTED_EDGE('',*,*,#7141,.T.);
#9872=ORIENTED_EDGE('',*,*,#7142,.T.);
#9873=ORIENTED_EDGE('',*,*,#6802,.T.);
#9874=ORIENTED_EDGE('',*,*,#7011,.T.);
#9875=ORIENTED_EDGE('',*,*,#7143,.F.);
#9876=ORIENTED_EDGE('',*,*,#7144,.T.);
#9877=ORIENTED_EDGE('',*,*,#7142,.F.);
#9878=ORIENTED_EDGE('',*,*,#7145,.F.);
#9879=ORIENTED_EDGE('',*,*,#6806,.T.);
#9880=ORIENTED_EDGE('',*,*,#7143,.T.);
#9881=ORIENTED_EDGE('',*,*,#7146,.T.);
#9882=ORIENTED_EDGE('',*,*,#7147,.T.);
#9883=ORIENTED_EDGE('',*,*,#6800,.T.);
#9884=ORIENTED_EDGE('',*,*,#6667,.T.);
#9885=ORIENTED_EDGE('',*,*,#6808,.T.);
#9886=ORIENTED_EDGE('',*,*,#7148,.T.);
#9887=ORIENTED_EDGE('',*,*,#7149,.T.);
#9888=ORIENTED_EDGE('',*,*,#7150,.T.);
#9889=ORIENTED_EDGE('',*,*,#6812,.T.);
#9890=ORIENTED_EDGE('',*,*,#7013,.T.);
#9891=ORIENTED_EDGE('',*,*,#7151,.F.);
#9892=ORIENTED_EDGE('',*,*,#7152,.T.);
#9893=ORIENTED_EDGE('',*,*,#7150,.F.);
#9894=ORIENTED_EDGE('',*,*,#7153,.F.);
#9895=ORIENTED_EDGE('',*,*,#6816,.T.);
#9896=ORIENTED_EDGE('',*,*,#7151,.T.);
#9897=ORIENTED_EDGE('',*,*,#7154,.T.);
#9898=ORIENTED_EDGE('',*,*,#7155,.T.);
#9899=ORIENTED_EDGE('',*,*,#6810,.T.);
#9900=ORIENTED_EDGE('',*,*,#6663,.T.);
#9901=ORIENTED_EDGE('',*,*,#6818,.T.);
#9902=ORIENTED_EDGE('',*,*,#7156,.T.);
#9903=ORIENTED_EDGE('',*,*,#7157,.T.);
#9904=ORIENTED_EDGE('',*,*,#7158,.T.);
#9905=ORIENTED_EDGE('',*,*,#6822,.T.);
#9906=ORIENTED_EDGE('',*,*,#7015,.T.);
#9907=ORIENTED_EDGE('',*,*,#7159,.F.);
#9908=ORIENTED_EDGE('',*,*,#7160,.T.);
#9909=ORIENTED_EDGE('',*,*,#7158,.F.);
#9910=ORIENTED_EDGE('',*,*,#7161,.F.);
#9911=ORIENTED_EDGE('',*,*,#6826,.T.);
#9912=ORIENTED_EDGE('',*,*,#7159,.T.);
#9913=ORIENTED_EDGE('',*,*,#7162,.T.);
#9914=ORIENTED_EDGE('',*,*,#7163,.T.);
#9915=ORIENTED_EDGE('',*,*,#6820,.T.);
#9916=ORIENTED_EDGE('',*,*,#6659,.T.);
#9917=ORIENTED_EDGE('',*,*,#6828,.T.);
#9918=ORIENTED_EDGE('',*,*,#7164,.T.);
#9919=ORIENTED_EDGE('',*,*,#7165,.T.);
#9920=ORIENTED_EDGE('',*,*,#7166,.T.);
#9921=ORIENTED_EDGE('',*,*,#6832,.T.);
#9922=ORIENTED_EDGE('',*,*,#7017,.T.);
#9923=ORIENTED_EDGE('',*,*,#7167,.F.);
#9924=ORIENTED_EDGE('',*,*,#7168,.T.);
#9925=ORIENTED_EDGE('',*,*,#7166,.F.);
#9926=ORIENTED_EDGE('',*,*,#7169,.F.);
#9927=ORIENTED_EDGE('',*,*,#6836,.T.);
#9928=ORIENTED_EDGE('',*,*,#7167,.T.);
#9929=ORIENTED_EDGE('',*,*,#7170,.T.);
#9930=ORIENTED_EDGE('',*,*,#7171,.T.);
#9931=ORIENTED_EDGE('',*,*,#6830,.T.);
#9932=ORIENTED_EDGE('',*,*,#6655,.T.);
#9933=ORIENTED_EDGE('',*,*,#6838,.T.);
#9934=ORIENTED_EDGE('',*,*,#7172,.T.);
#9935=ORIENTED_EDGE('',*,*,#7173,.T.);
#9936=ORIENTED_EDGE('',*,*,#7174,.T.);
#9937=ORIENTED_EDGE('',*,*,#6842,.T.);
#9938=ORIENTED_EDGE('',*,*,#7019,.T.);
#9939=ORIENTED_EDGE('',*,*,#7175,.F.);
#9940=ORIENTED_EDGE('',*,*,#7176,.T.);
#9941=ORIENTED_EDGE('',*,*,#7174,.F.);
#9942=ORIENTED_EDGE('',*,*,#7177,.F.);
#9943=ORIENTED_EDGE('',*,*,#6846,.T.);
#9944=ORIENTED_EDGE('',*,*,#7175,.T.);
#9945=ORIENTED_EDGE('',*,*,#7178,.T.);
#9946=ORIENTED_EDGE('',*,*,#7179,.T.);
#9947=ORIENTED_EDGE('',*,*,#6840,.T.);
#9948=ORIENTED_EDGE('',*,*,#6651,.T.);
#9949=ORIENTED_EDGE('',*,*,#6848,.T.);
#9950=ORIENTED_EDGE('',*,*,#7180,.T.);
#9951=ORIENTED_EDGE('',*,*,#7181,.T.);
#9952=ORIENTED_EDGE('',*,*,#7182,.T.);
#9953=ORIENTED_EDGE('',*,*,#6852,.T.);
#9954=ORIENTED_EDGE('',*,*,#7021,.T.);
#9955=ORIENTED_EDGE('',*,*,#7183,.F.);
#9956=ORIENTED_EDGE('',*,*,#7184,.T.);
#9957=ORIENTED_EDGE('',*,*,#7182,.F.);
#9958=ORIENTED_EDGE('',*,*,#7185,.F.);
#9959=ORIENTED_EDGE('',*,*,#6856,.T.);
#9960=ORIENTED_EDGE('',*,*,#7183,.T.);
#9961=ORIENTED_EDGE('',*,*,#7186,.T.);
#9962=ORIENTED_EDGE('',*,*,#7187,.T.);
#9963=ORIENTED_EDGE('',*,*,#6850,.T.);
#9964=ORIENTED_EDGE('',*,*,#6647,.T.);
#9965=ORIENTED_EDGE('',*,*,#6858,.T.);
#9966=ORIENTED_EDGE('',*,*,#7188,.T.);
#9967=ORIENTED_EDGE('',*,*,#7189,.T.);
#9968=ORIENTED_EDGE('',*,*,#7190,.T.);
#9969=ORIENTED_EDGE('',*,*,#6862,.T.);
#9970=ORIENTED_EDGE('',*,*,#7023,.T.);
#9971=ORIENTED_EDGE('',*,*,#7191,.F.);
#9972=ORIENTED_EDGE('',*,*,#7192,.T.);
#9973=ORIENTED_EDGE('',*,*,#7190,.F.);
#9974=ORIENTED_EDGE('',*,*,#7193,.F.);
#9975=ORIENTED_EDGE('',*,*,#6866,.T.);
#9976=ORIENTED_EDGE('',*,*,#7191,.T.);
#9977=ORIENTED_EDGE('',*,*,#7194,.T.);
#9978=ORIENTED_EDGE('',*,*,#7195,.T.);
#9979=ORIENTED_EDGE('',*,*,#6860,.T.);
#9980=ORIENTED_EDGE('',*,*,#6643,.T.);
#9981=ORIENTED_EDGE('',*,*,#6868,.T.);
#9982=ORIENTED_EDGE('',*,*,#7196,.T.);
#9983=ORIENTED_EDGE('',*,*,#7197,.T.);
#9984=ORIENTED_EDGE('',*,*,#7198,.T.);
#9985=ORIENTED_EDGE('',*,*,#6872,.T.);
#9986=ORIENTED_EDGE('',*,*,#7025,.T.);
#9987=ORIENTED_EDGE('',*,*,#7199,.F.);
#9988=ORIENTED_EDGE('',*,*,#7200,.T.);
#9989=ORIENTED_EDGE('',*,*,#7198,.F.);
#9990=ORIENTED_EDGE('',*,*,#7201,.F.);
#9991=ORIENTED_EDGE('',*,*,#6876,.T.);
#9992=ORIENTED_EDGE('',*,*,#7199,.T.);
#9993=ORIENTED_EDGE('',*,*,#7202,.T.);
#9994=ORIENTED_EDGE('',*,*,#7203,.T.);
#9995=ORIENTED_EDGE('',*,*,#6870,.T.);
#9996=ORIENTED_EDGE('',*,*,#6639,.T.);
#9997=ORIENTED_EDGE('',*,*,#6630,.T.);
#9998=ORIENTED_EDGE('',*,*,#7027,.T.);
#9999=ORIENTED_EDGE('',*,*,#6878,.T.);
#10000=ORIENTED_EDGE('',*,*,#7204,.T.);
#10001=ORIENTED_EDGE('',*,*,#7205,.T.);
#10002=ORIENTED_EDGE('',*,*,#7206,.T.);
#10003=ORIENTED_EDGE('',*,*,#6788,.F.);
#10004=ORIENTED_EDGE('',*,*,#6631,.T.);
#10005=ORIENTED_EDGE('',*,*,#7206,.F.);
#10006=ORIENTED_EDGE('',*,*,#7207,.F.);
#10007=ORIENTED_EDGE('',*,*,#7208,.T.);
#10008=ORIENTED_EDGE('',*,*,#7209,.T.);
#10009=ORIENTED_EDGE('',*,*,#7210,.T.);
#10010=ORIENTED_EDGE('',*,*,#7211,.T.);
#10011=ORIENTED_EDGE('',*,*,#6896,.T.);
#10012=ORIENTED_EDGE('',*,*,#7210,.F.);
#10013=ORIENTED_EDGE('',*,*,#7212,.F.);
#10014=ORIENTED_EDGE('',*,*,#7213,.F.);
#10015=ORIENTED_EDGE('',*,*,#7214,.T.);
#10016=ORIENTED_EDGE('',*,*,#7209,.F.);
#10017=ORIENTED_EDGE('',*,*,#7215,.F.);
#10018=ORIENTED_EDGE('',*,*,#7216,.F.);
#10019=ORIENTED_EDGE('',*,*,#7212,.T.);
#10020=ORIENTED_EDGE('',*,*,#7208,.F.);
#10021=ORIENTED_EDGE('',*,*,#6895,.F.);
#10022=ORIENTED_EDGE('',*,*,#6634,.F.);
#10023=ORIENTED_EDGE('',*,*,#6787,.T.);
#10024=ORIENTED_EDGE('',*,*,#7217,.F.);
#10025=ORIENTED_EDGE('',*,*,#7215,.T.);
#10026=ORIENTED_EDGE('',*,*,#7213,.T.);
#10027=ORIENTED_EDGE('',*,*,#7216,.T.);
#10028=ORIENTED_EDGE('',*,*,#7217,.T.);
#10029=ORIENTED_EDGE('',*,*,#6786,.T.);
#10030=ORIENTED_EDGE('',*,*,#7218,.T.);
#10031=ORIENTED_EDGE('',*,*,#7219,.T.);
#10032=ORIENTED_EDGE('',*,*,#7220,.T.);
#10033=ORIENTED_EDGE('',*,*,#7221,.T.);
#10034=ORIENTED_EDGE('',*,*,#7222,.T.);
#10035=ORIENTED_EDGE('',*,*,#6900,.T.);
#10036=ORIENTED_EDGE('',*,*,#7221,.F.);
#10037=ORIENTED_EDGE('',*,*,#7223,.F.);
#10038=ORIENTED_EDGE('',*,*,#7224,.F.);
#10039=ORIENTED_EDGE('',*,*,#7225,.T.);
#10040=ORIENTED_EDGE('',*,*,#7220,.F.);
#10041=ORIENTED_EDGE('',*,*,#7226,.F.);
#10042=ORIENTED_EDGE('',*,*,#7227,.F.);
#10043=ORIENTED_EDGE('',*,*,#7223,.T.);
#10044=ORIENTED_EDGE('',*,*,#7219,.F.);
#10045=ORIENTED_EDGE('',*,*,#6899,.F.);
#10046=ORIENTED_EDGE('',*,*,#7228,.F.);
#10047=ORIENTED_EDGE('',*,*,#6783,.T.);
#10048=ORIENTED_EDGE('',*,*,#7229,.F.);
#10049=ORIENTED_EDGE('',*,*,#7226,.T.);
#10050=ORIENTED_EDGE('',*,*,#7224,.T.);
#10051=ORIENTED_EDGE('',*,*,#7227,.T.);
#10052=ORIENTED_EDGE('',*,*,#7229,.T.);
#10053=ORIENTED_EDGE('',*,*,#6782,.T.);
#10054=ORIENTED_EDGE('',*,*,#7230,.T.);
#10055=ORIENTED_EDGE('',*,*,#7231,.T.);
#10056=ORIENTED_EDGE('',*,*,#7232,.T.);
#10057=ORIENTED_EDGE('',*,*,#7233,.T.);
#10058=ORIENTED_EDGE('',*,*,#7234,.T.);
#10059=ORIENTED_EDGE('',*,*,#6904,.T.);
#10060=ORIENTED_EDGE('',*,*,#7233,.F.);
#10061=ORIENTED_EDGE('',*,*,#7235,.F.);
#10062=ORIENTED_EDGE('',*,*,#7236,.F.);
#10063=ORIENTED_EDGE('',*,*,#7237,.T.);
#10064=ORIENTED_EDGE('',*,*,#7232,.F.);
#10065=ORIENTED_EDGE('',*,*,#7238,.F.);
#10066=ORIENTED_EDGE('',*,*,#7239,.F.);
#10067=ORIENTED_EDGE('',*,*,#7235,.T.);
#10068=ORIENTED_EDGE('',*,*,#7231,.F.);
#10069=ORIENTED_EDGE('',*,*,#6903,.F.);
#10070=ORIENTED_EDGE('',*,*,#7240,.F.);
#10071=ORIENTED_EDGE('',*,*,#6779,.T.);
#10072=ORIENTED_EDGE('',*,*,#7241,.F.);
#10073=ORIENTED_EDGE('',*,*,#7238,.T.);
#10074=ORIENTED_EDGE('',*,*,#7236,.T.);
#10075=ORIENTED_EDGE('',*,*,#7239,.T.);
#10076=ORIENTED_EDGE('',*,*,#7241,.T.);
#10077=ORIENTED_EDGE('',*,*,#6778,.T.);
#10078=ORIENTED_EDGE('',*,*,#7242,.T.);
#10079=ORIENTED_EDGE('',*,*,#7243,.T.);
#10080=ORIENTED_EDGE('',*,*,#7244,.T.);
#10081=ORIENTED_EDGE('',*,*,#7245,.T.);
#10082=ORIENTED_EDGE('',*,*,#7246,.T.);
#10083=ORIENTED_EDGE('',*,*,#6908,.T.);
#10084=ORIENTED_EDGE('',*,*,#7245,.F.);
#10085=ORIENTED_EDGE('',*,*,#7247,.F.);
#10086=ORIENTED_EDGE('',*,*,#7248,.F.);
#10087=ORIENTED_EDGE('',*,*,#7249,.T.);
#10088=ORIENTED_EDGE('',*,*,#7244,.F.);
#10089=ORIENTED_EDGE('',*,*,#7250,.F.);
#10090=ORIENTED_EDGE('',*,*,#7251,.F.);
#10091=ORIENTED_EDGE('',*,*,#7247,.T.);
#10092=ORIENTED_EDGE('',*,*,#7243,.F.);
#10093=ORIENTED_EDGE('',*,*,#6907,.F.);
#10094=ORIENTED_EDGE('',*,*,#7252,.F.);
#10095=ORIENTED_EDGE('',*,*,#6775,.T.);
#10096=ORIENTED_EDGE('',*,*,#7253,.F.);
#10097=ORIENTED_EDGE('',*,*,#7250,.T.);
#10098=ORIENTED_EDGE('',*,*,#7248,.T.);
#10099=ORIENTED_EDGE('',*,*,#7251,.T.);
#10100=ORIENTED_EDGE('',*,*,#7253,.T.);
#10101=ORIENTED_EDGE('',*,*,#6774,.T.);
#10102=ORIENTED_EDGE('',*,*,#7254,.T.);
#10103=ORIENTED_EDGE('',*,*,#7255,.T.);
#10104=ORIENTED_EDGE('',*,*,#7256,.T.);
#10105=ORIENTED_EDGE('',*,*,#7257,.T.);
#10106=ORIENTED_EDGE('',*,*,#7258,.T.);
#10107=ORIENTED_EDGE('',*,*,#6912,.T.);
#10108=ORIENTED_EDGE('',*,*,#7257,.F.);
#10109=ORIENTED_EDGE('',*,*,#7259,.F.);
#10110=ORIENTED_EDGE('',*,*,#7260,.F.);
#10111=ORIENTED_EDGE('',*,*,#7261,.T.);
#10112=ORIENTED_EDGE('',*,*,#7256,.F.);
#10113=ORIENTED_EDGE('',*,*,#7262,.F.);
#10114=ORIENTED_EDGE('',*,*,#7263,.F.);
#10115=ORIENTED_EDGE('',*,*,#7259,.T.);
#10116=ORIENTED_EDGE('',*,*,#7255,.F.);
#10117=ORIENTED_EDGE('',*,*,#6911,.F.);
#10118=ORIENTED_EDGE('',*,*,#7264,.F.);
#10119=ORIENTED_EDGE('',*,*,#6771,.T.);
#10120=ORIENTED_EDGE('',*,*,#7265,.F.);
#10121=ORIENTED_EDGE('',*,*,#7262,.T.);
#10122=ORIENTED_EDGE('',*,*,#7260,.T.);
#10123=ORIENTED_EDGE('',*,*,#7263,.T.);
#10124=ORIENTED_EDGE('',*,*,#7265,.T.);
#10125=ORIENTED_EDGE('',*,*,#6770,.T.);
#10126=ORIENTED_EDGE('',*,*,#7266,.T.);
#10127=ORIENTED_EDGE('',*,*,#7267,.T.);
#10128=ORIENTED_EDGE('',*,*,#7268,.T.);
#10129=ORIENTED_EDGE('',*,*,#7269,.T.);
#10130=ORIENTED_EDGE('',*,*,#7270,.T.);
#10131=ORIENTED_EDGE('',*,*,#6916,.T.);
#10132=ORIENTED_EDGE('',*,*,#7269,.F.);
#10133=ORIENTED_EDGE('',*,*,#7271,.F.);
#10134=ORIENTED_EDGE('',*,*,#7272,.F.);
#10135=ORIENTED_EDGE('',*,*,#7273,.T.);
#10136=ORIENTED_EDGE('',*,*,#7268,.F.);
#10137=ORIENTED_EDGE('',*,*,#7274,.F.);
#10138=ORIENTED_EDGE('',*,*,#7275,.F.);
#10139=ORIENTED_EDGE('',*,*,#7271,.T.);
#10140=ORIENTED_EDGE('',*,*,#7267,.F.);
#10141=ORIENTED_EDGE('',*,*,#6915,.F.);
#10142=ORIENTED_EDGE('',*,*,#7276,.F.);
#10143=ORIENTED_EDGE('',*,*,#6767,.T.);
#10144=ORIENTED_EDGE('',*,*,#7277,.F.);
#10145=ORIENTED_EDGE('',*,*,#7274,.T.);
#10146=ORIENTED_EDGE('',*,*,#7272,.T.);
#10147=ORIENTED_EDGE('',*,*,#7275,.T.);
#10148=ORIENTED_EDGE('',*,*,#7277,.T.);
#10149=ORIENTED_EDGE('',*,*,#6766,.T.);
#10150=ORIENTED_EDGE('',*,*,#7278,.T.);
#10151=ORIENTED_EDGE('',*,*,#7279,.T.);
#10152=ORIENTED_EDGE('',*,*,#7280,.T.);
#10153=ORIENTED_EDGE('',*,*,#7281,.T.);
#10154=ORIENTED_EDGE('',*,*,#7282,.T.);
#10155=ORIENTED_EDGE('',*,*,#6920,.T.);
#10156=ORIENTED_EDGE('',*,*,#7281,.F.);
#10157=ORIENTED_EDGE('',*,*,#7283,.F.);
#10158=ORIENTED_EDGE('',*,*,#7284,.F.);
#10159=ORIENTED_EDGE('',*,*,#7285,.T.);
#10160=ORIENTED_EDGE('',*,*,#7280,.F.);
#10161=ORIENTED_EDGE('',*,*,#7286,.F.);
#10162=ORIENTED_EDGE('',*,*,#7287,.F.);
#10163=ORIENTED_EDGE('',*,*,#7283,.T.);
#10164=ORIENTED_EDGE('',*,*,#7279,.F.);
#10165=ORIENTED_EDGE('',*,*,#6919,.F.);
#10166=ORIENTED_EDGE('',*,*,#7288,.F.);
#10167=ORIENTED_EDGE('',*,*,#6763,.T.);
#10168=ORIENTED_EDGE('',*,*,#7289,.F.);
#10169=ORIENTED_EDGE('',*,*,#7286,.T.);
#10170=ORIENTED_EDGE('',*,*,#7284,.T.);
#10171=ORIENTED_EDGE('',*,*,#7287,.T.);
#10172=ORIENTED_EDGE('',*,*,#7289,.T.);
#10173=ORIENTED_EDGE('',*,*,#6762,.T.);
#10174=ORIENTED_EDGE('',*,*,#7290,.T.);
#10175=ORIENTED_EDGE('',*,*,#7291,.T.);
#10176=ORIENTED_EDGE('',*,*,#7292,.T.);
#10177=ORIENTED_EDGE('',*,*,#7293,.T.);
#10178=ORIENTED_EDGE('',*,*,#7294,.T.);
#10179=ORIENTED_EDGE('',*,*,#6924,.T.);
#10180=ORIENTED_EDGE('',*,*,#7293,.F.);
#10181=ORIENTED_EDGE('',*,*,#7295,.F.);
#10182=ORIENTED_EDGE('',*,*,#7296,.F.);
#10183=ORIENTED_EDGE('',*,*,#7297,.T.);
#10184=ORIENTED_EDGE('',*,*,#7292,.F.);
#10185=ORIENTED_EDGE('',*,*,#7298,.F.);
#10186=ORIENTED_EDGE('',*,*,#7299,.F.);
#10187=ORIENTED_EDGE('',*,*,#7295,.T.);
#10188=ORIENTED_EDGE('',*,*,#7291,.F.);
#10189=ORIENTED_EDGE('',*,*,#6923,.F.);
#10190=ORIENTED_EDGE('',*,*,#7300,.F.);
#10191=ORIENTED_EDGE('',*,*,#6759,.T.);
#10192=ORIENTED_EDGE('',*,*,#7301,.F.);
#10193=ORIENTED_EDGE('',*,*,#7298,.T.);
#10194=ORIENTED_EDGE('',*,*,#7296,.T.);
#10195=ORIENTED_EDGE('',*,*,#7299,.T.);
#10196=ORIENTED_EDGE('',*,*,#7301,.T.);
#10197=ORIENTED_EDGE('',*,*,#6758,.T.);
#10198=ORIENTED_EDGE('',*,*,#7302,.T.);
#10199=ORIENTED_EDGE('',*,*,#7303,.T.);
#10200=ORIENTED_EDGE('',*,*,#7304,.T.);
#10201=ORIENTED_EDGE('',*,*,#7305,.T.);
#10202=ORIENTED_EDGE('',*,*,#7306,.T.);
#10203=ORIENTED_EDGE('',*,*,#6928,.T.);
#10204=ORIENTED_EDGE('',*,*,#7305,.F.);
#10205=ORIENTED_EDGE('',*,*,#7307,.F.);
#10206=ORIENTED_EDGE('',*,*,#7308,.F.);
#10207=ORIENTED_EDGE('',*,*,#7309,.T.);
#10208=ORIENTED_EDGE('',*,*,#7304,.F.);
#10209=ORIENTED_EDGE('',*,*,#7310,.F.);
#10210=ORIENTED_EDGE('',*,*,#7311,.F.);
#10211=ORIENTED_EDGE('',*,*,#7307,.T.);
#10212=ORIENTED_EDGE('',*,*,#7303,.F.);
#10213=ORIENTED_EDGE('',*,*,#6927,.F.);
#10214=ORIENTED_EDGE('',*,*,#7312,.F.);
#10215=ORIENTED_EDGE('',*,*,#6755,.T.);
#10216=ORIENTED_EDGE('',*,*,#7313,.F.);
#10217=ORIENTED_EDGE('',*,*,#7310,.T.);
#10218=ORIENTED_EDGE('',*,*,#7308,.T.);
#10219=ORIENTED_EDGE('',*,*,#7311,.T.);
#10220=ORIENTED_EDGE('',*,*,#7313,.T.);
#10221=ORIENTED_EDGE('',*,*,#6754,.T.);
#10222=ORIENTED_EDGE('',*,*,#7314,.T.);
#10223=ORIENTED_EDGE('',*,*,#7315,.T.);
#10224=ORIENTED_EDGE('',*,*,#7316,.T.);
#10225=ORIENTED_EDGE('',*,*,#7317,.T.);
#10226=ORIENTED_EDGE('',*,*,#7318,.T.);
#10227=ORIENTED_EDGE('',*,*,#6932,.T.);
#10228=ORIENTED_EDGE('',*,*,#7317,.F.);
#10229=ORIENTED_EDGE('',*,*,#7319,.F.);
#10230=ORIENTED_EDGE('',*,*,#7320,.F.);
#10231=ORIENTED_EDGE('',*,*,#7321,.T.);
#10232=ORIENTED_EDGE('',*,*,#7316,.F.);
#10233=ORIENTED_EDGE('',*,*,#7322,.F.);
#10234=ORIENTED_EDGE('',*,*,#7323,.F.);
#10235=ORIENTED_EDGE('',*,*,#7319,.T.);
#10236=ORIENTED_EDGE('',*,*,#7315,.F.);
#10237=ORIENTED_EDGE('',*,*,#6931,.F.);
#10238=ORIENTED_EDGE('',*,*,#7324,.F.);
#10239=ORIENTED_EDGE('',*,*,#6751,.T.);
#10240=ORIENTED_EDGE('',*,*,#7325,.F.);
#10241=ORIENTED_EDGE('',*,*,#7322,.T.);
#10242=ORIENTED_EDGE('',*,*,#7320,.T.);
#10243=ORIENTED_EDGE('',*,*,#7323,.T.);
#10244=ORIENTED_EDGE('',*,*,#7325,.T.);
#10245=ORIENTED_EDGE('',*,*,#6750,.T.);
#10246=ORIENTED_EDGE('',*,*,#7326,.T.);
#10247=ORIENTED_EDGE('',*,*,#7327,.T.);
#10248=ORIENTED_EDGE('',*,*,#7328,.T.);
#10249=ORIENTED_EDGE('',*,*,#7329,.T.);
#10250=ORIENTED_EDGE('',*,*,#7330,.T.);
#10251=ORIENTED_EDGE('',*,*,#6936,.T.);
#10252=ORIENTED_EDGE('',*,*,#7329,.F.);
#10253=ORIENTED_EDGE('',*,*,#7331,.F.);
#10254=ORIENTED_EDGE('',*,*,#7332,.F.);
#10255=ORIENTED_EDGE('',*,*,#7333,.T.);
#10256=ORIENTED_EDGE('',*,*,#7328,.F.);
#10257=ORIENTED_EDGE('',*,*,#7334,.F.);
#10258=ORIENTED_EDGE('',*,*,#7335,.F.);
#10259=ORIENTED_EDGE('',*,*,#7331,.T.);
#10260=ORIENTED_EDGE('',*,*,#7327,.F.);
#10261=ORIENTED_EDGE('',*,*,#6935,.F.);
#10262=ORIENTED_EDGE('',*,*,#7336,.F.);
#10263=ORIENTED_EDGE('',*,*,#6747,.T.);
#10264=ORIENTED_EDGE('',*,*,#7337,.F.);
#10265=ORIENTED_EDGE('',*,*,#7334,.T.);
#10266=ORIENTED_EDGE('',*,*,#7332,.T.);
#10267=ORIENTED_EDGE('',*,*,#7335,.T.);
#10268=ORIENTED_EDGE('',*,*,#7337,.T.);
#10269=ORIENTED_EDGE('',*,*,#6746,.T.);
#10270=ORIENTED_EDGE('',*,*,#7338,.T.);
#10271=ORIENTED_EDGE('',*,*,#7339,.T.);
#10272=ORIENTED_EDGE('',*,*,#7340,.T.);
#10273=ORIENTED_EDGE('',*,*,#7341,.T.);
#10274=ORIENTED_EDGE('',*,*,#7342,.T.);
#10275=ORIENTED_EDGE('',*,*,#6940,.T.);
#10276=ORIENTED_EDGE('',*,*,#7341,.F.);
#10277=ORIENTED_EDGE('',*,*,#7343,.F.);
#10278=ORIENTED_EDGE('',*,*,#7344,.F.);
#10279=ORIENTED_EDGE('',*,*,#7345,.T.);
#10280=ORIENTED_EDGE('',*,*,#7340,.F.);
#10281=ORIENTED_EDGE('',*,*,#7346,.F.);
#10282=ORIENTED_EDGE('',*,*,#7347,.F.);
#10283=ORIENTED_EDGE('',*,*,#7343,.T.);
#10284=ORIENTED_EDGE('',*,*,#7339,.F.);
#10285=ORIENTED_EDGE('',*,*,#6939,.F.);
#10286=ORIENTED_EDGE('',*,*,#7348,.F.);
#10287=ORIENTED_EDGE('',*,*,#6743,.T.);
#10288=ORIENTED_EDGE('',*,*,#7349,.F.);
#10289=ORIENTED_EDGE('',*,*,#7346,.T.);
#10290=ORIENTED_EDGE('',*,*,#7344,.T.);
#10291=ORIENTED_EDGE('',*,*,#7347,.T.);
#10292=ORIENTED_EDGE('',*,*,#7349,.T.);
#10293=ORIENTED_EDGE('',*,*,#6742,.T.);
#10294=ORIENTED_EDGE('',*,*,#7350,.T.);
#10295=ORIENTED_EDGE('',*,*,#7351,.T.);
#10296=ORIENTED_EDGE('',*,*,#7352,.T.);
#10297=ORIENTED_EDGE('',*,*,#7353,.T.);
#10298=ORIENTED_EDGE('',*,*,#7354,.T.);
#10299=ORIENTED_EDGE('',*,*,#6944,.T.);
#10300=ORIENTED_EDGE('',*,*,#7353,.F.);
#10301=ORIENTED_EDGE('',*,*,#7355,.F.);
#10302=ORIENTED_EDGE('',*,*,#7356,.F.);
#10303=ORIENTED_EDGE('',*,*,#7357,.T.);
#10304=ORIENTED_EDGE('',*,*,#7352,.F.);
#10305=ORIENTED_EDGE('',*,*,#7358,.F.);
#10306=ORIENTED_EDGE('',*,*,#7359,.F.);
#10307=ORIENTED_EDGE('',*,*,#7355,.T.);
#10308=ORIENTED_EDGE('',*,*,#7351,.F.);
#10309=ORIENTED_EDGE('',*,*,#6943,.F.);
#10310=ORIENTED_EDGE('',*,*,#7360,.F.);
#10311=ORIENTED_EDGE('',*,*,#6739,.T.);
#10312=ORIENTED_EDGE('',*,*,#7361,.F.);
#10313=ORIENTED_EDGE('',*,*,#7358,.T.);
#10314=ORIENTED_EDGE('',*,*,#7356,.T.);
#10315=ORIENTED_EDGE('',*,*,#7359,.T.);
#10316=ORIENTED_EDGE('',*,*,#7361,.T.);
#10317=ORIENTED_EDGE('',*,*,#6738,.T.);
#10318=ORIENTED_EDGE('',*,*,#7362,.T.);
#10319=ORIENTED_EDGE('',*,*,#7363,.T.);
#10320=ORIENTED_EDGE('',*,*,#7364,.T.);
#10321=ORIENTED_EDGE('',*,*,#7365,.T.);
#10322=ORIENTED_EDGE('',*,*,#6734,.T.);
#10323=ORIENTED_EDGE('',*,*,#7365,.F.);
#10324=ORIENTED_EDGE('',*,*,#7366,.T.);
#10325=ORIENTED_EDGE('',*,*,#7367,.F.);
#10326=ORIENTED_EDGE('',*,*,#6947,.F.);
#10327=ORIENTED_EDGE('',*,*,#7368,.F.);
#10328=ORIENTED_EDGE('',*,*,#6735,.T.);
#10329=ORIENTED_EDGE('',*,*,#7369,.T.);
#10330=ORIENTED_EDGE('',*,*,#6948,.T.);
#10331=ORIENTED_EDGE('',*,*,#7367,.T.);
#10332=ORIENTED_EDGE('',*,*,#7370,.T.);
#10333=ORIENTED_EDGE('',*,*,#6883,.F.);
#10334=ORIENTED_EDGE('',*,*,#7371,.T.);
#10335=ORIENTED_EDGE('',*,*,#6892,.F.);
#10336=ORIENTED_EDGE('',*,*,#6884,.F.);
#10337=ORIENTED_EDGE('',*,*,#6882,.F.);
#10338=ORIENTED_EDGE('',*,*,#6726,.T.);
#10339=ORIENTED_EDGE('',*,*,#7372,.T.);
#10340=ORIENTED_EDGE('',*,*,#6954,.F.);
#10341=ORIENTED_EDGE('',*,*,#6893,.F.);
#10342=ORIENTED_EDGE('',*,*,#7371,.F.);
#10343=ORIENTED_EDGE('',*,*,#7029,.F.);
#10344=ORIENTED_EDGE('',*,*,#7373,.F.);
#10345=ORIENTED_EDGE('',*,*,#7034,.F.);
#10346=ORIENTED_EDGE('',*,*,#7031,.T.);
#10347=ORIENTED_EDGE('',*,*,#7028,.F.);
#10348=ORIENTED_EDGE('',*,*,#6956,.F.);
#10349=ORIENTED_EDGE('',*,*,#7374,.F.);
#10350=ORIENTED_EDGE('',*,*,#6724,.T.);
#10351=ORIENTED_EDGE('',*,*,#7035,.F.);
#10352=ORIENTED_EDGE('',*,*,#7373,.T.);
#10353=ORIENTED_EDGE('',*,*,#7037,.F.);
#10354=ORIENTED_EDGE('',*,*,#7375,.F.);
#10355=ORIENTED_EDGE('',*,*,#7042,.F.);
#10356=ORIENTED_EDGE('',*,*,#7039,.T.);
#10357=ORIENTED_EDGE('',*,*,#7036,.F.);
#10358=ORIENTED_EDGE('',*,*,#6960,.F.);
#10359=ORIENTED_EDGE('',*,*,#7376,.F.);
#10360=ORIENTED_EDGE('',*,*,#6720,.T.);
#10361=ORIENTED_EDGE('',*,*,#7043,.F.);
#10362=ORIENTED_EDGE('',*,*,#7375,.T.);
#10363=ORIENTED_EDGE('',*,*,#7045,.F.);
#10364=ORIENTED_EDGE('',*,*,#7377,.F.);
#10365=ORIENTED_EDGE('',*,*,#7050,.F.);
#10366=ORIENTED_EDGE('',*,*,#7047,.T.);
#10367=ORIENTED_EDGE('',*,*,#7044,.F.);
#10368=ORIENTED_EDGE('',*,*,#6964,.F.);
#10369=ORIENTED_EDGE('',*,*,#7378,.F.);
#10370=ORIENTED_EDGE('',*,*,#6716,.T.);
#10371=ORIENTED_EDGE('',*,*,#7051,.F.);
#10372=ORIENTED_EDGE('',*,*,#7377,.T.);
#10373=ORIENTED_EDGE('',*,*,#7053,.F.);
#10374=ORIENTED_EDGE('',*,*,#7379,.F.);
#10375=ORIENTED_EDGE('',*,*,#7058,.F.);
#10376=ORIENTED_EDGE('',*,*,#7055,.T.);
#10377=ORIENTED_EDGE('',*,*,#7052,.F.);
#10378=ORIENTED_EDGE('',*,*,#6968,.F.);
#10379=ORIENTED_EDGE('',*,*,#7380,.F.);
#10380=ORIENTED_EDGE('',*,*,#6712,.T.);
#10381=ORIENTED_EDGE('',*,*,#7059,.F.);
#10382=ORIENTED_EDGE('',*,*,#7379,.T.);
#10383=ORIENTED_EDGE('',*,*,#7061,.F.);
#10384=ORIENTED_EDGE('',*,*,#7381,.F.);
#10385=ORIENTED_EDGE('',*,*,#7066,.F.);
#10386=ORIENTED_EDGE('',*,*,#7063,.T.);
#10387=ORIENTED_EDGE('',*,*,#7060,.F.);
#10388=ORIENTED_EDGE('',*,*,#6972,.F.);
#10389=ORIENTED_EDGE('',*,*,#7382,.F.);
#10390=ORIENTED_EDGE('',*,*,#6708,.T.);
#10391=ORIENTED_EDGE('',*,*,#7067,.F.);
#10392=ORIENTED_EDGE('',*,*,#7381,.T.);
#10393=ORIENTED_EDGE('',*,*,#7069,.F.);
#10394=ORIENTED_EDGE('',*,*,#7383,.F.);
#10395=ORIENTED_EDGE('',*,*,#7074,.F.);
#10396=ORIENTED_EDGE('',*,*,#7071,.T.);
#10397=ORIENTED_EDGE('',*,*,#7068,.F.);
#10398=ORIENTED_EDGE('',*,*,#6976,.F.);
#10399=ORIENTED_EDGE('',*,*,#7384,.F.);
#10400=ORIENTED_EDGE('',*,*,#6704,.T.);
#10401=ORIENTED_EDGE('',*,*,#7075,.F.);
#10402=ORIENTED_EDGE('',*,*,#7383,.T.);
#10403=ORIENTED_EDGE('',*,*,#7077,.F.);
#10404=ORIENTED_EDGE('',*,*,#7385,.F.);
#10405=ORIENTED_EDGE('',*,*,#7082,.F.);
#10406=ORIENTED_EDGE('',*,*,#7079,.T.);
#10407=ORIENTED_EDGE('',*,*,#7076,.F.);
#10408=ORIENTED_EDGE('',*,*,#6980,.F.);
#10409=ORIENTED_EDGE('',*,*,#7386,.F.);
#10410=ORIENTED_EDGE('',*,*,#6700,.T.);
#10411=ORIENTED_EDGE('',*,*,#7083,.F.);
#10412=ORIENTED_EDGE('',*,*,#7385,.T.);
#10413=ORIENTED_EDGE('',*,*,#7085,.F.);
#10414=ORIENTED_EDGE('',*,*,#7387,.F.);
#10415=ORIENTED_EDGE('',*,*,#7090,.F.);
#10416=ORIENTED_EDGE('',*,*,#7087,.T.);
#10417=ORIENTED_EDGE('',*,*,#7084,.F.);
#10418=ORIENTED_EDGE('',*,*,#6984,.F.);
#10419=ORIENTED_EDGE('',*,*,#7388,.F.);
#10420=ORIENTED_EDGE('',*,*,#6696,.T.);
#10421=ORIENTED_EDGE('',*,*,#7091,.F.);
#10422=ORIENTED_EDGE('',*,*,#7387,.T.);
#10423=ORIENTED_EDGE('',*,*,#7093,.F.);
#10424=ORIENTED_EDGE('',*,*,#7389,.F.);
#10425=ORIENTED_EDGE('',*,*,#7098,.F.);
#10426=ORIENTED_EDGE('',*,*,#7095,.T.);
#10427=ORIENTED_EDGE('',*,*,#7092,.F.);
#10428=ORIENTED_EDGE('',*,*,#6988,.F.);
#10429=ORIENTED_EDGE('',*,*,#7390,.F.);
#10430=ORIENTED_EDGE('',*,*,#6692,.T.);
#10431=ORIENTED_EDGE('',*,*,#7099,.F.);
#10432=ORIENTED_EDGE('',*,*,#7389,.T.);
#10433=ORIENTED_EDGE('',*,*,#7101,.F.);
#10434=ORIENTED_EDGE('',*,*,#7391,.F.);
#10435=ORIENTED_EDGE('',*,*,#7106,.F.);
#10436=ORIENTED_EDGE('',*,*,#7103,.T.);
#10437=ORIENTED_EDGE('',*,*,#7100,.F.);
#10438=ORIENTED_EDGE('',*,*,#6992,.F.);
#10439=ORIENTED_EDGE('',*,*,#7392,.F.);
#10440=ORIENTED_EDGE('',*,*,#6688,.T.);
#10441=ORIENTED_EDGE('',*,*,#7107,.F.);
#10442=ORIENTED_EDGE('',*,*,#7391,.T.);
#10443=ORIENTED_EDGE('',*,*,#7109,.F.);
#10444=ORIENTED_EDGE('',*,*,#7393,.F.);
#10445=ORIENTED_EDGE('',*,*,#7114,.F.);
#10446=ORIENTED_EDGE('',*,*,#7111,.T.);
#10447=ORIENTED_EDGE('',*,*,#7108,.F.);
#10448=ORIENTED_EDGE('',*,*,#6996,.F.);
#10449=ORIENTED_EDGE('',*,*,#7394,.F.);
#10450=ORIENTED_EDGE('',*,*,#6684,.T.);
#10451=ORIENTED_EDGE('',*,*,#7115,.F.);
#10452=ORIENTED_EDGE('',*,*,#7393,.T.);
#10453=ORIENTED_EDGE('',*,*,#7117,.F.);
#10454=ORIENTED_EDGE('',*,*,#7395,.F.);
#10455=ORIENTED_EDGE('',*,*,#7122,.F.);
#10456=ORIENTED_EDGE('',*,*,#7119,.T.);
#10457=ORIENTED_EDGE('',*,*,#7116,.F.);
#10458=ORIENTED_EDGE('',*,*,#7000,.F.);
#10459=ORIENTED_EDGE('',*,*,#7396,.F.);
#10460=ORIENTED_EDGE('',*,*,#6680,.T.);
#10461=ORIENTED_EDGE('',*,*,#7123,.F.);
#10462=ORIENTED_EDGE('',*,*,#7395,.T.);
#10463=ORIENTED_EDGE('',*,*,#7125,.F.);
#10464=ORIENTED_EDGE('',*,*,#7397,.F.);
#10465=ORIENTED_EDGE('',*,*,#7130,.F.);
#10466=ORIENTED_EDGE('',*,*,#7127,.T.);
#10467=ORIENTED_EDGE('',*,*,#7124,.F.);
#10468=ORIENTED_EDGE('',*,*,#7004,.F.);
#10469=ORIENTED_EDGE('',*,*,#7398,.F.);
#10470=ORIENTED_EDGE('',*,*,#6676,.T.);
#10471=ORIENTED_EDGE('',*,*,#7131,.F.);
#10472=ORIENTED_EDGE('',*,*,#7397,.T.);
#10473=ORIENTED_EDGE('',*,*,#7133,.F.);
#10474=ORIENTED_EDGE('',*,*,#7399,.F.);
#10475=ORIENTED_EDGE('',*,*,#7138,.F.);
#10476=ORIENTED_EDGE('',*,*,#7137,.T.);
#10477=ORIENTED_EDGE('',*,*,#7132,.F.);
#10478=ORIENTED_EDGE('',*,*,#7008,.F.);
#10479=ORIENTED_EDGE('',*,*,#7400,.F.);
#10480=ORIENTED_EDGE('',*,*,#6672,.T.);
#10481=ORIENTED_EDGE('',*,*,#7139,.F.);
#10482=ORIENTED_EDGE('',*,*,#7399,.T.);
#10483=ORIENTED_EDGE('',*,*,#7141,.F.);
#10484=ORIENTED_EDGE('',*,*,#7401,.F.);
#10485=ORIENTED_EDGE('',*,*,#7146,.F.);
#10486=ORIENTED_EDGE('',*,*,#7145,.T.);
#10487=ORIENTED_EDGE('',*,*,#7401,.T.);
#10488=ORIENTED_EDGE('',*,*,#7140,.F.);
#10489=ORIENTED_EDGE('',*,*,#7402,.F.);
#10490=ORIENTED_EDGE('',*,*,#7147,.F.);
#10491=ORIENTED_EDGE('',*,*,#7149,.F.);
#10492=ORIENTED_EDGE('',*,*,#7403,.F.);
#10493=ORIENTED_EDGE('',*,*,#7154,.F.);
#10494=ORIENTED_EDGE('',*,*,#7153,.T.);
#10495=ORIENTED_EDGE('',*,*,#7403,.T.);
#10496=ORIENTED_EDGE('',*,*,#7148,.F.);
#10497=ORIENTED_EDGE('',*,*,#7404,.F.);
#10498=ORIENTED_EDGE('',*,*,#7155,.F.);
#10499=ORIENTED_EDGE('',*,*,#7157,.F.);
#10500=ORIENTED_EDGE('',*,*,#7405,.F.);
#10501=ORIENTED_EDGE('',*,*,#7162,.F.);
#10502=ORIENTED_EDGE('',*,*,#7161,.T.);
#10503=ORIENTED_EDGE('',*,*,#7405,.T.);
#10504=ORIENTED_EDGE('',*,*,#7156,.F.);
#10505=ORIENTED_EDGE('',*,*,#7406,.F.);
#10506=ORIENTED_EDGE('',*,*,#7163,.F.);
#10507=ORIENTED_EDGE('',*,*,#7165,.F.);
#10508=ORIENTED_EDGE('',*,*,#7407,.F.);
#10509=ORIENTED_EDGE('',*,*,#7170,.F.);
#10510=ORIENTED_EDGE('',*,*,#7169,.T.);
#10511=ORIENTED_EDGE('',*,*,#7407,.T.);
#10512=ORIENTED_EDGE('',*,*,#7164,.F.);
#10513=ORIENTED_EDGE('',*,*,#7408,.F.);
#10514=ORIENTED_EDGE('',*,*,#7171,.F.);
#10515=ORIENTED_EDGE('',*,*,#7173,.F.);
#10516=ORIENTED_EDGE('',*,*,#7409,.F.);
#10517=ORIENTED_EDGE('',*,*,#7178,.F.);
#10518=ORIENTED_EDGE('',*,*,#7177,.T.);
#10519=ORIENTED_EDGE('',*,*,#7409,.T.);
#10520=ORIENTED_EDGE('',*,*,#7172,.F.);
#10521=ORIENTED_EDGE('',*,*,#7410,.F.);
#10522=ORIENTED_EDGE('',*,*,#7179,.F.);
#10523=ORIENTED_EDGE('',*,*,#7181,.F.);
#10524=ORIENTED_EDGE('',*,*,#7411,.F.);
#10525=ORIENTED_EDGE('',*,*,#7186,.F.);
#10526=ORIENTED_EDGE('',*,*,#7185,.T.);
#10527=ORIENTED_EDGE('',*,*,#7411,.T.);
#10528=ORIENTED_EDGE('',*,*,#7180,.F.);
#10529=ORIENTED_EDGE('',*,*,#7412,.F.);
#10530=ORIENTED_EDGE('',*,*,#7187,.F.);
#10531=ORIENTED_EDGE('',*,*,#7189,.F.);
#10532=ORIENTED_EDGE('',*,*,#7413,.F.);
#10533=ORIENTED_EDGE('',*,*,#7194,.F.);
#10534=ORIENTED_EDGE('',*,*,#7193,.T.);
#10535=ORIENTED_EDGE('',*,*,#7413,.T.);
#10536=ORIENTED_EDGE('',*,*,#7188,.F.);
#10537=ORIENTED_EDGE('',*,*,#7414,.F.);
#10538=ORIENTED_EDGE('',*,*,#7195,.F.);
#10539=ORIENTED_EDGE('',*,*,#7197,.F.);
#10540=ORIENTED_EDGE('',*,*,#7415,.F.);
#10541=ORIENTED_EDGE('',*,*,#7202,.F.);
#10542=ORIENTED_EDGE('',*,*,#7201,.T.);
#10543=ORIENTED_EDGE('',*,*,#7415,.T.);
#10544=ORIENTED_EDGE('',*,*,#7196,.F.);
#10545=ORIENTED_EDGE('',*,*,#7416,.F.);
#10546=ORIENTED_EDGE('',*,*,#7203,.F.);
#10547=ORIENTED_EDGE('',*,*,#7205,.F.);
#10548=ORIENTED_EDGE('',*,*,#7417,.F.);
#10549=ORIENTED_EDGE('',*,*,#6789,.F.);
#10550=ORIENTED_EDGE('',*,*,#7207,.T.);
#10551=ORIENTED_EDGE('',*,*,#7417,.T.);
#10552=ORIENTED_EDGE('',*,*,#7204,.F.);
#10553=ORIENTED_EDGE('',*,*,#7418,.F.);
#10554=ORIENTED_EDGE('',*,*,#6790,.F.);
#10555=ORIENTED_EDGE('',*,*,#7211,.F.);
#10556=ORIENTED_EDGE('',*,*,#7214,.F.);
#10557=ORIENTED_EDGE('',*,*,#7218,.F.);
#10558=ORIENTED_EDGE('',*,*,#6785,.F.);
#10559=ORIENTED_EDGE('',*,*,#7419,.T.);
#10560=ORIENTED_EDGE('',*,*,#6897,.F.);
#10561=ORIENTED_EDGE('',*,*,#7222,.F.);
#10562=ORIENTED_EDGE('',*,*,#7225,.F.);
#10563=ORIENTED_EDGE('',*,*,#7230,.F.);
#10564=ORIENTED_EDGE('',*,*,#6781,.F.);
#10565=ORIENTED_EDGE('',*,*,#7420,.T.);
#10566=ORIENTED_EDGE('',*,*,#6901,.F.);
#10567=ORIENTED_EDGE('',*,*,#7234,.F.);
#10568=ORIENTED_EDGE('',*,*,#7237,.F.);
#10569=ORIENTED_EDGE('',*,*,#7242,.F.);
#10570=ORIENTED_EDGE('',*,*,#6777,.F.);
#10571=ORIENTED_EDGE('',*,*,#7421,.T.);
#10572=ORIENTED_EDGE('',*,*,#6905,.F.);
#10573=ORIENTED_EDGE('',*,*,#7246,.F.);
#10574=ORIENTED_EDGE('',*,*,#7249,.F.);
#10575=ORIENTED_EDGE('',*,*,#7254,.F.);
#10576=ORIENTED_EDGE('',*,*,#6773,.F.);
#10577=ORIENTED_EDGE('',*,*,#7422,.T.);
#10578=ORIENTED_EDGE('',*,*,#6909,.F.);
#10579=ORIENTED_EDGE('',*,*,#7258,.F.);
#10580=ORIENTED_EDGE('',*,*,#7261,.F.);
#10581=ORIENTED_EDGE('',*,*,#7266,.F.);
#10582=ORIENTED_EDGE('',*,*,#6769,.F.);
#10583=ORIENTED_EDGE('',*,*,#7423,.T.);
#10584=ORIENTED_EDGE('',*,*,#6913,.F.);
#10585=ORIENTED_EDGE('',*,*,#7270,.F.);
#10586=ORIENTED_EDGE('',*,*,#7273,.F.);
#10587=ORIENTED_EDGE('',*,*,#7278,.F.);
#10588=ORIENTED_EDGE('',*,*,#6765,.F.);
#10589=ORIENTED_EDGE('',*,*,#7424,.T.);
#10590=ORIENTED_EDGE('',*,*,#6917,.F.);
#10591=ORIENTED_EDGE('',*,*,#7282,.F.);
#10592=ORIENTED_EDGE('',*,*,#7285,.F.);
#10593=ORIENTED_EDGE('',*,*,#7290,.F.);
#10594=ORIENTED_EDGE('',*,*,#6761,.F.);
#10595=ORIENTED_EDGE('',*,*,#7425,.T.);
#10596=ORIENTED_EDGE('',*,*,#6921,.F.);
#10597=ORIENTED_EDGE('',*,*,#7294,.F.);
#10598=ORIENTED_EDGE('',*,*,#7297,.F.);
#10599=ORIENTED_EDGE('',*,*,#7302,.F.);
#10600=ORIENTED_EDGE('',*,*,#6757,.F.);
#10601=ORIENTED_EDGE('',*,*,#7426,.T.);
#10602=ORIENTED_EDGE('',*,*,#6925,.F.);
#10603=ORIENTED_EDGE('',*,*,#7306,.F.);
#10604=ORIENTED_EDGE('',*,*,#7309,.F.);
#10605=ORIENTED_EDGE('',*,*,#7314,.F.);
#10606=ORIENTED_EDGE('',*,*,#6753,.F.);
#10607=ORIENTED_EDGE('',*,*,#7427,.T.);
#10608=ORIENTED_EDGE('',*,*,#6929,.F.);
#10609=ORIENTED_EDGE('',*,*,#7318,.F.);
#10610=ORIENTED_EDGE('',*,*,#7321,.F.);
#10611=ORIENTED_EDGE('',*,*,#7326,.F.);
#10612=ORIENTED_EDGE('',*,*,#6749,.F.);
#10613=ORIENTED_EDGE('',*,*,#7428,.T.);
#10614=ORIENTED_EDGE('',*,*,#6933,.F.);
#10615=ORIENTED_EDGE('',*,*,#7330,.F.);
#10616=ORIENTED_EDGE('',*,*,#7333,.F.);
#10617=ORIENTED_EDGE('',*,*,#7338,.F.);
#10618=ORIENTED_EDGE('',*,*,#6745,.F.);
#10619=ORIENTED_EDGE('',*,*,#7429,.T.);
#10620=ORIENTED_EDGE('',*,*,#6937,.F.);
#10621=ORIENTED_EDGE('',*,*,#7342,.F.);
#10622=ORIENTED_EDGE('',*,*,#7345,.F.);
#10623=ORIENTED_EDGE('',*,*,#7350,.F.);
#10624=ORIENTED_EDGE('',*,*,#6741,.F.);
#10625=ORIENTED_EDGE('',*,*,#7430,.T.);
#10626=ORIENTED_EDGE('',*,*,#6941,.F.);
#10627=ORIENTED_EDGE('',*,*,#7354,.F.);
#10628=ORIENTED_EDGE('',*,*,#7357,.F.);
#10629=ORIENTED_EDGE('',*,*,#7362,.F.);
#10630=ORIENTED_EDGE('',*,*,#6737,.F.);
#10631=ORIENTED_EDGE('',*,*,#7431,.T.);
#10632=ORIENTED_EDGE('',*,*,#6945,.F.);
#10633=ORIENTED_EDGE('',*,*,#7363,.F.);
#10634=ORIENTED_EDGE('',*,*,#6733,.T.);
#10635=ORIENTED_EDGE('',*,*,#7432,.T.);
#10636=ORIENTED_EDGE('',*,*,#7433,.T.);
#10637=ORIENTED_EDGE('',*,*,#7434,.T.);
#10638=ORIENTED_EDGE('',*,*,#7435,.T.);
#10639=ORIENTED_EDGE('',*,*,#7436,.T.);
#10640=ORIENTED_EDGE('',*,*,#6949,.T.);
#10641=ORIENTED_EDGE('',*,*,#7369,.F.);
#10642=ORIENTED_EDGE('',*,*,#7437,.T.);
#10643=ORIENTED_EDGE('',*,*,#7364,.F.);
#10644=ORIENTED_EDGE('',*,*,#7437,.F.);
#10645=ORIENTED_EDGE('',*,*,#7370,.F.);
#10646=ORIENTED_EDGE('',*,*,#7366,.F.);
#10647=ORIENTED_EDGE('',*,*,#6871,.T.);
#10648=ORIENTED_EDGE('',*,*,#7416,.T.);
#10649=ORIENTED_EDGE('',*,*,#6867,.T.);
#10650=ORIENTED_EDGE('',*,*,#7024,.F.);
#10651=ORIENTED_EDGE('',*,*,#6863,.F.);
#10652=ORIENTED_EDGE('',*,*,#7192,.F.);
#10653=ORIENTED_EDGE('',*,*,#6865,.F.);
#10654=ORIENTED_EDGE('',*,*,#6641,.T.);
#10655=ORIENTED_EDGE('',*,*,#6880,.T.);
#10656=ORIENTED_EDGE('',*,*,#7418,.T.);
#10657=ORIENTED_EDGE('',*,*,#6877,.T.);
#10658=ORIENTED_EDGE('',*,*,#7026,.F.);
#10659=ORIENTED_EDGE('',*,*,#6873,.F.);
#10660=ORIENTED_EDGE('',*,*,#7200,.F.);
#10661=ORIENTED_EDGE('',*,*,#6875,.F.);
#10662=ORIENTED_EDGE('',*,*,#6637,.T.);
#10663=ORIENTED_EDGE('',*,*,#7228,.T.);
#10664=ORIENTED_EDGE('',*,*,#6898,.F.);
#10665=ORIENTED_EDGE('',*,*,#7419,.F.);
#10666=ORIENTED_EDGE('',*,*,#6784,.F.);
#10667=ORIENTED_EDGE('',*,*,#7240,.T.);
#10668=ORIENTED_EDGE('',*,*,#6902,.F.);
#10669=ORIENTED_EDGE('',*,*,#7420,.F.);
#10670=ORIENTED_EDGE('',*,*,#6780,.F.);
#10671=ORIENTED_EDGE('',*,*,#7252,.T.);
#10672=ORIENTED_EDGE('',*,*,#6906,.F.);
#10673=ORIENTED_EDGE('',*,*,#7421,.F.);
#10674=ORIENTED_EDGE('',*,*,#6776,.F.);
#10675=ORIENTED_EDGE('',*,*,#7264,.T.);
#10676=ORIENTED_EDGE('',*,*,#6910,.F.);
#10677=ORIENTED_EDGE('',*,*,#7422,.F.);
#10678=ORIENTED_EDGE('',*,*,#6772,.F.);
#10679=ORIENTED_EDGE('',*,*,#7276,.T.);
#10680=ORIENTED_EDGE('',*,*,#6914,.F.);
#10681=ORIENTED_EDGE('',*,*,#7423,.F.);
#10682=ORIENTED_EDGE('',*,*,#6768,.F.);
#10683=ORIENTED_EDGE('',*,*,#7288,.T.);
#10684=ORIENTED_EDGE('',*,*,#6918,.F.);
#10685=ORIENTED_EDGE('',*,*,#7424,.F.);
#10686=ORIENTED_EDGE('',*,*,#6764,.F.);
#10687=ORIENTED_EDGE('',*,*,#7300,.T.);
#10688=ORIENTED_EDGE('',*,*,#6922,.F.);
#10689=ORIENTED_EDGE('',*,*,#7425,.F.);
#10690=ORIENTED_EDGE('',*,*,#6760,.F.);
#10691=ORIENTED_EDGE('',*,*,#7312,.T.);
#10692=ORIENTED_EDGE('',*,*,#6926,.F.);
#10693=ORIENTED_EDGE('',*,*,#7426,.F.);
#10694=ORIENTED_EDGE('',*,*,#6756,.F.);
#10695=ORIENTED_EDGE('',*,*,#7324,.T.);
#10696=ORIENTED_EDGE('',*,*,#6930,.F.);
#10697=ORIENTED_EDGE('',*,*,#7427,.F.);
#10698=ORIENTED_EDGE('',*,*,#6752,.F.);
#10699=ORIENTED_EDGE('',*,*,#7336,.T.);
#10700=ORIENTED_EDGE('',*,*,#6934,.F.);
#10701=ORIENTED_EDGE('',*,*,#7428,.F.);
#10702=ORIENTED_EDGE('',*,*,#6748,.F.);
#10703=ORIENTED_EDGE('',*,*,#7348,.T.);
#10704=ORIENTED_EDGE('',*,*,#6938,.F.);
#10705=ORIENTED_EDGE('',*,*,#7429,.F.);
#10706=ORIENTED_EDGE('',*,*,#6744,.F.);
#10707=ORIENTED_EDGE('',*,*,#7360,.T.);
#10708=ORIENTED_EDGE('',*,*,#6942,.F.);
#10709=ORIENTED_EDGE('',*,*,#7430,.F.);
#10710=ORIENTED_EDGE('',*,*,#6740,.F.);
#10711=ORIENTED_EDGE('',*,*,#7368,.T.);
#10712=ORIENTED_EDGE('',*,*,#6946,.F.);
#10713=ORIENTED_EDGE('',*,*,#7431,.F.);
#10714=ORIENTED_EDGE('',*,*,#6736,.F.);
#10715=ORIENTED_EDGE('',*,*,#7436,.F.);
#10716=ORIENTED_EDGE('',*,*,#7438,.F.);
#10717=ORIENTED_EDGE('',*,*,#7439,.T.);
#10718=ORIENTED_EDGE('',*,*,#6950,.F.);
#10719=ORIENTED_EDGE('',*,*,#7440,.F.);
#10720=ORIENTED_EDGE('',*,*,#7441,.T.);
#10721=ORIENTED_EDGE('',*,*,#6951,.F.);
#10722=ORIENTED_EDGE('',*,*,#7439,.F.);
#10723=ORIENTED_EDGE('',*,*,#7442,.T.);
#10724=ORIENTED_EDGE('',*,*,#6952,.F.);
#10725=ORIENTED_EDGE('',*,*,#7441,.F.);
#10726=ORIENTED_EDGE('',*,*,#7443,.F.);
#10727=ORIENTED_EDGE('',*,*,#6861,.T.);
#10728=ORIENTED_EDGE('',*,*,#7414,.T.);
#10729=ORIENTED_EDGE('',*,*,#6857,.T.);
#10730=ORIENTED_EDGE('',*,*,#7022,.F.);
#10731=ORIENTED_EDGE('',*,*,#6853,.F.);
#10732=ORIENTED_EDGE('',*,*,#7184,.F.);
#10733=ORIENTED_EDGE('',*,*,#6855,.F.);
#10734=ORIENTED_EDGE('',*,*,#6645,.T.);
#10735=ORIENTED_EDGE('',*,*,#7376,.T.);
#10736=ORIENTED_EDGE('',*,*,#6959,.F.);
#10737=ORIENTED_EDGE('',*,*,#7033,.F.);
#10738=ORIENTED_EDGE('',*,*,#6721,.T.);
#10739=ORIENTED_EDGE('',*,*,#7378,.T.);
#10740=ORIENTED_EDGE('',*,*,#6963,.F.);
#10741=ORIENTED_EDGE('',*,*,#7041,.F.);
#10742=ORIENTED_EDGE('',*,*,#6717,.T.);
#10743=ORIENTED_EDGE('',*,*,#7380,.T.);
#10744=ORIENTED_EDGE('',*,*,#6967,.F.);
#10745=ORIENTED_EDGE('',*,*,#7049,.F.);
#10746=ORIENTED_EDGE('',*,*,#6713,.T.);
#10747=ORIENTED_EDGE('',*,*,#7382,.T.);
#10748=ORIENTED_EDGE('',*,*,#6971,.F.);
#10749=ORIENTED_EDGE('',*,*,#7057,.F.);
#10750=ORIENTED_EDGE('',*,*,#6709,.T.);
#10751=ORIENTED_EDGE('',*,*,#7384,.T.);
#10752=ORIENTED_EDGE('',*,*,#6975,.F.);
#10753=ORIENTED_EDGE('',*,*,#7065,.F.);
#10754=ORIENTED_EDGE('',*,*,#6705,.T.);
#10755=ORIENTED_EDGE('',*,*,#7386,.T.);
#10756=ORIENTED_EDGE('',*,*,#6979,.F.);
#10757=ORIENTED_EDGE('',*,*,#7073,.F.);
#10758=ORIENTED_EDGE('',*,*,#6701,.T.);
#10759=ORIENTED_EDGE('',*,*,#7388,.T.);
#10760=ORIENTED_EDGE('',*,*,#6983,.F.);
#10761=ORIENTED_EDGE('',*,*,#7081,.F.);
#10762=ORIENTED_EDGE('',*,*,#6697,.T.);
#10763=ORIENTED_EDGE('',*,*,#7390,.T.);
#10764=ORIENTED_EDGE('',*,*,#6987,.F.);
#10765=ORIENTED_EDGE('',*,*,#7089,.F.);
#10766=ORIENTED_EDGE('',*,*,#6693,.T.);
#10767=ORIENTED_EDGE('',*,*,#7392,.T.);
#10768=ORIENTED_EDGE('',*,*,#6991,.F.);
#10769=ORIENTED_EDGE('',*,*,#7097,.F.);
#10770=ORIENTED_EDGE('',*,*,#6689,.T.);
#10771=ORIENTED_EDGE('',*,*,#7394,.T.);
#10772=ORIENTED_EDGE('',*,*,#6995,.F.);
#10773=ORIENTED_EDGE('',*,*,#7105,.F.);
#10774=ORIENTED_EDGE('',*,*,#6685,.T.);
#10775=ORIENTED_EDGE('',*,*,#7396,.T.);
#10776=ORIENTED_EDGE('',*,*,#6999,.F.);
#10777=ORIENTED_EDGE('',*,*,#7113,.F.);
#10778=ORIENTED_EDGE('',*,*,#6681,.T.);
#10779=ORIENTED_EDGE('',*,*,#7398,.T.);
#10780=ORIENTED_EDGE('',*,*,#7003,.F.);
#10781=ORIENTED_EDGE('',*,*,#7121,.F.);
#10782=ORIENTED_EDGE('',*,*,#6677,.T.);
#10783=ORIENTED_EDGE('',*,*,#7400,.T.);
#10784=ORIENTED_EDGE('',*,*,#7007,.F.);
#10785=ORIENTED_EDGE('',*,*,#7129,.F.);
#10786=ORIENTED_EDGE('',*,*,#6673,.F.);
#10787=ORIENTED_EDGE('',*,*,#6801,.T.);
#10788=ORIENTED_EDGE('',*,*,#7402,.T.);
#10789=ORIENTED_EDGE('',*,*,#6797,.T.);
#10790=ORIENTED_EDGE('',*,*,#7010,.F.);
#10791=ORIENTED_EDGE('',*,*,#6793,.F.);
#10792=ORIENTED_EDGE('',*,*,#7136,.F.);
#10793=ORIENTED_EDGE('',*,*,#6795,.F.);
#10794=ORIENTED_EDGE('',*,*,#6669,.T.);
#10795=ORIENTED_EDGE('',*,*,#6811,.T.);
#10796=ORIENTED_EDGE('',*,*,#7404,.T.);
#10797=ORIENTED_EDGE('',*,*,#6807,.T.);
#10798=ORIENTED_EDGE('',*,*,#7012,.F.);
#10799=ORIENTED_EDGE('',*,*,#6803,.F.);
#10800=ORIENTED_EDGE('',*,*,#7144,.F.);
#10801=ORIENTED_EDGE('',*,*,#6805,.F.);
#10802=ORIENTED_EDGE('',*,*,#6665,.T.);
#10803=ORIENTED_EDGE('',*,*,#6821,.T.);
#10804=ORIENTED_EDGE('',*,*,#7406,.T.);
#10805=ORIENTED_EDGE('',*,*,#6817,.T.);
#10806=ORIENTED_EDGE('',*,*,#7014,.F.);
#10807=ORIENTED_EDGE('',*,*,#6813,.F.);
#10808=ORIENTED_EDGE('',*,*,#7152,.F.);
#10809=ORIENTED_EDGE('',*,*,#6815,.F.);
#10810=ORIENTED_EDGE('',*,*,#6661,.T.);
#10811=ORIENTED_EDGE('',*,*,#6831,.T.);
#10812=ORIENTED_EDGE('',*,*,#7408,.T.);
#10813=ORIENTED_EDGE('',*,*,#6827,.T.);
#10814=ORIENTED_EDGE('',*,*,#7016,.F.);
#10815=ORIENTED_EDGE('',*,*,#6823,.F.);
#10816=ORIENTED_EDGE('',*,*,#7160,.F.);
#10817=ORIENTED_EDGE('',*,*,#6825,.F.);
#10818=ORIENTED_EDGE('',*,*,#6657,.T.);
#10819=ORIENTED_EDGE('',*,*,#6841,.T.);
#10820=ORIENTED_EDGE('',*,*,#7410,.T.);
#10821=ORIENTED_EDGE('',*,*,#6837,.T.);
#10822=ORIENTED_EDGE('',*,*,#7018,.F.);
#10823=ORIENTED_EDGE('',*,*,#6833,.F.);
#10824=ORIENTED_EDGE('',*,*,#7168,.F.);
#10825=ORIENTED_EDGE('',*,*,#6835,.F.);
#10826=ORIENTED_EDGE('',*,*,#6653,.T.);
#10827=ORIENTED_EDGE('',*,*,#6851,.T.);
#10828=ORIENTED_EDGE('',*,*,#7412,.T.);
#10829=ORIENTED_EDGE('',*,*,#6847,.T.);
#10830=ORIENTED_EDGE('',*,*,#7020,.F.);
#10831=ORIENTED_EDGE('',*,*,#6843,.F.);
#10832=ORIENTED_EDGE('',*,*,#7176,.F.);
#10833=ORIENTED_EDGE('',*,*,#6845,.F.);
#10834=ORIENTED_EDGE('',*,*,#6649,.T.);
#10835=ORIENTED_EDGE('',*,*,#7444,.F.);
#10836=ORIENTED_EDGE('',*,*,#7445,.F.);
#10837=ORIENTED_EDGE('',*,*,#6730,.F.);
#10838=ORIENTED_EDGE('',*,*,#7446,.T.);
#10839=ORIENTED_EDGE('',*,*,#7447,.F.);
#10840=ORIENTED_EDGE('',*,*,#6731,.F.);
#10841=ORIENTED_EDGE('',*,*,#7445,.T.);
#10842=ORIENTED_EDGE('',*,*,#7448,.F.);
#10843=ORIENTED_EDGE('',*,*,#7449,.F.);
#10844=ORIENTED_EDGE('',*,*,#7450,.F.);
#10845=ORIENTED_EDGE('',*,*,#7451,.T.);
#10846=ORIENTED_EDGE('',*,*,#7452,.F.);
#10847=ORIENTED_EDGE('',*,*,#7453,.F.);
#10848=ORIENTED_EDGE('',*,*,#7449,.T.);
#10849=ORIENTED_EDGE('',*,*,#7454,.F.);
#10850=ORIENTED_EDGE('',*,*,#7455,.F.);
#10851=ORIENTED_EDGE('',*,*,#7456,.F.);
#10852=ORIENTED_EDGE('',*,*,#7450,.T.);
#10853=ORIENTED_EDGE('',*,*,#7453,.T.);
#10854=ORIENTED_EDGE('',*,*,#7457,.F.);
#10855=ORIENTED_EDGE('',*,*,#7458,.F.);
#10856=ORIENTED_EDGE('',*,*,#7459,.F.);
#10857=ORIENTED_EDGE('',*,*,#7444,.T.);
#10858=ORIENTED_EDGE('',*,*,#7434,.F.);
#10859=ORIENTED_EDGE('',*,*,#7460,.F.);
#10860=ORIENTED_EDGE('',*,*,#7457,.T.);
#10861=ORIENTED_EDGE('',*,*,#7455,.T.);
#10862=ORIENTED_EDGE('',*,*,#7461,.T.);
#10863=ORIENTED_EDGE('',*,*,#7462,.F.);
#10864=ORIENTED_EDGE('',*,*,#7461,.F.);
#10865=ORIENTED_EDGE('',*,*,#7454,.T.);
#10866=ORIENTED_EDGE('',*,*,#7452,.T.);
#10867=ORIENTED_EDGE('',*,*,#7463,.T.);
#10868=ORIENTED_EDGE('',*,*,#7443,.T.);
#10869=ORIENTED_EDGE('',*,*,#7464,.F.);
#10870=ORIENTED_EDGE('',*,*,#7465,.T.);
#10871=ORIENTED_EDGE('',*,*,#7466,.F.);
#10872=ORIENTED_EDGE('',*,*,#7467,.F.);
#10873=ORIENTED_EDGE('',*,*,#7448,.T.);
#10874=ORIENTED_EDGE('',*,*,#7459,.T.);
#10875=ORIENTED_EDGE('',*,*,#7468,.T.);
#10876=ORIENTED_EDGE('',*,*,#7464,.T.);
#10877=ORIENTED_EDGE('',*,*,#7440,.T.);
#10878=ORIENTED_EDGE('',*,*,#7469,.F.);
#10879=ORIENTED_EDGE('',*,*,#7435,.F.);
#10880=ORIENTED_EDGE('',*,*,#7462,.T.);
#10881=ORIENTED_EDGE('',*,*,#7465,.F.);
#10882=ORIENTED_EDGE('',*,*,#7468,.F.);
#10883=ORIENTED_EDGE('',*,*,#7469,.T.);
#10884=ORIENTED_EDGE('',*,*,#7438,.T.);
#10885=ORIENTED_EDGE('',*,*,#7432,.F.);
#10886=ORIENTED_EDGE('',*,*,#6732,.F.);
#10887=ORIENTED_EDGE('',*,*,#7447,.T.);
#10888=ORIENTED_EDGE('',*,*,#7470,.F.);
#10889=ORIENTED_EDGE('',*,*,#7433,.F.);
#10890=ORIENTED_EDGE('',*,*,#7470,.T.);
#10891=ORIENTED_EDGE('',*,*,#7467,.T.);
#10892=ORIENTED_EDGE('',*,*,#7466,.T.);
#10893=ORIENTED_EDGE('',*,*,#7458,.T.);
#10894=ORIENTED_EDGE('',*,*,#7460,.T.);
#10895=ORIENTED_EDGE('',*,*,#6955,.F.);
#10896=ORIENTED_EDGE('',*,*,#7372,.F.);
#10897=ORIENTED_EDGE('',*,*,#6725,.T.);
#10898=ORIENTED_EDGE('',*,*,#7374,.T.);
#10899=ORIENTED_EDGE('',*,*,#7471,.F.);
#10900=ORIENTED_EDGE('',*,*,#6887,.F.);
#10901=ORIENTED_EDGE('',*,*,#6953,.F.);
#10902=ORIENTED_EDGE('',*,*,#7442,.F.);
#10903=ORIENTED_EDGE('',*,*,#6888,.T.);
#10904=ORIENTED_EDGE('',*,*,#7471,.T.);
#10905=ORIENTED_EDGE('',*,*,#7463,.F.);
#10906=ORIENTED_EDGE('',*,*,#7472,.T.);
#10907=ORIENTED_EDGE('',*,*,#6889,.F.);
#10908=ORIENTED_EDGE('',*,*,#7472,.F.);
#10909=ORIENTED_EDGE('',*,*,#7451,.F.);
#10910=ORIENTED_EDGE('',*,*,#7473,.T.);
#10911=ORIENTED_EDGE('',*,*,#7474,.T.);
#10912=ORIENTED_EDGE('',*,*,#6890,.T.);
#10913=ORIENTED_EDGE('',*,*,#7473,.F.);
#10914=ORIENTED_EDGE('',*,*,#7456,.T.);
#10915=ORIENTED_EDGE('',*,*,#6729,.F.);
#10916=ORIENTED_EDGE('',*,*,#6891,.F.);
#10917=ORIENTED_EDGE('',*,*,#7474,.F.);
#10918=ORIENTED_EDGE('',*,*,#7446,.F.);
#10919=PLANE('',#12106);
#10920=PLANE('',#12117);
#10921=PLANE('',#12118);
#10922=PLANE('',#12119);
#10923=PLANE('',#12130);
#10924=PLANE('',#12131);
#10925=PLANE('',#12132);
#10926=PLANE('',#12133);
#10927=PLANE('',#12134);
#10928=PLANE('',#12135);
#10929=PLANE('',#12136);
#10930=PLANE('',#12137);
#10931=PLANE('',#12138);
#10932=PLANE('',#12139);
#10933=PLANE('',#12140);
#10934=PLANE('',#12141);
#10935=PLANE('',#12142);
#10936=PLANE('',#12143);
#10937=PLANE('',#12144);
#10938=PLANE('',#12145);
#10939=PLANE('',#12146);
#10940=PLANE('',#12147);
#10941=PLANE('',#12148);
#10942=PLANE('',#12149);
#10943=PLANE('',#12150);
#10944=PLANE('',#12151);
#10945=PLANE('',#12152);
#10946=PLANE('',#12153);
#10947=PLANE('',#12154);
#10948=PLANE('',#12155);
#10949=PLANE('',#12156);
#10950=PLANE('',#12157);
#10951=PLANE('',#12158);
#10952=PLANE('',#12159);
#10953=PLANE('',#12160);
#10954=PLANE('',#12161);
#10955=PLANE('',#12162);
#10956=PLANE('',#12163);
#10957=PLANE('',#12164);
#10958=PLANE('',#12165);
#10959=PLANE('',#12166);
#10960=PLANE('',#12167);
#10961=PLANE('',#12168);
#10962=PLANE('',#12169);
#10963=PLANE('',#12170);
#10964=PLANE('',#12171);
#10965=PLANE('',#12172);
#10966=PLANE('',#12173);
#10967=PLANE('',#12174);
#10968=PLANE('',#12175);
#10969=PLANE('',#12176);
#10970=PLANE('',#12177);
#10971=PLANE('',#12178);
#10972=PLANE('',#12179);
#10973=PLANE('',#12180);
#10974=PLANE('',#12181);
#10975=PLANE('',#12182);
#10976=PLANE('',#12183);
#10977=PLANE('',#12184);
#10978=PLANE('',#12185);
#10979=PLANE('',#12186);
#10980=PLANE('',#12187);
#10981=PLANE('',#12188);
#10982=PLANE('',#12189);
#10983=PLANE('',#12190);
#10984=PLANE('',#12191);
#10985=PLANE('',#12192);
#10986=PLANE('',#12193);
#10987=PLANE('',#12194);
#10988=PLANE('',#12195);
#10989=PLANE('',#12196);
#10990=PLANE('',#12197);
#10991=PLANE('',#12198);
#10992=PLANE('',#12199);
#10993=PLANE('',#12200);
#10994=PLANE('',#12201);
#10995=PLANE('',#12202);
#10996=PLANE('',#12203);
#10997=PLANE('',#12204);
#10998=PLANE('',#12207);
#10999=PLANE('',#12208);
#11000=PLANE('',#12209);
#11001=PLANE('',#12210);
#11002=PLANE('',#12211);
#11003=PLANE('',#12212);
#11004=PLANE('',#12213);
#11005=PLANE('',#12214);
#11006=PLANE('',#12215);
#11007=PLANE('',#12216);
#11008=PLANE('',#12217);
#11009=PLANE('',#12218);
#11010=PLANE('',#12219);
#11011=PLANE('',#12220);
#11012=PLANE('',#12221);
#11013=PLANE('',#12222);
#11014=PLANE('',#12223);
#11015=PLANE('',#12224);
#11016=PLANE('',#12225);
#11017=PLANE('',#12226);
#11018=PLANE('',#12227);
#11019=PLANE('',#12228);
#11020=PLANE('',#12229);
#11021=PLANE('',#12230);
#11022=PLANE('',#12231);
#11023=PLANE('',#12232);
#11024=PLANE('',#12233);
#11025=PLANE('',#12234);
#11026=PLANE('',#12235);
#11027=PLANE('',#12236);
#11028=PLANE('',#12237);
#11029=PLANE('',#12238);
#11030=PLANE('',#12239);
#11031=PLANE('',#12240);
#11032=PLANE('',#12241);
#11033=PLANE('',#12242);
#11034=PLANE('',#12243);
#11035=PLANE('',#12244);
#11036=PLANE('',#12245);
#11037=PLANE('',#12246);
#11038=PLANE('',#12247);
#11039=PLANE('',#12248);
#11040=PLANE('',#12249);
#11041=PLANE('',#12250);
#11042=PLANE('',#12251);
#11043=PLANE('',#12252);
#11044=PLANE('',#12253);
#11045=PLANE('',#12254);
#11046=PLANE('',#12255);
#11047=PLANE('',#12256);
#11048=PLANE('',#12257);
#11049=PLANE('',#12258);
#11050=PLANE('',#12259);
#11051=PLANE('',#12260);
#11052=PLANE('',#12261);
#11053=PLANE('',#12262);
#11054=PLANE('',#12263);
#11055=PLANE('',#12264);
#11056=PLANE('',#12265);
#11057=PLANE('',#12266);
#11058=PLANE('',#12267);
#11059=PLANE('',#12268);
#11060=PLANE('',#12269);
#11061=PLANE('',#12270);
#11062=PLANE('',#12271);
#11063=PLANE('',#12272);
#11064=PLANE('',#12273);
#11065=PLANE('',#12274);
#11066=PLANE('',#12275);
#11067=PLANE('',#12276);
#11068=PLANE('',#12277);
#11069=PLANE('',#12278);
#11070=PLANE('',#12279);
#11071=PLANE('',#12280);
#11072=PLANE('',#12281);
#11073=PLANE('',#12282);
#11074=PLANE('',#12283);
#11075=PLANE('',#12284);
#11076=PLANE('',#12285);
#11077=PLANE('',#12286);
#11078=PLANE('',#12287);
#11079=PLANE('',#12288);
#11080=PLANE('',#12289);
#11081=PLANE('',#12290);
#11082=PLANE('',#12291);
#11083=PLANE('',#12292);
#11084=PLANE('',#12293);
#11085=PLANE('',#12294);
#11086=PLANE('',#12295);
#11087=PLANE('',#12296);
#11088=PLANE('',#12297);
#11089=PLANE('',#12298);
#11090=PLANE('',#12299);
#11091=PLANE('',#12300);
#11092=PLANE('',#12301);
#11093=PLANE('',#12302);
#11094=PLANE('',#12303);
#11095=PLANE('',#12304);
#11096=PLANE('',#12305);
#11097=PLANE('',#12306);
#11098=PLANE('',#12307);
#11099=PLANE('',#12308);
#11100=PLANE('',#12309);
#11101=PLANE('',#12310);
#11102=PLANE('',#12311);
#11103=PLANE('',#12312);
#11104=PLANE('',#12313);
#11105=PLANE('',#12314);
#11106=PLANE('',#12315);
#11107=PLANE('',#12316);
#11108=PLANE('',#12317);
#11109=PLANE('',#12318);
#11110=PLANE('',#12319);
#11111=PLANE('',#12320);
#11112=PLANE('',#12321);
#11113=PLANE('',#12322);
#11114=PLANE('',#12323);
#11115=PLANE('',#12324);
#11116=PLANE('',#12325);
#11117=PLANE('',#12326);
#11118=PLANE('',#12327);
#11119=PLANE('',#12328);
#11120=PLANE('',#12329);
#11121=PLANE('',#12330);
#11122=PLANE('',#12331);
#11123=PLANE('',#12332);
#11124=PLANE('',#12333);
#11125=PLANE('',#12334);
#11126=PLANE('',#12335);
#11127=PLANE('',#12338);
#11128=PLANE('',#12339);
#11129=PLANE('',#12340);
#11130=PLANE('',#12341);
#11131=PLANE('',#12342);
#11132=PLANE('',#12343);
#11133=PLANE('',#12344);
#11134=PLANE('',#12345);
#11135=PLANE('',#12346);
#11136=PLANE('',#12347);
#11137=PLANE('',#12348);
#11138=PLANE('',#12349);
#11139=PLANE('',#12350);
#11140=PLANE('',#12351);
#11141=PLANE('',#12352);
#11142=PLANE('',#12353);
#11143=PLANE('',#12354);
#11144=PLANE('',#12355);
#11145=PLANE('',#12356);
#11146=PLANE('',#12357);
#11147=PLANE('',#12358);
#11148=PLANE('',#12359);
#11149=PLANE('',#12360);
#11150=PLANE('',#12361);
#11151=PLANE('',#12362);
#11152=PLANE('',#12363);
#11153=PLANE('',#12364);
#11154=PLANE('',#12365);
#11155=PLANE('',#12366);
#11156=PLANE('',#12367);
#11157=PLANE('',#12368);
#11158=PLANE('',#12369);
#11159=PLANE('',#12370);
#11160=PLANE('',#12371);
#11161=PLANE('',#12372);
#11162=PLANE('',#12373);
#11163=PLANE('',#12374);
#11164=PLANE('',#12375);
#11165=PLANE('',#12376);
#11166=PLANE('',#12377);
#11167=PLANE('',#12387);
#11168=PLANE('',#12388);
#11169=PLANE('',#12390);
#11170=PLANE('',#12391);
#11171=PLANE('',#12392);
#11172=PLANE('',#12393);
#11173=PLANE('',#12394);
#11174=PLANE('',#12395);
#11175=PLANE('',#12396);
#11176=PLANE('',#12397);
#11177=PLANE('',#12398);
#11178=PLANE('',#12399);
#11179=PLANE('',#12400);
#11180=PLANE('',#12401);
#11181=PLANE('',#12402);
#11182=PLANE('',#12403);
#11183=PLANE('',#12404);
#11184=PLANE('',#12405);
#11185=PLANE('',#12406);
#11186=PLANE('',#12416);
#11187=PLANE('',#12418);
#11188=PLANE('',#12419);
#11189=PLANE('',#12422);
#11190=PLANE('',#12433);
#11191=PLANE('',#12434);
#11192=PLANE('',#12435);
#11193=PLANE('',#12436);
#11194=PLANE('',#12437);
#11195=PLANE('',#12438);
#11196=PLANE('',#12439);
#11197=PLANE('',#12440);
#11198=PLANE('',#12441);
#11199=PLANE('',#12442);
#11200=PLANE('',#12443);
#11201=PLANE('',#12444);
#11202=PLANE('',#12445);
#11203=PLANE('',#12446);
#11204=PLANE('',#12447);
#11205=PLANE('',#12448);
#11206=PLANE('',#12449);
#11207=PLANE('',#12450);
#11208=PLANE('',#12451);
#11209=PLANE('',#12462);
#11210=PLANE('',#12463);
#11211=PLANE('',#12464);
#11212=PLANE('',#12465);
#11213=PLANE('',#12466);
#11214=PLANE('',#12467);
#11215=PLANE('',#12468);
#11216=PLANE('',#12469);
#11217=PLANE('',#12470);
#11218=PLANE('',#12471);
#11219=PLANE('',#12472);
#11220=PLANE('',#12473);
#11221=PLANE('',#12474);
#11222=PLANE('',#12475);
#11223=PLANE('',#12476);
#11224=PLANE('',#12477);
#11225=PLANE('',#12478);
#11226=PLANE('',#12479);
#11227=PLANE('',#12480);
#11228=PLANE('',#12481);
#11229=PLANE('',#12482);
#11230=PLANE('',#12483);
#11231=PLANE('',#12484);
#11232=PLANE('',#12485);
#11233=PLANE('',#12486);
#11234=PLANE('',#12487);
#11235=PLANE('',#12488);
#11236=PLANE('',#12489);
#11237=PLANE('',#12490);
#11238=PLANE('',#12491);
#11239=PLANE('',#12492);
#11240=PLANE('',#12493);
#11241=PLANE('',#12494);
#11242=PLANE('',#12495);
#11243=PLANE('',#12496);
#11244=PLANE('',#12497);
#11245=PLANE('',#12498);
#11246=PLANE('',#12499);
#11247=PLANE('',#12500);
#11248=PLANE('',#12503);
#11249=PLANE('',#12504);
#11250=PLANE('',#12515);
#11251=PLANE('',#12516);
#11252=PLANE('',#12517);
#11253=PLANE('',#12518);
#11254=PLANE('',#12519);
#11255=PLANE('',#12520);
#11256=PLANE('',#12521);
#11257=PLANE('',#12522);
#11258=PLANE('',#12523);
#11259=PLANE('',#12524);
#11260=PLANE('',#12525);
#11261=PLANE('',#12526);
#11262=PLANE('',#12527);
#11263=PLANE('',#12528);
#11264=PLANE('',#12529);
#11265=PLANE('',#12530);
#11266=PLANE('',#12531);
#11267=PLANE('',#12532);
#11268=PLANE('',#12533);
#11269=PLANE('',#12534);
#11270=PLANE('',#12535);
#11271=PLANE('',#12536);
#11272=PLANE('',#12537);
#11273=PLANE('',#12538);
#11274=PLANE('',#12539);
#11275=PLANE('',#12540);
#11276=PLANE('',#12541);
#11277=PLANE('',#12542);
#11278=PLANE('',#12543);
#11279=PLANE('',#12544);
#11280=PLANE('',#12545);
#11281=PLANE('',#12546);
#11282=PLANE('',#12547);
#11283=PLANE('',#12548);
#11284=PLANE('',#12549);
#11285=PLANE('',#12550);
#11286=PLANE('',#12551);
#11287=PLANE('',#12552);
#11288=PLANE('',#12553);
#11289=PLANE('',#12554);
#11290=PLANE('',#12555);
#11291=PLANE('',#12556);
#11292=PLANE('',#12557);
#11293=PLANE('',#12558);
#11294=PLANE('',#12559);
#11295=PLANE('',#12560);
#11296=PLANE('',#12561);
#11297=PLANE('',#12562);
#11298=PLANE('',#12563);
#11299=PLANE('',#12564);
#11300=PLANE('',#12565);
#11301=PLANE('',#12566);
#11302=PLANE('',#12567);
#11303=PLANE('',#12568);
#11304=PLANE('',#12569);
#11305=PLANE('',#12570);
#11306=PLANE('',#12571);
#11307=PLANE('',#12572);
#11308=PLANE('',#12573);
#11309=PLANE('',#12574);
#11310=PLANE('',#12575);
#11311=PLANE('',#12576);
#11312=PLANE('',#12577);
#11313=PLANE('',#12578);
#11314=PLANE('',#12579);
#11315=PLANE('',#12580);
#11316=PLANE('',#12581);
#11317=PLANE('',#12582);
#11318=PLANE('',#12583);
#11319=PLANE('',#12584);
#11320=PLANE('',#12585);
#11321=PLANE('',#12586);
#11322=PLANE('',#12587);
#11323=PLANE('',#12588);
#11324=PLANE('',#12589);
#11325=PLANE('',#12590);
#11326=PLANE('',#12591);
#11327=PLANE('',#12592);
#11328=PLANE('',#12593);
#11329=PLANE('',#12594);
#11330=PLANE('',#12595);
#11331=PLANE('',#12596);
#11332=PLANE('',#12597);
#11333=PLANE('',#12598);
#11334=PLANE('',#12599);
#11335=PLANE('',#12600);
#11336=PLANE('',#12601);
#11337=PLANE('',#12602);
#11338=PLANE('',#12603);
#11339=PLANE('',#12604);
#11340=PLANE('',#12605);
#11341=PLANE('',#12606);
#11342=PLANE('',#12607);
#11343=PLANE('',#12608);
#11344=PLANE('',#12609);
#11345=PLANE('',#12610);
#11346=PLANE('',#12611);
#11347=PLANE('',#12612);
#11348=PLANE('',#12613);
#11349=PLANE('',#12614);
#11350=PLANE('',#12615);
#11351=PLANE('',#12616);
#11352=PLANE('',#12617);
#11353=PLANE('',#12618);
#11354=PLANE('',#12619);
#11355=PLANE('',#12620);
#11356=PLANE('',#12621);
#11357=PLANE('',#12622);
#11358=PLANE('',#12623);
#11359=PLANE('',#12624);
#11360=PLANE('',#12625);
#11361=PLANE('',#12626);
#11362=PLANE('',#12627);
#11363=PLANE('',#12628);
#11364=PLANE('',#12629);
#11365=PLANE('',#12630);
#11366=PLANE('',#12631);
#11367=PLANE('',#12632);
#11368=PLANE('',#12633);
#11369=PLANE('',#12634);
#11370=PLANE('',#12635);
#11371=PLANE('',#12636);
#11372=PLANE('',#12637);
#11373=PLANE('',#12638);
#11374=PLANE('',#12639);
#11375=PLANE('',#12640);
#11376=PLANE('',#12641);
#11377=PLANE('',#12642);
#11378=PLANE('',#12643);
#11379=PLANE('',#12644);
#11380=PLANE('',#12645);
#11381=PLANE('',#12646);
#11382=PLANE('',#12647);
#11383=PLANE('',#12648);
#11384=PLANE('',#12649);
#11385=PLANE('',#12650);
#11386=PLANE('',#12651);
#11387=PLANE('',#12652);
#11388=PLANE('',#12653);
#11389=PLANE('',#12654);
#11390=PLANE('',#12655);
#11391=PLANE('',#12656);
#11392=PLANE('',#12657);
#11393=PLANE('',#12658);
#11394=PLANE('',#12659);
#11395=PLANE('',#12660);
#11396=PLANE('',#12661);
#11397=PLANE('',#12662);
#11398=PLANE('',#12663);
#11399=PLANE('',#12664);
#11400=PLANE('',#12665);
#11401=PLANE('',#12666);
#11402=PLANE('',#12667);
#11403=PLANE('',#12668);
#11404=PLANE('',#12669);
#11405=PLANE('',#12670);
#11406=PLANE('',#12671);
#11407=PLANE('',#12672);
#11408=PLANE('',#12673);
#11409=PLANE('',#12674);
#11410=PLANE('',#12675);
#11411=PLANE('',#12676);
#11412=PLANE('',#12677);
#11413=PLANE('',#12678);
#11414=PLANE('',#12679);
#11415=PLANE('',#12680);
#11416=PLANE('',#12681);
#11417=PLANE('',#12682);
#11418=PLANE('',#12683);
#11419=PLANE('',#12684);
#11420=PLANE('',#12685);
#11421=PLANE('',#12686);
#11422=PLANE('',#12687);
#11423=PLANE('',#12688);
#11424=PLANE('',#12689);
#11425=PLANE('',#12690);
#11426=PLANE('',#12691);
#11427=PLANE('',#12692);
#11428=PLANE('',#12693);
#11429=PLANE('',#12694);
#11430=PLANE('',#12695);
#11431=PLANE('',#12696);
#11432=PLANE('',#12697);
#11433=PLANE('',#12698);
#11434=PLANE('',#12699);
#11435=PLANE('',#12700);
#11436=PLANE('',#12701);
#11437=PLANE('',#12702);
#11438=PLANE('',#12703);
#11439=PLANE('',#12704);
#11440=PLANE('',#12705);
#11441=PLANE('',#12706);
#11442=PLANE('',#12707);
#11443=PLANE('',#12708);
#11444=PLANE('',#12709);
#11445=PLANE('',#12710);
#11446=PLANE('',#12711);
#11447=PLANE('',#12712);
#11448=PLANE('',#12715);
#11449=PLANE('',#12718);
#11450=PLANE('',#12719);
#11451=PLANE('',#12720);
#11452=PLANE('',#12721);
#11453=PLANE('',#12722);
#11454=PLANE('',#12723);
#11455=PLANE('',#12724);
#11456=PLANE('',#12725);
#11457=PLANE('',#12726);
#11458=PLANE('',#12727);
#11459=PLANE('',#12728);
#11460=PLANE('',#12729);
#11461=PLANE('',#12730);
#11462=PLANE('',#12731);
#11463=PLANE('',#12732);
#11464=PLANE('',#12736);
#11465=PLANE('',#12737);
#11466=PLANE('',#12738);
#11467=PLANE('',#12739);
#11468=PLANE('',#12740);
#11469=PLANE('',#12741);
#11470=PLANE('',#12742);
#11471=PLANE('',#12743);
#11472=PLANE('',#12744);
#11473=PLANE('',#12745);
#11474=PLANE('',#12746);
#11475=PLANE('',#12747);
#11476=PLANE('',#12748);
#11477=PLANE('',#12757);
#11478=PLANE('',#12761);
#11479=PLANE('',#12764);
#11480=PLANE('',#12774);
#11481=PLANE('',#12776);
#11482=PLANE('',#12777);
#11483=PLANE('',#12779);
#11484=PLANE('',#12781);
#11485=ADVANCED_FACE('',(#73),#10919,.T.);
#11486=ADVANCED_FACE('',(#74),#10920,.T.);
#11487=ADVANCED_FACE('',(#75),#10921,.T.);
#11488=ADVANCED_FACE('',(#76),#10922,.F.);
#11489=ADVANCED_FACE('',(#77),#10923,.T.);
#11490=ADVANCED_FACE('',(#78),#10924,.F.);
#11491=ADVANCED_FACE('',(#79),#10925,.F.);
#11492=ADVANCED_FACE('',(#80),#10926,.F.);
#11493=ADVANCED_FACE('',(#81),#10927,.F.);
#11494=ADVANCED_FACE('',(#82),#10928,.F.);
#11495=ADVANCED_FACE('',(#83),#10929,.F.);
#11496=ADVANCED_FACE('',(#84),#10930,.F.);
#11497=ADVANCED_FACE('',(#85),#10931,.F.);
#11498=ADVANCED_FACE('',(#86),#10932,.F.);
#11499=ADVANCED_FACE('',(#87),#10933,.F.);
#11500=ADVANCED_FACE('',(#88),#10934,.F.);
#11501=ADVANCED_FACE('',(#89),#10935,.F.);
#11502=ADVANCED_FACE('',(#90),#10936,.F.);
#11503=ADVANCED_FACE('',(#91),#10937,.F.);
#11504=ADVANCED_FACE('',(#92),#10938,.F.);
#11505=ADVANCED_FACE('',(#93),#10939,.F.);
#11506=ADVANCED_FACE('',(#94),#10940,.F.);
#11507=ADVANCED_FACE('',(#95),#10941,.F.);
#11508=ADVANCED_FACE('',(#96),#10942,.F.);
#11509=ADVANCED_FACE('',(#97),#10943,.F.);
#11510=ADVANCED_FACE('',(#98),#10944,.F.);
#11511=ADVANCED_FACE('',(#99),#10945,.F.);
#11512=ADVANCED_FACE('',(#100),#10946,.F.);
#11513=ADVANCED_FACE('',(#101),#10947,.F.);
#11514=ADVANCED_FACE('',(#102),#10948,.F.);
#11515=ADVANCED_FACE('',(#103),#10949,.F.);
#11516=ADVANCED_FACE('',(#104),#10950,.F.);
#11517=ADVANCED_FACE('',(#105),#10951,.F.);
#11518=ADVANCED_FACE('',(#106),#10952,.F.);
#11519=ADVANCED_FACE('',(#107),#10953,.F.);
#11520=ADVANCED_FACE('',(#108),#10954,.F.);
#11521=ADVANCED_FACE('',(#109),#10955,.F.);
#11522=ADVANCED_FACE('',(#110),#10956,.F.);
#11523=ADVANCED_FACE('',(#111),#10957,.F.);
#11524=ADVANCED_FACE('',(#112),#10958,.F.);
#11525=ADVANCED_FACE('',(#113),#10959,.F.);
#11526=ADVANCED_FACE('',(#114),#10960,.T.);
#11527=ADVANCED_FACE('',(#115),#10961,.T.);
#11528=ADVANCED_FACE('',(#116),#10962,.T.);
#11529=ADVANCED_FACE('',(#117),#10963,.T.);
#11530=ADVANCED_FACE('',(#118),#10964,.T.);
#11531=ADVANCED_FACE('',(#119),#10965,.T.);
#11532=ADVANCED_FACE('',(#120),#10966,.T.);
#11533=ADVANCED_FACE('',(#121),#10967,.T.);
#11534=ADVANCED_FACE('',(#122),#10968,.T.);
#11535=ADVANCED_FACE('',(#123),#10969,.T.);
#11536=ADVANCED_FACE('',(#124),#10970,.T.);
#11537=ADVANCED_FACE('',(#125),#10971,.T.);
#11538=ADVANCED_FACE('',(#126),#10972,.T.);
#11539=ADVANCED_FACE('',(#127),#10973,.T.);
#11540=ADVANCED_FACE('',(#128),#10974,.T.);
#11541=ADVANCED_FACE('',(#129),#10975,.T.);
#11542=ADVANCED_FACE('',(#130),#10976,.T.);
#11543=ADVANCED_FACE('',(#131),#10977,.T.);
#11544=ADVANCED_FACE('',(#132),#10978,.T.);
#11545=ADVANCED_FACE('',(#133),#10979,.T.);
#11546=ADVANCED_FACE('',(#134),#10980,.T.);
#11547=ADVANCED_FACE('',(#135),#10981,.T.);
#11548=ADVANCED_FACE('',(#136),#10982,.T.);
#11549=ADVANCED_FACE('',(#137),#10983,.T.);
#11550=ADVANCED_FACE('',(#138),#10984,.T.);
#11551=ADVANCED_FACE('',(#139),#10985,.T.);
#11552=ADVANCED_FACE('',(#140),#10986,.T.);
#11553=ADVANCED_FACE('',(#141),#10987,.T.);
#11554=ADVANCED_FACE('',(#142),#10988,.T.);
#11555=ADVANCED_FACE('',(#143),#10989,.T.);
#11556=ADVANCED_FACE('',(#144),#10990,.T.);
#11557=ADVANCED_FACE('',(#145),#10991,.T.);
#11558=ADVANCED_FACE('',(#146),#10992,.T.);
#11559=ADVANCED_FACE('',(#147),#10993,.T.);
#11560=ADVANCED_FACE('',(#148),#10994,.T.);
#11561=ADVANCED_FACE('',(#149),#10995,.T.);
#11562=ADVANCED_FACE('',(#150),#10996,.T.);
#11563=ADVANCED_FACE('',(#151),#10997,.F.);
#11564=ADVANCED_FACE('',(#152),#10998,.T.);
#11565=ADVANCED_FACE('',(#153),#10999,.T.);
#11566=ADVANCED_FACE('',(#154),#11000,.T.);
#11567=ADVANCED_FACE('',(#155),#11001,.T.);
#11568=ADVANCED_FACE('',(#156),#11002,.T.);
#11569=ADVANCED_FACE('',(#157),#11003,.T.);
#11570=ADVANCED_FACE('',(#158),#11004,.T.);
#11571=ADVANCED_FACE('',(#159),#11005,.T.);
#11572=ADVANCED_FACE('',(#160),#11006,.T.);
#11573=ADVANCED_FACE('',(#161),#11007,.T.);
#11574=ADVANCED_FACE('',(#162),#11008,.T.);
#11575=ADVANCED_FACE('',(#163),#11009,.T.);
#11576=ADVANCED_FACE('',(#164),#11010,.T.);
#11577=ADVANCED_FACE('',(#165),#11011,.T.);
#11578=ADVANCED_FACE('',(#166),#11012,.T.);
#11579=ADVANCED_FACE('',(#167),#11013,.T.);
#11580=ADVANCED_FACE('',(#168),#11014,.T.);
#11581=ADVANCED_FACE('',(#169),#11015,.T.);
#11582=ADVANCED_FACE('',(#170),#11016,.T.);
#11583=ADVANCED_FACE('',(#171),#11017,.T.);
#11584=ADVANCED_FACE('',(#172),#11018,.T.);
#11585=ADVANCED_FACE('',(#173),#11019,.T.);
#11586=ADVANCED_FACE('',(#174),#11020,.T.);
#11587=ADVANCED_FACE('',(#175),#11021,.T.);
#11588=ADVANCED_FACE('',(#176),#11022,.T.);
#11589=ADVANCED_FACE('',(#177),#11023,.T.);
#11590=ADVANCED_FACE('',(#178),#11024,.T.);
#11591=ADVANCED_FACE('',(#179),#11025,.T.);
#11592=ADVANCED_FACE('',(#180),#11026,.T.);
#11593=ADVANCED_FACE('',(#181),#11027,.T.);
#11594=ADVANCED_FACE('',(#182),#11028,.T.);
#11595=ADVANCED_FACE('',(#183),#11029,.T.);
#11596=ADVANCED_FACE('',(#184),#11030,.T.);
#11597=ADVANCED_FACE('',(#185),#11031,.T.);
#11598=ADVANCED_FACE('',(#186),#11032,.T.);
#11599=ADVANCED_FACE('',(#187),#11033,.T.);
#11600=ADVANCED_FACE('',(#188),#11034,.T.);
#11601=ADVANCED_FACE('',(#189),#11035,.T.);
#11602=ADVANCED_FACE('',(#190),#11036,.T.);
#11603=ADVANCED_FACE('',(#191),#11037,.T.);
#11604=ADVANCED_FACE('',(#192),#11038,.T.);
#11605=ADVANCED_FACE('',(#193),#11039,.T.);
#11606=ADVANCED_FACE('',(#194),#11040,.T.);
#11607=ADVANCED_FACE('',(#195),#11041,.T.);
#11608=ADVANCED_FACE('',(#196),#11042,.T.);
#11609=ADVANCED_FACE('',(#197),#11043,.T.);
#11610=ADVANCED_FACE('',(#198),#11044,.T.);
#11611=ADVANCED_FACE('',(#199),#11045,.T.);
#11612=ADVANCED_FACE('',(#200),#11046,.T.);
#11613=ADVANCED_FACE('',(#201),#11047,.T.);
#11614=ADVANCED_FACE('',(#202),#11048,.T.);
#11615=ADVANCED_FACE('',(#203),#11049,.T.);
#11616=ADVANCED_FACE('',(#204),#11050,.T.);
#11617=ADVANCED_FACE('',(#205),#11051,.T.);
#11618=ADVANCED_FACE('',(#206),#11052,.T.);
#11619=ADVANCED_FACE('',(#207),#11053,.T.);
#11620=ADVANCED_FACE('',(#208),#11054,.T.);
#11621=ADVANCED_FACE('',(#209),#11055,.T.);
#11622=ADVANCED_FACE('',(#210),#11056,.T.);
#11623=ADVANCED_FACE('',(#211),#11057,.T.);
#11624=ADVANCED_FACE('',(#212),#11058,.T.);
#11625=ADVANCED_FACE('',(#213),#11059,.T.);
#11626=ADVANCED_FACE('',(#214),#11060,.T.);
#11627=ADVANCED_FACE('',(#215),#11061,.T.);
#11628=ADVANCED_FACE('',(#216),#11062,.T.);
#11629=ADVANCED_FACE('',(#217),#11063,.T.);
#11630=ADVANCED_FACE('',(#218),#11064,.T.);
#11631=ADVANCED_FACE('',(#219),#11065,.T.);
#11632=ADVANCED_FACE('',(#220),#11066,.T.);
#11633=ADVANCED_FACE('',(#221),#11067,.T.);
#11634=ADVANCED_FACE('',(#222),#11068,.T.);
#11635=ADVANCED_FACE('',(#223),#11069,.T.);
#11636=ADVANCED_FACE('',(#224),#11070,.T.);
#11637=ADVANCED_FACE('',(#225),#11071,.T.);
#11638=ADVANCED_FACE('',(#226),#11072,.T.);
#11639=ADVANCED_FACE('',(#227),#11073,.T.);
#11640=ADVANCED_FACE('',(#228),#11074,.T.);
#11641=ADVANCED_FACE('',(#229),#11075,.T.);
#11642=ADVANCED_FACE('',(#230),#11076,.T.);
#11643=ADVANCED_FACE('',(#231),#11077,.T.);
#11644=ADVANCED_FACE('',(#232),#11078,.T.);
#11645=ADVANCED_FACE('',(#233),#11079,.T.);
#11646=ADVANCED_FACE('',(#234),#11080,.T.);
#11647=ADVANCED_FACE('',(#235),#11081,.T.);
#11648=ADVANCED_FACE('',(#236),#11082,.T.);
#11649=ADVANCED_FACE('',(#237),#11083,.T.);
#11650=ADVANCED_FACE('',(#238),#11084,.T.);
#11651=ADVANCED_FACE('',(#239),#11085,.T.);
#11652=ADVANCED_FACE('',(#240),#11086,.T.);
#11653=ADVANCED_FACE('',(#241),#11087,.T.);
#11654=ADVANCED_FACE('',(#242),#11088,.T.);
#11655=ADVANCED_FACE('',(#243),#11089,.T.);
#11656=ADVANCED_FACE('',(#244),#11090,.T.);
#11657=ADVANCED_FACE('',(#245),#11091,.T.);
#11658=ADVANCED_FACE('',(#246),#11092,.T.);
#11659=ADVANCED_FACE('',(#247),#11093,.T.);
#11660=ADVANCED_FACE('',(#248),#11094,.T.);
#11661=ADVANCED_FACE('',(#249),#11095,.T.);
#11662=ADVANCED_FACE('',(#250),#11096,.T.);
#11663=ADVANCED_FACE('',(#251),#11097,.T.);
#11664=ADVANCED_FACE('',(#252),#11098,.T.);
#11665=ADVANCED_FACE('',(#253),#11099,.T.);
#11666=ADVANCED_FACE('',(#254),#11100,.T.);
#11667=ADVANCED_FACE('',(#255),#11101,.T.);
#11668=ADVANCED_FACE('',(#256),#11102,.T.);
#11669=ADVANCED_FACE('',(#257),#11103,.T.);
#11670=ADVANCED_FACE('',(#258),#11104,.T.);
#11671=ADVANCED_FACE('',(#259),#11105,.T.);
#11672=ADVANCED_FACE('',(#260),#11106,.T.);
#11673=ADVANCED_FACE('',(#261),#11107,.T.);
#11674=ADVANCED_FACE('',(#262),#11108,.T.);
#11675=ADVANCED_FACE('',(#263),#11109,.T.);
#11676=ADVANCED_FACE('',(#264),#11110,.T.);
#11677=ADVANCED_FACE('',(#265),#11111,.T.);
#11678=ADVANCED_FACE('',(#266),#11112,.T.);
#11679=ADVANCED_FACE('',(#267),#11113,.T.);
#11680=ADVANCED_FACE('',(#268),#11114,.T.);
#11681=ADVANCED_FACE('',(#269),#11115,.T.);
#11682=ADVANCED_FACE('',(#270),#11116,.T.);
#11683=ADVANCED_FACE('',(#271),#11117,.T.);
#11684=ADVANCED_FACE('',(#272),#11118,.T.);
#11685=ADVANCED_FACE('',(#273),#11119,.T.);
#11686=ADVANCED_FACE('',(#274),#11120,.T.);
#11687=ADVANCED_FACE('',(#275),#11121,.T.);
#11688=ADVANCED_FACE('',(#276),#11122,.T.);
#11689=ADVANCED_FACE('',(#277),#11123,.T.);
#11690=ADVANCED_FACE('',(#278),#11124,.T.);
#11691=ADVANCED_FACE('',(#279),#11125,.T.);
#11692=ADVANCED_FACE('',(#280),#11126,.F.);
#11693=ADVANCED_FACE('',(#281),#11127,.T.);
#11694=ADVANCED_FACE('',(#282),#11128,.T.);
#11695=ADVANCED_FACE('',(#283),#11129,.T.);
#11696=ADVANCED_FACE('',(#284),#11130,.T.);
#11697=ADVANCED_FACE('',(#285),#11131,.T.);
#11698=ADVANCED_FACE('',(#286),#11132,.T.);
#11699=ADVANCED_FACE('',(#287),#11133,.T.);
#11700=ADVANCED_FACE('',(#288),#11134,.T.);
#11701=ADVANCED_FACE('',(#289),#11135,.T.);
#11702=ADVANCED_FACE('',(#290),#11136,.T.);
#11703=ADVANCED_FACE('',(#291),#11137,.T.);
#11704=ADVANCED_FACE('',(#292),#11138,.T.);
#11705=ADVANCED_FACE('',(#293),#11139,.T.);
#11706=ADVANCED_FACE('',(#294),#11140,.T.);
#11707=ADVANCED_FACE('',(#295),#11141,.T.);
#11708=ADVANCED_FACE('',(#296),#11142,.T.);
#11709=ADVANCED_FACE('',(#297),#11143,.T.);
#11710=ADVANCED_FACE('',(#298),#11144,.T.);
#11711=ADVANCED_FACE('',(#299),#11145,.T.);
#11712=ADVANCED_FACE('',(#300),#11146,.T.);
#11713=ADVANCED_FACE('',(#301),#11147,.T.);
#11714=ADVANCED_FACE('',(#302),#11148,.T.);
#11715=ADVANCED_FACE('',(#303),#11149,.T.);
#11716=ADVANCED_FACE('',(#304),#11150,.T.);
#11717=ADVANCED_FACE('',(#305),#11151,.T.);
#11718=ADVANCED_FACE('',(#306),#11152,.T.);
#11719=ADVANCED_FACE('',(#307),#11153,.T.);
#11720=ADVANCED_FACE('',(#308),#11154,.T.);
#11721=ADVANCED_FACE('',(#309),#11155,.T.);
#11722=ADVANCED_FACE('',(#310),#11156,.T.);
#11723=ADVANCED_FACE('',(#311),#11157,.T.);
#11724=ADVANCED_FACE('',(#312),#11158,.T.);
#11725=ADVANCED_FACE('',(#313),#11159,.T.);
#11726=ADVANCED_FACE('',(#314),#11160,.T.);
#11727=ADVANCED_FACE('',(#315),#11161,.T.);
#11728=ADVANCED_FACE('',(#316),#11162,.T.);
#11729=ADVANCED_FACE('',(#317),#11163,.T.);
#11730=ADVANCED_FACE('',(#318),#11164,.T.);
#11731=ADVANCED_FACE('',(#319),#11165,.T.);
#11732=ADVANCED_FACE('',(#320),#11166,.F.);
#11733=ADVANCED_FACE('',(#321),#37,.T.);
#11734=ADVANCED_FACE('',(#322),#17,.T.);
#11735=ADVANCED_FACE('',(#323),#38,.T.);
#11736=ADVANCED_FACE('',(#324),#39,.T.);
#11737=ADVANCED_FACE('',(#325),#11167,.T.);
#11738=ADVANCED_FACE('',(#326),#11168,.T.);
#11739=ADVANCED_FACE('',(#327),#40,.T.);
#11740=ADVANCED_FACE('',(#328),#11169,.T.);
#11741=ADVANCED_FACE('',(#329),#11170,.T.);
#11742=ADVANCED_FACE('',(#330),#11171,.T.);
#11743=ADVANCED_FACE('',(#331),#11172,.T.);
#11744=ADVANCED_FACE('',(#332),#11173,.T.);
#11745=ADVANCED_FACE('',(#333),#11174,.T.);
#11746=ADVANCED_FACE('',(#334),#11175,.T.);
#11747=ADVANCED_FACE('',(#335),#11176,.T.);
#11748=ADVANCED_FACE('',(#336),#11177,.T.);
#11749=ADVANCED_FACE('',(#337),#11178,.T.);
#11750=ADVANCED_FACE('',(#338),#11179,.T.);
#11751=ADVANCED_FACE('',(#339),#11180,.T.);
#11752=ADVANCED_FACE('',(#340),#11181,.T.);
#11753=ADVANCED_FACE('',(#341),#11182,.T.);
#11754=ADVANCED_FACE('',(#342),#11183,.T.);
#11755=ADVANCED_FACE('',(#343),#11184,.T.);
#11756=ADVANCED_FACE('',(#344),#11185,.T.);
#11757=ADVANCED_FACE('',(#345),#41,.T.);
#11758=ADVANCED_FACE('',(#346),#42,.F.);
#11759=ADVANCED_FACE('',(#347),#43,.F.);
#11760=ADVANCED_FACE('',(#348),#44,.F.);
#11761=ADVANCED_FACE('',(#349),#45,.F.);
#11762=ADVANCED_FACE('',(#350),#46,.F.);
#11763=ADVANCED_FACE('',(#351),#47,.F.);
#11764=ADVANCED_FACE('',(#352),#11186,.F.);
#11765=ADVANCED_FACE('',(#353),#11187,.T.);
#11766=ADVANCED_FACE('',(#354),#11188,.T.);
#11767=ADVANCED_FACE('',(#355),#48,.T.);
#11768=ADVANCED_FACE('',(#356),#11189,.T.);
#11769=ADVANCED_FACE('',(#357),#49,.T.);
#11770=ADVANCED_FACE('',(#358),#50,.T.);
#11771=ADVANCED_FACE('',(#359),#18,.T.);
#11772=ADVANCED_FACE('',(#360),#51,.T.);
#11773=ADVANCED_FACE('',(#361),#52,.F.);
#11774=ADVANCED_FACE('',(#362),#53,.F.);
#11775=ADVANCED_FACE('',(#363),#54,.F.);
#11776=ADVANCED_FACE('',(#364),#11190,.T.);
#11777=ADVANCED_FACE('',(#365),#11191,.T.);
#11778=ADVANCED_FACE('',(#366),#11192,.T.);
#11779=ADVANCED_FACE('',(#367),#11193,.T.);
#11780=ADVANCED_FACE('',(#368),#11194,.T.);
#11781=ADVANCED_FACE('',(#369),#11195,.T.);
#11782=ADVANCED_FACE('',(#370),#11196,.T.);
#11783=ADVANCED_FACE('',(#371),#11197,.T.);
#11784=ADVANCED_FACE('',(#372),#11198,.T.);
#11785=ADVANCED_FACE('',(#373),#11199,.T.);
#11786=ADVANCED_FACE('',(#374),#11200,.T.);
#11787=ADVANCED_FACE('',(#375),#11201,.T.);
#11788=ADVANCED_FACE('',(#376),#11202,.T.);
#11789=ADVANCED_FACE('',(#377),#11203,.T.);
#11790=ADVANCED_FACE('',(#378),#11204,.F.);
#11791=ADVANCED_FACE('',(#379),#11205,.T.);
#11792=ADVANCED_FACE('',(#380),#11206,.F.);
#11793=ADVANCED_FACE('',(#381),#11207,.T.);
#11794=ADVANCED_FACE('',(#382),#11208,.F.);
#11795=ADVANCED_FACE('',(#383),#11209,.T.);
#11796=ADVANCED_FACE('',(#384),#11210,.F.);
#11797=ADVANCED_FACE('',(#385),#11211,.F.);
#11798=ADVANCED_FACE('',(#386),#11212,.F.);
#11799=ADVANCED_FACE('',(#387),#11213,.F.);
#11800=ADVANCED_FACE('',(#388),#11214,.F.);
#11801=ADVANCED_FACE('',(#389),#11215,.F.);
#11802=ADVANCED_FACE('',(#390),#11216,.F.);
#11803=ADVANCED_FACE('',(#391),#11217,.F.);
#11804=ADVANCED_FACE('',(#392),#11218,.F.);
#11805=ADVANCED_FACE('',(#393),#11219,.F.);
#11806=ADVANCED_FACE('',(#394),#11220,.F.);
#11807=ADVANCED_FACE('',(#395),#11221,.F.);
#11808=ADVANCED_FACE('',(#396),#11222,.F.);
#11809=ADVANCED_FACE('',(#397),#11223,.F.);
#11810=ADVANCED_FACE('',(#398),#11224,.F.);
#11811=ADVANCED_FACE('',(#399),#11225,.F.);
#11812=ADVANCED_FACE('',(#400),#11226,.F.);
#11813=ADVANCED_FACE('',(#401),#11227,.F.);
#11814=ADVANCED_FACE('',(#402),#11228,.F.);
#11815=ADVANCED_FACE('',(#403),#11229,.F.);
#11816=ADVANCED_FACE('',(#404),#11230,.F.);
#11817=ADVANCED_FACE('',(#405),#11231,.F.);
#11818=ADVANCED_FACE('',(#406),#11232,.F.);
#11819=ADVANCED_FACE('',(#407),#11233,.F.);
#11820=ADVANCED_FACE('',(#408),#11234,.F.);
#11821=ADVANCED_FACE('',(#409),#11235,.F.);
#11822=ADVANCED_FACE('',(#410),#11236,.F.);
#11823=ADVANCED_FACE('',(#411),#11237,.F.);
#11824=ADVANCED_FACE('',(#412),#11238,.F.);
#11825=ADVANCED_FACE('',(#413),#11239,.F.);
#11826=ADVANCED_FACE('',(#414),#11240,.F.);
#11827=ADVANCED_FACE('',(#415),#11241,.F.);
#11828=ADVANCED_FACE('',(#416),#11242,.F.);
#11829=ADVANCED_FACE('',(#417),#11243,.F.);
#11830=ADVANCED_FACE('',(#418),#11244,.F.);
#11831=ADVANCED_FACE('',(#419),#11245,.F.);
#11832=ADVANCED_FACE('',(#420),#11246,.T.);
#11833=ADVANCED_FACE('',(#421),#11247,.T.);
#11834=ADVANCED_FACE('',(#422),#11248,.T.);
#11835=ADVANCED_FACE('',(#423),#11249,.T.);
#11836=ADVANCED_FACE('',(#424),#11250,.T.);
#11837=ADVANCED_FACE('',(#425),#11251,.T.);
#11838=ADVANCED_FACE('',(#426),#11252,.T.);
#11839=ADVANCED_FACE('',(#427),#11253,.T.);
#11840=ADVANCED_FACE('',(#428),#11254,.T.);
#11841=ADVANCED_FACE('',(#429),#11255,.T.);
#11842=ADVANCED_FACE('',(#430),#11256,.T.);
#11843=ADVANCED_FACE('',(#431),#11257,.T.);
#11844=ADVANCED_FACE('',(#432),#11258,.T.);
#11845=ADVANCED_FACE('',(#433),#11259,.T.);
#11846=ADVANCED_FACE('',(#434),#11260,.T.);
#11847=ADVANCED_FACE('',(#435),#11261,.T.);
#11848=ADVANCED_FACE('',(#436),#11262,.T.);
#11849=ADVANCED_FACE('',(#437),#11263,.T.);
#11850=ADVANCED_FACE('',(#438),#11264,.T.);
#11851=ADVANCED_FACE('',(#439),#11265,.T.);
#11852=ADVANCED_FACE('',(#440),#11266,.T.);
#11853=ADVANCED_FACE('',(#441),#11267,.T.);
#11854=ADVANCED_FACE('',(#442),#11268,.T.);
#11855=ADVANCED_FACE('',(#443),#11269,.T.);
#11856=ADVANCED_FACE('',(#444),#11270,.T.);
#11857=ADVANCED_FACE('',(#445),#11271,.T.);
#11858=ADVANCED_FACE('',(#446),#11272,.T.);
#11859=ADVANCED_FACE('',(#447),#11273,.T.);
#11860=ADVANCED_FACE('',(#448),#11274,.T.);
#11861=ADVANCED_FACE('',(#449),#11275,.T.);
#11862=ADVANCED_FACE('',(#450),#11276,.T.);
#11863=ADVANCED_FACE('',(#451),#11277,.T.);
#11864=ADVANCED_FACE('',(#452),#11278,.T.);
#11865=ADVANCED_FACE('',(#453),#11279,.T.);
#11866=ADVANCED_FACE('',(#454),#11280,.T.);
#11867=ADVANCED_FACE('',(#455),#11281,.T.);
#11868=ADVANCED_FACE('',(#456),#11282,.T.);
#11869=ADVANCED_FACE('',(#457),#11283,.T.);
#11870=ADVANCED_FACE('',(#458),#11284,.T.);
#11871=ADVANCED_FACE('',(#459),#11285,.T.);
#11872=ADVANCED_FACE('',(#460),#11286,.T.);
#11873=ADVANCED_FACE('',(#461),#11287,.T.);
#11874=ADVANCED_FACE('',(#462),#11288,.T.);
#11875=ADVANCED_FACE('',(#463),#11289,.T.);
#11876=ADVANCED_FACE('',(#464),#11290,.T.);
#11877=ADVANCED_FACE('',(#465),#11291,.T.);
#11878=ADVANCED_FACE('',(#466),#11292,.T.);
#11879=ADVANCED_FACE('',(#467),#11293,.T.);
#11880=ADVANCED_FACE('',(#468),#11294,.T.);
#11881=ADVANCED_FACE('',(#469),#11295,.T.);
#11882=ADVANCED_FACE('',(#470),#11296,.T.);
#11883=ADVANCED_FACE('',(#471),#11297,.T.);
#11884=ADVANCED_FACE('',(#472),#11298,.T.);
#11885=ADVANCED_FACE('',(#473),#11299,.T.);
#11886=ADVANCED_FACE('',(#474),#11300,.T.);
#11887=ADVANCED_FACE('',(#475),#11301,.T.);
#11888=ADVANCED_FACE('',(#476),#11302,.T.);
#11889=ADVANCED_FACE('',(#477),#11303,.T.);
#11890=ADVANCED_FACE('',(#478),#11304,.T.);
#11891=ADVANCED_FACE('',(#479),#11305,.T.);
#11892=ADVANCED_FACE('',(#480),#11306,.T.);
#11893=ADVANCED_FACE('',(#481),#11307,.T.);
#11894=ADVANCED_FACE('',(#482),#11308,.T.);
#11895=ADVANCED_FACE('',(#483),#11309,.T.);
#11896=ADVANCED_FACE('',(#484),#11310,.T.);
#11897=ADVANCED_FACE('',(#485),#11311,.T.);
#11898=ADVANCED_FACE('',(#486),#11312,.T.);
#11899=ADVANCED_FACE('',(#487),#11313,.T.);
#11900=ADVANCED_FACE('',(#488),#11314,.T.);
#11901=ADVANCED_FACE('',(#489),#11315,.T.);
#11902=ADVANCED_FACE('',(#490),#11316,.T.);
#11903=ADVANCED_FACE('',(#491),#11317,.T.);
#11904=ADVANCED_FACE('',(#492),#11318,.T.);
#11905=ADVANCED_FACE('',(#493),#11319,.T.);
#11906=ADVANCED_FACE('',(#494),#11320,.T.);
#11907=ADVANCED_FACE('',(#495),#11321,.T.);
#11908=ADVANCED_FACE('',(#496),#11322,.T.);
#11909=ADVANCED_FACE('',(#497),#11323,.T.);
#11910=ADVANCED_FACE('',(#498),#11324,.T.);
#11911=ADVANCED_FACE('',(#499),#11325,.T.);
#11912=ADVANCED_FACE('',(#500),#11326,.T.);
#11913=ADVANCED_FACE('',(#501),#11327,.T.);
#11914=ADVANCED_FACE('',(#502),#11328,.T.);
#11915=ADVANCED_FACE('',(#503),#11329,.T.);
#11916=ADVANCED_FACE('',(#504),#11330,.T.);
#11917=ADVANCED_FACE('',(#505),#11331,.T.);
#11918=ADVANCED_FACE('',(#506),#11332,.T.);
#11919=ADVANCED_FACE('',(#507),#11333,.T.);
#11920=ADVANCED_FACE('',(#508),#11334,.T.);
#11921=ADVANCED_FACE('',(#509),#11335,.T.);
#11922=ADVANCED_FACE('',(#510),#11336,.T.);
#11923=ADVANCED_FACE('',(#511),#11337,.T.);
#11924=ADVANCED_FACE('',(#512),#11338,.T.);
#11925=ADVANCED_FACE('',(#513),#11339,.T.);
#11926=ADVANCED_FACE('',(#514),#11340,.T.);
#11927=ADVANCED_FACE('',(#515),#11341,.T.);
#11928=ADVANCED_FACE('',(#516),#11342,.T.);
#11929=ADVANCED_FACE('',(#517),#11343,.T.);
#11930=ADVANCED_FACE('',(#518),#11344,.T.);
#11931=ADVANCED_FACE('',(#519),#11345,.T.);
#11932=ADVANCED_FACE('',(#520),#11346,.T.);
#11933=ADVANCED_FACE('',(#521),#11347,.T.);
#11934=ADVANCED_FACE('',(#522),#11348,.T.);
#11935=ADVANCED_FACE('',(#523),#11349,.T.);
#11936=ADVANCED_FACE('',(#524),#11350,.T.);
#11937=ADVANCED_FACE('',(#525),#11351,.T.);
#11938=ADVANCED_FACE('',(#526),#11352,.T.);
#11939=ADVANCED_FACE('',(#527),#11353,.T.);
#11940=ADVANCED_FACE('',(#528),#11354,.T.);
#11941=ADVANCED_FACE('',(#529),#11355,.T.);
#11942=ADVANCED_FACE('',(#530),#11356,.T.);
#11943=ADVANCED_FACE('',(#531),#11357,.T.);
#11944=ADVANCED_FACE('',(#532),#11358,.T.);
#11945=ADVANCED_FACE('',(#533),#11359,.T.);
#11946=ADVANCED_FACE('',(#534),#11360,.T.);
#11947=ADVANCED_FACE('',(#535),#11361,.T.);
#11948=ADVANCED_FACE('',(#536),#11362,.T.);
#11949=ADVANCED_FACE('',(#537),#11363,.T.);
#11950=ADVANCED_FACE('',(#538),#11364,.T.);
#11951=ADVANCED_FACE('',(#539),#11365,.T.);
#11952=ADVANCED_FACE('',(#540),#11366,.T.);
#11953=ADVANCED_FACE('',(#541),#11367,.T.);
#11954=ADVANCED_FACE('',(#542),#11368,.T.);
#11955=ADVANCED_FACE('',(#543),#11369,.T.);
#11956=ADVANCED_FACE('',(#544),#11370,.T.);
#11957=ADVANCED_FACE('',(#545),#11371,.T.);
#11958=ADVANCED_FACE('',(#546),#11372,.T.);
#11959=ADVANCED_FACE('',(#547),#11373,.T.);
#11960=ADVANCED_FACE('',(#548),#11374,.T.);
#11961=ADVANCED_FACE('',(#549),#11375,.T.);
#11962=ADVANCED_FACE('',(#550),#11376,.T.);
#11963=ADVANCED_FACE('',(#551),#11377,.T.);
#11964=ADVANCED_FACE('',(#552),#11378,.T.);
#11965=ADVANCED_FACE('',(#553),#11379,.T.);
#11966=ADVANCED_FACE('',(#554),#11380,.T.);
#11967=ADVANCED_FACE('',(#555),#11381,.T.);
#11968=ADVANCED_FACE('',(#556),#11382,.T.);
#11969=ADVANCED_FACE('',(#557),#11383,.T.);
#11970=ADVANCED_FACE('',(#558),#11384,.T.);
#11971=ADVANCED_FACE('',(#559),#11385,.T.);
#11972=ADVANCED_FACE('',(#560),#11386,.T.);
#11973=ADVANCED_FACE('',(#561),#11387,.T.);
#11974=ADVANCED_FACE('',(#562),#11388,.T.);
#11975=ADVANCED_FACE('',(#563),#11389,.T.);
#11976=ADVANCED_FACE('',(#564),#11390,.T.);
#11977=ADVANCED_FACE('',(#565),#11391,.T.);
#11978=ADVANCED_FACE('',(#566),#11392,.T.);
#11979=ADVANCED_FACE('',(#567),#11393,.T.);
#11980=ADVANCED_FACE('',(#568),#11394,.T.);
#11981=ADVANCED_FACE('',(#569),#11395,.T.);
#11982=ADVANCED_FACE('',(#570),#11396,.T.);
#11983=ADVANCED_FACE('',(#571),#11397,.T.);
#11984=ADVANCED_FACE('',(#572),#11398,.T.);
#11985=ADVANCED_FACE('',(#573),#11399,.T.);
#11986=ADVANCED_FACE('',(#574),#11400,.T.);
#11987=ADVANCED_FACE('',(#575),#11401,.T.);
#11988=ADVANCED_FACE('',(#576),#11402,.T.);
#11989=ADVANCED_FACE('',(#577),#11403,.T.);
#11990=ADVANCED_FACE('',(#578),#11404,.T.);
#11991=ADVANCED_FACE('',(#579),#11405,.T.);
#11992=ADVANCED_FACE('',(#580),#11406,.T.);
#11993=ADVANCED_FACE('',(#581),#11407,.T.);
#11994=ADVANCED_FACE('',(#582),#11408,.T.);
#11995=ADVANCED_FACE('',(#583),#11409,.T.);
#11996=ADVANCED_FACE('',(#584),#11410,.T.);
#11997=ADVANCED_FACE('',(#585),#11411,.T.);
#11998=ADVANCED_FACE('',(#586),#11412,.T.);
#11999=ADVANCED_FACE('',(#587),#11413,.T.);
#12000=ADVANCED_FACE('',(#588),#11414,.T.);
#12001=ADVANCED_FACE('',(#589),#11415,.T.);
#12002=ADVANCED_FACE('',(#590),#11416,.T.);
#12003=ADVANCED_FACE('',(#591),#11417,.T.);
#12004=ADVANCED_FACE('',(#592),#11418,.T.);
#12005=ADVANCED_FACE('',(#593),#11419,.T.);
#12006=ADVANCED_FACE('',(#594),#11420,.T.);
#12007=ADVANCED_FACE('',(#595),#11421,.T.);
#12008=ADVANCED_FACE('',(#596),#11422,.T.);
#12009=ADVANCED_FACE('',(#597),#11423,.T.);
#12010=ADVANCED_FACE('',(#598),#11424,.T.);
#12011=ADVANCED_FACE('',(#599),#11425,.T.);
#12012=ADVANCED_FACE('',(#600),#11426,.T.);
#12013=ADVANCED_FACE('',(#601),#11427,.T.);
#12014=ADVANCED_FACE('',(#602),#11428,.T.);
#12015=ADVANCED_FACE('',(#603),#11429,.T.);
#12016=ADVANCED_FACE('',(#604),#11430,.T.);
#12017=ADVANCED_FACE('',(#605),#11431,.T.);
#12018=ADVANCED_FACE('',(#606),#11432,.T.);
#12019=ADVANCED_FACE('',(#607),#11433,.T.);
#12020=ADVANCED_FACE('',(#608),#11434,.T.);
#12021=ADVANCED_FACE('',(#609),#11435,.T.);
#12022=ADVANCED_FACE('',(#610),#11436,.T.);
#12023=ADVANCED_FACE('',(#611),#11437,.T.);
#12024=ADVANCED_FACE('',(#612),#11438,.T.);
#12025=ADVANCED_FACE('',(#613),#11439,.T.);
#12026=ADVANCED_FACE('',(#614),#11440,.T.);
#12027=ADVANCED_FACE('',(#615),#11441,.T.);
#12028=ADVANCED_FACE('',(#616),#11442,.T.);
#12029=ADVANCED_FACE('',(#617),#11443,.T.);
#12030=ADVANCED_FACE('',(#618),#11444,.T.);
#12031=ADVANCED_FACE('',(#619),#11445,.T.);
#12032=ADVANCED_FACE('',(#620),#11446,.T.);
#12033=ADVANCED_FACE('',(#621),#11447,.T.);
#12034=ADVANCED_FACE('',(#622),#11448,.T.);
#12035=ADVANCED_FACE('',(#623),#55,.F.);
#12036=ADVANCED_FACE('',(#624),#56,.F.);
#12037=ADVANCED_FACE('',(#625),#11449,.T.);
#12038=ADVANCED_FACE('',(#626),#11450,.T.);
#12039=ADVANCED_FACE('',(#627),#11451,.T.);
#12040=ADVANCED_FACE('',(#628),#11452,.T.);
#12041=ADVANCED_FACE('',(#629),#11453,.T.);
#12042=ADVANCED_FACE('',(#630),#11454,.T.);
#12043=ADVANCED_FACE('',(#631),#11455,.T.);
#12044=ADVANCED_FACE('',(#632),#11456,.T.);
#12045=ADVANCED_FACE('',(#633),#11457,.T.);
#12046=ADVANCED_FACE('',(#634),#11458,.T.);
#12047=ADVANCED_FACE('',(#635),#11459,.T.);
#12048=ADVANCED_FACE('',(#636),#11460,.T.);
#12049=ADVANCED_FACE('',(#637),#11461,.T.);
#12050=ADVANCED_FACE('',(#638),#11462,.T.);
#12051=ADVANCED_FACE('',(#639),#11463,.T.);
#12052=ADVANCED_FACE('',(#640),#57,.T.);
#12053=ADVANCED_FACE('',(#641),#58,.F.);
#12054=ADVANCED_FACE('',(#642),#11464,.T.);
#12055=ADVANCED_FACE('',(#643),#11465,.T.);
#12056=ADVANCED_FACE('',(#644),#11466,.T.);
#12057=ADVANCED_FACE('',(#645),#11467,.T.);
#12058=ADVANCED_FACE('',(#646),#11468,.T.);
#12059=ADVANCED_FACE('',(#647),#11469,.T.);
#12060=ADVANCED_FACE('',(#648),#11470,.T.);
#12061=ADVANCED_FACE('',(#649),#11471,.T.);
#12062=ADVANCED_FACE('',(#650),#11472,.T.);
#12063=ADVANCED_FACE('',(#651),#11473,.T.);
#12064=ADVANCED_FACE('',(#652),#11474,.T.);
#12065=ADVANCED_FACE('',(#653),#11475,.T.);
#12066=ADVANCED_FACE('',(#654),#11476,.T.);
#12067=ADVANCED_FACE('',(#655),#59,.F.);
#12068=ADVANCED_FACE('',(#656),#60,.F.);
#12069=ADVANCED_FACE('',(#657),#61,.F.);
#12070=ADVANCED_FACE('',(#658),#62,.F.);
#12071=ADVANCED_FACE('',(#659),#63,.F.);
#12072=ADVANCED_FACE('',(#660),#64,.F.);
#12073=ADVANCED_FACE('',(#661),#65,.T.);
#12074=ADVANCED_FACE('',(#662),#11477,.T.);
#12075=ADVANCED_FACE('',(#663),#66,.T.);
#12076=ADVANCED_FACE('',(#664),#11478,.T.);
#12077=ADVANCED_FACE('',(#665),#19,.T.);
#12078=ADVANCED_FACE('',(#666),#11479,.T.);
#12079=ADVANCED_FACE('',(#667),#20,.T.);
#12080=ADVANCED_FACE('',(#668),#67,.T.);
#12081=ADVANCED_FACE('',(#669),#68,.T.);
#12082=ADVANCED_FACE('',(#670),#69,.T.);
#12083=ADVANCED_FACE('',(#671),#11480,.T.);
#12084=ADVANCED_FACE('',(#672),#70,.T.);
#12085=ADVANCED_FACE('',(#673),#11481,.T.);
#12086=ADVANCED_FACE('',(#674),#11482,.T.);
#12087=ADVANCED_FACE('',(#675),#71,.T.);
#12088=ADVANCED_FACE('',(#676),#11483,.T.);
#12089=ADVANCED_FACE('',(#677),#72,.T.);
#12090=ADVANCED_FACE('',(#678),#11484,.T.);
#12091=CLOSED_SHELL('',(#11485,#11486,#11487,#11488,#11489,#11490,#11491,
#11492,#11493,#11494,#11495,#11496,#11497,#11498,#11499,#11500,#11501,#11502,
#11503,#11504,#11505,#11506,#11507,#11508,#11509,#11510,#11511,#11512,#11513,
#11514,#11515,#11516,#11517,#11518,#11519,#11520,#11521,#11522,#11523,#11524,
#11525,#11526,#11527,#11528,#11529,#11530,#11531,#11532,#11533,#11534,#11535,
#11536,#11537,#11538,#11539,#11540,#11541,#11542,#11543,#11544,#11545,#11546,
#11547,#11548,#11549,#11550,#11551,#11552,#11553,#11554,#11555,#11556,#11557,
#11558,#11559,#11560,#11561,#11562,#11563,#11564,#11565,#11566,#11567,#11568,
#11569,#11570,#11571,#11572,#11573,#11574,#11575,#11576,#11577,#11578,#11579,
#11580,#11581,#11582,#11583,#11584,#11585,#11586,#11587,#11588,#11589,#11590,
#11591,#11592,#11593,#11594,#11595,#11596,#11597,#11598,#11599,#11600,#11601,
#11602,#11603,#11604,#11605,#11606,#11607,#11608,#11609,#11610,#11611,#11612,
#11613,#11614,#11615,#11616,#11617,#11618,#11619,#11620,#11621,#11622,#11623,
#11624,#11625,#11626,#11627,#11628,#11629,#11630,#11631,#11632,#11633,#11634,
#11635,#11636,#11637,#11638,#11639,#11640,#11641,#11642,#11643,#11644,#11645,
#11646,#11647,#11648,#11649,#11650,#11651,#11652,#11653,#11654,#11655,#11656,
#11657,#11658,#11659,#11660,#11661,#11662,#11663,#11664,#11665,#11666,#11667,
#11668,#11669,#11670,#11671,#11672,#11673,#11674,#11675,#11676,#11677,#11678,
#11679,#11680,#11681,#11682,#11683,#11684,#11685,#11686,#11687,#11688,#11689,
#11690,#11691,#11692,#11693,#11694,#11695,#11696,#11697,#11698,#11699,#11700,
#11701,#11702,#11703,#11704,#11705,#11706,#11707,#11708,#11709,#11710,#11711,
#11712,#11713,#11714,#11715,#11716,#11717,#11718,#11719,#11720,#11721,#11722,
#11723,#11724,#11725,#11726,#11727,#11728,#11729,#11730,#11731,#11732,#11733,
#11734,#11735,#11736,#11737,#11738,#11739,#11740,#11741,#11742,#11743,#11744,
#11745,#11746,#11747,#11748,#11749,#11750,#11751,#11752,#11753,#11754,#11755,
#11756,#11757,#11758,#11759,#11760,#11761,#11762,#11763,#11764,#11765,#11766,
#11767,#11768,#11769,#11770,#11771,#11772,#11773,#11774,#11775,#11776,#11777,
#11778,#11779,#11780,#11781,#11782,#11783,#11784,#11785,#11786,#11787,#11788,
#11789,#11790,#11791,#11792));
#12092=CLOSED_SHELL('',(#11793,#11794,#11795,#11796,#11797,#11798,#11799,
#11800,#11801,#11802,#11803,#11804,#11805,#11806,#11807,#11808,#11809,#11810,
#11811,#11812,#11813,#11814,#11815,#11816,#11817,#11818,#11819,#11820,#11821,
#11822,#11823,#11824,#11825,#11826,#11827,#11828,#11829,#11830,#11831,#11832,
#11833,#11834,#11835,#11836,#11837,#11838,#11839,#11840,#11841,#11842,#11843,
#11844,#11845,#11846,#11847,#11848,#11849,#11850,#11851,#11852,#11853,#11854,
#11855,#11856,#11857,#11858,#11859,#11860,#11861,#11862,#11863,#11864,#11865,
#11866,#11867,#11868,#11869,#11870,#11871,#11872,#11873,#11874,#11875,#11876,
#11877,#11878,#11879,#11880,#11881,#11882,#11883,#11884,#11885,#11886,#11887,
#11888,#11889,#11890,#11891,#11892,#11893,#11894,#11895,#11896,#11897,#11898,
#11899,#11900,#11901,#11902,#11903,#11904,#11905,#11906,#11907,#11908,#11909,
#11910,#11911,#11912,#11913,#11914,#11915,#11916,#11917,#11918,#11919,#11920,
#11921,#11922,#11923,#11924,#11925,#11926,#11927,#11928,#11929,#11930,#11931,
#11932,#11933,#11934,#11935,#11936,#11937,#11938,#11939,#11940,#11941,#11942,
#11943,#11944,#11945,#11946,#11947,#11948,#11949,#11950,#11951,#11952,#11953,
#11954,#11955,#11956,#11957,#11958,#11959,#11960,#11961,#11962,#11963,#11964,
#11965,#11966,#11967,#11968,#11969,#11970,#11971,#11972,#11973,#11974,#11975,
#11976,#11977,#11978,#11979,#11980,#11981,#11982,#11983,#11984,#11985,#11986,
#11987,#11988,#11989,#11990,#11991,#11992,#11993,#11994,#11995,#11996,#11997,
#11998,#11999,#12000,#12001,#12002,#12003,#12004,#12005,#12006,#12007,#12008,
#12009,#12010,#12011,#12012,#12013,#12014,#12015,#12016,#12017,#12018,#12019,
#12020,#12021,#12022,#12023,#12024,#12025,#12026,#12027,#12028,#12029,#12030,
#12031,#12032,#12033,#12034,#12035,#12036,#12037,#12038,#12039,#12040,#12041,
#12042,#12043,#12044,#12045,#12046,#12047,#12048,#12049,#12050,#12051,#12052,
#12053,#12054,#12055,#12056,#12057,#12058,#12059,#12060,#12061,#12062,#12063,
#12064,#12065,#12066,#12067,#12068,#12069,#12070,#12071,#12072,#12073,#12074,
#12075,#12076,#12077,#12078,#12079,#12080,#12081,#12082,#12083,#12084,#12085,
#12086,#12087,#12088,#12089,#12090));
#12093=DERIVED_UNIT_ELEMENT(#12095,1.);
#12094=DERIVED_UNIT_ELEMENT(#19320,-3.);
#12095=(
MASS_UNIT()
NAMED_UNIT(*)
SI_UNIT(.KILO.,.GRAM.)
);
#12096=DERIVED_UNIT((#12093,#12094));
#12097=MEASURE_REPRESENTATION_ITEM('density measure',
POSITIVE_RATIO_MEASURE(7850.),#12096);
#12098=PROPERTY_DEFINITION_REPRESENTATION(#12103,#12100);
#12099=PROPERTY_DEFINITION_REPRESENTATION(#12104,#12101);
#12100=REPRESENTATION('material name',(#12102),#19317);
#12101=REPRESENTATION('density',(#12097),#19317);
#12102=DESCRIPTIVE_REPRESENTATION_ITEM('Acero','Acero');
#12103=PROPERTY_DEFINITION('material property','material name',#19327);
#12104=PROPERTY_DEFINITION('material property','density of part',#19327);
#12105=AXIS2_PLACEMENT_3D('',#15778,#12782,#12783);
#12106=AXIS2_PLACEMENT_3D('',#15779,#12784,#12785);
#12107=AXIS2_PLACEMENT_3D('',#15788,#12789,#12790);
#12108=AXIS2_PLACEMENT_3D('',#15796,#12794,#12795);
#12109=AXIS2_PLACEMENT_3D('',#15804,#12799,#12800);
#12110=AXIS2_PLACEMENT_3D('',#15812,#12804,#12805);
#12111=AXIS2_PLACEMENT_3D('',#15820,#12809,#12810);
#12112=AXIS2_PLACEMENT_3D('',#15828,#12814,#12815);
#12113=AXIS2_PLACEMENT_3D('',#15836,#12819,#12820);
#12114=AXIS2_PLACEMENT_3D('',#15844,#12824,#12825);
#12115=AXIS2_PLACEMENT_3D('',#15852,#12829,#12830);
#12116=AXIS2_PLACEMENT_3D('',#15974,#12891,#12892);
#12117=AXIS2_PLACEMENT_3D('',#16096,#12954,#12955);
#12118=AXIS2_PLACEMENT_3D('',#16106,#12961,#12962);
#12119=AXIS2_PLACEMENT_3D('',#16114,#12967,#12968);
#12120=AXIS2_PLACEMENT_3D('',#16238,#13030,#13031);
#12121=AXIS2_PLACEMENT_3D('',#16360,#13092,#13093);
#12122=AXIS2_PLACEMENT_3D('',#16368,#13097,#13098);
#12123=AXIS2_PLACEMENT_3D('',#16376,#13102,#13103);
#12124=AXIS2_PLACEMENT_3D('',#16384,#13107,#13108);
#12125=AXIS2_PLACEMENT_3D('',#16392,#13112,#13113);
#12126=AXIS2_PLACEMENT_3D('',#16400,#13117,#13118);
#12127=AXIS2_PLACEMENT_3D('',#16408,#13122,#13123);
#12128=AXIS2_PLACEMENT_3D('',#16416,#13127,#13128);
#12129=AXIS2_PLACEMENT_3D('',#16424,#13132,#13133);
#12130=AXIS2_PLACEMENT_3D('',#16428,#13136,#13137);
#12131=AXIS2_PLACEMENT_3D('',#16436,#13142,#13143);
#12132=AXIS2_PLACEMENT_3D('',#16440,#13146,#13147);
#12133=AXIS2_PLACEMENT_3D('',#16444,#13150,#13151);
#12134=AXIS2_PLACEMENT_3D('',#16448,#13154,#13155);
#12135=AXIS2_PLACEMENT_3D('',#16452,#13158,#13159);
#12136=AXIS2_PLACEMENT_3D('',#16456,#13162,#13163);
#12137=AXIS2_PLACEMENT_3D('',#16460,#13166,#13167);
#12138=AXIS2_PLACEMENT_3D('',#16464,#13170,#13171);
#12139=AXIS2_PLACEMENT_3D('',#16468,#13174,#13175);
#12140=AXIS2_PLACEMENT_3D('',#16472,#13178,#13179);
#12141=AXIS2_PLACEMENT_3D('',#16476,#13182,#13183);
#12142=AXIS2_PLACEMENT_3D('',#16480,#13186,#13187);
#12143=AXIS2_PLACEMENT_3D('',#16484,#13190,#13191);
#12144=AXIS2_PLACEMENT_3D('',#16488,#13194,#13195);
#12145=AXIS2_PLACEMENT_3D('',#16492,#13198,#13199);
#12146=AXIS2_PLACEMENT_3D('',#16496,#13202,#13203);
#12147=AXIS2_PLACEMENT_3D('',#16500,#13206,#13207);
#12148=AXIS2_PLACEMENT_3D('',#16504,#13210,#13211);
#12149=AXIS2_PLACEMENT_3D('',#16508,#13214,#13215);
#12150=AXIS2_PLACEMENT_3D('',#16512,#13218,#13219);
#12151=AXIS2_PLACEMENT_3D('',#16516,#13222,#13223);
#12152=AXIS2_PLACEMENT_3D('',#16520,#13226,#13227);
#12153=AXIS2_PLACEMENT_3D('',#16524,#13230,#13231);
#12154=AXIS2_PLACEMENT_3D('',#16528,#13234,#13235);
#12155=AXIS2_PLACEMENT_3D('',#16532,#13238,#13239);
#12156=AXIS2_PLACEMENT_3D('',#16536,#13242,#13243);
#12157=AXIS2_PLACEMENT_3D('',#16540,#13246,#13247);
#12158=AXIS2_PLACEMENT_3D('',#16544,#13250,#13251);
#12159=AXIS2_PLACEMENT_3D('',#16548,#13254,#13255);
#12160=AXIS2_PLACEMENT_3D('',#16552,#13258,#13259);
#12161=AXIS2_PLACEMENT_3D('',#16556,#13262,#13263);
#12162=AXIS2_PLACEMENT_3D('',#16560,#13266,#13267);
#12163=AXIS2_PLACEMENT_3D('',#16564,#13270,#13271);
#12164=AXIS2_PLACEMENT_3D('',#16566,#13273,#13274);
#12165=AXIS2_PLACEMENT_3D('',#16568,#13276,#13277);
#12166=AXIS2_PLACEMENT_3D('',#16572,#13280,#13281);
#12167=AXIS2_PLACEMENT_3D('',#16576,#13284,#13285);
#12168=AXIS2_PLACEMENT_3D('',#16582,#13289,#13290);
#12169=AXIS2_PLACEMENT_3D('',#16587,#13294,#13295);
#12170=AXIS2_PLACEMENT_3D('',#16591,#13298,#13299);
#12171=AXIS2_PLACEMENT_3D('',#16597,#13303,#13304);
#12172=AXIS2_PLACEMENT_3D('',#16602,#13308,#13309);
#12173=AXIS2_PLACEMENT_3D('',#16606,#13312,#13313);
#12174=AXIS2_PLACEMENT_3D('',#16612,#13317,#13318);
#12175=AXIS2_PLACEMENT_3D('',#16617,#13322,#13323);
#12176=AXIS2_PLACEMENT_3D('',#16621,#13326,#13327);
#12177=AXIS2_PLACEMENT_3D('',#16627,#13331,#13332);
#12178=AXIS2_PLACEMENT_3D('',#16632,#13336,#13337);
#12179=AXIS2_PLACEMENT_3D('',#16636,#13340,#13341);
#12180=AXIS2_PLACEMENT_3D('',#16642,#13345,#13346);
#12181=AXIS2_PLACEMENT_3D('',#16647,#13350,#13351);
#12182=AXIS2_PLACEMENT_3D('',#16651,#13354,#13355);
#12183=AXIS2_PLACEMENT_3D('',#16657,#13359,#13360);
#12184=AXIS2_PLACEMENT_3D('',#16662,#13364,#13365);
#12185=AXIS2_PLACEMENT_3D('',#16666,#13368,#13369);
#12186=AXIS2_PLACEMENT_3D('',#16672,#13373,#13374);
#12187=AXIS2_PLACEMENT_3D('',#16677,#13378,#13379);
#12188=AXIS2_PLACEMENT_3D('',#16681,#13382,#13383);
#12189=AXIS2_PLACEMENT_3D('',#16687,#13387,#13388);
#12190=AXIS2_PLACEMENT_3D('',#16692,#13392,#13393);
#12191=AXIS2_PLACEMENT_3D('',#16696,#13396,#13397);
#12192=AXIS2_PLACEMENT_3D('',#16702,#13401,#13402);
#12193=AXIS2_PLACEMENT_3D('',#16707,#13406,#13407);
#12194=AXIS2_PLACEMENT_3D('',#16711,#13410,#13411);
#12195=AXIS2_PLACEMENT_3D('',#16717,#13415,#13416);
#12196=AXIS2_PLACEMENT_3D('',#16722,#13420,#13421);
#12197=AXIS2_PLACEMENT_3D('',#16726,#13424,#13425);
#12198=AXIS2_PLACEMENT_3D('',#16732,#13429,#13430);
#12199=AXIS2_PLACEMENT_3D('',#16737,#13434,#13435);
#12200=AXIS2_PLACEMENT_3D('',#16741,#13438,#13439);
#12201=AXIS2_PLACEMENT_3D('',#16747,#13443,#13444);
#12202=AXIS2_PLACEMENT_3D('',#16752,#13448,#13449);
#12203=AXIS2_PLACEMENT_3D('',#16756,#13452,#13453);
#12204=AXIS2_PLACEMENT_3D('',#16762,#13457,#13458);
#12205=AXIS2_PLACEMENT_3D('',#16769,#13462,#13463);
#12206=AXIS2_PLACEMENT_3D('',#16777,#13467,#13468);
#12207=AXIS2_PLACEMENT_3D('',#16779,#13470,#13471);
#12208=AXIS2_PLACEMENT_3D('',#16783,#13474,#13475);
#12209=AXIS2_PLACEMENT_3D('',#16791,#13480,#13481);
#12210=AXIS2_PLACEMENT_3D('',#16796,#13485,#13486);
#12211=AXIS2_PLACEMENT_3D('',#16800,#13489,#13490);
#12212=AXIS2_PLACEMENT_3D('',#16804,#13493,#13494);
#12213=AXIS2_PLACEMENT_3D('',#16812,#13499,#13500);
#12214=AXIS2_PLACEMENT_3D('',#16818,#13504,#13505);
#12215=AXIS2_PLACEMENT_3D('',#16822,#13508,#13509);
#12216=AXIS2_PLACEMENT_3D('',#16825,#13512,#13513);
#12217=AXIS2_PLACEMENT_3D('',#16827,#13515,#13516);
#12218=AXIS2_PLACEMENT_3D('',#16835,#13521,#13522);
#12219=AXIS2_PLACEMENT_3D('',#16841,#13526,#13527);
#12220=AXIS2_PLACEMENT_3D('',#16845,#13530,#13531);
#12221=AXIS2_PLACEMENT_3D('',#16848,#13534,#13535);
#12222=AXIS2_PLACEMENT_3D('',#16850,#13537,#13538);
#12223=AXIS2_PLACEMENT_3D('',#16858,#13543,#13544);
#12224=AXIS2_PLACEMENT_3D('',#16864,#13548,#13549);
#12225=AXIS2_PLACEMENT_3D('',#16868,#13552,#13553);
#12226=AXIS2_PLACEMENT_3D('',#16871,#13556,#13557);
#12227=AXIS2_PLACEMENT_3D('',#16873,#13559,#13560);
#12228=AXIS2_PLACEMENT_3D('',#16881,#13565,#13566);
#12229=AXIS2_PLACEMENT_3D('',#16887,#13570,#13571);
#12230=AXIS2_PLACEMENT_3D('',#16891,#13574,#13575);
#12231=AXIS2_PLACEMENT_3D('',#16894,#13578,#13579);
#12232=AXIS2_PLACEMENT_3D('',#16896,#13581,#13582);
#12233=AXIS2_PLACEMENT_3D('',#16904,#13587,#13588);
#12234=AXIS2_PLACEMENT_3D('',#16910,#13592,#13593);
#12235=AXIS2_PLACEMENT_3D('',#16914,#13596,#13597);
#12236=AXIS2_PLACEMENT_3D('',#16917,#13600,#13601);
#12237=AXIS2_PLACEMENT_3D('',#16919,#13603,#13604);
#12238=AXIS2_PLACEMENT_3D('',#16927,#13609,#13610);
#12239=AXIS2_PLACEMENT_3D('',#16933,#13614,#13615);
#12240=AXIS2_PLACEMENT_3D('',#16937,#13618,#13619);
#12241=AXIS2_PLACEMENT_3D('',#16940,#13622,#13623);
#12242=AXIS2_PLACEMENT_3D('',#16942,#13625,#13626);
#12243=AXIS2_PLACEMENT_3D('',#16950,#13631,#13632);
#12244=AXIS2_PLACEMENT_3D('',#16956,#13636,#13637);
#12245=AXIS2_PLACEMENT_3D('',#16960,#13640,#13641);
#12246=AXIS2_PLACEMENT_3D('',#16963,#13644,#13645);
#12247=AXIS2_PLACEMENT_3D('',#16965,#13647,#13648);
#12248=AXIS2_PLACEMENT_3D('',#16973,#13653,#13654);
#12249=AXIS2_PLACEMENT_3D('',#16979,#13658,#13659);
#12250=AXIS2_PLACEMENT_3D('',#16983,#13662,#13663);
#12251=AXIS2_PLACEMENT_3D('',#16986,#13666,#13667);
#12252=AXIS2_PLACEMENT_3D('',#16988,#13669,#13670);
#12253=AXIS2_PLACEMENT_3D('',#16996,#13675,#13676);
#12254=AXIS2_PLACEMENT_3D('',#17002,#13680,#13681);
#12255=AXIS2_PLACEMENT_3D('',#17006,#13684,#13685);
#12256=AXIS2_PLACEMENT_3D('',#17009,#13688,#13689);
#12257=AXIS2_PLACEMENT_3D('',#17011,#13691,#13692);
#12258=AXIS2_PLACEMENT_3D('',#17019,#13697,#13698);
#12259=AXIS2_PLACEMENT_3D('',#17025,#13702,#13703);
#12260=AXIS2_PLACEMENT_3D('',#17029,#13706,#13707);
#12261=AXIS2_PLACEMENT_3D('',#17032,#13710,#13711);
#12262=AXIS2_PLACEMENT_3D('',#17034,#13713,#13714);
#12263=AXIS2_PLACEMENT_3D('',#17042,#13719,#13720);
#12264=AXIS2_PLACEMENT_3D('',#17048,#13724,#13725);
#12265=AXIS2_PLACEMENT_3D('',#17052,#13728,#13729);
#12266=AXIS2_PLACEMENT_3D('',#17055,#13732,#13733);
#12267=AXIS2_PLACEMENT_3D('',#17057,#13735,#13736);
#12268=AXIS2_PLACEMENT_3D('',#17065,#13741,#13742);
#12269=AXIS2_PLACEMENT_3D('',#17071,#13746,#13747);
#12270=AXIS2_PLACEMENT_3D('',#17075,#13750,#13751);
#12271=AXIS2_PLACEMENT_3D('',#17078,#13754,#13755);
#12272=AXIS2_PLACEMENT_3D('',#17080,#13757,#13758);
#12273=AXIS2_PLACEMENT_3D('',#17086,#13762,#13763);
#12274=AXIS2_PLACEMENT_3D('',#17091,#13767,#13768);
#12275=AXIS2_PLACEMENT_3D('',#17095,#13771,#13772);
#12276=AXIS2_PLACEMENT_3D('',#17101,#13776,#13777);
#12277=AXIS2_PLACEMENT_3D('',#17105,#13780,#13781);
#12278=AXIS2_PLACEMENT_3D('',#17109,#13784,#13785);
#12279=AXIS2_PLACEMENT_3D('',#17112,#13788,#13789);
#12280=AXIS2_PLACEMENT_3D('',#17118,#13793,#13794);
#12281=AXIS2_PLACEMENT_3D('',#17123,#13798,#13799);
#12282=AXIS2_PLACEMENT_3D('',#17127,#13802,#13803);
#12283=AXIS2_PLACEMENT_3D('',#17133,#13807,#13808);
#12284=AXIS2_PLACEMENT_3D('',#17138,#13812,#13813);
#12285=AXIS2_PLACEMENT_3D('',#17142,#13816,#13817);
#12286=AXIS2_PLACEMENT_3D('',#17148,#13821,#13822);
#12287=AXIS2_PLACEMENT_3D('',#17153,#13826,#13827);
#12288=AXIS2_PLACEMENT_3D('',#17157,#13830,#13831);
#12289=AXIS2_PLACEMENT_3D('',#17163,#13835,#13836);
#12290=AXIS2_PLACEMENT_3D('',#17168,#13840,#13841);
#12291=AXIS2_PLACEMENT_3D('',#17172,#13844,#13845);
#12292=AXIS2_PLACEMENT_3D('',#17178,#13849,#13850);
#12293=AXIS2_PLACEMENT_3D('',#17183,#13854,#13855);
#12294=AXIS2_PLACEMENT_3D('',#17187,#13858,#13859);
#12295=AXIS2_PLACEMENT_3D('',#17193,#13863,#13864);
#12296=AXIS2_PLACEMENT_3D('',#17198,#13868,#13869);
#12297=AXIS2_PLACEMENT_3D('',#17202,#13872,#13873);
#12298=AXIS2_PLACEMENT_3D('',#17208,#13877,#13878);
#12299=AXIS2_PLACEMENT_3D('',#17213,#13882,#13883);
#12300=AXIS2_PLACEMENT_3D('',#17217,#13886,#13887);
#12301=AXIS2_PLACEMENT_3D('',#17223,#13891,#13892);
#12302=AXIS2_PLACEMENT_3D('',#17228,#13896,#13897);
#12303=AXIS2_PLACEMENT_3D('',#17232,#13900,#13901);
#12304=AXIS2_PLACEMENT_3D('',#17238,#13905,#13906);
#12305=AXIS2_PLACEMENT_3D('',#17243,#13910,#13911);
#12306=AXIS2_PLACEMENT_3D('',#17247,#13914,#13915);
#12307=AXIS2_PLACEMENT_3D('',#17253,#13919,#13920);
#12308=AXIS2_PLACEMENT_3D('',#17258,#13924,#13925);
#12309=AXIS2_PLACEMENT_3D('',#17262,#13928,#13929);
#12310=AXIS2_PLACEMENT_3D('',#17264,#13931,#13932);
#12311=AXIS2_PLACEMENT_3D('',#17266,#13934,#13935);
#12312=AXIS2_PLACEMENT_3D('',#17268,#13937,#13938);
#12313=AXIS2_PLACEMENT_3D('',#17270,#13940,#13941);
#12314=AXIS2_PLACEMENT_3D('',#17272,#13943,#13944);
#12315=AXIS2_PLACEMENT_3D('',#17274,#13946,#13947);
#12316=AXIS2_PLACEMENT_3D('',#17276,#13949,#13950);
#12317=AXIS2_PLACEMENT_3D('',#17278,#13952,#13953);
#12318=AXIS2_PLACEMENT_3D('',#17280,#13955,#13956);
#12319=AXIS2_PLACEMENT_3D('',#17282,#13958,#13959);
#12320=AXIS2_PLACEMENT_3D('',#17284,#13961,#13962);
#12321=AXIS2_PLACEMENT_3D('',#17286,#13964,#13965);
#12322=AXIS2_PLACEMENT_3D('',#17288,#13967,#13968);
#12323=AXIS2_PLACEMENT_3D('',#17290,#13970,#13971);
#12324=AXIS2_PLACEMENT_3D('',#17292,#13973,#13974);
#12325=AXIS2_PLACEMENT_3D('',#17294,#13976,#13977);
#12326=AXIS2_PLACEMENT_3D('',#17296,#13979,#13980);
#12327=AXIS2_PLACEMENT_3D('',#17298,#13982,#13983);
#12328=AXIS2_PLACEMENT_3D('',#17300,#13985,#13986);
#12329=AXIS2_PLACEMENT_3D('',#17302,#13988,#13989);
#12330=AXIS2_PLACEMENT_3D('',#17304,#13991,#13992);
#12331=AXIS2_PLACEMENT_3D('',#17306,#13994,#13995);
#12332=AXIS2_PLACEMENT_3D('',#17308,#13997,#13998);
#12333=AXIS2_PLACEMENT_3D('',#17310,#14000,#14001);
#12334=AXIS2_PLACEMENT_3D('',#17312,#14003,#14004);
#12335=AXIS2_PLACEMENT_3D('',#17314,#14006,#14007);
#12336=AXIS2_PLACEMENT_3D('',#17318,#14009,#14010);
#12337=AXIS2_PLACEMENT_3D('',#17322,#14012,#14013);
#12338=AXIS2_PLACEMENT_3D('',#17325,#14016,#14017);
#12339=AXIS2_PLACEMENT_3D('',#17326,#14018,#14019);
#12340=AXIS2_PLACEMENT_3D('',#17328,#14021,#14022);
#12341=AXIS2_PLACEMENT_3D('',#17330,#14024,#14025);
#12342=AXIS2_PLACEMENT_3D('',#17332,#14027,#14028);
#12343=AXIS2_PLACEMENT_3D('',#17334,#14030,#14031);
#12344=AXIS2_PLACEMENT_3D('',#17336,#14033,#14034);
#12345=AXIS2_PLACEMENT_3D('',#17338,#14036,#14037);
#12346=AXIS2_PLACEMENT_3D('',#17340,#14039,#14040);
#12347=AXIS2_PLACEMENT_3D('',#17342,#14042,#14043);
#12348=AXIS2_PLACEMENT_3D('',#17344,#14045,#14046);
#12349=AXIS2_PLACEMENT_3D('',#17346,#14048,#14049);
#12350=AXIS2_PLACEMENT_3D('',#17348,#14051,#14052);
#12351=AXIS2_PLACEMENT_3D('',#17350,#14054,#14055);
#12352=AXIS2_PLACEMENT_3D('',#17352,#14057,#14058);
#12353=AXIS2_PLACEMENT_3D('',#17354,#14060,#14061);
#12354=AXIS2_PLACEMENT_3D('',#17356,#14063,#14064);
#12355=AXIS2_PLACEMENT_3D('',#17358,#14066,#14067);
#12356=AXIS2_PLACEMENT_3D('',#17360,#14069,#14070);
#12357=AXIS2_PLACEMENT_3D('',#17361,#14071,#14072);
#12358=AXIS2_PLACEMENT_3D('',#17363,#14074,#14075);
#12359=AXIS2_PLACEMENT_3D('',#17365,#14077,#14078);
#12360=AXIS2_PLACEMENT_3D('',#17367,#14080,#14081);
#12361=AXIS2_PLACEMENT_3D('',#17369,#14083,#14084);
#12362=AXIS2_PLACEMENT_3D('',#17371,#14086,#14087);
#12363=AXIS2_PLACEMENT_3D('',#17373,#14089,#14090);
#12364=AXIS2_PLACEMENT_3D('',#17375,#14092,#14093);
#12365=AXIS2_PLACEMENT_3D('',#17377,#14095,#14096);
#12366=AXIS2_PLACEMENT_3D('',#17379,#14098,#14099);
#12367=AXIS2_PLACEMENT_3D('',#17381,#14101,#14102);
#12368=AXIS2_PLACEMENT_3D('',#17383,#14104,#14105);
#12369=AXIS2_PLACEMENT_3D('',#17385,#14107,#14108);
#12370=AXIS2_PLACEMENT_3D('',#17387,#14110,#14111);
#12371=AXIS2_PLACEMENT_3D('',#17389,#14113,#14114);
#12372=AXIS2_PLACEMENT_3D('',#17391,#14116,#14117);
#12373=AXIS2_PLACEMENT_3D('',#17393,#14119,#14120);
#12374=AXIS2_PLACEMENT_3D('',#17395,#14122,#14123);
#12375=AXIS2_PLACEMENT_3D('',#17397,#14125,#14126);
#12376=AXIS2_PLACEMENT_3D('',#17399,#14128,#14129);
#12377=AXIS2_PLACEMENT_3D('',#17401,#14131,#14132);
#12378=AXIS2_PLACEMENT_3D('',#17407,#14135,#14136);
#12379=AXIS2_PLACEMENT_3D('',#17408,#14137,#14138);
#12380=AXIS2_PLACEMENT_3D('',#17427,#14141,#14142);
#12381=AXIS2_PLACEMENT_3D('',#17428,#14143,#14144);
#12382=AXIS2_PLACEMENT_3D('',#17430,#14145,#14146);
#12383=AXIS2_PLACEMENT_3D('',#17432,#14147,#14148);
#12384=AXIS2_PLACEMENT_3D('',#17433,#14149,#14150);
#12385=AXIS2_PLACEMENT_3D('',#17434,#14151,#14152);
#12386=AXIS2_PLACEMENT_3D('',#17437,#14155,#14156);
#12387=AXIS2_PLACEMENT_3D('',#17441,#14160,#14161);
#12388=AXIS2_PLACEMENT_3D('',#17443,#14163,#14164);
#12389=AXIS2_PLACEMENT_3D('',#17445,#14166,#14167);
#12390=AXIS2_PLACEMENT_3D('',#17447,#14169,#14170);
#12391=AXIS2_PLACEMENT_3D('',#17448,#14171,#14172);
#12392=AXIS2_PLACEMENT_3D('',#17449,#14173,#14174);
#12393=AXIS2_PLACEMENT_3D('',#17450,#14175,#14176);
#12394=AXIS2_PLACEMENT_3D('',#17451,#14177,#14178);
#12395=AXIS2_PLACEMENT_3D('',#17452,#14179,#14180);
#12396=AXIS2_PLACEMENT_3D('',#17453,#14181,#14182);
#12397=AXIS2_PLACEMENT_3D('',#17454,#14183,#14184);
#12398=AXIS2_PLACEMENT_3D('',#17455,#14185,#14186);
#12399=AXIS2_PLACEMENT_3D('',#17456,#14187,#14188);
#12400=AXIS2_PLACEMENT_3D('',#17457,#14189,#14190);
#12401=AXIS2_PLACEMENT_3D('',#17458,#14191,#14192);
#12402=AXIS2_PLACEMENT_3D('',#17459,#14193,#14194);
#12403=AXIS2_PLACEMENT_3D('',#17460,#14195,#14196);
#12404=AXIS2_PLACEMENT_3D('',#17461,#14197,#14198);
#12405=AXIS2_PLACEMENT_3D('',#17462,#14199,#14200);
#12406=AXIS2_PLACEMENT_3D('',#17468,#14204,#14205);
#12407=AXIS2_PLACEMENT_3D('',#17477,#14210,#14211);
#12408=AXIS2_PLACEMENT_3D('',#17478,#14212,#14213);
#12409=AXIS2_PLACEMENT_3D('',#17479,#14214,#14215);
#12410=AXIS2_PLACEMENT_3D('',#17480,#14216,#14217);
#12411=AXIS2_PLACEMENT_3D('',#17481,#14218,#14219);
#12412=AXIS2_PLACEMENT_3D('',#17482,#14220,#14221);
#12413=AXIS2_PLACEMENT_3D('',#17483,#14222,#14223);
#12414=AXIS2_PLACEMENT_3D('',#17484,#14224,#14225);
#12415=AXIS2_PLACEMENT_3D('',#17485,#14226,#14227);
#12416=AXIS2_PLACEMENT_3D('',#17486,#14228,#14229);
#12417=AXIS2_PLACEMENT_3D('',#17493,#14232,#14233);
#12418=AXIS2_PLACEMENT_3D('',#17498,#14237,#14238);
#12419=AXIS2_PLACEMENT_3D('',#17502,#14241,#14242);
#12420=AXIS2_PLACEMENT_3D('',#17506,#14245,#14246);
#12421=AXIS2_PLACEMENT_3D('',#17508,#14247,#14248);
#12422=AXIS2_PLACEMENT_3D('',#17510,#14250,#14251);
#12423=AXIS2_PLACEMENT_3D('',#17512,#14253,#14254);
#12424=AXIS2_PLACEMENT_3D('',#17514,#14255,#14256);
#12425=AXIS2_PLACEMENT_3D('',#17516,#14258,#14259);
#12426=AXIS2_PLACEMENT_3D('',#17517,#14260,#14261);
#12427=AXIS2_PLACEMENT_3D('',#17530,#14262,#14263);
#12428=AXIS2_PLACEMENT_3D('',#17531,#14264,#14265);
#12429=AXIS2_PLACEMENT_3D('',#17532,#14266,#14267);
#12430=AXIS2_PLACEMENT_3D('',#17533,#14268,#14269);
#12431=AXIS2_PLACEMENT_3D('',#17534,#14270,#14271);
#12432=AXIS2_PLACEMENT_3D('',#17535,#14272,#14273);
#12433=AXIS2_PLACEMENT_3D('',#17536,#14274,#14275);
#12434=AXIS2_PLACEMENT_3D('',#17537,#14276,#14277);
#12435=AXIS2_PLACEMENT_3D('',#17538,#14278,#14279);
#12436=AXIS2_PLACEMENT_3D('',#17539,#14280,#14281);
#12437=AXIS2_PLACEMENT_3D('',#17540,#14282,#14283);
#12438=AXIS2_PLACEMENT_3D('',#17541,#14284,#14285);
#12439=AXIS2_PLACEMENT_3D('',#17542,#14286,#14287);
#12440=AXIS2_PLACEMENT_3D('',#17543,#14288,#14289);
#12441=AXIS2_PLACEMENT_3D('',#17544,#14290,#14291);
#12442=AXIS2_PLACEMENT_3D('',#17545,#14292,#14293);
#12443=AXIS2_PLACEMENT_3D('',#17546,#14294,#14295);
#12444=AXIS2_PLACEMENT_3D('',#17547,#14296,#14297);
#12445=AXIS2_PLACEMENT_3D('',#17548,#14298,#14299);
#12446=AXIS2_PLACEMENT_3D('',#17549,#14300,#14301);
#12447=AXIS2_PLACEMENT_3D('',#17550,#14302,#14303);
#12448=AXIS2_PLACEMENT_3D('',#17552,#14305,#14306);
#12449=AXIS2_PLACEMENT_3D('',#17554,#14308,#14309);
#12450=AXIS2_PLACEMENT_3D('',#17555,#14310,#14311);
#12451=AXIS2_PLACEMENT_3D('',#17568,#14318,#14319);
#12452=AXIS2_PLACEMENT_3D('',#17574,#14322,#14323);
#12453=AXIS2_PLACEMENT_3D('',#17582,#14327,#14328);
#12454=AXIS2_PLACEMENT_3D('',#17590,#14332,#14333);
#12455=AXIS2_PLACEMENT_3D('',#17598,#14337,#14338);
#12456=AXIS2_PLACEMENT_3D('',#17606,#14342,#14343);
#12457=AXIS2_PLACEMENT_3D('',#17614,#14347,#14348);
#12458=AXIS2_PLACEMENT_3D('',#17622,#14352,#14353);
#12459=AXIS2_PLACEMENT_3D('',#17630,#14357,#14358);
#12460=AXIS2_PLACEMENT_3D('',#17638,#14362,#14363);
#12461=AXIS2_PLACEMENT_3D('',#17760,#14424,#14425);
#12462=AXIS2_PLACEMENT_3D('',#17874,#14483,#14484);
#12463=AXIS2_PLACEMENT_3D('',#17882,#14489,#14490);
#12464=AXIS2_PLACEMENT_3D('',#17889,#14494,#14495);
#12465=AXIS2_PLACEMENT_3D('',#17893,#14498,#14499);
#12466=AXIS2_PLACEMENT_3D('',#17900,#14503,#14504);
#12467=AXIS2_PLACEMENT_3D('',#17904,#14507,#14508);
#12468=AXIS2_PLACEMENT_3D('',#17911,#14512,#14513);
#12469=AXIS2_PLACEMENT_3D('',#17915,#14516,#14517);
#12470=AXIS2_PLACEMENT_3D('',#17922,#14521,#14522);
#12471=AXIS2_PLACEMENT_3D('',#17926,#14525,#14526);
#12472=AXIS2_PLACEMENT_3D('',#17933,#14530,#14531);
#12473=AXIS2_PLACEMENT_3D('',#17937,#14534,#14535);
#12474=AXIS2_PLACEMENT_3D('',#17944,#14539,#14540);
#12475=AXIS2_PLACEMENT_3D('',#17948,#14543,#14544);
#12476=AXIS2_PLACEMENT_3D('',#17955,#14548,#14549);
#12477=AXIS2_PLACEMENT_3D('',#17959,#14552,#14553);
#12478=AXIS2_PLACEMENT_3D('',#17966,#14557,#14558);
#12479=AXIS2_PLACEMENT_3D('',#17970,#14561,#14562);
#12480=AXIS2_PLACEMENT_3D('',#17977,#14566,#14567);
#12481=AXIS2_PLACEMENT_3D('',#17981,#14570,#14571);
#12482=AXIS2_PLACEMENT_3D('',#17988,#14575,#14576);
#12483=AXIS2_PLACEMENT_3D('',#17992,#14579,#14580);
#12484=AXIS2_PLACEMENT_3D('',#17999,#14584,#14585);
#12485=AXIS2_PLACEMENT_3D('',#18003,#14588,#14589);
#12486=AXIS2_PLACEMENT_3D('',#18010,#14593,#14594);
#12487=AXIS2_PLACEMENT_3D('',#18014,#14597,#14598);
#12488=AXIS2_PLACEMENT_3D('',#18021,#14602,#14603);
#12489=AXIS2_PLACEMENT_3D('',#18025,#14606,#14607);
#12490=AXIS2_PLACEMENT_3D('',#18032,#14611,#14612);
#12491=AXIS2_PLACEMENT_3D('',#18036,#14615,#14616);
#12492=AXIS2_PLACEMENT_3D('',#18043,#14620,#14621);
#12493=AXIS2_PLACEMENT_3D('',#18047,#14624,#14625);
#12494=AXIS2_PLACEMENT_3D('',#18054,#14629,#14630);
#12495=AXIS2_PLACEMENT_3D('',#18058,#14633,#14634);
#12496=AXIS2_PLACEMENT_3D('',#18065,#14638,#14639);
#12497=AXIS2_PLACEMENT_3D('',#18069,#14642,#14643);
#12498=AXIS2_PLACEMENT_3D('',#18076,#14647,#14648);
#12499=AXIS2_PLACEMENT_3D('',#18078,#14650,#14651);
#12500=AXIS2_PLACEMENT_3D('',#18084,#14655,#14656);
#12501=AXIS2_PLACEMENT_3D('',#18094,#14661,#14662);
#12502=AXIS2_PLACEMENT_3D('',#18098,#14664,#14665);
#12503=AXIS2_PLACEMENT_3D('',#18100,#14667,#14668);
#12504=AXIS2_PLACEMENT_3D('',#18106,#14672,#14673);
#12505=AXIS2_PLACEMENT_3D('',#18222,#14731,#14732);
#12506=AXIS2_PLACEMENT_3D('',#18335,#14790,#14791);
#12507=AXIS2_PLACEMENT_3D('',#18337,#14793,#14794);
#12508=AXIS2_PLACEMENT_3D('',#18339,#14796,#14797);
#12509=AXIS2_PLACEMENT_3D('',#18341,#14799,#14800);
#12510=AXIS2_PLACEMENT_3D('',#18343,#14802,#14803);
#12511=AXIS2_PLACEMENT_3D('',#18345,#14805,#14806);
#12512=AXIS2_PLACEMENT_3D('',#18347,#14808,#14809);
#12513=AXIS2_PLACEMENT_3D('',#18349,#14811,#14812);
#12514=AXIS2_PLACEMENT_3D('',#18351,#14814,#14815);
#12515=AXIS2_PLACEMENT_3D('',#18353,#14817,#14818);
#12516=AXIS2_PLACEMENT_3D('',#18359,#14822,#14823);
#12517=AXIS2_PLACEMENT_3D('',#18364,#14827,#14828);
#12518=AXIS2_PLACEMENT_3D('',#18368,#14831,#14832);
#12519=AXIS2_PLACEMENT_3D('',#18374,#14836,#14837);
#12520=AXIS2_PLACEMENT_3D('',#18379,#14841,#14842);
#12521=AXIS2_PLACEMENT_3D('',#18383,#14845,#14846);
#12522=AXIS2_PLACEMENT_3D('',#18389,#14850,#14851);
#12523=AXIS2_PLACEMENT_3D('',#18394,#14855,#14856);
#12524=AXIS2_PLACEMENT_3D('',#18398,#14859,#14860);
#12525=AXIS2_PLACEMENT_3D('',#18404,#14864,#14865);
#12526=AXIS2_PLACEMENT_3D('',#18409,#14869,#14870);
#12527=AXIS2_PLACEMENT_3D('',#18413,#14873,#14874);
#12528=AXIS2_PLACEMENT_3D('',#18419,#14878,#14879);
#12529=AXIS2_PLACEMENT_3D('',#18424,#14883,#14884);
#12530=AXIS2_PLACEMENT_3D('',#18428,#14887,#14888);
#12531=AXIS2_PLACEMENT_3D('',#18434,#14892,#14893);
#12532=AXIS2_PLACEMENT_3D('',#18439,#14897,#14898);
#12533=AXIS2_PLACEMENT_3D('',#18443,#14901,#14902);
#12534=AXIS2_PLACEMENT_3D('',#18449,#14906,#14907);
#12535=AXIS2_PLACEMENT_3D('',#18454,#14911,#14912);
#12536=AXIS2_PLACEMENT_3D('',#18458,#14915,#14916);
#12537=AXIS2_PLACEMENT_3D('',#18464,#14920,#14921);
#12538=AXIS2_PLACEMENT_3D('',#18469,#14925,#14926);
#12539=AXIS2_PLACEMENT_3D('',#18473,#14929,#14930);
#12540=AXIS2_PLACEMENT_3D('',#18479,#14934,#14935);
#12541=AXIS2_PLACEMENT_3D('',#18484,#14939,#14940);
#12542=AXIS2_PLACEMENT_3D('',#18488,#14943,#14944);
#12543=AXIS2_PLACEMENT_3D('',#18494,#14948,#14949);
#12544=AXIS2_PLACEMENT_3D('',#18499,#14953,#14954);
#12545=AXIS2_PLACEMENT_3D('',#18503,#14957,#14958);
#12546=AXIS2_PLACEMENT_3D('',#18509,#14962,#14963);
#12547=AXIS2_PLACEMENT_3D('',#18514,#14967,#14968);
#12548=AXIS2_PLACEMENT_3D('',#18518,#14971,#14972);
#12549=AXIS2_PLACEMENT_3D('',#18524,#14976,#14977);
#12550=AXIS2_PLACEMENT_3D('',#18529,#14981,#14982);
#12551=AXIS2_PLACEMENT_3D('',#18533,#14985,#14986);
#12552=AXIS2_PLACEMENT_3D('',#18539,#14990,#14991);
#12553=AXIS2_PLACEMENT_3D('',#18544,#14995,#14996);
#12554=AXIS2_PLACEMENT_3D('',#18548,#14999,#15000);
#12555=AXIS2_PLACEMENT_3D('',#18554,#15004,#15005);
#12556=AXIS2_PLACEMENT_3D('',#18559,#15009,#15010);
#12557=AXIS2_PLACEMENT_3D('',#18563,#15013,#15014);
#12558=AXIS2_PLACEMENT_3D('',#18569,#15018,#15019);
#12559=AXIS2_PLACEMENT_3D('',#18574,#15023,#15024);
#12560=AXIS2_PLACEMENT_3D('',#18578,#15027,#15028);
#12561=AXIS2_PLACEMENT_3D('',#18584,#15032,#15033);
#12562=AXIS2_PLACEMENT_3D('',#18589,#15037,#15038);
#12563=AXIS2_PLACEMENT_3D('',#18593,#15041,#15042);
#12564=AXIS2_PLACEMENT_3D('',#18599,#15046,#15047);
#12565=AXIS2_PLACEMENT_3D('',#18604,#15051,#15052);
#12566=AXIS2_PLACEMENT_3D('',#18608,#15055,#15056);
#12567=AXIS2_PLACEMENT_3D('',#18614,#15060,#15061);
#12568=AXIS2_PLACEMENT_3D('',#18619,#15065,#15066);
#12569=AXIS2_PLACEMENT_3D('',#18623,#15069,#15070);
#12570=AXIS2_PLACEMENT_3D('',#18629,#15074,#15075);
#12571=AXIS2_PLACEMENT_3D('',#18634,#15079,#15080);
#12572=AXIS2_PLACEMENT_3D('',#18638,#15083,#15084);
#12573=AXIS2_PLACEMENT_3D('',#18644,#15088,#15089);
#12574=AXIS2_PLACEMENT_3D('',#18649,#15093,#15094);
#12575=AXIS2_PLACEMENT_3D('',#18653,#15097,#15098);
#12576=AXIS2_PLACEMENT_3D('',#18659,#15102,#15103);
#12577=AXIS2_PLACEMENT_3D('',#18664,#15107,#15108);
#12578=AXIS2_PLACEMENT_3D('',#18668,#15111,#15112);
#12579=AXIS2_PLACEMENT_3D('',#18674,#15116,#15117);
#12580=AXIS2_PLACEMENT_3D('',#18679,#15121,#15122);
#12581=AXIS2_PLACEMENT_3D('',#18683,#15125,#15126);
#12582=AXIS2_PLACEMENT_3D('',#18689,#15130,#15131);
#12583=AXIS2_PLACEMENT_3D('',#18691,#15133,#15134);
#12584=AXIS2_PLACEMENT_3D('',#18699,#15139,#15140);
#12585=AXIS2_PLACEMENT_3D('',#18705,#15144,#15145);
#12586=AXIS2_PLACEMENT_3D('',#18709,#15148,#15149);
#12587=AXIS2_PLACEMENT_3D('',#18711,#15151,#15152);
#12588=AXIS2_PLACEMENT_3D('',#18713,#15154,#15155);
#12589=AXIS2_PLACEMENT_3D('',#18721,#15160,#15161);
#12590=AXIS2_PLACEMENT_3D('',#18727,#15165,#15166);
#12591=AXIS2_PLACEMENT_3D('',#18731,#15169,#15170);
#12592=AXIS2_PLACEMENT_3D('',#18734,#15173,#15174);
#12593=AXIS2_PLACEMENT_3D('',#18736,#15176,#15177);
#12594=AXIS2_PLACEMENT_3D('',#18744,#15182,#15183);
#12595=AXIS2_PLACEMENT_3D('',#18750,#15187,#15188);
#12596=AXIS2_PLACEMENT_3D('',#18754,#15191,#15192);
#12597=AXIS2_PLACEMENT_3D('',#18757,#15195,#15196);
#12598=AXIS2_PLACEMENT_3D('',#18759,#15198,#15199);
#12599=AXIS2_PLACEMENT_3D('',#18767,#15204,#15205);
#12600=AXIS2_PLACEMENT_3D('',#18773,#15209,#15210);
#12601=AXIS2_PLACEMENT_3D('',#18777,#15213,#15214);
#12602=AXIS2_PLACEMENT_3D('',#18780,#15217,#15218);
#12603=AXIS2_PLACEMENT_3D('',#18782,#15220,#15221);
#12604=AXIS2_PLACEMENT_3D('',#18790,#15226,#15227);
#12605=AXIS2_PLACEMENT_3D('',#18796,#15231,#15232);
#12606=AXIS2_PLACEMENT_3D('',#18800,#15235,#15236);
#12607=AXIS2_PLACEMENT_3D('',#18803,#15239,#15240);
#12608=AXIS2_PLACEMENT_3D('',#18805,#15242,#15243);
#12609=AXIS2_PLACEMENT_3D('',#18813,#15248,#15249);
#12610=AXIS2_PLACEMENT_3D('',#18819,#15253,#15254);
#12611=AXIS2_PLACEMENT_3D('',#18823,#15257,#15258);
#12612=AXIS2_PLACEMENT_3D('',#18826,#15261,#15262);
#12613=AXIS2_PLACEMENT_3D('',#18828,#15264,#15265);
#12614=AXIS2_PLACEMENT_3D('',#18836,#15270,#15271);
#12615=AXIS2_PLACEMENT_3D('',#18842,#15275,#15276);
#12616=AXIS2_PLACEMENT_3D('',#18846,#15279,#15280);
#12617=AXIS2_PLACEMENT_3D('',#18849,#15283,#15284);
#12618=AXIS2_PLACEMENT_3D('',#18851,#15286,#15287);
#12619=AXIS2_PLACEMENT_3D('',#18859,#15292,#15293);
#12620=AXIS2_PLACEMENT_3D('',#18865,#15297,#15298);
#12621=AXIS2_PLACEMENT_3D('',#18869,#15301,#15302);
#12622=AXIS2_PLACEMENT_3D('',#18872,#15305,#15306);
#12623=AXIS2_PLACEMENT_3D('',#18874,#15308,#15309);
#12624=AXIS2_PLACEMENT_3D('',#18882,#15314,#15315);
#12625=AXIS2_PLACEMENT_3D('',#18888,#15319,#15320);
#12626=AXIS2_PLACEMENT_3D('',#18892,#15323,#15324);
#12627=AXIS2_PLACEMENT_3D('',#18895,#15327,#15328);
#12628=AXIS2_PLACEMENT_3D('',#18897,#15330,#15331);
#12629=AXIS2_PLACEMENT_3D('',#18905,#15336,#15337);
#12630=AXIS2_PLACEMENT_3D('',#18911,#15341,#15342);
#12631=AXIS2_PLACEMENT_3D('',#18915,#15345,#15346);
#12632=AXIS2_PLACEMENT_3D('',#18918,#15349,#15350);
#12633=AXIS2_PLACEMENT_3D('',#18920,#15352,#15353);
#12634=AXIS2_PLACEMENT_3D('',#18928,#15358,#15359);
#12635=AXIS2_PLACEMENT_3D('',#18934,#15363,#15364);
#12636=AXIS2_PLACEMENT_3D('',#18938,#15367,#15368);
#12637=AXIS2_PLACEMENT_3D('',#18941,#15371,#15372);
#12638=AXIS2_PLACEMENT_3D('',#18943,#15374,#15375);
#12639=AXIS2_PLACEMENT_3D('',#18951,#15380,#15381);
#12640=AXIS2_PLACEMENT_3D('',#18957,#15385,#15386);
#12641=AXIS2_PLACEMENT_3D('',#18961,#15389,#15390);
#12642=AXIS2_PLACEMENT_3D('',#18964,#15393,#15394);
#12643=AXIS2_PLACEMENT_3D('',#18966,#15396,#15397);
#12644=AXIS2_PLACEMENT_3D('',#18974,#15402,#15403);
#12645=AXIS2_PLACEMENT_3D('',#18980,#15407,#15408);
#12646=AXIS2_PLACEMENT_3D('',#18984,#15411,#15412);
#12647=AXIS2_PLACEMENT_3D('',#18987,#15415,#15416);
#12648=AXIS2_PLACEMENT_3D('',#18989,#15418,#15419);
#12649=AXIS2_PLACEMENT_3D('',#18995,#15423,#15424);
#12650=AXIS2_PLACEMENT_3D('',#19000,#15428,#15429);
#12651=AXIS2_PLACEMENT_3D('',#19004,#15432,#15433);
#12652=AXIS2_PLACEMENT_3D('',#19006,#15435,#15436);
#12653=AXIS2_PLACEMENT_3D('',#19008,#15438,#15439);
#12654=AXIS2_PLACEMENT_3D('',#19010,#15441,#15442);
#12655=AXIS2_PLACEMENT_3D('',#19012,#15444,#15445);
#12656=AXIS2_PLACEMENT_3D('',#19014,#15447,#15448);
#12657=AXIS2_PLACEMENT_3D('',#19016,#15450,#15451);
#12658=AXIS2_PLACEMENT_3D('',#19018,#15453,#15454);
#12659=AXIS2_PLACEMENT_3D('',#19020,#15456,#15457);
#12660=AXIS2_PLACEMENT_3D('',#19022,#15459,#15460);
#12661=AXIS2_PLACEMENT_3D('',#19024,#15462,#15463);
#12662=AXIS2_PLACEMENT_3D('',#19026,#15465,#15466);
#12663=AXIS2_PLACEMENT_3D('',#19028,#15468,#15469);
#12664=AXIS2_PLACEMENT_3D('',#19030,#15471,#15472);
#12665=AXIS2_PLACEMENT_3D('',#19032,#15474,#15475);
#12666=AXIS2_PLACEMENT_3D('',#19034,#15477,#15478);
#12667=AXIS2_PLACEMENT_3D('',#19036,#15480,#15481);
#12668=AXIS2_PLACEMENT_3D('',#19038,#15483,#15484);
#12669=AXIS2_PLACEMENT_3D('',#19040,#15486,#15487);
#12670=AXIS2_PLACEMENT_3D('',#19042,#15489,#15490);
#12671=AXIS2_PLACEMENT_3D('',#19044,#15492,#15493);
#12672=AXIS2_PLACEMENT_3D('',#19046,#15495,#15496);
#12673=AXIS2_PLACEMENT_3D('',#19048,#15498,#15499);
#12674=AXIS2_PLACEMENT_3D('',#19050,#15501,#15502);
#12675=AXIS2_PLACEMENT_3D('',#19052,#15504,#15505);
#12676=AXIS2_PLACEMENT_3D('',#19054,#15507,#15508);
#12677=AXIS2_PLACEMENT_3D('',#19056,#15510,#15511);
#12678=AXIS2_PLACEMENT_3D('',#19058,#15513,#15514);
#12679=AXIS2_PLACEMENT_3D('',#19060,#15516,#15517);
#12680=AXIS2_PLACEMENT_3D('',#19062,#15519,#15520);
#12681=AXIS2_PLACEMENT_3D('',#19064,#15522,#15523);
#12682=AXIS2_PLACEMENT_3D('',#19066,#15525,#15526);
#12683=AXIS2_PLACEMENT_3D('',#19068,#15528,#15529);
#12684=AXIS2_PLACEMENT_3D('',#19070,#15531,#15532);
#12685=AXIS2_PLACEMENT_3D('',#19072,#15534,#15535);
#12686=AXIS2_PLACEMENT_3D('',#19074,#15537,#15538);
#12687=AXIS2_PLACEMENT_3D('',#19076,#15540,#15541);
#12688=AXIS2_PLACEMENT_3D('',#19078,#15543,#15544);
#12689=AXIS2_PLACEMENT_3D('',#19080,#15546,#15547);
#12690=AXIS2_PLACEMENT_3D('',#19082,#15549,#15550);
#12691=AXIS2_PLACEMENT_3D('',#19084,#15552,#15553);
#12692=AXIS2_PLACEMENT_3D('',#19086,#15555,#15556);
#12693=AXIS2_PLACEMENT_3D('',#19088,#15558,#15559);
#12694=AXIS2_PLACEMENT_3D('',#19090,#15561,#15562);
#12695=AXIS2_PLACEMENT_3D('',#19092,#15564,#15565);
#12696=AXIS2_PLACEMENT_3D('',#19094,#15567,#15568);
#12697=AXIS2_PLACEMENT_3D('',#19096,#15570,#15571);
#12698=AXIS2_PLACEMENT_3D('',#19098,#15573,#15574);
#12699=AXIS2_PLACEMENT_3D('',#19100,#15576,#15577);
#12700=AXIS2_PLACEMENT_3D('',#19102,#15579,#15580);
#12701=AXIS2_PLACEMENT_3D('',#19104,#15582,#15583);
#12702=AXIS2_PLACEMENT_3D('',#19106,#15585,#15586);
#12703=AXIS2_PLACEMENT_3D('',#19108,#15588,#15589);
#12704=AXIS2_PLACEMENT_3D('',#19110,#15591,#15592);
#12705=AXIS2_PLACEMENT_3D('',#19112,#15594,#15595);
#12706=AXIS2_PLACEMENT_3D('',#19114,#15597,#15598);
#12707=AXIS2_PLACEMENT_3D('',#19116,#15600,#15601);
#12708=AXIS2_PLACEMENT_3D('',#19118,#15603,#15604);
#12709=AXIS2_PLACEMENT_3D('',#19120,#15606,#15607);
#12710=AXIS2_PLACEMENT_3D('',#19122,#15609,#15610);
#12711=AXIS2_PLACEMENT_3D('',#19124,#15612,#15613);
#12712=AXIS2_PLACEMENT_3D('',#19126,#15615,#15616);
#12713=AXIS2_PLACEMENT_3D('',#19130,#15618,#15619);
#12714=AXIS2_PLACEMENT_3D('',#19134,#15621,#15622);
#12715=AXIS2_PLACEMENT_3D('',#19137,#15625,#15626);
#12716=AXIS2_PLACEMENT_3D('',#19138,#15627,#15628);
#12717=AXIS2_PLACEMENT_3D('',#19139,#15629,#15630);
#12718=AXIS2_PLACEMENT_3D('',#19140,#15631,#15632);
#12719=AXIS2_PLACEMENT_3D('',#19141,#15633,#15634);
#12720=AXIS2_PLACEMENT_3D('',#19142,#15635,#15636);
#12721=AXIS2_PLACEMENT_3D('',#19143,#15637,#15638);
#12722=AXIS2_PLACEMENT_3D('',#19144,#15639,#15640);
#12723=AXIS2_PLACEMENT_3D('',#19145,#15641,#15642);
#12724=AXIS2_PLACEMENT_3D('',#19146,#15643,#15644);
#12725=AXIS2_PLACEMENT_3D('',#19147,#15645,#15646);
#12726=AXIS2_PLACEMENT_3D('',#19148,#15647,#15648);
#12727=AXIS2_PLACEMENT_3D('',#19149,#15649,#15650);
#12728=AXIS2_PLACEMENT_3D('',#19150,#15651,#15652);
#12729=AXIS2_PLACEMENT_3D('',#19151,#15653,#15654);
#12730=AXIS2_PLACEMENT_3D('',#19152,#15655,#15656);
#12731=AXIS2_PLACEMENT_3D('',#19153,#15657,#15658);
#12732=AXIS2_PLACEMENT_3D('',#19157,#15661,#15662);
#12733=AXIS2_PLACEMENT_3D('',#19161,#15665,#15666);
#12734=AXIS2_PLACEMENT_3D('',#19164,#15668,#15669);
#12735=AXIS2_PLACEMENT_3D('',#19165,#15670,#15671);
#12736=AXIS2_PLACEMENT_3D('',#19166,#15672,#15673);
#12737=AXIS2_PLACEMENT_3D('',#19167,#15674,#15675);
#12738=AXIS2_PLACEMENT_3D('',#19168,#15676,#15677);
#12739=AXIS2_PLACEMENT_3D('',#19169,#15678,#15679);
#12740=AXIS2_PLACEMENT_3D('',#19170,#15680,#15681);
#12741=AXIS2_PLACEMENT_3D('',#19171,#15682,#15683);
#12742=AXIS2_PLACEMENT_3D('',#19172,#15684,#15685);
#12743=AXIS2_PLACEMENT_3D('',#19173,#15686,#15687);
#12744=AXIS2_PLACEMENT_3D('',#19174,#15688,#15689);
#12745=AXIS2_PLACEMENT_3D('',#19175,#15690,#15691);
#12746=AXIS2_PLACEMENT_3D('',#19176,#15692,#15693);
#12747=AXIS2_PLACEMENT_3D('',#19177,#15694,#15695);
#12748=AXIS2_PLACEMENT_3D('',#19178,#15696,#15697);
#12749=AXIS2_PLACEMENT_3D('',#19179,#15698,#15699);
#12750=AXIS2_PLACEMENT_3D('',#19180,#15700,#15701);
#12751=AXIS2_PLACEMENT_3D('',#19181,#15702,#15703);
#12752=AXIS2_PLACEMENT_3D('',#19182,#15704,#15705);
#12753=AXIS2_PLACEMENT_3D('',#19183,#15706,#15707);
#12754=AXIS2_PLACEMENT_3D('',#19184,#15708,#15709);
#12755=AXIS2_PLACEMENT_3D('',#19185,#15710,#15711);
#12756=AXIS2_PLACEMENT_3D('',#19188,#15712,#15713);
#12757=AXIS2_PLACEMENT_3D('',#19191,#15716,#15717);
#12758=AXIS2_PLACEMENT_3D('',#19195,#15720,#15721);
#12759=AXIS2_PLACEMENT_3D('',#19200,#15723,#15724);
#12760=AXIS2_PLACEMENT_3D('',#19203,#15726,#15727);
#12761=AXIS2_PLACEMENT_3D('',#19204,#15728,#15729);
#12762=AXIS2_PLACEMENT_3D('',#19222,#15731,#15732);
#12763=AXIS2_PLACEMENT_3D('',#19223,#15733,#15734);
#12764=AXIS2_PLACEMENT_3D('',#19257,#15735,#15736);
#12765=AXIS2_PLACEMENT_3D('',#19272,#15739,#15740);
#12766=AXIS2_PLACEMENT_3D('',#19273,#15741,#15742);
#12767=AXIS2_PLACEMENT_3D('',#19293,#15743,#15744);
#12768=AXIS2_PLACEMENT_3D('',#19295,#15745,#15746);
#12769=AXIS2_PLACEMENT_3D('',#19296,#15747,#15748);
#12770=AXIS2_PLACEMENT_3D('',#19297,#15749,#15750);
#12771=AXIS2_PLACEMENT_3D('',#19299,#15751,#15752);
#12772=AXIS2_PLACEMENT_3D('',#19300,#15753,#15754);
#12773=AXIS2_PLACEMENT_3D('',#19301,#15755,#15756);
#12774=AXIS2_PLACEMENT_3D('',#19302,#15757,#15758);
#12775=AXIS2_PLACEMENT_3D('',#19304,#15760,#15761);
#12776=AXIS2_PLACEMENT_3D('',#19305,#15762,#15763);
#12777=AXIS2_PLACEMENT_3D('',#19306,#15764,#15765);
#12778=AXIS2_PLACEMENT_3D('',#19308,#15767,#15768);
#12779=AXIS2_PLACEMENT_3D('',#19310,#15770,#15771);
#12780=AXIS2_PLACEMENT_3D('',#19312,#15773,#15774);
#12781=AXIS2_PLACEMENT_3D('',#19314,#15776,#15777);
#12782=DIRECTION('axis',(0.,0.,1.));
#12783=DIRECTION('refdir',(1.,0.,0.));
#12784=DIRECTION('center_axis',(-1.63757896132211E-15,0.,1.));
#12785=DIRECTION('ref_axis',(1.,0.,1.63757896132211E-15));
#12786=DIRECTION('',(1.,0.,1.63757896132211E-15));
#12787=DIRECTION('',(0.986361303402723,-0.164594590280728,1.61524451871455E-15));
#12788=DIRECTION('',(-0.56602765836788,-0.824386250469144,-9.26914984869657E-16));
#12789=DIRECTION('center_axis',(-1.63757896132211E-15,0.,1.));
#12790=DIRECTION('ref_axis',(-0.396502116709062,-0.918033807354192,-6.33896322167537E-16));
#12791=DIRECTION('',(0.0596731605478207,0.998217969138121,9.77195122687075E-17));
#12792=DIRECTION('',(0.879473751206492,-0.475947393037068,1.44020771201078E-15));
#12793=DIRECTION('',(-0.803036496510752,-0.595929849287429,-1.31503567185982E-15));
#12794=DIRECTION('center_axis',(-1.63757896132211E-15,0.,1.));
#12795=DIRECTION('ref_axis',(-0.67310362831409,-0.739548176625707,-1.07610501040277E-15));
#12796=DIRECTION('',(0.380560748842627,0.924755922630582,6.23198275809672E-16));
#12797=DIRECTION('',(0.677281571625745,-0.735723910673128,1.10910205258549E-15));
#12798=DIRECTION('',(-0.953023869861593,-0.30289520213109,-1.56065183892312E-15));
#12799=DIRECTION('center_axis',(-1.63757896132211E-15,0.,1.));
#12800=DIRECTION('ref_axis',(-0.876763917512381,-0.480921025687527,-1.40170102327123E-15));
#12801=DIRECTION('',(0.660208674991905,0.75108222283944,1.08114383624909E-15));
#12802=DIRECTION('',(0.401695424652974,-0.915773326655055,6.5780797627106E-16));
#12803=DIRECTION('',(-0.999736319223966,0.0229628400794733,-1.63714716323077E-15));
#12804=DIRECTION('center_axis',(-1.63757896132211E-15,0.,1.));
#12805=DIRECTION('ref_axis',(-0.985413231854315,-0.170178619357527,-1.57540098063593E-15));
#12806=DIRECTION('',(0.868312747012713,0.496017109962183,1.42193068635582E-15));
#12807=DIRECTION('',(0.0825793454723348,-0.99658449300667,1.35230198785245E-16));
#12808=DIRECTION('',(-0.938111825891117,0.346332502262255,-1.53623218944676E-15));
#12809=DIRECTION('center_axis',(-1.63757896132211E-15,0.,1.));
#12810=DIRECTION('ref_axis',(-0.987277732263131,0.15900528097321,-1.57838179688386E-15));
#12811=DIRECTION('',(0.982321659634227,0.187200846722063,1.60862928306802E-15));
#12812=DIRECTION('',(-0.245485487140796,-0.969400265939331,-4.02001869051676E-16));
#12813=DIRECTION('',(-0.7748283599182,0.632171663922445,-1.26884262083776E-15));
#12814=DIRECTION('center_axis',(-1.63757896132211E-15,0.,1.));
#12815=DIRECTION('ref_axis',(-0.882155371188829,0.470958491889358,-1.41032045432245E-15));
#12816=DIRECTION('',(0.989880778143356,-0.141901532980811,1.62100793650471E-15));
#12817=DIRECTION('',(-0.546948158122426,-0.837166478262529,-8.95670796675161E-16));
#12818=DIRECTION('',(-0.527580218447405,0.849505216642598,-8.63954266139192E-16));
#12819=DIRECTION('center_axis',(-1.63757896132211E-15,0.,1.));
#12820=DIRECTION('ref_axis',(-0.681437787595305,0.731876042535357,-1.08942900715862E-15));
#12821=DIRECTION('',(0.890170954757825,-0.455626679756071,1.45772522749143E-15));
#12822=DIRECTION('',(-0.789140509396393,-0.614212712689669,-1.29227989571454E-15));
#12823=DIRECTION('',(-0.223160574057274,0.974781697707968,-3.65443061072756E-16));
#12824=DIRECTION('center_axis',(-1.63757896132211E-15,0.,1.));
#12825=DIRECTION('ref_axis',(-0.406875846119119,0.913483467745778,-6.50481022836414E-16));
#12826=DIRECTION('',(0.693997295998781,-0.719977606003395,1.13647537114204E-15));
#12827=DIRECTION('',(-0.945817241700635,-0.324699469204684,-1.54885041626466E-15));
#12828=DIRECTION('',(0.105441981225035,0.994425456530222,1.72669570094238E-16));
#12829=DIRECTION('center_axis',(-1.63757896132211E-15,0.,1.));
#12830=DIRECTION('ref_axis',(-0.0882225933866881,0.996100785069526,-1.41043326436864E-16));
#12831=DIRECTION('',(0.4226182617407,-0.90630778703665,6.92070774097089E-16));
#12832=DIRECTION('',(-1.,0.,-1.63757896132211E-15));
#12833=DIRECTION('',(0.4226182617407,0.906307787036649,6.9207077409709E-16));
#12834=DIRECTION('',(-1.,-7.21828896158937E-14,-1.63757896132211E-15));
#12835=DIRECTION('',(0.422618261740698,-0.906307787036651,0.));
#12836=DIRECTION('',(-1.,0.,-1.63757896132211E-15));
#12837=DIRECTION('',(0.422618261740698,0.906307787036651,0.));
#12838=DIRECTION('',(-1.,-1.54876927076931E-13,-1.63757896132211E-15));
#12839=DIRECTION('',(0.422618261740698,-0.906307787036651,0.));
#12840=DIRECTION('',(-1.,0.,-1.63757896132211E-15));
#12841=DIRECTION('',(0.422618261740698,0.906307787036651,0.));
#12842=DIRECTION('',(-1.,-1.54876927076931E-13,-1.63757896132211E-15));
#12843=DIRECTION('',(0.422618261740698,-0.906307787036651,0.));
#12844=DIRECTION('',(-1.,0.,-1.63757896132211E-15));
#12845=DIRECTION('',(0.422618261740698,0.906307787036651,0.));
#12846=DIRECTION('',(-1.,-1.54876927076931E-13,-1.63757896132211E-15));
#12847=DIRECTION('',(0.422618261740698,-0.906307787036651,0.));
#12848=DIRECTION('',(-1.,0.,-1.63757896132211E-15));
#12849=DIRECTION('',(0.422618261740698,0.906307787036651,0.));
#12850=DIRECTION('',(-1.,-1.54876927076931E-13,-1.63757896132211E-15));
#12851=DIRECTION('',(0.422618261740698,-0.906307787036651,0.));
#12852=DIRECTION('',(-1.,0.,-1.63757896132211E-15));
#12853=DIRECTION('',(0.422618261740698,0.906307787036651,0.));
#12854=DIRECTION('',(-1.,-1.54876927076931E-13,-1.63757896132211E-15));
#12855=DIRECTION('',(0.422618261740698,-0.906307787036651,0.));
#12856=DIRECTION('',(-1.,0.,-1.63757896132211E-15));
#12857=DIRECTION('',(0.422618261740698,0.906307787036651,0.));
#12858=DIRECTION('',(-1.,-1.54876927076931E-13,-1.63757896132211E-15));
#12859=DIRECTION('',(0.422618261740698,-0.906307787036651,0.));
#12860=DIRECTION('',(-1.,0.,-1.63757896132211E-15));
#12861=DIRECTION('',(0.422618261740698,0.906307787036651,0.));
#12862=DIRECTION('',(-1.,-1.54876927076931E-13,-1.63757896132211E-15));
#12863=DIRECTION('',(0.422618261740698,-0.906307787036651,0.));
#12864=DIRECTION('',(-1.,0.,-1.63757896132211E-15));
#12865=DIRECTION('',(0.422618261740698,0.906307787036651,0.));
#12866=DIRECTION('',(-1.,-1.54876927076931E-13,-1.63757896132211E-15));
#12867=DIRECTION('',(0.422618261740698,-0.906307787036651,0.));
#12868=DIRECTION('',(-1.,0.,-1.63757896132211E-15));
#12869=DIRECTION('',(0.422618261740698,0.906307787036651,0.));
#12870=DIRECTION('',(-1.,-1.54876927076931E-13,-1.63757896132211E-15));
#12871=DIRECTION('',(0.422618261740698,-0.906307787036651,0.));
#12872=DIRECTION('',(-1.,0.,-1.63757896132211E-15));
#12873=DIRECTION('',(0.422618261740698,0.906307787036651,0.));
#12874=DIRECTION('',(-1.,-1.54876927076931E-13,-1.63757896132211E-15));
#12875=DIRECTION('',(0.422618261740698,-0.906307787036651,0.));
#12876=DIRECTION('',(-1.,0.,-1.63757896132211E-15));
#12877=DIRECTION('',(0.422618261740698,0.906307787036651,0.));
#12878=DIRECTION('',(-1.,-1.54876927076931E-13,-1.63757896132211E-15));
#12879=DIRECTION('',(0.422618261740698,-0.906307787036651,0.));
#12880=DIRECTION('',(-1.,0.,-1.63757896132211E-15));
#12881=DIRECTION('',(0.422618261740698,0.906307787036651,0.));
#12882=DIRECTION('',(-1.,-1.54876927076931E-13,-1.63757896132211E-15));
#12883=DIRECTION('',(0.422618261740698,-0.906307787036651,0.));
#12884=DIRECTION('',(-1.,0.,-1.63757896132211E-15));
#12885=DIRECTION('',(0.422618261740698,0.906307787036651,0.));
#12886=DIRECTION('',(-1.,-1.5487692707693E-13,-1.63757896132211E-15));
#12887=DIRECTION('',(0.422618261740698,-0.906307787036651,0.));
#12888=DIRECTION('',(-1.,0.,-1.63757896132211E-15));
#12889=DIRECTION('',(-1.55005007797201E-13,1.,-2.53832939668266E-28));
#12890=DIRECTION('',(1.,1.55005007797201E-13,1.63757896132211E-15));
#12891=DIRECTION('center_axis',(1.63757896132211E-15,0.,-1.));
#12892=DIRECTION('ref_axis',(1.,0.,1.59872115546023E-15));
#12893=DIRECTION('',(-0.998850334629112,0.0479375532470203,-1.63569629349818E-15));
#12894=DIRECTION('',(-1.,4.18241292991916E-14,-1.63757896132211E-15));
#12895=DIRECTION('',(-2.13295157868373E-5,0.999999999772526,-3.49287663077125E-20));
#12896=DIRECTION('',(0.999999999772526,2.13295157868373E-5,1.6375789609496E-15));
#12897=DIRECTION('',(0.,-1.,0.));
#12898=DIRECTION('',(1.,-2.85299602510138E-14,1.63757896132211E-15));
#12899=DIRECTION('',(-0.42261826174074,0.906307787036631,0.));
#12900=DIRECTION('',(0.999999999772526,2.13295157868373E-5,1.6375789609496E-15));
#12901=DIRECTION('',(0.,-1.,0.));
#12902=DIRECTION('',(1.,-2.85299602510138E-14,1.63757896132211E-15));
#12903=DIRECTION('',(-0.42261826174074,0.906307787036631,0.));
#12904=DIRECTION('',(0.999999999772526,2.13295157868373E-5,1.6375789609496E-15));
#12905=DIRECTION('',(0.,-1.,0.));
#12906=DIRECTION('',(1.,-2.85299602510138E-14,1.63757896132211E-15));
#12907=DIRECTION('',(-0.42261826174074,0.906307787036631,0.));
#12908=DIRECTION('',(0.999999999772526,2.13295157868373E-5,1.6375789609496E-15));
#12909=DIRECTION('',(0.,-1.,0.));
#12910=DIRECTION('',(1.,-2.85299602510138E-14,1.63757896132211E-15));
#12911=DIRECTION('',(-0.42261826174074,0.906307787036631,0.));
#12912=DIRECTION('',(0.999999999772526,2.13295157868373E-5,1.6375789609496E-15));
#12913=DIRECTION('',(0.,-1.,0.));
#12914=DIRECTION('',(1.,-2.85299602510138E-14,1.63757896132211E-15));
#12915=DIRECTION('',(-0.42261826174074,0.906307787036631,0.));
#12916=DIRECTION('',(0.999999999772526,2.13295157868373E-5,1.6375789609496E-15));
#12917=DIRECTION('',(0.,-1.,0.));
#12918=DIRECTION('',(1.,-2.85299602510138E-14,1.63757896132211E-15));
#12919=DIRECTION('',(-0.42261826174074,0.906307787036631,0.));
#12920=DIRECTION('',(0.999999999772526,2.13295157868373E-5,1.6375789609496E-15));
#12921=DIRECTION('',(0.,-1.,0.));
#12922=DIRECTION('',(1.,-2.85299602510138E-14,1.63757896132211E-15));
#12923=DIRECTION('',(-0.42261826174074,0.906307787036631,0.));
#12924=DIRECTION('',(0.999999999772526,2.13295157868373E-5,1.6375789609496E-15));
#12925=DIRECTION('',(0.,-1.,0.));
#12926=DIRECTION('',(1.,-2.85299602510138E-14,1.63757896132211E-15));
#12927=DIRECTION('',(-0.42261826174074,0.906307787036631,0.));
#12928=DIRECTION('',(0.999999999772526,2.13295157868373E-5,1.6375789609496E-15));
#12929=DIRECTION('',(0.,-1.,0.));
#12930=DIRECTION('',(1.,-2.85299602510138E-14,1.63757896132211E-15));
#12931=DIRECTION('',(-0.42261826174074,0.906307787036631,0.));
#12932=DIRECTION('',(0.999999999772526,2.13295157868373E-5,1.6375789609496E-15));
#12933=DIRECTION('',(0.,-1.,0.));
#12934=DIRECTION('',(1.,-2.85299602510138E-14,1.63757896132211E-15));
#12935=DIRECTION('',(-0.42261826174074,0.906307787036631,0.));
#12936=DIRECTION('',(0.999999999772526,2.13295157868373E-5,1.6375789609496E-15));
#12937=DIRECTION('',(0.,-1.,0.));
#12938=DIRECTION('',(1.,-2.85299602510138E-14,1.63757896132211E-15));
#12939=DIRECTION('',(-0.42261826174074,0.906307787036631,0.));
#12940=DIRECTION('',(0.999999999772526,2.13295157868373E-5,1.6375789609496E-15));
#12941=DIRECTION('',(0.,-1.,0.));
#12942=DIRECTION('',(1.,-2.85299602510138E-14,1.63757896132211E-15));
#12943=DIRECTION('',(-0.42261826174074,0.906307787036631,0.));
#12944=DIRECTION('',(0.999999999772526,2.13295157868373E-5,1.6375789609496E-15));
#12945=DIRECTION('',(0.,-1.,0.));
#12946=DIRECTION('',(1.,-2.85299602510138E-14,1.63757896132211E-15));
#12947=DIRECTION('',(-0.42261826174074,0.906307787036631,0.));
#12948=DIRECTION('',(0.999999999772526,2.13295157868373E-5,1.6375789609496E-15));
#12949=DIRECTION('',(-0.422598930538336,-0.906316801073364,0.));
#12950=DIRECTION('',(1.,0.,1.63757896132211E-15));
#12951=DIRECTION('',(-0.422618261740699,0.90630778703665,0.));
#12952=DIRECTION('',(1.,0.,1.63757896132211E-15));
#12953=DIRECTION('',(-0.422618261740697,-0.906307787036651,0.));
#12954=DIRECTION('center_axis',(0.116385950934123,0.697462766336067,0.707106781186548));
#12955=DIRECTION('ref_axis',(0.986723469172013,0.,-0.162409345128744));
#12956=DIRECTION('',(0.986723469172013,0.,-0.162409345128744));
#12957=DIRECTION('',(-0.198342380891501,0.713926037778111,-0.671542934237818));
#12958=DIRECTION('',(-0.986361303402723,0.164594590280728,-1.61524451871455E-15));
#12959=DIRECTION('',(-0.419407049125087,-0.610841890033297,0.671542934237817));
#12960=DIRECTION('',(-0.419407049125087,-0.610841890033297,0.671542934237817));
#12961=DIRECTION('center_axis',(0.,1.,0.));
#12962=DIRECTION('ref_axis',(-1.,0.,0.));
#12963=DIRECTION('',(0.,0.,1.));
#12964=DIRECTION('',(1.,0.,1.63757896132211E-15));
#12965=DIRECTION('',(0.986723469172012,0.,0.162409345128747));
#12966=DIRECTION('',(1.59872115546023E-15,0.,-1.));
#12967=DIRECTION('center_axis',(-1.63757896132211E-15,0.,1.));
#12968=DIRECTION('ref_axis',(1.,0.,1.63757896132211E-15));
#12969=DIRECTION('',(0.422618261740697,0.906307787036651,0.));
#12970=DIRECTION('',(-1.,0.,-1.63757896132211E-15));
#12971=DIRECTION('',(0.422618261740699,-0.90630778703665,0.));
#12972=DIRECTION('',(1.,0.,1.63757896132211E-15));
#12973=DIRECTION('',(-0.422598930538336,-0.906316801073364,0.));
#12974=DIRECTION('',(-0.999999999772526,-2.13295157868373E-5,-1.6375789609496E-15));
#12975=DIRECTION('',(-0.42261826174074,0.906307787036631,0.));
#12976=DIRECTION('',(1.,-2.85299602510138E-14,1.63757896132211E-15));
#12977=DIRECTION('',(0.,1.,0.));
#12978=DIRECTION('',(-0.999999999772526,-2.13295157868373E-5,-1.6375789609496E-15));
#12979=DIRECTION('',(-0.42261826174074,0.906307787036631,0.));
#12980=DIRECTION('',(1.,-2.85299602510138E-14,1.63757896132211E-15));
#12981=DIRECTION('',(0.,1.,0.));
#12982=DIRECTION('',(-0.999999999772526,-2.13295157868373E-5,-1.6375789609496E-15));
#12983=DIRECTION('',(-0.42261826174074,0.906307787036631,0.));
#12984=DIRECTION('',(1.,-2.85299602510138E-14,1.63757896132211E-15));
#12985=DIRECTION('',(0.,1.,0.));
#12986=DIRECTION('',(-0.999999999772526,-2.13295157868373E-5,-1.6375789609496E-15));
#12987=DIRECTION('',(-0.42261826174074,0.906307787036631,0.));
#12988=DIRECTION('',(1.,-2.85299602510138E-14,1.63757896132211E-15));
#12989=DIRECTION('',(0.,1.,0.));
#12990=DIRECTION('',(-0.999999999772526,-2.13295157868373E-5,-1.6375789609496E-15));
#12991=DIRECTION('',(-0.42261826174074,0.906307787036631,0.));
#12992=DIRECTION('',(1.,-2.85299602510138E-14,1.63757896132211E-15));
#12993=DIRECTION('',(0.,1.,0.));
#12994=DIRECTION('',(-0.999999999772526,-2.13295157868373E-5,-1.6375789609496E-15));
#12995=DIRECTION('',(-0.42261826174074,0.906307787036631,0.));
#12996=DIRECTION('',(1.,-2.85299602510138E-14,1.63757896132211E-15));
#12997=DIRECTION('',(0.,1.,0.));
#12998=DIRECTION('',(-0.999999999772526,-2.13295157868373E-5,-1.6375789609496E-15));
#12999=DIRECTION('',(-0.42261826174074,0.906307787036631,0.));
#13000=DIRECTION('',(1.,-2.85299602510138E-14,1.63757896132211E-15));
#13001=DIRECTION('',(0.,1.,0.));
#13002=DIRECTION('',(-0.999999999772526,-2.13295157868373E-5,-1.6375789609496E-15));
#13003=DIRECTION('',(-0.42261826174074,0.906307787036631,0.));
#13004=DIRECTION('',(1.,-2.85299602510138E-14,1.63757896132211E-15));
#13005=DIRECTION('',(0.,1.,0.));
#13006=DIRECTION('',(-0.999999999772526,-2.13295157868373E-5,-1.6375789609496E-15));
#13007=DIRECTION('',(-0.42261826174074,0.906307787036631,0.));
#13008=DIRECTION('',(1.,-2.85299602510138E-14,1.63757896132211E-15));
#13009=DIRECTION('',(0.,1.,0.));
#13010=DIRECTION('',(-0.999999999772526,-2.13295157868373E-5,-1.6375789609496E-15));
#13011=DIRECTION('',(-0.42261826174074,0.906307787036631,0.));
#13012=DIRECTION('',(1.,-2.85299602510138E-14,1.63757896132211E-15));
#13013=DIRECTION('',(0.,1.,0.));
#13014=DIRECTION('',(-0.999999999772526,-2.13295157868373E-5,-1.6375789609496E-15));
#13015=DIRECTION('',(-0.42261826174074,0.906307787036631,0.));
#13016=DIRECTION('',(1.,-2.85299602510138E-14,1.63757896132211E-15));
#13017=DIRECTION('',(0.,1.,0.));
#13018=DIRECTION('',(-0.999999999772526,-2.13295157868373E-5,-1.6375789609496E-15));
#13019=DIRECTION('',(-0.42261826174074,0.906307787036631,0.));
#13020=DIRECTION('',(1.,-2.85299602510138E-14,1.63757896132211E-15));
#13021=DIRECTION('',(0.,1.,0.));
#13022=DIRECTION('',(-0.999999999772526,-2.13295157868373E-5,-1.6375789609496E-15));
#13023=DIRECTION('',(-0.42261826174074,0.906307787036631,0.));
#13024=DIRECTION('',(1.,-2.85299602510138E-14,1.63757896132211E-15));
#13025=DIRECTION('',(0.,1.,0.));
#13026=DIRECTION('',(-0.999999999772526,-2.13295157868373E-5,-1.6375789609496E-15));
#13027=DIRECTION('',(2.13295157868373E-5,-0.999999999772526,3.49287663077125E-20));
#13028=DIRECTION('',(-1.,4.18241292991916E-14,-1.63757896132211E-15));
#13029=DIRECTION('',(-0.998850334629112,0.0479375532470203,-1.63569629349818E-15));
#13030=DIRECTION('center_axis',(1.63757896132211E-15,0.,-1.));
#13031=DIRECTION('ref_axis',(1.,0.,1.59872115546023E-15));
#13032=DIRECTION('',(1.,1.55005007797201E-13,1.63757896132211E-15));
#13033=DIRECTION('',(1.55005007797201E-13,-1.,2.53832939668266E-28));
#13034=DIRECTION('',(1.,0.,1.63757896132211E-15));
#13035=DIRECTION('',(0.422618261740698,-0.906307787036651,0.));
#13036=DIRECTION('',(-1.,-1.5487692707693E-13,-1.63757896132211E-15));
#13037=DIRECTION('',(0.422618261740698,0.906307787036651,0.));
#13038=DIRECTION('',(1.,0.,1.63757896132211E-15));
#13039=DIRECTION('',(0.422618261740698,-0.906307787036651,0.));
#13040=DIRECTION('',(-1.,-1.54876927076931E-13,-1.63757896132211E-15));
#13041=DIRECTION('',(0.422618261740698,0.906307787036651,0.));
#13042=DIRECTION('',(1.,0.,1.63757896132211E-15));
#13043=DIRECTION('',(0.422618261740698,-0.906307787036651,0.));
#13044=DIRECTION('',(-1.,-1.54876927076931E-13,-1.63757896132211E-15));
#13045=DIRECTION('',(0.422618261740698,0.906307787036651,0.));
#13046=DIRECTION('',(1.,0.,1.63757896132211E-15));
#13047=DIRECTION('',(0.422618261740698,-0.906307787036651,0.));
#13048=DIRECTION('',(-1.,-1.54876927076931E-13,-1.63757896132211E-15));
#13049=DIRECTION('',(0.422618261740698,0.906307787036651,0.));
#13050=DIRECTION('',(1.,0.,1.63757896132211E-15));
#13051=DIRECTION('',(0.422618261740698,-0.906307787036651,0.));
#13052=DIRECTION('',(-1.,-1.54876927076931E-13,-1.63757896132211E-15));
#13053=DIRECTION('',(0.422618261740698,0.906307787036651,0.));
#13054=DIRECTION('',(1.,0.,1.63757896132211E-15));
#13055=DIRECTION('',(0.422618261740698,-0.906307787036651,0.));
#13056=DIRECTION('',(-1.,-1.54876927076931E-13,-1.63757896132211E-15));
#13057=DIRECTION('',(0.422618261740698,0.906307787036651,0.));
#13058=DIRECTION('',(1.,0.,1.63757896132211E-15));
#13059=DIRECTION('',(0.422618261740698,-0.906307787036651,0.));
#13060=DIRECTION('',(-1.,-1.54876927076931E-13,-1.63757896132211E-15));
#13061=DIRECTION('',(0.422618261740698,0.906307787036651,0.));
#13062=DIRECTION('',(1.,0.,1.63757896132211E-15));
#13063=DIRECTION('',(0.422618261740698,-0.906307787036651,0.));
#13064=DIRECTION('',(-1.,-1.54876927076931E-13,-1.63757896132211E-15));
#13065=DIRECTION('',(0.422618261740698,0.906307787036651,0.));
#13066=DIRECTION('',(1.,0.,1.63757896132211E-15));
#13067=DIRECTION('',(0.422618261740698,-0.906307787036651,0.));
#13068=DIRECTION('',(-1.,-1.54876927076931E-13,-1.63757896132211E-15));
#13069=DIRECTION('',(0.422618261740698,0.906307787036651,0.));
#13070=DIRECTION('',(1.,0.,1.63757896132211E-15));
#13071=DIRECTION('',(0.422618261740698,-0.906307787036651,0.));
#13072=DIRECTION('',(-1.,-1.54876927076931E-13,-1.63757896132211E-15));
#13073=DIRECTION('',(0.422618261740698,0.906307787036651,0.));
#13074=DIRECTION('',(1.,0.,1.63757896132211E-15));
#13075=DIRECTION('',(0.422618261740698,-0.906307787036651,0.));
#13076=DIRECTION('',(-1.,-1.54876927076931E-13,-1.63757896132211E-15));
#13077=DIRECTION('',(0.422618261740698,0.906307787036651,0.));
#13078=DIRECTION('',(1.,0.,1.63757896132211E-15));
#13079=DIRECTION('',(0.422618261740698,-0.906307787036651,0.));
#13080=DIRECTION('',(-1.,-1.54876927076931E-13,-1.63757896132211E-15));
#13081=DIRECTION('',(0.422618261740698,0.906307787036651,0.));
#13082=DIRECTION('',(1.,0.,1.63757896132211E-15));
#13083=DIRECTION('',(0.422618261740698,-0.906307787036651,0.));
#13084=DIRECTION('',(-1.,-1.54876927076931E-13,-1.63757896132211E-15));
#13085=DIRECTION('',(0.422618261740698,0.906307787036651,0.));
#13086=DIRECTION('',(1.,0.,1.63757896132211E-15));
#13087=DIRECTION('',(0.422618261740698,-0.906307787036651,0.));
#13088=DIRECTION('',(-1.,-7.21828896158937E-14,-1.63757896132211E-15));
#13089=DIRECTION('',(0.4226182617407,0.906307787036649,6.9207077409709E-16));
#13090=DIRECTION('',(1.,0.,1.63757896132211E-15));
#13091=DIRECTION('',(0.4226182617407,-0.90630778703665,6.92070774097089E-16));
#13092=DIRECTION('center_axis',(-1.63757896132211E-15,0.,1.));
#13093=DIRECTION('ref_axis',(-0.0882225933866881,0.996100785069526,-1.41043326436864E-16));
#13094=DIRECTION('',(0.105441981225035,0.994425456530222,1.72669570094238E-16));
#13095=DIRECTION('',(0.945817241700635,0.324699469204684,1.54885041626466E-15));
#13096=DIRECTION('',(0.693997295998781,-0.719977606003395,1.13647537114204E-15));
#13097=DIRECTION('center_axis',(-1.63757896132211E-15,0.,1.));
#13098=DIRECTION('ref_axis',(-0.406875846119119,0.913483467745778,-6.50481022836414E-16));
#13099=DIRECTION('',(-0.223160574057274,0.974781697707968,-3.65443061072756E-16));
#13100=DIRECTION('',(0.789140509396393,0.614212712689669,1.29227989571454E-15));
#13101=DIRECTION('',(0.890170954757825,-0.455626679756071,1.45772522749143E-15));
#13102=DIRECTION('center_axis',(-1.63757896132211E-15,0.,1.));
#13103=DIRECTION('ref_axis',(-0.681437787595305,0.731876042535357,-1.08942900715862E-15));
#13104=DIRECTION('',(-0.527580218447405,0.849505216642598,-8.63954266139192E-16));
#13105=DIRECTION('',(0.546948158122426,0.837166478262529,8.95670796675161E-16));
#13106=DIRECTION('',(0.989880778143356,-0.141901532980811,1.62100793650471E-15));
#13107=DIRECTION('center_axis',(-1.63757896132211E-15,0.,1.));
#13108=DIRECTION('ref_axis',(-0.882155371188829,0.470958491889358,-1.41032045432245E-15));
#13109=DIRECTION('',(-0.7748283599182,0.632171663922445,-1.26884262083776E-15));
#13110=DIRECTION('',(0.245485487140796,0.969400265939331,4.02001869051676E-16));
#13111=DIRECTION('',(0.982321659634227,0.187200846722063,1.60862928306802E-15));
#13112=DIRECTION('center_axis',(-1.63757896132211E-15,0.,1.));
#13113=DIRECTION('ref_axis',(-0.987277732263131,0.15900528097321,-1.57838179688386E-15));
#13114=DIRECTION('',(-0.938111825891117,0.346332502262255,-1.53623218944676E-15));
#13115=DIRECTION('',(-0.0825793454723348,0.99658449300667,-1.35230198785245E-16));
#13116=DIRECTION('',(0.868312747012713,0.496017109962183,1.42193068635582E-15));
#13117=DIRECTION('center_axis',(-1.63757896132211E-15,0.,1.));
#13118=DIRECTION('ref_axis',(-0.985413231854315,-0.170178619357527,-1.57540098063593E-15));
#13119=DIRECTION('',(-0.999736319223966,0.0229628400794733,-1.63714716323077E-15));
#13120=DIRECTION('',(-0.401695424652974,0.915773326655055,-6.5780797627106E-16));
#13121=DIRECTION('',(0.660208674991905,0.75108222283944,1.08114383624909E-15));
#13122=DIRECTION('center_axis',(-1.63757896132211E-15,0.,1.));
#13123=DIRECTION('ref_axis',(-0.876763917512381,-0.480921025687527,-1.40170102327123E-15));
#13124=DIRECTION('',(-0.953023869861593,-0.30289520213109,-1.56065183892312E-15));
#13125=DIRECTION('',(-0.677281571625745,0.735723910673128,-1.10910205258549E-15));
#13126=DIRECTION('',(0.380560748842627,0.924755922630582,6.23198275809672E-16));
#13127=DIRECTION('center_axis',(-1.63757896132211E-15,0.,1.));
#13128=DIRECTION('ref_axis',(-0.67310362831409,-0.739548176625707,-1.07610501040277E-15));
#13129=DIRECTION('',(-0.803036496510752,-0.595929849287429,-1.31503567185982E-15));
#13130=DIRECTION('',(-0.879473751206492,0.475947393037068,-1.44020771201078E-15));
#13131=DIRECTION('',(0.0596731605478207,0.998217969138121,9.77195122687075E-17));
#13132=DIRECTION('center_axis',(-1.63757896132211E-15,0.,1.));
#13133=DIRECTION('ref_axis',(-0.396502116709062,-0.918033807354192,-6.33896322167537E-16));
#13134=DIRECTION('',(-0.56602765836788,-0.824386250469144,-9.26914984869657E-16));
#13135=DIRECTION('',(-0.986361303402723,0.164594590280728,-1.61524451871455E-15));
#13136=DIRECTION('center_axis',(0.116385950934125,0.697462766336067,-0.707106781186547));
#13137=DIRECTION('ref_axis',(-0.986723469172012,0.,-0.162409345128747));
#13138=DIRECTION('',(0.419407049125084,0.610841890033297,0.671542934237819));
#13139=DIRECTION('',(0.419407049125084,0.610841890033297,0.671542934237819));
#13140=DIRECTION('',(0.986361303402723,-0.164594590280728,1.61524451871455E-15));
#13141=DIRECTION('',(0.198342380891504,-0.71392603777811,-0.671542934237818));
#13142=DIRECTION('center_axis',(0.994425456530222,-0.105441981225035,1.58980901488306E-15));
#13143=DIRECTION('ref_axis',(0.105441981225035,0.994425456530222,1.72669570094238E-16));
#13144=DIRECTION('',(0.078128885657301,0.736835100074101,0.671542934237818));
#13145=DIRECTION('',(-1.59872115546023E-15,0.,1.));
#13146=DIRECTION('center_axis',(0.994425456530222,-0.105441981225035,1.58980901488306E-15));
#13147=DIRECTION('ref_axis',(0.105441981225035,0.994425456530222,1.72669570094238E-16));
#13148=DIRECTION('',(-1.59872115546023E-15,0.,1.));
#13149=DIRECTION('',(-0.0781288856573033,-0.736835100074101,0.671542934237817));
#13150=DIRECTION('center_axis',(-0.90630778703665,-0.4226182617407,-1.44893343249383E-15));
#13151=DIRECTION('ref_axis',(0.4226182617407,-0.90630778703665,6.92070774097089E-16));
#13152=DIRECTION('',(1.59872115546023E-15,0.,-1.));
#13153=DIRECTION('',(0.313145613014975,-0.671542934237818,-0.671542934237817));
#13154=DIRECTION('center_axis',(-0.90630778703665,-0.4226182617407,-1.44893343249383E-15));
#13155=DIRECTION('ref_axis',(0.4226182617407,-0.90630778703665,6.92070774097089E-16));
#13156=DIRECTION('',(-0.313145613014972,0.671542934237818,-0.671542934237819));
#13157=DIRECTION('',(1.59872115546023E-15,0.,-1.));
#13158=DIRECTION('center_axis',(0.974781697707968,0.223160574057274,1.55840412208116E-15));
#13159=DIRECTION('ref_axis',(-0.223160574057274,0.974781697707968,-3.65443061072756E-16));
#13160=DIRECTION('',(-0.165354318755907,0.722279749642778,0.671542934237816));
#13161=DIRECTION('',(-1.59872115546023E-15,0.,1.));
#13162=DIRECTION('center_axis',(0.974781697707968,0.223160574057274,1.55840412208116E-15));
#13163=DIRECTION('ref_axis',(-0.223160574057274,0.974781697707968,-3.65443061072756E-16));
#13164=DIRECTION('',(-1.59872115546023E-15,0.,1.));
#13165=DIRECTION('',(0.165354318755905,-0.722279749642778,0.671542934237817));
#13166=DIRECTION('center_axis',(-0.719977606003395,-0.693997295998782,-1.15104343017523E-15));
#13167=DIRECTION('ref_axis',(0.693997295998782,-0.719977606003395,1.13647537114204E-15));
#13168=DIRECTION('',(1.59872115546023E-15,0.,-1.));
#13169=DIRECTION('',(0.514228154247657,-0.533478671414624,-0.671542934237816));
#13170=DIRECTION('center_axis',(-0.719977606003395,-0.693997295998782,-1.15104343017523E-15));
#13171=DIRECTION('ref_axis',(0.693997295998782,-0.719977606003395,1.13647537114204E-15));
#13172=DIRECTION('',(-0.514228154247655,0.533478671414624,-0.671542934237818));
#13173=DIRECTION('',(1.59872115546023E-15,0.,-1.));
#13174=DIRECTION('center_axis',(0.849505216642598,0.527580218447405,1.35812196152034E-15));
#13175=DIRECTION('ref_axis',(-0.527580218447405,0.849505216642598,-8.63954266139192E-16));
#13176=DIRECTION('',(-0.390918816995305,0.629454181012607,0.671542934237819));
#13177=DIRECTION('',(-1.59872115546023E-15,0.,1.));
#13178=DIRECTION('center_axis',(0.849505216642598,0.527580218447405,1.35812196152034E-15));
#13179=DIRECTION('ref_axis',(-0.527580218447405,0.849505216642598,-8.63954266139192E-16));
#13180=DIRECTION('',(-1.59872115546023E-15,0.,1.));
#13181=DIRECTION('',(0.390918816995303,-0.629454181012608,0.671542934237819));
#13182=DIRECTION('center_axis',(-0.455626679756071,-0.890170954757826,-7.28420011918132E-16));
#13183=DIRECTION('ref_axis',(0.890170954757825,-0.455626679756071,1.45772522749143E-15));
#13184=DIRECTION('',(1.59872115546023E-15,0.,-1.));
#13185=DIRECTION('',(0.659586095895674,-0.337603716769184,-0.671542934237816));
#13186=DIRECTION('center_axis',(-0.455626679756071,-0.890170954757826,-7.28420011918132E-16));
#13187=DIRECTION('ref_axis',(0.890170954757825,-0.455626679756071,1.45772522749143E-15));
#13188=DIRECTION('',(-0.659586095895671,0.337603716769184,-0.671542934237818));
#13189=DIRECTION('',(1.59872115546023E-15,0.,-1.));
#13190=DIRECTION('center_axis',(0.632171663922445,0.7748283599182,1.0106662129953E-15));
#13191=DIRECTION('ref_axis',(-0.7748283599182,0.632171663922445,-1.26884262083776E-15));
#13192=DIRECTION('',(-0.574121195682835,0.468417484881784,0.671542934237816));
#13193=DIRECTION('',(-1.59872115546023E-15,0.,1.));
#13194=DIRECTION('center_axis',(0.632171663922445,0.7748283599182,1.0106662129953E-15));
#13195=DIRECTION('ref_axis',(-0.7748283599182,0.632171663922445,-1.26884262083776E-15));
#13196=DIRECTION('',(-1.59872115546023E-15,0.,1.));
#13197=DIRECTION('',(0.574121195682833,-0.468417484881784,0.671542934237818));
#13198=DIRECTION('center_axis',(-0.141901532980811,-0.989880778143356,-2.2686098276866E-16));
#13199=DIRECTION('ref_axis',(0.989880778143356,-0.141901532980811,1.62100793650471E-15));
#13200=DIRECTION('',(1.59872115546023E-15,0.,-1.));
#13201=DIRECTION('',(0.733467649520618,-0.105144160950396,-0.671542934237817));
#13202=DIRECTION('center_axis',(-0.141901532980811,-0.989880778143356,-2.2686098276866E-16));
#13203=DIRECTION('ref_axis',(0.989880778143356,-0.141901532980811,1.62100793650471E-15));
#13204=DIRECTION('',(-0.733467649520617,0.105144160950396,-0.671542934237818));
#13205=DIRECTION('',(1.59872115546023E-15,0.,-1.));
#13206=DIRECTION('center_axis',(0.346332502262255,0.938111825891117,5.53689098190143E-16));
#13207=DIRECTION('ref_axis',(-0.938111825891117,0.346332502262255,-1.53623218944676E-15));
#13208=DIRECTION('',(-0.695108634409917,0.256620486017865,0.671542934237816));
#13209=DIRECTION('',(-1.59872115546023E-15,0.,1.));
#13210=DIRECTION('center_axis',(0.346332502262255,0.938111825891117,5.53689098190143E-16));
#13211=DIRECTION('ref_axis',(-0.938111825891117,0.346332502262255,-1.53623218944676E-15));
#13212=DIRECTION('',(-1.59872115546023E-15,0.,1.));
#13213=DIRECTION('',(0.695108634409915,-0.256620486017865,0.671542934237818));
#13214=DIRECTION('center_axis',(0.187200846722063,-0.982321659634227,2.99281953974629E-16));
#13215=DIRECTION('ref_axis',(0.982321659634227,0.187200846722063,1.60862928306802E-15));
#13216=DIRECTION('',(1.59872115546023E-15,0.,-1.));
#13217=DIRECTION('',(0.727866602396805,0.138709396187119,-0.671542934237817));
#13218=DIRECTION('center_axis',(0.187200846722063,-0.982321659634227,2.99281953974629E-16));
#13219=DIRECTION('ref_axis',(0.982321659634227,0.187200846722063,1.60862928306802E-15));
#13220=DIRECTION('',(-0.727866602396803,-0.13870939618712,-0.671542934237819));
#13221=DIRECTION('',(1.59872115546023E-15,0.,-1.));
#13222=DIRECTION('center_axis',(0.0229628400794733,0.999736319223967,3.67111782245039E-17));
#13223=DIRECTION('ref_axis',(-0.999736319223966,0.0229628400794733,-1.63714716323077E-15));
#13224=DIRECTION('',(-0.74077026687693,0.0170146756167943,0.671542934237817));
#13225=DIRECTION('',(-1.59872115546023E-15,0.,1.));
#13226=DIRECTION('center_axis',(0.0229628400794733,0.999736319223967,3.67111782245039E-17));
#13227=DIRECTION('ref_axis',(-0.999736319223966,0.0229628400794733,-1.63714716323077E-15));
#13228=DIRECTION('',(-1.59872115546023E-15,0.,1.));
#13229=DIRECTION('',(0.740770266876928,-0.0170146756167943,0.671542934237819));
#13230=DIRECTION('center_axis',(0.496017109962183,-0.868312747012713,7.92993047166782E-16));
#13231=DIRECTION('ref_axis',(0.868312747012713,0.496017109962183,1.42193068635582E-15));
#13232=DIRECTION('',(1.59872115546023E-15,0.,-1.));
#13233=DIRECTION('',(0.643389914889298,0.367531637949721,-0.671542934237817));
#13234=DIRECTION('center_axis',(0.496017109962183,-0.868312747012713,7.92993047166782E-16));
#13235=DIRECTION('ref_axis',(0.868312747012713,0.496017109962183,1.42193068635582E-15));
#13236=DIRECTION('',(-0.643389914889296,-0.367531637949721,-0.671542934237819));
#13237=DIRECTION('',(1.59872115546023E-15,0.,-1.));
#13238=DIRECTION('center_axis',(-0.30289520213109,0.953023869861593,-4.84244967534374E-16));
#13239=DIRECTION('ref_axis',(-0.953023869861593,-0.30289520213109,-1.56065183892312E-15));
#13240=DIRECTION('',(-0.706157946692842,-0.224434938897246,0.671542934237818));
#13241=DIRECTION('',(-1.59872115546023E-15,0.,1.));
#13242=DIRECTION('center_axis',(-0.30289520213109,0.953023869861593,-4.84244967534374E-16));
#13243=DIRECTION('ref_axis',(-0.953023869861593,-0.30289520213109,-1.56065183892312E-15));
#13244=DIRECTION('',(-1.59872115546023E-15,0.,1.));
#13245=DIRECTION('',(0.70615794669284,0.224434938897246,0.67154293423782));
#13246=DIRECTION('center_axis',(0.75108222283944,-0.660208674991905,1.2007710391435E-15));
#13247=DIRECTION('ref_axis',(0.660208674991905,0.75108222283944,1.08114383624909E-15));
#13248=DIRECTION('',(1.59872115546023E-15,0.,-1.));
#13249=DIRECTION('',(0.489191946880401,0.556526123899521,-0.671542934237818));
#13250=DIRECTION('center_axis',(0.75108222283944,-0.660208674991905,1.2007710391435E-15));
#13251=DIRECTION('ref_axis',(0.660208674991905,0.75108222283944,1.08114383624909E-15));
#13252=DIRECTION('',(-0.489191946880398,-0.556526123899521,-0.671542934237819));
#13253=DIRECTION('',(1.59872115546023E-15,0.,-1.));
#13254=DIRECTION('center_axis',(-0.595929849287429,0.803036496510752,-9.52725657226036E-16));
#13255=DIRECTION('ref_axis',(-0.803036496510752,-0.595929849287429,-1.31503567185982E-15));
#13256=DIRECTION('',(-0.595022455815092,-0.441563545314874,0.671542934237817));
#13257=DIRECTION('',(-1.59872115546023E-15,0.,1.));
#13258=DIRECTION('center_axis',(-0.595929849287429,0.803036496510752,-9.52725657226036E-16));
#13259=DIRECTION('ref_axis',(-0.803036496510752,-0.595929849287429,-1.31503567185982E-15));
#13260=DIRECTION('',(-1.59872115546023E-15,0.,1.));
#13261=DIRECTION('',(0.59502245581509,0.441563545314874,0.671542934237818));
#13262=DIRECTION('center_axis',(0.924755922630582,-0.380560748842627,1.47842685714665E-15));
#13263=DIRECTION('ref_axis',(0.380560748842627,0.924755922630582,6.23198275809672E-16));
#13264=DIRECTION('',(1.59872115546023E-15,0.,-1.));
#13265=DIRECTION('',(0.281982440831864,0.685212368932265,-0.671542934237817));
#13266=DIRECTION('center_axis',(0.924755922630582,-0.380560748842627,1.47842685714665E-15));
#13267=DIRECTION('ref_axis',(0.380560748842627,0.924755922630582,6.23198275809672E-16));
#13268=DIRECTION('',(-0.281982440831862,-0.685212368932265,-0.671542934237818));
#13269=DIRECTION('',(1.59872115546023E-15,0.,-1.));
#13270=DIRECTION('center_axis',(-0.824386250469144,0.56602765836788,-1.31796373889555E-15));
#13271=DIRECTION('ref_axis',(-0.56602765836788,-0.824386250469144,-9.26914984869657E-16));
#13272=DIRECTION('',(-1.59872115546023E-15,0.,1.));
#13273=DIRECTION('center_axis',(-0.824386250469144,0.56602765836788,-1.31796373889555E-15));
#13274=DIRECTION('ref_axis',(-0.56602765836788,-0.824386250469144,-9.26914984869657E-16));
#13275=DIRECTION('',(-1.59872115546023E-15,0.,1.));
#13276=DIRECTION('center_axis',(0.998217969138121,-0.0596731605478207,1.59587218502166E-15));
#13277=DIRECTION('ref_axis',(0.0596731605478207,0.998217969138121,9.77195122687075E-17));
#13278=DIRECTION('',(1.59872115546023E-15,0.,-1.));
#13279=DIRECTION('',(0.0442157619108137,0.73964522162582,-0.671542934237817));
#13280=DIRECTION('center_axis',(0.998217969138121,-0.0596731605478207,1.59587218502166E-15));
#13281=DIRECTION('ref_axis',(0.0596731605478207,0.998217969138121,9.77195122687075E-17));
#13282=DIRECTION('',(-0.0442157619108115,-0.73964522162582,-0.671542934237817));
#13283=DIRECTION('',(1.59872115546023E-15,0.,-1.));
#13284=DIRECTION('center_axis',(-1.15794318827928E-15,-0.707106781186548,
0.707106781186548));
#13285=DIRECTION('ref_axis',(1.,0.,1.63757896132211E-15));
#13286=DIRECTION('',(0.313145613014972,-0.671542934237819,-0.671542934237818));
#13287=DIRECTION('',(1.,0.,1.63757896132211E-15));
#13288=DIRECTION('',(0.313145613014972,0.671542934237818,0.671542934237819));
#13289=DIRECTION('center_axis',(0.906307787036651,-0.422618261740698,0.));
#13290=DIRECTION('ref_axis',(0.422618261740698,0.906307787036651,0.));
#13291=DIRECTION('',(0.,0.,1.));
#13292=DIRECTION('',(-0.313145613014972,-0.671542934237819,0.671542934237818));
#13293=DIRECTION('',(0.,0.,1.));
#13294=DIRECTION('center_axis',(1.15794318827928E-15,-0.707106781186548,
-0.707106781186548));
#13295=DIRECTION('ref_axis',(-1.,0.,-1.63757896132211E-15));
#13296=DIRECTION('',(-1.,0.,-1.63757896132211E-15));
#13297=DIRECTION('',(-0.313145613014972,0.671542934237818,-0.671542934237819));
#13298=DIRECTION('center_axis',(-1.15794318827928E-15,-0.707106781186548,
0.707106781186548));
#13299=DIRECTION('ref_axis',(1.,0.,1.63757896132211E-15));
#13300=DIRECTION('',(0.313145613014972,-0.671542934237819,-0.671542934237818));
#13301=DIRECTION('',(1.,0.,1.63757896132211E-15));
#13302=DIRECTION('',(0.313145613014972,0.671542934237818,0.671542934237819));
#13303=DIRECTION('center_axis',(0.906307787036651,-0.422618261740698,0.));
#13304=DIRECTION('ref_axis',(0.422618261740698,0.906307787036651,0.));
#13305=DIRECTION('',(0.,0.,1.));
#13306=DIRECTION('',(-0.313145613014972,-0.671542934237819,0.671542934237818));
#13307=DIRECTION('',(0.,0.,1.));
#13308=DIRECTION('center_axis',(1.15794318827928E-15,-0.707106781186548,
-0.707106781186548));
#13309=DIRECTION('ref_axis',(-1.,0.,-1.63757896132211E-15));
#13310=DIRECTION('',(-1.,0.,-1.63757896132211E-15));
#13311=DIRECTION('',(-0.313145613014972,0.671542934237818,-0.671542934237819));
#13312=DIRECTION('center_axis',(-1.15794318827928E-15,-0.707106781186548,
0.707106781186548));
#13313=DIRECTION('ref_axis',(1.,0.,1.63757896132211E-15));
#13314=DIRECTION('',(0.313145613014972,-0.671542934237819,-0.671542934237818));
#13315=DIRECTION('',(1.,0.,1.63757896132211E-15));
#13316=DIRECTION('',(0.313145613014972,0.671542934237818,0.671542934237819));
#13317=DIRECTION('center_axis',(0.906307787036651,-0.422618261740698,0.));
#13318=DIRECTION('ref_axis',(0.422618261740698,0.906307787036651,0.));
#13319=DIRECTION('',(0.,0.,1.));
#13320=DIRECTION('',(-0.313145613014972,-0.671542934237819,0.671542934237818));
#13321=DIRECTION('',(0.,0.,1.));
#13322=DIRECTION('center_axis',(1.15794318827928E-15,-0.707106781186548,
-0.707106781186548));
#13323=DIRECTION('ref_axis',(-1.,0.,-1.63757896132211E-15));
#13324=DIRECTION('',(-1.,0.,-1.63757896132211E-15));
#13325=DIRECTION('',(-0.313145613014972,0.671542934237818,-0.671542934237819));
#13326=DIRECTION('center_axis',(-1.15794318827928E-15,-0.707106781186547,
0.707106781186548));
#13327=DIRECTION('ref_axis',(1.,0.,1.63757896132211E-15));
#13328=DIRECTION('',(0.313145613014972,-0.671542934237819,-0.671542934237818));
#13329=DIRECTION('',(1.,0.,1.63757896132211E-15));
#13330=DIRECTION('',(0.313145613014972,0.671542934237818,0.671542934237818));
#13331=DIRECTION('center_axis',(0.906307787036651,-0.422618261740698,0.));
#13332=DIRECTION('ref_axis',(0.422618261740698,0.906307787036651,0.));
#13333=DIRECTION('',(0.,0.,1.));
#13334=DIRECTION('',(-0.313145613014972,-0.671542934237818,0.671542934237819));
#13335=DIRECTION('',(0.,0.,1.));
#13336=DIRECTION('center_axis',(1.15794318827928E-15,-0.707106781186548,
-0.707106781186547));
#13337=DIRECTION('ref_axis',(-1.,0.,-1.63757896132211E-15));
#13338=DIRECTION('',(-1.,0.,-1.63757896132211E-15));
#13339=DIRECTION('',(-0.313145613014971,0.671542934237818,-0.671542934237819));
#13340=DIRECTION('center_axis',(-1.15794318827928E-15,-0.707106781186548,
0.707106781186547));
#13341=DIRECTION('ref_axis',(1.,0.,1.63757896132211E-15));
#13342=DIRECTION('',(0.313145613014972,-0.671542934237818,-0.671542934237818));
#13343=DIRECTION('',(1.,0.,1.63757896132211E-15));
#13344=DIRECTION('',(0.313145613014972,0.671542934237818,0.671542934237819));
#13345=DIRECTION('center_axis',(0.906307787036651,-0.422618261740698,0.));
#13346=DIRECTION('ref_axis',(0.422618261740698,0.906307787036651,0.));
#13347=DIRECTION('',(0.,0.,1.));
#13348=DIRECTION('',(-0.313145613014972,-0.671542934237819,0.671542934237818));
#13349=DIRECTION('',(0.,0.,1.));
#13350=DIRECTION('center_axis',(1.15794318827928E-15,-0.707106781186548,
-0.707106781186548));
#13351=DIRECTION('ref_axis',(-1.,0.,-1.63757896132211E-15));
#13352=DIRECTION('',(-1.,0.,-1.63757896132211E-15));
#13353=DIRECTION('',(-0.313145613014972,0.671542934237818,-0.671542934237819));
#13354=DIRECTION('center_axis',(-1.15794318827928E-15,-0.707106781186548,
0.707106781186547));
#13355=DIRECTION('ref_axis',(1.,0.,1.63757896132211E-15));
#13356=DIRECTION('',(0.313145613014972,-0.671542934237818,-0.671542934237818));
#13357=DIRECTION('',(1.,0.,1.63757896132211E-15));
#13358=DIRECTION('',(0.313145613014972,0.671542934237818,0.671542934237819));
#13359=DIRECTION('center_axis',(0.906307787036651,-0.422618261740698,0.));
#13360=DIRECTION('ref_axis',(0.422618261740698,0.906307787036651,0.));
#13361=DIRECTION('',(0.,0.,1.));
#13362=DIRECTION('',(-0.313145613014972,-0.671542934237819,0.671542934237818));
#13363=DIRECTION('',(0.,0.,1.));
#13364=DIRECTION('center_axis',(1.15794318827928E-15,-0.707106781186548,
-0.707106781186548));
#13365=DIRECTION('ref_axis',(-1.,0.,-1.63757896132211E-15));
#13366=DIRECTION('',(-1.,0.,-1.63757896132211E-15));
#13367=DIRECTION('',(-0.313145613014972,0.671542934237818,-0.671542934237819));
#13368=DIRECTION('center_axis',(-1.15794318827928E-15,-0.707106781186548,
0.707106781186548));
#13369=DIRECTION('ref_axis',(1.,0.,1.63757896132211E-15));
#13370=DIRECTION('',(0.313145613014972,-0.671542934237819,-0.671542934237818));
#13371=DIRECTION('',(1.,0.,1.63757896132211E-15));
#13372=DIRECTION('',(0.313145613014972,0.671542934237818,0.671542934237819));
#13373=DIRECTION('center_axis',(0.906307787036651,-0.422618261740698,0.));
#13374=DIRECTION('ref_axis',(0.422618261740698,0.906307787036651,0.));
#13375=DIRECTION('',(0.,0.,1.));
#13376=DIRECTION('',(-0.313145613014972,-0.671542934237818,0.671542934237819));
#13377=DIRECTION('',(0.,0.,1.));
#13378=DIRECTION('center_axis',(1.15794318827928E-15,-0.707106781186548,
-0.707106781186547));
#13379=DIRECTION('ref_axis',(-1.,0.,-1.63757896132211E-15));
#13380=DIRECTION('',(-1.,0.,-1.63757896132211E-15));
#13381=DIRECTION('',(-0.313145613014971,0.671542934237818,-0.671542934237819));
#13382=DIRECTION('center_axis',(-1.15794318827928E-15,-0.707106781186548,
0.707106781186547));
#13383=DIRECTION('ref_axis',(1.,0.,1.63757896132211E-15));
#13384=DIRECTION('',(0.313145613014972,-0.671542934237818,-0.671542934237818));
#13385=DIRECTION('',(1.,0.,1.63757896132211E-15));
#13386=DIRECTION('',(0.313145613014972,0.671542934237818,0.671542934237819));
#13387=DIRECTION('center_axis',(0.906307787036651,-0.422618261740698,0.));
#13388=DIRECTION('ref_axis',(0.422618261740698,0.906307787036651,0.));
#13389=DIRECTION('',(0.,0.,1.));
#13390=DIRECTION('',(-0.313145613014972,-0.671542934237819,0.671542934237818));
#13391=DIRECTION('',(0.,0.,1.));
#13392=DIRECTION('center_axis',(1.15794318827928E-15,-0.707106781186548,
-0.707106781186548));
#13393=DIRECTION('ref_axis',(-1.,0.,-1.63757896132211E-15));
#13394=DIRECTION('',(-1.,0.,-1.63757896132211E-15));
#13395=DIRECTION('',(-0.313145613014972,0.671542934237818,-0.671542934237819));
#13396=DIRECTION('center_axis',(-1.15794318827928E-15,-0.707106781186548,
0.707106781186547));
#13397=DIRECTION('ref_axis',(1.,0.,1.63757896132211E-15));
#13398=DIRECTION('',(0.313145613014972,-0.671542934237818,-0.671542934237818));
#13399=DIRECTION('',(1.,0.,1.63757896132211E-15));
#13400=DIRECTION('',(0.313145613014972,0.671542934237818,0.671542934237819));
#13401=DIRECTION('center_axis',(0.906307787036651,-0.422618261740698,0.));
#13402=DIRECTION('ref_axis',(0.422618261740698,0.906307787036651,0.));
#13403=DIRECTION('',(0.,0.,1.));
#13404=DIRECTION('',(-0.313145613014972,-0.671542934237819,0.671542934237818));
#13405=DIRECTION('',(0.,0.,1.));
#13406=DIRECTION('center_axis',(1.15794318827928E-15,-0.707106781186548,
-0.707106781186548));
#13407=DIRECTION('ref_axis',(-1.,0.,-1.63757896132211E-15));
#13408=DIRECTION('',(-1.,0.,-1.63757896132211E-15));
#13409=DIRECTION('',(-0.313145613014972,0.671542934237818,-0.671542934237819));
#13410=DIRECTION('center_axis',(-1.15794318827928E-15,-0.707106781186548,
0.707106781186547));
#13411=DIRECTION('ref_axis',(1.,0.,1.63757896132211E-15));
#13412=DIRECTION('',(0.313145613014972,-0.671542934237818,-0.671542934237818));
#13413=DIRECTION('',(1.,0.,1.63757896132211E-15));
#13414=DIRECTION('',(0.313145613014972,0.671542934237818,0.671542934237819));
#13415=DIRECTION('center_axis',(0.906307787036651,-0.422618261740698,0.));
#13416=DIRECTION('ref_axis',(0.422618261740698,0.906307787036651,0.));
#13417=DIRECTION('',(0.,0.,1.));
#13418=DIRECTION('',(-0.313145613014972,-0.671542934237819,0.671542934237818));
#13419=DIRECTION('',(0.,0.,1.));
#13420=DIRECTION('center_axis',(1.15794318827928E-15,-0.707106781186548,
-0.707106781186548));
#13421=DIRECTION('ref_axis',(-1.,0.,-1.63757896132211E-15));
#13422=DIRECTION('',(-1.,0.,-1.63757896132211E-15));
#13423=DIRECTION('',(-0.313145613014972,0.671542934237818,-0.671542934237819));
#13424=DIRECTION('center_axis',(-1.15794318827928E-15,-0.707106781186548,
0.707106781186547));
#13425=DIRECTION('ref_axis',(1.,0.,1.63757896132211E-15));
#13426=DIRECTION('',(0.313145613014972,-0.671542934237818,-0.671542934237818));
#13427=DIRECTION('',(1.,0.,1.63757896132211E-15));
#13428=DIRECTION('',(0.313145613014972,0.671542934237818,0.671542934237819));
#13429=DIRECTION('center_axis',(0.906307787036651,-0.422618261740698,0.));
#13430=DIRECTION('ref_axis',(0.422618261740698,0.906307787036651,0.));
#13431=DIRECTION('',(0.,0.,1.));
#13432=DIRECTION('',(-0.313145613014972,-0.671542934237819,0.671542934237818));
#13433=DIRECTION('',(0.,0.,1.));
#13434=DIRECTION('center_axis',(1.15794318827928E-15,-0.707106781186548,
-0.707106781186548));
#13435=DIRECTION('ref_axis',(-1.,0.,-1.63757896132211E-15));
#13436=DIRECTION('',(-1.,0.,-1.63757896132211E-15));
#13437=DIRECTION('',(-0.313145613014972,0.671542934237818,-0.671542934237819));
#13438=DIRECTION('center_axis',(-1.15794318827928E-15,-0.707106781186548,
0.707106781186548));
#13439=DIRECTION('ref_axis',(1.,0.,1.63757896132211E-15));
#13440=DIRECTION('',(0.313145613014972,-0.671542934237819,-0.671542934237818));
#13441=DIRECTION('',(1.,0.,1.63757896132211E-15));
#13442=DIRECTION('',(0.313145613014972,0.671542934237818,0.671542934237819));
#13443=DIRECTION('center_axis',(0.906307787036651,-0.422618261740698,0.));
#13444=DIRECTION('ref_axis',(0.422618261740698,0.906307787036651,0.));
#13445=DIRECTION('',(0.,0.,1.));
#13446=DIRECTION('',(-0.313145613014972,-0.671542934237819,0.671542934237818));
#13447=DIRECTION('',(0.,0.,1.));
#13448=DIRECTION('center_axis',(1.15794318827928E-15,-0.707106781186548,
-0.707106781186548));
#13449=DIRECTION('ref_axis',(-1.,0.,-1.63757896132211E-15));
#13450=DIRECTION('',(-1.,0.,-1.63757896132211E-15));
#13451=DIRECTION('',(-0.313145613014972,0.671542934237818,-0.671542934237819));
#13452=DIRECTION('center_axis',(-1.15794318827928E-15,-0.707106781186548,
0.707106781186548));
#13453=DIRECTION('ref_axis',(1.,0.,1.63757896132211E-15));
#13454=DIRECTION('',(-1.09605092131275E-13,0.707106781186548,0.707106781186548));
#13455=DIRECTION('',(0.313145613014972,-0.671542934237819,-0.671542934237818));
#13456=DIRECTION('',(1.,0.,1.63757896132211E-15));
#13457=DIRECTION('center_axis',(-1.,-1.55005007797201E-13,0.));
#13458=DIRECTION('ref_axis',(0.,0.,1.));
#13459=DIRECTION('',(0.,0.,-1.));
#13460=DIRECTION('',(1.09605092131275E-13,-0.707106781186548,0.707106781186548));
#13461=DIRECTION('',(0.,0.,1.));
#13462=DIRECTION('center_axis',(1.,1.55005007797201E-13,0.));
#13463=DIRECTION('ref_axis',(-1.25607396694702E-13,0.707106781186548,0.707106781186548));
#13464=DIRECTION('',(-1.55005007797201E-13,1.,-2.53832939668266E-28));
#13465=DIRECTION('',(0.,0.,1.));
#13466=DIRECTION('',(1.55005007797201E-13,-1.,2.53832939668266E-28));
#13467=DIRECTION('center_axis',(1.,1.55005007797201E-13,0.));
#13468=DIRECTION('ref_axis',(-6.28036983473509E-14,0.707106781186548,-0.707106781186548));
#13469=DIRECTION('',(0.,0.,1.));
#13470=DIRECTION('center_axis',(1.15794318827928E-15,-0.707106781186548,
-0.707106781186548));
#13471=DIRECTION('ref_axis',(-1.,0.,-1.63757896132211E-15));
#13472=DIRECTION('',(-1.,0.,-1.63757896132211E-15));
#13473=DIRECTION('',(-0.313145613014972,0.671542934237818,-0.671542934237819));
#13474=DIRECTION('center_axis',(-1.50822452534561E-5,0.7071067810257,0.707106781186547));
#13475=DIRECTION('ref_axis',(0.999999999772526,0.,2.1329515783623E-5));
#13476=DIRECTION('',(-1.50822452522982E-5,0.707106781025698,-0.707106781186548));
#13477=DIRECTION('',(-0.999999999772526,-2.13295157868373E-5,-1.6375789609496E-15));
#13478=DIRECTION('',(-0.313131289258141,-0.671549613329351,0.671542934237814));
#13479=DIRECTION('',(0.,-0.707106781266971,0.707106781106124));
#13480=DIRECTION('center_axis',(-1.,0.,0.));
#13481=DIRECTION('ref_axis',(0.,-1.,0.));
#13482=DIRECTION('',(0.,0.,1.));
#13483=DIRECTION('',(0.,0.707106781266972,0.707106781106123));
#13484=DIRECTION('',(0.,0.,1.));
#13485=DIRECTION('center_axis',(-0.906316801073364,0.422598930538336,0.));
#13486=DIRECTION('ref_axis',(-0.422598930538336,-0.906316801073364,0.));
#13487=DIRECTION('',(0.,0.,1.));
#13488=DIRECTION('',(0.313131289258142,0.671549613329351,0.671542934237814));
#13489=DIRECTION('center_axis',(-1.50822452511402E-5,0.707106781025699,
-0.707106781186548));
#13490=DIRECTION('ref_axis',(-0.999999999772526,0.,2.13295157803478E-5));
#13491=DIRECTION('',(1.50822452522982E-5,-0.707106781025699,-0.707106781186547));
#13492=DIRECTION('',(0.999999999772526,2.13295157868373E-5,1.6375789609496E-15));
#13493=DIRECTION('center_axis',(-1.50822452534561E-5,0.707106781025699,
0.707106781186548));
#13494=DIRECTION('ref_axis',(0.999999999772526,0.,2.1329515783623E-5));
#13495=DIRECTION('',(-0.313144208466477,0.67153992217377,-0.67154660123535));
#13496=DIRECTION('',(-0.999999999772526,-2.13295157868373E-5,-1.6375789609496E-15));
#13497=DIRECTION('',(-0.313131289258142,-0.671549613329352,0.671542934237813));
#13498=DIRECTION('',(0.,-0.707106781266972,0.707106781106123));
#13499=DIRECTION('center_axis',(-0.906316801073364,0.422598930538336,0.));
#13500=DIRECTION('ref_axis',(-0.422598930538336,-0.906316801073364,0.));
#13501=DIRECTION('',(0.,0.,1.));
#13502=DIRECTION('',(0.313131289258142,0.671549613329352,0.671542934237814));
#13503=DIRECTION('',(0.,0.,1.));
#13504=DIRECTION('center_axis',(-2.13295157868373E-5,0.999999999772526,
0.));
#13505=DIRECTION('ref_axis',(-0.999999999772526,-2.13295157868373E-5,0.));
#13506=DIRECTION('',(0.,0.,-1.));
#13507=DIRECTION('',(0.999999999772526,2.13295157868373E-5,1.6375789609496E-15));
#13508=DIRECTION('center_axis',(0.906307787036631,0.42261826174074,0.));
#13509=DIRECTION('ref_axis',(-0.42261826174074,0.906307787036631,0.));
#13510=DIRECTION('',(0.,0.,-1.));
#13511=DIRECTION('',(0.313144208466478,-0.671539922173771,-0.671546601235349));
#13512=DIRECTION('center_axis',(-1.50822452511402E-5,0.707106781025698,
-0.707106781186548));
#13513=DIRECTION('ref_axis',(-0.999999999772526,0.,2.13295157803478E-5));
#13514=DIRECTION('',(0.,0.707106781266972,0.707106781106123));
#13515=DIRECTION('center_axis',(-1.50822452534561E-5,0.7071067810257,0.707106781186547));
#13516=DIRECTION('ref_axis',(0.999999999772526,0.,2.1329515783623E-5));
#13517=DIRECTION('',(-0.313144208466477,0.671539922173769,-0.671546601235351));
#13518=DIRECTION('',(-0.999999999772526,-2.13295157868373E-5,-1.6375789609496E-15));
#13519=DIRECTION('',(-0.313131289258141,-0.671549613329351,0.671542934237814));
#13520=DIRECTION('',(0.,-0.707106781266971,0.707106781106124));
#13521=DIRECTION('center_axis',(-0.906316801073364,0.422598930538336,0.));
#13522=DIRECTION('ref_axis',(-0.422598930538336,-0.906316801073364,0.));
#13523=DIRECTION('',(0.,0.,1.));
#13524=DIRECTION('',(0.313131289258142,0.671549613329352,0.671542934237814));
#13525=DIRECTION('',(0.,0.,1.));
#13526=DIRECTION('center_axis',(-2.13295157868373E-5,0.999999999772526,
0.));
#13527=DIRECTION('ref_axis',(-0.999999999772526,-2.13295157868373E-5,0.));
#13528=DIRECTION('',(0.,0.,-1.));
#13529=DIRECTION('',(0.999999999772526,2.13295157868373E-5,1.6375789609496E-15));
#13530=DIRECTION('center_axis',(0.906307787036631,0.42261826174074,0.));
#13531=DIRECTION('ref_axis',(-0.42261826174074,0.906307787036631,0.));
#13532=DIRECTION('',(0.,0.,-1.));
#13533=DIRECTION('',(0.313144208466478,-0.671539922173771,-0.671546601235349));
#13534=DIRECTION('center_axis',(-1.50822452511402E-5,0.707106781025699,
-0.707106781186548));
#13535=DIRECTION('ref_axis',(-0.999999999772526,0.,2.13295157803478E-5));
#13536=DIRECTION('',(0.,0.707106781266972,0.707106781106123));
#13537=DIRECTION('center_axis',(-1.50822452534561E-5,0.7071067810257,0.707106781186547));
#13538=DIRECTION('ref_axis',(0.999999999772526,0.,2.1329515783623E-5));
#13539=DIRECTION('',(-0.313144208466477,0.671539922173769,-0.671546601235351));
#13540=DIRECTION('',(-0.999999999772526,-2.13295157868373E-5,-1.6375789609496E-15));
#13541=DIRECTION('',(-0.313131289258141,-0.671549613329351,0.671542934237814));
#13542=DIRECTION('',(0.,-0.707106781266971,0.707106781106124));
#13543=DIRECTION('center_axis',(-0.906316801073364,0.422598930538336,0.));
#13544=DIRECTION('ref_axis',(-0.422598930538336,-0.906316801073364,0.));
#13545=DIRECTION('',(0.,0.,1.));
#13546=DIRECTION('',(0.313131289258141,0.671549613329351,0.671542934237814));
#13547=DIRECTION('',(0.,0.,1.));
#13548=DIRECTION('center_axis',(-2.13295157868373E-5,0.999999999772526,
0.));
#13549=DIRECTION('ref_axis',(-0.999999999772526,-2.13295157868373E-5,0.));
#13550=DIRECTION('',(0.,0.,-1.));
#13551=DIRECTION('',(0.999999999772526,2.13295157868373E-5,1.6375789609496E-15));
#13552=DIRECTION('center_axis',(0.906307787036631,0.42261826174074,0.));
#13553=DIRECTION('ref_axis',(-0.42261826174074,0.906307787036631,0.));
#13554=DIRECTION('',(0.,0.,-1.));
#13555=DIRECTION('',(0.313144208466477,-0.67153992217377,-0.67154660123535));
#13556=DIRECTION('center_axis',(-1.50822452511402E-5,0.707106781025699,
-0.707106781186547));
#13557=DIRECTION('ref_axis',(-0.999999999772526,0.,2.13295157803478E-5));
#13558=DIRECTION('',(0.,0.707106781266972,0.707106781106123));
#13559=DIRECTION('center_axis',(-1.50822452534561E-5,0.707106781025699,
0.707106781186548));
#13560=DIRECTION('ref_axis',(0.999999999772526,0.,2.1329515783623E-5));
#13561=DIRECTION('',(-0.313144208466477,0.67153992217377,-0.67154660123535));
#13562=DIRECTION('',(-0.999999999772526,-2.13295157868373E-5,-1.6375789609496E-15));
#13563=DIRECTION('',(-0.313131289258142,-0.671549613329352,0.671542934237813));
#13564=DIRECTION('',(0.,-0.707106781266972,0.707106781106123));
#13565=DIRECTION('center_axis',(-0.906316801073364,0.422598930538336,0.));
#13566=DIRECTION('ref_axis',(-0.422598930538336,-0.906316801073364,0.));
#13567=DIRECTION('',(0.,0.,1.));
#13568=DIRECTION('',(0.313131289258142,0.671549613329352,0.671542934237814));
#13569=DIRECTION('',(0.,0.,1.));
#13570=DIRECTION('center_axis',(-2.13295157868373E-5,0.999999999772526,
0.));
#13571=DIRECTION('ref_axis',(-0.999999999772526,-2.13295157868373E-5,0.));
#13572=DIRECTION('',(0.,0.,-1.));
#13573=DIRECTION('',(0.999999999772526,2.13295157868373E-5,1.6375789609496E-15));
#13574=DIRECTION('center_axis',(0.906307787036631,0.42261826174074,0.));
#13575=DIRECTION('ref_axis',(-0.42261826174074,0.906307787036631,0.));
#13576=DIRECTION('',(0.,0.,-1.));
#13577=DIRECTION('',(0.313144208466478,-0.671539922173771,-0.671546601235349));
#13578=DIRECTION('center_axis',(-1.50822452511402E-5,0.707106781025698,
-0.707106781186548));
#13579=DIRECTION('ref_axis',(-0.999999999772526,0.,2.13295157803478E-5));
#13580=DIRECTION('',(0.,0.707106781266972,0.707106781106123));
#13581=DIRECTION('center_axis',(-1.50822452534561E-5,0.707106781025699,
0.707106781186548));
#13582=DIRECTION('ref_axis',(0.999999999772526,0.,2.1329515783623E-5));
#13583=DIRECTION('',(-0.313144208466477,0.67153992217377,-0.67154660123535));
#13584=DIRECTION('',(-0.999999999772526,-2.13295157868373E-5,-1.6375789609496E-15));
#13585=DIRECTION('',(-0.313131289258142,-0.671549613329352,0.671542934237813));
#13586=DIRECTION('',(0.,-0.707106781266972,0.707106781106123));
#13587=DIRECTION('center_axis',(-0.906316801073364,0.422598930538336,0.));
#13588=DIRECTION('ref_axis',(-0.422598930538336,-0.906316801073364,0.));
#13589=DIRECTION('',(0.,0.,1.));
#13590=DIRECTION('',(0.313131289258142,0.671549613329352,0.671542934237814));
#13591=DIRECTION('',(0.,0.,1.));
#13592=DIRECTION('center_axis',(-2.13295157868373E-5,0.999999999772526,
0.));
#13593=DIRECTION('ref_axis',(-0.999999999772526,-2.13295157868373E-5,0.));
#13594=DIRECTION('',(0.,0.,-1.));
#13595=DIRECTION('',(0.999999999772526,2.13295157868373E-5,1.6375789609496E-15));
#13596=DIRECTION('center_axis',(0.906307787036631,0.42261826174074,0.));
#13597=DIRECTION('ref_axis',(-0.42261826174074,0.906307787036631,0.));
#13598=DIRECTION('',(0.,0.,-1.));
#13599=DIRECTION('',(0.313144208466478,-0.671539922173771,-0.671546601235349));
#13600=DIRECTION('center_axis',(-1.50822452511402E-5,0.707106781025698,
-0.707106781186548));
#13601=DIRECTION('ref_axis',(-0.999999999772526,0.,2.13295157803478E-5));
#13602=DIRECTION('',(0.,0.707106781266972,0.707106781106123));
#13603=DIRECTION('center_axis',(-1.50822452534561E-5,0.707106781025699,
0.707106781186547));
#13604=DIRECTION('ref_axis',(0.999999999772526,0.,2.1329515783623E-5));
#13605=DIRECTION('',(-0.313144208466477,0.671539922173769,-0.671546601235351));
#13606=DIRECTION('',(-0.999999999772526,-2.13295157868373E-5,-1.6375789609496E-15));
#13607=DIRECTION('',(-0.313131289258142,-0.671549613329351,0.671542934237814));
#13608=DIRECTION('',(0.,-0.707106781266971,0.707106781106124));
#13609=DIRECTION('center_axis',(-0.906316801073364,0.422598930538336,0.));
#13610=DIRECTION('ref_axis',(-0.422598930538336,-0.906316801073364,0.));
#13611=DIRECTION('',(0.,0.,1.));
#13612=DIRECTION('',(0.313131289258142,0.671549613329351,0.671542934237814));
#13613=DIRECTION('',(0.,0.,1.));
#13614=DIRECTION('center_axis',(-2.13295157868373E-5,0.999999999772526,
0.));
#13615=DIRECTION('ref_axis',(-0.999999999772526,-2.13295157868373E-5,0.));
#13616=DIRECTION('',(0.,0.,-1.));
#13617=DIRECTION('',(0.999999999772526,2.13295157868373E-5,1.6375789609496E-15));
#13618=DIRECTION('center_axis',(0.906307787036631,0.42261826174074,0.));
#13619=DIRECTION('ref_axis',(-0.42261826174074,0.906307787036631,0.));
#13620=DIRECTION('',(0.,0.,-1.));
#13621=DIRECTION('',(0.313144208466478,-0.67153992217377,-0.67154660123535));
#13622=DIRECTION('center_axis',(-1.50822452511402E-5,0.707106781025699,
-0.707106781186548));
#13623=DIRECTION('ref_axis',(-0.999999999772526,0.,2.13295157803478E-5));
#13624=DIRECTION('',(0.,0.707106781266972,0.707106781106123));
#13625=DIRECTION('center_axis',(-1.50822452534561E-5,0.707106781025698,
0.707106781186548));
#13626=DIRECTION('ref_axis',(0.999999999772526,0.,2.13295157836229E-5));
#13627=DIRECTION('',(-0.313144208466477,0.67153992217377,-0.67154660123535));
#13628=DIRECTION('',(-0.999999999772526,-2.13295157868373E-5,-1.6375789609496E-15));
#13629=DIRECTION('',(-0.313131289258142,-0.671549613329352,0.671542934237813));
#13630=DIRECTION('',(0.,-0.707106781266972,0.707106781106123));
#13631=DIRECTION('center_axis',(-0.906316801073364,0.422598930538336,0.));
#13632=DIRECTION('ref_axis',(-0.422598930538336,-0.906316801073364,0.));
#13633=DIRECTION('',(0.,0.,1.));
#13634=DIRECTION('',(0.313131289258142,0.671549613329351,0.671542934237814));
#13635=DIRECTION('',(0.,0.,1.));
#13636=DIRECTION('center_axis',(-2.13295157868373E-5,0.999999999772526,
0.));
#13637=DIRECTION('ref_axis',(-0.999999999772526,-2.13295157868373E-5,0.));
#13638=DIRECTION('',(0.,0.,-1.));
#13639=DIRECTION('',(0.999999999772526,2.13295157868373E-5,1.6375789609496E-15));
#13640=DIRECTION('center_axis',(0.906307787036631,0.42261826174074,0.));
#13641=DIRECTION('ref_axis',(-0.42261826174074,0.906307787036631,0.));
#13642=DIRECTION('',(0.,0.,-1.));
#13643=DIRECTION('',(0.313144208466478,-0.67153992217377,-0.67154660123535));
#13644=DIRECTION('center_axis',(-1.50822452511402E-5,0.707106781025699,
-0.707106781186548));
#13645=DIRECTION('ref_axis',(-0.999999999772526,0.,2.13295157803478E-5));
#13646=DIRECTION('',(0.,0.707106781266972,0.707106781106123));
#13647=DIRECTION('center_axis',(-1.50822452534561E-5,0.707106781025699,
0.707106781186548));
#13648=DIRECTION('ref_axis',(0.999999999772526,0.,2.1329515783623E-5));
#13649=DIRECTION('',(-0.313144208466477,0.67153992217377,-0.67154660123535));
#13650=DIRECTION('',(-0.999999999772526,-2.13295157868373E-5,-1.6375789609496E-15));
#13651=DIRECTION('',(-0.313131289258142,-0.671549613329352,0.671542934237813));
#13652=DIRECTION('',(0.,-0.707106781266972,0.707106781106123));
#13653=DIRECTION('center_axis',(-0.906316801073364,0.422598930538336,0.));
#13654=DIRECTION('ref_axis',(-0.422598930538336,-0.906316801073364,0.));
#13655=DIRECTION('',(0.,0.,1.));
#13656=DIRECTION('',(0.313131289258142,0.671549613329352,0.671542934237814));
#13657=DIRECTION('',(0.,0.,1.));
#13658=DIRECTION('center_axis',(-2.13295157868373E-5,0.999999999772526,
0.));
#13659=DIRECTION('ref_axis',(-0.999999999772526,-2.13295157868373E-5,0.));
#13660=DIRECTION('',(0.,0.,-1.));
#13661=DIRECTION('',(0.999999999772526,2.13295157868373E-5,1.6375789609496E-15));
#13662=DIRECTION('center_axis',(0.906307787036631,0.42261826174074,0.));
#13663=DIRECTION('ref_axis',(-0.42261826174074,0.906307787036631,0.));
#13664=DIRECTION('',(0.,0.,-1.));
#13665=DIRECTION('',(0.313144208466478,-0.671539922173771,-0.671546601235349));
#13666=DIRECTION('center_axis',(-1.50822452511402E-5,0.707106781025698,
-0.707106781186548));
#13667=DIRECTION('ref_axis',(-0.999999999772526,0.,2.13295157803478E-5));
#13668=DIRECTION('',(0.,0.707106781266972,0.707106781106123));
#13669=DIRECTION('center_axis',(-1.50822452534561E-5,0.707106781025699,
0.707106781186548));
#13670=DIRECTION('ref_axis',(0.999999999772526,0.,2.1329515783623E-5));
#13671=DIRECTION('',(-0.313144208466477,0.67153992217377,-0.67154660123535));
#13672=DIRECTION('',(-0.999999999772526,-2.13295157868373E-5,-1.6375789609496E-15));
#13673=DIRECTION('',(-0.313131289258142,-0.671549613329352,0.671542934237813));
#13674=DIRECTION('',(0.,-0.707106781266972,0.707106781106123));
#13675=DIRECTION('center_axis',(-0.906316801073364,0.422598930538336,0.));
#13676=DIRECTION('ref_axis',(-0.422598930538336,-0.906316801073364,0.));
#13677=DIRECTION('',(0.,0.,1.));
#13678=DIRECTION('',(0.313131289258142,0.671549613329352,0.671542934237814));
#13679=DIRECTION('',(0.,0.,1.));
#13680=DIRECTION('center_axis',(-2.13295157868373E-5,0.999999999772526,
0.));
#13681=DIRECTION('ref_axis',(-0.999999999772526,-2.13295157868373E-5,0.));
#13682=DIRECTION('',(0.,0.,-1.));
#13683=DIRECTION('',(0.999999999772526,2.13295157868373E-5,1.6375789609496E-15));
#13684=DIRECTION('center_axis',(0.906307787036631,0.42261826174074,0.));
#13685=DIRECTION('ref_axis',(-0.42261826174074,0.906307787036631,0.));
#13686=DIRECTION('',(0.,0.,-1.));
#13687=DIRECTION('',(0.313144208466478,-0.671539922173771,-0.671546601235349));
#13688=DIRECTION('center_axis',(-1.50822452511402E-5,0.707106781025698,
-0.707106781186548));
#13689=DIRECTION('ref_axis',(-0.999999999772526,0.,2.13295157803478E-5));
#13690=DIRECTION('',(0.,0.707106781266972,0.707106781106123));
#13691=DIRECTION('center_axis',(-1.50822452534561E-5,0.707106781025699,
0.707106781186547));
#13692=DIRECTION('ref_axis',(0.999999999772526,0.,2.1329515783623E-5));
#13693=DIRECTION('',(-0.313144208466477,0.671539922173769,-0.671546601235351));
#13694=DIRECTION('',(-0.999999999772526,-2.13295157868373E-5,-1.6375789609496E-15));
#13695=DIRECTION('',(-0.313131289258142,-0.671549613329351,0.671542934237814));
#13696=DIRECTION('',(0.,-0.707106781266971,0.707106781106124));
#13697=DIRECTION('center_axis',(-0.906316801073364,0.422598930538336,0.));
#13698=DIRECTION('ref_axis',(-0.422598930538336,-0.906316801073364,0.));
#13699=DIRECTION('',(0.,0.,1.));
#13700=DIRECTION('',(0.313131289258142,0.671549613329352,0.671542934237814));
#13701=DIRECTION('',(0.,0.,1.));
#13702=DIRECTION('center_axis',(-2.13295157868373E-5,0.999999999772526,
0.));
#13703=DIRECTION('ref_axis',(-0.999999999772526,-2.13295157868373E-5,0.));
#13704=DIRECTION('',(0.,0.,-1.));
#13705=DIRECTION('',(0.999999999772526,2.13295157868373E-5,1.6375789609496E-15));
#13706=DIRECTION('center_axis',(0.906307787036631,0.42261826174074,0.));
#13707=DIRECTION('ref_axis',(-0.42261826174074,0.906307787036631,0.));
#13708=DIRECTION('',(0.,0.,-1.));
#13709=DIRECTION('',(0.313144208466478,-0.671539922173771,-0.671546601235349));
#13710=DIRECTION('center_axis',(-1.50822452511402E-5,0.707106781025699,
-0.707106781186548));
#13711=DIRECTION('ref_axis',(-0.999999999772526,0.,2.13295157803478E-5));
#13712=DIRECTION('',(0.,0.707106781266972,0.707106781106123));
#13713=DIRECTION('center_axis',(-1.50822452534561E-5,0.707106781025699,
0.707106781186547));
#13714=DIRECTION('ref_axis',(0.999999999772526,0.,2.1329515783623E-5));
#13715=DIRECTION('',(-0.313144208466477,0.67153992217377,-0.671546601235351));
#13716=DIRECTION('',(-0.999999999772526,-2.13295157868373E-5,-1.6375789609496E-15));
#13717=DIRECTION('',(-0.313131289258142,-0.671549613329352,0.671542934237814));
#13718=DIRECTION('',(0.,-0.707106781266972,0.707106781106123));
#13719=DIRECTION('center_axis',(-0.906316801073364,0.422598930538336,0.));
#13720=DIRECTION('ref_axis',(-0.422598930538336,-0.906316801073364,0.));
#13721=DIRECTION('',(0.,0.,1.));
#13722=DIRECTION('',(0.313131289258142,0.671549613329351,0.671542934237814));
#13723=DIRECTION('',(0.,0.,1.));
#13724=DIRECTION('center_axis',(-2.13295157868373E-5,0.999999999772526,
0.));
#13725=DIRECTION('ref_axis',(-0.999999999772526,-2.13295157868373E-5,0.));
#13726=DIRECTION('',(0.,0.,-1.));
#13727=DIRECTION('',(0.999999999772526,2.13295157868373E-5,1.6375789609496E-15));
#13728=DIRECTION('center_axis',(0.906307787036631,0.42261826174074,0.));
#13729=DIRECTION('ref_axis',(-0.42261826174074,0.906307787036631,0.));
#13730=DIRECTION('',(0.,0.,-1.));
#13731=DIRECTION('',(0.313144208466478,-0.67153992217377,-0.67154660123535));
#13732=DIRECTION('center_axis',(-1.50822452511402E-5,0.707106781025699,
-0.707106781186548));
#13733=DIRECTION('ref_axis',(-0.999999999772526,0.,2.13295157803478E-5));
#13734=DIRECTION('',(0.,0.707106781266972,0.707106781106123));
#13735=DIRECTION('center_axis',(-1.50822452534561E-5,0.707106781025699,
0.707106781186548));
#13736=DIRECTION('ref_axis',(0.999999999772526,0.,2.1329515783623E-5));
#13737=DIRECTION('',(-0.313144208466477,0.67153992217377,-0.67154660123535));
#13738=DIRECTION('',(-0.999999999772526,-2.13295157868373E-5,-1.6375789609496E-15));
#13739=DIRECTION('',(-0.313131289258142,-0.671549613329352,0.671542934237813));
#13740=DIRECTION('',(0.,-0.707106781266972,0.707106781106123));
#13741=DIRECTION('center_axis',(-0.906316801073364,0.422598930538336,0.));
#13742=DIRECTION('ref_axis',(-0.422598930538336,-0.906316801073364,0.));
#13743=DIRECTION('',(0.,0.,1.));
#13744=DIRECTION('',(0.313131289258142,0.671549613329352,0.671542934237814));
#13745=DIRECTION('',(0.,0.,1.));
#13746=DIRECTION('center_axis',(-2.13295157868373E-5,0.999999999772526,
0.));
#13747=DIRECTION('ref_axis',(-0.999999999772526,-2.13295157868373E-5,0.));
#13748=DIRECTION('',(0.,0.,-1.));
#13749=DIRECTION('',(0.999999999772526,2.13295157868373E-5,1.6375789609496E-15));
#13750=DIRECTION('center_axis',(0.906307787036631,0.42261826174074,0.));
#13751=DIRECTION('ref_axis',(-0.42261826174074,0.906307787036631,0.));
#13752=DIRECTION('',(0.,0.,-1.));
#13753=DIRECTION('',(0.313144208466478,-0.671539922173771,-0.671546601235349));
#13754=DIRECTION('center_axis',(-1.50822452511402E-5,0.707106781025698,
-0.707106781186548));
#13755=DIRECTION('ref_axis',(-0.999999999772526,0.,2.13295157803478E-5));
#13756=DIRECTION('',(0.,0.707106781266972,0.707106781106123));
#13757=DIRECTION('center_axis',(-1.50822452534561E-5,0.707106781025699,
0.707106781186547));
#13758=DIRECTION('ref_axis',(0.999999999772526,0.,2.1329515783623E-5));
#13759=DIRECTION('',(-0.313144208466477,0.67153992217377,-0.671546601235351));
#13760=DIRECTION('',(-0.999999999772526,-2.13295157868373E-5,-1.6375789609496E-15));
#13761=DIRECTION('',(-0.313131289258142,-0.671549613329352,0.671542934237814));
#13762=DIRECTION('center_axis',(-0.906316801073364,0.422598930538336,0.));
#13763=DIRECTION('ref_axis',(-0.422598930538336,-0.906316801073364,0.));
#13764=DIRECTION('',(0.,0.,1.));
#13765=DIRECTION('',(0.313131289258142,0.671549613329351,0.671542934237814));
#13766=DIRECTION('',(0.,0.,1.));
#13767=DIRECTION('center_axis',(-1.50822452511402E-5,0.707106781025699,
-0.707106781186548));
#13768=DIRECTION('ref_axis',(-0.999999999772526,0.,2.13295157803478E-5));
#13769=DIRECTION('',(0.999999999772526,2.13295157868373E-5,1.6375789609496E-15));
#13770=DIRECTION('',(0.313144208466478,-0.67153992217377,-0.67154660123535));
#13771=DIRECTION('center_axis',(-1.15794318827928E-15,0.707106781186548,
0.707106781186547));
#13772=DIRECTION('ref_axis',(1.,0.,1.63757896132211E-15));
#13773=DIRECTION('',(-0.313145613014973,0.671542934237818,-0.671542934237819));
#13774=DIRECTION('',(-1.,0.,-1.63757896132211E-15));
#13775=DIRECTION('',(-0.313145613014972,-0.671542934237818,0.671542934237819));
#13776=DIRECTION('center_axis',(-0.906307787036651,0.422618261740698,0.));
#13777=DIRECTION('ref_axis',(-0.422618261740697,-0.906307787036651,0.));
#13778=DIRECTION('',(0.,0.,1.));
#13779=DIRECTION('',(0.313145613014971,0.671542934237818,0.671542934237819));
#13780=DIRECTION('center_axis',(1.15794318827928E-15,0.707106781186548,
-0.707106781186547));
#13781=DIRECTION('ref_axis',(-1.,0.,-1.63757896132211E-15));
#13782=DIRECTION('',(1.,0.,1.63757896132211E-15));
#13783=DIRECTION('',(0.313145613014973,-0.671542934237818,-0.671542934237818));
#13784=DIRECTION('center_axis',(-0.824386250469144,0.56602765836788,-1.31796373889555E-15));
#13785=DIRECTION('ref_axis',(-0.56602765836788,-0.824386250469144,-9.26914984869657E-16));
#13786=DIRECTION('',(-1.59872115546023E-15,0.,1.));
#13787=DIRECTION('',(-1.59872115546023E-15,-2.72003657485509E-32,1.));
#13788=DIRECTION('center_axis',(0.336545629104569,0.621881853353682,0.707106781186547));
#13789=DIRECTION('ref_axis',(0.90294570088601,0.,-0.429754652390724));
#13790=DIRECTION('',(0.0442157619108137,0.73964522162582,-0.671542934237817));
#13791=DIRECTION('',(-0.879473751206492,0.475947393037068,-1.44020771201078E-15));
#13792=DIRECTION('',(-0.595022455815092,-0.441563545314874,0.671542934237817));
#13793=DIRECTION('center_axis',(-0.595929849287429,0.803036496510752,-9.52725657226036E-16));
#13794=DIRECTION('ref_axis',(-0.803036496510752,-0.595929849287429,-1.31503567185982E-15));
#13795=DIRECTION('',(0.59502245581509,0.441563545314874,0.671542934237818));
#13796=DIRECTION('',(-1.59872115546023E-15,0.,1.));
#13797=DIRECTION('',(-1.59872115546023E-15,0.,1.));
#13798=DIRECTION('center_axis',(0.336545629104571,0.621881853353682,-0.707106781186547));
#13799=DIRECTION('ref_axis',(-0.902945700886009,0.,-0.429754652390726));
#13800=DIRECTION('',(0.879473751206492,-0.475947393037068,1.44020771201078E-15));
#13801=DIRECTION('',(-0.0442157619108115,-0.73964522162582,-0.671542934237817));
#13802=DIRECTION('center_axis',(0.520235366318054,0.478910392069247,0.707106781186548));
#13803=DIRECTION('ref_axis',(0.805485757654087,0.,-0.592615131612771));
#13804=DIRECTION('',(0.281982440831864,0.685212368932265,-0.671542934237817));
#13805=DIRECTION('',(-0.677281571625745,0.735723910673128,-1.10910205258549E-15));
#13806=DIRECTION('',(-0.706157946692842,-0.224434938897246,0.671542934237818));
#13807=DIRECTION('center_axis',(-0.30289520213109,0.953023869861593,-4.84244967534374E-16));
#13808=DIRECTION('ref_axis',(-0.953023869861593,-0.30289520213109,-1.56065183892312E-15));
#13809=DIRECTION('',(0.70615794669284,0.224434938897246,0.67154293423782));
#13810=DIRECTION('',(-1.59872115546023E-15,0.,1.));
#13811=DIRECTION('',(-1.59872115546023E-15,-5.44007314971016E-32,1.));
#13812=DIRECTION('center_axis',(0.520235366318056,0.478910392069247,-0.707106781186547));
#13813=DIRECTION('ref_axis',(-0.805485757654085,0.,-0.592615131612773));
#13814=DIRECTION('',(0.677281571625745,-0.735723910673128,1.10910205258549E-15));
#13815=DIRECTION('',(-0.281982440831862,-0.685212368932265,-0.671542934237818));
#13816=DIRECTION('center_axis',(0.647549529307552,0.284041558743728,0.707106781186549));
#13817=DIRECTION('ref_axis',(0.737482221395374,0.,-0.675366547236199));
#13818=DIRECTION('',(0.489191946880401,0.556526123899521,-0.671542934237818));
#13819=DIRECTION('',(-0.401695424652974,0.915773326655055,-6.5780797627106E-16));
#13820=DIRECTION('',(-0.74077026687693,0.0170146756167943,0.671542934237817));
#13821=DIRECTION('center_axis',(0.0229628400794733,0.999736319223967,3.67111782245039E-17));
#13822=DIRECTION('ref_axis',(-0.999736319223966,0.0229628400794733,-1.63714716323077E-15));
#13823=DIRECTION('',(0.740770266876928,-0.0170146756167943,0.671542934237819));
#13824=DIRECTION('',(-1.59872115546023E-15,0.,1.));
#13825=DIRECTION('',(-1.59872115546023E-15,0.,1.));
#13826=DIRECTION('center_axis',(0.647549529307554,0.284041558743728,-0.707106781186547));
#13827=DIRECTION('ref_axis',(-0.737482221395372,0.,-0.675366547236201));
#13828=DIRECTION('',(0.401695424652974,-0.915773326655055,6.5780797627106E-16));
#13829=DIRECTION('',(-0.489191946880398,-0.556526123899521,-0.671542934237819));
#13830=DIRECTION('center_axis',(0.704691653030373,0.0583924151694345,0.707106781186549));
#13831=DIRECTION('ref_axis',(0.708315374604846,0.,-0.705896118489397));
#13832=DIRECTION('',(0.643389914889298,0.367531637949721,-0.671542934237817));
#13833=DIRECTION('',(-0.0825793454723348,0.99658449300667,-1.35230198785245E-16));
#13834=DIRECTION('',(-0.695108634409917,0.256620486017865,0.671542934237816));
#13835=DIRECTION('center_axis',(0.346332502262255,0.938111825891117,5.53689098190143E-16));
#13836=DIRECTION('ref_axis',(-0.938111825891117,0.346332502262255,-1.53623218944676E-15));
#13837=DIRECTION('',(0.695108634409915,-0.256620486017865,0.671542934237818));
#13838=DIRECTION('',(-1.59872115546023E-15,0.,1.));
#13839=DIRECTION('',(-1.59872115546023E-15,0.,1.));
#13840=DIRECTION('center_axis',(0.704691653030375,0.0583924151694345,-0.707106781186546));
#13841=DIRECTION('ref_axis',(-0.708315374604844,0.,-0.705896118489399));
#13842=DIRECTION('',(0.0825793454723348,-0.99658449300667,1.35230198785245E-16));
#13843=DIRECTION('',(-0.643389914889296,-0.367531637949721,-0.671542934237819));
#13844=DIRECTION('center_axis',(0.685469501729742,-0.17358445264014,0.707106781186549));
#13845=DIRECTION('ref_axis',(0.718006852310097,0.,-0.696036033575667));
#13846=DIRECTION('',(0.727866602396805,0.138709396187119,-0.671542934237817));
#13847=DIRECTION('',(0.245485487140796,0.969400265939331,4.02001869051676E-16));
#13848=DIRECTION('',(-0.574121195682835,0.468417484881784,0.671542934237816));
#13849=DIRECTION('center_axis',(0.632171663922445,0.7748283599182,1.0106662129953E-15));
#13850=DIRECTION('ref_axis',(-0.7748283599182,0.632171663922445,-1.26884262083776E-15));
#13851=DIRECTION('',(0.574121195682833,-0.468417484881784,0.671542934237818));
#13852=DIRECTION('',(-1.59872115546023E-15,0.,1.));
#13853=DIRECTION('',(-1.59872115546023E-15,0.,1.));
#13854=DIRECTION('center_axis',(0.685469501729745,-0.17358445264014,-0.707106781186547));
#13855=DIRECTION('ref_axis',(-0.718006852310094,0.,-0.696036033575669));
#13856=DIRECTION('',(-0.245485487140796,-0.969400265939331,-4.02001869051676E-16));
#13857=DIRECTION('',(-0.727866602396803,-0.13870939618712,-0.671542934237819));
#13858=DIRECTION('center_axis',(0.591966093761494,-0.38675075156586,0.707106781186548));
#13859=DIRECTION('ref_axis',(0.76677383513558,0.,-0.641917351184306));
#13860=DIRECTION('',(0.733467649520618,-0.105144160950396,-0.671542934237817));
#13861=DIRECTION('',(0.546948158122426,0.837166478262529,8.95670796675161E-16));
#13862=DIRECTION('',(-0.390918816995305,0.629454181012607,0.671542934237819));
#13863=DIRECTION('center_axis',(0.849505216642598,0.527580218447405,1.35812196152034E-15));
#13864=DIRECTION('ref_axis',(-0.527580218447405,0.849505216642598,-8.63954266139192E-16));
#13865=DIRECTION('',(0.390918816995303,-0.629454181012608,0.671542934237819));
#13866=DIRECTION('',(-1.59872115546023E-15,0.,1.));
#13867=DIRECTION('',(-1.59872115546023E-15,0.,1.));
#13868=DIRECTION('center_axis',(0.591966093761496,-0.38675075156586,-0.707106781186547));
#13869=DIRECTION('ref_axis',(-0.766773835135578,0.,-0.641917351184307));
#13870=DIRECTION('',(-0.546948158122426,-0.837166478262529,-8.95670796675161E-16));
#13871=DIRECTION('',(-0.733467649520617,0.105144160950396,-0.671542934237818));
#13872=DIRECTION('center_axis',(0.434313974233848,-0.558006605503195,0.707106781186549));
#13873=DIRECTION('ref_axis',(0.852103728012947,0.,-0.523372942275809));
#13874=DIRECTION('',(0.659586095895674,-0.337603716769184,-0.671542934237816));
#13875=DIRECTION('',(0.789140509396393,0.614212712689669,1.29227989571454E-15));
#13876=DIRECTION('',(-0.165354318755907,0.722279749642778,0.671542934237816));
#13877=DIRECTION('center_axis',(0.974781697707968,0.223160574057274,1.55840412208116E-15));
#13878=DIRECTION('ref_axis',(-0.223160574057274,0.974781697707968,-3.65443061072756E-16));
#13879=DIRECTION('',(0.165354318755905,-0.722279749642778,0.671542934237817));
#13880=DIRECTION('',(-1.59872115546023E-15,0.,1.));
#13881=DIRECTION('',(-1.59872115546023E-15,0.,1.));
#13882=DIRECTION('center_axis',(0.43431397423385,-0.558006605503195,-0.707106781186548));
#13883=DIRECTION('ref_axis',(-0.852103728012945,0.,-0.523372942275812));
#13884=DIRECTION('',(-0.789140509396393,-0.614212712689669,-1.29227989571454E-15));
#13885=DIRECTION('',(-0.659586095895671,0.337603716769184,-0.671542934237818));
#13886=DIRECTION('center_axis',(0.229597196522303,-0.668793785369675,0.707106781186548));
#13887=DIRECTION('ref_axis',(0.95111805673276,0.,-0.308827528172116));
#13888=DIRECTION('',(0.514228154247657,-0.533478671414624,-0.671542934237816));
#13889=DIRECTION('',(0.945817241700635,0.324699469204684,1.54885041626466E-15));
#13890=DIRECTION('',(0.078128885657301,0.736835100074101,0.671542934237818));
#13891=DIRECTION('center_axis',(0.994425456530222,-0.105441981225035,1.58980901488306E-15));
#13892=DIRECTION('ref_axis',(0.105441981225035,0.994425456530222,1.72669570094238E-16));
#13893=DIRECTION('',(-0.0781288856573033,-0.736835100074101,0.671542934237817));
#13894=DIRECTION('',(-1.59872115546023E-15,0.,1.));
#13895=DIRECTION('',(-1.59872115546023E-15,0.,1.));
#13896=DIRECTION('center_axis',(0.229597196522306,-0.668793785369674,-0.707106781186547));
#13897=DIRECTION('ref_axis',(-0.951118056732759,0.,-0.308827528172119));
#13898=DIRECTION('',(-0.945817241700635,-0.324699469204684,-1.54885041626466E-15));
#13899=DIRECTION('',(-0.514228154247655,0.533478671414624,-0.671542934237818));
#13900=DIRECTION('center_axis',(-1.15794318827928E-15,-0.707106781186548,
0.707106781186548));
#13901=DIRECTION('ref_axis',(1.,0.,1.63757896132211E-15));
#13902=DIRECTION('',(0.313145613014972,-0.671542934237819,-0.671542934237818));
#13903=DIRECTION('',(1.,0.,1.63757896132211E-15));
#13904=DIRECTION('',(0.313145613014972,0.671542934237818,0.671542934237819));
#13905=DIRECTION('center_axis',(0.906307787036651,-0.422618261740698,0.));
#13906=DIRECTION('ref_axis',(0.422618261740698,0.906307787036651,0.));
#13907=DIRECTION('',(0.,0.,1.));
#13908=DIRECTION('',(-0.313145613014972,-0.671542934237819,0.671542934237818));
#13909=DIRECTION('',(0.,0.,1.));
#13910=DIRECTION('center_axis',(1.15794318827928E-15,-0.707106781186548,
-0.707106781186548));
#13911=DIRECTION('ref_axis',(-1.,0.,-1.63757896132211E-15));
#13912=DIRECTION('',(-1.,0.,-1.63757896132211E-15));
#13913=DIRECTION('',(-0.313145613014972,0.671542934237818,-0.671542934237819));
#13914=DIRECTION('center_axis',(-1.15794318827928E-15,-0.707106781186547,
0.707106781186548));
#13915=DIRECTION('ref_axis',(1.,0.,1.63757896132211E-15));
#13916=DIRECTION('',(0.313145613014975,-0.671542934237818,-0.671542934237817));
#13917=DIRECTION('',(1.,0.,1.63757896132211E-15));
#13918=DIRECTION('',(0.313145613014973,0.671542934237818,0.671542934237818));
#13919=DIRECTION('center_axis',(0.906307787036649,-0.4226182617407,1.44893343249383E-15));
#13920=DIRECTION('ref_axis',(0.4226182617407,0.906307787036649,6.9207077409709E-16));
#13921=DIRECTION('',(-1.59872115546023E-15,0.,1.));
#13922=DIRECTION('',(-0.313145613014975,-0.671542934237818,0.671542934237818));
#13923=DIRECTION('',(-1.59872115546028E-15,-1.15400312691183E-28,1.));
#13924=DIRECTION('center_axis',(1.15794318827928E-15,-0.707106781186548,
-0.707106781186547));
#13925=DIRECTION('ref_axis',(-1.,0.,-1.63757896132211E-15));
#13926=DIRECTION('',(-1.,0.,-1.63757896132211E-15));
#13927=DIRECTION('',(-0.313145613014972,0.671542934237818,-0.671542934237819));
#13928=DIRECTION('center_axis',(0.,-1.,0.));
#13929=DIRECTION('ref_axis',(1.,0.,0.));
#13930=DIRECTION('',(0.,0.,-1.));
#13931=DIRECTION('center_axis',(-0.906307787036651,-0.422618261740698,0.));
#13932=DIRECTION('ref_axis',(0.422618261740698,-0.906307787036651,0.));
#13933=DIRECTION('',(0.,0.,-1.));
#13934=DIRECTION('center_axis',(0.,-1.,0.));
#13935=DIRECTION('ref_axis',(1.,0.,0.));
#13936=DIRECTION('',(0.,0.,-1.));
#13937=DIRECTION('center_axis',(-0.906307787036651,-0.422618261740698,0.));
#13938=DIRECTION('ref_axis',(0.422618261740698,-0.906307787036651,0.));
#13939=DIRECTION('',(0.,0.,-1.));
#13940=DIRECTION('center_axis',(0.,-1.,0.));
#13941=DIRECTION('ref_axis',(1.,0.,0.));
#13942=DIRECTION('',(0.,0.,-1.));
#13943=DIRECTION('center_axis',(-0.906307787036651,-0.422618261740698,0.));
#13944=DIRECTION('ref_axis',(0.422618261740698,-0.906307787036651,0.));
#13945=DIRECTION('',(0.,0.,-1.));
#13946=DIRECTION('center_axis',(0.,-1.,0.));
#13947=DIRECTION('ref_axis',(1.,0.,0.));
#13948=DIRECTION('',(0.,0.,-1.));
#13949=DIRECTION('center_axis',(-0.906307787036651,-0.422618261740698,0.));
#13950=DIRECTION('ref_axis',(0.422618261740698,-0.906307787036651,0.));
#13951=DIRECTION('',(0.,0.,-1.));
#13952=DIRECTION('center_axis',(0.,-1.,0.));
#13953=DIRECTION('ref_axis',(1.,0.,0.));
#13954=DIRECTION('',(0.,0.,-1.));
#13955=DIRECTION('center_axis',(-0.906307787036651,-0.422618261740698,0.));
#13956=DIRECTION('ref_axis',(0.422618261740698,-0.906307787036651,0.));
#13957=DIRECTION('',(0.,0.,-1.));
#13958=DIRECTION('center_axis',(0.,-1.,0.));
#13959=DIRECTION('ref_axis',(1.,0.,0.));
#13960=DIRECTION('',(0.,0.,-1.));
#13961=DIRECTION('center_axis',(-0.906307787036651,-0.422618261740698,0.));
#13962=DIRECTION('ref_axis',(0.422618261740698,-0.906307787036651,0.));
#13963=DIRECTION('',(0.,0.,-1.));
#13964=DIRECTION('center_axis',(0.,-1.,0.));
#13965=DIRECTION('ref_axis',(1.,0.,0.));
#13966=DIRECTION('',(0.,0.,-1.));
#13967=DIRECTION('center_axis',(-0.906307787036651,-0.422618261740698,0.));
#13968=DIRECTION('ref_axis',(0.422618261740698,-0.906307787036651,0.));
#13969=DIRECTION('',(0.,0.,-1.));
#13970=DIRECTION('center_axis',(0.,-1.,0.));
#13971=DIRECTION('ref_axis',(1.,0.,0.));
#13972=DIRECTION('',(0.,0.,-1.));
#13973=DIRECTION('center_axis',(-0.906307787036651,-0.422618261740698,0.));
#13974=DIRECTION('ref_axis',(0.422618261740698,-0.906307787036651,0.));
#13975=DIRECTION('',(0.,0.,-1.));
#13976=DIRECTION('center_axis',(0.,-1.,0.));
#13977=DIRECTION('ref_axis',(1.,0.,0.));
#13978=DIRECTION('',(0.,0.,-1.));
#13979=DIRECTION('center_axis',(-0.906307787036651,-0.422618261740698,0.));
#13980=DIRECTION('ref_axis',(0.422618261740698,-0.906307787036651,0.));
#13981=DIRECTION('',(0.,0.,-1.));
#13982=DIRECTION('center_axis',(0.,-1.,0.));
#13983=DIRECTION('ref_axis',(1.,0.,0.));
#13984=DIRECTION('',(0.,0.,-1.));
#13985=DIRECTION('center_axis',(-0.906307787036651,-0.422618261740698,0.));
#13986=DIRECTION('ref_axis',(0.422618261740698,-0.906307787036651,0.));
#13987=DIRECTION('',(0.,0.,-1.));
#13988=DIRECTION('center_axis',(0.,-1.,0.));
#13989=DIRECTION('ref_axis',(1.,0.,0.));
#13990=DIRECTION('',(0.,0.,-1.));
#13991=DIRECTION('center_axis',(-0.906307787036651,-0.422618261740698,0.));
#13992=DIRECTION('ref_axis',(0.422618261740698,-0.906307787036651,0.));
#13993=DIRECTION('',(0.,0.,-1.));
#13994=DIRECTION('center_axis',(0.,-1.,0.));
#13995=DIRECTION('ref_axis',(1.,0.,0.));
#13996=DIRECTION('',(0.,0.,-1.));
#13997=DIRECTION('center_axis',(-0.906307787036651,-0.422618261740698,0.));
#13998=DIRECTION('ref_axis',(0.422618261740698,-0.906307787036651,0.));
#13999=DIRECTION('',(0.,0.,-1.));
#14000=DIRECTION('center_axis',(0.,-1.,0.));
#14001=DIRECTION('ref_axis',(1.,0.,0.));
#14002=DIRECTION('',(0.,0.,-1.));
#14003=DIRECTION('center_axis',(-0.906307787036651,-0.422618261740698,0.));
#14004=DIRECTION('ref_axis',(0.422618261740698,-0.906307787036651,0.));
#14005=DIRECTION('',(0.,0.,-1.));
#14006=DIRECTION('center_axis',(-0.999999999772526,-2.13295157868373E-5,
0.));
#14007=DIRECTION('ref_axis',(0.,0.,1.));
#14008=DIRECTION('',(0.,0.,-1.));
#14009=DIRECTION('center_axis',(0.999999999772526,2.13295157868373E-5,0.));
#14010=DIRECTION('ref_axis',(1.50822452540136E-5,-0.707106781106123,-0.707106781106123));
#14011=DIRECTION('',(0.,0.,1.));
#14012=DIRECTION('center_axis',(0.999999999772526,2.13295157868373E-5,0.));
#14013=DIRECTION('ref_axis',(1.50822452540136E-5,-0.707106781106123,0.707106781106123));
#14014=DIRECTION('',(0.,0.,-1.));
#14015=DIRECTION('',(0.,0.,1.));
#14016=DIRECTION('center_axis',(-2.13295157868373E-5,0.999999999772526,
0.));
#14017=DIRECTION('ref_axis',(-0.999999999772526,-2.13295157868373E-5,0.));
#14018=DIRECTION('center_axis',(-1.,0.,0.));
#14019=DIRECTION('ref_axis',(0.,-1.,0.));
#14020=DIRECTION('',(0.,0.,1.));
#14021=DIRECTION('center_axis',(-1.,0.,0.));
#14022=DIRECTION('ref_axis',(0.,-1.,0.));
#14023=DIRECTION('',(0.,0.,1.));
#14024=DIRECTION('center_axis',(-1.,0.,0.));
#14025=DIRECTION('ref_axis',(0.,-1.,0.));
#14026=DIRECTION('',(0.,0.,1.));
#14027=DIRECTION('center_axis',(-1.,0.,0.));
#14028=DIRECTION('ref_axis',(0.,-1.,0.));
#14029=DIRECTION('',(0.,0.,1.));
#14030=DIRECTION('center_axis',(-1.,0.,0.));
#14031=DIRECTION('ref_axis',(0.,-1.,0.));
#14032=DIRECTION('',(0.,0.,1.));
#14033=DIRECTION('center_axis',(-1.,0.,0.));
#14034=DIRECTION('ref_axis',(0.,-1.,0.));
#14035=DIRECTION('',(0.,0.,1.));
#14036=DIRECTION('center_axis',(-1.,0.,0.));
#14037=DIRECTION('ref_axis',(0.,-1.,0.));
#14038=DIRECTION('',(0.,0.,1.));
#14039=DIRECTION('center_axis',(-1.,0.,0.));
#14040=DIRECTION('ref_axis',(0.,-1.,0.));
#14041=DIRECTION('',(0.,0.,1.));
#14042=DIRECTION('center_axis',(-1.,0.,0.));
#14043=DIRECTION('ref_axis',(0.,-1.,0.));
#14044=DIRECTION('',(0.,0.,1.));
#14045=DIRECTION('center_axis',(-1.,0.,0.));
#14046=DIRECTION('ref_axis',(0.,-1.,0.));
#14047=DIRECTION('',(0.,0.,1.));
#14048=DIRECTION('center_axis',(-1.,0.,0.));
#14049=DIRECTION('ref_axis',(0.,-1.,0.));
#14050=DIRECTION('',(0.,0.,1.));
#14051=DIRECTION('center_axis',(-1.,0.,0.));
#14052=DIRECTION('ref_axis',(0.,-1.,0.));
#14053=DIRECTION('',(0.,0.,1.));
#14054=DIRECTION('center_axis',(-2.13295157868373E-5,0.999999999772526,
0.));
#14055=DIRECTION('ref_axis',(-0.999999999772526,-2.13295157868373E-5,0.));
#14056=DIRECTION('',(0.,0.,-1.));
#14057=DIRECTION('center_axis',(0.906307787036631,0.42261826174074,0.));
#14058=DIRECTION('ref_axis',(-0.42261826174074,0.906307787036631,0.));
#14059=DIRECTION('',(0.,0.,-1.));
#14060=DIRECTION('center_axis',(0.,1.,0.));
#14061=DIRECTION('ref_axis',(-1.,0.,0.));
#14062=DIRECTION('',(0.,0.,-1.));
#14063=DIRECTION('center_axis',(0.90630778703665,0.422618261740699,0.));
#14064=DIRECTION('ref_axis',(-0.422618261740699,0.90630778703665,0.));
#14065=DIRECTION('',(0.,0.,-1.));
#14066=DIRECTION('center_axis',(0.164594590280728,0.986361303402723,2.63140853556108E-16));
#14067=DIRECTION('ref_axis',(-0.986361303402723,0.164594590280728,-1.61524451871455E-15));
#14068=DIRECTION('',(1.59872115546023E-15,5.44007314971017E-32,-1.));
#14069=DIRECTION('center_axis',(0.963507609741872,0.267680940616819,1.54037999914125E-15));
#14070=DIRECTION('ref_axis',(-0.267680940616819,0.963507609741872,-4.38348676701015E-16));
#14071=DIRECTION('center_axis',(0.475947393037068,0.879473751206492,7.60907166134504E-16));
#14072=DIRECTION('ref_axis',(-0.879473751206492,0.475947393037068,-1.44020771201078E-15));
#14073=DIRECTION('',(1.59872115546023E-15,1.08801462994204E-31,-1.));
#14074=DIRECTION('center_axis',(0.998217969138121,-0.0596731605478207,1.59587218502166E-15));
#14075=DIRECTION('ref_axis',(0.0596731605478207,0.998217969138121,9.77195122687075E-17));
#14076=DIRECTION('',(1.59872115546023E-15,0.,-1.));
#14077=DIRECTION('center_axis',(0.735723910673128,0.677281571625745,1.17621738057106E-15));
#14078=DIRECTION('ref_axis',(-0.677281571625745,0.735723910673128,-1.10910205258549E-15));
#14079=DIRECTION('',(1.59872115546023E-15,0.,-1.));
#14080=DIRECTION('center_axis',(0.924755922630582,-0.380560748842627,1.47842685714665E-15));
#14081=DIRECTION('ref_axis',(0.380560748842627,0.924755922630582,6.23198275809672E-16));
#14082=DIRECTION('',(1.59872115546023E-15,0.,-1.));
#14083=DIRECTION('center_axis',(0.915773326655055,0.401695424652974,1.46406619092962E-15));
#14084=DIRECTION('ref_axis',(-0.401695424652974,0.915773326655055,-6.5780797627106E-16));
#14085=DIRECTION('',(1.59872115546023E-15,0.,-1.));
#14086=DIRECTION('center_axis',(0.75108222283944,-0.660208674991905,1.2007710391435E-15));
#14087=DIRECTION('ref_axis',(0.660208674991905,0.75108222283944,1.08114383624909E-15));
#14088=DIRECTION('',(1.59872115546023E-15,0.,-1.));
#14089=DIRECTION('center_axis',(0.99658449300667,0.0825793454723348,1.59326071217337E-15));
#14090=DIRECTION('ref_axis',(-0.0825793454723348,0.99658449300667,-1.35230198785245E-16));
#14091=DIRECTION('',(1.59872115546023E-15,0.,-1.));
#14092=DIRECTION('center_axis',(0.496017109962183,-0.868312747012713,7.92993047166782E-16));
#14093=DIRECTION('ref_axis',(0.868312747012713,0.496017109962183,1.42193068635582E-15));
#14094=DIRECTION('',(1.59872115546023E-15,0.,-1.));
#14095=DIRECTION('center_axis',(0.969400265939331,-0.245485487140796,1.54980071326598E-15));
#14096=DIRECTION('ref_axis',(0.245485487140796,0.969400265939331,4.02001869051676E-16));
#14097=DIRECTION('',(1.59872115546023E-15,0.,-1.));
#14098=DIRECTION('center_axis',(0.187200846722063,-0.982321659634227,2.99281953974629E-16));
#14099=DIRECTION('ref_axis',(0.982321659634227,0.187200846722063,1.60862928306802E-15));
#14100=DIRECTION('',(1.59872115546023E-15,0.,-1.));
#14101=DIRECTION('center_axis',(0.837166478262529,-0.546948158122426,1.33839575944044E-15));
#14102=DIRECTION('ref_axis',(0.546948158122426,0.837166478262529,8.95670796675161E-16));
#14103=DIRECTION('',(1.59872115546023E-15,-2.72003657485509E-32,-1.));
#14104=DIRECTION('center_axis',(-0.141901532980811,-0.989880778143356,-2.2686098276866E-16));
#14105=DIRECTION('ref_axis',(0.989880778143356,-0.141901532980811,1.62100793650471E-15));
#14106=DIRECTION('',(1.59872115546023E-15,0.,-1.));
#14107=DIRECTION('center_axis',(0.614212712689669,-0.789140509396393,9.81954857729588E-16));
#14108=DIRECTION('ref_axis',(0.789140509396393,0.614212712689669,1.29227989571454E-15));
#14109=DIRECTION('',(1.59872115546023E-15,0.,-1.));
#14110=DIRECTION('center_axis',(-0.455626679756071,-0.890170954757826,-7.28420011918132E-16));
#14111=DIRECTION('ref_axis',(0.890170954757825,-0.455626679756071,1.45772522749143E-15));
#14112=DIRECTION('',(1.59872115546023E-15,0.,-1.));
#14113=DIRECTION('center_axis',(0.324699469204684,-0.945817241700635,5.19103910584234E-16));
#14114=DIRECTION('ref_axis',(0.945817241700635,0.324699469204684,1.54885041626466E-15));
#14115=DIRECTION('',(1.59872115546023E-15,5.44007314971019E-32,-1.));
#14116=DIRECTION('center_axis',(-0.719977606003395,-0.693997295998782,-1.15104343017523E-15));
#14117=DIRECTION('ref_axis',(0.693997295998782,-0.719977606003395,1.13647537114204E-15));
#14118=DIRECTION('',(1.59872115546023E-15,0.,-1.));
#14119=DIRECTION('center_axis',(0.,-1.,0.));
#14120=DIRECTION('ref_axis',(1.,0.,0.));
#14121=DIRECTION('',(0.,0.,-1.));
#14122=DIRECTION('center_axis',(-0.906307787036651,-0.422618261740698,0.));
#14123=DIRECTION('ref_axis',(0.422618261740698,-0.906307787036651,0.));
#14124=DIRECTION('',(0.,0.,-1.));
#14125=DIRECTION('center_axis',(0.,-1.,0.));
#14126=DIRECTION('ref_axis',(1.,0.,1.63757896132211E-15));
#14127=DIRECTION('',(1.59872115546023E-15,0.,-1.));
#14128=DIRECTION('center_axis',(-0.90630778703665,-0.4226182617407,-1.44893343249383E-15));
#14129=DIRECTION('ref_axis',(0.4226182617407,-0.90630778703665,6.92070774097089E-16));
#14130=DIRECTION('',(1.59872115546023E-15,0.,-1.));
#14131=DIRECTION('center_axis',(-1.,-1.55005007797201E-13,0.));
#14132=DIRECTION('ref_axis',(0.,0.,1.));
#14133=DIRECTION('',(0.,0.,1.));
#14134=DIRECTION('',(-1.55005007797201E-13,1.,-2.53832939668266E-28));
#14135=DIRECTION('center_axis',(1.,1.55005007797201E-13,0.));
#14136=DIRECTION('ref_axis',(-3.14018491736755E-14,-0.707106781186548,0.707106781186548));
#14137=DIRECTION('center_axis',(-0.998850334629112,0.0479375532470203,-1.63569629349818E-15));
#14138=DIRECTION('ref_axis',(-0.0338969689744695,-0.706293845006699,0.707106781186545));
#14139=DIRECTION('',(-0.998850334629112,0.0479375532470203,-1.63569629349818E-15));
#14140=DIRECTION('',(0.998850334629112,-0.0479375532470203,1.63569629349818E-15));
#14141=DIRECTION('center_axis',(-0.999712542341323,0.023975668613179,0.));
#14142=DIRECTION('ref_axis',(-0.023975668613179,-0.999712542341323,0.));
#14143=DIRECTION('center_axis',(1.63757896132211E-15,0.,-1.));
#14144=DIRECTION('ref_axis',(-1.,0.,-1.59778128411663E-15));
#14145=DIRECTION('center_axis',(1.63757896132211E-15,0.,-1.));
#14146=DIRECTION('ref_axis',(-1.,0.,-1.63757896132211E-15));
#14147=DIRECTION('center_axis',(-1.,-1.55431223447523E-13,0.));
#14148=DIRECTION('ref_axis',(0.,0.,1.));
#14149=DIRECTION('center_axis',(-1.63757896132211E-15,0.,1.));
#14150=DIRECTION('ref_axis',(-0.999359522142098,0.035784710476938,-1.63779636791962E-15));
#14151=DIRECTION('center_axis',(1.,1.55005007797201E-13,1.63757896132211E-15));
#14152=DIRECTION('ref_axis',(-1.25607396694702E-13,0.707106781186548,0.707106781186548));
#14153=DIRECTION('',(-1.,-1.55005007797201E-13,-1.63757896132211E-15));
#14154=DIRECTION('',(1.,1.55005007797201E-13,1.63757896132211E-15));
#14155=DIRECTION('center_axis',(-1.,4.18241292991916E-14,-1.63757896132211E-15));
#14156=DIRECTION('ref_axis',(-3.14018491736755E-14,-0.707106781186548,0.707106781186548));
#14157=DIRECTION('',(1.,-4.18241292991916E-14,1.63757896132211E-15));
#14158=DIRECTION('',(1.,-4.18241292991916E-14,1.63757896132211E-15));
#14159=DIRECTION('',(-1.,4.18241292991916E-14,-1.63757896132211E-15));
#14160=DIRECTION('center_axis',(-4.18241292991916E-14,-1.,0.));
#14161=DIRECTION('ref_axis',(1.,-4.18241292991916E-14,0.));
#14162=DIRECTION('',(0.,0.,-1.));
#14163=DIRECTION('center_axis',(-0.0479375532470203,-0.998850334629112,
0.));
#14164=DIRECTION('ref_axis',(0.998850334629112,-0.0479375532470203,0.));
#14165=DIRECTION('',(-1.59872115546023E-15,0.,1.));
#14166=DIRECTION('center_axis',(-1.59872115546023E-15,0.,1.));
#14167=DIRECTION('ref_axis',(-0.999356732039022,0.0358625449220636,-1.59769274936238E-15));
#14168=DIRECTION('',(-1.59872115546023E-15,0.,1.));
#14169=DIRECTION('center_axis',(-1.55005007797201E-13,1.,0.));
#14170=DIRECTION('ref_axis',(-1.,-1.55005007797201E-13,0.));
#14171=DIRECTION('center_axis',(1.5487692707693E-13,-1.,0.));
#14172=DIRECTION('ref_axis',(1.,1.5487692707693E-13,0.));
#14173=DIRECTION('center_axis',(1.54876927076931E-13,-1.,0.));
#14174=DIRECTION('ref_axis',(1.,1.54876927076931E-13,0.));
#14175=DIRECTION('center_axis',(1.54876927076931E-13,-1.,0.));
#14176=DIRECTION('ref_axis',(1.,1.54876927076931E-13,0.));
#14177=DIRECTION('center_axis',(1.54876927076931E-13,-1.,0.));
#14178=DIRECTION('ref_axis',(1.,1.54876927076931E-13,0.));
#14179=DIRECTION('center_axis',(1.54876927076931E-13,-1.,0.));
#14180=DIRECTION('ref_axis',(1.,1.54876927076931E-13,0.));
#14181=DIRECTION('center_axis',(1.54876927076931E-13,-1.,0.));
#14182=DIRECTION('ref_axis',(1.,1.54876927076931E-13,0.));
#14183=DIRECTION('center_axis',(1.54876927076931E-13,-1.,0.));
#14184=DIRECTION('ref_axis',(1.,1.54876927076931E-13,0.));
#14185=DIRECTION('center_axis',(1.54876927076931E-13,-1.,0.));
#14186=DIRECTION('ref_axis',(1.,1.54876927076931E-13,0.));
#14187=DIRECTION('center_axis',(1.54876927076931E-13,-1.,0.));
#14188=DIRECTION('ref_axis',(1.,1.54876927076931E-13,0.));
#14189=DIRECTION('center_axis',(1.54876927076931E-13,-1.,0.));
#14190=DIRECTION('ref_axis',(1.,1.54876927076931E-13,0.));
#14191=DIRECTION('center_axis',(1.54876927076931E-13,-1.,0.));
#14192=DIRECTION('ref_axis',(1.,1.54876927076931E-13,0.));
#14193=DIRECTION('center_axis',(1.54876927076931E-13,-1.,0.));
#14194=DIRECTION('ref_axis',(1.,1.54876927076931E-13,0.));
#14195=DIRECTION('center_axis',(1.54876927076931E-13,-1.,0.));
#14196=DIRECTION('ref_axis',(1.,1.54876927076931E-13,0.));
#14197=DIRECTION('center_axis',(7.21828896158937E-14,-1.,0.));
#14198=DIRECTION('ref_axis',(1.,7.21828896158937E-14,0.));
#14199=DIRECTION('center_axis',(-1.55005007797201E-13,1.,0.));
#14200=DIRECTION('ref_axis',(-1.,-1.55005007797201E-13,0.));
#14201=DIRECTION('',(1.,1.55005007797201E-13,1.63757896132211E-15));
#14202=DIRECTION('',(-1.59872115546023E-15,0.,1.));
#14203=DIRECTION('',(-1.,-1.55005007797201E-13,-1.63757896132211E-15));
#14204=DIRECTION('center_axis',(-0.0479375532470203,-0.998850334629112,
0.));
#14205=DIRECTION('ref_axis',(0.998850334629112,-0.0479375532470203,0.));
#14206=DIRECTION('',(-0.998850334629112,0.0479375532470203,-1.63569629349818E-15));
#14207=DIRECTION('',(0.,0.,-1.));
#14208=DIRECTION('',(0.998850334629112,-0.0479375532470203,1.63569629349818E-15));
#14209=DIRECTION('',(-1.59872115546023E-15,0.,1.));
#14210=DIRECTION('center_axis',(-1.59872115546023E-15,0.,1.));
#14211=DIRECTION('ref_axis',(-0.999353879772824,0.0359419390545852,-1.59768818938407E-15));
#14212=DIRECTION('center_axis',(1.63757896132211E-15,0.,-1.));
#14213=DIRECTION('ref_axis',(1.,0.,1.59872115546023E-15));
#14214=DIRECTION('center_axis',(-1.63757896132211E-15,0.,1.));
#14215=DIRECTION('ref_axis',(1.,0.,1.59872115546023E-15));
#14216=DIRECTION('center_axis',(-1.59872115546023E-15,0.,1.));
#14217=DIRECTION('ref_axis',(-0.0882225933866881,0.996100785069526,-1.41043326436864E-16));
#14218=DIRECTION('center_axis',(-1.59872115546023E-15,0.,1.));
#14219=DIRECTION('ref_axis',(-0.406875846119119,0.913483467745778,-6.50481022836414E-16));
#14220=DIRECTION('center_axis',(-1.59872115546023E-15,0.,1.));
#14221=DIRECTION('ref_axis',(-0.681437787595305,0.731876042535357,-1.08942900715862E-15));
#14222=DIRECTION('center_axis',(-1.59872115546023E-15,0.,1.));
#14223=DIRECTION('ref_axis',(-0.882155371188829,0.470958491889358,-1.41032045432245E-15));
#14224=DIRECTION('center_axis',(-1.59872115546023E-15,0.,1.));
#14225=DIRECTION('ref_axis',(-0.987277732263131,0.15900528097321,-1.57838179688386E-15));
#14226=DIRECTION('center_axis',(-1.59872115546023E-15,0.,1.));
#14227=DIRECTION('ref_axis',(-0.985413231854315,-0.170178619357527,-1.57540098063593E-15));
#14228=DIRECTION('center_axis',(-1.63757896132211E-15,0.,1.));
#14229=DIRECTION('ref_axis',(1.,0.,1.63757896132211E-15));
#14230=DIRECTION('',(1.,-4.18241292991916E-14,1.63757896132211E-15));
#14231=DIRECTION('',(0.998850334629112,-0.0479375532470203,1.63569629349818E-15));
#14232=DIRECTION('center_axis',(-1.63757896132211E-15,0.,1.));
#14233=DIRECTION('ref_axis',(1.,0.,1.63757896132211E-15));
#14234=DIRECTION('',(-1.,-1.55005007797201E-13,-1.63757896132211E-15));
#14235=DIRECTION('',(1.,-4.18241292991916E-14,1.63757896132211E-15));
#14236=DIRECTION('',(1.55005007797201E-13,-1.,2.53832939668266E-28));
#14237=DIRECTION('center_axis',(-4.18241292991916E-14,-1.,0.));
#14238=DIRECTION('ref_axis',(1.,-4.18241292991916E-14,0.));
#14239=DIRECTION('',(-1.,4.18241292991916E-14,-1.63757896132211E-15));
#14240=DIRECTION('',(0.,0.,-1.));
#14241=DIRECTION('center_axis',(-0.0479375532470203,-0.998850334629112,
0.));
#14242=DIRECTION('ref_axis',(0.998850334629112,-0.0479375532470203,0.));
#14243=DIRECTION('',(-1.59872115546023E-15,0.,1.));
#14244=DIRECTION('',(-0.998850334629112,0.0479375532470203,-1.63569629349818E-15));
#14245=DIRECTION('center_axis',(-1.59872115546023E-15,0.,1.));
#14246=DIRECTION('ref_axis',(-0.999356732039022,0.0358625449220663,-1.59769274936238E-15));
#14247=DIRECTION('center_axis',(1.63757896132211E-15,0.,-1.));
#14248=DIRECTION('ref_axis',(-0.999359522142098,0.0357847104769382,-1.63779636791962E-15));
#14249=DIRECTION('',(-1.59872115546023E-15,0.,1.));
#14250=DIRECTION('center_axis',(-1.55005007797201E-13,1.,0.));
#14251=DIRECTION('ref_axis',(-1.,-1.55005007797201E-13,0.));
#14252=DIRECTION('',(1.,1.55005007797201E-13,1.63757896132211E-15));
#14253=DIRECTION('center_axis',(1.,-4.18241292991916E-14,1.63757896132211E-15));
#14254=DIRECTION('ref_axis',(-3.14018491736755E-14,-0.707106781186548,-0.707106781186548));
#14255=DIRECTION('center_axis',(1.,1.55005007797201E-13,0.));
#14256=DIRECTION('ref_axis',(-3.14018491736755E-14,-0.707106781186548,-0.707106781186548));
#14257=DIRECTION('',(-1.,4.18241292991916E-14,-1.63757896132211E-15));
#14258=DIRECTION('center_axis',(0.999712542341313,-0.0239756686135931,0.));
#14259=DIRECTION('ref_axis',(-0.0239756686135931,-0.999712542341313,0.));
#14260=DIRECTION('center_axis',(0.998850334629112,-0.0479375532470203,1.63569629349818E-15));
#14261=DIRECTION('ref_axis',(-0.0338969689744698,-0.706293845006692,-0.707106781186553));
#14262=DIRECTION('center_axis',(-1.63757896132211E-15,0.,1.));
#14263=DIRECTION('ref_axis',(-0.999356732039022,0.0358625449220663,-1.59778128411663E-15));
#14264=DIRECTION('center_axis',(1.,1.33226762955018E-13,0.));
#14265=DIRECTION('ref_axis',(0.,0.,-1.));
#14266=DIRECTION('center_axis',(-1.,-1.55005007797201E-13,-1.63757896132211E-15));
#14267=DIRECTION('ref_axis',(-6.28036983473509E-14,0.707106781186548,-0.707106781186548));
#14268=DIRECTION('center_axis',(-1.59872115546023E-15,0.,1.));
#14269=DIRECTION('ref_axis',(-0.876763917512381,-0.480921025687527,-1.40170102327123E-15));
#14270=DIRECTION('center_axis',(-1.59872115546023E-15,0.,1.));
#14271=DIRECTION('ref_axis',(-0.67310362831409,-0.739548176625707,-1.07610501040277E-15));
#14272=DIRECTION('center_axis',(-1.59872115546023E-15,0.,1.));
#14273=DIRECTION('ref_axis',(-0.396502116709062,-0.918033807354192,-6.33896322167537E-16));
#14274=DIRECTION('center_axis',(0.,1.,0.));
#14275=DIRECTION('ref_axis',(-1.,0.,0.));
#14276=DIRECTION('center_axis',(2.85299602510138E-14,1.,0.));
#14277=DIRECTION('ref_axis',(-1.,2.85299602510138E-14,0.));
#14278=DIRECTION('center_axis',(2.85299602510138E-14,1.,0.));
#14279=DIRECTION('ref_axis',(-1.,2.85299602510138E-14,0.));
#14280=DIRECTION('center_axis',(2.85299602510138E-14,1.,0.));
#14281=DIRECTION('ref_axis',(-1.,2.85299602510138E-14,0.));
#14282=DIRECTION('center_axis',(2.85299602510138E-14,1.,0.));
#14283=DIRECTION('ref_axis',(-1.,2.85299602510138E-14,0.));
#14284=DIRECTION('center_axis',(2.85299602510138E-14,1.,0.));
#14285=DIRECTION('ref_axis',(-1.,2.85299602510138E-14,0.));
#14286=DIRECTION('center_axis',(2.85299602510138E-14,1.,0.));
#14287=DIRECTION('ref_axis',(-1.,2.85299602510138E-14,0.));
#14288=DIRECTION('center_axis',(2.85299602510138E-14,1.,0.));
#14289=DIRECTION('ref_axis',(-1.,2.85299602510138E-14,0.));
#14290=DIRECTION('center_axis',(2.85299602510138E-14,1.,0.));
#14291=DIRECTION('ref_axis',(-1.,2.85299602510138E-14,0.));
#14292=DIRECTION('center_axis',(2.85299602510138E-14,1.,0.));
#14293=DIRECTION('ref_axis',(-1.,2.85299602510138E-14,0.));
#14294=DIRECTION('center_axis',(2.85299602510138E-14,1.,0.));
#14295=DIRECTION('ref_axis',(-1.,2.85299602510138E-14,0.));
#14296=DIRECTION('center_axis',(2.85299602510138E-14,1.,0.));
#14297=DIRECTION('ref_axis',(-1.,2.85299602510138E-14,0.));
#14298=DIRECTION('center_axis',(2.85299602510138E-14,1.,0.));
#14299=DIRECTION('ref_axis',(-1.,2.85299602510138E-14,0.));
#14300=DIRECTION('center_axis',(2.85299602510138E-14,1.,0.));
#14301=DIRECTION('ref_axis',(-1.,2.85299602510138E-14,0.));
#14302=DIRECTION('center_axis',(-1.,-1.55005007797201E-13,0.));
#14303=DIRECTION('ref_axis',(0.,0.,1.));
#14304=DIRECTION('',(0.,0.,1.));
#14305=DIRECTION('center_axis',(-4.18241292991916E-14,-1.,0.));
#14306=DIRECTION('ref_axis',(1.,-4.18241292991916E-14,0.));
#14307=DIRECTION('',(-1.,4.18241292991916E-14,-1.63757896132211E-15));
#14308=DIRECTION('center_axis',(1.63757896132211E-15,0.,-1.));
#14309=DIRECTION('ref_axis',(-1.,0.,-1.63757896132211E-15));
#14310=DIRECTION('center_axis',(2.85299602510138E-14,1.,0.));
#14311=DIRECTION('ref_axis',(-1.,2.85299602510138E-14,0.));
#14312=DIRECTION('',(1.,-2.85299602510138E-14,1.63757896132211E-15));
#14313=DIRECTION('',(0.986723469172007,-2.81511813542198E-14,0.162409345128783));
#14314=DIRECTION('',(0.,0.,1.));
#14315=DIRECTION('',(-0.986723469172007,2.81511813542198E-14,0.16240934512878));
#14316=DIRECTION('',(1.,-2.85299602510138E-14,1.63757896132211E-15));
#14317=DIRECTION('',(0.,0.,-1.));
#14318=DIRECTION('center_axis',(-1.63757896132211E-15,0.,1.));
#14319=DIRECTION('ref_axis',(1.,0.,1.63757896132211E-15));
#14320=DIRECTION('',(-0.986361303402722,-0.164594590280739,-1.61524451871455E-15));
#14321=DIRECTION('',(-0.566027658368057,0.824386250469023,0.));
#14322=DIRECTION('center_axis',(-1.63757896132211E-15,0.,1.));
#14323=DIRECTION('ref_axis',(0.396502116709301,-0.918033807354089,0.));
#14324=DIRECTION('',(0.0596731605481347,-0.998217969138102,0.));
#14325=DIRECTION('',(-0.879473751206461,-0.475947393037125,-1.44020771201073E-15));
#14326=DIRECTION('',(-0.803036496510811,0.595929849287349,-3.38248672788655E-31));
#14327=DIRECTION('center_axis',(-1.63757896132211E-15,0.,1.));
#14328=DIRECTION('ref_axis',(0.673103628314216,-0.739548176625592,0.));
#14329=DIRECTION('',(0.380560748842899,-0.92475592263047,0.));
#14330=DIRECTION('',(-0.677281571625629,-0.735723910673234,-1.1091020525853E-15));
#14331=DIRECTION('',(-0.953023869861602,0.302895202131061,0.));
#14332=DIRECTION('center_axis',(-1.63757896132211E-15,0.,1.));
#14333=DIRECTION('ref_axis',(0.876763917512415,-0.480921025687465,0.));
#14334=DIRECTION('',(0.660208674992043,-0.751082222839318,0.));
#14335=DIRECTION('',(-0.401695424652742,-0.915773326655157,-6.57807976270679E-16));
#14336=DIRECTION('',(-0.999736319223967,-0.0229628400794689,2.17875466582744E-30));
#14337=DIRECTION('center_axis',(-1.63757896132211E-15,0.,1.));
#14338=DIRECTION('ref_axis',(0.985413231854316,-0.170178619357518,0.));
#14339=DIRECTION('',(0.868312747012752,-0.496017109962115,0.));
#14340=DIRECTION('',(-0.0825793454720317,-0.996584493006695,-1.35230198784749E-16));
#14341=DIRECTION('',(-0.9381118258911,-0.346332502262301,-2.17875466582765E-30));
#14342=DIRECTION('center_axis',(-1.63757896132211E-15,0.,1.));
#14343=DIRECTION('ref_axis',(0.98727773226313,0.159005280973218,0.));
#14344=DIRECTION('',(0.982321659634338,-0.18720084672148,0.));
#14345=DIRECTION('',(0.245485487140811,-0.969400265939327,4.020018690517E-16));
#14346=DIRECTION('',(-0.774828359918202,-0.632171663922443,-2.17875466582737E-30));
#14347=DIRECTION('center_axis',(-1.63757896132211E-15,0.,1.));
#14348=DIRECTION('ref_axis',(0.882155371188755,0.470958491889497,0.));
#14349=DIRECTION('',(0.989880778143356,0.14190153298081,0.));
#14350=DIRECTION('',(0.54694815812244,-0.83716647826252,8.95670796675184E-16));
#14351=DIRECTION('',(-0.527580218447402,-0.849505216642601,3.38248672788695E-31));
#14352=DIRECTION('center_axis',(-1.63757896132211E-15,0.,1.));
#14353=DIRECTION('ref_axis',(0.681437787595125,0.731876042535525,0.));
#14354=DIRECTION('',(0.890170954757823,0.455626679756076,0.));
#14355=DIRECTION('',(0.789140509396398,-0.614212712689662,1.29227989571455E-15));
#14356=DIRECTION('',(-0.223160574057264,-0.97478169770797,-7.79128116542283E-32));
#14357=DIRECTION('center_axis',(-1.63757896132211E-15,0.,1.));
#14358=DIRECTION('ref_axis',(0.406875846118839,0.913483467745902,0.));
#14359=DIRECTION('',(0.693997295998772,0.719977606003404,0.));
#14360=DIRECTION('',(0.945817241700635,-0.324699469204683,1.54885041626466E-15));
#14361=DIRECTION('',(0.105441981225043,-0.994425456530221,0.));
#14362=DIRECTION('center_axis',(-1.63757896132211E-15,0.,1.));
#14363=DIRECTION('ref_axis',(0.0882225933863569,0.996100785069556,0.));
#14364=DIRECTION('',(0.422618261740712,0.906307787036644,-7.79128116542281E-32));
#14365=DIRECTION('',(1.,0.,1.63757896132211E-15));
#14366=DIRECTION('',(0.422618261730387,-0.906307787041459,7.79128116523784E-32));
#14367=DIRECTION('',(-1.,-1.03650183183583E-15,-1.63757896132211E-15));
#14368=DIRECTION('',(0.422618261740698,0.906307787036651,0.));
#14369=DIRECTION('',(1.,0.,1.63757896132211E-15));
#14370=DIRECTION('',(0.422618261740698,-0.906307787036651,0.));
#14371=DIRECTION('',(-1.,-1.54876927076932E-13,-1.63757896132211E-15));
#14372=DIRECTION('',(0.422618261740698,0.906307787036651,0.));
#14373=DIRECTION('',(1.,0.,1.63757896132211E-15));
#14374=DIRECTION('',(0.422618261740698,-0.906307787036651,0.));
#14375=DIRECTION('',(-1.,-1.54876927076931E-13,-1.63757896132211E-15));
#14376=DIRECTION('',(0.422618261740698,0.906307787036651,0.));
#14377=DIRECTION('',(1.,0.,1.63757896132211E-15));
#14378=DIRECTION('',(0.422618261740698,-0.906307787036651,0.));
#14379=DIRECTION('',(-1.,-1.5487692707693E-13,-1.63757896132211E-15));
#14380=DIRECTION('',(0.422618261740698,0.906307787036651,0.));
#14381=DIRECTION('',(1.,0.,1.63757896132211E-15));
#14382=DIRECTION('',(0.422618261740698,-0.906307787036651,0.));
#14383=DIRECTION('',(-1.,-1.5487692707693E-13,-1.63757896132211E-15));
#14384=DIRECTION('',(0.422618261740698,0.906307787036651,0.));
#14385=DIRECTION('',(1.,0.,1.63757896132211E-15));
#14386=DIRECTION('',(0.422618261740698,-0.906307787036651,0.));
#14387=DIRECTION('',(-1.,-1.5487692707693E-13,-1.63757896132211E-15));
#14388=DIRECTION('',(0.422618261740698,0.906307787036651,0.));
#14389=DIRECTION('',(1.,0.,1.63757896132211E-15));
#14390=DIRECTION('',(0.422618261740698,-0.906307787036651,0.));
#14391=DIRECTION('',(-1.,-1.5487692707693E-13,-1.63757896132211E-15));
#14392=DIRECTION('',(0.422618261740698,0.906307787036651,0.));
#14393=DIRECTION('',(1.,0.,1.63757896132211E-15));
#14394=DIRECTION('',(0.422618261740698,-0.906307787036651,0.));
#14395=DIRECTION('',(-1.,-1.5487692707693E-13,-1.63757896132211E-15));
#14396=DIRECTION('',(0.422618261740698,0.906307787036651,0.));
#14397=DIRECTION('',(1.,0.,1.63757896132211E-15));
#14398=DIRECTION('',(0.422618261740698,-0.906307787036651,0.));
#14399=DIRECTION('',(-1.,-1.5487692707693E-13,-1.63757896132211E-15));
#14400=DIRECTION('',(0.422618261740698,0.906307787036651,0.));
#14401=DIRECTION('',(1.,0.,1.63757896132211E-15));
#14402=DIRECTION('',(0.422618261740698,-0.906307787036651,0.));
#14403=DIRECTION('',(-1.,-1.5487692707693E-13,-1.63757896132211E-15));
#14404=DIRECTION('',(0.422618261740698,0.906307787036651,0.));
#14405=DIRECTION('',(1.,0.,1.63757896132211E-15));
#14406=DIRECTION('',(0.422618261740698,-0.906307787036651,0.));
#14407=DIRECTION('',(-1.,-1.5487692707693E-13,-1.63757896132211E-15));
#14408=DIRECTION('',(0.422618261740698,0.906307787036651,0.));
#14409=DIRECTION('',(1.,0.,1.63757896132211E-15));
#14410=DIRECTION('',(0.422618261740698,-0.906307787036651,0.));
#14411=DIRECTION('',(-1.,-1.5487692707693E-13,-1.63757896132211E-15));
#14412=DIRECTION('',(0.422618261740698,0.906307787036651,0.));
#14413=DIRECTION('',(1.,0.,1.63757896132211E-15));
#14414=DIRECTION('',(0.422618261740698,-0.906307787036651,0.));
#14415=DIRECTION('',(-1.,-1.5487692707693E-13,-1.63757896132211E-15));
#14416=DIRECTION('',(0.422618261740698,0.906307787036651,0.));
#14417=DIRECTION('',(1.,0.,1.63757896132211E-15));
#14418=DIRECTION('',(0.422618261740698,-0.906307787036651,0.));
#14419=DIRECTION('',(-1.,-1.5487692707693E-13,-1.63757896132211E-15));
#14420=DIRECTION('',(0.422618261740698,0.906307787036651,0.));
#14421=DIRECTION('',(1.,0.,1.63757896132211E-15));
#14422=DIRECTION('',(1.55005007797201E-13,-1.,2.53832939668266E-28));
#14423=DIRECTION('',(1.,1.55005007797201E-13,1.63757896132211E-15));
#14424=DIRECTION('center_axis',(1.63757896132211E-15,0.,-1.));
#14425=DIRECTION('ref_axis',(-0.0821253674427291,0.996622006591464,0.));
#14426=DIRECTION('',(-0.998854670903612,-0.0478471150022283,-1.63570339449007E-15));
#14427=DIRECTION('',(-1.,4.18241292991916E-14,-1.63757896132211E-15));
#14428=DIRECTION('',(2.13295157868373E-5,-0.999999999772526,3.49287663077125E-20));
#14429=DIRECTION('',(-0.999999999772526,-2.13295157868373E-5,-1.6375789609496E-15));
#14430=DIRECTION('',(-0.42261826174074,0.906307787036631,0.));
#14431=DIRECTION('',(1.,-2.85299602510138E-14,1.63757896132211E-15));
#14432=DIRECTION('',(0.,1.,0.));
#14433=DIRECTION('',(-0.999999999772526,-2.13295157868373E-5,-1.6375789609496E-15));
#14434=DIRECTION('',(-0.42261826174074,0.906307787036631,0.));
#14435=DIRECTION('',(1.,-2.85299602510138E-14,1.63757896132211E-15));
#14436=DIRECTION('',(0.,1.,0.));
#14437=DIRECTION('',(-0.999999999772526,-2.13295157868373E-5,-1.6375789609496E-15));
#14438=DIRECTION('',(-0.42261826174074,0.906307787036631,0.));
#14439=DIRECTION('',(1.,-2.85299602510138E-14,1.63757896132211E-15));
#14440=DIRECTION('',(0.,1.,0.));
#14441=DIRECTION('',(-0.999999999772526,-2.13295157868373E-5,-1.6375789609496E-15));
#14442=DIRECTION('',(-0.42261826174074,0.906307787036631,0.));
#14443=DIRECTION('',(1.,-2.85299602510138E-14,1.63757896132211E-15));
#14444=DIRECTION('',(0.,1.,0.));
#14445=DIRECTION('',(-0.999999999772526,-2.13295157868373E-5,-1.6375789609496E-15));
#14446=DIRECTION('',(-0.42261826174074,0.906307787036631,0.));
#14447=DIRECTION('',(1.,-2.85299602510138E-14,1.63757896132211E-15));
#14448=DIRECTION('',(0.,1.,0.));
#14449=DIRECTION('',(-0.999999999772526,-2.13295157868373E-5,-1.6375789609496E-15));
#14450=DIRECTION('',(-0.42261826174074,0.906307787036631,0.));
#14451=DIRECTION('',(1.,-2.85299602510138E-14,1.63757896132211E-15));
#14452=DIRECTION('',(0.,1.,0.));
#14453=DIRECTION('',(-0.999999999772526,-2.13295157868373E-5,-1.6375789609496E-15));
#14454=DIRECTION('',(-0.42261826174074,0.906307787036631,0.));
#14455=DIRECTION('',(1.,-2.85299602510138E-14,1.63757896132211E-15));
#14456=DIRECTION('',(0.,1.,0.));
#14457=DIRECTION('',(-0.999999999772526,-2.13295157868373E-5,-1.6375789609496E-15));
#14458=DIRECTION('',(-0.42261826174074,0.906307787036631,0.));
#14459=DIRECTION('',(1.,-2.85299602510138E-14,1.63757896132211E-15));
#14460=DIRECTION('',(0.,1.,0.));
#14461=DIRECTION('',(-0.999999999772526,-2.13295157868373E-5,-1.6375789609496E-15));
#14462=DIRECTION('',(-0.42261826174074,0.906307787036631,0.));
#14463=DIRECTION('',(1.,-2.85299602510138E-14,1.63757896132211E-15));
#14464=DIRECTION('',(0.,1.,0.));
#14465=DIRECTION('',(-0.999999999772526,-2.13295157868373E-5,-1.6375789609496E-15));
#14466=DIRECTION('',(-0.42261826174074,0.906307787036631,0.));
#14467=DIRECTION('',(1.,-2.85299602510138E-14,1.63757896132211E-15));
#14468=DIRECTION('',(0.,1.,0.));
#14469=DIRECTION('',(-0.999999999772526,-2.13295157868373E-5,-1.6375789609496E-15));
#14470=DIRECTION('',(-0.42261826174074,0.906307787036631,0.));
#14471=DIRECTION('',(1.,-2.85299602510138E-14,1.63757896132211E-15));
#14472=DIRECTION('',(0.,1.,0.));
#14473=DIRECTION('',(-0.999999999772526,-2.13295157868373E-5,-1.6375789609496E-15));
#14474=DIRECTION('',(-0.42261826174074,0.906307787036631,0.));
#14475=DIRECTION('',(1.,-2.85299602510138E-14,1.63757896132211E-15));
#14476=DIRECTION('',(0.,1.,0.));
#14477=DIRECTION('',(-0.999999999772526,-2.13295157868373E-5,-1.6375789609496E-15));
#14478=DIRECTION('',(-0.42261826174074,0.906307787036631,0.));
#14479=DIRECTION('',(1.,-2.85299602510138E-14,1.63757896132211E-15));
#14480=DIRECTION('',(0.,1.,0.));
#14481=DIRECTION('',(-0.999999999772526,-2.13295157868373E-5,-1.6375789609496E-15));
#14482=DIRECTION('',(-0.42261826174074,0.906307787036631,0.));
#14483=DIRECTION('center_axis',(-0.11638595093413,0.697462766336064,-0.70710678118655));
#14484=DIRECTION('ref_axis',(-0.986723469172011,0.,0.162409345128753));
#14485=DIRECTION('',(0.198342380891279,0.713926037778129,0.671542934237864));
#14486=DIRECTION('',(0.986361303402722,0.164594590280739,1.61524451871455E-15));
#14487=DIRECTION('',(0.419407049125236,-0.610841890033235,-0.67154293423778));
#14488=DIRECTION('',(0.419407049125236,-0.610841890033235,-0.67154293423778));
#14489=DIRECTION('center_axis',(0.906307787036644,-0.422618261740712,0.));
#14490=DIRECTION('ref_axis',(0.422618261740712,0.906307787036644,-7.79128116542281E-32));
#14491=DIRECTION('',(0.313145613014982,0.671542934237815,0.671542934237817));
#14492=DIRECTION('',(0.,0.,1.));
#14493=DIRECTION('',(0.422618261740712,0.906307787036644,-7.79128116542281E-32));
#14494=DIRECTION('center_axis',(0.906307787036644,-0.422618261740712,0.));
#14495=DIRECTION('ref_axis',(0.422618261740712,0.906307787036644,-7.79128116542281E-32));
#14496=DIRECTION('',(0.,0.,1.));
#14497=DIRECTION('',(-0.313145613014983,-0.671542934237817,0.671542934237815));
#14498=DIRECTION('center_axis',(-0.994425456530221,-0.105441981225043,0.));
#14499=DIRECTION('ref_axis',(0.105441981225043,-0.994425456530221,0.));
#14500=DIRECTION('',(0.,0.,-1.));
#14501=DIRECTION('',(0.0781288856573089,-0.736835100074106,-0.671542934237811));
#14502=DIRECTION('',(0.105441981225043,-0.994425456530221,0.));
#14503=DIRECTION('center_axis',(-0.994425456530221,-0.105441981225043,0.));
#14504=DIRECTION('ref_axis',(0.105441981225043,-0.994425456530221,0.));
#14505=DIRECTION('',(-0.0781288856573088,0.736835100074105,-0.671542934237812));
#14506=DIRECTION('',(0.,0.,-1.));
#14507=DIRECTION('center_axis',(0.719977606003404,-0.693997295998772,0.));
#14508=DIRECTION('ref_axis',(0.693997295998772,0.719977606003404,0.));
#14509=DIRECTION('',(0.514228154247651,0.533478671414632,0.671542934237814));
#14510=DIRECTION('',(0.,0.,1.));
#14511=DIRECTION('',(0.693997295998772,0.719977606003404,0.));
#14512=DIRECTION('center_axis',(0.719977606003404,-0.693997295998772,0.));
#14513=DIRECTION('ref_axis',(0.693997295998772,0.719977606003404,0.));
#14514=DIRECTION('',(0.,0.,1.));
#14515=DIRECTION('',(-0.51422815424765,-0.533478671414632,0.671542934237814));
#14516=DIRECTION('center_axis',(-0.97478169770797,0.223160574057264,0.));
#14517=DIRECTION('ref_axis',(-0.223160574057264,-0.97478169770797,-7.79128116542283E-32));
#14518=DIRECTION('',(0.,0.,-1.));
#14519=DIRECTION('',(-0.165354318755898,-0.722279749642777,-0.67154293423782));
#14520=DIRECTION('',(-0.223160574057264,-0.97478169770797,-7.79128116542283E-32));
#14521=DIRECTION('center_axis',(-0.97478169770797,0.223160574057264,0.));
#14522=DIRECTION('ref_axis',(-0.223160574057264,-0.97478169770797,-7.79128116542283E-32));
#14523=DIRECTION('',(0.165354318755898,0.722279749642776,-0.67154293423782));
#14524=DIRECTION('',(0.,0.,-1.));
#14525=DIRECTION('center_axis',(0.455626679756076,-0.890170954757823,0.));
#14526=DIRECTION('ref_axis',(0.890170954757823,0.455626679756076,0.));
#14527=DIRECTION('',(0.659586095895668,0.337603716769186,0.67154293423782));
#14528=DIRECTION('',(0.,0.,1.));
#14529=DIRECTION('',(0.890170954757823,0.455626679756076,0.));
#14530=DIRECTION('center_axis',(0.455626679756076,-0.890170954757823,0.));
#14531=DIRECTION('ref_axis',(0.890170954757823,0.455626679756076,0.));
#14532=DIRECTION('',(0.,0.,1.));
#14533=DIRECTION('',(-0.659586095895669,-0.337603716769186,0.67154293423782));
#14534=DIRECTION('center_axis',(-0.849505216642601,0.527580218447402,0.));
#14535=DIRECTION('ref_axis',(-0.527580218447402,-0.849505216642601,3.38248672788695E-31));
#14536=DIRECTION('',(0.,0.,-1.));
#14537=DIRECTION('',(-0.390918816995302,-0.629454181012611,-0.671542934237816));
#14538=DIRECTION('',(-0.527580218447402,-0.849505216642601,3.38248672788695E-31));
#14539=DIRECTION('center_axis',(-0.849505216642601,0.527580218447402,0.));
#14540=DIRECTION('ref_axis',(-0.527580218447402,-0.849505216642601,3.38248672788695E-31));
#14541=DIRECTION('',(0.390918816995303,0.629454181012611,-0.671542934237816));
#14542=DIRECTION('',(0.,0.,-1.));
#14543=DIRECTION('center_axis',(0.14190153298081,-0.989880778143356,0.));
#14544=DIRECTION('ref_axis',(0.989880778143356,0.14190153298081,0.));
#14545=DIRECTION('',(0.733467649520624,0.105144160950396,0.67154293423781));
#14546=DIRECTION('',(0.,0.,1.));
#14547=DIRECTION('',(0.989880778143356,0.14190153298081,0.));
#14548=DIRECTION('center_axis',(0.14190153298081,-0.989880778143356,0.));
#14549=DIRECTION('ref_axis',(0.989880778143356,0.14190153298081,0.));
#14550=DIRECTION('',(0.,0.,1.));
#14551=DIRECTION('',(-0.733467649520625,-0.105144160950396,0.671542934237809));
#14552=DIRECTION('center_axis',(-0.632171663922443,0.774828359918202,0.));
#14553=DIRECTION('ref_axis',(-0.774828359918202,-0.632171663922443,-2.17875466582737E-30));
#14554=DIRECTION('',(0.,0.,-1.));
#14555=DIRECTION('',(-0.574121195682837,-0.468417484881784,-0.671542934237814));
#14556=DIRECTION('',(-0.774828359918202,-0.632171663922443,-2.17875466582737E-30));
#14557=DIRECTION('center_axis',(-0.632171663922443,0.774828359918202,0.));
#14558=DIRECTION('ref_axis',(-0.774828359918202,-0.632171663922443,-2.17875466582737E-30));
#14559=DIRECTION('',(0.574121195682838,0.468417484881785,-0.671542934237813));
#14560=DIRECTION('',(0.,0.,-1.));
#14561=DIRECTION('center_axis',(-0.18720084672148,-0.982321659634338,0.));
#14562=DIRECTION('ref_axis',(0.982321659634338,-0.18720084672148,0.));
#14563=DIRECTION('',(0.727866602396802,-0.138709396186671,0.671542934237912));
#14564=DIRECTION('',(0.,0.,1.));
#14565=DIRECTION('',(0.982321659634338,-0.18720084672148,0.));
#14566=DIRECTION('center_axis',(-0.18720084672148,-0.982321659634338,0.));
#14567=DIRECTION('ref_axis',(0.982321659634338,-0.18720084672148,0.));
#14568=DIRECTION('',(0.,0.,1.));
#14569=DIRECTION('',(-0.727866602396804,0.138709396186672,0.67154293423791));
#14570=DIRECTION('center_axis',(-0.346332502262301,0.9381118258911,0.));
#14571=DIRECTION('ref_axis',(-0.9381118258911,-0.346332502262301,-2.17875466582765E-30));
#14572=DIRECTION('',(0.,0.,-1.));
#14573=DIRECTION('',(-0.69510863440986,-0.256620486017883,-0.671542934237868));
#14574=DIRECTION('',(-0.9381118258911,-0.346332502262301,-2.17875466582765E-30));
#14575=DIRECTION('center_axis',(-0.346332502262301,0.9381118258911,0.));
#14576=DIRECTION('ref_axis',(-0.9381118258911,-0.346332502262301,-2.17875466582765E-30));
#14577=DIRECTION('',(0.695108634409861,0.256620486017883,-0.671542934237866));
#14578=DIRECTION('',(0.,0.,-1.));
#14579=DIRECTION('center_axis',(-0.496017109962114,-0.868312747012752,0.));
#14580=DIRECTION('ref_axis',(0.868312747012752,-0.496017109962115,0.));
#14581=DIRECTION('',(0.643389914889351,-0.367531637949684,0.671542934237787));
#14582=DIRECTION('',(0.,0.,1.));
#14583=DIRECTION('',(0.868312747012752,-0.496017109962115,0.));
#14584=DIRECTION('center_axis',(-0.496017109962114,-0.868312747012752,0.));
#14585=DIRECTION('ref_axis',(0.868312747012752,-0.496017109962115,0.));
#14586=DIRECTION('',(0.,0.,1.));
#14587=DIRECTION('',(-0.643389914889352,0.367531637949685,0.671542934237785));
#14588=DIRECTION('center_axis',(-0.0229628400794689,0.999736319223967,0.));
#14589=DIRECTION('ref_axis',(-0.999736319223967,-0.0229628400794689,2.17875466582744E-30));
#14590=DIRECTION('',(0.,0.,-1.));
#14591=DIRECTION('',(-0.740770266876896,-0.0170146756167903,-0.671542934237854));
#14592=DIRECTION('',(-0.999736319223967,-0.0229628400794689,2.17875466582744E-30));
#14593=DIRECTION('center_axis',(-0.0229628400794689,0.999736319223967,0.));
#14594=DIRECTION('ref_axis',(-0.999736319223967,-0.0229628400794689,2.17875466582744E-30));
#14595=DIRECTION('',(0.740770266876897,0.0170146756167903,-0.671542934237854));
#14596=DIRECTION('',(0.,0.,-1.));
#14597=DIRECTION('center_axis',(-0.751082222839318,-0.660208674992043,0.));
#14598=DIRECTION('ref_axis',(0.660208674992043,-0.751082222839318,0.));
#14599=DIRECTION('',(0.489191946880514,-0.556526123899445,0.671542934237798));
#14600=DIRECTION('',(0.,0.,1.));
#14601=DIRECTION('',(0.660208674992043,-0.751082222839318,0.));
#14602=DIRECTION('center_axis',(-0.751082222839318,-0.660208674992043,0.));
#14603=DIRECTION('ref_axis',(0.660208674992043,-0.751082222839318,0.));
#14604=DIRECTION('',(0.,0.,1.));
#14605=DIRECTION('',(-0.489191946880514,0.556526123899445,0.671542934237798));
#14606=DIRECTION('center_axis',(0.302895202131061,0.953023869861602,0.));
#14607=DIRECTION('ref_axis',(-0.953023869861602,0.302895202131061,0.));
#14608=DIRECTION('',(0.,0.,-1.));
#14609=DIRECTION('',(-0.706157946692827,0.224434938897218,-0.671542934237844));
#14610=DIRECTION('',(-0.953023869861602,0.302895202131061,0.));
#14611=DIRECTION('center_axis',(0.302895202131061,0.953023869861602,0.));
#14612=DIRECTION('ref_axis',(-0.953023869861602,0.302895202131061,0.));
#14613=DIRECTION('',(0.706157946692828,-0.224434938897218,-0.671542934237842));
#14614=DIRECTION('',(0.,0.,-1.));
#14615=DIRECTION('center_axis',(-0.92475592263047,-0.380560748842899,0.));
#14616=DIRECTION('ref_axis',(0.380560748842899,-0.92475592263047,0.));
#14617=DIRECTION('',(0.281982440832056,-0.685212368932161,0.671542934237844));
#14618=DIRECTION('',(0.,0.,1.));
#14619=DIRECTION('',(0.380560748842899,-0.92475592263047,0.));
#14620=DIRECTION('center_axis',(-0.92475592263047,-0.380560748842899,0.));
#14621=DIRECTION('ref_axis',(0.380560748842899,-0.92475592263047,0.));
#14622=DIRECTION('',(0.,0.,1.));
#14623=DIRECTION('',(-0.281982440832056,0.685212368932161,0.671542934237843));
#14624=DIRECTION('center_axis',(0.595929849287349,0.803036496510811,0.));
#14625=DIRECTION('ref_axis',(-0.803036496510811,0.595929849287348,-3.38248672788655E-31));
#14626=DIRECTION('',(0.,0.,-1.));
#14627=DIRECTION('',(-0.595022455815141,0.441563545314819,-0.67154293423781));
#14628=DIRECTION('',(-0.803036496510811,0.595929849287349,-3.38248672788655E-31));
#14629=DIRECTION('center_axis',(0.595929849287349,0.803036496510811,0.));
#14630=DIRECTION('ref_axis',(-0.803036496510811,0.595929849287348,-3.38248672788655E-31));
#14631=DIRECTION('',(0.595022455815142,-0.44156354531482,-0.671542934237807));
#14632=DIRECTION('',(0.,0.,-1.));
#14633=DIRECTION('center_axis',(-0.998217969138102,-0.0596731605481347,
0.));
#14634=DIRECTION('ref_axis',(0.0596731605481347,-0.998217969138102,0.));
#14635=DIRECTION('',(0.044215761911043,-0.73964522162577,0.671542934237858));
#14636=DIRECTION('',(0.,0.,1.));
#14637=DIRECTION('',(0.0596731605481347,-0.998217969138102,0.));
#14638=DIRECTION('center_axis',(-0.998217969138102,-0.0596731605481347,
0.));
#14639=DIRECTION('ref_axis',(0.0596731605481347,-0.998217969138102,0.));
#14640=DIRECTION('',(0.,0.,1.));
#14641=DIRECTION('',(-0.0442157619110431,0.739645221625771,0.671542934237856));
#14642=DIRECTION('center_axis',(0.824386250469023,0.566027658368057,0.));
#14643=DIRECTION('ref_axis',(-0.566027658368057,0.824386250469023,0.));
#14644=DIRECTION('',(0.,0.,-1.));
#14645=DIRECTION('',(-0.419407049125236,0.610841890033235,-0.67154293423778));
#14646=DIRECTION('',(-0.566027658368057,0.824386250469023,0.));
#14647=DIRECTION('center_axis',(0.824386250469023,0.566027658368057,0.));
#14648=DIRECTION('ref_axis',(-0.566027658368057,0.824386250469023,0.));
#14649=DIRECTION('',(0.,0.,-1.));
#14650=DIRECTION('center_axis',(1.15794318827928E-15,-0.707106781186548,
-0.707106781186548));
#14651=DIRECTION('ref_axis',(-1.,0.,-1.63757896132211E-15));
#14652=DIRECTION('',(-1.09605092131275E-13,0.707106781186548,-0.707106781186548));
#14653=DIRECTION('',(-0.313145613014972,-0.671542934237819,0.671542934237818));
#14654=DIRECTION('',(-1.,0.,-1.63757896132211E-15));
#14655=DIRECTION('center_axis',(-1.,-1.55005007797201E-13,0.));
#14656=DIRECTION('ref_axis',(0.,0.,1.));
#14657=DIRECTION('',(0.,0.,-1.));
#14658=DIRECTION('',(1.09605092131275E-13,-0.707106781186548,-0.707106781186548));
#14659=DIRECTION('',(-1.55005007797201E-13,1.,-2.53832939668266E-28));
#14660=DIRECTION('',(0.,0.,1.));
#14661=DIRECTION('center_axis',(1.,1.55005007797201E-13,0.));
#14662=DIRECTION('ref_axis',(-6.28036983473509E-14,0.707106781186548,-0.707106781186548));
#14663=DIRECTION('',(0.,0.,1.));
#14664=DIRECTION('center_axis',(1.,1.55005007797201E-13,0.));
#14665=DIRECTION('ref_axis',(-1.25607396694702E-13,0.707106781186548,0.707106781186548));
#14666=DIRECTION('',(0.,0.,1.));
#14667=DIRECTION('center_axis',(-1.15794318827928E-15,-0.707106781186548,
0.707106781186548));
#14668=DIRECTION('ref_axis',(1.,0.,1.63757896132211E-15));
#14669=DIRECTION('',(1.,0.,1.63757896132211E-15));
#14670=DIRECTION('',(0.313145613014972,0.671542934237818,0.671542934237819));
#14671=DIRECTION('',(-1.,0.,-1.63757896132211E-15));
#14672=DIRECTION('center_axis',(-1.63757896132211E-15,0.,1.));
#14673=DIRECTION('ref_axis',(1.,0.,1.63757896132211E-15));
#14674=DIRECTION('',(-0.42261826174074,0.906307787036631,0.));
#14675=DIRECTION('',(0.999999999772526,2.13295157868373E-5,1.6375789609496E-15));
#14676=DIRECTION('',(0.,-1.,0.));
#14677=DIRECTION('',(1.,-2.85299602510138E-14,1.63757896132211E-15));
#14678=DIRECTION('',(-0.42261826174074,0.906307787036631,0.));
#14679=DIRECTION('',(0.999999999772526,2.13295157868373E-5,1.6375789609496E-15));
#14680=DIRECTION('',(0.,-1.,0.));
#14681=DIRECTION('',(1.,-2.85299602510138E-14,1.63757896132211E-15));
#14682=DIRECTION('',(-0.42261826174074,0.906307787036631,0.));
#14683=DIRECTION('',(0.999999999772526,2.13295157868373E-5,1.6375789609496E-15));
#14684=DIRECTION('',(0.,-1.,0.));
#14685=DIRECTION('',(1.,-2.85299602510138E-14,1.63757896132211E-15));
#14686=DIRECTION('',(-0.42261826174074,0.906307787036631,0.));
#14687=DIRECTION('',(0.999999999772526,2.13295157868373E-5,1.6375789609496E-15));
#14688=DIRECTION('',(0.,-1.,0.));
#14689=DIRECTION('',(1.,-2.85299602510138E-14,1.63757896132211E-15));
#14690=DIRECTION('',(-0.42261826174074,0.906307787036631,0.));
#14691=DIRECTION('',(0.999999999772526,2.13295157868373E-5,1.6375789609496E-15));
#14692=DIRECTION('',(0.,-1.,0.));
#14693=DIRECTION('',(1.,-2.85299602510138E-14,1.63757896132211E-15));
#14694=DIRECTION('',(-0.42261826174074,0.906307787036631,0.));
#14695=DIRECTION('',(0.999999999772526,2.13295157868373E-5,1.6375789609496E-15));
#14696=DIRECTION('',(0.,-1.,0.));
#14697=DIRECTION('',(1.,-2.85299602510138E-14,1.63757896132211E-15));
#14698=DIRECTION('',(-0.42261826174074,0.906307787036631,0.));
#14699=DIRECTION('',(0.999999999772526,2.13295157868373E-5,1.6375789609496E-15));
#14700=DIRECTION('',(0.,-1.,0.));
#14701=DIRECTION('',(1.,-2.85299602510138E-14,1.63757896132211E-15));
#14702=DIRECTION('',(-0.42261826174074,0.906307787036631,0.));
#14703=DIRECTION('',(0.999999999772526,2.13295157868373E-5,1.6375789609496E-15));
#14704=DIRECTION('',(0.,-1.,0.));
#14705=DIRECTION('',(1.,-2.85299602510138E-14,1.63757896132211E-15));
#14706=DIRECTION('',(-0.42261826174074,0.906307787036631,0.));
#14707=DIRECTION('',(0.999999999772526,2.13295157868373E-5,1.6375789609496E-15));
#14708=DIRECTION('',(0.,-1.,0.));
#14709=DIRECTION('',(1.,-2.85299602510138E-14,1.63757896132211E-15));
#14710=DIRECTION('',(-0.42261826174074,0.906307787036631,0.));
#14711=DIRECTION('',(0.999999999772526,2.13295157868373E-5,1.6375789609496E-15));
#14712=DIRECTION('',(0.,-1.,0.));
#14713=DIRECTION('',(1.,-2.85299602510138E-14,1.63757896132211E-15));
#14714=DIRECTION('',(-0.42261826174074,0.906307787036631,0.));
#14715=DIRECTION('',(0.999999999772526,2.13295157868373E-5,1.6375789609496E-15));
#14716=DIRECTION('',(0.,-1.,0.));
#14717=DIRECTION('',(1.,-2.85299602510138E-14,1.63757896132211E-15));
#14718=DIRECTION('',(-0.42261826174074,0.906307787036631,0.));
#14719=DIRECTION('',(0.999999999772526,2.13295157868373E-5,1.6375789609496E-15));
#14720=DIRECTION('',(0.,-1.,0.));
#14721=DIRECTION('',(1.,-2.85299602510138E-14,1.63757896132211E-15));
#14722=DIRECTION('',(-0.42261826174074,0.906307787036631,0.));
#14723=DIRECTION('',(0.999999999772526,2.13295157868373E-5,1.6375789609496E-15));
#14724=DIRECTION('',(0.,-1.,0.));
#14725=DIRECTION('',(1.,-2.85299602510138E-14,1.63757896132211E-15));
#14726=DIRECTION('',(-0.42261826174074,0.906307787036631,0.));
#14727=DIRECTION('',(0.999999999772526,2.13295157868373E-5,1.6375789609496E-15));
#14728=DIRECTION('',(-2.13295157868373E-5,0.999999999772526,-3.49287663077125E-20));
#14729=DIRECTION('',(-1.,4.18241292991916E-14,-1.63757896132211E-15));
#14730=DIRECTION('',(-0.998854670903612,-0.0478471150022283,-1.63570339449007E-15));
#14731=DIRECTION('center_axis',(1.63757896132211E-15,0.,-1.));
#14732=DIRECTION('ref_axis',(-0.0821253674427291,0.996622006591464,0.));
#14733=DIRECTION('',(1.,1.55005007797201E-13,1.63757896132211E-15));
#14734=DIRECTION('',(0.422618261740698,0.906307787036651,0.));
#14735=DIRECTION('',(-1.,-1.5487692707693E-13,-1.63757896132211E-15));
#14736=DIRECTION('',(0.422618261740698,-0.906307787036651,0.));
#14737=DIRECTION('',(-1.,0.,-1.63757896132211E-15));
#14738=DIRECTION('',(0.422618261740698,0.906307787036651,0.));
#14739=DIRECTION('',(-1.,-1.5487692707693E-13,-1.63757896132211E-15));
#14740=DIRECTION('',(0.422618261740698,-0.906307787036651,0.));
#14741=DIRECTION('',(-1.,0.,-1.63757896132211E-15));
#14742=DIRECTION('',(0.422618261740698,0.906307787036651,0.));
#14743=DIRECTION('',(-1.,-1.5487692707693E-13,-1.63757896132211E-15));
#14744=DIRECTION('',(0.422618261740698,-0.906307787036651,0.));
#14745=DIRECTION('',(-1.,0.,-1.63757896132211E-15));
#14746=DIRECTION('',(0.422618261740698,0.906307787036651,0.));
#14747=DIRECTION('',(-1.,-1.5487692707693E-13,-1.63757896132211E-15));
#14748=DIRECTION('',(0.422618261740698,-0.906307787036651,0.));
#14749=DIRECTION('',(-1.,0.,-1.63757896132211E-15));
#14750=DIRECTION('',(0.422618261740698,0.906307787036651,0.));
#14751=DIRECTION('',(-1.,-1.5487692707693E-13,-1.63757896132211E-15));
#14752=DIRECTION('',(0.422618261740698,-0.906307787036651,0.));
#14753=DIRECTION('',(-1.,0.,-1.63757896132211E-15));
#14754=DIRECTION('',(0.422618261740698,0.906307787036651,0.));
#14755=DIRECTION('',(-1.,-1.5487692707693E-13,-1.63757896132211E-15));
#14756=DIRECTION('',(0.422618261740698,-0.906307787036651,0.));
#14757=DIRECTION('',(-1.,0.,-1.63757896132211E-15));
#14758=DIRECTION('',(0.422618261740698,0.906307787036651,0.));
#14759=DIRECTION('',(-1.,-1.5487692707693E-13,-1.63757896132211E-15));
#14760=DIRECTION('',(0.422618261740698,-0.906307787036651,0.));
#14761=DIRECTION('',(-1.,0.,-1.63757896132211E-15));
#14762=DIRECTION('',(0.422618261740698,0.906307787036651,0.));
#14763=DIRECTION('',(-1.,-1.5487692707693E-13,-1.63757896132211E-15));
#14764=DIRECTION('',(0.422618261740698,-0.906307787036651,0.));
#14765=DIRECTION('',(-1.,0.,-1.63757896132211E-15));
#14766=DIRECTION('',(0.422618261740698,0.906307787036651,0.));
#14767=DIRECTION('',(-1.,-1.5487692707693E-13,-1.63757896132211E-15));
#14768=DIRECTION('',(0.422618261740698,-0.906307787036651,0.));
#14769=DIRECTION('',(-1.,0.,-1.63757896132211E-15));
#14770=DIRECTION('',(0.422618261740698,0.906307787036651,0.));
#14771=DIRECTION('',(-1.,-1.5487692707693E-13,-1.63757896132211E-15));
#14772=DIRECTION('',(0.422618261740698,-0.906307787036651,0.));
#14773=DIRECTION('',(-1.,0.,-1.63757896132211E-15));
#14774=DIRECTION('',(0.422618261740698,0.906307787036651,0.));
#14775=DIRECTION('',(-1.,-1.5487692707693E-13,-1.63757896132211E-15));
#14776=DIRECTION('',(0.422618261740698,-0.906307787036651,0.));
#14777=DIRECTION('',(-1.,0.,-1.63757896132211E-15));
#14778=DIRECTION('',(0.422618261740698,0.906307787036651,0.));
#14779=DIRECTION('',(-1.,-1.54876927076931E-13,-1.63757896132211E-15));
#14780=DIRECTION('',(0.422618261740698,-0.906307787036651,0.));
#14781=DIRECTION('',(-1.,0.,-1.63757896132211E-15));
#14782=DIRECTION('',(0.422618261740698,0.906307787036651,0.));
#14783=DIRECTION('',(-1.,-1.54876927076932E-13,-1.63757896132211E-15));
#14784=DIRECTION('',(0.422618261740698,-0.906307787036651,0.));
#14785=DIRECTION('',(-1.,0.,-1.63757896132211E-15));
#14786=DIRECTION('',(0.422618261740698,0.906307787036651,0.));
#14787=DIRECTION('',(-1.,-1.03650183183583E-15,-1.63757896132211E-15));
#14788=DIRECTION('',(0.422618261730387,-0.906307787041459,7.79128116523784E-32));
#14789=DIRECTION('',(-1.,0.,-1.63757896132211E-15));
#14790=DIRECTION('center_axis',(-1.63757896132211E-15,0.,1.));
#14791=DIRECTION('ref_axis',(0.0882225933863569,0.996100785069556,0.));
#14792=DIRECTION('',(-0.945817241700635,0.324699469204683,-1.54885041626466E-15));
#14793=DIRECTION('center_axis',(-1.63757896132211E-15,0.,1.));
#14794=DIRECTION('ref_axis',(0.406875846118839,0.913483467745902,0.));
#14795=DIRECTION('',(-0.789140509396398,0.614212712689662,-1.29227989571455E-15));
#14796=DIRECTION('center_axis',(-1.63757896132211E-15,0.,1.));
#14797=DIRECTION('ref_axis',(0.681437787595125,0.731876042535525,0.));
#14798=DIRECTION('',(-0.54694815812244,0.83716647826252,-8.95670796675184E-16));
#14799=DIRECTION('center_axis',(-1.63757896132211E-15,0.,1.));
#14800=DIRECTION('ref_axis',(0.882155371188755,0.470958491889497,0.));
#14801=DIRECTION('',(-0.245485487140811,0.969400265939327,-4.020018690517E-16));
#14802=DIRECTION('center_axis',(-1.63757896132211E-15,0.,1.));
#14803=DIRECTION('ref_axis',(0.98727773226313,0.159005280973218,0.));
#14804=DIRECTION('',(0.0825793454720317,0.996584493006695,1.35230198784749E-16));
#14805=DIRECTION('center_axis',(-1.63757896132211E-15,0.,1.));
#14806=DIRECTION('ref_axis',(0.985413231854316,-0.170178619357518,0.));
#14807=DIRECTION('',(0.401695424652742,0.915773326655157,6.57807976270679E-16));
#14808=DIRECTION('center_axis',(-1.63757896132211E-15,0.,1.));
#14809=DIRECTION('ref_axis',(0.876763917512415,-0.480921025687465,0.));
#14810=DIRECTION('',(0.677281571625629,0.735723910673234,1.1091020525853E-15));
#14811=DIRECTION('center_axis',(-1.63757896132211E-15,0.,1.));
#14812=DIRECTION('ref_axis',(0.673103628314216,-0.739548176625592,0.));
#14813=DIRECTION('',(0.879473751206461,0.475947393037125,1.44020771201073E-15));
#14814=DIRECTION('center_axis',(-1.63757896132211E-15,0.,1.));
#14815=DIRECTION('ref_axis',(0.396502116709301,-0.918033807354089,0.));
#14816=DIRECTION('',(0.986361303402722,0.164594590280739,1.61524451871455E-15));
#14817=DIRECTION('center_axis',(-1.15794318827928E-15,-0.707106781186548,
0.707106781186548));
#14818=DIRECTION('ref_axis',(1.,0.,1.63757896132211E-15));
#14819=DIRECTION('',(0.313145613014972,-0.671542934237819,-0.671542934237818));
#14820=DIRECTION('',(1.,0.,1.63757896132211E-15));
#14821=DIRECTION('',(0.313145613014972,0.671542934237818,0.671542934237819));
#14822=DIRECTION('center_axis',(0.906307787036651,-0.422618261740698,0.));
#14823=DIRECTION('ref_axis',(0.422618261740698,0.906307787036651,0.));
#14824=DIRECTION('',(0.,0.,1.));
#14825=DIRECTION('',(-0.313145613014972,-0.671542934237819,0.671542934237818));
#14826=DIRECTION('',(0.,0.,1.));
#14827=DIRECTION('center_axis',(1.15794318827928E-15,-0.707106781186548,
-0.707106781186548));
#14828=DIRECTION('ref_axis',(-1.,0.,-1.63757896132211E-15));
#14829=DIRECTION('',(-1.,0.,-1.63757896132211E-15));
#14830=DIRECTION('',(-0.313145613014972,0.671542934237818,-0.671542934237819));
#14831=DIRECTION('center_axis',(-1.15794318827928E-15,-0.707106781186547,
0.707106781186548));
#14832=DIRECTION('ref_axis',(1.,0.,1.63757896132211E-15));
#14833=DIRECTION('',(0.313145613014972,-0.671542934237819,-0.671542934237818));
#14834=DIRECTION('',(1.,0.,1.63757896132211E-15));
#14835=DIRECTION('',(0.313145613014972,0.671542934237818,0.671542934237818));
#14836=DIRECTION('center_axis',(0.906307787036651,-0.422618261740698,0.));
#14837=DIRECTION('ref_axis',(0.422618261740698,0.906307787036651,0.));
#14838=DIRECTION('',(0.,0.,1.));
#14839=DIRECTION('',(-0.313145613014972,-0.671542934237818,0.671542934237819));
#14840=DIRECTION('',(0.,0.,1.));
#14841=DIRECTION('center_axis',(1.15794318827928E-15,-0.707106781186548,
-0.707106781186547));
#14842=DIRECTION('ref_axis',(-1.,0.,-1.63757896132211E-15));
#14843=DIRECTION('',(-1.,0.,-1.63757896132211E-15));
#14844=DIRECTION('',(-0.313145613014971,0.671542934237818,-0.671542934237819));
#14845=DIRECTION('center_axis',(-1.15794318827928E-15,-0.707106781186548,
0.707106781186548));
#14846=DIRECTION('ref_axis',(1.,0.,1.63757896132211E-15));
#14847=DIRECTION('',(0.313145613014972,-0.671542934237819,-0.671542934237818));
#14848=DIRECTION('',(1.,0.,1.63757896132211E-15));
#14849=DIRECTION('',(0.313145613014972,0.671542934237818,0.671542934237819));
#14850=DIRECTION('center_axis',(0.906307787036651,-0.422618261740698,0.));
#14851=DIRECTION('ref_axis',(0.422618261740698,0.906307787036651,0.));
#14852=DIRECTION('',(0.,0.,1.));
#14853=DIRECTION('',(-0.313145613014972,-0.671542934237819,0.671542934237818));
#14854=DIRECTION('',(0.,0.,1.));
#14855=DIRECTION('center_axis',(1.15794318827928E-15,-0.707106781186548,
-0.707106781186548));
#14856=DIRECTION('ref_axis',(-1.,0.,-1.63757896132211E-15));
#14857=DIRECTION('',(-1.,0.,-1.63757896132211E-15));
#14858=DIRECTION('',(-0.313145613014972,0.671542934237818,-0.671542934237819));
#14859=DIRECTION('center_axis',(-1.15794318827928E-15,-0.707106781186548,
0.707106781186548));
#14860=DIRECTION('ref_axis',(1.,0.,1.63757896132211E-15));
#14861=DIRECTION('',(0.313145613014972,-0.671542934237819,-0.671542934237818));
#14862=DIRECTION('',(1.,0.,1.63757896132211E-15));
#14863=DIRECTION('',(0.313145613014972,0.671542934237818,0.671542934237819));
#14864=DIRECTION('center_axis',(0.906307787036651,-0.422618261740698,0.));
#14865=DIRECTION('ref_axis',(0.422618261740698,0.906307787036651,0.));
#14866=DIRECTION('',(0.,0.,1.));
#14867=DIRECTION('',(-0.313145613014972,-0.671542934237819,0.671542934237818));
#14868=DIRECTION('',(0.,0.,1.));
#14869=DIRECTION('center_axis',(1.15794318827928E-15,-0.707106781186548,
-0.707106781186548));
#14870=DIRECTION('ref_axis',(-1.,0.,-1.63757896132211E-15));
#14871=DIRECTION('',(-1.,0.,-1.63757896132211E-15));
#14872=DIRECTION('',(-0.313145613014972,0.671542934237818,-0.671542934237819));
#14873=DIRECTION('center_axis',(-1.15794318827928E-15,-0.707106781186548,
0.707106781186548));
#14874=DIRECTION('ref_axis',(1.,0.,1.63757896132211E-15));
#14875=DIRECTION('',(0.313145613014972,-0.671542934237819,-0.671542934237818));
#14876=DIRECTION('',(1.,0.,1.63757896132211E-15));
#14877=DIRECTION('',(0.313145613014972,0.671542934237818,0.671542934237819));
#14878=DIRECTION('center_axis',(0.906307787036651,-0.422618261740698,0.));
#14879=DIRECTION('ref_axis',(0.422618261740698,0.906307787036651,0.));
#14880=DIRECTION('',(0.,0.,1.));
#14881=DIRECTION('',(-0.313145613014972,-0.671542934237819,0.671542934237818));
#14882=DIRECTION('',(0.,0.,1.));
#14883=DIRECTION('center_axis',(1.15794318827928E-15,-0.707106781186548,
-0.707106781186548));
#14884=DIRECTION('ref_axis',(-1.,0.,-1.63757896132211E-15));
#14885=DIRECTION('',(-1.,0.,-1.63757896132211E-15));
#14886=DIRECTION('',(-0.313145613014972,0.671542934237818,-0.671542934237819));
#14887=DIRECTION('center_axis',(-1.15794318827928E-15,-0.707106781186548,
0.707106781186547));
#14888=DIRECTION('ref_axis',(1.,0.,1.63757896132211E-15));
#14889=DIRECTION('',(0.313145613014972,-0.671542934237818,-0.671542934237818));
#14890=DIRECTION('',(1.,0.,1.63757896132211E-15));
#14891=DIRECTION('',(0.313145613014972,0.671542934237818,0.671542934237819));
#14892=DIRECTION('center_axis',(0.906307787036651,-0.422618261740698,0.));
#14893=DIRECTION('ref_axis',(0.422618261740698,0.906307787036651,0.));
#14894=DIRECTION('',(0.,0.,1.));
#14895=DIRECTION('',(-0.313145613014972,-0.671542934237819,0.671542934237818));
#14896=DIRECTION('',(0.,0.,1.));
#14897=DIRECTION('center_axis',(1.15794318827928E-15,-0.707106781186547,
-0.707106781186548));
#14898=DIRECTION('ref_axis',(-1.,0.,-1.63757896132211E-15));
#14899=DIRECTION('',(-1.,0.,-1.63757896132211E-15));
#14900=DIRECTION('',(-0.313145613014972,0.671542934237818,-0.671542934237818));
#14901=DIRECTION('center_axis',(-1.15794318827928E-15,-0.707106781186547,
0.707106781186548));
#14902=DIRECTION('ref_axis',(1.,0.,1.63757896132211E-15));
#14903=DIRECTION('',(0.313145613014972,-0.671542934237819,-0.671542934237818));
#14904=DIRECTION('',(1.,0.,1.63757896132211E-15));
#14905=DIRECTION('',(0.313145613014972,0.671542934237818,0.671542934237818));
#14906=DIRECTION('center_axis',(0.906307787036651,-0.422618261740698,0.));
#14907=DIRECTION('ref_axis',(0.422618261740698,0.906307787036651,0.));
#14908=DIRECTION('',(0.,0.,1.));
#14909=DIRECTION('',(-0.313145613014972,-0.671542934237818,0.671542934237819));
#14910=DIRECTION('',(0.,0.,1.));
#14911=DIRECTION('center_axis',(1.15794318827928E-15,-0.707106781186548,
-0.707106781186547));
#14912=DIRECTION('ref_axis',(-1.,0.,-1.63757896132211E-15));
#14913=DIRECTION('',(-1.,0.,-1.63757896132211E-15));
#14914=DIRECTION('',(-0.313145613014971,0.671542934237818,-0.671542934237819));
#14915=DIRECTION('center_axis',(-1.15794318827928E-15,-0.707106781186548,
0.707106781186547));
#14916=DIRECTION('ref_axis',(1.,0.,1.63757896132211E-15));
#14917=DIRECTION('',(0.313145613014972,-0.671542934237818,-0.671542934237818));
#14918=DIRECTION('',(1.,0.,1.63757896132211E-15));
#14919=DIRECTION('',(0.313145613014972,0.671542934237818,0.671542934237819));
#14920=DIRECTION('center_axis',(0.906307787036651,-0.422618261740698,0.));
#14921=DIRECTION('ref_axis',(0.422618261740698,0.906307787036651,0.));
#14922=DIRECTION('',(0.,0.,1.));
#14923=DIRECTION('',(-0.313145613014972,-0.671542934237819,0.671542934237818));
#14924=DIRECTION('',(0.,0.,1.));
#14925=DIRECTION('center_axis',(1.15794318827928E-15,-0.707106781186548,
-0.707106781186548));
#14926=DIRECTION('ref_axis',(-1.,0.,-1.63757896132211E-15));
#14927=DIRECTION('',(-1.,0.,-1.63757896132211E-15));
#14928=DIRECTION('',(-0.313145613014972,0.671542934237818,-0.671542934237819));
#14929=DIRECTION('center_axis',(-1.15794318827928E-15,-0.707106781186548,
0.707106781186547));
#14930=DIRECTION('ref_axis',(1.,0.,1.63757896132211E-15));
#14931=DIRECTION('',(0.313145613014972,-0.671542934237818,-0.671542934237818));
#14932=DIRECTION('',(1.,0.,1.63757896132211E-15));
#14933=DIRECTION('',(0.313145613014972,0.671542934237818,0.671542934237819));
#14934=DIRECTION('center_axis',(0.906307787036651,-0.422618261740698,0.));
#14935=DIRECTION('ref_axis',(0.422618261740698,0.906307787036651,0.));
#14936=DIRECTION('',(0.,0.,1.));
#14937=DIRECTION('',(-0.313145613014972,-0.671542934237819,0.671542934237818));
#14938=DIRECTION('',(0.,0.,1.));
#14939=DIRECTION('center_axis',(1.15794318827928E-15,-0.707106781186548,
-0.707106781186548));
#14940=DIRECTION('ref_axis',(-1.,0.,-1.63757896132211E-15));
#14941=DIRECTION('',(-1.,0.,-1.63757896132211E-15));
#14942=DIRECTION('',(-0.313145613014972,0.671542934237818,-0.671542934237819));
#14943=DIRECTION('center_axis',(-1.15794318827928E-15,-0.707106781186548,
0.707106781186547));
#14944=DIRECTION('ref_axis',(1.,0.,1.63757896132211E-15));
#14945=DIRECTION('',(0.313145613014972,-0.671542934237818,-0.671542934237818));
#14946=DIRECTION('',(1.,0.,1.63757896132211E-15));
#14947=DIRECTION('',(0.313145613014972,0.671542934237818,0.671542934237819));
#14948=DIRECTION('center_axis',(0.906307787036651,-0.422618261740698,0.));
#14949=DIRECTION('ref_axis',(0.422618261740698,0.906307787036651,0.));
#14950=DIRECTION('',(0.,0.,1.));
#14951=DIRECTION('',(-0.313145613014972,-0.671542934237819,0.671542934237818));
#14952=DIRECTION('',(0.,0.,1.));
#14953=DIRECTION('center_axis',(1.15794318827928E-15,-0.707106781186548,
-0.707106781186548));
#14954=DIRECTION('ref_axis',(-1.,0.,-1.63757896132211E-15));
#14955=DIRECTION('',(-1.,0.,-1.63757896132211E-15));
#14956=DIRECTION('',(-0.313145613014972,0.671542934237818,-0.671542934237819));
#14957=DIRECTION('center_axis',(-1.15794318827928E-15,-0.707106781186548,
0.707106781186547));
#14958=DIRECTION('ref_axis',(1.,0.,1.63757896132211E-15));
#14959=DIRECTION('',(0.313145613014972,-0.671542934237818,-0.671542934237818));
#14960=DIRECTION('',(1.,0.,1.63757896132211E-15));
#14961=DIRECTION('',(0.313145613014972,0.671542934237818,0.671542934237819));
#14962=DIRECTION('center_axis',(0.906307787036651,-0.422618261740698,0.));
#14963=DIRECTION('ref_axis',(0.422618261740698,0.906307787036651,0.));
#14964=DIRECTION('',(0.,0.,1.));
#14965=DIRECTION('',(-0.313145613014972,-0.671542934237819,0.671542934237818));
#14966=DIRECTION('',(0.,0.,1.));
#14967=DIRECTION('center_axis',(1.15794318827928E-15,-0.707106781186548,
-0.707106781186548));
#14968=DIRECTION('ref_axis',(-1.,0.,-1.63757896132211E-15));
#14969=DIRECTION('',(-1.,0.,-1.63757896132211E-15));
#14970=DIRECTION('',(-0.313145613014972,0.671542934237818,-0.671542934237819));
#14971=DIRECTION('center_axis',(-1.15794318827928E-15,-0.707106781186548,
0.707106781186547));
#14972=DIRECTION('ref_axis',(1.,0.,1.63757896132211E-15));
#14973=DIRECTION('',(0.313145613014972,-0.671542934237818,-0.671542934237818));
#14974=DIRECTION('',(1.,0.,1.63757896132211E-15));
#14975=DIRECTION('',(0.313145613014972,0.671542934237818,0.671542934237819));
#14976=DIRECTION('center_axis',(0.906307787036651,-0.422618261740698,0.));
#14977=DIRECTION('ref_axis',(0.422618261740698,0.906307787036651,0.));
#14978=DIRECTION('',(0.,0.,1.));
#14979=DIRECTION('',(-0.313145613014972,-0.671542934237819,0.671542934237818));
#14980=DIRECTION('',(0.,0.,1.));
#14981=DIRECTION('center_axis',(1.15794318827928E-15,-0.707106781186548,
-0.707106781186548));
#14982=DIRECTION('ref_axis',(-1.,0.,-1.63757896132211E-15));
#14983=DIRECTION('',(-1.,0.,-1.63757896132211E-15));
#14984=DIRECTION('',(-0.313145613014972,0.671542934237818,-0.671542934237819));
#14985=DIRECTION('center_axis',(-1.15794318827928E-15,-0.707106781186548,
0.707106781186547));
#14986=DIRECTION('ref_axis',(1.,0.,1.63757896132211E-15));
#14987=DIRECTION('',(0.313145613014972,-0.671542934237818,-0.671542934237818));
#14988=DIRECTION('',(1.,0.,1.63757896132211E-15));
#14989=DIRECTION('',(0.313145613014972,0.671542934237818,0.671542934237819));
#14990=DIRECTION('center_axis',(0.906307787036651,-0.422618261740698,0.));
#14991=DIRECTION('ref_axis',(0.422618261740698,0.906307787036651,0.));
#14992=DIRECTION('',(0.,0.,1.));
#14993=DIRECTION('',(-0.313145613014972,-0.671542934237819,0.671542934237818));
#14994=DIRECTION('',(0.,0.,1.));
#14995=DIRECTION('center_axis',(1.15794318827928E-15,-0.707106781186548,
-0.707106781186548));
#14996=DIRECTION('ref_axis',(-1.,0.,-1.63757896132211E-15));
#14997=DIRECTION('',(-1.,0.,-1.63757896132211E-15));
#14998=DIRECTION('',(-0.313145613014972,0.671542934237818,-0.671542934237819));
#14999=DIRECTION('center_axis',(-1.15794318827928E-15,-0.707106781186549,
0.707106781186546));
#15000=DIRECTION('ref_axis',(1.,0.,1.63757896132211E-15));
#15001=DIRECTION('',(0.313145613006582,-0.671542934239774,-0.671542934239775));
#15002=DIRECTION('',(1.,0.,1.63757896132211E-15));
#15003=DIRECTION('',(0.313145613014982,0.671542934237815,0.671542934237817));
#15004=DIRECTION('center_axis',(0.906307787036644,-0.422618261740712,0.));
#15005=DIRECTION('ref_axis',(0.422618261740712,0.906307787036644,-7.79128116542281E-32));
#15006=DIRECTION('',(-0.313145613014983,-0.671542934237817,0.671542934237815));
#15007=DIRECTION('',(0.,0.,1.));
#15008=DIRECTION('',(0.,0.,1.));
#15009=DIRECTION('center_axis',(1.15794318827928E-15,-0.707106781186547,
-0.707106781186548));
#15010=DIRECTION('ref_axis',(-1.,0.,-1.63757896132211E-15));
#15011=DIRECTION('',(-1.,0.,-1.63757896132211E-15));
#15012=DIRECTION('',(-0.313145613006582,0.671542934239775,-0.671542934239774));
#15013=DIRECTION('center_axis',(-0.229597196522303,-0.66879378536967,0.707106781186553));
#15014=DIRECTION('ref_axis',(0.95111805673276,0.,0.308827528172114));
#15015=DIRECTION('',(0.0781288856573089,-0.736835100074106,-0.671542934237811));
#15016=DIRECTION('',(0.945817241700635,-0.324699469204683,1.54885041626466E-15));
#15017=DIRECTION('',(0.514228154247651,0.533478671414632,0.671542934237814));
#15018=DIRECTION('center_axis',(0.719977606003404,-0.693997295998772,0.));
#15019=DIRECTION('ref_axis',(0.693997295998772,0.719977606003404,0.));
#15020=DIRECTION('',(-0.51422815424765,-0.533478671414632,0.671542934237814));
#15021=DIRECTION('',(0.,0.,1.));
#15022=DIRECTION('',(0.,0.,1.));
#15023=DIRECTION('center_axis',(-0.229597196522301,-0.668793785369671,-0.707106781186552));
#15024=DIRECTION('ref_axis',(-0.951118056732761,0.,0.308827528172112));
#15025=DIRECTION('',(-0.945817241700635,0.324699469204683,-1.54885041626466E-15));
#15026=DIRECTION('',(-0.0781288856573088,0.736835100074105,-0.671542934237812));
#15027=DIRECTION('center_axis',(-0.434313974233847,-0.558006605503201,0.707106781186545));
#15028=DIRECTION('ref_axis',(0.852103728012946,0.,0.523372942275811));
#15029=DIRECTION('',(-0.165354318755898,-0.722279749642777,-0.67154293423782));
#15030=DIRECTION('',(0.789140509396398,-0.614212712689662,1.29227989571455E-15));
#15031=DIRECTION('',(0.659586095895668,0.337603716769186,0.67154293423782));
#15032=DIRECTION('center_axis',(0.455626679756076,-0.890170954757823,0.));
#15033=DIRECTION('ref_axis',(0.890170954757823,0.455626679756076,0.));
#15034=DIRECTION('',(-0.659586095895669,-0.337603716769186,0.67154293423782));
#15035=DIRECTION('',(0.,0.,1.));
#15036=DIRECTION('',(0.,0.,1.));
#15037=DIRECTION('center_axis',(-0.434313974233846,-0.558006605503202,-0.707106781186545));
#15038=DIRECTION('ref_axis',(-0.852103728012947,0.,0.52337294227581));
#15039=DIRECTION('',(-0.789140509396398,0.614212712689662,-1.29227989571455E-15));
#15040=DIRECTION('',(0.165354318755898,0.722279749642776,-0.67154293423782));
#15041=DIRECTION('center_axis',(-0.591966093761485,-0.386750751565867,0.707106781186552));
#15042=DIRECTION('ref_axis',(0.766773835135586,0.,0.641917351184297));
#15043=DIRECTION('',(-0.390918816995302,-0.629454181012611,-0.671542934237816));
#15044=DIRECTION('',(0.54694815812244,-0.83716647826252,8.95670796675184E-16));
#15045=DIRECTION('',(0.733467649520624,0.105144160950396,0.67154293423781));
#15046=DIRECTION('center_axis',(0.14190153298081,-0.989880778143356,0.));
#15047=DIRECTION('ref_axis',(0.989880778143356,0.14190153298081,0.));
#15048=DIRECTION('',(-0.733467649520625,-0.105144160950396,0.671542934237809));
#15049=DIRECTION('',(0.,0.,1.));
#15050=DIRECTION('',(0.,0.,1.));
#15051=DIRECTION('center_axis',(-0.591966093761484,-0.386750751565868,-0.707106781186552));
#15052=DIRECTION('ref_axis',(-0.766773835135587,0.,0.641917351184296));
#15053=DIRECTION('',(-0.54694815812244,0.83716647826252,-8.95670796675184E-16));
#15054=DIRECTION('',(0.390918816995303,0.629454181012611,-0.671542934237816));
#15055=DIRECTION('center_axis',(-0.685469501729736,-0.173584452640149,0.707106781186553));
#15056=DIRECTION('ref_axis',(0.718006852310102,0.,0.696036033575662));
#15057=DIRECTION('',(-0.574121195682837,-0.468417484881784,-0.671542934237814));
#15058=DIRECTION('',(0.245485487140811,-0.969400265939327,4.020018690517E-16));
#15059=DIRECTION('',(0.727866602396802,-0.138709396186671,0.671542934237912));
#15060=DIRECTION('center_axis',(-0.18720084672148,-0.982321659634338,0.));
#15061=DIRECTION('ref_axis',(0.982321659634338,-0.18720084672148,0.));
#15062=DIRECTION('',(-0.727866602396804,0.138709396186672,0.67154293423791));
#15063=DIRECTION('',(0.,0.,1.));
#15064=DIRECTION('',(0.,0.,1.));
#15065=DIRECTION('center_axis',(-0.685469501729734,-0.173584452640149,-0.707106781186554));
#15066=DIRECTION('ref_axis',(-0.718006852310103,0.,0.69603603357566));
#15067=DIRECTION('',(-0.245485487140811,0.969400265939327,-4.020018690517E-16));
#15068=DIRECTION('',(0.574121195682838,0.468417484881785,-0.671542934237813));
#15069=DIRECTION('center_axis',(-0.704691653030398,0.0583924151692207,0.70710678118654));
#15070=DIRECTION('ref_axis',(0.708315374604829,0.,0.705896118489414));
#15071=DIRECTION('',(-0.69510863440986,-0.256620486017883,-0.671542934237868));
#15072=DIRECTION('',(-0.0825793454720317,-0.996584493006695,-1.35230198784749E-16));
#15073=DIRECTION('',(0.643389914889351,-0.367531637949684,0.671542934237787));
#15074=DIRECTION('center_axis',(-0.496017109962114,-0.868312747012752,0.));
#15075=DIRECTION('ref_axis',(0.868312747012752,-0.496017109962115,0.));
#15076=DIRECTION('',(-0.643389914889352,0.367531637949685,0.671542934237785));
#15077=DIRECTION('',(0.,0.,1.));
#15078=DIRECTION('',(0.,0.,1.));
#15079=DIRECTION('center_axis',(-0.704691653030397,0.0583924151692208,-0.707106781186542));
#15080=DIRECTION('ref_axis',(-0.70831537460483,0.,0.705896118489413));
#15081=DIRECTION('',(0.0825793454720317,0.996584493006695,1.35230198784749E-16));
#15082=DIRECTION('',(0.695108634409861,0.256620486017883,-0.671542934237866));
#15083=DIRECTION('center_axis',(-0.647549529307618,0.28404155874356,0.707106781186555));
#15084=DIRECTION('ref_axis',(0.737482221395342,0.,0.675366547236233));
#15085=DIRECTION('',(-0.740770266876896,-0.0170146756167903,-0.671542934237854));
#15086=DIRECTION('',(-0.401695424652742,-0.915773326655157,-6.57807976270679E-16));
#15087=DIRECTION('',(0.489191946880514,-0.556526123899445,0.671542934237798));
#15088=DIRECTION('center_axis',(-0.751082222839318,-0.660208674992043,0.));
#15089=DIRECTION('ref_axis',(0.660208674992043,-0.751082222839318,0.));
#15090=DIRECTION('',(-0.489191946880514,0.556526123899445,0.671542934237798));
#15091=DIRECTION('',(0.,0.,1.));
#15092=DIRECTION('',(0.,0.,1.));
#15093=DIRECTION('center_axis',(-0.647549529307617,0.284041558743561,-0.707106781186556));
#15094=DIRECTION('ref_axis',(-0.737482221395343,0.,0.675366547236233));
#15095=DIRECTION('',(0.401695424652742,0.915773326655157,6.57807976270679E-16));
#15096=DIRECTION('',(0.740770266876897,0.0170146756167903,-0.671542934237854));
#15097=DIRECTION('center_axis',(-0.520235366318132,0.478910392069166,0.707106781186545));
#15098=DIRECTION('ref_axis',(0.805485757654043,0.,0.592615131612831));
#15099=DIRECTION('',(-0.706157946692827,0.224434938897218,-0.671542934237844));
#15100=DIRECTION('',(-0.677281571625629,-0.735723910673234,-1.1091020525853E-15));
#15101=DIRECTION('',(0.281982440832056,-0.685212368932161,0.671542934237844));
#15102=DIRECTION('center_axis',(-0.92475592263047,-0.380560748842899,0.));
#15103=DIRECTION('ref_axis',(0.380560748842899,-0.92475592263047,0.));
#15104=DIRECTION('',(-0.281982440832056,0.685212368932161,0.671542934237843));
#15105=DIRECTION('',(0.,0.,1.));
#15106=DIRECTION('',(0.,0.,1.));
#15107=DIRECTION('center_axis',(-0.520235366318131,0.478910392069167,-0.707106781186546));
#15108=DIRECTION('ref_axis',(-0.805485757654044,0.,0.592615131612829));
#15109=DIRECTION('',(0.677281571625629,0.735723910673234,1.1091020525853E-15));
#15110=DIRECTION('',(0.706157946692828,-0.224434938897218,-0.671542934237842));
#15111=DIRECTION('center_axis',(-0.336545629104611,0.621881853353657,0.707106781186549));
#15112=DIRECTION('ref_axis',(0.90294570088599,0.,0.429754652390766));
#15113=DIRECTION('',(-0.595022455815141,0.441563545314819,-0.67154293423781));
#15114=DIRECTION('',(-0.879473751206461,-0.475947393037125,-1.44020771201073E-15));
#15115=DIRECTION('',(0.044215761911043,-0.73964522162577,0.671542934237858));
#15116=DIRECTION('center_axis',(-0.998217969138102,-0.0596731605481347,
0.));
#15117=DIRECTION('ref_axis',(0.0596731605481347,-0.998217969138102,0.));
#15118=DIRECTION('',(-0.0442157619110431,0.739645221625771,0.671542934237856));
#15119=DIRECTION('',(0.,0.,1.));
#15120=DIRECTION('',(0.,0.,1.));
#15121=DIRECTION('center_axis',(-0.336545629104608,0.621881853353657,-0.707106781186551));
#15122=DIRECTION('ref_axis',(-0.902945700885992,0.,0.429754652390763));
#15123=DIRECTION('',(0.879473751206461,0.475947393037125,1.44020771201073E-15));
#15124=DIRECTION('',(0.595022455815142,-0.44156354531482,-0.671542934237807));
#15125=DIRECTION('center_axis',(-0.116385950934132,0.697462766336063,0.70710678118655));
#15126=DIRECTION('ref_axis',(0.986723469172011,0.,0.162409345128756));
#15127=DIRECTION('',(-0.419407049125236,0.610841890033235,-0.67154293423778));
#15128=DIRECTION('',(-0.986361303402722,-0.164594590280739,-1.61524451871455E-15));
#15129=DIRECTION('',(-0.198342380891279,-0.713926037778129,0.671542934237864));
#15130=DIRECTION('center_axis',(-0.963507609741951,0.267680940616533,0.));
#15131=DIRECTION('ref_axis',(-0.267680940616533,-0.963507609741951,0.));
#15132=DIRECTION('',(0.,0.,1.));
#15133=DIRECTION('center_axis',(-1.50822452534561E-5,0.707106781025699,
0.707106781186547));
#15134=DIRECTION('ref_axis',(0.999999999772526,0.,2.1329515783623E-5));
#15135=DIRECTION('',(-0.313144208466477,0.671539922173769,-0.671546601235351));
#15136=DIRECTION('',(-0.999999999772526,-2.13295157868373E-5,-1.6375789609496E-15));
#15137=DIRECTION('',(-0.313131289258142,-0.671549613329351,0.671542934237814));
#15138=DIRECTION('',(0.,-0.707106781266971,0.707106781106124));
#15139=DIRECTION('center_axis',(-0.906316801073364,0.422598930538336,0.));
#15140=DIRECTION('ref_axis',(-0.422598930538336,-0.906316801073364,0.));
#15141=DIRECTION('',(0.,0.,1.));
#15142=DIRECTION('',(0.313131289258142,0.671549613329351,0.671542934237814));
#15143=DIRECTION('',(0.,0.,1.));
#15144=DIRECTION('center_axis',(-2.13295157868373E-5,0.999999999772526,
0.));
#15145=DIRECTION('ref_axis',(-0.999999999772526,-2.13295157868373E-5,0.));
#15146=DIRECTION('',(0.,0.,-1.));
#15147=DIRECTION('',(0.999999999772526,2.13295157868373E-5,1.6375789609496E-15));
#15148=DIRECTION('center_axis',(0.906307787036631,0.42261826174074,0.));
#15149=DIRECTION('ref_axis',(-0.42261826174074,0.906307787036631,0.));
#15150=DIRECTION('',(0.313144208466478,-0.67153992217377,-0.67154660123535));
#15151=DIRECTION('center_axis',(-1.50822452511402E-5,0.707106781025699,
-0.707106781186548));
#15152=DIRECTION('ref_axis',(-0.999999999772526,0.,2.13295157803478E-5));
#15153=DIRECTION('',(0.,0.707106781266972,0.707106781106123));
#15154=DIRECTION('center_axis',(-1.50822452534561E-5,0.707106781025699,
0.707106781186547));
#15155=DIRECTION('ref_axis',(0.999999999772526,0.,2.1329515783623E-5));
#15156=DIRECTION('',(-0.313144208466477,0.671539922173769,-0.671546601235351));
#15157=DIRECTION('',(-0.999999999772526,-2.13295157868373E-5,-1.6375789609496E-15));
#15158=DIRECTION('',(-0.313131289258142,-0.671549613329351,0.671542934237814));
#15159=DIRECTION('',(0.,-0.707106781266971,0.707106781106124));
#15160=DIRECTION('center_axis',(-0.906316801073364,0.422598930538336,0.));
#15161=DIRECTION('ref_axis',(-0.422598930538336,-0.906316801073364,0.));
#15162=DIRECTION('',(0.,0.,1.));
#15163=DIRECTION('',(0.313131289258142,0.671549613329351,0.671542934237814));
#15164=DIRECTION('',(0.,0.,1.));
#15165=DIRECTION('center_axis',(-2.13295157868373E-5,0.999999999772526,
0.));
#15166=DIRECTION('ref_axis',(-0.999999999772526,-2.13295157868373E-5,0.));
#15167=DIRECTION('',(0.,0.,-1.));
#15168=DIRECTION('',(0.999999999772526,2.13295157868373E-5,1.6375789609496E-15));
#15169=DIRECTION('center_axis',(0.906307787036631,0.42261826174074,0.));
#15170=DIRECTION('ref_axis',(-0.42261826174074,0.906307787036631,0.));
#15171=DIRECTION('',(0.,0.,-1.));
#15172=DIRECTION('',(0.313144208466478,-0.67153992217377,-0.67154660123535));
#15173=DIRECTION('center_axis',(-1.50822452511402E-5,0.707106781025699,
-0.707106781186548));
#15174=DIRECTION('ref_axis',(-0.999999999772526,0.,2.13295157803478E-5));
#15175=DIRECTION('',(0.,0.707106781266972,0.707106781106123));
#15176=DIRECTION('center_axis',(-1.50822452534561E-5,0.707106781025699,
0.707106781186547));
#15177=DIRECTION('ref_axis',(0.999999999772526,0.,2.1329515783623E-5));
#15178=DIRECTION('',(-0.313144208466477,0.671539922173769,-0.671546601235351));
#15179=DIRECTION('',(-0.999999999772526,-2.13295157868373E-5,-1.6375789609496E-15));
#15180=DIRECTION('',(-0.313131289258134,-0.671549613329353,0.671542934237816));
#15181=DIRECTION('',(0.,-0.707106781266971,0.707106781106124));
#15182=DIRECTION('center_axis',(-0.906316801073368,0.422598930538327,0.));
#15183=DIRECTION('ref_axis',(-0.422598930538327,-0.906316801073368,0.));
#15184=DIRECTION('',(0.,0.,1.));
#15185=DIRECTION('',(0.313131289258134,0.671549613329353,0.671542934237816));
#15186=DIRECTION('',(0.,0.,1.));
#15187=DIRECTION('center_axis',(-2.13295157868373E-5,0.999999999772526,
0.));
#15188=DIRECTION('ref_axis',(-0.999999999772526,-2.13295157868373E-5,0.));
#15189=DIRECTION('',(0.,0.,-1.));
#15190=DIRECTION('',(0.999999999772526,2.13295157868373E-5,1.6375789609496E-15));
#15191=DIRECTION('center_axis',(0.906307787036631,0.42261826174074,0.));
#15192=DIRECTION('ref_axis',(-0.42261826174074,0.906307787036631,0.));
#15193=DIRECTION('',(0.,0.,-1.));
#15194=DIRECTION('',(0.313144208466478,-0.67153992217377,-0.67154660123535));
#15195=DIRECTION('center_axis',(-1.50822452511402E-5,0.707106781025699,
-0.707106781186548));
#15196=DIRECTION('ref_axis',(-0.999999999772526,0.,2.13295157803478E-5));
#15197=DIRECTION('',(0.,0.707106781266972,0.707106781106123));
#15198=DIRECTION('center_axis',(-1.50822452534561E-5,0.707106781025699,
0.707106781186548));
#15199=DIRECTION('ref_axis',(0.999999999772526,0.,2.1329515783623E-5));
#15200=DIRECTION('',(-0.313144208466477,0.67153992217377,-0.67154660123535));
#15201=DIRECTION('',(-0.999999999772526,-2.13295157868373E-5,-1.6375789609496E-15));
#15202=DIRECTION('',(-0.313131289258142,-0.671549613329352,0.671542934237813));
#15203=DIRECTION('',(0.,-0.707106781266972,0.707106781106123));
#15204=DIRECTION('center_axis',(-0.906316801073364,0.422598930538336,0.));
#15205=DIRECTION('ref_axis',(-0.422598930538336,-0.906316801073364,0.));
#15206=DIRECTION('',(0.,0.,1.));
#15207=DIRECTION('',(0.313131289258142,0.671549613329352,0.671542934237814));
#15208=DIRECTION('',(0.,0.,1.));
#15209=DIRECTION('center_axis',(-2.13295157868373E-5,0.999999999772526,
0.));
#15210=DIRECTION('ref_axis',(-0.999999999772526,-2.13295157868373E-5,0.));
#15211=DIRECTION('',(0.,0.,-1.));
#15212=DIRECTION('',(0.999999999772526,2.13295157868373E-5,1.6375789609496E-15));
#15213=DIRECTION('center_axis',(0.906307787036631,0.42261826174074,0.));
#15214=DIRECTION('ref_axis',(-0.42261826174074,0.906307787036631,0.));
#15215=DIRECTION('',(0.,0.,-1.));
#15216=DIRECTION('',(0.313144208466478,-0.671539922173771,-0.671546601235349));
#15217=DIRECTION('center_axis',(-1.50822452511402E-5,0.707106781025698,
-0.707106781186548));
#15218=DIRECTION('ref_axis',(-0.999999999772526,0.,2.13295157803478E-5));
#15219=DIRECTION('',(0.,0.707106781266972,0.707106781106123));
#15220=DIRECTION('center_axis',(-1.50822452534561E-5,0.707106781025699,
0.707106781186548));
#15221=DIRECTION('ref_axis',(0.999999999772526,0.,2.1329515783623E-5));
#15222=DIRECTION('',(-0.313144208466477,0.67153992217377,-0.67154660123535));
#15223=DIRECTION('',(-0.999999999772526,-2.13295157868373E-5,-1.6375789609496E-15));
#15224=DIRECTION('',(-0.313131289258142,-0.671549613329352,0.671542934237813));
#15225=DIRECTION('',(0.,-0.707106781266972,0.707106781106123));
#15226=DIRECTION('center_axis',(-0.906316801073364,0.422598930538336,0.));
#15227=DIRECTION('ref_axis',(-0.422598930538336,-0.906316801073364,0.));
#15228=DIRECTION('',(0.,0.,1.));
#15229=DIRECTION('',(0.313131289258141,0.671549613329351,0.671542934237814));
#15230=DIRECTION('',(0.,0.,1.));
#15231=DIRECTION('center_axis',(-2.13295157868373E-5,0.999999999772526,
0.));
#15232=DIRECTION('ref_axis',(-0.999999999772526,-2.13295157868373E-5,0.));
#15233=DIRECTION('',(0.,0.,-1.));
#15234=DIRECTION('',(0.999999999772526,2.13295157868373E-5,1.6375789609496E-15));
#15235=DIRECTION('center_axis',(0.906307787036631,0.42261826174074,0.));
#15236=DIRECTION('ref_axis',(-0.42261826174074,0.906307787036631,0.));
#15237=DIRECTION('',(0.,0.,-1.));
#15238=DIRECTION('',(0.313144208466477,-0.67153992217377,-0.67154660123535));
#15239=DIRECTION('center_axis',(-1.50822452511402E-5,0.707106781025699,
-0.707106781186547));
#15240=DIRECTION('ref_axis',(-0.999999999772526,0.,2.13295157803478E-5));
#15241=DIRECTION('',(0.,0.707106781266972,0.707106781106123));
#15242=DIRECTION('center_axis',(-1.50822452534561E-5,0.707106781025699,
0.707106781186548));
#15243=DIRECTION('ref_axis',(0.999999999772526,0.,2.1329515783623E-5));
#15244=DIRECTION('',(-0.313144208466477,0.67153992217377,-0.67154660123535));
#15245=DIRECTION('',(-0.999999999772526,-2.13295157868373E-5,-1.6375789609496E-15));
#15246=DIRECTION('',(-0.313131289258142,-0.671549613329352,0.671542934237813));
#15247=DIRECTION('',(0.,-0.707106781266972,0.707106781106123));
#15248=DIRECTION('center_axis',(-0.906316801073364,0.422598930538336,0.));
#15249=DIRECTION('ref_axis',(-0.422598930538336,-0.906316801073364,0.));
#15250=DIRECTION('',(0.,0.,1.));
#15251=DIRECTION('',(0.313131289258142,0.671549613329352,0.671542934237814));
#15252=DIRECTION('',(0.,0.,1.));
#15253=DIRECTION('center_axis',(-2.13295157868373E-5,0.999999999772526,
0.));
#15254=DIRECTION('ref_axis',(-0.999999999772526,-2.13295157868373E-5,0.));
#15255=DIRECTION('',(0.,0.,-1.));
#15256=DIRECTION('',(0.999999999772526,2.13295157868373E-5,1.6375789609496E-15));
#15257=DIRECTION('center_axis',(0.906307787036631,0.42261826174074,0.));
#15258=DIRECTION('ref_axis',(-0.42261826174074,0.906307787036631,0.));
#15259=DIRECTION('',(0.,0.,-1.));
#15260=DIRECTION('',(0.313144208466478,-0.671539922173771,-0.671546601235349));
#15261=DIRECTION('center_axis',(-1.50822452511402E-5,0.707106781025698,
-0.707106781186548));
#15262=DIRECTION('ref_axis',(-0.999999999772526,0.,2.13295157803478E-5));
#15263=DIRECTION('',(0.,0.707106781266972,0.707106781106123));
#15264=DIRECTION('center_axis',(-1.50822452534561E-5,0.707106781025699,
0.707106781186548));
#15265=DIRECTION('ref_axis',(0.999999999772526,0.,2.1329515783623E-5));
#15266=DIRECTION('',(-0.313144208466477,0.67153992217377,-0.67154660123535));
#15267=DIRECTION('',(-0.999999999772526,-2.13295157868373E-5,-1.6375789609496E-15));
#15268=DIRECTION('',(-0.313131289258142,-0.671549613329352,0.671542934237813));
#15269=DIRECTION('',(0.,-0.707106781266972,0.707106781106123));
#15270=DIRECTION('center_axis',(-0.906316801073364,0.422598930538336,0.));
#15271=DIRECTION('ref_axis',(-0.422598930538336,-0.906316801073364,0.));
#15272=DIRECTION('',(0.,0.,1.));
#15273=DIRECTION('',(0.313131289258142,0.671549613329352,0.671542934237814));
#15274=DIRECTION('',(0.,0.,1.));
#15275=DIRECTION('center_axis',(-2.13295157868373E-5,0.999999999772526,
0.));
#15276=DIRECTION('ref_axis',(-0.999999999772526,-2.13295157868373E-5,0.));
#15277=DIRECTION('',(0.,0.,-1.));
#15278=DIRECTION('',(0.999999999772526,2.13295157868373E-5,1.6375789609496E-15));
#15279=DIRECTION('center_axis',(0.906307787036631,0.42261826174074,0.));
#15280=DIRECTION('ref_axis',(-0.42261826174074,0.906307787036631,0.));
#15281=DIRECTION('',(0.,0.,-1.));
#15282=DIRECTION('',(0.313144208466478,-0.671539922173771,-0.671546601235349));
#15283=DIRECTION('center_axis',(-1.50822452511402E-5,0.707106781025698,
-0.707106781186548));
#15284=DIRECTION('ref_axis',(-0.999999999772526,0.,2.13295157803478E-5));
#15285=DIRECTION('',(0.,0.707106781266972,0.707106781106123));
#15286=DIRECTION('center_axis',(-1.50822452534561E-5,0.707106781025699,
0.707106781186548));
#15287=DIRECTION('ref_axis',(0.999999999772526,0.,2.1329515783623E-5));
#15288=DIRECTION('',(-0.313144208466477,0.67153992217377,-0.67154660123535));
#15289=DIRECTION('',(-0.999999999772526,-2.13295157868373E-5,-1.6375789609496E-15));
#15290=DIRECTION('',(-0.313131289258142,-0.671549613329352,0.671542934237813));
#15291=DIRECTION('',(0.,-0.707106781266972,0.707106781106123));
#15292=DIRECTION('center_axis',(-0.906316801073364,0.422598930538336,0.));
#15293=DIRECTION('ref_axis',(-0.422598930538336,-0.906316801073364,0.));
#15294=DIRECTION('',(0.,0.,1.));
#15295=DIRECTION('',(0.313131289258142,0.671549613329352,0.671542934237813));
#15296=DIRECTION('',(0.,0.,1.));
#15297=DIRECTION('center_axis',(-2.13295157868373E-5,0.999999999772526,
0.));
#15298=DIRECTION('ref_axis',(-0.999999999772526,-2.13295157868373E-5,0.));
#15299=DIRECTION('',(0.,0.,-1.));
#15300=DIRECTION('',(0.999999999772526,2.13295157868373E-5,1.6375789609496E-15));
#15301=DIRECTION('center_axis',(0.906307787036631,0.42261826174074,0.));
#15302=DIRECTION('ref_axis',(-0.42261826174074,0.906307787036631,0.));
#15303=DIRECTION('',(0.,0.,-1.));
#15304=DIRECTION('',(0.313144208466478,-0.671539922173771,-0.671546601235349));
#15305=DIRECTION('center_axis',(-1.50822452511402E-5,0.707106781025698,
-0.707106781186548));
#15306=DIRECTION('ref_axis',(-0.999999999772526,0.,2.13295157803478E-5));
#15307=DIRECTION('',(0.,0.707106781266973,0.707106781106122));
#15308=DIRECTION('center_axis',(-1.50822452534561E-5,0.707106781025699,
0.707106781186547));
#15309=DIRECTION('ref_axis',(0.999999999772526,0.,2.1329515783623E-5));
#15310=DIRECTION('',(-0.313144208466477,0.67153992217377,-0.671546601235351));
#15311=DIRECTION('',(-0.999999999772526,-2.13295157868373E-5,-1.6375789609496E-15));
#15312=DIRECTION('',(-0.313131289258142,-0.671549613329352,0.671542934237814));
#15313=DIRECTION('',(0.,-0.707106781266972,0.707106781106123));
#15314=DIRECTION('center_axis',(-0.906316801073364,0.422598930538336,0.));
#15315=DIRECTION('ref_axis',(-0.422598930538336,-0.906316801073364,0.));
#15316=DIRECTION('',(0.,0.,1.));
#15317=DIRECTION('',(0.313131289258142,0.671549613329351,0.671542934237814));
#15318=DIRECTION('',(0.,0.,1.));
#15319=DIRECTION('center_axis',(-2.13295157868373E-5,0.999999999772526,
0.));
#15320=DIRECTION('ref_axis',(-0.999999999772526,-2.13295157868373E-5,0.));
#15321=DIRECTION('',(0.,0.,-1.));
#15322=DIRECTION('',(0.999999999772526,2.13295157868373E-5,1.6375789609496E-15));
#15323=DIRECTION('center_axis',(0.906307787036631,0.42261826174074,0.));
#15324=DIRECTION('ref_axis',(-0.42261826174074,0.906307787036631,0.));
#15325=DIRECTION('',(0.,0.,-1.));
#15326=DIRECTION('',(0.313144208466478,-0.67153992217377,-0.67154660123535));
#15327=DIRECTION('center_axis',(-1.50822452511402E-5,0.707106781025699,
-0.707106781186548));
#15328=DIRECTION('ref_axis',(-0.999999999772526,0.,2.13295157803478E-5));
#15329=DIRECTION('',(0.,0.707106781266972,0.707106781106123));
#15330=DIRECTION('center_axis',(-1.50822452534561E-5,0.7071067810257,0.707106781186547));
#15331=DIRECTION('ref_axis',(0.999999999772526,0.,2.1329515783623E-5));
#15332=DIRECTION('',(-0.313144208466477,0.671539922173769,-0.671546601235351));
#15333=DIRECTION('',(-0.999999999772526,-2.13295157868373E-5,-1.6375789609496E-15));
#15334=DIRECTION('',(-0.313131289258141,-0.671549613329351,0.671542934237814));
#15335=DIRECTION('',(0.,-0.707106781266971,0.707106781106124));
#15336=DIRECTION('center_axis',(-0.906316801073364,0.422598930538336,0.));
#15337=DIRECTION('ref_axis',(-0.422598930538336,-0.906316801073364,0.));
#15338=DIRECTION('',(0.,0.,1.));
#15339=DIRECTION('',(0.313131289258141,0.671549613329351,0.671542934237814));
#15340=DIRECTION('',(0.,0.,1.));
#15341=DIRECTION('center_axis',(-2.13295157868373E-5,0.999999999772526,
0.));
#15342=DIRECTION('ref_axis',(-0.999999999772526,-2.13295157868373E-5,0.));
#15343=DIRECTION('',(0.,0.,-1.));
#15344=DIRECTION('',(0.999999999772526,2.13295157868373E-5,1.6375789609496E-15));
#15345=DIRECTION('center_axis',(0.906307787036631,0.42261826174074,0.));
#15346=DIRECTION('ref_axis',(-0.42261826174074,0.906307787036631,0.));
#15347=DIRECTION('',(0.,0.,-1.));
#15348=DIRECTION('',(0.313144208466477,-0.67153992217377,-0.67154660123535));
#15349=DIRECTION('center_axis',(-1.50822452511402E-5,0.707106781025699,
-0.707106781186547));
#15350=DIRECTION('ref_axis',(-0.999999999772526,0.,2.13295157803478E-5));
#15351=DIRECTION('',(0.,0.707106781266972,0.707106781106123));
#15352=DIRECTION('center_axis',(-1.50822452534561E-5,0.707106781025699,
0.707106781186548));
#15353=DIRECTION('ref_axis',(0.999999999772526,0.,2.1329515783623E-5));
#15354=DIRECTION('',(-0.313144208466477,0.67153992217377,-0.67154660123535));
#15355=DIRECTION('',(-0.999999999772526,-2.13295157868373E-5,-1.6375789609496E-15));
#15356=DIRECTION('',(-0.313131289258142,-0.671549613329352,0.671542934237813));
#15357=DIRECTION('',(0.,-0.707106781266972,0.707106781106123));
#15358=DIRECTION('center_axis',(-0.906316801073364,0.422598930538336,0.));
#15359=DIRECTION('ref_axis',(-0.422598930538336,-0.906316801073364,0.));
#15360=DIRECTION('',(0.,0.,1.));
#15361=DIRECTION('',(0.313131289258142,0.671549613329352,0.671542934237814));
#15362=DIRECTION('',(0.,0.,1.));
#15363=DIRECTION('center_axis',(-2.13295157868373E-5,0.999999999772526,
0.));
#15364=DIRECTION('ref_axis',(-0.999999999772526,-2.13295157868373E-5,0.));
#15365=DIRECTION('',(0.,0.,-1.));
#15366=DIRECTION('',(0.999999999772526,2.13295157868373E-5,1.6375789609496E-15));
#15367=DIRECTION('center_axis',(0.906307787036631,0.42261826174074,0.));
#15368=DIRECTION('ref_axis',(-0.42261826174074,0.906307787036631,0.));
#15369=DIRECTION('',(0.,0.,-1.));
#15370=DIRECTION('',(0.313144208466478,-0.671539922173771,-0.671546601235349));
#15371=DIRECTION('center_axis',(-1.50822452511402E-5,0.707106781025698,
-0.707106781186548));
#15372=DIRECTION('ref_axis',(-0.999999999772526,0.,2.13295157803478E-5));
#15373=DIRECTION('',(0.,0.707106781266972,0.707106781106123));
#15374=DIRECTION('center_axis',(-1.50822452534561E-5,0.707106781025699,
0.707106781186547));
#15375=DIRECTION('ref_axis',(0.999999999772526,0.,2.1329515783623E-5));
#15376=DIRECTION('',(-0.313144208466477,0.67153992217377,-0.671546601235351));
#15377=DIRECTION('',(-0.999999999772526,-2.13295157868373E-5,-1.6375789609496E-15));
#15378=DIRECTION('',(-0.313131289258142,-0.671549613329352,0.671542934237814));
#15379=DIRECTION('',(0.,-0.707106781266972,0.707106781106123));
#15380=DIRECTION('center_axis',(-0.906316801073364,0.422598930538336,0.));
#15381=DIRECTION('ref_axis',(-0.422598930538336,-0.906316801073364,0.));
#15382=DIRECTION('',(0.,0.,1.));
#15383=DIRECTION('',(0.313131289258142,0.671549613329351,0.671542934237814));
#15384=DIRECTION('',(0.,0.,1.));
#15385=DIRECTION('center_axis',(-2.13295157868373E-5,0.999999999772526,
0.));
#15386=DIRECTION('ref_axis',(-0.999999999772526,-2.13295157868373E-5,0.));
#15387=DIRECTION('',(0.,0.,-1.));
#15388=DIRECTION('',(0.999999999772526,2.13295157868373E-5,1.6375789609496E-15));
#15389=DIRECTION('center_axis',(0.906307787036631,0.42261826174074,0.));
#15390=DIRECTION('ref_axis',(-0.42261826174074,0.906307787036631,0.));
#15391=DIRECTION('',(0.,0.,-1.));
#15392=DIRECTION('',(0.313144208466478,-0.67153992217377,-0.67154660123535));
#15393=DIRECTION('center_axis',(-1.50822452511402E-5,0.707106781025699,
-0.707106781186548));
#15394=DIRECTION('ref_axis',(-0.999999999772526,0.,2.13295157803478E-5));
#15395=DIRECTION('',(0.,0.707106781266972,0.707106781106123));
#15396=DIRECTION('center_axis',(-1.50822452534561E-5,0.707106781025699,
0.707106781186548));
#15397=DIRECTION('ref_axis',(0.999999999772526,0.,2.1329515783623E-5));
#15398=DIRECTION('',(-0.313144208466477,0.67153992217377,-0.67154660123535));
#15399=DIRECTION('',(-0.999999999772526,-2.13295157868373E-5,-1.6375789609496E-15));
#15400=DIRECTION('',(-0.313131289258142,-0.671549613329352,0.671542934237814));
#15401=DIRECTION('',(0.,-0.707106781266972,0.707106781106123));
#15402=DIRECTION('center_axis',(-0.906316801073364,0.422598930538336,0.));
#15403=DIRECTION('ref_axis',(-0.422598930538336,-0.906316801073364,0.));
#15404=DIRECTION('',(0.,0.,1.));
#15405=DIRECTION('',(0.313131289258142,0.671549613329351,0.671542934237814));
#15406=DIRECTION('',(0.,0.,1.));
#15407=DIRECTION('center_axis',(-2.13295157868373E-5,0.999999999772526,
0.));
#15408=DIRECTION('ref_axis',(-0.999999999772526,-2.13295157868373E-5,0.));
#15409=DIRECTION('',(0.,0.,-1.));
#15410=DIRECTION('',(0.999999999772526,2.13295157868373E-5,1.6375789609496E-15));
#15411=DIRECTION('center_axis',(0.906307787036631,0.42261826174074,0.));
#15412=DIRECTION('ref_axis',(-0.42261826174074,0.906307787036631,0.));
#15413=DIRECTION('',(0.,0.,-1.));
#15414=DIRECTION('',(0.313144208466478,-0.67153992217377,-0.67154660123535));
#15415=DIRECTION('center_axis',(-1.50822452511402E-5,0.707106781025699,
-0.707106781186548));
#15416=DIRECTION('ref_axis',(-0.999999999772526,0.,2.13295157803478E-5));
#15417=DIRECTION('',(0.,0.707106781266972,0.707106781106123));
#15418=DIRECTION('center_axis',(-1.50822452511402E-5,0.707106781025698,
-0.707106781186548));
#15419=DIRECTION('ref_axis',(-0.999999999772526,0.,2.13295157803478E-5));
#15420=DIRECTION('',(-1.50822452522982E-5,0.7071067810257,0.707106781186547));
#15421=DIRECTION('',(0.999999999772526,2.13295157868373E-5,1.6375789609496E-15));
#15422=DIRECTION('',(0.313144208466478,-0.671539922173771,-0.671546601235349));
#15423=DIRECTION('center_axis',(0.906307787036631,0.42261826174074,0.));
#15424=DIRECTION('ref_axis',(-0.42261826174074,0.906307787036631,0.));
#15425=DIRECTION('',(0.,0.,-1.));
#15426=DIRECTION('',(-0.313144208466477,0.67153992217377,-0.67154660123535));
#15427=DIRECTION('',(0.,0.,-1.));
#15428=DIRECTION('center_axis',(-1.50822452534561E-5,0.707106781025699,
0.707106781186548));
#15429=DIRECTION('ref_axis',(0.999999999772526,0.,2.1329515783623E-5));
#15430=DIRECTION('',(1.50822452522982E-5,-0.707106781025699,0.707106781186548));
#15431=DIRECTION('',(-0.999999999772526,-2.13295157868373E-5,-1.6375789609496E-15));
#15432=DIRECTION('center_axis',(0.,-1.,0.));
#15433=DIRECTION('ref_axis',(1.,0.,0.));
#15434=DIRECTION('',(0.,0.,1.));
#15435=DIRECTION('center_axis',(0.906307787036651,-0.422618261740698,0.));
#15436=DIRECTION('ref_axis',(0.422618261740698,0.906307787036651,0.));
#15437=DIRECTION('',(0.,0.,1.));
#15438=DIRECTION('center_axis',(0.,-1.,0.));
#15439=DIRECTION('ref_axis',(1.,0.,0.));
#15440=DIRECTION('',(0.,0.,-1.));
#15441=DIRECTION('center_axis',(-0.906307787036651,-0.422618261740698,0.));
#15442=DIRECTION('ref_axis',(0.422618261740698,-0.906307787036651,0.));
#15443=DIRECTION('',(0.,0.,-1.));
#15444=DIRECTION('center_axis',(0.,-1.,0.));
#15445=DIRECTION('ref_axis',(1.,0.,0.));
#15446=DIRECTION('',(0.,0.,-1.));
#15447=DIRECTION('center_axis',(-0.906307787036651,-0.422618261740698,0.));
#15448=DIRECTION('ref_axis',(0.422618261740698,-0.906307787036651,0.));
#15449=DIRECTION('',(0.,0.,-1.));
#15450=DIRECTION('center_axis',(0.,-1.,0.));
#15451=DIRECTION('ref_axis',(1.,0.,0.));
#15452=DIRECTION('',(0.,0.,-1.));
#15453=DIRECTION('center_axis',(-0.906307787036651,-0.422618261740698,0.));
#15454=DIRECTION('ref_axis',(0.422618261740698,-0.906307787036651,0.));
#15455=DIRECTION('',(0.,0.,-1.));
#15456=DIRECTION('center_axis',(0.,-1.,0.));
#15457=DIRECTION('ref_axis',(1.,0.,0.));
#15458=DIRECTION('',(0.,0.,-1.));
#15459=DIRECTION('center_axis',(-0.906307787036651,-0.422618261740698,0.));
#15460=DIRECTION('ref_axis',(0.422618261740698,-0.906307787036651,0.));
#15461=DIRECTION('',(0.,0.,-1.));
#15462=DIRECTION('center_axis',(0.,-1.,0.));
#15463=DIRECTION('ref_axis',(1.,0.,0.));
#15464=DIRECTION('',(0.,0.,-1.));
#15465=DIRECTION('center_axis',(-0.906307787036651,-0.422618261740698,0.));
#15466=DIRECTION('ref_axis',(0.422618261740698,-0.906307787036651,0.));
#15467=DIRECTION('',(0.,0.,-1.));
#15468=DIRECTION('center_axis',(0.,-1.,0.));
#15469=DIRECTION('ref_axis',(1.,0.,0.));
#15470=DIRECTION('',(0.,0.,-1.));
#15471=DIRECTION('center_axis',(-0.906307787036651,-0.422618261740698,0.));
#15472=DIRECTION('ref_axis',(0.422618261740698,-0.906307787036651,0.));
#15473=DIRECTION('',(0.,0.,-1.));
#15474=DIRECTION('center_axis',(0.,-1.,0.));
#15475=DIRECTION('ref_axis',(1.,0.,0.));
#15476=DIRECTION('',(0.,0.,-1.));
#15477=DIRECTION('center_axis',(-0.906307787036651,-0.422618261740698,0.));
#15478=DIRECTION('ref_axis',(0.422618261740698,-0.906307787036651,0.));
#15479=DIRECTION('',(0.,0.,-1.));
#15480=DIRECTION('center_axis',(0.,-1.,0.));
#15481=DIRECTION('ref_axis',(1.,0.,0.));
#15482=DIRECTION('',(0.,0.,-1.));
#15483=DIRECTION('center_axis',(-0.906307787036651,-0.422618261740698,0.));
#15484=DIRECTION('ref_axis',(0.422618261740698,-0.906307787036651,0.));
#15485=DIRECTION('',(0.,0.,-1.));
#15486=DIRECTION('center_axis',(0.,-1.,0.));
#15487=DIRECTION('ref_axis',(1.,0.,0.));
#15488=DIRECTION('',(0.,0.,-1.));
#15489=DIRECTION('center_axis',(-0.906307787036651,-0.422618261740698,0.));
#15490=DIRECTION('ref_axis',(0.422618261740698,-0.906307787036651,0.));
#15491=DIRECTION('',(0.,0.,-1.));
#15492=DIRECTION('center_axis',(0.,-1.,0.));
#15493=DIRECTION('ref_axis',(1.,0.,0.));
#15494=DIRECTION('',(0.,0.,-1.));
#15495=DIRECTION('center_axis',(-0.906307787036651,-0.422618261740698,0.));
#15496=DIRECTION('ref_axis',(0.422618261740698,-0.906307787036651,0.));
#15497=DIRECTION('',(0.,0.,-1.));
#15498=DIRECTION('center_axis',(0.,-1.,0.));
#15499=DIRECTION('ref_axis',(1.,0.,0.));
#15500=DIRECTION('',(0.,0.,-1.));
#15501=DIRECTION('center_axis',(-0.906307787036651,-0.422618261740698,0.));
#15502=DIRECTION('ref_axis',(0.422618261740698,-0.906307787036651,0.));
#15503=DIRECTION('',(0.,0.,-1.));
#15504=DIRECTION('center_axis',(0.,-1.,0.));
#15505=DIRECTION('ref_axis',(1.,0.,0.));
#15506=DIRECTION('',(0.,0.,-1.));
#15507=DIRECTION('center_axis',(-0.906307787036651,-0.422618261740698,0.));
#15508=DIRECTION('ref_axis',(0.422618261740698,-0.906307787036651,0.));
#15509=DIRECTION('',(0.,0.,-1.));
#15510=DIRECTION('center_axis',(0.,-1.,0.));
#15511=DIRECTION('ref_axis',(1.,0.,0.));
#15512=DIRECTION('',(0.,0.,-1.));
#15513=DIRECTION('center_axis',(-0.906307787036651,-0.422618261740698,0.));
#15514=DIRECTION('ref_axis',(0.422618261740698,-0.906307787036651,0.));
#15515=DIRECTION('',(0.,0.,-1.));
#15516=DIRECTION('center_axis',(0.,-1.,0.));
#15517=DIRECTION('ref_axis',(1.,0.,-6.91077693151581E-32));
#15518=DIRECTION('',(0.,0.,-1.));
#15519=DIRECTION('center_axis',(-0.906307787041459,-0.422618261730387,0.));
#15520=DIRECTION('ref_axis',(0.422618261730387,-0.906307787041459,7.79128116523784E-32));
#15521=DIRECTION('',(0.,0.,-1.));
#15522=DIRECTION('center_axis',(-0.324699469204683,-0.945817241700635,0.));
#15523=DIRECTION('ref_axis',(0.945817241700635,-0.324699469204683,0.));
#15524=DIRECTION('',(0.,0.,-1.));
#15525=DIRECTION('center_axis',(-0.994425456530221,-0.105441981225043,0.));
#15526=DIRECTION('ref_axis',(0.105441981225043,-0.994425456530221,0.));
#15527=DIRECTION('',(0.,0.,-1.));
#15528=DIRECTION('center_axis',(-0.614212712689662,-0.789140509396398,0.));
#15529=DIRECTION('ref_axis',(0.789140509396398,-0.614212712689662,6.91077693151579E-32));
#15530=DIRECTION('',(0.,0.,-1.));
#15531=DIRECTION('center_axis',(-0.97478169770797,0.223160574057264,0.));
#15532=DIRECTION('ref_axis',(-0.223160574057264,-0.97478169770797,-7.79128116542283E-32));
#15533=DIRECTION('',(0.,0.,-1.));
#15534=DIRECTION('center_axis',(-0.83716647826252,-0.54694815812244,0.));
#15535=DIRECTION('ref_axis',(0.54694815812244,-0.83716647826252,0.));
#15536=DIRECTION('',(0.,0.,-1.));
#15537=DIRECTION('center_axis',(-0.849505216642601,0.527580218447402,0.));
#15538=DIRECTION('ref_axis',(-0.527580218447402,-0.849505216642601,3.38248672788695E-31));
#15539=DIRECTION('',(0.,0.,-1.));
#15540=DIRECTION('center_axis',(-0.969400265939328,-0.245485487140811,0.));
#15541=DIRECTION('ref_axis',(0.245485487140811,-0.969400265939327,0.));
#15542=DIRECTION('',(0.,0.,-1.));
#15543=DIRECTION('center_axis',(-0.632171663922443,0.774828359918202,0.));
#15544=DIRECTION('ref_axis',(-0.774828359918202,-0.632171663922443,-2.17875466582737E-30));
#15545=DIRECTION('',(0.,0.,-1.));
#15546=DIRECTION('center_axis',(-0.996584493006695,0.0825793454720317,0.));
#15547=DIRECTION('ref_axis',(-0.0825793454720317,-0.996584493006695,0.));
#15548=DIRECTION('',(0.,0.,-1.));
#15549=DIRECTION('center_axis',(-0.346332502262301,0.9381118258911,0.));
#15550=DIRECTION('ref_axis',(-0.9381118258911,-0.346332502262301,-2.17875466582765E-30));
#15551=DIRECTION('',(0.,0.,-1.));
#15552=DIRECTION('center_axis',(-0.915773326655157,0.401695424652742,0.));
#15553=DIRECTION('ref_axis',(-0.401695424652742,-0.915773326655157,0.));
#15554=DIRECTION('',(0.,0.,-1.));
#15555=DIRECTION('center_axis',(-0.0229628400794689,0.999736319223967,0.));
#15556=DIRECTION('ref_axis',(-0.999736319223967,-0.0229628400794689,2.17875466582744E-30));
#15557=DIRECTION('',(0.,0.,-1.));
#15558=DIRECTION('center_axis',(-0.735723910673234,0.677281571625629,0.));
#15559=DIRECTION('ref_axis',(-0.677281571625629,-0.735723910673234,0.));
#15560=DIRECTION('',(0.,0.,-1.));
#15561=DIRECTION('center_axis',(0.302895202131061,0.953023869861602,0.));
#15562=DIRECTION('ref_axis',(-0.953023869861602,0.302895202131061,0.));
#15563=DIRECTION('',(0.,0.,-1.));
#15564=DIRECTION('center_axis',(-0.475947393037125,0.879473751206461,0.));
#15565=DIRECTION('ref_axis',(-0.879473751206461,-0.475947393037125,0.));
#15566=DIRECTION('',(0.,0.,-1.));
#15567=DIRECTION('center_axis',(0.595929849287349,0.803036496510811,0.));
#15568=DIRECTION('ref_axis',(-0.803036496510811,0.595929849287348,-3.38248672788655E-31));
#15569=DIRECTION('',(0.,0.,-1.));
#15570=DIRECTION('center_axis',(-0.164594590280739,0.986361303402722,0.));
#15571=DIRECTION('ref_axis',(-0.986361303402722,-0.164594590280739,0.));
#15572=DIRECTION('',(0.,0.,-1.));
#15573=DIRECTION('center_axis',(0.824386250469023,0.566027658368057,0.));
#15574=DIRECTION('ref_axis',(-0.566027658368057,0.824386250469023,0.));
#15575=DIRECTION('',(0.,0.,-1.));
#15576=DIRECTION('center_axis',(-1.,0.,0.));
#15577=DIRECTION('ref_axis',(0.,-1.,0.));
#15578=DIRECTION('',(0.,0.,1.));
#15579=DIRECTION('center_axis',(-1.,0.,0.));
#15580=DIRECTION('ref_axis',(0.,-1.,0.));
#15581=DIRECTION('',(0.,0.,1.));
#15582=DIRECTION('center_axis',(-1.,0.,0.));
#15583=DIRECTION('ref_axis',(0.,-1.,0.));
#15584=DIRECTION('',(0.,0.,1.));
#15585=DIRECTION('center_axis',(-1.,0.,0.));
#15586=DIRECTION('ref_axis',(0.,-1.,0.));
#15587=DIRECTION('',(0.,0.,1.));
#15588=DIRECTION('center_axis',(-1.,0.,0.));
#15589=DIRECTION('ref_axis',(0.,-1.,0.));
#15590=DIRECTION('',(0.,0.,1.));
#15591=DIRECTION('center_axis',(-1.,0.,0.));
#15592=DIRECTION('ref_axis',(0.,-1.,0.));
#15593=DIRECTION('',(0.,0.,1.));
#15594=DIRECTION('center_axis',(-1.,0.,0.));
#15595=DIRECTION('ref_axis',(0.,-1.,0.));
#15596=DIRECTION('',(0.,0.,1.));
#15597=DIRECTION('center_axis',(-1.,0.,0.));
#15598=DIRECTION('ref_axis',(0.,-1.,0.));
#15599=DIRECTION('',(0.,0.,1.));
#15600=DIRECTION('center_axis',(-1.,0.,0.));
#15601=DIRECTION('ref_axis',(0.,-1.,0.));
#15602=DIRECTION('',(0.,0.,1.));
#15603=DIRECTION('center_axis',(-1.,0.,0.));
#15604=DIRECTION('ref_axis',(0.,-1.,0.));
#15605=DIRECTION('',(0.,0.,1.));
#15606=DIRECTION('center_axis',(-1.,0.,0.));
#15607=DIRECTION('ref_axis',(0.,-1.,0.));
#15608=DIRECTION('',(0.,0.,1.));
#15609=DIRECTION('center_axis',(-1.,0.,0.));
#15610=DIRECTION('ref_axis',(0.,-1.,0.));
#15611=DIRECTION('',(0.,0.,1.));
#15612=DIRECTION('center_axis',(-1.,0.,0.));
#15613=DIRECTION('ref_axis',(0.,-1.,0.));
#15614=DIRECTION('',(0.,0.,1.));
#15615=DIRECTION('center_axis',(-0.999999999772526,-2.13295157868373E-5,
0.));
#15616=DIRECTION('ref_axis',(0.,0.,1.));
#15617=DIRECTION('',(0.,0.,-1.));
#15618=DIRECTION('center_axis',(0.999999999772526,2.13295157868373E-5,0.));
#15619=DIRECTION('ref_axis',(1.50822452540136E-5,-0.707106781106123,0.707106781106123));
#15620=DIRECTION('',(0.,0.,1.));
#15621=DIRECTION('center_axis',(0.999999999772526,2.13295157868373E-5,0.));
#15622=DIRECTION('ref_axis',(1.50822452540136E-5,-0.707106781106123,-0.707106781106123));
#15623=DIRECTION('',(0.,0.,-1.));
#15624=DIRECTION('',(0.,0.,1.));
#15625=DIRECTION('center_axis',(-2.13295157868373E-5,0.999999999772526,
0.));
#15626=DIRECTION('ref_axis',(-0.999999999772526,-2.13295157868373E-5,0.));
#15627=DIRECTION('center_axis',(0.,0.,1.));
#15628=DIRECTION('ref_axis',(0.673103628314216,-0.739548176625592,0.));
#15629=DIRECTION('center_axis',(0.,0.,1.));
#15630=DIRECTION('ref_axis',(0.396502116709301,-0.918033807354089,0.));
#15631=DIRECTION('center_axis',(2.85299602510138E-14,1.,0.));
#15632=DIRECTION('ref_axis',(-1.,2.85299602510138E-14,0.));
#15633=DIRECTION('center_axis',(2.85299602510138E-14,1.,0.));
#15634=DIRECTION('ref_axis',(-1.,2.85299602510138E-14,0.));
#15635=DIRECTION('center_axis',(2.85299602510138E-14,1.,0.));
#15636=DIRECTION('ref_axis',(-1.,2.85299602510138E-14,0.));
#15637=DIRECTION('center_axis',(2.85299602510138E-14,1.,0.));
#15638=DIRECTION('ref_axis',(-1.,2.85299602510138E-14,0.));
#15639=DIRECTION('center_axis',(2.85299602510138E-14,1.,0.));
#15640=DIRECTION('ref_axis',(-1.,2.85299602510138E-14,0.));
#15641=DIRECTION('center_axis',(2.85299602510138E-14,1.,0.));
#15642=DIRECTION('ref_axis',(-1.,2.85299602510138E-14,0.));
#15643=DIRECTION('center_axis',(2.85299602510138E-14,1.,0.));
#15644=DIRECTION('ref_axis',(-1.,2.85299602510138E-14,0.));
#15645=DIRECTION('center_axis',(2.85299602510138E-14,1.,0.));
#15646=DIRECTION('ref_axis',(-1.,2.85299602510138E-14,0.));
#15647=DIRECTION('center_axis',(2.85299602510138E-14,1.,0.));
#15648=DIRECTION('ref_axis',(-1.,2.85299602510138E-14,0.));
#15649=DIRECTION('center_axis',(2.85299602510138E-14,1.,0.));
#15650=DIRECTION('ref_axis',(-1.,2.85299602510138E-14,0.));
#15651=DIRECTION('center_axis',(2.85299602510138E-14,1.,0.));
#15652=DIRECTION('ref_axis',(-1.,2.85299602510138E-14,0.));
#15653=DIRECTION('center_axis',(2.85299602510138E-14,1.,0.));
#15654=DIRECTION('ref_axis',(-1.,2.85299602510138E-14,0.));
#15655=DIRECTION('center_axis',(2.85299602510138E-14,1.,0.));
#15656=DIRECTION('ref_axis',(-1.,2.85299602510138E-14,0.));
#15657=DIRECTION('center_axis',(-4.18241292991916E-14,-1.,0.));
#15658=DIRECTION('ref_axis',(1.,-4.18241292991916E-14,0.));
#15659=DIRECTION('',(-1.,4.18241292991916E-14,-1.63757896132211E-15));
#15660=DIRECTION('',(0.,0.,-1.));
#15661=DIRECTION('center_axis',(0.0478471150022283,-0.998854670903612,0.));
#15662=DIRECTION('ref_axis',(0.998854670903612,0.0478471150022283,0.));
#15663=DIRECTION('',(-0.998854670903612,-0.0478471150022283,-1.63570339449007E-15));
#15664=DIRECTION('',(0.,0.,-1.));
#15665=DIRECTION('center_axis',(0.,0.,1.));
#15666=DIRECTION('ref_axis',(0.999356727748987,0.03586266446928,0.));
#15667=DIRECTION('',(0.,0.,1.));
#15668=DIRECTION('center_axis',(1.63757896132211E-15,0.,-1.));
#15669=DIRECTION('ref_axis',(0.999359528500126,0.0357845329158462,1.63779636791957E-15));
#15670=DIRECTION('center_axis',(0.,0.,1.));
#15671=DIRECTION('ref_axis',(0.876763917512415,-0.480921025687465,0.));
#15672=DIRECTION('center_axis',(1.5487692707693E-13,-1.,0.));
#15673=DIRECTION('ref_axis',(1.,1.5487692707693E-13,0.));
#15674=DIRECTION('center_axis',(1.5487692707693E-13,-1.,0.));
#15675=DIRECTION('ref_axis',(1.,1.5487692707693E-13,0.));
#15676=DIRECTION('center_axis',(1.5487692707693E-13,-1.,0.));
#15677=DIRECTION('ref_axis',(1.,1.5487692707693E-13,0.));
#15678=DIRECTION('center_axis',(1.5487692707693E-13,-1.,0.));
#15679=DIRECTION('ref_axis',(1.,1.5487692707693E-13,0.));
#15680=DIRECTION('center_axis',(1.5487692707693E-13,-1.,0.));
#15681=DIRECTION('ref_axis',(1.,1.5487692707693E-13,0.));
#15682=DIRECTION('center_axis',(1.5487692707693E-13,-1.,0.));
#15683=DIRECTION('ref_axis',(1.,1.5487692707693E-13,0.));
#15684=DIRECTION('center_axis',(1.5487692707693E-13,-1.,0.));
#15685=DIRECTION('ref_axis',(1.,1.5487692707693E-13,0.));
#15686=DIRECTION('center_axis',(1.5487692707693E-13,-1.,0.));
#15687=DIRECTION('ref_axis',(1.,1.5487692707693E-13,0.));
#15688=DIRECTION('center_axis',(1.5487692707693E-13,-1.,0.));
#15689=DIRECTION('ref_axis',(1.,1.5487692707693E-13,0.));
#15690=DIRECTION('center_axis',(1.5487692707693E-13,-1.,0.));
#15691=DIRECTION('ref_axis',(1.,1.5487692707693E-13,0.));
#15692=DIRECTION('center_axis',(1.54876927076931E-13,-1.,0.));
#15693=DIRECTION('ref_axis',(1.,1.54876927076931E-13,0.));
#15694=DIRECTION('center_axis',(1.54876927076932E-13,-1.,0.));
#15695=DIRECTION('ref_axis',(1.,1.54876927076932E-13,0.));
#15696=DIRECTION('center_axis',(1.03650183183583E-15,-1.,0.));
#15697=DIRECTION('ref_axis',(1.,1.03650183183583E-15,0.));
#15698=DIRECTION('center_axis',(0.,0.,1.));
#15699=DIRECTION('ref_axis',(0.0882225933863569,0.996100785069556,0.));
#15700=DIRECTION('center_axis',(0.,0.,1.));
#15701=DIRECTION('ref_axis',(0.406875846118839,0.913483467745902,0.));
#15702=DIRECTION('center_axis',(0.,0.,1.));
#15703=DIRECTION('ref_axis',(0.681437787595125,0.731876042535525,0.));
#15704=DIRECTION('center_axis',(0.,0.,1.));
#15705=DIRECTION('ref_axis',(0.882155371188755,0.470958491889497,0.));
#15706=DIRECTION('center_axis',(0.,0.,1.));
#15707=DIRECTION('ref_axis',(0.98727773226313,0.159005280973218,0.));
#15708=DIRECTION('center_axis',(0.,0.,1.));
#15709=DIRECTION('ref_axis',(0.985413231854316,-0.170178619357518,0.));
#15710=DIRECTION('center_axis',(0.,0.,1.));
#15711=DIRECTION('ref_axis',(0.999356727748987,0.0358626644692789,0.));
#15712=DIRECTION('center_axis',(-1.63757896132211E-15,0.,1.));
#15713=DIRECTION('ref_axis',(0.999359528500126,0.0357845329158466,1.63779636791957E-15));
#15714=DIRECTION('',(0.,0.,-1.));
#15715=DIRECTION('',(0.,0.,1.));
#15716=DIRECTION('center_axis',(0.0478471150022283,-0.998854670903612,0.));
#15717=DIRECTION('ref_axis',(0.998854670903612,0.0478471150022283,0.));
#15718=DIRECTION('',(0.,0.,-1.));
#15719=DIRECTION('',(0.998854670903612,0.0478471150022283,1.63570339449007E-15));
#15720=DIRECTION('center_axis',(0.,0.,1.));
#15721=DIRECTION('ref_axis',(0.999353864573533,0.0359423616634238,0.));
#15722=DIRECTION('',(0.,0.,-1.));
#15723=DIRECTION('center_axis',(0.,0.,1.));
#15724=DIRECTION('ref_axis',(-0.0821253674427291,0.996622006591464,0.));
#15725=DIRECTION('',(0.,0.,1.));
#15726=DIRECTION('center_axis',(0.,0.,-1.));
#15727=DIRECTION('ref_axis',(-0.0821253674427291,0.996622006591464,0.));
#15728=DIRECTION('center_axis',(0.0478471150022283,-0.998854670903612,0.));
#15729=DIRECTION('ref_axis',(0.998854670903612,0.0478471150022283,0.));
#15730=DIRECTION('',(0.,0.,-1.));
#15731=DIRECTION('center_axis',(1.63757896132211E-15,0.,-1.));
#15732=DIRECTION('ref_axis',(0.999999966483547,-0.000258907135537579,1.59778128411659E-15));
#15733=DIRECTION('center_axis',(-1.,-8.8817841975461E-14,0.));
#15734=DIRECTION('ref_axis',(0.,0.,1.));
#15735=DIRECTION('center_axis',(-4.18241292991916E-14,-1.,0.));
#15736=DIRECTION('ref_axis',(1.,-4.18241292991916E-14,0.));
#15737=DIRECTION('',(1.,-4.18241292991916E-14,1.63757896132211E-15));
#15738=DIRECTION('',(-1.,4.18241292991916E-14,-1.63757896132211E-15));
#15739=DIRECTION('center_axis',(-1.63757896132211E-15,0.,1.));
#15740=DIRECTION('ref_axis',(1.,0.,1.59778128411659E-15));
#15741=DIRECTION('center_axis',(1.,3.55271367880046E-13,0.));
#15742=DIRECTION('ref_axis',(0.,0.,-1.));
#15743=DIRECTION('center_axis',(-0.998854670903612,-0.0478471150022283,
-1.63570339449007E-15));
#15744=DIRECTION('ref_axis',(0.0338330194782899,-0.706296911215802,0.707106781186547));
#15745=DIRECTION('center_axis',(0.0239304105312238,-0.999713626721076,0.));
#15746=DIRECTION('ref_axis',(0.999713626721076,0.0239304105312238,1.6328307009083E-15));
#15747=DIRECTION('center_axis',(-0.999713626721071,-0.0239304105314301,
0.));
#15748=DIRECTION('ref_axis',(0.0239304105314301,-0.999713626721071,-2.11228811758785E-13));
#15749=DIRECTION('center_axis',(0.998854670903612,0.0478471150022283,1.63570339449007E-15));
#15750=DIRECTION('ref_axis',(0.03383301947829,-0.706296911215804,-0.707106781186545));
#15751=DIRECTION('center_axis',(-0.0239304105312228,0.999713626721076,0.));
#15752=DIRECTION('ref_axis',(0.999713626721076,0.0239304105312228,1.63559821057092E-15));
#15753=DIRECTION('center_axis',(0.999713626721094,0.0239304105304821,0.));
#15754=DIRECTION('ref_axis',(0.0239304105304821,-0.999713626721094,3.81529873455925E-15));
#15755=DIRECTION('center_axis',(1.,-4.18241292991916E-14,1.63757896132211E-15));
#15756=DIRECTION('ref_axis',(-3.14018491736755E-14,-0.707106781186548,-0.707106781186548));
#15757=DIRECTION('center_axis',(-4.18241292991916E-14,-1.,0.));
#15758=DIRECTION('ref_axis',(1.,-4.18241292991916E-14,0.));
#15759=DIRECTION('',(1.,-4.18241292991916E-14,1.63757896132211E-15));
#15760=DIRECTION('center_axis',(-1.,4.18241292991916E-14,-1.63757896132211E-15));
#15761=DIRECTION('ref_axis',(-3.14018491736755E-14,-0.707106781186548,0.707106781186548));
#15762=DIRECTION('center_axis',(1.5487692707693E-13,-1.,0.));
#15763=DIRECTION('ref_axis',(1.,1.5487692707693E-13,0.));
#15764=DIRECTION('center_axis',(-1.55005007797201E-13,1.,0.));
#15765=DIRECTION('ref_axis',(-1.,-1.55005007797201E-13,0.));
#15766=DIRECTION('',(1.,1.55005007797201E-13,1.63757896132211E-15));
#15767=DIRECTION('center_axis',(-1.,-1.55005007797201E-13,-1.63757896132211E-15));
#15768=DIRECTION('ref_axis',(-6.28036983473509E-14,0.707106781186548,-0.707106781186548));
#15769=DIRECTION('',(1.,1.55005007797201E-13,1.63757896132211E-15));
#15770=DIRECTION('center_axis',(-1.55005007797201E-13,1.,0.));
#15771=DIRECTION('ref_axis',(-1.,-1.55005007797201E-13,0.));
#15772=DIRECTION('',(-1.,-1.55005007797201E-13,-1.63757896132211E-15));
#15773=DIRECTION('center_axis',(1.,1.55005007797201E-13,1.63757896132211E-15));
#15774=DIRECTION('ref_axis',(-1.25607396694702E-13,0.707106781186548,0.707106781186548));
#15775=DIRECTION('',(-1.,-1.55005007797201E-13,-1.63757896132211E-15));
#15776=DIRECTION('center_axis',(-1.55005007797201E-13,1.,0.));
#15777=DIRECTION('ref_axis',(-1.,-1.55005007797201E-13,0.));
#15778=CARTESIAN_POINT('',(0.,0.,0.));
#15779=CARTESIAN_POINT('Origin',(10.90577230042,-3.06650584143816,22.2399193263148));
#15780=CARTESIAN_POINT('',(30.2960298057037,-40.0482035118732,22.2399193263147));
#15781=CARTESIAN_POINT('',(25.8602842306101,-40.0482035118732,22.2399193263148));
#15782=CARTESIAN_POINT('',(20.9888690246467,-40.0482035118732,22.2399193263148));
#15783=CARTESIAN_POINT('',(18.4667920686311,-38.81444787999,22.2399193263148));
#15784=CARTESIAN_POINT('',(14.6741086664891,-38.1815609566217,22.2399193263148));
#15785=CARTESIAN_POINT('',(18.5512162914608,-38.6914889265208,22.2399193263148));
#15786=CARTESIAN_POINT('',(21.2584966849814,-34.7484930329662,22.2399193263148));
#15787=CARTESIAN_POINT('',(14.2230180916225,-37.2056166077066,22.2399193263148));
#15788=CARTESIAN_POINT('Origin',(28.3453903190138,-3.11529316052354,22.2399193263148));
#15789=CARTESIAN_POINT('',(14.2141177134719,-37.3545029298032,22.2399193263148));
#15790=CARTESIAN_POINT('',(14.3196235680766,-35.5895915534189,22.2399193263148));
#15791=CARTESIAN_POINT('',(7.4105451815014,-33.6725935999479,22.2399193263147));
#15792=CARTESIAN_POINT('',(4.84188211357674,-32.2825026630755,22.2399193263147));
#15793=CARTESIAN_POINT('',(7.53031977399634,-33.583709402076,22.2399193263147));
#15794=CARTESIAN_POINT('',(11.3712009220196,-30.7334084087618,22.2399193263148));
#15795=CARTESIAN_POINT('',(3.9190972443166,-30.7729820858758,22.2399193263147));
#15796=CARTESIAN_POINT('Origin',(28.3453903190138,-3.11529316052354,22.2399193263148));
#15797=CARTESIAN_POINT('',(3.8623358034475,-30.9109113883069,22.2399193263147));
#15798=CARTESIAN_POINT('',(4.53519084693825,-29.2758854734371,22.2399193263147));
#15799=CARTESIAN_POINT('',(-1.37708639738724,-25.219381671925,22.2399193263147));
#15800=CARTESIAN_POINT('',(-2.16540260180104,-24.3630419971777,22.2399193263147));
#15801=CARTESIAN_POINT('',(-1.23494087081818,-25.1742042116704,22.2399193263147));
#15802=CARTESIAN_POINT('',(3.32332196190786,-23.7254724581987,22.2399193263147));
#15803=CARTESIAN_POINT('',(-3.73785573535778,-21.3432078157221,22.2399193263147));
#15804=CARTESIAN_POINT('Origin',(28.3453903190138,-3.11529316052354,22.2399193263148));
#15805=CARTESIAN_POINT('',(-3.83632725608267,-21.4552333183757,22.2399193263147));
#15806=CARTESIAN_POINT('',(-2.66903730808979,-20.1272732929377,22.2399193263147));
#15807=CARTESIAN_POINT('',(-6.94382643230938,-14.3708487734199,22.2399193263147));
#15808=CARTESIAN_POINT('',(-6.44784309296053,-15.5015768941929,22.2399193263147));
#15809=CARTESIAN_POINT('',(-6.79471364508504,-14.3742737296016,22.2399193263147));
#15810=CARTESIAN_POINT('',(-2.01302763431735,-14.4841037808505,22.2399193263147));
#15811=CARTESIAN_POINT('',(-7.91809118218596,-9.93815615744033,22.2399193263147));
#15812=CARTESIAN_POINT('Origin',(28.3453903190138,-3.11529316052354,22.2399193263148));
#15813=CARTESIAN_POINT('',(-8.04760186555306,-10.0121381588491,22.2399193263147));
#15814=CARTESIAN_POINT('',(-6.51237099129279,-9.13514909702187,22.2399193263147));
#15815=CARTESIAN_POINT('',(-8.68643226360978,-2.30260177631757,22.2399193263147));
#15816=CARTESIAN_POINT('',(-8.35484440897835,-6.30427207419782,22.2399193263147));
#15817=CARTESIAN_POINT('',(-8.5465108999492,-2.35425800178968,22.2399193263147));
#15818=CARTESIAN_POINT('',(-4.05957158590964,-4.01074806751751,22.2399193263147));
#15819=CARTESIAN_POINT('',(-8.16861572246809,2.20625857418474,22.2399193263147));
#15820=CARTESIAN_POINT('Origin',(28.3453903190138,-3.11529316052354,22.2399193263148));
#15821=CARTESIAN_POINT('',(-8.31513107636925,2.17833717182244,22.2399193263147));
#15822=CARTESIAN_POINT('',(-6.57832536262914,2.50931989730254,22.2399193263147));
#15823=CARTESIAN_POINT('',(-6.4160655101516,9.67757749909992,22.2399193263147));
#15824=CARTESIAN_POINT('',(-8.1041981810701,3.01129233825585,22.2399193263147));
#15825=CARTESIAN_POINT('',(-6.30049822091108,9.58328775789624,22.2399193263147));
#15826=CARTESIAN_POINT('',(-2.59453510031269,6.55964407940277,22.2399193263147));
#15827=CARTESIAN_POINT('',(-4.46228113497587,13.7740006029713,22.2399193263147));
#15828=CARTESIAN_POINT('Origin',(28.3453903190138,-3.11529316052354,22.2399193263148));
#15829=CARTESIAN_POINT('',(-4.60992394739594,13.7951655168466,22.2399193263147));
#15830=CARTESIAN_POINT('',(-2.85975324257705,13.5442747919476,22.2399193263147));
#15831=CARTESIAN_POINT('',(-0.378755638041964,20.2714507367065,22.2399193263147));
#15832=CARTESIAN_POINT('',(-5.57948508543248,12.3111417179977,22.2399193263147));
#15833=CARTESIAN_POINT('',(-0.300065932221962,20.1447452362868,22.2399193263147));
#15834=CARTESIAN_POINT('',(2.22332238687578,16.0816066542581,22.2399193263147));
#15835=CARTESIAN_POINT('',(2.7992737180294,23.511525588089,22.2399193263147));
#15836=CARTESIAN_POINT('Origin',(28.3453903190138,-3.11529316052354,22.2399193263148));
#15837=CARTESIAN_POINT('',(2.66650283673039,23.579483271376,22.2399193263147));
#15838=CARTESIAN_POINT('',(4.24038038006439,22.7739069991116,22.2399193263147));
#15839=CARTESIAN_POINT('',(8.7712611495614,28.3310073903277,22.2399193263148));
#15840=CARTESIAN_POINT('',(-0.403241403333997,21.1902054247786,22.2399193263147));
#15841=CARTESIAN_POINT('',(8.80454602133871,28.1856166377007,22.2399193263148));
#15842=CARTESIAN_POINT('',(9.87191126015752,23.5232872635906,22.2399193263148));
#15843=CARTESIAN_POINT('',(12.8291466935917,30.3636216041325,22.2399193263148));
#15844=CARTESIAN_POINT('Origin',(28.3453903190138,-3.11529316052354,22.2399193263148));
#15845=CARTESIAN_POINT('',(12.725635528555,30.471007787375,22.2399193263148));
#15846=CARTESIAN_POINT('',(13.9526658573576,29.1980426566487,22.2399193263148));
#15847=CARTESIAN_POINT('',(20.0424385565827,32.9828694396368,22.2399193263148));
#15848=CARTESIAN_POINT('',(7.74757444154549,28.762037257599,22.2399193263147));
#15849=CARTESIAN_POINT('',(20.0267116619923,32.8345487788198,22.2399193263148));
#15850=CARTESIAN_POINT('',(19.5223882350281,28.0782643438071,22.2399193263148));
#15851=CARTESIAN_POINT('',(24.5404454252947,33.5877577265392,22.2399193263148));
#15852=CARTESIAN_POINT('Origin',(28.3453903190138,-3.11529316052354,22.2399193263148));
#15853=CARTESIAN_POINT('',(24.4774110173933,33.7229354505146,22.2399193263148));
#15854=CARTESIAN_POINT('',(25.2246263562014,32.1205269853296,22.2399193263148));
#15855=CARTESIAN_POINT('',(32.2133696206343,33.7229354505146,22.2399193263148));
#15856=CARTESIAN_POINT('',(18.7337892748831,33.7229354505146,22.2399193263148));
#15857=CARTESIAN_POINT('',(32.2420902249961,33.7845269853297,22.2399193263148));
#15858=CARTESIAN_POINT('',(30.1289743886814,29.2529354505146,22.2399193263148));
#15859=CARTESIAN_POINT('',(36.1382183386565,33.78452698533,22.2399193263147));
#15860=CARTESIAN_POINT('',(21.1859632911216,33.7845269853289,22.2399193263148));
#15861=CARTESIAN_POINT('',(36.1669232300209,33.7229691471465,22.2399193263147));
#15862=CARTESIAN_POINT('',(36.9141542818262,32.1205269853305,22.2399193263147));
#15863=CARTESIAN_POINT('',(43.9027136939266,33.7229691471465,22.2399193263147));
#15864=CARTESIAN_POINT('',(24.5785453811968,33.7229691471465,22.2399193263148));
#15865=CARTESIAN_POINT('',(43.9314185852909,33.7845269853298,22.2399193263147));
#15866=CARTESIAN_POINT('',(41.8183184619738,29.2529691471465,22.2399193263147));
#15867=CARTESIAN_POINT('',(47.6651414155794,33.7845269853303,22.2399193263147));
#15868=CARTESIAN_POINT('',(27.0306274712676,33.7845269853272,22.2399193263148));
#15869=CARTESIAN_POINT('',(47.693846306944,33.7229691471465,22.2399193263147));
#15870=CARTESIAN_POINT('',(48.4410773587493,32.1205269853305,22.2399193263147));
#15871=CARTESIAN_POINT('',(55.4296367708497,33.7229691471465,22.2399193263147));
#15872=CARTESIAN_POINT('',(30.3420069196584,33.7229691471465,22.2399193263148));
#15873=CARTESIAN_POINT('',(55.458341662214,33.7845269853298,22.2399193263147));
#15874=CARTESIAN_POINT('',(53.3452415388968,29.2529691471465,22.2399193263147));
#15875=CARTESIAN_POINT('',(59.1920644925025,33.7845269853303,22.2399193263147));
#15876=CARTESIAN_POINT('',(32.7940890097292,33.7845269853263,22.2399193263148));
#15877=CARTESIAN_POINT('',(59.2207693838671,33.7229691471465,22.2399193263147));
#15878=CARTESIAN_POINT('',(59.9680004356723,32.1205269853305,22.2399193263147));
#15879=CARTESIAN_POINT('',(66.9565598477727,33.7229691471465,22.2399193263147));
#15880=CARTESIAN_POINT('',(36.1054684581199,33.7229691471465,22.2399193263148));
#15881=CARTESIAN_POINT('',(66.9852647391371,33.7845269853298,22.2399193263147));
#15882=CARTESIAN_POINT('',(64.8721646158199,29.2529691471465,22.2399193263147));
#15883=CARTESIAN_POINT('',(70.7189875694256,33.7845269853303,22.2399193263147));
#15884=CARTESIAN_POINT('',(38.5575505481907,33.7845269853254,22.2399193263148));
#15885=CARTESIAN_POINT('',(70.7476924607901,33.7229691471465,22.2399193263147));
#15886=CARTESIAN_POINT('',(71.4949235125954,32.1205269853305,22.2399193263147));
#15887=CARTESIAN_POINT('',(78.4834829246958,33.7229691471465,22.2399193263147));
#15888=CARTESIAN_POINT('',(41.8689299965814,33.7229691471465,22.2399193263148));
#15889=CARTESIAN_POINT('',(78.5121878160601,33.7845269853298,22.2399193263147));
#15890=CARTESIAN_POINT('',(76.399087692743,29.2529691471465,22.2399193263147));
#15891=CARTESIAN_POINT('',(82.2459106463486,33.7845269853303,22.2399193263147));
#15892=CARTESIAN_POINT('',(44.3210120866522,33.7845269853245,22.2399193263148));
#15893=CARTESIAN_POINT('',(82.2746155377132,33.7229691471465,22.2399193263147));
#15894=CARTESIAN_POINT('',(83.0218465895185,32.1205269853305,22.2399193263147));
#15895=CARTESIAN_POINT('',(90.0104060016189,33.7229691471465,22.2399193263147));
#15896=CARTESIAN_POINT('',(47.632391535043,33.7229691471465,22.2399193263148));
#15897=CARTESIAN_POINT('',(90.0391108929832,33.7845269853298,22.2399193263147));
#15898=CARTESIAN_POINT('',(87.926010769666,29.2529691471465,22.2399193263147));
#15899=CARTESIAN_POINT('',(93.7728337232717,33.7845269853303,22.2399193263147));
#15900=CARTESIAN_POINT('',(50.0844736251138,33.7845269853236,22.2399193263148));
#15901=CARTESIAN_POINT('',(93.8015386146363,33.7229691471465,22.2399193263147));
#15902=CARTESIAN_POINT('',(94.5487696664416,32.1205269853305,22.2399193263147));
#15903=CARTESIAN_POINT('',(101.537329078542,33.7229691471465,22.2399193263147));
#15904=CARTESIAN_POINT('',(53.3958530735045,33.7229691471465,22.2399193263148));
#15905=CARTESIAN_POINT('',(101.566033969906,33.7845269853298,22.2399193263147));
#15906=CARTESIAN_POINT('',(99.4529338465891,29.2529691471465,22.2399193263147));
#15907=CARTESIAN_POINT('',(105.299756800195,33.7845269853303,22.2399193263147));
#15908=CARTESIAN_POINT('',(55.8479351635753,33.7845269853227,22.2399193263148));
#15909=CARTESIAN_POINT('',(105.328461691559,33.7229691471465,22.2399193263147));
#15910=CARTESIAN_POINT('',(106.075692743365,32.1205269853305,22.2399193263147));
#15911=CARTESIAN_POINT('',(113.064252155465,33.7229691471465,22.2399193263147));
#15912=CARTESIAN_POINT('',(59.1593146119661,33.7229691471465,22.2399193263148));
#15913=CARTESIAN_POINT('',(113.092957046829,33.7845269853298,22.2399193263147));
#15914=CARTESIAN_POINT('',(110.979856923512,29.2529691471465,22.2399193263147));
#15915=CARTESIAN_POINT('',(116.826679877118,33.7845269853303,22.2399193263147));
#15916=CARTESIAN_POINT('',(61.6113967020368,33.7845269853218,22.2399193263148));
#15917=CARTESIAN_POINT('',(116.855384768482,33.7229691471465,22.2399193263147));
#15918=CARTESIAN_POINT('',(117.602615820288,32.1205269853305,22.2399193263147));
#15919=CARTESIAN_POINT('',(124.591175232388,33.7229691471465,22.2399193263147));
#15920=CARTESIAN_POINT('',(64.9227761504276,33.7229691471465,22.2399193263148));
#15921=CARTESIAN_POINT('',(124.619880123752,33.7845269853298,22.2399193263147));
#15922=CARTESIAN_POINT('',(122.506780000435,29.2529691471465,22.2399193263147));
#15923=CARTESIAN_POINT('',(128.353602954041,33.7845269853303,22.2399193263147));
#15924=CARTESIAN_POINT('',(67.3748582404984,33.7845269853209,22.2399193263148));
#15925=CARTESIAN_POINT('',(128.382307845406,33.7229691471465,22.2399193263147));
#15926=CARTESIAN_POINT('',(129.129538897211,32.1205269853305,22.2399193263147));
#15927=CARTESIAN_POINT('',(136.118098309311,33.7229691471465,22.2399193263147));
#15928=CARTESIAN_POINT('',(70.6862376888891,33.7229691471465,22.2399193263149));
#15929=CARTESIAN_POINT('',(136.146803200676,33.7845269853298,22.2399193263147));
#15930=CARTESIAN_POINT('',(134.033703077358,29.2529691471465,22.2399193263147));
#15931=CARTESIAN_POINT('',(139.880526030964,33.7845269853303,22.2399193263147));
#15932=CARTESIAN_POINT('',(73.1383197789599,33.78452698532,22.2399193263149));
#15933=CARTESIAN_POINT('',(139.909230922329,33.7229691471465,22.2399193263147));
#15934=CARTESIAN_POINT('',(140.656461974134,32.1205269853305,22.2399193263147));
#15935=CARTESIAN_POINT('',(147.645021386234,33.7229691471465,22.2399193263147));
#15936=CARTESIAN_POINT('',(76.4496992273507,33.7229691471465,22.2399193263149));
#15937=CARTESIAN_POINT('',(147.673726277599,33.7845269853298,22.2399193263147));
#15938=CARTESIAN_POINT('',(145.560626154281,29.2529691471465,22.2399193263147));
#15939=CARTESIAN_POINT('',(151.407449107887,33.7845269853303,22.2399193263147));
#15940=CARTESIAN_POINT('',(78.9017813174215,33.7845269853191,22.2399193263149));
#15941=CARTESIAN_POINT('',(151.436153999252,33.7229691471465,22.2399193263147));
#15942=CARTESIAN_POINT('',(152.183385051057,32.1205269853305,22.2399193263147));
#15943=CARTESIAN_POINT('',(159.171944463157,33.7229691471465,22.2399193263147));
#15944=CARTESIAN_POINT('',(82.2131607658122,33.7229691471465,22.2399193263149));
#15945=CARTESIAN_POINT('',(159.200649354522,33.7845269853298,22.2399193263147));
#15946=CARTESIAN_POINT('',(157.087549231205,29.2529691471465,22.2399193263147));
#15947=CARTESIAN_POINT('',(162.93437218481,33.7845269853303,22.2399193263147));
#15948=CARTESIAN_POINT('',(84.665242855883,33.7845269853182,22.2399193263149));
#15949=CARTESIAN_POINT('',(162.963077076175,33.7229691471465,22.2399193263147));
#15950=CARTESIAN_POINT('',(163.71030812798,32.1205269853305,22.2399193263147));
#15951=CARTESIAN_POINT('',(170.69886754008,33.7229691471465,22.2399193263147));
#15952=CARTESIAN_POINT('',(87.9766223042738,33.7229691471465,22.2399193263149));
#15953=CARTESIAN_POINT('',(170.727572431445,33.7845269853298,22.2399193263147));
#15954=CARTESIAN_POINT('',(168.614472308128,29.2529691471465,22.2399193263147));
#15955=CARTESIAN_POINT('',(174.461295261733,33.7845269853303,22.2399193263147));
#15956=CARTESIAN_POINT('',(90.4287043943445,33.7845269853173,22.2399193263149));
#15957=CARTESIAN_POINT('',(174.490000153098,33.7229691471465,22.2399193263147));
#15958=CARTESIAN_POINT('',(175.237231204903,32.1205269853305,22.2399193263147));
#15959=CARTESIAN_POINT('',(182.225790617003,33.7229691471465,22.2399193263147));
#15960=CARTESIAN_POINT('',(93.7400838427353,33.7229691471465,22.2399193263149));
#15961=CARTESIAN_POINT('',(182.254495508368,33.7845269853298,22.2399193263147));
#15962=CARTESIAN_POINT('',(180.141395385051,29.2529691471465,22.2399193263147));
#15963=CARTESIAN_POINT('',(185.988218338656,33.7845269853303,22.2399193263147));
#15964=CARTESIAN_POINT('',(96.1921659328061,33.7845269853164,22.2399193263149));
#15965=CARTESIAN_POINT('',(186.016923230021,33.7229691471465,22.2399193263147));
#15966=CARTESIAN_POINT('',(186.764154281826,32.1205269853305,22.2399193263147));
#15967=CARTESIAN_POINT('',(190.850944519043,33.7229691471465,22.2399193263151));
#15968=CARTESIAN_POINT('',(99.5035453811968,33.7229691471465,22.2399193263149));
#15969=CARTESIAN_POINT('',(190.850944519043,34.6847068395017,22.2399193263151));
#15970=CARTESIAN_POINT('',(190.850944519049,-3.09912708879194,22.2399193263151));
#15971=CARTESIAN_POINT('',(28.3453903190079,34.6847068394765,22.2399193263148));
#15972=CARTESIAN_POINT('',(181.125581309714,34.6847068395002,22.239919326315));
#15973=CARTESIAN_POINT('',(25.6359259561874,-40.8180623276129,22.2399193263148));
#15974=CARTESIAN_POINT('Origin',(28.3453903190138,-3.11529316052354,22.2399193263148));
#15975=CARTESIAN_POINT('',(28.3476114016937,-40.9482035118606,22.2399193263148));
#15976=CARTESIAN_POINT('',(17.3827694529102,-40.4219708255992,22.2399193263148));
#15977=CARTESIAN_POINT('',(195.457116583949,-40.9482035118675,22.2399193263151));
#15978=CARTESIAN_POINT('',(19.6242935947975,-40.9482035118602,22.2399193263148));
#15979=CARTESIAN_POINT('',(195.457096075285,-39.9866877910002,22.2399193263151));
#15980=CARTESIAN_POINT('',(195.456309261058,-3.09816983422749,22.2399193263151));
#15981=CARTESIAN_POINT('',(192.689891812254,-39.9867468141272,22.2399193263147));
#15982=CARTESIAN_POINT('',(104.169152962975,-39.9886349186244,22.2399193263149));
#15983=CARTESIAN_POINT('',(192.689891812254,-40.0482035118732,22.2399193263147));
#15984=CARTESIAN_POINT('',(192.689891812254,-38.3842035118732,22.2399193263147));
#15985=CARTESIAN_POINT('',(188.017827755424,-40.048203511873,22.2399193263147));
#15986=CARTESIAN_POINT('',(101.797832056336,-40.0482035118706,22.2399193263149));
#15987=CARTESIAN_POINT('',(187.989102133102,-39.9866012160071,22.2399193263147));
#15988=CARTESIAN_POINT('',(187.241891812254,-38.384203511873,22.2399193263147));
#15989=CARTESIAN_POINT('',(181.162968735331,-39.9867468141272,22.2399193263147));
#15990=CARTESIAN_POINT('',(98.4056914218911,-39.9885119867805,22.2399193263149));
#15991=CARTESIAN_POINT('',(181.162968735331,-40.0482035118732,22.2399193263147));
#15992=CARTESIAN_POINT('',(181.162968735331,-38.3842035118732,22.2399193263147));
#15993=CARTESIAN_POINT('',(176.490904678501,-40.048203511873,22.2399193263147));
#15994=CARTESIAN_POINT('',(96.0343705178747,-40.0482035118707,22.2399193263149));
#15995=CARTESIAN_POINT('',(176.462179056179,-39.9866012160071,22.2399193263147));
#15996=CARTESIAN_POINT('',(175.714968735331,-38.384203511873,22.2399193263147));
#15997=CARTESIAN_POINT('',(169.636045658408,-39.9867468141272,22.2399193263147));
#15998=CARTESIAN_POINT('',(92.6422298808075,-39.9883890549367,22.2399193263149));
#15999=CARTESIAN_POINT('',(169.636045658408,-40.0482035118732,22.2399193263147));
#16000=CARTESIAN_POINT('',(169.636045658408,-38.3842035118732,22.2399193263147));
#16001=CARTESIAN_POINT('',(164.963981601578,-40.048203511873,22.2399193263147));
#16002=CARTESIAN_POINT('',(90.2709089794132,-40.0482035118709,22.2399193263149));
#16003=CARTESIAN_POINT('',(164.935255979255,-39.9866012160071,22.2399193263147));
#16004=CARTESIAN_POINT('',(164.188045658408,-38.384203511873,22.2399193263147));
#16005=CARTESIAN_POINT('',(158.109122581485,-39.9867468141272,22.2399193263147));
#16006=CARTESIAN_POINT('',(86.8787683397239,-39.9882661230928,22.2399193263149));
#16007=CARTESIAN_POINT('',(158.109122581485,-40.0482035118732,22.2399193263147));
#16008=CARTESIAN_POINT('',(158.109122581485,-38.3842035118732,22.2399193263147));
#16009=CARTESIAN_POINT('',(153.437058524655,-40.048203511873,22.2399193263147));
#16010=CARTESIAN_POINT('',(84.5074474409517,-40.0482035118711,22.2399193263149));
#16011=CARTESIAN_POINT('',(153.408332902332,-39.9866012160071,22.2399193263147));
#16012=CARTESIAN_POINT('',(152.661122581485,-38.384203511873,22.2399193263147));
#16013=CARTESIAN_POINT('',(146.582199504561,-39.9867468141272,22.2399193263147));
#16014=CARTESIAN_POINT('',(81.1153067986403,-39.988143191249,22.2399193263149));
#16015=CARTESIAN_POINT('',(146.582199504561,-40.0482035118732,22.2399193263147));
#16016=CARTESIAN_POINT('',(146.582199504561,-38.3842035118732,22.2399193263147));
#16017=CARTESIAN_POINT('',(141.910135447732,-40.048203511873,22.2399193263147));
#16018=CARTESIAN_POINT('',(78.7439859024901,-40.0482035118712,22.2399193263149));
#16019=CARTESIAN_POINT('',(141.881409825409,-39.9866012160071,22.2399193263147));
#16020=CARTESIAN_POINT('',(141.134199504562,-38.384203511873,22.2399193263147));
#16021=CARTESIAN_POINT('',(135.055276427638,-39.9867468141272,22.2399193263147));
#16022=CARTESIAN_POINT('',(75.3518452575567,-39.9880202594051,22.2399193263149));
#16023=CARTESIAN_POINT('',(135.055276427638,-40.0482035118732,22.2399193263147));
#16024=CARTESIAN_POINT('',(135.055276427638,-38.3842035118732,22.2399193263147));
#16025=CARTESIAN_POINT('',(130.383212370808,-40.048203511873,22.2399193263147));
#16026=CARTESIAN_POINT('',(72.9805243640286,-40.0482035118714,22.2399193263149));
#16027=CARTESIAN_POINT('',(130.354486748486,-39.9866012160071,22.2399193263147));
#16028=CARTESIAN_POINT('',(129.607276427638,-38.384203511873,22.2399193263147));
#16029=CARTESIAN_POINT('',(123.528353350715,-39.9867468141272,22.2399193263147));
#16030=CARTESIAN_POINT('',(69.588383716473,-39.9878973275613,22.2399193263149));
#16031=CARTESIAN_POINT('',(123.528353350715,-40.0482035118732,22.2399193263147));
#16032=CARTESIAN_POINT('',(123.528353350715,-38.3842035118732,22.2399193263147));
#16033=CARTESIAN_POINT('',(118.856289293885,-40.048203511873,22.2399193263147));
#16034=CARTESIAN_POINT('',(67.2170628255671,-40.0482035118716,22.2399193263148));
#16035=CARTESIAN_POINT('',(118.827563671563,-39.9866012160071,22.2399193263147));
#16036=CARTESIAN_POINT('',(118.080353350715,-38.384203511873,22.2399193263147));
#16037=CARTESIAN_POINT('',(112.001430273792,-39.9867468141272,22.2399193263147));
#16038=CARTESIAN_POINT('',(63.8249221753895,-39.9877743957175,22.2399193263148));
#16039=CARTESIAN_POINT('',(112.001430273792,-40.0482035118732,22.2399193263147));
#16040=CARTESIAN_POINT('',(112.001430273792,-38.3842035118732,22.2399193263147));
#16041=CARTESIAN_POINT('',(107.329366216962,-40.048203511873,22.2399193263147));
#16042=CARTESIAN_POINT('',(61.4536012871055,-40.0482035118717,22.2399193263148));
#16043=CARTESIAN_POINT('',(107.30064059464,-39.9866012160071,22.2399193263147));
#16044=CARTESIAN_POINT('',(106.553430273792,-38.384203511873,22.2399193263147));
#16045=CARTESIAN_POINT('',(100.474507196869,-39.9867468141272,22.2399193263147));
#16046=CARTESIAN_POINT('',(58.0614606343058,-39.9876514638736,22.2399193263148));
#16047=CARTESIAN_POINT('',(100.474507196869,-40.0482035118732,22.2399193263147));
#16048=CARTESIAN_POINT('',(100.474507196869,-38.3842035118732,22.2399193263147));
#16049=CARTESIAN_POINT('',(95.8024431400392,-40.048203511873,22.2399193263147));
#16050=CARTESIAN_POINT('',(55.690139748644,-40.0482035118719,22.2399193263148));
#16051=CARTESIAN_POINT('',(95.773717517717,-39.9866012160071,22.2399193263147));
#16052=CARTESIAN_POINT('',(95.0265071968692,-38.384203511873,22.2399193263147));
#16053=CARTESIAN_POINT('',(88.9475841199461,-39.9867468141272,22.2399193263147));
#16054=CARTESIAN_POINT('',(52.2979990932222,-39.9875285320298,22.2399193263148));
#16055=CARTESIAN_POINT('',(88.9475841199461,-40.0482035118732,22.2399193263147));
#16056=CARTESIAN_POINT('',(88.9475841199461,-38.3842035118732,22.2399193263147));
#16057=CARTESIAN_POINT('',(84.2755200631161,-40.048203511873,22.2399193263147));
#16058=CARTESIAN_POINT('',(49.9266782101824,-40.0482035118721,22.2399193263148));
#16059=CARTESIAN_POINT('',(84.2467944407939,-39.9866012160071,22.2399193263147));
#16060=CARTESIAN_POINT('',(83.4995841199461,-38.384203511873,22.2399193263147));
#16061=CARTESIAN_POINT('',(77.420661043023,-39.9867468141272,22.2399193263147));
#16062=CARTESIAN_POINT('',(46.5345375521386,-39.9874056001859,22.2399193263148));
#16063=CARTESIAN_POINT('',(77.420661043023,-40.0482035118732,22.2399193263147));
#16064=CARTESIAN_POINT('',(77.420661043023,-38.3842035118732,22.2399193263147));
#16065=CARTESIAN_POINT('',(72.7485969861931,-40.048203511873,22.2399193263147));
#16066=CARTESIAN_POINT('',(44.1632166717209,-40.0482035118722,22.2399193263148));
#16067=CARTESIAN_POINT('',(72.7198713638708,-39.9866012160071,22.2399193263147));
#16068=CARTESIAN_POINT('',(71.972661043023,-38.384203511873,22.2399193263147));
#16069=CARTESIAN_POINT('',(65.8937379660999,-39.9867468141272,22.2399193263147));
#16070=CARTESIAN_POINT('',(40.771076011055,-39.9872826683421,22.2399193263148));
#16071=CARTESIAN_POINT('',(65.8937379660999,-40.0482035118732,22.2399193263147));
#16072=CARTESIAN_POINT('',(65.8937379660999,-38.3842035118732,22.2399193263147));
#16073=CARTESIAN_POINT('',(61.22167390927,-40.048203511873,22.2399193263147));
#16074=CARTESIAN_POINT('',(38.3997551332593,-40.0482035118724,22.2399193263148));
#16075=CARTESIAN_POINT('',(61.1929482869477,-39.9866012160071,22.2399193263147));
#16076=CARTESIAN_POINT('',(60.4457379661,-38.384203511873,22.2399193263147));
#16077=CARTESIAN_POINT('',(54.3668148891769,-39.9867468141272,22.2399193263147));
#16078=CARTESIAN_POINT('',(35.0076144699714,-39.9871597364982,22.2399193263148));
#16079=CARTESIAN_POINT('',(54.3668148891769,-40.0482035118732,22.2399193263147));
#16080=CARTESIAN_POINT('',(54.3668148891769,-38.3842035118732,22.2399193263147));
#16081=CARTESIAN_POINT('',(49.6947508323469,-40.048203511873,22.2399193263147));
#16082=CARTESIAN_POINT('',(32.6362935947978,-40.0482035118726,22.2399193263148));
#16083=CARTESIAN_POINT('',(49.6660252100247,-39.9866012160071,22.2399193263147));
#16084=CARTESIAN_POINT('',(48.9188148891769,-38.384203511873,22.2399193263147));
#16085=CARTESIAN_POINT('',(41.9303508212973,-39.9867662141961,22.2399193263147));
#16086=CARTESIAN_POINT('',(29.2441529288878,-39.9870368046544,22.2399193263148));
#16087=CARTESIAN_POINT('',(41.9017037342492,-40.0482035118732,22.2399193263147));
#16088=CARTESIAN_POINT('',(44.0146507098406,-35.5167217560719,22.2399193263147));
#16089=CARTESIAN_POINT('',(38.0917657619091,-40.0482035118732,22.2399193263147));
#16090=CARTESIAN_POINT('',(26.7916843842026,-40.0482035118732,22.2399193263148));
#16091=CARTESIAN_POINT('',(38.0617930157592,-39.9839267503281,22.2399193263147));
#16092=CARTESIAN_POINT('',(35.9773977838064,-35.5139267503281,22.2399193263147));
#16093=CARTESIAN_POINT('',(30.3260025518535,-39.9839267503281,22.2399193263147));
#16094=CARTESIAN_POINT('',(23.4415850421131,-39.9839267503281,22.2399193263148));
#16095=CARTESIAN_POINT('',(31.0719657488736,-38.3842035118732,22.2399193263147));
#16096=CARTESIAN_POINT('Origin',(15.0255181167384,-36.0756795738569,20.1049193263148));
#16097=CARTESIAN_POINT('',(26.0862569447944,-40.0482035118732,22.202725440009));
#16098=CARTESIAN_POINT('',(27.3002994175385,-40.0482035118732,22.0029006166243));
#16099=CARTESIAN_POINT('',(24.8360839481935,-35.5482522155909,17.9699193263148));
#16100=CARTESIAN_POINT('',(21.9934120612105,-25.3161602751036,8.34526819789978));
#16101=CARTESIAN_POINT('',(21.1335882010283,-34.930414950059,17.9699193263148));
#16102=CARTESIAN_POINT('',(15.3769275669878,-33.9697981910921,17.9699193263148));
#16103=CARTESIAN_POINT('',(18.5512162914614,-38.6914889265202,22.1047416023387));
#16104=CARTESIAN_POINT('',(26.6232246794276,-26.935079799979,9.18006565958798));
#16105=CARTESIAN_POINT('',(26.6232246794276,-26.935079799979,9.18006565958798));
#16106=CARTESIAN_POINT('Origin',(31.0719657488736,-40.0482035118732,-27.7600806736853));
#16107=CARTESIAN_POINT('',(30.2960298057037,-40.0482035118732,-27.7600806736853));
#16108=CARTESIAN_POINT('',(30.2960298057037,-40.0482035118732,-27.7600806736853));
#16109=CARTESIAN_POINT('',(25.8602842306102,-40.0482035118732,-27.7600806736852));
#16110=CARTESIAN_POINT('',(20.9888690246468,-40.0482035118732,-27.7600806736852));
#16111=CARTESIAN_POINT('',(26.0862569447944,-40.0482035118732,-27.7228867873794));
#16112=CARTESIAN_POINT('',(23.2939716062538,-40.0482035118732,-28.1824818486234));
#16113=CARTESIAN_POINT('',(26.0862569447944,-40.0482035118732,-27.7600806736853));
#16114=CARTESIAN_POINT('Origin',(10.90577230042,-3.06650584143816,-27.7600806736852));
#16115=CARTESIAN_POINT('',(30.3260025518535,-39.9839267503281,-27.7600806736853));
#16116=CARTESIAN_POINT('',(31.0719657488736,-38.3842035118732,-27.7600806736853));
#16117=CARTESIAN_POINT('',(38.0617930157592,-39.9839267503281,-27.7600806736853));
#16118=CARTESIAN_POINT('',(23.4415850421132,-39.9839267503281,-27.7600806736852));
#16119=CARTESIAN_POINT('',(38.0917657619091,-40.0482035118732,-27.7600806736853));
#16120=CARTESIAN_POINT('',(35.9773977838064,-35.5139267503281,-27.7600806736853));
#16121=CARTESIAN_POINT('',(41.9017037342492,-40.0482035118732,-27.7600806736853));
#16122=CARTESIAN_POINT('',(26.7916843842027,-40.0482035118732,-27.7600806736852));
#16123=CARTESIAN_POINT('',(41.9303508212973,-39.9867662141961,-27.7600806736853));
#16124=CARTESIAN_POINT('',(44.0146507098406,-35.5167217560719,-27.7600806736853));
#16125=CARTESIAN_POINT('',(49.6660252100247,-39.9866012160071,-27.7600806736853));
#16126=CARTESIAN_POINT('',(29.2441529288878,-39.9870368046544,-27.7600806736852));
#16127=CARTESIAN_POINT('',(49.6947508323469,-40.048203511873,-27.7600806736853));
#16128=CARTESIAN_POINT('',(48.9188148891769,-38.384203511873,-27.7600806736853));
#16129=CARTESIAN_POINT('',(54.3668148891769,-40.0482035118732,-27.7600806736853));
#16130=CARTESIAN_POINT('',(32.6362935947979,-40.0482035118726,-27.7600806736852));
#16131=CARTESIAN_POINT('',(54.3668148891769,-39.9867468141272,-27.7600806736853));
#16132=CARTESIAN_POINT('',(54.3668148891769,-38.3842035118732,-27.7600806736853));
#16133=CARTESIAN_POINT('',(61.1929482869477,-39.9866012160071,-27.7600806736853));
#16134=CARTESIAN_POINT('',(35.0076144699714,-39.9871597364982,-27.7600806736852));
#16135=CARTESIAN_POINT('',(61.22167390927,-40.048203511873,-27.7600806736853));
#16136=CARTESIAN_POINT('',(60.4457379661,-38.384203511873,-27.7600806736853));
#16137=CARTESIAN_POINT('',(65.8937379660999,-40.0482035118732,-27.7600806736853));
#16138=CARTESIAN_POINT('',(38.3997551332594,-40.0482035118724,-27.7600806736852));
#16139=CARTESIAN_POINT('',(65.8937379660999,-39.9867468141272,-27.7600806736853));
#16140=CARTESIAN_POINT('',(65.8937379660999,-38.3842035118732,-27.7600806736853));
#16141=CARTESIAN_POINT('',(72.7198713638708,-39.9866012160071,-27.7600806736853));
#16142=CARTESIAN_POINT('',(40.7710760110551,-39.9872826683421,-27.7600806736852));
#16143=CARTESIAN_POINT('',(72.7485969861931,-40.048203511873,-27.7600806736853));
#16144=CARTESIAN_POINT('',(71.972661043023,-38.384203511873,-27.7600806736853));
#16145=CARTESIAN_POINT('',(77.420661043023,-40.0482035118732,-27.7600806736853));
#16146=CARTESIAN_POINT('',(44.163216671721,-40.0482035118722,-27.7600806736852));
#16147=CARTESIAN_POINT('',(77.420661043023,-39.9867468141272,-27.7600806736853));
#16148=CARTESIAN_POINT('',(77.420661043023,-38.3842035118732,-27.7600806736853));
#16149=CARTESIAN_POINT('',(84.2467944407939,-39.9866012160071,-27.7600806736853));
#16150=CARTESIAN_POINT('',(46.5345375521387,-39.9874056001859,-27.7600806736852));
#16151=CARTESIAN_POINT('',(84.2755200631161,-40.048203511873,-27.7600806736853));
#16152=CARTESIAN_POINT('',(83.4995841199461,-38.384203511873,-27.7600806736853));
#16153=CARTESIAN_POINT('',(88.9475841199461,-40.0482035118732,-27.7600806736853));
#16154=CARTESIAN_POINT('',(49.9266782101825,-40.0482035118721,-27.7600806736852));
#16155=CARTESIAN_POINT('',(88.9475841199461,-39.9867468141272,-27.7600806736853));
#16156=CARTESIAN_POINT('',(88.9475841199461,-38.3842035118732,-27.7600806736853));
#16157=CARTESIAN_POINT('',(95.773717517717,-39.9866012160071,-27.7600806736853));
#16158=CARTESIAN_POINT('',(52.2979990932223,-39.9875285320298,-27.7600806736852));
#16159=CARTESIAN_POINT('',(95.8024431400392,-40.048203511873,-27.7600806736853));
#16160=CARTESIAN_POINT('',(95.0265071968692,-38.384203511873,-27.7600806736853));
#16161=CARTESIAN_POINT('',(100.474507196869,-40.0482035118732,-27.7600806736853));
#16162=CARTESIAN_POINT('',(55.6901397486441,-40.0482035118719,-27.7600806736852));
#16163=CARTESIAN_POINT('',(100.474507196869,-39.9867468141272,-27.7600806736853));
#16164=CARTESIAN_POINT('',(100.474507196869,-38.3842035118732,-27.7600806736853));
#16165=CARTESIAN_POINT('',(107.30064059464,-39.9866012160071,-27.7600806736853));
#16166=CARTESIAN_POINT('',(58.0614606343059,-39.9876514638736,-27.7600806736852));
#16167=CARTESIAN_POINT('',(107.329366216962,-40.048203511873,-27.7600806736853));
#16168=CARTESIAN_POINT('',(106.553430273792,-38.384203511873,-27.7600806736853));
#16169=CARTESIAN_POINT('',(112.001430273792,-40.0482035118732,-27.7600806736853));
#16170=CARTESIAN_POINT('',(61.4536012871056,-40.0482035118717,-27.7600806736852));
#16171=CARTESIAN_POINT('',(112.001430273792,-39.9867468141272,-27.7600806736853));
#16172=CARTESIAN_POINT('',(112.001430273792,-38.3842035118732,-27.7600806736853));
#16173=CARTESIAN_POINT('',(118.827563671563,-39.9866012160071,-27.7600806736853));
#16174=CARTESIAN_POINT('',(63.8249221753895,-39.9877743957175,-27.7600806736852));
#16175=CARTESIAN_POINT('',(118.856289293885,-40.048203511873,-27.7600806736853));
#16176=CARTESIAN_POINT('',(118.080353350715,-38.384203511873,-27.7600806736853));
#16177=CARTESIAN_POINT('',(123.528353350715,-40.0482035118732,-27.7600806736853));
#16178=CARTESIAN_POINT('',(67.2170628255671,-40.0482035118716,-27.7600806736852));
#16179=CARTESIAN_POINT('',(123.528353350715,-39.9867468141272,-27.7600806736853));
#16180=CARTESIAN_POINT('',(123.528353350715,-38.3842035118732,-27.7600806736853));
#16181=CARTESIAN_POINT('',(130.354486748486,-39.9866012160071,-27.7600806736853));
#16182=CARTESIAN_POINT('',(69.5883837164731,-39.9878973275613,-27.7600806736851));
#16183=CARTESIAN_POINT('',(130.383212370808,-40.048203511873,-27.7600806736853));
#16184=CARTESIAN_POINT('',(129.607276427638,-38.384203511873,-27.7600806736853));
#16185=CARTESIAN_POINT('',(135.055276427638,-40.0482035118732,-27.7600806736853));
#16186=CARTESIAN_POINT('',(72.9805243640287,-40.0482035118714,-27.7600806736851));
#16187=CARTESIAN_POINT('',(135.055276427638,-39.9867468141272,-27.7600806736853));
#16188=CARTESIAN_POINT('',(135.055276427638,-38.3842035118732,-27.7600806736853));
#16189=CARTESIAN_POINT('',(141.881409825409,-39.9866012160071,-27.7600806736853));
#16190=CARTESIAN_POINT('',(75.3518452575568,-39.9880202594051,-27.7600806736851));
#16191=CARTESIAN_POINT('',(141.910135447732,-40.048203511873,-27.7600806736853));
#16192=CARTESIAN_POINT('',(141.134199504562,-38.384203511873,-27.7600806736853));
#16193=CARTESIAN_POINT('',(146.582199504561,-40.0482035118732,-27.7600806736853));
#16194=CARTESIAN_POINT('',(78.7439859024902,-40.0482035118712,-27.7600806736851));
#16195=CARTESIAN_POINT('',(146.582199504561,-39.9867468141272,-27.7600806736853));
#16196=CARTESIAN_POINT('',(146.582199504561,-38.3842035118732,-27.7600806736853));
#16197=CARTESIAN_POINT('',(153.408332902332,-39.9866012160071,-27.7600806736853));
#16198=CARTESIAN_POINT('',(81.1153067986403,-39.988143191249,-27.7600806736851));
#16199=CARTESIAN_POINT('',(153.437058524655,-40.048203511873,-27.7600806736853));
#16200=CARTESIAN_POINT('',(152.661122581485,-38.384203511873,-27.7600806736853));
#16201=CARTESIAN_POINT('',(158.109122581485,-40.0482035118732,-27.7600806736853));
#16202=CARTESIAN_POINT('',(84.5074474409517,-40.0482035118711,-27.7600806736851));
#16203=CARTESIAN_POINT('',(158.109122581485,-39.9867468141272,-27.7600806736853));
#16204=CARTESIAN_POINT('',(158.109122581485,-38.3842035118732,-27.7600806736853));
#16205=CARTESIAN_POINT('',(164.935255979255,-39.9866012160071,-27.7600806736853));
#16206=CARTESIAN_POINT('',(86.878768339724,-39.9882661230928,-27.7600806736851));
#16207=CARTESIAN_POINT('',(164.963981601578,-40.048203511873,-27.7600806736853));
#16208=CARTESIAN_POINT('',(164.188045658408,-38.384203511873,-27.7600806736853));
#16209=CARTESIAN_POINT('',(169.636045658408,-40.0482035118732,-27.7600806736853));
#16210=CARTESIAN_POINT('',(90.2709089794133,-40.0482035118709,-27.7600806736851));
#16211=CARTESIAN_POINT('',(169.636045658408,-39.9867468141272,-27.7600806736853));
#16212=CARTESIAN_POINT('',(169.636045658408,-38.3842035118732,-27.7600806736853));
#16213=CARTESIAN_POINT('',(176.462179056179,-39.9866012160071,-27.7600806736853));
#16214=CARTESIAN_POINT('',(92.6422298808076,-39.9883890549367,-27.7600806736851));
#16215=CARTESIAN_POINT('',(176.490904678501,-40.048203511873,-27.7600806736853));
#16216=CARTESIAN_POINT('',(175.714968735331,-38.384203511873,-27.7600806736853));
#16217=CARTESIAN_POINT('',(181.162968735331,-40.0482035118732,-27.7600806736853));
#16218=CARTESIAN_POINT('',(96.0343705178748,-40.0482035118707,-27.7600806736851));
#16219=CARTESIAN_POINT('',(181.162968735331,-39.9867468141272,-27.7600806736853));
#16220=CARTESIAN_POINT('',(181.162968735331,-38.3842035118732,-27.7600806736853));
#16221=CARTESIAN_POINT('',(187.989102133102,-39.9866012160071,-27.7600806736853));
#16222=CARTESIAN_POINT('',(98.4056914218912,-39.9885119867805,-27.7600806736851));
#16223=CARTESIAN_POINT('',(188.017827755424,-40.048203511873,-27.7600806736853));
#16224=CARTESIAN_POINT('',(187.241891812254,-38.384203511873,-27.7600806736853));
#16225=CARTESIAN_POINT('',(192.689891812254,-40.0482035118732,-27.7600806736853));
#16226=CARTESIAN_POINT('',(101.797832056336,-40.0482035118706,-27.7600806736851));
#16227=CARTESIAN_POINT('',(192.689891812254,-39.9867468141272,-27.7600806736853));
#16228=CARTESIAN_POINT('',(192.689891812254,-38.3842035118732,-27.7600806736853));
#16229=CARTESIAN_POINT('',(195.457096075285,-39.9866877910001,-27.7600806736849));
#16230=CARTESIAN_POINT('',(104.169152962975,-39.9886349186244,-27.7600806736851));
#16231=CARTESIAN_POINT('',(195.457116583949,-40.9482035118675,-27.7600806736849));
#16232=CARTESIAN_POINT('',(195.456309261058,-3.09816983422749,-27.7600806736849));
#16233=CARTESIAN_POINT('',(28.3476114016937,-40.9482035118606,-27.7600806736852));
#16234=CARTESIAN_POINT('',(19.6242935947976,-40.9482035118602,-27.7600806736852));
#16235=CARTESIAN_POINT('',(25.6359259561871,-40.8180623276129,-27.7600806736852));
#16236=CARTESIAN_POINT('',(17.3827694529103,-40.4219708255992,-27.7600806736852));
#16237=CARTESIAN_POINT('',(28.345390319008,34.6847068394765,-27.7600806736852));
#16238=CARTESIAN_POINT('Origin',(28.3453903190139,-3.11529316052354,-27.7600806736852));
#16239=CARTESIAN_POINT('',(190.850944519043,34.6847068395017,-27.7600806736849));
#16240=CARTESIAN_POINT('',(181.125581309714,34.6847068395002,-27.760080673685));
#16241=CARTESIAN_POINT('',(190.850944519043,33.7229691471465,-27.7600806736849));
#16242=CARTESIAN_POINT('',(190.850944519049,-3.09912708879194,-27.7600806736849));
#16243=CARTESIAN_POINT('',(186.016923230021,33.7229691471465,-27.7600806736853));
#16244=CARTESIAN_POINT('',(99.5035453811969,33.7229691471465,-27.7600806736851));
#16245=CARTESIAN_POINT('',(185.988218338656,33.7845269853303,-27.7600806736853));
#16246=CARTESIAN_POINT('',(186.764154281826,32.1205269853305,-27.7600806736853));
#16247=CARTESIAN_POINT('',(182.254495508368,33.7845269853298,-27.7600806736853));
#16248=CARTESIAN_POINT('',(96.1921659328061,33.7845269853164,-27.7600806736851));
#16249=CARTESIAN_POINT('',(182.225790617003,33.7229691471465,-27.7600806736853));
#16250=CARTESIAN_POINT('',(180.141395385051,29.2529691471465,-27.7600806736853));
#16251=CARTESIAN_POINT('',(174.490000153098,33.7229691471465,-27.7600806736853));
#16252=CARTESIAN_POINT('',(93.7400838427354,33.7229691471465,-27.7600806736851));
#16253=CARTESIAN_POINT('',(174.461295261733,33.7845269853303,-27.7600806736853));
#16254=CARTESIAN_POINT('',(175.237231204903,32.1205269853305,-27.7600806736853));
#16255=CARTESIAN_POINT('',(170.727572431445,33.7845269853298,-27.7600806736853));
#16256=CARTESIAN_POINT('',(90.4287043943446,33.7845269853173,-27.7600806736851));
#16257=CARTESIAN_POINT('',(170.69886754008,33.7229691471465,-27.7600806736853));
#16258=CARTESIAN_POINT('',(168.614472308128,29.2529691471465,-27.7600806736853));
#16259=CARTESIAN_POINT('',(162.963077076175,33.7229691471465,-27.7600806736853));
#16260=CARTESIAN_POINT('',(87.9766223042738,33.7229691471465,-27.7600806736851));
#16261=CARTESIAN_POINT('',(162.93437218481,33.7845269853303,-27.7600806736853));
#16262=CARTESIAN_POINT('',(163.71030812798,32.1205269853305,-27.7600806736853));
#16263=CARTESIAN_POINT('',(159.200649354522,33.7845269853298,-27.7600806736853));
#16264=CARTESIAN_POINT('',(84.6652428558831,33.7845269853182,-27.7600806736851));
#16265=CARTESIAN_POINT('',(159.171944463157,33.7229691471465,-27.7600806736853));
#16266=CARTESIAN_POINT('',(157.087549231205,29.2529691471465,-27.7600806736853));
#16267=CARTESIAN_POINT('',(151.436153999252,33.7229691471465,-27.7600806736853));
#16268=CARTESIAN_POINT('',(82.2131607658123,33.7229691471465,-27.7600806736851));
#16269=CARTESIAN_POINT('',(151.407449107887,33.7845269853303,-27.7600806736853));
#16270=CARTESIAN_POINT('',(152.183385051057,32.1205269853305,-27.7600806736853));
#16271=CARTESIAN_POINT('',(147.673726277599,33.7845269853298,-27.7600806736853));
#16272=CARTESIAN_POINT('',(78.9017813174215,33.7845269853191,-27.7600806736851));
#16273=CARTESIAN_POINT('',(147.645021386234,33.7229691471465,-27.7600806736853));
#16274=CARTESIAN_POINT('',(145.560626154281,29.2529691471465,-27.7600806736853));
#16275=CARTESIAN_POINT('',(139.909230922329,33.7229691471465,-27.7600806736853));
#16276=CARTESIAN_POINT('',(76.4496992273507,33.7229691471465,-27.7600806736851));
#16277=CARTESIAN_POINT('',(139.880526030964,33.7845269853303,-27.7600806736853));
#16278=CARTESIAN_POINT('',(140.656461974134,32.1205269853305,-27.7600806736853));
#16279=CARTESIAN_POINT('',(136.146803200676,33.7845269853298,-27.7600806736853));
#16280=CARTESIAN_POINT('',(73.13831977896,33.78452698532,-27.7600806736851));
#16281=CARTESIAN_POINT('',(136.118098309311,33.7229691471465,-27.7600806736853));
#16282=CARTESIAN_POINT('',(134.033703077358,29.2529691471465,-27.7600806736853));
#16283=CARTESIAN_POINT('',(128.382307845406,33.7229691471465,-27.7600806736853));
#16284=CARTESIAN_POINT('',(70.6862376888892,33.7229691471465,-27.7600806736851));
#16285=CARTESIAN_POINT('',(128.353602954041,33.7845269853303,-27.7600806736853));
#16286=CARTESIAN_POINT('',(129.129538897211,32.1205269853305,-27.7600806736853));
#16287=CARTESIAN_POINT('',(124.619880123752,33.7845269853298,-27.7600806736853));
#16288=CARTESIAN_POINT('',(67.3748582404985,33.7845269853209,-27.7600806736852));
#16289=CARTESIAN_POINT('',(124.591175232388,33.7229691471465,-27.7600806736853));
#16290=CARTESIAN_POINT('',(122.506780000435,29.2529691471465,-27.7600806736853));
#16291=CARTESIAN_POINT('',(116.855384768482,33.7229691471465,-27.7600806736853));
#16292=CARTESIAN_POINT('',(64.9227761504277,33.7229691471465,-27.7600806736852));
#16293=CARTESIAN_POINT('',(116.826679877118,33.7845269853303,-27.7600806736853));
#16294=CARTESIAN_POINT('',(117.602615820288,32.1205269853305,-27.7600806736853));
#16295=CARTESIAN_POINT('',(113.092957046829,33.7845269853298,-27.7600806736853));
#16296=CARTESIAN_POINT('',(61.6113967020369,33.7845269853218,-27.7600806736852));
#16297=CARTESIAN_POINT('',(113.064252155465,33.7229691471465,-27.7600806736853));
#16298=CARTESIAN_POINT('',(110.979856923512,29.2529691471465,-27.7600806736853));
#16299=CARTESIAN_POINT('',(105.328461691559,33.7229691471465,-27.7600806736853));
#16300=CARTESIAN_POINT('',(59.1593146119661,33.7229691471465,-27.7600806736852));
#16301=CARTESIAN_POINT('',(105.299756800195,33.7845269853303,-27.7600806736853));
#16302=CARTESIAN_POINT('',(106.075692743365,32.1205269853305,-27.7600806736853));
#16303=CARTESIAN_POINT('',(101.566033969906,33.7845269853298,-27.7600806736853));
#16304=CARTESIAN_POINT('',(55.8479351635754,33.7845269853227,-27.7600806736852));
#16305=CARTESIAN_POINT('',(101.537329078542,33.7229691471465,-27.7600806736853));
#16306=CARTESIAN_POINT('',(99.4529338465891,29.2529691471465,-27.7600806736853));
#16307=CARTESIAN_POINT('',(93.8015386146363,33.7229691471465,-27.7600806736853));
#16308=CARTESIAN_POINT('',(53.3958530735046,33.7229691471465,-27.7600806736852));
#16309=CARTESIAN_POINT('',(93.7728337232717,33.7845269853303,-27.7600806736853));
#16310=CARTESIAN_POINT('',(94.5487696664416,32.1205269853305,-27.7600806736853));
#16311=CARTESIAN_POINT('',(90.0391108929832,33.7845269853298,-27.7600806736853));
#16312=CARTESIAN_POINT('',(50.0844736251138,33.7845269853236,-27.7600806736852));
#16313=CARTESIAN_POINT('',(90.0104060016189,33.7229691471465,-27.7600806736853));
#16314=CARTESIAN_POINT('',(87.926010769666,29.2529691471465,-27.7600806736853));
#16315=CARTESIAN_POINT('',(82.2746155377132,33.7229691471465,-27.7600806736853));
#16316=CARTESIAN_POINT('',(47.6323915350431,33.7229691471465,-27.7600806736852));
#16317=CARTESIAN_POINT('',(82.2459106463486,33.7845269853303,-27.7600806736853));
#16318=CARTESIAN_POINT('',(83.0218465895185,32.1205269853305,-27.7600806736853));
#16319=CARTESIAN_POINT('',(78.5121878160601,33.7845269853298,-27.7600806736853));
#16320=CARTESIAN_POINT('',(44.3210120866523,33.7845269853245,-27.7600806736852));
#16321=CARTESIAN_POINT('',(78.4834829246958,33.7229691471465,-27.7600806736853));
#16322=CARTESIAN_POINT('',(76.399087692743,29.2529691471465,-27.7600806736853));
#16323=CARTESIAN_POINT('',(70.7476924607901,33.7229691471465,-27.7600806736853));
#16324=CARTESIAN_POINT('',(41.8689299965815,33.7229691471465,-27.7600806736852));
#16325=CARTESIAN_POINT('',(70.7189875694256,33.7845269853303,-27.7600806736853));
#16326=CARTESIAN_POINT('',(71.4949235125954,32.1205269853305,-27.7600806736853));
#16327=CARTESIAN_POINT('',(66.9852647391371,33.7845269853298,-27.7600806736853));
#16328=CARTESIAN_POINT('',(38.5575505481908,33.7845269853254,-27.7600806736852));
#16329=CARTESIAN_POINT('',(66.9565598477727,33.7229691471465,-27.7600806736853));
#16330=CARTESIAN_POINT('',(64.8721646158199,29.2529691471465,-27.7600806736853));
#16331=CARTESIAN_POINT('',(59.2207693838671,33.7229691471465,-27.7600806736853));
#16332=CARTESIAN_POINT('',(36.10546845812,33.7229691471465,-27.7600806736852));
#16333=CARTESIAN_POINT('',(59.1920644925025,33.7845269853303,-27.7600806736853));
#16334=CARTESIAN_POINT('',(59.9680004356723,32.1205269853305,-27.7600806736853));
#16335=CARTESIAN_POINT('',(55.458341662214,33.7845269853298,-27.7600806736853));
#16336=CARTESIAN_POINT('',(32.7940890097292,33.7845269853263,-27.7600806736852));
#16337=CARTESIAN_POINT('',(55.4296367708497,33.7229691471465,-27.7600806736853));
#16338=CARTESIAN_POINT('',(53.3452415388968,29.2529691471465,-27.7600806736853));
#16339=CARTESIAN_POINT('',(47.693846306944,33.7229691471465,-27.7600806736853));
#16340=CARTESIAN_POINT('',(30.3420069196584,33.7229691471465,-27.7600806736852));
#16341=CARTESIAN_POINT('',(47.6651414155794,33.7845269853303,-27.7600806736853));
#16342=CARTESIAN_POINT('',(48.4410773587493,32.1205269853305,-27.7600806736853));
#16343=CARTESIAN_POINT('',(43.9314185852909,33.7845269853298,-27.7600806736853));
#16344=CARTESIAN_POINT('',(27.0306274712677,33.7845269853272,-27.7600806736852));
#16345=CARTESIAN_POINT('',(43.9027136939266,33.7229691471465,-27.7600806736853));
#16346=CARTESIAN_POINT('',(41.8183184619738,29.2529691471465,-27.7600806736853));
#16347=CARTESIAN_POINT('',(36.1669232300209,33.7229691471465,-27.7600806736853));
#16348=CARTESIAN_POINT('',(24.5785453811969,33.7229691471465,-27.7600806736852));
#16349=CARTESIAN_POINT('',(36.1382183386565,33.78452698533,-27.7600806736853));
#16350=CARTESIAN_POINT('',(36.9141542818262,32.1205269853305,-27.7600806736853));
#16351=CARTESIAN_POINT('',(32.2420902249962,33.7845269853297,-27.7600806736852));
#16352=CARTESIAN_POINT('',(21.1859632911217,33.7845269853289,-27.7600806736852));
#16353=CARTESIAN_POINT('',(32.2133696206344,33.7229354505146,-27.7600806736852));
#16354=CARTESIAN_POINT('',(30.1289743886815,29.2529354505146,-27.7600806736852));
#16355=CARTESIAN_POINT('',(24.4774110173934,33.7229354505146,-27.7600806736852));
#16356=CARTESIAN_POINT('',(18.7337892748831,33.7229354505146,-27.7600806736852));
#16357=CARTESIAN_POINT('',(24.5404454252948,33.5877577265392,-27.7600806736852));
#16358=CARTESIAN_POINT('',(25.2246263562015,32.1205269853296,-27.7600806736852));
#16359=CARTESIAN_POINT('',(20.0267116619924,32.8345487788198,-27.7600806736852));
#16360=CARTESIAN_POINT('Origin',(28.3453903190139,-3.11529316052354,-27.7600806736852));
#16361=CARTESIAN_POINT('',(20.0424385565828,32.9828694396368,-27.7600806736852));
#16362=CARTESIAN_POINT('',(19.5223882350282,28.0782643438071,-27.7600806736852));
#16363=CARTESIAN_POINT('',(12.7256355285551,30.471007787375,-27.7600806736852));
#16364=CARTESIAN_POINT('',(7.74757444154558,28.762037257599,-27.7600806736853));
#16365=CARTESIAN_POINT('',(12.8291466935918,30.3636216041325,-27.7600806736852));
#16366=CARTESIAN_POINT('',(13.9526658573577,29.1980426566487,-27.7600806736852));
#16367=CARTESIAN_POINT('',(8.80454602133879,28.1856166377007,-27.7600806736852));
#16368=CARTESIAN_POINT('Origin',(28.3453903190139,-3.11529316052354,-27.7600806736852));
#16369=CARTESIAN_POINT('',(8.77126114956148,28.3310073903277,-27.7600806736852));
#16370=CARTESIAN_POINT('',(9.8719112601576,23.5232872635906,-27.7600806736852));
#16371=CARTESIAN_POINT('',(2.66650283673047,23.579483271376,-27.7600806736853));
#16372=CARTESIAN_POINT('',(-0.403241403333916,21.1902054247786,-27.7600806736853));
#16373=CARTESIAN_POINT('',(2.79927371802948,23.511525588089,-27.7600806736853));
#16374=CARTESIAN_POINT('',(4.24038038006447,22.7739069991116,-27.7600806736853));
#16375=CARTESIAN_POINT('',(-0.300065932221882,20.1447452362868,-27.7600806736853));
#16376=CARTESIAN_POINT('Origin',(28.3453903190139,-3.11529316052354,-27.7600806736852));
#16377=CARTESIAN_POINT('',(-0.378755638041887,20.2714507367065,-27.7600806736853));
#16378=CARTESIAN_POINT('',(2.22332238687586,16.0816066542581,-27.7600806736853));
#16379=CARTESIAN_POINT('',(-4.60992394739586,13.7951655168466,-27.7600806736853));
#16380=CARTESIAN_POINT('',(-5.5794850854324,12.3111417179977,-27.7600806736853));
#16381=CARTESIAN_POINT('',(-4.46228113497579,13.7740006029713,-27.7600806736853));
#16382=CARTESIAN_POINT('',(-2.85975324257697,13.5442747919476,-27.7600806736853));
#16383=CARTESIAN_POINT('',(-6.300498220911,9.58328775789624,-27.7600806736853));
#16384=CARTESIAN_POINT('Origin',(28.3453903190139,-3.11529316052354,-27.7600806736852));
#16385=CARTESIAN_POINT('',(-6.41606551015152,9.67757749909992,-27.7600806736853));
#16386=CARTESIAN_POINT('',(-2.59453510031261,6.55964407940277,-27.7600806736853));
#16387=CARTESIAN_POINT('',(-8.31513107636917,2.17833717182244,-27.7600806736853));
#16388=CARTESIAN_POINT('',(-8.10419818107002,3.01129233825585,-27.7600806736853));
#16389=CARTESIAN_POINT('',(-8.16861572246801,2.20625857418474,-27.7600806736853));
#16390=CARTESIAN_POINT('',(-6.57832536262906,2.50931989730254,-27.7600806736853));
#16391=CARTESIAN_POINT('',(-8.54651089994912,-2.35425800178968,-27.7600806736853));
#16392=CARTESIAN_POINT('Origin',(28.3453903190139,-3.11529316052354,-27.7600806736852));
#16393=CARTESIAN_POINT('',(-8.6864322636097,-2.30260177631757,-27.7600806736853));
#16394=CARTESIAN_POINT('',(-4.05957158590956,-4.01074806751751,-27.7600806736853));
#16395=CARTESIAN_POINT('',(-8.04760186555298,-10.0121381588491,-27.7600806736853));
#16396=CARTESIAN_POINT('',(-8.35484440897827,-6.30427207419782,-27.7600806736853));
#16397=CARTESIAN_POINT('',(-7.91809118218588,-9.93815615744033,-27.7600806736853));
#16398=CARTESIAN_POINT('',(-6.51237099129271,-9.13514909702187,-27.7600806736853));
#16399=CARTESIAN_POINT('',(-6.79471364508496,-14.3742737296016,-27.7600806736853));
#16400=CARTESIAN_POINT('Origin',(28.3453903190139,-3.11529316052354,-27.7600806736852));
#16401=CARTESIAN_POINT('',(-6.9438264323093,-14.3708487734199,-27.7600806736853));
#16402=CARTESIAN_POINT('',(-2.01302763431727,-14.4841037808505,-27.7600806736853));
#16403=CARTESIAN_POINT('',(-3.83632725608259,-21.4552333183757,-27.7600806736853));
#16404=CARTESIAN_POINT('',(-6.44784309296045,-15.5015768941929,-27.7600806736853));
#16405=CARTESIAN_POINT('',(-3.7378557353577,-21.3432078157221,-27.7600806736853));
#16406=CARTESIAN_POINT('',(-2.66903730808971,-20.1272732929377,-27.7600806736853));
#16407=CARTESIAN_POINT('',(-1.23494087081811,-25.1742042116704,-27.7600806736853));
#16408=CARTESIAN_POINT('Origin',(28.3453903190139,-3.11529316052354,-27.7600806736852));
#16409=CARTESIAN_POINT('',(-1.37708639738716,-25.219381671925,-27.7600806736853));
#16410=CARTESIAN_POINT('',(3.32332196190794,-23.7254724581987,-27.7600806736853));
#16411=CARTESIAN_POINT('',(3.86233580344758,-30.9109113883069,-27.7600806736853));
#16412=CARTESIAN_POINT('',(-2.16540260180096,-24.3630419971777,-27.7600806736853));
#16413=CARTESIAN_POINT('',(3.91909724431668,-30.7729820858758,-27.7600806736853));
#16414=CARTESIAN_POINT('',(4.53519084693833,-29.2758854734371,-27.7600806736853));
#16415=CARTESIAN_POINT('',(7.53031977399642,-33.583709402076,-27.7600806736853));
#16416=CARTESIAN_POINT('Origin',(28.3453903190139,-3.11529316052354,-27.7600806736852));
#16417=CARTESIAN_POINT('',(7.41054518150149,-33.6725935999479,-27.7600806736853));
#16418=CARTESIAN_POINT('',(11.3712009220197,-30.7334084087618,-27.7600806736852));
#16419=CARTESIAN_POINT('',(14.214117713472,-37.3545029298032,-27.7600806736852));
#16420=CARTESIAN_POINT('',(4.84188211357683,-32.2825026630755,-27.7600806736853));
#16421=CARTESIAN_POINT('',(14.2230180916226,-37.2056166077066,-27.7600806736852));
#16422=CARTESIAN_POINT('',(14.3196235680767,-35.5895915534189,-27.7600806736852));
#16423=CARTESIAN_POINT('',(18.5512162914609,-38.6914889265208,-27.7600806736852));
#16424=CARTESIAN_POINT('Origin',(28.3453903190139,-3.11529316052354,-27.7600806736852));
#16425=CARTESIAN_POINT('',(18.4667920686312,-38.81444787999,-27.7600806736852));
#16426=CARTESIAN_POINT('',(21.2584966849814,-34.7484930329662,-27.7600806736852));
#16427=CARTESIAN_POINT('',(14.6741086664891,-38.1815609566217,-27.7600806736852));
#16428=CARTESIAN_POINT('Origin',(15.0255181167385,-36.0756795738569,-25.6250806736852));
#16429=CARTESIAN_POINT('',(18.5512162914615,-38.6914889265202,-27.6249029497092));
#16430=CARTESIAN_POINT('',(19.5819786691906,-37.1902436796874,-25.9744748200769));
#16431=CARTESIAN_POINT('',(21.1335882010284,-34.930414950059,-23.4900806736852));
#16432=CARTESIAN_POINT('',(19.5819786691906,-37.1902436796874,-25.9744748200769));
#16433=CARTESIAN_POINT('',(24.8360839481936,-35.5482522155909,-23.4900806736852));
#16434=CARTESIAN_POINT('',(15.3769275669878,-33.9697981910921,-23.4900806736852));
#16435=CARTESIAN_POINT('',(25.3232976724005,-37.3019599310609,-25.1396773583887));
#16436=CARTESIAN_POINT('Origin',(19.5223882350282,28.0782643438071,-27.7600806736852));
#16437=CARTESIAN_POINT('',(20.026711661992,32.834548778819,22.1047416023387));
#16438=CARTESIAN_POINT('',(18.3169702221011,16.7099426953694,7.40896329099097));
#16439=CARTESIAN_POINT('',(20.026711661992,32.834548778819,-27.7600806736852));
#16440=CARTESIAN_POINT('Origin',(19.5223882350282,28.0782643438071,-27.7600806736852));
#16441=CARTESIAN_POINT('',(20.026711661992,32.834548778819,-27.6249029497092));
#16442=CARTESIAN_POINT('',(20.026711661992,32.834548778819,-27.7600806736852));
#16443=CARTESIAN_POINT('',(19.628642750177,29.0803528241988,-24.2033724514799));
#16444=CARTESIAN_POINT('Origin',(25.2246263562015,32.1205269853296,-27.7600806736852));
#16445=CARTESIAN_POINT('',(24.5404454252953,33.5877577265385,22.1047416023387));
#16446=CARTESIAN_POINT('',(24.5404454252954,33.5877577265385,-27.7600806736852));
#16447=CARTESIAN_POINT('',(30.1071613828716,21.6498968310053,10.1668807068055));
#16448=CARTESIAN_POINT('Origin',(25.2246263562015,32.1205269853296,-27.7600806736852));
#16449=CARTESIAN_POINT('',(24.5404454252954,33.5877577265385,-27.6249029497092));
#16450=CARTESIAN_POINT('',(24.8498932876772,32.9241446441237,-26.9612898672944));
#16451=CARTESIAN_POINT('',(24.5404454252954,33.5877577265385,-27.7600806736852));
#16452=CARTESIAN_POINT('Origin',(9.8719112601576,23.5232872635906,-27.7600806736852));
#16453=CARTESIAN_POINT('',(8.80454602133867,28.1856166376998,22.1047416023387));
#16454=CARTESIAN_POINT('',(12.3875406068159,12.5348344165823,7.55335452401563));
#16455=CARTESIAN_POINT('',(8.80454602133875,28.1856166376998,-27.7600806736853));
#16456=CARTESIAN_POINT('Origin',(9.8719112601576,23.5232872635906,-27.7600806736852));
#16457=CARTESIAN_POINT('',(8.80454602133875,28.1856166376998,-27.6249029497091));
#16458=CARTESIAN_POINT('',(8.80454602133875,28.1856166376998,-27.7600806736853));
#16459=CARTESIAN_POINT('',(9.61147749666009,24.660880976974,-24.3477636845045));
#16460=CARTESIAN_POINT('Origin',(13.9526658573577,29.1980426566487,-27.7600806736852));
#16461=CARTESIAN_POINT('',(12.8291466935925,30.363621604132,22.1047416023387));
#16462=CARTESIAN_POINT('',(12.8291466935926,30.363621604132,-27.7600806736852));
#16463=CARTESIAN_POINT('',(22.0091374222477,20.8399710278881,10.1163705664968));
#16464=CARTESIAN_POINT('Origin',(13.9526658573577,29.1980426566487,-27.7600806736852));
#16465=CARTESIAN_POINT('',(12.8291466935926,30.363621604132,-27.6249029497092));
#16466=CARTESIAN_POINT('',(13.3759803329685,29.7963168367649,-26.9107797269857));
#16467=CARTESIAN_POINT('',(12.8291466935926,30.363621604132,-27.7600806736852));
#16468=CARTESIAN_POINT('Origin',(2.22332238687586,16.0816066542581,-27.7600806736853));
#16469=CARTESIAN_POINT('',(-0.300065932221718,20.144745236286,22.1047416023387));
#16470=CARTESIAN_POINT('',(8.04099808571883,6.71403432668666,7.77597981919697));
#16471=CARTESIAN_POINT('',(-0.30006593222164,20.144745236286,-27.7600806736853));
#16472=CARTESIAN_POINT('Origin',(2.22332238687586,16.0816066542581,-27.7600806736853));
#16473=CARTESIAN_POINT('',(-0.300065932221641,20.144745236286,-27.6249029497092));
#16474=CARTESIAN_POINT('',(-0.30006593222164,20.144745236286,-27.7600806736853));
#16475=CARTESIAN_POINT('',(1.47802885037379,17.2816720188234,-24.570388979686));
#16476=CARTESIAN_POINT('Origin',(4.24038038006447,22.7739069991116,-27.7600806736853));
#16477=CARTESIAN_POINT('',(2.79927371803025,23.5115255880888,22.1047416023387));
#16478=CARTESIAN_POINT('',(2.79927371803033,23.5115255880888,-27.7600806736853));
#16479=CARTESIAN_POINT('',(14.7160118584363,17.4120412099303,9.97197933347216));
#16480=CARTESIAN_POINT('Origin',(4.24038038006447,22.7739069991116,-27.7600806736853));
#16481=CARTESIAN_POINT('',(2.79927371803033,23.5115255880888,-27.6249029497092));
#16482=CARTESIAN_POINT('',(3.64250230293024,23.0799259741496,-26.7663884939611));
#16483=CARTESIAN_POINT('',(2.79927371803033,23.5115255880888,-27.7600806736853));
#16484=CARTESIAN_POINT('Origin',(-2.59453510031261,6.55964407940277,-27.7600806736853));
#16485=CARTESIAN_POINT('',(-6.30049822091058,9.58328775789553,22.1047416023387));
#16486=CARTESIAN_POINT('',(5.71298047372302,-0.218342136866098,8.05271427141505));
#16487=CARTESIAN_POINT('',(-6.3004982209105,9.58328775789553,-27.7600806736853));
#16488=CARTESIAN_POINT('Origin',(-2.59453510031261,6.55964407940277,-27.7600806736853));
#16489=CARTESIAN_POINT('',(-6.3004982209105,9.58328775789553,-27.6249029497092));
#16490=CARTESIAN_POINT('',(-6.3004982209105,9.58328775789553,-27.7600806736853));
#16491=CARTESIAN_POINT('',(-3.92569533520128,7.64571916927919,-24.847123431904));
#16492=CARTESIAN_POINT('Origin',(-2.85975324257697,13.5442747919476,-27.7600806736853));
#16493=CARTESIAN_POINT('',(-4.462281134975,13.7740006029714,22.1047416023386));
#16494=CARTESIAN_POINT('',(-4.46228113497492,13.7740006029714,-27.7600806736853));
#16495=CARTESIAN_POINT('',(9.03242875398244,11.8395049923322,9.74935403829065));
#16496=CARTESIAN_POINT('Origin',(-2.85975324257697,13.5442747919476,-27.7600806736853));
#16497=CARTESIAN_POINT('',(-4.46228113497492,13.7740006029714,-27.6249029497092));
#16498=CARTESIAN_POINT('',(-3.28144668420728,13.6047254513973,-26.5437631987796));
#16499=CARTESIAN_POINT('',(-4.46228113497492,13.7740006029714,-27.7600806736853));
#16500=CARTESIAN_POINT('Origin',(-4.05957158590956,-4.01074806751751,-27.7600806736853));
#16501=CARTESIAN_POINT('',(-8.54651089994849,-2.35425800179019,22.1047416023386));
#16502=CARTESIAN_POINT('',(5.68721569839464,-7.60907092842431,8.35356940879434));
#16503=CARTESIAN_POINT('',(-8.54651089994841,-2.35425800179019,-27.7600806736853));
#16504=CARTESIAN_POINT('Origin',(-4.05957158590956,-4.01074806751751,-27.7600806736853));
#16505=CARTESIAN_POINT('',(-8.54651089994841,-2.35425800179019,-27.6249029497092));
#16506=CARTESIAN_POINT('',(-8.54651089994841,-2.35425800179019,-27.7600806736853));
#16507=CARTESIAN_POINT('',(-5.98266660074722,-3.30077907427502,-25.1479785692833));
#16508=CARTESIAN_POINT('Origin',(-6.57832536262905,2.50931989730254,-27.7600806736853));
#16509=CARTESIAN_POINT('',(-8.16861572246731,2.20625857418512,22.1047416023387));
#16510=CARTESIAN_POINT('',(-8.16861572246723,2.20625857418513,-27.7600806736853));
#16511=CARTESIAN_POINT('',(5.52298799230771,4.81546481864806,9.47261958607266));
#16512=CARTESIAN_POINT('Origin',(-6.57832536262905,2.50931989730254,-27.7600806736853));
#16513=CARTESIAN_POINT('',(-8.16861572246723,2.20625857418513,-27.6249029497092));
#16514=CARTESIAN_POINT('',(-6.69685385537375,2.48673194560171,-26.2670287465616));
#16515=CARTESIAN_POINT('',(-8.16861572246723,2.20625857418513,-27.7600806736853));
#16516=CARTESIAN_POINT('Origin',(-2.01302763431727,-14.4841037808505,-27.7600806736853));
#16517=CARTESIAN_POINT('',(-6.79471364508422,-14.3742737296019,22.1047416023387));
#16518=CARTESIAN_POINT('',(8.05151195217993,-14.7152751492946,8.64594290895142));
#16519=CARTESIAN_POINT('',(-6.79471364508414,-14.3742737296019,-27.7600806736853));
#16520=CARTESIAN_POINT('Origin',(-2.01302763431727,-14.4841037808505,-27.7600806736853));
#16521=CARTESIAN_POINT('',(-6.79471364508414,-14.3742737296019,-27.6249029497092));
#16522=CARTESIAN_POINT('',(-6.79471364508414,-14.3742737296019,-27.7600806736853));
#16523=CARTESIAN_POINT('',(-4.38496401318663,-14.4296230195745,-25.4403520694404));
#16524=CARTESIAN_POINT('Origin',(-6.51237099129271,-9.13514909702187,-27.7600806736853));
#16525=CARTESIAN_POINT('',(-7.91809118218535,-9.93815615743971,22.1047416023387));
#16526=CARTESIAN_POINT('',(-7.91809118218527,-9.93815615743971,-27.7600806736853));
#16527=CARTESIAN_POINT('',(4.47269821625146,-2.86001113572131,9.17176444869335));
#16528=CARTESIAN_POINT('Origin',(-6.51237099129271,-9.13514909702187,-27.7600806736853));
#16529=CARTESIAN_POINT('',(-7.91809118218527,-9.93815615743971,-27.6249029497092));
#16530=CARTESIAN_POINT('',(-6.32890056634295,-9.03034300007097,-25.9661736091823));
#16531=CARTESIAN_POINT('',(-7.91809118218527,-9.93815615743971,-27.7600806736853));
#16532=CARTESIAN_POINT('Origin',(3.32332196190794,-23.7254724581987,-27.7600806736853));
#16533=CARTESIAN_POINT('',(-1.23494087081732,-25.1742042116703,22.1047416023387));
#16534=CARTESIAN_POINT('',(12.6523893757667,-20.7604577829359,8.89815156650198));
#16535=CARTESIAN_POINT('',(-1.23494087081724,-25.1742042116703,-27.7600806736853));
#16536=CARTESIAN_POINT('Origin',(3.32332196190794,-23.7254724581987,-27.7600806736853));
#16537=CARTESIAN_POINT('',(-1.23494087081724,-25.1742042116703,-27.6249029497092));
#16538=CARTESIAN_POINT('',(-1.23494087081724,-25.1742042116703,-27.7600806736853));
#16539=CARTESIAN_POINT('',(0.797004886830107,-24.5284002182495,-25.692560726991));
#16540=CARTESIAN_POINT('Origin',(-2.66903730808971,-20.1272732929377,-27.7600806736853));
#16541=CARTESIAN_POINT('',(-3.7378557353574,-21.3432078157214,22.1047416023387));
#16542=CARTESIAN_POINT('',(-3.73785573535732,-21.3432078157214,-27.7600806736853));
#16543=CARTESIAN_POINT('',(5.8962788890394,-10.3829955026749,8.87939094853626));
#16544=CARTESIAN_POINT('Origin',(-2.66903730808971,-20.1272732929377,-27.7600806736853));
#16545=CARTESIAN_POINT('',(-3.73785573535732,-21.3432078157214,-27.6249029497092));
#16546=CARTESIAN_POINT('',(-2.31655599629991,-19.726275158262,-25.6738001090252));
#16547=CARTESIAN_POINT('',(-3.73785573535732,-21.3432078157214,-27.7600806736853));
#16548=CARTESIAN_POINT('Origin',(11.3712009220197,-30.7334084087618,-27.7600806736852));
#16549=CARTESIAN_POINT('',(7.53031977399715,-33.5837094020757,22.1047416023387));
#16550=CARTESIAN_POINT('',(19.0683894975039,-25.0213586480647,9.08286465997997));
#16551=CARTESIAN_POINT('',(7.53031977399723,-33.5837094020757,-27.7600806736853));
#16552=CARTESIAN_POINT('Origin',(11.3712009220197,-30.7334084087618,-27.7600806736852));
#16553=CARTESIAN_POINT('',(7.53031977399723,-33.5837094020757,-27.6249029497092));
#16554=CARTESIAN_POINT('',(7.53031977399723,-33.5837094020757,-27.7600806736853));
#16555=CARTESIAN_POINT('',(9.07881134961745,-32.4345806198948,-25.8772738204689));
#16556=CARTESIAN_POINT('Origin',(4.53519084693833,-29.2758854734371,-27.7600806736853));
#16557=CARTESIAN_POINT('',(3.9190972443167,-30.7729820858749,22.1047416023387));
#16558=CARTESIAN_POINT('',(3.91909724431678,-30.7729820858749,-27.7600806736853));
#16559=CARTESIAN_POINT('',(9.5783557627388,-17.0210834769814,8.62718229098568));
#16560=CARTESIAN_POINT('Origin',(4.53519084693833,-29.2758854734371,-27.7600806736853));
#16561=CARTESIAN_POINT('',(3.91909724431678,-30.7729820858749,-27.6249029497092));
#16562=CARTESIAN_POINT('',(4.84427286974457,-28.5248215972019,-25.4215914514746));
#16563=CARTESIAN_POINT('',(3.91909724431678,-30.7729820858749,-27.7600806736853));
#16564=CARTESIAN_POINT('Origin',(21.2584966849814,-34.7484930329662,-27.7600806736852));
#16565=CARTESIAN_POINT('',(18.5512162914615,-38.6914889265202,-27.7600806736852));
#16566=CARTESIAN_POINT('Origin',(21.2584966849814,-34.7484930329662,-27.7600806736852));
#16567=CARTESIAN_POINT('',(18.5512162914615,-38.6914889265202,-27.7600806736852));
#16568=CARTESIAN_POINT('Origin',(14.3196235680767,-35.5895915534189,-27.7600806736852));
#16569=CARTESIAN_POINT('',(14.2230180916224,-37.2056166077058,22.1047416023387));
#16570=CARTESIAN_POINT('',(14.2230180916224,-37.2056166077058,-27.7600806736852));
#16571=CARTESIAN_POINT('',(15.122570083035,-22.1578304043521,8.44246919750775));
#16572=CARTESIAN_POINT('Origin',(14.3196235680767,-35.5895915534189,-27.7600806736852));
#16573=CARTESIAN_POINT('',(14.2230180916224,-37.2056166077058,-27.6249029497092));
#16574=CARTESIAN_POINT('',(14.3802505207063,-34.5754184649917,-25.2368783579967));
#16575=CARTESIAN_POINT('',(14.2230180916224,-37.2056166077058,-27.7600806736852));
#16576=CARTESIAN_POINT('Origin',(30.3420069196584,31.5879691471465,20.1049193263148));
#16577=CARTESIAN_POINT('',(49.6849800072658,29.4529691471465,17.9699193263148));
#16578=CARTESIAN_POINT('',(52.7544490593211,22.870471522724,11.3874217018923));
#16579=CARTESIAN_POINT('',(53.4385030705278,29.4529691471465,17.9699193263148));
#16580=CARTESIAN_POINT('',(30.3420069196584,29.4529691471465,17.9699193263148));
#16581=CARTESIAN_POINT('',(47.9211514459088,17.6209704052662,6.13792058443452));
#16582=CARTESIAN_POINT('Origin',(53.3452415388968,29.2529691471465,-27.7600806736853));
#16583=CARTESIAN_POINT('',(53.4385030705278,29.4529691471465,-23.4900806736852));
#16584=CARTESIAN_POINT('',(53.4385030705278,29.4529691471465,-27.7600806736853));
#16585=CARTESIAN_POINT('',(53.1784195411032,28.8952182183847,-22.9323297449234));
#16586=CARTESIAN_POINT('',(55.458341662214,33.7845269853298,-27.7600806736853));
#16587=CARTESIAN_POINT('Origin',(30.3420069196584,31.5879691471465,-25.6250806736852));
#16588=CARTESIAN_POINT('',(49.6849800072658,29.4529691471465,-23.4900806736852));
#16589=CARTESIAN_POINT('',(30.3420069196584,29.4529691471465,-23.4900806736852));
#16590=CARTESIAN_POINT('',(47.4971809641267,34.1447193358425,-28.1818308623812));
#16591=CARTESIAN_POINT('Origin',(36.1054684581199,31.5879691471465,20.1049193263148));
#16592=CARTESIAN_POINT('',(61.2119030841889,29.4529691471465,17.9699193263148));
#16593=CARTESIAN_POINT('',(63.9987891128531,23.4764727720047,11.993422951173));
#16594=CARTESIAN_POINT('',(64.9654261474509,29.4529691471465,17.9699193263148));
#16595=CARTESIAN_POINT('',(36.1054684581199,29.4529691471465,17.9699193263148));
#16596=CARTESIAN_POINT('',(59.1654914994408,17.0149691559855,5.53191933515386));
#16597=CARTESIAN_POINT('Origin',(64.8721646158199,29.2529691471465,-27.7600806736853));
#16598=CARTESIAN_POINT('',(64.9654261474509,29.4529691471465,-23.4900806736852));
#16599=CARTESIAN_POINT('',(64.9654261474509,29.4529691471465,-27.7600806736853));
#16600=CARTESIAN_POINT('',(64.4227595946352,28.2892169691041,-22.3263284956427));
#16601=CARTESIAN_POINT('',(66.9852647391371,33.7845269853298,-27.7600806736853));
#16602=CARTESIAN_POINT('Origin',(36.10546845812,31.5879691471465,-25.6250806736852));
#16603=CARTESIAN_POINT('',(61.2119030841889,29.4529691471465,-23.4900806736852));
#16604=CARTESIAN_POINT('',(36.10546845812,29.4529691471465,-23.4900806736852));
#16605=CARTESIAN_POINT('',(58.7415210176587,34.7507205851232,-28.7878321116619));
#16606=CARTESIAN_POINT('Origin',(41.8689299965814,31.5879691471465,20.1049193263148));
#16607=CARTESIAN_POINT('',(72.738826161112,29.4529691471465,17.9699193263149));
#16608=CARTESIAN_POINT('',(75.2431291663851,24.0824740212853,12.5994242004537));
#16609=CARTESIAN_POINT('',(76.492349224374,29.4529691471465,17.9699193263149));
#16610=CARTESIAN_POINT('',(41.8689299965814,29.4529691471465,17.9699193263148));
#16611=CARTESIAN_POINT('',(70.4098315529728,16.4089679067048,4.9259180858732));
#16612=CARTESIAN_POINT('Origin',(76.399087692743,29.2529691471465,-27.7600806736853));
#16613=CARTESIAN_POINT('',(76.492349224374,29.4529691471465,-23.4900806736851));
#16614=CARTESIAN_POINT('',(76.492349224374,29.4529691471465,-27.7600806736853));
#16615=CARTESIAN_POINT('',(75.6670996481672,27.6832157198234,-21.7203272463621));
#16616=CARTESIAN_POINT('',(78.5121878160601,33.7845269853298,-27.7600806736853));
#16617=CARTESIAN_POINT('Origin',(41.8689299965815,31.5879691471465,-25.6250806736852));
#16618=CARTESIAN_POINT('',(72.738826161112,29.4529691471465,-23.4900806736851));
#16619=CARTESIAN_POINT('',(41.8689299965815,29.4529691471465,-23.4900806736852));
#16620=CARTESIAN_POINT('',(69.9858610711907,35.3567218344039,-29.3938333609425));
#16621=CARTESIAN_POINT('Origin',(47.632391535043,31.5879691471465,20.1049193263148));
#16622=CARTESIAN_POINT('',(84.2657492380351,29.4529691471465,17.9699193263149));
#16623=CARTESIAN_POINT('',(86.4874692199171,24.688475270566,13.2054254497344));
#16624=CARTESIAN_POINT('',(88.0192723012971,29.4529691471465,17.9699193263149));
#16625=CARTESIAN_POINT('',(47.632391535043,29.4529691471465,17.9699193263148));
#16626=CARTESIAN_POINT('',(81.6541716065048,15.8029666574242,4.31991683659254));
#16627=CARTESIAN_POINT('Origin',(87.926010769666,29.2529691471465,-27.7600806736853));
#16628=CARTESIAN_POINT('',(88.0192723012971,29.4529691471465,-23.4900806736851));
#16629=CARTESIAN_POINT('',(88.0192723012971,29.4529691471465,-27.7600806736853));
#16630=CARTESIAN_POINT('',(86.9114397016992,27.0772144705427,-21.1143259970814));
#16631=CARTESIAN_POINT('',(90.0391108929832,33.7845269853298,-27.7600806736853));
#16632=CARTESIAN_POINT('Origin',(47.632391535043,31.5879691471465,-25.6250806736852));
#16633=CARTESIAN_POINT('',(84.2657492380351,29.4529691471465,-23.4900806736851));
#16634=CARTESIAN_POINT('',(47.632391535043,29.4529691471465,-23.4900806736852));
#16635=CARTESIAN_POINT('',(81.2302011247227,35.9627230836846,-29.9998346102232));
#16636=CARTESIAN_POINT('Origin',(53.3958530735045,31.5879691471465,20.1049193263148));
#16637=CARTESIAN_POINT('',(95.7926723149581,29.4529691471465,17.9699193263149));
#16638=CARTESIAN_POINT('',(97.7318092734491,25.2944765198467,13.8114266990151));
#16639=CARTESIAN_POINT('',(99.5461953782201,29.4529691471465,17.9699193263149));
#16640=CARTESIAN_POINT('',(53.3958530735045,29.4529691471465,17.9699193263148));
#16641=CARTESIAN_POINT('',(92.8985116600368,15.1969654081435,3.71391558731187));
#16642=CARTESIAN_POINT('Origin',(99.4529338465891,29.2529691471465,-27.7600806736853));
#16643=CARTESIAN_POINT('',(99.5461953782201,29.4529691471465,-23.4900806736851));
#16644=CARTESIAN_POINT('',(99.5461953782201,29.4529691471465,-27.7600806736853));
#16645=CARTESIAN_POINT('',(98.1557797552312,26.4712132212621,-20.5083247478007));
#16646=CARTESIAN_POINT('',(101.566033969906,33.7845269853298,-27.7600806736853));
#16647=CARTESIAN_POINT('Origin',(53.3958530735046,31.5879691471465,-25.6250806736852));
#16648=CARTESIAN_POINT('',(95.7926723149581,29.4529691471465,-23.4900806736851));
#16649=CARTESIAN_POINT('',(53.3958530735046,29.4529691471465,-23.4900806736852));
#16650=CARTESIAN_POINT('',(92.4745411782547,36.5687243329652,-30.6058358595038));
#16651=CARTESIAN_POINT('Origin',(59.1593146119661,31.5879691471465,20.1049193263148));
#16652=CARTESIAN_POINT('',(107.319595391881,29.4529691471465,17.9699193263149));
#16653=CARTESIAN_POINT('',(108.976149326981,25.9004777691273,14.4174279482958));
#16654=CARTESIAN_POINT('',(111.073118455143,29.4529691471465,17.9699193263149));
#16655=CARTESIAN_POINT('',(59.1593146119661,29.4529691471465,17.9699193263148));
#16656=CARTESIAN_POINT('',(104.142851713569,14.5909641588628,3.10791433803121));
#16657=CARTESIAN_POINT('Origin',(110.979856923512,29.2529691471465,-27.7600806736853));
#16658=CARTESIAN_POINT('',(111.073118455143,29.4529691471465,-23.4900806736851));
#16659=CARTESIAN_POINT('',(111.073118455143,29.4529691471465,-27.7600806736853));
#16660=CARTESIAN_POINT('',(109.400119808763,25.8652119719814,-19.90232349852));
#16661=CARTESIAN_POINT('',(113.092957046829,33.7845269853298,-27.7600806736853));
#16662=CARTESIAN_POINT('Origin',(59.1593146119661,31.5879691471465,-25.6250806736852));
#16663=CARTESIAN_POINT('',(107.319595391881,29.4529691471465,-23.4900806736851));
#16664=CARTESIAN_POINT('',(59.1593146119661,29.4529691471465,-23.4900806736852));
#16665=CARTESIAN_POINT('',(103.718881231787,37.1747255822459,-31.2118371087845));
#16666=CARTESIAN_POINT('Origin',(64.9227761504276,31.5879691471465,20.1049193263148));
#16667=CARTESIAN_POINT('',(118.846518468804,29.4529691471465,17.9699193263149));
#16668=CARTESIAN_POINT('',(120.220489380513,26.506479018408,15.0234291975764));
#16669=CARTESIAN_POINT('',(122.600041532066,29.4529691471465,17.9699193263149));
#16670=CARTESIAN_POINT('',(64.9227761504276,29.4529691471465,17.9699193263148));
#16671=CARTESIAN_POINT('',(115.387191767101,13.9849629095821,2.50191308875055));
#16672=CARTESIAN_POINT('Origin',(122.506780000435,29.2529691471465,-27.7600806736853));
#16673=CARTESIAN_POINT('',(122.600041532066,29.4529691471465,-23.4900806736851));
#16674=CARTESIAN_POINT('',(122.600041532066,29.4529691471465,-27.7600806736853));
#16675=CARTESIAN_POINT('',(120.644459862295,25.2592107227007,-19.2963222492393));
#16676=CARTESIAN_POINT('',(124.619880123752,33.7845269853298,-27.7600806736853));
#16677=CARTESIAN_POINT('Origin',(64.9227761504277,31.5879691471465,-25.6250806736852));
#16678=CARTESIAN_POINT('',(118.846518468804,29.4529691471465,-23.4900806736851));
#16679=CARTESIAN_POINT('',(64.9227761504277,29.4529691471465,-23.4900806736852));
#16680=CARTESIAN_POINT('',(114.963221285319,37.7807268315266,-31.8178383580652));
#16681=CARTESIAN_POINT('Origin',(70.6862376888891,31.5879691471465,20.1049193263148));
#16682=CARTESIAN_POINT('',(130.373441545727,29.4529691471465,17.969919326315));
#16683=CARTESIAN_POINT('',(131.464829434045,27.1124802676887,15.6294304468571));
#16684=CARTESIAN_POINT('',(134.126964608989,29.4529691471465,17.969919326315));
#16685=CARTESIAN_POINT('',(70.6862376888891,29.4529691471465,17.9699193263148));
#16686=CARTESIAN_POINT('',(126.631531820633,13.3789616603015,1.89591183946988));
#16687=CARTESIAN_POINT('Origin',(134.033703077358,29.2529691471465,-27.7600806736853));
#16688=CARTESIAN_POINT('',(134.126964608989,29.4529691471465,-23.490080673685));
#16689=CARTESIAN_POINT('',(134.126964608989,29.4529691471465,-27.7600806736853));
#16690=CARTESIAN_POINT('',(131.888799915827,24.6532094734201,-18.6903209999586));
#16691=CARTESIAN_POINT('',(136.146803200676,33.7845269853298,-27.7600806736853));
#16692=CARTESIAN_POINT('Origin',(70.6862376888892,31.5879691471465,-25.6250806736851));
#16693=CARTESIAN_POINT('',(130.373441545727,29.4529691471465,-23.490080673685));
#16694=CARTESIAN_POINT('',(70.6862376888892,29.4529691471465,-23.4900806736851));
#16695=CARTESIAN_POINT('',(126.207561338851,38.3867280808073,-32.4238396073458));
#16696=CARTESIAN_POINT('Origin',(76.4496992273507,31.5879691471465,20.1049193263149));
#16697=CARTESIAN_POINT('',(141.90036462265,29.4529691471465,17.969919326315));
#16698=CARTESIAN_POINT('',(142.709169487577,27.7184815169694,16.2354316961378));
#16699=CARTESIAN_POINT('',(145.653887685912,29.4529691471465,17.969919326315));
#16700=CARTESIAN_POINT('',(76.4496992273507,29.4529691471465,17.9699193263149));
#16701=CARTESIAN_POINT('',(137.875871874165,12.7729604110208,1.28991059018923));
#16702=CARTESIAN_POINT('Origin',(145.560626154281,29.2529691471465,-27.7600806736853));
#16703=CARTESIAN_POINT('',(145.653887685912,29.4529691471465,-23.490080673685));
#16704=CARTESIAN_POINT('',(145.653887685912,29.4529691471465,-27.7600806736853));
#16705=CARTESIAN_POINT('',(143.133139969359,24.0472082241394,-18.0843197506779));
#16706=CARTESIAN_POINT('',(147.673726277599,33.7845269853298,-27.7600806736853));
#16707=CARTESIAN_POINT('Origin',(76.4496992273507,31.5879691471465,-25.6250806736851));
#16708=CARTESIAN_POINT('',(141.90036462265,29.4529691471465,-23.490080673685));
#16709=CARTESIAN_POINT('',(76.4496992273507,29.4529691471465,-23.4900806736851));
#16710=CARTESIAN_POINT('',(137.451901392383,38.992729330088,-33.0298408566265));
#16711=CARTESIAN_POINT('Origin',(82.2131607658122,31.5879691471465,20.1049193263149));
#16712=CARTESIAN_POINT('',(153.427287699574,29.4529691471465,17.969919326315));
#16713=CARTESIAN_POINT('',(153.953509541109,28.32448276625,16.8414329454185));
#16714=CARTESIAN_POINT('',(157.180810762836,29.4529691471465,17.969919326315));
#16715=CARTESIAN_POINT('',(82.2131607658122,29.4529691471465,17.9699193263149));
#16716=CARTESIAN_POINT('',(149.120211927697,12.1669591617401,0.683909340908563));
#16717=CARTESIAN_POINT('Origin',(157.087549231205,29.2529691471465,-27.7600806736853));
#16718=CARTESIAN_POINT('',(157.180810762836,29.4529691471465,-23.490080673685));
#16719=CARTESIAN_POINT('',(157.180810762836,29.4529691471465,-27.7600806736853));
#16720=CARTESIAN_POINT('',(154.377480022891,23.4412069748587,-17.4783185013972));
#16721=CARTESIAN_POINT('',(159.200649354522,33.7845269853298,-27.7600806736853));
#16722=CARTESIAN_POINT('Origin',(82.2131607658123,31.5879691471465,-25.6250806736851));
#16723=CARTESIAN_POINT('',(153.427287699574,29.4529691471465,-23.490080673685));
#16724=CARTESIAN_POINT('',(82.2131607658123,29.4529691471465,-23.4900806736851));
#16725=CARTESIAN_POINT('',(148.696241445915,39.5987305793686,-33.6358421059072));
#16726=CARTESIAN_POINT('Origin',(87.9766223042738,31.5879691471465,20.1049193263149));
#16727=CARTESIAN_POINT('',(164.954210776497,29.4529691471465,17.969919326315));
#16728=CARTESIAN_POINT('',(165.197849594641,28.9304840155307,17.4474341946992));
#16729=CARTESIAN_POINT('',(168.707733839759,29.4529691471465,17.969919326315));
#16730=CARTESIAN_POINT('',(87.9766223042738,29.4529691471465,17.9699193263149));
#16731=CARTESIAN_POINT('',(160.364551981229,11.5609579124594,0.0779080916278996));
#16732=CARTESIAN_POINT('Origin',(168.614472308128,29.2529691471465,-27.7600806736853));
#16733=CARTESIAN_POINT('',(168.707733839759,29.4529691471465,-23.490080673685));
#16734=CARTESIAN_POINT('',(168.707733839759,29.4529691471465,-27.7600806736853));
#16735=CARTESIAN_POINT('',(165.621820076423,22.8352057255781,-16.8723172521166));
#16736=CARTESIAN_POINT('',(170.727572431445,33.7845269853298,-27.7600806736853));
#16737=CARTESIAN_POINT('Origin',(87.9766223042738,31.5879691471465,-25.6250806736851));
#16738=CARTESIAN_POINT('',(164.954210776497,29.4529691471465,-23.490080673685));
#16739=CARTESIAN_POINT('',(87.9766223042738,29.4529691471465,-23.4900806736851));
#16740=CARTESIAN_POINT('',(159.940581499447,40.2047318286493,-34.2418433551878));
#16741=CARTESIAN_POINT('Origin',(93.7400838427353,31.5879691471465,20.1049193263149));
#16742=CARTESIAN_POINT('',(176.48113385342,29.4529691471465,17.969919326315));
#16743=CARTESIAN_POINT('',(176.442189648173,29.5364852648114,18.0534354439799));
#16744=CARTESIAN_POINT('',(180.234656916682,29.4529691471465,17.969919326315));
#16745=CARTESIAN_POINT('',(93.7400838427353,29.4529691471465,17.9699193263149));
#16746=CARTESIAN_POINT('',(171.608892034761,10.9549566631787,-0.528093157652748));
#16747=CARTESIAN_POINT('Origin',(180.141395385051,29.2529691471465,-27.7600806736853));
#16748=CARTESIAN_POINT('',(180.234656916682,29.4529691471465,-23.490080673685));
#16749=CARTESIAN_POINT('',(180.234656916682,29.4529691471465,-27.7600806736853));
#16750=CARTESIAN_POINT('',(176.866160129955,22.2292044762974,-16.2663160028359));
#16751=CARTESIAN_POINT('',(182.254495508368,33.7845269853298,-27.7600806736853));
#16752=CARTESIAN_POINT('Origin',(93.7400838427354,31.5879691471465,-25.6250806736851));
#16753=CARTESIAN_POINT('',(176.48113385342,29.4529691471465,-23.490080673685));
#16754=CARTESIAN_POINT('',(93.7400838427354,29.4529691471465,-23.4900806736851));
#16755=CARTESIAN_POINT('',(171.184921552979,40.81073307793,-34.8478446044685));
#16756=CARTESIAN_POINT('Origin',(99.5035453811968,31.5879691471465,20.1049193263149));
#16757=CARTESIAN_POINT('',(190.850944519044,29.4529691471465,17.9699193263151));
#16758=CARTESIAN_POINT('',(190.850944519046,17.1917897763199,5.70873995548845));
#16759=CARTESIAN_POINT('',(188.008056930343,29.4529691471465,17.969919326315));
#16760=CARTESIAN_POINT('',(187.686529701705,30.142486514092,18.6594366932606));
#16761=CARTESIAN_POINT('',(99.5035453811968,29.4529691471465,17.9699193263149));
#16762=CARTESIAN_POINT('Origin',(190.850944519049,-3.13174833617361,-2.76008067368525));
#16763=CARTESIAN_POINT('',(190.850944519044,29.4529691471465,-23.4900806736849));
#16764=CARTESIAN_POINT('',(190.850944519044,29.4529691471465,-15.2600806736853));
#16765=CARTESIAN_POINT('',(190.850944519046,17.1917897763201,-11.2289013028586));
#16766=CARTESIAN_POINT('',(190.850944519043,34.6847068395017,-25.560080673685));
#16767=CARTESIAN_POINT('',(190.850944519043,34.6847068395017,-15.2600806736853));
#16768=CARTESIAN_POINT('',(190.850944519043,34.3847068395017,-25.2600806736849));
#16769=CARTESIAN_POINT('Origin',(190.850944519043,34.3847068395017,-25.560080673685));
#16770=CARTESIAN_POINT('',(190.850944519043,34.1847068395017,-25.260080673685));
#16771=CARTESIAN_POINT('',(190.850944519049,-3.13174833617361,-25.260080673685));
#16772=CARTESIAN_POINT('',(190.850944519043,34.1847068395017,19.739919326315));
#16773=CARTESIAN_POINT('',(190.850944519043,34.1847068395017,-15.2600806736853));
#16774=CARTESIAN_POINT('',(190.850944519043,34.3847068395017,19.739919326315));
#16775=CARTESIAN_POINT('',(190.850944519049,-3.13174833617361,19.739919326315));
#16776=CARTESIAN_POINT('',(190.850944519043,34.6847068395017,20.0399193263151));
#16777=CARTESIAN_POINT('Origin',(190.850944519043,34.3847068395017,20.0399193263151));
#16778=CARTESIAN_POINT('',(190.850944519043,34.6847068395017,-15.2600806736853));
#16779=CARTESIAN_POINT('Origin',(99.5035453811969,31.5879691471465,-25.6250806736851));
#16780=CARTESIAN_POINT('',(188.008056930343,29.4529691471465,-23.490080673685));
#16781=CARTESIAN_POINT('',(99.5035453811969,29.4529691471465,-23.4900806736851));
#16782=CARTESIAN_POINT('',(182.429261606511,41.4167343272107,-35.4538458537491));
#16783=CARTESIAN_POINT('Origin',(104.169107424459,-37.85363491911,20.1049193263149));
#16784=CARTESIAN_POINT('',(195.457004998252,-35.7166877919715,17.969919326315));
#16785=CARTESIAN_POINT('',(195.456743482831,-23.4559583950629,5.70918992661746));
#16786=CARTESIAN_POINT('',(193.771393444134,-35.7167237452497,17.969919326315));
#16787=CARTESIAN_POINT('',(104.169061885942,-35.7186349195957,17.9699193263149));
#16788=CARTESIAN_POINT('',(192.689891812254,-38.0361406403958,20.2893131530274));
#16789=CARTESIAN_POINT('',(193.763112065639,-35.734484207768,17.9876796121915));
#16790=CARTESIAN_POINT('',(192.689891812254,-25.9320672967077,8.18523981209262));
#16791=CARTESIAN_POINT('Origin',(192.689891812254,-38.0361406403958,-27.7600806736853));
#16792=CARTESIAN_POINT('',(192.689891812254,-38.0361406403958,-25.8094745003973));
#16793=CARTESIAN_POINT('',(192.689891812254,-38.0361406403958,-27.7600806736853));
#16794=CARTESIAN_POINT('',(192.689891812254,-38.4320672967079,-26.2054011566193));
#16795=CARTESIAN_POINT('',(192.689891812254,-40.0482035118732,-27.7600806736853));
#16796=CARTESIAN_POINT('Origin',(193.864650709841,-35.5167217560719,-27.7600806736853));
#16797=CARTESIAN_POINT('',(193.771393444134,-35.7167237452497,-23.490080673685));
#16798=CARTESIAN_POINT('',(193.771393444134,-35.7167237452497,-27.7600806736853));
#16799=CARTESIAN_POINT('',(188.506084445887,-47.0088441533047,-34.7820887726799));
#16800=CARTESIAN_POINT('Origin',(104.169107424459,-37.85363491911,-25.6250806736851));
#16801=CARTESIAN_POINT('',(195.457004998252,-35.7166877919715,-23.4900806736849));
#16802=CARTESIAN_POINT('',(195.456743482831,-23.455958395063,-11.2293512739874));
#16803=CARTESIAN_POINT('',(104.169061885942,-35.7186349195957,-23.4900806736851));
#16804=CARTESIAN_POINT('Origin',(98.4056458833749,-37.8535119872662,20.1049193263149));
#16805=CARTESIAN_POINT('',(185.997988236177,-35.7166436845311,17.969919326315));
#16806=CARTESIAN_POINT('',(177.685696988349,-17.8908775782745,0.143975926965936));
#16807=CARTESIAN_POINT('',(182.244470367211,-35.7167237452497,17.969919326315));
#16808=CARTESIAN_POINT('',(98.4056003448587,-35.7185119877518,17.9699193263149));
#16809=CARTESIAN_POINT('',(181.162968735331,-38.0361406403957,20.2893131530273));
#16810=CARTESIAN_POINT('',(182.518759086265,-35.128476931404,17.3816783630486));
#16811=CARTESIAN_POINT('',(181.162968735331,-25.9320365637467,8.18520907913165));
#16812=CARTESIAN_POINT('Origin',(182.337727632918,-35.5167217560719,-27.7600806736853));
#16813=CARTESIAN_POINT('',(182.244470367211,-35.7167237452497,-23.490080673685));
#16814=CARTESIAN_POINT('',(182.244470367211,-35.7167237452497,-27.7600806736853));
#16815=CARTESIAN_POINT('',(181.162968735331,-38.0361406403957,-25.8094745003972));
#16816=CARTESIAN_POINT('',(177.261731466513,-46.4028368769407,-34.176087523537));
#16817=CARTESIAN_POINT('',(181.162968735331,-38.0361406403957,-27.7600806736853));
#16818=CARTESIAN_POINT('Origin',(185.904731898009,-35.7166456736436,-27.7600806736853));
#16819=CARTESIAN_POINT('',(185.997988236177,-35.7166436845311,-23.490080673685));
#16820=CARTESIAN_POINT('',(185.997988236177,-35.7166436845311,-27.7600806736853));
#16821=CARTESIAN_POINT('',(98.4056003448588,-35.7185119877518,-23.4900806736851));
#16822=CARTESIAN_POINT('Origin',(187.241891812254,-38.384203511873,-27.7600806736853));
#16823=CARTESIAN_POINT('',(188.017827755424,-40.048203511873,-27.7600806736853));
#16824=CARTESIAN_POINT('',(182.942970210654,-29.1651363865158,-16.9385082151048));
#16825=CARTESIAN_POINT('Origin',(98.405645883375,-37.8535119872662,-25.6250806736851));
#16826=CARTESIAN_POINT('',(181.162968735331,-38.4320365637469,-26.2053704236584));
#16827=CARTESIAN_POINT('Origin',(92.6421843422913,-37.8533890554223,20.1049193263149));
#16828=CARTESIAN_POINT('',(174.471065159254,-35.7166436845311,17.969919326315));
#16829=CARTESIAN_POINT('',(166.441341474164,-18.4968456720776,0.74995004766048));
#16830=CARTESIAN_POINT('',(170.717547290288,-35.7167237452497,17.969919326315));
#16831=CARTESIAN_POINT('',(92.6421388037751,-35.718389055908,17.9699193263149));
#16832=CARTESIAN_POINT('',(169.636045658408,-38.0361406403958,20.2893131530274));
#16833=CARTESIAN_POINT('',(171.274406106891,-34.5224696550399,16.7756771139057));
#16834=CARTESIAN_POINT('',(169.636045658408,-25.9320058307858,8.18517834617066));
#16835=CARTESIAN_POINT('Origin',(170.810804555994,-35.5167217560719,-27.7600806736853));
#16836=CARTESIAN_POINT('',(170.717547290288,-35.7167237452497,-23.490080673685));
#16837=CARTESIAN_POINT('',(170.717547290288,-35.7167237452497,-27.7600806736853));
#16838=CARTESIAN_POINT('',(169.636045658408,-38.0361406403958,-25.8094745003973));
#16839=CARTESIAN_POINT('',(166.017378487139,-45.7968296005766,-33.5700862743942));
#16840=CARTESIAN_POINT('',(169.636045658408,-38.0361406403958,-27.7600806736853));
#16841=CARTESIAN_POINT('Origin',(174.377808821086,-35.7166456736436,-27.7600806736853));
#16842=CARTESIAN_POINT('',(174.471065159254,-35.7166436845311,-23.490080673685));
#16843=CARTESIAN_POINT('',(174.471065159254,-35.7166436845311,-27.7600806736853));
#16844=CARTESIAN_POINT('',(92.6421388037752,-35.718389055908,-23.4900806736851));
#16845=CARTESIAN_POINT('Origin',(175.714968735331,-38.384203511873,-27.7600806736853));
#16846=CARTESIAN_POINT('',(176.490904678501,-40.048203511873,-27.7600806736853));
#16847=CARTESIAN_POINT('',(171.698614696469,-29.771104480319,-17.5444823357994));
#16848=CARTESIAN_POINT('Origin',(92.6421843422914,-37.8533890554223,-25.6250806736851));
#16849=CARTESIAN_POINT('',(169.636045658408,-38.432005830786,-26.2053396906974));
#16850=CARTESIAN_POINT('Origin',(86.8787228012077,-37.8532661235785,20.1049193263149));
#16851=CARTESIAN_POINT('',(162.944142082331,-35.7166436845311,17.969919326315));
#16852=CARTESIAN_POINT('',(155.196985959979,-19.1028137658808,1.35592416835508));
#16853=CARTESIAN_POINT('',(159.190624213365,-35.7167237452497,17.969919326315));
#16854=CARTESIAN_POINT('',(86.8786772626915,-35.7182661240641,17.9699193263149));
#16855=CARTESIAN_POINT('',(158.109122581485,-38.0361406403958,20.2893131530274));
#16856=CARTESIAN_POINT('',(160.030053127518,-33.9164623786758,16.1696758647629));
#16857=CARTESIAN_POINT('',(158.109122581485,-25.9319750978248,8.1851476132097));
#16858=CARTESIAN_POINT('Origin',(159.283881479071,-35.5167217560719,-27.7600806736853));
#16859=CARTESIAN_POINT('',(159.190624213365,-35.7167237452497,-23.490080673685));
#16860=CARTESIAN_POINT('',(159.190624213365,-35.7167237452497,-27.7600806736853));
#16861=CARTESIAN_POINT('',(158.109122581485,-38.0361406403958,-25.8094745003974));
#16862=CARTESIAN_POINT('',(154.773025507766,-45.1908223242125,-32.9640850252514));
#16863=CARTESIAN_POINT('',(158.109122581485,-38.0361406403958,-27.7600806736853));
#16864=CARTESIAN_POINT('Origin',(162.850885744163,-35.7166456736436,-27.7600806736853));
#16865=CARTESIAN_POINT('',(162.944142082331,-35.7166436845311,-23.490080673685));
#16866=CARTESIAN_POINT('',(162.944142082331,-35.7166436845311,-27.7600806736853));
#16867=CARTESIAN_POINT('',(86.8786772626916,-35.7182661240641,-23.4900806736851));
#16868=CARTESIAN_POINT('Origin',(164.188045658408,-38.384203511873,-27.7600806736853));
#16869=CARTESIAN_POINT('',(164.963981601578,-40.048203511873,-27.7600806736853));
#16870=CARTESIAN_POINT('',(160.454259182284,-30.3770725741221,-18.1504564564941));
#16871=CARTESIAN_POINT('Origin',(86.8787228012078,-37.8532661235785,-25.6250806736851));
#16872=CARTESIAN_POINT('',(158.109122581485,-38.431975097825,-26.2053089577365));
#16873=CARTESIAN_POINT('Origin',(81.1152612601241,-37.8531431917346,20.1049193263149));
#16874=CARTESIAN_POINT('',(151.417219005408,-35.7166436845311,17.969919326315));
#16875=CARTESIAN_POINT('',(143.952630445794,-19.7087818596839,1.96189828904969));
#16876=CARTESIAN_POINT('',(147.663701136442,-35.7167237452497,17.969919326315));
#16877=CARTESIAN_POINT('',(81.1152157216079,-35.7181431922203,17.9699193263149));
#16878=CARTESIAN_POINT('',(146.582199504561,-38.0361406403957,20.2893131530273));
#16879=CARTESIAN_POINT('',(148.785700148144,-33.3104551023118,15.56367461562));
#16880=CARTESIAN_POINT('',(146.582199504561,-25.9319443648638,8.18511688024874));
#16881=CARTESIAN_POINT('Origin',(147.756958402148,-35.5167217560719,-27.7600806736853));
#16882=CARTESIAN_POINT('',(147.663701136442,-35.7167237452497,-23.490080673685));
#16883=CARTESIAN_POINT('',(147.663701136442,-35.7167237452497,-27.7600806736853));
#16884=CARTESIAN_POINT('',(146.582199504561,-38.0361406403957,-25.8094745003973));
#16885=CARTESIAN_POINT('',(143.528672528392,-44.5848150478485,-32.3580837761085));
#16886=CARTESIAN_POINT('',(146.582199504561,-38.0361406403957,-27.7600806736853));
#16887=CARTESIAN_POINT('Origin',(151.32396266724,-35.7166456736436,-27.7600806736853));
#16888=CARTESIAN_POINT('',(151.417219005408,-35.7166436845311,-23.490080673685));
#16889=CARTESIAN_POINT('',(151.417219005408,-35.7166436845311,-27.7600806736853));
#16890=CARTESIAN_POINT('',(81.115215721608,-35.7181431922203,-23.4900806736851));
#16891=CARTESIAN_POINT('Origin',(152.661122581485,-38.384203511873,-27.7600806736853));
#16892=CARTESIAN_POINT('',(153.437058524655,-40.048203511873,-27.7600806736853));
#16893=CARTESIAN_POINT('',(149.209903668099,-30.9830406679253,-18.7564305771887));
#16894=CARTESIAN_POINT('Origin',(81.1152612601241,-37.8531431917346,-25.6250806736851));
#16895=CARTESIAN_POINT('',(146.582199504561,-38.431944364864,-26.2052782247755));
#16896=CARTESIAN_POINT('Origin',(75.3517997190405,-37.8530202598908,20.1049193263149));
#16897=CARTESIAN_POINT('',(139.890295928485,-35.7166436845311,17.969919326315));
#16898=CARTESIAN_POINT('',(132.708274931609,-20.3147499534871,2.56787240974428));
#16899=CARTESIAN_POINT('',(136.136778059519,-35.7167237452497,17.969919326315));
#16900=CARTESIAN_POINT('',(75.3517541805243,-35.7180202603765,17.9699193263149));
#16901=CARTESIAN_POINT('',(135.055276427638,-38.0361406403958,20.2893131530273));
#16902=CARTESIAN_POINT('',(137.54134716877,-32.7044478259477,14.9576733664771));
#16903=CARTESIAN_POINT('',(135.055276427638,-25.9319136319029,8.18508614728778));
#16904=CARTESIAN_POINT('Origin',(136.230035325225,-35.5167217560719,-27.7600806736853));
#16905=CARTESIAN_POINT('',(136.136778059519,-35.7167237452497,-23.490080673685));
#16906=CARTESIAN_POINT('',(136.136778059519,-35.7167237452497,-27.7600806736853));
#16907=CARTESIAN_POINT('',(135.055276427638,-38.0361406403958,-25.8094745003974));
#16908=CARTESIAN_POINT('',(132.284319549018,-43.9788077714844,-31.7520825269657));
#16909=CARTESIAN_POINT('',(135.055276427638,-38.0361406403958,-27.7600806736853));
#16910=CARTESIAN_POINT('Origin',(139.797039590317,-35.7166456736436,-27.7600806736853));
#16911=CARTESIAN_POINT('',(139.890295928485,-35.7166436845311,-23.490080673685));
#16912=CARTESIAN_POINT('',(139.890295928485,-35.7166436845311,-27.7600806736853));
#16913=CARTESIAN_POINT('',(75.3517541805243,-35.7180202603765,-23.4900806736851));
#16914=CARTESIAN_POINT('Origin',(141.134199504562,-38.384203511873,-27.7600806736853));
#16915=CARTESIAN_POINT('',(141.910135447732,-40.048203511873,-27.7600806736853));
#16916=CARTESIAN_POINT('',(137.965548153914,-31.5890087617284,-19.3624046978833));
#16917=CARTESIAN_POINT('Origin',(75.3517997190406,-37.8530202598908,-25.6250806736851));
#16918=CARTESIAN_POINT('',(135.055276427638,-38.4319136319031,-26.2052474918146));
#16919=CARTESIAN_POINT('Origin',(69.5883381779568,-37.852897328047,20.1049193263148));
#16920=CARTESIAN_POINT('',(128.363372851562,-35.7166436845311,17.9699193263149));
#16921=CARTESIAN_POINT('',(121.463919417424,-20.9207180472903,3.17384653043885));
#16922=CARTESIAN_POINT('',(124.609854982595,-35.7167237452497,17.9699193263149));
#16923=CARTESIAN_POINT('',(69.5882926394407,-35.7178973285326,17.9699193263148));
#16924=CARTESIAN_POINT('',(123.528353350715,-38.0361406403957,20.2893131530272));
#16925=CARTESIAN_POINT('',(126.296994189396,-32.0984405495836,14.3516721173343));
#16926=CARTESIAN_POINT('',(123.528353350715,-25.9318828989419,8.18505541432678));
#16927=CARTESIAN_POINT('Origin',(124.703112248302,-35.5167217560719,-27.7600806736853));
#16928=CARTESIAN_POINT('',(124.609854982595,-35.7167237452497,-23.4900806736851));
#16929=CARTESIAN_POINT('',(124.609854982595,-35.7167237452497,-27.7600806736853));
#16930=CARTESIAN_POINT('',(123.528353350715,-38.0361406403957,-25.8094745003973));
#16931=CARTESIAN_POINT('',(121.039966569644,-43.3728004951203,-31.1460812778228));
#16932=CARTESIAN_POINT('',(123.528353350715,-38.0361406403957,-27.7600806736853));
#16933=CARTESIAN_POINT('Origin',(128.270116513394,-35.7166456736436,-27.7600806736853));
#16934=CARTESIAN_POINT('',(128.363372851562,-35.7166436845311,-23.490080673685));
#16935=CARTESIAN_POINT('',(128.363372851562,-35.7166436845311,-27.7600806736853));
#16936=CARTESIAN_POINT('',(69.5882926394407,-35.7178973285326,-23.4900806736851));
#16937=CARTESIAN_POINT('Origin',(129.607276427638,-38.384203511873,-27.7600806736853));
#16938=CARTESIAN_POINT('',(130.383212370808,-40.048203511873,-27.7600806736853));
#16939=CARTESIAN_POINT('',(126.721192639729,-32.1949768555316,-19.9683788185779));
#16940=CARTESIAN_POINT('Origin',(69.5883381779569,-37.852897328047,-25.6250806736851));
#16941=CARTESIAN_POINT('',(123.528353350715,-38.4318828989421,-26.2052167588536));
#16942=CARTESIAN_POINT('Origin',(63.8248766368732,-37.8527743962031,20.1049193263148));
#16943=CARTESIAN_POINT('',(116.836449774639,-35.7166436845311,17.9699193263149));
#16944=CARTESIAN_POINT('',(110.219563903239,-21.5266861410934,3.77982065113347));
#16945=CARTESIAN_POINT('',(113.082931905672,-35.7167237452497,17.9699193263149));
#16946=CARTESIAN_POINT('',(63.824831098357,-35.7177743966888,17.9699193263148));
#16947=CARTESIAN_POINT('',(112.001430273792,-38.0361406403958,20.2893131530273));
#16948=CARTESIAN_POINT('',(115.052641210023,-31.4924332732196,13.7456708681914));
#16949=CARTESIAN_POINT('',(112.001430273792,-25.931852165981,8.18502468136586));
#16950=CARTESIAN_POINT('Origin',(113.176189171379,-35.5167217560719,-27.7600806736853));
#16951=CARTESIAN_POINT('',(113.082931905672,-35.7167237452497,-23.4900806736851));
#16952=CARTESIAN_POINT('',(113.082931905672,-35.7167237452497,-27.7600806736853));
#16953=CARTESIAN_POINT('',(112.001430273792,-38.0361406403958,-25.8094745003974));
#16954=CARTESIAN_POINT('',(109.795613590271,-42.7667932187563,-30.54008002868));
#16955=CARTESIAN_POINT('',(112.001430273792,-38.0361406403958,-27.7600806736853));
#16956=CARTESIAN_POINT('Origin',(116.743193436471,-35.7166456736436,-27.7600806736853));
#16957=CARTESIAN_POINT('',(116.836449774639,-35.7166436845311,-23.4900806736851));
#16958=CARTESIAN_POINT('',(116.836449774639,-35.7166436845311,-27.7600806736853));
#16959=CARTESIAN_POINT('',(63.8248310983571,-35.7177743966888,-23.4900806736852));
#16960=CARTESIAN_POINT('Origin',(118.080353350715,-38.384203511873,-27.7600806736853));
#16961=CARTESIAN_POINT('',(118.856289293885,-40.048203511873,-27.7600806736853));
#16962=CARTESIAN_POINT('',(115.476837125544,-32.8009449493347,-20.5743529392725));
#16963=CARTESIAN_POINT('Origin',(63.8248766368733,-37.8527743962031,-25.6250806736852));
#16964=CARTESIAN_POINT('',(112.001430273792,-38.4318521659811,-26.2051860258927));
#16965=CARTESIAN_POINT('Origin',(58.0614150957896,-37.8526514643593,20.1049193263148));
#16966=CARTESIAN_POINT('',(105.309526697716,-35.7166436845311,17.9699193263149));
#16967=CARTESIAN_POINT('',(98.9752083890539,-22.1326542348966,4.38579477182804));
#16968=CARTESIAN_POINT('',(101.556008828749,-35.7167237452497,17.9699193263149));
#16969=CARTESIAN_POINT('',(58.0613695572734,-35.7176514648449,17.9699193263148));
#16970=CARTESIAN_POINT('',(100.474507196869,-38.0361406403958,20.2893131530272));
#16971=CARTESIAN_POINT('',(103.808288230649,-30.8864259968555,13.1396696190485));
#16972=CARTESIAN_POINT('',(100.474507196869,-25.93182143302,8.18499394840486));
#16973=CARTESIAN_POINT('Origin',(101.649266094456,-35.5167217560719,-27.7600806736853));
#16974=CARTESIAN_POINT('',(101.556008828749,-35.7167237452497,-23.4900806736851));
#16975=CARTESIAN_POINT('',(101.556008828749,-35.7167237452497,-27.7600806736853));
#16976=CARTESIAN_POINT('',(100.474507196869,-38.0361406403958,-25.8094745003975));
#16977=CARTESIAN_POINT('',(98.5512606108969,-42.1607859423922,-29.9340787795371));
#16978=CARTESIAN_POINT('',(100.474507196869,-38.0361406403958,-27.7600806736853));
#16979=CARTESIAN_POINT('Origin',(105.216270359548,-35.7166456736436,-27.7600806736853));
#16980=CARTESIAN_POINT('',(105.309526697716,-35.7166436845311,-23.4900806736851));
#16981=CARTESIAN_POINT('',(105.309526697716,-35.7166436845311,-27.7600806736853));
#16982=CARTESIAN_POINT('',(58.0613695572735,-35.7176514648449,-23.4900806736852));
#16983=CARTESIAN_POINT('Origin',(106.553430273792,-38.384203511873,-27.7600806736853));
#16984=CARTESIAN_POINT('',(107.329366216962,-40.048203511873,-27.7600806736853));
#16985=CARTESIAN_POINT('',(104.232481611359,-33.4069130431378,-21.1803270599671));
#16986=CARTESIAN_POINT('Origin',(58.0614150957897,-37.8526514643593,-25.6250806736852));
#16987=CARTESIAN_POINT('',(100.474507196869,-38.4318214330201,-26.2051552929318));
#16988=CARTESIAN_POINT('Origin',(52.297953554706,-37.8525285325154,20.1049193263148));
#16989=CARTESIAN_POINT('',(93.7826036207929,-35.7166436845311,17.9699193263149));
#16990=CARTESIAN_POINT('',(87.7308528748689,-22.7386223286997,4.99176889252263));
#16991=CARTESIAN_POINT('',(90.0290857518262,-35.7167237452497,17.9699193263149));
#16992=CARTESIAN_POINT('',(52.2979080161898,-35.7175285330011,17.9699193263148));
#16993=CARTESIAN_POINT('',(88.9475841199461,-38.0361406403957,20.2893131530272));
#16994=CARTESIAN_POINT('',(92.5639352512752,-30.2804187204915,12.5336683699057));
#16995=CARTESIAN_POINT('',(88.9475841199461,-25.931790700059,8.18496321544388));
#16996=CARTESIAN_POINT('Origin',(90.1223430175329,-35.5167217560719,-27.7600806736853));
#16997=CARTESIAN_POINT('',(90.0290857518262,-35.7167237452497,-23.4900806736851));
#16998=CARTESIAN_POINT('',(90.0290857518262,-35.7167237452497,-27.7600806736853));
#16999=CARTESIAN_POINT('',(88.9475841199461,-38.0361406403957,-25.8094745003974));
#17000=CARTESIAN_POINT('',(87.3069076315231,-41.5547786660281,-29.3280775303943));
#17001=CARTESIAN_POINT('',(88.9475841199461,-38.0361406403957,-27.7600806736853));
#17002=CARTESIAN_POINT('Origin',(93.6893472826246,-35.7166456736436,-27.7600806736853));
#17003=CARTESIAN_POINT('',(93.7826036207929,-35.7166436845311,-23.4900806736851));
#17004=CARTESIAN_POINT('',(93.7826036207929,-35.7166436845311,-27.7600806736853));
#17005=CARTESIAN_POINT('',(52.2979080161899,-35.7175285330011,-23.4900806736852));
#17006=CARTESIAN_POINT('Origin',(95.0265071968692,-38.384203511873,-27.7600806736853));
#17007=CARTESIAN_POINT('',(95.8024431400392,-40.048203511873,-27.7600806736853));
#17008=CARTESIAN_POINT('',(92.9881260971739,-34.012881136941,-21.7863011806617));
#17009=CARTESIAN_POINT('Origin',(52.2979535547061,-37.8525285325154,-25.6250806736852));
#17010=CARTESIAN_POINT('',(88.9475841199461,-38.4317907000591,-26.2051245599708));
#17011=CARTESIAN_POINT('Origin',(46.5344920136224,-37.8524056006716,20.1049193263148));
#17012=CARTESIAN_POINT('',(82.2556805438698,-35.7166436845311,17.9699193263149));
#17013=CARTESIAN_POINT('',(76.4864973606839,-23.3445904225029,5.59774301321719));
#17014=CARTESIAN_POINT('',(78.5021626749032,-35.7167237452497,17.9699193263149));
#17015=CARTESIAN_POINT('',(46.5344464751062,-35.7174056011572,17.9699193263148));
#17016=CARTESIAN_POINT('',(77.420661043023,-38.0361406403958,20.2893131530272));
#17017=CARTESIAN_POINT('',(81.3195822719015,-29.6744114441274,11.9276671207628));
#17018=CARTESIAN_POINT('',(77.420661043023,-25.9317599670981,8.1849324824829));
#17019=CARTESIAN_POINT('Origin',(78.5954199406098,-35.5167217560719,-27.7600806736853));
#17020=CARTESIAN_POINT('',(78.5021626749032,-35.7167237452497,-23.4900806736851));
#17021=CARTESIAN_POINT('',(78.5021626749032,-35.7167237452497,-27.7600806736853));
#17022=CARTESIAN_POINT('',(77.420661043023,-38.0361406403958,-25.8094745003975));
#17023=CARTESIAN_POINT('',(76.0625546521494,-40.948771389664,-28.7220762812515));
#17024=CARTESIAN_POINT('',(77.420661043023,-38.0361406403958,-27.7600806736853));
#17025=CARTESIAN_POINT('Origin',(82.1624242057016,-35.7166456736436,-27.7600806736853));
#17026=CARTESIAN_POINT('',(82.2556805438698,-35.7166436845311,-23.4900806736851));
#17027=CARTESIAN_POINT('',(82.2556805438698,-35.7166436845311,-27.7600806736853));
#17028=CARTESIAN_POINT('',(46.5344464751063,-35.7174056011572,-23.4900806736852));
#17029=CARTESIAN_POINT('Origin',(83.4995841199461,-38.384203511873,-27.7600806736853));
#17030=CARTESIAN_POINT('',(84.2755200631161,-40.048203511873,-27.7600806736853));
#17031=CARTESIAN_POINT('',(81.7437705829888,-34.6188492307441,-22.3922753013563));
#17032=CARTESIAN_POINT('Origin',(46.5344920136225,-37.8524056006716,-25.6250806736852));
#17033=CARTESIAN_POINT('',(77.420661043023,-38.4317599670982,-26.2050938270099));
#17034=CARTESIAN_POINT('Origin',(40.7710304725388,-37.8522826688277,20.1049193263148));
#17035=CARTESIAN_POINT('',(70.7287574669467,-35.7166436845311,17.9699193263149));
#17036=CARTESIAN_POINT('',(65.2421418464988,-23.950558516306,6.20371713391179));
#17037=CARTESIAN_POINT('',(66.9752395979801,-35.7167237452497,17.9699193263148));
#17038=CARTESIAN_POINT('',(40.7709849340226,-35.7172826693134,17.9699193263148));
#17039=CARTESIAN_POINT('',(65.8937379660999,-38.0361406403958,20.2893131530272));
#17040=CARTESIAN_POINT('',(70.0752292925278,-29.0684041677634,11.3216658716199));
#17041=CARTESIAN_POINT('',(65.8937379660999,-25.9317292341371,8.18490174952194));
#17042=CARTESIAN_POINT('Origin',(67.0684968636867,-35.5167217560719,-27.7600806736853));
#17043=CARTESIAN_POINT('',(66.9752395979801,-35.7167237452497,-23.4900806736852));
#17044=CARTESIAN_POINT('',(66.9752395979801,-35.7167237452497,-27.7600806736853));
#17045=CARTESIAN_POINT('',(65.8937379660999,-38.0361406403958,-25.8094745003975));
#17046=CARTESIAN_POINT('',(64.8182016727757,-40.3427641133,-28.1160750321086));
#17047=CARTESIAN_POINT('',(65.8937379660999,-38.0361406403958,-27.7600806736853));
#17048=CARTESIAN_POINT('Origin',(70.6355011287785,-35.7166456736436,-27.7600806736853));
#17049=CARTESIAN_POINT('',(70.7287574669467,-35.7166436845311,-23.4900806736851));
#17050=CARTESIAN_POINT('',(70.7287574669467,-35.7166436845311,-27.7600806736853));
#17051=CARTESIAN_POINT('',(40.7709849340226,-35.7172826693134,-23.4900806736852));
#17052=CARTESIAN_POINT('Origin',(71.972661043023,-38.384203511873,-27.7600806736853));
#17053=CARTESIAN_POINT('',(72.7485969861931,-40.048203511873,-27.7600806736853));
#17054=CARTESIAN_POINT('',(70.4994150688038,-35.2248173245473,-22.9982494220509));
#17055=CARTESIAN_POINT('Origin',(40.7710304725389,-37.8522826688277,-25.6250806736852));
#17056=CARTESIAN_POINT('',(65.8937379660999,-38.4317292341372,-26.2050630940489));
#17057=CARTESIAN_POINT('Origin',(35.0075689314552,-37.8521597369839,20.1049193263148));
#17058=CARTESIAN_POINT('',(59.2018343900236,-35.7166436845311,17.9699193263148));
#17059=CARTESIAN_POINT('',(53.9977863323137,-24.5565266101092,6.80969125460638));
#17060=CARTESIAN_POINT('',(55.448316521057,-35.7167237452497,17.9699193263148));
#17061=CARTESIAN_POINT('',(35.007523392939,-35.7171597374696,17.9699193263148));
#17062=CARTESIAN_POINT('',(54.3668148891769,-38.0361406403957,20.2893131530271));
#17063=CARTESIAN_POINT('',(58.830876313154,-28.4623968913993,10.7156646224771));
#17064=CARTESIAN_POINT('',(54.3668148891769,-25.9316985011762,8.18487101656096));
#17065=CARTESIAN_POINT('Origin',(55.5415737867636,-35.5167217560719,-27.7600806736853));
#17066=CARTESIAN_POINT('',(55.448316521057,-35.7167237452497,-23.4900806736852));
#17067=CARTESIAN_POINT('',(55.448316521057,-35.7167237452497,-27.7600806736853));
#17068=CARTESIAN_POINT('',(54.3668148891769,-38.0361406403957,-25.8094745003974));
#17069=CARTESIAN_POINT('',(53.5738486934019,-39.7367568369359,-27.5100737829658));
#17070=CARTESIAN_POINT('',(54.3668148891769,-38.0361406403957,-27.7600806736853));
#17071=CARTESIAN_POINT('Origin',(59.1085780518554,-35.7166456736436,-27.7600806736853));
#17072=CARTESIAN_POINT('',(59.2018343900236,-35.7166436845311,-23.4900806736852));
#17073=CARTESIAN_POINT('',(59.2018343900236,-35.7166436845311,-27.7600806736853));
#17074=CARTESIAN_POINT('',(35.007523392939,-35.7171597374696,-23.4900806736852));
#17075=CARTESIAN_POINT('Origin',(60.4457379661,-38.384203511873,-27.7600806736853));
#17076=CARTESIAN_POINT('',(61.22167390927,-40.048203511873,-27.7600806736853));
#17077=CARTESIAN_POINT('',(59.2550595546187,-35.8307854183504,-23.6042235427456));
#17078=CARTESIAN_POINT('Origin',(35.0075689314552,-37.8521597369839,-25.6250806736852));
#17079=CARTESIAN_POINT('',(54.3668148891769,-38.4316985011762,-26.2050323610879));
#17080=CARTESIAN_POINT('Origin',(29.2441073903716,-37.8520368051401,20.1049193263148));
#17081=CARTESIAN_POINT('',(47.6749113131006,-35.7166436845311,17.9699193263148));
#17082=CARTESIAN_POINT('',(42.7534308181287,-25.1624947039124,7.41566537530096));
#17083=CARTESIAN_POINT('',(43.921393444134,-35.7167237452497,17.9699193263148));
#17084=CARTESIAN_POINT('',(29.2440618518554,-35.7170368056257,17.9699193263148));
#17085=CARTESIAN_POINT('',(47.5865233337803,-27.8563896150352,10.1096633733342));
#17086=CARTESIAN_POINT('Origin',(44.0146507098406,-35.5167217560719,-27.7600806736853));
#17087=CARTESIAN_POINT('',(43.921393444134,-35.7167237452497,-23.4900806736852));
#17088=CARTESIAN_POINT('',(43.921393444134,-35.7167237452497,-27.7600806736853));
#17089=CARTESIAN_POINT('',(42.3294957140282,-39.1307495605718,-26.9040725338229));
#17090=CARTESIAN_POINT('',(41.9017037342492,-40.0482035118732,-27.7600806736853));
#17091=CARTESIAN_POINT('Origin',(29.2441073903716,-37.8520368051401,-25.6250806736852));
#17092=CARTESIAN_POINT('',(47.6749113131006,-35.7166436845311,-23.4900806736852));
#17093=CARTESIAN_POINT('',(29.2440618518554,-35.7170368056257,-23.4900806736852));
#17094=CARTESIAN_POINT('',(48.0107040404337,-36.4367535121536,-24.2101976634402));
#17095=CARTESIAN_POINT('Origin',(23.4415850421131,-37.8489267503281,20.1049193263148));
#17096=CARTESIAN_POINT('',(36.0706593154374,-35.7139267503281,17.9699193263148));
#17097=CARTESIAN_POINT('',(31.4339460297242,-25.7704630206976,8.0264555966843));
#17098=CARTESIAN_POINT('',(32.3171362521754,-35.7139267503281,17.9699193263148));
#17099=CARTESIAN_POINT('',(23.4415850421131,-35.7139267503281,17.9699193263148));
#17100=CARTESIAN_POINT('',(36.2668955979247,-27.2436404990212,9.49963307500789));
#17101=CARTESIAN_POINT('Origin',(32.4103977838064,-35.5139267503281,-27.7600806736853));
#17102=CARTESIAN_POINT('',(32.3171362521754,-35.7139267503281,-23.4900806736852));
#17103=CARTESIAN_POINT('',(32.3171362521754,-35.7139267503281,-27.7600806736853));
#17104=CARTESIAN_POINT('',(31.0096275027304,-38.5178883121397,-26.2940422354968));
#17105=CARTESIAN_POINT('Origin',(23.4415850421132,-37.8489267503281,-25.6250806736852));
#17106=CARTESIAN_POINT('',(36.0706593154374,-35.7139267503281,-23.4900806736852));
#17107=CARTESIAN_POINT('',(23.4415850421132,-35.7139267503281,-23.4900806736852));
#17108=CARTESIAN_POINT('',(36.6912141249186,-37.0447108338161,-24.8208647571732));
#17109=CARTESIAN_POINT('Origin',(21.2584966849814,-34.7484930329662,-27.7600806736852));
#17110=CARTESIAN_POINT('',(18.5512162914615,-38.6914889265202,-27.7600806736852));
#17111=CARTESIAN_POINT('',(21.1335882010284,-34.930414950059,-27.7600806736852));
#17112=CARTESIAN_POINT('Origin',(5.85802979771089,-30.4048262042496,20.1049193263147));
#17113=CARTESIAN_POINT('',(14.4952632571645,-32.651475118295,17.9699193263148));
#17114=CARTESIAN_POINT('',(15.122570083035,-22.1578304043521,8.44246919750775));
#17115=CARTESIAN_POINT('',(11.1939903743454,-30.8649155761527,17.9699193263147));
#17116=CARTESIAN_POINT('',(6.87417748184503,-28.5271497454238,17.9699193263147));
#17117=CARTESIAN_POINT('',(19.0683894975039,-25.0213586480647,9.08286465997997));
#17118=CARTESIAN_POINT('Origin',(11.3712009220197,-30.7334084087618,-27.7600806736852));
#17119=CARTESIAN_POINT('',(11.1939903743455,-30.8649155761527,-23.4900806736852));
#17120=CARTESIAN_POINT('',(9.07881134961745,-32.4345806198948,-25.8772738204689));
#17121=CARTESIAN_POINT('',(7.53031977399723,-33.5837094020757,-27.7600806736853));
#17122=CARTESIAN_POINT('',(11.1939903743455,-30.8649155761527,-27.7600806736852));
#17123=CARTESIAN_POINT('Origin',(5.85802979771096,-30.4048262042496,-25.6250806736853));
#17124=CARTESIAN_POINT('',(14.4952632571645,-32.651475118295,-23.4900806736852));
#17125=CARTESIAN_POINT('',(6.8741774818451,-28.5271497454238,-23.4900806736852));
#17126=CARTESIAN_POINT('',(14.3802505207063,-34.5754184649917,-25.2368783579967));
#17127=CARTESIAN_POINT('Origin',(-0.594632052513905,-22.9170458417568,20.1049193263147));
#17128=CARTESIAN_POINT('',(5.65531874015079,-26.5539944047911,17.9699193263147));
#17129=CARTESIAN_POINT('',(9.5783557627388,-17.0210834769814,8.62718229098568));
#17130=CARTESIAN_POINT('',(3.11301286305797,-23.7923140337569,17.9699193263147));
#17131=CARTESIAN_POINT('',(0.976138496773225,-21.4710496863358,17.9699193263147));
#17132=CARTESIAN_POINT('',(12.6523893757667,-20.7604577829359,8.89815156650198));
#17133=CARTESIAN_POINT('Origin',(3.32332196190794,-23.7254724581987,-27.7600806736853));
#17134=CARTESIAN_POINT('',(3.11301286305804,-23.7923140337569,-23.4900806736853));
#17135=CARTESIAN_POINT('',(0.797004886830107,-24.5284002182495,-25.692560726991));
#17136=CARTESIAN_POINT('',(-1.23494087081724,-25.1742042116703,-27.7600806736853));
#17137=CARTESIAN_POINT('',(3.11301286305804,-23.7923140337569,-27.7600806736853));
#17138=CARTESIAN_POINT('Origin',(-0.594632052513831,-22.9170458417568,-25.6250806736853));
#17139=CARTESIAN_POINT('',(5.65531874015085,-26.5539944047911,-23.4900806736853));
#17140=CARTESIAN_POINT('',(0.976138496773292,-21.4710496863358,-23.4900806736853));
#17141=CARTESIAN_POINT('',(4.84427286974457,-28.5248215972019,-25.4215914514746));
#17142=CARTESIAN_POINT('Origin',(-4.49266704055198,-14.6439571625588,20.1049193263147));
#17143=CARTESIAN_POINT('',(-0.725804448557207,-17.9165667225488,17.9699193263147));
#17144=CARTESIAN_POINT('',(5.8962788890394,-10.3829955026749,8.87939094853626));
#17145=CARTESIAN_POINT('',(-2.23364503020065,-14.4790364427105,17.9699193263147));
#17146=CARTESIAN_POINT('',(-2.53749098814344,-13.7863374309247,17.9699193263147));
#17147=CARTESIAN_POINT('',(8.05151195217993,-14.7152751492946,8.64594290895142));
#17148=CARTESIAN_POINT('Origin',(-2.01302763431727,-14.4841037808505,-27.7600806736853));
#17149=CARTESIAN_POINT('',(-2.23364503020059,-14.4790364427105,-23.4900806736853));
#17150=CARTESIAN_POINT('',(-4.38496401318663,-14.4296230195745,-25.4403520694404));
#17151=CARTESIAN_POINT('',(-6.79471364508414,-14.3742737296019,-27.7600806736853));
#17152=CARTESIAN_POINT('',(-2.23364503020058,-14.4790364427105,-27.7600806736853));
#17153=CARTESIAN_POINT('Origin',(-4.49266704055191,-14.6439571625588,-25.6250806736853));
#17154=CARTESIAN_POINT('',(-0.725804448557141,-17.9165667225488,-23.4900806736853));
#17155=CARTESIAN_POINT('',(-2.53749098814337,-13.7863374309247,-23.4900806736853));
#17156=CARTESIAN_POINT('',(-2.31655599629991,-19.726275158262,-25.6738001090252));
#17157=CARTESIAN_POINT('Origin',(-6.2271365164091,-6.12796517161439,20.1049193263147));
#17158=CARTESIAN_POINT('',(-3.95661259813506,-7.67519138443848,17.9699193263147));
#17159=CARTESIAN_POINT('',(4.47269821625146,-2.86001113572131,9.17176444869335));
#17160=CARTESIAN_POINT('',(-4.2665899607508,-3.93432094039447,17.9699193263147));
#17161=CARTESIAN_POINT('',(-4.09942862383986,-5.95165826903095,17.9699193263147));
#17162=CARTESIAN_POINT('',(5.68721569839464,-7.60907092842431,8.35356940879434));
#17163=CARTESIAN_POINT('Origin',(-4.05957158590956,-4.01074806751751,-27.7600806736853));
#17164=CARTESIAN_POINT('',(-4.26658996075073,-3.93432094039447,-23.4900806736853));
#17165=CARTESIAN_POINT('',(-5.98266660074722,-3.30077907427502,-25.1479785692833));
#17166=CARTESIAN_POINT('',(-8.54651089994841,-2.35425800179019,-27.7600806736853));
#17167=CARTESIAN_POINT('',(-4.26658996075073,-3.93432094039447,-27.7600806736853));
#17168=CARTESIAN_POINT('Origin',(-6.22713651640903,-6.12796517161439,-25.6250806736853));
#17169=CARTESIAN_POINT('',(-3.95661259813499,-7.67519138443848,-23.4900806736853));
#17170=CARTESIAN_POINT('',(-4.09942862383979,-5.95165826903095,-23.4900806736853));
#17171=CARTESIAN_POINT('',(-6.32890056634295,-9.03034300007097,-25.9661736091823));
#17172=CARTESIAN_POINT('Origin',(-6.03452861328962,2.48718082321025,20.1049193263147));
#17173=CARTESIAN_POINT('',(-3.68699751442233,3.060319680344,17.9699193263147));
#17174=CARTESIAN_POINT('',(5.52298799230771,4.81546481864806,9.47261958607266));
#17175=CARTESIAN_POINT('',(-2.76552080097662,6.69914893039593,17.9699193263147));
#17176=CARTESIAN_POINT('',(-3.96485904550915,1.96306930816465,17.9699193263147));
#17177=CARTESIAN_POINT('',(5.71298047372302,-0.218342136866098,8.05271427141505));
#17178=CARTESIAN_POINT('Origin',(-2.59453510031261,6.55964407940277,-27.7600806736853));
#17179=CARTESIAN_POINT('',(-2.76552080097655,6.69914893039593,-23.4900806736853));
#17180=CARTESIAN_POINT('',(-3.92569533520128,7.64571916927919,-24.847123431904));
#17181=CARTESIAN_POINT('',(-6.3004982209105,9.58328775789553,-27.7600806736853));
#17182=CARTESIAN_POINT('',(-2.76552080097655,6.69914893039593,-27.7600806736853));
#17183=CARTESIAN_POINT('Origin',(-6.03452861328955,2.48718082321025,-25.6250806736853));
#17184=CARTESIAN_POINT('',(-3.68699751442227,3.060319680344,-23.4900806736853));
#17185=CARTESIAN_POINT('',(-3.96485904550908,1.96306930816465,-23.4900806736853));
#17186=CARTESIAN_POINT('',(-6.69685385537375,2.48673194560171,-26.2670287465616));
#17187=CARTESIAN_POINT('Origin',(-3.79213465434197,11.1434074004063,20.1049193263147));
#17188=CARTESIAN_POINT('',(0.0538238247515996,13.1266072693121,17.9699193263147));
#17189=CARTESIAN_POINT('',(9.03242875398244,11.8395049923322,9.74935403829065));
#17190=CARTESIAN_POINT('',(2.10689831417253,16.2690717138755,17.9699193263147));
#17191=CARTESIAN_POINT('',(-2.00478422325147,9.97567308281491,17.9699193263147));
#17192=CARTESIAN_POINT('',(8.04099808571883,6.71403432668666,7.77597981919697));
#17193=CARTESIAN_POINT('Origin',(2.22332238687586,16.0816066542581,-27.7600806736853));
#17194=CARTESIAN_POINT('',(2.1068983141726,16.2690717138755,-23.4900806736853));
#17195=CARTESIAN_POINT('',(1.47802885037379,17.2816720188234,-24.570388979686));
#17196=CARTESIAN_POINT('',(-0.30006593222164,20.144745236286,-27.7600806736853));
#17197=CARTESIAN_POINT('',(2.1068983141726,16.2690717138755,-27.7600806736853));
#17198=CARTESIAN_POINT('Origin',(-3.7921346543419,11.1434074004063,-25.6250806736853));
#17199=CARTESIAN_POINT('',(0.0538238247516659,13.1266072693121,-23.4900806736853));
#17200=CARTESIAN_POINT('',(-2.00478422325141,9.97567308281491,-23.4900806736853));
#17201=CARTESIAN_POINT('',(-3.28144668420728,13.6047254513973,-26.5437631987796));
#17202=CARTESIAN_POINT('Origin',(0.908102738258453,19.5053904372173,20.1049193263147));
#17203=CARTESIAN_POINT('',(6.8604753824636,21.4328329276559,17.9699193263148));
#17204=CARTESIAN_POINT('',(14.7160118584363,17.4120412099303,9.97197933347216));
#17205=CARTESIAN_POINT('',(9.82266517019797,23.7383977838026,17.9699193263147));
#17206=CARTESIAN_POINT('',(2.2194468798509,17.820575449656,17.9699193263147));
#17207=CARTESIAN_POINT('',(12.3875406068159,12.5348344165823,7.55335452401563));
#17208=CARTESIAN_POINT('Origin',(9.8719112601576,23.5232872635906,-27.7600806736852));
#17209=CARTESIAN_POINT('',(9.82266517019804,23.7383977838026,-23.4900806736852));
#17210=CARTESIAN_POINT('',(9.61147749666009,24.660880976974,-24.3477636845045));
#17211=CARTESIAN_POINT('',(8.80454602133875,28.1856166376998,-27.7600806736853));
#17212=CARTESIAN_POINT('',(9.82266517019804,23.7383977838026,-27.7600806736852));
#17213=CARTESIAN_POINT('Origin',(0.908102738258527,19.5053904372173,-25.6250806736853));
#17214=CARTESIAN_POINT('',(6.86047538246366,21.4328329276559,-23.4900806736852));
#17215=CARTESIAN_POINT('',(2.21944687985097,17.820575449656,-23.4900806736853));
#17216=CARTESIAN_POINT('',(3.64250230293024,23.0799259741496,-26.7663884939611));
#17217=CARTESIAN_POINT('Origin',(8.4408078082975,26.7427174465681,20.1049193263147));
#17218=CARTESIAN_POINT('',(15.9953508463547,27.0788882209234,17.9699193263148));
#17219=CARTESIAN_POINT('',(22.0091374222477,20.8399710278881,10.1163705664968));
#17220=CARTESIAN_POINT('',(19.5456567057912,28.297709761965,17.9699193263148));
#17221=CARTESIAN_POINT('',(9.1340411750495,24.7233976355372,17.9699193263147));
#17222=CARTESIAN_POINT('',(18.3169702221011,16.7099426953694,7.40896329099097));
#17223=CARTESIAN_POINT('Origin',(19.5223882350282,28.0782643438071,-27.7600806736852));
#17224=CARTESIAN_POINT('',(19.5456567057912,28.297709761965,-23.4900806736852));
#17225=CARTESIAN_POINT('',(19.628642750177,29.0803528241988,-24.2033724514799));
#17226=CARTESIAN_POINT('',(20.026711661992,32.834548778819,-27.7600806736852));
#17227=CARTESIAN_POINT('',(19.5456567057912,28.297709761965,-27.7600806736852));
#17228=CARTESIAN_POINT('Origin',(8.44080780829757,26.7427174465681,-25.6250806736853));
#17229=CARTESIAN_POINT('',(15.9953508463547,27.0788882209234,-23.4900806736852));
#17230=CARTESIAN_POINT('',(9.13404117504957,24.7233976355372,-23.4900806736852));
#17231=CARTESIAN_POINT('',(13.3759803329685,29.7963168367649,-26.9107797269857));
#17232=CARTESIAN_POINT('Origin',(24.5785453811968,31.5879691471465,20.1049193263148));
#17233=CARTESIAN_POINT('',(38.1580569303428,29.4529691471465,17.9699193263148));
#17234=CARTESIAN_POINT('',(41.5101090057891,22.2644702734432,10.7814204526115));
#17235=CARTESIAN_POINT('',(41.9115799936047,29.4529691471465,17.9699193263148));
#17236=CARTESIAN_POINT('',(24.5785453811968,29.4529691471465,17.9699193263148));
#17237=CARTESIAN_POINT('',(36.6768113923768,18.2269716545469,6.74392183371518));
#17238=CARTESIAN_POINT('Origin',(41.8183184619738,29.2529691471465,-27.7600806736853));
#17239=CARTESIAN_POINT('',(41.9115799936047,29.4529691471465,-23.4900806736852));
#17240=CARTESIAN_POINT('',(41.9115799936047,29.4529691471465,-27.7600806736853));
#17241=CARTESIAN_POINT('',(41.9340794875711,29.5012194676654,-23.5383309942041));
#17242=CARTESIAN_POINT('',(43.9314185852909,33.7845269853298,-27.7600806736853));
#17243=CARTESIAN_POINT('Origin',(24.5785453811969,31.5879691471465,-25.6250806736852));
#17244=CARTESIAN_POINT('',(38.1580569303428,29.4529691471465,-23.4900806736852));
#17245=CARTESIAN_POINT('',(24.5785453811969,29.4529691471465,-23.4900806736852));
#17246=CARTESIAN_POINT('',(36.2528409105948,33.5387180865617,-27.5758296131004));
#17247=CARTESIAN_POINT('Origin',(18.7337892748831,31.5879354505146,20.1049193263148));
#17248=CARTESIAN_POINT('',(26.4685447177152,29.4529354505146,17.9699193263148));
#17249=CARTESIAN_POINT('',(30.1071613828716,21.6498968310053,10.1668807068055));
#17250=CARTESIAN_POINT('',(30.2222359203124,29.4529354505146,17.9699193263148));
#17251=CARTESIAN_POINT('',(18.7337892748831,29.4529354505146,17.9699193263148));
#17252=CARTESIAN_POINT('',(25.2740279783623,18.841469274882,7.35845315068226));
#17253=CARTESIAN_POINT('Origin',(30.1289743886815,29.2529354505146,-27.7600806736852));
#17254=CARTESIAN_POINT('',(30.2222359203125,29.4529354505146,-23.4900806736852));
#17255=CARTESIAN_POINT('',(30.2222359203125,29.4529354505146,-27.7600806736852));
#17256=CARTESIAN_POINT('',(30.5312960735567,30.1157170880005,-24.1528623111711));
#17257=CARTESIAN_POINT('',(32.2420902249962,33.7845269853297,-27.7600806736852));
#17258=CARTESIAN_POINT('Origin',(18.7337892748831,31.5879354505146,-25.6250806736852));
#17259=CARTESIAN_POINT('',(26.4685447177152,29.4529354505146,-23.4900806736852));
#17260=CARTESIAN_POINT('',(18.7337892748831,29.4529354505146,-23.4900806736852));
#17261=CARTESIAN_POINT('',(24.8498932876772,32.9241446441237,-26.9612898672944));
#17262=CARTESIAN_POINT('Origin',(49.7782415388968,29.4529691471465,-27.7600806736853));
#17263=CARTESIAN_POINT('',(49.6849800072658,29.4529691471465,-27.7600806736853));
#17264=CARTESIAN_POINT('Origin',(48.4410773587493,32.1205269853305,-27.7600806736853));
#17265=CARTESIAN_POINT('',(47.6651414155794,33.7845269853304,-27.7600806736853));
#17266=CARTESIAN_POINT('Origin',(61.3051646158199,29.4529691471465,-27.7600806736853));
#17267=CARTESIAN_POINT('',(61.2119030841889,29.4529691471465,-27.7600806736853));
#17268=CARTESIAN_POINT('Origin',(59.9680004356723,32.1205269853305,-27.7600806736853));
#17269=CARTESIAN_POINT('',(59.1920644925025,33.7845269853304,-27.7600806736853));
#17270=CARTESIAN_POINT('Origin',(72.832087692743,29.4529691471465,-27.7600806736853));
#17271=CARTESIAN_POINT('',(72.738826161112,29.4529691471465,-27.7600806736853));
#17272=CARTESIAN_POINT('Origin',(71.4949235125954,32.1205269853305,-27.7600806736853));
#17273=CARTESIAN_POINT('',(70.7189875694256,33.7845269853304,-27.7600806736853));
#17274=CARTESIAN_POINT('Origin',(84.359010769666,29.4529691471465,-27.7600806736853));
#17275=CARTESIAN_POINT('',(84.2657492380351,29.4529691471465,-27.7600806736853));
#17276=CARTESIAN_POINT('Origin',(83.0218465895185,32.1205269853305,-27.7600806736853));
#17277=CARTESIAN_POINT('',(82.2459106463486,33.7845269853304,-27.7600806736853));
#17278=CARTESIAN_POINT('Origin',(95.8859338465891,29.4529691471465,-27.7600806736853));
#17279=CARTESIAN_POINT('',(95.7926723149581,29.4529691471465,-27.7600806736853));
#17280=CARTESIAN_POINT('Origin',(94.5487696664416,32.1205269853305,-27.7600806736853));
#17281=CARTESIAN_POINT('',(93.7728337232717,33.7845269853304,-27.7600806736853));
#17282=CARTESIAN_POINT('Origin',(107.412856923512,29.4529691471465,-27.7600806736853));
#17283=CARTESIAN_POINT('',(107.319595391881,29.4529691471465,-27.7600806736853));
#17284=CARTESIAN_POINT('Origin',(106.075692743365,32.1205269853305,-27.7600806736853));
#17285=CARTESIAN_POINT('',(105.299756800195,33.7845269853304,-27.7600806736853));
#17286=CARTESIAN_POINT('Origin',(118.939780000435,29.4529691471465,-27.7600806736853));
#17287=CARTESIAN_POINT('',(118.846518468804,29.4529691471465,-27.7600806736853));
#17288=CARTESIAN_POINT('Origin',(117.602615820288,32.1205269853305,-27.7600806736853));
#17289=CARTESIAN_POINT('',(116.826679877118,33.7845269853304,-27.7600806736853));
#17290=CARTESIAN_POINT('Origin',(130.466703077358,29.4529691471465,-27.7600806736853));
#17291=CARTESIAN_POINT('',(130.373441545727,29.4529691471465,-27.7600806736853));
#17292=CARTESIAN_POINT('Origin',(129.129538897211,32.1205269853305,-27.7600806736853));
#17293=CARTESIAN_POINT('',(128.353602954041,33.7845269853304,-27.7600806736853));
#17294=CARTESIAN_POINT('Origin',(141.993626154281,29.4529691471465,-27.7600806736853));
#17295=CARTESIAN_POINT('',(141.90036462265,29.4529691471465,-27.7600806736853));
#17296=CARTESIAN_POINT('Origin',(140.656461974134,32.1205269853305,-27.7600806736853));
#17297=CARTESIAN_POINT('',(139.880526030964,33.7845269853304,-27.7600806736853));
#17298=CARTESIAN_POINT('Origin',(153.520549231205,29.4529691471465,-27.7600806736853));
#17299=CARTESIAN_POINT('',(153.427287699574,29.4529691471465,-27.7600806736853));
#17300=CARTESIAN_POINT('Origin',(152.183385051057,32.1205269853305,-27.7600806736853));
#17301=CARTESIAN_POINT('',(151.407449107887,33.7845269853304,-27.7600806736853));
#17302=CARTESIAN_POINT('Origin',(165.047472308128,29.4529691471465,-27.7600806736853));
#17303=CARTESIAN_POINT('',(164.954210776497,29.4529691471465,-27.7600806736853));
#17304=CARTESIAN_POINT('Origin',(163.71030812798,32.1205269853305,-27.7600806736853));
#17305=CARTESIAN_POINT('',(162.93437218481,33.7845269853304,-27.7600806736853));
#17306=CARTESIAN_POINT('Origin',(176.574395385051,29.4529691471465,-27.7600806736853));
#17307=CARTESIAN_POINT('',(176.48113385342,29.4529691471465,-27.7600806736853));
#17308=CARTESIAN_POINT('Origin',(175.237231204903,32.1205269853305,-27.7600806736853));
#17309=CARTESIAN_POINT('',(174.461295261733,33.7845269853304,-27.7600806736853));
#17310=CARTESIAN_POINT('Origin',(188.101318461974,29.4529691471465,-27.7600806736853));
#17311=CARTESIAN_POINT('',(188.008056930343,29.4529691471465,-27.7600806736853));
#17312=CARTESIAN_POINT('Origin',(186.764154281826,32.1205269853305,-27.7600806736853));
#17313=CARTESIAN_POINT('',(185.988218338656,33.7845269853304,-27.7600806736853));
#17314=CARTESIAN_POINT('Origin',(195.456310020397,-3.13377020059308,-2.76008067368495));
#17315=CARTESIAN_POINT('',(195.457116583949,-40.9482035118675,20.0399193263151));
#17316=CARTESIAN_POINT('',(195.457116583949,-40.9482035118675,-15.2600806736851));
#17317=CARTESIAN_POINT('',(195.457105919191,-40.4482035118676,19.8163125285651));
#17318=CARTESIAN_POINT('Origin',(195.457110185095,-40.6482035118675,20.0399193263151));
#17319=CARTESIAN_POINT('',(195.457105919191,-40.4482035118676,-25.3364738759349));
#17320=CARTESIAN_POINT('',(195.457105919191,-40.4482035118675,-15.2600806736851));
#17321=CARTESIAN_POINT('',(195.457116583949,-40.9482035118675,-25.5600806736849));
#17322=CARTESIAN_POINT('Origin',(195.457110185095,-40.6482035118675,-25.5600806736849));
#17323=CARTESIAN_POINT('',(195.457116583949,-40.9482035118675,-15.2600806736851));
#17324=CARTESIAN_POINT('',(195.457004998252,-35.7166877919715,-15.2600806736851));
#17325=CARTESIAN_POINT('Origin',(197.431654974932,-35.7166456736436,-27.7600806736853));
#17326=CARTESIAN_POINT('Origin',(181.162968735331,-38.0361406403957,-27.7600806736853));
#17327=CARTESIAN_POINT('',(181.162968735331,-40.0482035118732,-27.7600806736853));
#17328=CARTESIAN_POINT('Origin',(169.636045658408,-38.0361406403958,-27.7600806736853));
#17329=CARTESIAN_POINT('',(169.636045658408,-40.0482035118732,-27.7600806736853));
#17330=CARTESIAN_POINT('Origin',(158.109122581485,-38.0361406403958,-27.7600806736853));
#17331=CARTESIAN_POINT('',(158.109122581485,-40.0482035118732,-27.7600806736853));
#17332=CARTESIAN_POINT('Origin',(146.582199504561,-38.0361406403957,-27.7600806736853));
#17333=CARTESIAN_POINT('',(146.582199504561,-40.0482035118732,-27.7600806736853));
#17334=CARTESIAN_POINT('Origin',(135.055276427638,-38.0361406403958,-27.7600806736853));
#17335=CARTESIAN_POINT('',(135.055276427638,-40.0482035118732,-27.7600806736853));
#17336=CARTESIAN_POINT('Origin',(123.528353350715,-38.0361406403957,-27.7600806736853));
#17337=CARTESIAN_POINT('',(123.528353350715,-40.0482035118732,-27.7600806736853));
#17338=CARTESIAN_POINT('Origin',(112.001430273792,-38.0361406403958,-27.7600806736853));
#17339=CARTESIAN_POINT('',(112.001430273792,-40.0482035118732,-27.7600806736853));
#17340=CARTESIAN_POINT('Origin',(100.474507196869,-38.0361406403958,-27.7600806736853));
#17341=CARTESIAN_POINT('',(100.474507196869,-40.0482035118732,-27.7600806736853));
#17342=CARTESIAN_POINT('Origin',(88.9475841199461,-38.0361406403957,-27.7600806736853));
#17343=CARTESIAN_POINT('',(88.9475841199461,-40.0482035118732,-27.7600806736853));
#17344=CARTESIAN_POINT('Origin',(77.420661043023,-38.0361406403958,-27.7600806736853));
#17345=CARTESIAN_POINT('',(77.420661043023,-40.0482035118732,-27.7600806736853));
#17346=CARTESIAN_POINT('Origin',(65.8937379660999,-38.0361406403958,-27.7600806736853));
#17347=CARTESIAN_POINT('',(65.8937379660999,-40.0482035118732,-27.7600806736853));
#17348=CARTESIAN_POINT('Origin',(54.3668148891769,-38.0361406403957,-27.7600806736853));
#17349=CARTESIAN_POINT('',(54.3668148891769,-40.0482035118732,-27.7600806736853));
#17350=CARTESIAN_POINT('Origin',(47.5816549749323,-35.7166456736436,-27.7600806736853));
#17351=CARTESIAN_POINT('',(47.6749113131006,-35.7166436845311,-27.7600806736853));
#17352=CARTESIAN_POINT('Origin',(48.9188148891769,-38.384203511873,-27.7600806736853));
#17353=CARTESIAN_POINT('',(49.6947508323469,-40.048203511873,-27.7600806736853));
#17354=CARTESIAN_POINT('Origin',(35.9773977838064,-35.7139267503281,-27.7600806736853));
#17355=CARTESIAN_POINT('',(36.0706593154374,-35.7139267503281,-27.7600806736853));
#17356=CARTESIAN_POINT('Origin',(37.3158298187392,-38.3842035118732,-27.7600806736853));
#17357=CARTESIAN_POINT('',(38.0917657619091,-40.0482035118732,-27.7600806736853));
#17358=CARTESIAN_POINT('Origin',(24.7440943822967,-35.5329018720031,-27.7600806736852));
#17359=CARTESIAN_POINT('',(24.8360839481936,-35.5482522155909,-27.7600806736852));
#17360=CARTESIAN_POINT('Origin',(25.6239657488736,-38.3842035118732,-27.7600806736852));
#17361=CARTESIAN_POINT('Origin',(14.4132421880978,-32.6070875354446,-27.7600806736852));
#17362=CARTESIAN_POINT('',(14.4952632571645,-32.651475118295,-27.7600806736852));
#17363=CARTESIAN_POINT('Origin',(14.3196235680767,-35.5895915534189,-27.7600806736852));
#17364=CARTESIAN_POINT('',(14.2230180916224,-37.2056166077058,-27.7600806736852));
#17365=CARTESIAN_POINT('Origin',(5.59215442343559,-26.4853796660241,-27.7600806736853));
#17366=CARTESIAN_POINT('',(5.65531874015086,-26.5539944047911,-27.7600806736853));
#17367=CARTESIAN_POINT('Origin',(4.53519084693833,-29.2758854734371,-27.7600806736853));
#17368=CARTESIAN_POINT('',(3.91909724431678,-30.7729820858749,-27.7600806736853));
#17369=CARTESIAN_POINT('Origin',(-0.763267179109435,-17.8311602994781,-27.7600806736853));
#17370=CARTESIAN_POINT('',(-0.725804448557134,-17.9165667225488,-27.7600806736853));
#17371=CARTESIAN_POINT('Origin',(-2.66903730808971,-20.1272732929377,-27.7600806736853));
#17372=CARTESIAN_POINT('',(-3.73785573535732,-21.3432078157214,-27.7600806736853));
#17373=CARTESIAN_POINT('Origin',(-3.96431407437482,-7.58224838822097,-27.7600806736853));
#17374=CARTESIAN_POINT('',(-3.95661259813498,-7.67519138443848,-27.7600806736853));
#17375=CARTESIAN_POINT('Origin',(-6.51237099129271,-9.13514909702187,-27.7600806736853));
#17376=CARTESIAN_POINT('',(-7.91809118218527,-9.93815615743971,-27.7600806736853));
#17377=CARTESIAN_POINT('Origin',(-3.66410316189833,3.150727433909,-27.7600806736853));
#17378=CARTESIAN_POINT('',(-3.68699751442226,3.060319680344,-27.7600806736853));
#17379=CARTESIAN_POINT('Origin',(-6.57832536262905,2.50931989730254,-27.7600806736853));
#17380=CARTESIAN_POINT('',(-8.16861572246723,2.20625857418513,-27.7600806736853));
#17381=CARTESIAN_POINT('Origin',(0.104833047700925,13.204682697305,-27.7600806736853));
#17382=CARTESIAN_POINT('',(0.0538238247516727,13.1266072693121,-27.7600806736853));
#17383=CARTESIAN_POINT('Origin',(-2.85975324257697,13.5442747919476,-27.7600806736853));
#17384=CARTESIAN_POINT('',(-4.46228113497492,13.7740006029714,-27.7600806736853));
#17385=CARTESIAN_POINT('Origin',(6.93407183504205,21.4901153459886,-27.7600806736853));
#17386=CARTESIAN_POINT('',(6.86047538246367,21.4328329276559,-27.7600806736853));
#17387=CARTESIAN_POINT('Origin',(4.24038038006447,22.7739069991116,-27.7600806736853));
#17388=CARTESIAN_POINT('',(2.79927371803033,23.5115255880888,-27.7600806736853));
#17389=CARTESIAN_POINT('Origin',(16.0835592109587,27.1091701907412,-27.7600806736852));
#17390=CARTESIAN_POINT('',(15.9953508463547,27.0788882209234,-27.7600806736852));
#17391=CARTESIAN_POINT('Origin',(13.9526658573577,29.1980426566487,-27.7600806736852));
#17392=CARTESIAN_POINT('',(12.8291466935926,30.363621604132,-27.7600806736852));
#17393=CARTESIAN_POINT('Origin',(38.2513184619738,29.4529691471465,-27.7600806736853));
#17394=CARTESIAN_POINT('',(38.1580569303428,29.4529691471465,-27.7600806736853));
#17395=CARTESIAN_POINT('Origin',(36.9141542818264,32.1205269853301,-27.7600806736853));
#17396=CARTESIAN_POINT('',(36.1382183386565,33.78452698533,-27.7600806736853));
#17397=CARTESIAN_POINT('Origin',(26.5618062493462,29.4529354505146,-27.7600806736852));
#17398=CARTESIAN_POINT('',(26.4685447177152,29.4529354505146,-27.7600806736852));
#17399=CARTESIAN_POINT('Origin',(25.2246263562015,32.1205269853296,-27.7600806736852));
#17400=CARTESIAN_POINT('',(24.5404454252954,33.5877577265385,-27.7600806736852));
#17401=CARTESIAN_POINT('Origin',(190.850944519049,-3.13174833617361,-2.76008067368525));
#17402=CARTESIAN_POINT('',(190.850944519055,-40.4482035118674,-25.336473875935));
#17403=CARTESIAN_POINT('',(190.850944519055,-40.4482035118674,-25.260080673685));
#17404=CARTESIAN_POINT('',(190.850944519055,-40.4482035118674,-15.2600806736853));
#17405=CARTESIAN_POINT('',(190.850944519055,-40.6482035118674,-25.260080673685));
#17406=CARTESIAN_POINT('',(190.850944519049,-3.13174833617361,-25.260080673685));
#17407=CARTESIAN_POINT('Origin',(190.850944519047,-40.6482035118674,-25.560080673685));
#17408=CARTESIAN_POINT('Origin',(106.662919285797,-44.4064235494336,-25.5600806736851));
#17409=CARTESIAN_POINT('',(28.3548061704688,-40.6482035118606,-25.2600806736852));
#17410=CARTESIAN_POINT('',(25.6538780699797,-40.5185786019564,-25.2600806736852));
#17411=CARTESIAN_POINT('',(106.662919285797,-44.4064235494336,-25.2600806736851));
#17412=CARTESIAN_POINT('',(25.6359259563968,-40.8180623276246,-25.5600806736852));
#17413=CARTESIAN_POINT('Ctrl Pts',(25.6538780699783,-40.5185786019562,-25.2600806736852));
#17414=CARTESIAN_POINT('Ctrl Pts',(25.6538267629428,-40.5194341839743,-25.2600806736852));
#17415=CARTESIAN_POINT('Ctrl Pts',(25.6537754562916,-40.5202897620769,-25.2600843464266));
#17416=CARTESIAN_POINT('Ctrl Pts',(25.6513579076067,-40.5606044208326,-25.2604304703728));
#17417=CARTESIAN_POINT('Ctrl Pts',(25.6490192094922,-40.5996106254326,-25.2685782090998));
#17418=CARTESIAN_POINT('Ctrl Pts',(25.6446918146324,-40.6717956257024,-25.2993710658544));
#17419=CARTESIAN_POINT('Ctrl Pts',(25.6427406750136,-40.704347685171,-25.3215501803506));
#17420=CARTESIAN_POINT('Ctrl Pts',(25.6394573208426,-40.7591310317616,-25.3771581129604));
#17421=CARTESIAN_POINT('Ctrl Pts',(25.6381564409118,-40.7808393441067,-25.4100545021095));
#17422=CARTESIAN_POINT('Ctrl Pts',(25.6363822938018,-40.8104463065531,-25.482330561638));
#17423=CARTESIAN_POINT('Ctrl Pts',(25.6359259563937,-40.8180623276244,-25.5210188126068));
#17424=CARTESIAN_POINT('Ctrl Pts',(25.6359259563966,-40.8180623276246,-25.5600806736852));
#17425=CARTESIAN_POINT('',(28.3476114016936,-40.9482035118606,-25.5600806736852));
#17426=CARTESIAN_POINT('',(106.648538019822,-44.7060786498224,-25.5600806736851));
#17427=CARTESIAN_POINT('Origin',(28.3548061704688,-40.6482035118606,-25.5600806736852));
#17428=CARTESIAN_POINT('Origin',(28.3453903190139,-3.11529316052354,-25.5600806736852));
#17429=CARTESIAN_POINT('',(28.3453903190081,34.3847068394765,-25.2600806736852));
#17430=CARTESIAN_POINT('Origin',(28.3453903190139,-3.11529316052354,-25.2600806736852));
#17431=CARTESIAN_POINT('',(28.345390319008,34.6847068394765,-25.5600806736852));
#17432=CARTESIAN_POINT('Origin',(28.3453903190081,34.3847068394765,-25.5600806736852));
#17433=CARTESIAN_POINT('Origin',(28.3453903190139,-3.11529316052354,-25.5600806736852));
#17434=CARTESIAN_POINT('Origin',(270.595390319014,34.384706839514,-25.5600806736848));
#17435=CARTESIAN_POINT('',(270.595390319014,34.684706839514,-25.5600806736848));
#17436=CARTESIAN_POINT('',(270.595390319014,34.384706839514,-25.2600806736848));
#17437=CARTESIAN_POINT('Origin',(109.094102604098,-40.6482035118639,-25.5600806736851));
#17438=CARTESIAN_POINT('',(109.094102604098,-40.9482035118639,-25.5600806736851));
#17439=CARTESIAN_POINT('',(109.094102604098,-40.4482035118639,-25.3364738759351));
#17440=CARTESIAN_POINT('',(109.094102604098,-40.6482035118639,-25.2600806736851));
#17441=CARTESIAN_POINT('Origin',(28.3428148891767,-40.9482035118606,-27.7600806736853));
#17442=CARTESIAN_POINT('',(28.3476114016937,-40.9482035118606,-27.7600806736853));
#17443=CARTESIAN_POINT('Origin',(25.633553259523,-40.817948455427,-27.7600806736853));
#17444=CARTESIAN_POINT('',(25.6359259563966,-40.8180623276246,-27.7600806736852));
#17445=CARTESIAN_POINT('Origin',(28.3453903190139,-3.11529316052354,-27.7600806736852));
#17446=CARTESIAN_POINT('',(28.345390319008,34.6847068394765,-27.7600806736852));
#17447=CARTESIAN_POINT('Origin',(351.345390319014,34.6847068395265,-27.7600806736853));
#17448=CARTESIAN_POINT('Origin',(181.478559565198,33.7845269853296,-27.7600806736853));
#17449=CARTESIAN_POINT('Origin',(169.951636488275,33.7845269853296,-27.7600806736853));
#17450=CARTESIAN_POINT('Origin',(158.424713411352,33.7845269853296,-27.7600806736853));
#17451=CARTESIAN_POINT('Origin',(146.897790334429,33.7845269853296,-27.7600806736853));
#17452=CARTESIAN_POINT('Origin',(135.370867257506,33.7845269853296,-27.7600806736853));
#17453=CARTESIAN_POINT('Origin',(123.843944180583,33.7845269853296,-27.7600806736853));
#17454=CARTESIAN_POINT('Origin',(112.31702110366,33.7845269853296,-27.7600806736853));
#17455=CARTESIAN_POINT('Origin',(100.790098026736,33.7845269853296,-27.7600806736853));
#17456=CARTESIAN_POINT('Origin',(89.2631749498133,33.7845269853296,-27.7600806736853));
#17457=CARTESIAN_POINT('Origin',(77.7362518728903,33.7845269853296,-27.7600806736853));
#17458=CARTESIAN_POINT('Origin',(66.2093287959672,33.7845269853296,-27.7600806736853));
#17459=CARTESIAN_POINT('Origin',(54.6824057190441,33.7845269853296,-27.7600806736853));
#17460=CARTESIAN_POINT('Origin',(43.1554826421211,33.7845269853296,-27.7600806736853));
#17461=CARTESIAN_POINT('Origin',(31.4661542818261,33.7845269853296,-27.7600806736853));
#17462=CARTESIAN_POINT('Origin',(351.345390319014,34.1847068395265,-27.7600806736853));
#17463=CARTESIAN_POINT('',(28.3453903190081,34.1847068394765,-25.2600806736852));
#17464=CARTESIAN_POINT('',(270.595390319014,34.184706839514,-25.2600806736848));
#17465=CARTESIAN_POINT('',(28.345390319008,34.1847068394765,19.7399193263148));
#17466=CARTESIAN_POINT('',(28.3453903190081,34.1847068394765,-27.7600806736852));
#17467=CARTESIAN_POINT('',(270.595390319014,34.184706839514,19.7399193263152));
#17468=CARTESIAN_POINT('Origin',(25.6575220361465,-40.3185232881124,-27.7600806736853));
#17469=CARTESIAN_POINT('',(28.359602682986,-40.4482035118606,-25.2600806736852));
#17470=CARTESIAN_POINT('',(25.6658540874475,-40.3189231659911,-25.2600806736852));
#17471=CARTESIAN_POINT('',(106.672506796446,-44.2066534825078,-25.2600806736851));
#17472=CARTESIAN_POINT('',(28.359602682986,-40.4482035118606,19.7399193263148));
#17473=CARTESIAN_POINT('',(28.359602682986,-40.4482035118606,-27.7600806736853));
#17474=CARTESIAN_POINT('',(25.6658540874475,-40.3189231659911,19.7399193263148));
#17475=CARTESIAN_POINT('',(106.672506796446,-44.2066534825078,19.7399193263149));
#17476=CARTESIAN_POINT('',(25.6658540874475,-40.3189231659911,-27.7600806736852));
#17477=CARTESIAN_POINT('Origin',(28.3453903190139,-3.11529316052354,-27.7600806736852));
#17478=CARTESIAN_POINT('Origin',(28.3453903190139,-3.11529316052354,-25.2600806736852));
#17479=CARTESIAN_POINT('Origin',(28.3453903190138,-3.11529316052354,19.7399193263148));
#17480=CARTESIAN_POINT('Origin',(28.3453903190139,-3.11529316052354,-27.7600806736852));
#17481=CARTESIAN_POINT('Origin',(28.3453903190139,-3.11529316052354,-27.7600806736852));
#17482=CARTESIAN_POINT('Origin',(28.3453903190139,-3.11529316052354,-27.7600806736852));
#17483=CARTESIAN_POINT('Origin',(28.3453903190139,-3.11529316052354,-27.7600806736852));
#17484=CARTESIAN_POINT('Origin',(28.3453903190139,-3.11529316052354,-27.7600806736852));
#17485=CARTESIAN_POINT('Origin',(28.3453903190139,-3.11529316052354,-27.7600806736852));
#17486=CARTESIAN_POINT('Origin',(189.84539031902,-3.13174833617377,19.739919326315));
#17487=CARTESIAN_POINT('',(28.3548061704687,-40.6482035118606,19.7399193263148));
#17488=CARTESIAN_POINT('',(190.850944519055,-40.6482035118674,19.739919326315));
#17489=CARTESIAN_POINT('',(109.094102604098,-40.6482035118639,19.7399193263149));
#17490=CARTESIAN_POINT('',(25.6538780699716,-40.5185786019565,19.7399193263148));
#17491=CARTESIAN_POINT('',(106.662919285797,-44.4064235494336,19.7399193263149));
#17492=CARTESIAN_POINT('',(28.345390319008,34.3847068394765,19.7399193263148));
#17493=CARTESIAN_POINT('Origin',(28.3453903190138,-3.11529316052354,19.7399193263148));
#17494=CARTESIAN_POINT('',(270.595390319014,34.384706839514,19.7399193263152));
#17495=CARTESIAN_POINT('',(190.850944519055,-40.4482035118674,19.739919326315));
#17496=CARTESIAN_POINT('',(109.094102604098,-40.4482035118639,19.7399193263149));
#17497=CARTESIAN_POINT('',(190.850944519049,-3.13174833617361,19.739919326315));
#17498=CARTESIAN_POINT('Origin',(28.3428148891767,-40.9482035118606,-27.7600806736853));
#17499=CARTESIAN_POINT('',(28.3476114016933,-40.9482035118605,20.0399193263148));
#17500=CARTESIAN_POINT('',(109.094102604098,-40.9482035118639,20.0399193263149));
#17501=CARTESIAN_POINT('',(28.3476114016937,-40.9482035118606,-27.7600806736853));
#17502=CARTESIAN_POINT('Origin',(25.633553259523,-40.817948455427,-27.7600806736853));
#17503=CARTESIAN_POINT('',(25.6359259563965,-40.8180623276246,20.03991932631));
#17504=CARTESIAN_POINT('',(25.6359259563966,-40.8180623276246,-27.7600806736852));
#17505=CARTESIAN_POINT('',(106.648538019822,-44.7060786498224,20.0399193263149));
#17506=CARTESIAN_POINT('Origin',(28.3453903190139,-3.11529316052354,-27.7600806736852));
#17507=CARTESIAN_POINT('',(28.3453903190079,34.6847068394765,20.0399193263148));
#17508=CARTESIAN_POINT('Origin',(28.3453903190138,-3.11529316052354,20.0399193263148));
#17509=CARTESIAN_POINT('',(28.345390319008,34.6847068394765,-27.7600806736852));
#17510=CARTESIAN_POINT('Origin',(351.345390319014,34.6847068395265,-27.7600806736853));
#17511=CARTESIAN_POINT('',(270.595390319014,34.684706839514,20.0399193263152));
#17512=CARTESIAN_POINT('Origin',(109.094102604098,-40.6482035118639,20.0399193263149));
#17513=CARTESIAN_POINT('',(190.850944519055,-40.4482035118674,19.816312528565));
#17514=CARTESIAN_POINT('Origin',(190.850944519047,-40.6482035118674,20.039919326315));
#17515=CARTESIAN_POINT('',(109.094102604098,-40.4482035118639,19.8163125285649));
#17516=CARTESIAN_POINT('Origin',(28.3548061704688,-40.6482035118606,20.0399193263148));
#17517=CARTESIAN_POINT('Origin',(106.662919285797,-44.4064235494336,20.0399193263149));
#17518=CARTESIAN_POINT('Ctrl Pts',(25.6359259563969,-40.8180623276246,20.0399193263148));
#17519=CARTESIAN_POINT('Ctrl Pts',(25.6359259563931,-40.8180623276237,20.0008574652364));
#17520=CARTESIAN_POINT('Ctrl Pts',(25.6363822938026,-40.8104463065532,19.9621692142677));
#17521=CARTESIAN_POINT('Ctrl Pts',(25.6381564409117,-40.7808393441067,19.8898931547391));
#17522=CARTESIAN_POINT('Ctrl Pts',(25.6394573208432,-40.7591310317617,19.85699676559));
#17523=CARTESIAN_POINT('Ctrl Pts',(25.6427406750146,-40.704347685171,19.8013888329801));
#17524=CARTESIAN_POINT('Ctrl Pts',(25.6446918146322,-40.6717956257022,19.7792097184839));
#17525=CARTESIAN_POINT('Ctrl Pts',(25.6490192094954,-40.5996106254339,19.7484168617298));
#17526=CARTESIAN_POINT('Ctrl Pts',(25.6513579065616,-40.5606044207753,19.7402691230025));
#17527=CARTESIAN_POINT('Ctrl Pts',(25.6537754563807,-40.5202897620828,19.7399229990562));
#17528=CARTESIAN_POINT('Ctrl Pts',(25.6538267629428,-40.5194341839746,19.7399193263148));
#17529=CARTESIAN_POINT('Ctrl Pts',(25.6538780699782,-40.5185786019562,19.7399193263148));
#17530=CARTESIAN_POINT('Origin',(28.3453903190138,-3.11529316052354,20.0399193263148));
#17531=CARTESIAN_POINT('Origin',(28.345390319008,34.3847068394765,20.0399193263148));
#17532=CARTESIAN_POINT('Origin',(270.595390319014,34.384706839514,20.0399193263152));
#17533=CARTESIAN_POINT('Origin',(28.3453903190139,-3.11529316052354,-27.7600806736852));
#17534=CARTESIAN_POINT('Origin',(28.3453903190139,-3.11529316052354,-27.7600806736852));
#17535=CARTESIAN_POINT('Origin',(28.3453903190139,-3.11529316052354,-27.7600806736852));
#17536=CARTESIAN_POINT('Origin',(42.6775964679854,-40.0482035118732,-27.7600806736853));
#17537=CARTESIAN_POINT('Origin',(54.3668148891768,-40.0482035118732,-27.7600806736853));
#17538=CARTESIAN_POINT('Origin',(65.8937379660998,-40.0482035118732,-27.7600806736853));
#17539=CARTESIAN_POINT('Origin',(77.4206610430229,-40.0482035118732,-27.7600806736853));
#17540=CARTESIAN_POINT('Origin',(88.947584119946,-40.0482035118732,-27.7600806736853));
#17541=CARTESIAN_POINT('Origin',(100.474507196869,-40.0482035118732,-27.7600806736853));
#17542=CARTESIAN_POINT('Origin',(112.001430273792,-40.0482035118732,-27.7600806736853));
#17543=CARTESIAN_POINT('Origin',(123.528353350715,-40.0482035118732,-27.7600806736853));
#17544=CARTESIAN_POINT('Origin',(135.055276427638,-40.0482035118732,-27.7600806736853));
#17545=CARTESIAN_POINT('Origin',(146.582199504561,-40.0482035118732,-27.7600806736853));
#17546=CARTESIAN_POINT('Origin',(158.109122581484,-40.0482035118732,-27.7600806736853));
#17547=CARTESIAN_POINT('Origin',(169.636045658408,-40.0482035118732,-27.7600806736853));
#17548=CARTESIAN_POINT('Origin',(181.162968735331,-40.0482035118732,-27.7600806736853));
#17549=CARTESIAN_POINT('Origin',(192.689891812254,-40.0482035118732,-27.7600806736853));
#17550=CARTESIAN_POINT('Origin',(190.850944519049,-3.13174833617361,-2.76008067368525));
#17551=CARTESIAN_POINT('',(190.850944519055,-40.4482035118674,-15.2600806736853));
#17552=CARTESIAN_POINT('Origin',(28.3428148891767,-40.4482035118606,-27.7600806736853));
#17553=CARTESIAN_POINT('',(109.094102604098,-40.4482035118639,-25.2600806736851));
#17554=CARTESIAN_POINT('Origin',(189.84539031902,-3.13174833617377,-25.260080673685));
#17555=CARTESIAN_POINT('Origin',(354.066814889177,-40.0482035118732,-27.7600806736853));
#17556=CARTESIAN_POINT('',(353.83049640744,-40.0482035118732,22.2399193263153));
#17557=CARTESIAN_POINT('',(349.394750832347,-40.048203511873,22.2399193263147));
#17558=CARTESIAN_POINT('',(182.486293594798,-40.0482035118683,22.239919326315));
#17559=CARTESIAN_POINT('',(353.604523693257,-40.0482035118731,22.2027254400097));
#17560=CARTESIAN_POINT('',(271.149102866991,-40.0482035118708,8.63100923268229));
#17561=CARTESIAN_POINT('',(353.604523693257,-40.0482035118732,-27.7228867873791));
#17562=CARTESIAN_POINT('',(353.604523693257,-40.0482035118732,-27.7600806736853));
#17563=CARTESIAN_POINT('',(353.83049640744,-40.0482035118732,-27.7600806736847));
#17564=CARTESIAN_POINT('',(275.155430678277,-40.0482035118709,-14.8105904646809));
#17565=CARTESIAN_POINT('',(349.394750832347,-40.048203511873,-27.7600806736853));
#17566=CARTESIAN_POINT('',(182.486293594798,-40.0482035118683,-27.760080673685));
#17567=CARTESIAN_POINT('',(349.394750832347,-40.048203511873,-27.7600806736853));
#17568=CARTESIAN_POINT('Origin',(10.90577230042,-3.06650584143816,-27.7600806736852));
#17569=CARTESIAN_POINT('',(361.223988569419,-38.8144478799898,-27.7600806736853));
#17570=CARTESIAN_POINT('',(192.684033297283,-66.9387921626091,-27.7600806736849));
#17571=CARTESIAN_POINT('',(361.13956434659,-38.6914889265217,-27.7600806736853));
#17572=CARTESIAN_POINT('',(360.22321650912,-37.3568817802292,-27.7600806736853));
#17573=CARTESIAN_POINT('',(365.467762546427,-37.2056166077066,-27.7600806736853));
#17574=CARTESIAN_POINT('Origin',(351.345390319026,-3.11529316052355,-27.7600806736852));
#17575=CARTESIAN_POINT('',(365.476662924578,-37.3545029298025,-27.7600806736853));
#17576=CARTESIAN_POINT('',(365.182348971343,-32.4311927852033,-27.7600806736853));
#17577=CARTESIAN_POINT('',(372.280235456547,-33.6725935999476,-27.7600806736853));
#17578=CARTESIAN_POINT('',(238.012357642319,-106.334735393998,-27.7600806736849));
#17579=CARTESIAN_POINT('',(372.160460864053,-33.5837094020762,-27.7600806736853));
#17580=CARTESIAN_POINT('',(370.860417047981,-32.6189526086497,-27.7600806736853));
#17581=CARTESIAN_POINT('',(375.771683393731,-30.7729820858756,-27.7600806736853));
#17582=CARTESIAN_POINT('Origin',(351.345390319026,-3.11529316052355,-27.7600806736852));
#17583=CARTESIAN_POINT('',(375.8284448346,-30.910911388306,-27.7600806736853));
#17584=CARTESIAN_POINT('',(373.951481432476,-26.349923351699,-27.7600806736853));
#17585=CARTESIAN_POINT('',(381.067867035433,-25.2193816719248,-27.7600806736853));
#17586=CARTESIAN_POINT('',(300.982721119927,-112.215040801361,-27.7600806736848));
#17587=CARTESIAN_POINT('',(380.925721508864,-25.1742042116701,-27.7600806736853));
#17588=CARTESIAN_POINT('',(379.382861633921,-24.683844139421,-27.7600806736853));
#17589=CARTESIAN_POINT('',(383.428636373403,-21.3432078157219,-27.7600806736853));
#17590=CARTESIAN_POINT('Origin',(351.345390319026,-3.11529316052355,-27.7600806736852));
#17591=CARTESIAN_POINT('',(383.527107894127,-21.4552333183753,-27.7600806736853));
#17592=CARTESIAN_POINT('',(380.270893151822,-17.7508212145475,-27.7600806736853));
#17593=CARTESIAN_POINT('',(386.634607070352,-14.37084877342,-27.7600806736853));
#17594=CARTESIAN_POINT('',(357.98152514088,-79.6932959488121,-27.7600806736847));
#17595=CARTESIAN_POINT('',(386.485494283126,-14.3742737296017,-27.7600806736853));
#17596=CARTESIAN_POINT('',(384.8670111567,-14.411448501078,-27.7600806736853));
#17597=CARTESIAN_POINT('',(387.608871820227,-9.9381561574402,-27.7600806736853));
#17598=CARTESIAN_POINT('Origin',(351.345390319026,-3.11529316052355,-27.7600806736852));
#17599=CARTESIAN_POINT('',(387.738382503594,-10.012138158849,-27.7600806736853));
#17600=CARTESIAN_POINT('',(383.455777813814,-7.5657325191265,-27.7600806736853));
#17601=CARTESIAN_POINT('',(388.377212901649,-2.30260177631755,-27.7600806736853));
#17602=CARTESIAN_POINT('',(386.972660672401,-19.2530264047177,-27.7600806736846));
#17603=CARTESIAN_POINT('',(388.237291537987,-2.35425800179014,-27.7600806736853));
#17604=CARTESIAN_POINT('',(386.718572920178,-2.91493915367618,-27.7600806736853));
#17605=CARTESIAN_POINT('',(387.859396360506,2.20625857418575,-27.7600806736853));
#17606=CARTESIAN_POINT('Origin',(351.345390319026,-3.11529316052355,-27.7600806736852));
#17607=CARTESIAN_POINT('',(388.005911714396,2.17833717182555,-27.7600806736853));
#17608=CARTESIAN_POINT('',(383.161003746738,3.10163033648085,-27.7600806736853));
#17609=CARTESIAN_POINT('',(386.106846148179,9.67757749909994,-27.7600806736853));
#17610=CARTESIAN_POINT('',(376.573674354735,47.3232215632186,-27.7600806736846));
#17611=CARTESIAN_POINT('',(385.991278858939,9.5832877578967,-27.7600806736853));
#17612=CARTESIAN_POINT('',(384.736901477332,8.5598587282709,-27.7600806736853));
#17613=CARTESIAN_POINT('',(384.153061773004,13.7740006029713,-27.7600806736853));
#17614=CARTESIAN_POINT('Origin',(351.345390319026,-3.11529316052355,-27.7600806736852));
#17615=CARTESIAN_POINT('',(384.300704585424,13.7951655168466,-27.7600806736853));
#17616=CARTESIAN_POINT('',(379.418514294674,13.0952930656805,-27.7600806736853));
#17617=CARTESIAN_POINT('',(380.06953627607,20.2714507367066,-27.7600806736853));
#17618=CARTESIAN_POINT('',(330.764541616009,95.7383631439244,-27.7600806736847));
#17619=CARTESIAN_POINT('',(379.99084657025,20.1447452362878,-27.7600806736853));
#17620=CARTESIAN_POINT('',(379.136741677815,18.7694727444201,-27.7600806736853));
#17621=CARTESIAN_POINT('',(376.891506919998,23.511525588089,-27.7600806736853));
#17622=CARTESIAN_POINT('Origin',(351.345390319026,-3.11529316052355,-27.7600806736852));
#17623=CARTESIAN_POINT('',(377.024277801297,23.579483271376,-27.7600806736853));
#17624=CARTESIAN_POINT('',(372.633866260448,21.3322872441093,-27.7600806736853));
#17625=CARTESIAN_POINT('',(370.919519488466,28.3310073903276,-27.7600806736853));
#17626=CARTESIAN_POINT('',(267.253174941733,109.017762081673,-27.7600806736848));
#17627=CARTESIAN_POINT('',(370.886234616689,28.1856166377022,-27.7600806736853));
#17628=CARTESIAN_POINT('',(370.524957731324,26.6075327976379,-27.7600806736853));
#17629=CARTESIAN_POINT('',(366.861633944436,30.3636216041326,-27.7600806736853));
#17630=CARTESIAN_POINT('Origin',(351.345390319026,-3.11529316052355,-27.7600806736852));
#17631=CARTESIAN_POINT('',(366.965145109473,30.4710077873751,-27.7600806736853));
#17632=CARTESIAN_POINT('',(363.542281533228,26.9200067424011,-27.7600806736853));
#17633=CARTESIAN_POINT('',(359.648342081445,32.9828694396369,-27.7600806736853));
#17634=CARTESIAN_POINT('',(210.182201964876,84.2946601537287,-27.7600806736849));
#17635=CARTESIAN_POINT('',(359.664068976035,32.8345487788215,-27.7600806736853));
#17636=CARTESIAN_POINT('',(359.834770054058,31.2246634611253,-27.7600806736853));
#17637=CARTESIAN_POINT('',(355.150335212733,33.5877577265393,-27.7600806736853));
#17638=CARTESIAN_POINT('Origin',(351.345390319026,-3.11529316052355,-27.7600806736852));
#17639=CARTESIAN_POINT('',(355.213369620634,33.7229354505146,-27.7600806736853));
#17640=CARTESIAN_POINT('',(353.128974388682,29.2529354505146,-27.7600806736853));
#17641=CARTESIAN_POINT('',(347.477411017455,33.7229354505146,-27.7600806736853));
#17642=CARTESIAN_POINT('',(180.233789274883,33.7229354505146,-27.760080673685));
#17643=CARTESIAN_POINT('',(347.448690413055,33.7845269854138,-27.7600806736853));
#17644=CARTESIAN_POINT('',(348.224626356202,32.120526985413,-27.7600806736853));
#17645=CARTESIAN_POINT('',(343.63141858533,33.7845269854138,-27.7600806736853));
#17646=CARTESIAN_POINT('',(176.880627471271,33.7845269854136,-27.760080673685));
#17647=CARTESIAN_POINT('',(343.602713693927,33.7229691471465,-27.7600806736853));
#17648=CARTESIAN_POINT('',(341.518318461974,29.2529691471465,-27.7600806736853));
#17649=CARTESIAN_POINT('',(335.866923230021,33.7229691471465,-27.7600806736853));
#17650=CARTESIAN_POINT('',(174.428545381197,33.7229691471465,-27.760080673685));
#17651=CARTESIAN_POINT('',(335.838218338656,33.7845269853303,-27.7600806736853));
#17652=CARTESIAN_POINT('',(336.614154281826,32.1205269853305,-27.7600806736853));
#17653=CARTESIAN_POINT('',(332.104495508368,33.7845269853298,-27.7600806736853));
#17654=CARTESIAN_POINT('',(171.117165932806,33.7845269853048,-27.760080673685));
#17655=CARTESIAN_POINT('',(332.075790617004,33.7229691471465,-27.7600806736853));
#17656=CARTESIAN_POINT('',(329.991395385051,29.2529691471465,-27.7600806736853));
#17657=CARTESIAN_POINT('',(324.340000153098,33.7229691471465,-27.7600806736853));
#17658=CARTESIAN_POINT('',(168.665083842735,33.7229691471465,-27.760080673685));
#17659=CARTESIAN_POINT('',(324.311295261733,33.7845269853303,-27.7600806736853));
#17660=CARTESIAN_POINT('',(325.087231204903,32.1205269853305,-27.7600806736853));
#17661=CARTESIAN_POINT('',(320.577572431445,33.7845269853298,-27.7600806736853));
#17662=CARTESIAN_POINT('',(165.353704394345,33.7845269853057,-27.760080673685));
#17663=CARTESIAN_POINT('',(320.54886754008,33.7229691471465,-27.7600806736853));
#17664=CARTESIAN_POINT('',(318.464472308128,29.2529691471465,-27.7600806736853));
#17665=CARTESIAN_POINT('',(312.813077076175,33.7229691471465,-27.7600806736853));
#17666=CARTESIAN_POINT('',(162.901622304274,33.7229691471465,-27.760080673685));
#17667=CARTESIAN_POINT('',(312.78437218481,33.7845269853303,-27.7600806736853));
#17668=CARTESIAN_POINT('',(313.56030812798,32.1205269853305,-27.7600806736853));
#17669=CARTESIAN_POINT('',(309.050649354522,33.7845269853298,-27.7600806736853));
#17670=CARTESIAN_POINT('',(159.590242855883,33.7845269853066,-27.760080673685));
#17671=CARTESIAN_POINT('',(309.021944463157,33.7229691471465,-27.7600806736853));
#17672=CARTESIAN_POINT('',(306.937549231205,29.2529691471465,-27.7600806736853));
#17673=CARTESIAN_POINT('',(301.286153999252,33.7229691471465,-27.7600806736853));
#17674=CARTESIAN_POINT('',(157.138160765812,33.7229691471465,-27.760080673685));
#17675=CARTESIAN_POINT('',(301.257449107887,33.7845269853303,-27.7600806736853));
#17676=CARTESIAN_POINT('',(302.033385051057,32.1205269853305,-27.7600806736853));
#17677=CARTESIAN_POINT('',(297.523726277599,33.7845269853298,-27.7600806736853));
#17678=CARTESIAN_POINT('',(153.826781317422,33.7845269853075,-27.760080673685));
#17679=CARTESIAN_POINT('',(297.495021386234,33.7229691471465,-27.7600806736853));
#17680=CARTESIAN_POINT('',(295.410626154281,29.2529691471465,-27.7600806736853));
#17681=CARTESIAN_POINT('',(289.759230922329,33.7229691471465,-27.7600806736853));
#17682=CARTESIAN_POINT('',(151.374699227351,33.7229691471465,-27.760080673685));
#17683=CARTESIAN_POINT('',(289.730526030964,33.7845269853303,-27.7600806736853));
#17684=CARTESIAN_POINT('',(290.506461974134,32.1205269853305,-27.7600806736853));
#17685=CARTESIAN_POINT('',(285.996803200676,33.7845269853298,-27.7600806736853));
#17686=CARTESIAN_POINT('',(148.06331977896,33.7845269853084,-27.760080673685));
#17687=CARTESIAN_POINT('',(285.968098309311,33.7229691471465,-27.7600806736853));
#17688=CARTESIAN_POINT('',(283.883703077358,29.2529691471465,-27.7600806736853));
#17689=CARTESIAN_POINT('',(278.232307845406,33.7229691471465,-27.7600806736853));
#17690=CARTESIAN_POINT('',(145.611237688889,33.7229691471465,-27.760080673685));
#17691=CARTESIAN_POINT('',(278.203602954041,33.7845269853303,-27.7600806736853));
#17692=CARTESIAN_POINT('',(278.979538897211,32.1205269853305,-27.7600806736853));
#17693=CARTESIAN_POINT('',(274.469880123752,33.7845269853298,-27.7600806736853));
#17694=CARTESIAN_POINT('',(142.299858240498,33.7845269853093,-27.760080673685));
#17695=CARTESIAN_POINT('',(274.441175232388,33.7229691471465,-27.7600806736853));
#17696=CARTESIAN_POINT('',(272.356780000435,29.2529691471465,-27.7600806736853));
#17697=CARTESIAN_POINT('',(266.705384768482,33.7229691471465,-27.7600806736853));
#17698=CARTESIAN_POINT('',(139.847776150428,33.7229691471465,-27.760080673685));
#17699=CARTESIAN_POINT('',(266.676679877118,33.7845269853303,-27.7600806736853));
#17700=CARTESIAN_POINT('',(267.452615820288,32.1205269853305,-27.7600806736853));
#17701=CARTESIAN_POINT('',(262.942957046829,33.7845269853298,-27.7600806736853));
#17702=CARTESIAN_POINT('',(136.536396702037,33.7845269853102,-27.760080673685));
#17703=CARTESIAN_POINT('',(262.914252155465,33.7229691471465,-27.7600806736853));
#17704=CARTESIAN_POINT('',(260.829856923512,29.2529691471465,-27.7600806736853));
#17705=CARTESIAN_POINT('',(255.178461691559,33.7229691471465,-27.7600806736853));
#17706=CARTESIAN_POINT('',(134.084314611966,33.7229691471465,-27.760080673685));
#17707=CARTESIAN_POINT('',(255.149756800195,33.7845269853303,-27.7600806736853));
#17708=CARTESIAN_POINT('',(255.925692743365,32.1205269853305,-27.7600806736853));
#17709=CARTESIAN_POINT('',(251.416033969906,33.7845269853298,-27.7600806736853));
#17710=CARTESIAN_POINT('',(130.772935163575,33.7845269853111,-27.760080673685));
#17711=CARTESIAN_POINT('',(251.387329078542,33.7229691471465,-27.7600806736853));
#17712=CARTESIAN_POINT('',(249.302933846589,29.2529691471465,-27.7600806736853));
#17713=CARTESIAN_POINT('',(243.651538614636,33.7229691471465,-27.7600806736853));
#17714=CARTESIAN_POINT('',(128.320853073505,33.7229691471465,-27.7600806736851));
#17715=CARTESIAN_POINT('',(243.622833723272,33.7845269853303,-27.7600806736853));
#17716=CARTESIAN_POINT('',(244.398769666442,32.1205269853305,-27.7600806736853));
#17717=CARTESIAN_POINT('',(239.889110892983,33.7845269853298,-27.7600806736853));
#17718=CARTESIAN_POINT('',(125.009473625114,33.784526985312,-27.7600806736851));
#17719=CARTESIAN_POINT('',(239.860406001619,33.7229691471465,-27.7600806736853));
#17720=CARTESIAN_POINT('',(237.776010769666,29.2529691471465,-27.7600806736853));
#17721=CARTESIAN_POINT('',(232.124615537713,33.7229691471465,-27.7600806736853));
#17722=CARTESIAN_POINT('',(122.557391535043,33.7229691471465,-27.7600806736851));
#17723=CARTESIAN_POINT('',(232.095910646349,33.7845269853303,-27.7600806736853));
#17724=CARTESIAN_POINT('',(232.871846589518,32.1205269853305,-27.7600806736853));
#17725=CARTESIAN_POINT('',(228.36218781606,33.7845269853298,-27.7600806736853));
#17726=CARTESIAN_POINT('',(119.246012086652,33.7845269853129,-27.7600806736851));
#17727=CARTESIAN_POINT('',(228.333482924696,33.7229691471465,-27.7600806736853));
#17728=CARTESIAN_POINT('',(226.249087692743,29.2529691471465,-27.7600806736853));
#17729=CARTESIAN_POINT('',(220.59769246079,33.7229691471465,-27.7600806736853));
#17730=CARTESIAN_POINT('',(116.793929996582,33.7229691471465,-27.7600806736851));
#17731=CARTESIAN_POINT('',(220.568987569426,33.7845269853303,-27.7600806736853));
#17732=CARTESIAN_POINT('',(221.344923512595,32.1205269853305,-27.7600806736853));
#17733=CARTESIAN_POINT('',(216.835264739137,33.7845269853298,-27.7600806736853));
#17734=CARTESIAN_POINT('',(113.482550548191,33.7845269853138,-27.7600806736851));
#17735=CARTESIAN_POINT('',(216.806559847773,33.7229691471465,-27.7600806736853));
#17736=CARTESIAN_POINT('',(214.72216461582,29.2529691471465,-27.7600806736853));
#17737=CARTESIAN_POINT('',(209.070769383867,33.7229691471465,-27.7600806736853));
#17738=CARTESIAN_POINT('',(111.03046845812,33.7229691471465,-27.7600806736851));
#17739=CARTESIAN_POINT('',(209.042064492502,33.7845269853303,-27.7600806736853));
#17740=CARTESIAN_POINT('',(209.818000435672,32.1205269853305,-27.7600806736853));
#17741=CARTESIAN_POINT('',(205.308341662214,33.7845269853298,-27.7600806736853));
#17742=CARTESIAN_POINT('',(107.719089009729,33.7845269853147,-27.7600806736851));
#17743=CARTESIAN_POINT('',(205.27963677085,33.7229691471465,-27.7600806736853));
#17744=CARTESIAN_POINT('',(203.195241538897,29.2529691471465,-27.7600806736853));
#17745=CARTESIAN_POINT('',(197.543846306944,33.7229691471465,-27.7600806736853));
#17746=CARTESIAN_POINT('',(105.267006919658,33.7229691471465,-27.7600806736851));
#17747=CARTESIAN_POINT('',(197.515141415579,33.7845269853303,-27.7600806736853));
#17748=CARTESIAN_POINT('',(198.291077358749,32.1205269853305,-27.7600806736853));
#17749=CARTESIAN_POINT('',(193.781418585291,33.7845269853298,-27.7600806736853));
#17750=CARTESIAN_POINT('',(101.955627471268,33.7845269853155,-27.7600806736851));
#17751=CARTESIAN_POINT('',(193.752713693927,33.7229691471465,-27.7600806736853));
#17752=CARTESIAN_POINT('',(191.668318461974,29.2529691471465,-27.7600806736853));
#17753=CARTESIAN_POINT('',(190.850944519043,33.7229691471465,-27.7600806736849));
#17754=CARTESIAN_POINT('',(99.5035453811969,33.7229691471465,-27.7600806736851));
#17755=CARTESIAN_POINT('',(190.850944519043,34.6847068395017,-27.7600806736849));
#17756=CARTESIAN_POINT('',(190.850944519049,-3.09912708879194,-27.7600806736849));
#17757=CARTESIAN_POINT('',(351.345390319014,34.6847068394774,-27.7600806736847));
#17758=CARTESIAN_POINT('',(181.125581309714,34.6847068395002,-27.760080673685));
#17759=CARTESIAN_POINT('',(354.054863702159,-40.8180616793793,-27.7600806736847));
#17760=CARTESIAN_POINT('Origin',(351.345390319026,-3.11529316052355,-27.7600806736852));
#17761=CARTESIAN_POINT('',(351.338027436072,-40.9482035118741,-27.7600806736847));
#17762=CARTESIAN_POINT('',(182.414419565373,-49.0399785496469,-27.760080673685));
#17763=CARTESIAN_POINT('',(195.457116583949,-40.9482035118675,-27.7600806736849));
#17764=CARTESIAN_POINT('',(19.6242935947976,-40.9482035118602,-27.7600806736852));
#17765=CARTESIAN_POINT('',(195.457096075285,-39.9866877910002,-27.7600806736849));
#17766=CARTESIAN_POINT('',(195.456309261058,-3.09816983422749,-27.7600806736849));
#17767=CARTESIAN_POINT('',(199.516025210025,-39.9866012160071,-27.7600806736853));
#17768=CARTESIAN_POINT('',(104.169152962975,-39.9886349186244,-27.7600806736851));
#17769=CARTESIAN_POINT('',(199.544750832347,-40.048203511873,-27.7600806736853));
#17770=CARTESIAN_POINT('',(198.768814889177,-38.384203511873,-27.7600806736853));
#17771=CARTESIAN_POINT('',(204.216814889177,-40.0482035118732,-27.7600806736853));
#17772=CARTESIAN_POINT('',(107.561293594798,-40.0482035118704,-27.7600806736851));
#17773=CARTESIAN_POINT('',(204.216814889177,-39.9867468141272,-27.7600806736853));
#17774=CARTESIAN_POINT('',(204.216814889177,-38.3842035118732,-27.7600806736853));
#17775=CARTESIAN_POINT('',(211.042948286948,-39.9866012160071,-27.7600806736853));
#17776=CARTESIAN_POINT('',(109.932614504058,-39.9887578504682,-27.7600806736851));
#17777=CARTESIAN_POINT('',(211.07167390927,-40.048203511873,-27.7600806736853));
#17778=CARTESIAN_POINT('',(210.2957379661,-38.384203511873,-27.7600806736853));
#17779=CARTESIAN_POINT('',(215.7437379661,-40.0482035118732,-27.7600806736853));
#17780=CARTESIAN_POINT('',(113.324755133259,-40.0482035118702,-27.7600806736851));
#17781=CARTESIAN_POINT('',(215.7437379661,-39.9867468141272,-27.7600806736853));
#17782=CARTESIAN_POINT('',(215.7437379661,-38.3842035118732,-27.7600806736853));
#17783=CARTESIAN_POINT('',(222.569871363871,-39.9866012160071,-27.7600806736853));
#17784=CARTESIAN_POINT('',(115.696076045142,-39.988880782312,-27.7600806736851));
#17785=CARTESIAN_POINT('',(222.598596986193,-40.048203511873,-27.7600806736853));
#17786=CARTESIAN_POINT('',(221.822661043023,-38.384203511873,-27.7600806736853));
#17787=CARTESIAN_POINT('',(227.270661043023,-40.0482035118732,-27.7600806736853));
#17788=CARTESIAN_POINT('',(119.088216671721,-40.0482035118701,-27.7600806736851));
#17789=CARTESIAN_POINT('',(227.270661043023,-39.9867468141272,-27.7600806736853));
#17790=CARTESIAN_POINT('',(227.270661043023,-38.3842035118732,-27.7600806736853));
#17791=CARTESIAN_POINT('',(234.096794440794,-39.9866012160071,-27.7600806736853));
#17792=CARTESIAN_POINT('',(121.459537586226,-39.9890037141559,-27.7600806736851));
#17793=CARTESIAN_POINT('',(234.125520063116,-40.048203511873,-27.7600806736853));
#17794=CARTESIAN_POINT('',(233.349584119946,-38.384203511873,-27.7600806736853));
#17795=CARTESIAN_POINT('',(238.797584119946,-40.0482035118732,-27.7600806736853));
#17796=CARTESIAN_POINT('',(124.851678210183,-40.0482035118699,-27.7600806736851));
#17797=CARTESIAN_POINT('',(238.797584119946,-39.9867468141272,-27.7600806736853));
#17798=CARTESIAN_POINT('',(238.797584119946,-38.3842035118732,-27.7600806736853));
#17799=CARTESIAN_POINT('',(245.623717517717,-39.9866012160071,-27.7600806736853));
#17800=CARTESIAN_POINT('',(127.222999127309,-39.9891266459997,-27.7600806736851));
#17801=CARTESIAN_POINT('',(245.652443140039,-40.048203511873,-27.7600806736853));
#17802=CARTESIAN_POINT('',(244.876507196869,-38.384203511873,-27.7600806736853));
#17803=CARTESIAN_POINT('',(250.324507196869,-40.0482035118732,-27.7600806736853));
#17804=CARTESIAN_POINT('',(130.615139748644,-40.0482035118698,-27.760080673685));
#17805=CARTESIAN_POINT('',(250.324507196869,-39.9867468141272,-27.7600806736853));
#17806=CARTESIAN_POINT('',(250.324507196869,-38.3842035118732,-27.7600806736853));
#17807=CARTESIAN_POINT('',(257.15064059464,-39.9866012160071,-27.7600806736853));
#17808=CARTESIAN_POINT('',(132.986460668393,-39.9892495778436,-27.760080673685));
#17809=CARTESIAN_POINT('',(257.179366216962,-40.048203511873,-27.7600806736853));
#17810=CARTESIAN_POINT('',(256.403430273792,-38.384203511873,-27.7600806736853));
#17811=CARTESIAN_POINT('',(261.851430273792,-40.0482035118732,-27.7600806736853));
#17812=CARTESIAN_POINT('',(136.378601287106,-40.0482035118696,-27.760080673685));
#17813=CARTESIAN_POINT('',(261.851430273792,-39.9867468141272,-27.7600806736853));
#17814=CARTESIAN_POINT('',(261.851430273792,-38.3842035118732,-27.7600806736853));
#17815=CARTESIAN_POINT('',(268.677563671563,-39.9866012160071,-27.7600806736853));
#17816=CARTESIAN_POINT('',(138.749922209477,-39.9893725096874,-27.760080673685));
#17817=CARTESIAN_POINT('',(268.706289293885,-40.048203511873,-27.7600806736853));
#17818=CARTESIAN_POINT('',(267.930353350715,-38.384203511873,-27.7600806736853));
#17819=CARTESIAN_POINT('',(273.378353350715,-40.0482035118732,-27.7600806736853));
#17820=CARTESIAN_POINT('',(142.142062825567,-40.0482035118694,-27.760080673685));
#17821=CARTESIAN_POINT('',(273.378353350715,-39.9867468141272,-27.7600806736853));
#17822=CARTESIAN_POINT('',(273.378353350715,-38.3842035118732,-27.7600806736853));
#17823=CARTESIAN_POINT('',(280.204486748486,-39.9866012160071,-27.7600806736853));
#17824=CARTESIAN_POINT('',(144.51338375056,-39.9894954415313,-27.760080673685));
#17825=CARTESIAN_POINT('',(280.233212370808,-40.048203511873,-27.7600806736853));
#17826=CARTESIAN_POINT('',(279.457276427638,-38.384203511873,-27.7600806736853));
#17827=CARTESIAN_POINT('',(284.905276427638,-40.0482035118732,-27.7600806736853));
#17828=CARTESIAN_POINT('',(147.905524364029,-40.0482035118693,-27.760080673685));
#17829=CARTESIAN_POINT('',(284.905276427638,-39.9867468141272,-27.7600806736853));
#17830=CARTESIAN_POINT('',(284.905276427638,-38.3842035118732,-27.7600806736853));
#17831=CARTESIAN_POINT('',(291.731409825409,-39.9866012160071,-27.7600806736853));
#17832=CARTESIAN_POINT('',(150.276845291644,-39.9896183733751,-27.760080673685));
#17833=CARTESIAN_POINT('',(291.760135447731,-40.048203511873,-27.7600806736853));
#17834=CARTESIAN_POINT('',(290.984199504562,-38.384203511873,-27.7600806736853));
#17835=CARTESIAN_POINT('',(296.432199504561,-40.0482035118732,-27.7600806736853));
#17836=CARTESIAN_POINT('',(153.66898590249,-40.0482035118691,-27.760080673685));
#17837=CARTESIAN_POINT('',(296.432199504561,-39.9867468141272,-27.7600806736853));
#17838=CARTESIAN_POINT('',(296.432199504561,-38.3842035118732,-27.7600806736853));
#17839=CARTESIAN_POINT('',(303.258332902332,-39.9866012160071,-27.7600806736853));
#17840=CARTESIAN_POINT('',(156.040306832727,-39.9897413052189,-27.760080673685));
#17841=CARTESIAN_POINT('',(303.287058524655,-40.048203511873,-27.7600806736853));
#17842=CARTESIAN_POINT('',(302.511122581485,-38.384203511873,-27.7600806736853));
#17843=CARTESIAN_POINT('',(307.959122581485,-40.0482035118732,-27.7600806736853));
#17844=CARTESIAN_POINT('',(159.432447440952,-40.0482035118689,-27.760080673685));
#17845=CARTESIAN_POINT('',(307.959122581485,-39.9867468141272,-27.7600806736853));
#17846=CARTESIAN_POINT('',(307.959122581485,-38.3842035118732,-27.7600806736853));
#17847=CARTESIAN_POINT('',(314.785255979255,-39.9866012160071,-27.7600806736853));
#17848=CARTESIAN_POINT('',(161.803768373811,-39.9898642370628,-27.760080673685));
#17849=CARTESIAN_POINT('',(314.813981601578,-40.048203511873,-27.7600806736853));
#17850=CARTESIAN_POINT('',(314.038045658408,-38.384203511873,-27.7600806736853));
#17851=CARTESIAN_POINT('',(319.486045658408,-40.0482035118732,-27.7600806736853));
#17852=CARTESIAN_POINT('',(165.195908979413,-40.0482035118688,-27.760080673685));
#17853=CARTESIAN_POINT('',(319.486045658408,-39.9867468141272,-27.7600806736853));
#17854=CARTESIAN_POINT('',(319.486045658408,-38.3842035118732,-27.7600806736853));
#17855=CARTESIAN_POINT('',(326.312179056179,-39.9866012160071,-27.7600806736853));
#17856=CARTESIAN_POINT('',(167.567229914895,-39.9899871689066,-27.760080673685));
#17857=CARTESIAN_POINT('',(326.340904678501,-40.048203511873,-27.7600806736853));
#17858=CARTESIAN_POINT('',(325.564968735331,-38.384203511873,-27.7600806736853));
#17859=CARTESIAN_POINT('',(331.012968735331,-40.0482035118732,-27.7600806736853));
#17860=CARTESIAN_POINT('',(170.959370517875,-40.0482035118686,-27.760080673685));
#17861=CARTESIAN_POINT('',(331.012968735331,-39.9867468141272,-27.7600806736853));
#17862=CARTESIAN_POINT('',(331.012968735331,-38.3842035118732,-27.7600806736853));
#17863=CARTESIAN_POINT('',(337.839102133102,-39.9866012160071,-27.7600806736853));
#17864=CARTESIAN_POINT('',(173.330691455978,-39.9901101007505,-27.760080673685));
#17865=CARTESIAN_POINT('',(337.867827755424,-40.048203511873,-27.7600806736853));
#17866=CARTESIAN_POINT('',(337.091891812254,-38.384203511873,-27.7600806736853));
#17867=CARTESIAN_POINT('',(342.539891812254,-40.0482035118732,-27.7600806736853));
#17868=CARTESIAN_POINT('',(176.722832056336,-40.0482035118684,-27.760080673685));
#17869=CARTESIAN_POINT('',(342.539891812254,-39.9867468141272,-27.7600806736853));
#17870=CARTESIAN_POINT('',(342.539891812254,-38.3842035118732,-27.7600806736853));
#17871=CARTESIAN_POINT('',(349.366025210025,-39.9866012160071,-27.7600806736853));
#17872=CARTESIAN_POINT('',(179.094152997062,-39.9902330325943,-27.760080673685));
#17873=CARTESIAN_POINT('',(348.618814889177,-38.384203511873,-27.7600806736853));
#17874=CARTESIAN_POINT('Origin',(192.332623847034,-64.8329107798443,-25.6250806736849));
#17875=CARTESIAN_POINT('',(354.854696689856,-35.5482522155909,-23.4900806736847));
#17876=CARTESIAN_POINT('',(349.174189287573,-55.995027756237,-42.7230080578736));
#17877=CARTESIAN_POINT('',(358.557192437021,-34.930414950059,-23.4900806736847));
#17878=CARTESIAN_POINT('',(191.981214396784,-62.7270293970795,-23.4900806736849));
#17879=CARTESIAN_POINT('',(361.13956434659,-38.6914889265211,-27.6249029497098));
#17880=CARTESIAN_POINT('',(349.127266066256,-21.1962775310378,-8.39114412057338));
#17881=CARTESIAN_POINT('',(349.127266066256,-21.1962775310378,-8.39114412057338));
#17882=CARTESIAN_POINT('Origin',(353.128974388682,29.2529354505146,-27.7600806736853));
#17883=CARTESIAN_POINT('',(355.150335212732,33.5877577265387,22.1047416023394));
#17884=CARTESIAN_POINT('',(355.213369620634,33.7229354505146,22.2399193263147));
#17885=CARTESIAN_POINT('',(340.355668851107,1.86049332740358,-9.62252279679578));
#17886=CARTESIAN_POINT('',(355.150335212733,33.5877577265393,22.2399193263147));
#17887=CARTESIAN_POINT('',(355.150335212732,33.5877577265387,-27.7600806736853));
#17888=CARTESIAN_POINT('',(353.128974388682,29.2529354505146,22.2399193263147));
#17889=CARTESIAN_POINT('Origin',(353.128974388682,29.2529354505146,-27.7600806736853));
#17890=CARTESIAN_POINT('',(355.150335212732,33.5877577265387,-27.6249029497088));
#17891=CARTESIAN_POINT('',(355.150335212732,33.5877577265387,-27.7600806736853));
#17892=CARTESIAN_POINT('',(345.612936946301,13.1347411405223,-7.17188636369243));
#17893=CARTESIAN_POINT('Origin',(359.834770054058,31.2246634611253,-27.7600806736853));
#17894=CARTESIAN_POINT('',(359.664068976035,32.8345487788207,22.1047416023408));
#17895=CARTESIAN_POINT('',(359.664068976035,32.8345487788215,22.2399193263147));
#17896=CARTESIAN_POINT('',(359.664068976035,32.8345487788207,-27.7600806736853));
#17897=CARTESIAN_POINT('',(359.648342081445,32.9828694396369,22.2399193263147));
#17898=CARTESIAN_POINT('',(359.190067606539,37.304865276873,26.1789360289795));
#17899=CARTESIAN_POINT('',(359.834770054058,31.2246634611253,22.2399193263147));
#17900=CARTESIAN_POINT('Origin',(359.834770054058,31.2246634611253,-27.7600806736853));
#17901=CARTESIAN_POINT('',(359.664068976035,32.8345487788207,-27.6249029497101));
#17902=CARTESIAN_POINT('',(357.878395078463,49.6752754057028,-42.9733451894675));
#17903=CARTESIAN_POINT('',(359.664068976035,32.8345487788207,-27.7600806736853));
#17904=CARTESIAN_POINT('Origin',(363.542281533228,26.9200067424011,-27.7600806736853));
#17905=CARTESIAN_POINT('',(366.861633944435,30.3636216041322,22.1047416023393));
#17906=CARTESIAN_POINT('',(366.965145109473,30.4710077873751,22.2399193263147));
#17907=CARTESIAN_POINT('',(343.308700036371,5.92896592571174,-8.6536021714902));
#17908=CARTESIAN_POINT('',(366.861633944436,30.3636216041326,22.2399193263147));
#17909=CARTESIAN_POINT('',(366.861633944435,30.3636216041321,-27.7600806736853));
#17910=CARTESIAN_POINT('',(363.542281533228,26.9200067424011,22.2399193263147));
#17911=CARTESIAN_POINT('Origin',(363.542281533228,26.9200067424011,-27.7600806736853));
#17912=CARTESIAN_POINT('',(366.861633944435,30.3636216041321,-27.6249029497086));
#17913=CARTESIAN_POINT('',(366.861633944435,30.3636216041321,-27.7600806736853));
#17914=CARTESIAN_POINT('',(351.94185712565,14.8853117345889,-8.14080698899784));
#17915=CARTESIAN_POINT('Origin',(370.524957731324,26.6075327976379,-27.7600806736853));
#17916=CARTESIAN_POINT('',(370.886234616689,28.1856166377014,22.1047416023407));
#17917=CARTESIAN_POINT('',(370.886234616689,28.1856166377022,22.2399193263147));
#17918=CARTESIAN_POINT('',(370.886234616689,28.1856166377014,-27.7600806736853));
#17919=CARTESIAN_POINT('',(370.919519488466,28.3310073903277,22.2399193263147));
#17920=CARTESIAN_POINT('',(371.199135532189,29.5523907057165,23.3755061067159));
#17921=CARTESIAN_POINT('',(370.524957731324,26.6075327976379,22.2399193263147));
#17922=CARTESIAN_POINT('Origin',(370.524957731324,26.6075327976379,-27.7600806736853));
#17923=CARTESIAN_POINT('',(370.886234616689,28.1856166377014,-27.62490294971));
#17924=CARTESIAN_POINT('',(373.975198642344,41.6784372661086,-40.1699152672041));
#17925=CARTESIAN_POINT('',(370.886234616689,28.1856166377014,-27.7600806736853));
#17926=CARTESIAN_POINT('Origin',(372.633866260448,21.3322872441093,-27.7600806736853));
#17927=CARTESIAN_POINT('',(376.891506919997,23.5115255880888,22.1047416023394));
#17928=CARTESIAN_POINT('',(377.024277801297,23.579483271376,22.2399193263147));
#17929=CARTESIAN_POINT('',(349.434330992174,9.45779597962703,-5.85017224922747));
#17930=CARTESIAN_POINT('',(376.891506919998,23.511525588089,22.2399193263147));
#17931=CARTESIAN_POINT('',(376.891506919997,23.5115255880888,-27.7600806736853));
#17932=CARTESIAN_POINT('',(372.633866260448,21.3322872441093,22.2399193263147));
#17933=CARTESIAN_POINT('Origin',(372.633866260448,21.3322872441093,-27.7600806736853));
#17934=CARTESIAN_POINT('',(376.891506919997,23.5115255880888,-27.6249029497087));
#17935=CARTESIAN_POINT('',(376.891506919997,23.5115255880888,-27.7600806736853));
#17936=CARTESIAN_POINT('',(360.50784054768,15.1256807438465,-10.9442369112607));
#17937=CARTESIAN_POINT('Origin',(379.136741677815,18.7694727444201,-27.7600806736853));
#17938=CARTESIAN_POINT('',(379.99084657025,20.144745236287,22.1047416023404));
#17939=CARTESIAN_POINT('',(379.99084657025,20.1447452362878,22.2399193263147));
#17940=CARTESIAN_POINT('',(379.99084657025,20.144745236287,-27.7600806736853));
#17941=CARTESIAN_POINT('',(380.06953627607,20.2714507367066,22.2399193263147));
#17942=CARTESIAN_POINT('',(378.207590933764,17.2733620554304,19.0413620192681));
#17943=CARTESIAN_POINT('',(379.136741677815,18.7694727444201,22.2399193263147));
#17944=CARTESIAN_POINT('Origin',(379.136741677815,18.7694727444201,-27.7600806736853));
#17945=CARTESIAN_POINT('',(379.99084657025,20.144745236287,-27.6249029497096));
#17946=CARTESIAN_POINT('',(384.770560169109,27.8409997475675,-35.8357711797561));
#17947=CARTESIAN_POINT('',(379.99084657025,20.144745236287,-27.7600806736853));
#17948=CARTESIAN_POINT('Origin',(379.418514294674,13.0952930656805,-27.7600806736853));
#17949=CARTESIAN_POINT('',(384.153061773003,13.7740006029714,22.1047416023392));
#17950=CARTESIAN_POINT('',(384.300704585424,13.7951655168466,22.2399193263147));
#17951=CARTESIAN_POINT('',(358.35415958007,10.0756726313285,-1.51602816177999));
#17952=CARTESIAN_POINT('',(384.153061773004,13.7740006029713,22.2399193263147));
#17953=CARTESIAN_POINT('',(384.153061773003,13.7740006029714,-27.7600806736853));
#17954=CARTESIAN_POINT('',(379.418514294674,13.0952930656805,22.2399193263147));
#17955=CARTESIAN_POINT('Origin',(379.418514294674,13.0952930656805,-27.7600806736853));
#17956=CARTESIAN_POINT('',(384.153061773003,13.7740006029714,-27.6249029497084));
#17957=CARTESIAN_POINT('',(384.153061773003,13.7740006029714,-27.7600806736853));
#17958=CARTESIAN_POINT('',(370.66803501826,11.8408930903936,-15.2783809987078));
#17959=CARTESIAN_POINT('Origin',(384.736901477332,8.5598587282709,-27.7600806736853));
#17960=CARTESIAN_POINT('',(385.991278858939,9.583287757896,22.1047416023399));
#17961=CARTESIAN_POINT('',(385.991278858939,9.5832877578967,22.2399193263147));
#17962=CARTESIAN_POINT('',(385.991278858939,9.583287757896,-27.7600806736853));
#17963=CARTESIAN_POINT('',(386.106846148179,9.67757749909994,22.2399193263147));
#17964=CARTESIAN_POINT('',(378.759809626214,3.68323275998907,13.6461755296861));
#17965=CARTESIAN_POINT('',(384.736901477332,8.5598587282709,22.2399193263147));
#17966=CARTESIAN_POINT('Origin',(384.736901477332,8.5598587282709,-27.7600806736853));
#17967=CARTESIAN_POINT('',(385.991278858939,9.58328775789599,-27.6249029497091));
#17968=CARTESIAN_POINT('',(388.398485435139,11.5472940661346,-30.4405846901739));
#17969=CARTESIAN_POINT('',(385.991278858939,9.583287757896,-27.7600806736853));
#17970=CARTESIAN_POINT('Origin',(383.161003746738,3.10163033648085,-27.7600806736853));
#17971=CARTESIAN_POINT('',(387.859396360505,2.20625857418613,22.104741602349));
#17972=CARTESIAN_POINT('',(388.005911714396,2.17833717182555,22.2399193263147));
#17973=CARTESIAN_POINT('',(368.105196445058,5.97081259191357,3.87915832780566));
#17974=CARTESIAN_POINT('',(387.859396360506,2.20625857418575,22.2399193263147));
#17975=CARTESIAN_POINT('',(387.859396360505,2.20625857418613,-27.7600806736853));
#17976=CARTESIAN_POINT('',(383.161003746738,3.10163033648085,22.2399193263147));
#17977=CARTESIAN_POINT('Origin',(383.161003746738,3.10163033648085,-27.7600806736853));
#17978=CARTESIAN_POINT('',(387.859396360505,2.20625857418613,-27.6249029497183));
#17979=CARTESIAN_POINT('',(387.859396360505,2.20625857418613,-27.7600806736853));
#17980=CARTESIAN_POINT('',(380.325038292741,3.64207971887434,-20.6735674882968));
#17981=CARTESIAN_POINT('Origin',(386.718572920178,-2.91493915367618,-27.7600806736853));
#17982=CARTESIAN_POINT('',(388.237291537986,-2.35425800179064,22.104741602338));
#17983=CARTESIAN_POINT('',(388.237291537987,-2.35425800179014,22.2399193263147));
#17984=CARTESIAN_POINT('',(388.237291537986,-2.35425800179064,-27.7600806736853));
#17985=CARTESIAN_POINT('',(388.377212901649,-2.30260177631755,22.2399193263147));
#17986=CARTESIAN_POINT('',(373.404277176461,-7.8303162265549,7.77459880906414));
#17987=CARTESIAN_POINT('',(386.718572920178,-2.91493915367618,22.2399193263147));
#17988=CARTESIAN_POINT('Origin',(386.718572920178,-2.91493915367618,-27.7600806736853));
#17989=CARTESIAN_POINT('',(388.237291537986,-2.35425800179065,-27.6249029497073));
#17990=CARTESIAN_POINT('',(385.074159475604,-3.52202437240487,-24.5690079695538));
#17991=CARTESIAN_POINT('',(388.237291537986,-2.35425800179064,-27.7600806736853));
#17992=CARTESIAN_POINT('Origin',(383.455777813814,-7.5657325191265,-27.7600806736853));
#17993=CARTESIAN_POINT('',(387.608871820227,-9.93815615743957,22.1047416023392));
#17994=CARTESIAN_POINT('',(387.738382503594,-10.012138158849,22.2399193263147));
#17995=CARTESIAN_POINT('',(375.7727809018,-3.17687846019943,9.75073504842518));
#17996=CARTESIAN_POINT('',(387.608871820227,-9.9381561574402,22.2399193263147));
#17997=CARTESIAN_POINT('',(387.608871820227,-9.93815615743959,-27.7600806736853));
#17998=CARTESIAN_POINT('',(383.455777813814,-7.5657325191265,22.2399193263147));
#17999=CARTESIAN_POINT('Origin',(383.455777813814,-7.5657325191265,-27.7600806736853));
#18000=CARTESIAN_POINT('',(387.608871820227,-9.93815615743959,-27.6249029497084));
#18001=CARTESIAN_POINT('',(387.608871820227,-9.93815615743959,-27.7600806736853));
#18002=CARTESIAN_POINT('',(386.574379684396,-9.34721032454836,-26.5451442089121));
#18003=CARTESIAN_POINT('Origin',(384.8670111567,-14.411448501078,-27.7600806736853));
#18004=CARTESIAN_POINT('',(386.485494283125,-14.374273729602,22.1047416023382));
#18005=CARTESIAN_POINT('',(386.485494283126,-14.3742737296017,22.2399193263147));
#18006=CARTESIAN_POINT('',(386.485494283125,-14.3742737296019,-27.7600806736853));
#18007=CARTESIAN_POINT('',(386.634607070352,-14.37084877342,22.2399193263147));
#18008=CARTESIAN_POINT('',(364.377608925859,-14.8820674610013,2.0629083019745));
#18009=CARTESIAN_POINT('',(384.8670111567,-14.411448501078,22.2399193263147));
#18010=CARTESIAN_POINT('Origin',(384.8670111567,-14.411448501078,-27.7600806736853));
#18011=CARTESIAN_POINT('',(386.485494283125,-14.3742737296019,-27.6249029497074));
#18012=CARTESIAN_POINT('',(376.814084891226,-14.5964153312811,-18.8573174624638));
#18013=CARTESIAN_POINT('',(386.485494283125,-14.3742737296019,-27.7600806736853));
#18014=CARTESIAN_POINT('Origin',(380.270893151822,-17.7508212145475,-27.7600806736853));
#18015=CARTESIAN_POINT('',(383.428636373402,-21.3432078157211,22.1047416023395));
#18016=CARTESIAN_POINT('',(383.527107894127,-21.4552333183753,22.2399193263147));
#18017=CARTESIAN_POINT('',(378.589976992036,-15.8385375782954,15.4624255555186));
#18018=CARTESIAN_POINT('',(383.428636373403,-21.3432078157219,22.2399193263147));
#18019=CARTESIAN_POINT('',(383.428636373402,-21.3432078157211,-27.7600806736853));
#18020=CARTESIAN_POINT('',(380.270893151822,-17.7508212145475,22.2399193263147));
#18021=CARTESIAN_POINT('Origin',(380.270893151822,-17.7508212145475,-27.7600806736853));
#18022=CARTESIAN_POINT('',(383.428636373402,-21.3432078157211,-27.6249029497088));
#18023=CARTESIAN_POINT('',(383.428636373402,-21.3432078157211,-27.7600806736853));
#18024=CARTESIAN_POINT('',(386.802811877377,-25.1818172338813,-32.256834716006));
#18025=CARTESIAN_POINT('Origin',(379.382861633921,-24.683844139421,-27.7600806736853));
#18026=CARTESIAN_POINT('',(380.925721508863,-25.17420421167,22.1047416023392));
#18027=CARTESIAN_POINT('',(380.925721508864,-25.1742042116701,22.2399193263147));
#18028=CARTESIAN_POINT('',(380.925721508863,-25.17420421167,-27.7600806736853));
#18029=CARTESIAN_POINT('',(381.067867035433,-25.2193816719248,22.2399193263147));
#18030=CARTESIAN_POINT('',(354.663701606713,-16.8274669701499,-2.86994569913171));
#18031=CARTESIAN_POINT('',(379.382861633921,-24.683844139421,22.2399193263147));
#18032=CARTESIAN_POINT('Origin',(379.382861633921,-24.683844139421,-27.7600806736853));
#18033=CARTESIAN_POINT('',(380.925721508863,-25.17420421167,-27.6249029497084));
#18034=CARTESIAN_POINT('',(366.51908609565,-20.5954094054632,-13.9244634613573));
#18035=CARTESIAN_POINT('',(380.925721508863,-25.17420421167,-27.7600806736853));
#18036=CARTESIAN_POINT('Origin',(373.951481432476,-26.349923351699,-27.7600806736853));
#18037=CARTESIAN_POINT('',(375.771683393731,-30.7729820858747,22.1047416023399));
#18038=CARTESIAN_POINT('',(375.8284448346,-30.910911388306,22.2399193263147));
#18039=CARTESIAN_POINT('',(375.053876302649,-29.0287234864191,20.395279556619));
#18040=CARTESIAN_POINT('',(375.771683393731,-30.7729820858756,22.2399193263147));
#18041=CARTESIAN_POINT('',(375.771683393731,-30.7729820858747,-27.7600806736853));
#18042=CARTESIAN_POINT('',(373.951481432476,-26.349923351699,22.2399193263147));
#18043=CARTESIAN_POINT('Origin',(373.951481432476,-26.349923351699,-27.7600806736853));
#18044=CARTESIAN_POINT('',(375.771683393731,-30.7729820858747,-27.6249029497092));
#18045=CARTESIAN_POINT('',(375.771683393731,-30.7729820858747,-27.7600806736853));
#18046=CARTESIAN_POINT('',(379.787959195647,-40.5324616066386,-37.1896887171079));
#18047=CARTESIAN_POINT('Origin',(370.860417047981,-32.6189526086497,-27.7600806736853));
#18048=CARTESIAN_POINT('',(372.160460864052,-33.5837094020758,22.1047416023399));
#18049=CARTESIAN_POINT('',(372.160460864053,-33.5837094020762,22.2399193263147));
#18050=CARTESIAN_POINT('',(372.160460864052,-33.5837094020758,-27.7600806736853));
#18051=CARTESIAN_POINT('',(372.280235456547,-33.6725935999476,22.2399193263147));
#18052=CARTESIAN_POINT('',(346.824532832305,-14.7820287323719,-6.48941192211678));
#18053=CARTESIAN_POINT('',(370.860417047981,-32.6189526086497,22.2399193263147));
#18054=CARTESIAN_POINT('Origin',(370.860417047981,-32.6189526086497,-27.7600806736853));
#18055=CARTESIAN_POINT('',(372.160460864052,-33.5837094020758,-27.6249029497093));
#18056=CARTESIAN_POINT('',(356.814110980192,-22.1952507042011,-10.3049972383711));
#18057=CARTESIAN_POINT('',(372.160460864052,-33.5837094020758,-27.7600806736853));
#18058=CARTESIAN_POINT('Origin',(365.182348971343,-32.4311927852033,-27.7600806736853));
#18059=CARTESIAN_POINT('',(365.467762546428,-37.2056166077057,22.1047416023398));
#18060=CARTESIAN_POINT('',(365.476662924578,-37.3545029298025,22.2399193263147));
#18061=CARTESIAN_POINT('',(365.59352113258,-39.3093174896094,24.0147457795953));
#18062=CARTESIAN_POINT('',(365.467762546427,-37.2056166077066,22.2399193263147));
#18063=CARTESIAN_POINT('',(365.467762546428,-37.2056166077057,-27.7600806736853));
#18064=CARTESIAN_POINT('',(365.182348971343,-32.4311927852033,22.2399193263147));
#18065=CARTESIAN_POINT('Origin',(365.182348971343,-32.4311927852033,-27.7600806736853));
#18066=CARTESIAN_POINT('',(365.467762546428,-37.2056166077057,-27.6249029497091));
#18067=CARTESIAN_POINT('',(365.467762546428,-37.2056166077057,-27.7600806736853));
#18068=CARTESIAN_POINT('',(366.335840694913,-51.7269055502493,-40.8091549400848));
#18069=CARTESIAN_POINT('Origin',(360.22321650912,-37.3568817802292,-27.7600806736853));
#18070=CARTESIAN_POINT('',(361.13956434659,-38.6914889265211,22.1047416023405));
#18071=CARTESIAN_POINT('',(361.13956434659,-38.6914889265217,22.2399193263147));
#18072=CARTESIAN_POINT('',(361.13956434659,-38.6914889265211,-27.7600806736853));
#18073=CARTESIAN_POINT('',(361.223988569419,-38.8144478799898,22.2399193263147));
#18074=CARTESIAN_POINT('',(342.086020056017,-10.9411136513307,-8.40326503991356));
#18075=CARTESIAN_POINT('',(360.22321650912,-37.3568817802292,22.2399193263147));
#18076=CARTESIAN_POINT('Origin',(360.22321650912,-37.3568817802292,-27.7600806736853));
#18077=CARTESIAN_POINT('',(361.13956434659,-38.6914889265211,-27.7600806736853));
#18078=CARTESIAN_POINT('Origin',(99.5035453811969,31.5879691471465,-25.6250806736851));
#18079=CARTESIAN_POINT('',(190.850944519044,29.4529691471465,-23.4900806736849));
#18080=CARTESIAN_POINT('',(190.850944519046,17.1917897763201,-11.2289013028586));
#18081=CARTESIAN_POINT('',(191.761579993605,29.4529691471465,-23.4900806736849));
#18082=CARTESIAN_POINT('',(188.110500183487,21.6232032270167,-15.6603147535552));
#18083=CARTESIAN_POINT('',(99.5035453811969,29.4529691471465,-23.4900806736851));
#18084=CARTESIAN_POINT('Origin',(190.850944519049,-3.13174833617361,-2.76008067368525));
#18085=CARTESIAN_POINT('',(190.850944519044,29.4529691471465,17.9699193263151));
#18086=CARTESIAN_POINT('',(190.850944519044,29.4529691471465,-15.2600806736853));
#18087=CARTESIAN_POINT('',(190.850944519043,33.7229691471465,22.2399193263151));
#18088=CARTESIAN_POINT('',(190.850944519046,17.1917897763199,5.70873995548845));
#18089=CARTESIAN_POINT('',(190.850944519043,34.6847068395017,22.2399193263151));
#18090=CARTESIAN_POINT('',(190.850944519049,-3.09912708879194,22.2399193263151));
#18091=CARTESIAN_POINT('',(190.850944519043,34.6847068395017,20.0399193263151));
#18092=CARTESIAN_POINT('',(190.850944519043,34.6847068395017,-15.2600806736853));
#18093=CARTESIAN_POINT('',(190.850944519043,34.1847068395017,19.816312528565));
#18094=CARTESIAN_POINT('Origin',(190.850944519043,34.3847068395017,20.0399193263151));
#18095=CARTESIAN_POINT('',(190.850944519043,34.1847068395017,-25.336473875935));
#18096=CARTESIAN_POINT('',(190.850944519043,34.1847068395017,-15.2600806736853));
#18097=CARTESIAN_POINT('',(190.850944519043,34.6847068395017,-25.560080673685));
#18098=CARTESIAN_POINT('Origin',(190.850944519043,34.3847068395017,-25.560080673685));
#18099=CARTESIAN_POINT('',(190.850944519043,34.6847068395017,-15.2600806736853));
#18100=CARTESIAN_POINT('Origin',(99.5035453811968,31.5879691471465,20.1049193263149));
#18101=CARTESIAN_POINT('',(191.761579993605,29.4529691471465,17.969919326315));
#18102=CARTESIAN_POINT('',(99.5035453811968,29.4529691471465,17.9699193263149));
#18103=CARTESIAN_POINT('',(193.752713693927,33.7229691471465,22.2399193263147));
#18104=CARTESIAN_POINT('',(182.853232088293,10.3489554138981,-1.13409440693341));
#18105=CARTESIAN_POINT('',(99.5035453811968,33.7229691471465,22.2399193263149));
#18106=CARTESIAN_POINT('Origin',(10.90577230042,-3.06650584143816,22.2399193263148));
#18107=CARTESIAN_POINT('',(349.366025210025,-39.9866012160071,22.2399193263147));
#18108=CARTESIAN_POINT('',(348.618814889177,-38.384203511873,22.2399193263147));
#18109=CARTESIAN_POINT('',(342.539891812254,-39.9867468141272,22.2399193263147));
#18110=CARTESIAN_POINT('',(179.094152997062,-39.9902330325943,22.239919326315));
#18111=CARTESIAN_POINT('',(342.539891812254,-40.0482035118732,22.2399193263147));
#18112=CARTESIAN_POINT('',(342.539891812254,-38.3842035118732,22.2399193263147));
#18113=CARTESIAN_POINT('',(337.867827755424,-40.048203511873,22.2399193263147));
#18114=CARTESIAN_POINT('',(176.722832056336,-40.0482035118684,22.239919326315));
#18115=CARTESIAN_POINT('',(337.839102133102,-39.9866012160071,22.2399193263147));
#18116=CARTESIAN_POINT('',(337.091891812254,-38.384203511873,22.2399193263147));
#18117=CARTESIAN_POINT('',(331.012968735331,-39.9867468141272,22.2399193263147));
#18118=CARTESIAN_POINT('',(173.330691455978,-39.9901101007505,22.239919326315));
#18119=CARTESIAN_POINT('',(331.012968735331,-40.0482035118732,22.2399193263147));
#18120=CARTESIAN_POINT('',(331.012968735331,-38.3842035118732,22.2399193263147));
#18121=CARTESIAN_POINT('',(326.340904678501,-40.048203511873,22.2399193263147));
#18122=CARTESIAN_POINT('',(170.959370517875,-40.0482035118686,22.239919326315));
#18123=CARTESIAN_POINT('',(326.312179056179,-39.9866012160071,22.2399193263147));
#18124=CARTESIAN_POINT('',(325.564968735331,-38.384203511873,22.2399193263147));
#18125=CARTESIAN_POINT('',(319.486045658408,-39.9867468141272,22.2399193263147));
#18126=CARTESIAN_POINT('',(167.567229914895,-39.9899871689066,22.239919326315));
#18127=CARTESIAN_POINT('',(319.486045658408,-40.0482035118732,22.2399193263147));
#18128=CARTESIAN_POINT('',(319.486045658408,-38.3842035118732,22.2399193263147));
#18129=CARTESIAN_POINT('',(314.813981601578,-40.048203511873,22.2399193263147));
#18130=CARTESIAN_POINT('',(165.195908979413,-40.0482035118688,22.239919326315));
#18131=CARTESIAN_POINT('',(314.785255979255,-39.9866012160071,22.2399193263147));
#18132=CARTESIAN_POINT('',(314.038045658408,-38.384203511873,22.2399193263147));
#18133=CARTESIAN_POINT('',(307.959122581485,-39.9867468141272,22.2399193263147));
#18134=CARTESIAN_POINT('',(161.803768373811,-39.9898642370628,22.239919326315));
#18135=CARTESIAN_POINT('',(307.959122581485,-40.0482035118732,22.2399193263147));
#18136=CARTESIAN_POINT('',(307.959122581485,-38.3842035118732,22.2399193263147));
#18137=CARTESIAN_POINT('',(303.287058524655,-40.048203511873,22.2399193263147));
#18138=CARTESIAN_POINT('',(159.432447440952,-40.0482035118689,22.239919326315));
#18139=CARTESIAN_POINT('',(303.258332902332,-39.9866012160071,22.2399193263147));
#18140=CARTESIAN_POINT('',(302.511122581485,-38.384203511873,22.2399193263147));
#18141=CARTESIAN_POINT('',(296.432199504561,-39.9867468141272,22.2399193263147));
#18142=CARTESIAN_POINT('',(156.040306832727,-39.9897413052189,22.239919326315));
#18143=CARTESIAN_POINT('',(296.432199504561,-40.0482035118732,22.2399193263147));
#18144=CARTESIAN_POINT('',(296.432199504561,-38.3842035118732,22.2399193263147));
#18145=CARTESIAN_POINT('',(291.760135447731,-40.048203511873,22.2399193263147));
#18146=CARTESIAN_POINT('',(153.66898590249,-40.0482035118691,22.239919326315));
#18147=CARTESIAN_POINT('',(291.731409825409,-39.9866012160071,22.2399193263147));
#18148=CARTESIAN_POINT('',(290.984199504562,-38.384203511873,22.2399193263147));
#18149=CARTESIAN_POINT('',(284.905276427638,-39.9867468141272,22.2399193263147));
#18150=CARTESIAN_POINT('',(150.276845291644,-39.9896183733751,22.239919326315));
#18151=CARTESIAN_POINT('',(284.905276427638,-40.0482035118732,22.2399193263147));
#18152=CARTESIAN_POINT('',(284.905276427638,-38.3842035118732,22.2399193263147));
#18153=CARTESIAN_POINT('',(280.233212370808,-40.048203511873,22.2399193263147));
#18154=CARTESIAN_POINT('',(147.905524364029,-40.0482035118693,22.239919326315));
#18155=CARTESIAN_POINT('',(280.204486748486,-39.9866012160071,22.2399193263147));
#18156=CARTESIAN_POINT('',(279.457276427638,-38.384203511873,22.2399193263147));
#18157=CARTESIAN_POINT('',(273.378353350715,-39.9867468141272,22.2399193263147));
#18158=CARTESIAN_POINT('',(144.51338375056,-39.9894954415313,22.239919326315));
#18159=CARTESIAN_POINT('',(273.378353350715,-40.0482035118732,22.2399193263147));
#18160=CARTESIAN_POINT('',(273.378353350715,-38.3842035118732,22.2399193263147));
#18161=CARTESIAN_POINT('',(268.706289293885,-40.048203511873,22.2399193263147));
#18162=CARTESIAN_POINT('',(142.142062825567,-40.0482035118694,22.239919326315));
#18163=CARTESIAN_POINT('',(268.677563671563,-39.9866012160071,22.2399193263147));
#18164=CARTESIAN_POINT('',(267.930353350715,-38.384203511873,22.2399193263147));
#18165=CARTESIAN_POINT('',(261.851430273792,-39.9867468141272,22.2399193263147));
#18166=CARTESIAN_POINT('',(138.749922209476,-39.9893725096874,22.239919326315));
#18167=CARTESIAN_POINT('',(261.851430273792,-40.0482035118732,22.2399193263147));
#18168=CARTESIAN_POINT('',(261.851430273792,-38.3842035118732,22.2399193263147));
#18169=CARTESIAN_POINT('',(257.179366216962,-40.048203511873,22.2399193263147));
#18170=CARTESIAN_POINT('',(136.378601287106,-40.0482035118696,22.239919326315));
#18171=CARTESIAN_POINT('',(257.15064059464,-39.9866012160071,22.2399193263147));
#18172=CARTESIAN_POINT('',(256.403430273792,-38.384203511873,22.2399193263147));
#18173=CARTESIAN_POINT('',(250.324507196869,-39.9867468141272,22.2399193263147));
#18174=CARTESIAN_POINT('',(132.986460668393,-39.9892495778436,22.239919326315));
#18175=CARTESIAN_POINT('',(250.324507196869,-40.0482035118732,22.2399193263147));
#18176=CARTESIAN_POINT('',(250.324507196869,-38.3842035118732,22.2399193263147));
#18177=CARTESIAN_POINT('',(245.652443140039,-40.048203511873,22.2399193263147));
#18178=CARTESIAN_POINT('',(130.615139748644,-40.0482035118698,22.2399193263149));
#18179=CARTESIAN_POINT('',(245.623717517717,-39.9866012160071,22.2399193263147));
#18180=CARTESIAN_POINT('',(244.876507196869,-38.384203511873,22.2399193263147));
#18181=CARTESIAN_POINT('',(238.797584119946,-39.9867468141272,22.2399193263147));
#18182=CARTESIAN_POINT('',(127.222999127309,-39.9891266459997,22.2399193263149));
#18183=CARTESIAN_POINT('',(238.797584119946,-40.0482035118732,22.2399193263147));
#18184=CARTESIAN_POINT('',(238.797584119946,-38.3842035118732,22.2399193263147));
#18185=CARTESIAN_POINT('',(234.125520063116,-40.048203511873,22.2399193263147));
#18186=CARTESIAN_POINT('',(124.851678210182,-40.0482035118699,22.2399193263149));
#18187=CARTESIAN_POINT('',(234.096794440794,-39.9866012160071,22.2399193263147));
#18188=CARTESIAN_POINT('',(233.349584119946,-38.384203511873,22.2399193263147));
#18189=CARTESIAN_POINT('',(227.270661043023,-39.9867468141272,22.2399193263147));
#18190=CARTESIAN_POINT('',(121.459537586226,-39.9890037141559,22.2399193263149));
#18191=CARTESIAN_POINT('',(227.270661043023,-40.0482035118732,22.2399193263147));
#18192=CARTESIAN_POINT('',(227.270661043023,-38.3842035118732,22.2399193263147));
#18193=CARTESIAN_POINT('',(222.598596986193,-40.048203511873,22.2399193263147));
#18194=CARTESIAN_POINT('',(119.088216671721,-40.0482035118701,22.2399193263149));
#18195=CARTESIAN_POINT('',(222.569871363871,-39.9866012160071,22.2399193263147));
#18196=CARTESIAN_POINT('',(221.822661043023,-38.384203511873,22.2399193263147));
#18197=CARTESIAN_POINT('',(215.7437379661,-39.9867468141272,22.2399193263147));
#18198=CARTESIAN_POINT('',(115.696076045142,-39.988880782312,22.2399193263149));
#18199=CARTESIAN_POINT('',(215.7437379661,-40.0482035118732,22.2399193263147));
#18200=CARTESIAN_POINT('',(215.7437379661,-38.3842035118732,22.2399193263147));
#18201=CARTESIAN_POINT('',(211.07167390927,-40.048203511873,22.2399193263147));
#18202=CARTESIAN_POINT('',(113.324755133259,-40.0482035118702,22.2399193263149));
#18203=CARTESIAN_POINT('',(211.042948286948,-39.9866012160071,22.2399193263147));
#18204=CARTESIAN_POINT('',(210.2957379661,-38.384203511873,22.2399193263147));
#18205=CARTESIAN_POINT('',(204.216814889177,-39.9867468141272,22.2399193263147));
#18206=CARTESIAN_POINT('',(109.932614504058,-39.9887578504682,22.2399193263149));
#18207=CARTESIAN_POINT('',(204.216814889177,-40.0482035118732,22.2399193263147));
#18208=CARTESIAN_POINT('',(204.216814889177,-38.3842035118732,22.2399193263147));
#18209=CARTESIAN_POINT('',(199.544750832347,-40.048203511873,22.2399193263147));
#18210=CARTESIAN_POINT('',(107.561293594798,-40.0482035118704,22.2399193263149));
#18211=CARTESIAN_POINT('',(199.516025210025,-39.9866012160071,22.2399193263147));
#18212=CARTESIAN_POINT('',(198.768814889177,-38.384203511873,22.2399193263147));
#18213=CARTESIAN_POINT('',(195.457096075285,-39.9866877910001,22.2399193263151));
#18214=CARTESIAN_POINT('',(104.169152962975,-39.9886349186244,22.2399193263149));
#18215=CARTESIAN_POINT('',(195.457116583949,-40.9482035118675,22.2399193263151));
#18216=CARTESIAN_POINT('',(195.456309261058,-3.09816983422749,22.2399193263151));
#18217=CARTESIAN_POINT('',(351.338027436072,-40.9482035118741,22.2399193263153));
#18218=CARTESIAN_POINT('',(19.6242935947975,-40.9482035118602,22.2399193263148));
#18219=CARTESIAN_POINT('',(354.054863702159,-40.8180616793793,22.2399193263153));
#18220=CARTESIAN_POINT('',(182.414419565373,-49.0399785496469,22.239919326315));
#18221=CARTESIAN_POINT('',(351.345390319014,34.6847068394774,22.2399193263153));
#18222=CARTESIAN_POINT('Origin',(351.345390319026,-3.11529316052355,22.2399193263147));
#18223=CARTESIAN_POINT('',(181.125581309714,34.6847068395002,22.239919326315));
#18224=CARTESIAN_POINT('',(193.781418585291,33.7845269853298,22.2399193263147));
#18225=CARTESIAN_POINT('',(191.668318461974,29.2529691471465,22.2399193263147));
#18226=CARTESIAN_POINT('',(197.515141415579,33.7845269853303,22.2399193263147));
#18227=CARTESIAN_POINT('',(101.955627471268,33.7845269853155,22.2399193263149));
#18228=CARTESIAN_POINT('',(197.543846306944,33.7229691471465,22.2399193263147));
#18229=CARTESIAN_POINT('',(198.291077358749,32.1205269853305,22.2399193263147));
#18230=CARTESIAN_POINT('',(205.27963677085,33.7229691471465,22.2399193263147));
#18231=CARTESIAN_POINT('',(105.267006919658,33.7229691471465,22.2399193263149));
#18232=CARTESIAN_POINT('',(205.308341662214,33.7845269853298,22.2399193263147));
#18233=CARTESIAN_POINT('',(203.195241538897,29.2529691471465,22.2399193263147));
#18234=CARTESIAN_POINT('',(209.042064492502,33.7845269853303,22.2399193263147));
#18235=CARTESIAN_POINT('',(107.719089009729,33.7845269853147,22.2399193263149));
#18236=CARTESIAN_POINT('',(209.070769383867,33.7229691471465,22.2399193263147));
#18237=CARTESIAN_POINT('',(209.818000435672,32.1205269853305,22.2399193263147));
#18238=CARTESIAN_POINT('',(216.806559847773,33.7229691471465,22.2399193263147));
#18239=CARTESIAN_POINT('',(111.03046845812,33.7229691471465,22.2399193263149));
#18240=CARTESIAN_POINT('',(216.835264739137,33.7845269853298,22.2399193263147));
#18241=CARTESIAN_POINT('',(214.72216461582,29.2529691471465,22.2399193263147));
#18242=CARTESIAN_POINT('',(220.568987569426,33.7845269853303,22.2399193263147));
#18243=CARTESIAN_POINT('',(113.482550548191,33.7845269853138,22.2399193263149));
#18244=CARTESIAN_POINT('',(220.59769246079,33.7229691471465,22.2399193263147));
#18245=CARTESIAN_POINT('',(221.344923512595,32.1205269853305,22.2399193263147));
#18246=CARTESIAN_POINT('',(228.333482924696,33.7229691471465,22.2399193263147));
#18247=CARTESIAN_POINT('',(116.793929996581,33.7229691471465,22.2399193263149));
#18248=CARTESIAN_POINT('',(228.36218781606,33.7845269853298,22.2399193263147));
#18249=CARTESIAN_POINT('',(226.249087692743,29.2529691471465,22.2399193263147));
#18250=CARTESIAN_POINT('',(232.095910646349,33.7845269853303,22.2399193263147));
#18251=CARTESIAN_POINT('',(119.246012086652,33.7845269853129,22.2399193263149));
#18252=CARTESIAN_POINT('',(232.124615537713,33.7229691471465,22.2399193263147));
#18253=CARTESIAN_POINT('',(232.871846589518,32.1205269853305,22.2399193263147));
#18254=CARTESIAN_POINT('',(239.860406001619,33.7229691471465,22.2399193263147));
#18255=CARTESIAN_POINT('',(122.557391535043,33.7229691471465,22.2399193263149));
#18256=CARTESIAN_POINT('',(239.889110892983,33.7845269853298,22.2399193263147));
#18257=CARTESIAN_POINT('',(237.776010769666,29.2529691471465,22.2399193263147));
#18258=CARTESIAN_POINT('',(243.622833723272,33.7845269853303,22.2399193263147));
#18259=CARTESIAN_POINT('',(125.009473625114,33.784526985312,22.2399193263149));
#18260=CARTESIAN_POINT('',(243.651538614636,33.7229691471465,22.2399193263147));
#18261=CARTESIAN_POINT('',(244.398769666442,32.1205269853305,22.2399193263147));
#18262=CARTESIAN_POINT('',(251.387329078542,33.7229691471465,22.2399193263147));
#18263=CARTESIAN_POINT('',(128.320853073505,33.7229691471465,22.2399193263149));
#18264=CARTESIAN_POINT('',(251.416033969906,33.7845269853298,22.2399193263147));
#18265=CARTESIAN_POINT('',(249.302933846589,29.2529691471465,22.2399193263147));
#18266=CARTESIAN_POINT('',(255.149756800195,33.7845269853303,22.2399193263147));
#18267=CARTESIAN_POINT('',(130.772935163575,33.7845269853111,22.2399193263149));
#18268=CARTESIAN_POINT('',(255.178461691559,33.7229691471465,22.2399193263147));
#18269=CARTESIAN_POINT('',(255.925692743365,32.1205269853305,22.2399193263147));
#18270=CARTESIAN_POINT('',(262.914252155465,33.7229691471465,22.2399193263147));
#18271=CARTESIAN_POINT('',(134.084314611966,33.7229691471465,22.239919326315));
#18272=CARTESIAN_POINT('',(262.942957046829,33.7845269853298,22.2399193263147));
#18273=CARTESIAN_POINT('',(260.829856923512,29.2529691471465,22.2399193263147));
#18274=CARTESIAN_POINT('',(266.676679877118,33.7845269853303,22.2399193263147));
#18275=CARTESIAN_POINT('',(136.536396702037,33.7845269853102,22.239919326315));
#18276=CARTESIAN_POINT('',(266.705384768482,33.7229691471465,22.2399193263147));
#18277=CARTESIAN_POINT('',(267.452615820288,32.1205269853305,22.2399193263147));
#18278=CARTESIAN_POINT('',(274.441175232388,33.7229691471465,22.2399193263147));
#18279=CARTESIAN_POINT('',(139.847776150428,33.7229691471465,22.239919326315));
#18280=CARTESIAN_POINT('',(274.469880123752,33.7845269853298,22.2399193263147));
#18281=CARTESIAN_POINT('',(272.356780000435,29.2529691471465,22.2399193263147));
#18282=CARTESIAN_POINT('',(278.203602954041,33.7845269853303,22.2399193263147));
#18283=CARTESIAN_POINT('',(142.299858240498,33.7845269853093,22.239919326315));
#18284=CARTESIAN_POINT('',(278.232307845406,33.7229691471465,22.2399193263147));
#18285=CARTESIAN_POINT('',(278.979538897211,32.1205269853305,22.2399193263147));
#18286=CARTESIAN_POINT('',(285.968098309311,33.7229691471465,22.2399193263147));
#18287=CARTESIAN_POINT('',(145.611237688889,33.7229691471465,22.239919326315));
#18288=CARTESIAN_POINT('',(285.996803200676,33.7845269853298,22.2399193263147));
#18289=CARTESIAN_POINT('',(283.883703077358,29.2529691471465,22.2399193263147));
#18290=CARTESIAN_POINT('',(289.730526030964,33.7845269853303,22.2399193263147));
#18291=CARTESIAN_POINT('',(148.06331977896,33.7845269853084,22.239919326315));
#18292=CARTESIAN_POINT('',(289.759230922329,33.7229691471465,22.2399193263147));
#18293=CARTESIAN_POINT('',(290.506461974134,32.1205269853305,22.2399193263147));
#18294=CARTESIAN_POINT('',(297.495021386234,33.7229691471465,22.2399193263147));
#18295=CARTESIAN_POINT('',(151.374699227351,33.7229691471465,22.239919326315));
#18296=CARTESIAN_POINT('',(297.523726277599,33.7845269853298,22.2399193263147));
#18297=CARTESIAN_POINT('',(295.410626154281,29.2529691471465,22.2399193263147));
#18298=CARTESIAN_POINT('',(301.257449107887,33.7845269853303,22.2399193263147));
#18299=CARTESIAN_POINT('',(153.826781317421,33.7845269853075,22.239919326315));
#18300=CARTESIAN_POINT('',(301.286153999252,33.7229691471465,22.2399193263147));
#18301=CARTESIAN_POINT('',(302.033385051057,32.1205269853305,22.2399193263147));
#18302=CARTESIAN_POINT('',(309.021944463157,33.7229691471465,22.2399193263147));
#18303=CARTESIAN_POINT('',(157.138160765812,33.7229691471465,22.239919326315));
#18304=CARTESIAN_POINT('',(309.050649354522,33.7845269853298,22.2399193263147));
#18305=CARTESIAN_POINT('',(306.937549231205,29.2529691471465,22.2399193263147));
#18306=CARTESIAN_POINT('',(312.78437218481,33.7845269853303,22.2399193263147));
#18307=CARTESIAN_POINT('',(159.590242855883,33.7845269853066,22.239919326315));
#18308=CARTESIAN_POINT('',(312.813077076175,33.7229691471465,22.2399193263147));
#18309=CARTESIAN_POINT('',(313.56030812798,32.1205269853305,22.2399193263147));
#18310=CARTESIAN_POINT('',(320.54886754008,33.7229691471465,22.2399193263147));
#18311=CARTESIAN_POINT('',(162.901622304274,33.7229691471465,22.239919326315));
#18312=CARTESIAN_POINT('',(320.577572431445,33.7845269853298,22.2399193263147));
#18313=CARTESIAN_POINT('',(318.464472308128,29.2529691471465,22.2399193263147));
#18314=CARTESIAN_POINT('',(324.311295261733,33.7845269853303,22.2399193263147));
#18315=CARTESIAN_POINT('',(165.353704394345,33.7845269853057,22.239919326315));
#18316=CARTESIAN_POINT('',(324.340000153098,33.7229691471465,22.2399193263147));
#18317=CARTESIAN_POINT('',(325.087231204903,32.1205269853305,22.2399193263147));
#18318=CARTESIAN_POINT('',(332.075790617004,33.7229691471465,22.2399193263147));
#18319=CARTESIAN_POINT('',(168.665083842735,33.7229691471465,22.239919326315));
#18320=CARTESIAN_POINT('',(332.104495508368,33.7845269853298,22.2399193263147));
#18321=CARTESIAN_POINT('',(329.991395385051,29.2529691471465,22.2399193263147));
#18322=CARTESIAN_POINT('',(335.838218338656,33.7845269853303,22.2399193263147));
#18323=CARTESIAN_POINT('',(171.117165932806,33.7845269853048,22.239919326315));
#18324=CARTESIAN_POINT('',(335.866923230021,33.7229691471465,22.2399193263147));
#18325=CARTESIAN_POINT('',(336.614154281826,32.1205269853305,22.2399193263147));
#18326=CARTESIAN_POINT('',(343.602713693927,33.7229691471465,22.2399193263147));
#18327=CARTESIAN_POINT('',(174.428545381197,33.7229691471465,22.239919326315));
#18328=CARTESIAN_POINT('',(343.63141858533,33.7845269854138,22.2399193263147));
#18329=CARTESIAN_POINT('',(341.518318461974,29.2529691471465,22.2399193263147));
#18330=CARTESIAN_POINT('',(347.448690413055,33.7845269854138,22.2399193263147));
#18331=CARTESIAN_POINT('',(176.880627471271,33.7845269854136,22.239919326315));
#18332=CARTESIAN_POINT('',(347.477411017455,33.7229354505146,22.2399193263147));
#18333=CARTESIAN_POINT('',(348.224626356202,32.120526985413,22.2399193263147));
#18334=CARTESIAN_POINT('',(180.233789274883,33.7229354505146,22.239919326315));
#18335=CARTESIAN_POINT('Origin',(351.345390319026,-3.11529316052355,22.2399193263147));
#18336=CARTESIAN_POINT('',(210.182201964876,84.2946601537287,22.2399193263151));
#18337=CARTESIAN_POINT('Origin',(351.345390319026,-3.11529316052355,22.2399193263147));
#18338=CARTESIAN_POINT('',(267.253174941733,109.017762081673,22.2399193263152));
#18339=CARTESIAN_POINT('Origin',(351.345390319026,-3.11529316052355,22.2399193263147));
#18340=CARTESIAN_POINT('',(330.764541616009,95.7383631439244,22.2399193263153));
#18341=CARTESIAN_POINT('Origin',(351.345390319026,-3.11529316052355,22.2399193263147));
#18342=CARTESIAN_POINT('',(376.573674354735,47.3232215632187,22.2399193263154));
#18343=CARTESIAN_POINT('Origin',(351.345390319026,-3.11529316052355,22.2399193263147));
#18344=CARTESIAN_POINT('',(386.972660672401,-19.2530264047177,22.2399193263154));
#18345=CARTESIAN_POINT('Origin',(351.345390319026,-3.11529316052355,22.2399193263147));
#18346=CARTESIAN_POINT('',(357.98152514088,-79.6932959488121,22.2399193263153));
#18347=CARTESIAN_POINT('Origin',(351.345390319026,-3.11529316052355,22.2399193263147));
#18348=CARTESIAN_POINT('',(300.982721119927,-112.215040801361,22.2399193263152));
#18349=CARTESIAN_POINT('Origin',(351.345390319026,-3.11529316052355,22.2399193263147));
#18350=CARTESIAN_POINT('',(238.012357642318,-106.334735393998,22.2399193263151));
#18351=CARTESIAN_POINT('Origin',(351.345390319026,-3.11529316052355,22.2399193263147));
#18352=CARTESIAN_POINT('',(192.684033297283,-66.9387921626092,22.2399193263151));
#18353=CARTESIAN_POINT('Origin',(105.267006919658,31.5879691471465,20.1049193263149));
#18354=CARTESIAN_POINT('',(199.534980007266,29.4529691471465,17.9699193263151));
#18355=CARTESIAN_POINT('',(198.930869755237,30.7484877633727,19.2654379425413));
#18356=CARTESIAN_POINT('',(203.288503070528,29.4529691471465,17.9699193263151));
#18357=CARTESIAN_POINT('',(105.267006919658,29.4529691471465,17.9699193263149));
#18358=CARTESIAN_POINT('',(194.097572141825,9.74295416461738,-1.74009565621407));
#18359=CARTESIAN_POINT('Origin',(203.195241538897,29.2529691471465,-27.7600806736853));
#18360=CARTESIAN_POINT('',(203.288503070528,29.4529691471465,-23.4900806736849));
#18361=CARTESIAN_POINT('',(203.288503070528,29.4529691471465,-27.7600806736853));
#18362=CARTESIAN_POINT('',(199.354840237019,21.0172019777361,-15.0543135042745));
#18363=CARTESIAN_POINT('',(205.308341662214,33.7845269853298,-27.7600806736853));
#18364=CARTESIAN_POINT('Origin',(105.267006919658,31.5879691471465,-25.6250806736851));
#18365=CARTESIAN_POINT('',(199.534980007266,29.4529691471465,-23.4900806736849));
#18366=CARTESIAN_POINT('',(105.267006919658,29.4529691471465,-23.4900806736851));
#18367=CARTESIAN_POINT('',(193.673601660043,42.0227355764914,-36.0598471030298));
#18368=CARTESIAN_POINT('Origin',(111.03046845812,31.5879691471465,20.1049193263149));
#18369=CARTESIAN_POINT('',(211.061903084189,29.4529691471465,17.9699193263151));
#18370=CARTESIAN_POINT('',(210.175209808769,31.3544890126534,19.8714391918219));
#18371=CARTESIAN_POINT('',(214.815426147451,29.4529691471465,17.9699193263151));
#18372=CARTESIAN_POINT('',(111.03046845812,29.4529691471465,17.9699193263149));
#18373=CARTESIAN_POINT('',(205.341912195357,9.13695291533669,-2.34609690549473));
#18374=CARTESIAN_POINT('Origin',(214.72216461582,29.2529691471465,-27.7600806736853));
#18375=CARTESIAN_POINT('',(214.815426147451,29.4529691471465,-23.4900806736849));
#18376=CARTESIAN_POINT('',(214.815426147451,29.4529691471465,-27.7600806736853));
#18377=CARTESIAN_POINT('',(210.599180290551,20.4112007284554,-14.4483122549938));
#18378=CARTESIAN_POINT('',(216.835264739137,33.7845269853298,-27.7600806736853));
#18379=CARTESIAN_POINT('Origin',(111.03046845812,31.5879691471465,-25.6250806736851));
#18380=CARTESIAN_POINT('',(211.061903084189,29.4529691471465,-23.4900806736849));
#18381=CARTESIAN_POINT('',(111.03046845812,29.4529691471465,-23.4900806736851));
#18382=CARTESIAN_POINT('',(204.917941713575,42.628736825772,-36.6658483523105));
#18383=CARTESIAN_POINT('Origin',(116.793929996581,31.5879691471465,20.1049193263149));
#18384=CARTESIAN_POINT('',(222.588826161112,29.4529691471465,17.9699193263151));
#18385=CARTESIAN_POINT('',(221.419549862301,31.960490261934,20.4774404411026));
#18386=CARTESIAN_POINT('',(226.342349224374,29.4529691471465,17.9699193263151));
#18387=CARTESIAN_POINT('',(116.793929996581,29.4529691471465,17.9699193263149));
#18388=CARTESIAN_POINT('',(216.586252248889,8.53095166605602,-2.95209815477539));
#18389=CARTESIAN_POINT('Origin',(226.249087692743,29.2529691471465,-27.7600806736853));
#18390=CARTESIAN_POINT('',(226.342349224374,29.4529691471465,-23.4900806736849));
#18391=CARTESIAN_POINT('',(226.342349224374,29.4529691471465,-27.7600806736853));
#18392=CARTESIAN_POINT('',(221.843520344083,19.8051994791747,-13.8423110057131));
#18393=CARTESIAN_POINT('',(228.36218781606,33.7845269853298,-27.7600806736853));
#18394=CARTESIAN_POINT('Origin',(116.793929996582,31.5879691471465,-25.6250806736851));
#18395=CARTESIAN_POINT('',(222.588826161112,29.4529691471465,-23.4900806736849));
#18396=CARTESIAN_POINT('',(116.793929996582,29.4529691471465,-23.4900806736851));
#18397=CARTESIAN_POINT('',(216.162281767107,43.2347380750527,-37.2718496015911));
#18398=CARTESIAN_POINT('Origin',(122.557391535043,31.5879691471465,20.1049193263149));
#18399=CARTESIAN_POINT('',(234.115749238035,29.4529691471465,17.9699193263151));
#18400=CARTESIAN_POINT('',(232.663889915833,32.5664915112147,21.0834416903833));
#18401=CARTESIAN_POINT('',(237.869272301297,29.4529691471465,17.9699193263151));
#18402=CARTESIAN_POINT('',(122.557391535043,29.4529691471465,17.9699193263149));
#18403=CARTESIAN_POINT('',(227.830592302421,7.92495041677534,-3.55809940405606));
#18404=CARTESIAN_POINT('Origin',(237.776010769666,29.2529691471465,-27.7600806736853));
#18405=CARTESIAN_POINT('',(237.869272301297,29.4529691471465,-23.4900806736849));
#18406=CARTESIAN_POINT('',(237.869272301297,29.4529691471465,-27.7600806736853));
#18407=CARTESIAN_POINT('',(233.087860397615,19.1991982298941,-13.2363097564324));
#18408=CARTESIAN_POINT('',(239.889110892983,33.7845269853298,-27.7600806736853));
#18409=CARTESIAN_POINT('Origin',(122.557391535043,31.5879691471465,-25.6250806736851));
#18410=CARTESIAN_POINT('',(234.115749238035,29.4529691471465,-23.4900806736849));
#18411=CARTESIAN_POINT('',(122.557391535043,29.4529691471465,-23.4900806736851));
#18412=CARTESIAN_POINT('',(227.406621820639,43.8407393243334,-37.8778508508718));
#18413=CARTESIAN_POINT('Origin',(128.320853073505,31.5879691471465,20.1049193263149));
#18414=CARTESIAN_POINT('',(245.642672314958,29.4529691471465,17.9699193263151));
#18415=CARTESIAN_POINT('',(243.908229969365,33.1724927604954,21.689442939664));
#18416=CARTESIAN_POINT('',(249.39619537822,29.4529691471465,17.9699193263151));
#18417=CARTESIAN_POINT('',(128.320853073505,29.4529691471465,17.9699193263149));
#18418=CARTESIAN_POINT('',(239.074932355953,7.31894916749466,-4.16410065333672));
#18419=CARTESIAN_POINT('Origin',(249.302933846589,29.2529691471465,-27.7600806736853));
#18420=CARTESIAN_POINT('',(249.39619537822,29.4529691471465,-23.4900806736849));
#18421=CARTESIAN_POINT('',(249.39619537822,29.4529691471465,-27.7600806736853));
#18422=CARTESIAN_POINT('',(244.332200451147,18.5931969806134,-12.6303085071518));
#18423=CARTESIAN_POINT('',(251.416033969906,33.7845269853298,-27.7600806736853));
#18424=CARTESIAN_POINT('Origin',(128.320853073505,31.5879691471465,-25.6250806736851));
#18425=CARTESIAN_POINT('',(245.642672314958,29.4529691471465,-23.4900806736849));
#18426=CARTESIAN_POINT('',(128.320853073505,29.4529691471465,-23.4900806736851));
#18427=CARTESIAN_POINT('',(238.650961874171,44.4467405736141,-38.4838521001524));
#18428=CARTESIAN_POINT('Origin',(134.084314611966,31.5879691471465,20.104919326315));
#18429=CARTESIAN_POINT('',(257.169595391881,29.4529691471465,17.9699193263152));
#18430=CARTESIAN_POINT('',(255.152570022897,33.778494009776,22.2954441889447));
#18431=CARTESIAN_POINT('',(260.923118455143,29.4529691471465,17.9699193263152));
#18432=CARTESIAN_POINT('',(134.084314611966,29.4529691471465,17.969919326315));
#18433=CARTESIAN_POINT('',(250.319272409485,6.71294791821399,-4.77010190261739));
#18434=CARTESIAN_POINT('Origin',(260.829856923512,29.2529691471465,-27.7600806736853));
#18435=CARTESIAN_POINT('',(260.923118455143,29.4529691471465,-23.4900806736848));
#18436=CARTESIAN_POINT('',(260.923118455143,29.4529691471465,-27.7600806736853));
#18437=CARTESIAN_POINT('',(255.576540504679,17.9871957313327,-12.0243072578711));
#18438=CARTESIAN_POINT('',(262.942957046829,33.7845269853298,-27.7600806736853));
#18439=CARTESIAN_POINT('Origin',(134.084314611966,31.5879691471465,-25.625080673685));
#18440=CARTESIAN_POINT('',(257.169595391881,29.4529691471465,-23.4900806736849));
#18441=CARTESIAN_POINT('',(134.084314611966,29.4529691471465,-23.490080673685));
#18442=CARTESIAN_POINT('',(249.895301927703,45.0527418228948,-39.0898533494331));
#18443=CARTESIAN_POINT('Origin',(139.847776150428,31.5879691471465,20.104919326315));
#18444=CARTESIAN_POINT('',(268.696518468804,29.4529691471465,17.9699193263152));
#18445=CARTESIAN_POINT('',(266.396910076429,34.3844952590567,22.9014454382254));
#18446=CARTESIAN_POINT('',(272.450041532066,29.4529691471465,17.9699193263152));
#18447=CARTESIAN_POINT('',(139.847776150428,29.4529691471465,17.969919326315));
#18448=CARTESIAN_POINT('',(261.563612463017,6.1069466689333,-5.37610315189803));
#18449=CARTESIAN_POINT('Origin',(272.356780000435,29.2529691471465,-27.7600806736853));
#18450=CARTESIAN_POINT('',(272.450041532066,29.4529691471465,-23.4900806736848));
#18451=CARTESIAN_POINT('',(272.450041532066,29.4529691471465,-27.7600806736853));
#18452=CARTESIAN_POINT('',(266.820880558211,17.3811944820521,-11.4183060085904));
#18453=CARTESIAN_POINT('',(274.469880123752,33.7845269853298,-27.7600806736853));
#18454=CARTESIAN_POINT('Origin',(139.847776150428,31.5879691471465,-25.625080673685));
#18455=CARTESIAN_POINT('',(268.696518468804,29.4529691471465,-23.4900806736848));
#18456=CARTESIAN_POINT('',(139.847776150428,29.4529691471465,-23.490080673685));
#18457=CARTESIAN_POINT('',(261.139641981235,45.6587430721754,-39.6958545987138));
#18458=CARTESIAN_POINT('Origin',(145.611237688889,31.5879691471465,20.104919326315));
#18459=CARTESIAN_POINT('',(280.223441545727,29.4529691471465,17.9699193263152));
#18460=CARTESIAN_POINT('',(277.641250129961,34.9904965083374,23.507446687506));
#18461=CARTESIAN_POINT('',(283.976964608989,29.4529691471465,17.9699193263152));
#18462=CARTESIAN_POINT('',(145.611237688889,29.4529691471465,17.969919326315));
#18463=CARTESIAN_POINT('',(272.807952516549,5.50094541965263,-5.98210440117871));
#18464=CARTESIAN_POINT('Origin',(283.883703077358,29.2529691471465,-27.7600806736853));
#18465=CARTESIAN_POINT('',(283.976964608989,29.4529691471465,-23.4900806736848));
#18466=CARTESIAN_POINT('',(283.976964608989,29.4529691471465,-27.7600806736853));
#18467=CARTESIAN_POINT('',(278.065220611743,16.7751932327714,-10.8123047593097));
#18468=CARTESIAN_POINT('',(285.996803200676,33.7845269853298,-27.7600806736853));
#18469=CARTESIAN_POINT('Origin',(145.611237688889,31.5879691471465,-25.625080673685));
#18470=CARTESIAN_POINT('',(280.223441545727,29.4529691471465,-23.4900806736848));
#18471=CARTESIAN_POINT('',(145.611237688889,29.4529691471465,-23.490080673685));
#18472=CARTESIAN_POINT('',(272.383982034767,46.2647443214561,-40.3018558479944));
#18473=CARTESIAN_POINT('Origin',(151.374699227351,31.5879691471465,20.104919326315));
#18474=CARTESIAN_POINT('',(291.75036462265,29.4529691471465,17.9699193263152));
#18475=CARTESIAN_POINT('',(288.885590183493,35.596497757618,24.1134479367867));
#18476=CARTESIAN_POINT('',(295.503887685912,29.4529691471465,17.9699193263152));
#18477=CARTESIAN_POINT('',(151.374699227351,29.4529691471465,17.969919326315));
#18478=CARTESIAN_POINT('',(284.052292570081,4.89494417037195,-6.58810565045937));
#18479=CARTESIAN_POINT('Origin',(295.410626154281,29.2529691471465,-27.7600806736853));
#18480=CARTESIAN_POINT('',(295.503887685912,29.4529691471465,-23.4900806736848));
#18481=CARTESIAN_POINT('',(295.503887685912,29.4529691471465,-27.7600806736853));
#18482=CARTESIAN_POINT('',(289.309560665275,16.1691919834907,-10.206303510029));
#18483=CARTESIAN_POINT('',(297.523726277599,33.7845269853298,-27.7600806736853));
#18484=CARTESIAN_POINT('Origin',(151.374699227351,31.5879691471465,-25.625080673685));
#18485=CARTESIAN_POINT('',(291.75036462265,29.4529691471465,-23.4900806736848));
#18486=CARTESIAN_POINT('',(151.374699227351,29.4529691471465,-23.490080673685));
#18487=CARTESIAN_POINT('',(283.628322088299,46.8707455707368,-40.9078570972751));
#18488=CARTESIAN_POINT('Origin',(157.138160765812,31.5879691471465,20.104919326315));
#18489=CARTESIAN_POINT('',(303.277287699573,29.4529691471465,17.9699193263152));
#18490=CARTESIAN_POINT('',(300.129930237025,36.2024990068987,24.7194491860674));
#18491=CARTESIAN_POINT('',(307.030810762836,29.4529691471465,17.9699193263152));
#18492=CARTESIAN_POINT('',(157.138160765812,29.4529691471465,17.969919326315));
#18493=CARTESIAN_POINT('',(295.296632623613,4.28894292109128,-7.19410689974002));
#18494=CARTESIAN_POINT('Origin',(306.937549231205,29.2529691471465,-27.7600806736853));
#18495=CARTESIAN_POINT('',(307.030810762836,29.4529691471465,-23.4900806736848));
#18496=CARTESIAN_POINT('',(307.030810762836,29.4529691471465,-27.7600806736853));
#18497=CARTESIAN_POINT('',(300.553900718807,15.5631907342101,-9.60030226074833));
#18498=CARTESIAN_POINT('',(309.050649354522,33.7845269853298,-27.7600806736853));
#18499=CARTESIAN_POINT('Origin',(157.138160765812,31.5879691471465,-25.625080673685));
#18500=CARTESIAN_POINT('',(303.277287699573,29.4529691471465,-23.4900806736848));
#18501=CARTESIAN_POINT('',(157.138160765812,29.4529691471465,-23.490080673685));
#18502=CARTESIAN_POINT('',(294.872662141831,47.4767468200175,-41.5138583465557));
#18503=CARTESIAN_POINT('Origin',(162.901622304274,31.5879691471465,20.104919326315));
#18504=CARTESIAN_POINT('',(314.804210776497,29.4529691471465,17.9699193263152));
#18505=CARTESIAN_POINT('',(311.374270290557,36.8085002561794,25.3254504353481));
#18506=CARTESIAN_POINT('',(318.557733839759,29.4529691471465,17.9699193263153));
#18507=CARTESIAN_POINT('',(162.901622304274,29.4529691471465,17.969919326315));
#18508=CARTESIAN_POINT('',(306.540972677145,3.68294167181059,-7.80010814902069));
#18509=CARTESIAN_POINT('Origin',(318.464472308128,29.2529691471465,-27.7600806736853));
#18510=CARTESIAN_POINT('',(318.557733839759,29.4529691471465,-23.4900806736847));
#18511=CARTESIAN_POINT('',(318.557733839759,29.4529691471465,-27.7600806736853));
#18512=CARTESIAN_POINT('',(311.798240772339,14.9571894849294,-8.99430101146764));
#18513=CARTESIAN_POINT('',(320.577572431445,33.7845269853298,-27.7600806736853));
#18514=CARTESIAN_POINT('Origin',(162.901622304274,31.5879691471465,-25.625080673685));
#18515=CARTESIAN_POINT('',(314.804210776497,29.4529691471465,-23.4900806736847));
#18516=CARTESIAN_POINT('',(162.901622304274,29.4529691471465,-23.490080673685));
#18517=CARTESIAN_POINT('',(306.117002195363,48.0827480692982,-42.1198595958364));
#18518=CARTESIAN_POINT('Origin',(168.665083842735,31.5879691471465,20.104919326315));
#18519=CARTESIAN_POINT('',(326.33113385342,29.4529691471465,17.9699193263153));
#18520=CARTESIAN_POINT('',(322.618610344089,37.41450150546,25.9314516846288));
#18521=CARTESIAN_POINT('',(330.084656916682,29.4529691471465,17.9699193263153));
#18522=CARTESIAN_POINT('',(168.665083842735,29.4529691471465,17.969919326315));
#18523=CARTESIAN_POINT('',(317.785312730677,3.07694042252991,-8.40610939830136));
#18524=CARTESIAN_POINT('Origin',(329.991395385051,29.2529691471465,-27.7600806736853));
#18525=CARTESIAN_POINT('',(330.084656916682,29.4529691471465,-23.4900806736847));
#18526=CARTESIAN_POINT('',(330.084656916682,29.4529691471465,-27.7600806736853));
#18527=CARTESIAN_POINT('',(323.042580825871,14.3511882356487,-8.38829976218696));
#18528=CARTESIAN_POINT('',(332.104495508368,33.7845269853298,-27.7600806736853));
#18529=CARTESIAN_POINT('Origin',(168.665083842735,31.5879691471465,-25.625080673685));
#18530=CARTESIAN_POINT('',(326.33113385342,29.4529691471465,-23.4900806736847));
#18531=CARTESIAN_POINT('',(168.665083842735,29.4529691471465,-23.490080673685));
#18532=CARTESIAN_POINT('',(317.361342248895,48.6887493185788,-42.7258608451171));
#18533=CARTESIAN_POINT('Origin',(174.428545381197,31.5879691471465,20.104919326315));
#18534=CARTESIAN_POINT('',(337.858056930343,29.4529691471465,17.9699193263153));
#18535=CARTESIAN_POINT('',(333.862950397621,38.0205027547407,26.5374529339095));
#18536=CARTESIAN_POINT('',(341.611579993605,29.4529691471465,17.9699193263153));
#18537=CARTESIAN_POINT('',(174.428545381197,29.4529691471465,17.969919326315));
#18538=CARTESIAN_POINT('',(329.029652784209,2.47093917324923,-9.01211064758202));
#18539=CARTESIAN_POINT('Origin',(341.518318461974,29.2529691471465,-27.7600806736853));
#18540=CARTESIAN_POINT('',(341.611579993605,29.4529691471465,-23.4900806736847));
#18541=CARTESIAN_POINT('',(341.611579993605,29.4529691471465,-27.7600806736853));
#18542=CARTESIAN_POINT('',(334.286920879403,13.7451869863681,-7.78229851290626));
#18543=CARTESIAN_POINT('',(343.63141858533,33.7845269854138,-27.7600806736853));
#18544=CARTESIAN_POINT('Origin',(174.428545381197,31.5879691471465,-25.625080673685));
#18545=CARTESIAN_POINT('',(337.858056930343,29.4529691471465,-23.4900806736847));
#18546=CARTESIAN_POINT('',(174.428545381197,29.4529691471465,-23.490080673685));
#18547=CARTESIAN_POINT('',(328.605682302427,49.2947505678595,-43.3318620943977));
#18548=CARTESIAN_POINT('Origin',(180.233789274883,31.5879354505146,20.104919326315));
#18549=CARTESIAN_POINT('',(349.468544717718,29.4529354505146,17.9699193263153));
#18550=CARTESIAN_POINT('',(345.188802255961,38.6308727780231,27.1478566538239));
#18551=CARTESIAN_POINT('',(353.222235920313,29.4529354505146,17.9699193263153));
#18552=CARTESIAN_POINT('',(180.233789274883,29.4529354505146,17.969919326315));
#18553=CARTESIAN_POINT('',(340.355668851107,1.86049332740358,-9.62252279679578));
#18554=CARTESIAN_POINT('Origin',(353.128974388682,29.2529354505146,-27.7600806736853));
#18555=CARTESIAN_POINT('',(353.222235920313,29.4529354505146,-23.4900806736847));
#18556=CARTESIAN_POINT('',(345.612936946301,13.1347411405223,-7.17188636369243));
#18557=CARTESIAN_POINT('',(355.150335212732,33.5877577265387,-27.7600806736853));
#18558=CARTESIAN_POINT('',(353.222235920313,29.4529354505146,-27.7600806736853));
#18559=CARTESIAN_POINT('Origin',(180.233789274883,31.5879354505146,-25.625080673685));
#18560=CARTESIAN_POINT('',(349.468544717718,29.4529354505146,-23.4900806736847));
#18561=CARTESIAN_POINT('',(180.233789274883,29.4529354505146,-23.490080673685));
#18562=CARTESIAN_POINT('',(339.931534160892,49.9051205912077,-43.9422658143778));
#18563=CARTESIAN_POINT('Origin',(209.488968598124,82.2753403426978,20.1049193263151));
#18564=CARTESIAN_POINT('',(360.145123932237,28.297709761965,17.9699193263153));
#18565=CARTESIAN_POINT('',(359.190067606539,37.304865276873,26.1789360289795));
#18566=CARTESIAN_POINT('',(363.695429791673,27.0788882209234,17.9699193263153));
#18567=CARTESIAN_POINT('',(208.795735231372,80.2560205316669,17.9699193263151));
#18568=CARTESIAN_POINT('',(343.308700036371,5.92896592571174,-8.6536021714902));
#18569=CARTESIAN_POINT('Origin',(363.542281533228,26.9200067424011,-27.7600806736853));
#18570=CARTESIAN_POINT('',(363.695429791673,27.0788882209234,-23.4900806736847));
#18571=CARTESIAN_POINT('',(351.94185712565,14.8853117345889,-8.14080698899784));
#18572=CARTESIAN_POINT('',(366.861633944435,30.3636216041321,-27.7600806736853));
#18573=CARTESIAN_POINT('',(363.695429791673,27.0788882209234,-27.7600806736853));
#18574=CARTESIAN_POINT('Origin',(209.488968598124,82.2753403426978,-25.6250806736849));
#18575=CARTESIAN_POINT('',(360.145123932237,28.297709761965,-23.4900806736847));
#18576=CARTESIAN_POINT('',(208.795735231372,80.2560205316669,-23.4900806736849));
#18577=CARTESIAN_POINT('',(357.878395078463,49.6752754057028,-42.9733451894675));
#18578=CARTESIAN_POINT('Origin',(265.941830800141,107.332947094111,20.1049193263152));
#18579=CARTESIAN_POINT('',(369.86811546783,23.7383977838025,17.9699193263153));
#18580=CARTESIAN_POINT('',(371.199135532189,29.5523907057165,23.3755061067159));
#18581=CARTESIAN_POINT('',(372.830305255564,21.432832927656,17.9699193263153));
#18582=CARTESIAN_POINT('',(264.630486658548,105.64813210655,17.9699193263152));
#18583=CARTESIAN_POINT('',(349.434330992174,9.45779597962703,-5.85017224922747));
#18584=CARTESIAN_POINT('Origin',(372.633866260448,21.3322872441093,-27.7600806736853));
#18585=CARTESIAN_POINT('',(372.830305255564,21.432832927656,-23.4900806736847));
#18586=CARTESIAN_POINT('',(360.50784054768,15.1256807438465,-10.9442369112607));
#18587=CARTESIAN_POINT('',(376.891506919997,23.5115255880888,-27.7600806736853));
#18588=CARTESIAN_POINT('',(372.830305255564,21.432832927656,-27.7600806736853));
#18589=CARTESIAN_POINT('Origin',(265.941830800141,107.332947094111,-25.6250806736848));
#18590=CARTESIAN_POINT('',(369.86811546783,23.7383977838025,-23.4900806736847));
#18591=CARTESIAN_POINT('',(264.630486658548,105.64813210655,-23.4900806736848));
#18592=CARTESIAN_POINT('',(373.975198642344,41.6784372661086,-40.1699152672041));
#18593=CARTESIAN_POINT('Origin',(328.977191184918,94.5706288263329,20.1049193263153));
#18594=CARTESIAN_POINT('',(377.583882323855,16.2690717138755,17.9699193263154));
#18595=CARTESIAN_POINT('',(378.207590933764,17.2733620554304,19.0413620192681));
#18596=CARTESIAN_POINT('',(379.636956813276,13.1266072693121,17.9699193263154));
#18597=CARTESIAN_POINT('',(327.189840753828,93.4028945087415,17.9699193263153));
#18598=CARTESIAN_POINT('',(358.35415958007,10.0756726313285,-1.51602816177999));
#18599=CARTESIAN_POINT('Origin',(379.418514294674,13.0952930656805,-27.7600806736853));
#18600=CARTESIAN_POINT('',(379.636956813276,13.1266072693121,-23.4900806736846));
#18601=CARTESIAN_POINT('',(370.66803501826,11.8408930903936,-15.2783809987078));
#18602=CARTESIAN_POINT('',(384.153061773003,13.7740006029714,-27.7600806736853));
#18603=CARTESIAN_POINT('',(379.636956813276,13.1266072693121,-27.7600806736853));
#18604=CARTESIAN_POINT('Origin',(328.977191184918,94.5706288263329,-25.6250806736847));
#18605=CARTESIAN_POINT('',(377.583882323855,16.2690717138755,-23.4900806736846));
#18606=CARTESIAN_POINT('',(327.189840753828,93.4028945087415,-23.4900806736847));
#18607=CARTESIAN_POINT('',(384.770560169109,27.8409997475675,-35.8357711797561));
#18608=CARTESIAN_POINT('Origin',(374.504004786955,46.799110048173,20.1049193263153));
#18609=CARTESIAN_POINT('',(382.456301439004,6.69914893039592,17.9699193263154));
#18610=CARTESIAN_POINT('',(378.759809626214,3.68323275998907,13.6461755296861));
#18611=CARTESIAN_POINT('',(383.37777815245,3.06031968034414,17.9699193263154));
#18612=CARTESIAN_POINT('',(372.434335219174,46.2749985331274,17.9699193263153));
#18613=CARTESIAN_POINT('',(368.105196445058,5.97081259191357,3.87915832780566));
#18614=CARTESIAN_POINT('Origin',(383.161003746738,3.10163033648085,-27.7600806736853));
#18615=CARTESIAN_POINT('',(383.37777815245,3.06031968034414,-23.4900806736846));
#18616=CARTESIAN_POINT('',(380.325038292741,3.64207971887434,-20.6735674882968));
#18617=CARTESIAN_POINT('',(387.859396360505,2.20625857418613,-27.7600806736853));
#18618=CARTESIAN_POINT('',(383.37777815245,3.06031968034414,-27.7600806736853));
#18619=CARTESIAN_POINT('Origin',(374.504004786955,46.799110048173,-25.6250806736846));
#18620=CARTESIAN_POINT('',(382.456301439004,6.69914893039592,-23.4900806736846));
#18621=CARTESIAN_POINT('',(372.434335219174,46.2749985331274,-23.4900806736847));
#18622=CARTESIAN_POINT('',(388.398485435139,11.5472940661346,-30.4405846901739));
#18623=CARTESIAN_POINT('Origin',(384.844952779832,-19.0767195021349,20.1049193263154));
#18624=CARTESIAN_POINT('',(383.957370598791,-3.93432094039447,17.9699193263154));
#18625=CARTESIAN_POINT('',(373.404277176461,-7.8303162265549,7.77459880906414));
#18626=CARTESIAN_POINT('',(383.647393236176,-7.67519138443847,17.9699193263154));
#18627=CARTESIAN_POINT('',(382.717244887263,-18.9004125995521,17.9699193263154));
#18628=CARTESIAN_POINT('',(375.7727809018,-3.17687846019943,9.75073504842518));
#18629=CARTESIAN_POINT('Origin',(383.455777813814,-7.5657325191265,-27.7600806736853));
#18630=CARTESIAN_POINT('',(383.647393236176,-7.67519138443847,-23.4900806736846));
#18631=CARTESIAN_POINT('',(386.574379684396,-9.34721032454836,-26.5451442089121));
#18632=CARTESIAN_POINT('',(387.608871820227,-9.93815615743959,-27.7600806736853));
#18633=CARTESIAN_POINT('',(383.647393236176,-7.67519138443847,-27.7600806736853));
#18634=CARTESIAN_POINT('Origin',(384.844952779832,-19.0767195021349,-25.6250806736846));
#18635=CARTESIAN_POINT('',(383.957370598791,-3.93432094039447,-23.4900806736846));
#18636=CARTESIAN_POINT('',(382.717244887263,-18.9004125995521,-23.4900806736846));
#18637=CARTESIAN_POINT('',(385.074159475604,-3.52202437240487,-24.5690079695538));
#18638=CARTESIAN_POINT('Origin',(356.026349088471,-78.8356762171785,20.1049193263153));
#18639=CARTESIAN_POINT('',(381.924425668244,-14.4790364427105,17.9699193263154));
#18640=CARTESIAN_POINT('',(364.377608925859,-14.8820674610013,2.0629083019745));
#18641=CARTESIAN_POINT('',(380.416585086601,-17.9165667225487,17.9699193263154));
#18642=CARTESIAN_POINT('',(354.071173036062,-77.9780564855449,17.9699193263153));
#18643=CARTESIAN_POINT('',(378.589976992036,-15.8385375782954,15.4624255555186));
#18644=CARTESIAN_POINT('Origin',(380.270893151822,-17.7508212145475,-27.7600806736853));
#18645=CARTESIAN_POINT('',(380.416585086601,-17.9165667225487,-23.4900806736846));
#18646=CARTESIAN_POINT('',(386.802811877377,-25.1818172338813,-32.256834716006));
#18647=CARTESIAN_POINT('',(383.428636373402,-21.3432078157211,-27.7600806736853));
#18648=CARTESIAN_POINT('',(380.416585086601,-17.9165667225487,-27.7600806736853));
#18649=CARTESIAN_POINT('Origin',(356.026349088471,-78.8356762171785,-25.6250806736847));
#18650=CARTESIAN_POINT('',(381.924425668244,-14.4790364427105,-23.4900806736846));
#18651=CARTESIAN_POINT('',(354.071173036062,-77.9780564855449,-23.4900806736847));
#18652=CARTESIAN_POINT('',(376.814084891226,-14.5964153312811,-18.8573174624638));
#18653=CARTESIAN_POINT('Origin',(299.41195057064,-110.769044645941,20.1049193263152));
#18654=CARTESIAN_POINT('',(376.577767774988,-23.7923140337569,17.9699193263153));
#18655=CARTESIAN_POINT('',(354.663701606713,-16.8274669701499,-2.86994569913171));
#18656=CARTESIAN_POINT('',(374.035461897896,-26.553994404791,17.9699193263153));
#18657=CARTESIAN_POINT('',(297.841180021352,-109.32304849052,17.9699193263152));
#18658=CARTESIAN_POINT('',(375.053876302649,-29.0287234864191,20.395279556619));
#18659=CARTESIAN_POINT('Origin',(373.951481432476,-26.349923351699,-27.7600806736853));
#18660=CARTESIAN_POINT('',(374.035461897896,-26.553994404791,-23.4900806736847));
#18661=CARTESIAN_POINT('',(379.787959195647,-40.5324616066386,-37.1896887171079));
#18662=CARTESIAN_POINT('',(375.771683393731,-30.7729820858747,-27.7600806736853));
#18663=CARTESIAN_POINT('',(374.035461897896,-26.553994404791,-27.7600806736853));
#18664=CARTESIAN_POINT('Origin',(299.41195057064,-110.769044645941,-25.6250806736848));
#18665=CARTESIAN_POINT('',(376.577767774988,-23.7923140337569,-23.4900806736846));
#18666=CARTESIAN_POINT('',(297.841180021352,-109.32304849052,-23.4900806736848));
#18667=CARTESIAN_POINT('',(366.51908609565,-20.5954094054632,-13.9244634613573));
#18668=CARTESIAN_POINT('Origin',(236.996209958184,-104.457058935172,20.1049193263151));
#18669=CARTESIAN_POINT('',(368.496790263703,-30.8649155761526,17.9699193263153));
#18670=CARTESIAN_POINT('',(346.824532832305,-14.7820287323719,-6.48941192211678));
#18671=CARTESIAN_POINT('',(365.195517380884,-32.651475118295,17.9699193263153));
#18672=CARTESIAN_POINT('',(235.98006227405,-102.579382476346,17.9699193263151));
#18673=CARTESIAN_POINT('',(365.59352113258,-39.3093174896094,24.0147457795953));
#18674=CARTESIAN_POINT('Origin',(365.182348971343,-32.4311927852033,-27.7600806736853));
#18675=CARTESIAN_POINT('',(365.195517380884,-32.651475118295,-23.4900806736847));
#18676=CARTESIAN_POINT('',(366.335840694913,-51.7269055502493,-40.8091549400848));
#18677=CARTESIAN_POINT('',(365.467762546428,-37.2056166077057,-27.7600806736853));
#18678=CARTESIAN_POINT('',(365.195517380884,-32.651475118295,-27.7600806736853));
#18679=CARTESIAN_POINT('Origin',(236.996209958184,-104.457058935172,-25.6250806736849));
#18680=CARTESIAN_POINT('',(368.496790263703,-30.8649155761526,-23.4900806736847));
#18681=CARTESIAN_POINT('',(235.98006227405,-102.579382476346,-23.4900806736849));
#18682=CARTESIAN_POINT('',(356.814110980192,-22.1952507042011,-10.3049972383711));
#18683=CARTESIAN_POINT('Origin',(192.332623847034,-64.8329107798443,20.1049193263151));
#18684=CARTESIAN_POINT('',(358.557192437021,-34.930414950059,17.9699193263153));
#18685=CARTESIAN_POINT('',(342.086020056017,-10.9411136513307,-8.40326503991356));
#18686=CARTESIAN_POINT('',(354.854696689856,-35.5482522155909,17.9699193263153));
#18687=CARTESIAN_POINT('',(191.981214396784,-62.7270293970795,17.9699193263151));
#18688=CARTESIAN_POINT('',(352.504074898759,-44.0092281002782,25.9285988973839));
#18689=CARTESIAN_POINT('Origin',(354.913767337697,-35.3356296113226,-27.7600806736853));
#18690=CARTESIAN_POINT('',(354.854696689856,-35.5482522155909,-27.7600806736853));
#18691=CARTESIAN_POINT('Origin',(179.094107458546,-37.85523303308,20.104919326315));
#18692=CARTESIAN_POINT('',(347.374911313101,-35.7166436845311,17.9699193263153));
#18693=CARTESIAN_POINT('',(335.10667418694,-9.40732426503031,-8.33966176275828));
#18694=CARTESIAN_POINT('',(343.621393444134,-35.7167237452497,17.9699193263153));
#18695=CARTESIAN_POINT('',(179.094061920029,-35.7202330335656,17.969919326315));
#18696=CARTESIAN_POINT('',(342.539891812254,-38.0361406403957,20.2893131530276));
#18697=CARTESIAN_POINT('',(339.939700797498,-43.6125788005008,25.8656958510488));
#18698=CARTESIAN_POINT('',(342.539891812254,-25.9324668252002,8.18563934058526));
#18699=CARTESIAN_POINT('Origin',(343.714650709841,-35.5167217560719,-27.7600806736853));
#18700=CARTESIAN_POINT('',(343.621393444134,-35.7167237452497,-23.4900806736847));
#18701=CARTESIAN_POINT('',(343.621393444134,-35.7167237452497,-27.7600806736853));
#18702=CARTESIAN_POINT('',(342.539891812254,-38.0361406403957,-25.809474500397));
#18703=CARTESIAN_POINT('',(334.682673177745,-54.8869387460377,-42.6601050115369));
#18704=CARTESIAN_POINT('',(342.539891812254,-38.0361406403957,-27.7600806736853));
#18705=CARTESIAN_POINT('Origin',(347.281654974932,-35.7166456736436,-27.7600806736853));
#18706=CARTESIAN_POINT('',(347.374911313101,-35.7166436845311,-23.4900806736847));
#18707=CARTESIAN_POINT('',(347.374911313101,-35.7166436845311,-27.7600806736853));
#18708=CARTESIAN_POINT('',(179.094061920029,-35.7202330335656,-23.490080673685));
#18709=CARTESIAN_POINT('Origin',(348.618814889177,-38.384203511873,-27.7600806736853));
#18710=CARTESIAN_POINT('',(340.363947409245,-20.6815830732718,-8.45487052538027));
#18711=CARTESIAN_POINT('Origin',(179.094107458546,-37.85523303308,-25.625080673685));
#18712=CARTESIAN_POINT('',(342.539891812254,-38.4324668252006,-26.2058006851117));
#18713=CARTESIAN_POINT('Origin',(173.330645917462,-37.8551101012361,20.104919326315));
#18714=CARTESIAN_POINT('',(335.847988236178,-35.7166436845311,17.9699193263153));
#18715=CARTESIAN_POINT('',(323.862318672755,-10.0132923588335,-7.73368764206369));
#18716=CARTESIAN_POINT('',(332.094470367211,-35.7167237452497,17.9699193263153));
#18717=CARTESIAN_POINT('',(173.330600378946,-35.7201101017218,17.969919326315));
#18718=CARTESIAN_POINT('',(331.012968735331,-38.0361406403959,20.2893131530277));
#18719=CARTESIAN_POINT('',(328.695347818124,-43.0065715241367,25.2596946019059));
#18720=CARTESIAN_POINT('',(331.012968735331,-25.9324360922393,8.18560860762432));
#18721=CARTESIAN_POINT('Origin',(332.187727632918,-35.5167217560719,-27.7600806736853));
#18722=CARTESIAN_POINT('',(332.094470367211,-35.7167237452497,-23.4900806736847));
#18723=CARTESIAN_POINT('',(332.094470367211,-35.7167237452497,-27.7600806736853));
#18724=CARTESIAN_POINT('',(331.012968735331,-38.0361406403959,-25.8094745003972));
#18725=CARTESIAN_POINT('',(323.438320198372,-54.2809314696736,-42.054103762394));
#18726=CARTESIAN_POINT('',(331.012968735331,-38.0361406403959,-27.7600806736853));
#18727=CARTESIAN_POINT('Origin',(335.754731898009,-35.7166456736436,-27.7600806736853));
#18728=CARTESIAN_POINT('',(335.847988236178,-35.7166436845311,-23.4900806736847));
#18729=CARTESIAN_POINT('',(335.847988236178,-35.7166436845311,-27.7600806736853));
#18730=CARTESIAN_POINT('',(173.330600378946,-35.7201101017218,-23.490080673685));
#18731=CARTESIAN_POINT('Origin',(337.091891812254,-38.384203511873,-27.7600806736853));
#18732=CARTESIAN_POINT('',(337.867827755424,-40.048203511873,-27.7600806736853));
#18733=CARTESIAN_POINT('',(329.11959189506,-21.287551167075,-9.06084464607489));
#18734=CARTESIAN_POINT('Origin',(173.330645917462,-37.8551101012361,-25.625080673685));
#18735=CARTESIAN_POINT('',(331.012968735331,-38.4324360922396,-26.2057699521508));
#18736=CARTESIAN_POINT('Origin',(167.567184376378,-37.8549871693923,20.104919326315));
#18737=CARTESIAN_POINT('',(324.321065159254,-35.7166436845311,17.9699193263153));
#18738=CARTESIAN_POINT('',(312.61796315857,-10.6192604526366,-7.12771352136911));
#18739=CARTESIAN_POINT('',(320.567547290288,-35.7167237452497,17.9699193263152));
#18740=CARTESIAN_POINT('',(167.567138837862,-35.7199871698779,17.969919326315));
#18741=CARTESIAN_POINT('',(319.486045658408,-38.0361406403958,20.2893131530276));
#18742=CARTESIAN_POINT('',(317.45099483875,-42.4005642477723,24.6536933527627));
#18743=CARTESIAN_POINT('',(319.486045658408,-25.9324053592783,8.18557787466333));
#18744=CARTESIAN_POINT('Origin',(320.660804555994,-35.5167217560719,-27.7600806736853));
#18745=CARTESIAN_POINT('',(320.567547290288,-35.7167237452497,-23.4900806736847));
#18746=CARTESIAN_POINT('',(320.567547290288,-35.7167237452497,-27.7600806736853));
#18747=CARTESIAN_POINT('',(319.486045658408,-38.0361406403958,-25.8094745003971));
#18748=CARTESIAN_POINT('',(312.193967218998,-53.6749241933092,-41.4481025132509));
#18749=CARTESIAN_POINT('',(319.486045658408,-38.0361406403958,-27.7600806736853));
#18750=CARTESIAN_POINT('Origin',(324.227808821086,-35.7166456736436,-27.7600806736853));
#18751=CARTESIAN_POINT('',(324.321065159254,-35.7166436845311,-23.4900806736847));
#18752=CARTESIAN_POINT('',(324.321065159254,-35.7166436845311,-27.7600806736853));
#18753=CARTESIAN_POINT('',(167.567138837862,-35.7199871698779,-23.490080673685));
#18754=CARTESIAN_POINT('Origin',(325.564968735331,-38.384203511873,-27.7600806736853));
#18755=CARTESIAN_POINT('',(326.340904678501,-40.048203511873,-27.7600806736853));
#18756=CARTESIAN_POINT('',(317.875236380875,-21.8935192608781,-9.6668187667695));
#18757=CARTESIAN_POINT('Origin',(167.567184376378,-37.8549871693923,-25.625080673685));
#18758=CARTESIAN_POINT('',(319.486045658408,-38.4324053592787,-26.2057392191898));
#18759=CARTESIAN_POINT('Origin',(161.803722835295,-37.8548642375485,20.104919326315));
#18760=CARTESIAN_POINT('',(312.794142082331,-35.7166436845311,17.9699193263152));
#18761=CARTESIAN_POINT('',(301.373607644385,-11.2252285464398,-6.52173940067451));
#18762=CARTESIAN_POINT('',(309.040624213365,-35.7167237452497,17.9699193263152));
#18763=CARTESIAN_POINT('',(161.803677296778,-35.7198642380341,17.969919326315));
#18764=CARTESIAN_POINT('',(307.959122581485,-38.0361406403957,20.2893131530275));
#18765=CARTESIAN_POINT('',(306.206641859376,-41.7945569714086,24.0476921036202));
#18766=CARTESIAN_POINT('',(307.959122581485,-25.9323746263173,8.18554714170235));
#18767=CARTESIAN_POINT('Origin',(309.133881479071,-35.5167217560719,-27.7600806736853));
#18768=CARTESIAN_POINT('',(309.040624213365,-35.7167237452497,-23.4900806736848));
#18769=CARTESIAN_POINT('',(309.040624213365,-35.7167237452497,-27.7600806736853));
#18770=CARTESIAN_POINT('',(307.959122581485,-38.0361406403957,-25.809474500397));
#18771=CARTESIAN_POINT('',(300.949614239624,-53.0689169169455,-40.8421012641084));
#18772=CARTESIAN_POINT('',(307.959122581485,-38.0361406403957,-27.7600806736853));
#18773=CARTESIAN_POINT('Origin',(312.700885744163,-35.7166456736436,-27.7600806736853));
#18774=CARTESIAN_POINT('',(312.794142082331,-35.7166436845311,-23.4900806736847));
#18775=CARTESIAN_POINT('',(312.794142082331,-35.7166436845311,-27.7600806736853));
#18776=CARTESIAN_POINT('',(161.803677296779,-35.7198642380341,-23.490080673685));
#18777=CARTESIAN_POINT('Origin',(314.038045658408,-38.384203511873,-27.7600806736853));
#18778=CARTESIAN_POINT('',(314.813981601578,-40.048203511873,-27.7600806736853));
#18779=CARTESIAN_POINT('',(306.63088086669,-22.4994873546812,-10.2727928874641));
#18780=CARTESIAN_POINT('Origin',(161.803722835295,-37.8548642375485,-25.625080673685));
#18781=CARTESIAN_POINT('',(307.959122581485,-38.4323746263177,-26.2057084862288));
#18782=CARTESIAN_POINT('Origin',(156.040261294211,-37.8547413057046,20.104919326315));
#18783=CARTESIAN_POINT('',(301.267219005408,-35.7166436845311,17.9699193263152));
#18784=CARTESIAN_POINT('',(290.1292521302,-11.8311966402429,-5.91576527997992));
#18785=CARTESIAN_POINT('',(297.513701136442,-35.7167237452497,17.9699193263152));
#18786=CARTESIAN_POINT('',(156.040215755695,-35.7197413061903,17.969919326315));
#18787=CARTESIAN_POINT('',(296.432199504561,-38.0361406403958,20.2893131530276));
#18788=CARTESIAN_POINT('',(294.962288880003,-41.1885496950446,23.4416908544773));
#18789=CARTESIAN_POINT('',(296.432199504561,-25.9323438933563,8.1855164087414));
#18790=CARTESIAN_POINT('Origin',(297.606958402148,-35.5167217560719,-27.7600806736853));
#18791=CARTESIAN_POINT('',(297.513701136442,-35.7167237452497,-23.4900806736848));
#18792=CARTESIAN_POINT('',(297.513701136442,-35.7167237452497,-27.7600806736853));
#18793=CARTESIAN_POINT('',(296.432199504561,-38.0361406403958,-25.8094745003971));
#18794=CARTESIAN_POINT('',(289.70526126025,-52.4629096405814,-40.2361000149655));
#18795=CARTESIAN_POINT('',(296.432199504561,-38.0361406403958,-27.7600806736853));
#18796=CARTESIAN_POINT('Origin',(301.17396266724,-35.7166456736436,-27.7600806736853));
#18797=CARTESIAN_POINT('',(301.267219005408,-35.7166436845311,-23.4900806736848));
#18798=CARTESIAN_POINT('',(301.267219005408,-35.7166436845311,-27.7600806736853));
#18799=CARTESIAN_POINT('',(156.040215755695,-35.7197413061903,-23.490080673685));
#18800=CARTESIAN_POINT('Origin',(302.511122581485,-38.384203511873,-27.7600806736853));
#18801=CARTESIAN_POINT('',(303.287058524655,-40.048203511873,-27.7600806736853));
#18802=CARTESIAN_POINT('',(295.386525352505,-23.1054554484844,-10.8787670081587));
#18803=CARTESIAN_POINT('Origin',(156.040261294211,-37.8547413057046,-25.625080673685));
#18804=CARTESIAN_POINT('',(296.432199504561,-38.4323438933567,-26.2056777532679));
#18805=CARTESIAN_POINT('Origin',(150.276799753127,-37.8546183738608,20.104919326315));
#18806=CARTESIAN_POINT('',(289.740295928485,-35.7166436845311,17.9699193263152));
#18807=CARTESIAN_POINT('',(278.884896616015,-12.4371647340461,-5.30979115928533));
#18808=CARTESIAN_POINT('',(285.986778059519,-35.7167237452497,17.9699193263152));
#18809=CARTESIAN_POINT('',(150.276754214611,-35.7196183743464,17.969919326315));
#18810=CARTESIAN_POINT('',(284.905276427638,-38.0361406403958,20.2893131530276));
#18811=CARTESIAN_POINT('',(283.717935900629,-40.5825424186805,22.8356896053345));
#18812=CARTESIAN_POINT('',(284.905276427638,-25.9323131603954,8.18548567578043));
#18813=CARTESIAN_POINT('Origin',(286.080035325225,-35.5167217560719,-27.7600806736853));
#18814=CARTESIAN_POINT('',(285.986778059519,-35.7167237452497,-23.4900806736848));
#18815=CARTESIAN_POINT('',(285.986778059519,-35.7167237452497,-27.7600806736853));
#18816=CARTESIAN_POINT('',(284.905276427638,-38.0361406403958,-25.8094745003972));
#18817=CARTESIAN_POINT('',(278.460908280877,-51.8569023642173,-39.6300987658227));
#18818=CARTESIAN_POINT('',(284.905276427638,-38.0361406403958,-27.7600806736853));
#18819=CARTESIAN_POINT('Origin',(289.647039590317,-35.7166456736436,-27.7600806736853));
#18820=CARTESIAN_POINT('',(289.740295928485,-35.7166436845311,-23.4900806736848));
#18821=CARTESIAN_POINT('',(289.740295928485,-35.7166436845311,-27.7600806736853));
#18822=CARTESIAN_POINT('',(150.276754214611,-35.7196183743464,-23.490080673685));
#18823=CARTESIAN_POINT('Origin',(290.984199504562,-38.384203511873,-27.7600806736853));
#18824=CARTESIAN_POINT('',(291.760135447731,-40.048203511873,-27.7600806736853));
#18825=CARTESIAN_POINT('',(284.14216983832,-23.7114235422875,-11.4847411288533));
#18826=CARTESIAN_POINT('Origin',(150.276799753128,-37.8546183738608,-25.625080673685));
#18827=CARTESIAN_POINT('',(284.905276427638,-38.4323131603957,-26.2056470203069));
#18828=CARTESIAN_POINT('Origin',(144.513338212044,-37.8544954420169,20.104919326315));
#18829=CARTESIAN_POINT('',(278.213372851562,-35.7166436845311,17.9699193263152));
#18830=CARTESIAN_POINT('',(267.64054110183,-13.0431328278492,-4.70381703859074));
#18831=CARTESIAN_POINT('',(274.459854982596,-35.7167237452497,17.9699193263152));
#18832=CARTESIAN_POINT('',(144.513292673528,-35.7194954425026,17.969919326315));
#18833=CARTESIAN_POINT('',(273.378353350715,-38.0361406403957,20.2893131530275));
#18834=CARTESIAN_POINT('',(272.473582921255,-39.9765351423164,22.2296883561916));
#18835=CARTESIAN_POINT('',(273.378353350715,-25.9322824274344,8.18545494281944));
#18836=CARTESIAN_POINT('Origin',(274.553112248302,-35.5167217560719,-27.7600806736853));
#18837=CARTESIAN_POINT('',(274.459854982596,-35.7167237452497,-23.4900806736848));
#18838=CARTESIAN_POINT('',(274.459854982596,-35.7167237452497,-27.7600806736853));
#18839=CARTESIAN_POINT('',(273.378353350715,-38.0361406403957,-25.8094745003971));
#18840=CARTESIAN_POINT('',(267.216555301503,-51.2508950878533,-39.0240975166798));
#18841=CARTESIAN_POINT('',(273.378353350715,-38.0361406403957,-27.7600806736853));
#18842=CARTESIAN_POINT('Origin',(278.120116513394,-35.7166456736436,-27.7600806736853));
#18843=CARTESIAN_POINT('',(278.213372851562,-35.7166436845311,-23.4900806736848));
#18844=CARTESIAN_POINT('',(278.213372851562,-35.7166436845311,-27.7600806736853));
#18845=CARTESIAN_POINT('',(144.513292673528,-35.7194954425026,-23.490080673685));
#18846=CARTESIAN_POINT('Origin',(279.457276427638,-38.384203511873,-27.7600806736853));
#18847=CARTESIAN_POINT('',(280.233212370808,-40.048203511873,-27.7600806736853));
#18848=CARTESIAN_POINT('',(272.897814324135,-24.3173916360907,-12.0907152495479));
#18849=CARTESIAN_POINT('Origin',(144.513338212044,-37.8544954420169,-25.625080673685));
#18850=CARTESIAN_POINT('',(273.378353350715,-38.4322824274347,-26.205616287346));
#18851=CARTESIAN_POINT('Origin',(138.74987667096,-37.8543725101731,20.104919326315));
#18852=CARTESIAN_POINT('',(266.686449774639,-35.7166436845311,17.9699193263152));
#18853=CARTESIAN_POINT('',(256.396185587645,-13.6491009216524,-4.09784291789616));
#18854=CARTESIAN_POINT('',(262.932931905672,-35.7167237452497,17.9699193263152));
#18855=CARTESIAN_POINT('',(138.749831132444,-35.7193725106587,17.969919326315));
#18856=CARTESIAN_POINT('',(261.851430273792,-38.0361406403958,20.2893131530275));
#18857=CARTESIAN_POINT('',(261.229229941881,-39.3705278659524,21.6236871070487));
#18858=CARTESIAN_POINT('',(261.851430273792,-25.9322516944735,8.18542420985848));
#18859=CARTESIAN_POINT('Origin',(263.026189171379,-35.5167217560719,-27.7600806736853));
#18860=CARTESIAN_POINT('',(262.932931905672,-35.7167237452497,-23.4900806736848));
#18861=CARTESIAN_POINT('',(262.932931905672,-35.7167237452497,-27.7600806736853));
#18862=CARTESIAN_POINT('',(261.851430273792,-38.0361406403958,-25.8094745003972));
#18863=CARTESIAN_POINT('',(255.972202322129,-50.6448878114892,-38.418096267537));
#18864=CARTESIAN_POINT('',(261.851430273792,-38.0361406403958,-27.7600806736853));
#18865=CARTESIAN_POINT('Origin',(266.593193436471,-35.7166456736436,-27.7600806736853));
#18866=CARTESIAN_POINT('',(266.686449774639,-35.7166436845311,-23.4900806736848));
#18867=CARTESIAN_POINT('',(266.686449774639,-35.7166436845311,-27.7600806736853));
#18868=CARTESIAN_POINT('',(138.749831132444,-35.7193725106587,-23.490080673685));
#18869=CARTESIAN_POINT('Origin',(267.930353350715,-38.384203511873,-27.7600806736853));
#18870=CARTESIAN_POINT('',(268.706289293885,-40.048203511873,-27.7600806736853));
#18871=CARTESIAN_POINT('',(261.65345880995,-24.9233597298938,-12.6966893702426));
#18872=CARTESIAN_POINT('Origin',(138.74987667096,-37.8543725101731,-25.625080673685));
#18873=CARTESIAN_POINT('',(261.851430273792,-38.4322516944738,-26.205585554385));
#18874=CARTESIAN_POINT('Origin',(132.986415129877,-37.8542495783292,20.104919326315));
#18875=CARTESIAN_POINT('',(255.159526697716,-35.7166436845311,17.9699193263152));
#18876=CARTESIAN_POINT('',(245.15183007346,-14.2550690154555,-3.49186879720159));
#18877=CARTESIAN_POINT('',(251.406008828749,-35.7167237452497,17.9699193263151));
#18878=CARTESIAN_POINT('',(132.98636959136,-35.7192495788149,17.969919326315));
#18879=CARTESIAN_POINT('',(250.324507196869,-38.0361406403958,20.2893131530275));
#18880=CARTESIAN_POINT('',(249.984876962508,-38.7645205895883,21.0176858579058));
#18881=CARTESIAN_POINT('',(250.324507196869,-25.9322209615125,8.1853934768975));
#18882=CARTESIAN_POINT('Origin',(251.499266094456,-35.5167217560719,-27.7600806736853));
#18883=CARTESIAN_POINT('',(251.406008828749,-35.7167237452497,-23.4900806736849));
#18884=CARTESIAN_POINT('',(251.406008828749,-35.7167237452497,-27.7600806736853));
#18885=CARTESIAN_POINT('',(250.324507196869,-38.0361406403958,-25.8094745003972));
#18886=CARTESIAN_POINT('',(244.727849342755,-50.0388805351251,-37.8120950183941));
#18887=CARTESIAN_POINT('',(250.324507196869,-38.0361406403958,-27.7600806736853));
#18888=CARTESIAN_POINT('Origin',(255.066270359548,-35.7166456736436,-27.7600806736853));
#18889=CARTESIAN_POINT('',(255.159526697716,-35.7166436845311,-23.4900806736848));
#18890=CARTESIAN_POINT('',(255.159526697716,-35.7166436845311,-27.7600806736853));
#18891=CARTESIAN_POINT('',(132.98636959136,-35.7192495788149,-23.490080673685));
#18892=CARTESIAN_POINT('Origin',(256.403430273792,-38.384203511873,-27.7600806736853));
#18893=CARTESIAN_POINT('',(257.179366216962,-40.048203511873,-27.7600806736853));
#18894=CARTESIAN_POINT('',(250.409103295765,-25.529327823697,-13.3026634909372));
#18895=CARTESIAN_POINT('Origin',(132.986415129877,-37.8542495783292,-25.625080673685));
#18896=CARTESIAN_POINT('',(250.324507196869,-38.4322209615128,-26.2055548214241));
#18897=CARTESIAN_POINT('Origin',(127.222953588793,-37.8541266464854,20.1049193263149));
#18898=CARTESIAN_POINT('',(243.632603620793,-35.7166436845311,17.9699193263151));
#18899=CARTESIAN_POINT('',(233.907474559274,-14.8610371092587,-2.88589467650701));
#18900=CARTESIAN_POINT('',(239.879085751826,-35.7167237452497,17.9699193263151));
#18901=CARTESIAN_POINT('',(127.222908050277,-35.719126646971,17.9699193263149));
#18902=CARTESIAN_POINT('',(238.797584119946,-38.0361406403957,20.2893131530274));
#18903=CARTESIAN_POINT('',(238.740523983134,-38.1585133132242,20.411684608763));
#18904=CARTESIAN_POINT('',(238.797584119946,-25.9321902285515,8.1853627439365));
#18905=CARTESIAN_POINT('Origin',(239.972343017533,-35.5167217560719,-27.7600806736853));
#18906=CARTESIAN_POINT('',(239.879085751826,-35.7167237452497,-23.4900806736849));
#18907=CARTESIAN_POINT('',(239.879085751826,-35.7167237452497,-27.7600806736853));
#18908=CARTESIAN_POINT('',(238.797584119946,-38.0361406403957,-25.8094745003972));
#18909=CARTESIAN_POINT('',(233.483496363382,-49.432873258761,-37.2060937692513));
#18910=CARTESIAN_POINT('',(238.797584119946,-38.0361406403957,-27.7600806736853));
#18911=CARTESIAN_POINT('Origin',(243.539347282625,-35.7166456736436,-27.7600806736853));
#18912=CARTESIAN_POINT('',(243.632603620793,-35.7166436845311,-23.4900806736849));
#18913=CARTESIAN_POINT('',(243.632603620793,-35.7166436845311,-27.7600806736853));
#18914=CARTESIAN_POINT('',(127.222908050277,-35.719126646971,-23.4900806736851));
#18915=CARTESIAN_POINT('Origin',(244.876507196869,-38.384203511873,-27.7600806736853));
#18916=CARTESIAN_POINT('',(245.652443140039,-40.048203511873,-27.7600806736853));
#18917=CARTESIAN_POINT('',(239.16474778158,-26.1352959175001,-13.9086376116318));
#18918=CARTESIAN_POINT('Origin',(127.222953588793,-37.8541266464854,-25.6250806736851));
#18919=CARTESIAN_POINT('',(238.797584119946,-38.4321902285518,-26.2055240884631));
#18920=CARTESIAN_POINT('Origin',(121.459492047709,-37.8540037146416,20.1049193263149));
#18921=CARTESIAN_POINT('',(232.10568054387,-35.7166436845311,17.9699193263151));
#18922=CARTESIAN_POINT('',(222.663119045089,-15.4670052030618,-2.2799205558124));
#18923=CARTESIAN_POINT('',(228.352162674903,-35.7167237452497,17.9699193263151));
#18924=CARTESIAN_POINT('',(121.459446509193,-35.7190037151272,17.9699193263149));
#18925=CARTESIAN_POINT('',(227.270661043023,-38.0361406403958,20.2893131530275));
#18926=CARTESIAN_POINT('',(227.49617100376,-37.5525060368602,19.8056833596201));
#18927=CARTESIAN_POINT('',(227.270661043023,-25.9321594955906,8.18533201097557));
#18928=CARTESIAN_POINT('Origin',(228.44541994061,-35.5167217560719,-27.7600806736853));
#18929=CARTESIAN_POINT('',(228.352162674903,-35.7167237452497,-23.4900806736849));
#18930=CARTESIAN_POINT('',(228.352162674903,-35.7167237452497,-27.7600806736853));
#18931=CARTESIAN_POINT('',(227.270661043023,-38.0361406403958,-25.8094745003972));
#18932=CARTESIAN_POINT('',(222.239143384008,-48.826865982397,-36.6000925201084));
#18933=CARTESIAN_POINT('',(227.270661043023,-38.0361406403958,-27.7600806736853));
#18934=CARTESIAN_POINT('Origin',(232.012424205702,-35.7166456736436,-27.7600806736853));
#18935=CARTESIAN_POINT('',(232.10568054387,-35.7166436845311,-23.4900806736849));
#18936=CARTESIAN_POINT('',(232.10568054387,-35.7166436845311,-27.7600806736853));
#18937=CARTESIAN_POINT('',(121.459446509193,-35.7190037151272,-23.4900806736851));
#18938=CARTESIAN_POINT('Origin',(233.349584119946,-38.384203511873,-27.7600806736853));
#18939=CARTESIAN_POINT('',(234.125520063116,-40.048203511873,-27.7600806736853));
#18940=CARTESIAN_POINT('',(227.920392267394,-26.7412640113032,-14.5146117323264));
#18941=CARTESIAN_POINT('Origin',(121.459492047709,-37.8540037146416,-25.6250806736851));
#18942=CARTESIAN_POINT('',(227.270661043023,-38.4321594955909,-26.2054933555022));
#18943=CARTESIAN_POINT('Origin',(115.696030506626,-37.8538807827977,20.1049193263149));
#18944=CARTESIAN_POINT('',(220.578757466947,-35.7166436845311,17.9699193263151));
#18945=CARTESIAN_POINT('',(211.418763530904,-16.072973296865,-1.67394643511783));
#18946=CARTESIAN_POINT('',(216.82523959798,-35.7167237452497,17.9699193263151));
#18947=CARTESIAN_POINT('',(115.69598496811,-35.7188807832834,17.9699193263149));
#18948=CARTESIAN_POINT('',(215.7437379661,-38.0361406403958,20.2893131530274));
#18949=CARTESIAN_POINT('',(216.251818024386,-36.9464987604961,19.1996821104772));
#18950=CARTESIAN_POINT('',(215.7437379661,-25.9321287626296,8.18530127801458));
#18951=CARTESIAN_POINT('Origin',(216.918496863687,-35.5167217560719,-27.7600806736853));
#18952=CARTESIAN_POINT('',(216.82523959798,-35.7167237452497,-23.4900806736849));
#18953=CARTESIAN_POINT('',(216.82523959798,-35.7167237452497,-27.7600806736853));
#18954=CARTESIAN_POINT('',(215.7437379661,-38.0361406403958,-25.8094745003973));
#18955=CARTESIAN_POINT('',(210.994790404634,-48.2208587060329,-35.9940912709656));
#18956=CARTESIAN_POINT('',(215.7437379661,-38.0361406403958,-27.7600806736853));
#18957=CARTESIAN_POINT('Origin',(220.485501128778,-35.7166456736436,-27.7600806736853));
#18958=CARTESIAN_POINT('',(220.578757466947,-35.7166436845311,-23.4900806736849));
#18959=CARTESIAN_POINT('',(220.578757466947,-35.7166436845311,-27.7600806736853));
#18960=CARTESIAN_POINT('',(115.69598496811,-35.7188807832834,-23.4900806736851));
#18961=CARTESIAN_POINT('Origin',(221.822661043023,-38.384203511873,-27.7600806736853));
#18962=CARTESIAN_POINT('',(222.598596986193,-40.048203511873,-27.7600806736853));
#18963=CARTESIAN_POINT('',(216.676036753209,-27.3472321051064,-15.120585853021));
#18964=CARTESIAN_POINT('Origin',(115.696030506626,-37.8538807827977,-25.6250806736851));
#18965=CARTESIAN_POINT('',(215.7437379661,-38.4321287626299,-26.2054626225412));
#18966=CARTESIAN_POINT('Origin',(109.932568965542,-37.8537578509539,20.1049193263149));
#18967=CARTESIAN_POINT('',(209.051834390024,-35.7166436845311,17.9699193263151));
#18968=CARTESIAN_POINT('',(200.174408016719,-16.6789413906682,-1.06797231442324));
#18969=CARTESIAN_POINT('',(205.298316521057,-35.7167237452497,17.9699193263151));
#18970=CARTESIAN_POINT('',(109.932523427026,-35.7187578514395,17.9699193263149));
#18971=CARTESIAN_POINT('',(204.216814889177,-38.0361406403957,20.2893131530274));
#18972=CARTESIAN_POINT('',(205.007465045013,-36.3404914841321,18.5936808613344));
#18973=CARTESIAN_POINT('',(204.216814889177,-25.9320980296686,8.1852705450536));
#18974=CARTESIAN_POINT('Origin',(205.391573786764,-35.5167217560719,-27.7600806736853));
#18975=CARTESIAN_POINT('',(205.298316521057,-35.7167237452497,-23.4900806736849));
#18976=CARTESIAN_POINT('',(205.298316521057,-35.7167237452497,-27.7600806736853));
#18977=CARTESIAN_POINT('',(204.216814889177,-38.0361406403957,-25.8094745003972));
#18978=CARTESIAN_POINT('',(199.750437425261,-47.6148514296688,-35.3880900218227));
#18979=CARTESIAN_POINT('',(204.216814889177,-38.0361406403957,-27.7600806736853));
#18980=CARTESIAN_POINT('Origin',(208.958578051855,-35.7166456736436,-27.7600806736853));
#18981=CARTESIAN_POINT('',(209.051834390024,-35.7166436845311,-23.4900806736849));
#18982=CARTESIAN_POINT('',(209.051834390024,-35.7166436845311,-27.7600806736853));
#18983=CARTESIAN_POINT('',(109.932523427026,-35.7187578514395,-23.4900806736851));
#18984=CARTESIAN_POINT('Origin',(210.2957379661,-38.384203511873,-27.7600806736853));
#18985=CARTESIAN_POINT('',(211.07167390927,-40.048203511873,-27.7600806736853));
#18986=CARTESIAN_POINT('',(205.431681239024,-27.9532001989096,-15.7265599737156));
#18987=CARTESIAN_POINT('Origin',(109.932568965542,-37.8537578509539,-25.6250806736851));
#18988=CARTESIAN_POINT('',(204.216814889177,-38.4320980296689,-26.2054318895803));
#18989=CARTESIAN_POINT('Origin',(104.169107424459,-37.85363491911,-25.6250806736851));
#18990=CARTESIAN_POINT('',(195.457004998252,-35.7166877919715,-23.4900806736849));
#18991=CARTESIAN_POINT('',(195.456743482831,-23.455958395063,-11.2293512739875));
#18992=CARTESIAN_POINT('',(197.524911313101,-35.7166436845311,-23.4900806736849));
#18993=CARTESIAN_POINT('',(104.169061885942,-35.7186349195957,-23.4900806736851));
#18994=CARTESIAN_POINT('',(194.187325724839,-28.5591682927127,-16.3325340944102));
#18995=CARTESIAN_POINT('Origin',(198.768814889177,-38.384203511873,-27.7600806736853));
#18996=CARTESIAN_POINT('',(197.524911313101,-35.7166436845311,17.9699193263151));
#18997=CARTESIAN_POINT('',(197.524911313101,-35.7166436845311,-27.7600806736853));
#18998=CARTESIAN_POINT('',(188.930052502534,-17.2849094844713,-0.461998193728654));
#18999=CARTESIAN_POINT('',(199.544750832347,-40.048203511873,-27.7600806736853));
#19000=CARTESIAN_POINT('Origin',(104.169107424459,-37.85363491911,20.1049193263149));
#19001=CARTESIAN_POINT('',(195.457004998252,-35.7166877919715,17.9699193263151));
#19002=CARTESIAN_POINT('',(195.456743482831,-23.4559583950629,5.70918992661748));
#19003=CARTESIAN_POINT('',(104.169061885942,-35.7186349195957,17.9699193263149));
#19004=CARTESIAN_POINT('Origin',(188.101318461974,29.4529691471465,-27.7600806736853));
#19005=CARTESIAN_POINT('',(191.761579993605,29.4529691471465,-27.7600806736853));
#19006=CARTESIAN_POINT('Origin',(191.668318461974,29.2529691471465,-27.7600806736853));
#19007=CARTESIAN_POINT('',(193.781418585291,33.7845269853298,-27.7600806736853));
#19008=CARTESIAN_POINT('Origin',(199.628241538897,29.4529691471465,-27.7600806736853));
#19009=CARTESIAN_POINT('',(199.534980007266,29.4529691471465,-27.7600806736853));
#19010=CARTESIAN_POINT('Origin',(198.291077358749,32.1205269853305,-27.7600806736853));
#19011=CARTESIAN_POINT('',(197.515141415579,33.7845269853304,-27.7600806736853));
#19012=CARTESIAN_POINT('Origin',(211.15516461582,29.4529691471465,-27.7600806736853));
#19013=CARTESIAN_POINT('',(211.061903084189,29.4529691471465,-27.7600806736853));
#19014=CARTESIAN_POINT('Origin',(209.818000435672,32.1205269853305,-27.7600806736853));
#19015=CARTESIAN_POINT('',(209.042064492502,33.7845269853304,-27.7600806736853));
#19016=CARTESIAN_POINT('Origin',(222.682087692743,29.4529691471465,-27.7600806736853));
#19017=CARTESIAN_POINT('',(222.588826161112,29.4529691471465,-27.7600806736853));
#19018=CARTESIAN_POINT('Origin',(221.344923512595,32.1205269853305,-27.7600806736853));
#19019=CARTESIAN_POINT('',(220.568987569426,33.7845269853304,-27.7600806736853));
#19020=CARTESIAN_POINT('Origin',(234.209010769666,29.4529691471465,-27.7600806736853));
#19021=CARTESIAN_POINT('',(234.115749238035,29.4529691471465,-27.7600806736853));
#19022=CARTESIAN_POINT('Origin',(232.871846589518,32.1205269853305,-27.7600806736853));
#19023=CARTESIAN_POINT('',(232.095910646349,33.7845269853304,-27.7600806736853));
#19024=CARTESIAN_POINT('Origin',(245.735933846589,29.4529691471465,-27.7600806736853));
#19025=CARTESIAN_POINT('',(245.642672314958,29.4529691471465,-27.7600806736853));
#19026=CARTESIAN_POINT('Origin',(244.398769666442,32.1205269853305,-27.7600806736853));
#19027=CARTESIAN_POINT('',(243.622833723272,33.7845269853304,-27.7600806736853));
#19028=CARTESIAN_POINT('Origin',(257.262856923512,29.4529691471465,-27.7600806736853));
#19029=CARTESIAN_POINT('',(257.169595391881,29.4529691471465,-27.7600806736853));
#19030=CARTESIAN_POINT('Origin',(255.925692743365,32.1205269853305,-27.7600806736853));
#19031=CARTESIAN_POINT('',(255.149756800195,33.7845269853304,-27.7600806736853));
#19032=CARTESIAN_POINT('Origin',(268.789780000435,29.4529691471465,-27.7600806736853));
#19033=CARTESIAN_POINT('',(268.696518468804,29.4529691471465,-27.7600806736853));
#19034=CARTESIAN_POINT('Origin',(267.452615820288,32.1205269853305,-27.7600806736853));
#19035=CARTESIAN_POINT('',(266.676679877118,33.7845269853304,-27.7600806736853));
#19036=CARTESIAN_POINT('Origin',(280.316703077358,29.4529691471465,-27.7600806736853));
#19037=CARTESIAN_POINT('',(280.223441545727,29.4529691471465,-27.7600806736853));
#19038=CARTESIAN_POINT('Origin',(278.979538897211,32.1205269853305,-27.7600806736853));
#19039=CARTESIAN_POINT('',(278.203602954041,33.7845269853304,-27.7600806736853));
#19040=CARTESIAN_POINT('Origin',(291.843626154281,29.4529691471465,-27.7600806736853));
#19041=CARTESIAN_POINT('',(291.75036462265,29.4529691471465,-27.7600806736853));
#19042=CARTESIAN_POINT('Origin',(290.506461974134,32.1205269853305,-27.7600806736853));
#19043=CARTESIAN_POINT('',(289.730526030964,33.7845269853304,-27.7600806736853));
#19044=CARTESIAN_POINT('Origin',(303.370549231205,29.4529691471465,-27.7600806736853));
#19045=CARTESIAN_POINT('',(303.277287699573,29.4529691471465,-27.7600806736853));
#19046=CARTESIAN_POINT('Origin',(302.033385051057,32.1205269853305,-27.7600806736853));
#19047=CARTESIAN_POINT('',(301.257449107887,33.7845269853304,-27.7600806736853));
#19048=CARTESIAN_POINT('Origin',(314.897472308128,29.4529691471465,-27.7600806736853));
#19049=CARTESIAN_POINT('',(314.804210776497,29.4529691471465,-27.7600806736853));
#19050=CARTESIAN_POINT('Origin',(313.56030812798,32.1205269853305,-27.7600806736853));
#19051=CARTESIAN_POINT('',(312.78437218481,33.7845269853304,-27.7600806736853));
#19052=CARTESIAN_POINT('Origin',(326.424395385051,29.4529691471465,-27.7600806736853));
#19053=CARTESIAN_POINT('',(326.33113385342,29.4529691471465,-27.7600806736853));
#19054=CARTESIAN_POINT('Origin',(325.087231204903,32.1205269853305,-27.7600806736853));
#19055=CARTESIAN_POINT('',(324.311295261733,33.7845269853304,-27.7600806736853));
#19056=CARTESIAN_POINT('Origin',(337.951318461974,29.4529691471465,-27.7600806736853));
#19057=CARTESIAN_POINT('',(337.858056930343,29.4529691471465,-27.7600806736853));
#19058=CARTESIAN_POINT('Origin',(336.614154281826,32.1205269853305,-27.7600806736853));
#19059=CARTESIAN_POINT('',(335.838218338656,33.7845269853304,-27.7600806736853));
#19060=CARTESIAN_POINT('Origin',(349.561806249346,29.4529354505146,-27.7600806736853));
#19061=CARTESIAN_POINT('',(349.468544717718,29.4529354505146,-27.7600806736853));
#19062=CARTESIAN_POINT('Origin',(348.224626356202,32.120526985413,-27.7600806736853));
#19063=CARTESIAN_POINT('',(347.448690413055,33.7845269854138,-27.7600806736853));
#19064=CARTESIAN_POINT('Origin',(360.233332296841,28.2674277921472,-27.7600806736853));
#19065=CARTESIAN_POINT('',(360.145123932237,28.297709761965,-27.7600806736853));
#19066=CARTESIAN_POINT('Origin',(359.834770054058,31.2246634611253,-27.7600806736853));
#19067=CARTESIAN_POINT('',(359.664068976035,32.8345487788207,-27.7600806736853));
#19068=CARTESIAN_POINT('Origin',(369.941711920408,23.6811153654699,-27.7600806736853));
#19069=CARTESIAN_POINT('',(369.86811546783,23.7383977838025,-27.7600806736853));
#19070=CARTESIAN_POINT('Origin',(370.524957731324,26.6075327976379,-27.7600806736853));
#19071=CARTESIAN_POINT('',(370.886234616689,28.1856166377014,-27.7600806736853));
#19072=CARTESIAN_POINT('Origin',(377.634891546804,16.1909962858826,-27.7600806736853));
#19073=CARTESIAN_POINT('',(377.583882323855,16.2690717138755,-27.7600806736853));
#19074=CARTESIAN_POINT('Origin',(379.136741677815,18.7694727444201,-27.7600806736853));
#19075=CARTESIAN_POINT('',(379.99084657025,20.144745236287,-27.7600806736853));
#19076=CARTESIAN_POINT('Origin',(382.479195791528,6.60874117683093,-27.7600806736853));
#19077=CARTESIAN_POINT('',(382.456301439004,6.69914893039592,-27.7600806736853));
#19078=CARTESIAN_POINT('Origin',(384.736901477332,8.5598587282709,-27.7600806736853));
#19079=CARTESIAN_POINT('',(385.991278858939,9.583287757896,-27.7600806736853));
#19080=CARTESIAN_POINT('Origin',(383.949669122551,-4.02726393661192,-27.7600806736853));
#19081=CARTESIAN_POINT('',(383.957370598791,-3.93432094039447,-27.7600806736853));
#19082=CARTESIAN_POINT('Origin',(386.718572920178,-2.91493915367618,-27.7600806736853));
#19083=CARTESIAN_POINT('',(388.237291537986,-2.35425800179064,-27.7600806736853));
#19084=CARTESIAN_POINT('Origin',(381.886962937691,-14.5644428657811,-27.7600806736853));
#19085=CARTESIAN_POINT('',(381.924425668244,-14.4790364427105,-27.7600806736853));
#19086=CARTESIAN_POINT('Origin',(384.8670111567,-14.411448501078,-27.7600806736853));
#19087=CARTESIAN_POINT('',(386.485494283125,-14.3742737296019,-27.7600806736853));
#19088=CARTESIAN_POINT('Origin',(376.514603458273,-23.8609287725238,-27.7600806736853));
#19089=CARTESIAN_POINT('',(376.577767774988,-23.7923140337569,-27.7600806736853));
#19090=CARTESIAN_POINT('Origin',(379.382861633921,-24.683844139421,-27.7600806736853));
#19091=CARTESIAN_POINT('',(380.925721508863,-25.17420421167,-27.7600806736853));
#19092=CARTESIAN_POINT('Origin',(368.414769194636,-30.9093031590031,-27.7600806736853));
#19093=CARTESIAN_POINT('',(368.496790263703,-30.8649155761526,-27.7600806736853));
#19094=CARTESIAN_POINT('Origin',(370.860417047981,-32.6189526086497,-27.7600806736853));
#19095=CARTESIAN_POINT('',(372.160460864052,-33.5837094020758,-27.7600806736853));
#19096=CARTESIAN_POINT('Origin',(358.465202871124,-34.9457652936468,-27.7600806736853));
#19097=CARTESIAN_POINT('',(358.557192437021,-34.930414950059,-27.7600806736853));
#19098=CARTESIAN_POINT('Origin',(360.22321650912,-37.3568817802292,-27.7600806736853));
#19099=CARTESIAN_POINT('',(361.13956434659,-38.6914889265211,-27.7600806736853));
#19100=CARTESIAN_POINT('Origin',(342.539891812254,-38.0361406403957,-27.7600806736853));
#19101=CARTESIAN_POINT('',(342.539891812254,-40.0482035118732,-27.7600806736853));
#19102=CARTESIAN_POINT('Origin',(331.012968735331,-38.0361406403959,-27.7600806736853));
#19103=CARTESIAN_POINT('',(331.012968735331,-40.0482035118732,-27.7600806736853));
#19104=CARTESIAN_POINT('Origin',(319.486045658408,-38.0361406403958,-27.7600806736853));
#19105=CARTESIAN_POINT('',(319.486045658408,-40.0482035118732,-27.7600806736853));
#19106=CARTESIAN_POINT('Origin',(307.959122581485,-38.0361406403957,-27.7600806736853));
#19107=CARTESIAN_POINT('',(307.959122581485,-40.0482035118732,-27.7600806736853));
#19108=CARTESIAN_POINT('Origin',(296.432199504561,-38.0361406403958,-27.7600806736853));
#19109=CARTESIAN_POINT('',(296.432199504561,-40.0482035118732,-27.7600806736853));
#19110=CARTESIAN_POINT('Origin',(284.905276427638,-38.0361406403958,-27.7600806736853));
#19111=CARTESIAN_POINT('',(284.905276427638,-40.0482035118732,-27.7600806736853));
#19112=CARTESIAN_POINT('Origin',(273.378353350715,-38.0361406403957,-27.7600806736853));
#19113=CARTESIAN_POINT('',(273.378353350715,-40.0482035118732,-27.7600806736853));
#19114=CARTESIAN_POINT('Origin',(261.851430273792,-38.0361406403958,-27.7600806736853));
#19115=CARTESIAN_POINT('',(261.851430273792,-40.0482035118732,-27.7600806736853));
#19116=CARTESIAN_POINT('Origin',(250.324507196869,-38.0361406403958,-27.7600806736853));
#19117=CARTESIAN_POINT('',(250.324507196869,-40.0482035118732,-27.7600806736853));
#19118=CARTESIAN_POINT('Origin',(238.797584119946,-38.0361406403957,-27.7600806736853));
#19119=CARTESIAN_POINT('',(238.797584119946,-40.0482035118732,-27.7600806736853));
#19120=CARTESIAN_POINT('Origin',(227.270661043023,-38.0361406403958,-27.7600806736853));
#19121=CARTESIAN_POINT('',(227.270661043023,-40.0482035118732,-27.7600806736853));
#19122=CARTESIAN_POINT('Origin',(215.7437379661,-38.0361406403958,-27.7600806736853));
#19123=CARTESIAN_POINT('',(215.7437379661,-40.0482035118732,-27.7600806736853));
#19124=CARTESIAN_POINT('Origin',(204.216814889177,-38.0361406403957,-27.7600806736853));
#19125=CARTESIAN_POINT('',(204.216814889177,-40.0482035118732,-27.7600806736853));
#19126=CARTESIAN_POINT('Origin',(195.456310020397,-3.13377020059308,-2.76008067368495));
#19127=CARTESIAN_POINT('',(195.457116583949,-40.9482035118675,-25.5600806736849));
#19128=CARTESIAN_POINT('',(195.457116583949,-40.9482035118675,-15.2600806736851));
#19129=CARTESIAN_POINT('',(195.457105919191,-40.4482035118676,-25.3364738759349));
#19130=CARTESIAN_POINT('Origin',(195.457110185095,-40.6482035118675,-25.5600806736849));
#19131=CARTESIAN_POINT('',(195.457105919191,-40.4482035118676,19.8163125285651));
#19132=CARTESIAN_POINT('',(195.457105919191,-40.4482035118675,-15.2600806736851));
#19133=CARTESIAN_POINT('',(195.457116583949,-40.9482035118675,20.0399193263151));
#19134=CARTESIAN_POINT('Origin',(195.457110185095,-40.6482035118675,20.0399193263151));
#19135=CARTESIAN_POINT('',(195.457116583949,-40.9482035118675,-15.2600806736851));
#19136=CARTESIAN_POINT('',(195.457004998252,-35.7166877919715,-15.2600806736851));
#19137=CARTESIAN_POINT('Origin',(197.431654974932,-35.7166456736436,-27.7600806736853));
#19138=CARTESIAN_POINT('Origin',(351.345390319026,-3.11529316052355,-27.7600806736853));
#19139=CARTESIAN_POINT('Origin',(351.345390319026,-3.11529316052355,-27.7600806736853));
#19140=CARTESIAN_POINT('Origin',(342.539891812254,-40.0482035118732,-27.7600806736853));
#19141=CARTESIAN_POINT('Origin',(331.012968735331,-40.0482035118732,-27.7600806736853));
#19142=CARTESIAN_POINT('Origin',(319.486045658408,-40.0482035118732,-27.7600806736853));
#19143=CARTESIAN_POINT('Origin',(307.959122581485,-40.0482035118732,-27.7600806736853));
#19144=CARTESIAN_POINT('Origin',(296.432199504561,-40.0482035118732,-27.7600806736853));
#19145=CARTESIAN_POINT('Origin',(284.905276427638,-40.0482035118732,-27.7600806736853));
#19146=CARTESIAN_POINT('Origin',(273.378353350715,-40.0482035118732,-27.7600806736853));
#19147=CARTESIAN_POINT('Origin',(261.851430273792,-40.0482035118732,-27.7600806736853));
#19148=CARTESIAN_POINT('Origin',(250.324507196869,-40.0482035118732,-27.7600806736853));
#19149=CARTESIAN_POINT('Origin',(238.797584119946,-40.0482035118732,-27.7600806736853));
#19150=CARTESIAN_POINT('Origin',(227.270661043023,-40.0482035118732,-27.7600806736853));
#19151=CARTESIAN_POINT('Origin',(215.7437379661,-40.0482035118732,-27.7600806736853));
#19152=CARTESIAN_POINT('Origin',(204.216814889177,-40.0482035118732,-27.7600806736853));
#19153=CARTESIAN_POINT('Origin',(28.3428148891767,-40.9482035118606,-27.7600806736853));
#19154=CARTESIAN_POINT('',(351.338027436072,-40.9482035118741,20.0399193263153));
#19155=CARTESIAN_POINT('',(109.094102604098,-40.9482035118639,20.0399193263149));
#19156=CARTESIAN_POINT('',(351.338027436072,-40.9482035118741,-27.7600806736853));
#19157=CARTESIAN_POINT('Origin',(351.333245466176,-40.9484325776933,-27.7600806736853));
#19158=CARTESIAN_POINT('',(354.05486370195,-40.8180616793909,20.0399193263205));
#19159=CARTESIAN_POINT('',(271.677842143346,-44.7640839976226,20.0399193263152));
#19160=CARTESIAN_POINT('',(354.05486370195,-40.818061679391,-27.7600806736853));
#19161=CARTESIAN_POINT('Origin',(351.345390319026,-3.11529316052355,-27.7600806736853));
#19162=CARTESIAN_POINT('',(351.345390319014,34.6847068394774,20.039919326315));
#19163=CARTESIAN_POINT('',(351.345390319014,34.6847068394774,-27.7600806736853));
#19164=CARTESIAN_POINT('Origin',(351.345390319026,-3.11529316052355,20.039919326315));
#19165=CARTESIAN_POINT('Origin',(351.345390319026,-3.11529316052355,-27.7600806736853));
#19166=CARTESIAN_POINT('Origin',(204.532405719044,33.7845269853296,-27.7600806736853));
#19167=CARTESIAN_POINT('Origin',(216.059328795967,33.7845269853296,-27.7600806736853));
#19168=CARTESIAN_POINT('Origin',(227.58625187289,33.7845269853296,-27.7600806736853));
#19169=CARTESIAN_POINT('Origin',(239.113174949813,33.7845269853296,-27.7600806736853));
#19170=CARTESIAN_POINT('Origin',(250.640098026736,33.7845269853296,-27.7600806736853));
#19171=CARTESIAN_POINT('Origin',(262.16702110366,33.7845269853296,-27.7600806736853));
#19172=CARTESIAN_POINT('Origin',(273.693944180583,33.7845269853296,-27.7600806736853));
#19173=CARTESIAN_POINT('Origin',(285.220867257506,33.7845269853296,-27.7600806736853));
#19174=CARTESIAN_POINT('Origin',(296.747790334429,33.7845269853296,-27.7600806736853));
#19175=CARTESIAN_POINT('Origin',(308.274713411352,33.7845269853296,-27.7600806736853));
#19176=CARTESIAN_POINT('Origin',(319.801636488275,33.7845269853296,-27.7600806736853));
#19177=CARTESIAN_POINT('Origin',(331.328559565198,33.7845269853296,-27.7600806736853));
#19178=CARTESIAN_POINT('Origin',(342.855482642121,33.7845269854138,-27.7600806736853));
#19179=CARTESIAN_POINT('Origin',(351.345390319026,-3.11529316052355,-27.7600806736853));
#19180=CARTESIAN_POINT('Origin',(351.345390319026,-3.11529316052355,-27.7600806736853));
#19181=CARTESIAN_POINT('Origin',(351.345390319026,-3.11529316052355,-27.7600806736853));
#19182=CARTESIAN_POINT('Origin',(351.345390319026,-3.11529316052355,-27.7600806736853));
#19183=CARTESIAN_POINT('Origin',(351.345390319026,-3.11529316052355,-27.7600806736853));
#19184=CARTESIAN_POINT('Origin',(351.345390319026,-3.11529316052355,-27.7600806736853));
#19185=CARTESIAN_POINT('Origin',(351.345390319026,-3.11529316052355,-27.7600806736853));
#19186=CARTESIAN_POINT('',(354.05486370195,-40.818061679391,-25.5600806736847));
#19187=CARTESIAN_POINT('',(351.345390319014,34.6847068394774,-25.5600806736847));
#19188=CARTESIAN_POINT('Origin',(351.345390319026,-3.11529316052355,-25.560080673685));
#19189=CARTESIAN_POINT('',(354.05486370195,-40.818061679391,-27.7600806736853));
#19190=CARTESIAN_POINT('',(351.345390319014,34.6847068394774,-27.7600806736853));
#19191=CARTESIAN_POINT('Origin',(351.333245466176,-40.9484325776933,-27.7600806736853));
#19192=CARTESIAN_POINT('',(351.338027436072,-40.9482035118741,-25.5600806736847));
#19193=CARTESIAN_POINT('',(351.338027436072,-40.9482035118741,-27.7600806736853));
#19194=CARTESIAN_POINT('',(271.677842143346,-44.7640839976226,-25.5600806736848));
#19195=CARTESIAN_POINT('Origin',(351.345390319026,-3.11529316052355,-27.7600806736853));
#19196=CARTESIAN_POINT('',(354.02495801607,-40.3189208997243,-25.3364738759349));
#19197=CARTESIAN_POINT('',(354.02495801607,-40.3189208997243,19.816312528565));
#19198=CARTESIAN_POINT('',(354.02495801607,-40.3189208997243,-27.7600806736853));
#19199=CARTESIAN_POINT('',(351.345390319014,34.1847068395265,-25.3364738759347));
#19200=CARTESIAN_POINT('Origin',(351.345390319026,-3.11529316052355,-25.336473875935));
#19201=CARTESIAN_POINT('',(351.345390319014,34.1847068395048,19.816312528541));
#19202=CARTESIAN_POINT('',(351.345390319014,34.1847068394774,-27.7600806736853));
#19203=CARTESIAN_POINT('Origin',(351.345390319026,-3.11529316052355,19.8163125285651));
#19204=CARTESIAN_POINT('Origin',(351.309321908675,-40.4490052422415,-27.7600806736853));
#19205=CARTESIAN_POINT('',(351.326058803309,-40.4482035118741,-25.3109166275652));
#19206=CARTESIAN_POINT('Ctrl Pts',(351.326058803309,-40.4482035118741,-25.3109166275652));
#19207=CARTESIAN_POINT('Ctrl Pts',(351.935377807448,-40.4190159260187,-25.3307008394442));
#19208=CARTESIAN_POINT('Ctrl Pts',(352.569659933419,-40.3886325572371,-25.3465983298844));
#19209=CARTESIAN_POINT('Ctrl Pts',(353.12957224808,-40.3618116495605,-25.3465983298844));
#19210=CARTESIAN_POINT('Ctrl Pts',(353.413248353994,-40.3482230028249,-25.3465983298844));
#19211=CARTESIAN_POINT('Ctrl Pts',(353.716024192328,-40.333719441117,-25.3431221237407));
#19212=CARTESIAN_POINT('Ctrl Pts',(354.02495801607,-40.3189208997243,-25.336473875935));
#19213=CARTESIAN_POINT('',(351.326058803309,-40.4482035118741,19.7907552801953));
#19214=CARTESIAN_POINT('Ctrl Pts',(354.02495801607,-40.3189208997243,19.8163125285651));
#19215=CARTESIAN_POINT('Ctrl Pts',(353.716024192329,-40.333719441117,19.8229607763708));
#19216=CARTESIAN_POINT('Ctrl Pts',(353.413248353994,-40.3482230028249,19.8264369825145));
#19217=CARTESIAN_POINT('Ctrl Pts',(353.12957224808,-40.3618116495605,19.8264369825145));
#19218=CARTESIAN_POINT('Ctrl Pts',(352.569659933419,-40.3886325572371,19.8264369825145));
#19219=CARTESIAN_POINT('Ctrl Pts',(351.935377807448,-40.4190159260187,19.8105394920743));
#19220=CARTESIAN_POINT('Ctrl Pts',(351.326058803309,-40.4482035118741,19.7907552801953));
#19221=CARTESIAN_POINT('',(351.326058803309,-40.4482035118741,-27.7600806736853));
#19222=CARTESIAN_POINT('Origin',(351.345390319026,-3.11529316052355,-25.560080673685));
#19223=CARTESIAN_POINT('Origin',(351.345390319014,34.3847068395265,-25.5600806736847));
#19224=CARTESIAN_POINT('',(356.593609512053,-40.4482035118743,-25.3364738759347));
#19225=CARTESIAN_POINT('Ctrl Pts',(351.326058803309,-40.4482035118741,-25.3109166275652));
#19226=CARTESIAN_POINT('Ctrl Pts',(351.332513345741,-40.4482035118741,-25.3109188688169));
#19227=CARTESIAN_POINT('Ctrl Pts',(351.338957245254,-40.4482035118741,-25.3109199839406));
#19228=CARTESIAN_POINT('Ctrl Pts',(351.345390319024,-40.4482035118741,-25.3109199839406));
#19229=CARTESIAN_POINT('Ctrl Pts',(352.108559886545,-40.4482035118741,-25.3109199839406));
#19230=CARTESIAN_POINT('Ctrl Pts',(353.024082078617,-40.4482035118741,-25.2882234713802));
#19231=CARTESIAN_POINT('Ctrl Pts',(354.12905733526,-40.4482035118742,-25.2662813731737));
#19232=CARTESIAN_POINT('Ctrl Pts',(354.539438723811,-40.4482035118742,-25.260080673685));
#19233=CARTESIAN_POINT('Ctrl Pts',(355.224419397726,-40.4482035118742,-25.260080673685));
#19234=CARTESIAN_POINT('Ctrl Pts',(355.600924900978,-40.4482035118742,-25.2647876013313));
#19235=CARTESIAN_POINT('Ctrl Pts',(356.161277786812,-40.4482035118743,-25.2945203086655));
#19236=CARTESIAN_POINT('Ctrl Pts',(356.347122295053,-40.4482035118743,-25.3081634804005));
#19237=CARTESIAN_POINT('Ctrl Pts',(356.549776673538,-40.4482035118743,-25.3311444272877));
#19238=CARTESIAN_POINT('Ctrl Pts',(356.571736686296,-40.4482035118743,-25.3337504190661));
#19239=CARTESIAN_POINT('Ctrl Pts',(356.593609512053,-40.4482035118743,-25.3364738759347));
#19240=CARTESIAN_POINT('',(354.040805155218,-40.5833345061531,-25.2671779388105));
#19241=CARTESIAN_POINT('Ctrl Pts',(356.593609512053,-40.4482035118743,-25.3364738759347));
#19242=CARTESIAN_POINT('Ctrl Pts',(356.355295928323,-40.4648724897699,-25.3215646888587));
#19243=CARTESIAN_POINT('Ctrl Pts',(356.083040643552,-40.4828061453569,-25.3089303783911));
#19244=CARTESIAN_POINT('Ctrl Pts',(355.210773952976,-40.5343139496137,-25.2799065502839));
#19245=CARTESIAN_POINT('Ctrl Pts',(354.629383106135,-40.5621909608246,-25.2718605880301));
#19246=CARTESIAN_POINT('Ctrl Pts',(354.040805155218,-40.5833345061531,-25.2671779388105));
#19247=CARTESIAN_POINT('Ctrl Pts',(354.054863701949,-40.818061679391,-25.560080673685));
#19248=CARTESIAN_POINT('Ctrl Pts',(354.054863701948,-40.818061679391,-25.5210188323866));
#19249=CARTESIAN_POINT('Ctrl Pts',(354.054407708683,-40.8104456413462,-25.4823306022127));
#19250=CARTESIAN_POINT('Ctrl Pts',(354.052634898695,-40.7808386110082,-25.4100545681398));
#19251=CARTESIAN_POINT('Ctrl Pts',(354.051334998766,-40.7591302451044,-25.3771581866263));
#19252=CARTESIAN_POINT('Ctrl Pts',(354.048054115356,-40.7043467515848,-25.3215502451371));
#19253=CARTESIAN_POINT('Ctrl Pts',(354.046104442516,-40.6717945941506,-25.299371120228));
#19254=CARTESIAN_POINT('Ctrl Pts',(354.042936129019,-40.6189042760115,-25.2768090872776));
#19255=CARTESIAN_POINT('Ctrl Pts',(354.041881514619,-40.6013002133634,-25.2711636427213));
#19256=CARTESIAN_POINT('Ctrl Pts',(354.040805155218,-40.5833345061531,-25.2671779388105));
#19257=CARTESIAN_POINT('Origin',(28.3428148891767,-40.4482035118606,-27.7600806736853));
#19258=CARTESIAN_POINT('',(109.094102604098,-40.4482035118639,-25.3364738759351));
#19259=CARTESIAN_POINT('',(356.593609512057,-40.4482035118743,19.8163125285653));
#19260=CARTESIAN_POINT('Ctrl Pts',(356.593609512057,-40.4482035118743,19.8163125285653));
#19261=CARTESIAN_POINT('Ctrl Pts',(356.052852016987,-40.4482035118743,19.7489810492877));
#19262=CARTESIAN_POINT('Ctrl Pts',(355.416480326507,-40.4482035118742,19.739919326315));
#19263=CARTESIAN_POINT('Ctrl Pts',(354.539438723811,-40.4482035118742,19.739919326315));
#19264=CARTESIAN_POINT('Ctrl Pts',(354.12905733526,-40.4482035118742,19.7461200258038));
#19265=CARTESIAN_POINT('Ctrl Pts',(353.024082078617,-40.4482035118741,19.7680621240103));
#19266=CARTESIAN_POINT('Ctrl Pts',(352.108559886545,-40.4482035118741,19.7907586365707));
#19267=CARTESIAN_POINT('Ctrl Pts',(351.345390319024,-40.4482035118741,19.7907586365707));
#19268=CARTESIAN_POINT('Ctrl Pts',(351.338957245254,-40.4482035118741,19.7907586365707));
#19269=CARTESIAN_POINT('Ctrl Pts',(351.332513345741,-40.4482035118741,19.7907575214469));
#19270=CARTESIAN_POINT('Ctrl Pts',(351.326058803309,-40.4482035118741,19.7907552801953));
#19271=CARTESIAN_POINT('',(109.094102604098,-40.4482035118639,19.8163125285649));
#19272=CARTESIAN_POINT('Origin',(351.345390319026,-3.11529316052355,20.039919326315));
#19273=CARTESIAN_POINT('Origin',(351.345390319014,34.3847068394774,20.039919326315));
#19274=CARTESIAN_POINT('',(354.040805155317,-40.5833345061507,19.7470165914417));
#19275=CARTESIAN_POINT('Ctrl Pts',(354.040805155316,-40.5833345061508,19.7470165914417));
#19276=CARTESIAN_POINT('Ctrl Pts',(354.041881514688,-40.6013002133708,19.7510022953544));
#19277=CARTESIAN_POINT('Ctrl Pts',(354.042936129079,-40.6189042759946,19.7566477399023));
#19278=CARTESIAN_POINT('Ctrl Pts',(354.046104442548,-40.6717945941484,19.7792097728582));
#19279=CARTESIAN_POINT('Ctrl Pts',(354.048054115383,-40.7043467515829,19.8013888977673));
#19280=CARTESIAN_POINT('Ctrl Pts',(354.051334998782,-40.7591302451033,19.8569968392565));
#19281=CARTESIAN_POINT('Ctrl Pts',(354.052634898707,-40.7808386110074,19.8898932207699));
#19282=CARTESIAN_POINT('Ctrl Pts',(354.05440770869,-40.8104456413458,19.9621692548427));
#19283=CARTESIAN_POINT('Ctrl Pts',(354.054863701952,-40.8180616793908,20.0008574850167));
#19284=CARTESIAN_POINT('Ctrl Pts',(354.054863701951,-40.8180616793909,20.039919326315));
#19285=CARTESIAN_POINT('Ctrl Pts',(354.040805155317,-40.5833345061507,19.7470165914417));
#19286=CARTESIAN_POINT('Ctrl Pts',(354.163712347344,-40.5789192986461,19.7479944249912));
#19287=CARTESIAN_POINT('Ctrl Pts',(354.285889510291,-40.5742282204226,19.7491375992187));
#19288=CARTESIAN_POINT('Ctrl Pts',(355.128828189078,-40.539830341614,19.7585179538039));
#19289=CARTESIAN_POINT('Ctrl Pts',(355.87105014981,-40.4981445123724,19.773336421069));
#19290=CARTESIAN_POINT('Ctrl Pts',(356.548786895804,-40.4513280118731,19.8135491581847));
#19291=CARTESIAN_POINT('Ctrl Pts',(356.570561879176,-40.4498155915427,19.8148706406758));
#19292=CARTESIAN_POINT('Ctrl Pts',(356.593609512057,-40.4482035118743,19.8163125285653));
#19293=CARTESIAN_POINT('Origin',(271.663488008845,-44.4644275963515,-25.5600806736848));
#19294=CARTESIAN_POINT('',(351.330846256414,-40.6482035118741,-25.2600806736847));
#19295=CARTESIAN_POINT('Origin',(351.330846256414,-40.6482035118741,-25.5600806736847));
#19296=CARTESIAN_POINT('Origin',(351.330846256415,-40.6482035118741,-25.5600806736847));
#19297=CARTESIAN_POINT('Origin',(271.663488008845,-44.4644275963515,20.0399193263152));
#19298=CARTESIAN_POINT('',(351.330846256414,-40.6482035118741,19.7399193263153));
#19299=CARTESIAN_POINT('Origin',(351.330846256414,-40.6482035118741,20.0399193263153));
#19300=CARTESIAN_POINT('Origin',(351.330846256415,-40.6482035118741,20.0399193263153));
#19301=CARTESIAN_POINT('Origin',(109.094102604098,-40.6482035118639,20.0399193263149));
#19302=CARTESIAN_POINT('Origin',(28.3428148891767,-40.9482035118606,-27.7600806736853));
#19303=CARTESIAN_POINT('',(109.094102604098,-40.9482035118639,-25.5600806736851));
#19304=CARTESIAN_POINT('Origin',(109.094102604098,-40.6482035118639,-25.5600806736851));
#19305=CARTESIAN_POINT('Origin',(193.005482642121,33.7845269853296,-27.7600806736853));
#19306=CARTESIAN_POINT('Origin',(351.345390319014,34.6847068395265,-27.7600806736853));
#19307=CARTESIAN_POINT('',(270.595390319014,34.684706839514,20.0399193263152));
#19308=CARTESIAN_POINT('Origin',(270.595390319014,34.384706839514,20.0399193263152));
#19309=CARTESIAN_POINT('',(270.595390319014,34.184706839514,19.8163125285652));
#19310=CARTESIAN_POINT('Origin',(351.345390319014,34.1847068395265,-27.7600806736853));
#19311=CARTESIAN_POINT('',(270.595390319014,34.184706839514,-25.3364738759348));
#19312=CARTESIAN_POINT('Origin',(270.595390319014,34.384706839514,-25.5600806736848));
#19313=CARTESIAN_POINT('',(270.595390319014,34.684706839514,-25.5600806736848));
#19314=CARTESIAN_POINT('Origin',(351.345390319014,34.6847068395265,-27.7600806736853));
#19315=UNCERTAINTY_MEASURE_WITH_UNIT(LENGTH_MEASURE(0.01),#19319,
'DISTANCE_ACCURACY_VALUE',
'Maximum model space distance between geometric entities at asserted c
onnectivities');
#19316=UNCERTAINTY_MEASURE_WITH_UNIT(LENGTH_MEASURE(0.01),#19319,
'DISTANCE_ACCURACY_VALUE',
'Maximum model space distance between geometric entities at asserted c
onnectivities');
#19317=(
GEOMETRIC_REPRESENTATION_CONTEXT(3)
GLOBAL_UNCERTAINTY_ASSIGNED_CONTEXT((#19315))
GLOBAL_UNIT_ASSIGNED_CONTEXT((#19319,#19321,#19322))
REPRESENTATION_CONTEXT('','3D')
);
#19318=(
GEOMETRIC_REPRESENTATION_CONTEXT(3)
GLOBAL_UNCERTAINTY_ASSIGNED_CONTEXT((#19316))
GLOBAL_UNIT_ASSIGNED_CONTEXT((#19319,#19321,#19322))
REPRESENTATION_CONTEXT('','3D')
);
#19319=(
LENGTH_UNIT()
NAMED_UNIT(*)
SI_UNIT(.MILLI.,.METRE.)
);
#19320=(
LENGTH_UNIT()
NAMED_UNIT(*)
SI_UNIT($,.METRE.)
);
#19321=(
NAMED_UNIT(*)
PLANE_ANGLE_UNIT()
SI_UNIT($,.RADIAN.)
);
#19322=(
NAMED_UNIT(*)
SI_UNIT($,.STERADIAN.)
SOLID_ANGLE_UNIT()
);
#19323=SHAPE_DEFINITION_REPRESENTATION(#19324,#19325);
#19324=PRODUCT_DEFINITION_SHAPE('',$,#19327);
#19325=SHAPE_REPRESENTATION('',(#12105),#19317);
#19326=PRODUCT_DEFINITION_CONTEXT('part definition',#19331,'design');
#19327=PRODUCT_DEFINITION('Timing Belt Trapezoidal',
'Timing Belt Trapezoidal v17',#19328,#19326);
#19328=PRODUCT_DEFINITION_FORMATION('',$,#19333);
#19329=PRODUCT_RELATED_PRODUCT_CATEGORY('Timing Belt Trapezoidal v17',
'Timing Belt Trapezoidal v17',(#19333));
#19330=APPLICATION_PROTOCOL_DEFINITION('international standard',
'automotive_design',2009,#19331);
#19331=APPLICATION_CONTEXT(
'Core Data for Automotive Mechanical Design Process');
#19332=PRODUCT_CONTEXT('part definition',#19331,'mechanical');
#19333=PRODUCT('Timing Belt Trapezoidal','Timing Belt Trapezoidal v17',
$,(#19332));
#19334=PRESENTATION_STYLE_ASSIGNMENT((#19336));
#19335=PRESENTATION_STYLE_ASSIGNMENT((#19337));
#19336=SURFACE_STYLE_USAGE(.BOTH.,#19338);
#19337=SURFACE_STYLE_USAGE(.BOTH.,#19339);
#19338=SURFACE_SIDE_STYLE('',(#19340));
#19339=SURFACE_SIDE_STYLE('',(#19341));
#19340=SURFACE_STYLE_FILL_AREA(#19342);
#19341=SURFACE_STYLE_FILL_AREA(#19343);
#19342=FILL_AREA_STYLE('Acero - Satinado',(#19344));
#19343=FILL_AREA_STYLE('Caucho - Suave',(#19345));
#19344=FILL_AREA_STYLE_COLOUR('Acero - Satinado',#19346);
#19345=FILL_AREA_STYLE_COLOUR('Caucho - Suave',#19347);
#19346=COLOUR_RGB('Acero - Satinado',0.627450980392157,0.627450980392157,
0.627450980392157);
#19347=COLOUR_RGB('Caucho - Suave',0.152941176470588,0.152941176470588,
0.152941176470588);
ENDSEC;
END-ISO-10303-21;
