ISO-10303-21;
HEADER;
/* Generated by software containing ST-Developer
 * from STEP Tools, Inc. (www.steptools.com) 
 */

FILE_DESCRIPTION(
/* description */ ('FreeCAD Model'),
/* implementation_level */ '2;1');

FILE_NAME(
/* name */ 'Porta Baterias 18650x2.step',
/* time_stamp */ '2026-06-26T19:11:36-04:00',
/* author */ (''),
/* organization */ (''),
/* preprocessor_version */ 'ST-DEVELOPER v20.1',
/* originating_system */ 'Autodesk Translation Framework v15.8.0.0',
/* authorisation */ '');

FILE_SCHEMA (('AUTOMOTIVE_DESIGN { 1 0 10303 214 3 1 1 }'));
ENDSEC;

DATA;
#10=MECHANICAL_DESIGN_GEOMETRIC_PRESENTATION_REPRESENTATION('',(#60,#61,
#62,#63,#64,#65),#10225);
#11=CONTEXT_DEPENDENT_OVER_RIDING_STYLED_ITEM('',(#10300),#10256,#65,(#27));
#12=MAPPED_ITEM('',#13,#4758);
#13=REPRESENTATION_MAP(#4758,#10255);
#14=ITEM_DEFINED_TRANSFORMATION($,$,#4708,#4718);
#15=ITEM_DEFINED_TRANSFORMATION($,$,#4708,#4719);
#16=ITEM_DEFINED_TRANSFORMATION($,$,#4747,#4751);
#17=ITEM_DEFINED_TRANSFORMATION($,$,#4747,#4752);
#18=ITEM_DEFINED_TRANSFORMATION($,$,#4442,#4753);
#19=ITEM_DEFINED_TRANSFORMATION($,$,#4707,#4754);
#20=ITEM_DEFINED_TRANSFORMATION($,$,#4720,#4755);
#21=ITEM_DEFINED_TRANSFORMATION($,$,#4733,#4756);
#22=ITEM_DEFINED_TRANSFORMATION($,$,#4746,#4757);
#23=(
REPRESENTATION_RELATIONSHIP($,$,#10258,#10257)
REPRESENTATION_RELATIONSHIP_WITH_TRANSFORMATION(#14)
SHAPE_REPRESENTATION_RELATIONSHIP()
);
#24=(
REPRESENTATION_RELATIONSHIP($,$,#10258,#10257)
REPRESENTATION_RELATIONSHIP_WITH_TRANSFORMATION(#15)
SHAPE_REPRESENTATION_RELATIONSHIP()
);
#25=(
REPRESENTATION_RELATIONSHIP($,$,#10262,#10261)
REPRESENTATION_RELATIONSHIP_WITH_TRANSFORMATION(#16)
SHAPE_REPRESENTATION_RELATIONSHIP()
);
#26=(
REPRESENTATION_RELATIONSHIP($,$,#10262,#10261)
REPRESENTATION_RELATIONSHIP_WITH_TRANSFORMATION(#17)
SHAPE_REPRESENTATION_RELATIONSHIP()
);
#27=(
REPRESENTATION_RELATIONSHIP($,$,#10256,#10255)
REPRESENTATION_RELATIONSHIP_WITH_TRANSFORMATION(#18)
SHAPE_REPRESENTATION_RELATIONSHIP()
);
#28=(
REPRESENTATION_RELATIONSHIP($,$,#10257,#10255)
REPRESENTATION_RELATIONSHIP_WITH_TRANSFORMATION(#19)
SHAPE_REPRESENTATION_RELATIONSHIP()
);
#29=(
REPRESENTATION_RELATIONSHIP($,$,#10259,#10255)
REPRESENTATION_RELATIONSHIP_WITH_TRANSFORMATION(#20)
SHAPE_REPRESENTATION_RELATIONSHIP()
);
#30=(
REPRESENTATION_RELATIONSHIP($,$,#10260,#10255)
REPRESENTATION_RELATIONSHIP_WITH_TRANSFORMATION(#21)
SHAPE_REPRESENTATION_RELATIONSHIP()
);
#31=(
REPRESENTATION_RELATIONSHIP($,$,#10261,#10255)
REPRESENTATION_RELATIONSHIP_WITH_TRANSFORMATION(#22)
SHAPE_REPRESENTATION_RELATIONSHIP()
);
#32=CONTEXT_DEPENDENT_SHAPE_REPRESENTATION(#23,#10242);
#33=CONTEXT_DEPENDENT_SHAPE_REPRESENTATION(#24,#10243);
#34=CONTEXT_DEPENDENT_SHAPE_REPRESENTATION(#25,#10248);
#35=CONTEXT_DEPENDENT_SHAPE_REPRESENTATION(#26,#10249);
#36=CONTEXT_DEPENDENT_SHAPE_REPRESENTATION(#27,#10250);
#37=CONTEXT_DEPENDENT_SHAPE_REPRESENTATION(#28,#10251);
#38=CONTEXT_DEPENDENT_SHAPE_REPRESENTATION(#29,#10252);
#39=CONTEXT_DEPENDENT_SHAPE_REPRESENTATION(#30,#10253);
#40=CONTEXT_DEPENDENT_SHAPE_REPRESENTATION(#31,#10254);
#41=NEXT_ASSEMBLY_USAGE_OCCURRENCE('spring:1','spring:1','spring:1',#10266,
#10267,'spring:1');
#42=NEXT_ASSEMBLY_USAGE_OCCURRENCE('spring:2','spring:2','spring:2',#10266,
#10267,'spring:2');
#43=NEXT_ASSEMBLY_USAGE_OCCURRENCE('positif:1','positif:1','positif:1',
#10270,#10271,'positif:1');
#44=NEXT_ASSEMBLY_USAGE_OCCURRENCE('positif:2','positif:2','positif:2',
#10270,#10271,'positif:2');
#45=NEXT_ASSEMBLY_USAGE_OCCURRENCE('box:1','box:1','box:1',#10264,#10265,
'box:1');
#46=NEXT_ASSEMBLY_USAGE_OCCURRENCE('2xSpring:1','2xSpring:1',
'2xSpring:1',#10264,#10266,'2xSpring:1');
#47=NEXT_ASSEMBLY_USAGE_OCCURRENCE('2_rivets_1:1','2_rivets_1:1',
'2_rivets_1:1',#10264,#10268,'2_rivets_1:1');
#48=NEXT_ASSEMBLY_USAGE_OCCURRENCE('2_rivets_2:1','2_rivets_2:1',
'2_rivets_2:1',#10264,#10269,'2_rivets_2:1');
#49=NEXT_ASSEMBLY_USAGE_OCCURRENCE('2_positivePole:1',
'2_positivePole:1','2_positivePole:1',#10264,#10270,'2_positivePole:1');
#50=SHAPE_REPRESENTATION_RELATIONSHIP('SRR','None',#10256,#55);
#51=SHAPE_REPRESENTATION_RELATIONSHIP('SRR','None',#10258,#56);
#52=SHAPE_REPRESENTATION_RELATIONSHIP('SRR','None',#10259,#57);
#53=SHAPE_REPRESENTATION_RELATIONSHIP('SRR','None',#10260,#58);
#54=SHAPE_REPRESENTATION_RELATIONSHIP('SRR','None',#10262,#59);
#55=ADVANCED_BREP_SHAPE_REPRESENTATION('',(#66),#10218);
#56=ADVANCED_BREP_SHAPE_REPRESENTATION('',(#67),#10220);
#57=ADVANCED_BREP_SHAPE_REPRESENTATION('',(#68),#10221);
#58=ADVANCED_BREP_SHAPE_REPRESENTATION('',(#69),#10222);
#59=ADVANCED_BREP_SHAPE_REPRESENTATION('',(#70),#10224);
#60=STYLED_ITEM('',(#10300),#66);
#61=STYLED_ITEM('',(#10301),#67);
#62=STYLED_ITEM('',(#10302),#68);
#63=STYLED_ITEM('',(#10302),#69);
#64=STYLED_ITEM('',(#10303),#70);
#65=STYLED_ITEM('',(#10304),#12);
#66=MANIFOLD_SOLID_BREP('Cuerpo1',#4380);
#67=MANIFOLD_SOLID_BREP('Cuerpo1',#4381);
#68=MANIFOLD_SOLID_BREP('Cuerpo1',#4382);
#69=MANIFOLD_SOLID_BREP('Cuerpo1',#4383);
#70=MANIFOLD_SOLID_BREP('Cuerpo1',#4384);
#71=ELLIPSE('',#4535,1.000005945286,1.);
#72=ELLIPSE('',#4536,5.000029726428,5.);
#73=ELLIPSE('',#4537,5.000029726428,5.);
#74=ELLIPSE('',#4538,1.000005945286,1.);
#75=ELLIPSE('',#4541,1.000005945286,1.);
#76=ELLIPSE('',#4542,5.000029726428,5.);
#77=ELLIPSE('',#4543,5.000029726428,5.);
#78=ELLIPSE('',#4544,1.000005945286,1.);
#79=TOROIDAL_SURFACE('',#4487,3.,1.);
#80=TOROIDAL_SURFACE('',#4490,3.,1.);
#81=TOROIDAL_SURFACE('',#4556,3.,1.);
#82=TOROIDAL_SURFACE('',#4561,3.,1.);
#83=CONICAL_SURFACE('',#4481,2.5,0.380506377112);
#84=CONICAL_SURFACE('',#4483,2.5,0.380506377112);
#85=B_SPLINE_CURVE_WITH_KNOTS('',2,(#6087,#6088,#6089),.UNSPECIFIED.,.F.,
 .F.,(3,3),(0.,1.),.UNSPECIFIED.);
#86=B_SPLINE_CURVE_WITH_KNOTS('',2,(#6098,#6099,#6100),.UNSPECIFIED.,.F.,
 .F.,(3,3),(0.,1.),.UNSPECIFIED.);
#87=B_SPLINE_CURVE_WITH_KNOTS('',2,(#6162,#6163,#6164),.UNSPECIFIED.,.F.,
 .F.,(3,3),(0.,1.),.UNSPECIFIED.);
#88=B_SPLINE_CURVE_WITH_KNOTS('',2,(#6177,#6178,#6179),.UNSPECIFIED.,.F.,
 .F.,(3,3),(0.,1.),.UNSPECIFIED.);
#89=B_SPLINE_CURVE_WITH_KNOTS('',2,(#6452,#6453,#6454),.UNSPECIFIED.,.F.,
 .F.,(3,3),(0.,0.714619547337668),.UNSPECIFIED.);
#90=B_SPLINE_CURVE_WITH_KNOTS('',2,(#6458,#6459,#6460),.UNSPECIFIED.,.F.,
 .F.,(3,3),(0.,0.773631660197437),.UNSPECIFIED.);
#91=B_SPLINE_CURVE_WITH_KNOTS('',2,(#6495,#6496,#6497),.UNSPECIFIED.,.F.,
 .F.,(3,3),(0.,0.773631660197864),.UNSPECIFIED.);
#92=B_SPLINE_CURVE_WITH_KNOTS('',2,(#6501,#6502,#6503),.UNSPECIFIED.,.F.,
 .F.,(3,3),(0.,0.714619547338364),.UNSPECIFIED.);
#93=B_SPLINE_CURVE_WITH_KNOTS('',2,(#6677,#6678,#6679),.UNSPECIFIED.,.F.,
 .F.,(3,3),(0.,0.714619547338364),.UNSPECIFIED.);
#94=B_SPLINE_CURVE_WITH_KNOTS('',2,(#6683,#6684,#6685),.UNSPECIFIED.,.F.,
 .F.,(3,3),(0.,0.773631660197864),.UNSPECIFIED.);
#95=B_SPLINE_CURVE_WITH_KNOTS('',2,(#6697,#6698,#6699),.UNSPECIFIED.,.F.,
 .F.,(3,3),(0.,0.773631660197437),.UNSPECIFIED.);
#96=B_SPLINE_CURVE_WITH_KNOTS('',2,(#6702,#6703,#6704),.UNSPECIFIED.,.F.,
 .F.,(3,3),(0.,0.714619547337668),.UNSPECIFIED.);
#97=B_SPLINE_CURVE_WITH_KNOTS('',3,(#6782,#6783,#6784,#6785,#6786,#6787,
#6788,#6789,#6790,#6791,#6792,#6793,#6794,#6795,#6796,#6797,#6798,#6799,
#6800,#6801,#6802,#6803,#6804,#6805,#6806,#6807,#6808,#6809,#6810,#6811,
#6812,#6813,#6814,#6815,#6816,#6817,#6818,#6819,#6820,#6821,#6822,#6823,
#6824,#6825,#6826,#6827,#6828,#6829,#6830,#6831,#6832,#6833,#6834,#6835,
#6836,#6837,#6838,#6839,#6840,#6841,#6842,#6843,#6844,#6845,#6846,#6847,
#6848,#6849,#6850,#6851,#6852,#6853,#6854,#6855,#6856,#6857),
 .UNSPECIFIED.,.F.,.F.,(4,3,3,3,3,3,3,3,3,3,3,3,3,3,3,3,3,3,3,3,3,3,3,3,
3,4),(0.,0.009970020384752,0.055378905157314,0.0978118400094749,0.139184404169905,
0.179120445411387,0.191605559475,0.233752410107359,0.2621876662,0.301378734966,
0.336115698710487,0.370121098615577,0.383405391638,0.415592196765416,0.447604570976484,
0.47949590296288,0.502328271784,0.540376947983372,0.576056446137,0.630376694197,
0.686713572419957,0.74533743605278,0.809003077036775,0.874905623131204,
0.945708864640175,0.999999999988759),.UNSPECIFIED.);
#98=B_SPLINE_CURVE_WITH_KNOTS('',3,(#6865,#6866,#6867,#6868,#6869,#6870,
#6871,#6872,#6873,#6874,#6875,#6876,#6877,#6878,#6879,#6880,#6881,#6882,
#6883,#6884,#6885,#6886,#6887,#6888,#6889,#6890,#6891,#6892,#6893,#6894,
#6895,#6896,#6897,#6898,#6899,#6900,#6901,#6902,#6903,#6904,#6905,#6906,
#6907,#6908,#6909,#6910,#6911,#6912,#6913,#6914,#6915,#6916,#6917,#6918,
#6919,#6920,#6921,#6922,#6923,#6924,#6925,#6926,#6927,#6928,#6929,#6930,
#6931,#6932,#6933,#6934,#6935,#6936,#6937),.UNSPECIFIED.,.F.,.F.,(4,3,3,
3,3,3,3,3,3,3,3,3,3,3,3,3,3,3,3,3,3,3,3,3,4),(0.,0.0446986119855054,0.0873988007234627,
0.129026271083727,0.169120986261391,0.191610992794,0.23375756020654,0.26219262513,
0.301383430489,0.336120160772958,0.370125332134586,0.383409535851,0.41559612464854,
0.447608283702144,0.47949940134467,0.502331616704,0.540380037120291,0.57605929552,
0.630379178483458,0.686715678055568,0.745339147665935,0.809004360749451,
0.874906463897243,0.945709229514006,1.),.UNSPECIFIED.);
#99=B_SPLINE_CURVE_WITH_KNOTS('',3,(#6939,#6940,#6941,#6942),
 .UNSPECIFIED.,.F.,.F.,(4,4),(0.,1.),.UNSPECIFIED.);
#100=B_SPLINE_CURVE_WITH_KNOTS('',6,(#6946,#6947,#6948,#6949,#6950,#6951,
#6952,#6953,#6954,#6955,#6956,#6957,#6958,#6959,#6960,#6961,#6962,#6963,
#6964,#6965,#6966,#6967,#6968,#6969,#6970,#6971,#6972,#6973,#6974,#6975,
#6976,#6977,#6978,#6979,#6980,#6981,#6982),.UNSPECIFIED.,.F.,.F.,(7,5,5,
5,5,5,5,7),(0.,0.294474730175,0.444353641962,0.738199255258,0.960448159894,
0.980607859135,0.99003391443,1.),.UNSPECIFIED.);
#101=B_SPLINE_CURVE_WITH_KNOTS('',7,(#6983,#6984,#6985,#6986,#6987,#6988,
#6989,#6990,#6991,#6992,#6993,#6994,#6995,#6996,#6997,#6998,#6999,#7000,
#7001,#7002,#7003,#7004,#7005,#7006,#7007,#7008),.UNSPECIFIED.,.F.,.F.,
(8,6,6,6,8),(0.,0.009077474180198,0.20843334521,0.386168639194,1.),
 .UNSPECIFIED.);
#102=B_SPLINE_CURVE_WITH_KNOTS('',7,(#7016,#7017,#7018,#7019,#7020,#7021,
#7022,#7023,#7024,#7025,#7026,#7027,#7028,#7029,#7030,#7031,#7032,#7033,
#7034,#7035,#7036,#7037,#7038,#7039,#7040,#7041),.UNSPECIFIED.,.F.,.F.,
(8,6,6,6,8),(0.,0.009077474183376,0.208433345227,0.386168639224,1.),
 .UNSPECIFIED.);
#103=B_SPLINE_CURVE_WITH_KNOTS('',6,(#7043,#7044,#7045,#7046,#7047,#7048,
#7049,#7050,#7051,#7052,#7053,#7054,#7055,#7056,#7057,#7058,#7059,#7060,
#7061,#7062,#7063,#7064,#7065,#7066,#7067,#7068,#7069,#7070,#7071,#7072,
#7073,#7074,#7075,#7076,#7077,#7078,#7079),.UNSPECIFIED.,.F.,.F.,(7,5,5,
5,5,5,5,7),(0.,0.294474730175,0.444353641962,0.738199255258,0.960448159894,
0.980607859135,0.99003391443,1.),.UNSPECIFIED.);
#104=B_SPLINE_CURVE_WITH_KNOTS('',3,(#7083,#7084,#7085,#7086),
 .UNSPECIFIED.,.F.,.F.,(4,4),(0.,1.),.UNSPECIFIED.);
#105=B_SPLINE_CURVE_WITH_KNOTS('',3,(#7087,#7088,#7089,#7090,#7091,#7092,
#7093,#7094,#7095,#7096,#7097,#7098,#7099,#7100,#7101,#7102,#7103,#7104,
#7105,#7106,#7107,#7108,#7109,#7110,#7111,#7112,#7113,#7114,#7115,#7116,
#7117,#7118,#7119,#7120,#7121,#7122,#7123,#7124,#7125,#7126,#7127,#7128,
#7129,#7130,#7131,#7132,#7133,#7134,#7135,#7136,#7137,#7138,#7139,#7140,
#7141,#7142,#7143,#7144,#7145,#7146,#7147,#7148,#7149,#7150,#7151,#7152,
#7153,#7154,#7155,#7156,#7157,#7158,#7159,#7160,#7161,#7162),
 .UNSPECIFIED.,.F.,.F.,(4,3,3,3,3,3,3,3,3,3,3,3,3,3,3,3,3,3,3,3,3,3,3,3,
3,4),(0.,0.009970020362895,0.0553789051384213,0.0978118399860952,0.139184404141937,
0.179120445378463,0.191605559465,0.233752410208365,0.262187666195,0.301378734963,
0.336115698702025,0.370121098601839,0.383405391639,0.415592196763903,0.447604570972337,
0.47949590295598,0.502328271787,0.540376947989583,0.576056446138,0.630376694197369,
0.686713572419562,0.745337436051448,0.809003077038586,0.874905623130088,
0.945708864630937,1.),.UNSPECIFIED.);
#106=B_SPLINE_CURVE_WITH_KNOTS('',3,(#7169,#7170,#7171,#7172,#7173,#7174,
#7175,#7176,#7177,#7178,#7179,#7180,#7181,#7182,#7183,#7184,#7185,#7186,
#7187,#7188,#7189,#7190,#7191,#7192,#7193,#7194,#7195,#7196,#7197,#7198,
#7199,#7200,#7201,#7202,#7203,#7204,#7205,#7206,#7207,#7208,#7209,#7210,
#7211,#7212,#7213,#7214,#7215,#7216,#7217,#7218,#7219,#7220,#7221,#7222,
#7223,#7224,#7225,#7226,#7227,#7228,#7229,#7230,#7231,#7232,#7233,#7234,
#7235,#7236,#7237,#7238,#7239,#7240,#7241),.UNSPECIFIED.,.F.,.F.,(4,3,3,
3,3,3,3,3,3,3,3,3,3,3,3,3,3,3,3,3,3,3,3,3,4),(1.23166558621998E-13,0.0446986119770385,
0.0873988007064302,0.129026271058101,0.169120986227078,0.191610992771,0.233757560145493,
0.262192625103,0.30138343046,0.336120160741386,0.370125332100304,0.383409535818,
0.415596124606381,0.447608283650854,0.479499401284322,0.502331616661,0.540380037081335,
0.576059295471,0.630379178436359,0.686715678010633,0.745339147623643,0.809004360708111,
0.874906463862391,0.945709229493333,0.999999999961516),.UNSPECIFIED.);
#107=B_SPLINE_CURVE_WITH_KNOTS('',3,(#7279,#7280,#7281,#7282,#7283,#7284,
#7285,#7286,#7287,#7288,#7289,#7290,#7291,#7292,#7293,#7294,#7295,#7296,
#7297,#7298,#7299,#7300,#7301,#7302,#7303,#7304,#7305,#7306,#7307,#7308,
#7309,#7310,#7311,#7312,#7313,#7314,#7315,#7316,#7317,#7318,#7319,#7320,
#7321,#7322,#7323,#7324,#7325,#7326,#7327,#7328,#7329,#7330,#7331,#7332,
#7333,#7334,#7335,#7336,#7337,#7338,#7339,#7340,#7341,#7342,#7343,#7344,
#7345,#7346,#7347,#7348,#7349,#7350,#7351),.UNSPECIFIED.,.F.,.F.,(4,3,3,
3,3,3,3,3,3,3,3,3,3,3,3,3,3,3,3,3,3,3,3,3,4),(0.,0.0446986119824843,0.0873988007173803,
0.129026271074511,0.169120986248981,0.191610992807,0.233757560272952,0.262192625138,
0.301383430495,0.336120160748611,0.37012533208002,0.383409535854,0.415596124646793,
0.447608283695741,0.479499401333772,0.502331616705,0.540380037160306,0.576059295524,
0.630379178485343,0.686715678055386,0.74533914766375,0.809004360738191,
0.874906463883119,0.945709229495125,0.999999999961515),.UNSPECIFIED.);
#108=B_SPLINE_CURVE_WITH_KNOTS('',3,(#7354,#7355,#7356,#7357,#7358,#7359,
#7360,#7361,#7362,#7363,#7364,#7365,#7366,#7367,#7368,#7369,#7370,#7371,
#7372,#7373,#7374,#7375,#7376,#7377,#7378,#7379,#7380,#7381,#7382,#7383,
#7384,#7385,#7386,#7387,#7388,#7389,#7390,#7391,#7392,#7393,#7394,#7395,
#7396,#7397,#7398,#7399,#7400,#7401,#7402,#7403,#7404,#7405,#7406,#7407,
#7408,#7409,#7410,#7411,#7412,#7413,#7414,#7415,#7416,#7417,#7418,#7419,
#7420,#7421,#7422,#7423,#7424,#7425,#7426,#7427,#7428,#7429),
 .UNSPECIFIED.,.F.,.F.,(4,3,3,3,3,3,3,3,3,3,3,3,3,3,3,3,3,3,3,3,3,3,3,3,
3,4),(0.,0.009970020407877,0.0553789051819077,0.097811840021245,0.139184404168843,
0.179120445396914,0.191605559504,0.23375241017247,0.262187666232,0.301378735,
0.336115698725483,0.370121098611825,0.383405391677,0.415592196809845,0.447604571026417,
0.479495903018374,0.502328271834,0.540376948059218,0.576056446195,0.630376694254013,
0.68671357247589,0.74533743610736,0.80900307708052,0.874905623169713,0.945708864665718,
1.),.UNSPECIFIED.);
#109=B_SPLINE_CURVE_WITH_KNOTS('',3,(#7431,#7432,#7433,#7434,#7435,#7436,
#7437,#7438,#7439,#7440,#7441,#7442,#7443,#7444,#7445,#7446,#7447,#7448,
#7449,#7450,#7451,#7452,#7453,#7454,#7455,#7456,#7457,#7458,#7459,#7460,
#7461,#7462,#7463,#7464,#7465,#7466,#7467,#7468,#7469,#7470,#7471,#7472,
#7473,#7474,#7475,#7476,#7477,#7478,#7479,#7480,#7481,#7482,#7483,#7484,
#7485,#7486,#7487,#7488,#7489,#7490,#7491,#7492,#7493,#7494),
 .UNSPECIFIED.,.F.,.F.,(4,3,3,3,3,3,3,3,3,3,3,3,3,3,3,3,3,3,3,3,3,4),(0.,
0.051598643123,0.103197286246,0.149197407503991,0.15782135408,0.197125719396571,
0.23599631068259,0.270107381476,0.308012099114167,0.345854418495352,0.383720725651437,
0.419076044109,0.46536472597329,0.509886305828,0.566164286039969,0.625544199807477,
0.687114176007192,0.751117642192516,0.819401835792614,0.890181882866487,
0.964164542204422,0.999999999957591),.UNSPECIFIED.);
#110=B_SPLINE_CURVE_WITH_KNOTS('',3,(#7496,#7497,#7498,#7499,#7500,#7501,
#7502,#7503,#7504,#7505,#7506,#7507,#7508,#7509,#7510,#7511,#7512,#7513,
#7514,#7515,#7516,#7517,#7518,#7519,#7520,#7521,#7522,#7523,#7524,#7525,
#7526,#7527,#7528,#7529,#7530,#7531,#7532,#7533,#7534,#7535,#7536,#7537,
#7538,#7539,#7540,#7541,#7542,#7543,#7544,#7545,#7546,#7547,#7548,#7549,
#7550,#7551,#7552,#7553,#7554,#7555,#7556,#7557,#7558,#7559,#7560,#7561,
#7562),.UNSPECIFIED.,.F.,.F.,(4,3,3,3,3,3,3,3,3,3,3,3,3,3,3,3,3,3,3,3,3,
3,4),(0.,0.00483339743323,0.0547183146835807,0.103197116386,0.149197246493438,
0.157821194571,0.197125567337892,0.235996165992134,0.270107243242,0.308011968060285,
0.345854294609773,0.383720608938756,0.4190759341,0.465364624681327,0.509886213022,
0.566164203895816,0.625544128912581,0.687114116776242,0.751117595086375,
0.819401801621712,0.890181862103545,0.964164535456628,1.),.UNSPECIFIED.);
#111=B_SPLINE_CURVE_WITH_KNOTS('',3,(#7594,#7595,#7596,#7597,#7598,#7599,
#7600,#7601,#7602,#7603,#7604,#7605,#7606,#7607,#7608,#7609,#7610,#7611,
#7612,#7613,#7614,#7615,#7616,#7617,#7618,#7619,#7620,#7621,#7622,#7623,
#7624,#7625,#7626,#7627,#7628,#7629,#7630,#7631,#7632,#7633,#7634,#7635,
#7636,#7637,#7638,#7639,#7640,#7641,#7642,#7643,#7644,#7645,#7646,#7647,
#7648,#7649,#7650,#7651,#7652,#7653,#7654,#7655,#7656,#7657),
 .UNSPECIFIED.,.F.,.F.,(4,3,3,3,3,3,3,3,3,3,3,3,3,3,3,3,3,3,3,3,3,4),(1.87950565554755E-13,
0.051598643123094,0.103197286246,0.149197407636742,0.157821354081,0.197125719383591,
0.235996310655622,0.270107381476,0.308012099118304,0.345854418503655,0.383720725663911,
0.41907604411,0.46536472596732,0.509886305829,0.566164286040974,0.625544199808483,
0.687114176008167,0.751117642193588,0.819401835793734,0.89018188286774,
0.964164542205871,0.99999999995759),.UNSPECIFIED.);
#112=B_SPLINE_CURVE_WITH_KNOTS('',3,(#7661,#7662,#7663,#7664,#7665,#7666,
#7667,#7668,#7669,#7670,#7671,#7672,#7673,#7674,#7675,#7676,#7677,#7678,
#7679,#7680,#7681,#7682,#7683,#7684,#7685,#7686,#7687,#7688,#7689,#7690,
#7691,#7692,#7693,#7694,#7695,#7696,#7697,#7698,#7699,#7700,#7701,#7702,
#7703,#7704,#7705,#7706,#7707,#7708,#7709,#7710,#7711,#7712,#7713,#7714,
#7715,#7716,#7717,#7718,#7719,#7720,#7721,#7722,#7723,#7724,#7725,#7726,
#7727),.UNSPECIFIED.,.F.,.F.,(4,3,3,3,3,3,3,3,3,3,3,3,3,3,3,3,3,3,3,3,3,
3,4),(0.,0.004833397448746,0.0547183147313772,0.1031971164,0.149197246385343,
0.157821194585,0.197125567341277,0.235996165984777,0.270107243257,0.308011968067426,
0.34585429460904,0.383720608930244,0.419075934118,0.465364624692728,0.509886213044,
0.566164203918821,0.625544128936661,0.687114116801503,0.751117595112969,
0.819401801649632,0.890181862132805,0.964164535486507,1.),.UNSPECIFIED.);
#113=B_SPLINE_CURVE_WITH_KNOTS('',3,(#7785,#7786,#7787,#7788,#7789,#7790,
#7791,#7792,#7793,#7794,#7795,#7796,#7797,#7798,#7799,#7800,#7801,#7802,
#7803,#7804,#7805,#7806,#7807,#7808,#7809,#7810,#7811,#7812,#7813,#7814,
#7815,#7816,#7817,#7818,#7819,#7820,#7821,#7822,#7823,#7824,#7825,#7826,
#7827,#7828,#7829,#7830,#7831,#7832,#7833,#7834,#7835,#7836,#7837,#7838,
#7839,#7840,#7841,#7842,#7843,#7844,#7845,#7846,#7847,#7848,#7849,#7850,
#7851,#7852,#7853,#7854,#7855,#7856,#7857,#7858,#7859,#7860),
 .UNSPECIFIED.,.F.,.F.,(4,3,3,3,3,3,3,3,3,3,3,3,3,3,3,3,3,3,3,3,3,3,3,3,
3,4),(0.,0.009970021176263,0.0553789095499473,0.0978118477613866,0.13918441519703,
0.179120459599623,0.191605574671,0.233752428664969,0.262187686993,0.301378758868,
0.336115725361405,0.370121127957257,0.383405422045,0.41559222972072,0.447604606466256,
0.47949594097754,0.502328311622,0.540376990829379,0.576056491822,0.630376744633102,
0.686713627771887,0.745337496536426,0.80900312240232,0.874905673206175,
0.945708920761255,1.),.UNSPECIFIED.);
#114=B_SPLINE_CURVE_WITH_KNOTS('',7,(#7868,#7869,#7870,#7871,#7872,#7873,
#7874,#7875,#7876,#7877,#7878,#7879,#7880,#7881,#7882,#7883,#7884,#7885,
#7886,#7887,#7888,#7889,#7890,#7891,#7892,#7893),.UNSPECIFIED.,.F.,.F.,
(8,6,6,6,8),(0.,0.009077474180192,0.20843334521,0.386168639194,1.),
 .UNSPECIFIED.);
#115=B_SPLINE_CURVE_WITH_KNOTS('',6,(#7895,#7896,#7897,#7898,#7899,#7900,
#7901,#7902,#7903,#7904,#7905,#7906,#7907,#7908,#7909,#7910,#7911,#7912,
#7913,#7914,#7915,#7916,#7917,#7918,#7919,#7920,#7921,#7922,#7923,#7924,
#7925,#7926,#7927,#7928,#7929,#7930,#7931),.UNSPECIFIED.,.F.,.F.,(7,5,5,
5,5,5,5,7),(0.,0.294474730175,0.444353641962,0.738199255258,0.960448159894,
0.980607859135,0.99003391443,1.),.UNSPECIFIED.);
#116=B_SPLINE_CURVE_WITH_KNOTS('',3,(#7935,#7936,#7937,#7938),
 .UNSPECIFIED.,.F.,.F.,(4,4),(0.,1.),.UNSPECIFIED.);
#117=B_SPLINE_CURVE_WITH_KNOTS('',3,(#7939,#7940,#7941,#7942,#7943,#7944,
#7945,#7946,#7947,#7948,#7949,#7950,#7951,#7952,#7953,#7954,#7955,#7956,
#7957,#7958,#7959,#7960,#7961,#7962,#7963,#7964,#7965,#7966,#7967,#7968,
#7969,#7970,#7971,#7972,#7973,#7974,#7975,#7976,#7977,#7978,#7979,#7980,
#7981,#7982,#7983,#7984,#7985,#7986,#7987,#7988,#7989,#7990,#7991,#7992,
#7993,#7994,#7995,#7996,#7997,#7998,#7999,#8000,#8001,#8002,#8003,#8004,
#8005,#8006,#8007,#8008,#8009,#8010,#8011),.UNSPECIFIED.,.F.,.F.,(4,3,3,
3,3,3,3,3,3,3,3,3,3,3,3,3,3,3,3,3,3,3,3,3,4),(0.,0.044698608434516,0.0873987937798395,
0.129026260832527,0.169120972823929,0.191610977601,0.233757541651859,0.26219260434,
0.301383406591,0.336120134105193,0.370125302755323,0.383409505448,0.415596091698996,
0.447608248219854,0.479499363339115,0.50233157687,0.540379994346634,0.57605924984,
0.630379128062352,0.686715622728972,0.745339087218899,0.809004315265887,
0.874906413713163,0.945709173312165,0.999999999406853),.UNSPECIFIED.);
#118=B_SPLINE_CURVE_WITH_KNOTS('',7,(#8019,#8020,#8021,#8022,#8023,#8024,
#8025,#8026,#8027,#8028,#8029,#8030,#8031,#8032,#8033,#8034,#8035,#8036,
#8037,#8038,#8039,#8040,#8041,#8042,#8043,#8044),.UNSPECIFIED.,.F.,.F.,
(8,6,6,6,8),(0.,0.009077474178032,0.20843334522,0.386168639215,1.),
 .UNSPECIFIED.);
#119=B_SPLINE_CURVE_WITH_KNOTS('',3,(#8046,#8047,#8048,#8049),
 .UNSPECIFIED.,.F.,.F.,(4,4),(0.,1.),.UNSPECIFIED.);
#120=B_SPLINE_CURVE_WITH_KNOTS('',6,(#8052,#8053,#8054,#8055,#8056,#8057,
#8058,#8059,#8060,#8061,#8062,#8063,#8064,#8065,#8066,#8067,#8068,#8069,
#8070,#8071,#8072,#8073,#8074,#8075,#8076,#8077,#8078,#8079,#8080,#8081,
#8082,#8083,#8084,#8085,#8086,#8087,#8088),.UNSPECIFIED.,.F.,.F.,(7,5,5,
5,5,5,5,7),(0.,0.294474730175,0.444353641962,0.738199255258,0.960448159894,
0.980607859135,0.99003391443,1.),.UNSPECIFIED.);
#121=B_SPLINE_CURVE_WITH_KNOTS('',3,(#8196,#8197,#8198,#8199,#8200,#8201,
#8202,#8203,#8204,#8205,#8206,#8207,#8208,#8209,#8210,#8211,#8212,#8213,
#8214,#8215,#8216,#8217,#8218,#8219,#8220,#8221,#8222,#8223,#8224,#8225,
#8226,#8227,#8228,#8229,#8230,#8231,#8232,#8233,#8234,#8235,#8236,#8237,
#8238,#8239,#8240,#8241,#8242,#8243,#8244,#8245,#8246,#8247,#8248,#8249,
#8250,#8251,#8252,#8253,#8254,#8255,#8256,#8257,#8258,#8259),
 .UNSPECIFIED.,.F.,.F.,(4,3,3,3,3,3,3,3,3,3,3,3,3,3,3,3,3,3,3,3,3,4),(0.,
0.0515986390855,0.103197278171,0.149197395783423,0.157821341732,0.197125703967566,
0.235996292206535,0.270107360343,0.308012075022983,0.345854391450893,0.383720695651799,
0.419076011322,0.465364689597751,0.509886265936,0.566164241466515,0.625544150495637,
0.687114121775463,0.751117582811949,0.819401771252247,0.890181812674428,
0.964164465707272,0.999999999414306),.UNSPECIFIED.);
#122=B_SPLINE_CURVE_WITH_KNOTS('',3,(#8260,#8261,#8262,#8263,#8264,#8265,
#8266,#8267,#8268,#8269,#8270,#8271,#8272,#8273,#8274,#8275,#8276,#8277,
#8278,#8279,#8280,#8281,#8282,#8283,#8284,#8285,#8286,#8287,#8288,#8289,
#8290,#8291,#8292,#8293,#8294,#8295,#8296,#8297,#8298,#8299,#8300,#8301,
#8302,#8303,#8304,#8305,#8306,#8307,#8308,#8309,#8310,#8311,#8312,#8313,
#8314,#8315,#8316,#8317,#8318,#8319,#8320,#8321,#8322,#8323,#8324,#8325,
#8326),.UNSPECIFIED.,.F.,.F.,(4,3,3,3,3,3,3,3,3,3,3,3,3,3,3,3,3,3,3,3,3,
3,4),(0.,0.004833397824059,0.0547183189938439,0.103197124471,0.149197258039538,
0.157821206929,0.197125582738894,0.235996184402135,0.270107264384,0.3080119921609,
0.345854321664065,0.383720638948605,0.419075966899,0.465364661028433,0.509886252928,
0.56616424848697,0.625544178244367,0.687114171030262,0.751117654492175,
0.819401866188728,0.890181932327261,0.96416461199727,1.),.UNSPECIFIED.);
#123=B_SPLINE_CURVE_WITH_KNOTS('',3,(#8341,#8342,#8343,#8344,#8345,#8346,
#8347,#8348,#8349,#8350,#8351,#8352,#8353,#8354,#8355,#8356,#8357,#8358,
#8359,#8360,#8361,#8362,#8363,#8364,#8365,#8366,#8367,#8368,#8369,#8370,
#8371,#8372,#8373,#8374,#8375,#8376,#8377,#8378,#8379,#8380,#8381,#8382,
#8383,#8384,#8385,#8386,#8387,#8388,#8389,#8390,#8391,#8392,#8393,#8394,
#8395,#8396,#8397,#8398,#8399,#8400,#8401,#8402,#8403,#8404,#8405,#8406,
#8407),.UNSPECIFIED.,.F.,.F.,(4,3,3,3,3,3,3,3,3,3,3,3,3,3,3,3,3,3,3,3,3,
3,4),(0.,0.004833397442786,0.0547183147223532,0.103197116389,0.149197246655654,
0.157821194571,0.19712556735557,0.235996166027789,0.270107243236,0.308011968059064,
0.345854294613404,0.383720608947241,0.419075934088,0.465364624674855,0.509886213008,
0.566164203879051,0.625544128893101,0.687114116753982,0.751117595061206,
0.819401801593445,0.890181862071637,0.96416453541941,0.999999999987613),
 .UNSPECIFIED.);
#124=B_SPLINE_CURVE_WITH_KNOTS('',3,(#8410,#8411,#8412,#8413,#8414,#8415,
#8416,#8417,#8418,#8419,#8420,#8421,#8422,#8423,#8424,#8425,#8426,#8427,
#8428,#8429,#8430,#8431,#8432,#8433,#8434,#8435,#8436,#8437,#8438,#8439,
#8440,#8441,#8442,#8443,#8444,#8445,#8446,#8447,#8448,#8449,#8450,#8451,
#8452,#8453,#8454,#8455,#8456,#8457,#8458,#8459,#8460,#8461,#8462,#8463,
#8464,#8465,#8466,#8467,#8468,#8469,#8470,#8471,#8472,#8473),
 .UNSPECIFIED.,.F.,.F.,(4,3,3,3,3,3,3,3,3,3,3,3,3,3,3,3,3,3,3,3,3,4),(0.,
0.0515986431235,0.103197286247,0.149197407512404,0.157821354084,0.197125719395662,
0.235996310676783,0.270107381485,0.308012099129109,0.345854418516308,0.383720725678471,
0.419076044126,0.465364725963521,0.509886305849,0.566164286060476,0.625544199827338,
0.687114176026099,0.751117642210078,0.819401835807327,0.890181882876612,
0.964164542206159,1.),.UNSPECIFIED.);
#125=B_SPLINE_CURVE_WITH_KNOTS('',3,(#8496,#8497,#8498,#8499,#8500,#8501,
#8502,#8503,#8504,#8505,#8506,#8507,#8508,#8509,#8510,#8511,#8512,#8513,
#8514,#8515,#8516,#8517,#8518,#8519,#8520,#8521,#8522,#8523,#8524,#8525,
#8526,#8527,#8528,#8529,#8530,#8531,#8532,#8533,#8534,#8535,#8536,#8537,
#8538,#8539,#8540,#8541),.UNSPECIFIED.,.F.,.F.,(4,3,3,3,3,3,3,3,3,3,3,3,
3,3,3,4),(0.,0.009331007376401,0.0671044880685971,0.12817069257748,0.181906651242,
0.250026104271752,0.319346066224152,0.376437407529,0.456643994179469,0.539073772205344,
0.62355200559366,0.709794882318387,0.797734135241093,0.885999406863211,
0.973493644727412,0.999999999999658),.UNSPECIFIED.);
#126=B_SPLINE_CURVE_WITH_KNOTS('',3,(#8544,#8545,#8546,#8547,#8548,#8549,
#8550,#8551,#8552,#8553,#8554,#8555,#8556,#8557,#8558,#8559,#8560,#8561,
#8562,#8563,#8564,#8565,#8566,#8567,#8568,#8569,#8570,#8571,#8572,#8573,
#8574,#8575,#8576,#8577,#8578,#8579,#8580,#8581,#8582,#8583,#8584,#8585,
#8586,#8587,#8588,#8589),.UNSPECIFIED.,.F.,.F.,(4,3,3,3,3,3,3,3,3,3,3,3,
3,3,3,4),(0.,0.009331007372529,0.0671044884163532,0.12817069348642,0.181906651248,
0.25002610127908,0.319346063767024,0.376437407546,0.456643990519329,0.539073769518719,
0.623552005026042,0.709794880379952,0.797734128568511,0.885999404971939,
0.973493700303132,1.),.UNSPECIFIED.);
#127=B_SPLINE_CURVE_WITH_KNOTS('',3,(#8592,#8593,#8594,#8595),
 .UNSPECIFIED.,.F.,.F.,(4,4),(1.45840754170472E-14,1.),.UNSPECIFIED.);
#128=B_SPLINE_CURVE_WITH_KNOTS('',3,(#8602,#8603,#8604,#8605,#8606,#8607,
#8608,#8609,#8610,#8611,#8612,#8613,#8614,#8615,#8616,#8617,#8618,#8619,
#8620,#8621,#8622,#8623,#8624,#8625,#8626,#8627,#8628,#8629),
 .UNSPECIFIED.,.F.,.F.,(4,3,3,3,3,3,3,3,3,4),(1.66471033740703E-14,0.138755815634412,
0.269240931973213,0.396052248636378,0.524594413089689,0.644428638232752,
0.653136577543,0.774081107338291,0.897905420556297,1.),.UNSPECIFIED.);
#129=B_SPLINE_CURVE_WITH_KNOTS('',3,(#8632,#8633,#8634,#8635,#8636,#8637,
#8638,#8639,#8640,#8641,#8642,#8643,#8644,#8645,#8646,#8647,#8648,#8649,
#8650,#8651,#8652,#8653,#8654,#8655,#8656,#8657,#8658,#8659),
 .UNSPECIFIED.,.F.,.F.,(4,3,3,3,3,3,3,3,3,4),(3.10588790888211E-14,0.138755816193119,
0.269240932667789,0.396052249338544,0.524594413440772,0.644428638433009,
0.653136577543,0.774081107026873,0.897905420686992,1.),.UNSPECIFIED.);
#130=B_SPLINE_CURVE_WITH_KNOTS('',3,(#8666,#8667,#8668,#8669),
 .UNSPECIFIED.,.F.,.F.,(4,4),(1.59425165511066E-13,1.),.UNSPECIFIED.);
#131=B_SPLINE_CURVE_WITH_KNOTS('',3,(#8680,#8681,#8682,#8683,#8684,#8685,
#8686,#8687,#8688,#8689,#8690,#8691,#8692,#8693,#8694,#8695,#8696,#8697,
#8698,#8699,#8700,#8701,#8702,#8703,#8704,#8705,#8706,#8707,#8708,#8709,
#8710,#8711,#8712,#8713,#8714,#8715,#8716,#8717,#8718,#8719,#8720,#8721,
#8722,#8723,#8724,#8725),.UNSPECIFIED.,.F.,.F.,(4,3,3,3,3,3,3,3,3,3,3,3,
3,3,3,4),(0.,0.009331007385067,0.0671044885486214,0.128170694214351,0.181906651264,
0.250026102869553,0.319346065705704,0.376437407567,0.456643990567901,0.53907376957052,
0.62355200506162,0.709794880393483,0.797734128583217,0.885999405007112,
0.973493700376784,1.),.UNSPECIFIED.);
#132=B_SPLINE_CURVE_WITH_KNOTS('',3,(#8726,#8727,#8728,#8729,#8730,#8731,
#8732,#8733,#8734,#8735,#8736,#8737,#8738,#8739,#8740,#8741,#8742,#8743,
#8744,#8745,#8746,#8747,#8748,#8749,#8750,#8751,#8752,#8753),
 .UNSPECIFIED.,.F.,.F.,(4,3,3,3,3,3,3,3,3,4),(0.,0.138755816189474,0.26924093266326,
0.396052249335204,0.524594413439102,0.644428638433717,0.653136577543,0.774081107338787,
0.897905420556971,1.),.UNSPECIFIED.);
#133=B_SPLINE_CURVE_WITH_KNOTS('',3,(#8754,#8755,#8756,#8757),
 .UNSPECIFIED.,.F.,.F.,(4,4),(0.,1.),.UNSPECIFIED.);
#134=B_SPLINE_CURVE_WITH_KNOTS('',3,(#8765,#8766,#8767,#8768),
 .UNSPECIFIED.,.F.,.F.,(4,4),(0.,1.),.UNSPECIFIED.);
#135=B_SPLINE_CURVE_WITH_KNOTS('',3,(#8770,#8771,#8772,#8773,#8774,#8775,
#8776,#8777,#8778,#8779,#8780,#8781,#8782,#8783,#8784,#8785,#8786,#8787,
#8788,#8789,#8790,#8791,#8792,#8793,#8794,#8795,#8796,#8797),
 .UNSPECIFIED.,.F.,.F.,(4,3,3,3,3,3,3,3,3,4),(0.,0.138755815634478,0.269240931973129,
0.396052248636509,0.524594413089754,0.644428638227985,0.653136577543,0.774081107338291,
0.897905420556302,1.),.UNSPECIFIED.);
#136=B_SPLINE_CURVE_WITH_KNOTS('',3,(#8798,#8799,#8800,#8801,#8802,#8803,
#8804,#8805,#8806,#8807,#8808,#8809,#8810,#8811,#8812,#8813,#8814,#8815,
#8816,#8817,#8818,#8819,#8820,#8821,#8822,#8823,#8824,#8825,#8826,#8827,
#8828,#8829,#8830,#8831,#8832,#8833,#8834,#8835,#8836,#8837,#8838,#8839,
#8840,#8841,#8842,#8843),.UNSPECIFIED.,.F.,.F.,(4,3,3,3,3,3,3,3,3,3,3,3,
3,3,3,4),(0.,0.009331007376403,0.0671044880686058,0.128170692578339,0.181906651242,
0.250026104272047,0.319346066224244,0.376437407529,0.456643994178483,0.539073772198441,
0.623552005583093,0.709794882310377,0.797734135229197,0.885999406814594,
0.973493644501019,0.999999999999661),.UNSPECIFIED.);
#137=B_SPLINE_CURVE_WITH_KNOTS('',3,(#9926,#9927,#9928,#9929,#9930),
 .UNSPECIFIED.,.F.,.F.,(4,1,4),(0.,0.5,1.),.UNSPECIFIED.);
#138=B_SPLINE_CURVE_WITH_KNOTS('',3,(#9990,#9991,#9992,#9993,#9994),
 .UNSPECIFIED.,.F.,.F.,(4,1,4),(0.,0.5,1.),.UNSPECIFIED.);
#139=B_SPLINE_CURVE_WITH_KNOTS('',3,(#10049,#10050,#10051,#10052,#10053),
 .UNSPECIFIED.,.F.,.F.,(4,1,4),(0.,0.5,1.),.UNSPECIFIED.);
#140=B_SPLINE_CURVE_WITH_KNOTS('',3,(#10113,#10114,#10115,#10116,#10117),
 .UNSPECIFIED.,.F.,.F.,(4,1,4),(0.,0.5,1.),.UNSPECIFIED.);
#141=B_SPLINE_CURVE_WITH_KNOTS('',3,(#10191,#10192,#10193,#10194,#10195,
#10196,#10197),.UNSPECIFIED.,.F.,.F.,(4,1,1,1,4),(0.,0.25,0.5,0.75,1.),
 .UNSPECIFIED.);
#142=B_SPLINE_SURFACE_WITH_KNOTS('',2,1,((#6080,#6081),(#6082,#6083),(#6084,
#6085)),.UNSPECIFIED.,.F.,.F.,.F.,(3,3),(2,2),(0.,1.),(-1.01000000000002,
0.0100000000000011),.UNSPECIFIED.);
#143=B_SPLINE_SURFACE_WITH_KNOTS('',2,1,((#6091,#6092),(#6093,#6094),(#6095,
#6096)),.UNSPECIFIED.,.F.,.F.,.F.,(3,3),(2,2),(0.,1.),(-1.01000000002828,
0.010000000000282),.UNSPECIFIED.);
#144=B_SPLINE_SURFACE_WITH_KNOTS('',2,1,((#6124,#6125),(#6126,#6127),(#6128,
#6129)),.UNSPECIFIED.,.F.,.F.,.F.,(3,3),(2,2),(0.,1.),(-71.71,0.709999999999994),
 .UNSPECIFIED.);
#145=B_SPLINE_SURFACE_WITH_KNOTS('',2,1,((#6155,#6156),(#6157,#6158),(#6159,
#6160)),.UNSPECIFIED.,.F.,.F.,.F.,(3,3),(2,2),(0.,1.),(-1.01,0.0100000000000009),
 .UNSPECIFIED.);
#146=B_SPLINE_SURFACE_WITH_KNOTS('',2,1,((#6170,#6171),(#6172,#6173),(#6174,
#6175)),.UNSPECIFIED.,.F.,.F.,.F.,(3,3),(2,2),(0.,1.),(-71.71,0.709999999999994),
 .UNSPECIFIED.);
#147=B_SPLINE_SURFACE_WITH_KNOTS('',2,1,((#6191,#6192),(#6193,#6194),(#6195,
#6196)),.UNSPECIFIED.,.F.,.F.,.F.,(3,3),(2,2),(0.,1.),(-1.01000000003636,
0.0100000000003608),.UNSPECIFIED.);
#148=B_SPLINE_SURFACE_WITH_KNOTS('',2,1,((#6776,#6777),(#6778,#6779),(#6780,
#6781)),.UNSPECIFIED.,.F.,.F.,.F.,(3,3),(2,2),(0.,1.),(-2.9795,0.0295000000000001),
 .UNSPECIFIED.);
#149=B_SPLINE_SURFACE_WITH_KNOTS('',2,1,((#6858,#6859),(#6860,#6861),(#6862,
#6863)),.UNSPECIFIED.,.F.,.F.,.F.,(3,3),(2,2),(0.,1.),(-28.8500218428734,
-2.69356414016957),.UNSPECIFIED.);
#150=B_SPLINE_SURFACE_WITH_KNOTS('',2,1,((#7009,#7010),(#7011,#7012),(#7013,
#7014)),.UNSPECIFIED.,.F.,.F.,.F.,(3,3),(2,2),(0.,1.),(-68.3064358598298,
-42.1499781571932),.UNSPECIFIED.);
#151=B_SPLINE_SURFACE_WITH_KNOTS('',2,1,((#7163,#7164),(#7165,#7166),(#7167,
#7168)),.UNSPECIFIED.,.F.,.F.,.F.,(3,3),(2,2),(0.,1.),(-71.0295000000001,
-68.0205),.UNSPECIFIED.);
#152=B_SPLINE_SURFACE_WITH_KNOTS('',2,1,((#7273,#7274),(#7275,#7276),(#7277,
#7278)),.UNSPECIFIED.,.F.,.F.,.F.,(3,3),(2,2),(0.,1.),(-71.0295000000001,
-68.0205),.UNSPECIFIED.);
#153=B_SPLINE_SURFACE_WITH_KNOTS('',2,1,((#7564,#7565),(#7566,#7567),(#7568,
#7569)),.UNSPECIFIED.,.F.,.F.,.F.,(3,3),(2,2),(0.,1.),(-71.0295,-68.0205),
 .UNSPECIFIED.);
#154=B_SPLINE_SURFACE_WITH_KNOTS('',2,1,((#7588,#7589),(#7590,#7591),(#7592,
#7593)),.UNSPECIFIED.,.F.,.F.,.F.,(3,3),(2,2),(0.,1.),(-71.0295,-68.0205),
 .UNSPECIFIED.);
#155=B_SPLINE_SURFACE_WITH_KNOTS('',2,1,((#7779,#7780),(#7781,#7782),(#7783,
#7784)),.UNSPECIFIED.,.F.,.F.,.F.,(3,3),(2,2),(0.,1.),(-2.9795,0.0295000000000045),
 .UNSPECIFIED.);
#156=B_SPLINE_SURFACE_WITH_KNOTS('',2,1,((#7861,#7862),(#7863,#7864),(#7865,
#7866)),.UNSPECIFIED.,.F.,.F.,.F.,(3,3),(2,2),(0.,1.),(-28.8500218428734,
-2.69356414016956),.UNSPECIFIED.);
#157=B_SPLINE_SURFACE_WITH_KNOTS('',2,1,((#8012,#8013),(#8014,#8015),(#8016,
#8017)),.UNSPECIFIED.,.F.,.F.,.F.,(3,3),(2,2),(0.,1.),(-68.3064358598298,
-42.1499781571932),.UNSPECIFIED.);
#158=B_SPLINE_SURFACE_WITH_KNOTS('',2,1,((#8327,#8328),(#8329,#8330),(#8331,
#8332)),.UNSPECIFIED.,.F.,.F.,.F.,(3,3),(2,2),(0.,1.),(-2.9795,0.0295000000000019),
 .UNSPECIFIED.);
#159=B_SPLINE_SURFACE_WITH_KNOTS('',2,1,((#8335,#8336),(#8337,#8338),(#8339,
#8340)),.UNSPECIFIED.,.F.,.F.,.F.,(3,3),(2,2),(0.,1.),(-2.9795,0.0295000000000001),
 .UNSPECIFIED.);
#160=B_SPLINE_SURFACE_WITH_KNOTS('',2,1,((#8596,#8597),(#8598,#8599),(#8600,
#8601)),.UNSPECIFIED.,.F.,.F.,.F.,(3,3),(2,2),(0.,1.),(-28.8500218428198,
-2.6935641401701),.UNSPECIFIED.);
#161=B_SPLINE_SURFACE_WITH_KNOTS('',2,1,((#8660,#8661),(#8662,#8663),(#8664,
#8665)),.UNSPECIFIED.,.F.,.F.,.F.,(3,3),(2,2),(0.,1.),(-68.3064358598298,
-42.1499781571932),.UNSPECIFIED.);
#162=B_SPLINE_SURFACE_WITH_KNOTS('',2,1,((#8673,#8674),(#8675,#8676),(#8677,
#8678)),.UNSPECIFIED.,.F.,.F.,.F.,(3,3),(2,2),(0.,1.),(-68.3064358598298,
-42.1499781571932),.UNSPECIFIED.);
#163=B_SPLINE_SURFACE_WITH_KNOTS('',2,1,((#8759,#8760),(#8761,#8762),(#8763,
#8764)),.UNSPECIFIED.,.F.,.F.,.F.,(3,3),(2,2),(0.,1.),(-28.8500218428198,
-2.6935641401701),.UNSPECIFIED.);
#164=FACE_BOUND('',#616,.T.);
#165=FACE_BOUND('',#617,.T.);
#166=FACE_BOUND('',#618,.T.);
#167=FACE_BOUND('',#619,.T.);
#168=FACE_BOUND('',#621,.T.);
#169=FACE_BOUND('',#622,.T.);
#170=FACE_BOUND('',#623,.T.);
#171=FACE_BOUND('',#664,.T.);
#172=FACE_BOUND('',#665,.T.);
#173=FACE_BOUND('',#666,.T.);
#174=FACE_BOUND('',#669,.T.);
#175=FACE_BOUND('',#670,.T.);
#176=FACE_BOUND('',#672,.T.);
#177=FACE_BOUND('',#673,.T.);
#178=FACE_BOUND('',#674,.T.);
#179=FACE_BOUND('',#675,.T.);
#180=FACE_BOUND('',#679,.T.);
#181=FACE_BOUND('',#680,.T.);
#182=FACE_BOUND('',#681,.T.);
#183=FACE_BOUND('',#682,.T.);
#184=FACE_BOUND('',#685,.T.);
#185=FACE_BOUND('',#687,.T.);
#186=FACE_BOUND('',#692,.T.);
#187=FACE_BOUND('',#693,.T.);
#188=FACE_BOUND('',#698,.T.);
#189=FACE_BOUND('',#700,.T.);
#190=FACE_BOUND('',#794,.T.);
#191=FACE_BOUND('',#796,.T.);
#192=FACE_BOUND('',#801,.T.);
#193=FACE_BOUND('',#803,.T.);
#194=FACE_BOUND('',#805,.T.);
#195=FACE_BOUND('',#812,.T.);
#196=FACE_BOUND('',#814,.T.);
#197=FACE_BOUND('',#816,.T.);
#198=FACE_BOUND('',#822,.T.);
#199=FACE_BOUND('',#824,.T.);
#200=FACE_BOUND('',#826,.T.);
#201=FACE_BOUND('',#828,.T.);
#202=FACE_BOUND('',#873,.T.);
#203=FACE_BOUND('',#876,.T.);
#204=FACE_BOUND('',#881,.T.);
#205=FACE_BOUND('',#884,.T.);
#206=FACE_BOUND('',#889,.T.);
#207=PLANE('',#4447);
#208=PLANE('',#4450);
#209=PLANE('',#4461);
#210=PLANE('',#4462);
#211=PLANE('',#4463);
#212=PLANE('',#4467);
#213=PLANE('',#4468);
#214=PLANE('',#4472);
#215=PLANE('',#4473);
#216=PLANE('',#4474);
#217=PLANE('',#4475);
#218=PLANE('',#4476);
#219=PLANE('',#4477);
#220=PLANE('',#4478);
#221=PLANE('',#4479);
#222=PLANE('',#4480);
#223=PLANE('',#4494);
#224=PLANE('',#4495);
#225=PLANE('',#4496);
#226=PLANE('',#4497);
#227=PLANE('',#4502);
#228=PLANE('',#4504);
#229=PLANE('',#4509);
#230=PLANE('',#4510);
#231=PLANE('',#4515);
#232=PLANE('',#4518);
#233=PLANE('',#4519);
#234=PLANE('',#4520);
#235=PLANE('',#4524);
#236=PLANE('',#4525);
#237=PLANE('',#4530);
#238=PLANE('',#4531);
#239=PLANE('',#4534);
#240=PLANE('',#4539);
#241=PLANE('',#4540);
#242=PLANE('',#4545);
#243=PLANE('',#4547);
#244=PLANE('',#4553);
#245=PLANE('',#4562);
#246=PLANE('',#4563);
#247=PLANE('',#4564);
#248=PLANE('',#4565);
#249=PLANE('',#4570);
#250=PLANE('',#4573);
#251=PLANE('',#4574);
#252=PLANE('',#4575);
#253=PLANE('',#4583);
#254=PLANE('',#4584);
#255=PLANE('',#4585);
#256=PLANE('',#4586);
#257=PLANE('',#4587);
#258=PLANE('',#4588);
#259=PLANE('',#4589);
#260=PLANE('',#4590);
#261=PLANE('',#4593);
#262=PLANE('',#4596);
#263=PLANE('',#4597);
#264=PLANE('',#4598);
#265=PLANE('',#4599);
#266=PLANE('',#4600);
#267=PLANE('',#4601);
#268=PLANE('',#4602);
#269=PLANE('',#4603);
#270=PLANE('',#4606);
#271=PLANE('',#4607);
#272=PLANE('',#4608);
#273=PLANE('',#4609);
#274=PLANE('',#4610);
#275=PLANE('',#4611);
#276=PLANE('',#4612);
#277=PLANE('',#4613);
#278=PLANE('',#4614);
#279=PLANE('',#4615);
#280=PLANE('',#4616);
#281=PLANE('',#4617);
#282=PLANE('',#4618);
#283=PLANE('',#4619);
#284=PLANE('',#4620);
#285=PLANE('',#4621);
#286=PLANE('',#4623);
#287=PLANE('',#4628);
#288=PLANE('',#4630);
#289=PLANE('',#4632);
#290=PLANE('',#4634);
#291=PLANE('',#4637);
#292=PLANE('',#4638);
#293=PLANE('',#4639);
#294=PLANE('',#4640);
#295=PLANE('',#4641);
#296=PLANE('',#4642);
#297=PLANE('',#4643);
#298=PLANE('',#4644);
#299=PLANE('',#4646);
#300=PLANE('',#4647);
#301=PLANE('',#4651);
#302=PLANE('',#4652);
#303=PLANE('',#4653);
#304=PLANE('',#4654);
#305=PLANE('',#4656);
#306=PLANE('',#4657);
#307=PLANE('',#4667);
#308=PLANE('',#4668);
#309=PLANE('',#4669);
#310=PLANE('',#4670);
#311=PLANE('',#4671);
#312=PLANE('',#4672);
#313=PLANE('',#4673);
#314=PLANE('',#4674);
#315=PLANE('',#4675);
#316=PLANE('',#4676);
#317=PLANE('',#4677);
#318=PLANE('',#4678);
#319=PLANE('',#4679);
#320=PLANE('',#4680);
#321=PLANE('',#4681);
#322=PLANE('',#4682);
#323=PLANE('',#4683);
#324=PLANE('',#4684);
#325=PLANE('',#4685);
#326=PLANE('',#4686);
#327=PLANE('',#4687);
#328=PLANE('',#4688);
#329=PLANE('',#4689);
#330=PLANE('',#4690);
#331=PLANE('',#4691);
#332=PLANE('',#4692);
#333=PLANE('',#4693);
#334=PLANE('',#4694);
#335=PLANE('',#4695);
#336=PLANE('',#4696);
#337=PLANE('',#4697);
#338=PLANE('',#4698);
#339=PLANE('',#4699);
#340=PLANE('',#4700);
#341=PLANE('',#4701);
#342=PLANE('',#4702);
#343=PLANE('',#4703);
#344=PLANE('',#4704);
#345=PLANE('',#4705);
#346=PLANE('',#4706);
#347=PLANE('',#4714);
#348=PLANE('',#4717);
#349=PLANE('',#4724);
#350=PLANE('',#4728);
#351=PLANE('',#4737);
#352=PLANE('',#4741);
#353=PLANE('',#4750);
#354=(
BOUNDED_CURVE()
B_SPLINE_CURVE(14,(#5896,#5897,#5898,#5899,#5900,#5901,#5902,#5903,#5904,
#5905,#5906,#5907,#5908,#5909,#5910),.UNSPECIFIED.,.F.,.F.)
B_SPLINE_CURVE_WITH_KNOTS((15,15),(73.36536862804,76.518464844789),
 .UNSPECIFIED.)
CURVE()
GEOMETRIC_REPRESENTATION_ITEM()
RATIONAL_B_SPLINE_CURVE((1.,1.,0.999999999998,1.000000000005,0.999999999989,
1.000000000017,0.999999999978,1.000000000022,0.999999999981,1.000000000014,
0.999999999992,1.000000000004,0.999999999999,1.,1.))
REPRESENTATION_ITEM('')
);
#355=(
BOUNDED_CURVE()
B_SPLINE_CURVE(14,(#5911,#5912,#5913,#5914,#5915,#5916,#5917,#5918,#5919,
#5920,#5921,#5922,#5923,#5924,#5925),.UNSPECIFIED.,.F.,.F.)
B_SPLINE_CURVE_WITH_KNOTS((15,15),(73.36536862804,76.518464844789),
 .UNSPECIFIED.)
CURVE()
GEOMETRIC_REPRESENTATION_ITEM()
RATIONAL_B_SPLINE_CURVE((1.,1.,0.999999999998,1.000000000005,0.999999999989,
1.000000000017,0.999999999978,1.000000000022,0.999999999981,1.000000000014,
0.999999999992,1.000000000004,0.999999999999,1.,1.))
REPRESENTATION_ITEM('')
);
#356=(
BOUNDED_CURVE()
B_SPLINE_CURVE(14,(#5978,#5979,#5980,#5981,#5982,#5983,#5984,#5985,#5986,
#5987,#5988,#5989,#5990,#5991,#5992),.UNSPECIFIED.,.F.,.F.)
B_SPLINE_CURVE_WITH_KNOTS((15,15),(114.51846484478,117.67156106153),
 .UNSPECIFIED.)
CURVE()
GEOMETRIC_REPRESENTATION_ITEM()
RATIONAL_B_SPLINE_CURVE((1.,1.,0.999999999998,1.000000000006,0.999999999987,
1.000000000022,0.999999999972,1.00000000003,0.999999999974,1.000000000018,
0.999999999989,1.000000000005,0.999999999998,1.,1.))
REPRESENTATION_ITEM('')
);
#357=(
BOUNDED_CURVE()
B_SPLINE_CURVE(14,(#6060,#6061,#6062,#6063,#6064,#6065,#6066,#6067,#6068,
#6069,#6070,#6071,#6072,#6073,#6074),.UNSPECIFIED.,.F.,.F.)
B_SPLINE_CURVE_WITH_KNOTS((15,15),(114.51846484478,117.67156106153),
 .UNSPECIFIED.)
CURVE()
GEOMETRIC_REPRESENTATION_ITEM()
RATIONAL_B_SPLINE_CURVE((1.,1.,0.999999999998,1.000000000006,0.999999999987,
1.000000000022,0.999999999972,1.00000000003,0.999999999974,1.000000000018,
0.999999999989,1.000000000005,0.999999999998,1.,1.))
REPRESENTATION_ITEM('')
);
#358=(
BOUNDED_CURVE()
B_SPLINE_CURVE(14,(#6103,#6104,#6105,#6106,#6107,#6108,#6109,#6110,#6111,
#6112,#6113,#6114,#6115,#6116,#6117),.UNSPECIFIED.,.F.,.F.)
B_SPLINE_CURVE_WITH_KNOTS((15,15),(73.36536862804,76.518464844789),
 .UNSPECIFIED.)
CURVE()
GEOMETRIC_REPRESENTATION_ITEM()
RATIONAL_B_SPLINE_CURVE((1.,1.,0.999999999998,1.000000000005,0.999999999989,
1.000000000017,0.999999999978,1.000000000022,0.999999999981,1.000000000014,
0.999999999992,1.000000000004,0.999999999999,1.,1.))
REPRESENTATION_ITEM('')
);
#359=(
BOUNDED_CURVE()
B_SPLINE_CURVE(14,(#6198,#6199,#6200,#6201,#6202,#6203,#6204,#6205,#6206,
#6207,#6208,#6209,#6210,#6211,#6212),.UNSPECIFIED.,.F.,.F.)
B_SPLINE_CURVE_WITH_KNOTS((15,15),(114.51846484478,117.67156106153),
 .UNSPECIFIED.)
CURVE()
GEOMETRIC_REPRESENTATION_ITEM()
RATIONAL_B_SPLINE_CURVE((1.,1.,0.999999999998,1.000000000006,0.999999999987,
1.000000000022,0.999999999972,1.00000000003,0.999999999974,1.000000000018,
0.999999999989,1.000000000005,0.999999999998,1.,1.))
REPRESENTATION_ITEM('')
);
#360=(
BOUNDED_CURVE()
B_SPLINE_CURVE(14,(#6393,#6394,#6395,#6396,#6397,#6398,#6399,#6400,#6401,
#6402,#6403,#6404,#6405,#6406,#6407),.UNSPECIFIED.,.F.,.F.)
B_SPLINE_CURVE_WITH_KNOTS((15,15),(73.36536862804,76.518464844789),
 .UNSPECIFIED.)
CURVE()
GEOMETRIC_REPRESENTATION_ITEM()
RATIONAL_B_SPLINE_CURVE((1.,1.,0.999999999998,1.000000000005,0.999999999989,
1.000000000017,0.999999999978,1.000000000022,0.999999999981,1.000000000014,
0.999999999992,1.000000000004,0.999999999999,1.,1.))
REPRESENTATION_ITEM('')
);
#361=(
BOUNDED_CURVE()
B_SPLINE_CURVE(14,(#6412,#6413,#6414,#6415,#6416,#6417,#6418,#6419,#6420,
#6421,#6422,#6423,#6424,#6425,#6426),.UNSPECIFIED.,.F.,.F.)
B_SPLINE_CURVE_WITH_KNOTS((15,15),(114.51846484478,117.67156106153),
 .UNSPECIFIED.)
CURVE()
GEOMETRIC_REPRESENTATION_ITEM()
RATIONAL_B_SPLINE_CURVE((1.,1.,0.999999999998,1.000000000006,0.999999999987,
1.000000000022,0.999999999972,1.00000000003,0.999999999974,1.000000000018,
0.999999999989,1.000000000005,0.999999999998,1.,1.))
REPRESENTATION_ITEM('')
);
#362=(
BOUNDED_CURVE()
B_SPLINE_CURVE(9,(#9547,#9548,#9549,#9550,#9551,#9552,#9553,#9554,#9555,
#9556,#9557,#9558,#9559,#9560,#9561,#9562,#9563,#9564,#9565,#9566,#9567,
#9568,#9569,#9570,#9571,#9572,#9573,#9574,#9575,#9576,#9577,#9578,#9579,
#9580,#9581,#9582,#9583,#9584,#9585,#9586,#9587,#9588,#9589,#9590,#9591,
#9592,#9593,#9594,#9595,#9596,#9597,#9598,#9599,#9600,#9601,#9602,#9603,
#9604,#9605,#9606,#9607,#9608,#9609,#9610,#9611,#9612),.UNSPECIFIED.,.F.,
 .F.)
B_SPLINE_CURVE_WITH_KNOTS((10,8,8,8,8,8,8,8,10),(0.,3.928979750101,7.857959500202,
11.786939250302,15.715919000403,19.644898750504,23.573878500605,27.502858250706,
31.431838000806),.UNSPECIFIED.)
CURVE()
GEOMETRIC_REPRESENTATION_ITEM()
RATIONAL_B_SPLINE_CURVE((1.669078461068,1.669078461068,1.669078461068,1.669078461068,
1.669078461068,1.669078461068,1.669078461068,1.669078461068,1.669078461068,
1.669078461068,1.669078461068,1.669078461068,1.669078461068,1.669078461068,
1.669078461068,1.669078461068,1.669078461068,1.669078461068,1.669078461068,
1.669078461069,1.669078461068,1.669078461069,1.669078461068,1.669078461068,
1.669078461068,1.669078461068,1.669078461068,1.669078461068,1.669078461069,
1.669078461068,1.669078461069,1.669078461068,1.669078461068,1.669078461068,
1.669078461068,1.669078461068,1.669078461068,1.669078461068,1.669078461068,
1.669078461068,1.669078461068,1.669078461068,1.669078461068,1.669078461068,
1.669078461069,1.669078461068,1.669078461069,1.669078461068,1.669078461068,
1.669078461068,1.669078461068,1.669078461068,1.669078461069,1.669078461068,
1.669078461069,1.669078461068,1.669078461068,1.669078461068,1.669078461068,
1.669078461068,1.669078461069,1.669078461068,1.669078461069,1.669078461068,
1.669078461068,1.669078461068))
REPRESENTATION_ITEM('')
);
#363=(
BOUNDED_CURVE()
B_SPLINE_CURVE(11,(#9704,#9705,#9706,#9707,#9708,#9709,#9710,#9711,#9712,
#9713,#9714,#9715),.UNSPECIFIED.,.F.,.F.)
B_SPLINE_CURVE_WITH_KNOTS((12,12),(0.,6.299279133707),.UNSPECIFIED.)
CURVE()
GEOMETRIC_REPRESENTATION_ITEM()
RATIONAL_B_SPLINE_CURVE((1.669078461068,1.669078461068,1.669078461069,1.669078461067,
1.66907846107,1.669078461067,1.66907846107,1.669078461067,1.669078461069,
1.669078461068,1.669078461068,1.669078461068))
REPRESENTATION_ITEM('')
);
#364=(
BOUNDED_CURVE()
B_SPLINE_CURVE(11,(#9803,#9804,#9805,#9806,#9807,#9808,#9809,#9810,#9811,
#9812,#9813,#9814),.UNSPECIFIED.,.F.,.F.)
B_SPLINE_CURVE_WITH_KNOTS((12,12),(0.,6.299279133707),.UNSPECIFIED.)
CURVE()
GEOMETRIC_REPRESENTATION_ITEM()
RATIONAL_B_SPLINE_CURVE((1.669078461068,1.669078461068,1.669078461069,1.669078461067,
1.66907846107,1.669078461067,1.66907846107,1.669078461067,1.669078461069,
1.669078461068,1.669078461068,1.669078461068))
REPRESENTATION_ITEM('')
);
#365=(
BOUNDED_CURVE()
B_SPLINE_CURVE(6,(#9866,#9867,#9868,#9869,#9870,#9871,#9872),
 .UNSPECIFIED.,.F.,.F.)
B_SPLINE_CURVE_WITH_KNOTS((7,7),(0.,1.39983980749),.UNSPECIFIED.)
CURVE()
GEOMETRIC_REPRESENTATION_ITEM()
RATIONAL_B_SPLINE_CURVE((1.669078461068,1.669078461068,1.669078461068,1.669078461068,
1.669078461068,1.669078461068,1.669078461068))
REPRESENTATION_ITEM('')
);
#366=(
BOUNDED_SURFACE()
B_SPLINE_SURFACE(2,14,((#5848,#5849,#5850,#5851,#5852,#5853,#5854,#5855,
#5856,#5857,#5858,#5859,#5860,#5861,#5862),(#5863,#5864,#5865,#5866,#5867,
#5868,#5869,#5870,#5871,#5872,#5873,#5874,#5875,#5876,#5877),(#5878,#5879,
#5880,#5881,#5882,#5883,#5884,#5885,#5886,#5887,#5888,#5889,#5890,#5891,
#5892)),.UNSPECIFIED.,.F.,.F.,.F.)
B_SPLINE_SURFACE_WITH_KNOTS((3,3),(15,15),(0.,3.153096216749),(73.36536862804,
76.518464844789),.UNSPECIFIED.)
GEOMETRIC_REPRESENTATION_ITEM()
RATIONAL_B_SPLINE_SURFACE(((1.,1.,1.,1.,0.999999999989,1.000000000017,0.999999999978,
1.000000000022,0.999999999981,1.000000000014,1.,1.,1.,1.,1.),(0.707106781187,
0.707106781187,0.707106781185,0.70710678119,0.707106781179,0.707106781198,
0.707106781171,0.707106781202,0.707106781173,0.707106781196,0.707106781181,
0.707106781189,0.707106781186,0.707106781187,0.707106781187),(1.,1.,1.,
1.,0.999999999989,1.000000000017,0.999999999978,1.000000000022,0.999999999981,
1.000000000014,1.,1.,1.,1.,1.)))
REPRESENTATION_ITEM('')
SURFACE()
);
#367=(
BOUNDED_SURFACE()
B_SPLINE_SURFACE(2,14,((#6014,#6015,#6016,#6017,#6018,#6019,#6020,#6021,
#6022,#6023,#6024,#6025,#6026,#6027,#6028),(#6029,#6030,#6031,#6032,#6033,
#6034,#6035,#6036,#6037,#6038,#6039,#6040,#6041,#6042,#6043),(#6044,#6045,
#6046,#6047,#6048,#6049,#6050,#6051,#6052,#6053,#6054,#6055,#6056,#6057,
#6058)),.UNSPECIFIED.,.F.,.F.,.F.)
B_SPLINE_SURFACE_WITH_KNOTS((3,3),(15,15),(0.,3.153096216749),(114.51846484478,
117.67156106153),.UNSPECIFIED.)
GEOMETRIC_REPRESENTATION_ITEM()
RATIONAL_B_SPLINE_SURFACE(((1.,1.,1.,1.,0.999999999987,1.000000000022,0.999999999972,
1.00000000003,0.999999999974,1.000000000018,0.999999999989,1.,1.,1.,1.),
(0.707106781187,0.707106781187,0.707106781185,0.707106781191,0.707106781177,
0.707106781202,0.707106781166,0.707106781208,0.707106781168,0.707106781199,
0.707106781179,0.70710678119,0.707106781185,0.707106781187,0.707106781187),
(1.,1.,1.,1.,0.999999999987,1.000000000022,0.999999999972,1.00000000003,
0.999999999974,1.000000000018,0.999999999989,1.,1.,1.,1.)))
REPRESENTATION_ITEM('')
SURFACE()
);
#368=(
BOUNDED_SURFACE()
B_SPLINE_SURFACE(2,14,((#6346,#6347,#6348,#6349,#6350,#6351,#6352,#6353,
#6354,#6355,#6356,#6357,#6358,#6359,#6360),(#6361,#6362,#6363,#6364,#6365,
#6366,#6367,#6368,#6369,#6370,#6371,#6372,#6373,#6374,#6375),(#6376,#6377,
#6378,#6379,#6380,#6381,#6382,#6383,#6384,#6385,#6386,#6387,#6388,#6389,
#6390)),.UNSPECIFIED.,.F.,.F.,.F.)
B_SPLINE_SURFACE_WITH_KNOTS((3,3),(15,15),(0.,3.153096216749),(73.36536862804,
76.518464844789),.UNSPECIFIED.)
GEOMETRIC_REPRESENTATION_ITEM()
RATIONAL_B_SPLINE_SURFACE(((1.,1.,1.,1.,0.999999999989,1.000000000017,0.999999999978,
1.000000000022,0.999999999981,1.000000000014,1.,1.,1.,1.,1.),(0.707106781187,
0.707106781187,0.707106781185,0.70710678119,0.707106781179,0.707106781198,
0.707106781171,0.707106781202,0.707106781173,0.707106781196,0.707106781181,
0.707106781189,0.707106781186,0.707106781187,0.707106781187),(1.,1.,1.,
1.,0.999999999989,1.000000000017,0.999999999978,1.000000000022,0.999999999981,
1.000000000014,1.,1.,1.,1.,1.)))
REPRESENTATION_ITEM('')
SURFACE()
);
#369=(
BOUNDED_SURFACE()
B_SPLINE_SURFACE(2,14,((#6585,#6586,#6587,#6588,#6589,#6590,#6591,#6592,
#6593,#6594,#6595,#6596,#6597,#6598,#6599),(#6600,#6601,#6602,#6603,#6604,
#6605,#6606,#6607,#6608,#6609,#6610,#6611,#6612,#6613,#6614),(#6615,#6616,
#6617,#6618,#6619,#6620,#6621,#6622,#6623,#6624,#6625,#6626,#6627,#6628,
#6629)),.UNSPECIFIED.,.F.,.F.,.F.)
B_SPLINE_SURFACE_WITH_KNOTS((3,3),(15,15),(0.,3.153096216749),(114.51846484478,
117.67156106153),.UNSPECIFIED.)
GEOMETRIC_REPRESENTATION_ITEM()
RATIONAL_B_SPLINE_SURFACE(((1.,1.,1.,1.,0.999999999987,1.000000000022,0.999999999972,
1.00000000003,0.999999999974,1.000000000018,0.999999999989,1.,1.,1.,1.),
(0.707106781187,0.707106781187,0.707106781185,0.707106781191,0.707106781177,
0.707106781202,0.707106781166,0.707106781208,0.707106781168,0.707106781199,
0.707106781179,0.70710678119,0.707106781185,0.707106781187,0.707106781187),
(1.,1.,1.,1.,0.999999999987,1.000000000022,0.999999999972,1.00000000003,
0.999999999974,1.000000000018,0.999999999989,1.,1.,1.,1.)))
REPRESENTATION_ITEM('')
SURFACE()
);
#370=(
BOUNDED_SURFACE()
B_SPLINE_SURFACE(6,9,((#9083,#9084,#9085,#9086,#9087,#9088,#9089,#9090,
#9091,#9092,#9093,#9094,#9095,#9096,#9097,#9098,#9099,#9100,#9101,#9102,
#9103,#9104,#9105,#9106,#9107,#9108,#9109,#9110,#9111,#9112,#9113,#9114,
#9115,#9116,#9117,#9118,#9119,#9120,#9121,#9122,#9123,#9124,#9125,#9126,
#9127,#9128,#9129,#9130,#9131,#9132,#9133,#9134,#9135,#9136,#9137,#9138,
#9139,#9140,#9141,#9142,#9143,#9144,#9145,#9146,#9147,#9148),(#9149,#9150,
#9151,#9152,#9153,#9154,#9155,#9156,#9157,#9158,#9159,#9160,#9161,#9162,
#9163,#9164,#9165,#9166,#9167,#9168,#9169,#9170,#9171,#9172,#9173,#9174,
#9175,#9176,#9177,#9178,#9179,#9180,#9181,#9182,#9183,#9184,#9185,#9186,
#9187,#9188,#9189,#9190,#9191,#9192,#9193,#9194,#9195,#9196,#9197,#9198,
#9199,#9200,#9201,#9202,#9203,#9204,#9205,#9206,#9207,#9208,#9209,#9210,
#9211,#9212,#9213,#9214),(#9215,#9216,#9217,#9218,#9219,#9220,#9221,#9222,
#9223,#9224,#9225,#9226,#9227,#9228,#9229,#9230,#9231,#9232,#9233,#9234,
#9235,#9236,#9237,#9238,#9239,#9240,#9241,#9242,#9243,#9244,#9245,#9246,
#9247,#9248,#9249,#9250,#9251,#9252,#9253,#9254,#9255,#9256,#9257,#9258,
#9259,#9260,#9261,#9262,#9263,#9264,#9265,#9266,#9267,#9268,#9269,#9270,
#9271,#9272,#9273,#9274,#9275,#9276,#9277,#9278,#9279,#9280),(#9281,#9282,
#9283,#9284,#9285,#9286,#9287,#9288,#9289,#9290,#9291,#9292,#9293,#9294,
#9295,#9296,#9297,#9298,#9299,#9300,#9301,#9302,#9303,#9304,#9305,#9306,
#9307,#9308,#9309,#9310,#9311,#9312,#9313,#9314,#9315,#9316,#9317,#9318,
#9319,#9320,#9321,#9322,#9323,#9324,#9325,#9326,#9327,#9328,#9329,#9330,
#9331,#9332,#9333,#9334,#9335,#9336,#9337,#9338,#9339,#9340,#9341,#9342,
#9343,#9344,#9345,#9346),(#9347,#9348,#9349,#9350,#9351,#9352,#9353,#9354,
#9355,#9356,#9357,#9358,#9359,#9360,#9361,#9362,#9363,#9364,#9365,#9366,
#9367,#9368,#9369,#9370,#9371,#9372,#9373,#9374,#9375,#9376,#9377,#9378,
#9379,#9380,#9381,#9382,#9383,#9384,#9385,#9386,#9387,#9388,#9389,#9390,
#9391,#9392,#9393,#9394,#9395,#9396,#9397,#9398,#9399,#9400,#9401,#9402,
#9403,#9404,#9405,#9406,#9407,#9408,#9409,#9410,#9411,#9412),(#9413,#9414,
#9415,#9416,#9417,#9418,#9419,#9420,#9421,#9422,#9423,#9424,#9425,#9426,
#9427,#9428,#9429,#9430,#9431,#9432,#9433,#9434,#9435,#9436,#9437,#9438,
#9439,#9440,#9441,#9442,#9443,#9444,#9445,#9446,#9447,#9448,#9449,#9450,
#9451,#9452,#9453,#9454,#9455,#9456,#9457,#9458,#9459,#9460,#9461,#9462,
#9463,#9464,#9465,#9466,#9467,#9468,#9469,#9470,#9471,#9472,#9473,#9474,
#9475,#9476,#9477,#9478),(#9479,#9480,#9481,#9482,#9483,#9484,#9485,#9486,
#9487,#9488,#9489,#9490,#9491,#9492,#9493,#9494,#9495,#9496,#9497,#9498,
#9499,#9500,#9501,#9502,#9503,#9504,#9505,#9506,#9507,#9508,#9509,#9510,
#9511,#9512,#9513,#9514,#9515,#9516,#9517,#9518,#9519,#9520,#9521,#9522,
#9523,#9524,#9525,#9526,#9527,#9528,#9529,#9530,#9531,#9532,#9533,#9534,
#9535,#9536,#9537,#9538,#9539,#9540,#9541,#9542,#9543,#9544)),
 .UNSPECIFIED.,.T.,.F.,.F.)
B_SPLINE_SURFACE_WITH_KNOTS((7,7),(10,8,8,8,8,8,8,8,10),(0.,6.28318530718),
(0.,3.928979750101,7.857959500202,11.786939250302,15.715919000403,19.644898750504,
23.573878500605,27.502858250706,31.431838000806),.UNSPECIFIED.)
GEOMETRIC_REPRESENTATION_ITEM()
RATIONAL_B_SPLINE_SURFACE(((1.669078461068,1.669078461068,1.669078461068,
1.669078461068,1.669078461068,1.669078461068,1.669078461068,1.669078461068,
1.669078461068,1.669078461068,1.669078461068,1.669078461068,1.669078461068,
1.669078461068,1.669078461068,1.669078461068,1.669078461068,1.669078461068,
1.669078461068,1.669078461069,1.669078461068,1.669078461069,1.669078461068,
1.669078461068,1.669078461068,1.669078461068,1.669078461068,1.669078461068,
1.669078461069,1.669078461068,1.669078461069,1.669078461068,1.669078461068,
1.669078461068,1.669078461068,1.669078461068,1.669078461068,1.669078461068,
1.669078461068,1.669078461068,1.669078461068,1.669078461068,1.669078461068,
1.669078461068,1.669078461069,1.669078461068,1.669078461069,1.669078461068,
1.669078461068,1.669078461068,1.669078461068,1.669078461068,1.669078461069,
1.669078461068,1.669078461069,1.669078461068,1.669078461068,1.669078461068,
1.669078461068,1.669078461068,1.669078461069,1.669078461068,1.669078461069,
1.669078461068,1.669078461068,1.669078461068),(1.03672962321,1.03672962321,
1.03672962321,1.03672962321,1.03672962321,1.03672962321,1.03672962321,1.03672962321,
1.03672962321,1.03672962321,1.03672962321,1.03672962321,1.03672962321,1.03672962321,
1.03672962321,1.03672962321,1.03672962321,1.03672962321,1.036729623209,
1.03672962321,1.036729623209,1.03672962321,1.036729623209,1.03672962321,
1.03672962321,1.03672962321,1.03672962321,1.036729623209,1.03672962321,
1.036729623209,1.03672962321,1.03672962321,1.03672962321,1.03672962321,
1.03672962321,1.03672962321,1.03672962321,1.03672962321,1.03672962321,1.03672962321,
1.03672962321,1.03672962321,1.03672962321,1.036729623209,1.03672962321,
1.036729623209,1.03672962321,1.03672962321,1.03672962321,1.03672962321,
1.03672962321,1.036729623209,1.03672962321,1.036729623209,1.03672962321,
1.03672962321,1.03672962321,1.03672962321,1.03672962321,1.036729623209,
1.03672962321,1.036729623209,1.03672962321,1.03672962321,1.03672962321,
1.03672962321),(1.038346699848,1.038346699847,1.038346699848,1.038346699847,
1.038346699848,1.038346699847,1.038346699848,1.038346699847,1.038346699848,
1.038346699848,1.038346699848,1.038346699847,1.038346699848,1.038346699847,
1.038346699848,1.038346699848,1.038346699847,1.038346699848,1.038346699847,
1.038346699848,1.038346699847,1.038346699848,1.038346699847,1.038346699848,
1.038346699848,1.038346699847,1.038346699848,1.038346699847,1.038346699848,
1.038346699847,1.038346699848,1.038346699847,1.038346699848,1.038346699847,
1.038346699848,1.038346699847,1.038346699848,1.038346699847,1.038346699848,
1.038346699847,1.038346699848,1.038346699847,1.038346699848,1.038346699847,
1.038346699848,1.038346699847,1.038346699848,1.038346699847,1.038346699848,
1.038346699847,1.038346699848,1.038346699847,1.038346699848,1.038346699847,
1.038346699848,1.038346699847,1.038346699848,1.038346699847,1.038346699848,
1.038346699847,1.038346699848,1.038346699847,1.038346699848,1.038346699847,
1.038346699848,1.038346699848),(0.853534330196,0.853534330196,0.853534330196,
0.853534330196,0.853534330196,0.853534330196,0.853534330196,0.853534330196,
0.853534330196,0.853534330196,0.853534330196,0.853534330196,0.853534330196,
0.853534330196,0.853534330196,0.853534330196,0.853534330196,0.853534330196,
0.853534330196,0.853534330196,0.853534330196,0.853534330196,0.853534330196,
0.853534330196,0.853534330196,0.853534330196,0.853534330196,0.853534330196,
0.853534330196,0.853534330196,0.853534330196,0.853534330196,0.853534330196,
0.853534330196,0.853534330196,0.853534330196,0.853534330196,0.853534330196,
0.853534330196,0.853534330196,0.853534330196,0.853534330196,0.853534330196,
0.853534330196,0.853534330196,0.853534330196,0.853534330196,0.853534330196,
0.853534330196,0.853534330196,0.853534330196,0.853534330196,0.853534330196,
0.853534330196,0.853534330196,0.853534330196,0.853534330196,0.853534330196,
0.853534330196,0.853534330196,0.853534330196,0.853534330196,0.853534330196,
0.853534330196,0.853534330196,0.853534330196),(1.038346699848,1.038346699847,
1.038346699848,1.038346699847,1.038346699848,1.038346699847,1.038346699848,
1.038346699847,1.038346699848,1.038346699848,1.038346699848,1.038346699847,
1.038346699848,1.038346699847,1.038346699848,1.038346699848,1.038346699847,
1.038346699848,1.038346699847,1.038346699848,1.038346699847,1.038346699848,
1.038346699847,1.038346699848,1.038346699848,1.038346699847,1.038346699848,
1.038346699847,1.038346699848,1.038346699847,1.038346699848,1.038346699847,
1.038346699848,1.038346699847,1.038346699848,1.038346699847,1.038346699848,
1.038346699847,1.038346699848,1.038346699847,1.038346699848,1.038346699847,
1.038346699848,1.038346699847,1.038346699848,1.038346699847,1.038346699848,
1.038346699847,1.038346699848,1.038346699847,1.038346699848,1.038346699847,
1.038346699848,1.038346699847,1.038346699848,1.038346699847,1.038346699848,
1.038346699847,1.038346699848,1.038346699847,1.038346699848,1.038346699847,
1.038346699848,1.038346699847,1.038346699848,1.038346699848),(1.03672962321,
1.03672962321,1.03672962321,1.03672962321,1.03672962321,1.03672962321,1.03672962321,
1.03672962321,1.03672962321,1.03672962321,1.03672962321,1.03672962321,1.03672962321,
1.03672962321,1.03672962321,1.03672962321,1.03672962321,1.03672962321,1.036729623209,
1.03672962321,1.036729623209,1.03672962321,1.036729623209,1.03672962321,
1.03672962321,1.03672962321,1.03672962321,1.036729623209,1.03672962321,
1.036729623209,1.03672962321,1.03672962321,1.03672962321,1.03672962321,
1.03672962321,1.03672962321,1.03672962321,1.03672962321,1.03672962321,1.03672962321,
1.03672962321,1.03672962321,1.03672962321,1.036729623209,1.03672962321,
1.036729623209,1.03672962321,1.03672962321,1.03672962321,1.03672962321,
1.03672962321,1.036729623209,1.03672962321,1.036729623209,1.03672962321,
1.03672962321,1.03672962321,1.03672962321,1.03672962321,1.036729623209,
1.03672962321,1.036729623209,1.03672962321,1.03672962321,1.03672962321,
1.03672962321),(1.669078461068,1.669078461068,1.669078461068,1.669078461068,
1.669078461068,1.669078461068,1.669078461068,1.669078461068,1.669078461068,
1.669078461068,1.669078461068,1.669078461068,1.669078461068,1.669078461068,
1.669078461068,1.669078461068,1.669078461068,1.669078461068,1.669078461068,
1.669078461069,1.669078461068,1.669078461069,1.669078461068,1.669078461068,
1.669078461068,1.669078461068,1.669078461068,1.669078461068,1.669078461069,
1.669078461068,1.669078461069,1.669078461068,1.669078461068,1.669078461068,
1.669078461068,1.669078461068,1.669078461068,1.669078461068,1.669078461068,
1.669078461068,1.669078461068,1.669078461068,1.669078461068,1.669078461068,
1.669078461069,1.669078461068,1.669078461069,1.669078461068,1.669078461068,
1.669078461068,1.669078461068,1.669078461068,1.669078461069,1.669078461068,
1.669078461069,1.669078461068,1.669078461068,1.669078461068,1.669078461068,
1.669078461068,1.669078461069,1.669078461068,1.669078461069,1.669078461068,
1.669078461068,1.669078461068)))
REPRESENTATION_ITEM('')
SURFACE()
);
#371=(
BOUNDED_SURFACE()
B_SPLINE_SURFACE(6,11,((#9619,#9620,#9621,#9622,#9623,#9624,#9625,#9626,
#9627,#9628,#9629,#9630),(#9631,#9632,#9633,#9634,#9635,#9636,#9637,#9638,
#9639,#9640,#9641,#9642),(#9643,#9644,#9645,#9646,#9647,#9648,#9649,#9650,
#9651,#9652,#9653,#9654),(#9655,#9656,#9657,#9658,#9659,#9660,#9661,#9662,
#9663,#9664,#9665,#9666),(#9667,#9668,#9669,#9670,#9671,#9672,#9673,#9674,
#9675,#9676,#9677,#9678),(#9679,#9680,#9681,#9682,#9683,#9684,#9685,#9686,
#9687,#9688,#9689,#9690),(#9691,#9692,#9693,#9694,#9695,#9696,#9697,#9698,
#9699,#9700,#9701,#9702)),.UNSPECIFIED.,.T.,.F.,.F.)
B_SPLINE_SURFACE_WITH_KNOTS((7,7),(12,12),(0.,6.28318530718),(0.,6.299279133707),
 .UNSPECIFIED.)
GEOMETRIC_REPRESENTATION_ITEM()
RATIONAL_B_SPLINE_SURFACE(((1.669078461068,1.669078461068,1.669078461069,
1.669078461067,1.66907846107,1.669078461067,1.66907846107,1.669078461067,
1.669078461069,1.669078461068,1.669078461068,1.669078461068),(1.03672962321,
1.03672962321,1.03672962321,1.036729623209,1.03672962321,1.036729623209,
1.03672962321,1.036729623209,1.03672962321,1.03672962321,1.03672962321,
1.03672962321),(1.038346699848,1.038346699847,1.038346699848,1.038346699847,
1.038346699848,1.038346699847,1.038346699848,1.038346699847,1.038346699848,
1.038346699847,1.038346699848,1.038346699848),(0.853534330196,0.853534330196,
0.853534330196,0.853534330196,0.853534330196,0.853534330196,0.853534330196,
0.853534330196,0.853534330196,0.853534330196,0.853534330196,0.853534330196),
(1.038346699848,1.038346699847,1.038346699848,1.038346699847,1.038346699848,
1.038346699847,1.038346699848,1.038346699847,1.038346699848,1.038346699847,
1.038346699848,1.038346699848),(1.03672962321,1.03672962321,1.03672962321,
1.036729623209,1.03672962321,1.036729623209,1.03672962321,1.036729623209,
1.03672962321,1.03672962321,1.03672962321,1.03672962321),(1.669078461068,
1.669078461068,1.669078461069,1.669078461067,1.66907846107,1.669078461067,
1.66907846107,1.669078461067,1.669078461069,1.669078461068,1.669078461068,
1.669078461068)))
REPRESENTATION_ITEM('')
SURFACE()
);
#372=(
BOUNDED_SURFACE()
B_SPLINE_SURFACE(6,11,((#9718,#9719,#9720,#9721,#9722,#9723,#9724,#9725,
#9726,#9727,#9728,#9729),(#9730,#9731,#9732,#9733,#9734,#9735,#9736,#9737,
#9738,#9739,#9740,#9741),(#9742,#9743,#9744,#9745,#9746,#9747,#9748,#9749,
#9750,#9751,#9752,#9753),(#9754,#9755,#9756,#9757,#9758,#9759,#9760,#9761,
#9762,#9763,#9764,#9765),(#9766,#9767,#9768,#9769,#9770,#9771,#9772,#9773,
#9774,#9775,#9776,#9777),(#9778,#9779,#9780,#9781,#9782,#9783,#9784,#9785,
#9786,#9787,#9788,#9789),(#9790,#9791,#9792,#9793,#9794,#9795,#9796,#9797,
#9798,#9799,#9800,#9801)),.UNSPECIFIED.,.T.,.F.,.F.)
B_SPLINE_SURFACE_WITH_KNOTS((7,7),(12,12),(0.,6.28318530718),(0.,6.299279133707),
 .UNSPECIFIED.)
GEOMETRIC_REPRESENTATION_ITEM()
RATIONAL_B_SPLINE_SURFACE(((1.669078461068,1.669078461068,1.669078461069,
1.669078461067,1.66907846107,1.669078461067,1.66907846107,1.669078461067,
1.669078461069,1.669078461068,1.669078461068,1.669078461068),(1.03672962321,
1.03672962321,1.03672962321,1.036729623209,1.03672962321,1.036729623209,
1.03672962321,1.036729623209,1.03672962321,1.03672962321,1.03672962321,
1.03672962321),(1.038346699848,1.038346699847,1.038346699848,1.038346699847,
1.038346699848,1.038346699847,1.038346699848,1.038346699847,1.038346699848,
1.038346699847,1.038346699848,1.038346699848),(0.853534330196,0.853534330196,
0.853534330196,0.853534330196,0.853534330196,0.853534330196,0.853534330196,
0.853534330196,0.853534330196,0.853534330196,0.853534330196,0.853534330196),
(1.038346699848,1.038346699847,1.038346699848,1.038346699847,1.038346699848,
1.038346699847,1.038346699848,1.038346699847,1.038346699848,1.038346699847,
1.038346699848,1.038346699848),(1.03672962321,1.03672962321,1.03672962321,
1.036729623209,1.03672962321,1.036729623209,1.03672962321,1.036729623209,
1.03672962321,1.03672962321,1.03672962321,1.03672962321),(1.669078461068,
1.669078461068,1.669078461069,1.669078461067,1.66907846107,1.669078461067,
1.66907846107,1.669078461067,1.669078461069,1.669078461068,1.669078461068,
1.669078461068)))
REPRESENTATION_ITEM('')
SURFACE()
);
#373=(
BOUNDED_SURFACE()
B_SPLINE_SURFACE(6,6,((#9816,#9817,#9818,#9819,#9820,#9821,#9822),(#9823,
#9824,#9825,#9826,#9827,#9828,#9829),(#9830,#9831,#9832,#9833,#9834,#9835,
#9836),(#9837,#9838,#9839,#9840,#9841,#9842,#9843),(#9844,#9845,#9846,#9847,
#9848,#9849,#9850),(#9851,#9852,#9853,#9854,#9855,#9856,#9857),(#9858,#9859,
#9860,#9861,#9862,#9863,#9864)),.UNSPECIFIED.,.T.,.F.,.F.)
B_SPLINE_SURFACE_WITH_KNOTS((7,7),(7,7),(0.,6.28318530718),(0.,1.39983980749),
 .UNSPECIFIED.)
GEOMETRIC_REPRESENTATION_ITEM()
RATIONAL_B_SPLINE_SURFACE(((1.669078461068,1.669078461068,1.669078461068,
1.669078461068,1.669078461068,1.669078461068,1.669078461068),(1.03672962321,
1.03672962321,1.03672962321,1.03672962321,1.03672962321,1.03672962321,1.03672962321),
(1.038346699848,1.038346699848,1.038346699848,1.038346699848,1.038346699848,
1.038346699848,1.038346699848),(0.853534330196,0.853534330196,0.853534330196,
0.853534330196,0.853534330196,0.853534330196,0.853534330196),(1.038346699848,
1.038346699848,1.038346699848,1.038346699848,1.038346699848,1.038346699848,
1.038346699848),(1.03672962321,1.03672962321,1.03672962321,1.03672962321,
1.03672962321,1.03672962321,1.03672962321),(1.669078461068,1.669078461068,
1.669078461068,1.669078461068,1.669078461068,1.669078461068,1.669078461068)))
REPRESENTATION_ITEM('')
SURFACE()
);
#374=(
BOUNDED_SURFACE()
B_SPLINE_SURFACE(3,2,((#9878,#9879,#9880,#9881,#9882,#9883,#9884,#9885,
#9886),(#9887,#9888,#9889,#9890,#9891,#9892,#9893,#9894,#9895),(#9896,#9897,
#9898,#9899,#9900,#9901,#9902,#9903,#9904),(#9905,#9906,#9907,#9908,#9909,
#9910,#9911,#9912,#9913),(#9914,#9915,#9916,#9917,#9918,#9919,#9920,#9921,
#9922)),.UNSPECIFIED.,.F.,.T.,.F.)
B_SPLINE_SURFACE_WITH_KNOTS((4,1,4),(3,2,2,2,3),(0.,0.5,1.),(0.,1.5707963267949,
3.14159265358979,4.71238898038469,6.28318530717959),.UNSPECIFIED.)
GEOMETRIC_REPRESENTATION_ITEM()
RATIONAL_B_SPLINE_SURFACE(((1.,0.707106781186548,1.,0.707106781186548,1.,
0.707106781186548,1.,0.707106781186548,1.),(1.,0.707106781186548,1.,0.707106781186548,
1.,0.707106781186548,1.,0.707106781186548,1.),(1.,0.707106781186548,1.,
0.707106781186548,1.,0.707106781186548,1.,0.707106781186548,1.),(1.,0.707106781186548,
1.,0.707106781186548,1.,0.707106781186548,1.,0.707106781186548,1.),(1.,
0.707106781186548,1.,0.707106781186548,1.,0.707106781186548,1.,0.707106781186548,
1.)))
REPRESENTATION_ITEM('')
SURFACE()
);
#375=(
BOUNDED_SURFACE()
B_SPLINE_SURFACE(3,2,((#9944,#9945,#9946,#9947,#9948,#9949,#9950,#9951,
#9952),(#9953,#9954,#9955,#9956,#9957,#9958,#9959,#9960,#9961),(#9962,#9963,
#9964,#9965,#9966,#9967,#9968,#9969,#9970),(#9971,#9972,#9973,#9974,#9975,
#9976,#9977,#9978,#9979),(#9980,#9981,#9982,#9983,#9984,#9985,#9986,#9987,
#9988)),.UNSPECIFIED.,.F.,.T.,.F.)
B_SPLINE_SURFACE_WITH_KNOTS((4,1,4),(3,2,2,2,3),(0.,0.5,1.),(0.,1.5707963267949,
3.14159265358979,4.71238898038469,6.28318530717959),.UNSPECIFIED.)
GEOMETRIC_REPRESENTATION_ITEM()
RATIONAL_B_SPLINE_SURFACE(((1.,0.707106781186548,1.,0.707106781186548,1.,
0.707106781186548,1.,0.707106781186548,1.),(1.,0.707106781186548,1.,0.707106781186548,
1.,0.707106781186548,1.,0.707106781186548,1.),(1.,0.707106781186548,1.,
0.707106781186548,1.,0.707106781186548,1.,0.707106781186548,1.),(1.,0.707106781186548,
1.,0.707106781186548,1.,0.707106781186548,1.,0.707106781186548,1.),(1.,
0.707106781186548,1.,0.707106781186548,1.,0.707106781186548,1.,0.707106781186548,
1.)))
REPRESENTATION_ITEM('')
SURFACE()
);
#376=(
BOUNDED_SURFACE()
B_SPLINE_SURFACE(3,2,((#10001,#10002,#10003,#10004,#10005,#10006,#10007,
#10008,#10009),(#10010,#10011,#10012,#10013,#10014,#10015,#10016,#10017,
#10018),(#10019,#10020,#10021,#10022,#10023,#10024,#10025,#10026,#10027),
(#10028,#10029,#10030,#10031,#10032,#10033,#10034,#10035,#10036),(#10037,
#10038,#10039,#10040,#10041,#10042,#10043,#10044,#10045)),.UNSPECIFIED.,
 .F.,.T.,.F.)
B_SPLINE_SURFACE_WITH_KNOTS((4,1,4),(3,2,2,2,3),(0.,0.5,1.),(0.,1.5707963267949,
3.14159265358979,4.71238898038469,6.28318530717959),.UNSPECIFIED.)
GEOMETRIC_REPRESENTATION_ITEM()
RATIONAL_B_SPLINE_SURFACE(((1.,0.707106781186548,1.,0.707106781186548,1.,
0.707106781186548,1.,0.707106781186548,1.),(1.,0.707106781186548,1.,0.707106781186548,
1.,0.707106781186548,1.,0.707106781186548,1.),(1.,0.707106781186548,1.,
0.707106781186548,1.,0.707106781186548,1.,0.707106781186548,1.),(1.,0.707106781186548,
1.,0.707106781186548,1.,0.707106781186548,1.,0.707106781186548,1.),(1.,
0.707106781186548,1.,0.707106781186548,1.,0.707106781186548,1.,0.707106781186548,
1.)))
REPRESENTATION_ITEM('')
SURFACE()
);
#377=(
BOUNDED_SURFACE()
B_SPLINE_SURFACE(3,2,((#10067,#10068,#10069,#10070,#10071,#10072,#10073,
#10074,#10075),(#10076,#10077,#10078,#10079,#10080,#10081,#10082,#10083,
#10084),(#10085,#10086,#10087,#10088,#10089,#10090,#10091,#10092,#10093),
(#10094,#10095,#10096,#10097,#10098,#10099,#10100,#10101,#10102),(#10103,
#10104,#10105,#10106,#10107,#10108,#10109,#10110,#10111)),.UNSPECIFIED.,
 .F.,.T.,.F.)
B_SPLINE_SURFACE_WITH_KNOTS((4,1,4),(3,2,2,2,3),(0.,0.5,1.),(0.,1.5707963267949,
3.14159265358979,4.71238898038469,6.28318530717959),.UNSPECIFIED.)
GEOMETRIC_REPRESENTATION_ITEM()
RATIONAL_B_SPLINE_SURFACE(((1.,0.707106781186548,1.,0.707106781186548,1.,
0.707106781186548,1.,0.707106781186548,1.),(1.,0.707106781186548,1.,0.707106781186548,
1.,0.707106781186548,1.,0.707106781186548,1.),(1.,0.707106781186548,1.,
0.707106781186548,1.,0.707106781186548,1.,0.707106781186548,1.),(1.,0.707106781186548,
1.,0.707106781186548,1.,0.707106781186548,1.,0.707106781186548,1.),(1.,
0.707106781186548,1.,0.707106781186548,1.,0.707106781186548,1.,0.707106781186548,
1.)))
REPRESENTATION_ITEM('')
SURFACE()
);
#378=(
BOUNDED_SURFACE()
B_SPLINE_SURFACE(3,2,((#10125,#10126,#10127,#10128,#10129,#10130,#10131,
#10132,#10133),(#10134,#10135,#10136,#10137,#10138,#10139,#10140,#10141,
#10142),(#10143,#10144,#10145,#10146,#10147,#10148,#10149,#10150,#10151),
(#10152,#10153,#10154,#10155,#10156,#10157,#10158,#10159,#10160),(#10161,
#10162,#10163,#10164,#10165,#10166,#10167,#10168,#10169),(#10170,#10171,
#10172,#10173,#10174,#10175,#10176,#10177,#10178),(#10179,#10180,#10181,
#10182,#10183,#10184,#10185,#10186,#10187)),.UNSPECIFIED.,.F.,.T.,.F.)
B_SPLINE_SURFACE_WITH_KNOTS((4,1,1,1,4),(3,2,2,2,3),(0.,0.25,0.5,0.75,1.),
(0.,1.5707963267949,3.14159265358979,4.71238898038469,6.28318530717959),
 .UNSPECIFIED.)
GEOMETRIC_REPRESENTATION_ITEM()
RATIONAL_B_SPLINE_SURFACE(((1.,0.707106781186548,1.,0.707106781186548,1.,
0.707106781186548,1.,0.707106781186548,1.),(1.,0.707106781186548,1.,0.707106781186548,
1.,0.707106781186548,1.,0.707106781186548,1.),(1.,0.707106781186548,1.,
0.707106781186548,1.,0.707106781186548,1.,0.707106781186548,1.),(1.,0.707106781186548,
1.,0.707106781186548,1.,0.707106781186548,1.,0.707106781186548,1.),(1.,
0.707106781186548,1.,0.707106781186548,1.,0.707106781186548,1.,0.707106781186548,
1.),(1.,0.707106781186548,1.,0.707106781186548,1.,0.707106781186548,1.,
0.707106781186548,1.),(1.,0.707106781186548,1.,0.707106781186548,1.,0.707106781186548,
1.,0.707106781186548,1.)))
REPRESENTATION_ITEM('')
SURFACE()
);
#379=FACE_OUTER_BOUND('',#613,.T.);
#380=FACE_OUTER_BOUND('',#614,.T.);
#381=FACE_OUTER_BOUND('',#615,.T.);
#382=FACE_OUTER_BOUND('',#620,.T.);
#383=FACE_OUTER_BOUND('',#624,.T.);
#384=FACE_OUTER_BOUND('',#625,.T.);
#385=FACE_OUTER_BOUND('',#626,.T.);
#386=FACE_OUTER_BOUND('',#627,.T.);
#387=FACE_OUTER_BOUND('',#628,.T.);
#388=FACE_OUTER_BOUND('',#629,.T.);
#389=FACE_OUTER_BOUND('',#630,.T.);
#390=FACE_OUTER_BOUND('',#631,.T.);
#391=FACE_OUTER_BOUND('',#632,.T.);
#392=FACE_OUTER_BOUND('',#633,.T.);
#393=FACE_OUTER_BOUND('',#634,.T.);
#394=FACE_OUTER_BOUND('',#635,.T.);
#395=FACE_OUTER_BOUND('',#636,.T.);
#396=FACE_OUTER_BOUND('',#637,.T.);
#397=FACE_OUTER_BOUND('',#638,.T.);
#398=FACE_OUTER_BOUND('',#639,.T.);
#399=FACE_OUTER_BOUND('',#640,.T.);
#400=FACE_OUTER_BOUND('',#641,.T.);
#401=FACE_OUTER_BOUND('',#642,.T.);
#402=FACE_OUTER_BOUND('',#643,.T.);
#403=FACE_OUTER_BOUND('',#644,.T.);
#404=FACE_OUTER_BOUND('',#645,.T.);
#405=FACE_OUTER_BOUND('',#646,.T.);
#406=FACE_OUTER_BOUND('',#647,.T.);
#407=FACE_OUTER_BOUND('',#648,.T.);
#408=FACE_OUTER_BOUND('',#649,.T.);
#409=FACE_OUTER_BOUND('',#650,.T.);
#410=FACE_OUTER_BOUND('',#651,.T.);
#411=FACE_OUTER_BOUND('',#652,.T.);
#412=FACE_OUTER_BOUND('',#653,.T.);
#413=FACE_OUTER_BOUND('',#654,.T.);
#414=FACE_OUTER_BOUND('',#655,.T.);
#415=FACE_OUTER_BOUND('',#656,.T.);
#416=FACE_OUTER_BOUND('',#657,.T.);
#417=FACE_OUTER_BOUND('',#658,.T.);
#418=FACE_OUTER_BOUND('',#659,.T.);
#419=FACE_OUTER_BOUND('',#660,.T.);
#420=FACE_OUTER_BOUND('',#661,.T.);
#421=FACE_OUTER_BOUND('',#662,.T.);
#422=FACE_OUTER_BOUND('',#663,.T.);
#423=FACE_OUTER_BOUND('',#667,.T.);
#424=FACE_OUTER_BOUND('',#668,.T.);
#425=FACE_OUTER_BOUND('',#671,.T.);
#426=FACE_OUTER_BOUND('',#676,.T.);
#427=FACE_OUTER_BOUND('',#677,.T.);
#428=FACE_OUTER_BOUND('',#678,.T.);
#429=FACE_OUTER_BOUND('',#683,.T.);
#430=FACE_OUTER_BOUND('',#684,.T.);
#431=FACE_OUTER_BOUND('',#686,.T.);
#432=FACE_OUTER_BOUND('',#688,.T.);
#433=FACE_OUTER_BOUND('',#689,.T.);
#434=FACE_OUTER_BOUND('',#690,.T.);
#435=FACE_OUTER_BOUND('',#691,.T.);
#436=FACE_OUTER_BOUND('',#694,.T.);
#437=FACE_OUTER_BOUND('',#695,.T.);
#438=FACE_OUTER_BOUND('',#696,.T.);
#439=FACE_OUTER_BOUND('',#697,.T.);
#440=FACE_OUTER_BOUND('',#699,.T.);
#441=FACE_OUTER_BOUND('',#701,.T.);
#442=FACE_OUTER_BOUND('',#702,.T.);
#443=FACE_OUTER_BOUND('',#703,.T.);
#444=FACE_OUTER_BOUND('',#704,.T.);
#445=FACE_OUTER_BOUND('',#705,.T.);
#446=FACE_OUTER_BOUND('',#706,.T.);
#447=FACE_OUTER_BOUND('',#707,.T.);
#448=FACE_OUTER_BOUND('',#708,.T.);
#449=FACE_OUTER_BOUND('',#709,.T.);
#450=FACE_OUTER_BOUND('',#710,.T.);
#451=FACE_OUTER_BOUND('',#711,.T.);
#452=FACE_OUTER_BOUND('',#712,.T.);
#453=FACE_OUTER_BOUND('',#713,.T.);
#454=FACE_OUTER_BOUND('',#714,.T.);
#455=FACE_OUTER_BOUND('',#715,.T.);
#456=FACE_OUTER_BOUND('',#716,.T.);
#457=FACE_OUTER_BOUND('',#717,.T.);
#458=FACE_OUTER_BOUND('',#718,.T.);
#459=FACE_OUTER_BOUND('',#719,.T.);
#460=FACE_OUTER_BOUND('',#720,.T.);
#461=FACE_OUTER_BOUND('',#721,.T.);
#462=FACE_OUTER_BOUND('',#722,.T.);
#463=FACE_OUTER_BOUND('',#723,.T.);
#464=FACE_OUTER_BOUND('',#724,.T.);
#465=FACE_OUTER_BOUND('',#725,.T.);
#466=FACE_OUTER_BOUND('',#726,.T.);
#467=FACE_OUTER_BOUND('',#727,.T.);
#468=FACE_OUTER_BOUND('',#728,.T.);
#469=FACE_OUTER_BOUND('',#729,.T.);
#470=FACE_OUTER_BOUND('',#730,.T.);
#471=FACE_OUTER_BOUND('',#731,.T.);
#472=FACE_OUTER_BOUND('',#732,.T.);
#473=FACE_OUTER_BOUND('',#733,.T.);
#474=FACE_OUTER_BOUND('',#734,.T.);
#475=FACE_OUTER_BOUND('',#735,.T.);
#476=FACE_OUTER_BOUND('',#736,.T.);
#477=FACE_OUTER_BOUND('',#737,.T.);
#478=FACE_OUTER_BOUND('',#738,.T.);
#479=FACE_OUTER_BOUND('',#739,.T.);
#480=FACE_OUTER_BOUND('',#740,.T.);
#481=FACE_OUTER_BOUND('',#741,.T.);
#482=FACE_OUTER_BOUND('',#742,.T.);
#483=FACE_OUTER_BOUND('',#743,.T.);
#484=FACE_OUTER_BOUND('',#744,.T.);
#485=FACE_OUTER_BOUND('',#745,.T.);
#486=FACE_OUTER_BOUND('',#746,.T.);
#487=FACE_OUTER_BOUND('',#747,.T.);
#488=FACE_OUTER_BOUND('',#748,.T.);
#489=FACE_OUTER_BOUND('',#749,.T.);
#490=FACE_OUTER_BOUND('',#750,.T.);
#491=FACE_OUTER_BOUND('',#751,.T.);
#492=FACE_OUTER_BOUND('',#752,.T.);
#493=FACE_OUTER_BOUND('',#753,.T.);
#494=FACE_OUTER_BOUND('',#754,.T.);
#495=FACE_OUTER_BOUND('',#755,.T.);
#496=FACE_OUTER_BOUND('',#756,.T.);
#497=FACE_OUTER_BOUND('',#757,.T.);
#498=FACE_OUTER_BOUND('',#758,.T.);
#499=FACE_OUTER_BOUND('',#759,.T.);
#500=FACE_OUTER_BOUND('',#760,.T.);
#501=FACE_OUTER_BOUND('',#761,.T.);
#502=FACE_OUTER_BOUND('',#762,.T.);
#503=FACE_OUTER_BOUND('',#763,.T.);
#504=FACE_OUTER_BOUND('',#764,.T.);
#505=FACE_OUTER_BOUND('',#765,.T.);
#506=FACE_OUTER_BOUND('',#766,.T.);
#507=FACE_OUTER_BOUND('',#767,.T.);
#508=FACE_OUTER_BOUND('',#768,.T.);
#509=FACE_OUTER_BOUND('',#769,.T.);
#510=FACE_OUTER_BOUND('',#770,.T.);
#511=FACE_OUTER_BOUND('',#771,.T.);
#512=FACE_OUTER_BOUND('',#772,.T.);
#513=FACE_OUTER_BOUND('',#773,.T.);
#514=FACE_OUTER_BOUND('',#774,.T.);
#515=FACE_OUTER_BOUND('',#775,.T.);
#516=FACE_OUTER_BOUND('',#776,.T.);
#517=FACE_OUTER_BOUND('',#777,.T.);
#518=FACE_OUTER_BOUND('',#778,.T.);
#519=FACE_OUTER_BOUND('',#779,.T.);
#520=FACE_OUTER_BOUND('',#780,.T.);
#521=FACE_OUTER_BOUND('',#781,.T.);
#522=FACE_OUTER_BOUND('',#782,.T.);
#523=FACE_OUTER_BOUND('',#783,.T.);
#524=FACE_OUTER_BOUND('',#784,.T.);
#525=FACE_OUTER_BOUND('',#785,.T.);
#526=FACE_OUTER_BOUND('',#786,.T.);
#527=FACE_OUTER_BOUND('',#787,.T.);
#528=FACE_OUTER_BOUND('',#788,.T.);
#529=FACE_OUTER_BOUND('',#789,.T.);
#530=FACE_OUTER_BOUND('',#790,.T.);
#531=FACE_OUTER_BOUND('',#791,.T.);
#532=FACE_OUTER_BOUND('',#792,.T.);
#533=FACE_OUTER_BOUND('',#793,.T.);
#534=FACE_OUTER_BOUND('',#795,.T.);
#535=FACE_OUTER_BOUND('',#797,.T.);
#536=FACE_OUTER_BOUND('',#798,.T.);
#537=FACE_OUTER_BOUND('',#799,.T.);
#538=FACE_OUTER_BOUND('',#800,.T.);
#539=FACE_OUTER_BOUND('',#802,.T.);
#540=FACE_OUTER_BOUND('',#804,.T.);
#541=FACE_OUTER_BOUND('',#806,.T.);
#542=FACE_OUTER_BOUND('',#807,.T.);
#543=FACE_OUTER_BOUND('',#808,.T.);
#544=FACE_OUTER_BOUND('',#809,.T.);
#545=FACE_OUTER_BOUND('',#810,.T.);
#546=FACE_OUTER_BOUND('',#811,.T.);
#547=FACE_OUTER_BOUND('',#813,.T.);
#548=FACE_OUTER_BOUND('',#815,.T.);
#549=FACE_OUTER_BOUND('',#817,.T.);
#550=FACE_OUTER_BOUND('',#818,.T.);
#551=FACE_OUTER_BOUND('',#819,.T.);
#552=FACE_OUTER_BOUND('',#820,.T.);
#553=FACE_OUTER_BOUND('',#821,.T.);
#554=FACE_OUTER_BOUND('',#823,.T.);
#555=FACE_OUTER_BOUND('',#825,.T.);
#556=FACE_OUTER_BOUND('',#827,.T.);
#557=FACE_OUTER_BOUND('',#829,.T.);
#558=FACE_OUTER_BOUND('',#830,.T.);
#559=FACE_OUTER_BOUND('',#831,.T.);
#560=FACE_OUTER_BOUND('',#832,.T.);
#561=FACE_OUTER_BOUND('',#833,.T.);
#562=FACE_OUTER_BOUND('',#834,.T.);
#563=FACE_OUTER_BOUND('',#835,.T.);
#564=FACE_OUTER_BOUND('',#836,.T.);
#565=FACE_OUTER_BOUND('',#837,.T.);
#566=FACE_OUTER_BOUND('',#838,.T.);
#567=FACE_OUTER_BOUND('',#839,.T.);
#568=FACE_OUTER_BOUND('',#840,.T.);
#569=FACE_OUTER_BOUND('',#841,.T.);
#570=FACE_OUTER_BOUND('',#842,.T.);
#571=FACE_OUTER_BOUND('',#843,.T.);
#572=FACE_OUTER_BOUND('',#844,.T.);
#573=FACE_OUTER_BOUND('',#845,.T.);
#574=FACE_OUTER_BOUND('',#846,.T.);
#575=FACE_OUTER_BOUND('',#847,.T.);
#576=FACE_OUTER_BOUND('',#848,.T.);
#577=FACE_OUTER_BOUND('',#849,.T.);
#578=FACE_OUTER_BOUND('',#850,.T.);
#579=FACE_OUTER_BOUND('',#851,.T.);
#580=FACE_OUTER_BOUND('',#852,.T.);
#581=FACE_OUTER_BOUND('',#853,.T.);
#582=FACE_OUTER_BOUND('',#854,.T.);
#583=FACE_OUTER_BOUND('',#855,.T.);
#584=FACE_OUTER_BOUND('',#856,.T.);
#585=FACE_OUTER_BOUND('',#857,.T.);
#586=FACE_OUTER_BOUND('',#858,.T.);
#587=FACE_OUTER_BOUND('',#859,.T.);
#588=FACE_OUTER_BOUND('',#860,.T.);
#589=FACE_OUTER_BOUND('',#861,.T.);
#590=FACE_OUTER_BOUND('',#862,.T.);
#591=FACE_OUTER_BOUND('',#863,.T.);
#592=FACE_OUTER_BOUND('',#864,.T.);
#593=FACE_OUTER_BOUND('',#865,.T.);
#594=FACE_OUTER_BOUND('',#866,.T.);
#595=FACE_OUTER_BOUND('',#867,.T.);
#596=FACE_OUTER_BOUND('',#868,.T.);
#597=FACE_OUTER_BOUND('',#869,.T.);
#598=FACE_OUTER_BOUND('',#870,.T.);
#599=FACE_OUTER_BOUND('',#871,.T.);
#600=FACE_OUTER_BOUND('',#872,.T.);
#601=FACE_OUTER_BOUND('',#874,.T.);
#602=FACE_OUTER_BOUND('',#875,.T.);
#603=FACE_OUTER_BOUND('',#877,.T.);
#604=FACE_OUTER_BOUND('',#878,.T.);
#605=FACE_OUTER_BOUND('',#879,.T.);
#606=FACE_OUTER_BOUND('',#880,.T.);
#607=FACE_OUTER_BOUND('',#882,.T.);
#608=FACE_OUTER_BOUND('',#883,.T.);
#609=FACE_OUTER_BOUND('',#885,.T.);
#610=FACE_OUTER_BOUND('',#886,.T.);
#611=FACE_OUTER_BOUND('',#887,.T.);
#612=FACE_OUTER_BOUND('',#888,.T.);
#613=EDGE_LOOP('',(#2876,#2877,#2878,#2879));
#614=EDGE_LOOP('',(#2880,#2881,#2882,#2883));
#615=EDGE_LOOP('',(#2884,#2885,#2886,#2887,#2888,#2889,#2890,#2891,#2892,
#2893,#2894,#2895,#2896,#2897,#2898,#2899));
#616=EDGE_LOOP('',(#2900,#2901,#2902,#2903));
#617=EDGE_LOOP('',(#2904,#2905,#2906,#2907));
#618=EDGE_LOOP('',(#2908));
#619=EDGE_LOOP('',(#2909));
#620=EDGE_LOOP('',(#2910,#2911,#2912,#2913,#2914,#2915,#2916,#2917));
#621=EDGE_LOOP('',(#2918,#2919,#2920,#2921));
#622=EDGE_LOOP('',(#2922));
#623=EDGE_LOOP('',(#2923));
#624=EDGE_LOOP('',(#2924,#2925,#2926,#2927));
#625=EDGE_LOOP('',(#2928,#2929,#2930,#2931));
#626=EDGE_LOOP('',(#2932,#2933,#2934,#2935));
#627=EDGE_LOOP('',(#2936,#2937,#2938,#2939));
#628=EDGE_LOOP('',(#2940,#2941,#2942,#2943));
#629=EDGE_LOOP('',(#2944,#2945,#2946,#2947));
#630=EDGE_LOOP('',(#2948,#2949,#2950,#2951,#2952,#2953,#2954));
#631=EDGE_LOOP('',(#2955,#2956,#2957,#2958));
#632=EDGE_LOOP('',(#2959,#2960,#2961,#2962,#2963,#2964,#2965));
#633=EDGE_LOOP('',(#2966,#2967,#2968,#2969));
#634=EDGE_LOOP('',(#2970,#2971,#2972,#2973));
#635=EDGE_LOOP('',(#2974,#2975,#2976,#2977));
#636=EDGE_LOOP('',(#2978,#2979,#2980,#2981,#2982,#2983,#2984));
#637=EDGE_LOOP('',(#2985,#2986,#2987,#2988));
#638=EDGE_LOOP('',(#2989,#2990,#2991,#2992));
#639=EDGE_LOOP('',(#2993,#2994,#2995,#2996));
#640=EDGE_LOOP('',(#2997,#2998,#2999,#3000,#3001,#3002,#3003));
#641=EDGE_LOOP('',(#3004,#3005,#3006,#3007));
#642=EDGE_LOOP('',(#3008,#3009,#3010,#3011));
#643=EDGE_LOOP('',(#3012,#3013,#3014,#3015));
#644=EDGE_LOOP('',(#3016,#3017,#3018,#3019));
#645=EDGE_LOOP('',(#3020,#3021,#3022,#3023));
#646=EDGE_LOOP('',(#3024,#3025,#3026,#3027));
#647=EDGE_LOOP('',(#3028,#3029,#3030,#3031));
#648=EDGE_LOOP('',(#3032,#3033,#3034,#3035));
#649=EDGE_LOOP('',(#3036,#3037,#3038,#3039));
#650=EDGE_LOOP('',(#3040,#3041,#3042,#3043));
#651=EDGE_LOOP('',(#3044,#3045,#3046,#3047));
#652=EDGE_LOOP('',(#3048,#3049,#3050,#3051));
#653=EDGE_LOOP('',(#3052,#3053,#3054,#3055));
#654=EDGE_LOOP('',(#3056,#3057,#3058,#3059));
#655=EDGE_LOOP('',(#3060,#3061,#3062,#3063));
#656=EDGE_LOOP('',(#3064,#3065,#3066,#3067,#3068,#3069,#3070,#3071));
#657=EDGE_LOOP('',(#3072,#3073,#3074,#3075,#3076,#3077,#3078,#3079));
#658=EDGE_LOOP('',(#3080,#3081,#3082,#3083));
#659=EDGE_LOOP('',(#3084,#3085,#3086,#3087));
#660=EDGE_LOOP('',(#3088,#3089,#3090,#3091));
#661=EDGE_LOOP('',(#3092,#3093,#3094,#3095,#3096,#3097,#3098,#3099,#3100,
#3101,#3102,#3103,#3104,#3105));
#662=EDGE_LOOP('',(#3106,#3107,#3108,#3109));
#663=EDGE_LOOP('',(#3110,#3111,#3112,#3113,#3114,#3115,#3116,#3117,#3118,
#3119,#3120,#3121,#3122,#3123,#3124,#3125));
#664=EDGE_LOOP('',(#3126,#3127,#3128,#3129));
#665=EDGE_LOOP('',(#3130));
#666=EDGE_LOOP('',(#3131));
#667=EDGE_LOOP('',(#3132,#3133,#3134,#3135));
#668=EDGE_LOOP('',(#3136,#3137,#3138,#3139,#3140,#3141,#3142,#3143,#3144,
#3145,#3146,#3147,#3148,#3149,#3150,#3151,#3152,#3153,#3154,#3155,#3156,
#3157,#3158,#3159,#3160,#3161,#3162,#3163,#3164,#3165,#3166,#3167,#3168,
#3169));
#669=EDGE_LOOP('',(#3170));
#670=EDGE_LOOP('',(#3171));
#671=EDGE_LOOP('',(#3172,#3173,#3174,#3175,#3176,#3177,#3178,#3179));
#672=EDGE_LOOP('',(#3180,#3181,#3182,#3183));
#673=EDGE_LOOP('',(#3184));
#674=EDGE_LOOP('',(#3185,#3186,#3187,#3188,#3189,#3190,#3191,#3192));
#675=EDGE_LOOP('',(#3193));
#676=EDGE_LOOP('',(#3194,#3195,#3196,#3197,#3198,#3199,#3200,#3201,#3202,
#3203,#3204,#3205,#3206,#3207));
#677=EDGE_LOOP('',(#3208,#3209,#3210,#3211));
#678=EDGE_LOOP('',(#3212,#3213,#3214,#3215,#3216,#3217,#3218,#3219));
#679=EDGE_LOOP('',(#3220,#3221,#3222,#3223));
#680=EDGE_LOOP('',(#3224));
#681=EDGE_LOOP('',(#3225,#3226,#3227,#3228,#3229,#3230,#3231,#3232));
#682=EDGE_LOOP('',(#3233));
#683=EDGE_LOOP('',(#3234,#3235,#3236,#3237));
#684=EDGE_LOOP('',(#3238,#3239,#3240,#3241,#3242,#3243,#3244,#3245));
#685=EDGE_LOOP('',(#3246));
#686=EDGE_LOOP('',(#3247,#3248,#3249,#3250,#3251,#3252,#3253,#3254));
#687=EDGE_LOOP('',(#3255));
#688=EDGE_LOOP('',(#3256,#3257,#3258,#3259));
#689=EDGE_LOOP('',(#3260,#3261,#3262,#3263));
#690=EDGE_LOOP('',(#3264,#3265,#3266,#3267));
#691=EDGE_LOOP('',(#3268,#3269,#3270,#3271,#3272,#3273,#3274,#3275,#3276,
#3277,#3278,#3279,#3280,#3281,#3282,#3283,#3284,#3285,#3286,#3287,#3288,
#3289,#3290,#3291,#3292,#3293));
#692=EDGE_LOOP('',(#3294));
#693=EDGE_LOOP('',(#3295));
#694=EDGE_LOOP('',(#3296,#3297,#3298,#3299,#3300,#3301,#3302,#3303,#3304,
#3305,#3306,#3307,#3308,#3309,#3310,#3311,#3312,#3313,#3314,#3315));
#695=EDGE_LOOP('',(#3316,#3317,#3318,#3319));
#696=EDGE_LOOP('',(#3320,#3321,#3322,#3323,#3324,#3325,#3326,#3327,#3328,
#3329,#3330,#3331,#3332,#3333,#3334,#3335,#3336,#3337,#3338,#3339));
#697=EDGE_LOOP('',(#3340));
#698=EDGE_LOOP('',(#3341));
#699=EDGE_LOOP('',(#3342));
#700=EDGE_LOOP('',(#3343));
#701=EDGE_LOOP('',(#3344,#3345,#3346,#3347));
#702=EDGE_LOOP('',(#3348,#3349,#3350,#3351));
#703=EDGE_LOOP('',(#3352,#3353,#3354,#3355));
#704=EDGE_LOOP('',(#3356,#3357,#3358));
#705=EDGE_LOOP('',(#3359,#3360,#3361,#3362,#3363,#3364));
#706=EDGE_LOOP('',(#3365,#3366,#3367,#3368,#3369,#3370));
#707=EDGE_LOOP('',(#3371,#3372,#3373));
#708=EDGE_LOOP('',(#3374,#3375,#3376,#3377));
#709=EDGE_LOOP('',(#3378,#3379,#3380,#3381));
#710=EDGE_LOOP('',(#3382,#3383,#3384,#3385));
#711=EDGE_LOOP('',(#3386,#3387,#3388,#3389));
#712=EDGE_LOOP('',(#3390,#3391,#3392,#3393));
#713=EDGE_LOOP('',(#3394,#3395,#3396,#3397,#3398,#3399,#3400,#3401));
#714=EDGE_LOOP('',(#3402,#3403,#3404,#3405,#3406,#3407,#3408,#3409));
#715=EDGE_LOOP('',(#3410,#3411,#3412,#3413));
#716=EDGE_LOOP('',(#3414,#3415,#3416,#3417));
#717=EDGE_LOOP('',(#3418,#3419,#3420,#3421));
#718=EDGE_LOOP('',(#3422,#3423,#3424,#3425));
#719=EDGE_LOOP('',(#3426,#3427,#3428,#3429));
#720=EDGE_LOOP('',(#3430,#3431,#3432));
#721=EDGE_LOOP('',(#3433,#3434,#3435,#3436,#3437,#3438));
#722=EDGE_LOOP('',(#3439,#3440,#3441));
#723=EDGE_LOOP('',(#3442,#3443,#3444,#3445,#3446,#3447,#3448,#3449));
#724=EDGE_LOOP('',(#3450,#3451,#3452,#3453));
#725=EDGE_LOOP('',(#3454,#3455,#3456,#3457,#3458,#3459,#3460,#3461));
#726=EDGE_LOOP('',(#3462,#3463,#3464));
#727=EDGE_LOOP('',(#3465,#3466,#3467,#3468,#3469,#3470));
#728=EDGE_LOOP('',(#3471,#3472,#3473,#3474));
#729=EDGE_LOOP('',(#3475,#3476,#3477,#3478));
#730=EDGE_LOOP('',(#3479,#3480,#3481,#3482));
#731=EDGE_LOOP('',(#3483,#3484,#3485,#3486));
#732=EDGE_LOOP('',(#3487,#3488,#3489,#3490));
#733=EDGE_LOOP('',(#3491,#3492,#3493,#3494));
#734=EDGE_LOOP('',(#3495,#3496,#3497,#3498));
#735=EDGE_LOOP('',(#3499,#3500,#3501,#3502));
#736=EDGE_LOOP('',(#3503,#3504,#3505,#3506));
#737=EDGE_LOOP('',(#3507,#3508,#3509,#3510));
#738=EDGE_LOOP('',(#3511,#3512,#3513,#3514));
#739=EDGE_LOOP('',(#3515,#3516,#3517,#3518));
#740=EDGE_LOOP('',(#3519,#3520,#3521,#3522));
#741=EDGE_LOOP('',(#3523,#3524,#3525));
#742=EDGE_LOOP('',(#3526,#3527,#3528,#3529,#3530,#3531));
#743=EDGE_LOOP('',(#3532,#3533,#3534,#3535,#3536,#3537));
#744=EDGE_LOOP('',(#3538,#3539,#3540,#3541));
#745=EDGE_LOOP('',(#3542,#3543,#3544,#3545));
#746=EDGE_LOOP('',(#3546,#3547,#3548,#3549));
#747=EDGE_LOOP('',(#3550,#3551,#3552,#3553));
#748=EDGE_LOOP('',(#3554,#3555,#3556,#3557));
#749=EDGE_LOOP('',(#3558,#3559,#3560,#3561));
#750=EDGE_LOOP('',(#3562,#3563,#3564,#3565));
#751=EDGE_LOOP('',(#3566,#3567,#3568,#3569));
#752=EDGE_LOOP('',(#3570,#3571,#3572,#3573));
#753=EDGE_LOOP('',(#3574,#3575,#3576,#3577));
#754=EDGE_LOOP('',(#3578,#3579,#3580,#3581));
#755=EDGE_LOOP('',(#3582,#3583,#3584,#3585));
#756=EDGE_LOOP('',(#3586,#3587,#3588,#3589));
#757=EDGE_LOOP('',(#3590,#3591,#3592,#3593));
#758=EDGE_LOOP('',(#3594,#3595,#3596,#3597));
#759=EDGE_LOOP('',(#3598,#3599,#3600,#3601));
#760=EDGE_LOOP('',(#3602,#3603,#3604,#3605));
#761=EDGE_LOOP('',(#3606,#3607,#3608,#3609));
#762=EDGE_LOOP('',(#3610,#3611,#3612,#3613));
#763=EDGE_LOOP('',(#3614,#3615,#3616,#3617));
#764=EDGE_LOOP('',(#3618,#3619,#3620,#3621));
#765=EDGE_LOOP('',(#3622,#3623,#3624,#3625));
#766=EDGE_LOOP('',(#3626,#3627,#3628,#3629));
#767=EDGE_LOOP('',(#3630,#3631,#3632,#3633));
#768=EDGE_LOOP('',(#3634,#3635,#3636,#3637));
#769=EDGE_LOOP('',(#3638,#3639,#3640,#3641));
#770=EDGE_LOOP('',(#3642,#3643,#3644,#3645,#3646,#3647));
#771=EDGE_LOOP('',(#3648,#3649,#3650));
#772=EDGE_LOOP('',(#3651,#3652,#3653,#3654));
#773=EDGE_LOOP('',(#3655,#3656,#3657));
#774=EDGE_LOOP('',(#3658,#3659,#3660,#3661,#3662,#3663));
#775=EDGE_LOOP('',(#3664,#3665,#3666,#3667));
#776=EDGE_LOOP('',(#3668,#3669,#3670,#3671));
#777=EDGE_LOOP('',(#3672,#3673,#3674,#3675));
#778=EDGE_LOOP('',(#3676,#3677,#3678,#3679));
#779=EDGE_LOOP('',(#3680,#3681,#3682,#3683));
#780=EDGE_LOOP('',(#3684,#3685,#3686,#3687));
#781=EDGE_LOOP('',(#3688,#3689,#3690,#3691));
#782=EDGE_LOOP('',(#3692,#3693,#3694,#3695));
#783=EDGE_LOOP('',(#3696,#3697,#3698,#3699));
#784=EDGE_LOOP('',(#3700,#3701,#3702,#3703));
#785=EDGE_LOOP('',(#3704,#3705,#3706,#3707));
#786=EDGE_LOOP('',(#3708,#3709,#3710,#3711));
#787=EDGE_LOOP('',(#3712,#3713,#3714));
#788=EDGE_LOOP('',(#3715,#3716,#3717,#3718,#3719,#3720));
#789=EDGE_LOOP('',(#3721,#3722,#3723));
#790=EDGE_LOOP('',(#3724,#3725,#3726));
#791=EDGE_LOOP('',(#3727,#3728,#3729,#3730,#3731,#3732));
#792=EDGE_LOOP('',(#3733,#3734,#3735));
#793=EDGE_LOOP('',(#3736));
#794=EDGE_LOOP('',(#3737));
#795=EDGE_LOOP('',(#3738));
#796=EDGE_LOOP('',(#3739));
#797=EDGE_LOOP('',(#3740,#3741,#3742,#3743,#3744,#3745));
#798=EDGE_LOOP('',(#3746,#3747,#3748));
#799=EDGE_LOOP('',(#3749,#3750,#3751,#3752,#3753,#3754));
#800=EDGE_LOOP('',(#3755));
#801=EDGE_LOOP('',(#3756));
#802=EDGE_LOOP('',(#3757,#3758,#3759,#3760,#3761,#3762,#3763,#3764));
#803=EDGE_LOOP('',(#3765,#3766,#3767,#3768,#3769,#3770,#3771,#3772));
#804=EDGE_LOOP('',(#3773));
#805=EDGE_LOOP('',(#3774));
#806=EDGE_LOOP('',(#3775,#3776,#3777,#3778));
#807=EDGE_LOOP('',(#3779,#3780,#3781,#3782));
#808=EDGE_LOOP('',(#3783,#3784,#3785));
#809=EDGE_LOOP('',(#3786,#3787,#3788));
#810=EDGE_LOOP('',(#3789,#3790,#3791));
#811=EDGE_LOOP('',(#3792));
#812=EDGE_LOOP('',(#3793));
#813=EDGE_LOOP('',(#3794,#3795,#3796,#3797,#3798,#3799,#3800,#3801));
#814=EDGE_LOOP('',(#3802,#3803,#3804,#3805,#3806,#3807,#3808,#3809));
#815=EDGE_LOOP('',(#3810));
#816=EDGE_LOOP('',(#3811));
#817=EDGE_LOOP('',(#3812,#3813,#3814,#3815));
#818=EDGE_LOOP('',(#3816,#3817,#3818,#3819));
#819=EDGE_LOOP('',(#3820,#3821,#3822,#3823));
#820=EDGE_LOOP('',(#3824,#3825,#3826,#3827));
#821=EDGE_LOOP('',(#3828));
#822=EDGE_LOOP('',(#3829,#3830,#3831,#3832,#3833,#3834,#3835,#3836,#3837,
#3838,#3839,#3840));
#823=EDGE_LOOP('',(#3841));
#824=EDGE_LOOP('',(#3842,#3843,#3844,#3845));
#825=EDGE_LOOP('',(#3846));
#826=EDGE_LOOP('',(#3847,#3848,#3849,#3850));
#827=EDGE_LOOP('',(#3851));
#828=EDGE_LOOP('',(#3852,#3853,#3854,#3855,#3856,#3857,#3858,#3859,#3860,
#3861,#3862,#3863));
#829=EDGE_LOOP('',(#3864,#3865,#3866,#3867));
#830=EDGE_LOOP('',(#3868,#3869,#3870,#3871));
#831=EDGE_LOOP('',(#3872,#3873,#3874,#3875));
#832=EDGE_LOOP('',(#3876,#3877,#3878,#3879));
#833=EDGE_LOOP('',(#3880,#3881,#3882,#3883));
#834=EDGE_LOOP('',(#3884,#3885,#3886,#3887));
#835=EDGE_LOOP('',(#3888,#3889,#3890,#3891));
#836=EDGE_LOOP('',(#3892,#3893,#3894,#3895));
#837=EDGE_LOOP('',(#3896,#3897,#3898,#3899));
#838=EDGE_LOOP('',(#3900,#3901,#3902,#3903));
#839=EDGE_LOOP('',(#3904,#3905,#3906,#3907));
#840=EDGE_LOOP('',(#3908,#3909,#3910,#3911));
#841=EDGE_LOOP('',(#3912,#3913,#3914,#3915));
#842=EDGE_LOOP('',(#3916,#3917,#3918,#3919));
#843=EDGE_LOOP('',(#3920,#3921,#3922,#3923));
#844=EDGE_LOOP('',(#3924,#3925,#3926,#3927));
#845=EDGE_LOOP('',(#3928,#3929,#3930,#3931));
#846=EDGE_LOOP('',(#3932,#3933,#3934,#3935));
#847=EDGE_LOOP('',(#3936,#3937,#3938,#3939));
#848=EDGE_LOOP('',(#3940,#3941,#3942,#3943));
#849=EDGE_LOOP('',(#3944,#3945,#3946,#3947));
#850=EDGE_LOOP('',(#3948,#3949,#3950,#3951));
#851=EDGE_LOOP('',(#3952,#3953,#3954,#3955));
#852=EDGE_LOOP('',(#3956,#3957,#3958,#3959));
#853=EDGE_LOOP('',(#3960,#3961,#3962,#3963));
#854=EDGE_LOOP('',(#3964,#3965,#3966,#3967));
#855=EDGE_LOOP('',(#3968,#3969,#3970,#3971));
#856=EDGE_LOOP('',(#3972,#3973,#3974,#3975));
#857=EDGE_LOOP('',(#3976,#3977,#3978,#3979));
#858=EDGE_LOOP('',(#3980,#3981,#3982,#3983));
#859=EDGE_LOOP('',(#3984,#3985,#3986,#3987));
#860=EDGE_LOOP('',(#3988,#3989,#3990,#3991));
#861=EDGE_LOOP('',(#3992,#3993,#3994,#3995,#3996,#3997,#3998,#3999,#4000,
#4001,#4002,#4003));
#862=EDGE_LOOP('',(#4004,#4005,#4006,#4007));
#863=EDGE_LOOP('',(#4008,#4009,#4010,#4011));
#864=EDGE_LOOP('',(#4012,#4013,#4014,#4015,#4016,#4017,#4018,#4019,#4020,
#4021,#4022,#4023));
#865=EDGE_LOOP('',(#4024,#4025,#4026,#4027,#4028,#4029));
#866=EDGE_LOOP('',(#4030,#4031,#4032,#4033,#4034,#4035));
#867=EDGE_LOOP('',(#4036));
#868=EDGE_LOOP('',(#4037,#4038,#4039,#4040));
#869=EDGE_LOOP('',(#4041,#4042,#4043,#4044));
#870=EDGE_LOOP('',(#4045));
#871=EDGE_LOOP('',(#4046,#4047,#4048,#4049,#4050));
#872=EDGE_LOOP('',(#4051));
#873=EDGE_LOOP('',(#4052));
#874=EDGE_LOOP('',(#4053,#4054,#4055,#4056));
#875=EDGE_LOOP('',(#4057));
#876=EDGE_LOOP('',(#4058));
#877=EDGE_LOOP('',(#4059,#4060,#4061,#4062,#4063));
#878=EDGE_LOOP('',(#4064,#4065,#4066,#4067,#4068,#4069));
#879=EDGE_LOOP('',(#4070,#4071,#4072,#4073,#4074));
#880=EDGE_LOOP('',(#4075));
#881=EDGE_LOOP('',(#4076));
#882=EDGE_LOOP('',(#4077,#4078,#4079,#4080));
#883=EDGE_LOOP('',(#4081));
#884=EDGE_LOOP('',(#4082));
#885=EDGE_LOOP('',(#4083,#4084,#4085,#4086,#4087));
#886=EDGE_LOOP('',(#4088,#4089,#4090,#4091,#4092,#4093));
#887=EDGE_LOOP('',(#4094,#4095,#4096,#4097));
#888=EDGE_LOOP('',(#4098));
#889=EDGE_LOOP('',(#4099));
#890=LINE('',#5844,#1332);
#891=LINE('',#5847,#1333);
#892=LINE('',#5929,#1334);
#893=LINE('',#5931,#1335);
#894=LINE('',#5933,#1336);
#895=LINE('',#5935,#1337);
#896=LINE('',#5937,#1338);
#897=LINE('',#5939,#1339);
#898=LINE('',#5941,#1340);
#899=LINE('',#5943,#1341);
#900=LINE('',#5945,#1342);
#901=LINE('',#5947,#1343);
#902=LINE('',#5949,#1344);
#903=LINE('',#5951,#1345);
#904=LINE('',#5952,#1346);
#905=LINE('',#5954,#1347);
#906=LINE('',#5955,#1348);
#907=LINE('',#5958,#1349);
#908=LINE('',#5960,#1350);
#909=LINE('',#5962,#1351);
#910=LINE('',#5963,#1352);
#911=LINE('',#5966,#1353);
#912=LINE('',#5968,#1354);
#913=LINE('',#5970,#1355);
#914=LINE('',#5971,#1356);
#915=LINE('',#5994,#1357);
#916=LINE('',#5998,#1358);
#917=LINE('',#6001,#1359);
#918=LINE('',#6004,#1360);
#919=LINE('',#6006,#1361);
#920=LINE('',#6008,#1362);
#921=LINE('',#6009,#1363);
#922=LINE('',#6079,#1364);
#923=LINE('',#6090,#1365);
#924=LINE('',#6102,#1366);
#925=LINE('',#6122,#1367);
#926=LINE('',#6130,#1368);
#927=LINE('',#6133,#1369);
#928=LINE('',#6135,#1370);
#929=LINE('',#6137,#1371);
#930=LINE('',#6139,#1372);
#931=LINE('',#6140,#1373);
#932=LINE('',#6143,#1374);
#933=LINE('',#6144,#1375);
#934=LINE('',#6148,#1376);
#935=LINE('',#6151,#1377);
#936=LINE('',#6153,#1378);
#937=LINE('',#6154,#1379);
#938=LINE('',#6165,#1380);
#939=LINE('',#6168,#1381);
#940=LINE('',#6180,#1382);
#941=LINE('',#6183,#1383);
#942=LINE('',#6185,#1384);
#943=LINE('',#6187,#1385);
#944=LINE('',#6189,#1386);
#945=LINE('',#6190,#1387);
#946=LINE('',#6213,#1388);
#947=LINE('',#6216,#1389);
#948=LINE('',#6217,#1390);
#949=LINE('',#6222,#1391);
#950=LINE('',#6226,#1392);
#951=LINE('',#6228,#1393);
#952=LINE('',#6230,#1394);
#953=LINE('',#6231,#1395);
#954=LINE('',#6234,#1396);
#955=LINE('',#6236,#1397);
#956=LINE('',#6237,#1398);
#957=LINE('',#6240,#1399);
#958=LINE('',#6241,#1400);
#959=LINE('',#6244,#1401);
#960=LINE('',#6245,#1402);
#961=LINE('',#6247,#1403);
#962=LINE('',#6250,#1404);
#963=LINE('',#6252,#1405);
#964=LINE('',#6253,#1406);
#965=LINE('',#6256,#1407);
#966=LINE('',#6257,#1408);
#967=LINE('',#6260,#1409);
#968=LINE('',#6261,#1410);
#969=LINE('',#6263,#1411);
#970=LINE('',#6266,#1412);
#971=LINE('',#6270,#1413);
#972=LINE('',#6274,#1414);
#973=LINE('',#6285,#1415);
#974=LINE('',#6288,#1416);
#975=LINE('',#6290,#1417);
#976=LINE('',#6291,#1418);
#977=LINE('',#6294,#1419);
#978=LINE('',#6296,#1420);
#979=LINE('',#6298,#1421);
#980=LINE('',#6300,#1422);
#981=LINE('',#6302,#1423);
#982=LINE('',#6303,#1424);
#983=LINE('',#6306,#1425);
#984=LINE('',#6308,#1426);
#985=LINE('',#6310,#1427);
#986=LINE('',#6312,#1428);
#987=LINE('',#6314,#1429);
#988=LINE('',#6315,#1430);
#989=LINE('',#6317,#1431);
#990=LINE('',#6321,#1432);
#991=LINE('',#6325,#1433);
#992=LINE('',#6329,#1434);
#993=LINE('',#6330,#1435);
#994=LINE('',#6332,#1436);
#995=LINE('',#6334,#1437);
#996=LINE('',#6336,#1438);
#997=LINE('',#6338,#1439);
#998=LINE('',#6340,#1440);
#999=LINE('',#6342,#1441);
#1000=LINE('',#6344,#1442);
#1001=LINE('',#6345,#1443);
#1002=LINE('',#6411,#1444);
#1003=LINE('',#6427,#1445);
#1004=LINE('',#6428,#1446);
#1005=LINE('',#6430,#1447);
#1006=LINE('',#6434,#1448);
#1007=LINE('',#6438,#1449);
#1008=LINE('',#6440,#1450);
#1009=LINE('',#6442,#1451);
#1010=LINE('',#6443,#1452);
#1011=LINE('',#6449,#1453);
#1012=LINE('',#6456,#1454);
#1013=LINE('',#6462,#1455);
#1014=LINE('',#6463,#1456);
#1015=LINE('',#6465,#1457);
#1016=LINE('',#6467,#1458);
#1017=LINE('',#6469,#1459);
#1018=LINE('',#6471,#1460);
#1019=LINE('',#6473,#1461);
#1020=LINE('',#6475,#1462);
#1021=LINE('',#6477,#1463);
#1022=LINE('',#6479,#1464);
#1023=LINE('',#6481,#1465);
#1024=LINE('',#6483,#1466);
#1025=LINE('',#6485,#1467);
#1026=LINE('',#6487,#1468);
#1027=LINE('',#6488,#1469);
#1028=LINE('',#6489,#1470);
#1029=LINE('',#6491,#1471);
#1030=LINE('',#6493,#1472);
#1031=LINE('',#6499,#1473);
#1032=LINE('',#6505,#1474);
#1033=LINE('',#6509,#1475);
#1034=LINE('',#6518,#1476);
#1035=LINE('',#6519,#1477);
#1036=LINE('',#6520,#1478);
#1037=LINE('',#6525,#1479);
#1038=LINE('',#6527,#1480);
#1039=LINE('',#6529,#1481);
#1040=LINE('',#6531,#1482);
#1041=LINE('',#6533,#1483);
#1042=LINE('',#6535,#1484);
#1043=LINE('',#6537,#1485);
#1044=LINE('',#6538,#1486);
#1045=LINE('',#6543,#1487);
#1046=LINE('',#6544,#1488);
#1047=LINE('',#6546,#1489);
#1048=LINE('',#6548,#1490);
#1049=LINE('',#6550,#1491);
#1050=LINE('',#6552,#1492);
#1051=LINE('',#6554,#1493);
#1052=LINE('',#6556,#1494);
#1053=LINE('',#6557,#1495);
#1054=LINE('',#6562,#1496);
#1055=LINE('',#6563,#1497);
#1056=LINE('',#6564,#1498);
#1057=LINE('',#6569,#1499);
#1058=LINE('',#6571,#1500);
#1059=LINE('',#6573,#1501);
#1060=LINE('',#6575,#1502);
#1061=LINE('',#6577,#1503);
#1062=LINE('',#6579,#1504);
#1063=LINE('',#6581,#1505);
#1064=LINE('',#6582,#1506);
#1065=LINE('',#6634,#1507);
#1066=LINE('',#6636,#1508);
#1067=LINE('',#6638,#1509);
#1068=LINE('',#6640,#1510);
#1069=LINE('',#6642,#1511);
#1070=LINE('',#6644,#1512);
#1071=LINE('',#6646,#1513);
#1072=LINE('',#6647,#1514);
#1073=LINE('',#6651,#1515);
#1074=LINE('',#6653,#1516);
#1075=LINE('',#6655,#1517);
#1076=LINE('',#6657,#1518);
#1077=LINE('',#6659,#1519);
#1078=LINE('',#6661,#1520);
#1079=LINE('',#6663,#1521);
#1080=LINE('',#6664,#1522);
#1081=LINE('',#6668,#1523);
#1082=LINE('',#6672,#1524);
#1083=LINE('',#6674,#1525);
#1084=LINE('',#6681,#1526);
#1085=LINE('',#6686,#1527);
#1086=LINE('',#6687,#1528);
#1087=LINE('',#6689,#1529);
#1088=LINE('',#6691,#1530);
#1089=LINE('',#6692,#1531);
#1090=LINE('',#6693,#1532);
#1091=LINE('',#6695,#1533);
#1092=LINE('',#6701,#1534);
#1093=LINE('',#6711,#1535);
#1094=LINE('',#6713,#1536);
#1095=LINE('',#6714,#1537);
#1096=LINE('',#6716,#1538);
#1097=LINE('',#6720,#1539);
#1098=LINE('',#6724,#1540);
#1099=LINE('',#6728,#1541);
#1100=LINE('',#6731,#1542);
#1101=LINE('',#6732,#1543);
#1102=LINE('',#6734,#1544);
#1103=LINE('',#6737,#1545);
#1104=LINE('',#6741,#1546);
#1105=LINE('',#6745,#1547);
#1106=LINE('',#6749,#1548);
#1107=LINE('',#6752,#1549);
#1108=LINE('',#6754,#1550);
#1109=LINE('',#6756,#1551);
#1110=LINE('',#6757,#1552);
#1111=LINE('',#6766,#1553);
#1112=LINE('',#6772,#1554);
#1113=LINE('',#6774,#1555);
#1114=LINE('',#6775,#1556);
#1115=LINE('',#6944,#1557);
#1116=LINE('',#7081,#1558);
#1117=LINE('',#7250,#1559);
#1118=LINE('',#7253,#1560);
#1119=LINE('',#7254,#1561);
#1120=LINE('',#7256,#1562);
#1121=LINE('',#7257,#1563);
#1122=LINE('',#7259,#1564);
#1123=LINE('',#7260,#1565);
#1124=LINE('',#7265,#1566);
#1125=LINE('',#7269,#1567);
#1126=LINE('',#7271,#1568);
#1127=LINE('',#7563,#1569);
#1128=LINE('',#7570,#1570);
#1129=LINE('',#7573,#1571);
#1130=LINE('',#7575,#1572);
#1131=LINE('',#7577,#1573);
#1132=LINE('',#7578,#1574);
#1133=LINE('',#7580,#1575);
#1134=LINE('',#7583,#1576);
#1135=LINE('',#7584,#1577);
#1136=LINE('',#7586,#1578);
#1137=LINE('',#7587,#1579);
#1138=LINE('',#7660,#1580);
#1139=LINE('',#7730,#1581);
#1140=LINE('',#7734,#1582);
#1141=LINE('',#7738,#1583);
#1142=LINE('',#7742,#1584);
#1143=LINE('',#7744,#1585);
#1144=LINE('',#7745,#1586);
#1145=LINE('',#7748,#1587);
#1146=LINE('',#7749,#1588);
#1147=LINE('',#7752,#1589);
#1148=LINE('',#7753,#1590);
#1149=LINE('',#7756,#1591);
#1150=LINE('',#7757,#1592);
#1151=LINE('',#7760,#1593);
#1152=LINE('',#7761,#1594);
#1153=LINE('',#7764,#1595);
#1154=LINE('',#7765,#1596);
#1155=LINE('',#7768,#1597);
#1156=LINE('',#7769,#1598);
#1157=LINE('',#7771,#1599);
#1158=LINE('',#7774,#1600);
#1159=LINE('',#7777,#1601);
#1160=LINE('',#7778,#1602);
#1161=LINE('',#7933,#1603);
#1162=LINE('',#8051,#1604);
#1163=LINE('',#8091,#1605);
#1164=LINE('',#8095,#1606);
#1165=LINE('',#8097,#1607);
#1166=LINE('',#8098,#1608);
#1167=LINE('',#8101,#1609);
#1168=LINE('',#8102,#1610);
#1169=LINE('',#8105,#1611);
#1170=LINE('',#8106,#1612);
#1171=LINE('',#8109,#1613);
#1172=LINE('',#8110,#1614);
#1173=LINE('',#8113,#1615);
#1174=LINE('',#8114,#1616);
#1175=LINE('',#8117,#1617);
#1176=LINE('',#8118,#1618);
#1177=LINE('',#8121,#1619);
#1178=LINE('',#8122,#1620);
#1179=LINE('',#8124,#1621);
#1180=LINE('',#8127,#1622);
#1181=LINE('',#8131,#1623);
#1182=LINE('',#8133,#1624);
#1183=LINE('',#8134,#1625);
#1184=LINE('',#8137,#1626);
#1185=LINE('',#8138,#1627);
#1186=LINE('',#8141,#1628);
#1187=LINE('',#8142,#1629);
#1188=LINE('',#8145,#1630);
#1189=LINE('',#8146,#1631);
#1190=LINE('',#8149,#1632);
#1191=LINE('',#8150,#1633);
#1192=LINE('',#8153,#1634);
#1193=LINE('',#8154,#1635);
#1194=LINE('',#8157,#1636);
#1195=LINE('',#8158,#1637);
#1196=LINE('',#8160,#1638);
#1197=LINE('',#8163,#1639);
#1198=LINE('',#8165,#1640);
#1199=LINE('',#8166,#1641);
#1200=LINE('',#8169,#1642);
#1201=LINE('',#8170,#1643);
#1202=LINE('',#8173,#1644);
#1203=LINE('',#8174,#1645);
#1204=LINE('',#8177,#1646);
#1205=LINE('',#8178,#1647);
#1206=LINE('',#8181,#1648);
#1207=LINE('',#8182,#1649);
#1208=LINE('',#8185,#1650);
#1209=LINE('',#8186,#1651);
#1210=LINE('',#8189,#1652);
#1211=LINE('',#8190,#1653);
#1212=LINE('',#8192,#1654);
#1213=LINE('',#8195,#1655);
#1214=LINE('',#8334,#1656);
#1215=LINE('',#8474,#1657);
#1216=LINE('',#8476,#1658);
#1217=LINE('',#8478,#1659);
#1218=LINE('',#8480,#1660);
#1219=LINE('',#8482,#1661);
#1220=LINE('',#8484,#1662);
#1221=LINE('',#8486,#1663);
#1222=LINE('',#8488,#1664);
#1223=LINE('',#8490,#1665);
#1224=LINE('',#8495,#1666);
#1225=LINE('',#8590,#1667);
#1226=LINE('',#8852,#1668);
#1227=LINE('',#8854,#1669);
#1228=LINE('',#8867,#1670);
#1229=LINE('',#8871,#1671);
#1230=LINE('',#8875,#1672);
#1231=LINE('',#8879,#1673);
#1232=LINE('',#8884,#1674);
#1233=LINE('',#8886,#1675);
#1234=LINE('',#8888,#1676);
#1235=LINE('',#8890,#1677);
#1236=LINE('',#8892,#1678);
#1237=LINE('',#8894,#1679);
#1238=LINE('',#8896,#1680);
#1239=LINE('',#8898,#1681);
#1240=LINE('',#8900,#1682);
#1241=LINE('',#8902,#1683);
#1242=LINE('',#8904,#1684);
#1243=LINE('',#8905,#1685);
#1244=LINE('',#8909,#1686);
#1245=LINE('',#8911,#1687);
#1246=LINE('',#8913,#1688);
#1247=LINE('',#8914,#1689);
#1248=LINE('',#8918,#1690);
#1249=LINE('',#8920,#1691);
#1250=LINE('',#8922,#1692);
#1251=LINE('',#8923,#1693);
#1252=LINE('',#8927,#1694);
#1253=LINE('',#8929,#1695);
#1254=LINE('',#8931,#1696);
#1255=LINE('',#8933,#1697);
#1256=LINE('',#8935,#1698);
#1257=LINE('',#8937,#1699);
#1258=LINE('',#8939,#1700);
#1259=LINE('',#8941,#1701);
#1260=LINE('',#8943,#1702);
#1261=LINE('',#8945,#1703);
#1262=LINE('',#8947,#1704);
#1263=LINE('',#8948,#1705);
#1264=LINE('',#8951,#1706);
#1265=LINE('',#8953,#1707);
#1266=LINE('',#8954,#1708);
#1267=LINE('',#8957,#1709);
#1268=LINE('',#8958,#1710);
#1269=LINE('',#8961,#1711);
#1270=LINE('',#8962,#1712);
#1271=LINE('',#8965,#1713);
#1272=LINE('',#8966,#1714);
#1273=LINE('',#8969,#1715);
#1274=LINE('',#8970,#1716);
#1275=LINE('',#8973,#1717);
#1276=LINE('',#8974,#1718);
#1277=LINE('',#8977,#1719);
#1278=LINE('',#8978,#1720);
#1279=LINE('',#8981,#1721);
#1280=LINE('',#8982,#1722);
#1281=LINE('',#8985,#1723);
#1282=LINE('',#8986,#1724);
#1283=LINE('',#8989,#1725);
#1284=LINE('',#8990,#1726);
#1285=LINE('',#8993,#1727);
#1286=LINE('',#8994,#1728);
#1287=LINE('',#8996,#1729);
#1288=LINE('',#8999,#1730);
#1289=LINE('',#9001,#1731);
#1290=LINE('',#9002,#1732);
#1291=LINE('',#9005,#1733);
#1292=LINE('',#9006,#1734);
#1293=LINE('',#9009,#1735);
#1294=LINE('',#9010,#1736);
#1295=LINE('',#9012,#1737);
#1296=LINE('',#9015,#1738);
#1297=LINE('',#9017,#1739);
#1298=LINE('',#9018,#1740);
#1299=LINE('',#9021,#1741);
#1300=LINE('',#9022,#1742);
#1301=LINE('',#9025,#1743);
#1302=LINE('',#9026,#1744);
#1303=LINE('',#9028,#1745);
#1304=LINE('',#9031,#1746);
#1305=LINE('',#9033,#1747);
#1306=LINE('',#9034,#1748);
#1307=LINE('',#9037,#1749);
#1308=LINE('',#9038,#1750);
#1309=LINE('',#9041,#1751);
#1310=LINE('',#9042,#1752);
#1311=LINE('',#9045,#1753);
#1312=LINE('',#9046,#1754);
#1313=LINE('',#9049,#1755);
#1314=LINE('',#9050,#1756);
#1315=LINE('',#9053,#1757);
#1316=LINE('',#9054,#1758);
#1317=LINE('',#9057,#1759);
#1318=LINE('',#9058,#1760);
#1319=LINE('',#9061,#1761);
#1320=LINE('',#9062,#1762);
#1321=LINE('',#9065,#1763);
#1322=LINE('',#9066,#1764);
#1323=LINE('',#9069,#1765);
#1324=LINE('',#9070,#1766);
#1325=LINE('',#9073,#1767);
#1326=LINE('',#9074,#1768);
#1327=LINE('',#9076,#1769);
#1328=LINE('',#9940,#1770);
#1329=LINE('',#9999,#1771);
#1330=LINE('',#10063,#1772);
#1331=LINE('',#10122,#1773);
#1332=VECTOR('',#4767,1.);
#1333=VECTOR('',#4770,1.);
#1334=VECTOR('',#4775,1.);
#1335=VECTOR('',#4776,1.);
#1336=VECTOR('',#4777,1.);
#1337=VECTOR('',#4778,1.);
#1338=VECTOR('',#4779,1.);
#1339=VECTOR('',#4780,1.);
#1340=VECTOR('',#4781,1.);
#1341=VECTOR('',#4782,1.);
#1342=VECTOR('',#4783,1.);
#1343=VECTOR('',#4784,1.);
#1344=VECTOR('',#4785,1.);
#1345=VECTOR('',#4786,1.);
#1346=VECTOR('',#4787,1.);
#1347=VECTOR('',#4788,1.);
#1348=VECTOR('',#4789,1.);
#1349=VECTOR('',#4790,1.);
#1350=VECTOR('',#4791,1.);
#1351=VECTOR('',#4792,1.);
#1352=VECTOR('',#4793,1.);
#1353=VECTOR('',#4794,1.);
#1354=VECTOR('',#4795,1.);
#1355=VECTOR('',#4796,1.);
#1356=VECTOR('',#4797,1.);
#1357=VECTOR('',#4804,0.999999999999701);
#1358=VECTOR('',#4807,1.);
#1359=VECTOR('',#4810,0.999999999999701);
#1360=VECTOR('',#4811,1.);
#1361=VECTOR('',#4812,1.);
#1362=VECTOR('',#4813,1.);
#1363=VECTOR('',#4814,1.);
#1364=VECTOR('',#4825,0.999999999999701);
#1365=VECTOR('',#4826,1.);
#1366=VECTOR('',#4827,1.);
#1367=VECTOR('',#4832,1.);
#1368=VECTOR('',#4835,1.);
#1369=VECTOR('',#4838,1.);
#1370=VECTOR('',#4839,1.);
#1371=VECTOR('',#4840,1.);
#1372=VECTOR('',#4841,1.);
#1373=VECTOR('',#4842,1.);
#1374=VECTOR('',#4845,1.);
#1375=VECTOR('',#4846,1.);
#1376=VECTOR('',#4849,1.);
#1377=VECTOR('',#4852,1.);
#1378=VECTOR('',#4853,1.);
#1379=VECTOR('',#4854,1.);
#1380=VECTOR('',#4855,1.);
#1381=VECTOR('',#4858,1.);
#1382=VECTOR('',#4861,1.);
#1383=VECTOR('',#4864,1.);
#1384=VECTOR('',#4865,1.);
#1385=VECTOR('',#4866,1.);
#1386=VECTOR('',#4867,1.);
#1387=VECTOR('',#4868,1.);
#1388=VECTOR('',#4869,1.);
#1389=VECTOR('',#4872,1.);
#1390=VECTOR('',#4873,1.);
#1391=VECTOR('',#4878,1.);
#1392=VECTOR('',#4883,1.);
#1393=VECTOR('',#4884,1.);
#1394=VECTOR('',#4885,1.);
#1395=VECTOR('',#4886,1.);
#1396=VECTOR('',#4889,1.);
#1397=VECTOR('',#4890,1.);
#1398=VECTOR('',#4891,1.);
#1399=VECTOR('',#4894,1.);
#1400=VECTOR('',#4895,1.);
#1401=VECTOR('',#4898,1.);
#1402=VECTOR('',#4899,1.);
#1403=VECTOR('',#4902,1.);
#1404=VECTOR('',#4905,1.);
#1405=VECTOR('',#4906,1.);
#1406=VECTOR('',#4907,1.);
#1407=VECTOR('',#4910,1.);
#1408=VECTOR('',#4911,1.);
#1409=VECTOR('',#4914,1.);
#1410=VECTOR('',#4915,1.);
#1411=VECTOR('',#4918,1.);
#1412=VECTOR('',#4921,2.5);
#1413=VECTOR('',#4926,2.5);
#1414=VECTOR('',#4931,0.999999999999701);
#1415=VECTOR('',#4948,1.);
#1416=VECTOR('',#4951,1.);
#1417=VECTOR('',#4952,1.);
#1418=VECTOR('',#4953,1.);
#1419=VECTOR('',#4956,1.);
#1420=VECTOR('',#4957,1.);
#1421=VECTOR('',#4958,1.);
#1422=VECTOR('',#4959,1.);
#1423=VECTOR('',#4960,1.);
#1424=VECTOR('',#4961,1.);
#1425=VECTOR('',#4964,1.);
#1426=VECTOR('',#4965,1.);
#1427=VECTOR('',#4966,1.);
#1428=VECTOR('',#4967,1.);
#1429=VECTOR('',#4968,1.);
#1430=VECTOR('',#4969,1.);
#1431=VECTOR('',#4972,1.);
#1432=VECTOR('',#4977,3.9);
#1433=VECTOR('',#4982,3.9);
#1434=VECTOR('',#4985,1.);
#1435=VECTOR('',#4986,0.999999999999701);
#1436=VECTOR('',#4987,1.);
#1437=VECTOR('',#4988,0.999999999999701);
#1438=VECTOR('',#4989,1.);
#1439=VECTOR('',#4990,1.);
#1440=VECTOR('',#4991,1.);
#1441=VECTOR('',#4992,1.);
#1442=VECTOR('',#4993,1.);
#1443=VECTOR('',#4994,0.999999999999701);
#1444=VECTOR('',#4999,0.999999999999701);
#1445=VECTOR('',#5000,1.);
#1446=VECTOR('',#5001,1.);
#1447=VECTOR('',#5002,0.999999999999701);
#1448=VECTOR('',#5005,1.);
#1449=VECTOR('',#5008,1.);
#1450=VECTOR('',#5009,1.);
#1451=VECTOR('',#5010,1.);
#1452=VECTOR('',#5011,1.);
#1453=VECTOR('',#5018,1.);
#1454=VECTOR('',#5021,1.);
#1455=VECTOR('',#5022,1.00000000000041);
#1456=VECTOR('',#5023,1.);
#1457=VECTOR('',#5024,1.);
#1458=VECTOR('',#5025,1.00000000000019);
#1459=VECTOR('',#5026,1.);
#1460=VECTOR('',#5027,1.);
#1461=VECTOR('',#5028,1.);
#1462=VECTOR('',#5029,1.00000000000019);
#1463=VECTOR('',#5030,1.);
#1464=VECTOR('',#5031,1.00000000000019);
#1465=VECTOR('',#5032,1.);
#1466=VECTOR('',#5033,1.);
#1467=VECTOR('',#5034,1.);
#1468=VECTOR('',#5035,1.00000000000019);
#1469=VECTOR('',#5036,1.);
#1470=VECTOR('',#5037,1.);
#1471=VECTOR('',#5038,1.);
#1472=VECTOR('',#5039,1.00000000000041);
#1473=VECTOR('',#5040,1.);
#1474=VECTOR('',#5041,0.999999999999701);
#1475=VECTOR('',#5044,1.);
#1476=VECTOR('',#5053,1.);
#1477=VECTOR('',#5054,1.);
#1478=VECTOR('',#5055,1.);
#1479=VECTOR('',#5058,1.);
#1480=VECTOR('',#5059,1.);
#1481=VECTOR('',#5060,1.);
#1482=VECTOR('',#5061,1.);
#1483=VECTOR('',#5062,1.);
#1484=VECTOR('',#5063,1.);
#1485=VECTOR('',#5064,1.);
#1486=VECTOR('',#5065,1.);
#1487=VECTOR('',#5070,0.999999999999701);
#1488=VECTOR('',#5071,1.);
#1489=VECTOR('',#5072,1.);
#1490=VECTOR('',#5073,1.);
#1491=VECTOR('',#5074,1.);
#1492=VECTOR('',#5075,1.);
#1493=VECTOR('',#5076,1.);
#1494=VECTOR('',#5077,0.999999999999701);
#1495=VECTOR('',#5078,1.);
#1496=VECTOR('',#5083,1.);
#1497=VECTOR('',#5084,1.);
#1498=VECTOR('',#5085,1.);
#1499=VECTOR('',#5088,1.);
#1500=VECTOR('',#5089,1.);
#1501=VECTOR('',#5090,1.);
#1502=VECTOR('',#5091,1.);
#1503=VECTOR('',#5092,1.);
#1504=VECTOR('',#5093,1.);
#1505=VECTOR('',#5094,1.);
#1506=VECTOR('',#5095,1.);
#1507=VECTOR('',#5102,1.);
#1508=VECTOR('',#5103,1.);
#1509=VECTOR('',#5104,1.);
#1510=VECTOR('',#5105,1.);
#1511=VECTOR('',#5106,1.);
#1512=VECTOR('',#5107,1.);
#1513=VECTOR('',#5108,1.);
#1514=VECTOR('',#5109,1.);
#1515=VECTOR('',#5112,1.);
#1516=VECTOR('',#5113,1.);
#1517=VECTOR('',#5114,1.);
#1518=VECTOR('',#5115,1.);
#1519=VECTOR('',#5116,1.);
#1520=VECTOR('',#5117,1.);
#1521=VECTOR('',#5118,1.);
#1522=VECTOR('',#5119,1.);
#1523=VECTOR('',#5124,1.);
#1524=VECTOR('',#5129,1.);
#1525=VECTOR('',#5132,1.);
#1526=VECTOR('',#5135,1.);
#1527=VECTOR('',#5136,1.00000000000041);
#1528=VECTOR('',#5137,1.00000000000019);
#1529=VECTOR('',#5138,1.00000000000019);
#1530=VECTOR('',#5139,1.);
#1531=VECTOR('',#5140,1.00000000000019);
#1532=VECTOR('',#5141,1.00000000000019);
#1533=VECTOR('',#5142,1.00000000000041);
#1534=VECTOR('',#5143,1.);
#1535=VECTOR('',#5150,1.);
#1536=VECTOR('',#5151,1.00000000000019);
#1537=VECTOR('',#5152,1.);
#1538=VECTOR('',#5153,1.);
#1539=VECTOR('',#5156,0.999999999999969);
#1540=VECTOR('',#5159,1.);
#1541=VECTOR('',#5162,0.999999999999841);
#1542=VECTOR('',#5165,1.);
#1543=VECTOR('',#5166,1.00000000000019);
#1544=VECTOR('',#5169,1.00000000000019);
#1545=VECTOR('',#5172,1.);
#1546=VECTOR('',#5175,0.999999999999841);
#1547=VECTOR('',#5178,1.);
#1548=VECTOR('',#5181,0.999999999999969);
#1549=VECTOR('',#5184,1.);
#1550=VECTOR('',#5185,1.);
#1551=VECTOR('',#5186,1.00000000000019);
#1552=VECTOR('',#5187,1.);
#1553=VECTOR('',#5198,1.);
#1554=VECTOR('',#5207,1.);
#1555=VECTOR('',#5208,1.);
#1556=VECTOR('',#5209,1.);
#1557=VECTOR('',#5210,1.);
#1558=VECTOR('',#5211,1.);
#1559=VECTOR('',#5226,1.);
#1560=VECTOR('',#5231,1.);
#1561=VECTOR('',#5232,1.);
#1562=VECTOR('',#5235,1.);
#1563=VECTOR('',#5236,1.);
#1564=VECTOR('',#5239,1.);
#1565=VECTOR('',#5240,1.);
#1566=VECTOR('',#5247,3.9);
#1567=VECTOR('',#5252,3.9);
#1568=VECTOR('',#5255,1.);
#1569=VECTOR('',#5260,1.);
#1570=VECTOR('',#5261,1.);
#1571=VECTOR('',#5264,1.);
#1572=VECTOR('',#5265,1.);
#1573=VECTOR('',#5266,1.);
#1574=VECTOR('',#5267,1.);
#1575=VECTOR('',#5270,1.);
#1576=VECTOR('',#5273,1.);
#1577=VECTOR('',#5274,1.);
#1578=VECTOR('',#5275,1.);
#1579=VECTOR('',#5276,1.);
#1580=VECTOR('',#5279,1.);
#1581=VECTOR('',#5282,1.2);
#1582=VECTOR('',#5287,1.2);
#1583=VECTOR('',#5292,2.5);
#1584=VECTOR('',#5297,1.);
#1585=VECTOR('',#5298,1.);
#1586=VECTOR('',#5299,1.);
#1587=VECTOR('',#5302,1.);
#1588=VECTOR('',#5303,1.);
#1589=VECTOR('',#5306,1.);
#1590=VECTOR('',#5307,1.);
#1591=VECTOR('',#5310,1.);
#1592=VECTOR('',#5311,1.);
#1593=VECTOR('',#5314,1.);
#1594=VECTOR('',#5315,1.);
#1595=VECTOR('',#5318,1.);
#1596=VECTOR('',#5319,1.);
#1597=VECTOR('',#5322,1.);
#1598=VECTOR('',#5323,1.);
#1599=VECTOR('',#5326,1.);
#1600=VECTOR('',#5329,2.5);
#1601=VECTOR('',#5334,1.);
#1602=VECTOR('',#5335,1.);
#1603=VECTOR('',#5336,1.);
#1604=VECTOR('',#5337,1.);
#1605=VECTOR('',#5340,2.5);
#1606=VECTOR('',#5345,1.);
#1607=VECTOR('',#5346,1.);
#1608=VECTOR('',#5347,1.);
#1609=VECTOR('',#5350,1.);
#1610=VECTOR('',#5351,1.);
#1611=VECTOR('',#5354,1.);
#1612=VECTOR('',#5355,1.);
#1613=VECTOR('',#5358,1.);
#1614=VECTOR('',#5359,1.);
#1615=VECTOR('',#5362,1.);
#1616=VECTOR('',#5363,1.);
#1617=VECTOR('',#5366,1.);
#1618=VECTOR('',#5367,1.);
#1619=VECTOR('',#5370,1.);
#1620=VECTOR('',#5371,1.);
#1621=VECTOR('',#5374,1.);
#1622=VECTOR('',#5377,2.5);
#1623=VECTOR('',#5382,1.);
#1624=VECTOR('',#5383,1.);
#1625=VECTOR('',#5384,1.);
#1626=VECTOR('',#5387,1.);
#1627=VECTOR('',#5388,1.);
#1628=VECTOR('',#5391,1.);
#1629=VECTOR('',#5392,1.);
#1630=VECTOR('',#5395,1.);
#1631=VECTOR('',#5396,1.);
#1632=VECTOR('',#5399,1.);
#1633=VECTOR('',#5400,1.);
#1634=VECTOR('',#5403,1.);
#1635=VECTOR('',#5404,1.);
#1636=VECTOR('',#5407,1.);
#1637=VECTOR('',#5408,1.);
#1638=VECTOR('',#5411,1.);
#1639=VECTOR('',#5414,1.);
#1640=VECTOR('',#5415,1.);
#1641=VECTOR('',#5416,1.);
#1642=VECTOR('',#5419,1.);
#1643=VECTOR('',#5420,1.);
#1644=VECTOR('',#5423,1.);
#1645=VECTOR('',#5424,1.);
#1646=VECTOR('',#5427,1.);
#1647=VECTOR('',#5428,1.);
#1648=VECTOR('',#5431,1.);
#1649=VECTOR('',#5432,1.);
#1650=VECTOR('',#5435,1.);
#1651=VECTOR('',#5436,1.);
#1652=VECTOR('',#5439,1.);
#1653=VECTOR('',#5440,1.);
#1654=VECTOR('',#5443,1.);
#1655=VECTOR('',#5446,1.);
#1656=VECTOR('',#5449,1.);
#1657=VECTOR('',#5452,1.);
#1658=VECTOR('',#5455,1.2);
#1659=VECTOR('',#5458,1.2);
#1660=VECTOR('',#5461,1.);
#1661=VECTOR('',#5464,1.);
#1662=VECTOR('',#5467,1.);
#1663=VECTOR('',#5470,1.);
#1664=VECTOR('',#5473,1.);
#1665=VECTOR('',#5476,1.);
#1666=VECTOR('',#5483,1.);
#1667=VECTOR('',#5486,1.);
#1668=VECTOR('',#5513,1.);
#1669=VECTOR('',#5516,1.);
#1670=VECTOR('',#5535,1.9);
#1671=VECTOR('',#5540,1.9);
#1672=VECTOR('',#5545,1.9);
#1673=VECTOR('',#5550,1.9);
#1674=VECTOR('',#5555,1.);
#1675=VECTOR('',#5556,1.);
#1676=VECTOR('',#5557,1.);
#1677=VECTOR('',#5558,1.);
#1678=VECTOR('',#5559,1.);
#1679=VECTOR('',#5560,1.);
#1680=VECTOR('',#5561,1.);
#1681=VECTOR('',#5562,1.);
#1682=VECTOR('',#5563,1.);
#1683=VECTOR('',#5564,1.);
#1684=VECTOR('',#5565,1.);
#1685=VECTOR('',#5566,1.);
#1686=VECTOR('',#5569,1.);
#1687=VECTOR('',#5570,1.);
#1688=VECTOR('',#5571,1.);
#1689=VECTOR('',#5572,1.);
#1690=VECTOR('',#5575,1.);
#1691=VECTOR('',#5576,1.);
#1692=VECTOR('',#5577,1.);
#1693=VECTOR('',#5578,1.);
#1694=VECTOR('',#5581,1.);
#1695=VECTOR('',#5582,1.);
#1696=VECTOR('',#5583,1.);
#1697=VECTOR('',#5584,1.);
#1698=VECTOR('',#5585,1.);
#1699=VECTOR('',#5586,1.);
#1700=VECTOR('',#5587,1.);
#1701=VECTOR('',#5588,1.);
#1702=VECTOR('',#5589,1.);
#1703=VECTOR('',#5590,1.);
#1704=VECTOR('',#5591,1.);
#1705=VECTOR('',#5592,1.);
#1706=VECTOR('',#5595,1.);
#1707=VECTOR('',#5596,1.);
#1708=VECTOR('',#5597,1.);
#1709=VECTOR('',#5600,1.);
#1710=VECTOR('',#5601,1.);
#1711=VECTOR('',#5604,1.);
#1712=VECTOR('',#5605,1.);
#1713=VECTOR('',#5608,1.);
#1714=VECTOR('',#5609,1.);
#1715=VECTOR('',#5612,1.);
#1716=VECTOR('',#5613,1.);
#1717=VECTOR('',#5616,1.);
#1718=VECTOR('',#5617,1.);
#1719=VECTOR('',#5620,1.);
#1720=VECTOR('',#5621,1.);
#1721=VECTOR('',#5624,1.);
#1722=VECTOR('',#5625,1.);
#1723=VECTOR('',#5628,1.);
#1724=VECTOR('',#5629,1.);
#1725=VECTOR('',#5632,1.);
#1726=VECTOR('',#5633,1.);
#1727=VECTOR('',#5636,1.);
#1728=VECTOR('',#5637,1.);
#1729=VECTOR('',#5640,1.);
#1730=VECTOR('',#5643,1.);
#1731=VECTOR('',#5644,1.);
#1732=VECTOR('',#5645,1.);
#1733=VECTOR('',#5648,1.);
#1734=VECTOR('',#5649,1.);
#1735=VECTOR('',#5652,1.);
#1736=VECTOR('',#5653,1.);
#1737=VECTOR('',#5656,1.);
#1738=VECTOR('',#5659,1.);
#1739=VECTOR('',#5660,1.);
#1740=VECTOR('',#5661,1.);
#1741=VECTOR('',#5664,1.);
#1742=VECTOR('',#5665,1.);
#1743=VECTOR('',#5668,1.);
#1744=VECTOR('',#5669,1.);
#1745=VECTOR('',#5672,1.);
#1746=VECTOR('',#5675,1.);
#1747=VECTOR('',#5676,1.);
#1748=VECTOR('',#5677,1.);
#1749=VECTOR('',#5680,1.);
#1750=VECTOR('',#5681,1.);
#1751=VECTOR('',#5684,1.);
#1752=VECTOR('',#5685,1.);
#1753=VECTOR('',#5688,1.);
#1754=VECTOR('',#5689,1.);
#1755=VECTOR('',#5692,1.);
#1756=VECTOR('',#5693,1.);
#1757=VECTOR('',#5696,1.);
#1758=VECTOR('',#5697,1.);
#1759=VECTOR('',#5700,1.);
#1760=VECTOR('',#5701,1.);
#1761=VECTOR('',#5704,1.);
#1762=VECTOR('',#5705,1.);
#1763=VECTOR('',#5708,1.);
#1764=VECTOR('',#5709,1.);
#1765=VECTOR('',#5712,1.);
#1766=VECTOR('',#5713,1.);
#1767=VECTOR('',#5716,1.);
#1768=VECTOR('',#5717,1.);
#1769=VECTOR('',#5720,1.);
#1770=VECTOR('',#5771,1.2);
#1771=VECTOR('',#5782,1.00674);
#1772=VECTOR('',#5799,1.2);
#1773=VECTOR('',#5810,1.00674);
#1774=CIRCLE('',#4444,0.999999999999774);
#1775=CIRCLE('',#4445,1.);
#1776=CIRCLE('',#4446,1.);
#1777=CIRCLE('',#4448,1.5);
#1778=CIRCLE('',#4449,1.5);
#1779=CIRCLE('',#4451,3.);
#1780=CIRCLE('',#4452,3.);
#1781=CIRCLE('',#4453,3.9);
#1782=CIRCLE('',#4454,3.9);
#1783=CIRCLE('',#4455,1.);
#1784=CIRCLE('',#4457,1.);
#1785=CIRCLE('',#4459,0.999999999999801);
#1786=CIRCLE('',#4460,1.);
#1787=CIRCLE('',#4464,1.);
#1788=CIRCLE('',#4466,1.);
#1789=CIRCLE('',#4470,1.);
#1790=CIRCLE('',#4471,1.);
#1791=CIRCLE('',#4482,2.5);
#1792=CIRCLE('',#4484,2.5);
#1793=CIRCLE('',#4486,1.);
#1794=CIRCLE('',#4488,1.);
#1795=CIRCLE('',#4489,4.);
#1796=CIRCLE('',#4491,4.);
#1797=CIRCLE('',#4492,1.);
#1798=CIRCLE('',#4499,3.9);
#1799=CIRCLE('',#4501,3.9);
#1800=CIRCLE('',#4503,1.);
#1801=CIRCLE('',#4505,3.);
#1802=CIRCLE('',#4506,3.);
#1803=CIRCLE('',#4507,3.9);
#1804=CIRCLE('',#4508,3.9);
#1805=CIRCLE('',#4511,4.);
#1806=CIRCLE('',#4512,4.);
#1807=CIRCLE('',#4513,1.2);
#1808=CIRCLE('',#4514,1.2);
#1809=CIRCLE('',#4516,2.5);
#1810=CIRCLE('',#4517,2.5);
#1811=CIRCLE('',#4521,2.5);
#1812=CIRCLE('',#4522,2.5);
#1813=CIRCLE('',#4523,1.);
#1814=CIRCLE('',#4527,4.);
#1815=CIRCLE('',#4529,4.);
#1816=CIRCLE('',#4532,1.2);
#1817=CIRCLE('',#4533,1.2);
#1818=CIRCLE('',#4546,1.2);
#1819=CIRCLE('',#4548,1.2);
#1820=CIRCLE('',#4550,4.);
#1821=CIRCLE('',#4552,1.);
#1822=CIRCLE('',#4555,1.);
#1823=CIRCLE('',#4557,1.);
#1824=CIRCLE('',#4558,4.);
#1825=CIRCLE('',#4560,1.);
#1826=CIRCLE('',#4567,3.9);
#1827=CIRCLE('',#4569,3.9);
#1828=CIRCLE('',#4578,1.2);
#1829=CIRCLE('',#4580,1.2);
#1830=CIRCLE('',#4582,2.5);
#1831=CIRCLE('',#4592,2.5);
#1832=CIRCLE('',#4595,2.5);
#1833=CIRCLE('',#4605,2.5);
#1834=CIRCLE('',#4645,1.9);
#1835=CIRCLE('',#4648,1.9);
#1836=CIRCLE('',#4655,1.9);
#1837=CIRCLE('',#4658,1.9);
#1838=CIRCLE('',#4660,1.9);
#1839=CIRCLE('',#4662,1.9);
#1840=CIRCLE('',#4664,1.9);
#1841=CIRCLE('',#4666,1.9);
#1842=CIRCLE('',#4709,0.350000000000021);
#1843=CIRCLE('',#4710,0.350000000000021);
#1844=CIRCLE('',#4711,0.350000000000021);
#1845=CIRCLE('',#4712,0.349999999999115);
#1846=CIRCLE('',#4713,0.350000000000021);
#1847=CIRCLE('',#4715,0.350000000000135);
#1848=CIRCLE('',#4716,0.349999999999777);
#1849=CIRCLE('',#4721,1.59548);
#1850=CIRCLE('',#4722,1.00674);
#1851=CIRCLE('',#4723,1.00674);
#1852=CIRCLE('',#4725,1.2);
#1853=CIRCLE('',#4727,1.2);
#1854=CIRCLE('',#4729,1.59548);
#1855=CIRCLE('',#4730,1.00674);
#1856=CIRCLE('',#4731,1.00674);
#1857=CIRCLE('',#4734,1.59548);
#1858=CIRCLE('',#4735,1.00674);
#1859=CIRCLE('',#4736,1.00674);
#1860=CIRCLE('',#4738,1.2);
#1861=CIRCLE('',#4740,1.2);
#1862=CIRCLE('',#4742,1.59548);
#1863=CIRCLE('',#4743,1.00674);
#1864=CIRCLE('',#4744,1.00674);
#1865=CIRCLE('',#4748,3.97462);
#1866=CIRCLE('',#4749,1.094017006152);
#1867=VERTEX_POINT('',#5840);
#1868=VERTEX_POINT('',#5841);
#1869=VERTEX_POINT('',#5843);
#1870=VERTEX_POINT('',#5845);
#1871=VERTEX_POINT('',#5893);
#1872=VERTEX_POINT('',#5894);
#1873=VERTEX_POINT('',#5927);
#1874=VERTEX_POINT('',#5928);
#1875=VERTEX_POINT('',#5930);
#1876=VERTEX_POINT('',#5932);
#1877=VERTEX_POINT('',#5934);
#1878=VERTEX_POINT('',#5936);
#1879=VERTEX_POINT('',#5938);
#1880=VERTEX_POINT('',#5940);
#1881=VERTEX_POINT('',#5942);
#1882=VERTEX_POINT('',#5944);
#1883=VERTEX_POINT('',#5946);
#1884=VERTEX_POINT('',#5948);
#1885=VERTEX_POINT('',#5950);
#1886=VERTEX_POINT('',#5953);
#1887=VERTEX_POINT('',#5956);
#1888=VERTEX_POINT('',#5957);
#1889=VERTEX_POINT('',#5959);
#1890=VERTEX_POINT('',#5961);
#1891=VERTEX_POINT('',#5964);
#1892=VERTEX_POINT('',#5965);
#1893=VERTEX_POINT('',#5967);
#1894=VERTEX_POINT('',#5969);
#1895=VERTEX_POINT('',#5972);
#1896=VERTEX_POINT('',#5974);
#1897=VERTEX_POINT('',#5977);
#1898=VERTEX_POINT('',#5993);
#1899=VERTEX_POINT('',#5995);
#1900=VERTEX_POINT('',#5997);
#1901=VERTEX_POINT('',#5999);
#1902=VERTEX_POINT('',#6002);
#1903=VERTEX_POINT('',#6003);
#1904=VERTEX_POINT('',#6005);
#1905=VERTEX_POINT('',#6007);
#1906=VERTEX_POINT('',#6010);
#1907=VERTEX_POINT('',#6012);
#1908=VERTEX_POINT('',#6059);
#1909=VERTEX_POINT('',#6077);
#1910=VERTEX_POINT('',#6086);
#1911=VERTEX_POINT('',#6097);
#1912=VERTEX_POINT('',#6101);
#1913=VERTEX_POINT('',#6119);
#1914=VERTEX_POINT('',#6121);
#1915=VERTEX_POINT('',#6132);
#1916=VERTEX_POINT('',#6134);
#1917=VERTEX_POINT('',#6136);
#1918=VERTEX_POINT('',#6138);
#1919=VERTEX_POINT('',#6142);
#1920=VERTEX_POINT('',#6146);
#1921=VERTEX_POINT('',#6147);
#1922=VERTEX_POINT('',#6150);
#1923=VERTEX_POINT('',#6152);
#1924=VERTEX_POINT('',#6161);
#1925=VERTEX_POINT('',#6167);
#1926=VERTEX_POINT('',#6176);
#1927=VERTEX_POINT('',#6182);
#1928=VERTEX_POINT('',#6184);
#1929=VERTEX_POINT('',#6186);
#1930=VERTEX_POINT('',#6188);
#1931=VERTEX_POINT('',#6197);
#1932=VERTEX_POINT('',#6215);
#1933=VERTEX_POINT('',#6219);
#1934=VERTEX_POINT('',#6221);
#1935=VERTEX_POINT('',#6225);
#1936=VERTEX_POINT('',#6227);
#1937=VERTEX_POINT('',#6229);
#1938=VERTEX_POINT('',#6233);
#1939=VERTEX_POINT('',#6235);
#1940=VERTEX_POINT('',#6239);
#1941=VERTEX_POINT('',#6243);
#1942=VERTEX_POINT('',#6249);
#1943=VERTEX_POINT('',#6251);
#1944=VERTEX_POINT('',#6255);
#1945=VERTEX_POINT('',#6259);
#1946=VERTEX_POINT('',#6265);
#1947=VERTEX_POINT('',#6269);
#1948=VERTEX_POINT('',#6273);
#1949=VERTEX_POINT('',#6277);
#1950=VERTEX_POINT('',#6281);
#1951=VERTEX_POINT('',#6287);
#1952=VERTEX_POINT('',#6289);
#1953=VERTEX_POINT('',#6293);
#1954=VERTEX_POINT('',#6295);
#1955=VERTEX_POINT('',#6297);
#1956=VERTEX_POINT('',#6299);
#1957=VERTEX_POINT('',#6301);
#1958=VERTEX_POINT('',#6305);
#1959=VERTEX_POINT('',#6307);
#1960=VERTEX_POINT('',#6309);
#1961=VERTEX_POINT('',#6311);
#1962=VERTEX_POINT('',#6313);
#1963=VERTEX_POINT('',#6319);
#1964=VERTEX_POINT('',#6323);
#1965=VERTEX_POINT('',#6327);
#1966=VERTEX_POINT('',#6328);
#1967=VERTEX_POINT('',#6331);
#1968=VERTEX_POINT('',#6333);
#1969=VERTEX_POINT('',#6335);
#1970=VERTEX_POINT('',#6337);
#1971=VERTEX_POINT('',#6339);
#1972=VERTEX_POINT('',#6341);
#1973=VERTEX_POINT('',#6343);
#1974=VERTEX_POINT('',#6391);
#1975=VERTEX_POINT('',#6409);
#1976=VERTEX_POINT('',#6410);
#1977=VERTEX_POINT('',#6429);
#1978=VERTEX_POINT('',#6431);
#1979=VERTEX_POINT('',#6433);
#1980=VERTEX_POINT('',#6436);
#1981=VERTEX_POINT('',#6437);
#1982=VERTEX_POINT('',#6439);
#1983=VERTEX_POINT('',#6441);
#1984=VERTEX_POINT('',#6444);
#1985=VERTEX_POINT('',#6446);
#1986=VERTEX_POINT('',#6451);
#1987=VERTEX_POINT('',#6455);
#1988=VERTEX_POINT('',#6457);
#1989=VERTEX_POINT('',#6461);
#1990=VERTEX_POINT('',#6464);
#1991=VERTEX_POINT('',#6466);
#1992=VERTEX_POINT('',#6468);
#1993=VERTEX_POINT('',#6470);
#1994=VERTEX_POINT('',#6472);
#1995=VERTEX_POINT('',#6474);
#1996=VERTEX_POINT('',#6476);
#1997=VERTEX_POINT('',#6478);
#1998=VERTEX_POINT('',#6480);
#1999=VERTEX_POINT('',#6482);
#2000=VERTEX_POINT('',#6484);
#2001=VERTEX_POINT('',#6486);
#2002=VERTEX_POINT('',#6490);
#2003=VERTEX_POINT('',#6492);
#2004=VERTEX_POINT('',#6494);
#2005=VERTEX_POINT('',#6498);
#2006=VERTEX_POINT('',#6500);
#2007=VERTEX_POINT('',#6504);
#2008=VERTEX_POINT('',#6506);
#2009=VERTEX_POINT('',#6508);
#2010=VERTEX_POINT('',#6511);
#2011=VERTEX_POINT('',#6513);
#2012=VERTEX_POINT('',#6516);
#2013=VERTEX_POINT('',#6517);
#2014=VERTEX_POINT('',#6521);
#2015=VERTEX_POINT('',#6523);
#2016=VERTEX_POINT('',#6524);
#2017=VERTEX_POINT('',#6526);
#2018=VERTEX_POINT('',#6528);
#2019=VERTEX_POINT('',#6530);
#2020=VERTEX_POINT('',#6532);
#2021=VERTEX_POINT('',#6534);
#2022=VERTEX_POINT('',#6536);
#2023=VERTEX_POINT('',#6539);
#2024=VERTEX_POINT('',#6542);
#2025=VERTEX_POINT('',#6545);
#2026=VERTEX_POINT('',#6547);
#2027=VERTEX_POINT('',#6549);
#2028=VERTEX_POINT('',#6551);
#2029=VERTEX_POINT('',#6553);
#2030=VERTEX_POINT('',#6555);
#2031=VERTEX_POINT('',#6560);
#2032=VERTEX_POINT('',#6561);
#2033=VERTEX_POINT('',#6565);
#2034=VERTEX_POINT('',#6567);
#2035=VERTEX_POINT('',#6568);
#2036=VERTEX_POINT('',#6570);
#2037=VERTEX_POINT('',#6572);
#2038=VERTEX_POINT('',#6574);
#2039=VERTEX_POINT('',#6576);
#2040=VERTEX_POINT('',#6578);
#2041=VERTEX_POINT('',#6580);
#2042=VERTEX_POINT('',#6583);
#2043=VERTEX_POINT('',#6632);
#2044=VERTEX_POINT('',#6633);
#2045=VERTEX_POINT('',#6635);
#2046=VERTEX_POINT('',#6637);
#2047=VERTEX_POINT('',#6639);
#2048=VERTEX_POINT('',#6641);
#2049=VERTEX_POINT('',#6643);
#2050=VERTEX_POINT('',#6645);
#2051=VERTEX_POINT('',#6649);
#2052=VERTEX_POINT('',#6650);
#2053=VERTEX_POINT('',#6652);
#2054=VERTEX_POINT('',#6654);
#2055=VERTEX_POINT('',#6656);
#2056=VERTEX_POINT('',#6658);
#2057=VERTEX_POINT('',#6660);
#2058=VERTEX_POINT('',#6662);
#2059=VERTEX_POINT('',#6666);
#2060=VERTEX_POINT('',#6670);
#2061=VERTEX_POINT('',#6676);
#2062=VERTEX_POINT('',#6680);
#2063=VERTEX_POINT('',#6682);
#2064=VERTEX_POINT('',#6688);
#2065=VERTEX_POINT('',#6690);
#2066=VERTEX_POINT('',#6694);
#2067=VERTEX_POINT('',#6696);
#2068=VERTEX_POINT('',#6700);
#2069=VERTEX_POINT('',#6705);
#2070=VERTEX_POINT('',#6707);
#2071=VERTEX_POINT('',#6710);
#2072=VERTEX_POINT('',#6712);
#2073=VERTEX_POINT('',#6715);
#2074=VERTEX_POINT('',#6717);
#2075=VERTEX_POINT('',#6719);
#2076=VERTEX_POINT('',#6721);
#2077=VERTEX_POINT('',#6723);
#2078=VERTEX_POINT('',#6725);
#2079=VERTEX_POINT('',#6727);
#2080=VERTEX_POINT('',#6729);
#2081=VERTEX_POINT('',#6736);
#2082=VERTEX_POINT('',#6738);
#2083=VERTEX_POINT('',#6740);
#2084=VERTEX_POINT('',#6742);
#2085=VERTEX_POINT('',#6744);
#2086=VERTEX_POINT('',#6746);
#2087=VERTEX_POINT('',#6748);
#2088=VERTEX_POINT('',#6750);
#2089=VERTEX_POINT('',#6753);
#2090=VERTEX_POINT('',#6755);
#2091=VERTEX_POINT('',#6759);
#2092=VERTEX_POINT('',#6762);
#2093=VERTEX_POINT('',#6765);
#2094=VERTEX_POINT('',#6771);
#2095=VERTEX_POINT('',#6773);
#2096=VERTEX_POINT('',#6864);
#2097=VERTEX_POINT('',#6938);
#2098=VERTEX_POINT('',#6943);
#2099=VERTEX_POINT('',#6945);
#2100=VERTEX_POINT('',#7015);
#2101=VERTEX_POINT('',#7042);
#2102=VERTEX_POINT('',#7080);
#2103=VERTEX_POINT('',#7082);
#2104=VERTEX_POINT('',#7245);
#2105=VERTEX_POINT('',#7263);
#2106=VERTEX_POINT('',#7267);
#2107=VERTEX_POINT('',#7353);
#2108=VERTEX_POINT('',#7430);
#2109=VERTEX_POINT('',#7495);
#2110=VERTEX_POINT('',#7572);
#2111=VERTEX_POINT('',#7574);
#2112=VERTEX_POINT('',#7576);
#2113=VERTEX_POINT('',#7582);
#2114=VERTEX_POINT('',#7585);
#2115=VERTEX_POINT('',#7659);
#2116=VERTEX_POINT('',#7729);
#2117=VERTEX_POINT('',#7733);
#2118=VERTEX_POINT('',#7737);
#2119=VERTEX_POINT('',#7741);
#2120=VERTEX_POINT('',#7743);
#2121=VERTEX_POINT('',#7747);
#2122=VERTEX_POINT('',#7751);
#2123=VERTEX_POINT('',#7755);
#2124=VERTEX_POINT('',#7759);
#2125=VERTEX_POINT('',#7763);
#2126=VERTEX_POINT('',#7767);
#2127=VERTEX_POINT('',#7773);
#2128=VERTEX_POINT('',#7867);
#2129=VERTEX_POINT('',#7894);
#2130=VERTEX_POINT('',#7932);
#2131=VERTEX_POINT('',#7934);
#2132=VERTEX_POINT('',#8018);
#2133=VERTEX_POINT('',#8045);
#2134=VERTEX_POINT('',#8050);
#2135=VERTEX_POINT('',#8090);
#2136=VERTEX_POINT('',#8094);
#2137=VERTEX_POINT('',#8096);
#2138=VERTEX_POINT('',#8100);
#2139=VERTEX_POINT('',#8104);
#2140=VERTEX_POINT('',#8108);
#2141=VERTEX_POINT('',#8112);
#2142=VERTEX_POINT('',#8116);
#2143=VERTEX_POINT('',#8120);
#2144=VERTEX_POINT('',#8126);
#2145=VERTEX_POINT('',#8130);
#2146=VERTEX_POINT('',#8132);
#2147=VERTEX_POINT('',#8136);
#2148=VERTEX_POINT('',#8140);
#2149=VERTEX_POINT('',#8144);
#2150=VERTEX_POINT('',#8148);
#2151=VERTEX_POINT('',#8152);
#2152=VERTEX_POINT('',#8156);
#2153=VERTEX_POINT('',#8162);
#2154=VERTEX_POINT('',#8164);
#2155=VERTEX_POINT('',#8168);
#2156=VERTEX_POINT('',#8172);
#2157=VERTEX_POINT('',#8176);
#2158=VERTEX_POINT('',#8180);
#2159=VERTEX_POINT('',#8184);
#2160=VERTEX_POINT('',#8188);
#2161=VERTEX_POINT('',#8194);
#2162=VERTEX_POINT('',#8409);
#2163=VERTEX_POINT('',#8494);
#2164=VERTEX_POINT('',#8543);
#2165=VERTEX_POINT('',#8679);
#2166=VERTEX_POINT('',#8769);
#2167=VERTEX_POINT('',#8845);
#2168=VERTEX_POINT('',#8849);
#2169=VERTEX_POINT('',#8859);
#2170=VERTEX_POINT('',#8863);
#2171=VERTEX_POINT('',#8866);
#2172=VERTEX_POINT('',#8870);
#2173=VERTEX_POINT('',#8874);
#2174=VERTEX_POINT('',#8878);
#2175=VERTEX_POINT('',#8882);
#2176=VERTEX_POINT('',#8883);
#2177=VERTEX_POINT('',#8885);
#2178=VERTEX_POINT('',#8887);
#2179=VERTEX_POINT('',#8889);
#2180=VERTEX_POINT('',#8891);
#2181=VERTEX_POINT('',#8893);
#2182=VERTEX_POINT('',#8895);
#2183=VERTEX_POINT('',#8897);
#2184=VERTEX_POINT('',#8899);
#2185=VERTEX_POINT('',#8901);
#2186=VERTEX_POINT('',#8903);
#2187=VERTEX_POINT('',#8907);
#2188=VERTEX_POINT('',#8908);
#2189=VERTEX_POINT('',#8910);
#2190=VERTEX_POINT('',#8912);
#2191=VERTEX_POINT('',#8916);
#2192=VERTEX_POINT('',#8917);
#2193=VERTEX_POINT('',#8919);
#2194=VERTEX_POINT('',#8921);
#2195=VERTEX_POINT('',#8925);
#2196=VERTEX_POINT('',#8926);
#2197=VERTEX_POINT('',#8928);
#2198=VERTEX_POINT('',#8930);
#2199=VERTEX_POINT('',#8932);
#2200=VERTEX_POINT('',#8934);
#2201=VERTEX_POINT('',#8936);
#2202=VERTEX_POINT('',#8938);
#2203=VERTEX_POINT('',#8940);
#2204=VERTEX_POINT('',#8942);
#2205=VERTEX_POINT('',#8944);
#2206=VERTEX_POINT('',#8946);
#2207=VERTEX_POINT('',#8950);
#2208=VERTEX_POINT('',#8952);
#2209=VERTEX_POINT('',#8956);
#2210=VERTEX_POINT('',#8960);
#2211=VERTEX_POINT('',#8964);
#2212=VERTEX_POINT('',#8968);
#2213=VERTEX_POINT('',#8972);
#2214=VERTEX_POINT('',#8976);
#2215=VERTEX_POINT('',#8980);
#2216=VERTEX_POINT('',#8984);
#2217=VERTEX_POINT('',#8988);
#2218=VERTEX_POINT('',#8992);
#2219=VERTEX_POINT('',#8998);
#2220=VERTEX_POINT('',#9000);
#2221=VERTEX_POINT('',#9004);
#2222=VERTEX_POINT('',#9008);
#2223=VERTEX_POINT('',#9014);
#2224=VERTEX_POINT('',#9016);
#2225=VERTEX_POINT('',#9020);
#2226=VERTEX_POINT('',#9024);
#2227=VERTEX_POINT('',#9030);
#2228=VERTEX_POINT('',#9032);
#2229=VERTEX_POINT('',#9036);
#2230=VERTEX_POINT('',#9040);
#2231=VERTEX_POINT('',#9044);
#2232=VERTEX_POINT('',#9048);
#2233=VERTEX_POINT('',#9052);
#2234=VERTEX_POINT('',#9056);
#2235=VERTEX_POINT('',#9060);
#2236=VERTEX_POINT('',#9064);
#2237=VERTEX_POINT('',#9068);
#2238=VERTEX_POINT('',#9072);
#2239=VERTEX_POINT('',#9545);
#2240=VERTEX_POINT('',#9546);
#2241=VERTEX_POINT('',#9613);
#2242=VERTEX_POINT('',#9615);
#2243=VERTEX_POINT('',#9703);
#2244=VERTEX_POINT('',#9802);
#2245=VERTEX_POINT('',#9865);
#2246=VERTEX_POINT('',#9923);
#2247=VERTEX_POINT('',#9925);
#2248=VERTEX_POINT('',#9931);
#2249=VERTEX_POINT('',#9935);
#2250=VERTEX_POINT('',#9938);
#2251=VERTEX_POINT('',#9942);
#2252=VERTEX_POINT('',#9989);
#2253=VERTEX_POINT('',#9995);
#2254=VERTEX_POINT('',#10046);
#2255=VERTEX_POINT('',#10048);
#2256=VERTEX_POINT('',#10054);
#2257=VERTEX_POINT('',#10058);
#2258=VERTEX_POINT('',#10061);
#2259=VERTEX_POINT('',#10065);
#2260=VERTEX_POINT('',#10112);
#2261=VERTEX_POINT('',#10118);
#2262=VERTEX_POINT('',#10188);
#2263=VERTEX_POINT('',#10190);
#2264=EDGE_CURVE('',#1867,#1868,#1774,.T.);
#2265=EDGE_CURVE('',#1867,#1869,#890,.T.);
#2266=EDGE_CURVE('',#1869,#1870,#1775,.T.);
#2267=EDGE_CURVE('',#1868,#1870,#891,.T.);
#2268=EDGE_CURVE('',#1871,#1872,#1776,.T.);
#2269=EDGE_CURVE('',#1871,#1867,#354,.T.);
#2270=EDGE_CURVE('',#1872,#1868,#355,.T.);
#2271=EDGE_CURVE('',#1873,#1874,#892,.T.);
#2272=EDGE_CURVE('',#1874,#1875,#893,.T.);
#2273=EDGE_CURVE('',#1876,#1875,#894,.T.);
#2274=EDGE_CURVE('',#1876,#1877,#895,.T.);
#2275=EDGE_CURVE('',#1878,#1877,#896,.T.);
#2276=EDGE_CURVE('',#1878,#1879,#897,.T.);
#2277=EDGE_CURVE('',#1880,#1879,#898,.T.);
#2278=EDGE_CURVE('',#1880,#1881,#899,.T.);
#2279=EDGE_CURVE('',#1882,#1881,#900,.T.);
#2280=EDGE_CURVE('',#1882,#1883,#901,.T.);
#2281=EDGE_CURVE('',#1884,#1883,#902,.T.);
#2282=EDGE_CURVE('',#1885,#1884,#903,.T.);
#2283=EDGE_CURVE('',#1885,#1869,#904,.T.);
#2284=EDGE_CURVE('',#1886,#1867,#905,.T.);
#2285=EDGE_CURVE('',#1886,#1873,#906,.T.);
#2286=EDGE_CURVE('',#1887,#1888,#907,.T.);
#2287=EDGE_CURVE('',#1889,#1887,#908,.T.);
#2288=EDGE_CURVE('',#1890,#1889,#909,.T.);
#2289=EDGE_CURVE('',#1888,#1890,#910,.T.);
#2290=EDGE_CURVE('',#1891,#1892,#911,.T.);
#2291=EDGE_CURVE('',#1893,#1891,#912,.T.);
#2292=EDGE_CURVE('',#1894,#1893,#913,.T.);
#2293=EDGE_CURVE('',#1892,#1894,#914,.T.);
#2294=EDGE_CURVE('',#1895,#1895,#1777,.T.);
#2295=EDGE_CURVE('',#1896,#1896,#1778,.T.);
#2296=EDGE_CURVE('',#1870,#1897,#356,.T.);
#2297=EDGE_CURVE('',#1897,#1898,#915,.T.);
#2298=EDGE_CURVE('',#1898,#1899,#1779,.T.);
#2299=EDGE_CURVE('',#1899,#1900,#916,.T.);
#2300=EDGE_CURVE('',#1900,#1901,#1780,.T.);
#2301=EDGE_CURVE('',#1901,#1872,#917,.T.);
#2302=EDGE_CURVE('',#1902,#1903,#918,.T.);
#2303=EDGE_CURVE('',#1903,#1904,#919,.T.);
#2304=EDGE_CURVE('',#1904,#1905,#920,.T.);
#2305=EDGE_CURVE('',#1905,#1902,#921,.T.);
#2306=EDGE_CURVE('',#1906,#1906,#1781,.T.);
#2307=EDGE_CURVE('',#1907,#1907,#1782,.T.);
#2308=EDGE_CURVE('',#1869,#1908,#357,.T.);
#2309=EDGE_CURVE('',#1908,#1897,#1783,.T.);
#2310=EDGE_CURVE('',#1909,#1901,#1784,.T.);
#2311=EDGE_CURVE('',#1909,#1871,#922,.T.);
#2312=EDGE_CURVE('',#1886,#1910,#85,.T.);
#2313=EDGE_CURVE('',#1910,#1871,#923,.T.);
#2314=EDGE_CURVE('',#1873,#1911,#86,.T.);
#2315=EDGE_CURVE('',#1911,#1912,#924,.T.);
#2316=EDGE_CURVE('',#1912,#1874,#358,.T.);
#2317=EDGE_CURVE('',#1874,#1913,#1785,.T.);
#2318=EDGE_CURVE('',#1913,#1914,#925,.T.);
#2319=EDGE_CURVE('',#1875,#1914,#1786,.T.);
#2320=EDGE_CURVE('',#1910,#1911,#926,.T.);
#2321=EDGE_CURVE('',#1914,#1915,#927,.T.);
#2322=EDGE_CURVE('',#1915,#1916,#928,.T.);
#2323=EDGE_CURVE('',#1916,#1917,#929,.T.);
#2324=EDGE_CURVE('',#1917,#1918,#930,.T.);
#2325=EDGE_CURVE('',#1876,#1918,#931,.T.);
#2326=EDGE_CURVE('',#1919,#1918,#932,.T.);
#2327=EDGE_CURVE('',#1919,#1877,#933,.T.);
#2328=EDGE_CURVE('',#1920,#1921,#934,.T.);
#2329=EDGE_CURVE('',#1878,#1921,#1787,.T.);
#2330=EDGE_CURVE('',#1919,#1922,#935,.T.);
#2331=EDGE_CURVE('',#1922,#1923,#936,.T.);
#2332=EDGE_CURVE('',#1920,#1923,#937,.T.);
#2333=EDGE_CURVE('',#1885,#1924,#87,.T.);
#2334=EDGE_CURVE('',#1924,#1908,#938,.T.);
#2335=EDGE_CURVE('',#1921,#1925,#939,.T.);
#2336=EDGE_CURVE('',#1879,#1925,#1788,.T.);
#2337=EDGE_CURVE('',#1884,#1926,#88,.T.);
#2338=EDGE_CURVE('',#1924,#1926,#940,.T.);
#2339=EDGE_CURVE('',#1925,#1927,#941,.T.);
#2340=EDGE_CURVE('',#1927,#1928,#942,.T.);
#2341=EDGE_CURVE('',#1928,#1929,#943,.T.);
#2342=EDGE_CURVE('',#1929,#1930,#944,.T.);
#2343=EDGE_CURVE('',#1880,#1930,#945,.T.);
#2344=EDGE_CURVE('',#1883,#1931,#359,.T.);
#2345=EDGE_CURVE('',#1926,#1931,#946,.T.);
#2346=EDGE_CURVE('',#1932,#1930,#947,.T.);
#2347=EDGE_CURVE('',#1932,#1881,#948,.T.);
#2348=EDGE_CURVE('',#1882,#1933,#1789,.T.);
#2349=EDGE_CURVE('',#1933,#1934,#949,.T.);
#2350=EDGE_CURVE('',#1883,#1934,#1790,.T.);
#2351=EDGE_CURVE('',#1935,#1933,#950,.T.);
#2352=EDGE_CURVE('',#1932,#1936,#951,.T.);
#2353=EDGE_CURVE('',#1936,#1937,#952,.T.);
#2354=EDGE_CURVE('',#1935,#1937,#953,.T.);
#2355=EDGE_CURVE('',#1888,#1938,#954,.T.);
#2356=EDGE_CURVE('',#1938,#1939,#955,.T.);
#2357=EDGE_CURVE('',#1887,#1939,#956,.T.);
#2358=EDGE_CURVE('',#1939,#1940,#957,.T.);
#2359=EDGE_CURVE('',#1889,#1940,#958,.T.);
#2360=EDGE_CURVE('',#1890,#1941,#959,.T.);
#2361=EDGE_CURVE('',#1941,#1938,#960,.T.);
#2362=EDGE_CURVE('',#1940,#1941,#961,.T.);
#2363=EDGE_CURVE('',#1892,#1942,#962,.T.);
#2364=EDGE_CURVE('',#1942,#1943,#963,.T.);
#2365=EDGE_CURVE('',#1891,#1943,#964,.T.);
#2366=EDGE_CURVE('',#1943,#1944,#965,.T.);
#2367=EDGE_CURVE('',#1893,#1944,#966,.T.);
#2368=EDGE_CURVE('',#1894,#1945,#967,.T.);
#2369=EDGE_CURVE('',#1945,#1942,#968,.T.);
#2370=EDGE_CURVE('',#1944,#1945,#969,.T.);
#2371=EDGE_CURVE('',#1895,#1946,#970,.T.);
#2372=EDGE_CURVE('',#1946,#1946,#1791,.T.);
#2373=EDGE_CURVE('',#1896,#1947,#971,.T.);
#2374=EDGE_CURVE('',#1947,#1947,#1792,.T.);
#2375=EDGE_CURVE('',#1908,#1948,#972,.T.);
#2376=EDGE_CURVE('',#1948,#1898,#1793,.T.);
#2377=EDGE_CURVE('',#1949,#1900,#1794,.T.);
#2378=EDGE_CURVE('',#1949,#1909,#1795,.T.);
#2379=EDGE_CURVE('',#1948,#1950,#1796,.T.);
#2380=EDGE_CURVE('',#1950,#1899,#1797,.T.);
#2381=EDGE_CURVE('',#1950,#1949,#973,.T.);
#2382=EDGE_CURVE('',#1902,#1951,#974,.T.);
#2383=EDGE_CURVE('',#1952,#1951,#975,.T.);
#2384=EDGE_CURVE('',#1903,#1952,#976,.T.);
#2385=EDGE_CURVE('',#1905,#1953,#977,.T.);
#2386=EDGE_CURVE('',#1954,#1953,#978,.T.);
#2387=EDGE_CURVE('',#1955,#1954,#979,.T.);
#2388=EDGE_CURVE('',#1955,#1956,#980,.T.);
#2389=EDGE_CURVE('',#1957,#1956,#981,.T.);
#2390=EDGE_CURVE('',#1951,#1957,#982,.T.);
#2391=EDGE_CURVE('',#1958,#1952,#983,.T.);
#2392=EDGE_CURVE('',#1959,#1958,#984,.T.);
#2393=EDGE_CURVE('',#1959,#1960,#985,.T.);
#2394=EDGE_CURVE('',#1961,#1960,#986,.T.);
#2395=EDGE_CURVE('',#1962,#1961,#987,.T.);
#2396=EDGE_CURVE('',#1904,#1962,#988,.T.);
#2397=EDGE_CURVE('',#1953,#1962,#989,.T.);
#2398=EDGE_CURVE('',#1963,#1963,#1798,.T.);
#2399=EDGE_CURVE('',#1963,#1906,#990,.T.);
#2400=EDGE_CURVE('',#1964,#1964,#1799,.T.);
#2401=EDGE_CURVE('',#1964,#1907,#991,.T.);
#2402=EDGE_CURVE('',#1965,#1966,#992,.T.);
#2403=EDGE_CURVE('',#1966,#1912,#993,.T.);
#2404=EDGE_CURVE('',#1967,#1909,#994,.T.);
#2405=EDGE_CURVE('',#1968,#1967,#995,.T.);
#2406=EDGE_CURVE('',#1968,#1969,#996,.T.);
#2407=EDGE_CURVE('',#1969,#1970,#997,.T.);
#2408=EDGE_CURVE('',#1970,#1971,#998,.T.);
#2409=EDGE_CURVE('',#1971,#1972,#999,.T.);
#2410=EDGE_CURVE('',#1972,#1973,#1000,.T.);
#2411=EDGE_CURVE('',#1973,#1965,#1001,.T.);
#2412=EDGE_CURVE('',#1912,#1974,#1800,.T.);
#2413=EDGE_CURVE('',#1974,#1913,#360,.T.);
#2414=EDGE_CURVE('',#1975,#1976,#1002,.T.);
#2415=EDGE_CURVE('',#1934,#1975,#361,.T.);
#2416=EDGE_CURVE('',#1927,#1935,#1003,.T.);
#2417=EDGE_CURVE('',#1915,#1920,#1004,.T.);
#2418=EDGE_CURVE('',#1977,#1974,#1005,.T.);
#2419=EDGE_CURVE('',#1978,#1977,#1801,.T.);
#2420=EDGE_CURVE('',#1979,#1978,#1006,.T.);
#2421=EDGE_CURVE('',#1976,#1979,#1802,.T.);
#2422=EDGE_CURVE('',#1980,#1981,#1007,.T.);
#2423=EDGE_CURVE('',#1982,#1980,#1008,.T.);
#2424=EDGE_CURVE('',#1983,#1982,#1009,.T.);
#2425=EDGE_CURVE('',#1981,#1983,#1010,.T.);
#2426=EDGE_CURVE('',#1984,#1984,#1803,.T.);
#2427=EDGE_CURVE('',#1985,#1985,#1804,.T.);
#2428=EDGE_CURVE('',#1923,#1916,#1011,.T.);
#2429=EDGE_CURVE('',#1973,#1986,#89,.T.);
#2430=EDGE_CURVE('',#1986,#1987,#1012,.T.);
#2431=EDGE_CURVE('',#1988,#1987,#90,.T.);
#2432=EDGE_CURVE('',#1989,#1988,#1013,.T.);
#2433=EDGE_CURVE('',#1917,#1989,#1014,.T.);
#2434=EDGE_CURVE('',#1990,#1922,#1015,.T.);
#2435=EDGE_CURVE('',#1991,#1990,#1016,.T.);
#2436=EDGE_CURVE('',#1991,#1992,#1017,.T.);
#2437=EDGE_CURVE('',#1992,#1993,#1018,.T.);
#2438=EDGE_CURVE('',#1993,#1994,#1019,.T.);
#2439=EDGE_CURVE('',#1995,#1994,#1020,.T.);
#2440=EDGE_CURVE('',#1996,#1995,#1021,.T.);
#2441=EDGE_CURVE('',#1997,#1996,#1022,.T.);
#2442=EDGE_CURVE('',#1997,#1998,#1023,.T.);
#2443=EDGE_CURVE('',#1998,#1999,#1024,.T.);
#2444=EDGE_CURVE('',#1999,#2000,#1025,.T.);
#2445=EDGE_CURVE('',#2001,#2000,#1026,.T.);
#2446=EDGE_CURVE('',#1929,#2001,#1027,.T.);
#2447=EDGE_CURVE('',#1937,#1928,#1028,.T.);
#2448=EDGE_CURVE('',#2002,#1936,#1029,.T.);
#2449=EDGE_CURVE('',#2002,#2003,#1030,.T.);
#2450=EDGE_CURVE('',#2003,#2004,#91,.T.);
#2451=EDGE_CURVE('',#2005,#2004,#1031,.T.);
#2452=EDGE_CURVE('',#2006,#2005,#92,.T.);
#2453=EDGE_CURVE('',#2006,#2007,#1032,.T.);
#2454=EDGE_CURVE('',#2008,#2007,#1805,.T.);
#2455=EDGE_CURVE('',#2008,#2009,#1033,.T.);
#2456=EDGE_CURVE('',#1965,#2009,#1806,.T.);
#2457=EDGE_CURVE('',#2010,#2010,#1807,.T.);
#2458=EDGE_CURVE('',#2011,#2011,#1808,.T.);
#2459=EDGE_CURVE('',#2012,#2013,#1034,.T.);
#2460=EDGE_CURVE('',#2012,#1990,#1035,.T.);
#2461=EDGE_CURVE('',#2013,#1989,#1036,.T.);
#2462=EDGE_CURVE('',#2014,#2014,#1809,.T.);
#2463=EDGE_CURVE('',#2015,#2016,#1037,.T.);
#2464=EDGE_CURVE('',#2016,#2017,#1038,.T.);
#2465=EDGE_CURVE('',#2017,#2018,#1039,.T.);
#2466=EDGE_CURVE('',#2018,#2019,#1040,.T.);
#2467=EDGE_CURVE('',#2019,#2020,#1041,.T.);
#2468=EDGE_CURVE('',#2020,#2021,#1042,.T.);
#2469=EDGE_CURVE('',#2021,#2022,#1043,.T.);
#2470=EDGE_CURVE('',#2022,#2015,#1044,.T.);
#2471=EDGE_CURVE('',#2023,#2023,#1810,.T.);
#2472=EDGE_CURVE('',#1931,#2024,#1045,.T.);
#2473=EDGE_CURVE('',#2007,#2024,#1046,.T.);
#2474=EDGE_CURVE('',#2025,#2006,#1047,.T.);
#2475=EDGE_CURVE('',#2026,#2025,#1048,.T.);
#2476=EDGE_CURVE('',#2027,#2026,#1049,.T.);
#2477=EDGE_CURVE('',#2028,#2027,#1050,.T.);
#2478=EDGE_CURVE('',#2029,#2028,#1051,.T.);
#2479=EDGE_CURVE('',#2029,#2030,#1052,.T.);
#2480=EDGE_CURVE('',#2030,#1948,#1053,.T.);
#2481=EDGE_CURVE('',#2031,#2032,#1054,.T.);
#2482=EDGE_CURVE('',#2031,#2002,#1055,.T.);
#2483=EDGE_CURVE('',#2032,#2001,#1056,.T.);
#2484=EDGE_CURVE('',#2033,#2033,#1811,.T.);
#2485=EDGE_CURVE('',#2034,#2035,#1057,.T.);
#2486=EDGE_CURVE('',#2035,#2036,#1058,.T.);
#2487=EDGE_CURVE('',#2036,#2037,#1059,.T.);
#2488=EDGE_CURVE('',#2037,#2038,#1060,.T.);
#2489=EDGE_CURVE('',#2038,#2039,#1061,.T.);
#2490=EDGE_CURVE('',#2039,#2040,#1062,.T.);
#2491=EDGE_CURVE('',#2040,#2041,#1063,.T.);
#2492=EDGE_CURVE('',#2041,#2034,#1064,.T.);
#2493=EDGE_CURVE('',#2042,#2042,#1812,.T.);
#2494=EDGE_CURVE('',#1931,#1975,#1813,.T.);
#2495=EDGE_CURVE('',#2043,#2044,#1065,.T.);
#2496=EDGE_CURVE('',#2045,#2043,#1066,.T.);
#2497=EDGE_CURVE('',#2046,#2045,#1067,.T.);
#2498=EDGE_CURVE('',#2047,#2046,#1068,.T.);
#2499=EDGE_CURVE('',#2048,#2047,#1069,.T.);
#2500=EDGE_CURVE('',#2049,#2048,#1070,.T.);
#2501=EDGE_CURVE('',#2050,#2049,#1071,.T.);
#2502=EDGE_CURVE('',#2044,#2050,#1072,.T.);
#2503=EDGE_CURVE('',#2051,#2052,#1073,.T.);
#2504=EDGE_CURVE('',#2053,#2051,#1074,.T.);
#2505=EDGE_CURVE('',#2054,#2053,#1075,.T.);
#2506=EDGE_CURVE('',#2055,#2054,#1076,.T.);
#2507=EDGE_CURVE('',#2056,#2055,#1077,.T.);
#2508=EDGE_CURVE('',#2057,#2056,#1078,.T.);
#2509=EDGE_CURVE('',#2058,#2057,#1079,.T.);
#2510=EDGE_CURVE('',#2052,#2058,#1080,.T.);
#2511=EDGE_CURVE('',#1967,#2059,#1814,.T.);
#2512=EDGE_CURVE('',#2059,#1949,#1081,.T.);
#2513=EDGE_CURVE('',#2060,#2030,#1815,.T.);
#2514=EDGE_CURVE('',#2060,#1950,#1082,.T.);
#2515=EDGE_CURVE('',#2060,#2059,#1083,.T.);
#2516=EDGE_CURVE('',#2029,#2061,#93,.T.);
#2517=EDGE_CURVE('',#2061,#2062,#1084,.T.);
#2518=EDGE_CURVE('',#2063,#2062,#94,.T.);
#2519=EDGE_CURVE('',#2031,#2063,#1085,.T.);
#2520=EDGE_CURVE('',#2032,#1958,#1086,.T.);
#2521=EDGE_CURVE('',#1957,#2064,#1087,.T.);
#2522=EDGE_CURVE('',#2064,#2065,#1088,.T.);
#2523=EDGE_CURVE('',#2065,#1954,#1089,.T.);
#2524=EDGE_CURVE('',#1961,#2012,#1090,.T.);
#2525=EDGE_CURVE('',#2013,#2066,#1091,.T.);
#2526=EDGE_CURVE('',#2066,#2067,#95,.T.);
#2527=EDGE_CURVE('',#2068,#2067,#1092,.T.);
#2528=EDGE_CURVE('',#1968,#2068,#96,.T.);
#2529=EDGE_CURVE('',#2069,#2069,#1816,.T.);
#2530=EDGE_CURVE('',#2070,#2070,#1817,.T.);
#2531=EDGE_CURVE('',#2071,#2000,#1093,.T.);
#2532=EDGE_CURVE('',#2071,#2072,#1094,.T.);
#2533=EDGE_CURVE('',#1997,#2072,#1095,.T.);
#2534=EDGE_CURVE('',#2073,#1996,#1096,.T.);
#2535=EDGE_CURVE('',#2073,#2074,#71,.T.);
#2536=EDGE_CURVE('',#2075,#2074,#1097,.T.);
#2537=EDGE_CURVE('',#2076,#2075,#72,.T.);
#2538=EDGE_CURVE('',#2077,#2076,#1098,.T.);
#2539=EDGE_CURVE('',#2078,#2077,#73,.T.);
#2540=EDGE_CURVE('',#2079,#2078,#1099,.T.);
#2541=EDGE_CURVE('',#2079,#2080,#74,.T.);
#2542=EDGE_CURVE('',#2064,#2080,#1100,.T.);
#2543=EDGE_CURVE('',#1959,#1956,#1101,.T.);
#2544=EDGE_CURVE('',#1955,#1960,#1102,.T.);
#2545=EDGE_CURVE('',#2065,#2081,#1103,.T.);
#2546=EDGE_CURVE('',#2081,#2082,#75,.T.);
#2547=EDGE_CURVE('',#2083,#2082,#1104,.T.);
#2548=EDGE_CURVE('',#2084,#2083,#76,.T.);
#2549=EDGE_CURVE('',#2085,#2084,#1105,.T.);
#2550=EDGE_CURVE('',#2086,#2085,#77,.T.);
#2551=EDGE_CURVE('',#2087,#2086,#1106,.T.);
#2552=EDGE_CURVE('',#2087,#2088,#78,.T.);
#2553=EDGE_CURVE('',#2088,#1995,#1107,.T.);
#2554=EDGE_CURVE('',#2089,#1994,#1108,.T.);
#2555=EDGE_CURVE('',#2089,#2090,#1109,.T.);
#2556=EDGE_CURVE('',#1991,#2090,#1110,.T.);
#2557=EDGE_CURVE('',#2091,#2091,#1818,.T.);
#2558=EDGE_CURVE('',#2092,#2092,#1819,.T.);
#2559=EDGE_CURVE('',#2009,#2093,#1111,.T.);
#2560=EDGE_CURVE('',#2093,#1966,#1820,.T.);
#2561=EDGE_CURVE('',#1966,#1977,#1821,.T.);
#2562=EDGE_CURVE('',#1970,#2094,#1112,.T.);
#2563=EDGE_CURVE('',#2094,#2095,#1113,.T.);
#2564=EDGE_CURVE('',#1971,#2095,#1114,.T.);
#2565=EDGE_CURVE('',#2068,#1969,#97,.T.);
#2566=EDGE_CURVE('',#2096,#1969,#98,.T.);
#2567=EDGE_CURVE('',#2097,#2096,#99,.T.);
#2568=EDGE_CURVE('',#2097,#2098,#1115,.T.);
#2569=EDGE_CURVE('',#2098,#2099,#100,.T.);
#2570=EDGE_CURVE('',#2099,#1970,#101,.T.);
#2571=EDGE_CURVE('',#2100,#1971,#102,.T.);
#2572=EDGE_CURVE('',#2101,#2100,#103,.T.);
#2573=EDGE_CURVE('',#2101,#2102,#1116,.T.);
#2574=EDGE_CURVE('',#2102,#2103,#104,.T.);
#2575=EDGE_CURVE('',#2103,#1972,#105,.T.);
#2576=EDGE_CURVE('',#1986,#1972,#106,.T.);
#2577=EDGE_CURVE('',#2024,#1976,#1822,.T.);
#2578=EDGE_CURVE('',#2104,#1979,#1823,.T.);
#2579=EDGE_CURVE('',#2024,#2104,#1824,.T.);
#2580=EDGE_CURVE('',#2093,#1978,#1825,.T.);
#2581=EDGE_CURVE('',#2104,#2093,#1117,.T.);
#2582=EDGE_CURVE('',#1981,#1999,#1118,.T.);
#2583=EDGE_CURVE('',#1980,#1998,#1119,.T.);
#2584=EDGE_CURVE('',#2089,#2072,#1120,.T.);
#2585=EDGE_CURVE('',#1982,#1993,#1121,.T.);
#2586=EDGE_CURVE('',#1983,#1992,#1122,.T.);
#2587=EDGE_CURVE('',#2071,#2090,#1123,.T.);
#2588=EDGE_CURVE('',#2105,#2105,#1826,.T.);
#2589=EDGE_CURVE('',#2105,#1984,#1124,.T.);
#2590=EDGE_CURVE('',#2106,#2106,#1827,.T.);
#2591=EDGE_CURVE('',#2106,#1985,#1125,.T.);
#2592=EDGE_CURVE('',#2008,#2104,#1126,.T.);
#2593=EDGE_CURVE('',#2005,#2025,#107,.T.);
#2594=EDGE_CURVE('',#2107,#2025,#108,.T.);
#2595=EDGE_CURVE('',#2004,#2108,#109,.T.);
#2596=EDGE_CURVE('',#2109,#2108,#110,.T.);
#2597=EDGE_CURVE('',#2107,#2109,#1127,.T.);
#2598=EDGE_CURVE('',#2108,#2003,#1128,.T.);
#2599=EDGE_CURVE('',#2063,#2110,#1129,.T.);
#2600=EDGE_CURVE('',#2110,#2111,#1130,.T.);
#2601=EDGE_CURVE('',#2111,#2112,#1131,.T.);
#2602=EDGE_CURVE('',#2112,#2108,#1132,.T.);
#2603=EDGE_CURVE('',#2073,#2088,#1133,.T.);
#2604=EDGE_CURVE('',#2113,#1988,#1134,.T.);
#2605=EDGE_CURVE('',#2095,#2113,#1135,.T.);
#2606=EDGE_CURVE('',#2114,#2094,#1136,.T.);
#2607=EDGE_CURVE('',#2066,#2114,#1137,.T.);
#2608=EDGE_CURVE('',#1987,#2113,#111,.T.);
#2609=EDGE_CURVE('',#2103,#2115,#1138,.T.);
#2610=EDGE_CURVE('',#2115,#2113,#112,.T.);
#2611=EDGE_CURVE('',#2010,#2116,#1139,.T.);
#2612=EDGE_CURVE('',#2116,#2116,#1828,.T.);
#2613=EDGE_CURVE('',#2011,#2117,#1140,.T.);
#2614=EDGE_CURVE('',#2117,#2117,#1829,.T.);
#2615=EDGE_CURVE('',#2014,#2118,#1141,.T.);
#2616=EDGE_CURVE('',#2118,#2118,#1830,.T.);
#2617=EDGE_CURVE('',#2015,#2119,#1142,.T.);
#2618=EDGE_CURVE('',#2119,#2120,#1143,.T.);
#2619=EDGE_CURVE('',#2016,#2120,#1144,.T.);
#2620=EDGE_CURVE('',#2022,#2121,#1145,.T.);
#2621=EDGE_CURVE('',#2121,#2119,#1146,.T.);
#2622=EDGE_CURVE('',#2021,#2122,#1147,.T.);
#2623=EDGE_CURVE('',#2122,#2121,#1148,.T.);
#2624=EDGE_CURVE('',#2020,#2123,#1149,.T.);
#2625=EDGE_CURVE('',#2123,#2122,#1150,.T.);
#2626=EDGE_CURVE('',#2019,#2124,#1151,.T.);
#2627=EDGE_CURVE('',#2124,#2123,#1152,.T.);
#2628=EDGE_CURVE('',#2018,#2125,#1153,.T.);
#2629=EDGE_CURVE('',#2125,#2124,#1154,.T.);
#2630=EDGE_CURVE('',#2017,#2126,#1155,.T.);
#2631=EDGE_CURVE('',#2126,#2125,#1156,.T.);
#2632=EDGE_CURVE('',#2120,#2126,#1157,.T.);
#2633=EDGE_CURVE('',#2023,#2127,#1158,.T.);
#2634=EDGE_CURVE('',#2127,#2127,#1831,.T.);
#2635=EDGE_CURVE('',#2026,#2112,#1159,.T.);
#2636=EDGE_CURVE('',#2027,#2111,#1160,.T.);
#2637=EDGE_CURVE('',#2061,#2028,#113,.T.);
#2638=EDGE_CURVE('',#2128,#2027,#114,.T.);
#2639=EDGE_CURVE('',#2129,#2128,#115,.T.);
#2640=EDGE_CURVE('',#2130,#2129,#1161,.T.);
#2641=EDGE_CURVE('',#2130,#2131,#116,.T.);
#2642=EDGE_CURVE('',#2131,#2028,#117,.T.);
#2643=EDGE_CURVE('',#2132,#2026,#118,.T.);
#2644=EDGE_CURVE('',#2133,#2107,#119,.T.);
#2645=EDGE_CURVE('',#2134,#2133,#1162,.T.);
#2646=EDGE_CURVE('',#2134,#2132,#120,.T.);
#2647=EDGE_CURVE('',#2033,#2135,#1163,.T.);
#2648=EDGE_CURVE('',#2135,#2135,#1832,.T.);
#2649=EDGE_CURVE('',#2034,#2136,#1164,.T.);
#2650=EDGE_CURVE('',#2136,#2137,#1165,.T.);
#2651=EDGE_CURVE('',#2035,#2137,#1166,.T.);
#2652=EDGE_CURVE('',#2041,#2138,#1167,.T.);
#2653=EDGE_CURVE('',#2138,#2136,#1168,.T.);
#2654=EDGE_CURVE('',#2040,#2139,#1169,.T.);
#2655=EDGE_CURVE('',#2139,#2138,#1170,.T.);
#2656=EDGE_CURVE('',#2039,#2140,#1171,.T.);
#2657=EDGE_CURVE('',#2140,#2139,#1172,.T.);
#2658=EDGE_CURVE('',#2038,#2141,#1173,.T.);
#2659=EDGE_CURVE('',#2141,#2140,#1174,.T.);
#2660=EDGE_CURVE('',#2037,#2142,#1175,.T.);
#2661=EDGE_CURVE('',#2142,#2141,#1176,.T.);
#2662=EDGE_CURVE('',#2036,#2143,#1177,.T.);
#2663=EDGE_CURVE('',#2143,#2142,#1178,.T.);
#2664=EDGE_CURVE('',#2137,#2143,#1179,.T.);
#2665=EDGE_CURVE('',#2042,#2144,#1180,.T.);
#2666=EDGE_CURVE('',#2144,#2144,#1833,.T.);
#2667=EDGE_CURVE('',#2043,#2145,#1181,.T.);
#2668=EDGE_CURVE('',#2044,#2146,#1182,.T.);
#2669=EDGE_CURVE('',#2145,#2146,#1183,.T.);
#2670=EDGE_CURVE('',#2050,#2147,#1184,.T.);
#2671=EDGE_CURVE('',#2146,#2147,#1185,.T.);
#2672=EDGE_CURVE('',#2049,#2148,#1186,.T.);
#2673=EDGE_CURVE('',#2147,#2148,#1187,.T.);
#2674=EDGE_CURVE('',#2048,#2149,#1188,.T.);
#2675=EDGE_CURVE('',#2148,#2149,#1189,.T.);
#2676=EDGE_CURVE('',#2047,#2150,#1190,.T.);
#2677=EDGE_CURVE('',#2149,#2150,#1191,.T.);
#2678=EDGE_CURVE('',#2046,#2151,#1192,.T.);
#2679=EDGE_CURVE('',#2150,#2151,#1193,.T.);
#2680=EDGE_CURVE('',#2045,#2152,#1194,.T.);
#2681=EDGE_CURVE('',#2151,#2152,#1195,.T.);
#2682=EDGE_CURVE('',#2152,#2145,#1196,.T.);
#2683=EDGE_CURVE('',#2051,#2153,#1197,.T.);
#2684=EDGE_CURVE('',#2052,#2154,#1198,.T.);
#2685=EDGE_CURVE('',#2153,#2154,#1199,.T.);
#2686=EDGE_CURVE('',#2058,#2155,#1200,.T.);
#2687=EDGE_CURVE('',#2154,#2155,#1201,.T.);
#2688=EDGE_CURVE('',#2057,#2156,#1202,.T.);
#2689=EDGE_CURVE('',#2155,#2156,#1203,.T.);
#2690=EDGE_CURVE('',#2056,#2157,#1204,.T.);
#2691=EDGE_CURVE('',#2156,#2157,#1205,.T.);
#2692=EDGE_CURVE('',#2055,#2158,#1206,.T.);
#2693=EDGE_CURVE('',#2157,#2158,#1207,.T.);
#2694=EDGE_CURVE('',#2054,#2159,#1208,.T.);
#2695=EDGE_CURVE('',#2158,#2159,#1209,.T.);
#2696=EDGE_CURVE('',#2053,#2160,#1210,.T.);
#2697=EDGE_CURVE('',#2159,#2160,#1211,.T.);
#2698=EDGE_CURVE('',#2160,#2153,#1212,.T.);
#2699=EDGE_CURVE('',#2131,#2161,#1213,.T.);
#2700=EDGE_CURVE('',#2161,#2110,#121,.T.);
#2701=EDGE_CURVE('',#2062,#2110,#122,.T.);
#2702=EDGE_CURVE('',#2080,#2081,#1214,.T.);
#2703=EDGE_CURVE('',#2067,#2114,#123,.T.);
#2704=EDGE_CURVE('',#2162,#2114,#124,.T.);
#2705=EDGE_CURVE('',#2096,#2162,#1215,.T.);
#2706=EDGE_CURVE('',#2069,#2091,#1216,.T.);
#2707=EDGE_CURVE('',#2070,#2092,#1217,.T.);
#2708=EDGE_CURVE('',#2079,#2082,#1218,.T.);
#2709=EDGE_CURVE('',#2078,#2083,#1219,.T.);
#2710=EDGE_CURVE('',#2077,#2084,#1220,.T.);
#2711=EDGE_CURVE('',#2076,#2085,#1221,.T.);
#2712=EDGE_CURVE('',#2075,#2086,#1222,.T.);
#2713=EDGE_CURVE('',#2074,#2087,#1223,.T.);
#2714=EDGE_CURVE('',#2099,#2163,#1224,.T.);
#2715=EDGE_CURVE('',#2163,#2094,#125,.T.);
#2716=EDGE_CURVE('',#2164,#2095,#126,.T.);
#2717=EDGE_CURVE('',#2100,#2164,#1225,.T.);
#2718=EDGE_CURVE('',#2097,#2162,#127,.T.);
#2719=EDGE_CURVE('',#2098,#2163,#128,.T.);
#2720=EDGE_CURVE('',#2101,#2164,#129,.T.);
#2721=EDGE_CURVE('',#2102,#2115,#130,.T.);
#2722=EDGE_CURVE('',#2165,#2112,#131,.T.);
#2723=EDGE_CURVE('',#2134,#2165,#132,.T.);
#2724=EDGE_CURVE('',#2133,#2109,#133,.T.);
#2725=EDGE_CURVE('',#2130,#2161,#134,.T.);
#2726=EDGE_CURVE('',#2129,#2166,#135,.T.);
#2727=EDGE_CURVE('',#2166,#2111,#136,.T.);
#2728=EDGE_CURVE('',#2167,#2167,#1834,.T.);
#2729=EDGE_CURVE('',#2168,#2168,#1835,.T.);
#2730=EDGE_CURVE('',#2128,#2166,#1226,.T.);
#2731=EDGE_CURVE('',#2132,#2165,#1227,.T.);
#2732=EDGE_CURVE('',#2169,#2169,#1836,.T.);
#2733=EDGE_CURVE('',#2170,#2170,#1837,.T.);
#2734=EDGE_CURVE('',#2167,#2171,#1228,.T.);
#2735=EDGE_CURVE('',#2171,#2171,#1838,.T.);
#2736=EDGE_CURVE('',#2168,#2172,#1229,.T.);
#2737=EDGE_CURVE('',#2172,#2172,#1839,.T.);
#2738=EDGE_CURVE('',#2169,#2173,#1230,.T.);
#2739=EDGE_CURVE('',#2173,#2173,#1840,.T.);
#2740=EDGE_CURVE('',#2170,#2174,#1231,.T.);
#2741=EDGE_CURVE('',#2174,#2174,#1841,.T.);
#2742=EDGE_CURVE('',#2175,#2176,#1232,.T.);
#2743=EDGE_CURVE('',#2176,#2177,#1233,.T.);
#2744=EDGE_CURVE('',#2177,#2178,#1234,.T.);
#2745=EDGE_CURVE('',#2178,#2179,#1235,.T.);
#2746=EDGE_CURVE('',#2179,#2180,#1236,.T.);
#2747=EDGE_CURVE('',#2180,#2181,#1237,.T.);
#2748=EDGE_CURVE('',#2181,#2182,#1238,.T.);
#2749=EDGE_CURVE('',#2182,#2183,#1239,.T.);
#2750=EDGE_CURVE('',#2183,#2184,#1240,.T.);
#2751=EDGE_CURVE('',#2184,#2185,#1241,.T.);
#2752=EDGE_CURVE('',#2185,#2186,#1242,.T.);
#2753=EDGE_CURVE('',#2186,#2175,#1243,.T.);
#2754=EDGE_CURVE('',#2187,#2188,#1244,.T.);
#2755=EDGE_CURVE('',#2189,#2187,#1245,.T.);
#2756=EDGE_CURVE('',#2190,#2189,#1246,.T.);
#2757=EDGE_CURVE('',#2188,#2190,#1247,.T.);
#2758=EDGE_CURVE('',#2191,#2192,#1248,.T.);
#2759=EDGE_CURVE('',#2193,#2191,#1249,.T.);
#2760=EDGE_CURVE('',#2194,#2193,#1250,.T.);
#2761=EDGE_CURVE('',#2192,#2194,#1251,.T.);
#2762=EDGE_CURVE('',#2195,#2196,#1252,.T.);
#2763=EDGE_CURVE('',#2196,#2197,#1253,.T.);
#2764=EDGE_CURVE('',#2197,#2198,#1254,.T.);
#2765=EDGE_CURVE('',#2198,#2199,#1255,.T.);
#2766=EDGE_CURVE('',#2199,#2200,#1256,.T.);
#2767=EDGE_CURVE('',#2200,#2201,#1257,.T.);
#2768=EDGE_CURVE('',#2201,#2202,#1258,.T.);
#2769=EDGE_CURVE('',#2202,#2203,#1259,.T.);
#2770=EDGE_CURVE('',#2203,#2204,#1260,.T.);
#2771=EDGE_CURVE('',#2204,#2205,#1261,.T.);
#2772=EDGE_CURVE('',#2205,#2206,#1262,.T.);
#2773=EDGE_CURVE('',#2206,#2195,#1263,.T.);
#2774=EDGE_CURVE('',#2175,#2207,#1264,.T.);
#2775=EDGE_CURVE('',#2207,#2208,#1265,.T.);
#2776=EDGE_CURVE('',#2176,#2208,#1266,.T.);
#2777=EDGE_CURVE('',#2186,#2209,#1267,.T.);
#2778=EDGE_CURVE('',#2209,#2207,#1268,.T.);
#2779=EDGE_CURVE('',#2185,#2210,#1269,.T.);
#2780=EDGE_CURVE('',#2210,#2209,#1270,.T.);
#2781=EDGE_CURVE('',#2184,#2211,#1271,.T.);
#2782=EDGE_CURVE('',#2211,#2210,#1272,.T.);
#2783=EDGE_CURVE('',#2183,#2212,#1273,.T.);
#2784=EDGE_CURVE('',#2212,#2211,#1274,.T.);
#2785=EDGE_CURVE('',#2182,#2213,#1275,.T.);
#2786=EDGE_CURVE('',#2213,#2212,#1276,.T.);
#2787=EDGE_CURVE('',#2181,#2214,#1277,.T.);
#2788=EDGE_CURVE('',#2214,#2213,#1278,.T.);
#2789=EDGE_CURVE('',#2180,#2215,#1279,.T.);
#2790=EDGE_CURVE('',#2215,#2214,#1280,.T.);
#2791=EDGE_CURVE('',#2179,#2216,#1281,.T.);
#2792=EDGE_CURVE('',#2216,#2215,#1282,.T.);
#2793=EDGE_CURVE('',#2178,#2217,#1283,.T.);
#2794=EDGE_CURVE('',#2217,#2216,#1284,.T.);
#2795=EDGE_CURVE('',#2177,#2218,#1285,.T.);
#2796=EDGE_CURVE('',#2218,#2217,#1286,.T.);
#2797=EDGE_CURVE('',#2208,#2218,#1287,.T.);
#2798=EDGE_CURVE('',#2187,#2219,#1288,.T.);
#2799=EDGE_CURVE('',#2188,#2220,#1289,.T.);
#2800=EDGE_CURVE('',#2219,#2220,#1290,.T.);
#2801=EDGE_CURVE('',#2190,#2221,#1291,.T.);
#2802=EDGE_CURVE('',#2220,#2221,#1292,.T.);
#2803=EDGE_CURVE('',#2189,#2222,#1293,.T.);
#2804=EDGE_CURVE('',#2221,#2222,#1294,.T.);
#2805=EDGE_CURVE('',#2222,#2219,#1295,.T.);
#2806=EDGE_CURVE('',#2191,#2223,#1296,.T.);
#2807=EDGE_CURVE('',#2192,#2224,#1297,.T.);
#2808=EDGE_CURVE('',#2223,#2224,#1298,.T.);
#2809=EDGE_CURVE('',#2194,#2225,#1299,.T.);
#2810=EDGE_CURVE('',#2224,#2225,#1300,.T.);
#2811=EDGE_CURVE('',#2193,#2226,#1301,.T.);
#2812=EDGE_CURVE('',#2225,#2226,#1302,.T.);
#2813=EDGE_CURVE('',#2226,#2223,#1303,.T.);
#2814=EDGE_CURVE('',#2195,#2227,#1304,.T.);
#2815=EDGE_CURVE('',#2227,#2228,#1305,.T.);
#2816=EDGE_CURVE('',#2196,#2228,#1306,.T.);
#2817=EDGE_CURVE('',#2206,#2229,#1307,.T.);
#2818=EDGE_CURVE('',#2229,#2227,#1308,.T.);
#2819=EDGE_CURVE('',#2205,#2230,#1309,.T.);
#2820=EDGE_CURVE('',#2230,#2229,#1310,.T.);
#2821=EDGE_CURVE('',#2204,#2231,#1311,.T.);
#2822=EDGE_CURVE('',#2231,#2230,#1312,.T.);
#2823=EDGE_CURVE('',#2203,#2232,#1313,.T.);
#2824=EDGE_CURVE('',#2232,#2231,#1314,.T.);
#2825=EDGE_CURVE('',#2202,#2233,#1315,.T.);
#2826=EDGE_CURVE('',#2233,#2232,#1316,.T.);
#2827=EDGE_CURVE('',#2201,#2234,#1317,.T.);
#2828=EDGE_CURVE('',#2234,#2233,#1318,.T.);
#2829=EDGE_CURVE('',#2200,#2235,#1319,.T.);
#2830=EDGE_CURVE('',#2235,#2234,#1320,.T.);
#2831=EDGE_CURVE('',#2199,#2236,#1321,.T.);
#2832=EDGE_CURVE('',#2236,#2235,#1322,.T.);
#2833=EDGE_CURVE('',#2198,#2237,#1323,.T.);
#2834=EDGE_CURVE('',#2237,#2236,#1324,.T.);
#2835=EDGE_CURVE('',#2197,#2238,#1325,.T.);
#2836=EDGE_CURVE('',#2238,#2237,#1326,.T.);
#2837=EDGE_CURVE('',#2228,#2238,#1327,.T.);
#2838=EDGE_CURVE('',#2239,#2240,#362,.T.);
#2839=EDGE_CURVE('',#2241,#2239,#1842,.T.);
#2840=EDGE_CURVE('',#2242,#2241,#1843,.T.);
#2841=EDGE_CURVE('',#2239,#2242,#1844,.T.);
#2842=EDGE_CURVE('',#2240,#2240,#1845,.T.);
#2843=EDGE_CURVE('',#2239,#2243,#363,.T.);
#2844=EDGE_CURVE('',#2243,#2243,#1846,.T.);
#2845=EDGE_CURVE('',#2243,#2244,#364,.T.);
#2846=EDGE_CURVE('',#2244,#2244,#1847,.T.);
#2847=EDGE_CURVE('',#2244,#2245,#365,.T.);
#2848=EDGE_CURVE('',#2245,#2245,#1848,.T.);
#2849=EDGE_CURVE('',#2246,#2246,#1849,.T.);
#2850=EDGE_CURVE('',#2246,#2247,#137,.T.);
#2851=EDGE_CURVE('',#2248,#2247,#1850,.T.);
#2852=EDGE_CURVE('',#2247,#2248,#1851,.T.);
#2853=EDGE_CURVE('',#2249,#2249,#1852,.T.);
#2854=EDGE_CURVE('',#2250,#2250,#1853,.T.);
#2855=EDGE_CURVE('',#2250,#2249,#1328,.T.);
#2856=EDGE_CURVE('',#2251,#2251,#1854,.T.);
#2857=EDGE_CURVE('',#2251,#2252,#138,.T.);
#2858=EDGE_CURVE('',#2252,#2253,#1855,.T.);
#2859=EDGE_CURVE('',#2253,#2252,#1856,.T.);
#2860=EDGE_CURVE('',#2248,#2253,#1329,.T.);
#2861=EDGE_CURVE('',#2254,#2254,#1857,.T.);
#2862=EDGE_CURVE('',#2254,#2255,#139,.T.);
#2863=EDGE_CURVE('',#2256,#2255,#1858,.T.);
#2864=EDGE_CURVE('',#2255,#2256,#1859,.T.);
#2865=EDGE_CURVE('',#2257,#2257,#1860,.T.);
#2866=EDGE_CURVE('',#2258,#2258,#1861,.T.);
#2867=EDGE_CURVE('',#2258,#2257,#1330,.T.);
#2868=EDGE_CURVE('',#2259,#2259,#1862,.T.);
#2869=EDGE_CURVE('',#2259,#2260,#140,.T.);
#2870=EDGE_CURVE('',#2260,#2261,#1863,.T.);
#2871=EDGE_CURVE('',#2261,#2260,#1864,.T.);
#2872=EDGE_CURVE('',#2256,#2261,#1331,.T.);
#2873=EDGE_CURVE('',#2262,#2262,#1865,.T.);
#2874=EDGE_CURVE('',#2262,#2263,#141,.T.);
#2875=EDGE_CURVE('',#2263,#2263,#1866,.T.);
#2876=ORIENTED_EDGE('',*,*,#2264,.F.);
#2877=ORIENTED_EDGE('',*,*,#2265,.T.);
#2878=ORIENTED_EDGE('',*,*,#2266,.T.);
#2879=ORIENTED_EDGE('',*,*,#2267,.F.);
#2880=ORIENTED_EDGE('',*,*,#2268,.F.);
#2881=ORIENTED_EDGE('',*,*,#2269,.T.);
#2882=ORIENTED_EDGE('',*,*,#2264,.T.);
#2883=ORIENTED_EDGE('',*,*,#2270,.F.);
#2884=ORIENTED_EDGE('',*,*,#2271,.T.);
#2885=ORIENTED_EDGE('',*,*,#2272,.T.);
#2886=ORIENTED_EDGE('',*,*,#2273,.F.);
#2887=ORIENTED_EDGE('',*,*,#2274,.T.);
#2888=ORIENTED_EDGE('',*,*,#2275,.F.);
#2889=ORIENTED_EDGE('',*,*,#2276,.T.);
#2890=ORIENTED_EDGE('',*,*,#2277,.F.);
#2891=ORIENTED_EDGE('',*,*,#2278,.T.);
#2892=ORIENTED_EDGE('',*,*,#2279,.F.);
#2893=ORIENTED_EDGE('',*,*,#2280,.T.);
#2894=ORIENTED_EDGE('',*,*,#2281,.F.);
#2895=ORIENTED_EDGE('',*,*,#2282,.F.);
#2896=ORIENTED_EDGE('',*,*,#2283,.T.);
#2897=ORIENTED_EDGE('',*,*,#2265,.F.);
#2898=ORIENTED_EDGE('',*,*,#2284,.F.);
#2899=ORIENTED_EDGE('',*,*,#2285,.T.);
#2900=ORIENTED_EDGE('',*,*,#2286,.F.);
#2901=ORIENTED_EDGE('',*,*,#2287,.F.);
#2902=ORIENTED_EDGE('',*,*,#2288,.F.);
#2903=ORIENTED_EDGE('',*,*,#2289,.F.);
#2904=ORIENTED_EDGE('',*,*,#2290,.F.);
#2905=ORIENTED_EDGE('',*,*,#2291,.F.);
#2906=ORIENTED_EDGE('',*,*,#2292,.F.);
#2907=ORIENTED_EDGE('',*,*,#2293,.F.);
#2908=ORIENTED_EDGE('',*,*,#2294,.T.);
#2909=ORIENTED_EDGE('',*,*,#2295,.F.);
#2910=ORIENTED_EDGE('',*,*,#2267,.T.);
#2911=ORIENTED_EDGE('',*,*,#2296,.T.);
#2912=ORIENTED_EDGE('',*,*,#2297,.T.);
#2913=ORIENTED_EDGE('',*,*,#2298,.T.);
#2914=ORIENTED_EDGE('',*,*,#2299,.T.);
#2915=ORIENTED_EDGE('',*,*,#2300,.T.);
#2916=ORIENTED_EDGE('',*,*,#2301,.T.);
#2917=ORIENTED_EDGE('',*,*,#2270,.T.);
#2918=ORIENTED_EDGE('',*,*,#2302,.T.);
#2919=ORIENTED_EDGE('',*,*,#2303,.T.);
#2920=ORIENTED_EDGE('',*,*,#2304,.T.);
#2921=ORIENTED_EDGE('',*,*,#2305,.T.);
#2922=ORIENTED_EDGE('',*,*,#2306,.T.);
#2923=ORIENTED_EDGE('',*,*,#2307,.T.);
#2924=ORIENTED_EDGE('',*,*,#2266,.F.);
#2925=ORIENTED_EDGE('',*,*,#2308,.T.);
#2926=ORIENTED_EDGE('',*,*,#2309,.T.);
#2927=ORIENTED_EDGE('',*,*,#2296,.F.);
#2928=ORIENTED_EDGE('',*,*,#2310,.F.);
#2929=ORIENTED_EDGE('',*,*,#2311,.T.);
#2930=ORIENTED_EDGE('',*,*,#2268,.T.);
#2931=ORIENTED_EDGE('',*,*,#2301,.F.);
#2932=ORIENTED_EDGE('',*,*,#2312,.F.);
#2933=ORIENTED_EDGE('',*,*,#2284,.T.);
#2934=ORIENTED_EDGE('',*,*,#2269,.F.);
#2935=ORIENTED_EDGE('',*,*,#2313,.F.);
#2936=ORIENTED_EDGE('',*,*,#2271,.F.);
#2937=ORIENTED_EDGE('',*,*,#2314,.T.);
#2938=ORIENTED_EDGE('',*,*,#2315,.T.);
#2939=ORIENTED_EDGE('',*,*,#2316,.T.);
#2940=ORIENTED_EDGE('',*,*,#2272,.F.);
#2941=ORIENTED_EDGE('',*,*,#2317,.T.);
#2942=ORIENTED_EDGE('',*,*,#2318,.T.);
#2943=ORIENTED_EDGE('',*,*,#2319,.F.);
#2944=ORIENTED_EDGE('',*,*,#2285,.F.);
#2945=ORIENTED_EDGE('',*,*,#2312,.T.);
#2946=ORIENTED_EDGE('',*,*,#2320,.T.);
#2947=ORIENTED_EDGE('',*,*,#2314,.F.);
#2948=ORIENTED_EDGE('',*,*,#2321,.T.);
#2949=ORIENTED_EDGE('',*,*,#2322,.T.);
#2950=ORIENTED_EDGE('',*,*,#2323,.T.);
#2951=ORIENTED_EDGE('',*,*,#2324,.T.);
#2952=ORIENTED_EDGE('',*,*,#2325,.F.);
#2953=ORIENTED_EDGE('',*,*,#2273,.T.);
#2954=ORIENTED_EDGE('',*,*,#2319,.T.);
#2955=ORIENTED_EDGE('',*,*,#2326,.F.);
#2956=ORIENTED_EDGE('',*,*,#2327,.T.);
#2957=ORIENTED_EDGE('',*,*,#2274,.F.);
#2958=ORIENTED_EDGE('',*,*,#2325,.T.);
#2959=ORIENTED_EDGE('',*,*,#2328,.T.);
#2960=ORIENTED_EDGE('',*,*,#2329,.F.);
#2961=ORIENTED_EDGE('',*,*,#2275,.T.);
#2962=ORIENTED_EDGE('',*,*,#2327,.F.);
#2963=ORIENTED_EDGE('',*,*,#2330,.T.);
#2964=ORIENTED_EDGE('',*,*,#2331,.T.);
#2965=ORIENTED_EDGE('',*,*,#2332,.F.);
#2966=ORIENTED_EDGE('',*,*,#2333,.T.);
#2967=ORIENTED_EDGE('',*,*,#2334,.T.);
#2968=ORIENTED_EDGE('',*,*,#2308,.F.);
#2969=ORIENTED_EDGE('',*,*,#2283,.F.);
#2970=ORIENTED_EDGE('',*,*,#2276,.F.);
#2971=ORIENTED_EDGE('',*,*,#2329,.T.);
#2972=ORIENTED_EDGE('',*,*,#2335,.T.);
#2973=ORIENTED_EDGE('',*,*,#2336,.F.);
#2974=ORIENTED_EDGE('',*,*,#2282,.T.);
#2975=ORIENTED_EDGE('',*,*,#2337,.T.);
#2976=ORIENTED_EDGE('',*,*,#2338,.F.);
#2977=ORIENTED_EDGE('',*,*,#2333,.F.);
#2978=ORIENTED_EDGE('',*,*,#2339,.T.);
#2979=ORIENTED_EDGE('',*,*,#2340,.T.);
#2980=ORIENTED_EDGE('',*,*,#2341,.T.);
#2981=ORIENTED_EDGE('',*,*,#2342,.T.);
#2982=ORIENTED_EDGE('',*,*,#2343,.F.);
#2983=ORIENTED_EDGE('',*,*,#2277,.T.);
#2984=ORIENTED_EDGE('',*,*,#2336,.T.);
#2985=ORIENTED_EDGE('',*,*,#2281,.T.);
#2986=ORIENTED_EDGE('',*,*,#2344,.T.);
#2987=ORIENTED_EDGE('',*,*,#2345,.F.);
#2988=ORIENTED_EDGE('',*,*,#2337,.F.);
#2989=ORIENTED_EDGE('',*,*,#2346,.F.);
#2990=ORIENTED_EDGE('',*,*,#2347,.T.);
#2991=ORIENTED_EDGE('',*,*,#2278,.F.);
#2992=ORIENTED_EDGE('',*,*,#2343,.T.);
#2993=ORIENTED_EDGE('',*,*,#2280,.F.);
#2994=ORIENTED_EDGE('',*,*,#2348,.T.);
#2995=ORIENTED_EDGE('',*,*,#2349,.T.);
#2996=ORIENTED_EDGE('',*,*,#2350,.F.);
#2997=ORIENTED_EDGE('',*,*,#2351,.T.);
#2998=ORIENTED_EDGE('',*,*,#2348,.F.);
#2999=ORIENTED_EDGE('',*,*,#2279,.T.);
#3000=ORIENTED_EDGE('',*,*,#2347,.F.);
#3001=ORIENTED_EDGE('',*,*,#2352,.T.);
#3002=ORIENTED_EDGE('',*,*,#2353,.T.);
#3003=ORIENTED_EDGE('',*,*,#2354,.F.);
#3004=ORIENTED_EDGE('',*,*,#2286,.T.);
#3005=ORIENTED_EDGE('',*,*,#2355,.T.);
#3006=ORIENTED_EDGE('',*,*,#2356,.T.);
#3007=ORIENTED_EDGE('',*,*,#2357,.F.);
#3008=ORIENTED_EDGE('',*,*,#2287,.T.);
#3009=ORIENTED_EDGE('',*,*,#2357,.T.);
#3010=ORIENTED_EDGE('',*,*,#2358,.T.);
#3011=ORIENTED_EDGE('',*,*,#2359,.F.);
#3012=ORIENTED_EDGE('',*,*,#2289,.T.);
#3013=ORIENTED_EDGE('',*,*,#2360,.T.);
#3014=ORIENTED_EDGE('',*,*,#2361,.T.);
#3015=ORIENTED_EDGE('',*,*,#2355,.F.);
#3016=ORIENTED_EDGE('',*,*,#2288,.T.);
#3017=ORIENTED_EDGE('',*,*,#2359,.T.);
#3018=ORIENTED_EDGE('',*,*,#2362,.T.);
#3019=ORIENTED_EDGE('',*,*,#2360,.F.);
#3020=ORIENTED_EDGE('',*,*,#2290,.T.);
#3021=ORIENTED_EDGE('',*,*,#2363,.T.);
#3022=ORIENTED_EDGE('',*,*,#2364,.T.);
#3023=ORIENTED_EDGE('',*,*,#2365,.F.);
#3024=ORIENTED_EDGE('',*,*,#2291,.T.);
#3025=ORIENTED_EDGE('',*,*,#2365,.T.);
#3026=ORIENTED_EDGE('',*,*,#2366,.T.);
#3027=ORIENTED_EDGE('',*,*,#2367,.F.);
#3028=ORIENTED_EDGE('',*,*,#2293,.T.);
#3029=ORIENTED_EDGE('',*,*,#2368,.T.);
#3030=ORIENTED_EDGE('',*,*,#2369,.T.);
#3031=ORIENTED_EDGE('',*,*,#2363,.F.);
#3032=ORIENTED_EDGE('',*,*,#2292,.T.);
#3033=ORIENTED_EDGE('',*,*,#2367,.T.);
#3034=ORIENTED_EDGE('',*,*,#2370,.T.);
#3035=ORIENTED_EDGE('',*,*,#2368,.F.);
#3036=ORIENTED_EDGE('',*,*,#2294,.F.);
#3037=ORIENTED_EDGE('',*,*,#2371,.T.);
#3038=ORIENTED_EDGE('',*,*,#2372,.T.);
#3039=ORIENTED_EDGE('',*,*,#2371,.F.);
#3040=ORIENTED_EDGE('',*,*,#2295,.T.);
#3041=ORIENTED_EDGE('',*,*,#2373,.T.);
#3042=ORIENTED_EDGE('',*,*,#2374,.F.);
#3043=ORIENTED_EDGE('',*,*,#2373,.F.);
#3044=ORIENTED_EDGE('',*,*,#2309,.F.);
#3045=ORIENTED_EDGE('',*,*,#2375,.T.);
#3046=ORIENTED_EDGE('',*,*,#2376,.T.);
#3047=ORIENTED_EDGE('',*,*,#2297,.F.);
#3048=ORIENTED_EDGE('',*,*,#2377,.F.);
#3049=ORIENTED_EDGE('',*,*,#2378,.T.);
#3050=ORIENTED_EDGE('',*,*,#2310,.T.);
#3051=ORIENTED_EDGE('',*,*,#2300,.F.);
#3052=ORIENTED_EDGE('',*,*,#2376,.F.);
#3053=ORIENTED_EDGE('',*,*,#2379,.T.);
#3054=ORIENTED_EDGE('',*,*,#2380,.T.);
#3055=ORIENTED_EDGE('',*,*,#2298,.F.);
#3056=ORIENTED_EDGE('',*,*,#2380,.F.);
#3057=ORIENTED_EDGE('',*,*,#2381,.T.);
#3058=ORIENTED_EDGE('',*,*,#2377,.T.);
#3059=ORIENTED_EDGE('',*,*,#2299,.F.);
#3060=ORIENTED_EDGE('',*,*,#2302,.F.);
#3061=ORIENTED_EDGE('',*,*,#2382,.T.);
#3062=ORIENTED_EDGE('',*,*,#2383,.F.);
#3063=ORIENTED_EDGE('',*,*,#2384,.F.);
#3064=ORIENTED_EDGE('',*,*,#2305,.F.);
#3065=ORIENTED_EDGE('',*,*,#2385,.T.);
#3066=ORIENTED_EDGE('',*,*,#2386,.F.);
#3067=ORIENTED_EDGE('',*,*,#2387,.F.);
#3068=ORIENTED_EDGE('',*,*,#2388,.T.);
#3069=ORIENTED_EDGE('',*,*,#2389,.F.);
#3070=ORIENTED_EDGE('',*,*,#2390,.F.);
#3071=ORIENTED_EDGE('',*,*,#2382,.F.);
#3072=ORIENTED_EDGE('',*,*,#2303,.F.);
#3073=ORIENTED_EDGE('',*,*,#2384,.T.);
#3074=ORIENTED_EDGE('',*,*,#2391,.F.);
#3075=ORIENTED_EDGE('',*,*,#2392,.F.);
#3076=ORIENTED_EDGE('',*,*,#2393,.T.);
#3077=ORIENTED_EDGE('',*,*,#2394,.F.);
#3078=ORIENTED_EDGE('',*,*,#2395,.F.);
#3079=ORIENTED_EDGE('',*,*,#2396,.F.);
#3080=ORIENTED_EDGE('',*,*,#2304,.F.);
#3081=ORIENTED_EDGE('',*,*,#2396,.T.);
#3082=ORIENTED_EDGE('',*,*,#2397,.F.);
#3083=ORIENTED_EDGE('',*,*,#2385,.F.);
#3084=ORIENTED_EDGE('',*,*,#2398,.T.);
#3085=ORIENTED_EDGE('',*,*,#2399,.T.);
#3086=ORIENTED_EDGE('',*,*,#2306,.F.);
#3087=ORIENTED_EDGE('',*,*,#2399,.F.);
#3088=ORIENTED_EDGE('',*,*,#2400,.T.);
#3089=ORIENTED_EDGE('',*,*,#2401,.T.);
#3090=ORIENTED_EDGE('',*,*,#2307,.F.);
#3091=ORIENTED_EDGE('',*,*,#2401,.F.);
#3092=ORIENTED_EDGE('',*,*,#2402,.T.);
#3093=ORIENTED_EDGE('',*,*,#2403,.T.);
#3094=ORIENTED_EDGE('',*,*,#2315,.F.);
#3095=ORIENTED_EDGE('',*,*,#2320,.F.);
#3096=ORIENTED_EDGE('',*,*,#2313,.T.);
#3097=ORIENTED_EDGE('',*,*,#2311,.F.);
#3098=ORIENTED_EDGE('',*,*,#2404,.F.);
#3099=ORIENTED_EDGE('',*,*,#2405,.F.);
#3100=ORIENTED_EDGE('',*,*,#2406,.T.);
#3101=ORIENTED_EDGE('',*,*,#2407,.T.);
#3102=ORIENTED_EDGE('',*,*,#2408,.T.);
#3103=ORIENTED_EDGE('',*,*,#2409,.T.);
#3104=ORIENTED_EDGE('',*,*,#2410,.T.);
#3105=ORIENTED_EDGE('',*,*,#2411,.T.);
#3106=ORIENTED_EDGE('',*,*,#2412,.T.);
#3107=ORIENTED_EDGE('',*,*,#2413,.T.);
#3108=ORIENTED_EDGE('',*,*,#2317,.F.);
#3109=ORIENTED_EDGE('',*,*,#2316,.F.);
#3110=ORIENTED_EDGE('',*,*,#2414,.F.);
#3111=ORIENTED_EDGE('',*,*,#2415,.F.);
#3112=ORIENTED_EDGE('',*,*,#2349,.F.);
#3113=ORIENTED_EDGE('',*,*,#2351,.F.);
#3114=ORIENTED_EDGE('',*,*,#2416,.F.);
#3115=ORIENTED_EDGE('',*,*,#2339,.F.);
#3116=ORIENTED_EDGE('',*,*,#2335,.F.);
#3117=ORIENTED_EDGE('',*,*,#2328,.F.);
#3118=ORIENTED_EDGE('',*,*,#2417,.F.);
#3119=ORIENTED_EDGE('',*,*,#2321,.F.);
#3120=ORIENTED_EDGE('',*,*,#2318,.F.);
#3121=ORIENTED_EDGE('',*,*,#2413,.F.);
#3122=ORIENTED_EDGE('',*,*,#2418,.F.);
#3123=ORIENTED_EDGE('',*,*,#2419,.F.);
#3124=ORIENTED_EDGE('',*,*,#2420,.F.);
#3125=ORIENTED_EDGE('',*,*,#2421,.F.);
#3126=ORIENTED_EDGE('',*,*,#2422,.F.);
#3127=ORIENTED_EDGE('',*,*,#2423,.F.);
#3128=ORIENTED_EDGE('',*,*,#2424,.F.);
#3129=ORIENTED_EDGE('',*,*,#2425,.F.);
#3130=ORIENTED_EDGE('',*,*,#2426,.F.);
#3131=ORIENTED_EDGE('',*,*,#2427,.F.);
#3132=ORIENTED_EDGE('',*,*,#2417,.T.);
#3133=ORIENTED_EDGE('',*,*,#2332,.T.);
#3134=ORIENTED_EDGE('',*,*,#2428,.T.);
#3135=ORIENTED_EDGE('',*,*,#2322,.F.);
#3136=ORIENTED_EDGE('',*,*,#2411,.F.);
#3137=ORIENTED_EDGE('',*,*,#2429,.T.);
#3138=ORIENTED_EDGE('',*,*,#2430,.T.);
#3139=ORIENTED_EDGE('',*,*,#2431,.F.);
#3140=ORIENTED_EDGE('',*,*,#2432,.F.);
#3141=ORIENTED_EDGE('',*,*,#2433,.F.);
#3142=ORIENTED_EDGE('',*,*,#2323,.F.);
#3143=ORIENTED_EDGE('',*,*,#2428,.F.);
#3144=ORIENTED_EDGE('',*,*,#2331,.F.);
#3145=ORIENTED_EDGE('',*,*,#2434,.F.);
#3146=ORIENTED_EDGE('',*,*,#2435,.F.);
#3147=ORIENTED_EDGE('',*,*,#2436,.T.);
#3148=ORIENTED_EDGE('',*,*,#2437,.T.);
#3149=ORIENTED_EDGE('',*,*,#2438,.T.);
#3150=ORIENTED_EDGE('',*,*,#2439,.F.);
#3151=ORIENTED_EDGE('',*,*,#2440,.F.);
#3152=ORIENTED_EDGE('',*,*,#2441,.F.);
#3153=ORIENTED_EDGE('',*,*,#2442,.T.);
#3154=ORIENTED_EDGE('',*,*,#2443,.T.);
#3155=ORIENTED_EDGE('',*,*,#2444,.T.);
#3156=ORIENTED_EDGE('',*,*,#2445,.F.);
#3157=ORIENTED_EDGE('',*,*,#2446,.F.);
#3158=ORIENTED_EDGE('',*,*,#2341,.F.);
#3159=ORIENTED_EDGE('',*,*,#2447,.F.);
#3160=ORIENTED_EDGE('',*,*,#2353,.F.);
#3161=ORIENTED_EDGE('',*,*,#2448,.F.);
#3162=ORIENTED_EDGE('',*,*,#2449,.T.);
#3163=ORIENTED_EDGE('',*,*,#2450,.T.);
#3164=ORIENTED_EDGE('',*,*,#2451,.F.);
#3165=ORIENTED_EDGE('',*,*,#2452,.F.);
#3166=ORIENTED_EDGE('',*,*,#2453,.T.);
#3167=ORIENTED_EDGE('',*,*,#2454,.F.);
#3168=ORIENTED_EDGE('',*,*,#2455,.T.);
#3169=ORIENTED_EDGE('',*,*,#2456,.F.);
#3170=ORIENTED_EDGE('',*,*,#2457,.T.);
#3171=ORIENTED_EDGE('',*,*,#2458,.T.);
#3172=ORIENTED_EDGE('',*,*,#2459,.F.);
#3173=ORIENTED_EDGE('',*,*,#2460,.T.);
#3174=ORIENTED_EDGE('',*,*,#2434,.T.);
#3175=ORIENTED_EDGE('',*,*,#2330,.F.);
#3176=ORIENTED_EDGE('',*,*,#2326,.T.);
#3177=ORIENTED_EDGE('',*,*,#2324,.F.);
#3178=ORIENTED_EDGE('',*,*,#2433,.T.);
#3179=ORIENTED_EDGE('',*,*,#2461,.F.);
#3180=ORIENTED_EDGE('',*,*,#2356,.F.);
#3181=ORIENTED_EDGE('',*,*,#2361,.F.);
#3182=ORIENTED_EDGE('',*,*,#2362,.F.);
#3183=ORIENTED_EDGE('',*,*,#2358,.F.);
#3184=ORIENTED_EDGE('',*,*,#2462,.F.);
#3185=ORIENTED_EDGE('',*,*,#2463,.T.);
#3186=ORIENTED_EDGE('',*,*,#2464,.T.);
#3187=ORIENTED_EDGE('',*,*,#2465,.T.);
#3188=ORIENTED_EDGE('',*,*,#2466,.T.);
#3189=ORIENTED_EDGE('',*,*,#2467,.T.);
#3190=ORIENTED_EDGE('',*,*,#2468,.T.);
#3191=ORIENTED_EDGE('',*,*,#2469,.T.);
#3192=ORIENTED_EDGE('',*,*,#2470,.T.);
#3193=ORIENTED_EDGE('',*,*,#2471,.F.);
#3194=ORIENTED_EDGE('',*,*,#2345,.T.);
#3195=ORIENTED_EDGE('',*,*,#2472,.T.);
#3196=ORIENTED_EDGE('',*,*,#2473,.F.);
#3197=ORIENTED_EDGE('',*,*,#2453,.F.);
#3198=ORIENTED_EDGE('',*,*,#2474,.F.);
#3199=ORIENTED_EDGE('',*,*,#2475,.F.);
#3200=ORIENTED_EDGE('',*,*,#2476,.F.);
#3201=ORIENTED_EDGE('',*,*,#2477,.F.);
#3202=ORIENTED_EDGE('',*,*,#2478,.F.);
#3203=ORIENTED_EDGE('',*,*,#2479,.T.);
#3204=ORIENTED_EDGE('',*,*,#2480,.T.);
#3205=ORIENTED_EDGE('',*,*,#2375,.F.);
#3206=ORIENTED_EDGE('',*,*,#2334,.F.);
#3207=ORIENTED_EDGE('',*,*,#2338,.T.);
#3208=ORIENTED_EDGE('',*,*,#2416,.T.);
#3209=ORIENTED_EDGE('',*,*,#2354,.T.);
#3210=ORIENTED_EDGE('',*,*,#2447,.T.);
#3211=ORIENTED_EDGE('',*,*,#2340,.F.);
#3212=ORIENTED_EDGE('',*,*,#2481,.F.);
#3213=ORIENTED_EDGE('',*,*,#2482,.T.);
#3214=ORIENTED_EDGE('',*,*,#2448,.T.);
#3215=ORIENTED_EDGE('',*,*,#2352,.F.);
#3216=ORIENTED_EDGE('',*,*,#2346,.T.);
#3217=ORIENTED_EDGE('',*,*,#2342,.F.);
#3218=ORIENTED_EDGE('',*,*,#2446,.T.);
#3219=ORIENTED_EDGE('',*,*,#2483,.F.);
#3220=ORIENTED_EDGE('',*,*,#2364,.F.);
#3221=ORIENTED_EDGE('',*,*,#2369,.F.);
#3222=ORIENTED_EDGE('',*,*,#2370,.F.);
#3223=ORIENTED_EDGE('',*,*,#2366,.F.);
#3224=ORIENTED_EDGE('',*,*,#2484,.F.);
#3225=ORIENTED_EDGE('',*,*,#2485,.T.);
#3226=ORIENTED_EDGE('',*,*,#2486,.T.);
#3227=ORIENTED_EDGE('',*,*,#2487,.T.);
#3228=ORIENTED_EDGE('',*,*,#2488,.T.);
#3229=ORIENTED_EDGE('',*,*,#2489,.T.);
#3230=ORIENTED_EDGE('',*,*,#2490,.T.);
#3231=ORIENTED_EDGE('',*,*,#2491,.T.);
#3232=ORIENTED_EDGE('',*,*,#2492,.T.);
#3233=ORIENTED_EDGE('',*,*,#2493,.F.);
#3234=ORIENTED_EDGE('',*,*,#2350,.T.);
#3235=ORIENTED_EDGE('',*,*,#2415,.T.);
#3236=ORIENTED_EDGE('',*,*,#2494,.F.);
#3237=ORIENTED_EDGE('',*,*,#2344,.F.);
#3238=ORIENTED_EDGE('',*,*,#2495,.F.);
#3239=ORIENTED_EDGE('',*,*,#2496,.F.);
#3240=ORIENTED_EDGE('',*,*,#2497,.F.);
#3241=ORIENTED_EDGE('',*,*,#2498,.F.);
#3242=ORIENTED_EDGE('',*,*,#2499,.F.);
#3243=ORIENTED_EDGE('',*,*,#2500,.F.);
#3244=ORIENTED_EDGE('',*,*,#2501,.F.);
#3245=ORIENTED_EDGE('',*,*,#2502,.F.);
#3246=ORIENTED_EDGE('',*,*,#2372,.F.);
#3247=ORIENTED_EDGE('',*,*,#2503,.F.);
#3248=ORIENTED_EDGE('',*,*,#2504,.F.);
#3249=ORIENTED_EDGE('',*,*,#2505,.F.);
#3250=ORIENTED_EDGE('',*,*,#2506,.F.);
#3251=ORIENTED_EDGE('',*,*,#2507,.F.);
#3252=ORIENTED_EDGE('',*,*,#2508,.F.);
#3253=ORIENTED_EDGE('',*,*,#2509,.F.);
#3254=ORIENTED_EDGE('',*,*,#2510,.F.);
#3255=ORIENTED_EDGE('',*,*,#2374,.T.);
#3256=ORIENTED_EDGE('',*,*,#2511,.F.);
#3257=ORIENTED_EDGE('',*,*,#2404,.T.);
#3258=ORIENTED_EDGE('',*,*,#2378,.F.);
#3259=ORIENTED_EDGE('',*,*,#2512,.F.);
#3260=ORIENTED_EDGE('',*,*,#2513,.F.);
#3261=ORIENTED_EDGE('',*,*,#2514,.T.);
#3262=ORIENTED_EDGE('',*,*,#2379,.F.);
#3263=ORIENTED_EDGE('',*,*,#2480,.F.);
#3264=ORIENTED_EDGE('',*,*,#2515,.T.);
#3265=ORIENTED_EDGE('',*,*,#2512,.T.);
#3266=ORIENTED_EDGE('',*,*,#2381,.F.);
#3267=ORIENTED_EDGE('',*,*,#2514,.F.);
#3268=ORIENTED_EDGE('',*,*,#2515,.F.);
#3269=ORIENTED_EDGE('',*,*,#2513,.T.);
#3270=ORIENTED_EDGE('',*,*,#2479,.F.);
#3271=ORIENTED_EDGE('',*,*,#2516,.T.);
#3272=ORIENTED_EDGE('',*,*,#2517,.T.);
#3273=ORIENTED_EDGE('',*,*,#2518,.F.);
#3274=ORIENTED_EDGE('',*,*,#2519,.F.);
#3275=ORIENTED_EDGE('',*,*,#2481,.T.);
#3276=ORIENTED_EDGE('',*,*,#2520,.T.);
#3277=ORIENTED_EDGE('',*,*,#2391,.T.);
#3278=ORIENTED_EDGE('',*,*,#2383,.T.);
#3279=ORIENTED_EDGE('',*,*,#2390,.T.);
#3280=ORIENTED_EDGE('',*,*,#2521,.T.);
#3281=ORIENTED_EDGE('',*,*,#2522,.T.);
#3282=ORIENTED_EDGE('',*,*,#2523,.T.);
#3283=ORIENTED_EDGE('',*,*,#2386,.T.);
#3284=ORIENTED_EDGE('',*,*,#2397,.T.);
#3285=ORIENTED_EDGE('',*,*,#2395,.T.);
#3286=ORIENTED_EDGE('',*,*,#2524,.T.);
#3287=ORIENTED_EDGE('',*,*,#2459,.T.);
#3288=ORIENTED_EDGE('',*,*,#2525,.T.);
#3289=ORIENTED_EDGE('',*,*,#2526,.T.);
#3290=ORIENTED_EDGE('',*,*,#2527,.F.);
#3291=ORIENTED_EDGE('',*,*,#2528,.F.);
#3292=ORIENTED_EDGE('',*,*,#2405,.T.);
#3293=ORIENTED_EDGE('',*,*,#2511,.T.);
#3294=ORIENTED_EDGE('',*,*,#2529,.T.);
#3295=ORIENTED_EDGE('',*,*,#2530,.T.);
#3296=ORIENTED_EDGE('',*,*,#2520,.F.);
#3297=ORIENTED_EDGE('',*,*,#2483,.T.);
#3298=ORIENTED_EDGE('',*,*,#2445,.T.);
#3299=ORIENTED_EDGE('',*,*,#2531,.F.);
#3300=ORIENTED_EDGE('',*,*,#2532,.T.);
#3301=ORIENTED_EDGE('',*,*,#2533,.F.);
#3302=ORIENTED_EDGE('',*,*,#2441,.T.);
#3303=ORIENTED_EDGE('',*,*,#2534,.F.);
#3304=ORIENTED_EDGE('',*,*,#2535,.T.);
#3305=ORIENTED_EDGE('',*,*,#2536,.F.);
#3306=ORIENTED_EDGE('',*,*,#2537,.F.);
#3307=ORIENTED_EDGE('',*,*,#2538,.F.);
#3308=ORIENTED_EDGE('',*,*,#2539,.F.);
#3309=ORIENTED_EDGE('',*,*,#2540,.F.);
#3310=ORIENTED_EDGE('',*,*,#2541,.T.);
#3311=ORIENTED_EDGE('',*,*,#2542,.F.);
#3312=ORIENTED_EDGE('',*,*,#2521,.F.);
#3313=ORIENTED_EDGE('',*,*,#2389,.T.);
#3314=ORIENTED_EDGE('',*,*,#2543,.F.);
#3315=ORIENTED_EDGE('',*,*,#2392,.T.);
#3316=ORIENTED_EDGE('',*,*,#2388,.F.);
#3317=ORIENTED_EDGE('',*,*,#2544,.T.);
#3318=ORIENTED_EDGE('',*,*,#2393,.F.);
#3319=ORIENTED_EDGE('',*,*,#2543,.T.);
#3320=ORIENTED_EDGE('',*,*,#2523,.F.);
#3321=ORIENTED_EDGE('',*,*,#2545,.T.);
#3322=ORIENTED_EDGE('',*,*,#2546,.T.);
#3323=ORIENTED_EDGE('',*,*,#2547,.F.);
#3324=ORIENTED_EDGE('',*,*,#2548,.F.);
#3325=ORIENTED_EDGE('',*,*,#2549,.F.);
#3326=ORIENTED_EDGE('',*,*,#2550,.F.);
#3327=ORIENTED_EDGE('',*,*,#2551,.F.);
#3328=ORIENTED_EDGE('',*,*,#2552,.T.);
#3329=ORIENTED_EDGE('',*,*,#2553,.T.);
#3330=ORIENTED_EDGE('',*,*,#2439,.T.);
#3331=ORIENTED_EDGE('',*,*,#2554,.F.);
#3332=ORIENTED_EDGE('',*,*,#2555,.T.);
#3333=ORIENTED_EDGE('',*,*,#2556,.F.);
#3334=ORIENTED_EDGE('',*,*,#2435,.T.);
#3335=ORIENTED_EDGE('',*,*,#2460,.F.);
#3336=ORIENTED_EDGE('',*,*,#2524,.F.);
#3337=ORIENTED_EDGE('',*,*,#2394,.T.);
#3338=ORIENTED_EDGE('',*,*,#2544,.F.);
#3339=ORIENTED_EDGE('',*,*,#2387,.T.);
#3340=ORIENTED_EDGE('',*,*,#2398,.F.);
#3341=ORIENTED_EDGE('',*,*,#2557,.F.);
#3342=ORIENTED_EDGE('',*,*,#2400,.F.);
#3343=ORIENTED_EDGE('',*,*,#2558,.F.);
#3344=ORIENTED_EDGE('',*,*,#2402,.F.);
#3345=ORIENTED_EDGE('',*,*,#2456,.T.);
#3346=ORIENTED_EDGE('',*,*,#2559,.T.);
#3347=ORIENTED_EDGE('',*,*,#2560,.T.);
#3348=ORIENTED_EDGE('',*,*,#2561,.T.);
#3349=ORIENTED_EDGE('',*,*,#2418,.T.);
#3350=ORIENTED_EDGE('',*,*,#2412,.F.);
#3351=ORIENTED_EDGE('',*,*,#2403,.F.);
#3352=ORIENTED_EDGE('',*,*,#2408,.F.);
#3353=ORIENTED_EDGE('',*,*,#2562,.T.);
#3354=ORIENTED_EDGE('',*,*,#2563,.T.);
#3355=ORIENTED_EDGE('',*,*,#2564,.F.);
#3356=ORIENTED_EDGE('',*,*,#2406,.F.);
#3357=ORIENTED_EDGE('',*,*,#2528,.T.);
#3358=ORIENTED_EDGE('',*,*,#2565,.T.);
#3359=ORIENTED_EDGE('',*,*,#2407,.F.);
#3360=ORIENTED_EDGE('',*,*,#2566,.F.);
#3361=ORIENTED_EDGE('',*,*,#2567,.F.);
#3362=ORIENTED_EDGE('',*,*,#2568,.T.);
#3363=ORIENTED_EDGE('',*,*,#2569,.T.);
#3364=ORIENTED_EDGE('',*,*,#2570,.T.);
#3365=ORIENTED_EDGE('',*,*,#2571,.F.);
#3366=ORIENTED_EDGE('',*,*,#2572,.F.);
#3367=ORIENTED_EDGE('',*,*,#2573,.T.);
#3368=ORIENTED_EDGE('',*,*,#2574,.T.);
#3369=ORIENTED_EDGE('',*,*,#2575,.T.);
#3370=ORIENTED_EDGE('',*,*,#2409,.F.);
#3371=ORIENTED_EDGE('',*,*,#2576,.F.);
#3372=ORIENTED_EDGE('',*,*,#2429,.F.);
#3373=ORIENTED_EDGE('',*,*,#2410,.F.);
#3374=ORIENTED_EDGE('',*,*,#2494,.T.);
#3375=ORIENTED_EDGE('',*,*,#2414,.T.);
#3376=ORIENTED_EDGE('',*,*,#2577,.F.);
#3377=ORIENTED_EDGE('',*,*,#2472,.F.);
#3378=ORIENTED_EDGE('',*,*,#2577,.T.);
#3379=ORIENTED_EDGE('',*,*,#2421,.T.);
#3380=ORIENTED_EDGE('',*,*,#2578,.F.);
#3381=ORIENTED_EDGE('',*,*,#2579,.F.);
#3382=ORIENTED_EDGE('',*,*,#2578,.T.);
#3383=ORIENTED_EDGE('',*,*,#2420,.T.);
#3384=ORIENTED_EDGE('',*,*,#2580,.F.);
#3385=ORIENTED_EDGE('',*,*,#2581,.F.);
#3386=ORIENTED_EDGE('',*,*,#2580,.T.);
#3387=ORIENTED_EDGE('',*,*,#2419,.T.);
#3388=ORIENTED_EDGE('',*,*,#2561,.F.);
#3389=ORIENTED_EDGE('',*,*,#2560,.F.);
#3390=ORIENTED_EDGE('',*,*,#2422,.T.);
#3391=ORIENTED_EDGE('',*,*,#2582,.T.);
#3392=ORIENTED_EDGE('',*,*,#2443,.F.);
#3393=ORIENTED_EDGE('',*,*,#2583,.F.);
#3394=ORIENTED_EDGE('',*,*,#2423,.T.);
#3395=ORIENTED_EDGE('',*,*,#2583,.T.);
#3396=ORIENTED_EDGE('',*,*,#2442,.F.);
#3397=ORIENTED_EDGE('',*,*,#2533,.T.);
#3398=ORIENTED_EDGE('',*,*,#2584,.F.);
#3399=ORIENTED_EDGE('',*,*,#2554,.T.);
#3400=ORIENTED_EDGE('',*,*,#2438,.F.);
#3401=ORIENTED_EDGE('',*,*,#2585,.F.);
#3402=ORIENTED_EDGE('',*,*,#2425,.T.);
#3403=ORIENTED_EDGE('',*,*,#2586,.T.);
#3404=ORIENTED_EDGE('',*,*,#2436,.F.);
#3405=ORIENTED_EDGE('',*,*,#2556,.T.);
#3406=ORIENTED_EDGE('',*,*,#2587,.F.);
#3407=ORIENTED_EDGE('',*,*,#2531,.T.);
#3408=ORIENTED_EDGE('',*,*,#2444,.F.);
#3409=ORIENTED_EDGE('',*,*,#2582,.F.);
#3410=ORIENTED_EDGE('',*,*,#2424,.T.);
#3411=ORIENTED_EDGE('',*,*,#2585,.T.);
#3412=ORIENTED_EDGE('',*,*,#2437,.F.);
#3413=ORIENTED_EDGE('',*,*,#2586,.F.);
#3414=ORIENTED_EDGE('',*,*,#2588,.F.);
#3415=ORIENTED_EDGE('',*,*,#2589,.T.);
#3416=ORIENTED_EDGE('',*,*,#2426,.T.);
#3417=ORIENTED_EDGE('',*,*,#2589,.F.);
#3418=ORIENTED_EDGE('',*,*,#2590,.F.);
#3419=ORIENTED_EDGE('',*,*,#2591,.T.);
#3420=ORIENTED_EDGE('',*,*,#2427,.T.);
#3421=ORIENTED_EDGE('',*,*,#2591,.F.);
#3422=ORIENTED_EDGE('',*,*,#2592,.T.);
#3423=ORIENTED_EDGE('',*,*,#2581,.T.);
#3424=ORIENTED_EDGE('',*,*,#2559,.F.);
#3425=ORIENTED_EDGE('',*,*,#2455,.F.);
#3426=ORIENTED_EDGE('',*,*,#2592,.F.);
#3427=ORIENTED_EDGE('',*,*,#2454,.T.);
#3428=ORIENTED_EDGE('',*,*,#2473,.T.);
#3429=ORIENTED_EDGE('',*,*,#2579,.T.);
#3430=ORIENTED_EDGE('',*,*,#2593,.T.);
#3431=ORIENTED_EDGE('',*,*,#2474,.T.);
#3432=ORIENTED_EDGE('',*,*,#2452,.T.);
#3433=ORIENTED_EDGE('',*,*,#2594,.T.);
#3434=ORIENTED_EDGE('',*,*,#2593,.F.);
#3435=ORIENTED_EDGE('',*,*,#2451,.T.);
#3436=ORIENTED_EDGE('',*,*,#2595,.T.);
#3437=ORIENTED_EDGE('',*,*,#2596,.F.);
#3438=ORIENTED_EDGE('',*,*,#2597,.F.);
#3439=ORIENTED_EDGE('',*,*,#2595,.F.);
#3440=ORIENTED_EDGE('',*,*,#2450,.F.);
#3441=ORIENTED_EDGE('',*,*,#2598,.F.);
#3442=ORIENTED_EDGE('',*,*,#2482,.F.);
#3443=ORIENTED_EDGE('',*,*,#2519,.T.);
#3444=ORIENTED_EDGE('',*,*,#2599,.T.);
#3445=ORIENTED_EDGE('',*,*,#2600,.T.);
#3446=ORIENTED_EDGE('',*,*,#2601,.T.);
#3447=ORIENTED_EDGE('',*,*,#2602,.T.);
#3448=ORIENTED_EDGE('',*,*,#2598,.T.);
#3449=ORIENTED_EDGE('',*,*,#2449,.F.);
#3450=ORIENTED_EDGE('',*,*,#2603,.F.);
#3451=ORIENTED_EDGE('',*,*,#2534,.T.);
#3452=ORIENTED_EDGE('',*,*,#2440,.T.);
#3453=ORIENTED_EDGE('',*,*,#2553,.F.);
#3454=ORIENTED_EDGE('',*,*,#2461,.T.);
#3455=ORIENTED_EDGE('',*,*,#2432,.T.);
#3456=ORIENTED_EDGE('',*,*,#2604,.F.);
#3457=ORIENTED_EDGE('',*,*,#2605,.F.);
#3458=ORIENTED_EDGE('',*,*,#2563,.F.);
#3459=ORIENTED_EDGE('',*,*,#2606,.F.);
#3460=ORIENTED_EDGE('',*,*,#2607,.F.);
#3461=ORIENTED_EDGE('',*,*,#2525,.F.);
#3462=ORIENTED_EDGE('',*,*,#2608,.T.);
#3463=ORIENTED_EDGE('',*,*,#2604,.T.);
#3464=ORIENTED_EDGE('',*,*,#2431,.T.);
#3465=ORIENTED_EDGE('',*,*,#2575,.F.);
#3466=ORIENTED_EDGE('',*,*,#2609,.T.);
#3467=ORIENTED_EDGE('',*,*,#2610,.T.);
#3468=ORIENTED_EDGE('',*,*,#2608,.F.);
#3469=ORIENTED_EDGE('',*,*,#2430,.F.);
#3470=ORIENTED_EDGE('',*,*,#2576,.T.);
#3471=ORIENTED_EDGE('',*,*,#2457,.F.);
#3472=ORIENTED_EDGE('',*,*,#2611,.T.);
#3473=ORIENTED_EDGE('',*,*,#2612,.T.);
#3474=ORIENTED_EDGE('',*,*,#2611,.F.);
#3475=ORIENTED_EDGE('',*,*,#2458,.F.);
#3476=ORIENTED_EDGE('',*,*,#2613,.T.);
#3477=ORIENTED_EDGE('',*,*,#2614,.T.);
#3478=ORIENTED_EDGE('',*,*,#2613,.F.);
#3479=ORIENTED_EDGE('',*,*,#2462,.T.);
#3480=ORIENTED_EDGE('',*,*,#2615,.T.);
#3481=ORIENTED_EDGE('',*,*,#2616,.F.);
#3482=ORIENTED_EDGE('',*,*,#2615,.F.);
#3483=ORIENTED_EDGE('',*,*,#2617,.T.);
#3484=ORIENTED_EDGE('',*,*,#2618,.T.);
#3485=ORIENTED_EDGE('',*,*,#2619,.F.);
#3486=ORIENTED_EDGE('',*,*,#2463,.F.);
#3487=ORIENTED_EDGE('',*,*,#2620,.T.);
#3488=ORIENTED_EDGE('',*,*,#2621,.T.);
#3489=ORIENTED_EDGE('',*,*,#2617,.F.);
#3490=ORIENTED_EDGE('',*,*,#2470,.F.);
#3491=ORIENTED_EDGE('',*,*,#2622,.T.);
#3492=ORIENTED_EDGE('',*,*,#2623,.T.);
#3493=ORIENTED_EDGE('',*,*,#2620,.F.);
#3494=ORIENTED_EDGE('',*,*,#2469,.F.);
#3495=ORIENTED_EDGE('',*,*,#2624,.T.);
#3496=ORIENTED_EDGE('',*,*,#2625,.T.);
#3497=ORIENTED_EDGE('',*,*,#2622,.F.);
#3498=ORIENTED_EDGE('',*,*,#2468,.F.);
#3499=ORIENTED_EDGE('',*,*,#2626,.T.);
#3500=ORIENTED_EDGE('',*,*,#2627,.T.);
#3501=ORIENTED_EDGE('',*,*,#2624,.F.);
#3502=ORIENTED_EDGE('',*,*,#2467,.F.);
#3503=ORIENTED_EDGE('',*,*,#2628,.T.);
#3504=ORIENTED_EDGE('',*,*,#2629,.T.);
#3505=ORIENTED_EDGE('',*,*,#2626,.F.);
#3506=ORIENTED_EDGE('',*,*,#2466,.F.);
#3507=ORIENTED_EDGE('',*,*,#2630,.T.);
#3508=ORIENTED_EDGE('',*,*,#2631,.T.);
#3509=ORIENTED_EDGE('',*,*,#2628,.F.);
#3510=ORIENTED_EDGE('',*,*,#2465,.F.);
#3511=ORIENTED_EDGE('',*,*,#2619,.T.);
#3512=ORIENTED_EDGE('',*,*,#2632,.T.);
#3513=ORIENTED_EDGE('',*,*,#2630,.F.);
#3514=ORIENTED_EDGE('',*,*,#2464,.F.);
#3515=ORIENTED_EDGE('',*,*,#2471,.T.);
#3516=ORIENTED_EDGE('',*,*,#2633,.T.);
#3517=ORIENTED_EDGE('',*,*,#2634,.F.);
#3518=ORIENTED_EDGE('',*,*,#2633,.F.);
#3519=ORIENTED_EDGE('',*,*,#2476,.T.);
#3520=ORIENTED_EDGE('',*,*,#2635,.T.);
#3521=ORIENTED_EDGE('',*,*,#2601,.F.);
#3522=ORIENTED_EDGE('',*,*,#2636,.F.);
#3523=ORIENTED_EDGE('',*,*,#2478,.T.);
#3524=ORIENTED_EDGE('',*,*,#2637,.F.);
#3525=ORIENTED_EDGE('',*,*,#2516,.F.);
#3526=ORIENTED_EDGE('',*,*,#2477,.T.);
#3527=ORIENTED_EDGE('',*,*,#2638,.F.);
#3528=ORIENTED_EDGE('',*,*,#2639,.F.);
#3529=ORIENTED_EDGE('',*,*,#2640,.F.);
#3530=ORIENTED_EDGE('',*,*,#2641,.T.);
#3531=ORIENTED_EDGE('',*,*,#2642,.T.);
#3532=ORIENTED_EDGE('',*,*,#2643,.T.);
#3533=ORIENTED_EDGE('',*,*,#2475,.T.);
#3534=ORIENTED_EDGE('',*,*,#2594,.F.);
#3535=ORIENTED_EDGE('',*,*,#2644,.F.);
#3536=ORIENTED_EDGE('',*,*,#2645,.F.);
#3537=ORIENTED_EDGE('',*,*,#2646,.T.);
#3538=ORIENTED_EDGE('',*,*,#2484,.T.);
#3539=ORIENTED_EDGE('',*,*,#2647,.T.);
#3540=ORIENTED_EDGE('',*,*,#2648,.F.);
#3541=ORIENTED_EDGE('',*,*,#2647,.F.);
#3542=ORIENTED_EDGE('',*,*,#2649,.T.);
#3543=ORIENTED_EDGE('',*,*,#2650,.T.);
#3544=ORIENTED_EDGE('',*,*,#2651,.F.);
#3545=ORIENTED_EDGE('',*,*,#2485,.F.);
#3546=ORIENTED_EDGE('',*,*,#2652,.T.);
#3547=ORIENTED_EDGE('',*,*,#2653,.T.);
#3548=ORIENTED_EDGE('',*,*,#2649,.F.);
#3549=ORIENTED_EDGE('',*,*,#2492,.F.);
#3550=ORIENTED_EDGE('',*,*,#2654,.T.);
#3551=ORIENTED_EDGE('',*,*,#2655,.T.);
#3552=ORIENTED_EDGE('',*,*,#2652,.F.);
#3553=ORIENTED_EDGE('',*,*,#2491,.F.);
#3554=ORIENTED_EDGE('',*,*,#2656,.T.);
#3555=ORIENTED_EDGE('',*,*,#2657,.T.);
#3556=ORIENTED_EDGE('',*,*,#2654,.F.);
#3557=ORIENTED_EDGE('',*,*,#2490,.F.);
#3558=ORIENTED_EDGE('',*,*,#2658,.T.);
#3559=ORIENTED_EDGE('',*,*,#2659,.T.);
#3560=ORIENTED_EDGE('',*,*,#2656,.F.);
#3561=ORIENTED_EDGE('',*,*,#2489,.F.);
#3562=ORIENTED_EDGE('',*,*,#2660,.T.);
#3563=ORIENTED_EDGE('',*,*,#2661,.T.);
#3564=ORIENTED_EDGE('',*,*,#2658,.F.);
#3565=ORIENTED_EDGE('',*,*,#2488,.F.);
#3566=ORIENTED_EDGE('',*,*,#2662,.T.);
#3567=ORIENTED_EDGE('',*,*,#2663,.T.);
#3568=ORIENTED_EDGE('',*,*,#2660,.F.);
#3569=ORIENTED_EDGE('',*,*,#2487,.F.);
#3570=ORIENTED_EDGE('',*,*,#2651,.T.);
#3571=ORIENTED_EDGE('',*,*,#2664,.T.);
#3572=ORIENTED_EDGE('',*,*,#2662,.F.);
#3573=ORIENTED_EDGE('',*,*,#2486,.F.);
#3574=ORIENTED_EDGE('',*,*,#2493,.T.);
#3575=ORIENTED_EDGE('',*,*,#2665,.T.);
#3576=ORIENTED_EDGE('',*,*,#2666,.F.);
#3577=ORIENTED_EDGE('',*,*,#2665,.F.);
#3578=ORIENTED_EDGE('',*,*,#2667,.F.);
#3579=ORIENTED_EDGE('',*,*,#2495,.T.);
#3580=ORIENTED_EDGE('',*,*,#2668,.T.);
#3581=ORIENTED_EDGE('',*,*,#2669,.F.);
#3582=ORIENTED_EDGE('',*,*,#2668,.F.);
#3583=ORIENTED_EDGE('',*,*,#2502,.T.);
#3584=ORIENTED_EDGE('',*,*,#2670,.T.);
#3585=ORIENTED_EDGE('',*,*,#2671,.F.);
#3586=ORIENTED_EDGE('',*,*,#2670,.F.);
#3587=ORIENTED_EDGE('',*,*,#2501,.T.);
#3588=ORIENTED_EDGE('',*,*,#2672,.T.);
#3589=ORIENTED_EDGE('',*,*,#2673,.F.);
#3590=ORIENTED_EDGE('',*,*,#2672,.F.);
#3591=ORIENTED_EDGE('',*,*,#2500,.T.);
#3592=ORIENTED_EDGE('',*,*,#2674,.T.);
#3593=ORIENTED_EDGE('',*,*,#2675,.F.);
#3594=ORIENTED_EDGE('',*,*,#2674,.F.);
#3595=ORIENTED_EDGE('',*,*,#2499,.T.);
#3596=ORIENTED_EDGE('',*,*,#2676,.T.);
#3597=ORIENTED_EDGE('',*,*,#2677,.F.);
#3598=ORIENTED_EDGE('',*,*,#2676,.F.);
#3599=ORIENTED_EDGE('',*,*,#2498,.T.);
#3600=ORIENTED_EDGE('',*,*,#2678,.T.);
#3601=ORIENTED_EDGE('',*,*,#2679,.F.);
#3602=ORIENTED_EDGE('',*,*,#2678,.F.);
#3603=ORIENTED_EDGE('',*,*,#2497,.T.);
#3604=ORIENTED_EDGE('',*,*,#2680,.T.);
#3605=ORIENTED_EDGE('',*,*,#2681,.F.);
#3606=ORIENTED_EDGE('',*,*,#2680,.F.);
#3607=ORIENTED_EDGE('',*,*,#2496,.T.);
#3608=ORIENTED_EDGE('',*,*,#2667,.T.);
#3609=ORIENTED_EDGE('',*,*,#2682,.F.);
#3610=ORIENTED_EDGE('',*,*,#2683,.F.);
#3611=ORIENTED_EDGE('',*,*,#2503,.T.);
#3612=ORIENTED_EDGE('',*,*,#2684,.T.);
#3613=ORIENTED_EDGE('',*,*,#2685,.F.);
#3614=ORIENTED_EDGE('',*,*,#2684,.F.);
#3615=ORIENTED_EDGE('',*,*,#2510,.T.);
#3616=ORIENTED_EDGE('',*,*,#2686,.T.);
#3617=ORIENTED_EDGE('',*,*,#2687,.F.);
#3618=ORIENTED_EDGE('',*,*,#2686,.F.);
#3619=ORIENTED_EDGE('',*,*,#2509,.T.);
#3620=ORIENTED_EDGE('',*,*,#2688,.T.);
#3621=ORIENTED_EDGE('',*,*,#2689,.F.);
#3622=ORIENTED_EDGE('',*,*,#2688,.F.);
#3623=ORIENTED_EDGE('',*,*,#2508,.T.);
#3624=ORIENTED_EDGE('',*,*,#2690,.T.);
#3625=ORIENTED_EDGE('',*,*,#2691,.F.);
#3626=ORIENTED_EDGE('',*,*,#2690,.F.);
#3627=ORIENTED_EDGE('',*,*,#2507,.T.);
#3628=ORIENTED_EDGE('',*,*,#2692,.T.);
#3629=ORIENTED_EDGE('',*,*,#2693,.F.);
#3630=ORIENTED_EDGE('',*,*,#2692,.F.);
#3631=ORIENTED_EDGE('',*,*,#2506,.T.);
#3632=ORIENTED_EDGE('',*,*,#2694,.T.);
#3633=ORIENTED_EDGE('',*,*,#2695,.F.);
#3634=ORIENTED_EDGE('',*,*,#2694,.F.);
#3635=ORIENTED_EDGE('',*,*,#2505,.T.);
#3636=ORIENTED_EDGE('',*,*,#2696,.T.);
#3637=ORIENTED_EDGE('',*,*,#2697,.F.);
#3638=ORIENTED_EDGE('',*,*,#2696,.F.);
#3639=ORIENTED_EDGE('',*,*,#2504,.T.);
#3640=ORIENTED_EDGE('',*,*,#2683,.T.);
#3641=ORIENTED_EDGE('',*,*,#2698,.F.);
#3642=ORIENTED_EDGE('',*,*,#2637,.T.);
#3643=ORIENTED_EDGE('',*,*,#2642,.F.);
#3644=ORIENTED_EDGE('',*,*,#2699,.T.);
#3645=ORIENTED_EDGE('',*,*,#2700,.T.);
#3646=ORIENTED_EDGE('',*,*,#2701,.F.);
#3647=ORIENTED_EDGE('',*,*,#2517,.F.);
#3648=ORIENTED_EDGE('',*,*,#2599,.F.);
#3649=ORIENTED_EDGE('',*,*,#2518,.T.);
#3650=ORIENTED_EDGE('',*,*,#2701,.T.);
#3651=ORIENTED_EDGE('',*,*,#2522,.F.);
#3652=ORIENTED_EDGE('',*,*,#2542,.T.);
#3653=ORIENTED_EDGE('',*,*,#2702,.T.);
#3654=ORIENTED_EDGE('',*,*,#2545,.F.);
#3655=ORIENTED_EDGE('',*,*,#2607,.T.);
#3656=ORIENTED_EDGE('',*,*,#2703,.F.);
#3657=ORIENTED_EDGE('',*,*,#2526,.F.);
#3658=ORIENTED_EDGE('',*,*,#2565,.F.);
#3659=ORIENTED_EDGE('',*,*,#2527,.T.);
#3660=ORIENTED_EDGE('',*,*,#2703,.T.);
#3661=ORIENTED_EDGE('',*,*,#2704,.F.);
#3662=ORIENTED_EDGE('',*,*,#2705,.F.);
#3663=ORIENTED_EDGE('',*,*,#2566,.T.);
#3664=ORIENTED_EDGE('',*,*,#2529,.F.);
#3665=ORIENTED_EDGE('',*,*,#2706,.T.);
#3666=ORIENTED_EDGE('',*,*,#2557,.T.);
#3667=ORIENTED_EDGE('',*,*,#2706,.F.);
#3668=ORIENTED_EDGE('',*,*,#2530,.F.);
#3669=ORIENTED_EDGE('',*,*,#2707,.T.);
#3670=ORIENTED_EDGE('',*,*,#2558,.T.);
#3671=ORIENTED_EDGE('',*,*,#2707,.F.);
#3672=ORIENTED_EDGE('',*,*,#2541,.F.);
#3673=ORIENTED_EDGE('',*,*,#2708,.T.);
#3674=ORIENTED_EDGE('',*,*,#2546,.F.);
#3675=ORIENTED_EDGE('',*,*,#2702,.F.);
#3676=ORIENTED_EDGE('',*,*,#2540,.T.);
#3677=ORIENTED_EDGE('',*,*,#2709,.T.);
#3678=ORIENTED_EDGE('',*,*,#2547,.T.);
#3679=ORIENTED_EDGE('',*,*,#2708,.F.);
#3680=ORIENTED_EDGE('',*,*,#2539,.T.);
#3681=ORIENTED_EDGE('',*,*,#2710,.T.);
#3682=ORIENTED_EDGE('',*,*,#2548,.T.);
#3683=ORIENTED_EDGE('',*,*,#2709,.F.);
#3684=ORIENTED_EDGE('',*,*,#2538,.T.);
#3685=ORIENTED_EDGE('',*,*,#2711,.T.);
#3686=ORIENTED_EDGE('',*,*,#2549,.T.);
#3687=ORIENTED_EDGE('',*,*,#2710,.F.);
#3688=ORIENTED_EDGE('',*,*,#2537,.T.);
#3689=ORIENTED_EDGE('',*,*,#2712,.T.);
#3690=ORIENTED_EDGE('',*,*,#2550,.T.);
#3691=ORIENTED_EDGE('',*,*,#2711,.F.);
#3692=ORIENTED_EDGE('',*,*,#2536,.T.);
#3693=ORIENTED_EDGE('',*,*,#2713,.T.);
#3694=ORIENTED_EDGE('',*,*,#2551,.T.);
#3695=ORIENTED_EDGE('',*,*,#2712,.F.);
#3696=ORIENTED_EDGE('',*,*,#2535,.F.);
#3697=ORIENTED_EDGE('',*,*,#2603,.T.);
#3698=ORIENTED_EDGE('',*,*,#2552,.F.);
#3699=ORIENTED_EDGE('',*,*,#2713,.F.);
#3700=ORIENTED_EDGE('',*,*,#2584,.T.);
#3701=ORIENTED_EDGE('',*,*,#2532,.F.);
#3702=ORIENTED_EDGE('',*,*,#2587,.T.);
#3703=ORIENTED_EDGE('',*,*,#2555,.F.);
#3704=ORIENTED_EDGE('',*,*,#2570,.F.);
#3705=ORIENTED_EDGE('',*,*,#2714,.T.);
#3706=ORIENTED_EDGE('',*,*,#2715,.T.);
#3707=ORIENTED_EDGE('',*,*,#2562,.F.);
#3708=ORIENTED_EDGE('',*,*,#2571,.T.);
#3709=ORIENTED_EDGE('',*,*,#2564,.T.);
#3710=ORIENTED_EDGE('',*,*,#2716,.F.);
#3711=ORIENTED_EDGE('',*,*,#2717,.F.);
#3712=ORIENTED_EDGE('',*,*,#2567,.T.);
#3713=ORIENTED_EDGE('',*,*,#2705,.T.);
#3714=ORIENTED_EDGE('',*,*,#2718,.F.);
#3715=ORIENTED_EDGE('',*,*,#2606,.T.);
#3716=ORIENTED_EDGE('',*,*,#2715,.F.);
#3717=ORIENTED_EDGE('',*,*,#2719,.F.);
#3718=ORIENTED_EDGE('',*,*,#2568,.F.);
#3719=ORIENTED_EDGE('',*,*,#2718,.T.);
#3720=ORIENTED_EDGE('',*,*,#2704,.T.);
#3721=ORIENTED_EDGE('',*,*,#2569,.F.);
#3722=ORIENTED_EDGE('',*,*,#2719,.T.);
#3723=ORIENTED_EDGE('',*,*,#2714,.F.);
#3724=ORIENTED_EDGE('',*,*,#2572,.T.);
#3725=ORIENTED_EDGE('',*,*,#2717,.T.);
#3726=ORIENTED_EDGE('',*,*,#2720,.F.);
#3727=ORIENTED_EDGE('',*,*,#2716,.T.);
#3728=ORIENTED_EDGE('',*,*,#2605,.T.);
#3729=ORIENTED_EDGE('',*,*,#2610,.F.);
#3730=ORIENTED_EDGE('',*,*,#2721,.F.);
#3731=ORIENTED_EDGE('',*,*,#2573,.F.);
#3732=ORIENTED_EDGE('',*,*,#2720,.T.);
#3733=ORIENTED_EDGE('',*,*,#2574,.F.);
#3734=ORIENTED_EDGE('',*,*,#2721,.T.);
#3735=ORIENTED_EDGE('',*,*,#2609,.F.);
#3736=ORIENTED_EDGE('',*,*,#2588,.T.);
#3737=ORIENTED_EDGE('',*,*,#2612,.F.);
#3738=ORIENTED_EDGE('',*,*,#2590,.T.);
#3739=ORIENTED_EDGE('',*,*,#2614,.F.);
#3740=ORIENTED_EDGE('',*,*,#2722,.F.);
#3741=ORIENTED_EDGE('',*,*,#2723,.F.);
#3742=ORIENTED_EDGE('',*,*,#2645,.T.);
#3743=ORIENTED_EDGE('',*,*,#2724,.T.);
#3744=ORIENTED_EDGE('',*,*,#2596,.T.);
#3745=ORIENTED_EDGE('',*,*,#2602,.F.);
#3746=ORIENTED_EDGE('',*,*,#2644,.T.);
#3747=ORIENTED_EDGE('',*,*,#2597,.T.);
#3748=ORIENTED_EDGE('',*,*,#2724,.F.);
#3749=ORIENTED_EDGE('',*,*,#2600,.F.);
#3750=ORIENTED_EDGE('',*,*,#2700,.F.);
#3751=ORIENTED_EDGE('',*,*,#2725,.F.);
#3752=ORIENTED_EDGE('',*,*,#2640,.T.);
#3753=ORIENTED_EDGE('',*,*,#2726,.T.);
#3754=ORIENTED_EDGE('',*,*,#2727,.T.);
#3755=ORIENTED_EDGE('',*,*,#2616,.T.);
#3756=ORIENTED_EDGE('',*,*,#2728,.F.);
#3757=ORIENTED_EDGE('',*,*,#2632,.F.);
#3758=ORIENTED_EDGE('',*,*,#2618,.F.);
#3759=ORIENTED_EDGE('',*,*,#2621,.F.);
#3760=ORIENTED_EDGE('',*,*,#2623,.F.);
#3761=ORIENTED_EDGE('',*,*,#2625,.F.);
#3762=ORIENTED_EDGE('',*,*,#2627,.F.);
#3763=ORIENTED_EDGE('',*,*,#2629,.F.);
#3764=ORIENTED_EDGE('',*,*,#2631,.F.);
#3765=ORIENTED_EDGE('',*,*,#2669,.T.);
#3766=ORIENTED_EDGE('',*,*,#2671,.T.);
#3767=ORIENTED_EDGE('',*,*,#2673,.T.);
#3768=ORIENTED_EDGE('',*,*,#2675,.T.);
#3769=ORIENTED_EDGE('',*,*,#2677,.T.);
#3770=ORIENTED_EDGE('',*,*,#2679,.T.);
#3771=ORIENTED_EDGE('',*,*,#2681,.T.);
#3772=ORIENTED_EDGE('',*,*,#2682,.T.);
#3773=ORIENTED_EDGE('',*,*,#2634,.T.);
#3774=ORIENTED_EDGE('',*,*,#2729,.F.);
#3775=ORIENTED_EDGE('',*,*,#2638,.T.);
#3776=ORIENTED_EDGE('',*,*,#2636,.T.);
#3777=ORIENTED_EDGE('',*,*,#2727,.F.);
#3778=ORIENTED_EDGE('',*,*,#2730,.F.);
#3779=ORIENTED_EDGE('',*,*,#2643,.F.);
#3780=ORIENTED_EDGE('',*,*,#2731,.T.);
#3781=ORIENTED_EDGE('',*,*,#2722,.T.);
#3782=ORIENTED_EDGE('',*,*,#2635,.F.);
#3783=ORIENTED_EDGE('',*,*,#2641,.F.);
#3784=ORIENTED_EDGE('',*,*,#2725,.T.);
#3785=ORIENTED_EDGE('',*,*,#2699,.F.);
#3786=ORIENTED_EDGE('',*,*,#2639,.T.);
#3787=ORIENTED_EDGE('',*,*,#2730,.T.);
#3788=ORIENTED_EDGE('',*,*,#2726,.F.);
#3789=ORIENTED_EDGE('',*,*,#2646,.F.);
#3790=ORIENTED_EDGE('',*,*,#2723,.T.);
#3791=ORIENTED_EDGE('',*,*,#2731,.F.);
#3792=ORIENTED_EDGE('',*,*,#2648,.T.);
#3793=ORIENTED_EDGE('',*,*,#2732,.F.);
#3794=ORIENTED_EDGE('',*,*,#2664,.F.);
#3795=ORIENTED_EDGE('',*,*,#2650,.F.);
#3796=ORIENTED_EDGE('',*,*,#2653,.F.);
#3797=ORIENTED_EDGE('',*,*,#2655,.F.);
#3798=ORIENTED_EDGE('',*,*,#2657,.F.);
#3799=ORIENTED_EDGE('',*,*,#2659,.F.);
#3800=ORIENTED_EDGE('',*,*,#2661,.F.);
#3801=ORIENTED_EDGE('',*,*,#2663,.F.);
#3802=ORIENTED_EDGE('',*,*,#2685,.T.);
#3803=ORIENTED_EDGE('',*,*,#2687,.T.);
#3804=ORIENTED_EDGE('',*,*,#2689,.T.);
#3805=ORIENTED_EDGE('',*,*,#2691,.T.);
#3806=ORIENTED_EDGE('',*,*,#2693,.T.);
#3807=ORIENTED_EDGE('',*,*,#2695,.T.);
#3808=ORIENTED_EDGE('',*,*,#2697,.T.);
#3809=ORIENTED_EDGE('',*,*,#2698,.T.);
#3810=ORIENTED_EDGE('',*,*,#2666,.T.);
#3811=ORIENTED_EDGE('',*,*,#2733,.F.);
#3812=ORIENTED_EDGE('',*,*,#2728,.T.);
#3813=ORIENTED_EDGE('',*,*,#2734,.T.);
#3814=ORIENTED_EDGE('',*,*,#2735,.F.);
#3815=ORIENTED_EDGE('',*,*,#2734,.F.);
#3816=ORIENTED_EDGE('',*,*,#2729,.T.);
#3817=ORIENTED_EDGE('',*,*,#2736,.T.);
#3818=ORIENTED_EDGE('',*,*,#2737,.F.);
#3819=ORIENTED_EDGE('',*,*,#2736,.F.);
#3820=ORIENTED_EDGE('',*,*,#2732,.T.);
#3821=ORIENTED_EDGE('',*,*,#2738,.T.);
#3822=ORIENTED_EDGE('',*,*,#2739,.F.);
#3823=ORIENTED_EDGE('',*,*,#2738,.F.);
#3824=ORIENTED_EDGE('',*,*,#2733,.T.);
#3825=ORIENTED_EDGE('',*,*,#2740,.T.);
#3826=ORIENTED_EDGE('',*,*,#2741,.F.);
#3827=ORIENTED_EDGE('',*,*,#2740,.F.);
#3828=ORIENTED_EDGE('',*,*,#2735,.T.);
#3829=ORIENTED_EDGE('',*,*,#2742,.T.);
#3830=ORIENTED_EDGE('',*,*,#2743,.T.);
#3831=ORIENTED_EDGE('',*,*,#2744,.T.);
#3832=ORIENTED_EDGE('',*,*,#2745,.T.);
#3833=ORIENTED_EDGE('',*,*,#2746,.T.);
#3834=ORIENTED_EDGE('',*,*,#2747,.T.);
#3835=ORIENTED_EDGE('',*,*,#2748,.T.);
#3836=ORIENTED_EDGE('',*,*,#2749,.T.);
#3837=ORIENTED_EDGE('',*,*,#2750,.T.);
#3838=ORIENTED_EDGE('',*,*,#2751,.T.);
#3839=ORIENTED_EDGE('',*,*,#2752,.T.);
#3840=ORIENTED_EDGE('',*,*,#2753,.T.);
#3841=ORIENTED_EDGE('',*,*,#2737,.T.);
#3842=ORIENTED_EDGE('',*,*,#2754,.F.);
#3843=ORIENTED_EDGE('',*,*,#2755,.F.);
#3844=ORIENTED_EDGE('',*,*,#2756,.F.);
#3845=ORIENTED_EDGE('',*,*,#2757,.F.);
#3846=ORIENTED_EDGE('',*,*,#2739,.T.);
#3847=ORIENTED_EDGE('',*,*,#2758,.F.);
#3848=ORIENTED_EDGE('',*,*,#2759,.F.);
#3849=ORIENTED_EDGE('',*,*,#2760,.F.);
#3850=ORIENTED_EDGE('',*,*,#2761,.F.);
#3851=ORIENTED_EDGE('',*,*,#2741,.T.);
#3852=ORIENTED_EDGE('',*,*,#2762,.T.);
#3853=ORIENTED_EDGE('',*,*,#2763,.T.);
#3854=ORIENTED_EDGE('',*,*,#2764,.T.);
#3855=ORIENTED_EDGE('',*,*,#2765,.T.);
#3856=ORIENTED_EDGE('',*,*,#2766,.T.);
#3857=ORIENTED_EDGE('',*,*,#2767,.T.);
#3858=ORIENTED_EDGE('',*,*,#2768,.T.);
#3859=ORIENTED_EDGE('',*,*,#2769,.T.);
#3860=ORIENTED_EDGE('',*,*,#2770,.T.);
#3861=ORIENTED_EDGE('',*,*,#2771,.T.);
#3862=ORIENTED_EDGE('',*,*,#2772,.T.);
#3863=ORIENTED_EDGE('',*,*,#2773,.T.);
#3864=ORIENTED_EDGE('',*,*,#2774,.T.);
#3865=ORIENTED_EDGE('',*,*,#2775,.T.);
#3866=ORIENTED_EDGE('',*,*,#2776,.F.);
#3867=ORIENTED_EDGE('',*,*,#2742,.F.);
#3868=ORIENTED_EDGE('',*,*,#2777,.T.);
#3869=ORIENTED_EDGE('',*,*,#2778,.T.);
#3870=ORIENTED_EDGE('',*,*,#2774,.F.);
#3871=ORIENTED_EDGE('',*,*,#2753,.F.);
#3872=ORIENTED_EDGE('',*,*,#2779,.T.);
#3873=ORIENTED_EDGE('',*,*,#2780,.T.);
#3874=ORIENTED_EDGE('',*,*,#2777,.F.);
#3875=ORIENTED_EDGE('',*,*,#2752,.F.);
#3876=ORIENTED_EDGE('',*,*,#2781,.T.);
#3877=ORIENTED_EDGE('',*,*,#2782,.T.);
#3878=ORIENTED_EDGE('',*,*,#2779,.F.);
#3879=ORIENTED_EDGE('',*,*,#2751,.F.);
#3880=ORIENTED_EDGE('',*,*,#2783,.T.);
#3881=ORIENTED_EDGE('',*,*,#2784,.T.);
#3882=ORIENTED_EDGE('',*,*,#2781,.F.);
#3883=ORIENTED_EDGE('',*,*,#2750,.F.);
#3884=ORIENTED_EDGE('',*,*,#2785,.T.);
#3885=ORIENTED_EDGE('',*,*,#2786,.T.);
#3886=ORIENTED_EDGE('',*,*,#2783,.F.);
#3887=ORIENTED_EDGE('',*,*,#2749,.F.);
#3888=ORIENTED_EDGE('',*,*,#2787,.T.);
#3889=ORIENTED_EDGE('',*,*,#2788,.T.);
#3890=ORIENTED_EDGE('',*,*,#2785,.F.);
#3891=ORIENTED_EDGE('',*,*,#2748,.F.);
#3892=ORIENTED_EDGE('',*,*,#2789,.T.);
#3893=ORIENTED_EDGE('',*,*,#2790,.T.);
#3894=ORIENTED_EDGE('',*,*,#2787,.F.);
#3895=ORIENTED_EDGE('',*,*,#2747,.F.);
#3896=ORIENTED_EDGE('',*,*,#2791,.T.);
#3897=ORIENTED_EDGE('',*,*,#2792,.T.);
#3898=ORIENTED_EDGE('',*,*,#2789,.F.);
#3899=ORIENTED_EDGE('',*,*,#2746,.F.);
#3900=ORIENTED_EDGE('',*,*,#2793,.T.);
#3901=ORIENTED_EDGE('',*,*,#2794,.T.);
#3902=ORIENTED_EDGE('',*,*,#2791,.F.);
#3903=ORIENTED_EDGE('',*,*,#2745,.F.);
#3904=ORIENTED_EDGE('',*,*,#2795,.T.);
#3905=ORIENTED_EDGE('',*,*,#2796,.T.);
#3906=ORIENTED_EDGE('',*,*,#2793,.F.);
#3907=ORIENTED_EDGE('',*,*,#2744,.F.);
#3908=ORIENTED_EDGE('',*,*,#2776,.T.);
#3909=ORIENTED_EDGE('',*,*,#2797,.T.);
#3910=ORIENTED_EDGE('',*,*,#2795,.F.);
#3911=ORIENTED_EDGE('',*,*,#2743,.F.);
#3912=ORIENTED_EDGE('',*,*,#2798,.F.);
#3913=ORIENTED_EDGE('',*,*,#2754,.T.);
#3914=ORIENTED_EDGE('',*,*,#2799,.T.);
#3915=ORIENTED_EDGE('',*,*,#2800,.F.);
#3916=ORIENTED_EDGE('',*,*,#2799,.F.);
#3917=ORIENTED_EDGE('',*,*,#2757,.T.);
#3918=ORIENTED_EDGE('',*,*,#2801,.T.);
#3919=ORIENTED_EDGE('',*,*,#2802,.F.);
#3920=ORIENTED_EDGE('',*,*,#2801,.F.);
#3921=ORIENTED_EDGE('',*,*,#2756,.T.);
#3922=ORIENTED_EDGE('',*,*,#2803,.T.);
#3923=ORIENTED_EDGE('',*,*,#2804,.F.);
#3924=ORIENTED_EDGE('',*,*,#2803,.F.);
#3925=ORIENTED_EDGE('',*,*,#2755,.T.);
#3926=ORIENTED_EDGE('',*,*,#2798,.T.);
#3927=ORIENTED_EDGE('',*,*,#2805,.F.);
#3928=ORIENTED_EDGE('',*,*,#2806,.F.);
#3929=ORIENTED_EDGE('',*,*,#2758,.T.);
#3930=ORIENTED_EDGE('',*,*,#2807,.T.);
#3931=ORIENTED_EDGE('',*,*,#2808,.F.);
#3932=ORIENTED_EDGE('',*,*,#2807,.F.);
#3933=ORIENTED_EDGE('',*,*,#2761,.T.);
#3934=ORIENTED_EDGE('',*,*,#2809,.T.);
#3935=ORIENTED_EDGE('',*,*,#2810,.F.);
#3936=ORIENTED_EDGE('',*,*,#2809,.F.);
#3937=ORIENTED_EDGE('',*,*,#2760,.T.);
#3938=ORIENTED_EDGE('',*,*,#2811,.T.);
#3939=ORIENTED_EDGE('',*,*,#2812,.F.);
#3940=ORIENTED_EDGE('',*,*,#2811,.F.);
#3941=ORIENTED_EDGE('',*,*,#2759,.T.);
#3942=ORIENTED_EDGE('',*,*,#2806,.T.);
#3943=ORIENTED_EDGE('',*,*,#2813,.F.);
#3944=ORIENTED_EDGE('',*,*,#2814,.T.);
#3945=ORIENTED_EDGE('',*,*,#2815,.T.);
#3946=ORIENTED_EDGE('',*,*,#2816,.F.);
#3947=ORIENTED_EDGE('',*,*,#2762,.F.);
#3948=ORIENTED_EDGE('',*,*,#2817,.T.);
#3949=ORIENTED_EDGE('',*,*,#2818,.T.);
#3950=ORIENTED_EDGE('',*,*,#2814,.F.);
#3951=ORIENTED_EDGE('',*,*,#2773,.F.);
#3952=ORIENTED_EDGE('',*,*,#2819,.T.);
#3953=ORIENTED_EDGE('',*,*,#2820,.T.);
#3954=ORIENTED_EDGE('',*,*,#2817,.F.);
#3955=ORIENTED_EDGE('',*,*,#2772,.F.);
#3956=ORIENTED_EDGE('',*,*,#2821,.T.);
#3957=ORIENTED_EDGE('',*,*,#2822,.T.);
#3958=ORIENTED_EDGE('',*,*,#2819,.F.);
#3959=ORIENTED_EDGE('',*,*,#2771,.F.);
#3960=ORIENTED_EDGE('',*,*,#2823,.T.);
#3961=ORIENTED_EDGE('',*,*,#2824,.T.);
#3962=ORIENTED_EDGE('',*,*,#2821,.F.);
#3963=ORIENTED_EDGE('',*,*,#2770,.F.);
#3964=ORIENTED_EDGE('',*,*,#2825,.T.);
#3965=ORIENTED_EDGE('',*,*,#2826,.T.);
#3966=ORIENTED_EDGE('',*,*,#2823,.F.);
#3967=ORIENTED_EDGE('',*,*,#2769,.F.);
#3968=ORIENTED_EDGE('',*,*,#2827,.T.);
#3969=ORIENTED_EDGE('',*,*,#2828,.T.);
#3970=ORIENTED_EDGE('',*,*,#2825,.F.);
#3971=ORIENTED_EDGE('',*,*,#2768,.F.);
#3972=ORIENTED_EDGE('',*,*,#2829,.T.);
#3973=ORIENTED_EDGE('',*,*,#2830,.T.);
#3974=ORIENTED_EDGE('',*,*,#2827,.F.);
#3975=ORIENTED_EDGE('',*,*,#2767,.F.);
#3976=ORIENTED_EDGE('',*,*,#2831,.T.);
#3977=ORIENTED_EDGE('',*,*,#2832,.T.);
#3978=ORIENTED_EDGE('',*,*,#2829,.F.);
#3979=ORIENTED_EDGE('',*,*,#2766,.F.);
#3980=ORIENTED_EDGE('',*,*,#2833,.T.);
#3981=ORIENTED_EDGE('',*,*,#2834,.T.);
#3982=ORIENTED_EDGE('',*,*,#2831,.F.);
#3983=ORIENTED_EDGE('',*,*,#2765,.F.);
#3984=ORIENTED_EDGE('',*,*,#2835,.T.);
#3985=ORIENTED_EDGE('',*,*,#2836,.T.);
#3986=ORIENTED_EDGE('',*,*,#2833,.F.);
#3987=ORIENTED_EDGE('',*,*,#2764,.F.);
#3988=ORIENTED_EDGE('',*,*,#2816,.T.);
#3989=ORIENTED_EDGE('',*,*,#2837,.T.);
#3990=ORIENTED_EDGE('',*,*,#2835,.F.);
#3991=ORIENTED_EDGE('',*,*,#2763,.F.);
#3992=ORIENTED_EDGE('',*,*,#2797,.F.);
#3993=ORIENTED_EDGE('',*,*,#2775,.F.);
#3994=ORIENTED_EDGE('',*,*,#2778,.F.);
#3995=ORIENTED_EDGE('',*,*,#2780,.F.);
#3996=ORIENTED_EDGE('',*,*,#2782,.F.);
#3997=ORIENTED_EDGE('',*,*,#2784,.F.);
#3998=ORIENTED_EDGE('',*,*,#2786,.F.);
#3999=ORIENTED_EDGE('',*,*,#2788,.F.);
#4000=ORIENTED_EDGE('',*,*,#2790,.F.);
#4001=ORIENTED_EDGE('',*,*,#2792,.F.);
#4002=ORIENTED_EDGE('',*,*,#2794,.F.);
#4003=ORIENTED_EDGE('',*,*,#2796,.F.);
#4004=ORIENTED_EDGE('',*,*,#2800,.T.);
#4005=ORIENTED_EDGE('',*,*,#2802,.T.);
#4006=ORIENTED_EDGE('',*,*,#2804,.T.);
#4007=ORIENTED_EDGE('',*,*,#2805,.T.);
#4008=ORIENTED_EDGE('',*,*,#2808,.T.);
#4009=ORIENTED_EDGE('',*,*,#2810,.T.);
#4010=ORIENTED_EDGE('',*,*,#2812,.T.);
#4011=ORIENTED_EDGE('',*,*,#2813,.T.);
#4012=ORIENTED_EDGE('',*,*,#2837,.F.);
#4013=ORIENTED_EDGE('',*,*,#2815,.F.);
#4014=ORIENTED_EDGE('',*,*,#2818,.F.);
#4015=ORIENTED_EDGE('',*,*,#2820,.F.);
#4016=ORIENTED_EDGE('',*,*,#2822,.F.);
#4017=ORIENTED_EDGE('',*,*,#2824,.F.);
#4018=ORIENTED_EDGE('',*,*,#2826,.F.);
#4019=ORIENTED_EDGE('',*,*,#2828,.F.);
#4020=ORIENTED_EDGE('',*,*,#2830,.F.);
#4021=ORIENTED_EDGE('',*,*,#2832,.F.);
#4022=ORIENTED_EDGE('',*,*,#2834,.F.);
#4023=ORIENTED_EDGE('',*,*,#2836,.F.);
#4024=ORIENTED_EDGE('',*,*,#2838,.F.);
#4025=ORIENTED_EDGE('',*,*,#2839,.F.);
#4026=ORIENTED_EDGE('',*,*,#2840,.F.);
#4027=ORIENTED_EDGE('',*,*,#2841,.F.);
#4028=ORIENTED_EDGE('',*,*,#2838,.T.);
#4029=ORIENTED_EDGE('',*,*,#2842,.T.);
#4030=ORIENTED_EDGE('',*,*,#2843,.T.);
#4031=ORIENTED_EDGE('',*,*,#2844,.F.);
#4032=ORIENTED_EDGE('',*,*,#2843,.F.);
#4033=ORIENTED_EDGE('',*,*,#2841,.T.);
#4034=ORIENTED_EDGE('',*,*,#2840,.T.);
#4035=ORIENTED_EDGE('',*,*,#2839,.T.);
#4036=ORIENTED_EDGE('',*,*,#2842,.F.);
#4037=ORIENTED_EDGE('',*,*,#2845,.T.);
#4038=ORIENTED_EDGE('',*,*,#2846,.F.);
#4039=ORIENTED_EDGE('',*,*,#2845,.F.);
#4040=ORIENTED_EDGE('',*,*,#2844,.T.);
#4041=ORIENTED_EDGE('',*,*,#2847,.T.);
#4042=ORIENTED_EDGE('',*,*,#2848,.F.);
#4043=ORIENTED_EDGE('',*,*,#2847,.F.);
#4044=ORIENTED_EDGE('',*,*,#2846,.T.);
#4045=ORIENTED_EDGE('',*,*,#2848,.T.);
#4046=ORIENTED_EDGE('',*,*,#2849,.T.);
#4047=ORIENTED_EDGE('',*,*,#2850,.T.);
#4048=ORIENTED_EDGE('',*,*,#2851,.F.);
#4049=ORIENTED_EDGE('',*,*,#2852,.F.);
#4050=ORIENTED_EDGE('',*,*,#2850,.F.);
#4051=ORIENTED_EDGE('',*,*,#2849,.F.);
#4052=ORIENTED_EDGE('',*,*,#2853,.T.);
#4053=ORIENTED_EDGE('',*,*,#2854,.T.);
#4054=ORIENTED_EDGE('',*,*,#2855,.T.);
#4055=ORIENTED_EDGE('',*,*,#2853,.F.);
#4056=ORIENTED_EDGE('',*,*,#2855,.F.);
#4057=ORIENTED_EDGE('',*,*,#2856,.T.);
#4058=ORIENTED_EDGE('',*,*,#2854,.F.);
#4059=ORIENTED_EDGE('',*,*,#2856,.F.);
#4060=ORIENTED_EDGE('',*,*,#2857,.T.);
#4061=ORIENTED_EDGE('',*,*,#2858,.T.);
#4062=ORIENTED_EDGE('',*,*,#2859,.T.);
#4063=ORIENTED_EDGE('',*,*,#2857,.F.);
#4064=ORIENTED_EDGE('',*,*,#2852,.T.);
#4065=ORIENTED_EDGE('',*,*,#2860,.T.);
#4066=ORIENTED_EDGE('',*,*,#2858,.F.);
#4067=ORIENTED_EDGE('',*,*,#2859,.F.);
#4068=ORIENTED_EDGE('',*,*,#2860,.F.);
#4069=ORIENTED_EDGE('',*,*,#2851,.T.);
#4070=ORIENTED_EDGE('',*,*,#2861,.T.);
#4071=ORIENTED_EDGE('',*,*,#2862,.T.);
#4072=ORIENTED_EDGE('',*,*,#2863,.F.);
#4073=ORIENTED_EDGE('',*,*,#2864,.F.);
#4074=ORIENTED_EDGE('',*,*,#2862,.F.);
#4075=ORIENTED_EDGE('',*,*,#2861,.F.);
#4076=ORIENTED_EDGE('',*,*,#2865,.T.);
#4077=ORIENTED_EDGE('',*,*,#2866,.T.);
#4078=ORIENTED_EDGE('',*,*,#2867,.T.);
#4079=ORIENTED_EDGE('',*,*,#2865,.F.);
#4080=ORIENTED_EDGE('',*,*,#2867,.F.);
#4081=ORIENTED_EDGE('',*,*,#2868,.T.);
#4082=ORIENTED_EDGE('',*,*,#2866,.F.);
#4083=ORIENTED_EDGE('',*,*,#2868,.F.);
#4084=ORIENTED_EDGE('',*,*,#2869,.T.);
#4085=ORIENTED_EDGE('',*,*,#2870,.T.);
#4086=ORIENTED_EDGE('',*,*,#2871,.T.);
#4087=ORIENTED_EDGE('',*,*,#2869,.F.);
#4088=ORIENTED_EDGE('',*,*,#2864,.T.);
#4089=ORIENTED_EDGE('',*,*,#2872,.T.);
#4090=ORIENTED_EDGE('',*,*,#2870,.F.);
#4091=ORIENTED_EDGE('',*,*,#2871,.F.);
#4092=ORIENTED_EDGE('',*,*,#2872,.F.);
#4093=ORIENTED_EDGE('',*,*,#2863,.T.);
#4094=ORIENTED_EDGE('',*,*,#2873,.F.);
#4095=ORIENTED_EDGE('',*,*,#2874,.T.);
#4096=ORIENTED_EDGE('',*,*,#2875,.T.);
#4097=ORIENTED_EDGE('',*,*,#2874,.F.);
#4098=ORIENTED_EDGE('',*,*,#2873,.T.);
#4099=ORIENTED_EDGE('',*,*,#2875,.F.);
#4100=CYLINDRICAL_SURFACE('',#4443,1.);
#4101=CYLINDRICAL_SURFACE('',#4456,1.);
#4102=CYLINDRICAL_SURFACE('',#4458,1.);
#4103=CYLINDRICAL_SURFACE('',#4465,1.);
#4104=CYLINDRICAL_SURFACE('',#4469,1.);
#4105=CYLINDRICAL_SURFACE('',#4485,1.);
#4106=CYLINDRICAL_SURFACE('',#4493,1.);
#4107=CYLINDRICAL_SURFACE('',#4498,3.9);
#4108=CYLINDRICAL_SURFACE('',#4500,3.9);
#4109=CYLINDRICAL_SURFACE('',#4526,4.);
#4110=CYLINDRICAL_SURFACE('',#4528,4.);
#4111=CYLINDRICAL_SURFACE('',#4549,4.);
#4112=CYLINDRICAL_SURFACE('',#4551,1.);
#4113=CYLINDRICAL_SURFACE('',#4554,1.);
#4114=CYLINDRICAL_SURFACE('',#4559,1.);
#4115=CYLINDRICAL_SURFACE('',#4566,3.9);
#4116=CYLINDRICAL_SURFACE('',#4568,3.9);
#4117=CYLINDRICAL_SURFACE('',#4571,4.);
#4118=CYLINDRICAL_SURFACE('',#4572,2.95);
#4119=CYLINDRICAL_SURFACE('',#4576,2.95);
#4120=CYLINDRICAL_SURFACE('',#4577,1.2);
#4121=CYLINDRICAL_SURFACE('',#4579,1.2);
#4122=CYLINDRICAL_SURFACE('',#4581,2.5);
#4123=CYLINDRICAL_SURFACE('',#4591,2.5);
#4124=CYLINDRICAL_SURFACE('',#4594,2.5);
#4125=CYLINDRICAL_SURFACE('',#4604,2.5);
#4126=CYLINDRICAL_SURFACE('',#4622,2.95);
#4127=CYLINDRICAL_SURFACE('',#4624,2.95);
#4128=CYLINDRICAL_SURFACE('',#4625,1.2);
#4129=CYLINDRICAL_SURFACE('',#4626,1.2);
#4130=CYLINDRICAL_SURFACE('',#4627,1.);
#4131=CYLINDRICAL_SURFACE('',#4629,5.);
#4132=CYLINDRICAL_SURFACE('',#4631,5.);
#4133=CYLINDRICAL_SURFACE('',#4633,1.);
#4134=CYLINDRICAL_SURFACE('',#4635,3.);
#4135=CYLINDRICAL_SURFACE('',#4636,3.);
#4136=CYLINDRICAL_SURFACE('',#4649,3.);
#4137=CYLINDRICAL_SURFACE('',#4650,3.);
#4138=CYLINDRICAL_SURFACE('',#4659,1.9);
#4139=CYLINDRICAL_SURFACE('',#4661,1.9);
#4140=CYLINDRICAL_SURFACE('',#4663,1.9);
#4141=CYLINDRICAL_SURFACE('',#4665,1.9);
#4142=CYLINDRICAL_SURFACE('',#4726,1.2);
#4143=CYLINDRICAL_SURFACE('',#4732,1.00674);
#4144=CYLINDRICAL_SURFACE('',#4739,1.2);
#4145=CYLINDRICAL_SURFACE('',#4745,1.00674);
#4146=ADVANCED_FACE('',(#379),#4100,.T.);
#4147=ADVANCED_FACE('',(#380),#366,.F.);
#4148=ADVANCED_FACE('',(#381,#164,#165,#166,#167),#207,.T.);
#4149=ADVANCED_FACE('',(#382,#168,#169,#170),#208,.T.);
#4150=ADVANCED_FACE('',(#383),#367,.F.);
#4151=ADVANCED_FACE('',(#384),#4101,.T.);
#4152=ADVANCED_FACE('',(#385),#142,.T.);
#4153=ADVANCED_FACE('',(#386),#143,.F.);
#4154=ADVANCED_FACE('',(#387),#4102,.T.);
#4155=ADVANCED_FACE('',(#388),#144,.F.);
#4156=ADVANCED_FACE('',(#389),#209,.F.);
#4157=ADVANCED_FACE('',(#390),#210,.T.);
#4158=ADVANCED_FACE('',(#391),#211,.F.);
#4159=ADVANCED_FACE('',(#392),#145,.F.);
#4160=ADVANCED_FACE('',(#393),#4103,.T.);
#4161=ADVANCED_FACE('',(#394),#146,.T.);
#4162=ADVANCED_FACE('',(#395),#212,.F.);
#4163=ADVANCED_FACE('',(#396),#147,.T.);
#4164=ADVANCED_FACE('',(#397),#213,.T.);
#4165=ADVANCED_FACE('',(#398),#4104,.T.);
#4166=ADVANCED_FACE('',(#399),#214,.F.);
#4167=ADVANCED_FACE('',(#400),#215,.F.);
#4168=ADVANCED_FACE('',(#401),#216,.F.);
#4169=ADVANCED_FACE('',(#402),#217,.F.);
#4170=ADVANCED_FACE('',(#403),#218,.F.);
#4171=ADVANCED_FACE('',(#404),#219,.F.);
#4172=ADVANCED_FACE('',(#405),#220,.F.);
#4173=ADVANCED_FACE('',(#406),#221,.F.);
#4174=ADVANCED_FACE('',(#407),#222,.F.);
#4175=ADVANCED_FACE('',(#408),#83,.F.);
#4176=ADVANCED_FACE('',(#409),#84,.F.);
#4177=ADVANCED_FACE('',(#410),#4105,.T.);
#4178=ADVANCED_FACE('',(#411),#79,.T.);
#4179=ADVANCED_FACE('',(#412),#80,.T.);
#4180=ADVANCED_FACE('',(#413),#4106,.T.);
#4181=ADVANCED_FACE('',(#414),#223,.F.);
#4182=ADVANCED_FACE('',(#415),#224,.F.);
#4183=ADVANCED_FACE('',(#416),#225,.F.);
#4184=ADVANCED_FACE('',(#417),#226,.F.);
#4185=ADVANCED_FACE('',(#418),#4107,.F.);
#4186=ADVANCED_FACE('',(#419),#4108,.F.);
#4187=ADVANCED_FACE('',(#420),#227,.T.);
#4188=ADVANCED_FACE('',(#421),#368,.T.);
#4189=ADVANCED_FACE('',(#422,#171,#172,#173),#228,.T.);
#4190=ADVANCED_FACE('',(#423),#229,.F.);
#4191=ADVANCED_FACE('',(#424,#174,#175),#230,.T.);
#4192=ADVANCED_FACE('',(#425,#176,#177,#178,#179),#231,.T.);
#4193=ADVANCED_FACE('',(#426),#232,.T.);
#4194=ADVANCED_FACE('',(#427),#233,.F.);
#4195=ADVANCED_FACE('',(#428,#180,#181,#182,#183),#234,.T.);
#4196=ADVANCED_FACE('',(#429),#369,.T.);
#4197=ADVANCED_FACE('',(#430,#184),#235,.T.);
#4198=ADVANCED_FACE('',(#431,#185),#236,.T.);
#4199=ADVANCED_FACE('',(#432),#4109,.T.);
#4200=ADVANCED_FACE('',(#433),#4110,.T.);
#4201=ADVANCED_FACE('',(#434),#237,.T.);
#4202=ADVANCED_FACE('',(#435,#186,#187),#238,.T.);
#4203=ADVANCED_FACE('',(#436),#239,.T.);
#4204=ADVANCED_FACE('',(#437),#240,.T.);
#4205=ADVANCED_FACE('',(#438),#241,.T.);
#4206=ADVANCED_FACE('',(#439,#188),#242,.T.);
#4207=ADVANCED_FACE('',(#440,#189),#243,.T.);
#4208=ADVANCED_FACE('',(#441),#4111,.T.);
#4209=ADVANCED_FACE('',(#442),#4112,.T.);
#4210=ADVANCED_FACE('',(#443),#244,.T.);
#4211=ADVANCED_FACE('',(#444),#148,.F.);
#4212=ADVANCED_FACE('',(#445),#149,.F.);
#4213=ADVANCED_FACE('',(#446),#150,.F.);
#4214=ADVANCED_FACE('',(#447),#151,.F.);
#4215=ADVANCED_FACE('',(#448),#4113,.T.);
#4216=ADVANCED_FACE('',(#449),#81,.T.);
#4217=ADVANCED_FACE('',(#450),#4114,.T.);
#4218=ADVANCED_FACE('',(#451),#82,.T.);
#4219=ADVANCED_FACE('',(#452),#245,.F.);
#4220=ADVANCED_FACE('',(#453),#246,.F.);
#4221=ADVANCED_FACE('',(#454),#247,.F.);
#4222=ADVANCED_FACE('',(#455),#248,.F.);
#4223=ADVANCED_FACE('',(#456),#4115,.F.);
#4224=ADVANCED_FACE('',(#457),#4116,.F.);
#4225=ADVANCED_FACE('',(#458),#249,.T.);
#4226=ADVANCED_FACE('',(#459),#4117,.T.);
#4227=ADVANCED_FACE('',(#460),#152,.T.);
#4228=ADVANCED_FACE('',(#461),#4118,.F.);
#4229=ADVANCED_FACE('',(#462),#153,.F.);
#4230=ADVANCED_FACE('',(#463),#250,.F.);
#4231=ADVANCED_FACE('',(#464),#251,.T.);
#4232=ADVANCED_FACE('',(#465),#252,.T.);
#4233=ADVANCED_FACE('',(#466),#154,.T.);
#4234=ADVANCED_FACE('',(#467),#4119,.F.);
#4235=ADVANCED_FACE('',(#468),#4120,.F.);
#4236=ADVANCED_FACE('',(#469),#4121,.F.);
#4237=ADVANCED_FACE('',(#470),#4122,.T.);
#4238=ADVANCED_FACE('',(#471),#253,.T.);
#4239=ADVANCED_FACE('',(#472),#254,.T.);
#4240=ADVANCED_FACE('',(#473),#255,.T.);
#4241=ADVANCED_FACE('',(#474),#256,.T.);
#4242=ADVANCED_FACE('',(#475),#257,.T.);
#4243=ADVANCED_FACE('',(#476),#258,.T.);
#4244=ADVANCED_FACE('',(#477),#259,.T.);
#4245=ADVANCED_FACE('',(#478),#260,.T.);
#4246=ADVANCED_FACE('',(#479),#4123,.T.);
#4247=ADVANCED_FACE('',(#480),#261,.T.);
#4248=ADVANCED_FACE('',(#481),#155,.T.);
#4249=ADVANCED_FACE('',(#482),#156,.T.);
#4250=ADVANCED_FACE('',(#483),#157,.T.);
#4251=ADVANCED_FACE('',(#484),#4124,.T.);
#4252=ADVANCED_FACE('',(#485),#262,.T.);
#4253=ADVANCED_FACE('',(#486),#263,.T.);
#4254=ADVANCED_FACE('',(#487),#264,.T.);
#4255=ADVANCED_FACE('',(#488),#265,.T.);
#4256=ADVANCED_FACE('',(#489),#266,.T.);
#4257=ADVANCED_FACE('',(#490),#267,.T.);
#4258=ADVANCED_FACE('',(#491),#268,.T.);
#4259=ADVANCED_FACE('',(#492),#269,.T.);
#4260=ADVANCED_FACE('',(#493),#4125,.T.);
#4261=ADVANCED_FACE('',(#494),#270,.F.);
#4262=ADVANCED_FACE('',(#495),#271,.F.);
#4263=ADVANCED_FACE('',(#496),#272,.F.);
#4264=ADVANCED_FACE('',(#497),#273,.F.);
#4265=ADVANCED_FACE('',(#498),#274,.F.);
#4266=ADVANCED_FACE('',(#499),#275,.F.);
#4267=ADVANCED_FACE('',(#500),#276,.F.);
#4268=ADVANCED_FACE('',(#501),#277,.F.);
#4269=ADVANCED_FACE('',(#502),#278,.F.);
#4270=ADVANCED_FACE('',(#503),#279,.F.);
#4271=ADVANCED_FACE('',(#504),#280,.F.);
#4272=ADVANCED_FACE('',(#505),#281,.F.);
#4273=ADVANCED_FACE('',(#506),#282,.F.);
#4274=ADVANCED_FACE('',(#507),#283,.F.);
#4275=ADVANCED_FACE('',(#508),#284,.F.);
#4276=ADVANCED_FACE('',(#509),#285,.F.);
#4277=ADVANCED_FACE('',(#510),#4126,.F.);
#4278=ADVANCED_FACE('',(#511),#158,.F.);
#4279=ADVANCED_FACE('',(#512),#286,.T.);
#4280=ADVANCED_FACE('',(#513),#159,.T.);
#4281=ADVANCED_FACE('',(#514),#4127,.F.);
#4282=ADVANCED_FACE('',(#515),#4128,.F.);
#4283=ADVANCED_FACE('',(#516),#4129,.F.);
#4284=ADVANCED_FACE('',(#517),#4130,.T.);
#4285=ADVANCED_FACE('',(#518),#287,.F.);
#4286=ADVANCED_FACE('',(#519),#4131,.F.);
#4287=ADVANCED_FACE('',(#520),#288,.F.);
#4288=ADVANCED_FACE('',(#521),#4132,.F.);
#4289=ADVANCED_FACE('',(#522),#289,.F.);
#4290=ADVANCED_FACE('',(#523),#4133,.T.);
#4291=ADVANCED_FACE('',(#524),#290,.T.);
#4292=ADVANCED_FACE('',(#525),#4134,.F.);
#4293=ADVANCED_FACE('',(#526),#4135,.F.);
#4294=ADVANCED_FACE('',(#527),#291,.F.);
#4295=ADVANCED_FACE('',(#528),#160,.T.);
#4296=ADVANCED_FACE('',(#529),#292,.T.);
#4297=ADVANCED_FACE('',(#530),#293,.T.);
#4298=ADVANCED_FACE('',(#531),#161,.T.);
#4299=ADVANCED_FACE('',(#532),#294,.T.);
#4300=ADVANCED_FACE('',(#533,#190),#295,.T.);
#4301=ADVANCED_FACE('',(#534,#191),#296,.T.);
#4302=ADVANCED_FACE('',(#535),#162,.F.);
#4303=ADVANCED_FACE('',(#536),#297,.T.);
#4304=ADVANCED_FACE('',(#537),#163,.F.);
#4305=ADVANCED_FACE('',(#538,#192),#298,.T.);
#4306=ADVANCED_FACE('',(#539,#193),#299,.T.);
#4307=ADVANCED_FACE('',(#540,#194),#300,.T.);
#4308=ADVANCED_FACE('',(#541),#4136,.F.);
#4309=ADVANCED_FACE('',(#542),#4137,.F.);
#4310=ADVANCED_FACE('',(#543),#301,.F.);
#4311=ADVANCED_FACE('',(#544),#302,.T.);
#4312=ADVANCED_FACE('',(#545),#303,.T.);
#4313=ADVANCED_FACE('',(#546,#195),#304,.T.);
#4314=ADVANCED_FACE('',(#547,#196),#305,.T.);
#4315=ADVANCED_FACE('',(#548,#197),#306,.T.);
#4316=ADVANCED_FACE('',(#549),#4138,.F.);
#4317=ADVANCED_FACE('',(#550),#4139,.F.);
#4318=ADVANCED_FACE('',(#551),#4140,.F.);
#4319=ADVANCED_FACE('',(#552),#4141,.F.);
#4320=ADVANCED_FACE('',(#553,#198),#307,.T.);
#4321=ADVANCED_FACE('',(#554,#199),#308,.T.);
#4322=ADVANCED_FACE('',(#555,#200),#309,.T.);
#4323=ADVANCED_FACE('',(#556,#201),#310,.T.);
#4324=ADVANCED_FACE('',(#557),#311,.T.);
#4325=ADVANCED_FACE('',(#558),#312,.T.);
#4326=ADVANCED_FACE('',(#559),#313,.T.);
#4327=ADVANCED_FACE('',(#560),#314,.T.);
#4328=ADVANCED_FACE('',(#561),#315,.T.);
#4329=ADVANCED_FACE('',(#562),#316,.T.);
#4330=ADVANCED_FACE('',(#563),#317,.T.);
#4331=ADVANCED_FACE('',(#564),#318,.T.);
#4332=ADVANCED_FACE('',(#565),#319,.T.);
#4333=ADVANCED_FACE('',(#566),#320,.T.);
#4334=ADVANCED_FACE('',(#567),#321,.T.);
#4335=ADVANCED_FACE('',(#568),#322,.T.);
#4336=ADVANCED_FACE('',(#569),#323,.F.);
#4337=ADVANCED_FACE('',(#570),#324,.F.);
#4338=ADVANCED_FACE('',(#571),#325,.F.);
#4339=ADVANCED_FACE('',(#572),#326,.F.);
#4340=ADVANCED_FACE('',(#573),#327,.F.);
#4341=ADVANCED_FACE('',(#574),#328,.F.);
#4342=ADVANCED_FACE('',(#575),#329,.F.);
#4343=ADVANCED_FACE('',(#576),#330,.F.);
#4344=ADVANCED_FACE('',(#577),#331,.T.);
#4345=ADVANCED_FACE('',(#578),#332,.T.);
#4346=ADVANCED_FACE('',(#579),#333,.T.);
#4347=ADVANCED_FACE('',(#580),#334,.T.);
#4348=ADVANCED_FACE('',(#581),#335,.T.);
#4349=ADVANCED_FACE('',(#582),#336,.T.);
#4350=ADVANCED_FACE('',(#583),#337,.T.);
#4351=ADVANCED_FACE('',(#584),#338,.T.);
#4352=ADVANCED_FACE('',(#585),#339,.T.);
#4353=ADVANCED_FACE('',(#586),#340,.T.);
#4354=ADVANCED_FACE('',(#587),#341,.T.);
#4355=ADVANCED_FACE('',(#588),#342,.T.);
#4356=ADVANCED_FACE('',(#589),#343,.T.);
#4357=ADVANCED_FACE('',(#590),#344,.T.);
#4358=ADVANCED_FACE('',(#591),#345,.T.);
#4359=ADVANCED_FACE('',(#592),#346,.T.);
#4360=ADVANCED_FACE('',(#593),#370,.F.);
#4361=ADVANCED_FACE('',(#594),#371,.T.);
#4362=ADVANCED_FACE('',(#595),#347,.F.);
#4363=ADVANCED_FACE('',(#596),#372,.T.);
#4364=ADVANCED_FACE('',(#597),#373,.T.);
#4365=ADVANCED_FACE('',(#598),#348,.T.);
#4366=ADVANCED_FACE('',(#599),#374,.T.);
#4367=ADVANCED_FACE('',(#600,#202),#349,.T.);
#4368=ADVANCED_FACE('',(#601),#4142,.T.);
#4369=ADVANCED_FACE('',(#602,#203),#350,.F.);
#4370=ADVANCED_FACE('',(#603),#375,.F.);
#4371=ADVANCED_FACE('',(#604),#4143,.F.);
#4372=ADVANCED_FACE('',(#605),#376,.T.);
#4373=ADVANCED_FACE('',(#606,#204),#351,.T.);
#4374=ADVANCED_FACE('',(#607),#4144,.T.);
#4375=ADVANCED_FACE('',(#608,#205),#352,.F.);
#4376=ADVANCED_FACE('',(#609),#377,.F.);
#4377=ADVANCED_FACE('',(#610),#4145,.F.);
#4378=ADVANCED_FACE('',(#611),#378,.F.);
#4379=ADVANCED_FACE('',(#612,#206),#353,.T.);
#4380=CLOSED_SHELL('',(#4146,#4147,#4148,#4149,#4150,#4151,#4152,#4153,
#4154,#4155,#4156,#4157,#4158,#4159,#4160,#4161,#4162,#4163,#4164,#4165,
#4166,#4167,#4168,#4169,#4170,#4171,#4172,#4173,#4174,#4175,#4176,#4177,
#4178,#4179,#4180,#4181,#4182,#4183,#4184,#4185,#4186,#4187,#4188,#4189,
#4190,#4191,#4192,#4193,#4194,#4195,#4196,#4197,#4198,#4199,#4200,#4201,
#4202,#4203,#4204,#4205,#4206,#4207,#4208,#4209,#4210,#4211,#4212,#4213,
#4214,#4215,#4216,#4217,#4218,#4219,#4220,#4221,#4222,#4223,#4224,#4225,
#4226,#4227,#4228,#4229,#4230,#4231,#4232,#4233,#4234,#4235,#4236,#4237,
#4238,#4239,#4240,#4241,#4242,#4243,#4244,#4245,#4246,#4247,#4248,#4249,
#4250,#4251,#4252,#4253,#4254,#4255,#4256,#4257,#4258,#4259,#4260,#4261,
#4262,#4263,#4264,#4265,#4266,#4267,#4268,#4269,#4270,#4271,#4272,#4273,
#4274,#4275,#4276,#4277,#4278,#4279,#4280,#4281,#4282,#4283,#4284,#4285,
#4286,#4287,#4288,#4289,#4290,#4291,#4292,#4293,#4294,#4295,#4296,#4297,
#4298,#4299,#4300,#4301,#4302,#4303,#4304,#4305,#4306,#4307,#4308,#4309,
#4310,#4311,#4312,#4313,#4314,#4315,#4316,#4317,#4318,#4319,#4320,#4321,
#4322,#4323,#4324,#4325,#4326,#4327,#4328,#4329,#4330,#4331,#4332,#4333,
#4334,#4335,#4336,#4337,#4338,#4339,#4340,#4341,#4342,#4343,#4344,#4345,
#4346,#4347,#4348,#4349,#4350,#4351,#4352,#4353,#4354,#4355,#4356,#4357,
#4358,#4359));
#4381=CLOSED_SHELL('',(#4360,#4361,#4362,#4363,#4364,#4365));
#4382=CLOSED_SHELL('',(#4366,#4367,#4368,#4369,#4370,#4371));
#4383=CLOSED_SHELL('',(#4372,#4373,#4374,#4375,#4376,#4377));
#4384=CLOSED_SHELL('',(#4378,#4379));
#4385=DERIVED_UNIT_ELEMENT(#4395,1.);
#4386=DERIVED_UNIT_ELEMENT(#10227,-3.);
#4387=DERIVED_UNIT_ELEMENT(#4395,1.);
#4388=DERIVED_UNIT_ELEMENT(#10227,-3.);
#4389=DERIVED_UNIT_ELEMENT(#4395,1.);
#4390=DERIVED_UNIT_ELEMENT(#10227,-3.);
#4391=DERIVED_UNIT_ELEMENT(#4395,1.);
#4392=DERIVED_UNIT_ELEMENT(#10227,-3.);
#4393=DERIVED_UNIT_ELEMENT(#4395,1.);
#4394=DERIVED_UNIT_ELEMENT(#10227,-3.);
#4395=(
MASS_UNIT()
NAMED_UNIT(*)
SI_UNIT(.KILO.,.GRAM.)
);
#4396=DERIVED_UNIT((#4385,#4386));
#4397=DERIVED_UNIT((#4387,#4388));
#4398=DERIVED_UNIT((#4389,#4390));
#4399=DERIVED_UNIT((#4391,#4392));
#4400=DERIVED_UNIT((#4393,#4394));
#4401=MEASURE_REPRESENTATION_ITEM('density measure',
POSITIVE_RATIO_MEASURE(7850.),#4396);
#4402=MEASURE_REPRESENTATION_ITEM('density measure',
POSITIVE_RATIO_MEASURE(7850.),#4397);
#4403=MEASURE_REPRESENTATION_ITEM('density measure',
POSITIVE_RATIO_MEASURE(7850.),#4398);
#4404=MEASURE_REPRESENTATION_ITEM('density measure',
POSITIVE_RATIO_MEASURE(7850.),#4399);
#4405=MEASURE_REPRESENTATION_ITEM('density measure',
POSITIVE_RATIO_MEASURE(7850.),#4400);
#4406=PROPERTY_DEFINITION_REPRESENTATION(#4431,#4416);
#4407=PROPERTY_DEFINITION_REPRESENTATION(#4432,#4417);
#4408=PROPERTY_DEFINITION_REPRESENTATION(#4433,#4418);
#4409=PROPERTY_DEFINITION_REPRESENTATION(#4434,#4419);
#4410=PROPERTY_DEFINITION_REPRESENTATION(#4435,#4420);
#4411=PROPERTY_DEFINITION_REPRESENTATION(#4436,#4421);
#4412=PROPERTY_DEFINITION_REPRESENTATION(#4437,#4422);
#4413=PROPERTY_DEFINITION_REPRESENTATION(#4438,#4423);
#4414=PROPERTY_DEFINITION_REPRESENTATION(#4439,#4424);
#4415=PROPERTY_DEFINITION_REPRESENTATION(#4440,#4425);
#4416=REPRESENTATION('material name',(#4426),#10218);
#4417=REPRESENTATION('density',(#4401),#10218);
#4418=REPRESENTATION('material name',(#4427),#10220);
#4419=REPRESENTATION('density',(#4402),#10220);
#4420=REPRESENTATION('material name',(#4428),#10221);
#4421=REPRESENTATION('density',(#4403),#10221);
#4422=REPRESENTATION('material name',(#4429),#10222);
#4423=REPRESENTATION('density',(#4404),#10222);
#4424=REPRESENTATION('material name',(#4430),#10224);
#4425=REPRESENTATION('density',(#4405),#10224);
#4426=DESCRIPTIVE_REPRESENTATION_ITEM('Acero','Acero');
#4427=DESCRIPTIVE_REPRESENTATION_ITEM('Acero','Acero');
#4428=DESCRIPTIVE_REPRESENTATION_ITEM('Acero','Acero');
#4429=DESCRIPTIVE_REPRESENTATION_ITEM('Acero','Acero');
#4430=DESCRIPTIVE_REPRESENTATION_ITEM('Acero','Acero');
#4431=PROPERTY_DEFINITION('material property','material name',#10265);
#4432=PROPERTY_DEFINITION('material property','density of part',#10265);
#4433=PROPERTY_DEFINITION('material property','material name',#10267);
#4434=PROPERTY_DEFINITION('material property','density of part',#10267);
#4435=PROPERTY_DEFINITION('material property','material name',#10268);
#4436=PROPERTY_DEFINITION('material property','density of part',#10268);
#4437=PROPERTY_DEFINITION('material property','material name',#10269);
#4438=PROPERTY_DEFINITION('material property','density of part',#10269);
#4439=PROPERTY_DEFINITION('material property','material name',#10271);
#4440=PROPERTY_DEFINITION('material property','density of part',#10271);
#4441=AXIS2_PLACEMENT_3D('',#5837,#4759,#4760);
#4442=AXIS2_PLACEMENT_3D('',#5838,#4761,#4762);
#4443=AXIS2_PLACEMENT_3D('',#5839,#4763,#4764);
#4444=AXIS2_PLACEMENT_3D('',#5842,#4765,#4766);
#4445=AXIS2_PLACEMENT_3D('',#5846,#4768,#4769);
#4446=AXIS2_PLACEMENT_3D('',#5895,#4771,#4772);
#4447=AXIS2_PLACEMENT_3D('',#5926,#4773,#4774);
#4448=AXIS2_PLACEMENT_3D('',#5973,#4798,#4799);
#4449=AXIS2_PLACEMENT_3D('',#5975,#4800,#4801);
#4450=AXIS2_PLACEMENT_3D('',#5976,#4802,#4803);
#4451=AXIS2_PLACEMENT_3D('',#5996,#4805,#4806);
#4452=AXIS2_PLACEMENT_3D('',#6000,#4808,#4809);
#4453=AXIS2_PLACEMENT_3D('',#6011,#4815,#4816);
#4454=AXIS2_PLACEMENT_3D('',#6013,#4817,#4818);
#4455=AXIS2_PLACEMENT_3D('',#6075,#4819,#4820);
#4456=AXIS2_PLACEMENT_3D('',#6076,#4821,#4822);
#4457=AXIS2_PLACEMENT_3D('',#6078,#4823,#4824);
#4458=AXIS2_PLACEMENT_3D('',#6118,#4828,#4829);
#4459=AXIS2_PLACEMENT_3D('',#6120,#4830,#4831);
#4460=AXIS2_PLACEMENT_3D('',#6123,#4833,#4834);
#4461=AXIS2_PLACEMENT_3D('',#6131,#4836,#4837);
#4462=AXIS2_PLACEMENT_3D('',#6141,#4843,#4844);
#4463=AXIS2_PLACEMENT_3D('',#6145,#4847,#4848);
#4464=AXIS2_PLACEMENT_3D('',#6149,#4850,#4851);
#4465=AXIS2_PLACEMENT_3D('',#6166,#4856,#4857);
#4466=AXIS2_PLACEMENT_3D('',#6169,#4859,#4860);
#4467=AXIS2_PLACEMENT_3D('',#6181,#4862,#4863);
#4468=AXIS2_PLACEMENT_3D('',#6214,#4870,#4871);
#4469=AXIS2_PLACEMENT_3D('',#6218,#4874,#4875);
#4470=AXIS2_PLACEMENT_3D('',#6220,#4876,#4877);
#4471=AXIS2_PLACEMENT_3D('',#6223,#4879,#4880);
#4472=AXIS2_PLACEMENT_3D('',#6224,#4881,#4882);
#4473=AXIS2_PLACEMENT_3D('',#6232,#4887,#4888);
#4474=AXIS2_PLACEMENT_3D('',#6238,#4892,#4893);
#4475=AXIS2_PLACEMENT_3D('',#6242,#4896,#4897);
#4476=AXIS2_PLACEMENT_3D('',#6246,#4900,#4901);
#4477=AXIS2_PLACEMENT_3D('',#6248,#4903,#4904);
#4478=AXIS2_PLACEMENT_3D('',#6254,#4908,#4909);
#4479=AXIS2_PLACEMENT_3D('',#6258,#4912,#4913);
#4480=AXIS2_PLACEMENT_3D('',#6262,#4916,#4917);
#4481=AXIS2_PLACEMENT_3D('',#6264,#4919,#4920);
#4482=AXIS2_PLACEMENT_3D('',#6267,#4922,#4923);
#4483=AXIS2_PLACEMENT_3D('',#6268,#4924,#4925);
#4484=AXIS2_PLACEMENT_3D('',#6271,#4927,#4928);
#4485=AXIS2_PLACEMENT_3D('',#6272,#4929,#4930);
#4486=AXIS2_PLACEMENT_3D('',#6275,#4932,#4933);
#4487=AXIS2_PLACEMENT_3D('',#6276,#4934,#4935);
#4488=AXIS2_PLACEMENT_3D('',#6278,#4936,#4937);
#4489=AXIS2_PLACEMENT_3D('',#6279,#4938,#4939);
#4490=AXIS2_PLACEMENT_3D('',#6280,#4940,#4941);
#4491=AXIS2_PLACEMENT_3D('',#6282,#4942,#4943);
#4492=AXIS2_PLACEMENT_3D('',#6283,#4944,#4945);
#4493=AXIS2_PLACEMENT_3D('',#6284,#4946,#4947);
#4494=AXIS2_PLACEMENT_3D('',#6286,#4949,#4950);
#4495=AXIS2_PLACEMENT_3D('',#6292,#4954,#4955);
#4496=AXIS2_PLACEMENT_3D('',#6304,#4962,#4963);
#4497=AXIS2_PLACEMENT_3D('',#6316,#4970,#4971);
#4498=AXIS2_PLACEMENT_3D('',#6318,#4973,#4974);
#4499=AXIS2_PLACEMENT_3D('',#6320,#4975,#4976);
#4500=AXIS2_PLACEMENT_3D('',#6322,#4978,#4979);
#4501=AXIS2_PLACEMENT_3D('',#6324,#4980,#4981);
#4502=AXIS2_PLACEMENT_3D('',#6326,#4983,#4984);
#4503=AXIS2_PLACEMENT_3D('',#6392,#4995,#4996);
#4504=AXIS2_PLACEMENT_3D('',#6408,#4997,#4998);
#4505=AXIS2_PLACEMENT_3D('',#6432,#5003,#5004);
#4506=AXIS2_PLACEMENT_3D('',#6435,#5006,#5007);
#4507=AXIS2_PLACEMENT_3D('',#6445,#5012,#5013);
#4508=AXIS2_PLACEMENT_3D('',#6447,#5014,#5015);
#4509=AXIS2_PLACEMENT_3D('',#6448,#5016,#5017);
#4510=AXIS2_PLACEMENT_3D('',#6450,#5019,#5020);
#4511=AXIS2_PLACEMENT_3D('',#6507,#5042,#5043);
#4512=AXIS2_PLACEMENT_3D('',#6510,#5045,#5046);
#4513=AXIS2_PLACEMENT_3D('',#6512,#5047,#5048);
#4514=AXIS2_PLACEMENT_3D('',#6514,#5049,#5050);
#4515=AXIS2_PLACEMENT_3D('',#6515,#5051,#5052);
#4516=AXIS2_PLACEMENT_3D('',#6522,#5056,#5057);
#4517=AXIS2_PLACEMENT_3D('',#6540,#5066,#5067);
#4518=AXIS2_PLACEMENT_3D('',#6541,#5068,#5069);
#4519=AXIS2_PLACEMENT_3D('',#6558,#5079,#5080);
#4520=AXIS2_PLACEMENT_3D('',#6559,#5081,#5082);
#4521=AXIS2_PLACEMENT_3D('',#6566,#5086,#5087);
#4522=AXIS2_PLACEMENT_3D('',#6584,#5096,#5097);
#4523=AXIS2_PLACEMENT_3D('',#6630,#5098,#5099);
#4524=AXIS2_PLACEMENT_3D('',#6631,#5100,#5101);
#4525=AXIS2_PLACEMENT_3D('',#6648,#5110,#5111);
#4526=AXIS2_PLACEMENT_3D('',#6665,#5120,#5121);
#4527=AXIS2_PLACEMENT_3D('',#6667,#5122,#5123);
#4528=AXIS2_PLACEMENT_3D('',#6669,#5125,#5126);
#4529=AXIS2_PLACEMENT_3D('',#6671,#5127,#5128);
#4530=AXIS2_PLACEMENT_3D('',#6673,#5130,#5131);
#4531=AXIS2_PLACEMENT_3D('',#6675,#5133,#5134);
#4532=AXIS2_PLACEMENT_3D('',#6706,#5144,#5145);
#4533=AXIS2_PLACEMENT_3D('',#6708,#5146,#5147);
#4534=AXIS2_PLACEMENT_3D('',#6709,#5148,#5149);
#4535=AXIS2_PLACEMENT_3D('',#6718,#5154,#5155);
#4536=AXIS2_PLACEMENT_3D('',#6722,#5157,#5158);
#4537=AXIS2_PLACEMENT_3D('',#6726,#5160,#5161);
#4538=AXIS2_PLACEMENT_3D('',#6730,#5163,#5164);
#4539=AXIS2_PLACEMENT_3D('',#6733,#5167,#5168);
#4540=AXIS2_PLACEMENT_3D('',#6735,#5170,#5171);
#4541=AXIS2_PLACEMENT_3D('',#6739,#5173,#5174);
#4542=AXIS2_PLACEMENT_3D('',#6743,#5176,#5177);
#4543=AXIS2_PLACEMENT_3D('',#6747,#5179,#5180);
#4544=AXIS2_PLACEMENT_3D('',#6751,#5182,#5183);
#4545=AXIS2_PLACEMENT_3D('',#6758,#5188,#5189);
#4546=AXIS2_PLACEMENT_3D('',#6760,#5190,#5191);
#4547=AXIS2_PLACEMENT_3D('',#6761,#5192,#5193);
#4548=AXIS2_PLACEMENT_3D('',#6763,#5194,#5195);
#4549=AXIS2_PLACEMENT_3D('',#6764,#5196,#5197);
#4550=AXIS2_PLACEMENT_3D('',#6767,#5199,#5200);
#4551=AXIS2_PLACEMENT_3D('',#6768,#5201,#5202);
#4552=AXIS2_PLACEMENT_3D('',#6769,#5203,#5204);
#4553=AXIS2_PLACEMENT_3D('',#6770,#5205,#5206);
#4554=AXIS2_PLACEMENT_3D('',#7242,#5212,#5213);
#4555=AXIS2_PLACEMENT_3D('',#7243,#5214,#5215);
#4556=AXIS2_PLACEMENT_3D('',#7244,#5216,#5217);
#4557=AXIS2_PLACEMENT_3D('',#7246,#5218,#5219);
#4558=AXIS2_PLACEMENT_3D('',#7247,#5220,#5221);
#4559=AXIS2_PLACEMENT_3D('',#7248,#5222,#5223);
#4560=AXIS2_PLACEMENT_3D('',#7249,#5224,#5225);
#4561=AXIS2_PLACEMENT_3D('',#7251,#5227,#5228);
#4562=AXIS2_PLACEMENT_3D('',#7252,#5229,#5230);
#4563=AXIS2_PLACEMENT_3D('',#7255,#5233,#5234);
#4564=AXIS2_PLACEMENT_3D('',#7258,#5237,#5238);
#4565=AXIS2_PLACEMENT_3D('',#7261,#5241,#5242);
#4566=AXIS2_PLACEMENT_3D('',#7262,#5243,#5244);
#4567=AXIS2_PLACEMENT_3D('',#7264,#5245,#5246);
#4568=AXIS2_PLACEMENT_3D('',#7266,#5248,#5249);
#4569=AXIS2_PLACEMENT_3D('',#7268,#5250,#5251);
#4570=AXIS2_PLACEMENT_3D('',#7270,#5253,#5254);
#4571=AXIS2_PLACEMENT_3D('',#7272,#5256,#5257);
#4572=AXIS2_PLACEMENT_3D('',#7352,#5258,#5259);
#4573=AXIS2_PLACEMENT_3D('',#7571,#5262,#5263);
#4574=AXIS2_PLACEMENT_3D('',#7579,#5268,#5269);
#4575=AXIS2_PLACEMENT_3D('',#7581,#5271,#5272);
#4576=AXIS2_PLACEMENT_3D('',#7658,#5277,#5278);
#4577=AXIS2_PLACEMENT_3D('',#7728,#5280,#5281);
#4578=AXIS2_PLACEMENT_3D('',#7731,#5283,#5284);
#4579=AXIS2_PLACEMENT_3D('',#7732,#5285,#5286);
#4580=AXIS2_PLACEMENT_3D('',#7735,#5288,#5289);
#4581=AXIS2_PLACEMENT_3D('',#7736,#5290,#5291);
#4582=AXIS2_PLACEMENT_3D('',#7739,#5293,#5294);
#4583=AXIS2_PLACEMENT_3D('',#7740,#5295,#5296);
#4584=AXIS2_PLACEMENT_3D('',#7746,#5300,#5301);
#4585=AXIS2_PLACEMENT_3D('',#7750,#5304,#5305);
#4586=AXIS2_PLACEMENT_3D('',#7754,#5308,#5309);
#4587=AXIS2_PLACEMENT_3D('',#7758,#5312,#5313);
#4588=AXIS2_PLACEMENT_3D('',#7762,#5316,#5317);
#4589=AXIS2_PLACEMENT_3D('',#7766,#5320,#5321);
#4590=AXIS2_PLACEMENT_3D('',#7770,#5324,#5325);
#4591=AXIS2_PLACEMENT_3D('',#7772,#5327,#5328);
#4592=AXIS2_PLACEMENT_3D('',#7775,#5330,#5331);
#4593=AXIS2_PLACEMENT_3D('',#7776,#5332,#5333);
#4594=AXIS2_PLACEMENT_3D('',#8089,#5338,#5339);
#4595=AXIS2_PLACEMENT_3D('',#8092,#5341,#5342);
#4596=AXIS2_PLACEMENT_3D('',#8093,#5343,#5344);
#4597=AXIS2_PLACEMENT_3D('',#8099,#5348,#5349);
#4598=AXIS2_PLACEMENT_3D('',#8103,#5352,#5353);
#4599=AXIS2_PLACEMENT_3D('',#8107,#5356,#5357);
#4600=AXIS2_PLACEMENT_3D('',#8111,#5360,#5361);
#4601=AXIS2_PLACEMENT_3D('',#8115,#5364,#5365);
#4602=AXIS2_PLACEMENT_3D('',#8119,#5368,#5369);
#4603=AXIS2_PLACEMENT_3D('',#8123,#5372,#5373);
#4604=AXIS2_PLACEMENT_3D('',#8125,#5375,#5376);
#4605=AXIS2_PLACEMENT_3D('',#8128,#5378,#5379);
#4606=AXIS2_PLACEMENT_3D('',#8129,#5380,#5381);
#4607=AXIS2_PLACEMENT_3D('',#8135,#5385,#5386);
#4608=AXIS2_PLACEMENT_3D('',#8139,#5389,#5390);
#4609=AXIS2_PLACEMENT_3D('',#8143,#5393,#5394);
#4610=AXIS2_PLACEMENT_3D('',#8147,#5397,#5398);
#4611=AXIS2_PLACEMENT_3D('',#8151,#5401,#5402);
#4612=AXIS2_PLACEMENT_3D('',#8155,#5405,#5406);
#4613=AXIS2_PLACEMENT_3D('',#8159,#5409,#5410);
#4614=AXIS2_PLACEMENT_3D('',#8161,#5412,#5413);
#4615=AXIS2_PLACEMENT_3D('',#8167,#5417,#5418);
#4616=AXIS2_PLACEMENT_3D('',#8171,#5421,#5422);
#4617=AXIS2_PLACEMENT_3D('',#8175,#5425,#5426);
#4618=AXIS2_PLACEMENT_3D('',#8179,#5429,#5430);
#4619=AXIS2_PLACEMENT_3D('',#8183,#5433,#5434);
#4620=AXIS2_PLACEMENT_3D('',#8187,#5437,#5438);
#4621=AXIS2_PLACEMENT_3D('',#8191,#5441,#5442);
#4622=AXIS2_PLACEMENT_3D('',#8193,#5444,#5445);
#4623=AXIS2_PLACEMENT_3D('',#8333,#5447,#5448);
#4624=AXIS2_PLACEMENT_3D('',#8408,#5450,#5451);
#4625=AXIS2_PLACEMENT_3D('',#8475,#5453,#5454);
#4626=AXIS2_PLACEMENT_3D('',#8477,#5456,#5457);
#4627=AXIS2_PLACEMENT_3D('',#8479,#5459,#5460);
#4628=AXIS2_PLACEMENT_3D('',#8481,#5462,#5463);
#4629=AXIS2_PLACEMENT_3D('',#8483,#5465,#5466);
#4630=AXIS2_PLACEMENT_3D('',#8485,#5468,#5469);
#4631=AXIS2_PLACEMENT_3D('',#8487,#5471,#5472);
#4632=AXIS2_PLACEMENT_3D('',#8489,#5474,#5475);
#4633=AXIS2_PLACEMENT_3D('',#8491,#5477,#5478);
#4634=AXIS2_PLACEMENT_3D('',#8492,#5479,#5480);
#4635=AXIS2_PLACEMENT_3D('',#8493,#5481,#5482);
#4636=AXIS2_PLACEMENT_3D('',#8542,#5484,#5485);
#4637=AXIS2_PLACEMENT_3D('',#8591,#5487,#5488);
#4638=AXIS2_PLACEMENT_3D('',#8630,#5489,#5490);
#4639=AXIS2_PLACEMENT_3D('',#8631,#5491,#5492);
#4640=AXIS2_PLACEMENT_3D('',#8670,#5493,#5494);
#4641=AXIS2_PLACEMENT_3D('',#8671,#5495,#5496);
#4642=AXIS2_PLACEMENT_3D('',#8672,#5497,#5498);
#4643=AXIS2_PLACEMENT_3D('',#8758,#5499,#5500);
#4644=AXIS2_PLACEMENT_3D('',#8844,#5501,#5502);
#4645=AXIS2_PLACEMENT_3D('',#8846,#5503,#5504);
#4646=AXIS2_PLACEMENT_3D('',#8847,#5505,#5506);
#4647=AXIS2_PLACEMENT_3D('',#8848,#5507,#5508);
#4648=AXIS2_PLACEMENT_3D('',#8850,#5509,#5510);
#4649=AXIS2_PLACEMENT_3D('',#8851,#5511,#5512);
#4650=AXIS2_PLACEMENT_3D('',#8853,#5514,#5515);
#4651=AXIS2_PLACEMENT_3D('',#8855,#5517,#5518);
#4652=AXIS2_PLACEMENT_3D('',#8856,#5519,#5520);
#4653=AXIS2_PLACEMENT_3D('',#8857,#5521,#5522);
#4654=AXIS2_PLACEMENT_3D('',#8858,#5523,#5524);
#4655=AXIS2_PLACEMENT_3D('',#8860,#5525,#5526);
#4656=AXIS2_PLACEMENT_3D('',#8861,#5527,#5528);
#4657=AXIS2_PLACEMENT_3D('',#8862,#5529,#5530);
#4658=AXIS2_PLACEMENT_3D('',#8864,#5531,#5532);
#4659=AXIS2_PLACEMENT_3D('',#8865,#5533,#5534);
#4660=AXIS2_PLACEMENT_3D('',#8868,#5536,#5537);
#4661=AXIS2_PLACEMENT_3D('',#8869,#5538,#5539);
#4662=AXIS2_PLACEMENT_3D('',#8872,#5541,#5542);
#4663=AXIS2_PLACEMENT_3D('',#8873,#5543,#5544);
#4664=AXIS2_PLACEMENT_3D('',#8876,#5546,#5547);
#4665=AXIS2_PLACEMENT_3D('',#8877,#5548,#5549);
#4666=AXIS2_PLACEMENT_3D('',#8880,#5551,#5552);
#4667=AXIS2_PLACEMENT_3D('',#8881,#5553,#5554);
#4668=AXIS2_PLACEMENT_3D('',#8906,#5567,#5568);
#4669=AXIS2_PLACEMENT_3D('',#8915,#5573,#5574);
#4670=AXIS2_PLACEMENT_3D('',#8924,#5579,#5580);
#4671=AXIS2_PLACEMENT_3D('',#8949,#5593,#5594);
#4672=AXIS2_PLACEMENT_3D('',#8955,#5598,#5599);
#4673=AXIS2_PLACEMENT_3D('',#8959,#5602,#5603);
#4674=AXIS2_PLACEMENT_3D('',#8963,#5606,#5607);
#4675=AXIS2_PLACEMENT_3D('',#8967,#5610,#5611);
#4676=AXIS2_PLACEMENT_3D('',#8971,#5614,#5615);
#4677=AXIS2_PLACEMENT_3D('',#8975,#5618,#5619);
#4678=AXIS2_PLACEMENT_3D('',#8979,#5622,#5623);
#4679=AXIS2_PLACEMENT_3D('',#8983,#5626,#5627);
#4680=AXIS2_PLACEMENT_3D('',#8987,#5630,#5631);
#4681=AXIS2_PLACEMENT_3D('',#8991,#5634,#5635);
#4682=AXIS2_PLACEMENT_3D('',#8995,#5638,#5639);
#4683=AXIS2_PLACEMENT_3D('',#8997,#5641,#5642);
#4684=AXIS2_PLACEMENT_3D('',#9003,#5646,#5647);
#4685=AXIS2_PLACEMENT_3D('',#9007,#5650,#5651);
#4686=AXIS2_PLACEMENT_3D('',#9011,#5654,#5655);
#4687=AXIS2_PLACEMENT_3D('',#9013,#5657,#5658);
#4688=AXIS2_PLACEMENT_3D('',#9019,#5662,#5663);
#4689=AXIS2_PLACEMENT_3D('',#9023,#5666,#5667);
#4690=AXIS2_PLACEMENT_3D('',#9027,#5670,#5671);
#4691=AXIS2_PLACEMENT_3D('',#9029,#5673,#5674);
#4692=AXIS2_PLACEMENT_3D('',#9035,#5678,#5679);
#4693=AXIS2_PLACEMENT_3D('',#9039,#5682,#5683);
#4694=AXIS2_PLACEMENT_3D('',#9043,#5686,#5687);
#4695=AXIS2_PLACEMENT_3D('',#9047,#5690,#5691);
#4696=AXIS2_PLACEMENT_3D('',#9051,#5694,#5695);
#4697=AXIS2_PLACEMENT_3D('',#9055,#5698,#5699);
#4698=AXIS2_PLACEMENT_3D('',#9059,#5702,#5703);
#4699=AXIS2_PLACEMENT_3D('',#9063,#5706,#5707);
#4700=AXIS2_PLACEMENT_3D('',#9067,#5710,#5711);
#4701=AXIS2_PLACEMENT_3D('',#9071,#5714,#5715);
#4702=AXIS2_PLACEMENT_3D('',#9075,#5718,#5719);
#4703=AXIS2_PLACEMENT_3D('',#9077,#5721,#5722);
#4704=AXIS2_PLACEMENT_3D('',#9078,#5723,#5724);
#4705=AXIS2_PLACEMENT_3D('',#9079,#5725,#5726);
#4706=AXIS2_PLACEMENT_3D('',#9080,#5727,#5728);
#4707=AXIS2_PLACEMENT_3D('',#9081,#5729,#5730);
#4708=AXIS2_PLACEMENT_3D('',#9082,#5731,#5732);
#4709=AXIS2_PLACEMENT_3D('',#9614,#5733,#5734);
#4710=AXIS2_PLACEMENT_3D('',#9616,#5735,#5736);
#4711=AXIS2_PLACEMENT_3D('',#9617,#5737,#5738);
#4712=AXIS2_PLACEMENT_3D('',#9618,#5739,#5740);
#4713=AXIS2_PLACEMENT_3D('',#9716,#5741,#5742);
#4714=AXIS2_PLACEMENT_3D('',#9717,#5743,#5744);
#4715=AXIS2_PLACEMENT_3D('',#9815,#5745,#5746);
#4716=AXIS2_PLACEMENT_3D('',#9873,#5747,#5748);
#4717=AXIS2_PLACEMENT_3D('',#9874,#5749,#5750);
#4718=AXIS2_PLACEMENT_3D('',#9875,#5751,#5752);
#4719=AXIS2_PLACEMENT_3D('',#9876,#5753,#5754);
#4720=AXIS2_PLACEMENT_3D('',#9877,#5755,#5756);
#4721=AXIS2_PLACEMENT_3D('',#9924,#5757,#5758);
#4722=AXIS2_PLACEMENT_3D('',#9932,#5759,#5760);
#4723=AXIS2_PLACEMENT_3D('',#9933,#5761,#5762);
#4724=AXIS2_PLACEMENT_3D('',#9934,#5763,#5764);
#4725=AXIS2_PLACEMENT_3D('',#9936,#5765,#5766);
#4726=AXIS2_PLACEMENT_3D('',#9937,#5767,#5768);
#4727=AXIS2_PLACEMENT_3D('',#9939,#5769,#5770);
#4728=AXIS2_PLACEMENT_3D('',#9941,#5772,#5773);
#4729=AXIS2_PLACEMENT_3D('',#9943,#5774,#5775);
#4730=AXIS2_PLACEMENT_3D('',#9996,#5776,#5777);
#4731=AXIS2_PLACEMENT_3D('',#9997,#5778,#5779);
#4732=AXIS2_PLACEMENT_3D('',#9998,#5780,#5781);
#4733=AXIS2_PLACEMENT_3D('',#10000,#5783,#5784);
#4734=AXIS2_PLACEMENT_3D('',#10047,#5785,#5786);
#4735=AXIS2_PLACEMENT_3D('',#10055,#5787,#5788);
#4736=AXIS2_PLACEMENT_3D('',#10056,#5789,#5790);
#4737=AXIS2_PLACEMENT_3D('',#10057,#5791,#5792);
#4738=AXIS2_PLACEMENT_3D('',#10059,#5793,#5794);
#4739=AXIS2_PLACEMENT_3D('',#10060,#5795,#5796);
#4740=AXIS2_PLACEMENT_3D('',#10062,#5797,#5798);
#4741=AXIS2_PLACEMENT_3D('',#10064,#5800,#5801);
#4742=AXIS2_PLACEMENT_3D('',#10066,#5802,#5803);
#4743=AXIS2_PLACEMENT_3D('',#10119,#5804,#5805);
#4744=AXIS2_PLACEMENT_3D('',#10120,#5806,#5807);
#4745=AXIS2_PLACEMENT_3D('',#10121,#5808,#5809);
#4746=AXIS2_PLACEMENT_3D('',#10123,#5811,#5812);
#4747=AXIS2_PLACEMENT_3D('',#10124,#5813,#5814);
#4748=AXIS2_PLACEMENT_3D('',#10189,#5815,#5816);
#4749=AXIS2_PLACEMENT_3D('',#10198,#5817,#5818);
#4750=AXIS2_PLACEMENT_3D('',#10199,#5819,#5820);
#4751=AXIS2_PLACEMENT_3D('',#10200,#5821,#5822);
#4752=AXIS2_PLACEMENT_3D('',#10201,#5823,#5824);
#4753=AXIS2_PLACEMENT_3D('',#10202,#5825,#5826);
#4754=AXIS2_PLACEMENT_3D('',#10203,#5827,#5828);
#4755=AXIS2_PLACEMENT_3D('',#10204,#5829,#5830);
#4756=AXIS2_PLACEMENT_3D('',#10205,#5831,#5832);
#4757=AXIS2_PLACEMENT_3D('',#10206,#5833,#5834);
#4758=AXIS2_PLACEMENT_3D('',#10207,#5835,#5836);
#4759=DIRECTION('axis',(0.,0.,1.));
#4760=DIRECTION('refdir',(1.,0.,0.));
#4761=DIRECTION('axis',(0.,0.,1.));
#4762=DIRECTION('refdir',(1.,0.,0.));
#4763=DIRECTION('center_axis',(7.771561172376E-16,-1.,4.436772559534E-15));
#4764=DIRECTION('ref_axis',(4.218847493576E-15,-4.436772559534E-15,-1.));
#4765=DIRECTION('center_axis',(0.,1.,0.));
#4766=DIRECTION('ref_axis',(-1.,0.,2.88657986402606E-13));
#4767=DIRECTION('',(7.771561172376E-16,-1.,4.436772559534E-15));
#4768=DIRECTION('center_axis',(3.885780586188E-15,1.,6.702533537416E-16));
#4769=DIRECTION('ref_axis',(4.218847493576E-15,6.70253353741584E-16,-1.));
#4770=DIRECTION('',(7.771561172376E-16,-1.,4.436772559534E-15));
#4771=DIRECTION('center_axis',(4.89002517268846E-16,-0.0454076609186636,
0.998968540210299));
#4772=DIRECTION('ref_axis',(-1.37115686507541E-15,0.998968540210299,0.0454076609186636));
#4773=DIRECTION('center_axis',(3.754055547686E-15,-5.846332223818E-16,-1.));
#4774=DIRECTION('ref_axis',(1.33226762955002E-15,-1.,5.84633222381805E-16));
#4775=DIRECTION('',(1.,-3.774758283726E-15,-7.771561172376E-16));
#4776=DIRECTION('',(1.7763568394E-15,-1.,5.102906374309E-15));
#4777=DIRECTION('',(1.,-2.553512956638E-15,1.089520288586E-15));
#4778=DIRECTION('',(4.440892098501E-16,-1.,3.249168481482E-15));
#4779=DIRECTION('',(-1.,2.553512956638E-15,-1.089520288586E-15));
#4780=DIRECTION('',(1.7763568394E-15,-1.,5.102906374309E-15));
#4781=DIRECTION('',(1.,-2.553512956638E-15,1.089520288586E-15));
#4782=DIRECTION('',(4.440892098501E-16,-1.,3.249168481482E-15));
#4783=DIRECTION('',(-1.,2.553512956638E-15,-1.089520288586E-15));
#4784=DIRECTION('',(1.7763568394E-15,-1.,5.102906374309E-15));
#4785=DIRECTION('',(1.,-3.774758283726E-15,-7.771561172376E-16));
#4786=DIRECTION('',(1.,-4.218847493576E-15,-8.881784197001E-16));
#4787=DIRECTION('',(-1.,3.663735981263E-15,4.440892098501E-16));
#4788=DIRECTION('',(-1.,3.663735981263E-15,4.440892098501E-16));
#4789=DIRECTION('',(1.,-4.218847493576E-15,-8.881784197001E-16));
#4790=DIRECTION('',(-1.,1.554312234475E-15,-1.089520288586E-15));
#4791=DIRECTION('',(4.440892098501E-16,-1.,3.249168481482E-15));
#4792=DIRECTION('',(1.,-1.554312234475E-15,1.089520288586E-15));
#4793=DIRECTION('',(-4.440892098501E-16,1.,-3.249168481482E-15));
#4794=DIRECTION('',(-1.,1.554312234475E-15,-1.089520288586E-15));
#4795=DIRECTION('',(4.440892098501E-16,-1.,3.249168481482E-15));
#4796=DIRECTION('',(1.,-1.554312234475E-15,1.089520288586E-15));
#4797=DIRECTION('',(-4.440892098501E-16,1.,-3.249168481482E-15));
#4798=DIRECTION('center_axis',(5.551115123126E-16,1.110223024625E-15,1.));
#4799=DIRECTION('ref_axis',(3.330669073875E-16,-1.,1.110223024625E-15));
#4800=DIRECTION('center_axis',(2.22044604925E-16,-6.661338147751E-16,-1.));
#4801=DIRECTION('ref_axis',(-2.22044604925E-16,1.,-6.661338147751E-16));
#4802=DIRECTION('center_axis',(-1.,4.107825191113E-15,8.881784197001E-16));
#4803=DIRECTION('ref_axis',(-8.88178419700093E-16,1.66533453693802E-15,
-1.));
#4804=DIRECTION('',(-4.0279691886372E-15,0.0454076609186636,0.998968540210299));
#4805=DIRECTION('center_axis',(-1.,-7.771561172376E-16,-3.996802888651E-15));
#4806=DIRECTION('ref_axis',(5.9486904162575E-16,-0.998968540210299,0.0454076609186636));
#4807=DIRECTION('',(-7.771561172376E-16,1.,-4.107825191113E-15));
#4808=DIRECTION('center_axis',(-1.,-7.771561172376E-16,-3.996802888651E-15));
#4809=DIRECTION('ref_axis',(-3.996802888651E-15,-1.221245327088E-15,1.));
#4810=DIRECTION('',(3.95739150573218E-15,0.0454076609186636,-0.998968540210299));
#4811=DIRECTION('',(4.440892098501E-15,1.665334536938E-15,-1.));
#4812=DIRECTION('',(-1.221245327088E-15,1.,-4.551914400963E-15));
#4813=DIRECTION('',(-4.440892098501E-15,-1.665334536938E-15,1.));
#4814=DIRECTION('',(1.221245327088E-15,-1.,4.551914400963E-15));
#4815=DIRECTION('center_axis',(1.,1.221245327088E-15,4.440892098501E-15));
#4816=DIRECTION('ref_axis',(-1.22124532708798E-15,1.,-4.551914400963E-15));
#4817=DIRECTION('center_axis',(1.,1.221245327088E-15,4.440892098501E-15));
#4818=DIRECTION('ref_axis',(-1.22124532708798E-15,1.,-4.551914400963E-15));
#4819=DIRECTION('center_axis',(-8.41890931792752E-16,-0.0454076609186636,
-0.998968540210299));
#4820=DIRECTION('ref_axis',(9.96827637561598E-16,-0.998968540210299,0.0454076609186636));
#4821=DIRECTION('center_axis',(3.95739150573219E-15,0.0454076609186636,
-0.998968540210299));
#4822=DIRECTION('ref_axis',(-1.37115686507541E-15,0.998968540210299,0.0454076609186636));
#4823=DIRECTION('center_axis',(4.89002517268846E-16,-0.0454076609186636,
0.998968540210299));
#4824=DIRECTION('ref_axis',(-9.57839982279187E-16,0.998968540210299,0.0454076609186636));
#4825=DIRECTION('',(3.95739150573218E-15,0.0454076609186636,-0.998968540210299));
#4826=DIRECTION('',(-1.,3.663735981263E-15,4.440892098501E-16));
#4827=DIRECTION('',(1.,-3.774758283726E-15,-7.771561172376E-16));
#4828=DIRECTION('center_axis',(1.7763568394E-15,-1.,5.102906374309E-15));
#4829=DIRECTION('ref_axis',(4.55191440096301E-15,-5.10290637430899E-15,
-1.));
#4830=DIRECTION('center_axis',(0.,-1.,0.));
#4831=DIRECTION('ref_axis',(1.,0.,3.18217674433249E-13));
#4832=DIRECTION('',(1.7763568394E-15,-1.,5.102906374309E-15));
#4833=DIRECTION('center_axis',(-1.33226762955E-15,-1.,1.994281905359E-15));
#4834=DIRECTION('ref_axis',(3.441691376338E-15,-1.994281905359E-15,-1.));
#4835=DIRECTION('',(1.,-4.218847493576E-15,-8.881784197001E-16));
#4836=DIRECTION('center_axis',(5.551115123126E-16,1.,-1.665334536938E-15));
#4837=DIRECTION('ref_axis',(-1.887379141863E-15,1.665334536938E-15,1.));
#4838=DIRECTION('',(-2.109423746788E-15,-5.551115123126E-16,1.));
#4839=DIRECTION('',(-1.,2.553512956638E-15,3.330669073875E-16));
#4840=DIRECTION('',(3.246253228795E-15,3.330669073875E-16,-1.));
#4841=DIRECTION('',(-1.,2.553512956638E-15,-1.7763568394E-15));
#4842=DIRECTION('',(-2.109423746788E-15,-5.551115123126E-16,1.));
#4843=DIRECTION('center_axis',(1.,-1.7763568394E-15,-4.440892098501E-16));
#4844=DIRECTION('ref_axis',(4.44089209850099E-16,-4.44089209850105E-16,
1.));
#4845=DIRECTION('',(-4.440892098501E-16,1.,-2.6645352591E-15));
#4846=DIRECTION('',(2.109423746788E-15,5.551115123126E-16,-1.));
#4847=DIRECTION('center_axis',(-5.551115123126E-16,-1.,1.665334536938E-15));
#4848=DIRECTION('ref_axis',(1.887379141863E-15,-1.665334536938E-15,-1.));
#4849=DIRECTION('',(2.109423746788E-15,5.551115123126E-16,-1.));
#4850=DIRECTION('center_axis',(-1.33226762955E-15,-1.,1.994281905359E-15));
#4851=DIRECTION('ref_axis',(3.441691376338E-15,-1.994281905359E-15,-1.));
#4852=DIRECTION('',(1.,-2.553512956638E-15,1.7763568394E-15));
#4853=DIRECTION('',(-3.246253228795E-15,-3.330669073875E-16,1.));
#4854=DIRECTION('',(-1.,2.553512956638E-15,3.330669073875E-16));
#4855=DIRECTION('',(-1.,3.663735981263E-15,4.440892098501E-16));
#4856=DIRECTION('center_axis',(1.7763568394E-15,-1.,5.102906374309E-15));
#4857=DIRECTION('ref_axis',(4.55191440096301E-15,-5.10290637430899E-15,
-1.));
#4858=DIRECTION('',(1.7763568394E-15,-1.,5.102906374309E-15));
#4859=DIRECTION('center_axis',(-1.33226762955E-15,-1.,1.994281905359E-15));
#4860=DIRECTION('ref_axis',(3.441691376338E-15,-1.994281905359E-15,-1.));
#4861=DIRECTION('',(1.,-4.218847493576E-15,-8.881784197001E-16));
#4862=DIRECTION('center_axis',(5.551115123126E-16,1.,-1.665334536938E-15));
#4863=DIRECTION('ref_axis',(-1.887379141863E-15,1.665334536938E-15,1.));
#4864=DIRECTION('',(-2.109423746788E-15,-5.551115123126E-16,1.));
#4865=DIRECTION('',(-1.,2.553512956638E-15,3.330669073875E-16));
#4866=DIRECTION('',(3.246253228795E-15,3.330669073875E-16,-1.));
#4867=DIRECTION('',(-1.,2.553512956638E-15,-1.7763568394E-15));
#4868=DIRECTION('',(-2.109423746788E-15,-5.551115123126E-16,1.));
#4869=DIRECTION('',(1.,-3.774758283726E-15,-7.771561172376E-16));
#4870=DIRECTION('center_axis',(1.,-1.7763568394E-15,-4.440892098501E-16));
#4871=DIRECTION('ref_axis',(4.44089209850099E-16,-4.44089209850105E-16,
1.));
#4872=DIRECTION('',(-4.440892098501E-16,1.,-2.6645352591E-15));
#4873=DIRECTION('',(2.109423746788E-15,5.551115123126E-16,-1.));
#4874=DIRECTION('center_axis',(1.7763568394E-15,-1.,5.102906374309E-15));
#4875=DIRECTION('ref_axis',(4.55191440096301E-15,-5.10290637430899E-15,
-1.));
#4876=DIRECTION('center_axis',(-1.33226762955E-15,-1.,1.994281905359E-15));
#4877=DIRECTION('ref_axis',(3.441691376338E-15,-1.994281905359E-15,-1.));
#4878=DIRECTION('',(1.7763568394E-15,-1.,5.102906374309E-15));
#4879=DIRECTION('center_axis',(-3.552713678801E-15,-1.,-2.261641438915E-16));
#4880=DIRECTION('ref_axis',(4.551914400963E-15,2.26164143891484E-16,-1.));
#4881=DIRECTION('center_axis',(-5.551115123126E-16,-1.,1.665334536938E-15));
#4882=DIRECTION('ref_axis',(1.887379141863E-15,-1.665334536938E-15,-1.));
#4883=DIRECTION('',(2.109423746788E-15,5.551115123126E-16,-1.));
#4884=DIRECTION('',(1.,-2.553512956638E-15,1.7763568394E-15));
#4885=DIRECTION('',(-3.246253228795E-15,-3.330669073875E-16,1.));
#4886=DIRECTION('',(-1.,2.553512956638E-15,3.330669073875E-16));
#4887=DIRECTION('center_axis',(-2.52760440829E-30,-1.,2.805079271632E-15));
#4888=DIRECTION('ref_axis',(-1.,-1.15143908789793E-30,-1.311564893511E-15));
#4889=DIRECTION('',(-2.865877127986E-15,1.472811642082E-15,1.));
#4890=DIRECTION('',(1.,-1.33226762955E-15,2.22044604925E-15));
#4891=DIRECTION('',(-2.865877127986E-15,1.472811642082E-15,1.));
#4892=DIRECTION('center_axis',(1.,-1.110223024625E-15,1.533609498436E-15));
#4893=DIRECTION('ref_axis',(-1.110223024625E-15,-1.,3.027123876557E-15));
#4894=DIRECTION('',(-2.22044604925E-16,1.,-2.22044604925E-15));
#4895=DIRECTION('',(-2.865877127986E-15,1.472811642082E-15,1.));
#4896=DIRECTION('center_axis',(-1.,1.110223024625E-15,-1.533609498436E-15));
#4897=DIRECTION('ref_axis',(1.110223024625E-15,1.,-3.027123876557E-15));
#4898=DIRECTION('',(-2.865877127986E-15,1.472811642082E-15,1.));
#4899=DIRECTION('',(2.22044604925E-16,-1.,2.22044604925E-15));
#4900=DIRECTION('center_axis',(2.52760440829E-30,1.,-2.805079271632E-15));
#4901=DIRECTION('ref_axis',(1.,1.15143908789793E-30,1.311564893511E-15));
#4902=DIRECTION('',(-1.,1.33226762955E-15,-2.22044604925E-15));
#4903=DIRECTION('center_axis',(-2.52760440829E-30,-1.,2.805079271632E-15));
#4904=DIRECTION('ref_axis',(-1.,-1.15143908789793E-30,-1.311564893511E-15));
#4905=DIRECTION('',(-2.865877127986E-15,1.472811642082E-15,1.));
#4906=DIRECTION('',(1.,-1.33226762955E-15,2.22044604925E-15));
#4907=DIRECTION('',(-2.865877127986E-15,1.472811642082E-15,1.));
#4908=DIRECTION('center_axis',(1.,-1.110223024625E-15,1.533609498436E-15));
#4909=DIRECTION('ref_axis',(-1.110223024625E-15,-1.,3.027123876557E-15));
#4910=DIRECTION('',(-2.22044604925E-16,1.,-2.22044604925E-15));
#4911=DIRECTION('',(-2.865877127986E-15,1.472811642082E-15,1.));
#4912=DIRECTION('center_axis',(-1.,1.110223024625E-15,-1.533609498436E-15));
#4913=DIRECTION('ref_axis',(1.110223024625E-15,1.,-3.027123876557E-15));
#4914=DIRECTION('',(-2.865877127986E-15,1.472811642082E-15,1.));
#4915=DIRECTION('',(2.22044604925E-16,-1.,2.22044604925E-15));
#4916=DIRECTION('center_axis',(2.52760440829E-30,1.,-2.805079271632E-15));
#4917=DIRECTION('ref_axis',(1.,1.15143908789793E-30,1.311564893511E-15));
#4918=DIRECTION('',(-1.,1.33226762955E-15,-2.22044604925E-15));
#4919=DIRECTION('center_axis',(-1.221245327088E-15,-2.22044604925E-16,1.));
#4920=DIRECTION('ref_axis',(3.33066907387502E-16,-1.,-2.22044604925E-16));
#4921=DIRECTION('',(-1.3030780043626E-15,0.371390676353765,0.928476690885395));
#4922=DIRECTION('center_axis',(5.551115123126E-16,1.110223024625E-15,1.));
#4923=DIRECTION('ref_axis',(3.330669073875E-16,-1.,1.110223024625E-15));
#4924=DIRECTION('center_axis',(-8.881784197001E-16,2.958228394579E-31,1.));
#4925=DIRECTION('ref_axis',(-2.22044604925001E-16,1.,-4.9303806576312E-31));
#4926=DIRECTION('',(-6.96705423732187E-16,-0.371390676353765,0.928476690885395));
#4927=DIRECTION('center_axis',(2.22044604925E-16,-6.661338147751E-16,-1.));
#4928=DIRECTION('ref_axis',(-2.22044604925E-16,1.,-6.661338147751E-16));
#4929=DIRECTION('center_axis',(-4.02796918863721E-15,0.0454076609186636,
0.998968540210299));
#4930=DIRECTION('ref_axis',(9.96827637561598E-16,-0.998968540210299,0.0454076609186636));
#4931=DIRECTION('',(-4.0279691886372E-15,0.0454076609186636,0.998968540210299));
#4932=DIRECTION('center_axis',(-8.41890931792752E-16,-0.0454076609186636,
-0.998968540210299));
#4933=DIRECTION('ref_axis',(9.96827637561598E-16,-0.998968540210299,0.0454076609186636));
#4934=DIRECTION('center_axis',(-1.,3.885780586188E-15,6.661338147751E-16));
#4935=DIRECTION('ref_axis',(0.,-1.33226762955019E-15,1.));
#4936=DIRECTION('center_axis',(-3.885780586188E-15,-1.,-9.992007221626E-16));
#4937=DIRECTION('ref_axis',(-4.218847493576E-15,-9.99200722162584E-16,1.));
#4938=DIRECTION('center_axis',(-1.,-7.771561172376E-16,-3.996802888651E-15));
#4939=DIRECTION('ref_axis',(-3.996802888651E-15,-1.221245327088E-15,1.));
#4940=DIRECTION('center_axis',(-1.,3.885780586188E-15,6.661338147751E-16));
#4941=DIRECTION('ref_axis',(-5.32907051820075E-15,-0.998968540210299,0.0454076609186633));
#4942=DIRECTION('center_axis',(-1.,-7.771561172376E-16,-3.996802888651E-15));
#4943=DIRECTION('ref_axis',(5.9486904162575E-16,-0.998968540210299,0.0454076609186636));
#4944=DIRECTION('center_axis',(-3.885780586188E-15,-1.,-3.060052211623E-15));
#4945=DIRECTION('ref_axis',(-3.996802888651E-15,-3.06005221162298E-15,1.));
#4946=DIRECTION('center_axis',(-7.771561172376E-16,1.,-4.107825191113E-15));
#4947=DIRECTION('ref_axis',(-4.218847493576E-15,4.107825191113E-15,1.));
#4948=DIRECTION('',(-7.771561172376E-16,1.,-4.107825191113E-15));
#4949=DIRECTION('center_axis',(9.992007221626E-16,-1.,3.885780586188E-15));
#4950=DIRECTION('ref_axis',(-3.99680288865101E-15,3.885780586188E-15,1.));
#4951=DIRECTION('',(1.,-3.663735981263E-15,-4.440892098501E-16));
#4952=DIRECTION('',(-3.552713678801E-15,-3.330669073875E-16,1.));
#4953=DIRECTION('',(1.,-3.663735981263E-15,-4.440892098501E-16));
#4954=DIRECTION('center_axis',(-4.218847493576E-15,-9.992007221626E-16,
1.));
#4955=DIRECTION('ref_axis',(-7.77156117237622E-16,1.,9.99200722162597E-16));
#4956=DIRECTION('',(1.,-3.663735981263E-15,-4.440892098501E-16));
#4957=DIRECTION('',(-3.330669073875E-16,1.,-3.219646771413E-15));
#4958=DIRECTION('',(-1.,2.885048521922E-15,-4.668475436835E-30));
#4959=DIRECTION('',(1.221245327088E-15,-1.,4.551914400963E-15));
#4960=DIRECTION('',(1.,-2.888111206128E-15,4.575988296223E-30));
#4961=DIRECTION('',(-3.330669073875E-16,1.,-3.219646771413E-15));
#4962=DIRECTION('center_axis',(4.218847493576E-15,9.992007221626E-16,-1.));
#4963=DIRECTION('ref_axis',(7.77156117237622E-16,-1.,-9.99200722162597E-16));
#4964=DIRECTION('',(3.330669073875E-16,-1.,3.219646771413E-15));
#4965=DIRECTION('',(-1.,2.888111206128E-15,-4.575988296223E-30));
#4966=DIRECTION('',(-1.221245327088E-15,1.,-4.551914400963E-15));
#4967=DIRECTION('',(1.,-2.885048521922E-15,4.668475436835E-30));
#4968=DIRECTION('',(3.330669073875E-16,-1.,3.219646771413E-15));
#4969=DIRECTION('',(1.,-3.663735981263E-15,-4.440892098501E-16));
#4970=DIRECTION('center_axis',(-9.992007221626E-16,1.,-3.885780586188E-15));
#4971=DIRECTION('ref_axis',(3.99680288865101E-15,-3.885780586188E-15,-1.));
#4972=DIRECTION('',(3.552713678801E-15,3.330669073875E-16,-1.));
#4973=DIRECTION('center_axis',(-1.,3.885780586188E-15,6.661338147751E-16));
#4974=DIRECTION('ref_axis',(3.885780586188E-15,1.,-4.107825191113E-15));
#4975=DIRECTION('center_axis',(1.,1.221245327088E-15,4.440892098501E-15));
#4976=DIRECTION('ref_axis',(-1.22124532708798E-15,1.,-4.551914400963E-15));
#4977=DIRECTION('',(-1.,3.885780586188E-15,6.661338147751E-16));
#4978=DIRECTION('center_axis',(-1.,3.885780586188E-15,6.661338147751E-16));
#4979=DIRECTION('ref_axis',(3.885780586188E-15,1.,-4.107825191113E-15));
#4980=DIRECTION('center_axis',(1.,1.221245327088E-15,4.440892098501E-15));
#4981=DIRECTION('ref_axis',(-1.22124532708798E-15,1.,-4.551914400963E-15));
#4982=DIRECTION('',(-1.,3.885780586188E-15,6.661338147751E-16));
#4983=DIRECTION('center_axis',(-6.3546114733019E-16,0.998968540210299,0.0454076609186636));
#4984=DIRECTION('ref_axis',(-3.37764625330001E-15,-0.0454076609186636,0.998968540210299));
#4985=DIRECTION('',(1.,-3.774758283726E-15,-7.771561172376E-16));
#4986=DIRECTION('',(4.6883746501034E-15,0.0454076609186636,-0.998968540210299));
#4987=DIRECTION('',(-1.,3.663735981263E-15,4.440892098501E-16));
#4988=DIRECTION('',(-4.38085760316131E-15,-0.0454076609186636,0.998968540210299));
#4989=DIRECTION('',(1.,-4.218847493576E-15,-8.881784197001E-16));
#4990=DIRECTION('',(1.,-4.218847493576E-15,-8.881784197001E-16));
#4991=DIRECTION('',(1.,-4.218847493576E-15,-8.881784197001E-16));
#4992=DIRECTION('',(1.,-4.218847493576E-15,-8.881784197001E-16));
#4993=DIRECTION('',(1.,-4.218847493576E-15,-8.881784197001E-16));
#4994=DIRECTION('',(-4.90010769881747E-15,-0.0454076609186636,0.998968540210299));
#4995=DIRECTION('center_axis',(-3.93218519040918E-16,0.0454076609186636,
-0.998968540210299));
#4996=DIRECTION('ref_axis',(-1.57798202773147E-15,0.998968540210299,0.0454076609186636));
#4997=DIRECTION('center_axis',(1.,-3.996802888651E-15,-9.992007221626E-16));
#4998=DIRECTION('ref_axis',(9.99200722162596E-16,-9.99200722162624E-16,
1.));
#4999=DIRECTION('',(-4.84969506817145E-15,0.0454076609186636,0.998968540210299));
#5000=DIRECTION('',(-2.120063682781E-30,-1.,2.109423746788E-15));
#5001=DIRECTION('',(-2.120063682781E-30,-1.,2.109423746788E-15));
#5002=DIRECTION('',(4.6883746501034E-15,0.0454076609186636,-0.998968540210299));
#5003=DIRECTION('center_axis',(-1.,-1.7763568394E-15,-4.773959005888E-15));
#5004=DIRECTION('ref_axis',(-4.773959005888E-15,-7.771561172376E-16,1.));
#5005=DIRECTION('',(-1.7763568394E-15,1.,-4.773959005888E-15));
#5006=DIRECTION('center_axis',(-1.,-1.7763568394E-15,-4.773959005888E-15));
#5007=DIRECTION('ref_axis',(1.55775028696904E-15,-0.998968540210299,0.0454076609186636));
#5008=DIRECTION('',(4.440892098501E-15,8.881784197001E-16,-1.));
#5009=DIRECTION('',(1.7763568394E-15,-1.,4.440892098501E-15));
#5010=DIRECTION('',(-4.440892098501E-15,-8.881784197001E-16,1.));
#5011=DIRECTION('',(-1.7763568394E-15,1.,-4.440892098501E-15));
#5012=DIRECTION('center_axis',(1.,1.554312234475E-15,3.885780586188E-15));
#5013=DIRECTION('ref_axis',(-1.55431223447498E-15,1.,-3.885780586188E-15));
#5014=DIRECTION('center_axis',(1.,1.554312234475E-15,3.885780586188E-15));
#5015=DIRECTION('ref_axis',(-1.55431223447498E-15,1.,-3.885780586188E-15));
#5016=DIRECTION('center_axis',(-1.665334536938E-15,-1.110223024625E-16,
1.));
#5017=DIRECTION('ref_axis',(-2.22044604924997E-16,-1.,-1.110223024625E-16));
#5018=DIRECTION('',(-4.440892098501E-16,1.,-1.887379141863E-15));
#5019=DIRECTION('center_axis',(-1.,1.7763568394E-15,-1.025807179545E-15));
#5020=DIRECTION('ref_axis',(1.025807179545E-15,3.33066907387505E-16,-1.));
#5021=DIRECTION('',(9.992007221626E-16,-1.,2.331468351713E-15));
#5022=DIRECTION('',(-5.51144689818975E-15,-0.0174828869344129,0.999847162652592));
#5023=DIRECTION('',(-2.22044604925E-15,1.,-5.551115123126E-15));
#5024=DIRECTION('',(-2.22044604925E-15,1.,-5.551115123126E-15));
#5025=DIRECTION('',(5.54342545536294E-15,0.00344825536120634,-0.999994054749809));
#5026=DIRECTION('',(-1.110223024625E-15,1.,-4.218847493576E-15));
#5027=DIRECTION('',(-4.107825191113E-15,-6.661338147751E-16,1.));
#5028=DIRECTION('',(1.110223024625E-15,-1.,4.218847493576E-15));
#5029=DIRECTION('',(5.54342545536294E-15,0.00344825536120634,-0.999994054749809));
#5030=DIRECTION('',(-2.22044604925E-15,1.,-5.551115123126E-15));
#5031=DIRECTION('',(-5.55873878534994E-15,0.00344825536120434,0.999994054749809));
#5032=DIRECTION('',(1.110223024625E-15,-1.,4.218847493576E-15));
#5033=DIRECTION('',(4.107825191113E-15,6.661338147751E-16,-1.));
#5034=DIRECTION('',(-1.110223024625E-15,1.,-4.218847493576E-15));
#5035=DIRECTION('',(-5.55873878534994E-15,0.00344825536120434,0.999994054749809));
#5036=DIRECTION('',(-2.22044604925E-15,1.,-5.551115123126E-15));
#5037=DIRECTION('',(-4.440892098501E-16,1.,-1.887379141863E-15));
#5038=DIRECTION('',(-2.22044604925E-15,1.,-5.551115123126E-15));
#5039=DIRECTION('',(-5.58908651263572E-15,0.0174828869344129,0.999847162652592));
#5040=DIRECTION('',(-8.881784197001E-16,1.,-2.775557561563E-15));
#5041=DIRECTION('',(-5.08159316914452E-15,0.0454076609186636,0.998968540210299));
#5042=DIRECTION('center_axis',(1.,1.998401444325E-15,4.996003610813E-15));
#5043=DIRECTION('ref_axis',(-1.99840144432498E-15,1.,-4.996003610813E-15));
#5044=DIRECTION('',(-1.998401444325E-15,1.,-4.996003610813E-15));
#5045=DIRECTION('center_axis',(1.,1.998401444325E-15,4.996003610813E-15));
#5046=DIRECTION('ref_axis',(-1.99840144432498E-15,1.,-4.996003610813E-15));
#5047=DIRECTION('center_axis',(1.,1.554312234475E-15,4.218847493576E-15));
#5048=DIRECTION('ref_axis',(-1.55431223447498E-15,1.,-4.218847493576E-15));
#5049=DIRECTION('center_axis',(1.,1.554312234475E-15,4.218847493576E-15));
#5050=DIRECTION('ref_axis',(-1.55431223447498E-15,1.,-4.218847493576E-15));
#5051=DIRECTION('center_axis',(-5.107025913276E-15,-6.661338147751E-16,
1.));
#5052=DIRECTION('ref_axis',(-1.99840144432503E-15,1.,6.6613381477509E-16));
#5053=DIRECTION('',(-2.22044604925E-15,1.,-5.551115123126E-15));
#5054=DIRECTION('',(1.,-4.218847493576E-15,-8.881784197001E-16));
#5055=DIRECTION('',(1.,-4.218847493576E-15,-8.881784197001E-16));
#5056=DIRECTION('center_axis',(1.110223024625E-16,5.551115123126E-16,1.));
#5057=DIRECTION('ref_axis',(1.,-4.440892098501E-16,-1.110223024625E-16));
#5058=DIRECTION('',(-2.22044604925E-16,1.,-5.551115123126E-16));
#5059=DIRECTION('',(1.,-4.440892098501E-16,-1.110223024625E-16));
#5060=DIRECTION('',(2.22044604925E-16,-1.,5.551115123126E-16));
#5061=DIRECTION('',(1.,-4.440892098501E-16,-1.110223024625E-16));
#5062=DIRECTION('',(2.22044604925E-16,-1.,5.551115123126E-16));
#5063=DIRECTION('',(-1.,4.440892098501E-16,1.110223024625E-16));
#5064=DIRECTION('',(2.22044604925E-16,-1.,5.551115123126E-16));
#5065=DIRECTION('',(-1.,4.440892098501E-16,1.110223024625E-16));
#5066=DIRECTION('center_axis',(1.110223024625E-16,5.551115123126E-16,1.));
#5067=DIRECTION('ref_axis',(1.,-4.440892098501E-16,-1.110223024625E-16));
#5068=DIRECTION('center_axis',(3.19865094415296E-16,-0.998968540210299,
0.0454076609186636));
#5069=DIRECTION('ref_axis',(3.49863656685105E-15,-0.0454076609186636,-0.998968540210299));
#5070=DIRECTION('',(-4.84969506817145E-15,0.0454076609186636,0.998968540210299));
#5071=DIRECTION('',(1.,-3.774758283726E-15,-7.771561172376E-16));
#5072=DIRECTION('',(1.,-4.218847493576E-15,-8.881784197001E-16));
#5073=DIRECTION('',(1.,-4.218847493576E-15,-8.881784197001E-16));
#5074=DIRECTION('',(1.,-4.218847493576E-15,-8.881784197001E-16));
#5075=DIRECTION('',(1.,-4.218847493576E-15,-8.881784197001E-16));
#5076=DIRECTION('',(1.,-4.218847493576E-15,-8.881784197001E-16));
#5077=DIRECTION('',(-4.49176539058334E-15,0.0454076609186636,0.998968540210299));
#5078=DIRECTION('',(-1.,3.663735981263E-15,4.440892098501E-16));
#5079=DIRECTION('center_axis',(-1.665334536938E-15,-1.110223024625E-16,
1.));
#5080=DIRECTION('ref_axis',(-2.22044604924997E-16,-1.,-1.110223024625E-16));
#5081=DIRECTION('center_axis',(-5.107025913276E-15,-6.661338147751E-16,
1.));
#5082=DIRECTION('ref_axis',(-1.99840144432503E-15,1.,6.6613381477509E-16));
#5083=DIRECTION('',(-2.22044604925E-15,1.,-5.551115123126E-15));
#5084=DIRECTION('',(1.,-4.218847493576E-15,-8.881784197001E-16));
#5085=DIRECTION('',(1.,-4.218847493576E-15,-8.881784197001E-16));
#5086=DIRECTION('center_axis',(-4.440892098501E-16,-5.551115123126E-16,
1.));
#5087=DIRECTION('ref_axis',(-1.,-2.106022274728E-16,-4.440892098501E-16));
#5088=DIRECTION('',(-2.334869823773E-16,-1.,-5.551115123126E-16));
#5089=DIRECTION('',(-1.,-2.106022274728E-16,-4.440892098501E-16));
#5090=DIRECTION('',(2.334869823773E-16,1.,5.551115123126E-16));
#5091=DIRECTION('',(-1.,-2.106022274728E-16,-4.440892098501E-16));
#5092=DIRECTION('',(2.334869823773E-16,1.,5.551115123126E-16));
#5093=DIRECTION('',(1.,2.106022274728E-16,4.440892098501E-16));
#5094=DIRECTION('',(2.334869823773E-16,1.,5.551115123126E-16));
#5095=DIRECTION('',(1.,2.106022274728E-16,4.440892098501E-16));
#5096=DIRECTION('center_axis',(-4.440892098501E-16,-5.551115123126E-16,
1.));
#5097=DIRECTION('ref_axis',(-1.,-2.106022274728E-16,-4.440892098501E-16));
#5098=DIRECTION('center_axis',(7.15859355177114E-16,0.0454076609186636,
0.998968540210299));
#5099=DIRECTION('ref_axis',(1.15579169103435E-15,-0.998968540210299,0.0454076609186636));
#5100=DIRECTION('center_axis',(-5.107025913276E-15,-6.661338147751E-16,
1.));
#5101=DIRECTION('ref_axis',(-1.99840144432503E-15,1.,6.6613381477509E-16));
#5102=DIRECTION('',(1.,-4.440892098501E-16,-1.110223024625E-16));
#5103=DIRECTION('',(-2.22044604925E-16,1.,-5.551115123126E-16));
#5104=DIRECTION('',(-1.,4.440892098501E-16,1.110223024625E-16));
#5105=DIRECTION('',(2.22044604925E-16,-1.,5.551115123126E-16));
#5106=DIRECTION('',(-1.,4.440892098501E-16,1.110223024625E-16));
#5107=DIRECTION('',(2.22044604925E-16,-1.,5.551115123126E-16));
#5108=DIRECTION('',(1.,-4.440892098501E-16,-1.110223024625E-16));
#5109=DIRECTION('',(2.22044604925E-16,-1.,5.551115123126E-16));
#5110=DIRECTION('center_axis',(-5.107025913276E-15,-6.661338147751E-16,
1.));
#5111=DIRECTION('ref_axis',(-1.99840144432503E-15,1.,6.6613381477509E-16));
#5112=DIRECTION('',(-1.,-2.106022274728E-16,-4.440892098501E-16));
#5113=DIRECTION('',(-2.334869823773E-16,-1.,-5.551115123126E-16));
#5114=DIRECTION('',(1.,2.106022274728E-16,4.440892098501E-16));
#5115=DIRECTION('',(2.334869823773E-16,1.,5.551115123126E-16));
#5116=DIRECTION('',(1.,2.106022274728E-16,4.440892098501E-16));
#5117=DIRECTION('',(2.334869823773E-16,1.,5.551115123126E-16));
#5118=DIRECTION('',(-1.,-2.106022274728E-16,-4.440892098501E-16));
#5119=DIRECTION('',(2.334869823773E-16,1.,5.551115123126E-16));
#5120=DIRECTION('center_axis',(1.,-3.885780586188E-15,-6.661338147751E-16));
#5121=DIRECTION('ref_axis',(3.885780586188E-15,1.,-4.107825191113E-15));
#5122=DIRECTION('center_axis',(1.,1.221245327088E-15,4.440892098501E-15));
#5123=DIRECTION('ref_axis',(-1.22124532708798E-15,1.,-4.551914400963E-15));
#5124=DIRECTION('',(-1.,3.663735981263E-15,4.440892098501E-16));
#5125=DIRECTION('center_axis',(1.,-3.885780586188E-15,-6.661338147751E-16));
#5126=DIRECTION('ref_axis',(3.885780586188E-15,1.,-4.107825191113E-15));
#5127=DIRECTION('center_axis',(1.,1.221245327088E-15,4.440892098501E-15));
#5128=DIRECTION('ref_axis',(-1.22124532708798E-15,1.,-4.551914400963E-15));
#5129=DIRECTION('',(-1.,3.663735981263E-15,4.440892098501E-16));
#5130=DIRECTION('center_axis',(-4.218847493576E-15,-9.992007221626E-16,
1.));
#5131=DIRECTION('ref_axis',(7.77156117237622E-16,-1.,-9.99200722162597E-16));
#5132=DIRECTION('',(-1.221245327088E-15,1.,-4.551914400963E-15));
#5133=DIRECTION('center_axis',(1.,-2.082049183003E-15,2.734149956935E-15));
#5134=DIRECTION('ref_axis',(-2.734149956935E-15,-3.33066907387506E-16,1.));
#5135=DIRECTION('',(-8.881784197001E-16,1.,-2.775557561563E-15));
#5136=DIRECTION('',(-5.58908651263572E-15,0.0174828869344129,0.999847162652592));
#5137=DIRECTION('',(-5.55873878534994E-15,0.00344825536120434,0.999994054749809));
#5138=DIRECTION('',(-5.55873878534994E-15,0.00344825536120434,0.999994054749809));
#5139=DIRECTION('',(-2.22044604925E-15,1.,-5.551115123126E-15));
#5140=DIRECTION('',(5.54342545536294E-15,0.00344825536120634,-0.999994054749809));
#5141=DIRECTION('',(5.54342545536294E-15,0.00344825536120634,-0.999994054749809));
#5142=DIRECTION('',(-5.51144689818975E-15,-0.0174828869344129,0.999847162652592));
#5143=DIRECTION('',(9.992007221626E-16,-1.,2.331468351713E-15));
#5144=DIRECTION('center_axis',(-1.,-3.330669073876E-16,-3.552713678801E-15));
#5145=DIRECTION('ref_axis',(-3.33066907387586E-16,1.,-3.885780586188E-15));
#5146=DIRECTION('center_axis',(-1.,-3.330669073876E-16,-3.552713678801E-15));
#5147=DIRECTION('ref_axis',(-3.33066907387586E-16,1.,-3.885780586188E-15));
#5148=DIRECTION('center_axis',(1.75873594902866E-15,-0.999994054749809,
0.00344825536121034));
#5149=DIRECTION('ref_axis',(-5.33592983403599E-15,0.00344825536121034,0.999994054749809));
#5150=DIRECTION('',(1.,-3.33296608703E-15,-6.661338147751E-16));
#5151=DIRECTION('',(-4.00137312565323E-15,0.00344825536120534,0.999994054749809));
#5152=DIRECTION('',(-1.,3.33296608703E-15,6.661338147751E-16));
#5153=DIRECTION('',(1.,-3.330669073875E-15,7.161377905209E-30));
#5154=DIRECTION('center_axis',(-2.44553879895453E-15,-0.999994054749809,
0.00344825536120634));
#5155=DIRECTION('ref_axis',(4.22188507746819E-15,-0.00344825536120634,-0.999994054749809));
#5156=DIRECTION('',(0.64018215346002,0.00264902960051508,0.768218584150024));
#5157=DIRECTION('center_axis',(-2.44553879895453E-15,-0.999994054749809,
0.00344825536120634));
#5158=DIRECTION('ref_axis',(4.22188507746819E-15,-0.00344825536120634,-0.999994054749809));
#5159=DIRECTION('',(1.,-2.447323410647E-15,-5.133209569361E-16));
#5160=DIRECTION('center_axis',(-2.44553879895453E-15,-0.999994054749809,
0.00344825536120634));
#5161=DIRECTION('ref_axis',(4.22188507746819E-15,-0.00344825536120634,-0.999994054749809));
#5162=DIRECTION('',(0.640182153449102,-0.00264902960055242,-0.768218584159122));
#5163=DIRECTION('center_axis',(-2.44553879895453E-15,-0.999994054749809,
0.00344825536120634));
#5164=DIRECTION('ref_axis',(4.22188507746819E-15,-0.00344825536120634,-0.999994054749809));
#5165=DIRECTION('',(1.,-3.330669073875E-15,7.161377905209E-30));
#5166=DIRECTION('',(-3.55384105677732E-15,0.00344825536120634,0.999994054749809));
#5167=DIRECTION('center_axis',(-1.,4.107825191113E-15,8.881784197001E-16));
#5168=DIRECTION('ref_axis',(-8.88178419700093E-16,1.66533453693802E-15,
-1.));
#5169=DIRECTION('',(3.55154405727932E-15,0.00344825536120534,-0.999994054749809));
#5170=DIRECTION('center_axis',(-1.79395660799966E-15,0.999994054749809,
0.00344825536120034));
#5171=DIRECTION('ref_axis',(5.32214783704799E-15,0.00344825536120034,-0.999994054749809));
#5172=DIRECTION('',(1.,-3.330669073875E-15,7.161377905209E-30));
#5173=DIRECTION('center_axis',(2.43941346695953E-15,0.999994054749809,0.00344825536120434));
#5174=DIRECTION('ref_axis',(-4.2157597454742E-15,-0.00344825536120434,0.999994054749809));
#5175=DIRECTION('',(-0.640182153449102,-0.00264902960054742,0.768218584159122));
#5176=DIRECTION('center_axis',(2.43941346695953E-15,0.999994054749809,0.00344825536120434));
#5177=DIRECTION('ref_axis',(-4.21575974547419E-15,-0.00344825536120434,
0.999994054749809));
#5178=DIRECTION('',(-1.,2.437657897704E-15,5.133209569361E-16));
#5179=DIRECTION('center_axis',(2.43941346695953E-15,0.999994054749809,0.00344825536120434));
#5180=DIRECTION('ref_axis',(-4.21575974547419E-15,-0.00344825536120434,
0.999994054749809));
#5181=DIRECTION('',(-0.64018215346002,0.00264902960051708,-0.768218584150024));
#5182=DIRECTION('center_axis',(2.43941346695953E-15,0.999994054749809,0.00344825536120434));
#5183=DIRECTION('ref_axis',(-4.2157597454742E-15,-0.00344825536120434,0.999994054749809));
#5184=DIRECTION('',(1.,-3.330669073875E-15,7.161377905209E-30));
#5185=DIRECTION('',(1.,-3.328372060721E-15,-6.661338147751E-16));
#5186=DIRECTION('',(3.99218512766024E-15,0.00344825536120534,-0.999994054749809));
#5187=DIRECTION('',(-1.,3.328372060721E-15,6.661338147751E-16));
#5188=DIRECTION('center_axis',(-1.,4.107825191113E-15,8.881784197001E-16));
#5189=DIRECTION('ref_axis',(-8.88178419700093E-16,1.66533453693802E-15,
-1.));
#5190=DIRECTION('center_axis',(-1.,-3.330669073876E-16,-3.552713678801E-15));
#5191=DIRECTION('ref_axis',(-3.33066907387586E-16,1.,-3.885780586188E-15));
#5192=DIRECTION('center_axis',(-1.,4.107825191113E-15,8.881784197001E-16));
#5193=DIRECTION('ref_axis',(-8.88178419700093E-16,1.66533453693802E-15,
-1.));
#5194=DIRECTION('center_axis',(-1.,-3.330669073876E-16,-3.552713678801E-15));
#5195=DIRECTION('ref_axis',(-3.33066907387586E-16,1.,-3.885780586188E-15));
#5196=DIRECTION('center_axis',(-1.,3.552713678801E-15,5.551115123126E-16));
#5197=DIRECTION('ref_axis',(3.552713678801E-15,1.,-4.773959005888E-15));
#5198=DIRECTION('',(1.,-3.774758283726E-15,-7.771561172376E-16));
#5199=DIRECTION('center_axis',(-1.,-1.7763568394E-15,-4.773959005888E-15));
#5200=DIRECTION('ref_axis',(-4.773959005888E-15,-7.771561172376E-16,1.));
#5201=DIRECTION('center_axis',(4.6883746501034E-15,0.0454076609186636,-0.998968540210299));
#5202=DIRECTION('ref_axis',(-1.57798202773147E-15,0.998968540210299,0.0454076609186636));
#5203=DIRECTION('center_axis',(-3.93218519040918E-16,0.0454076609186636,
-0.998968540210299));
#5204=DIRECTION('ref_axis',(-1.9912989105276E-15,0.998968540210299,0.0454076609186636));
#5205=DIRECTION('center_axis',(-1.635719532141E-15,-9.992007221626E-16,
1.));
#5206=DIRECTION('ref_axis',(1.,-2.109423746788E-15,1.635719532141E-15));
#5207=DIRECTION('',(9.992007221626E-16,-1.,2.331468351713E-15));
#5208=DIRECTION('',(1.,-4.218847493576E-15,-8.881784197001E-16));
#5209=DIRECTION('',(9.992007221626E-16,-1.,2.331468351713E-15));
#5210=DIRECTION('',(1.,-4.218847493576E-15,-8.881784197001E-16));
#5211=DIRECTION('',(1.,-4.218847493576E-15,-8.881784197001E-16));
#5212=DIRECTION('center_axis',(-4.84969506817145E-15,0.0454076609186636,
0.998968540210299));
#5213=DIRECTION('ref_axis',(1.15579169103435E-15,-0.998968540210299,0.0454076609186636));
#5214=DIRECTION('center_axis',(7.15859355177114E-16,0.0454076609186636,
0.998968540210299));
#5215=DIRECTION('ref_axis',(1.15579169103435E-15,-0.998968540210299,0.0454076609186636));
#5216=DIRECTION('center_axis',(1.,-3.552713678801E-15,-5.551115123126E-16));
#5217=DIRECTION('ref_axis',(-1.77635683940025E-15,-0.998968540210299,0.0454076609186633));
#5218=DIRECTION('center_axis',(3.552713678801E-15,1.,2.615963001773E-15));
#5219=DIRECTION('ref_axis',(-4.773959005888E-15,-2.61596300177298E-15,1.));
#5220=DIRECTION('center_axis',(-1.,-1.7763568394E-15,-4.773959005888E-15));
#5221=DIRECTION('ref_axis',(1.55775028696904E-15,-0.998968540210299,0.0454076609186636));
#5222=DIRECTION('center_axis',(-1.7763568394E-15,1.,-4.773959005888E-15));
#5223=DIRECTION('ref_axis',(-4.55191440096301E-15,4.77395900588799E-15,
1.));
#5224=DIRECTION('center_axis',(3.552713678801E-15,1.,5.551115123126E-16));
#5225=DIRECTION('ref_axis',(-4.551914400963E-15,-5.55111512312584E-16,1.));
#5226=DIRECTION('',(-1.7763568394E-15,1.,-4.773959005888E-15));
#5227=DIRECTION('center_axis',(1.,-3.552713678801E-15,-5.551115123126E-16));
#5228=DIRECTION('ref_axis',(0.,-4.44089209850063E-16,1.));
#5229=DIRECTION('center_axis',(1.33226762955E-15,-1.,3.996802888651E-15));
#5230=DIRECTION('ref_axis',(4.21884749357601E-15,-3.99680288865099E-15,
-1.));
#5231=DIRECTION('',(-1.,3.330669073875E-15,6.661338147751E-16));
#5232=DIRECTION('',(-1.,3.330669073875E-15,6.661338147751E-16));
#5233=DIRECTION('center_axis',(-3.996802888651E-15,-4.440892098501E-16,
1.));
#5234=DIRECTION('ref_axis',(1.55431223447502E-15,-1.,-4.44089209850094E-16));
#5235=DIRECTION('',(1.7763568394E-15,-1.,4.440892098501E-15));
#5236=DIRECTION('',(-1.,3.330669073875E-15,6.661338147751E-16));
#5237=DIRECTION('center_axis',(3.996802888651E-15,4.440892098501E-16,-1.));
#5238=DIRECTION('ref_axis',(-1.55431223447502E-15,1.,4.44089209850094E-16));
#5239=DIRECTION('',(-1.,3.330669073875E-15,6.661338147751E-16));
#5240=DIRECTION('',(-1.7763568394E-15,1.,-4.440892098501E-15));
#5241=DIRECTION('center_axis',(-1.33226762955E-15,1.,-3.996802888651E-15));
#5242=DIRECTION('ref_axis',(-4.21884749357601E-15,3.99680288865099E-15,
1.));
#5243=DIRECTION('center_axis',(1.,-2.6645352591E-15,-3.330669073875E-16));
#5244=DIRECTION('ref_axis',(2.6645352591E-15,1.,-3.663735981263E-15));
#5245=DIRECTION('center_axis',(1.,1.554312234475E-15,3.885780586188E-15));
#5246=DIRECTION('ref_axis',(-1.55431223447498E-15,1.,-3.885780586188E-15));
#5247=DIRECTION('',(1.,-2.6645352591E-15,-3.330669073875E-16));
#5248=DIRECTION('center_axis',(1.,-2.6645352591E-15,-3.330669073875E-16));
#5249=DIRECTION('ref_axis',(2.6645352591E-15,1.,-3.663735981263E-15));
#5250=DIRECTION('center_axis',(1.,1.554312234475E-15,3.885780586188E-15));
#5251=DIRECTION('ref_axis',(-1.55431223447498E-15,1.,-3.885780586188E-15));
#5252=DIRECTION('',(1.,-2.6645352591E-15,-3.330669073875E-16));
#5253=DIRECTION('center_axis',(-4.551914400963E-15,-5.551115123126E-16,
1.));
#5254=DIRECTION('ref_axis',(-1.77635683940002E-15,1.,5.55111512312592E-16));
#5255=DIRECTION('',(1.,-3.774758283726E-15,-7.771561172376E-16));
#5256=DIRECTION('center_axis',(-1.,3.552713678801E-15,5.551115123126E-16));
#5257=DIRECTION('ref_axis',(3.552713678801E-15,1.,-4.773959005888E-15));
#5258=DIRECTION('center_axis',(6.661338147751E-16,-1.,2.553512956638E-15));
#5259=DIRECTION('ref_axis',(2.0642880786287E-13,-2.55351295663786E-15,-1.));
#5260=DIRECTION('',(-8.881784197001E-16,1.,-2.775557561563E-15));
#5261=DIRECTION('',(1.,-4.218847493576E-15,-8.881784197001E-16));
#5262=DIRECTION('center_axis',(1.68679978911931E-15,-0.999847162652592,
0.0174828869344129));
#5263=DIRECTION('ref_axis',(-5.36319386369681E-15,0.0174828869344129,0.999847162652592));
#5264=DIRECTION('',(1.,-4.218847493576E-15,-8.881784197001E-16));
#5265=DIRECTION('',(1.,-4.218847493576E-15,-8.881784197001E-16));
#5266=DIRECTION('',(1.,-4.218847493576E-15,-8.881784197001E-16));
#5267=DIRECTION('',(1.,-4.218847493576E-15,-8.881784197001E-16));
#5268=DIRECTION('center_axis',(-6.748835656255E-14,-4.440892098499E-16,
1.));
#5269=DIRECTION('ref_axis',(1.,-2.22044604925E-15,6.748835656255E-14));
#5270=DIRECTION('',(-1.110223024625E-15,1.,-3.330669073875E-15));
#5271=DIRECTION('center_axis',(1.86537090234524E-15,-0.999847162652592,
-0.0174828869344029));
#5272=DIRECTION('ref_axis',(-5.29331821069586E-15,-0.0174828869344029,0.999847162652592));
#5273=DIRECTION('',(1.,-4.218847493576E-15,-8.881784197001E-16));
#5274=DIRECTION('',(1.,-4.218847493576E-15,-8.881784197001E-16));
#5275=DIRECTION('',(1.,-4.218847493576E-15,-8.881784197001E-16));
#5276=DIRECTION('',(1.,-4.218847493576E-15,-8.881784197001E-16));
#5277=DIRECTION('center_axis',(-1.221245327088E-15,1.,-2.553512956638E-15));
#5278=DIRECTION('ref_axis',(2.05651651745632E-13,-2.55351295663775E-15,
-1.));
#5279=DIRECTION('',(9.992007221626E-16,-1.,2.331468351713E-15));
#5280=DIRECTION('center_axis',(1.,-3.10862446895E-15,-4.440892098501E-16));
#5281=DIRECTION('ref_axis',(3.10862446895E-15,1.,-4.218847493576E-15));
#5282=DIRECTION('',(1.,-3.10862446895E-15,-4.440892098501E-16));
#5283=DIRECTION('center_axis',(1.,1.110223024625E-15,3.774758283726E-15));
#5284=DIRECTION('ref_axis',(-1.11022302462498E-15,1.,-3.996802888651E-15));
#5285=DIRECTION('center_axis',(1.,-3.10862446895E-15,-4.440892098501E-16));
#5286=DIRECTION('ref_axis',(3.10862446895E-15,1.,-4.218847493576E-15));
#5287=DIRECTION('',(1.,-3.10862446895E-15,-4.440892098501E-16));
#5288=DIRECTION('center_axis',(1.,1.110223024625E-15,3.774758283726E-15));
#5289=DIRECTION('ref_axis',(-1.11022302462498E-15,1.,-3.996802888651E-15));
#5290=DIRECTION('center_axis',(1.110223024625E-16,-3.330669073875E-16,-1.));
#5291=DIRECTION('ref_axis',(1.,-2.22044604925E-16,1.110223024625E-16));
#5292=DIRECTION('',(-1.110223024625E-16,3.330669073875E-16,1.));
#5293=DIRECTION('center_axis',(1.110223024625E-16,5.551115123126E-16,1.));
#5294=DIRECTION('ref_axis',(1.,-4.440892098501E-16,-1.110223024625E-16));
#5295=DIRECTION('center_axis',(-1.,-8.628166150855E-32,-3.330669073875E-16));
#5296=DIRECTION('ref_axis',(2.46519032881235E-32,1.,-3.330669073875E-16));
#5297=DIRECTION('',(-3.330669073875E-16,1.110223024625E-16,1.));
#5298=DIRECTION('',(-2.22044604925E-16,1.,-5.551115123126E-16));
#5299=DIRECTION('',(-3.330669073875E-16,1.110223024625E-16,1.));
#5300=DIRECTION('center_axis',(-2.22044604925E-16,-1.,1.110223024625E-16));
#5301=DIRECTION('ref_axis',(-1.,2.22044604925E-16,-1.110223024625E-16));
#5302=DIRECTION('',(-3.330669073875E-16,1.110223024625E-16,1.));
#5303=DIRECTION('',(-1.,4.440892098501E-16,1.110223024625E-16));
#5304=DIRECTION('center_axis',(1.,8.628166150855E-32,3.330669073875E-16));
#5305=DIRECTION('ref_axis',(-2.46519032881235E-32,-1.,3.330669073875E-16));
#5306=DIRECTION('',(-3.330669073875E-16,1.110223024625E-16,1.));
#5307=DIRECTION('',(2.22044604925E-16,-1.,5.551115123126E-16));
#5308=DIRECTION('center_axis',(-2.22044604925E-16,-1.,1.110223024625E-16));
#5309=DIRECTION('ref_axis',(-1.,2.22044604925E-16,-1.110223024625E-16));
#5310=DIRECTION('',(-3.330669073875E-16,1.110223024625E-16,1.));
#5311=DIRECTION('',(-1.,4.440892098501E-16,1.110223024625E-16));
#5312=DIRECTION('center_axis',(1.,8.628166150855E-32,3.330669073875E-16));
#5313=DIRECTION('ref_axis',(-2.46519032881235E-32,-1.,3.330669073875E-16));
#5314=DIRECTION('',(-3.330669073875E-16,1.110223024625E-16,1.));
#5315=DIRECTION('',(2.22044604925E-16,-1.,5.551115123126E-16));
#5316=DIRECTION('center_axis',(2.22044604925E-16,1.,-1.110223024625E-16));
#5317=DIRECTION('ref_axis',(1.,-2.22044604925E-16,1.110223024625E-16));
#5318=DIRECTION('',(-3.330669073875E-16,1.110223024625E-16,1.));
#5319=DIRECTION('',(1.,-4.440892098501E-16,-1.110223024625E-16));
#5320=DIRECTION('center_axis',(1.,8.628166150855E-32,3.330669073875E-16));
#5321=DIRECTION('ref_axis',(-2.46519032881235E-32,-1.,3.330669073875E-16));
#5322=DIRECTION('',(-3.330669073875E-16,1.110223024625E-16,1.));
#5323=DIRECTION('',(2.22044604925E-16,-1.,5.551115123126E-16));
#5324=DIRECTION('center_axis',(2.22044604925E-16,1.,-1.110223024625E-16));
#5325=DIRECTION('ref_axis',(1.,-2.22044604925E-16,1.110223024625E-16));
#5326=DIRECTION('',(1.,-4.440892098501E-16,-1.110223024625E-16));
#5327=DIRECTION('center_axis',(1.110223024625E-16,-3.330669073875E-16,-1.));
#5328=DIRECTION('ref_axis',(1.,-2.22044604925E-16,1.110223024625E-16));
#5329=DIRECTION('',(-1.110223024625E-16,3.330669073875E-16,1.));
#5330=DIRECTION('center_axis',(1.110223024625E-16,5.551115123126E-16,1.));
#5331=DIRECTION('ref_axis',(1.,-4.440892098501E-16,-1.110223024625E-16));
#5332=DIRECTION('center_axis',(-1.302652624753E-15,1.110223024625E-16,1.));
#5333=DIRECTION('ref_axis',(-1.,1.998401444325E-15,-1.302652624753E-15));
#5334=DIRECTION('',(-8.881784197001E-16,1.,-2.775557561563E-15));
#5335=DIRECTION('',(-8.881784197001E-16,1.,-2.775557561563E-15));
#5336=DIRECTION('',(1.,-4.218847493576E-15,-8.881784197001E-16));
#5337=DIRECTION('',(1.,-4.218847493576E-15,-8.881784197001E-16));
#5338=DIRECTION('center_axis',(8.881784197001E-16,-3.330669073875E-16,-1.));
#5339=DIRECTION('ref_axis',(-1.,1.14423774522199E-17,-8.881784197001E-16));
#5340=DIRECTION('',(-8.881784197001E-16,3.330669073875E-16,1.));
#5341=DIRECTION('center_axis',(-4.440892098501E-16,-5.551115123126E-16,
1.));
#5342=DIRECTION('ref_axis',(-1.,-2.106022274728E-16,-4.440892098501E-16));
#5343=DIRECTION('center_axis',(1.,2.106022274728E-16,4.440892098501E-16));
#5344=DIRECTION('ref_axis',(2.106022274728E-16,-1.,-3.330669073875E-16));
#5345=DIRECTION('',(-6.661338147751E-16,5.551115123126E-16,1.));
#5346=DIRECTION('',(-2.334869823773E-16,-1.,-5.551115123126E-16));
#5347=DIRECTION('',(-6.661338147751E-16,5.551115123126E-16,1.));
#5348=DIRECTION('center_axis',(2.334869823773E-16,1.,1.110223024625E-16));
#5349=DIRECTION('ref_axis',(1.,-2.334869823773E-16,6.661338147751E-16));
#5350=DIRECTION('',(-6.661338147751E-16,5.551115123126E-16,1.));
#5351=DIRECTION('',(1.,2.106022274728E-16,4.440892098501E-16));
#5352=DIRECTION('center_axis',(-1.,-2.106022274728E-16,-4.440892098501E-16));
#5353=DIRECTION('ref_axis',(-2.106022274728E-16,1.,3.330669073875E-16));
#5354=DIRECTION('',(-6.661338147751E-16,5.551115123126E-16,1.));
#5355=DIRECTION('',(2.334869823773E-16,1.,5.551115123126E-16));
#5356=DIRECTION('center_axis',(2.334869823773E-16,1.,1.110223024625E-16));
#5357=DIRECTION('ref_axis',(1.,-2.334869823773E-16,6.661338147751E-16));
#5358=DIRECTION('',(-6.661338147751E-16,5.551115123126E-16,1.));
#5359=DIRECTION('',(1.,2.106022274728E-16,4.440892098501E-16));
#5360=DIRECTION('center_axis',(-1.,-2.106022274728E-16,-4.440892098501E-16));
#5361=DIRECTION('ref_axis',(-2.106022274728E-16,1.,3.330669073875E-16));
#5362=DIRECTION('',(-6.661338147751E-16,5.551115123126E-16,1.));
#5363=DIRECTION('',(2.334869823773E-16,1.,5.551115123126E-16));
#5364=DIRECTION('center_axis',(-2.334869823773E-16,-1.,-1.110223024625E-16));
#5365=DIRECTION('ref_axis',(-1.,2.334869823773E-16,-6.661338147751E-16));
#5366=DIRECTION('',(-6.661338147751E-16,5.551115123126E-16,1.));
#5367=DIRECTION('',(-1.,-2.106022274728E-16,-4.440892098501E-16));
#5368=DIRECTION('center_axis',(-1.,-2.106022274728E-16,-4.440892098501E-16));
#5369=DIRECTION('ref_axis',(-2.106022274728E-16,1.,3.330669073875E-16));
#5370=DIRECTION('',(-6.661338147751E-16,5.551115123126E-16,1.));
#5371=DIRECTION('',(2.334869823773E-16,1.,5.551115123126E-16));
#5372=DIRECTION('center_axis',(-2.334869823773E-16,-1.,-1.110223024625E-16));
#5373=DIRECTION('ref_axis',(-1.,2.334869823773E-16,-6.661338147751E-16));
#5374=DIRECTION('',(-1.,-2.106022274728E-16,-4.440892098501E-16));
#5375=DIRECTION('center_axis',(8.881784197001E-16,-3.330669073875E-16,-1.));
#5376=DIRECTION('ref_axis',(-1.,1.14423774522199E-17,-8.881784197001E-16));
#5377=DIRECTION('',(-8.881784197001E-16,3.330669073875E-16,1.));
#5378=DIRECTION('center_axis',(-4.440892098501E-16,-5.551115123126E-16,
1.));
#5379=DIRECTION('ref_axis',(-1.,-2.106022274728E-16,-4.440892098501E-16));
#5380=DIRECTION('center_axis',(2.22044604925E-16,1.,-1.110223024625E-16));
#5381=DIRECTION('ref_axis',(1.,-2.22044604925E-16,1.110223024625E-16));
#5382=DIRECTION('',(-3.330669073875E-16,1.110223024625E-16,1.));
#5383=DIRECTION('',(-3.330669073875E-16,1.110223024625E-16,1.));
#5384=DIRECTION('',(1.,-4.440892098501E-16,-1.110223024625E-16));
#5385=DIRECTION('center_axis',(1.,8.628166150855E-32,3.330669073875E-16));
#5386=DIRECTION('ref_axis',(-2.46519032881235E-32,-1.,3.330669073875E-16));
#5387=DIRECTION('',(-3.330669073875E-16,1.110223024625E-16,1.));
#5388=DIRECTION('',(2.22044604925E-16,-1.,5.551115123126E-16));
#5389=DIRECTION('center_axis',(2.22044604925E-16,1.,-1.110223024625E-16));
#5390=DIRECTION('ref_axis',(1.,-2.22044604925E-16,1.110223024625E-16));
#5391=DIRECTION('',(-3.330669073875E-16,1.110223024625E-16,1.));
#5392=DIRECTION('',(1.,-4.440892098501E-16,-1.110223024625E-16));
#5393=DIRECTION('center_axis',(1.,8.628166150855E-32,3.330669073875E-16));
#5394=DIRECTION('ref_axis',(-2.46519032881235E-32,-1.,3.330669073875E-16));
#5395=DIRECTION('',(-3.330669073875E-16,1.110223024625E-16,1.));
#5396=DIRECTION('',(2.22044604925E-16,-1.,5.551115123126E-16));
#5397=DIRECTION('center_axis',(-2.22044604925E-16,-1.,1.110223024625E-16));
#5398=DIRECTION('ref_axis',(-1.,2.22044604925E-16,-1.110223024625E-16));
#5399=DIRECTION('',(-3.330669073875E-16,1.110223024625E-16,1.));
#5400=DIRECTION('',(-1.,4.440892098501E-16,1.110223024625E-16));
#5401=DIRECTION('center_axis',(1.,8.628166150855E-32,3.330669073875E-16));
#5402=DIRECTION('ref_axis',(-2.46519032881235E-32,-1.,3.330669073875E-16));
#5403=DIRECTION('',(-3.330669073875E-16,1.110223024625E-16,1.));
#5404=DIRECTION('',(2.22044604925E-16,-1.,5.551115123126E-16));
#5405=DIRECTION('center_axis',(-2.22044604925E-16,-1.,1.110223024625E-16));
#5406=DIRECTION('ref_axis',(-1.,2.22044604925E-16,-1.110223024625E-16));
#5407=DIRECTION('',(-3.330669073875E-16,1.110223024625E-16,1.));
#5408=DIRECTION('',(-1.,4.440892098501E-16,1.110223024625E-16));
#5409=DIRECTION('center_axis',(-1.,-8.628166150855E-32,-3.330669073875E-16));
#5410=DIRECTION('ref_axis',(2.46519032881235E-32,1.,-3.330669073875E-16));
#5411=DIRECTION('',(-2.22044604925E-16,1.,-5.551115123126E-16));
#5412=DIRECTION('center_axis',(-2.334869823773E-16,-1.,-1.110223024625E-16));
#5413=DIRECTION('ref_axis',(-1.,2.334869823773E-16,-6.661338147751E-16));
#5414=DIRECTION('',(-6.661338147751E-16,5.551115123126E-16,1.));
#5415=DIRECTION('',(-6.661338147751E-16,5.551115123126E-16,1.));
#5416=DIRECTION('',(-1.,-2.106022274728E-16,-4.440892098501E-16));
#5417=DIRECTION('center_axis',(-1.,-2.106022274728E-16,-4.440892098501E-16));
#5418=DIRECTION('ref_axis',(-2.106022274728E-16,1.,3.330669073875E-16));
#5419=DIRECTION('',(-6.661338147751E-16,5.551115123126E-16,1.));
#5420=DIRECTION('',(2.334869823773E-16,1.,5.551115123126E-16));
#5421=DIRECTION('center_axis',(-2.334869823773E-16,-1.,-1.110223024625E-16));
#5422=DIRECTION('ref_axis',(-1.,2.334869823773E-16,-6.661338147751E-16));
#5423=DIRECTION('',(-6.661338147751E-16,5.551115123126E-16,1.));
#5424=DIRECTION('',(-1.,-2.106022274728E-16,-4.440892098501E-16));
#5425=DIRECTION('center_axis',(-1.,-2.106022274728E-16,-4.440892098501E-16));
#5426=DIRECTION('ref_axis',(-2.106022274728E-16,1.,3.330669073875E-16));
#5427=DIRECTION('',(-6.661338147751E-16,5.551115123126E-16,1.));
#5428=DIRECTION('',(2.334869823773E-16,1.,5.551115123126E-16));
#5429=DIRECTION('center_axis',(2.334869823773E-16,1.,1.110223024625E-16));
#5430=DIRECTION('ref_axis',(1.,-2.334869823773E-16,6.661338147751E-16));
#5431=DIRECTION('',(-6.661338147751E-16,5.551115123126E-16,1.));
#5432=DIRECTION('',(1.,2.106022274728E-16,4.440892098501E-16));
#5433=DIRECTION('center_axis',(-1.,-2.106022274728E-16,-4.440892098501E-16));
#5434=DIRECTION('ref_axis',(-2.106022274728E-16,1.,3.330669073875E-16));
#5435=DIRECTION('',(-6.661338147751E-16,5.551115123126E-16,1.));
#5436=DIRECTION('',(2.334869823773E-16,1.,5.551115123126E-16));
#5437=DIRECTION('center_axis',(2.334869823773E-16,1.,1.110223024625E-16));
#5438=DIRECTION('ref_axis',(1.,-2.334869823773E-16,6.661338147751E-16));
#5439=DIRECTION('',(-6.661338147751E-16,5.551115123126E-16,1.));
#5440=DIRECTION('',(1.,2.106022274728E-16,4.440892098501E-16));
#5441=DIRECTION('center_axis',(1.,2.106022274728E-16,4.440892098501E-16));
#5442=DIRECTION('ref_axis',(2.106022274728E-16,-1.,-3.330669073875E-16));
#5443=DIRECTION('',(-2.334869823773E-16,-1.,-5.551115123126E-16));
#5444=DIRECTION('center_axis',(6.661338147751E-16,-1.,2.553512956638E-15));
#5445=DIRECTION('ref_axis',(1.99729720923752E-8,-2.55351294333333E-15,-1.));
#5446=DIRECTION('',(-8.881784197001E-16,1.,-2.775557561563E-15));
#5447=DIRECTION('center_axis',(9.013747422448E-15,-4.440892098501E-16,1.));
#5448=DIRECTION('ref_axis',(1.,-2.22044604925E-15,-9.013747422448E-15));
#5449=DIRECTION('',(-1.110223024625E-15,1.,-3.330669073875E-15));
#5450=DIRECTION('center_axis',(-1.221245327088E-15,1.,-2.553512956638E-15));
#5451=DIRECTION('ref_axis',(2.05651651745632E-13,-2.55351295663775E-15,
-1.));
#5452=DIRECTION('',(9.992007221626E-16,-1.,2.331468351713E-15));
#5453=DIRECTION('center_axis',(-1.,3.885780586188E-15,6.661338147751E-16));
#5454=DIRECTION('ref_axis',(3.885780586188E-15,1.,-4.107825191113E-15));
#5455=DIRECTION('',(-1.,3.885780586188E-15,6.661338147751E-16));
#5456=DIRECTION('center_axis',(-1.,3.885780586188E-15,6.661338147751E-16));
#5457=DIRECTION('ref_axis',(3.885780586188E-15,1.,-4.107825191113E-15));
#5458=DIRECTION('',(-1.,3.885780586188E-15,6.661338147751E-16));
#5459=DIRECTION('center_axis',(8.881784197001E-16,-1.,3.10862446895E-15));
#5460=DIRECTION('ref_axis',(1.,8.88178419700099E-16,-4.4408920985011E-16));
#5461=DIRECTION('',(-1.110223024625E-15,1.,-3.330669073875E-15));
#5462=DIRECTION('center_axis',(-0.768221279606064,1.70579390525114E-15,
-0.640184399654054));
#5463=DIRECTION('ref_axis',(0.640184399654054,-1.39306502257912E-15,-0.768221279606064));
#5464=DIRECTION('',(-1.110223024625E-15,1.,-3.330669073875E-15));
#5465=DIRECTION('center_axis',(8.881784197001E-16,-1.,3.10862446895E-15));
#5466=DIRECTION('ref_axis',(1.,8.88178419700099E-16,-4.4408920985011E-16));
#5467=DIRECTION('',(-1.110223024625E-15,1.,-3.330669073875E-15));
#5468=DIRECTION('center_axis',(2.817348116939E-15,-4.042912139258E-30,-1.));
#5469=DIRECTION('ref_axis',(1.,-2.442490654175E-15,2.817348116939E-15));
#5470=DIRECTION('',(-1.110223024625E-15,1.,-3.330669073875E-15));
#5471=DIRECTION('center_axis',(8.881784197001E-16,-1.,3.10862446895E-15));
#5472=DIRECTION('ref_axis',(1.,8.88178419700099E-16,-4.4408920985011E-16));
#5473=DIRECTION('',(-1.110223024625E-15,1.,-3.330669073875E-15));
#5474=DIRECTION('center_axis',(0.768221279596064,-1.70579390522914E-15,
-0.640184399666054));
#5475=DIRECTION('ref_axis',(0.640184399666054,-1.73422380365614E-15,0.768221279596064));
#5476=DIRECTION('',(-1.110223024625E-15,1.,-3.330669073875E-15));
#5477=DIRECTION('center_axis',(8.881784197001E-16,-1.,3.10862446895E-15));
#5478=DIRECTION('ref_axis',(1.,8.88178419700099E-16,-4.4408920985011E-16));
#5479=DIRECTION('center_axis',(1.,-3.552713678801E-15,-8.881784197001E-16));
#5480=DIRECTION('ref_axis',(8.88178419700097E-16,-8.88178419700119E-16,
1.));
#5481=DIRECTION('center_axis',(-1.221245327088E-15,1.,-2.553512956638E-15));
#5482=DIRECTION('ref_axis',(1.,1.221245327088E-15,-1.11022302462501E-15));
#5483=DIRECTION('',(9.992007221626E-16,-1.,2.331468351713E-15));
#5484=DIRECTION('center_axis',(-1.221245327088E-15,1.,-2.553512956638E-15));
#5485=DIRECTION('ref_axis',(1.,1.221245327088E-15,-1.11022302462501E-15));
#5486=DIRECTION('',(9.992007221626E-16,-1.,2.331468351713E-15));
#5487=DIRECTION('center_axis',(1.,-2.331468351713E-15,-8.881784197001E-16));
#5488=DIRECTION('ref_axis',(-8.88178419700098E-16,7.77156117237609E-16,
-1.));
#5489=DIRECTION('center_axis',(0.828588968691282,-2.49123888673985E-15,
0.559857411278191));
#5490=DIRECTION('ref_axis',(0.559857411278191,-5.37033532470983E-16,-0.828588968691282));
#5491=DIRECTION('center_axis',(-0.828588968693301,1.3724190274335E-15,0.559857411275203));
#5492=DIRECTION('ref_axis',(0.559857411275203,-1.82491950385566E-15,0.828588968693301));
#5493=DIRECTION('center_axis',(1.,-2.331468351713E-15,-8.881784197001E-16));
#5494=DIRECTION('ref_axis',(-8.88178419700098E-16,7.77156117237609E-16,
-1.));
#5495=DIRECTION('center_axis',(1.,-3.10862446895E-15,-7.771561172376E-16));
#5496=DIRECTION('ref_axis',(7.77156117237598E-16,-7.77156117237615E-16,
1.));
#5497=DIRECTION('center_axis',(1.,-3.10862446895E-15,-7.771561172376E-16));
#5498=DIRECTION('ref_axis',(7.77156117237598E-16,-7.77156117237615E-16,
1.));
#5499=DIRECTION('center_axis',(1.,-1.7763568394E-15,-1.110223024625E-16));
#5500=DIRECTION('ref_axis',(1.110223024625E-16,-1.11022302462505E-16,1.));
#5501=DIRECTION('center_axis',(-5.551115123126E-16,-1.110223024625E-16,
1.));
#5502=DIRECTION('ref_axis',(1.,-4.440892098501E-16,5.551115123126E-16));
#5503=DIRECTION('center_axis',(1.110223024625E-16,5.551115123126E-16,1.));
#5504=DIRECTION('ref_axis',(1.,-4.440892098501E-16,-1.110223024625E-16));
#5505=DIRECTION('center_axis',(-5.551115123126E-16,-1.110223024625E-16,
1.));
#5506=DIRECTION('ref_axis',(1.,-4.440892098501E-16,5.551115123126E-16));
#5507=DIRECTION('center_axis',(-5.551115123126E-16,-1.110223024625E-16,
1.));
#5508=DIRECTION('ref_axis',(1.,-4.440892098501E-16,5.551115123126E-16));
#5509=DIRECTION('center_axis',(1.110223024625E-16,5.551115123126E-16,1.));
#5510=DIRECTION('ref_axis',(1.,-4.440892098501E-16,-1.110223024625E-16));
#5511=DIRECTION('center_axis',(6.661338147751E-16,-1.,2.553512956638E-15));
#5512=DIRECTION('ref_axis',(1.,6.66133814775099E-16,-3.33066907387507E-16));
#5513=DIRECTION('',(-8.881784197001E-16,1.,-2.775557561563E-15));
#5514=DIRECTION('center_axis',(6.661338147751E-16,-1.,2.553512956638E-15));
#5515=DIRECTION('ref_axis',(1.,6.66133814775099E-16,-3.33066907387507E-16));
#5516=DIRECTION('',(-8.881784197001E-16,1.,-2.775557561563E-15));
#5517=DIRECTION('center_axis',(1.,-1.7763568394E-15,-1.110223024625E-16));
#5518=DIRECTION('ref_axis',(1.110223024625E-16,-1.11022302462505E-16,1.));
#5519=DIRECTION('center_axis',(0.828588968691282,-1.40971302273648E-15,
0.559857411278191));
#5520=DIRECTION('ref_axis',(-0.559857411278191,1.02682800421535E-15,0.828588968691282));
#5521=DIRECTION('center_axis',(-0.828588968693301,1.53402634044056E-15,
0.559857411275203));
#5522=DIRECTION('ref_axis',(-0.559857411275203,1.21081171440844E-15,-0.828588968693301));
#5523=DIRECTION('center_axis',(-8.881784197001E-16,7.771561172376E-16,1.));
#5524=DIRECTION('ref_axis',(-1.,-2.106022274728E-16,-8.881784197001E-16));
#5525=DIRECTION('center_axis',(-4.440892098501E-16,-5.551115123126E-16,
1.));
#5526=DIRECTION('ref_axis',(-1.,-2.106022274728E-16,-4.440892098501E-16));
#5527=DIRECTION('center_axis',(-8.881784197001E-16,7.771561172376E-16,1.));
#5528=DIRECTION('ref_axis',(-1.,-2.106022274728E-16,-8.881784197001E-16));
#5529=DIRECTION('center_axis',(-8.881784197001E-16,7.771561172376E-16,1.));
#5530=DIRECTION('ref_axis',(-1.,-2.106022274728E-16,-8.881784197001E-16));
#5531=DIRECTION('center_axis',(-4.440892098501E-16,-5.551115123126E-16,
1.));
#5532=DIRECTION('ref_axis',(-1.,-2.106022274728E-16,-4.440892098501E-16));
#5533=DIRECTION('center_axis',(1.110223024625E-16,-3.330669073875E-16,-1.));
#5534=DIRECTION('ref_axis',(1.,-2.22044604925E-16,1.110223024625E-16));
#5535=DIRECTION('',(1.110223024625E-16,-3.330669073875E-16,-1.));
#5536=DIRECTION('center_axis',(1.110223024625E-16,5.551115123126E-16,1.));
#5537=DIRECTION('ref_axis',(1.,-4.440892098501E-16,-1.110223024625E-16));
#5538=DIRECTION('center_axis',(1.110223024625E-16,-3.330669073875E-16,-1.));
#5539=DIRECTION('ref_axis',(1.,-2.22044604925E-16,1.110223024625E-16));
#5540=DIRECTION('',(1.110223024625E-16,-3.330669073875E-16,-1.));
#5541=DIRECTION('center_axis',(1.110223024625E-16,5.551115123126E-16,1.));
#5542=DIRECTION('ref_axis',(1.,-4.440892098501E-16,-1.110223024625E-16));
#5543=DIRECTION('center_axis',(8.881784197001E-16,-3.330669073875E-16,-1.));
#5544=DIRECTION('ref_axis',(-1.,1.14423774522199E-17,-8.881784197001E-16));
#5545=DIRECTION('',(8.881784197001E-16,-3.330669073875E-16,-1.));
#5546=DIRECTION('center_axis',(-4.440892098501E-16,-5.551115123126E-16,
1.));
#5547=DIRECTION('ref_axis',(-1.,-2.106022274728E-16,-4.440892098501E-16));
#5548=DIRECTION('center_axis',(8.881784197001E-16,-3.330669073875E-16,-1.));
#5549=DIRECTION('ref_axis',(-1.,1.14423774522199E-17,-8.881784197001E-16));
#5550=DIRECTION('',(8.881784197001E-16,-3.330669073875E-16,-1.));
#5551=DIRECTION('center_axis',(-4.440892098501E-16,-5.551115123126E-16,
1.));
#5552=DIRECTION('ref_axis',(-1.,-2.106022274728E-16,-4.440892098501E-16));
#5553=DIRECTION('center_axis',(-5.107025913276E-15,-6.661338147751E-16,
1.));
#5554=DIRECTION('ref_axis',(-1.99840144432503E-15,1.,6.6613381477509E-16));
#5555=DIRECTION('',(1.,-4.440892098501E-16,-1.110223024625E-16));
#5556=DIRECTION('',(-2.22044604925E-16,1.,-5.551115123126E-16));
#5557=DIRECTION('',(1.,-4.440892098501E-16,-1.110223024625E-16));
#5558=DIRECTION('',(2.22044604925E-16,-1.,5.551115123126E-16));
#5559=DIRECTION('',(1.,-4.440892098501E-16,-1.110223024625E-16));
#5560=DIRECTION('',(2.22044604925E-16,-1.,5.551115123126E-16));
#5561=DIRECTION('',(-1.,4.440892098501E-16,1.110223024625E-16));
#5562=DIRECTION('',(2.22044604925E-16,-1.,5.551115123126E-16));
#5563=DIRECTION('',(-1.,4.440892098501E-16,1.110223024625E-16));
#5564=DIRECTION('',(-2.22044604925E-16,1.,-5.551115123126E-16));
#5565=DIRECTION('',(-1.,4.440892098501E-16,1.110223024625E-16));
#5566=DIRECTION('',(-2.22044604925E-16,1.,-5.551115123126E-16));
#5567=DIRECTION('center_axis',(-5.107025913276E-15,-6.661338147751E-16,
1.));
#5568=DIRECTION('ref_axis',(-1.99840144432503E-15,1.,6.6613381477509E-16));
#5569=DIRECTION('',(-2.22044604925E-16,1.,-5.551115123126E-16));
#5570=DIRECTION('',(1.,-4.440892098501E-16,-1.110223024625E-16));
#5571=DIRECTION('',(2.22044604925E-16,-1.,5.551115123126E-16));
#5572=DIRECTION('',(-1.,4.440892098501E-16,1.110223024625E-16));
#5573=DIRECTION('center_axis',(-5.107025913276E-15,-6.661338147751E-16,
1.));
#5574=DIRECTION('ref_axis',(-1.99840144432503E-15,1.,6.6613381477509E-16));
#5575=DIRECTION('',(-2.334869823773E-16,-1.,-5.551115123126E-16));
#5576=DIRECTION('',(-1.,-2.106022274728E-16,-4.440892098501E-16));
#5577=DIRECTION('',(2.334869823773E-16,1.,5.551115123126E-16));
#5578=DIRECTION('',(1.,2.106022274728E-16,4.440892098501E-16));
#5579=DIRECTION('center_axis',(-5.107025913276E-15,-6.661338147751E-16,
1.));
#5580=DIRECTION('ref_axis',(-1.99840144432503E-15,1.,6.6613381477509E-16));
#5581=DIRECTION('',(-1.,-2.106022274728E-16,-4.440892098501E-16));
#5582=DIRECTION('',(-2.334869823773E-16,-1.,-5.551115123126E-16));
#5583=DIRECTION('',(-1.,-2.106022274728E-16,-4.440892098501E-16));
#5584=DIRECTION('',(2.334869823773E-16,1.,5.551115123126E-16));
#5585=DIRECTION('',(-1.,-2.106022274728E-16,-4.440892098501E-16));
#5586=DIRECTION('',(2.334869823773E-16,1.,5.551115123126E-16));
#5587=DIRECTION('',(1.,2.106022274728E-16,4.440892098501E-16));
#5588=DIRECTION('',(2.334869823773E-16,1.,5.551115123126E-16));
#5589=DIRECTION('',(1.,2.106022274728E-16,4.440892098501E-16));
#5590=DIRECTION('',(-2.334869823773E-16,-1.,-5.551115123126E-16));
#5591=DIRECTION('',(1.,2.106022274728E-16,4.440892098501E-16));
#5592=DIRECTION('',(-2.334869823773E-16,-1.,-5.551115123126E-16));
#5593=DIRECTION('center_axis',(2.22044604925E-16,1.,-1.110223024625E-16));
#5594=DIRECTION('ref_axis',(1.,-2.22044604925E-16,1.110223024625E-16));
#5595=DIRECTION('',(-3.330669073875E-16,1.110223024625E-16,1.));
#5596=DIRECTION('',(1.,-4.440892098501E-16,-1.110223024625E-16));
#5597=DIRECTION('',(-3.330669073875E-16,1.110223024625E-16,1.));
#5598=DIRECTION('center_axis',(-1.,-8.628166150855E-32,-3.330669073875E-16));
#5599=DIRECTION('ref_axis',(2.46519032881235E-32,1.,-3.330669073875E-16));
#5600=DIRECTION('',(-3.330669073875E-16,1.110223024625E-16,1.));
#5601=DIRECTION('',(-2.22044604925E-16,1.,-5.551115123126E-16));
#5602=DIRECTION('center_axis',(-2.22044604925E-16,-1.,1.110223024625E-16));
#5603=DIRECTION('ref_axis',(-1.,2.22044604925E-16,-1.110223024625E-16));
#5604=DIRECTION('',(-3.330669073875E-16,1.110223024625E-16,1.));
#5605=DIRECTION('',(-1.,4.440892098501E-16,1.110223024625E-16));
#5606=DIRECTION('center_axis',(-1.,-8.628166150855E-32,-3.330669073875E-16));
#5607=DIRECTION('ref_axis',(2.46519032881235E-32,1.,-3.330669073875E-16));
#5608=DIRECTION('',(-3.330669073875E-16,1.110223024625E-16,1.));
#5609=DIRECTION('',(-2.22044604925E-16,1.,-5.551115123126E-16));
#5610=DIRECTION('center_axis',(-2.22044604925E-16,-1.,1.110223024625E-16));
#5611=DIRECTION('ref_axis',(-1.,2.22044604925E-16,-1.110223024625E-16));
#5612=DIRECTION('',(-3.330669073875E-16,1.110223024625E-16,1.));
#5613=DIRECTION('',(-1.,4.440892098501E-16,1.110223024625E-16));
#5614=DIRECTION('center_axis',(1.,8.628166150855E-32,3.330669073875E-16));
#5615=DIRECTION('ref_axis',(-2.46519032881235E-32,-1.,3.330669073875E-16));
#5616=DIRECTION('',(-3.330669073875E-16,1.110223024625E-16,1.));
#5617=DIRECTION('',(2.22044604925E-16,-1.,5.551115123126E-16));
#5618=DIRECTION('center_axis',(-2.22044604925E-16,-1.,1.110223024625E-16));
#5619=DIRECTION('ref_axis',(-1.,2.22044604925E-16,-1.110223024625E-16));
#5620=DIRECTION('',(-3.330669073875E-16,1.110223024625E-16,1.));
#5621=DIRECTION('',(-1.,4.440892098501E-16,1.110223024625E-16));
#5622=DIRECTION('center_axis',(1.,8.628166150855E-32,3.330669073875E-16));
#5623=DIRECTION('ref_axis',(-2.46519032881235E-32,-1.,3.330669073875E-16));
#5624=DIRECTION('',(-3.330669073875E-16,1.110223024625E-16,1.));
#5625=DIRECTION('',(2.22044604925E-16,-1.,5.551115123126E-16));
#5626=DIRECTION('center_axis',(2.22044604925E-16,1.,-1.110223024625E-16));
#5627=DIRECTION('ref_axis',(1.,-2.22044604925E-16,1.110223024625E-16));
#5628=DIRECTION('',(-3.330669073875E-16,1.110223024625E-16,1.));
#5629=DIRECTION('',(1.,-4.440892098501E-16,-1.110223024625E-16));
#5630=DIRECTION('center_axis',(1.,8.628166150855E-32,3.330669073875E-16));
#5631=DIRECTION('ref_axis',(-2.46519032881235E-32,-1.,3.330669073875E-16));
#5632=DIRECTION('',(-3.330669073875E-16,1.110223024625E-16,1.));
#5633=DIRECTION('',(2.22044604925E-16,-1.,5.551115123126E-16));
#5634=DIRECTION('center_axis',(2.22044604925E-16,1.,-1.110223024625E-16));
#5635=DIRECTION('ref_axis',(1.,-2.22044604925E-16,1.110223024625E-16));
#5636=DIRECTION('',(-3.330669073875E-16,1.110223024625E-16,1.));
#5637=DIRECTION('',(1.,-4.440892098501E-16,-1.110223024625E-16));
#5638=DIRECTION('center_axis',(-1.,-8.628166150855E-32,-3.330669073875E-16));
#5639=DIRECTION('ref_axis',(2.46519032881235E-32,1.,-3.330669073875E-16));
#5640=DIRECTION('',(-2.22044604925E-16,1.,-5.551115123126E-16));
#5641=DIRECTION('center_axis',(-1.,-8.628166150855E-32,-3.330669073875E-16));
#5642=DIRECTION('ref_axis',(2.46519032881235E-32,1.,-3.330669073875E-16));
#5643=DIRECTION('',(-3.330669073875E-16,1.110223024625E-16,1.));
#5644=DIRECTION('',(-3.330669073875E-16,1.110223024625E-16,1.));
#5645=DIRECTION('',(-2.22044604925E-16,1.,-5.551115123126E-16));
#5646=DIRECTION('center_axis',(-2.22044604925E-16,-1.,1.110223024625E-16));
#5647=DIRECTION('ref_axis',(-1.,2.22044604925E-16,-1.110223024625E-16));
#5648=DIRECTION('',(-3.330669073875E-16,1.110223024625E-16,1.));
#5649=DIRECTION('',(-1.,4.440892098501E-16,1.110223024625E-16));
#5650=DIRECTION('center_axis',(1.,8.628166150855E-32,3.330669073875E-16));
#5651=DIRECTION('ref_axis',(-2.46519032881235E-32,-1.,3.330669073875E-16));
#5652=DIRECTION('',(-3.330669073875E-16,1.110223024625E-16,1.));
#5653=DIRECTION('',(2.22044604925E-16,-1.,5.551115123126E-16));
#5654=DIRECTION('center_axis',(2.22044604925E-16,1.,-1.110223024625E-16));
#5655=DIRECTION('ref_axis',(1.,-2.22044604925E-16,1.110223024625E-16));
#5656=DIRECTION('',(1.,-4.440892098501E-16,-1.110223024625E-16));
#5657=DIRECTION('center_axis',(1.,2.106022274728E-16,4.440892098501E-16));
#5658=DIRECTION('ref_axis',(2.106022274728E-16,-1.,-3.330669073875E-16));
#5659=DIRECTION('',(-6.661338147751E-16,5.551115123126E-16,1.));
#5660=DIRECTION('',(-6.661338147751E-16,5.551115123126E-16,1.));
#5661=DIRECTION('',(-2.334869823773E-16,-1.,-5.551115123126E-16));
#5662=DIRECTION('center_axis',(2.334869823773E-16,1.,1.110223024625E-16));
#5663=DIRECTION('ref_axis',(1.,-2.334869823773E-16,6.661338147751E-16));
#5664=DIRECTION('',(-6.661338147751E-16,5.551115123126E-16,1.));
#5665=DIRECTION('',(1.,2.106022274728E-16,4.440892098501E-16));
#5666=DIRECTION('center_axis',(-1.,-2.106022274728E-16,-4.440892098501E-16));
#5667=DIRECTION('ref_axis',(-2.106022274728E-16,1.,3.330669073875E-16));
#5668=DIRECTION('',(-6.661338147751E-16,5.551115123126E-16,1.));
#5669=DIRECTION('',(2.334869823773E-16,1.,5.551115123126E-16));
#5670=DIRECTION('center_axis',(-2.334869823773E-16,-1.,-1.110223024625E-16));
#5671=DIRECTION('ref_axis',(-1.,2.334869823773E-16,-6.661338147751E-16));
#5672=DIRECTION('',(-1.,-2.106022274728E-16,-4.440892098501E-16));
#5673=DIRECTION('center_axis',(-2.334869823773E-16,-1.,-1.110223024625E-16));
#5674=DIRECTION('ref_axis',(-1.,2.334869823773E-16,-6.661338147751E-16));
#5675=DIRECTION('',(-6.661338147751E-16,5.551115123126E-16,1.));
#5676=DIRECTION('',(-1.,-2.106022274728E-16,-4.440892098501E-16));
#5677=DIRECTION('',(-6.661338147751E-16,5.551115123126E-16,1.));
#5678=DIRECTION('center_axis',(1.,2.106022274728E-16,4.440892098501E-16));
#5679=DIRECTION('ref_axis',(2.106022274728E-16,-1.,-3.330669073875E-16));
#5680=DIRECTION('',(-6.661338147751E-16,5.551115123126E-16,1.));
#5681=DIRECTION('',(-2.334869823773E-16,-1.,-5.551115123126E-16));
#5682=DIRECTION('center_axis',(2.334869823773E-16,1.,1.110223024625E-16));
#5683=DIRECTION('ref_axis',(1.,-2.334869823773E-16,6.661338147751E-16));
#5684=DIRECTION('',(-6.661338147751E-16,5.551115123126E-16,1.));
#5685=DIRECTION('',(1.,2.106022274728E-16,4.440892098501E-16));
#5686=DIRECTION('center_axis',(1.,2.106022274728E-16,4.440892098501E-16));
#5687=DIRECTION('ref_axis',(2.106022274728E-16,-1.,-3.330669073875E-16));
#5688=DIRECTION('',(-6.661338147751E-16,5.551115123126E-16,1.));
#5689=DIRECTION('',(-2.334869823773E-16,-1.,-5.551115123126E-16));
#5690=DIRECTION('center_axis',(2.334869823773E-16,1.,1.110223024625E-16));
#5691=DIRECTION('ref_axis',(1.,-2.334869823773E-16,6.661338147751E-16));
#5692=DIRECTION('',(-6.661338147751E-16,5.551115123126E-16,1.));
#5693=DIRECTION('',(1.,2.106022274728E-16,4.440892098501E-16));
#5694=DIRECTION('center_axis',(-1.,-2.106022274728E-16,-4.440892098501E-16));
#5695=DIRECTION('ref_axis',(-2.106022274728E-16,1.,3.330669073875E-16));
#5696=DIRECTION('',(-6.661338147751E-16,5.551115123126E-16,1.));
#5697=DIRECTION('',(2.334869823773E-16,1.,5.551115123126E-16));
#5698=DIRECTION('center_axis',(2.334869823773E-16,1.,1.110223024625E-16));
#5699=DIRECTION('ref_axis',(1.,-2.334869823773E-16,6.661338147751E-16));
#5700=DIRECTION('',(-6.661338147751E-16,5.551115123126E-16,1.));
#5701=DIRECTION('',(1.,2.106022274728E-16,4.440892098501E-16));
#5702=DIRECTION('center_axis',(-1.,-2.106022274728E-16,-4.440892098501E-16));
#5703=DIRECTION('ref_axis',(-2.106022274728E-16,1.,3.330669073875E-16));
#5704=DIRECTION('',(-6.661338147751E-16,5.551115123126E-16,1.));
#5705=DIRECTION('',(2.334869823773E-16,1.,5.551115123126E-16));
#5706=DIRECTION('center_axis',(-2.334869823773E-16,-1.,-1.110223024625E-16));
#5707=DIRECTION('ref_axis',(-1.,2.334869823773E-16,-6.661338147751E-16));
#5708=DIRECTION('',(-6.661338147751E-16,5.551115123126E-16,1.));
#5709=DIRECTION('',(-1.,-2.106022274728E-16,-4.440892098501E-16));
#5710=DIRECTION('center_axis',(-1.,-2.106022274728E-16,-4.440892098501E-16));
#5711=DIRECTION('ref_axis',(-2.106022274728E-16,1.,3.330669073875E-16));
#5712=DIRECTION('',(-6.661338147751E-16,5.551115123126E-16,1.));
#5713=DIRECTION('',(2.334869823773E-16,1.,5.551115123126E-16));
#5714=DIRECTION('center_axis',(-2.334869823773E-16,-1.,-1.110223024625E-16));
#5715=DIRECTION('ref_axis',(-1.,2.334869823773E-16,-6.661338147751E-16));
#5716=DIRECTION('',(-6.661338147751E-16,5.551115123126E-16,1.));
#5717=DIRECTION('',(-1.,-2.106022274728E-16,-4.440892098501E-16));
#5718=DIRECTION('center_axis',(1.,2.106022274728E-16,4.440892098501E-16));
#5719=DIRECTION('ref_axis',(2.106022274728E-16,-1.,-3.330669073875E-16));
#5720=DIRECTION('',(-2.334869823773E-16,-1.,-5.551115123126E-16));
#5721=DIRECTION('center_axis',(-5.551115123126E-16,-1.110223024625E-16,
1.));
#5722=DIRECTION('ref_axis',(1.,-4.440892098501E-16,5.551115123126E-16));
#5723=DIRECTION('center_axis',(-5.551115123126E-16,-1.110223024625E-16,
1.));
#5724=DIRECTION('ref_axis',(1.,-4.440892098501E-16,5.551115123126E-16));
#5725=DIRECTION('center_axis',(-8.881784197001E-16,7.771561172376E-16,1.));
#5726=DIRECTION('ref_axis',(-1.,-2.106022274728E-16,-8.881784197001E-16));
#5727=DIRECTION('center_axis',(-8.881784197001E-16,7.771561172376E-16,1.));
#5728=DIRECTION('ref_axis',(-1.,-2.106022274728E-16,-8.881784197001E-16));
#5729=DIRECTION('axis',(0.,0.,1.));
#5730=DIRECTION('refdir',(1.,0.,0.));
#5731=DIRECTION('axis',(0.,0.,1.));
#5732=DIRECTION('refdir',(1.,0.,0.));
#5733=DIRECTION('center_axis',(-1.16807733056795E-14,1.,-3.30904778632621E-15));
#5734=DIRECTION('ref_axis',(0.810841093393597,1.14079253776014E-14,0.585266367788442));
#5735=DIRECTION('center_axis',(-1.16807733056795E-14,1.,-3.30904778632621E-15));
#5736=DIRECTION('ref_axis',(0.810841093393597,1.14079253776014E-14,0.585266367788442));
#5737=DIRECTION('center_axis',(-1.16807733056795E-14,1.,-3.30904778632621E-15));
#5738=DIRECTION('ref_axis',(0.810841093393597,1.14079253776014E-14,0.585266367788442));
#5739=DIRECTION('center_axis',(1.12189480504966E-6,0.999999999990605,-4.18696156419775E-6));
#5740=DIRECTION('ref_axis',(0.810841092004882,1.54080938596823E-6,0.58526636971037));
#5741=DIRECTION('center_axis',(-1.18208494699134E-12,1.,9.05136547479726E-14));
#5742=DIRECTION('ref_axis',(0.810841093393598,9.05508452952995E-13,0.585266367788442));
#5743=DIRECTION('center_axis',(1.12189471980356E-6,0.999999999990605,-4.18696151029535E-6));
#5744=DIRECTION('ref_axis',(-2.37126516431156E-9,4.18696151295829E-6,0.999999999991235));
#5745=DIRECTION('center_axis',(-1.71770944218963E-12,1.,-1.3933124350153E-14));
#5746=DIRECTION('ref_axis',(0.81084109339268,1.40094399131643E-12,0.585266367789712));
#5747=DIRECTION('center_axis',(-0.984807753012386,0.17364817766592,-2.13110538214056E-13));
#5748=DIRECTION('ref_axis',(0.140801078244311,0.798522595235038,0.585266367788496));
#5749=DIRECTION('center_axis',(-0.984807753012532,0.173648177665094,-7.81518605604922E-15));
#5750=DIRECTION('ref_axis',(-9.41626745717823E-14,-4.89017201611024E-13,
1.));
#5751=DIRECTION('',(-1.,0.,-2.22044604925E-16));
#5752=DIRECTION('',(-2.22044604925E-16,0.,1.));
#5753=DIRECTION('',(1.,-1.224646799147E-16,-2.22044604925E-16));
#5754=DIRECTION('',(2.22044604925E-16,-2.465190328816E-32,1.));
#5755=DIRECTION('axis',(0.,0.,1.));
#5756=DIRECTION('refdir',(1.,0.,0.));
#5757=DIRECTION('center_axis',(1.,0.,0.));
#5758=DIRECTION('ref_axis',(0.,1.,0.));
#5759=DIRECTION('center_axis',(1.,0.,0.));
#5760=DIRECTION('ref_axis',(0.,1.,0.));
#5761=DIRECTION('center_axis',(1.,0.,0.));
#5762=DIRECTION('ref_axis',(0.,1.,0.));
#5763=DIRECTION('center_axis',(-1.,0.,0.));
#5764=DIRECTION('ref_axis',(0.,-1.,0.));
#5765=DIRECTION('center_axis',(1.,0.,0.));
#5766=DIRECTION('ref_axis',(0.,1.,0.));
#5767=DIRECTION('center_axis',(-1.,0.,0.));
#5768=DIRECTION('ref_axis',(0.,1.,0.));
#5769=DIRECTION('center_axis',(1.,0.,0.));
#5770=DIRECTION('ref_axis',(0.,1.,0.));
#5771=DIRECTION('',(1.,0.,0.));
#5772=DIRECTION('center_axis',(-1.,0.,0.));
#5773=DIRECTION('ref_axis',(0.,-1.,0.));
#5774=DIRECTION('center_axis',(1.,0.,0.));
#5775=DIRECTION('ref_axis',(0.,1.,0.));
#5776=DIRECTION('center_axis',(1.,0.,0.));
#5777=DIRECTION('ref_axis',(0.,1.,0.));
#5778=DIRECTION('center_axis',(1.,0.,0.));
#5779=DIRECTION('ref_axis',(0.,1.,0.));
#5780=DIRECTION('center_axis',(-1.,0.,0.));
#5781=DIRECTION('ref_axis',(0.,1.,0.));
#5782=DIRECTION('',(-1.,0.,0.));
#5783=DIRECTION('axis',(0.,0.,1.));
#5784=DIRECTION('refdir',(1.,0.,0.));
#5785=DIRECTION('center_axis',(1.,0.,0.));
#5786=DIRECTION('ref_axis',(0.,1.,0.));
#5787=DIRECTION('center_axis',(1.,0.,0.));
#5788=DIRECTION('ref_axis',(0.,1.,0.));
#5789=DIRECTION('center_axis',(1.,0.,0.));
#5790=DIRECTION('ref_axis',(0.,1.,0.));
#5791=DIRECTION('center_axis',(-1.,0.,0.));
#5792=DIRECTION('ref_axis',(0.,-1.,0.));
#5793=DIRECTION('center_axis',(1.,0.,0.));
#5794=DIRECTION('ref_axis',(0.,1.,0.));
#5795=DIRECTION('center_axis',(-1.,0.,0.));
#5796=DIRECTION('ref_axis',(0.,1.,0.));
#5797=DIRECTION('center_axis',(1.,0.,0.));
#5798=DIRECTION('ref_axis',(0.,1.,0.));
#5799=DIRECTION('',(1.,0.,0.));
#5800=DIRECTION('center_axis',(-1.,0.,0.));
#5801=DIRECTION('ref_axis',(0.,-1.,0.));
#5802=DIRECTION('center_axis',(1.,0.,0.));
#5803=DIRECTION('ref_axis',(0.,1.,0.));
#5804=DIRECTION('center_axis',(1.,0.,0.));
#5805=DIRECTION('ref_axis',(0.,1.,0.));
#5806=DIRECTION('center_axis',(1.,0.,0.));
#5807=DIRECTION('ref_axis',(0.,1.,0.));
#5808=DIRECTION('center_axis',(-1.,0.,0.));
#5809=DIRECTION('ref_axis',(0.,1.,0.));
#5810=DIRECTION('',(-1.,0.,0.));
#5811=DIRECTION('axis',(0.,0.,1.));
#5812=DIRECTION('refdir',(1.,0.,0.));
#5813=DIRECTION('axis',(0.,0.,1.));
#5814=DIRECTION('refdir',(1.,0.,0.));
#5815=DIRECTION('center_axis',(1.,0.,0.));
#5816=DIRECTION('ref_axis',(0.,1.,0.));
#5817=DIRECTION('center_axis',(1.,0.,0.));
#5818=DIRECTION('ref_axis',(0.,1.,0.));
#5819=DIRECTION('center_axis',(1.,0.,0.));
#5820=DIRECTION('ref_axis',(0.,1.,0.));
#5821=DIRECTION('',(0.,0.,1.));
#5822=DIRECTION('',(1.,0.,0.));
#5823=DIRECTION('',(0.,0.,1.));
#5824=DIRECTION('',(-1.,1.224646799147E-16,0.));
#5825=DIRECTION('',(0.,0.,1.));
#5826=DIRECTION('',(1.,0.,0.));
#5827=DIRECTION('',(0.,0.,1.));
#5828=DIRECTION('',(1.,0.,0.));
#5829=DIRECTION('',(0.,0.,1.));
#5830=DIRECTION('',(1.,0.,0.));
#5831=DIRECTION('',(0.,0.,1.));
#5832=DIRECTION('',(1.,0.,0.));
#5833=DIRECTION('',(0.,0.,1.));
#5834=DIRECTION('',(1.,0.,0.));
#5835=DIRECTION('center_axis',(0.,0.,1.));
#5836=DIRECTION('ref_axis',(1.,0.,0.));
#5837=CARTESIAN_POINT('',(0.,0.,0.));
#5838=CARTESIAN_POINT('',(0.,0.,0.));
#5839=CARTESIAN_POINT('Origin',(-36.5,19.,1.));
#5840=CARTESIAN_POINT('',(-36.5,19.,-9.518437542371E-14));
#5841=CARTESIAN_POINT('',(-37.5,19.,1.));
#5842=CARTESIAN_POINT('Origin',(-36.5000000000002,19.,0.999999999999711));
#5843=CARTESIAN_POINT('',(-36.5,-19.,1.887379141863E-15));
#5844=CARTESIAN_POINT('',(-36.5,19.,-6.816769371199E-14));
#5845=CARTESIAN_POINT('',(-37.5,-19.,1.));
#5846=CARTESIAN_POINT('Origin',(-36.5,-19.,1.));
#5847=CARTESIAN_POINT('',(-37.5,19.,1.));
#5848=CARTESIAN_POINT('Ctrl Pts',(-36.5,20.5,2.3));
#5849=CARTESIAN_POINT('Ctrl Pts',(-36.5,20.514935064935,1.971428571428));
#5850=CARTESIAN_POINT('Ctrl Pts',(-36.5,20.511088911089,1.668131868133));
#5851=CARTESIAN_POINT('Ctrl Pts',(-36.5,20.488461538462,1.390109890108));
#5852=CARTESIAN_POINT('Ctrl Pts',(-36.5,20.447052947052,1.137362637363));
#5853=CARTESIAN_POINT('Ctrl Pts',(-36.5,20.386863136867,0.909890109894));
#5854=CARTESIAN_POINT('Ctrl Pts',(-36.5,20.307892107886,0.707692307683));
#5855=CARTESIAN_POINT('Ctrl Pts',(-36.5,20.210139860149,0.530769230783));
#5856=CARTESIAN_POINT('Ctrl Pts',(-36.5,20.093606393596,0.379120879107));
#5857=CARTESIAN_POINT('Ctrl Pts',(-36.5,19.958291708301,0.252747252758));
#5858=CARTESIAN_POINT('Ctrl Pts',(-36.5,19.80419580419,0.151648351642));
#5859=CARTESIAN_POINT('Ctrl Pts',(-36.5,19.631318681322,0.07582417582728));
#5860=CARTESIAN_POINT('Ctrl Pts',(-36.5,19.439660339659,0.02527472527354));
#5861=CARTESIAN_POINT('Ctrl Pts',(-36.5,19.229220779221,1.735253355148E-13));
#5862=CARTESIAN_POINT('Ctrl Pts',(-36.5,19.,-6.40981307342E-14));
#5863=CARTESIAN_POINT('Ctrl Pts',(-37.5,20.5,2.3));
#5864=CARTESIAN_POINT('Ctrl Pts',(-37.5,20.514935064935,1.971428571428));
#5865=CARTESIAN_POINT('Ctrl Pts',(-37.5,20.511088911089,1.668131868134));
#5866=CARTESIAN_POINT('Ctrl Pts',(-37.5,20.488461538462,1.390109890107));
#5867=CARTESIAN_POINT('Ctrl Pts',(-37.5,20.447052947052,1.137362637366));
#5868=CARTESIAN_POINT('Ctrl Pts',(-37.5,20.386863136865,0.90989010989));
#5869=CARTESIAN_POINT('Ctrl Pts',(-37.49999999999,20.30789210789,0.707692307687));
#5870=CARTESIAN_POINT('Ctrl Pts',(-37.5,20.210139860142,0.530769230778));
#5871=CARTESIAN_POINT('Ctrl Pts',(-37.49999999999,20.093606393605,0.379120879111));
#5872=CARTESIAN_POINT('Ctrl Pts',(-37.5,19.958291708295,0.252747252755));
#5873=CARTESIAN_POINT('Ctrl Pts',(-37.5,19.804195804193,0.151648351644));
#5874=CARTESIAN_POINT('Ctrl Pts',(-37.5,19.631318681321,0.07582417582624));
#5875=CARTESIAN_POINT('Ctrl Pts',(-37.5,19.439660339659,0.02527472527391));
#5876=CARTESIAN_POINT('Ctrl Pts',(-37.5,19.229220779221,9.425541155653E-14));
#5877=CARTESIAN_POINT('Ctrl Pts',(-37.5,19.,-6.317169010117E-14));
#5878=CARTESIAN_POINT('Ctrl Pts',(-37.5,19.50103145979,2.254592339081));
#5879=CARTESIAN_POINT('Ctrl Pts',(-37.5,19.51370849889,1.975697478886));
#5880=CARTESIAN_POINT('Ctrl Pts',(-37.5,19.509892502427,1.730230895088));
#5881=CARTESIAN_POINT('Ctrl Pts',(-37.5,19.491115611858,1.518198640774));
#5882=CARTESIAN_POINT('Ctrl Pts',(-37.49999999999,19.457528224161,1.350307534923));
#5883=CARTESIAN_POINT('Ctrl Pts',(-37.5,19.421190055997,1.197881416452));
#5884=CARTESIAN_POINT('Ctrl Pts',(-37.49999999999,19.354842492155,1.139216336918));
#5885=CARTESIAN_POINT('Ctrl Pts',(-37.5,19.348866880074,1.036107782479));
#5886=CARTESIAN_POINT('Ctrl Pts',(-37.49999999999,19.245039468258,1.068424064054));
#5887=CARTESIAN_POINT('Ctrl Pts',(-37.5,19.31020375307,1.076395551114));
#5888=CARTESIAN_POINT('Ctrl Pts',(-37.49999999999,19.289270238003,1.054912640349));
#5889=CARTESIAN_POINT('Ctrl Pts',(-37.5,19.2746993597,1.036828618011));
#5890=CARTESIAN_POINT('Ctrl Pts',(-37.5,19.21796005713,1.013863394539));
#5891=CARTESIAN_POINT('Ctrl Pts',(-37.5,19.126833081933,1.));
#5892=CARTESIAN_POINT('Ctrl Pts',(-37.5,19.,1.));
#5893=CARTESIAN_POINT('',(-36.5,20.5,2.3));
#5894=CARTESIAN_POINT('',(-37.5,19.50103145979,2.254592339081));
#5895=CARTESIAN_POINT('Origin',(-36.5,19.50103145979,2.254592339081));
#5896=CARTESIAN_POINT('Ctrl Pts',(-36.5,20.5,2.3));
#5897=CARTESIAN_POINT('Ctrl Pts',(-36.5,20.514935064935,1.971428571428));
#5898=CARTESIAN_POINT('Ctrl Pts',(-36.5,20.511088911089,1.668131868133));
#5899=CARTESIAN_POINT('Ctrl Pts',(-36.5,20.488461538462,1.390109890108));
#5900=CARTESIAN_POINT('Ctrl Pts',(-36.5,20.447052947052,1.137362637363));
#5901=CARTESIAN_POINT('Ctrl Pts',(-36.5,20.386863136867,0.909890109894));
#5902=CARTESIAN_POINT('Ctrl Pts',(-36.5,20.307892107886,0.707692307683));
#5903=CARTESIAN_POINT('Ctrl Pts',(-36.5,20.210139860149,0.530769230783));
#5904=CARTESIAN_POINT('Ctrl Pts',(-36.5,20.093606393596,0.379120879107));
#5905=CARTESIAN_POINT('Ctrl Pts',(-36.5,19.958291708301,0.252747252758));
#5906=CARTESIAN_POINT('Ctrl Pts',(-36.5,19.80419580419,0.151648351642));
#5907=CARTESIAN_POINT('Ctrl Pts',(-36.5,19.631318681322,0.07582417582728));
#5908=CARTESIAN_POINT('Ctrl Pts',(-36.5,19.439660339659,0.02527472527354));
#5909=CARTESIAN_POINT('Ctrl Pts',(-36.5,19.229220779221,1.735253355148E-13));
#5910=CARTESIAN_POINT('Ctrl Pts',(-36.5,19.,-6.40981307342E-14));
#5911=CARTESIAN_POINT('Ctrl Pts',(-37.5,19.50103145979,2.254592339081));
#5912=CARTESIAN_POINT('Ctrl Pts',(-37.5,19.51370849889,1.975697478886));
#5913=CARTESIAN_POINT('Ctrl Pts',(-37.5,19.509892502427,1.730230895088));
#5914=CARTESIAN_POINT('Ctrl Pts',(-37.5,19.491115611858,1.518198640774));
#5915=CARTESIAN_POINT('Ctrl Pts',(-37.49999999999,19.457528224161,1.350307534923));
#5916=CARTESIAN_POINT('Ctrl Pts',(-37.5,19.421190055997,1.197881416452));
#5917=CARTESIAN_POINT('Ctrl Pts',(-37.49999999999,19.354842492155,1.139216336918));
#5918=CARTESIAN_POINT('Ctrl Pts',(-37.5,19.348866880074,1.036107782479));
#5919=CARTESIAN_POINT('Ctrl Pts',(-37.49999999999,19.245039468258,1.068424064054));
#5920=CARTESIAN_POINT('Ctrl Pts',(-37.5,19.31020375307,1.076395551114));
#5921=CARTESIAN_POINT('Ctrl Pts',(-37.49999999999,19.289270238003,1.054912640349));
#5922=CARTESIAN_POINT('Ctrl Pts',(-37.5,19.2746993597,1.036828618011));
#5923=CARTESIAN_POINT('Ctrl Pts',(-37.5,19.21796005713,1.013863394539));
#5924=CARTESIAN_POINT('Ctrl Pts',(-37.5,19.126833081933,1.));
#5925=CARTESIAN_POINT('Ctrl Pts',(-37.5,19.,1.));
#5926=CARTESIAN_POINT('Origin',(3.072617235719E-15,-5.121028726199E-15,
-6.845269667151E-16));
#5927=CARTESIAN_POINT('',(35.5,19.,-2.382703794932E-14));
#5928=CARTESIAN_POINT('',(36.5,19.,-2.274232306691E-14));
#5929=CARTESIAN_POINT('',(35.5,19.,-1.205529715364E-13));
#5930=CARTESIAN_POINT('',(36.5,3.,2.641290651385E-14));
#5931=CARTESIAN_POINT('',(36.5,19.,-1.253996906314E-13));
#5932=CARTESIAN_POINT('',(32.5,3.,2.48689957516E-14));
#5933=CARTESIAN_POINT('',(18.75,3.,9.938528080553E-15));
#5934=CARTESIAN_POINT('',(32.5,1.,3.153033389935E-14));
#5935=CARTESIAN_POINT('',(32.5,0.01747604761789,3.470638784483E-14));
#5936=CARTESIAN_POINT('',(36.5,1.,3.306600558366E-14));
#5937=CARTESIAN_POINT('',(18.75,1.,1.651836563591E-14));
#5938=CARTESIAN_POINT('',(36.5,-1.,3.971910465348E-14));
#5939=CARTESIAN_POINT('',(36.5,19.,-1.253996906314E-13));
#5940=CARTESIAN_POINT('',(32.5,-1.,3.796962744218E-14));
#5941=CARTESIAN_POINT('',(18.75,-1.,2.309820319127E-14));
#5942=CARTESIAN_POINT('',(32.5,-3.,4.440892098501E-14));
#5943=CARTESIAN_POINT('',(32.5,0.01747604761789,3.470638784483E-14));
#5944=CARTESIAN_POINT('',(36.5,-3.,4.63722037233E-14));
#5945=CARTESIAN_POINT('',(18.75,-3.,2.94559961417E-14));
#5946=CARTESIAN_POINT('',(36.5,-19.,9.964251646011E-14));
#5947=CARTESIAN_POINT('',(36.5,19.,-1.253996906314E-13));
#5948=CARTESIAN_POINT('',(35.5,-19.,1.02686206031E-13));
#5949=CARTESIAN_POINT('',(35.5,-19.,7.335747068736E-14));
#5950=CARTESIAN_POINT('',(-35.5,-19.,1.555674230019E-14));
#5951=CARTESIAN_POINT('',(-35.5,-19.,1.327826737452E-13));
#5952=CARTESIAN_POINT('',(-35.5,-19.,1.040551373182E-13));
#5953=CARTESIAN_POINT('',(-35.5,19.,-9.827386878599E-14));
#5954=CARTESIAN_POINT('',(-35.5,19.,-6.454221994405E-14));
#5955=CARTESIAN_POINT('',(-35.5,19.,-6.972200594646E-14));
#5956=CARTESIAN_POINT('',(35.,8.,4.009908931725E-14));
#5957=CARTESIAN_POINT('',(33.,8.,3.658778111053E-14));
#5958=CARTESIAN_POINT('',(35.,8.,1.145533528192E-14));
#5959=CARTESIAN_POINT('',(35.,12.000000000008,2.97669506504E-14));
#5960=CARTESIAN_POINT('',(35.,12.000000000008,-1.541338644033E-15));
#5961=CARTESIAN_POINT('',(33.,12.000000000008,2.625564244368E-14));
#5962=CARTESIAN_POINT('',(33.,12.000000000008,-3.720379221205E-15));
#5963=CARTESIAN_POINT('',(33.,8.,9.276294704751E-15));
#5964=CARTESIAN_POINT('',(35.,-12.,9.175978265139E-14));
#5965=CARTESIAN_POINT('',(33.,-12.,8.824847444467E-14));
#5966=CARTESIAN_POINT('',(35.,-12.,7.643870491156E-14));
#5967=CARTESIAN_POINT('',(35.,-8.,8.142764398456E-14));
#5968=CARTESIAN_POINT('',(35.,-8.,6.344203098564E-14));
#5969=CARTESIAN_POINT('',(33.,-8.,7.791633577784E-14));
#5970=CARTESIAN_POINT('',(33.,-8.,6.126299040846E-14));
#5971=CARTESIAN_POINT('',(33.,-12.,7.425966433439E-14));
#5972=CARTESIAN_POINT('',(-3.88073969187329E-15,11.1000000000009,-3.94129173741931E-13));
#5973=CARTESIAN_POINT('Origin',(-3.19744231092E-15,9.6,-2.975397705995E-14));
#5974=CARTESIAN_POINT('',(2.64839213454049E-15,-11.1000000000009,-3.77475828372553E-13));
#5975=CARTESIAN_POINT('Origin',(2.13162820728E-15,-9.6,-1.270095140171E-14));
#5976=CARTESIAN_POINT('Origin',(-37.5,1.365188027485E-13,9.304672593346));
#5977=CARTESIAN_POINT('',(-37.5,-19.50103145979,2.254592339081));
#5978=CARTESIAN_POINT('Ctrl Pts',(-37.5,-19.,1.));
#5979=CARTESIAN_POINT('Ctrl Pts',(-37.5,-19.12683308193,1.));
#5980=CARTESIAN_POINT('Ctrl Pts',(-37.5,-19.21796005713,1.013863394539));
#5981=CARTESIAN_POINT('Ctrl Pts',(-37.5,-19.2746993597,1.03682861801));
#5982=CARTESIAN_POINT('Ctrl Pts',(-37.5,-19.289270238,1.05491264035));
#5983=CARTESIAN_POINT('Ctrl Pts',(-37.5,-19.31020375306,1.07639555111));
#5984=CARTESIAN_POINT('Ctrl Pts',(-37.49999999999,-19.24503946826,1.068424064061));
#5985=CARTESIAN_POINT('Ctrl Pts',(-37.5,-19.34886688006,1.03610778247));
#5986=CARTESIAN_POINT('Ctrl Pts',(-37.49999999999,-19.35484249216,1.139216336927));
#5987=CARTESIAN_POINT('Ctrl Pts',(-37.5,-19.42119005599,1.197881416446));
#5988=CARTESIAN_POINT('Ctrl Pts',(-37.5,-19.45752822416,1.350307534926));
#5989=CARTESIAN_POINT('Ctrl Pts',(-37.5,-19.49111561185,1.518198640773));
#5990=CARTESIAN_POINT('Ctrl Pts',(-37.5,-19.50989250242,1.730230895089));
#5991=CARTESIAN_POINT('Ctrl Pts',(-37.5,-19.51370849888,1.975697478886));
#5992=CARTESIAN_POINT('Ctrl Pts',(-37.5,-19.50103145979,2.254592339081));
#5993=CARTESIAN_POINT('',(-37.5,-18.90641188507,15.336222982756));
#5994=CARTESIAN_POINT('',(-37.5,-19.50103145979,2.254592339081));
#5995=CARTESIAN_POINT('',(-37.5,-15.90950626444,18.2));
#5996=CARTESIAN_POINT('Origin',(-37.5,-15.90950626444,15.2));
#5997=CARTESIAN_POINT('',(-37.5,15.909506264446,18.2));
#5998=CARTESIAN_POINT('',(-37.5,-15.90950626444,18.2));
#5999=CARTESIAN_POINT('',(-37.5,18.906411885077,15.336222982756));
#6000=CARTESIAN_POINT('Origin',(-37.5,15.909506264447,15.2));
#6001=CARTESIAN_POINT('',(-37.5,18.906411885077,15.336222982756));
#6002=CARTESIAN_POINT('',(-37.5,-0.75,12.));
#6003=CARTESIAN_POINT('',(-37.5,-0.75,4.));
#6004=CARTESIAN_POINT('',(-37.5,-0.75,12.));
#6005=CARTESIAN_POINT('',(-37.5,0.75,4.));
#6006=CARTESIAN_POINT('',(-37.5,-0.75,4.));
#6007=CARTESIAN_POINT('',(-37.5,0.75,12.));
#6008=CARTESIAN_POINT('',(-37.5,0.75,4.));
#6009=CARTESIAN_POINT('',(-37.5,0.75,12.));
#6010=CARTESIAN_POINT('',(-37.5,6.1,11.));
#6011=CARTESIAN_POINT('Origin',(-37.5,10.,11.));
#6012=CARTESIAN_POINT('',(-37.5,-13.9,11.));
#6013=CARTESIAN_POINT('Origin',(-37.5,-10.,11.));
#6014=CARTESIAN_POINT('Ctrl Pts',(-36.5,-19.,1.044992265281E-13));
#6015=CARTESIAN_POINT('Ctrl Pts',(-36.5,-19.22922077922,1.70865846724E-13));
#6016=CARTESIAN_POINT('Ctrl Pts',(-36.5,-19.43966033965,0.0252747252746));
#6017=CARTESIAN_POINT('Ctrl Pts',(-36.5,-19.63131868132,0.07582417582456));
#6018=CARTESIAN_POINT('Ctrl Pts',(-36.49999999999,-19.80419580419,0.151648351649));
#6019=CARTESIAN_POINT('Ctrl Pts',(-36.5,-19.95829170829,0.252747252744));
#6020=CARTESIAN_POINT('Ctrl Pts',(-36.49999999999,-20.0936063936,0.379120879129));
#6021=CARTESIAN_POINT('Ctrl Pts',(-36.5,-20.21013986014,0.530769230757));
#6022=CARTESIAN_POINT('Ctrl Pts',(-36.49999999999,-20.30789210789,0.707692307708));
#6023=CARTESIAN_POINT('Ctrl Pts',(-36.5,-20.38686313686,0.909890109875));
#6024=CARTESIAN_POINT('Ctrl Pts',(-36.49999999999,-20.44705294705,1.137362637374));
#6025=CARTESIAN_POINT('Ctrl Pts',(-36.5,-20.48846153846,1.390109890103));
#6026=CARTESIAN_POINT('Ctrl Pts',(-36.5,-20.51108891108,1.668131868135));
#6027=CARTESIAN_POINT('Ctrl Pts',(-36.5,-20.51493506493,1.971428571428));
#6028=CARTESIAN_POINT('Ctrl Pts',(-36.5,-20.5,2.3));
#6029=CARTESIAN_POINT('Ctrl Pts',(-37.5,-19.,1.053601650369E-13));
#6030=CARTESIAN_POINT('Ctrl Pts',(-37.5,-19.22922077922,4.124503768824E-13));
#6031=CARTESIAN_POINT('Ctrl Pts',(-37.5,-19.43966033965,0.02527472527345));
#6032=CARTESIAN_POINT('Ctrl Pts',(-37.49999999999,-19.63131868132,0.07582417582781));
#6033=CARTESIAN_POINT('Ctrl Pts',(-37.5,-19.80419580418,0.151648351642));
#6034=CARTESIAN_POINT('Ctrl Pts',(-37.49999999999,-19.9582917083,0.252747252755));
#6035=CARTESIAN_POINT('Ctrl Pts',(-37.5,-20.09360639359,0.379120879115));
#6036=CARTESIAN_POINT('Ctrl Pts',(-37.49999999999,-20.21013986015,0.530769230771));
#6037=CARTESIAN_POINT('Ctrl Pts',(-37.5,-20.30789210788,0.707692307696));
#6038=CARTESIAN_POINT('Ctrl Pts',(-37.49999999999,-20.38686313686,0.909890109884));
#6039=CARTESIAN_POINT('Ctrl Pts',(-37.5,-20.44705294705,1.137362637369));
#6040=CARTESIAN_POINT('Ctrl Pts',(-37.49999999999,-20.48846153846,1.390109890106));
#6041=CARTESIAN_POINT('Ctrl Pts',(-37.5,-20.51108891108,1.668131868134));
#6042=CARTESIAN_POINT('Ctrl Pts',(-37.5,-20.51493506493,1.971428571428));
#6043=CARTESIAN_POINT('Ctrl Pts',(-37.5,-20.5,2.3));
#6044=CARTESIAN_POINT('Ctrl Pts',(-37.5,-19.,1.));
#6045=CARTESIAN_POINT('Ctrl Pts',(-37.5,-19.12683308193,1.));
#6046=CARTESIAN_POINT('Ctrl Pts',(-37.5,-19.21796005713,1.013863394539));
#6047=CARTESIAN_POINT('Ctrl Pts',(-37.5,-19.2746993597,1.03682861801));
#6048=CARTESIAN_POINT('Ctrl Pts',(-37.5,-19.289270238,1.05491264035));
#6049=CARTESIAN_POINT('Ctrl Pts',(-37.5,-19.31020375306,1.07639555111));
#6050=CARTESIAN_POINT('Ctrl Pts',(-37.49999999999,-19.24503946826,1.068424064061));
#6051=CARTESIAN_POINT('Ctrl Pts',(-37.5,-19.34886688006,1.03610778247));
#6052=CARTESIAN_POINT('Ctrl Pts',(-37.49999999999,-19.35484249216,1.139216336927));
#6053=CARTESIAN_POINT('Ctrl Pts',(-37.5,-19.42119005599,1.197881416446));
#6054=CARTESIAN_POINT('Ctrl Pts',(-37.5,-19.45752822416,1.350307534926));
#6055=CARTESIAN_POINT('Ctrl Pts',(-37.5,-19.49111561185,1.518198640773));
#6056=CARTESIAN_POINT('Ctrl Pts',(-37.5,-19.50989250242,1.730230895089));
#6057=CARTESIAN_POINT('Ctrl Pts',(-37.5,-19.51370849888,1.975697478886));
#6058=CARTESIAN_POINT('Ctrl Pts',(-37.5,-19.50103145979,2.254592339081));
#6059=CARTESIAN_POINT('',(-36.5,-20.5,2.3));
#6060=CARTESIAN_POINT('Ctrl Pts',(-36.5,-19.,1.044992265281E-13));
#6061=CARTESIAN_POINT('Ctrl Pts',(-36.5,-19.22922077922,1.70865846724E-13));
#6062=CARTESIAN_POINT('Ctrl Pts',(-36.5,-19.43966033965,0.0252747252746));
#6063=CARTESIAN_POINT('Ctrl Pts',(-36.5,-19.63131868132,0.07582417582456));
#6064=CARTESIAN_POINT('Ctrl Pts',(-36.49999999999,-19.80419580419,0.151648351649));
#6065=CARTESIAN_POINT('Ctrl Pts',(-36.5,-19.95829170829,0.252747252744));
#6066=CARTESIAN_POINT('Ctrl Pts',(-36.49999999999,-20.0936063936,0.379120879129));
#6067=CARTESIAN_POINT('Ctrl Pts',(-36.5,-20.21013986014,0.530769230757));
#6068=CARTESIAN_POINT('Ctrl Pts',(-36.49999999999,-20.30789210789,0.707692307708));
#6069=CARTESIAN_POINT('Ctrl Pts',(-36.5,-20.38686313686,0.909890109875));
#6070=CARTESIAN_POINT('Ctrl Pts',(-36.49999999999,-20.44705294705,1.137362637374));
#6071=CARTESIAN_POINT('Ctrl Pts',(-36.5,-20.48846153846,1.390109890103));
#6072=CARTESIAN_POINT('Ctrl Pts',(-36.5,-20.51108891108,1.668131868135));
#6073=CARTESIAN_POINT('Ctrl Pts',(-36.5,-20.51493506493,1.971428571428));
#6074=CARTESIAN_POINT('Ctrl Pts',(-36.5,-20.5,2.3));
#6075=CARTESIAN_POINT('Origin',(-36.5,-19.50103145979,2.254592339081));
#6076=CARTESIAN_POINT('Origin',(-36.5,18.906411885077,15.336222982756));
#6077=CARTESIAN_POINT('',(-36.5,19.905380425288,15.381630643675));
#6078=CARTESIAN_POINT('Origin',(-36.5,18.906411885077,15.336222982756));
#6079=CARTESIAN_POINT('',(-36.5,19.905380425288,15.381630643675));
#6080=CARTESIAN_POINT('Ctrl Pts',(-36.51,19.,-6.40936898421014E-14));
#6081=CARTESIAN_POINT('Ctrl Pts',(-35.49,19.,-6.45466608361485E-14));
#6082=CARTESIAN_POINT('Ctrl Pts',(-36.51,20.604545454546,-6.4499516838623E-14));
#6083=CARTESIAN_POINT('Ctrl Pts',(-35.49,20.604545454546,-6.49524878326702E-14));
#6084=CARTESIAN_POINT('Ctrl Pts',(-36.51,20.5,2.3));
#6085=CARTESIAN_POINT('Ctrl Pts',(-35.49,20.5,2.3));
#6086=CARTESIAN_POINT('',(-35.5,20.5,2.3));
#6087=CARTESIAN_POINT('Ctrl Pts',(-35.5,19.,-6.454221994405E-14));
#6088=CARTESIAN_POINT('Ctrl Pts',(-35.5,20.604545454546,-6.493341218252E-14));
#6089=CARTESIAN_POINT('Ctrl Pts',(-35.5,20.5,2.3));
#6090=CARTESIAN_POINT('',(-35.5,20.5,2.3));
#6091=CARTESIAN_POINT('Ctrl Pts',(36.5100000000283,19.,-1.21337899214832E-13));
#6092=CARTESIAN_POINT('Ctrl Pts',(35.4899999999997,19.,-1.20545199975227E-13));
#6093=CARTESIAN_POINT('Ctrl Pts',(36.5100000000283,20.604545454545,-1.22909460387199E-13));
#6094=CARTESIAN_POINT('Ctrl Pts',(35.4899999999997,20.604545454545,-1.22116761147595E-13));
#6095=CARTESIAN_POINT('Ctrl Pts',(36.5100000000283,20.5,2.3));
#6096=CARTESIAN_POINT('Ctrl Pts',(35.4899999999997,20.5,2.3));
#6097=CARTESIAN_POINT('',(35.5,20.5,2.3));
#6098=CARTESIAN_POINT('Ctrl Pts',(35.5,19.,-1.205529715364E-13));
#6099=CARTESIAN_POINT('Ctrl Pts',(35.5,20.604545454545,-1.220130057595E-13));
#6100=CARTESIAN_POINT('Ctrl Pts',(35.5,20.5,2.3));
#6101=CARTESIAN_POINT('',(36.5,20.5,2.3));
#6102=CARTESIAN_POINT('',(35.5,20.5,2.3));
#6103=CARTESIAN_POINT('Ctrl Pts',(36.5,20.5,2.3));
#6104=CARTESIAN_POINT('Ctrl Pts',(36.5,20.514935064935,1.971428571428));
#6105=CARTESIAN_POINT('Ctrl Pts',(36.5,20.511088911089,1.668131868133));
#6106=CARTESIAN_POINT('Ctrl Pts',(36.5,20.488461538462,1.390109890108));
#6107=CARTESIAN_POINT('Ctrl Pts',(36.5,20.447052947052,1.137362637363));
#6108=CARTESIAN_POINT('Ctrl Pts',(36.5,20.386863136866,0.909890109894));
#6109=CARTESIAN_POINT('Ctrl Pts',(36.500000000001,20.307892107886,0.707692307683));
#6110=CARTESIAN_POINT('Ctrl Pts',(36.499999999999,20.210139860149,0.530769230783));
#6111=CARTESIAN_POINT('Ctrl Pts',(36.500000000001,20.093606393596,0.379120879107));
#6112=CARTESIAN_POINT('Ctrl Pts',(36.5,19.958291708301,0.252747252758));
#6113=CARTESIAN_POINT('Ctrl Pts',(36.500000000001,19.80419580419,0.151648351642));
#6114=CARTESIAN_POINT('Ctrl Pts',(36.5,19.631318681322,0.07582417582723));
#6115=CARTESIAN_POINT('Ctrl Pts',(36.5,19.439660339659,0.02527472527348));
#6116=CARTESIAN_POINT('Ctrl Pts',(36.5,19.229220779221,1.161406468832E-13));
#6117=CARTESIAN_POINT('Ctrl Pts',(36.5,19.,-1.213301276536E-13));
#6118=CARTESIAN_POINT('Origin',(36.5,19.,1.));
#6119=CARTESIAN_POINT('',(37.5,19.,1.));
#6120=CARTESIAN_POINT('Origin',(36.5000000000002,19.,0.999999999999682));
#6121=CARTESIAN_POINT('',(37.5,3.,1.));
#6122=CARTESIAN_POINT('',(37.5,19.,1.));
#6123=CARTESIAN_POINT('Origin',(36.5,3.,1.));
#6124=CARTESIAN_POINT('Ctrl Pts',(36.21,18.9999999999997,-1.28233494420744E-13));
#6125=CARTESIAN_POINT('Ctrl Pts',(-36.21,19.,-6.39116132660629E-14));
#6126=CARTESIAN_POINT('Ctrl Pts',(36.21,20.6045454545457,-1.28639321417266E-13));
#6127=CARTESIAN_POINT('Ctrl Pts',(-36.21,20.604545454546,-6.43174402625846E-14));
#6128=CARTESIAN_POINT('Ctrl Pts',(36.21,20.4999999999997,2.29999999999994));
#6129=CARTESIAN_POINT('Ctrl Pts',(-36.21,20.5,2.3));
#6130=CARTESIAN_POINT('',(-35.5,20.5,2.3));
#6131=CARTESIAN_POINT('Origin',(37.5,3.,-2.051141));
#6132=CARTESIAN_POINT('',(37.5,3.,3.5));
#6133=CARTESIAN_POINT('',(37.5,3.,-2.051141));
#6134=CARTESIAN_POINT('',(35.5,3.,3.5));
#6135=CARTESIAN_POINT('',(37.5,3.,3.5));
#6136=CARTESIAN_POINT('',(35.5,3.,2.5));
#6137=CARTESIAN_POINT('',(35.5,3.,4.545484927908));
#6138=CARTESIAN_POINT('',(32.5,3.,2.5));
#6139=CARTESIAN_POINT('',(1.,3.,2.5));
#6140=CARTESIAN_POINT('',(32.5,3.,-2.051141));
#6141=CARTESIAN_POINT('Origin',(32.5,0.03495209523582,0.788144950157));
#6142=CARTESIAN_POINT('',(32.5,1.,2.5));
#6143=CARTESIAN_POINT('',(32.5,0.367476047618,2.5));
#6144=CARTESIAN_POINT('',(32.5,1.,3.5));
#6145=CARTESIAN_POINT('Origin',(37.5,1.,3.5));
#6146=CARTESIAN_POINT('',(37.5,1.,3.5));
#6147=CARTESIAN_POINT('',(37.5,1.,1.));
#6148=CARTESIAN_POINT('',(37.5,1.,3.5));
#6149=CARTESIAN_POINT('Origin',(36.5,1.,1.));
#6150=CARTESIAN_POINT('',(35.5,1.,2.5));
#6151=CARTESIAN_POINT('',(1.,1.,2.5));
#6152=CARTESIAN_POINT('',(35.5,1.,3.5));
#6153=CARTESIAN_POINT('',(35.5,1.,7.321055427908));
#6154=CARTESIAN_POINT('',(37.5,1.,3.5));
#6155=CARTESIAN_POINT('Ctrl Pts',(-36.51,-19.,1.04503667420149E-13));
#6156=CARTESIAN_POINT('Ctrl Pts',(-35.49,-19.,1.04050696426101E-13));
#6157=CARTESIAN_POINT('Ctrl Pts',(-36.51,-20.60454545454,1.04809494416713E-13));
#6158=CARTESIAN_POINT('Ctrl Pts',(-35.49,-20.60454545454,1.04356523422666E-13));
#6159=CARTESIAN_POINT('Ctrl Pts',(-36.51,-20.5,2.3));
#6160=CARTESIAN_POINT('Ctrl Pts',(-35.49,-20.5,2.3));
#6161=CARTESIAN_POINT('',(-35.5,-20.5,2.3));
#6162=CARTESIAN_POINT('Ctrl Pts',(-35.5,-19.,1.040551373182E-13));
#6163=CARTESIAN_POINT('Ctrl Pts',(-35.5,-20.60454545454,1.043463295567E-13));
#6164=CARTESIAN_POINT('Ctrl Pts',(-35.5,-20.5,2.3));
#6165=CARTESIAN_POINT('',(-35.5,-20.5,2.3));
#6166=CARTESIAN_POINT('Origin',(36.5,19.,1.));
#6167=CARTESIAN_POINT('',(37.5,-1.,1.));
#6168=CARTESIAN_POINT('',(37.5,19.,1.));
#6169=CARTESIAN_POINT('Origin',(36.5,-1.,1.));
#6170=CARTESIAN_POINT('Ctrl Pts',(36.21,-19.0000000000003,4.03638628415058E-14));
#6171=CARTESIAN_POINT('Ctrl Pts',(-36.21,-19.,1.04685743996187E-13));
#6172=CARTESIAN_POINT('Ctrl Pts',(36.21,-20.6045454545403,4.06696898380705E-14));
#6173=CARTESIAN_POINT('Ctrl Pts',(-36.21,-20.60454545454,1.04991570992752E-13));
#6174=CARTESIAN_POINT('Ctrl Pts',(36.21,-20.5000000000003,2.29999999999994));
#6175=CARTESIAN_POINT('Ctrl Pts',(-36.21,-20.5,2.3));
#6176=CARTESIAN_POINT('',(35.5,-20.5,2.3));
#6177=CARTESIAN_POINT('Ctrl Pts',(35.5,-19.,7.335747068736E-14));
#6178=CARTESIAN_POINT('Ctrl Pts',(35.5,-20.60454545454,7.471750491044E-14));
#6179=CARTESIAN_POINT('Ctrl Pts',(35.5,-20.5,2.3));
#6180=CARTESIAN_POINT('',(-35.5,-20.5,2.3));
#6181=CARTESIAN_POINT('Origin',(37.5,-1.,-1.791746));
#6182=CARTESIAN_POINT('',(37.5,-1.,3.5));
#6183=CARTESIAN_POINT('',(37.5,-1.,-1.791746));
#6184=CARTESIAN_POINT('',(35.5,-1.,3.5));
#6185=CARTESIAN_POINT('',(37.5,-1.,3.5));
#6186=CARTESIAN_POINT('',(35.5,-1.,2.5));
#6187=CARTESIAN_POINT('',(35.5,-1.,4.675182427908));
#6188=CARTESIAN_POINT('',(32.5,-1.,2.5));
#6189=CARTESIAN_POINT('',(1.,-1.,2.5));
#6190=CARTESIAN_POINT('',(32.5,-1.,-1.791746));
#6191=CARTESIAN_POINT('Ctrl Pts',(36.5100000000364,-19.,7.25725430089218E-14));
#6192=CARTESIAN_POINT('Ctrl Pts',(35.4899999999996,-19.,7.33652422485327E-14));
#6193=CARTESIAN_POINT('Ctrl Pts',(36.5100000000364,-20.60454545454,7.38775707276035E-14));
#6194=CARTESIAN_POINT('Ctrl Pts',(35.4899999999996,-20.60454545454,7.46702699672144E-14));
#6195=CARTESIAN_POINT('Ctrl Pts',(36.5100000000364,-20.5,2.3));
#6196=CARTESIAN_POINT('Ctrl Pts',(35.4899999999996,-20.5,2.3));
#6197=CARTESIAN_POINT('',(36.5,-20.5,2.3));
#6198=CARTESIAN_POINT('Ctrl Pts',(36.5,-19.,7.258031457012E-14));
#6199=CARTESIAN_POINT('Ctrl Pts',(36.5,-19.22922077922,1.390996264781E-13));
#6200=CARTESIAN_POINT('Ctrl Pts',(36.5,-19.43966033965,0.02527472527456));
#6201=CARTESIAN_POINT('Ctrl Pts',(36.500000000001,-19.63131868132,0.07582417582453));
#6202=CARTESIAN_POINT('Ctrl Pts',(36.499999999999,-19.80419580419,0.151648351649));
#6203=CARTESIAN_POINT('Ctrl Pts',(36.500000000002,-19.95829170829,0.252747252744));
#6204=CARTESIAN_POINT('Ctrl Pts',(36.499999999998,-20.0936063936,0.379120879129));
#6205=CARTESIAN_POINT('Ctrl Pts',(36.500000000003,-20.21013986014,0.530769230757));
#6206=CARTESIAN_POINT('Ctrl Pts',(36.499999999998,-20.30789210789,0.707692307708));
#6207=CARTESIAN_POINT('Ctrl Pts',(36.500000000002,-20.38686313686,0.909890109875));
#6208=CARTESIAN_POINT('Ctrl Pts',(36.499999999999,-20.44705294705,1.137362637374));
#6209=CARTESIAN_POINT('Ctrl Pts',(36.500000000001,-20.48846153846,1.390109890103));
#6210=CARTESIAN_POINT('Ctrl Pts',(36.5,-20.51108891109,1.668131868135));
#6211=CARTESIAN_POINT('Ctrl Pts',(36.5,-20.51493506493,1.971428571428));
#6212=CARTESIAN_POINT('Ctrl Pts',(36.5,-20.5,2.3));
#6213=CARTESIAN_POINT('',(35.5,-20.5,2.3));
#6214=CARTESIAN_POINT('Origin',(32.5,0.03495209523582,0.788144950157));
#6215=CARTESIAN_POINT('',(32.5,-3.,2.5));
#6216=CARTESIAN_POINT('',(32.5,-9.226945973039,2.5));
#6217=CARTESIAN_POINT('',(32.5,-3.,3.5));
#6218=CARTESIAN_POINT('Origin',(36.5,19.,1.));
#6219=CARTESIAN_POINT('',(37.5,-3.,1.));
#6220=CARTESIAN_POINT('Origin',(36.5,-3.,1.));
#6221=CARTESIAN_POINT('',(37.5,-19.,1.));
#6222=CARTESIAN_POINT('',(37.5,19.,1.));
#6223=CARTESIAN_POINT('Origin',(36.5,-19.,1.));
#6224=CARTESIAN_POINT('Origin',(37.5,-3.,3.5));
#6225=CARTESIAN_POINT('',(37.5,-3.,3.5));
#6226=CARTESIAN_POINT('',(37.5,-3.,3.5));
#6227=CARTESIAN_POINT('',(35.5,-3.,2.5));
#6228=CARTESIAN_POINT('',(1.,-3.,2.5));
#6229=CARTESIAN_POINT('',(35.5,-3.,3.5));
#6230=CARTESIAN_POINT('',(35.5,-3.,7.321055427908));
#6231=CARTESIAN_POINT('',(37.5,-3.,3.5));
#6232=CARTESIAN_POINT('Origin',(35.,8.,2.10032532937E-14));
#6233=CARTESIAN_POINT('',(33.,8.,2.5));
#6234=CARTESIAN_POINT('',(33.,8.,1.838012350668E-14));
#6235=CARTESIAN_POINT('',(35.,8.,2.5));
#6236=CARTESIAN_POINT('',(-0.25,8.,2.5));
#6237=CARTESIAN_POINT('',(35.,8.,2.10032532937E-14));
#6238=CARTESIAN_POINT('Origin',(35.,12.000000000008,8.894757787445E-15));
#6239=CARTESIAN_POINT('',(35.,12.000000000008,2.5));
#6240=CARTESIAN_POINT('',(35.,6.350000000004,2.5));
#6241=CARTESIAN_POINT('',(35.,12.000000000008,8.894757787445E-15));
#6242=CARTESIAN_POINT('Origin',(33.,8.,1.838012350668E-14));
#6243=CARTESIAN_POINT('',(33.,12.000000000008,2.5));
#6244=CARTESIAN_POINT('',(33.,12.000000000008,6.271628000424E-15));
#6245=CARTESIAN_POINT('',(33.,4.35,2.5));
#6246=CARTESIAN_POINT('Origin',(33.,12.000000000008,6.271628000424E-15));
#6247=CARTESIAN_POINT('',(-1.25,12.000000000008,2.5));
#6248=CARTESIAN_POINT('Origin',(35.,-12.,8.154573082484E-14));
#6249=CARTESIAN_POINT('',(33.,-12.,2.5));
#6250=CARTESIAN_POINT('',(33.,-12.,7.892260103782E-14));
#6251=CARTESIAN_POINT('',(35.,-12.,2.5));
#6252=CARTESIAN_POINT('',(-0.25,-12.,2.5));
#6253=CARTESIAN_POINT('',(35.,-12.,8.154573082484E-14));
#6254=CARTESIAN_POINT('Origin',(35.,-8.,6.943723531861E-14));
#6255=CARTESIAN_POINT('',(35.,-8.,2.5));
#6256=CARTESIAN_POINT('',(35.,-13.24442202065,2.5));
#6257=CARTESIAN_POINT('',(35.,-8.,6.943723531861E-14));
#6258=CARTESIAN_POINT('Origin',(33.,-12.,7.892260103782E-14));
#6259=CARTESIAN_POINT('',(33.,-8.,2.5));
#6260=CARTESIAN_POINT('',(33.,-8.,6.681410553159E-14));
#6261=CARTESIAN_POINT('',(33.,-15.24442202065,2.5));
#6262=CARTESIAN_POINT('Origin',(33.,-8.,6.681410553159E-14));
#6263=CARTESIAN_POINT('',(-1.25,-8.,2.5));
#6264=CARTESIAN_POINT('Origin',(-6.25055562864E-15,9.6,2.5));
#6265=CARTESIAN_POINT('',(-7.3893845968956E-15,12.1,2.50000000000001));
#6266=CARTESIAN_POINT('',(-7.38938459689559E-15,12.1,2.5));
#6267=CARTESIAN_POINT('Origin',(-6.25055562864E-15,9.6,2.5));
#6268=CARTESIAN_POINT('Origin',(-8.881784197001E-17,-9.6,2.5));
#6269=CARTESIAN_POINT('',(7.72455370129328E-16,-12.1,2.5));
#6270=CARTESIAN_POINT('',(7.7245537012933E-16,-12.1,2.5));
#6271=CARTESIAN_POINT('Origin',(-8.881784197001E-17,-9.6,2.5));
#6272=CARTESIAN_POINT('Origin',(-36.5,-19.50103145979,2.254592339081));
#6273=CARTESIAN_POINT('',(-36.5,-19.90538042528,15.381630643675));
#6274=CARTESIAN_POINT('',(-36.5,-20.5,2.3));
#6275=CARTESIAN_POINT('Origin',(-36.5,-18.90641188507,15.336222982756));
#6276=CARTESIAN_POINT('Origin',(-36.5,15.909506264447,15.2));
#6277=CARTESIAN_POINT('',(-36.5,15.909506264446,19.2));
#6278=CARTESIAN_POINT('Origin',(-36.5,15.909506264447,18.2));
#6279=CARTESIAN_POINT('Origin',(-36.5,15.909506264447,15.2));
#6280=CARTESIAN_POINT('Origin',(-36.5,-15.90950626444,15.2));
#6281=CARTESIAN_POINT('',(-36.5,-15.90950626444,19.2));
#6282=CARTESIAN_POINT('Origin',(-36.5,-15.90950626444,15.2));
#6283=CARTESIAN_POINT('Origin',(-36.5,-15.90950626444,18.2));
#6284=CARTESIAN_POINT('Origin',(-36.5,-15.90950626444,18.2));
#6285=CARTESIAN_POINT('',(-36.5,-15.90950626444,19.2));
#6286=CARTESIAN_POINT('Origin',(-37.5,-0.75,12.));
#6287=CARTESIAN_POINT('',(-35.5,-0.75,12.));
#6288=CARTESIAN_POINT('',(-37.5,-0.75,12.));
#6289=CARTESIAN_POINT('',(-35.5,-0.75,4.));
#6290=CARTESIAN_POINT('',(-35.5,-0.75,10.652336296673));
#6291=CARTESIAN_POINT('',(-37.5,-0.75,4.));
#6292=CARTESIAN_POINT('Origin',(-37.5,0.75,12.));
#6293=CARTESIAN_POINT('',(-35.5,0.75,12.));
#6294=CARTESIAN_POINT('',(-37.5,0.75,12.));
#6295=CARTESIAN_POINT('',(-35.5,0.66724137931,12.));
#6296=CARTESIAN_POINT('',(-35.5,0.375,12.));
#6297=CARTESIAN_POINT('',(-34.5,0.66724137931,12.));
#6298=CARTESIAN_POINT('',(-36.5,0.66724137931,12.));
#6299=CARTESIAN_POINT('',(-34.5,-0.66724137931,12.));
#6300=CARTESIAN_POINT('',(-34.5,0.75,12.));
#6301=CARTESIAN_POINT('',(-35.5,-0.66724137931,12.));
#6302=CARTESIAN_POINT('',(-36.5,-0.66724137931,12.));
#6303=CARTESIAN_POINT('',(-35.5,0.375,12.));
#6304=CARTESIAN_POINT('Origin',(-37.5,-0.75,4.));
#6305=CARTESIAN_POINT('',(-35.5,-0.694827586207,4.));
#6306=CARTESIAN_POINT('',(-35.5,-0.375,4.));
#6307=CARTESIAN_POINT('',(-34.5,-0.694827586207,4.));
#6308=CARTESIAN_POINT('',(-36.5,-0.694827586207,4.));
#6309=CARTESIAN_POINT('',(-34.5,0.694827586207,4.));
#6310=CARTESIAN_POINT('',(-34.5,-0.75,4.));
#6311=CARTESIAN_POINT('',(-35.5,0.694827586207,4.));
#6312=CARTESIAN_POINT('',(-36.5,0.694827586207,4.));
#6313=CARTESIAN_POINT('',(-35.5,0.75,4.));
#6314=CARTESIAN_POINT('',(-35.5,-0.375,4.));
#6315=CARTESIAN_POINT('',(-37.5,0.75,4.));
#6316=CARTESIAN_POINT('Origin',(-37.5,0.75,4.));
#6317=CARTESIAN_POINT('',(-35.5,0.75,6.652336296673));
#6318=CARTESIAN_POINT('Origin',(-37.5,10.,11.));
#6319=CARTESIAN_POINT('',(-36.5,6.1,11.));
#6320=CARTESIAN_POINT('Origin',(-36.5,10.,11.));
#6321=CARTESIAN_POINT('',(-37.5,6.1,11.));
#6322=CARTESIAN_POINT('Origin',(-37.5,-10.,11.));
#6323=CARTESIAN_POINT('',(-36.5,-13.9,11.));
#6324=CARTESIAN_POINT('Origin',(-36.5,-10.,11.));
#6325=CARTESIAN_POINT('',(-37.5,-13.9,11.));
#6326=CARTESIAN_POINT('Origin',(-5.672141158E-14,20.234875342385,8.132742467541));
#6327=CARTESIAN_POINT('',(35.5,19.905380425287,15.381630643675));
#6328=CARTESIAN_POINT('',(36.5,19.905380425287,15.381630643675));
#6329=CARTESIAN_POINT('',(35.5,19.905380425287,15.381630643675));
#6330=CARTESIAN_POINT('',(36.5,19.905380425287,15.381630643675));
#6331=CARTESIAN_POINT('',(-35.5,19.905380425288,15.381630643675));
#6332=CARTESIAN_POINT('',(-35.5,19.905380425288,15.381630643675));
#6333=CARTESIAN_POINT('',(-35.5,20.,13.3));
#6334=CARTESIAN_POINT('',(-35.5,20.5,2.3));
#6335=CARTESIAN_POINT('',(-32.55,20.,13.3));
#6336=CARTESIAN_POINT('',(-35.5,20.,13.3));
#6337=CARTESIAN_POINT('',(-6.906414017011,20.,13.3));
#6338=CARTESIAN_POINT('',(-35.5,20.,13.3));
#6339=CARTESIAN_POINT('',(6.906414017023,20.,13.3));
#6340=CARTESIAN_POINT('',(-35.5,20.,13.3));
#6341=CARTESIAN_POINT('',(32.55,20.,13.3));
#6342=CARTESIAN_POINT('',(-35.5,20.,13.3));
#6343=CARTESIAN_POINT('',(35.5,20.,13.3));
#6344=CARTESIAN_POINT('',(-35.5,20.,13.3));
#6345=CARTESIAN_POINT('',(35.5,20.5,2.3));
#6346=CARTESIAN_POINT('Ctrl Pts',(36.5,20.5,2.3));
#6347=CARTESIAN_POINT('Ctrl Pts',(36.5,20.514935064935,1.971428571428));
#6348=CARTESIAN_POINT('Ctrl Pts',(36.5,20.511088911089,1.668131868133));
#6349=CARTESIAN_POINT('Ctrl Pts',(36.5,20.488461538462,1.390109890108));
#6350=CARTESIAN_POINT('Ctrl Pts',(36.5,20.447052947052,1.137362637363));
#6351=CARTESIAN_POINT('Ctrl Pts',(36.5,20.386863136866,0.909890109894));
#6352=CARTESIAN_POINT('Ctrl Pts',(36.500000000001,20.307892107886,0.707692307683));
#6353=CARTESIAN_POINT('Ctrl Pts',(36.499999999999,20.210139860149,0.530769230783));
#6354=CARTESIAN_POINT('Ctrl Pts',(36.500000000001,20.093606393596,0.379120879107));
#6355=CARTESIAN_POINT('Ctrl Pts',(36.5,19.958291708301,0.252747252758));
#6356=CARTESIAN_POINT('Ctrl Pts',(36.500000000001,19.80419580419,0.151648351642));
#6357=CARTESIAN_POINT('Ctrl Pts',(36.5,19.631318681322,0.07582417582723));
#6358=CARTESIAN_POINT('Ctrl Pts',(36.5,19.439660339659,0.02527472527348));
#6359=CARTESIAN_POINT('Ctrl Pts',(36.5,19.229220779221,1.161406468832E-13));
#6360=CARTESIAN_POINT('Ctrl Pts',(36.5,19.,-1.213301276536E-13));
#6361=CARTESIAN_POINT('Ctrl Pts',(37.5,20.5,2.3));
#6362=CARTESIAN_POINT('Ctrl Pts',(37.5,20.514935064935,1.971428571428));
#6363=CARTESIAN_POINT('Ctrl Pts',(37.5,20.511088911089,1.668131868134));
#6364=CARTESIAN_POINT('Ctrl Pts',(37.5,20.488461538462,1.390109890107));
#6365=CARTESIAN_POINT('Ctrl Pts',(37.5,20.447052947052,1.137362637366));
#6366=CARTESIAN_POINT('Ctrl Pts',(37.500000000001,20.386863136865,0.90989010989));
#6367=CARTESIAN_POINT('Ctrl Pts',(37.499999999999,20.30789210789,0.707692307687));
#6368=CARTESIAN_POINT('Ctrl Pts',(37.500000000001,20.210139860142,0.530769230778));
#6369=CARTESIAN_POINT('Ctrl Pts',(37.499999999999,20.093606393604,0.379120879111));
#6370=CARTESIAN_POINT('Ctrl Pts',(37.500000000001,19.958291708294,0.252747252755));
#6371=CARTESIAN_POINT('Ctrl Pts',(37.5,19.804195804193,0.151648351644));
#6372=CARTESIAN_POINT('Ctrl Pts',(37.5,19.631318681321,0.07582417582618));
#6373=CARTESIAN_POINT('Ctrl Pts',(37.5,19.439660339659,0.02527472527385));
#6374=CARTESIAN_POINT('Ctrl Pts',(37.5,19.229220779221,3.564947759793E-14));
#6375=CARTESIAN_POINT('Ctrl Pts',(37.5,19.,-1.216249323477E-13));
#6376=CARTESIAN_POINT('Ctrl Pts',(37.5,19.50103145979,2.254592339081));
#6377=CARTESIAN_POINT('Ctrl Pts',(37.5,19.513708498889,1.975697478885));
#6378=CARTESIAN_POINT('Ctrl Pts',(37.5,19.509892502427,1.730230895088));
#6379=CARTESIAN_POINT('Ctrl Pts',(37.500000000001,19.491115611858,1.518198640774));
#6380=CARTESIAN_POINT('Ctrl Pts',(37.499999999999,19.457528224161,1.350307534923));
#6381=CARTESIAN_POINT('Ctrl Pts',(37.500000000002,19.421190055997,1.197881416451));
#6382=CARTESIAN_POINT('Ctrl Pts',(37.499999999998,19.354842492155,1.139216336918));
#6383=CARTESIAN_POINT('Ctrl Pts',(37.500000000003,19.348866880074,1.036107782479));
#6384=CARTESIAN_POINT('Ctrl Pts',(37.499999999998,19.245039468257,1.068424064053));
#6385=CARTESIAN_POINT('Ctrl Pts',(37.500000000002,19.31020375307,1.076395551114));
#6386=CARTESIAN_POINT('Ctrl Pts',(37.499999999999,19.289270238002,1.054912640348));
#6387=CARTESIAN_POINT('Ctrl Pts',(37.500000000001,19.2746993597,1.036828618011));
#6388=CARTESIAN_POINT('Ctrl Pts',(37.5,19.21796005713,1.013863394539));
#6389=CARTESIAN_POINT('Ctrl Pts',(37.5,19.126833081932,1.));
#6390=CARTESIAN_POINT('Ctrl Pts',(37.5,19.,1.));
#6391=CARTESIAN_POINT('',(37.5,19.50103145979,2.254592339081));
#6392=CARTESIAN_POINT('Origin',(36.5,19.50103145979,2.254592339081));
#6393=CARTESIAN_POINT('Ctrl Pts',(37.5,19.50103145979,2.254592339081));
#6394=CARTESIAN_POINT('Ctrl Pts',(37.5,19.513708498889,1.975697478885));
#6395=CARTESIAN_POINT('Ctrl Pts',(37.5,19.509892502427,1.730230895088));
#6396=CARTESIAN_POINT('Ctrl Pts',(37.500000000001,19.491115611858,1.518198640774));
#6397=CARTESIAN_POINT('Ctrl Pts',(37.499999999999,19.457528224161,1.350307534923));
#6398=CARTESIAN_POINT('Ctrl Pts',(37.500000000002,19.421190055997,1.197881416451));
#6399=CARTESIAN_POINT('Ctrl Pts',(37.499999999998,19.354842492155,1.139216336918));
#6400=CARTESIAN_POINT('Ctrl Pts',(37.500000000003,19.348866880074,1.036107782479));
#6401=CARTESIAN_POINT('Ctrl Pts',(37.499999999998,19.245039468257,1.068424064053));
#6402=CARTESIAN_POINT('Ctrl Pts',(37.500000000002,19.31020375307,1.076395551114));
#6403=CARTESIAN_POINT('Ctrl Pts',(37.499999999999,19.289270238002,1.054912640348));
#6404=CARTESIAN_POINT('Ctrl Pts',(37.500000000001,19.2746993597,1.036828618011));
#6405=CARTESIAN_POINT('Ctrl Pts',(37.5,19.21796005713,1.013863394539));
#6406=CARTESIAN_POINT('Ctrl Pts',(37.5,19.126833081932,1.));
#6407=CARTESIAN_POINT('Ctrl Pts',(37.5,19.,1.));
#6408=CARTESIAN_POINT('Origin',(37.5,-1.616506824027E-13,9.304672593346));
#6409=CARTESIAN_POINT('',(37.5,-19.50103145979,2.254592339081));
#6410=CARTESIAN_POINT('',(37.5,-18.90641188507,15.336222982756));
#6411=CARTESIAN_POINT('',(37.5,-19.50103145979,2.254592339081));
#6412=CARTESIAN_POINT('Ctrl Pts',(37.5,-19.,1.));
#6413=CARTESIAN_POINT('Ctrl Pts',(37.5,-19.12683308193,1.));
#6414=CARTESIAN_POINT('Ctrl Pts',(37.5,-19.21796005713,1.013863394539));
#6415=CARTESIAN_POINT('Ctrl Pts',(37.5,-19.2746993597,1.03682861801));
#6416=CARTESIAN_POINT('Ctrl Pts',(37.5,-19.289270238,1.05491264035));
#6417=CARTESIAN_POINT('Ctrl Pts',(37.500000000001,-19.31020375306,1.07639555111));
#6418=CARTESIAN_POINT('Ctrl Pts',(37.499999999999,-19.24503946826,1.068424064061));
#6419=CARTESIAN_POINT('Ctrl Pts',(37.500000000002,-19.34886688006,1.03610778247));
#6420=CARTESIAN_POINT('Ctrl Pts',(37.499999999999,-19.35484249216,1.139216336927));
#6421=CARTESIAN_POINT('Ctrl Pts',(37.500000000001,-19.42119005599,1.197881416446));
#6422=CARTESIAN_POINT('Ctrl Pts',(37.5,-19.45752822416,1.350307534926));
#6423=CARTESIAN_POINT('Ctrl Pts',(37.500000000001,-19.49111561185,1.518198640773));
#6424=CARTESIAN_POINT('Ctrl Pts',(37.5,-19.50989250242,1.730230895089));
#6425=CARTESIAN_POINT('Ctrl Pts',(37.5,-19.51370849889,1.975697478886));
#6426=CARTESIAN_POINT('Ctrl Pts',(37.5,-19.50103145979,2.254592339081));
#6427=CARTESIAN_POINT('',(37.5,-1.,3.5));
#6428=CARTESIAN_POINT('',(37.5,3.,3.5));
#6429=CARTESIAN_POINT('',(37.5,18.906411885077,15.336222982756));
#6430=CARTESIAN_POINT('',(37.5,18.906411885077,15.336222982756));
#6431=CARTESIAN_POINT('',(37.5,15.909506264446,18.2));
#6432=CARTESIAN_POINT('Origin',(37.5,15.909506264446,15.2));
#6433=CARTESIAN_POINT('',(37.5,-15.90950626444,18.2));
#6434=CARTESIAN_POINT('',(37.5,-15.90950626444,18.2));
#6435=CARTESIAN_POINT('Origin',(37.5,-15.90950626444,15.2));
#6436=CARTESIAN_POINT('',(37.5,-0.75,12.));
#6437=CARTESIAN_POINT('',(37.5,-0.75,4.));
#6438=CARTESIAN_POINT('',(37.5,-0.75,12.));
#6439=CARTESIAN_POINT('',(37.5,0.75,12.));
#6440=CARTESIAN_POINT('',(37.5,0.75,12.));
#6441=CARTESIAN_POINT('',(37.5,0.75,4.));
#6442=CARTESIAN_POINT('',(37.5,0.75,4.));
#6443=CARTESIAN_POINT('',(37.5,-0.75,4.));
#6444=CARTESIAN_POINT('',(37.5,6.1,11.));
#6445=CARTESIAN_POINT('Origin',(37.5,10.,11.));
#6446=CARTESIAN_POINT('',(37.5,-13.9,11.));
#6447=CARTESIAN_POINT('Origin',(37.5,-10.,11.));
#6448=CARTESIAN_POINT('Origin',(37.5,3.,3.5));
#6449=CARTESIAN_POINT('',(35.5,1.5,3.5));
#6450=CARTESIAN_POINT('Origin',(35.5,-8.296889938744E-14,11.142110855815));
#6451=CARTESIAN_POINT('',(35.5,18.164412525358,16.25));
#6452=CARTESIAN_POINT('Ctrl Pts',(35.5,20.,13.3));
#6453=CARTESIAN_POINT('Ctrl Pts',(35.5,19.9155449625872,15.1580108230779));
#6454=CARTESIAN_POINT('Ctrl Pts',(35.5,18.1644125253572,16.2500000000002));
#6455=CARTESIAN_POINT('',(35.5,17.209828179273,16.25));
#6456=CARTESIAN_POINT('',(35.5,22.,16.25));
#6457=CARTESIAN_POINT('',(35.5,18.3,13.3));
#6458=CARTESIAN_POINT('Ctrl Pts',(35.5,18.3,13.3));
#6459=CARTESIAN_POINT('Ctrl Pts',(35.5,18.2715924970999,14.9246264864146));
#6460=CARTESIAN_POINT('Ctrl Pts',(35.5,17.2098281792734,16.2499999999993));
#6461=CARTESIAN_POINT('',(35.5,18.488844041314,2.5));
#6462=CARTESIAN_POINT('',(35.5,18.488844041314,2.5));
#6463=CARTESIAN_POINT('',(35.5,0.7,2.5));
#6464=CARTESIAN_POINT('',(35.5,0.7,2.5));
#6465=CARTESIAN_POINT('',(35.5,0.7,2.5));
#6466=CARTESIAN_POINT('',(35.5,0.694827586207,4.));
#6467=CARTESIAN_POINT('',(35.5,0.65,17.));
#6468=CARTESIAN_POINT('',(35.5,0.75,4.));
#6469=CARTESIAN_POINT('',(35.5,-0.375,4.));
#6470=CARTESIAN_POINT('',(35.5,0.75,12.));
#6471=CARTESIAN_POINT('',(35.5,0.75,6.652336296673));
#6472=CARTESIAN_POINT('',(35.5,0.66724137931,12.));
#6473=CARTESIAN_POINT('',(35.5,0.375,12.));
#6474=CARTESIAN_POINT('',(35.5,0.65,17.));
#6475=CARTESIAN_POINT('',(35.5,0.65,17.));
#6476=CARTESIAN_POINT('',(35.5,-0.65,17.));
#6477=CARTESIAN_POINT('',(35.5,-0.65,17.));
#6478=CARTESIAN_POINT('',(35.5,-0.66724137931,12.));
#6479=CARTESIAN_POINT('',(35.5,-0.7,2.5));
#6480=CARTESIAN_POINT('',(35.5,-0.75,12.));
#6481=CARTESIAN_POINT('',(35.5,0.375,12.));
#6482=CARTESIAN_POINT('',(35.5,-0.75,4.));
#6483=CARTESIAN_POINT('',(35.5,-0.75,10.652336296673));
#6484=CARTESIAN_POINT('',(35.5,-0.694827586207,4.));
#6485=CARTESIAN_POINT('',(35.5,-0.375,4.));
#6486=CARTESIAN_POINT('',(35.5,-0.7,2.5));
#6487=CARTESIAN_POINT('',(35.5,-0.7,2.5));
#6488=CARTESIAN_POINT('',(35.5,-18.48884404131,2.5));
#6489=CARTESIAN_POINT('',(35.5,-0.5,3.5));
#6490=CARTESIAN_POINT('',(35.5,-18.48884404131,2.5));
#6491=CARTESIAN_POINT('',(35.5,-18.48884404131,2.5));
#6492=CARTESIAN_POINT('',(35.5,-18.3,13.3));
#6493=CARTESIAN_POINT('',(35.5,-18.48884404131,2.5));
#6494=CARTESIAN_POINT('',(35.5,-17.20982817927,16.25));
#6495=CARTESIAN_POINT('Ctrl Pts',(35.5,-18.3,13.3));
#6496=CARTESIAN_POINT('Ctrl Pts',(35.5,-18.2715924970999,14.9246264864155));
#6497=CARTESIAN_POINT('Ctrl Pts',(35.5,-17.2098281792723,16.2500000000008));
#6498=CARTESIAN_POINT('',(35.5,-18.16441252535,16.25));
#6499=CARTESIAN_POINT('',(35.5,-22.,16.25));
#6500=CARTESIAN_POINT('',(35.5,-20.,13.3));
#6501=CARTESIAN_POINT('Ctrl Pts',(35.5,-20.,13.3));
#6502=CARTESIAN_POINT('Ctrl Pts',(35.5,-19.9155449625814,15.1580108230797));
#6503=CARTESIAN_POINT('Ctrl Pts',(35.5,-18.1644125253506,16.2500000000024));
#6504=CARTESIAN_POINT('',(35.5,-19.90538042528,15.381630643675));
#6505=CARTESIAN_POINT('',(35.5,-20.5,2.3));
#6506=CARTESIAN_POINT('',(35.5,-15.90950626444,19.2));
#6507=CARTESIAN_POINT('Origin',(35.5,-15.90950626444,15.2));
#6508=CARTESIAN_POINT('',(35.5,15.909506264446,19.2));
#6509=CARTESIAN_POINT('',(35.5,-15.90950626444,19.2));
#6510=CARTESIAN_POINT('Origin',(35.5,15.909506264446,15.2));
#6511=CARTESIAN_POINT('',(35.5,8.80000000000001,11.));
#6512=CARTESIAN_POINT('Origin',(35.5,10.,11.));
#6513=CARTESIAN_POINT('',(35.5,-11.2,11.));
#6514=CARTESIAN_POINT('Origin',(35.5,-10.,11.));
#6515=CARTESIAN_POINT('Origin',(-35.5,0.7,2.5));
#6516=CARTESIAN_POINT('',(-35.5,0.7,2.5));
#6517=CARTESIAN_POINT('',(-35.5,18.488844041314,2.5));
#6518=CARTESIAN_POINT('',(-35.5,0.7,2.5));
#6519=CARTESIAN_POINT('',(-35.5,0.7,2.5));
#6520=CARTESIAN_POINT('',(-35.5,18.488844041314,2.5));
#6521=CARTESIAN_POINT('',(17.5,9.6,2.5));
#6522=CARTESIAN_POINT('Origin',(20.,9.6,2.5));
#6523=CARTESIAN_POINT('',(-15.,6.1,2.5));
#6524=CARTESIAN_POINT('',(-15.,13.1,2.5));
#6525=CARTESIAN_POINT('',(-15.,6.1,2.5));
#6526=CARTESIAN_POINT('',(13.5,13.1,2.5));
#6527=CARTESIAN_POINT('',(-15.,13.1,2.5));
#6528=CARTESIAN_POINT('',(13.5,11.1,2.5));
#6529=CARTESIAN_POINT('',(13.5,13.1,2.5));
#6530=CARTESIAN_POINT('',(15.,11.1,2.5));
#6531=CARTESIAN_POINT('',(13.5,11.1,2.5));
#6532=CARTESIAN_POINT('',(15.,8.1,2.5));
#6533=CARTESIAN_POINT('',(15.,11.1,2.5));
#6534=CARTESIAN_POINT('',(13.5,8.1,2.5));
#6535=CARTESIAN_POINT('',(15.,8.1,2.5));
#6536=CARTESIAN_POINT('',(13.5,6.1,2.5));
#6537=CARTESIAN_POINT('',(13.5,8.1,2.5));
#6538=CARTESIAN_POINT('',(13.5,6.1,2.5));
#6539=CARTESIAN_POINT('',(-22.5,9.6,2.5));
#6540=CARTESIAN_POINT('Origin',(-20.,9.6,2.5));
#6541=CARTESIAN_POINT('Origin',(-7.478493143869E-15,-20.23487534238,8.132742467541));
#6542=CARTESIAN_POINT('',(36.5,-19.90538042528,15.381630643675));
#6543=CARTESIAN_POINT('',(36.5,-20.5,2.3));
#6544=CARTESIAN_POINT('',(35.5,-19.90538042528,15.381630643675));
#6545=CARTESIAN_POINT('',(32.55,-20.,13.3));
#6546=CARTESIAN_POINT('',(-35.5,-20.,13.3));
#6547=CARTESIAN_POINT('',(6.906414017023,-20.,13.3));
#6548=CARTESIAN_POINT('',(-35.5,-20.,13.3));
#6549=CARTESIAN_POINT('',(-6.906414017011,-20.,13.3));
#6550=CARTESIAN_POINT('',(-35.5,-20.,13.3));
#6551=CARTESIAN_POINT('',(-32.5500003763359,-20.,13.3));
#6552=CARTESIAN_POINT('',(-35.5,-20.,13.3));
#6553=CARTESIAN_POINT('',(-35.5,-20.,13.3));
#6554=CARTESIAN_POINT('',(-35.5,-20.,13.3));
#6555=CARTESIAN_POINT('',(-35.5,-19.90538042528,15.381630643675));
#6556=CARTESIAN_POINT('',(-35.5,-20.5,2.3));
#6557=CARTESIAN_POINT('',(-35.5,-19.90538042528,15.381630643675));
#6558=CARTESIAN_POINT('Origin',(37.5,-1.,3.5));
#6559=CARTESIAN_POINT('Origin',(-35.5,-18.48884404131,2.5));
#6560=CARTESIAN_POINT('',(-35.5,-18.48884404131,2.5));
#6561=CARTESIAN_POINT('',(-35.5,-0.7,2.5));
#6562=CARTESIAN_POINT('',(-35.5,-18.48884404131,2.5));
#6563=CARTESIAN_POINT('',(-35.5,-18.48884404131,2.5));
#6564=CARTESIAN_POINT('',(-35.5,-0.7,2.5));
#6565=CARTESIAN_POINT('',(22.5,-9.6,2.5));
#6566=CARTESIAN_POINT('Origin',(20.,-9.6,2.5));
#6567=CARTESIAN_POINT('',(15.,-6.1,2.5));
#6568=CARTESIAN_POINT('',(15.,-13.1,2.5));
#6569=CARTESIAN_POINT('',(15.,-6.1,2.5));
#6570=CARTESIAN_POINT('',(-13.5,-13.1,2.5));
#6571=CARTESIAN_POINT('',(15.,-13.1,2.5));
#6572=CARTESIAN_POINT('',(-13.5,-11.1,2.5));
#6573=CARTESIAN_POINT('',(-13.5,-13.1,2.5));
#6574=CARTESIAN_POINT('',(-15.,-11.1,2.5));
#6575=CARTESIAN_POINT('',(-13.5,-11.1,2.5));
#6576=CARTESIAN_POINT('',(-15.,-8.1,2.5));
#6577=CARTESIAN_POINT('',(-15.,-11.1,2.5));
#6578=CARTESIAN_POINT('',(-13.5,-8.1,2.5));
#6579=CARTESIAN_POINT('',(-15.,-8.1,2.5));
#6580=CARTESIAN_POINT('',(-13.5,-6.1,2.5));
#6581=CARTESIAN_POINT('',(-13.5,-8.1,2.5));
#6582=CARTESIAN_POINT('',(-13.5,-6.1,2.5));
#6583=CARTESIAN_POINT('',(-17.5,-9.6,2.5));
#6584=CARTESIAN_POINT('Origin',(-20.,-9.6,2.5));
#6585=CARTESIAN_POINT('Ctrl Pts',(36.5,-19.,7.258031457012E-14));
#6586=CARTESIAN_POINT('Ctrl Pts',(36.5,-19.22922077922,1.390996264781E-13));
#6587=CARTESIAN_POINT('Ctrl Pts',(36.5,-19.43966033965,0.02527472527456));
#6588=CARTESIAN_POINT('Ctrl Pts',(36.500000000001,-19.63131868132,0.07582417582453));
#6589=CARTESIAN_POINT('Ctrl Pts',(36.499999999999,-19.80419580419,0.151648351649));
#6590=CARTESIAN_POINT('Ctrl Pts',(36.500000000002,-19.95829170829,0.252747252744));
#6591=CARTESIAN_POINT('Ctrl Pts',(36.499999999998,-20.0936063936,0.379120879129));
#6592=CARTESIAN_POINT('Ctrl Pts',(36.500000000003,-20.21013986014,0.530769230757));
#6593=CARTESIAN_POINT('Ctrl Pts',(36.499999999998,-20.30789210789,0.707692307708));
#6594=CARTESIAN_POINT('Ctrl Pts',(36.500000000002,-20.38686313686,0.909890109875));
#6595=CARTESIAN_POINT('Ctrl Pts',(36.499999999999,-20.44705294705,1.137362637374));
#6596=CARTESIAN_POINT('Ctrl Pts',(36.500000000001,-20.48846153846,1.390109890103));
#6597=CARTESIAN_POINT('Ctrl Pts',(36.5,-20.51108891109,1.668131868135));
#6598=CARTESIAN_POINT('Ctrl Pts',(36.5,-20.51493506493,1.971428571428));
#6599=CARTESIAN_POINT('Ctrl Pts',(36.5,-20.5,2.3));
#6600=CARTESIAN_POINT('Ctrl Pts',(37.5,-19.,7.222000775187E-14));
#6601=CARTESIAN_POINT('Ctrl Pts',(37.5,-19.22922077922,3.794629113094E-13));
#6602=CARTESIAN_POINT('Ctrl Pts',(37.500000000001,-19.43966033965,0.02527472527342));
#6603=CARTESIAN_POINT('Ctrl Pts',(37.499999999999,-19.63131868132,0.07582417582778));
#6604=CARTESIAN_POINT('Ctrl Pts',(37.500000000003,-19.80419580418,0.151648351642));
#6605=CARTESIAN_POINT('Ctrl Pts',(37.499999999996,-19.9582917083,0.252747252755));
#6606=CARTESIAN_POINT('Ctrl Pts',(37.500000000006,-20.09360639359,0.379120879115));
#6607=CARTESIAN_POINT('Ctrl Pts',(37.499999999994,-20.21013986015,0.530769230771));
#6608=CARTESIAN_POINT('Ctrl Pts',(37.500000000006,-20.30789210788,0.707692307696));
#6609=CARTESIAN_POINT('Ctrl Pts',(37.499999999996,-20.38686313686,0.909890109884));
#6610=CARTESIAN_POINT('Ctrl Pts',(37.500000000003,-20.44705294705,1.137362637369));
#6611=CARTESIAN_POINT('Ctrl Pts',(37.499999999999,-20.48846153846,1.390109890106));
#6612=CARTESIAN_POINT('Ctrl Pts',(37.500000000001,-20.51108891108,1.668131868134));
#6613=CARTESIAN_POINT('Ctrl Pts',(37.5,-20.51493506493,1.971428571428));
#6614=CARTESIAN_POINT('Ctrl Pts',(37.5,-20.5,2.3));
#6615=CARTESIAN_POINT('Ctrl Pts',(37.5,-19.,1.));
#6616=CARTESIAN_POINT('Ctrl Pts',(37.5,-19.12683308193,1.));
#6617=CARTESIAN_POINT('Ctrl Pts',(37.5,-19.21796005713,1.013863394539));
#6618=CARTESIAN_POINT('Ctrl Pts',(37.5,-19.2746993597,1.03682861801));
#6619=CARTESIAN_POINT('Ctrl Pts',(37.5,-19.289270238,1.05491264035));
#6620=CARTESIAN_POINT('Ctrl Pts',(37.500000000001,-19.31020375306,1.07639555111));
#6621=CARTESIAN_POINT('Ctrl Pts',(37.499999999999,-19.24503946826,1.068424064061));
#6622=CARTESIAN_POINT('Ctrl Pts',(37.500000000002,-19.34886688006,1.03610778247));
#6623=CARTESIAN_POINT('Ctrl Pts',(37.499999999999,-19.35484249216,1.139216336927));
#6624=CARTESIAN_POINT('Ctrl Pts',(37.500000000001,-19.42119005599,1.197881416446));
#6625=CARTESIAN_POINT('Ctrl Pts',(37.5,-19.45752822416,1.350307534926));
#6626=CARTESIAN_POINT('Ctrl Pts',(37.500000000001,-19.49111561185,1.518198640773));
#6627=CARTESIAN_POINT('Ctrl Pts',(37.5,-19.50989250242,1.730230895089));
#6628=CARTESIAN_POINT('Ctrl Pts',(37.5,-19.51370849889,1.975697478886));
#6629=CARTESIAN_POINT('Ctrl Pts',(37.5,-19.50103145979,2.254592339081));
#6630=CARTESIAN_POINT('Origin',(36.5,-19.50103145979,2.254592339081));
#6631=CARTESIAN_POINT('Origin',(-35.5,0.7,2.5));
#6632=CARTESIAN_POINT('',(-14.4,12.5,2.5));
#6633=CARTESIAN_POINT('',(12.9,12.5,2.5));
#6634=CARTESIAN_POINT('',(-14.4,12.5,2.5));
#6635=CARTESIAN_POINT('',(-14.4,6.7,2.5));
#6636=CARTESIAN_POINT('',(-14.4,6.7,2.5));
#6637=CARTESIAN_POINT('',(12.9,6.7,2.5));
#6638=CARTESIAN_POINT('',(12.9,6.7,2.5));
#6639=CARTESIAN_POINT('',(12.9,8.7,2.5));
#6640=CARTESIAN_POINT('',(12.9,8.7,2.5));
#6641=CARTESIAN_POINT('',(14.4,8.7,2.5));
#6642=CARTESIAN_POINT('',(14.4,8.7,2.5));
#6643=CARTESIAN_POINT('',(14.4,10.5,2.5));
#6644=CARTESIAN_POINT('',(14.4,10.5,2.5));
#6645=CARTESIAN_POINT('',(12.9,10.5,2.5));
#6646=CARTESIAN_POINT('',(12.9,10.5,2.5));
#6647=CARTESIAN_POINT('',(12.9,12.5,2.5));
#6648=CARTESIAN_POINT('Origin',(-35.5,-18.48884404131,2.5));
#6649=CARTESIAN_POINT('',(14.4,-12.5,2.5));
#6650=CARTESIAN_POINT('',(-12.9,-12.5,2.5));
#6651=CARTESIAN_POINT('',(14.4,-12.5,2.5));
#6652=CARTESIAN_POINT('',(14.4,-6.7,2.5));
#6653=CARTESIAN_POINT('',(14.4,-6.7,2.5));
#6654=CARTESIAN_POINT('',(-12.9,-6.7,2.5));
#6655=CARTESIAN_POINT('',(-12.9,-6.7,2.5));
#6656=CARTESIAN_POINT('',(-12.9,-8.7,2.5));
#6657=CARTESIAN_POINT('',(-12.9,-8.7,2.5));
#6658=CARTESIAN_POINT('',(-14.4,-8.7,2.5));
#6659=CARTESIAN_POINT('',(-14.4,-8.7,2.5));
#6660=CARTESIAN_POINT('',(-14.4,-10.5,2.5));
#6661=CARTESIAN_POINT('',(-14.4,-10.5,2.5));
#6662=CARTESIAN_POINT('',(-12.9,-10.5,2.5));
#6663=CARTESIAN_POINT('',(-12.9,-10.5,2.5));
#6664=CARTESIAN_POINT('',(-12.9,-12.5,2.5));
#6665=CARTESIAN_POINT('Origin',(-35.5,15.909506264447,15.2));
#6666=CARTESIAN_POINT('',(-35.5,15.909506264446,19.2));
#6667=CARTESIAN_POINT('Origin',(-35.5,15.909506264447,15.2));
#6668=CARTESIAN_POINT('',(-35.5,15.909506264447,19.2));
#6669=CARTESIAN_POINT('Origin',(-35.5,-15.90950626444,15.2));
#6670=CARTESIAN_POINT('',(-35.5,-15.90950626444,19.2));
#6671=CARTESIAN_POINT('Origin',(-35.5,-15.90950626444,15.2));
#6672=CARTESIAN_POINT('',(-35.5,-15.90950626444,19.2));
#6673=CARTESIAN_POINT('Origin',(-35.5,-15.90950626444,19.2));
#6674=CARTESIAN_POINT('',(-35.5,-15.90950626444,19.2));
#6675=CARTESIAN_POINT('Origin',(-35.5,1.369316636316E-13,11.142110855815));
#6676=CARTESIAN_POINT('',(-35.5,-18.16441252535,16.25));
#6677=CARTESIAN_POINT('Ctrl Pts',(-35.5,-20.,13.3));
#6678=CARTESIAN_POINT('Ctrl Pts',(-35.5,-19.9155449625814,15.1580108230797));
#6679=CARTESIAN_POINT('Ctrl Pts',(-35.5,-18.1644125253506,16.2500000000024));
#6680=CARTESIAN_POINT('',(-35.5,-17.20982817927,16.25));
#6681=CARTESIAN_POINT('',(-35.5,-22.,16.25));
#6682=CARTESIAN_POINT('',(-35.5,-18.3,13.3));
#6683=CARTESIAN_POINT('Ctrl Pts',(-35.5,-18.3,13.3));
#6684=CARTESIAN_POINT('Ctrl Pts',(-35.5,-18.2715924970999,14.9246264864155));
#6685=CARTESIAN_POINT('Ctrl Pts',(-35.5,-17.2098281792723,16.2500000000008));
#6686=CARTESIAN_POINT('',(-35.5,-18.48884404131,2.5));
#6687=CARTESIAN_POINT('',(-35.5,-0.7,2.5));
#6688=CARTESIAN_POINT('',(-35.5,-0.65,17.));
#6689=CARTESIAN_POINT('',(-35.5,-0.7,2.5));
#6690=CARTESIAN_POINT('',(-35.5,0.65,17.));
#6691=CARTESIAN_POINT('',(-35.5,-0.65,17.));
#6692=CARTESIAN_POINT('',(-35.5,0.65,17.));
#6693=CARTESIAN_POINT('',(-35.5,0.65,17.));
#6694=CARTESIAN_POINT('',(-35.5,18.3,13.3));
#6695=CARTESIAN_POINT('',(-35.5,18.488844041314,2.5));
#6696=CARTESIAN_POINT('',(-35.5,17.209828179273,16.25));
#6697=CARTESIAN_POINT('Ctrl Pts',(-35.5,18.3,13.3));
#6698=CARTESIAN_POINT('Ctrl Pts',(-35.5,18.2715924970999,14.9246264864146));
#6699=CARTESIAN_POINT('Ctrl Pts',(-35.5,17.2098281792734,16.2499999999993));
#6700=CARTESIAN_POINT('',(-35.5,18.164412525358,16.25));
#6701=CARTESIAN_POINT('',(-35.5,22.,16.25));
#6702=CARTESIAN_POINT('Ctrl Pts',(-35.5,20.,13.3));
#6703=CARTESIAN_POINT('Ctrl Pts',(-35.5,19.9155449625872,15.1580108230779));
#6704=CARTESIAN_POINT('Ctrl Pts',(-35.5,18.1644125253572,16.2500000000002));
#6705=CARTESIAN_POINT('',(-35.5,8.79999999999999,11.));
#6706=CARTESIAN_POINT('Origin',(-35.5,10.,11.));
#6707=CARTESIAN_POINT('',(-35.5,-11.2,11.));
#6708=CARTESIAN_POINT('Origin',(-35.5,-10.,11.));
#6709=CARTESIAN_POINT('Origin',(-35.5,-0.7,2.5));
#6710=CARTESIAN_POINT('',(34.5,-0.694827586207,4.));
#6711=CARTESIAN_POINT('',(1.,-0.694827586207,4.));
#6712=CARTESIAN_POINT('',(34.5,-0.66724137931,12.));
#6713=CARTESIAN_POINT('',(34.5,-0.688463569831,5.845564749168));
#6714=CARTESIAN_POINT('',(1.,-0.66724137931,12.));
#6715=CARTESIAN_POINT('',(30.968374945986,-0.65,17.));
#6716=CARTESIAN_POINT('',(-35.5,-0.65,17.));
#6717=CARTESIAN_POINT('',(30.200153666389,-0.651240743449,16.640184399664));
#6718=CARTESIAN_POINT('Origin',(30.968374945987,-0.653448275862,15.999999999999));
#6719=CARTESIAN_POINT('',(29.499231668065,-0.654141110339,15.799078001678));
#6720=CARTESIAN_POINT('',(12.907964270315,-0.722794630605,-4.110442875548));
#6721=CARTESIAN_POINT('',(25.658125270078,-0.660344827586,14.));
#6722=CARTESIAN_POINT('Origin',(25.658125270078,-0.643103448276,19.));
#6723=CARTESIAN_POINT('',(-25.65812527007,-0.660344827586,14.));
#6724=CARTESIAN_POINT('',(-30.57906263503,-0.660344827586,14.));
#6725=CARTESIAN_POINT('',(-29.49923166806,-0.654141110339,15.799078001678));
#6726=CARTESIAN_POINT('Origin',(-25.65812527007,-0.643103448276,19.));
#6727=CARTESIAN_POINT('',(-30.20015366636,-0.651240743449,16.640184399664));
#6728=CARTESIAN_POINT('',(-27.80750104125,-0.661141375002,13.769001249455));
#6729=CARTESIAN_POINT('',(-30.96837494596,-0.65,17.));
#6730=CARTESIAN_POINT('Origin',(-30.96837494596,-0.653448275862,16.));
#6731=CARTESIAN_POINT('',(-35.5,-0.65,17.));
#6732=CARTESIAN_POINT('',(-34.5,-0.68846356983,5.845564749168));
#6733=CARTESIAN_POINT('Origin',(-34.5,1.10774455488E-13,9.188795266821));
#6734=CARTESIAN_POINT('',(-34.5,0.663463569831,13.095564749168));
#6735=CARTESIAN_POINT('Origin',(-35.5,0.65,17.));
#6736=CARTESIAN_POINT('',(-30.96837494596,0.65,17.));
#6737=CARTESIAN_POINT('',(-35.5,0.65,17.));
#6738=CARTESIAN_POINT('',(-30.20015366636,0.65124074345,16.640184399664));
#6739=CARTESIAN_POINT('Origin',(-30.96837494596,0.653448275862,16.));
#6740=CARTESIAN_POINT('',(-29.49923166806,0.654141110339,15.799078001678));
#6741=CARTESIAN_POINT('',(-31.37733184104,0.646369661347,18.052798209319));
#6742=CARTESIAN_POINT('',(-25.65812527007,0.660344827586,14.));
#6743=CARTESIAN_POINT('Origin',(-25.65812527007,0.643103448276,19.));
#6744=CARTESIAN_POINT('',(25.658125270078,0.660344827586,14.));
#6745=CARTESIAN_POINT('',(-30.57906263503,0.660344827586,14.));
#6746=CARTESIAN_POINT('',(29.499231668065,0.654141110339,15.799078001678));
#6747=CARTESIAN_POINT('Origin',(25.658125270078,0.643103448276,19.));
#6748=CARTESIAN_POINT('',(30.200153666389,0.651240743449,16.640184399664));
#6749=CARTESIAN_POINT('',(16.477795070125,0.708022916951,0.173354084208));
#6750=CARTESIAN_POINT('',(30.968374945986,0.65,17.));
#6751=CARTESIAN_POINT('Origin',(30.968374945987,0.653448275862,15.999999999999));
#6752=CARTESIAN_POINT('',(-35.5,0.65,17.));
#6753=CARTESIAN_POINT('',(34.5,0.66724137931,12.));
#6754=CARTESIAN_POINT('',(1.,0.66724137931,12.));
#6755=CARTESIAN_POINT('',(34.5,0.694827586207,4.));
#6756=CARTESIAN_POINT('',(34.5,0.66346356983,13.095564749168));
#6757=CARTESIAN_POINT('',(1.,0.694827586207,4.));
#6758=CARTESIAN_POINT('Origin',(-36.5,1.141442766571E-13,11.));
#6759=CARTESIAN_POINT('',(-36.5,8.8,11.));
#6760=CARTESIAN_POINT('Origin',(-36.5,10.,11.));
#6761=CARTESIAN_POINT('Origin',(-36.5,1.141442766571E-13,11.));
#6762=CARTESIAN_POINT('',(-36.5,-11.2,11.));
#6763=CARTESIAN_POINT('Origin',(-36.5,-10.,11.));
#6764=CARTESIAN_POINT('Origin',(35.5,15.909506264446,15.2));
#6765=CARTESIAN_POINT('',(36.5,15.909506264446,19.2));
#6766=CARTESIAN_POINT('',(35.5,15.909506264446,19.2));
#6767=CARTESIAN_POINT('Origin',(36.5,15.909506264446,15.2));
#6768=CARTESIAN_POINT('Origin',(36.5,18.906411885077,15.336222982756));
#6769=CARTESIAN_POINT('Origin',(36.5,18.906411885077,15.336222982756));
#6770=CARTESIAN_POINT('Origin',(6.906414017023,22.,13.3));
#6771=CARTESIAN_POINT('',(-6.906414017011,18.3,13.3));
#6772=CARTESIAN_POINT('',(-6.906414017011,22.,13.3));
#6773=CARTESIAN_POINT('',(6.906414017023,18.3,13.3));
#6774=CARTESIAN_POINT('',(-35.5,18.3,13.3));
#6775=CARTESIAN_POINT('',(6.906414017023,22.,13.3));
#6776=CARTESIAN_POINT('Ctrl Pts',(-32.5205,20.,13.3));
#6777=CARTESIAN_POINT('Ctrl Pts',(-35.5295,20.,13.3));
#6778=CARTESIAN_POINT('Ctrl Pts',(-32.5205,19.881818181818,15.9));
#6779=CARTESIAN_POINT('Ctrl Pts',(-35.5295,19.881818181818,15.9));
#6780=CARTESIAN_POINT('Ctrl Pts',(-32.5205,16.5,17.));
#6781=CARTESIAN_POINT('Ctrl Pts',(-35.5295,16.5,17.));
#6782=CARTESIAN_POINT('Ctrl Pts',(-35.5,18.164412525358,16.2499999999994));
#6783=CARTESIAN_POINT('Ctrl Pts',(-35.5,18.1791754009233,16.2407940164351));
#6784=CARTESIAN_POINT('Ctrl Pts',(-35.499956915662,18.1939097364129,16.2315095975762));
#6785=CARTESIAN_POINT('Ctrl Pts',(-35.4998684905696,18.208614141741,16.2221452276136));
#6786=CARTESIAN_POINT('Ctrl Pts',(-35.4994657546997,18.275585985471,16.1794948036239));
#6787=CARTESIAN_POINT('Ctrl Pts',(-35.4981266323921,18.3420124479828,16.1351886478796));
#6788=CARTESIAN_POINT('Ctrl Pts',(-35.4956077438282,18.4076459840298,16.0890807050117));
#6789=CARTESIAN_POINT('Ctrl Pts',(-35.4932539349895,18.4689781126022,16.0459945260475));
#6790=CARTESIAN_POINT('Ctrl Pts',(-35.4898696929417,18.5296178406592,16.0013347419244));
#6791=CARTESIAN_POINT('Ctrl Pts',(-35.4852133384761,18.5893631728865,15.9550039701423));
#6792=CARTESIAN_POINT('Ctrl Pts',(-35.4806733431977,18.6476155091784,15.9098309733926));
#6793=CARTESIAN_POINT('Ctrl Pts',(-35.4749240361143,18.7050175918287,15.8630690529624));
#6794=CARTESIAN_POINT('Ctrl Pts',(-35.4677001396701,18.7613821934409,15.8146542810951));
#6795=CARTESIAN_POINT('Ctrl Pts',(-35.4607270686949,18.8157897241373,15.7679205490862));
#6796=CARTESIAN_POINT('Ctrl Pts',(-35.4523799223509,18.8692305690852,15.7196463935382));
#6797=CARTESIAN_POINT('Ctrl Pts',(-35.4423819466247,18.9215363340882,15.6698046235626));
#6798=CARTESIAN_POINT('Ctrl Pts',(-35.4392563021325,18.9378885668571,15.6542227039749));
#6799=CARTESIAN_POINT('Ctrl Pts',(-35.4359690300958,18.9541298613391,15.6384878228918));
#6800=CARTESIAN_POINT('Ctrl Pts',(-35.4325108999336,18.9702550722471,15.6225998790535));
#6801=CARTESIAN_POINT('Ctrl Pts',(-35.4208370542108,19.0246900459358,15.5689658639859));
#6802=CARTESIAN_POINT('Ctrl Pts',(-35.4072180642169,19.0777251622271,15.5135883984144));
#6803=CARTESIAN_POINT('Ctrl Pts',(-35.3913139967469,19.1290006223983,15.4566307468208));
#6804=CARTESIAN_POINT('Ctrl Pts',(-35.3805839843109,19.1635946862336,15.4182030734549));
#6805=CARTESIAN_POINT('Ctrl Pts',(-35.3688134746881,19.1973877882098,15.3790570504217));
#6806=CARTESIAN_POINT('Ctrl Pts',(-35.3558947181365,19.2302694350978,15.3392558917381));
#6807=CARTESIAN_POINT('Ctrl Pts',(-35.3380893614787,19.2755887696636,15.2843996969546));
#6808=CARTESIAN_POINT('Ctrl Pts',(-35.3181043262751,19.3191684354695,15.228311766079));
#6809=CARTESIAN_POINT('Ctrl Pts',(-35.2957175700448,19.3607062168383,15.1713271925429));
#6810=CARTESIAN_POINT('Ctrl Pts',(-35.275875091541,19.3975231868997,15.1208189740317));
#6811=CARTESIAN_POINT('Ctrl Pts',(-35.254134297313,19.4327113831625,15.0695841131582));
#6812=CARTESIAN_POINT('Ctrl Pts',(-35.2304213088495,19.46613158949,15.017992854296));
#6813=CARTESIAN_POINT('Ctrl Pts',(-35.2072077182324,19.4988479630174,14.9674881123699));
#6814=CARTESIAN_POINT('Ctrl Pts',(-35.1821040312937,19.5298700305374,14.9166423227911));
#6815=CARTESIAN_POINT('Ctrl Pts',(-35.1550909879195,19.5590671876909,14.8658031409295));
#6816=CARTESIAN_POINT('Ctrl Pts',(-35.1445382761557,19.5704731288689,14.845942689626));
#6817=CARTESIAN_POINT('Ctrl Pts',(-35.1336947332423,19.5816005716763,14.8260832101885));
#6818=CARTESIAN_POINT('Ctrl Pts',(-35.1225613760845,19.5924417298453,14.8062451848467));
#6819=CARTESIAN_POINT('Ctrl Pts',(-35.0955861206723,19.6187090099144,14.7581791978417));
#6820=CARTESIAN_POINT('Ctrl Pts',(-35.0669251776085,19.6432592427738,14.7102744606891));
#6821=CARTESIAN_POINT('Ctrl Pts',(-35.0366470184524,19.6661686007706,14.6628369316224));
#6822=CARTESIAN_POINT('Ctrl Pts',(-35.0065329466304,19.688953805398,14.6156564821767));
#6823=CARTESIAN_POINT('Ctrl Pts',(-34.9748192589289,19.7101158718563,14.5689386448272));
#6824=CARTESIAN_POINT('Ctrl Pts',(-34.9416207840199,19.7297297407826,14.5229649611417));
#6825=CARTESIAN_POINT('Ctrl Pts',(-34.9085478361096,19.7492694475641,14.4771651088913));
#6826=CARTESIAN_POINT('Ctrl Pts',(-34.8740015193026,19.7672726424817,14.4321042116251));
#6827=CARTESIAN_POINT('Ctrl Pts',(-34.8381401367022,19.7838134193068,14.3880347170765));
#6828=CARTESIAN_POINT('Ctrl Pts',(-34.8124654388152,19.7956556690197,14.3564834807179));
#6829=CARTESIAN_POINT('Ctrl Pts',(-34.7861176255926,19.8067483211512,14.3254398806461));
#6830=CARTESIAN_POINT('Ctrl Pts',(-34.7591678864064,19.8171185661666,14.2949866369585));
#6831=CARTESIAN_POINT('Ctrl Pts',(-34.7142578769374,19.8343999134413,14.2442382622555));
#6832=CARTESIAN_POINT('Ctrl Pts',(-34.6676556826303,19.8497498046616,14.1951077592484));
#6833=CARTESIAN_POINT('Ctrl Pts',(-34.6195995191427,19.8634414918564,14.1477969102952));
#6834=CARTESIAN_POINT('Ctrl Pts',(-34.5745356702076,19.8762806383599,14.1034319673724));
#6835=CARTESIAN_POINT('Ctrl Pts',(-34.5281939104608,19.8876616545555,14.0606669894962));
#6836=CARTESIAN_POINT('Ctrl Pts',(-34.480795911011,19.8978098610712,14.0196351979949));
#6837=CARTESIAN_POINT('Ctrl Pts',(-34.4086348319348,19.9132599969707,13.9571663515133));
#6838=CARTESIAN_POINT('Ctrl Pts',(-34.334240176539,19.9264285628878,13.898888653947));
#6839=CARTESIAN_POINT('Ctrl Pts',(-34.2580269441898,19.9376465849917,13.8447673796654));
#6840=CARTESIAN_POINT('Ctrl Pts',(-34.1789843082818,19.949281074298,13.7886368620892));
#6841=CARTESIAN_POINT('Ctrl Pts',(-34.0979854875246,19.9588175042192,13.7369764307097));
#6842=CARTESIAN_POINT('Ctrl Pts',(-34.0154377696661,19.9666251544498,13.6897281114624));
#6843=CARTESIAN_POINT('Ctrl Pts',(-33.9295390420903,19.9747497548332,13.6405617552174));
#6844=CARTESIAN_POINT('Ctrl Pts',(-33.841962908521,19.9810023676026,13.5961722808623));
#6845=CARTESIAN_POINT('Ctrl Pts',(-33.7531111633495,19.9857990953359,13.5564849121225));
#6846=CARTESIAN_POINT('Ctrl Pts',(-33.6566179785208,19.9910083518884,13.5133843449948));
#6847=CARTESIAN_POINT('Ctrl Pts',(-33.5586202980564,19.9945005367062,13.4758285589823));
#6848=CARTESIAN_POINT('Ctrl Pts',(-33.4595679215876,19.996808607122,13.4437237847962));
#6849=CARTESIAN_POINT('Ctrl Pts',(-33.3570353199346,19.9991977720565,13.410491002907));
#6850=CARTESIAN_POINT('Ctrl Pts',(-33.253371734837,20.000318152625,13.3830981215605));
#6851=CARTESIAN_POINT('Ctrl Pts',(-33.1490172556694,20.0007608797455,13.361457404259));
#6852=CARTESIAN_POINT('Ctrl Pts',(-33.0369026891023,20.001236529278,13.3382074234262));
#6853=CARTESIAN_POINT('Ctrl Pts',(-32.9239895696112,20.0009299936951,13.3215958269831));
#6854=CARTESIAN_POINT('Ctrl Pts',(-32.8107718715216,20.0005743279242,13.3115483616328));
#6855=CARTESIAN_POINT('Ctrl Pts',(-32.723957804258,20.0003016073806,13.3038440773426));
#6856=CARTESIAN_POINT('Ctrl Pts',(-32.6369633239552,19.9999999999999,13.3));
#6857=CARTESIAN_POINT('Ctrl Pts',(-32.55,20.,13.3));
#6858=CARTESIAN_POINT('Ctrl Pts',(-6.64997815712657,19.9999999999999,13.3));
#6859=CARTESIAN_POINT('Ctrl Pts',(-32.8064358598304,20.,13.3));
#6860=CARTESIAN_POINT('Ctrl Pts',(-6.64997815712657,19.8818181818179,15.9));
#6861=CARTESIAN_POINT('Ctrl Pts',(-32.8064358598304,19.881818181818,15.9));
#6862=CARTESIAN_POINT('Ctrl Pts',(-6.64997815712657,16.4999999999999,17.));
#6863=CARTESIAN_POINT('Ctrl Pts',(-32.8064358598304,16.5,17.));
#6864=CARTESIAN_POINT('',(-29.6,18.1644122422909,16.2500001178405));
#6865=CARTESIAN_POINT('Ctrl Pts',(-29.6,18.164412525358,16.2500000000012));
#6866=CARTESIAN_POINT('Ctrl Pts',(-29.6,18.2305987997007,16.2087268822707));
#6867=CARTESIAN_POINT('Ctrl Pts',(-29.6008622267488,18.2962909016039,16.1658832774874));
#6868=CARTESIAN_POINT('Ctrl Pts',(-29.6028076524838,18.3612592715788,16.1213249568027));
#6869=CARTESIAN_POINT('Ctrl Pts',(-29.6046661004841,18.4233229808686,16.0787587871037));
#6870=CARTESIAN_POINT('Ctrl Pts',(-29.6075131173074,18.4847262260114,16.0346274874626));
#6871=CARTESIAN_POINT('Ctrl Pts',(-29.6115841001999,18.5452688814654,15.9888257290578));
#6872=CARTESIAN_POINT('Ctrl Pts',(-29.6155528114564,18.6042905783227,15.9441746069717));
#6873=CARTESIAN_POINT('Ctrl Pts',(-29.6206847343126,18.6624943819951,15.8979355031838));
#6874=CARTESIAN_POINT('Ctrl Pts',(-29.6272395354948,18.7196948739251,15.8500359177057));
#6875=CARTESIAN_POINT('Ctrl Pts',(-29.6335529839021,18.7747892001502,15.8039000314688));
#6876=CARTESIAN_POINT('Ctrl Pts',(-29.6411865646168,18.8289527397805,15.7562233493633));
#6877=CARTESIAN_POINT('Ctrl Pts',(-29.6504106583547,18.8820198111187,15.7069699365439));
#6878=CARTESIAN_POINT('Ctrl Pts',(-29.6555846551646,18.9117862971948,15.6793426153083));
#6879=CARTESIAN_POINT('Ctrl Pts',(-29.6612597702961,18.9412077976651,15.6512197507481));
#6880=CARTESIAN_POINT('Ctrl Pts',(-29.6674891000615,18.9702550722257,15.6225998790758));
#6881=CARTESIAN_POINT('Ctrl Pts',(-29.6791629457988,19.0246900459837,15.5689658639399));
#6882=CARTESIAN_POINT('Ctrl Pts',(-29.6927819358122,19.0777251623412,15.5135883982953));
#6883=CARTESIAN_POINT('Ctrl Pts',(-29.7086860033075,19.1290006225733,15.4566307466259));
#6884=CARTESIAN_POINT('Ctrl Pts',(-29.719416015727,19.1635946863416,15.4182030733292));
#6885=CARTESIAN_POINT('Ctrl Pts',(-29.7311865253295,19.1973877882532,15.3790570503687));
#6886=CARTESIAN_POINT('Ctrl Pts',(-29.744105281856,19.2302694350798,15.3392558917612));
#6887=CARTESIAN_POINT('Ctrl Pts',(-29.7619106385125,19.2755887696456,15.2843996969804));
#6888=CARTESIAN_POINT('Ctrl Pts',(-29.781895673716,19.3191684354518,15.2283117661031));
#6889=CARTESIAN_POINT('Ctrl Pts',(-29.804282429946,19.3607062168217,15.1713271925664));
#6890=CARTESIAN_POINT('Ctrl Pts',(-29.8241249084552,19.3975231868947,15.1208189740401));
#6891=CARTESIAN_POINT('Ctrl Pts',(-29.8458657026896,19.4327113831683,15.0695841131515));
#6892=CARTESIAN_POINT('Ctrl Pts',(-29.8695786911606,19.4661315895053,15.0179928542741));
#6893=CARTESIAN_POINT('Ctrl Pts',(-29.8927922817853,19.4988479630425,14.9674881123325));
#6894=CARTESIAN_POINT('Ctrl Pts',(-29.9178959687327,19.529870030571,14.9166423227381));
#6895=CARTESIAN_POINT('Ctrl Pts',(-29.944909012117,19.5590671877315,14.8658031408609));
#6896=CARTESIAN_POINT('Ctrl Pts',(-29.9554617238649,19.5704731288907,14.8459426895886));
#6897=CARTESIAN_POINT('Ctrl Pts',(-29.9663052667615,19.5816005716803,14.8260832101822));
#6898=CARTESIAN_POINT('Ctrl Pts',(-29.9774386239015,19.5924417298322,14.8062451848716));
#6899=CARTESIAN_POINT('Ctrl Pts',(-30.0044138793142,19.6187090099022,14.7581791978648));
#6900=CARTESIAN_POINT('Ctrl Pts',(-30.0330748223784,19.6432592427626,14.7102744607105));
#6901=CARTESIAN_POINT('Ctrl Pts',(-30.063352981535,19.6661686007604,14.6628369316422));
#6902=CARTESIAN_POINT('Ctrl Pts',(-30.0934670533575,19.6889538053888,14.6156564821949));
#6903=CARTESIAN_POINT('Ctrl Pts',(-30.1251807410594,19.7101158718482,14.568938644844));
#6904=CARTESIAN_POINT('Ctrl Pts',(-30.158379215969,19.7297297407754,14.5229649611571));
#6905=CARTESIAN_POINT('Ctrl Pts',(-30.1914521638799,19.7492694475579,14.4771651089052));
#6906=CARTESIAN_POINT('Ctrl Pts',(-30.2259984806876,19.7672726424764,14.4321042116376));
#6907=CARTESIAN_POINT('Ctrl Pts',(-30.2618598632886,19.7838134193022,14.3880347170878));
#6908=CARTESIAN_POINT('Ctrl Pts',(-30.2875345611718,19.7956556690136,14.3564834807336));
#6909=CARTESIAN_POINT('Ctrl Pts',(-30.3138823743903,19.8067483211437,14.3254398806661));
#6910=CARTESIAN_POINT('Ctrl Pts',(-30.3408321135723,19.8171185661579,14.2949866369826));
#6911=CARTESIAN_POINT('Ctrl Pts',(-30.3857421229765,19.8343999134082,14.2442382623517));
#6912=CARTESIAN_POINT('Ctrl Pts',(-30.4323443172149,19.8497498046104,14.195107759411));
#6913=CARTESIAN_POINT('Ctrl Pts',(-30.4804004806304,19.8634414917913,14.1477969105187));
#6914=CARTESIAN_POINT('Ctrl Pts',(-30.525464329627,19.8762806383186,14.1034319675258));
#6915=CARTESIAN_POINT('Ctrl Pts',(-30.5718060894395,19.8876616545335,14.0606669895837));
#6916=CARTESIAN_POINT('Ctrl Pts',(-30.6192040889577,19.8978098610644,14.019635198022));
#6917=CARTESIAN_POINT('Ctrl Pts',(-30.6913651680275,19.9132599969634,13.9571663515442));
#6918=CARTESIAN_POINT('Ctrl Pts',(-30.7657598234165,19.9264285628803,13.8988886539811));
#6919=CARTESIAN_POINT('Ctrl Pts',(-30.8419730557585,19.9376465849843,13.8447673797021));
#6920=CARTESIAN_POINT('Ctrl Pts',(-30.9210156916587,19.9492810742905,13.7886368621289));
#6921=CARTESIAN_POINT('Ctrl Pts',(-31.0020145124078,19.9588175042119,13.7369764307516));
#6922=CARTESIAN_POINT('Ctrl Pts',(-31.084562230258,19.966625154443,13.6897281115058));
#6923=CARTESIAN_POINT('Ctrl Pts',(-31.1704609578246,19.9747497548268,13.6405617552627));
#6924=CARTESIAN_POINT('Ctrl Pts',(-31.2580370913844,19.9810023675967,13.5961722809087));
#6925=CARTESIAN_POINT('Ctrl Pts',(-31.3468888365463,19.9857990953306,13.556484912169));
#6926=CARTESIAN_POINT('Ctrl Pts',(-31.4433820213779,19.9910083518846,13.5133843450356));
#6927=CARTESIAN_POINT('Ctrl Pts',(-31.5413797018454,19.9945005367034,13.4758285590178));
#6928=CARTESIAN_POINT('Ctrl Pts',(-31.6404320783176,19.99680860712,13.4437237848269));
#6929=CARTESIAN_POINT('Ctrl Pts',(-31.7429646799559,19.9991977720549,13.4104910029387));
#6930=CARTESIAN_POINT('Ctrl Pts',(-31.8466282650386,20.0003181526239,13.3830981215915));
#6931=CARTESIAN_POINT('Ctrl Pts',(-31.9509827441916,20.0007608797449,13.3614574042878));
#6932=CARTESIAN_POINT('Ctrl Pts',(-32.0630973107321,20.0012365292779,13.3382074234549));
#6933=CARTESIAN_POINT('Ctrl Pts',(-32.1760104301967,20.0009299936956,13.3215958270086));
#6934=CARTESIAN_POINT('Ctrl Pts',(-32.2892281282605,20.0005743279248,13.3115483616521));
#6935=CARTESIAN_POINT('Ctrl Pts',(-32.3760421955782,20.0003016073811,13.3038440773507));
#6936=CARTESIAN_POINT('Ctrl Pts',(-32.4630366759357,20.,13.3000000000016));
#6937=CARTESIAN_POINT('Ctrl Pts',(-32.549999999946,20.,13.3));
#6938=CARTESIAN_POINT('',(-29.6,16.5,17.));
#6939=CARTESIAN_POINT('Ctrl Pts',(-29.6,16.5,17.));
#6940=CARTESIAN_POINT('Ctrl Pts',(-29.6,17.1434029415706,16.7907210862095));
#6941=CARTESIAN_POINT('Ctrl Pts',(-29.6,17.6982069277194,16.5407212040497));
#6942=CARTESIAN_POINT('Ctrl Pts',(-29.6,18.1644119584462,16.2500003535204));
#6943=CARTESIAN_POINT('',(-11.,16.5,17.));
#6944=CARTESIAN_POINT('',(-35.5,16.5,17.));
#6945=CARTESIAN_POINT('',(-9.392180923085,19.686389718794,14.620427766166));
#6946=CARTESIAN_POINT('Ctrl Pts',(-11.,16.5,17.));
#6947=CARTESIAN_POINT('Ctrl Pts',(-10.9534372367,16.711864421153,16.931087110324));
#6948=CARTESIAN_POINT('Ctrl Pts',(-10.90350388106,16.920520335571,16.857185743982));
#6949=CARTESIAN_POINT('Ctrl Pts',(-10.84999112165,17.125447626978,16.777986860045));
#6950=CARTESIAN_POINT('Ctrl Pts',(-10.79269754689,17.325991826746,16.6931923694));
#6951=CARTESIAN_POINT('Ctrl Pts',(-10.73144349621,17.521381140261,16.602536374404));
#6952=CARTESIAN_POINT('Ctrl Pts',(-10.63285414208,17.80716482131,16.456624130286));
#6953=CARTESIAN_POINT('Ctrl Pts',(-10.59854371639,17.902002375527,16.405844700267));
#6954=CARTESIAN_POINT('Ctrl Pts',(-10.56316171106,17.995170145311,16.35347933237));
#6955=CARTESIAN_POINT('Ctrl Pts',(-10.52669750068,18.086548941798,16.29951230101));
#6956=CARTESIAN_POINT('Ctrl Pts',(-10.48914643336,18.176016590765,16.243936721381));
#6957=CARTESIAN_POINT('Ctrl Pts',(-10.37476545738,18.434869711999,16.07465287693));
#6958=CARTESIAN_POINT('Ctrl Pts',(-10.29484080368,18.598499820386,15.956364389454));
#6959=CARTESIAN_POINT('Ctrl Pts',(-10.21077925472,18.7533649175,15.831953296992));
#6960=CARTESIAN_POINT('Ctrl Pts',(-10.12271037708,18.898574558973,15.701611358081));
#6961=CARTESIAN_POINT('Ctrl Pts',(-10.03088083433,19.033395233902,15.56570363481));
#6962=CARTESIAN_POINT('Ctrl Pts',(-9.863681740926,19.251052988303,15.318248976571));
#6963=CARTESIAN_POINT('Ctrl Pts',(-9.789742985474,19.338565661461,15.208819618502));
#6964=CARTESIAN_POINT('Ctrl Pts',(-9.714031687572,19.419643925588,15.096766897606));
#6965=CARTESIAN_POINT('Ctrl Pts',(-9.636727806911,19.494185323644,14.982357154229));
#6966=CARTESIAN_POINT('Ctrl Pts',(-9.558022851968,19.562183664377,14.865873820913));
#6967=CARTESIAN_POINT('Ctrl Pts',(-9.470867528823,19.62929303021,14.736883942658));
#6968=CARTESIAN_POINT('Ctrl Pts',(-9.463609404251,19.634820915185,14.726141918291));
#6969=CARTESIAN_POINT('Ctrl Pts',(-9.456341492848,19.640295652131,14.715385409414));
#6970=CARTESIAN_POINT('Ctrl Pts',(-9.449063935768,19.645717305201,14.704614624936));
#6971=CARTESIAN_POINT('Ctrl Pts',(-9.441776873696,19.651085944065,14.69382977307));
#6972=CARTESIAN_POINT('Ctrl Pts',(-9.431068862077,19.658887101666,14.677981915873));
#6973=CARTESIAN_POINT('Ctrl Pts',(-9.427653967736,19.661361905408,14.67292787225));
#6974=CARTESIAN_POINT('Ctrl Pts',(-9.424235763825,19.66382605513,14.667868930461));
#6975=CARTESIAN_POINT('Ctrl Pts',(-9.420814250342,19.666279550823,14.662805090506));
#6976=CARTESIAN_POINT('Ctrl Pts',(-9.417389427285,19.668722392475,14.657736352381));
#6977=CARTESIAN_POINT('Ctrl Pts',(-9.410336760094,19.673726110691,14.647298404939));
#6978=CARTESIAN_POINT('Ctrl Pts',(-9.406709995427,19.676284689351,14.641930793231));
#6979=CARTESIAN_POINT('Ctrl Pts',(-9.403081011886,19.678830329199,14.636559897591));
#6980=CARTESIAN_POINT('Ctrl Pts',(-9.399449824888,19.681363041478,14.631185740834));
#6981=CARTESIAN_POINT('Ctrl Pts',(-9.395816454029,19.683882835528,14.625808351962));
#6982=CARTESIAN_POINT('Ctrl Pts',(-9.392180923085,19.686389718794,14.620427766166));
#6983=CARTESIAN_POINT('Ctrl Pts',(-9.392180923085,19.686389718794,14.620427766166));
#6984=CARTESIAN_POINT('Ctrl Pts',(-9.389966839121,19.687916442797,14.617150921635));
#6985=CARTESIAN_POINT('Ctrl Pts',(-9.387746802432,19.689437014608,14.613876131877));
#6986=CARTESIAN_POINT('Ctrl Pts',(-9.385520899521,19.690951392869,14.610603539026));
#6987=CARTESIAN_POINT('Ctrl Pts',(-9.383289184588,19.692459558257,14.607333237225));
#6988=CARTESIAN_POINT('Ctrl Pts',(-9.38105167953,19.693961513477,14.604065272626));
#6989=CARTESIAN_POINT('Ctrl Pts',(-9.378808373941,19.695457283268,14.60079964339));
#6990=CARTESIAN_POINT('Ctrl Pts',(-9.327164314749,19.729661599746,14.525868045543));
#6991=CARTESIAN_POINT('Ctrl Pts',(-9.274968118318,19.759404108249,14.455327108901));
#6992=CARTESIAN_POINT('Ctrl Pts',(-9.220140037739,19.786251725041,14.386301634397));
#6993=CARTESIAN_POINT('Ctrl Pts',(-9.162881528894,19.810362405814,14.319110148995));
#6994=CARTESIAN_POINT('Ctrl Pts',(-9.103408672562,19.831935902887,14.254001805085));
#6995=CARTESIAN_POINT('Ctrl Pts',(-9.041936766514,19.851187146848,14.191161778097));
#6996=CARTESIAN_POINT('Ctrl Pts',(-8.922258861231,19.883617236692,14.076836703967));
#6997=CARTESIAN_POINT('Ctrl Pts',(-8.864419040179,19.897228659635,14.024856850946));
#6998=CARTESIAN_POINT('Ctrl Pts',(-8.805281083348,19.909322201198,13.974867018592));
#6999=CARTESIAN_POINT('Ctrl Pts',(-8.74497116474,19.920049481873,13.926923384625));
#7000=CARTESIAN_POINT('Ctrl Pts',(-8.683604944954,19.929554543397,13.881058843658));
#7001=CARTESIAN_POINT('Ctrl Pts',(-8.621284491512,19.93797069812,13.83728830541));
#7002=CARTESIAN_POINT('Ctrl Pts',(-8.339862970597,19.971135432339,13.651686473649));
#7003=CARTESIAN_POINT('Ctrl Pts',(-8.111663723573,19.98524692033,13.533021642602));
#7004=CARTESIAN_POINT('Ctrl Pts',(-7.876458897941,19.992851596889,13.439124648466));
#7005=CARTESIAN_POINT('Ctrl Pts',(-7.636667593611,19.996842342476,13.369381463402));
#7006=CARTESIAN_POINT('Ctrl Pts',(-7.394213757826,19.998947848606,13.323170199364));
#7007=CARTESIAN_POINT('Ctrl Pts',(-7.150507699541,20.,13.299999999998));
#7008=CARTESIAN_POINT('Ctrl Pts',(-6.906414016957,20.,13.3));
#7009=CARTESIAN_POINT('Ctrl Pts',(32.8064358598298,19.9999999999997,13.2999999999999));
#7010=CARTESIAN_POINT('Ctrl Pts',(6.64997815719323,19.9999999999998,13.3));
#7011=CARTESIAN_POINT('Ctrl Pts',(32.8064358598298,19.8818181818177,15.8999999999999));
#7012=CARTESIAN_POINT('Ctrl Pts',(6.64997815719323,19.8818181818178,15.9));
#7013=CARTESIAN_POINT('Ctrl Pts',(32.8064358598298,16.4999999999997,16.9999999999999));
#7014=CARTESIAN_POINT('Ctrl Pts',(6.64997815719323,16.4999999999998,17.));
#7015=CARTESIAN_POINT('',(9.392180923097,19.686389718794,14.620427766166));
#7016=CARTESIAN_POINT('Ctrl Pts',(9.392180923097,19.686389718794,14.620427766166));
#7017=CARTESIAN_POINT('Ctrl Pts',(9.389966839132,19.687916442798,14.617150921634));
#7018=CARTESIAN_POINT('Ctrl Pts',(9.387746802442,19.689437014609,14.613876131875));
#7019=CARTESIAN_POINT('Ctrl Pts',(9.385520899531,19.690951392871,14.610603539024));
#7020=CARTESIAN_POINT('Ctrl Pts',(9.383289184597,19.692459558259,14.607333237222));
#7021=CARTESIAN_POINT('Ctrl Pts',(9.381051679538,19.693961513479,14.604065272622));
#7022=CARTESIAN_POINT('Ctrl Pts',(9.378808373949,19.69545728327,14.600799643384));
#7023=CARTESIAN_POINT('Ctrl Pts',(9.327164314756,19.729661599749,14.525868045537));
#7024=CARTESIAN_POINT('Ctrl Pts',(9.274968118325,19.759404108252,14.455327108894));
#7025=CARTESIAN_POINT('Ctrl Pts',(9.220140037745,19.786251725044,14.38630163439));
#7026=CARTESIAN_POINT('Ctrl Pts',(9.162881528899,19.810362405816,14.319110148988));
#7027=CARTESIAN_POINT('Ctrl Pts',(9.103408672567,19.831935902889,14.254001805078));
#7028=CARTESIAN_POINT('Ctrl Pts',(9.041936766519,19.85118714685,14.19116177809));
#7029=CARTESIAN_POINT('Ctrl Pts',(8.922258861234,19.883617236694,14.07683670396));
#7030=CARTESIAN_POINT('Ctrl Pts',(8.864419040183,19.897228659637,14.024856850939));
#7031=CARTESIAN_POINT('Ctrl Pts',(8.805281083351,19.909322201199,13.974867018585));
#7032=CARTESIAN_POINT('Ctrl Pts',(8.744971164742,19.920049481875,13.926923384617));
#7033=CARTESIAN_POINT('Ctrl Pts',(8.683604944956,19.929554543398,13.88105884365));
#7034=CARTESIAN_POINT('Ctrl Pts',(8.621284491513,19.937970698121,13.837288305402));
#7035=CARTESIAN_POINT('Ctrl Pts',(8.339862970622,19.971135432337,13.651686473659));
#7036=CARTESIAN_POINT('Ctrl Pts',(8.111663723628,19.985246920327,13.533021642619));
#7037=CARTESIAN_POINT('Ctrl Pts',(7.876458897998,19.992851596885,13.439124648506));
#7038=CARTESIAN_POINT('Ctrl Pts',(7.636667593759,19.996842342476,13.369381463413));
#7039=CARTESIAN_POINT('Ctrl Pts',(7.394213757929,19.998947848604,13.323170199403));
#7040=CARTESIAN_POINT('Ctrl Pts',(7.150507699708,20.,13.300000000005));
#7041=CARTESIAN_POINT('Ctrl Pts',(6.906414017157,20.,13.3));
#7042=CARTESIAN_POINT('',(11.,16.5,17.));
#7043=CARTESIAN_POINT('Ctrl Pts',(11.,16.5,17.));
#7044=CARTESIAN_POINT('Ctrl Pts',(10.953437236706,16.711864421153,16.931087110324));
#7045=CARTESIAN_POINT('Ctrl Pts',(10.903503881069,16.920520335571,16.857185743981));
#7046=CARTESIAN_POINT('Ctrl Pts',(10.849991121653,17.125447626978,16.777986860045));
#7047=CARTESIAN_POINT('Ctrl Pts',(10.792697546893,17.325991826746,16.6931923694));
#7048=CARTESIAN_POINT('Ctrl Pts',(10.731443496221,17.521381140261,16.602536374404));
#7049=CARTESIAN_POINT('Ctrl Pts',(10.632854142088,17.80716482131,16.456624130286));
#7050=CARTESIAN_POINT('Ctrl Pts',(10.5985437164,17.902002375527,16.405844700267));
#7051=CARTESIAN_POINT('Ctrl Pts',(10.563161711064,17.995170145311,16.35347933237));
#7052=CARTESIAN_POINT('Ctrl Pts',(10.526697500686,18.086548941798,16.29951230101));
#7053=CARTESIAN_POINT('Ctrl Pts',(10.489146433369,18.176016590765,16.243936721381));
#7054=CARTESIAN_POINT('Ctrl Pts',(10.37476545739,18.434869711999,16.07465287693));
#7055=CARTESIAN_POINT('Ctrl Pts',(10.29484080369,18.598499820386,15.956364389454));
#7056=CARTESIAN_POINT('Ctrl Pts',(10.21077925473,18.753364917499,15.831953296992));
#7057=CARTESIAN_POINT('Ctrl Pts',(10.122710377088,18.898574558973,15.701611358081));
#7058=CARTESIAN_POINT('Ctrl Pts',(10.030880834338,19.033395233902,15.56570363481));
#7059=CARTESIAN_POINT('Ctrl Pts',(9.863681740935,19.251052988303,15.318248976571));
#7060=CARTESIAN_POINT('Ctrl Pts',(9.789742985483,19.338565661461,15.208819618502));
#7061=CARTESIAN_POINT('Ctrl Pts',(9.714031687581,19.419643925588,15.096766897606));
#7062=CARTESIAN_POINT('Ctrl Pts',(9.636727806921,19.494185323644,14.982357154229));
#7063=CARTESIAN_POINT('Ctrl Pts',(9.558022851979,19.562183664377,14.865873820913));
#7064=CARTESIAN_POINT('Ctrl Pts',(9.470867528834,19.62929303021,14.736883942658));
#7065=CARTESIAN_POINT('Ctrl Pts',(9.463609404262,19.634820915185,14.72614191829));
#7066=CARTESIAN_POINT('Ctrl Pts',(9.456341492859,19.640295652131,14.715385409414));
#7067=CARTESIAN_POINT('Ctrl Pts',(9.449063935779,19.645717305201,14.704614624936));
#7068=CARTESIAN_POINT('Ctrl Pts',(9.441776873707,19.651085944065,14.69382977307));
#7069=CARTESIAN_POINT('Ctrl Pts',(9.431068862088,19.658887101666,14.677981915873));
#7070=CARTESIAN_POINT('Ctrl Pts',(9.427653967748,19.661361905408,14.672927872249));
#7071=CARTESIAN_POINT('Ctrl Pts',(9.424235763837,19.66382605513,14.667868930461));
#7072=CARTESIAN_POINT('Ctrl Pts',(9.420814250353,19.666279550823,14.662805090506));
#7073=CARTESIAN_POINT('Ctrl Pts',(9.417389427296,19.668722392475,14.657736352381));
#7074=CARTESIAN_POINT('Ctrl Pts',(9.410336760105,19.673726110691,14.647298404939));
#7075=CARTESIAN_POINT('Ctrl Pts',(9.406709995438,19.676284689351,14.641930793231));
#7076=CARTESIAN_POINT('Ctrl Pts',(9.403081011898,19.678830329199,14.636559897591));
#7077=CARTESIAN_POINT('Ctrl Pts',(9.399449824899,19.681363041478,14.631185740834));
#7078=CARTESIAN_POINT('Ctrl Pts',(9.39581645404,19.683882835528,14.625808351962));
#7079=CARTESIAN_POINT('Ctrl Pts',(9.392180923097,19.686389718794,14.620427766166));
#7080=CARTESIAN_POINT('',(29.6,16.5,17.));
#7081=CARTESIAN_POINT('',(-35.5,16.5,17.));
#7082=CARTESIAN_POINT('',(29.6,18.1644122422908,16.2500001178399));
#7083=CARTESIAN_POINT('Ctrl Pts',(29.6,16.4999999999997,16.9999999999999));
#7084=CARTESIAN_POINT('Ctrl Pts',(29.6,17.1434029415704,16.7907210862095));
#7085=CARTESIAN_POINT('Ctrl Pts',(29.6,17.6982069277191,16.5407212040496));
#7086=CARTESIAN_POINT('Ctrl Pts',(29.6,18.164411958446,16.2500003535203));
#7087=CARTESIAN_POINT('Ctrl Pts',(29.6,18.164412525358,16.2499999999994));
#7088=CARTESIAN_POINT('Ctrl Pts',(29.6,18.1791754008913,16.2407940164587));
#7089=CARTESIAN_POINT('Ctrl Pts',(29.6000430843378,18.1939097363465,16.2315095976192));
#7090=CARTESIAN_POINT('Ctrl Pts',(29.6001315094298,18.2086141416417,16.2221452276775));
#7091=CARTESIAN_POINT('Ctrl Pts',(29.6005342452987,18.2755859853732,16.1794948036865));
#7092=CARTESIAN_POINT('Ctrl Pts',(29.6018733676055,18.3420124478867,16.1351886479419));
#7093=CARTESIAN_POINT('Ctrl Pts',(29.6043922561684,18.4076459839355,16.0890807050744));
#7094=CARTESIAN_POINT('Ctrl Pts',(29.6067460650057,18.4689781124991,16.0459945261178));
#7095=CARTESIAN_POINT('Ctrl Pts',(29.6101303070518,18.5296178405476,16.0013347420036));
#7096=CARTESIAN_POINT('Ctrl Pts',(29.6147866615149,18.5893631727669,15.9550039702312));
#7097=CARTESIAN_POINT('Ctrl Pts',(29.619326656791,18.6476155090507,15.9098309734912));
#7098=CARTESIAN_POINT('Ctrl Pts',(29.6250759638714,18.7050175916932,15.8630690530716));
#7099=CARTESIAN_POINT('Ctrl Pts',(29.6322998603119,18.7613821932982,15.8146542812154));
#7100=CARTESIAN_POINT('Ctrl Pts',(29.6392729312835,18.8157897239868,15.7679205492179));
#7101=CARTESIAN_POINT('Ctrl Pts',(29.647620077623,18.8692305689275,15.7196463936818));
#7102=CARTESIAN_POINT('Ctrl Pts',(29.657618053344,18.9215363339239,15.6698046237186));
#7103=CARTESIAN_POINT('Ctrl Pts',(29.6607436978407,18.9378885667228,15.6542227041042));
#7104=CARTESIAN_POINT('Ctrl Pts',(29.6640309698824,18.9541298612344,15.6384878229939));
#7105=CARTESIAN_POINT('Ctrl Pts',(29.6674891000502,18.9702550721716,15.6225998791278));
#7106=CARTESIAN_POINT('Ctrl Pts',(29.6791629458013,19.0246900460022,15.5689658639235));
#7107=CARTESIAN_POINT('Ctrl Pts',(29.6927819358339,19.0777251624279,15.5135883982043));
#7108=CARTESIAN_POINT('Ctrl Pts',(29.7086860033547,19.1290006227236,15.4566307464571));
#7109=CARTESIAN_POINT('Ctrl Pts',(29.7194160157566,19.1635946864228,15.4182030732321));
#7110=CARTESIAN_POINT('Ctrl Pts',(29.7311865253376,19.1973877882686,15.3790570503464));
#7111=CARTESIAN_POINT('Ctrl Pts',(29.7441052818378,19.2302694350333,15.3392558918172));
#7112=CARTESIAN_POINT('Ctrl Pts',(29.7619106384922,19.2755887696005,15.2843996970392));
#7113=CARTESIAN_POINT('Ctrl Pts',(29.7818956736958,19.3191684354084,15.2283117661579));
#7114=CARTESIAN_POINT('Ctrl Pts',(29.8042824299236,19.3607062167789,15.1713271926234));
#7115=CARTESIAN_POINT('Ctrl Pts',(29.824124908421,19.3975231868343,15.1208189741241));
#7116=CARTESIAN_POINT('Ctrl Pts',(29.8458657026418,19.4327113830918,15.0695841132624));
#7117=CARTESIAN_POINT('Ctrl Pts',(29.8695786910973,19.4661315894147,15.0179928544118));
#7118=CARTESIAN_POINT('Ctrl Pts',(29.8927922817066,19.4988479629379,14.9674881124969));
#7119=CARTESIAN_POINT('Ctrl Pts',(29.9178959686366,19.5298700304543,14.9166423229291));
#7120=CARTESIAN_POINT('Ctrl Pts',(29.9449090120015,19.5590671876052,14.8658031410783));
#7121=CARTESIAN_POINT('Ctrl Pts',(29.9554617237749,19.5704731287965,14.8459426897539));
#7122=CARTESIAN_POINT('Ctrl Pts',(29.9663052666986,19.5816005716168,14.8260832102955));
#7123=CARTESIAN_POINT('Ctrl Pts',(29.9774386238672,19.592441729798,14.8062451849329));
#7124=CARTESIAN_POINT('Ctrl Pts',(30.0044138792737,19.6187090098655,14.7581791979343));
#7125=CARTESIAN_POINT('Ctrl Pts',(30.0330748223314,19.6432592427239,14.7102744607876));
#7126=CARTESIAN_POINT('Ctrl Pts',(30.0633529814813,19.6661686007202,14.6628369317264));
#7127=CARTESIAN_POINT('Ctrl Pts',(30.0934670532969,19.6889538053469,14.6156564822863));
#7128=CARTESIAN_POINT('Ctrl Pts',(30.1251807409917,19.7101158718049,14.5689386449419));
#7129=CARTESIAN_POINT('Ctrl Pts',(30.158379215894,19.7297297407313,14.5229649612611));
#7130=CARTESIAN_POINT('Ctrl Pts',(30.1914521637973,19.749269447513,14.4771651090155));
#7131=CARTESIAN_POINT('Ctrl Pts',(30.2259984805972,19.767272642431,14.4321042117535));
#7132=CARTESIAN_POINT('Ctrl Pts',(30.2618598631901,19.7838134192569,14.3880347172088));
#7133=CARTESIAN_POINT('Ctrl Pts',(30.2875345610852,19.7956556689764,14.3564834808366));
#7134=CARTESIAN_POINT('Ctrl Pts',(30.3138823743165,19.806748321114,14.3254398807514));
#7135=CARTESIAN_POINT('Ctrl Pts',(30.340832113512,19.8171185661348,14.2949866370508));
#7136=CARTESIAN_POINT('Ctrl Pts',(30.3857421229805,19.8343999134125,14.244238262344));
#7137=CARTESIAN_POINT('Ctrl Pts',(30.4323443172874,19.8497498046358,14.195107759333));
#7138=CARTESIAN_POINT('Ctrl Pts',(30.4804004807752,19.8634414918331,14.147796910376));
#7139=CARTESIAN_POINT('Ctrl Pts',(30.5254643297,19.876280638336,14.10343196746));
#7140=CARTESIAN_POINT('Ctrl Pts',(30.5718060894361,19.8876616545315,14.0606669895897));
#7141=CARTESIAN_POINT('Ctrl Pts',(30.6192040888751,19.8978098610471,14.0196351980935));
#7142=CARTESIAN_POINT('Ctrl Pts',(30.6913651679444,19.9132599969485,13.9571663516114));
#7143=CARTESIAN_POINT('Ctrl Pts',(30.7657598233333,19.9264285628675,13.8988886540441));
#7144=CARTESIAN_POINT('Ctrl Pts',(30.8419730556755,19.9376465849731,13.8447673797611));
#7145=CARTESIAN_POINT('Ctrl Pts',(30.921015691576,19.9492810742811,13.7886368621835));
#7146=CARTESIAN_POINT('Ctrl Pts',(31.0020145123257,19.9588175042039,13.7369764308021));
#7147=CARTESIAN_POINT('Ctrl Pts',(31.0845622301768,19.9666251544361,13.6897281115523));
#7148=CARTESIAN_POINT('Ctrl Pts',(31.1704609577446,19.9747497548211,13.6405617553049));
#7149=CARTESIAN_POINT('Ctrl Pts',(31.258037091306,19.9810023675919,13.5961722809468));
#7150=CARTESIAN_POINT('Ctrl Pts',(31.3468888364697,19.9857990953265,13.5564849122032));
#7151=CARTESIAN_POINT('Ctrl Pts',(31.4433820212962,19.9910083518808,13.5133843450687));
#7152=CARTESIAN_POINT('Ctrl Pts',(31.5413797017589,19.9945005366999,13.4758285590494));
#7153=CARTESIAN_POINT('Ctrl Pts',(31.6404320782264,19.9968086071169,13.4437237848565));
#7154=CARTESIAN_POINT('Ctrl Pts',(31.7429646798684,19.9991977720523,13.4104910029634));
#7155=CARTESIAN_POINT('Ctrl Pts',(31.8466282649552,20.0003181526216,13.3830981216118));
#7156=CARTESIAN_POINT('Ctrl Pts',(31.9509827441125,20.0007608797429,13.3614574043042));
#7157=CARTESIAN_POINT('Ctrl Pts',(32.0630973106606,20.0012365292762,13.3382074234666));
#7158=CARTESIAN_POINT('Ctrl Pts',(32.176010430133,20.0009299936941,13.3215958270164));
#7159=CARTESIAN_POINT('Ctrl Pts',(32.2892281282048,20.0005743279236,13.311548361657));
#7160=CARTESIAN_POINT('Ctrl Pts',(32.3760421954974,20.0003016073803,13.3038440773562));
#7161=CARTESIAN_POINT('Ctrl Pts',(32.4630366758298,19.9999999999997,13.3000000000055));
#7162=CARTESIAN_POINT('Ctrl Pts',(32.5499999998151,20.,13.3));
#7163=CARTESIAN_POINT('Ctrl Pts',(35.5295000000001,19.9999999999997,13.2999999999999));
#7164=CARTESIAN_POINT('Ctrl Pts',(32.5205,19.9999999999997,13.2999999999999));
#7165=CARTESIAN_POINT('Ctrl Pts',(35.5295000000001,19.8818181818177,15.8999999999999));
#7166=CARTESIAN_POINT('Ctrl Pts',(32.5205,19.8818181818177,15.8999999999999));
#7167=CARTESIAN_POINT('Ctrl Pts',(35.5295000000001,16.4999999999997,16.9999999999999));
#7168=CARTESIAN_POINT('Ctrl Pts',(32.5205,16.4999999999997,16.9999999999999));
#7169=CARTESIAN_POINT('Ctrl Pts',(35.5,18.1644125253585,16.2500000000009));
#7170=CARTESIAN_POINT('Ctrl Pts',(35.5,18.2305987996915,16.2087268822751));
#7171=CARTESIAN_POINT('Ctrl Pts',(35.4991377732514,18.2962909015851,16.1658832774977));
#7172=CARTESIAN_POINT('Ctrl Pts',(35.497192347517,18.3612592715506,16.1213249568197));
#7173=CARTESIAN_POINT('Ctrl Pts',(35.4953338995172,18.423322980831,16.0787587871275));
#7174=CARTESIAN_POINT('Ctrl Pts',(35.4924868826948,18.4847262259646,16.0346274874939));
#7175=CARTESIAN_POINT('Ctrl Pts',(35.4884158998036,18.5452688814098,15.9888257290974));
#7176=CARTESIAN_POINT('Ctrl Pts',(35.4844471885485,18.6042905782582,15.9441746070196));
#7177=CARTESIAN_POINT('Ctrl Pts',(35.479315265694,18.662494381922,15.8979355032406));
#7178=CARTESIAN_POINT('Ctrl Pts',(35.4727604645142,18.7196948738439,15.8500359177718));
#7179=CARTESIAN_POINT('Ctrl Pts',(35.4664470161093,18.7747892000608,15.8039000315443));
#7180=CARTESIAN_POINT('Ctrl Pts',(35.4588134353975,18.8289527396832,15.7562233494487));
#7181=CARTESIAN_POINT('Ctrl Pts',(35.4495893416632,18.8820198110141,15.7069699366394));
#7182=CARTESIAN_POINT('Ctrl Pts',(35.4444153448516,18.9117862971076,15.6793426153897));
#7183=CARTESIAN_POINT('Ctrl Pts',(35.4387402297179,18.9412077975949,15.6512197508147));
#7184=CARTESIAN_POINT('Ctrl Pts',(35.4325108999496,18.9702550721722,15.6225998791269));
#7185=CARTESIAN_POINT('Ctrl Pts',(35.4208370542235,19.0246900458849,15.5689658640375));
#7186=CARTESIAN_POINT('Ctrl Pts',(35.4072180642247,19.0777251621998,15.5135883984429));
#7187=CARTESIAN_POINT('Ctrl Pts',(35.3913139967482,19.129000622393,15.4566307468256));
#7188=CARTESIAN_POINT('Ctrl Pts',(35.3805839843189,19.1635946862076,15.4182030734833));
#7189=CARTESIAN_POINT('Ctrl Pts',(35.3688134747042,19.1973877881639,15.379057050475));
#7190=CARTESIAN_POINT('Ctrl Pts',(35.3558947181622,19.2302694350331,15.3392558918174));
#7191=CARTESIAN_POINT('Ctrl Pts',(35.3380893615068,19.2755887696009,15.284399697036));
#7192=CARTESIAN_POINT('Ctrl Pts',(35.3181043263049,19.3191684354083,15.2283117661597));
#7193=CARTESIAN_POINT('Ctrl Pts',(35.295717570077,19.360706216779,15.171327192625));
#7194=CARTESIAN_POINT('Ctrl Pts',(35.2758750915702,19.3975231868519,15.1208189741016));
#7195=CARTESIAN_POINT('Ctrl Pts',(35.2541342973382,19.4327113831255,15.0695841132154));
#7196=CARTESIAN_POINT('Ctrl Pts',(35.2304213088696,19.4661315894627,15.0179928543399));
#7197=CARTESIAN_POINT('Ctrl Pts',(35.2072077182474,19.4988479629999,14.9674881124005));
#7198=CARTESIAN_POINT('Ctrl Pts',(35.1821040313026,19.5298700305288,14.9166423228078));
#7199=CARTESIAN_POINT('Ctrl Pts',(35.1550909879207,19.5590671876902,14.8658031409319));
#7200=CARTESIAN_POINT('Ctrl Pts',(35.1445382761719,19.5704731288518,14.8459426896566));
#7201=CARTESIAN_POINT('Ctrl Pts',(35.1336947332743,19.5816005716437,14.8260832102472));
#7202=CARTESIAN_POINT('Ctrl Pts',(35.1225613761331,19.592441729798,14.8062451849334));
#7203=CARTESIAN_POINT('Ctrl Pts',(35.0955861207281,19.6187090098636,14.7581791979374));
#7204=CARTESIAN_POINT('Ctrl Pts',(35.0669251776721,19.6432592427202,14.7102744607935));
#7205=CARTESIAN_POINT('Ctrl Pts',(35.0366470185243,19.666168600715,14.6628369317351));
#7206=CARTESIAN_POINT('Ctrl Pts',(35.0065329467107,19.6889538053404,14.6156564822978));
#7207=CARTESIAN_POINT('Ctrl Pts',(34.9748192590182,19.7101158717973,14.5689386449564));
#7208=CARTESIAN_POINT('Ctrl Pts',(34.9416207841187,19.7297297407228,14.5229649612786));
#7209=CARTESIAN_POINT('Ctrl Pts',(34.9085478362179,19.7492694475037,14.4771651090358));
#7210=CARTESIAN_POINT('Ctrl Pts',(34.8740015194209,19.7672726424211,14.4321042117768));
#7211=CARTESIAN_POINT('Ctrl Pts',(34.8381401368314,19.7838134192465,14.3880347172352));
#7212=CARTESIAN_POINT('Ctrl Pts',(34.8124654389296,19.7956556689699,14.356483480854));
#7213=CARTESIAN_POINT('Ctrl Pts',(34.7861176256913,19.8067483211109,14.3254398807603));
#7214=CARTESIAN_POINT('Ctrl Pts',(34.7591678864888,19.8171185661347,14.2949866370517));
#7215=CARTESIAN_POINT('Ctrl Pts',(34.7142578770798,19.8343999133899,14.244238262412));
#7216=CARTESIAN_POINT('Ctrl Pts',(34.6676556828359,19.8497498045955,14.195107759463));
#7217=CARTESIAN_POINT('Ctrl Pts',(34.6195995194145,19.8634414917793,14.1477969105628));
#7218=CARTESIAN_POINT('Ctrl Pts',(34.5745356704297,19.8762806383042,14.1034319675796));
#7219=CARTESIAN_POINT('Ctrl Pts',(34.5281939106294,19.8876616545173,14.0606669896464));
#7220=CARTESIAN_POINT('Ctrl Pts',(34.4807959111237,19.8978098610472,14.0196351980925));
#7221=CARTESIAN_POINT('Ctrl Pts',(34.4086348320503,19.9132599969494,13.9571663516069));
#7222=CARTESIAN_POINT('Ctrl Pts',(34.3342401766568,19.9264285628691,13.8988886540364));
#7223=CARTESIAN_POINT('Ctrl Pts',(34.2580269443098,19.9376465849753,13.8447673797506));
#7224=CARTESIAN_POINT('Ctrl Pts',(34.178984308404,19.9492810742839,13.78863686217));
#7225=CARTESIAN_POINT('Ctrl Pts',(34.0979854876488,19.9588175042072,13.7369764307862));
#7226=CARTESIAN_POINT('Ctrl Pts',(34.0154377697919,19.9666251544397,13.6897281115344));
#7227=CARTESIAN_POINT('Ctrl Pts',(33.9295390422178,19.9747497548251,13.6405617552848));
#7228=CARTESIAN_POINT('Ctrl Pts',(33.8419629086499,19.9810023675961,13.5961722809251));
#7229=CARTESIAN_POINT('Ctrl Pts',(33.7531111634796,19.9857990953308,13.5564849121806));
#7230=CARTESIAN_POINT('Ctrl Pts',(33.6566179786418,19.9910083518854,13.5133843450432));
#7231=CARTESIAN_POINT('Ctrl Pts',(33.5586202981676,19.9945005367046,13.4758285590223));
#7232=CARTESIAN_POINT('Ctrl Pts',(33.4595679216886,19.9968086071213,13.4437237848289));
#7233=CARTESIAN_POINT('Ctrl Pts',(33.3570353200348,19.9991977720565,13.4104910029354));
#7234=CARTESIAN_POINT('Ctrl Pts',(33.2533717349361,20.0003181526255,13.3830981215847));
#7235=CARTESIAN_POINT('Ctrl Pts',(33.1490172557672,20.0007608797463,13.3614574042793));
#7236=CARTESIAN_POINT('Ctrl Pts',(33.036902689198,20.001236529279,13.3382074234421));
#7237=CARTESIAN_POINT('Ctrl Pts',(32.9239895697047,20.0009299936961,13.3215958269949));
#7238=CARTESIAN_POINT('Ctrl Pts',(32.8107718716124,20.000574327925,13.3115483616408));
#7239=CARTESIAN_POINT('Ctrl Pts',(32.7239578043187,20.0003016073811,13.3038440773453));
#7240=CARTESIAN_POINT('Ctrl Pts',(32.6369633239856,20.0000000000001,13.3));
#7241=CARTESIAN_POINT('Ctrl Pts',(32.55,20.,13.3));
#7242=CARTESIAN_POINT('Origin',(36.5,-19.50103145979,2.254592339081));
#7243=CARTESIAN_POINT('Origin',(36.5,-18.90641188507,15.336222982756));
#7244=CARTESIAN_POINT('Origin',(36.5,-15.90950626444,15.2));
#7245=CARTESIAN_POINT('',(36.5,-15.90950626444,19.2));
#7246=CARTESIAN_POINT('Origin',(36.5,-15.90950626444,18.2));
#7247=CARTESIAN_POINT('Origin',(36.5,-15.90950626444,15.2));
#7248=CARTESIAN_POINT('Origin',(36.5,-15.90950626444,18.2));
#7249=CARTESIAN_POINT('Origin',(36.5,15.909506264446,18.2));
#7250=CARTESIAN_POINT('',(36.5,-15.90950626444,19.2));
#7251=CARTESIAN_POINT('Origin',(36.5,15.909506264446,15.2));
#7252=CARTESIAN_POINT('Origin',(37.5,-0.75,12.));
#7253=CARTESIAN_POINT('',(37.5,-0.75,4.));
#7254=CARTESIAN_POINT('',(37.5,-0.75,12.));
#7255=CARTESIAN_POINT('Origin',(37.5,0.75,12.));
#7256=CARTESIAN_POINT('',(34.5,0.75,12.));
#7257=CARTESIAN_POINT('',(37.5,0.75,12.));
#7258=CARTESIAN_POINT('Origin',(37.5,-0.75,4.));
#7259=CARTESIAN_POINT('',(37.5,0.75,4.));
#7260=CARTESIAN_POINT('',(34.5,-0.75,4.));
#7261=CARTESIAN_POINT('Origin',(37.5,0.75,4.));
#7262=CARTESIAN_POINT('Origin',(37.5,10.,11.));
#7263=CARTESIAN_POINT('',(36.5,6.1,11.));
#7264=CARTESIAN_POINT('Origin',(36.5,10.,11.));
#7265=CARTESIAN_POINT('',(37.5,6.1,11.));
#7266=CARTESIAN_POINT('Origin',(37.5,-10.,11.));
#7267=CARTESIAN_POINT('',(36.5,-13.9,11.));
#7268=CARTESIAN_POINT('Origin',(36.5,-10.,11.));
#7269=CARTESIAN_POINT('',(37.5,-13.9,11.));
#7270=CARTESIAN_POINT('Origin',(35.5,-15.90950626444,19.2));
#7271=CARTESIAN_POINT('',(35.5,-15.90950626444,19.2));
#7272=CARTESIAN_POINT('Origin',(35.5,-15.90950626444,15.2));
#7273=CARTESIAN_POINT('Ctrl Pts',(35.5295000000001,-20.0000000000003,13.2999999999999));
#7274=CARTESIAN_POINT('Ctrl Pts',(32.5205,-20.0000000000003,13.2999999999999));
#7275=CARTESIAN_POINT('Ctrl Pts',(35.5295000000001,-19.8818181818103,15.8999999999999));
#7276=CARTESIAN_POINT('Ctrl Pts',(32.5205,-19.8818181818103,15.8999999999999));
#7277=CARTESIAN_POINT('Ctrl Pts',(35.5295000000001,-16.5000000000003,16.9999999999999));
#7278=CARTESIAN_POINT('Ctrl Pts',(32.5205,-16.5000000000003,16.9999999999999));
#7279=CARTESIAN_POINT('Ctrl Pts',(35.5,-18.164412525358,16.2500000000012));
#7280=CARTESIAN_POINT('Ctrl Pts',(35.5,-18.2305987996998,16.2087268822707));
#7281=CARTESIAN_POINT('Ctrl Pts',(35.4991377732512,-18.2962909016018,16.1658832774878));
#7282=CARTESIAN_POINT('Ctrl Pts',(35.4971923475163,-18.3612592715755,16.1213249568037));
#7283=CARTESIAN_POINT('Ctrl Pts',(35.495333899516,-18.4233229808638,16.0787587871055));
#7284=CARTESIAN_POINT('Ctrl Pts',(35.4924868826928,-18.484726226005,16.0346274874653));
#7285=CARTESIAN_POINT('Ctrl Pts',(35.4884158998004,-18.5452688814574,15.9888257290618));
#7286=CARTESIAN_POINT('Ctrl Pts',(35.4844471885442,-18.604290578313,15.9441746069769));
#7287=CARTESIAN_POINT('Ctrl Pts',(35.4793152656882,-18.6624943819836,15.8979355031905));
#7288=CARTESIAN_POINT('Ctrl Pts',(35.4727604645063,-18.7196948739121,15.8500359177141));
#7289=CARTESIAN_POINT('Ctrl Pts',(35.4664470160994,-18.7747892001356,15.8039000314789));
#7290=CARTESIAN_POINT('Ctrl Pts',(35.4588134353852,-18.8289527397644,15.7562233493754));
#7291=CARTESIAN_POINT('Ctrl Pts',(35.4495893416479,-18.8820198111013,15.7069699365581));
#7292=CARTESIAN_POINT('Ctrl Pts',(35.4444153448321,-18.9117862972128,15.6793426152902));
#7293=CARTESIAN_POINT('Ctrl Pts',(35.4387402296936,-18.9412077977177,15.6512197506966));
#7294=CARTESIAN_POINT('Ctrl Pts',(35.4325108999198,-18.970255072312,15.6225998789898));
#7295=CARTESIAN_POINT('Ctrl Pts',(35.4208370541651,-19.0246900461407,15.5689658637818));
#7296=CARTESIAN_POINT('Ctrl Pts',(35.4072180641287,-19.0777251625646,15.5135883980588));
#7297=CARTESIAN_POINT('Ctrl Pts',(35.3913139966037,-19.1290006228579,15.456630746308));
#7298=CARTESIAN_POINT('Ctrl Pts',(35.3805839841999,-19.1635946865525,15.4182030730841));
#7299=CARTESIAN_POINT('Ctrl Pts',(35.368813474617,-19.1973877883936,15.3790570501995));
#7300=CARTESIAN_POINT('Ctrl Pts',(35.3558947181149,-19.2302694351533,15.3392558916717));
#7301=CARTESIAN_POINT('Ctrl Pts',(35.3380893614565,-19.2755887697178,15.2843996968907));
#7302=CARTESIAN_POINT('Ctrl Pts',(35.3181043262491,-19.3191684355227,15.2283117660086));
#7303=CARTESIAN_POINT('Ctrl Pts',(35.2957175700174,-19.3607062168896,15.1713271924732));
#7304=CARTESIAN_POINT('Ctrl Pts',(35.275875091523,-19.3975231869297,15.1208189739897));
#7305=CARTESIAN_POINT('Ctrl Pts',(35.254134297306,-19.4327113831733,15.0695841131437));
#7306=CARTESIAN_POINT('Ctrl Pts',(35.2304213088554,-19.4661315894834,15.017992854309));
#7307=CARTESIAN_POINT('Ctrl Pts',(35.2072077182511,-19.4988479629938,14.9674881124098));
#7308=CARTESIAN_POINT('Ctrl Pts',(35.1821040313269,-19.5298700304985,14.9166423228579));
#7309=CARTESIAN_POINT('Ctrl Pts',(35.1550909879691,-19.5590671876384,14.8658031410229));
#7310=CARTESIAN_POINT('Ctrl Pts',(35.1445382761765,-19.5704731288492,14.8459426896634));
#7311=CARTESIAN_POINT('Ctrl Pts',(35.1336947332326,-19.5816005716879,14.8260832101698));
#7312=CARTESIAN_POINT('Ctrl Pts',(35.1225613760427,-19.5924417298863,14.8062451847723));
#7313=CARTESIAN_POINT('Ctrl Pts',(35.0955861206303,-19.6187090099513,14.7581791977702));
#7314=CARTESIAN_POINT('Ctrl Pts',(35.0669251775666,-19.6432592428071,14.7102744606207));
#7315=CARTESIAN_POINT('Ctrl Pts',(35.0366470184109,-19.6661686008008,14.6628369315574));
#7316=CARTESIAN_POINT('Ctrl Pts',(35.0065329465892,-19.6889538054251,14.6156564821149));
#7317=CARTESIAN_POINT('Ctrl Pts',(34.9748192588884,-19.7101158718806,14.568938644769));
#7318=CARTESIAN_POINT('Ctrl Pts',(34.9416207839804,-19.7297297408045,14.5229649610871));
#7319=CARTESIAN_POINT('Ctrl Pts',(34.908547836071,-19.7492694475837,14.47716510884));
#7320=CARTESIAN_POINT('Ctrl Pts',(34.8740015192651,-19.7672726424992,14.4321042115773));
#7321=CARTESIAN_POINT('Ctrl Pts',(34.8381401366663,-19.7838134193224,14.3880347170324));
#7322=CARTESIAN_POINT('Ctrl Pts',(34.8124654387677,-19.7956556690398,14.3564834806609));
#7323=CARTESIAN_POINT('Ctrl Pts',(34.7861176255331,-19.806748321175,14.3254398805767));
#7324=CARTESIAN_POINT('Ctrl Pts',(34.7591678863346,-19.8171185661936,14.2949866368774));
#7325=CARTESIAN_POINT('Ctrl Pts',(34.7142578768801,-19.83439991346,14.2442382621944));
#7326=CARTESIAN_POINT('Ctrl Pts',(34.6676556825884,-19.8497498046741,14.1951077592059));
#7327=CARTESIAN_POINT('Ctrl Pts',(34.6195995191169,-19.8634414918638,14.1477969102699));
#7328=CARTESIAN_POINT('Ctrl Pts',(34.5745356701595,-19.8762806383732,14.1034319673262));
#7329=CARTESIAN_POINT('Ctrl Pts',(34.528193910389,-19.8876616545735,14.0606669894305));
#7330=CARTESIAN_POINT('Ctrl Pts',(34.4807959109145,-19.8978098610923,14.0196351979113));
#7331=CARTESIAN_POINT('Ctrl Pts',(34.4086348318412,-19.9132599969877,13.9571663514377));
#7332=CARTESIAN_POINT('Ctrl Pts',(34.3342401764489,-19.9264285629016,13.898888653879));
#7333=CARTESIAN_POINT('Ctrl Pts',(34.2580269441039,-19.9376465850029,13.8447673796044));
#7334=CARTESIAN_POINT('Ctrl Pts',(34.1789843082003,-19.9492810743064,13.7886368620355));
#7335=CARTESIAN_POINT('Ctrl Pts',(34.097985487448,-19.9588175042254,13.7369764306628));
#7336=CARTESIAN_POINT('Ctrl Pts',(34.0154377695948,-19.9666251544543,13.6897281114216));
#7337=CARTESIAN_POINT('Ctrl Pts',(33.929539042025,-19.974749754836,13.6405617551832));
#7338=CARTESIAN_POINT('Ctrl Pts',(33.841962908462,-19.9810023676042,13.5961722808339));
#7339=CARTESIAN_POINT('Ctrl Pts',(33.7531111632971,-19.9857990953366,13.5564849120991));
#7340=CARTESIAN_POINT('Ctrl Pts',(33.6566179784729,-19.9910083518884,13.5133843449756));
#7341=CARTESIAN_POINT('Ctrl Pts',(33.5586202980132,-19.9945005367058,13.4758285589668));
#7342=CARTESIAN_POINT('Ctrl Pts',(33.4595679215491,-19.9968086071215,13.4437237847837));
#7343=CARTESIAN_POINT('Ctrl Pts',(33.3570353199091,-19.9991977720557,13.4104910029003));
#7344=CARTESIAN_POINT('Ctrl Pts',(33.2533717348249,-20.0003181526242,13.383098121558));
#7345=CARTESIAN_POINT('Ctrl Pts',(33.1490172556705,-20.000760879745,13.3614574042592));
#7346=CARTESIAN_POINT('Ctrl Pts',(33.036902689131,-20.0012365292777,13.3382074234321));
#7347=CARTESIAN_POINT('Ctrl Pts',(32.9239895696678,-20.0009299936953,13.3215958269914));
#7348=CARTESIAN_POINT('Ctrl Pts',(32.8107718716054,-20.0005743279245,13.3115483616402));
#7349=CARTESIAN_POINT('Ctrl Pts',(32.7239578043143,-20.000301607381,13.3038440773451));
#7350=CARTESIAN_POINT('Ctrl Pts',(32.6369633239836,-20.0000000000001,13.3));
#7351=CARTESIAN_POINT('Ctrl Pts',(32.55,-20.,13.3));
#7352=CARTESIAN_POINT('Origin',(32.55,-22.,16.25));
#7353=CARTESIAN_POINT('',(29.6,-18.1644122422894,16.2500001178399));
#7354=CARTESIAN_POINT('Ctrl Pts',(29.6,-18.164412525358,16.2499999999994));
#7355=CARTESIAN_POINT('Ctrl Pts',(29.6,-18.179175400958,16.2407940164194));
#7356=CARTESIAN_POINT('Ctrl Pts',(29.6000430843382,-18.1939097364792,16.231509597537));
#7357=CARTESIAN_POINT('Ctrl Pts',(29.600131509431,-18.2086141418405,16.2221452275521));
#7358=CARTESIAN_POINT('Ctrl Pts',(29.6005342453017,-18.2755859855688,16.1794948035582));
#7359=CARTESIAN_POINT('Ctrl Pts',(29.6018733676106,-18.3420124480788,16.1351886478112));
#7360=CARTESIAN_POINT('Ctrl Pts',(29.6043922561757,-18.407645984124,16.0890807049417));
#7361=CARTESIAN_POINT('Ctrl Pts',(29.6067460650146,-18.4689781126741,16.0459945259902));
#7362=CARTESIAN_POINT('Ctrl Pts',(29.6101303070622,-18.5296178407092,16.0013347418819));
#7363=CARTESIAN_POINT('Ctrl Pts',(29.6147866615265,-18.5893631729153,15.9550039701162));
#7364=CARTESIAN_POINT('Ctrl Pts',(29.6193266568037,-18.647615509186,15.9098309733828));
#7365=CARTESIAN_POINT('Ctrl Pts',(29.6250759638849,-18.7050175918157,15.8630690529703));
#7366=CARTESIAN_POINT('Ctrl Pts',(29.6322998603259,-18.7613821934081,15.8146542811218));
#7367=CARTESIAN_POINT('Ctrl Pts',(29.6392729312978,-18.815789724084,15.7679205491324));
#7368=CARTESIAN_POINT('Ctrl Pts',(29.6476200776372,-18.8692305690122,15.7196463936049));
#7369=CARTESIAN_POINT('Ctrl Pts',(29.6576180533576,-18.9215363339966,15.6698046236506));
#7370=CARTESIAN_POINT('Ctrl Pts',(29.6607436978599,-18.9378885668221,15.65422270401));
#7371=CARTESIAN_POINT('Ctrl Pts',(29.6640309699079,-18.95412986136,15.638487822873));
#7372=CARTESIAN_POINT('Ctrl Pts',(29.6674891000824,-18.970255072323,15.6225998789796));
#7373=CARTESIAN_POINT('Ctrl Pts',(29.6791629458165,-19.0246900460546,15.568965863867));
#7374=CARTESIAN_POINT('Ctrl Pts',(29.6927819358251,-19.0777251623859,15.5135883982471));
#7375=CARTESIAN_POINT('Ctrl Pts',(29.7086860033137,-19.1290006225937,15.4566307466036));
#7376=CARTESIAN_POINT('Ctrl Pts',(29.7194160157406,-19.1635946863839,15.4182030732817));
#7377=CARTESIAN_POINT('Ctrl Pts',(29.7311865253519,-19.1973877883166,15.3790570502947));
#7378=CARTESIAN_POINT('Ctrl Pts',(29.744105281889,-19.2302694351634,15.3392558916596));
#7379=CARTESIAN_POINT('Ctrl Pts',(29.7619106385484,-19.2755887697276,15.2843996968763));
#7380=CARTESIAN_POINT('Ctrl Pts',(29.7818956737556,-19.3191684355318,15.2283117659957));
#7381=CARTESIAN_POINT('Ctrl Pts',(29.8042824299875,-19.3607062168985,15.1713271924606));
#7382=CARTESIAN_POINT('Ctrl Pts',(29.8241249084808,-19.3975231869362,15.1208189739806));
#7383=CARTESIAN_POINT('Ctrl Pts',(29.8458657026965,-19.4327113831772,15.0695841131382));
#7384=CARTESIAN_POINT('Ctrl Pts',(29.8695786911454,-19.4661315894848,15.0179928543071));
#7385=CARTESIAN_POINT('Ctrl Pts',(29.8927922817482,-19.4988479629928,14.9674881124116));
#7386=CARTESIAN_POINT('Ctrl Pts',(29.9178959686704,-19.5298700304953,14.9166423228633));
#7387=CARTESIAN_POINT('Ctrl Pts',(29.944909012026,-19.5590671876334,14.8658031410321));
#7388=CARTESIAN_POINT('Ctrl Pts',(29.9554617238223,-19.5704731288483,14.8459426896656));
#7389=CARTESIAN_POINT('Ctrl Pts',(29.96630526677,-19.5816005716909,14.8260832101651));
#7390=CARTESIAN_POINT('Ctrl Pts',(29.9774386239638,-19.5924417298932,14.8062451847606));
#7391=CARTESIAN_POINT('Ctrl Pts',(30.0044138793813,-19.6187090099629,14.75817919775));
#7392=CARTESIAN_POINT('Ctrl Pts',(30.0330748224506,-19.6432592428227,14.7102744605922));
#7393=CARTESIAN_POINT('Ctrl Pts',(30.0633529816125,-19.6661686008196,14.6628369315207));
#7394=CARTESIAN_POINT('Ctrl Pts',(30.0934670534403,-19.6889538054471,14.6156564820702));
#7395=CARTESIAN_POINT('Ctrl Pts',(30.1251807411478,-19.7101158719053,14.5689386447163));
#7396=CARTESIAN_POINT('Ctrl Pts',(30.1583792160632,-19.7297297408312,14.5229649610267));
#7397=CARTESIAN_POINT('Ctrl Pts',(30.1914521639798,-19.7492694476124,14.4771651087722));
#7398=CARTESIAN_POINT('Ctrl Pts',(30.2259984807934,-19.7672726425294,14.4321042115022));
#7399=CARTESIAN_POINT('Ctrl Pts',(30.2618598634006,-19.7838134193538,14.3880347169502));
#7400=CARTESIAN_POINT('Ctrl Pts',(30.2875345612818,-19.7956556690612,14.3564834806023));
#7401=CARTESIAN_POINT('Ctrl Pts',(30.3138823744982,-19.8067483211877,14.3254398805409));
#7402=CARTESIAN_POINT('Ctrl Pts',(30.3408321136778,-19.8171185661987,14.2949866368633));
#7403=CARTESIAN_POINT('Ctrl Pts',(30.3857421231771,-19.8343999134818,14.2442382621305));
#7404=CARTESIAN_POINT('Ctrl Pts',(30.4323443175163,-19.8497498047084,14.1951077590959));
#7405=CARTESIAN_POINT('Ctrl Pts',(30.4804004810376,-19.8634414919078,14.1477969101177));
#7406=CARTESIAN_POINT('Ctrl Pts',(30.5254643299511,-19.8762806384004,14.1034319672238));
#7407=CARTESIAN_POINT('Ctrl Pts',(30.5718060896747,-19.887661654587,14.0606669893748));
#7408=CARTESIAN_POINT('Ctrl Pts',(30.6192040891004,-19.8978098610952,14.0196351978985));
#7409=CARTESIAN_POINT('Ctrl Pts',(30.6913651681745,-19.9132599969907,13.9571663514249));
#7410=CARTESIAN_POINT('Ctrl Pts',(30.7657598235678,-19.9264285629044,13.8988886538663));
#7411=CARTESIAN_POINT('Ctrl Pts',(30.8419730559138,-19.9376465850053,13.8447673795918));
#7412=CARTESIAN_POINT('Ctrl Pts',(30.9210156918183,-19.9492810743085,13.7886368620232));
#7413=CARTESIAN_POINT('Ctrl Pts',(31.0020145125716,-19.9588175042271,13.7369764306507));
#7414=CARTESIAN_POINT('Ctrl Pts',(31.0845622304257,-19.9666251544556,13.6897281114098));
#7415=CARTESIAN_POINT('Ctrl Pts',(31.1704609579965,-19.9747497548368,13.6405617551718));
#7416=CARTESIAN_POINT('Ctrl Pts',(31.2580370915604,-19.9810023676044,13.596172280823));
#7417=CARTESIAN_POINT('Ctrl Pts',(31.3468888367261,-19.9857990953364,13.5564849120887));
#7418=CARTESIAN_POINT('Ctrl Pts',(31.4433820215343,-19.9910083518867,13.5133843449734));
#7419=CARTESIAN_POINT('Ctrl Pts',(31.5413797019775,-19.9945005367033,13.4758285589708));
#7420=CARTESIAN_POINT('Ctrl Pts',(31.6404320784245,-19.9968086071185,13.4437237847922));
#7421=CARTESIAN_POINT('Ctrl Pts',(31.7429646800644,-19.9991977720526,13.4104910029078));
#7422=CARTESIAN_POINT('Ctrl Pts',(31.8466282651486,-20.0003181526212,13.3830981215645));
#7423=CARTESIAN_POINT('Ctrl Pts',(31.9509827443028,-20.0007608797422,13.3614574042647));
#7424=CARTESIAN_POINT('Ctrl Pts',(32.0630973108439,-20.001236529275,13.3382074234362));
#7425=CARTESIAN_POINT('Ctrl Pts',(32.1760104303089,-20.0009299936929,13.3215958269943));
#7426=CARTESIAN_POINT('Ctrl Pts',(32.2892281283728,-20.0005743279227,13.3115483616421));
#7427=CARTESIAN_POINT('Ctrl Pts',(32.3760421956097,-20.0003016073797,13.3038440773512));
#7428=CARTESIAN_POINT('Ctrl Pts',(32.4630366758859,-19.9999999999997,13.3000000000054));
#7429=CARTESIAN_POINT('Ctrl Pts',(32.5499999998151,-20.,13.3));
#7430=CARTESIAN_POINT('',(32.55,-18.3,13.3));
#7431=CARTESIAN_POINT('Ctrl Pts',(35.5,-17.209828179273,16.2500000000012));
#7432=CARTESIAN_POINT('Ctrl Pts',(35.5,-17.2652823743583,16.1807779324003));
#7433=CARTESIAN_POINT('Ctrl Pts',(35.4975646928182,-17.3195104154935,16.1098218129836));
#7434=CARTESIAN_POINT('Ctrl Pts',(35.4923216740168,-17.3721686546426,16.0372955886418));
#7435=CARTESIAN_POINT('Ctrl Pts',(35.4870786552153,-17.4248268937917,15.9647693642999));
#7436=CARTESIAN_POINT('Ctrl Pts',(35.4790274942843,-17.4759153309547,15.8906725447618));
#7437=CARTESIAN_POINT('Ctrl Pts',(35.4677856618305,-17.5250903180958,15.8152278394186));
#7438=CARTESIAN_POINT('Ctrl Pts',(35.4577635832497,-17.5689297532911,15.7479689856192));
#7439=CARTESIAN_POINT('Ctrl Pts',(35.445204502235,-17.6112369142084,15.6796566678679));
#7440=CARTESIAN_POINT('Ctrl Pts',(35.4298778413307,-17.6517460812322,15.610622475362));
#7441=CARTESIAN_POINT('Ctrl Pts',(35.4270044509741,-17.6593406023486,15.5976801793026));
#7442=CARTESIAN_POINT('Ctrl Pts',(35.4240338997379,-17.666871928515,15.5847126061665));
#7443=CARTESIAN_POINT('Ctrl Pts',(35.4209648289559,-17.6743383088173,15.5717220695775));
#7444=CARTESIAN_POINT('Ctrl Pts',(35.4069772795045,-17.7083669680174,15.5125166012629));
#7445=CARTESIAN_POINT('Ctrl Pts',(35.390933497983,-17.7410216801002,15.4528094419429));
#7446=CARTESIAN_POINT('Ctrl Pts',(35.3727527884196,-17.7721930217991,15.3929313356158));
#7447=CARTESIAN_POINT('Ctrl Pts',(35.3547727262805,-17.8030203478036,15.3337140609116));
#7448=CARTESIAN_POINT('Ctrl Pts',(35.3347025618039,-17.8323968645359,15.2743300849864));
#7449=CARTESIAN_POINT('Ctrl Pts',(35.3125148383952,-17.860216731771,15.2151030159256));
#7450=CARTESIAN_POINT('Ctrl Pts',(35.2930438970255,-17.884630187531,15.1631280220092));
#7451=CARTESIAN_POINT('Ctrl Pts',(35.2719429425043,-17.9078448639578,15.1112741384063));
#7452=CARTESIAN_POINT('Ctrl Pts',(35.2492264692569,-17.9297892334981,15.0597578113414));
#7453=CARTESIAN_POINT('Ctrl Pts',(35.2239835940218,-17.9541741358722,15.0025121199652));
#7454=CARTESIAN_POINT('Ctrl Pts',(35.1967627036898,-17.9769615100416,14.9457242782273));
#7455=CARTESIAN_POINT('Ctrl Pts',(35.1676426522381,-17.9982236478942,14.8896886587315));
#7456=CARTESIAN_POINT('Ctrl Pts',(35.1385705378394,-18.0194507842899,14.8337452843493));
#7457=CARTESIAN_POINT('Ctrl Pts',(35.1076056773753,-18.0391577018841,14.7785521316053));
#7458=CARTESIAN_POINT('Ctrl Pts',(35.0748746990474,-18.0574163361342,14.7243828284559));
#7459=CARTESIAN_POINT('Ctrl Pts',(35.04212297296,-18.0756865443051,14.6701791880599));
#7460=CARTESIAN_POINT('Ctrl Pts',(35.0076031333319,-18.0925066324525,14.6170011392515));
#7461=CARTESIAN_POINT('Ctrl Pts',(34.9714872454963,-18.1079486729172,14.5650965844006));
#7462=CARTESIAN_POINT('Ctrl Pts',(34.9377662726394,-18.1223667215538,14.5166339218392));
#7463=CARTESIAN_POINT('Ctrl Pts',(34.9026545489993,-18.1355834249137,14.4692814579778));
#7464=CARTESIAN_POINT('Ctrl Pts',(34.8663243520931,-18.1476574473154,14.4232155310764));
#7465=CARTESIAN_POINT('Ctrl Pts',(34.8187593180325,-18.1634652693393,14.3629040665457));
#7466=CARTESIAN_POINT('Ctrl Pts',(34.769082296918,-18.177388947977,14.3047658264157));
#7467=CARTESIAN_POINT('Ctrl Pts',(34.717592320182,-18.1897019721331,14.2489893719702));
#7468=CARTESIAN_POINT('Ctrl Pts',(34.6680680084357,-18.2015449381918,14.1953422217254));
#7469=CARTESIAN_POINT('Ctrl Pts',(34.6168670856005,-18.2118978780962,14.1438798770341));
#7470=CARTESIAN_POINT('Ctrl Pts',(34.5642764509239,-18.2210041393927,14.0947296273429));
#7471=CARTESIAN_POINT('Ctrl Pts',(34.4977986954775,-18.2325150065883,14.0326007274124));
#7472=CARTESIAN_POINT('Ctrl Pts',(34.4292218707518,-18.2424239395008,13.9742701739122));
#7473=CARTESIAN_POINT('Ctrl Pts',(34.3589174184034,-18.2509470548517,13.9196957766427));
#7474=CARTESIAN_POINT('Ctrl Pts',(34.2847379204508,-18.2599399478563,13.8621133440187));
#7475=CARTESIAN_POINT('Ctrl Pts',(34.208635216359,-18.2673900460095,13.8087119489011));
#7476=CARTESIAN_POINT('Ctrl Pts',(34.1309899445912,-18.2735512077186,13.759423601834));
#7477=CARTESIAN_POINT('Ctrl Pts',(34.050480943627,-18.279939606686,13.7083173916141));
#7478=CARTESIAN_POINT('Ctrl Pts',(33.9683133049461,-18.2849422382238,13.6616325154964));
#7479=CARTESIAN_POINT('Ctrl Pts',(33.8848537920751,-18.2888420980216,13.6192842506681));
#7480=CARTESIAN_POINT('Ctrl Pts',(33.7980956277945,-18.292896095767,13.5752622142269));
#7481=CARTESIAN_POINT('Ctrl Pts',(33.7099411159408,-18.2957584272459,13.5359256269972));
#7482=CARTESIAN_POINT('Ctrl Pts',(33.6207451561681,-18.2977469872017,13.5011811972153));
#7483=CARTESIAN_POINT('Ctrl Pts',(33.5255835258927,-18.299868547503,13.4641129646468));
#7484=CARTESIAN_POINT('Ctrl Pts',(33.4292361135058,-18.3009955471643,13.4322708200578));
#7485=CARTESIAN_POINT('Ctrl Pts',(33.3320752911781,-18.3015140271735,13.4055566029663));
#7486=CARTESIAN_POINT('Ctrl Pts',(33.2313631466023,-18.3020514581296,13.3778659553421));
#7487=CARTESIAN_POINT('Ctrl Pts',(33.1297760821943,-18.301935072501,13.3556841481086));
#7488=CARTESIAN_POINT('Ctrl Pts',(33.0276786492897,-18.3015948078648,13.3389309338298));
#7489=CARTESIAN_POINT('Ctrl Pts',(32.920961574208,-18.3012391471426,13.3214196803616));
#7490=CARTESIAN_POINT('Ctrl Pts',(32.8136855915292,-18.3006388891787,13.30983862538));
#7491=CARTESIAN_POINT('Ctrl Pts',(32.7062308376277,-18.3002850127025,13.3041398666308));
#7492=CARTESIAN_POINT('Ctrl Pts',(32.6541822855984,-18.300113603272,13.3013795221091));
#7493=CARTESIAN_POINT('Ctrl Pts',(32.6020913892787,-18.2999999999999,13.3));
#7494=CARTESIAN_POINT('Ctrl Pts',(32.55,-18.3,13.3));
#7495=CARTESIAN_POINT('',(29.6,-17.209828133252,16.2500000387764));
#7496=CARTESIAN_POINT('Ctrl Pts',(29.6,-17.209828179273,16.2499999999994));
#7497=CARTESIAN_POINT('Ctrl Pts',(29.6,-17.2150227489263,16.2435157504934));
#7498=CARTESIAN_POINT('Ctrl Pts',(29.6000213788274,-17.2202064204294,16.2370165759804));
#7499=CARTESIAN_POINT('Ctrl Pts',(29.6000644331467,-17.2253789521903,16.2305025280187));
#7500=CARTESIAN_POINT('Ctrl Pts',(29.6005087916299,-17.2787640343053,16.163271817525));
#7501=CARTESIAN_POINT('Ctrl Pts',(29.6032613366896,-17.330975560245,16.0944279555637));
#7502=CARTESIAN_POINT('Ctrl Pts',(29.6086599559374,-17.3817009648365,16.0241267054435));
#7503=CARTESIAN_POINT('Ctrl Pts',(29.6139064032887,-17.4309965629053,15.9558070498869));
#7504=CARTESIAN_POINT('Ctrl Pts',(29.6216522297409,-17.4788886380403,15.8861108704187));
#7505=CARTESIAN_POINT('Ctrl Pts',(29.6322143381599,-17.5250903180532,15.8152278394834));
#7506=CARTESIAN_POINT('Ctrl Pts',(29.6422364167679,-17.5689297533763,15.7479689854909));
#7507=CARTESIAN_POINT('Ctrl Pts',(29.6547954978241,-17.6112369144117,15.6796566675416));
#7508=CARTESIAN_POINT('Ctrl Pts',(29.6701221587869,-17.6517460815435,15.6106224748319));
#7509=CARTESIAN_POINT('Ctrl Pts',(29.6729955491021,-17.6593406025415,15.5976801789707));
#7510=CARTESIAN_POINT('Ctrl Pts',(29.6759661002938,-17.6668719285914,15.5847126060336));
#7511=CARTESIAN_POINT('Ctrl Pts',(29.6790351710284,-17.6743383087793,15.5717220696441));
#7512=CARTESIAN_POINT('Ctrl Pts',(29.6930227204794,-17.7083669679831,15.5125166013248));
#7513=CARTESIAN_POINT('Ctrl Pts',(29.7090665020008,-17.7410216800694,15.4528094420001));
#7514=CARTESIAN_POINT('Ctrl Pts',(29.7272472115645,-17.7721930217715,15.3929313356682));
#7515=CARTESIAN_POINT('Ctrl Pts',(29.7452272737038,-17.8030203477793,15.3337140609593));
#7516=CARTESIAN_POINT('Ctrl Pts',(29.765297438181,-17.8323968645147,15.2743300850294));
#7517=CARTESIAN_POINT('Ctrl Pts',(29.7874851615904,-17.8602167317527,15.215103015964));
#7518=CARTESIAN_POINT('Ctrl Pts',(29.8069561029554,-17.8846301875083,15.163128022058));
#7519=CARTESIAN_POINT('Ctrl Pts',(29.8280570574712,-17.9078448639313,15.1112741384656));
#7520=CARTESIAN_POINT('Ctrl Pts',(29.8507735307124,-17.9297892334684,15.059757811411));
#7521=CARTESIAN_POINT('Ctrl Pts',(29.8760164059445,-17.9541741358426,15.0025121200377));
#7522=CARTESIAN_POINT('Ctrl Pts',(29.9032372962732,-17.9769615100121,14.9457242783027));
#7523=CARTESIAN_POINT('Ctrl Pts',(29.9323573477213,-17.9982236478649,14.8896886588096));
#7524=CARTESIAN_POINT('Ctrl Pts',(29.9614294621165,-18.0194507842607,14.83374528443));
#7525=CARTESIAN_POINT('Ctrl Pts',(29.9923943225768,-18.0391577018552,14.7785521316885));
#7526=CARTESIAN_POINT('Ctrl Pts',(30.0251253009008,-18.0574163361056,14.7243828285415));
#7527=CARTESIAN_POINT('Ctrl Pts',(30.0578770269843,-18.0756865442769,14.6701791881479));
#7528=CARTESIAN_POINT('Ctrl Pts',(30.0923968666083,-18.0925066324247,14.6170011393417));
#7529=CARTESIAN_POINT('Ctrl Pts',(30.1285127544395,-18.10794867289,14.5650965844928));
#7530=CARTESIAN_POINT('Ctrl Pts',(30.1622337272985,-18.1223667215298,14.5166339219245));
#7531=CARTESIAN_POINT('Ctrl Pts',(30.197345450941,-18.1355834248926,14.4692814580565));
#7532=CARTESIAN_POINT('Ctrl Pts',(30.2336756478498,-18.1476574472969,14.4232155311488));
#7533=CARTESIAN_POINT('Ctrl Pts',(30.2812406818525,-18.1634652693038,14.3629040666877));
#7534=CARTESIAN_POINT('Ctrl Pts',(30.330917702905,-18.1773889479289,14.3047658266211));
#7535=CARTESIAN_POINT('Ctrl Pts',(30.3824076795756,-18.1897019720757,14.2489893722328));
#7536=CARTESIAN_POINT('Ctrl Pts',(30.431931991372,-18.2015449381525,14.1953422219206));
#7537=CARTESIAN_POINT('Ctrl Pts',(30.483132914262,-18.2118978780714,14.1438798771663));
#7538=CARTESIAN_POINT('Ctrl Pts',(30.5357235489965,-18.2210041393793,14.0947296274173));
#7539=CARTESIAN_POINT('Ctrl Pts',(30.6022013044393,-18.2325150065762,14.0326007274856));
#7540=CARTESIAN_POINT('Ctrl Pts',(30.6707781291613,-18.2424239394898,13.974270173984));
#7541=CARTESIAN_POINT('Ctrl Pts',(30.7410825815061,-18.2509470548416,13.919695776713));
#7542=CARTESIAN_POINT('Ctrl Pts',(30.8152620794546,-18.2599399478472,13.8621133440875));
#7543=CARTESIAN_POINT('Ctrl Pts',(30.8913647835422,-18.2673900460014,13.8087119489683));
#7544=CARTESIAN_POINT('Ctrl Pts',(30.9690100553059,-18.2735512077114,13.7594236018993));
#7545=CARTESIAN_POINT('Ctrl Pts',(31.0495190562655,-18.2799396066796,13.7083173916776));
#7546=CARTESIAN_POINT('Ctrl Pts',(31.1316866949419,-18.2849422382183,13.6616325155579));
#7547=CARTESIAN_POINT('Ctrl Pts',(31.2151462078084,-18.2888420980168,13.6192842507273));
#7548=CARTESIAN_POINT('Ctrl Pts',(31.301904372084,-18.2928960957629,13.5752622142838));
#7549=CARTESIAN_POINT('Ctrl Pts',(31.3900588839328,-18.2957584272425,13.5359256270513));
#7550=CARTESIAN_POINT('Ctrl Pts',(31.4792548437006,-18.2977469871989,13.5011811972665));
#7551=CARTESIAN_POINT('Ctrl Pts',(31.5744164739699,-18.2998685475008,13.464112964695));
#7552=CARTESIAN_POINT('Ctrl Pts',(31.6707638863509,-18.3009955471626,13.4322708201027));
#7553=CARTESIAN_POINT('Ctrl Pts',(31.7679247086727,-18.3015140271722,13.4055566030073));
#7554=CARTESIAN_POINT('Ctrl Pts',(31.8686368532423,-18.3020514581287,13.3778659553791));
#7555=CARTESIAN_POINT('Ctrl Pts',(31.9702239176441,-18.3019350725005,13.3556841481412));
#7556=CARTESIAN_POINT('Ctrl Pts',(32.0723213505426,-18.3015948078646,13.3389309338573));
#7557=CARTESIAN_POINT('Ctrl Pts',(32.1790384256186,-18.3012391471426,13.3214196803838));
#7558=CARTESIAN_POINT('Ctrl Pts',(32.286314408292,-18.3006388891788,13.3098386253962));
#7559=CARTESIAN_POINT('Ctrl Pts',(32.3937691621881,-18.3002850127026,13.3041398666405));
#7560=CARTESIAN_POINT('Ctrl Pts',(32.4458177142171,-18.300113603272,13.3013795221156));
#7561=CARTESIAN_POINT('Ctrl Pts',(32.4979086105365,-18.3,13.3000000000033));
#7562=CARTESIAN_POINT('Ctrl Pts',(32.5499999998151,-18.3,13.3));
#7563=CARTESIAN_POINT('',(29.6,-22.,16.25));
#7564=CARTESIAN_POINT('Ctrl Pts',(35.5295,-18.3000000000003,13.2999999999999));
#7565=CARTESIAN_POINT('Ctrl Pts',(32.5205,-18.3000000000003,13.2999999999999));
#7566=CARTESIAN_POINT('Ctrl Pts',(35.5295,-18.2632803253003,15.3999999999999));
#7567=CARTESIAN_POINT('Ctrl Pts',(32.5205,-18.2632803253003,15.3999999999999));
#7568=CARTESIAN_POINT('Ctrl Pts',(35.5295,-16.5000000000003,16.9999999999999));
#7569=CARTESIAN_POINT('Ctrl Pts',(32.5205,-16.5000000000003,16.9999999999999));
#7570=CARTESIAN_POINT('',(-35.5,-18.3,13.3));
#7571=CARTESIAN_POINT('Origin',(-35.5,-18.48884404131,2.5));
#7572=CARTESIAN_POINT('',(-32.5500003372289,-18.3,13.3));
#7573=CARTESIAN_POINT('',(-35.5,-18.3,13.3));
#7574=CARTESIAN_POINT('',(-6.906414017011,-18.3,13.3));
#7575=CARTESIAN_POINT('',(-35.5,-18.3,13.3));
#7576=CARTESIAN_POINT('',(6.906414017023,-18.3,13.3));
#7577=CARTESIAN_POINT('',(-35.5,-18.3,13.3));
#7578=CARTESIAN_POINT('',(-35.5,-18.3,13.3));
#7579=CARTESIAN_POINT('Origin',(33.234187472993,-1.10662710545E-13,17.));
#7580=CARTESIAN_POINT('',(30.968374945986,-2.5,16.999999999999));
#7581=CARTESIAN_POINT('Origin',(-35.5,18.488844041314,2.5));
#7582=CARTESIAN_POINT('',(32.55,18.3,13.3));
#7583=CARTESIAN_POINT('',(-35.5,18.3,13.3));
#7584=CARTESIAN_POINT('',(-35.5,18.3,13.3));
#7585=CARTESIAN_POINT('',(-32.55,18.3,13.3));
#7586=CARTESIAN_POINT('',(-35.5,18.3,13.3));
#7587=CARTESIAN_POINT('',(-35.5,18.3,13.3));
#7588=CARTESIAN_POINT('Ctrl Pts',(35.5295,18.2999999999997,13.2999999999999));
#7589=CARTESIAN_POINT('Ctrl Pts',(32.5205,18.2999999999997,13.2999999999999));
#7590=CARTESIAN_POINT('Ctrl Pts',(35.5295,18.2632803252997,15.3999999999999));
#7591=CARTESIAN_POINT('Ctrl Pts',(32.5205,18.2632803252997,15.3999999999999));
#7592=CARTESIAN_POINT('Ctrl Pts',(35.5295,16.4999999999997,16.9999999999999));
#7593=CARTESIAN_POINT('Ctrl Pts',(32.5205,16.4999999999997,16.9999999999999));
#7594=CARTESIAN_POINT('Ctrl Pts',(35.5,17.2098281792736,16.2500000000005));
#7595=CARTESIAN_POINT('Ctrl Pts',(35.5,17.2652823743588,16.1807779323996));
#7596=CARTESIAN_POINT('Ctrl Pts',(35.4975646928181,17.319510415494,16.109821812983));
#7597=CARTESIAN_POINT('Ctrl Pts',(35.4923216740167,17.372168654643,16.0372955886412));
#7598=CARTESIAN_POINT('Ctrl Pts',(35.4870786552153,17.424826893792,15.9647693642994));
#7599=CARTESIAN_POINT('Ctrl Pts',(35.4790274942842,17.4759153309549,15.8906725447616));
#7600=CARTESIAN_POINT('Ctrl Pts',(35.4677856618305,17.5250903180956,15.815227839419));
#7601=CARTESIAN_POINT('Ctrl Pts',(35.4577635832209,17.5689297534171,15.7479689854259));
#7602=CARTESIAN_POINT('Ctrl Pts',(35.4452045021631,17.6112369144507,15.6796566674766));
#7603=CARTESIAN_POINT('Ctrl Pts',(35.4298778411989,17.6517460815807,15.610622474768));
#7604=CARTESIAN_POINT('Ctrl Pts',(35.4270044508832,17.6593406025791,15.5976801789057));
#7605=CARTESIAN_POINT('Ctrl Pts',(35.4240338996909,17.6668719286294,15.5847126059675));
#7606=CARTESIAN_POINT('Ctrl Pts',(35.4209648289558,17.6743383088177,15.5717220695769));
#7607=CARTESIAN_POINT('Ctrl Pts',(35.4069772795094,17.7083669680056,15.5125166012834));
#7608=CARTESIAN_POINT('Ctrl Pts',(35.3909334979942,17.7410216800775,15.4528094419844));
#7609=CARTESIAN_POINT('Ctrl Pts',(35.3727527884385,17.7721930217666,15.3929313356781));
#7610=CARTESIAN_POINT('Ctrl Pts',(35.3547727263072,17.8030203477613,15.3337140609948));
#7611=CARTESIAN_POINT('Ctrl Pts',(35.3347025618398,17.8323968644849,15.2743300850904));
#7612=CARTESIAN_POINT('Ctrl Pts',(35.3125148384419,17.8602167317125,15.2151030160502));
#7613=CARTESIAN_POINT('Ctrl Pts',(35.2930438970592,17.8846301874938,15.1631280220921));
#7614=CARTESIAN_POINT('Ctrl Pts',(35.2719429425225,17.9078448639402,15.1112741384476));
#7615=CARTESIAN_POINT('Ctrl Pts',(35.2492264692572,17.9297892334979,15.059757811342));
#7616=CARTESIAN_POINT('Ctrl Pts',(35.2239835940193,17.9541741358746,15.0025121199595));
#7617=CARTESIAN_POINT('Ctrl Pts',(35.1967627036842,17.9769615100463,14.9457242782157));
#7618=CARTESIAN_POINT('Ctrl Pts',(35.1676426522291,17.9982236479008,14.8896886587142));
#7619=CARTESIAN_POINT('Ctrl Pts',(35.1385705378269,18.0194507842984,14.8337452843262));
#7620=CARTESIAN_POINT('Ctrl Pts',(35.1076056773591,18.0391577018942,14.7785521315768));
#7621=CARTESIAN_POINT('Ctrl Pts',(35.0748746990271,18.0574163361456,14.7243828284223));
#7622=CARTESIAN_POINT('Ctrl Pts',(35.0421229729356,18.0756865443178,14.6701791880212));
#7623=CARTESIAN_POINT('Ctrl Pts',(35.007603133303,18.0925066324661,14.6170011392079));
#7624=CARTESIAN_POINT('Ctrl Pts',(34.9714872454628,18.1079486729315,14.5650965843524));
#7625=CARTESIAN_POINT('Ctrl Pts',(34.9377662726161,18.1223667215625,14.5166339218078));
#7626=CARTESIAN_POINT('Ctrl Pts',(34.9026545489872,18.1355834249178,14.4692814579625));
#7627=CARTESIAN_POINT('Ctrl Pts',(34.866324352093,18.1476574473155,14.4232155310762));
#7628=CARTESIAN_POINT('Ctrl Pts',(34.8187593180397,18.1634652693369,14.3629040665548));
#7629=CARTESIAN_POINT('Ctrl Pts',(34.7690822969331,18.1773889479727,14.3047658264334));
#7630=CARTESIAN_POINT('Ctrl Pts',(34.7175923202053,18.1897019721275,14.2489893719955));
#7631=CARTESIAN_POINT('Ctrl Pts',(34.6680680084519,18.2015449381885,14.1953422217416));
#7632=CARTESIAN_POINT('Ctrl Pts',(34.6168670856088,18.2118978780948,14.1438798770419));
#7633=CARTESIAN_POINT('Ctrl Pts',(34.5642764509238,18.2210041393927,14.0947296273428));
#7634=CARTESIAN_POINT('Ctrl Pts',(34.4977986954773,18.2325150065883,14.0326007274122));
#7635=CARTESIAN_POINT('Ctrl Pts',(34.4292218707515,18.2424239395009,13.974270173912));
#7636=CARTESIAN_POINT('Ctrl Pts',(34.358917418403,18.2509470548517,13.9196957766424));
#7637=CARTESIAN_POINT('Ctrl Pts',(34.2847379204502,18.2599399478563,13.8621133440182));
#7638=CARTESIAN_POINT('Ctrl Pts',(34.2086352163582,18.2673900460096,13.8087119489006));
#7639=CARTESIAN_POINT('Ctrl Pts',(34.1309899445903,18.2735512077187,13.7594236018334));
#7640=CARTESIAN_POINT('Ctrl Pts',(34.050480943626,18.279939606686,13.7083173916135));
#7641=CARTESIAN_POINT('Ctrl Pts',(33.9683133049449,18.2849422382239,13.6616325154958));
#7642=CARTESIAN_POINT('Ctrl Pts',(33.8848537920737,18.2888420980217,13.6192842506674));
#7643=CARTESIAN_POINT('Ctrl Pts',(33.7980956277928,18.292896095767,13.5752622142262));
#7644=CARTESIAN_POINT('Ctrl Pts',(33.7099411159388,18.295758427246,13.5359256269963));
#7645=CARTESIAN_POINT('Ctrl Pts',(33.6207451561657,18.2977469872017,13.5011811972144));
#7646=CARTESIAN_POINT('Ctrl Pts',(33.5255835258901,18.299868547503,13.4641129646459));
#7647=CARTESIAN_POINT('Ctrl Pts',(33.4292361135029,18.3009955471644,13.432270820057));
#7648=CARTESIAN_POINT('Ctrl Pts',(33.3320752911749,18.3015140271735,13.4055566029654));
#7649=CARTESIAN_POINT('Ctrl Pts',(33.2313631465987,18.3020514581296,13.3778659553412));
#7650=CARTESIAN_POINT('Ctrl Pts',(33.1297760821903,18.301935072501,13.3556841481078));
#7651=CARTESIAN_POINT('Ctrl Pts',(33.0276786492852,18.3015948078648,13.3389309338291));
#7652=CARTESIAN_POINT('Ctrl Pts',(32.9209615742031,18.3012391471425,13.321419680361));
#7653=CARTESIAN_POINT('Ctrl Pts',(32.8136855915237,18.3006388891786,13.3098386253795));
#7654=CARTESIAN_POINT('Ctrl Pts',(32.7062308376217,18.3002850127025,13.3041398666305));
#7655=CARTESIAN_POINT('Ctrl Pts',(32.6541822855944,18.3001136032719,13.301379522109));
#7656=CARTESIAN_POINT('Ctrl Pts',(32.6020913892767,18.2999999999999,13.3));
#7657=CARTESIAN_POINT('Ctrl Pts',(32.55,18.3,13.3));
#7658=CARTESIAN_POINT('Origin',(32.55,22.,16.25));
#7659=CARTESIAN_POINT('',(29.6,17.2098281332518,16.2500000387764));
#7660=CARTESIAN_POINT('',(29.6,22.,16.25));
#7661=CARTESIAN_POINT('Ctrl Pts',(29.6,17.209828179273,16.2499999999994));
#7662=CARTESIAN_POINT('Ctrl Pts',(29.6,17.2150227489423,16.2435157504777));
#7663=CARTESIAN_POINT('Ctrl Pts',(29.6000213788276,17.220206420462,16.2370165759373));
#7664=CARTESIAN_POINT('Ctrl Pts',(29.6000644331471,17.2253789522396,16.2305025279549));
#7665=CARTESIAN_POINT('Ctrl Pts',(29.6005087916321,17.2787640343896,16.1632718174192));
#7666=CARTESIAN_POINT('Ctrl Pts',(29.6032613366965,17.3309755603624,16.0944279554109));
#7667=CARTESIAN_POINT('Ctrl Pts',(29.6086599559529,17.3817009649844,16.0241267052413));
#7668=CARTESIAN_POINT('Ctrl Pts',(29.6139064033056,17.4309965630165,15.9558070497286));
#7669=CARTESIAN_POINT('Ctrl Pts',(29.6216522297561,17.4788886381163,15.8861108703059));
#7670=CARTESIAN_POINT('Ctrl Pts',(29.6322143381694,17.5250903180957,15.8152278394195));
#7671=CARTESIAN_POINT('Ctrl Pts',(29.6422364167524,17.5689297533013,15.7479689856051));
#7672=CARTESIAN_POINT('Ctrl Pts',(29.6547954977704,17.6112369142276,15.6796566678382));
#7673=CARTESIAN_POINT('Ctrl Pts',(29.6701221586796,17.65174608126,15.6106224753156));
#7674=CARTESIAN_POINT('Ctrl Pts',(29.672995549033,17.6593406023671,15.5976801792719));
#7675=CARTESIAN_POINT('Ctrl Pts',(29.6759661002657,17.6668719285243,15.5847126061515));
#7676=CARTESIAN_POINT('Ctrl Pts',(29.6790351710439,17.6743383088175,15.5717220695783));
#7677=CARTESIAN_POINT('Ctrl Pts',(29.6930227204924,17.7083669680107,15.5125166012756));
#7678=CARTESIAN_POINT('Ctrl Pts',(29.7090665020103,17.7410216800874,15.4528094419675));
#7679=CARTESIAN_POINT('Ctrl Pts',(29.7272472115694,17.7721930217807,15.3929313356521));
#7680=CARTESIAN_POINT('Ctrl Pts',(29.7452272737041,17.8030203477796,15.3337140609597));
#7681=CARTESIAN_POINT('Ctrl Pts',(29.7652974381755,17.832396864507,15.2743300850463));
#7682=CARTESIAN_POINT('Ctrl Pts',(29.787485161578,17.8602167317379,15.2151030159972));
#7683=CARTESIAN_POINT('Ctrl Pts',(29.806956102955,17.8846301875099,15.1631280220572));
#7684=CARTESIAN_POINT('Ctrl Pts',(29.828057057485,17.9078448639479,15.1112741384307));
#7685=CARTESIAN_POINT('Ctrl Pts',(29.8507735307425,17.929789233498,15.0597578113428));
#7686=CARTESIAN_POINT('Ctrl Pts',(29.8760164059709,17.9541741358655,15.0025121199819));
#7687=CARTESIAN_POINT('Ctrl Pts',(29.9032372962951,17.9769615100292,14.9457242782588));
#7688=CARTESIAN_POINT('Ctrl Pts',(29.9323573477381,17.9982236478769,14.8896886587773));
#7689=CARTESIAN_POINT('Ctrl Pts',(29.9614294621281,18.0194507842677,14.8337452844094));
#7690=CARTESIAN_POINT('Ctrl Pts',(29.9923943225825,18.0391577018577,14.7785521316792));
#7691=CARTESIAN_POINT('Ctrl Pts',(30.0251253008999,18.0574163361045,14.7243828285431));
#7692=CARTESIAN_POINT('Ctrl Pts',(30.0578770269769,18.0756865442721,14.6701791881602));
#7693=CARTESIAN_POINT('Ctrl Pts',(30.0923968665936,18.0925066324168,14.6170011393644));
#7694=CARTESIAN_POINT('Ctrl Pts',(30.1285127544168,18.1079486728796,14.5650965845254));
#7695=CARTESIAN_POINT('Ctrl Pts',(30.1622337273006,18.1223667215308,14.5166339219201));
#7696=CARTESIAN_POINT('Ctrl Pts',(30.1973454509699,18.1355834249032,14.4692814580169));
#7697=CARTESIAN_POINT('Ctrl Pts',(30.233675647907,18.1476574473155,14.4232155310762));
#7698=CARTESIAN_POINT('Ctrl Pts',(30.2812406819044,18.1634652693186,14.3629040666257));
#7699=CARTESIAN_POINT('Ctrl Pts',(30.3309177029509,18.1773889479405,14.3047658265692));
#7700=CARTESIAN_POINT('Ctrl Pts',(30.3824076796149,18.1897019720848,14.2489893721902));
#7701=CARTESIAN_POINT('Ctrl Pts',(30.4319319914239,18.2015449381636,14.1953422218665));
#7702=CARTESIAN_POINT('Ctrl Pts',(30.4831329143272,18.2118978780838,14.1438798771018));
#7703=CARTESIAN_POINT('Ctrl Pts',(30.5357235490754,18.2210041393928,14.0947296273436));
#7704=CARTESIAN_POINT('Ctrl Pts',(30.6022013045209,18.2325150065883,14.0326007274139));
#7705=CARTESIAN_POINT('Ctrl Pts',(30.6707781292457,18.2424239395007,13.9742701739144));
#7706=CARTESIAN_POINT('Ctrl Pts',(30.741082581593,18.2509470548515,13.9196957766455));
#7707=CARTESIAN_POINT('Ctrl Pts',(30.8152620795443,18.259939947856,13.8621133440224));
#7708=CARTESIAN_POINT('Ctrl Pts',(30.8913647836345,18.2673900460091,13.8087119489056));
#7709=CARTESIAN_POINT('Ctrl Pts',(30.9690100554007,18.2735512077181,13.7594236018391));
#7710=CARTESIAN_POINT('Ctrl Pts',(31.0495190563631,18.2799396066853,13.70831739162));
#7711=CARTESIAN_POINT('Ctrl Pts',(31.1316866950422,18.2849422382231,13.6616325155029));
#7712=CARTESIAN_POINT('Ctrl Pts',(31.2151462079112,18.2888420980208,13.6192842506751));
#7713=CARTESIAN_POINT('Ctrl Pts',(31.3019043721897,18.292896095766,13.5752622142344));
#7714=CARTESIAN_POINT('Ctrl Pts',(31.3900588840412,18.2957584272449,13.5359256270049));
#7715=CARTESIAN_POINT('Ctrl Pts',(31.4792548438117,18.2977469872006,13.5011811972232));
#7716=CARTESIAN_POINT('Ctrl Pts',(31.5744164740838,18.2998685475019,13.4641129646551));
#7717=CARTESIAN_POINT('Ctrl Pts',(31.6707638864674,18.3009955471632,13.4322708200663));
#7718=CARTESIAN_POINT('Ctrl Pts',(31.7679247087917,18.3015140271723,13.4055566029746));
#7719=CARTESIAN_POINT('Ctrl Pts',(31.8686368533638,18.3020514581285,13.3778659553502));
#7720=CARTESIAN_POINT('Ctrl Pts',(31.9702239177681,18.3019350725,13.3556841481163));
#7721=CARTESIAN_POINT('Ctrl Pts',(32.0723213506691,18.3015948078639,13.3389309338366));
#7722=CARTESIAN_POINT('Ctrl Pts',(32.1790384257464,18.3012391471418,13.3214196803676));
#7723=CARTESIAN_POINT('Ctrl Pts',(32.286314408421,18.3006388891781,13.3098386253847));
#7724=CARTESIAN_POINT('Ctrl Pts',(32.3937691623182,18.3002850127022,13.3041398666337));
#7725=CARTESIAN_POINT('Ctrl Pts',(32.4458177143039,18.3001136032718,13.3013795221133));
#7726=CARTESIAN_POINT('Ctrl Pts',(32.4979086105799,18.3,13.3000000000033));
#7727=CARTESIAN_POINT('Ctrl Pts',(32.5499999998151,18.3,13.3));
#7728=CARTESIAN_POINT('Origin',(37.5,10.,11.));
#7729=CARTESIAN_POINT('',(36.5,8.8,11.));
#7730=CARTESIAN_POINT('',(37.5,8.8,11.));
#7731=CARTESIAN_POINT('Origin',(36.5,10.,11.));
#7732=CARTESIAN_POINT('Origin',(37.5,-10.,11.));
#7733=CARTESIAN_POINT('',(36.5,-11.2,11.));
#7734=CARTESIAN_POINT('',(37.5,-11.2,11.));
#7735=CARTESIAN_POINT('Origin',(36.5,-10.,11.));
#7736=CARTESIAN_POINT('Origin',(20.,9.6,2.5));
#7737=CARTESIAN_POINT('',(17.5,9.6,2.7));
#7738=CARTESIAN_POINT('',(17.5,9.6,2.5));
#7739=CARTESIAN_POINT('Origin',(20.,9.6,2.7));
#7740=CARTESIAN_POINT('Origin',(-15.,6.1,2.5));
#7741=CARTESIAN_POINT('',(-15.,6.1,2.7));
#7742=CARTESIAN_POINT('',(-15.,6.1,2.5));
#7743=CARTESIAN_POINT('',(-15.,13.1,2.7));
#7744=CARTESIAN_POINT('',(-15.,6.1,2.7));
#7745=CARTESIAN_POINT('',(-15.,13.1,2.5));
#7746=CARTESIAN_POINT('Origin',(13.5,6.1,2.5));
#7747=CARTESIAN_POINT('',(13.5,6.1,2.7));
#7748=CARTESIAN_POINT('',(13.5,6.1,2.5));
#7749=CARTESIAN_POINT('',(13.5,6.1,2.7));
#7750=CARTESIAN_POINT('Origin',(13.5,8.1,2.5));
#7751=CARTESIAN_POINT('',(13.5,8.1,2.7));
#7752=CARTESIAN_POINT('',(13.5,8.1,2.5));
#7753=CARTESIAN_POINT('',(13.5,8.1,2.7));
#7754=CARTESIAN_POINT('Origin',(15.,8.1,2.5));
#7755=CARTESIAN_POINT('',(15.,8.1,2.7));
#7756=CARTESIAN_POINT('',(15.,8.1,2.5));
#7757=CARTESIAN_POINT('',(15.,8.1,2.7));
#7758=CARTESIAN_POINT('Origin',(15.,11.1,2.5));
#7759=CARTESIAN_POINT('',(15.,11.1,2.7));
#7760=CARTESIAN_POINT('',(15.,11.1,2.5));
#7761=CARTESIAN_POINT('',(15.,11.1,2.7));
#7762=CARTESIAN_POINT('Origin',(13.5,11.1,2.5));
#7763=CARTESIAN_POINT('',(13.5,11.1,2.7));
#7764=CARTESIAN_POINT('',(13.5,11.1,2.5));
#7765=CARTESIAN_POINT('',(13.5,11.1,2.7));
#7766=CARTESIAN_POINT('Origin',(13.5,13.1,2.5));
#7767=CARTESIAN_POINT('',(13.5,13.1,2.7));
#7768=CARTESIAN_POINT('',(13.5,13.1,2.5));
#7769=CARTESIAN_POINT('',(13.5,13.1,2.7));
#7770=CARTESIAN_POINT('Origin',(-15.,13.1,2.5));
#7771=CARTESIAN_POINT('',(-15.,13.1,2.7));
#7772=CARTESIAN_POINT('Origin',(-20.,9.6,2.5));
#7773=CARTESIAN_POINT('',(-22.5,9.6,2.7));
#7774=CARTESIAN_POINT('',(-22.5,9.6,2.5));
#7775=CARTESIAN_POINT('Origin',(-20.,9.6,2.7));
#7776=CARTESIAN_POINT('Origin',(6.906414017023,-22.,13.3));
#7777=CARTESIAN_POINT('',(6.906414017023,-22.,13.3));
#7778=CARTESIAN_POINT('',(-6.906414017011,-22.,13.3));
#7779=CARTESIAN_POINT('Ctrl Pts',(-32.5205,-20.,13.3));
#7780=CARTESIAN_POINT('Ctrl Pts',(-35.5295,-20.,13.3));
#7781=CARTESIAN_POINT('Ctrl Pts',(-32.5205,-19.88181818181,15.9));
#7782=CARTESIAN_POINT('Ctrl Pts',(-35.5295,-19.88181818181,15.9));
#7783=CARTESIAN_POINT('Ctrl Pts',(-32.5205,-16.5,17.));
#7784=CARTESIAN_POINT('Ctrl Pts',(-35.5295,-16.5,17.));
#7785=CARTESIAN_POINT('Ctrl Pts',(-35.5,-18.164412525358,16.2499999999994));
#7786=CARTESIAN_POINT('Ctrl Pts',(-35.5,-18.179175400926,16.2407940164351));
#7787=CARTESIAN_POINT('Ctrl Pts',(-35.499956915662,-18.1939097364152,16.2315095975769));
#7788=CARTESIAN_POINT('Ctrl Pts',(-35.4998684905696,-18.2086141417445,16.2221452276132));
#7789=CARTESIAN_POINT('Ctrl Pts',(-35.4994657546997,-18.2755859854742,16.1794948036218));
#7790=CARTESIAN_POINT('Ctrl Pts',(-35.498126632392,-18.3420124479857,16.1351886478765));
#7791=CARTESIAN_POINT('Ctrl Pts',(-35.495607743828,-18.4076459840326,16.0890807050081));
#7792=CARTESIAN_POINT('Ctrl Pts',(-35.4932539349895,-18.4689781125965,16.0459945260493));
#7793=CARTESIAN_POINT('Ctrl Pts',(-35.4898696929422,-18.5296178406452,16.0013347419324));
#7794=CARTESIAN_POINT('Ctrl Pts',(-35.4852133384776,-18.5893631728646,15.9550039701573));
#7795=CARTESIAN_POINT('Ctrl Pts',(-35.4806733432001,-18.6476155091486,15.9098309734145));
#7796=CARTESIAN_POINT('Ctrl Pts',(-35.4749240361181,-18.7050175917912,15.8630690529918));
#7797=CARTESIAN_POINT('Ctrl Pts',(-35.4677001396757,-18.7613821933961,15.8146542811324));
#7798=CARTESIAN_POINT('Ctrl Pts',(-35.4607270687023,-18.8157897240849,15.7679205491317));
#7799=CARTESIAN_POINT('Ctrl Pts',(-35.4523799223607,-18.8692305690257,15.7196463935923));
#7800=CARTESIAN_POINT('Ctrl Pts',(-35.4423819466374,-18.921536334022,15.6698046236256));
#7801=CARTESIAN_POINT('Ctrl Pts',(-35.4392563021412,-18.9378885668143,15.6542227040163));
#7802=CARTESIAN_POINT('Ctrl Pts',(-35.4359690301,-18.9541298613195,15.6384878229112));
#7803=CARTESIAN_POINT('Ctrl Pts',(-35.432510899933,-18.9702550722503,15.6225998790504));
#7804=CARTESIAN_POINT('Ctrl Pts',(-35.4208370542047,-19.0246900459638,15.5689658639584));
#7805=CARTESIAN_POINT('Ctrl Pts',(-35.4072180642035,-19.0777251622789,15.5135883983603));
#7806=CARTESIAN_POINT('Ctrl Pts',(-35.391313996724,-19.1290006224718,15.4566307467389));
#7807=CARTESIAN_POINT('Ctrl Pts',(-35.3805839842939,-19.1635946862822,15.4182030733983));
#7808=CARTESIAN_POINT('Ctrl Pts',(-35.3688134746784,-19.1973877882343,15.3790570503916));
#7809=CARTESIAN_POINT('Ctrl Pts',(-35.3558947181357,-19.2302694350995,15.3392558917357));
#7810=CARTESIAN_POINT('Ctrl Pts',(-35.3380893614775,-19.2755887696662,15.2843996969511));
#7811=CARTESIAN_POINT('Ctrl Pts',(-35.3181043262743,-19.3191684354711,15.2283117660769));
#7812=CARTESIAN_POINT('Ctrl Pts',(-35.2957175700435,-19.3607062168406,15.1713271925397));
#7813=CARTESIAN_POINT('Ctrl Pts',(-35.2758750915432,-19.3975231868955,15.1208189740375));
#7814=CARTESIAN_POINT('Ctrl Pts',(-35.2541342973192,-19.4327113831526,15.0695841131729));
#7815=CARTESIAN_POINT('Ctrl Pts',(-35.2304213088603,-19.466131589475,15.0179928543196));
#7816=CARTESIAN_POINT('Ctrl Pts',(-35.2072077182479,-19.4988479629972,14.9674881124025));
#7817=CARTESIAN_POINT('Ctrl Pts',(-35.1821040313146,-19.5298700305127,14.9166423228327));
#7818=CARTESIAN_POINT('Ctrl Pts',(-35.1550909879463,-19.5590671876624,14.8658031409799));
#7819=CARTESIAN_POINT('Ctrl Pts',(-35.1445382761736,-19.570473128851,14.8459426896587));
#7820=CARTESIAN_POINT('Ctrl Pts',(-35.1336947332507,-19.5816005716687,14.8260832102035));
#7821=CARTESIAN_POINT('Ctrl Pts',(-35.122561376083,-19.5924417298473,14.8062451848442));
#7822=CARTESIAN_POINT('Ctrl Pts',(-35.0955861206743,-19.618709009913,14.7581791978455));
#7823=CARTESIAN_POINT('Ctrl Pts',(-35.0669251776144,-19.6432592427693,14.7102744606989));
#7824=CARTESIAN_POINT('Ctrl Pts',(-35.0366470184624,-19.6661686007634,14.6628369316381));
#7825=CARTESIAN_POINT('Ctrl Pts',(-35.0065329466446,-19.6889538053882,14.6156564821982));
#7826=CARTESIAN_POINT('Ctrl Pts',(-34.9748192589476,-19.7101158718441,14.5689386448545));
#7827=CARTESIAN_POINT('Ctrl Pts',(-34.9416207840434,-19.7297297407685,14.5229649611744));
#7828=CARTESIAN_POINT('Ctrl Pts',(-34.908547836138,-19.7492694475482,14.4771651089294));
#7829=CARTESIAN_POINT('Ctrl Pts',(-34.8740015193361,-19.7672726424642,14.4321042116683));
#7830=CARTESIAN_POINT('Ctrl Pts',(-34.8381401367414,-19.7838134192883,14.3880347171246));
#7831=CARTESIAN_POINT('Ctrl Pts',(-34.8124654388407,-19.7956556690085,14.3564834807479));
#7832=CARTESIAN_POINT('Ctrl Pts',(-34.7861176256037,-19.8067483211465,14.3254398806585));
#7833=CARTESIAN_POINT('Ctrl Pts',(-34.7591678864025,-19.8171185661676,14.2949866369541));
#7834=CARTESIAN_POINT('Ctrl Pts',(-34.7142578769445,-19.834399913438,14.2442382622637));
#7835=CARTESIAN_POINT('Ctrl Pts',(-34.6676556826492,-19.8497498046551,14.1951077592684));
#7836=CARTESIAN_POINT('Ctrl Pts',(-34.6195995191741,-19.8634414918474,14.1477969103261));
#7837=CARTESIAN_POINT('Ctrl Pts',(-34.5745356702277,-19.876280638355,14.1034319673909));
#7838=CARTESIAN_POINT('Ctrl Pts',(-34.5281939104689,-19.8876616545539,14.0606669895031));
#7839=CARTESIAN_POINT('Ctrl Pts',(-34.4807959110067,-19.8978098610721,14.0196351979912));
#7840=CARTESIAN_POINT('Ctrl Pts',(-34.408634831342,-19.9132599970972,13.9571663510004));
#7841=CARTESIAN_POINT('Ctrl Pts',(-34.3342401752855,-19.9264285629248,13.8988886529628));
#7842=CARTESIAN_POINT('Ctrl Pts',(-34.2580269422178,-19.9376465848005,13.844767378265));
#7843=CARTESIAN_POINT('Ctrl Pts',(-34.1789843055812,-19.9492810738677,13.7886368602688));
#7844=CARTESIAN_POINT('Ctrl Pts',(-34.0979854840341,-19.9588175034014,13.7369764285268));
#7845=CARTESIAN_POINT('Ctrl Pts',(-34.0154377653439,-19.9666251531815,13.6897281089884));
#7846=CARTESIAN_POINT('Ctrl Pts',(-33.9295390368788,-19.9747497530983,13.640561752427));
#7847=CARTESIAN_POINT('Ctrl Pts',(-33.8419629023741,-19.9810023653316,13.5961722778356));
#7848=CARTESIAN_POINT('Ctrl Pts',(-33.7531111562464,-19.9857990925557,13.5564849089498));
#7849=CARTESIAN_POINT('Ctrl Pts',(-33.6566180017394,-19.9910083468623,13.513384355671));
#7850=CARTESIAN_POINT('Ctrl Pts',(-33.5586203525468,-19.9945005305819,13.4758285800105));
#7851=CARTESIAN_POINT('Ctrl Pts',(-33.4595680079056,-19.9968086006511,13.4437238127735));
#7852=CARTESIAN_POINT('Ctrl Pts',(-33.3570354075239,-19.9991977659648,13.4104910278113));
#7853=CARTESIAN_POINT('Ctrl Pts',(-33.2533718235986,-20.0003181469338,13.3830981433539));
#7854=CARTESIAN_POINT('Ctrl Pts',(-33.1490173455378,-20.0007608745845,13.3614574228956));
#7855=CARTESIAN_POINT('Ctrl Pts',(-33.0369027785977,-20.0012365246932,13.3382074383474));
#7856=CARTESIAN_POINT('Ctrl Pts',(-32.9239896586365,-20.0009299898144,13.3215958383209));
#7857=CARTESIAN_POINT('Ctrl Pts',(-32.8107719600344,-20.0005743250403,13.3115483694878));
#7858=CARTESIAN_POINT('Ctrl Pts',(-32.7239579895134,-20.0003016055662,13.3038440911474));
#7859=CARTESIAN_POINT('Ctrl Pts',(-32.6369636063312,-19.9999999994919,13.3000000111781));
#7860=CARTESIAN_POINT('Ctrl Pts',(-32.5500003791862,-20.,13.3));
#7861=CARTESIAN_POINT('Ctrl Pts',(-6.64997815712657,-20.0000000000001,13.3));
#7862=CARTESIAN_POINT('Ctrl Pts',(-32.8064358598304,-20.,13.3));
#7863=CARTESIAN_POINT('Ctrl Pts',(-6.64997815712657,-19.8818181818101,15.9));
#7864=CARTESIAN_POINT('Ctrl Pts',(-32.8064358598304,-19.88181818181,15.9));
#7865=CARTESIAN_POINT('Ctrl Pts',(-6.64997815712657,-16.5000000000001,17.));
#7866=CARTESIAN_POINT('Ctrl Pts',(-32.8064358598304,-16.5,17.));
#7867=CARTESIAN_POINT('',(-9.392180923085,-19.68638971879,14.620427766166));
#7868=CARTESIAN_POINT('Ctrl Pts',(-9.392180923085,-19.68638971879,14.620427766166));
#7869=CARTESIAN_POINT('Ctrl Pts',(-9.389966839121,-19.68791644279,14.617150921635));
#7870=CARTESIAN_POINT('Ctrl Pts',(-9.387746802432,-19.6894370146,14.613876131877));
#7871=CARTESIAN_POINT('Ctrl Pts',(-9.385520899521,-19.69095139286,14.610603539026));
#7872=CARTESIAN_POINT('Ctrl Pts',(-9.383289184588,-19.69245955825,14.607333237225));
#7873=CARTESIAN_POINT('Ctrl Pts',(-9.38105167953,-19.69396151347,14.604065272626));
#7874=CARTESIAN_POINT('Ctrl Pts',(-9.378808373941,-19.69545728326,14.60079964339));
#7875=CARTESIAN_POINT('Ctrl Pts',(-9.327164314749,-19.72966159974,14.525868045543));
#7876=CARTESIAN_POINT('Ctrl Pts',(-9.274968118318,-19.75940410824,14.455327108901));
#7877=CARTESIAN_POINT('Ctrl Pts',(-9.220140037739,-19.78625172504,14.386301634397));
#7878=CARTESIAN_POINT('Ctrl Pts',(-9.162881528894,-19.81036240581,14.319110148995));
#7879=CARTESIAN_POINT('Ctrl Pts',(-9.103408672562,-19.83193590288,14.254001805085));
#7880=CARTESIAN_POINT('Ctrl Pts',(-9.041936766514,-19.85118714684,14.191161778097));
#7881=CARTESIAN_POINT('Ctrl Pts',(-8.92225886123,-19.88361723669,14.076836703967));
#7882=CARTESIAN_POINT('Ctrl Pts',(-8.864419040179,-19.89722865963,14.024856850946));
#7883=CARTESIAN_POINT('Ctrl Pts',(-8.805281083348,-19.90932220119,13.974867018592));
#7884=CARTESIAN_POINT('Ctrl Pts',(-8.74497116474,-19.92004948187,13.926923384625));
#7885=CARTESIAN_POINT('Ctrl Pts',(-8.683604944954,-19.92955454339,13.881058843658));
#7886=CARTESIAN_POINT('Ctrl Pts',(-8.621284491512,-19.93797069812,13.83728830541));
#7887=CARTESIAN_POINT('Ctrl Pts',(-8.339862970597,-19.97113543233,13.651686473649));
#7888=CARTESIAN_POINT('Ctrl Pts',(-8.111663723574,-19.98524692033,13.533021642602));
#7889=CARTESIAN_POINT('Ctrl Pts',(-7.876458897941,-19.99285159688,13.439124648466));
#7890=CARTESIAN_POINT('Ctrl Pts',(-7.636667593611,-19.99684234247,13.369381463403));
#7891=CARTESIAN_POINT('Ctrl Pts',(-7.394213757826,-19.9989478486,13.323170199364));
#7892=CARTESIAN_POINT('Ctrl Pts',(-7.150507699541,-20.,13.299999999998));
#7893=CARTESIAN_POINT('Ctrl Pts',(-6.906414016957,-20.,13.3));
#7894=CARTESIAN_POINT('',(-11.,-16.5,17.));
#7895=CARTESIAN_POINT('Ctrl Pts',(-11.,-16.5,17.));
#7896=CARTESIAN_POINT('Ctrl Pts',(-10.9534372367,-16.71186442115,16.931087110324));
#7897=CARTESIAN_POINT('Ctrl Pts',(-10.90350388106,-16.92052033557,16.857185743982));
#7898=CARTESIAN_POINT('Ctrl Pts',(-10.84999112165,-17.12544762697,16.777986860045));
#7899=CARTESIAN_POINT('Ctrl Pts',(-10.79269754689,-17.32599182674,16.6931923694));
#7900=CARTESIAN_POINT('Ctrl Pts',(-10.73144349621,-17.52138114026,16.602536374404));
#7901=CARTESIAN_POINT('Ctrl Pts',(-10.63285414208,-17.80716482131,16.456624130286));
#7902=CARTESIAN_POINT('Ctrl Pts',(-10.59854371639,-17.90200237552,16.405844700267));
#7903=CARTESIAN_POINT('Ctrl Pts',(-10.56316171106,-17.99517014531,16.35347933237));
#7904=CARTESIAN_POINT('Ctrl Pts',(-10.52669750068,-18.08654894179,16.29951230101));
#7905=CARTESIAN_POINT('Ctrl Pts',(-10.48914643336,-18.17601659076,16.243936721382));
#7906=CARTESIAN_POINT('Ctrl Pts',(-10.37476545738,-18.43486971199,16.07465287693));
#7907=CARTESIAN_POINT('Ctrl Pts',(-10.29484080368,-18.59849982038,15.956364389454));
#7908=CARTESIAN_POINT('Ctrl Pts',(-10.21077925472,-18.75336491749,15.831953296993));
#7909=CARTESIAN_POINT('Ctrl Pts',(-10.12271037708,-18.89857455897,15.701611358082));
#7910=CARTESIAN_POINT('Ctrl Pts',(-10.03088083433,-19.0333952339,15.56570363481));
#7911=CARTESIAN_POINT('Ctrl Pts',(-9.863681740926,-19.2510529883,15.318248976571));
#7912=CARTESIAN_POINT('Ctrl Pts',(-9.789742985474,-19.33856566146,15.208819618502));
#7913=CARTESIAN_POINT('Ctrl Pts',(-9.714031687572,-19.41964392558,15.096766897606));
#7914=CARTESIAN_POINT('Ctrl Pts',(-9.636727806912,-19.49418532364,14.982357154229));
#7915=CARTESIAN_POINT('Ctrl Pts',(-9.558022851968,-19.56218366437,14.865873820913));
#7916=CARTESIAN_POINT('Ctrl Pts',(-9.470867528823,-19.62929303021,14.736883942658));
#7917=CARTESIAN_POINT('Ctrl Pts',(-9.463609404251,-19.63482091518,14.726141918291));
#7918=CARTESIAN_POINT('Ctrl Pts',(-9.456341492848,-19.64029565213,14.715385409415));
#7919=CARTESIAN_POINT('Ctrl Pts',(-9.449063935768,-19.6457173052,14.704614624936));
#7920=CARTESIAN_POINT('Ctrl Pts',(-9.441776873696,-19.65108594406,14.69382977307));
#7921=CARTESIAN_POINT('Ctrl Pts',(-9.431068862077,-19.65888710166,14.677981915874));
#7922=CARTESIAN_POINT('Ctrl Pts',(-9.427653967736,-19.6613619054,14.67292787225));
#7923=CARTESIAN_POINT('Ctrl Pts',(-9.424235763825,-19.66382605513,14.667868930462));
#7924=CARTESIAN_POINT('Ctrl Pts',(-9.420814250342,-19.66627955082,14.662805090506));
#7925=CARTESIAN_POINT('Ctrl Pts',(-9.417389427285,-19.66872239247,14.657736352382));
#7926=CARTESIAN_POINT('Ctrl Pts',(-9.410336760094,-19.67372611069,14.647298404939));
#7927=CARTESIAN_POINT('Ctrl Pts',(-9.406709995427,-19.67628468935,14.641930793232));
#7928=CARTESIAN_POINT('Ctrl Pts',(-9.403081011886,-19.67883032919,14.636559897591));
#7929=CARTESIAN_POINT('Ctrl Pts',(-9.399449824888,-19.68136304147,14.631185740834));
#7930=CARTESIAN_POINT('Ctrl Pts',(-9.395816454029,-19.68388283552,14.625808351963));
#7931=CARTESIAN_POINT('Ctrl Pts',(-9.392180923085,-19.68638971879,14.620427766166));
#7932=CARTESIAN_POINT('',(-29.6,-16.5,17.));
#7933=CARTESIAN_POINT('',(-35.5,-16.5,17.));
#7934=CARTESIAN_POINT('',(-29.6,-18.1644122422893,16.2500001178405));
#7935=CARTESIAN_POINT('Ctrl Pts',(-29.6,-16.5,17.));
#7936=CARTESIAN_POINT('Ctrl Pts',(-29.6,-17.1434029415692,16.7907210862095));
#7937=CARTESIAN_POINT('Ctrl Pts',(-29.6,-17.6982069277168,16.5407212040497));
#7938=CARTESIAN_POINT('Ctrl Pts',(-29.6,-18.164411958443,16.2500003535204));
#7939=CARTESIAN_POINT('Ctrl Pts',(-29.6,-18.164412525358,16.2500000000012));
#7940=CARTESIAN_POINT('Ctrl Pts',(-29.6,-18.2305987996919,16.2087268822751));
#7941=CARTESIAN_POINT('Ctrl Pts',(-29.6008622267486,-18.2962909015861,16.1658832774973));
#7942=CARTESIAN_POINT('Ctrl Pts',(-29.6028076524831,-18.3612592715523,16.121324956819));
#7943=CARTESIAN_POINT('Ctrl Pts',(-29.6046661004829,-18.4233229808331,16.0787587871265));
#7944=CARTESIAN_POINT('Ctrl Pts',(-29.6075131173053,-18.484726225967,16.0346274874927));
#7945=CARTESIAN_POINT('Ctrl Pts',(-29.6115841001965,-18.5452688814124,15.988825729096));
#7946=CARTESIAN_POINT('Ctrl Pts',(-29.6155528114517,-18.6042905782612,15.9441746070178));
#7947=CARTESIAN_POINT('Ctrl Pts',(-29.6206847343062,-18.6624943819252,15.8979355032386));
#7948=CARTESIAN_POINT('Ctrl Pts',(-29.6272395354861,-18.7196948738474,15.8500359177696));
#7949=CARTESIAN_POINT('Ctrl Pts',(-29.6335529838911,-18.7747892000643,15.8039000315419));
#7950=CARTESIAN_POINT('Ctrl Pts',(-29.6411865646029,-18.8289527396869,15.7562233494462));
#7951=CARTESIAN_POINT('Ctrl Pts',(-29.6504106583373,-18.8820198110179,15.7069699366368));
#7952=CARTESIAN_POINT('Ctrl Pts',(-29.6555846551525,-18.911786297132,15.6793426153679));
#7953=CARTESIAN_POINT('Ctrl Pts',(-29.6612597702905,-18.9412077976394,15.6512197507731));
#7954=CARTESIAN_POINT('Ctrl Pts',(-29.6674891000639,-18.9702550722364,15.6225998790648));
#7955=CARTESIAN_POINT('Ctrl Pts',(-29.6791629457961,-19.0246900459697,15.568965863953));
#7956=CARTESIAN_POINT('Ctrl Pts',(-29.6927819358026,-19.0777251623025,15.5135883983348));
#7957=CARTESIAN_POINT('Ctrl Pts',(-29.7086860032886,-19.1290006225119,15.4566307466935));
#7958=CARTESIAN_POINT('Ctrl Pts',(-29.7194160157142,-19.1635946863045,15.4182030733716));
#7959=CARTESIAN_POINT('Ctrl Pts',(-29.7311865253241,-19.1973877882396,15.3790570503847));
#7960=CARTESIAN_POINT('Ctrl Pts',(-29.7441052818597,-19.2302694350889,15.3392558917499));
#7961=CARTESIAN_POINT('Ctrl Pts',(-29.7619106385163,-19.2755887696545,15.2843996969694));
#7962=CARTESIAN_POINT('Ctrl Pts',(-29.7818956737201,-19.3191684354614,15.228311766092));
#7963=CARTESIAN_POINT('Ctrl Pts',(-29.8042824299503,-19.3607062168304,15.1713271925554));
#7964=CARTESIAN_POINT('Ctrl Pts',(-29.8241249084512,-19.3975231868867,15.120818974051));
#7965=CARTESIAN_POINT('Ctrl Pts',(-29.8458657026757,-19.4327113831453,15.0695841131844));
#7966=CARTESIAN_POINT('Ctrl Pts',(-29.8695786911353,-19.4661315894689,15.0179928543292));
#7967=CARTESIAN_POINT('Ctrl Pts',(-29.8927922817487,-19.4988479629929,14.9674881124093));
#7968=CARTESIAN_POINT('Ctrl Pts',(-29.9178959686833,-19.52987003051,14.9166423228368));
#7969=CARTESIAN_POINT('Ctrl Pts',(-29.9449090120529,-19.5590671876609,14.8658031409815));
#7970=CARTESIAN_POINT('Ctrl Pts',(-29.9554617238233,-19.5704731288469,14.8459426896646));
#7971=CARTESIAN_POINT('Ctrl Pts',(-29.9663052667437,-19.581600571662,14.8260832102137));
#7972=CARTESIAN_POINT('Ctrl Pts',(-29.9774386239088,-19.5924417298382,14.8062451848587));
#7973=CARTESIAN_POINT('Ctrl Pts',(-30.0044138793267,-19.6187090099131,14.7581791978431));
#7974=CARTESIAN_POINT('Ctrl Pts',(-30.0330748223967,-19.6432592427775,14.7102744606802));
#7975=CARTESIAN_POINT('Ctrl Pts',(-30.0633529815596,-19.6661686007788,14.6628369316036));
#7976=CARTESIAN_POINT('Ctrl Pts',(-30.0934670533884,-19.6889538054107,14.615656482148));
#7977=CARTESIAN_POINT('Ctrl Pts',(-30.1251807410973,-19.7101158718728,14.568938644789));
#7978=CARTESIAN_POINT('Ctrl Pts',(-30.1583792160144,-19.7297297408023,14.5229649610943));
#7979=CARTESIAN_POINT('Ctrl Pts',(-30.1914521639326,-19.749269447587,14.4771651088348));
#7980=CARTESIAN_POINT('Ctrl Pts',(-30.2259984807482,-19.7672726425071,14.4321042115598));
#7981=CARTESIAN_POINT('Ctrl Pts',(-30.2618598633577,-19.7838134193341,14.3880347170028));
#7982=CARTESIAN_POINT('Ctrl Pts',(-30.2875345612223,-19.7956556690349,14.3564834806739));
#7983=CARTESIAN_POINT('Ctrl Pts',(-30.3138823744213,-19.8067483211558,14.3254398806307));
#7984=CARTESIAN_POINT('Ctrl Pts',(-30.340832113583,-19.8171185661618,14.2949866369705));
#7985=CARTESIAN_POINT('Ctrl Pts',(-30.3857421230801,-19.8343999134473,14.2442382622352));
#7986=CARTESIAN_POINT('Ctrl Pts',(-30.432344317417,-19.8497498046765,14.1951077591982));
#7987=CARTESIAN_POINT('Ctrl Pts',(-30.4804004809361,-19.8634414918783,14.1477969102176));
#7988=CARTESIAN_POINT('Ctrl Pts',(-30.5254643298408,-19.8762806383712,14.1034319673281));
#7989=CARTESIAN_POINT('Ctrl Pts',(-30.5718060895552,-19.8876616545585,14.060666989483));
#7990=CARTESIAN_POINT('Ctrl Pts',(-30.6192040889714,-19.8978098610673,14.0196351980101));
#7991=CARTESIAN_POINT('Ctrl Pts',(-30.6913651674656,-19.9132599968426,13.9571663520314));
#7992=CARTESIAN_POINT('Ctrl Pts',(-30.7657598222081,-19.9264285628492,13.8988886549303));
#7993=CARTESIAN_POINT('Ctrl Pts',(-30.8419730538469,-19.93764658518,13.8447673810596));
#7994=CARTESIAN_POINT('Ctrl Pts',(-30.9210156890341,-19.9492810747241,13.7886368638981));
#7995=CARTESIAN_POINT('Ctrl Pts',(-31.0020145090101,-19.9588175050301,13.7369764328767));
#7996=CARTESIAN_POINT('Ctrl Pts',(-31.0845622260461,-19.9666251557082,13.6897281139166));
#7997=CARTESIAN_POINT('Ctrl Pts',(-31.1704609527422,-19.974749756555,13.6405617579842));
#7998=CARTESIAN_POINT('Ctrl Pts',(-31.2580370853863,-19.9810023698566,13.5961722838622));
#7999=CARTESIAN_POINT('Ctrl Pts',(-31.346888829612,-19.9857990980953,13.5564849152663));
#8000=CARTESIAN_POINT('Ctrl Pts',(-31.4433820445341,-19.9910083568769,13.5133843343944));
#8001=CARTESIAN_POINT('Ctrl Pts',(-31.5413797560351,-19.9945005427846,13.4758285381083));
#8002=CARTESIAN_POINT('Ctrl Pts',(-31.6404321640917,-19.9968086135445,13.4437237570258));
#8003=CARTESIAN_POINT('Ctrl Pts',(-31.7429647670123,-19.9991977781028,13.4104909781852));
#8004=CARTESIAN_POINT('Ctrl Pts',(-31.8466283532791,-20.0003181582738,13.3830980999254));
#8005=CARTESIAN_POINT('Ctrl Pts',(-31.9509828335507,-20.0007608848681,13.3614573857568));
#8006=CARTESIAN_POINT('Ctrl Pts',(-32.0630973997608,-20.0012365338287,13.3382074086099));
#8007=CARTESIAN_POINT('Ctrl Pts',(-32.1760105187981,-20.0009299975469,13.3215958157233));
#8008=CARTESIAN_POINT('Ctrl Pts',(-32.2892282163918,-20.0005743307864,13.3115483538309));
#8009=CARTESIAN_POINT('Ctrl Pts',(-32.3760423796491,-20.0003016091814,13.3038440636397));
#8010=CARTESIAN_POINT('Ctrl Pts',(-32.4630369563203,-20.0000000005043,13.299999988906));
#8011=CARTESIAN_POINT('Ctrl Pts',(-32.5500003763359,-20.,13.3));
#8012=CARTESIAN_POINT('Ctrl Pts',(32.8064358598298,-20.0000000000003,13.2999999999999));
#8013=CARTESIAN_POINT('Ctrl Pts',(6.64997815719323,-20.0000000000002,13.3));
#8014=CARTESIAN_POINT('Ctrl Pts',(32.8064358598298,-19.8818181818103,15.8999999999999));
#8015=CARTESIAN_POINT('Ctrl Pts',(6.64997815719323,-19.8818181818102,15.9));
#8016=CARTESIAN_POINT('Ctrl Pts',(32.8064358598298,-16.5000000000003,16.9999999999999));
#8017=CARTESIAN_POINT('Ctrl Pts',(6.64997815719323,-16.5000000000002,17.));
#8018=CARTESIAN_POINT('',(9.392180923097,-19.68638971879,14.620427766166));
#8019=CARTESIAN_POINT('Ctrl Pts',(9.392180923097,-19.68638971879,14.620427766166));
#8020=CARTESIAN_POINT('Ctrl Pts',(9.389966839133,-19.68791644279,14.617150921636));
#8021=CARTESIAN_POINT('Ctrl Pts',(9.387746802445,-19.6894370146,14.613876131879));
#8022=CARTESIAN_POINT('Ctrl Pts',(9.385520899535,-19.69095139286,14.610603539029));
#8023=CARTESIAN_POINT('Ctrl Pts',(9.383289184602,-19.69245955825,14.607333237229));
#8024=CARTESIAN_POINT('Ctrl Pts',(9.381051679545,-19.69396151347,14.604065272631));
#8025=CARTESIAN_POINT('Ctrl Pts',(9.378808373957,-19.69545728326,14.600799643396));
#8026=CARTESIAN_POINT('Ctrl Pts',(9.327164314766,-19.72966159974,14.52586804555));
#8027=CARTESIAN_POINT('Ctrl Pts',(9.274968118336,-19.75940410824,14.455327108909));
#8028=CARTESIAN_POINT('Ctrl Pts',(9.220140037757,-19.78625172503,14.386301634405));
#8029=CARTESIAN_POINT('Ctrl Pts',(9.162881528912,-19.81036240581,14.319110149002));
#8030=CARTESIAN_POINT('Ctrl Pts',(9.10340867258,-19.83193590288,14.254001805093));
#8031=CARTESIAN_POINT('Ctrl Pts',(9.041936766533,-19.85118714684,14.191161778105));
#8032=CARTESIAN_POINT('Ctrl Pts',(8.922258861251,-19.88361723669,14.076836703975));
#8033=CARTESIAN_POINT('Ctrl Pts',(8.8644190402,-19.89722865963,14.024856850954));
#8034=CARTESIAN_POINT('Ctrl Pts',(8.80528108337,-19.90932220119,13.9748670186));
#8035=CARTESIAN_POINT('Ctrl Pts',(8.744971164762,-19.92004948187,13.926923384633));
#8036=CARTESIAN_POINT('Ctrl Pts',(8.683604944977,-19.92955454339,13.881058843666));
#8037=CARTESIAN_POINT('Ctrl Pts',(8.621284491535,-19.93797069811,13.837288305417));
#8038=CARTESIAN_POINT('Ctrl Pts',(8.339862970643,-19.97113543233,13.65168647367));
#8039=CARTESIAN_POINT('Ctrl Pts',(8.111663723646,-19.98524692032,13.533021642626));
#8040=CARTESIAN_POINT('Ctrl Pts',(7.876458898012,-19.99285159688,13.43912464851));
#8041=CARTESIAN_POINT('Ctrl Pts',(7.636667593769,-19.99684234247,13.369381463415));
#8042=CARTESIAN_POINT('Ctrl Pts',(7.394213757937,-19.9989478486,13.323170199404));
#8043=CARTESIAN_POINT('Ctrl Pts',(7.150507699712,-20.,13.300000000006));
#8044=CARTESIAN_POINT('Ctrl Pts',(6.906414017157,-20.,13.3));
#8045=CARTESIAN_POINT('',(29.6,-16.5,17.));
#8046=CARTESIAN_POINT('Ctrl Pts',(29.6,-16.5000000000003,16.9999999999999));
#8047=CARTESIAN_POINT('Ctrl Pts',(29.6,-17.1434029415694,16.7907210862095));
#8048=CARTESIAN_POINT('Ctrl Pts',(29.6,-17.6982069277171,16.5407212040496));
#8049=CARTESIAN_POINT('Ctrl Pts',(29.6,-18.1644119584432,16.2500003535203));
#8050=CARTESIAN_POINT('',(11.,-16.5,17.));
#8051=CARTESIAN_POINT('',(-35.5,-16.5,17.));
#8052=CARTESIAN_POINT('Ctrl Pts',(11.,-16.5,17.));
#8053=CARTESIAN_POINT('Ctrl Pts',(10.953437236706,-16.71186442115,16.931087110324));
#8054=CARTESIAN_POINT('Ctrl Pts',(10.903503881069,-16.92052033557,16.857185743982));
#8055=CARTESIAN_POINT('Ctrl Pts',(10.849991121653,-17.12544762697,16.777986860045));
#8056=CARTESIAN_POINT('Ctrl Pts',(10.792697546894,-17.32599182674,16.6931923694));
#8057=CARTESIAN_POINT('Ctrl Pts',(10.731443496221,-17.52138114026,16.602536374404));
#8058=CARTESIAN_POINT('Ctrl Pts',(10.632854142088,-17.80716482131,16.456624130286));
#8059=CARTESIAN_POINT('Ctrl Pts',(10.5985437164,-17.90200237552,16.405844700267));
#8060=CARTESIAN_POINT('Ctrl Pts',(10.563161711064,-17.99517014531,16.35347933237));
#8061=CARTESIAN_POINT('Ctrl Pts',(10.526697500686,-18.08654894179,16.29951230101));
#8062=CARTESIAN_POINT('Ctrl Pts',(10.48914643337,-18.17601659076,16.243936721382));
#8063=CARTESIAN_POINT('Ctrl Pts',(10.37476545739,-18.43486971199,16.07465287693));
#8064=CARTESIAN_POINT('Ctrl Pts',(10.29484080369,-18.59849982038,15.956364389454));
#8065=CARTESIAN_POINT('Ctrl Pts',(10.21077925473,-18.75336491749,15.831953296993));
#8066=CARTESIAN_POINT('Ctrl Pts',(10.122710377089,-18.89857455897,15.701611358082));
#8067=CARTESIAN_POINT('Ctrl Pts',(10.030880834338,-19.0333952339,15.56570363481));
#8068=CARTESIAN_POINT('Ctrl Pts',(9.863681740935,-19.2510529883,15.318248976571));
#8069=CARTESIAN_POINT('Ctrl Pts',(9.789742985483,-19.33856566146,15.208819618502));
#8070=CARTESIAN_POINT('Ctrl Pts',(9.714031687581,-19.41964392558,15.096766897606));
#8071=CARTESIAN_POINT('Ctrl Pts',(9.636727806921,-19.49418532364,14.982357154229));
#8072=CARTESIAN_POINT('Ctrl Pts',(9.558022851979,-19.56218366437,14.865873820913));
#8073=CARTESIAN_POINT('Ctrl Pts',(9.470867528834,-19.62929303021,14.736883942658));
#8074=CARTESIAN_POINT('Ctrl Pts',(9.463609404262,-19.63482091518,14.726141918291));
#8075=CARTESIAN_POINT('Ctrl Pts',(9.456341492859,-19.64029565213,14.715385409414));
#8076=CARTESIAN_POINT('Ctrl Pts',(9.449063935779,-19.6457173052,14.704614624936));
#8077=CARTESIAN_POINT('Ctrl Pts',(9.441776873707,-19.65108594406,14.69382977307));
#8078=CARTESIAN_POINT('Ctrl Pts',(9.431068862088,-19.65888710166,14.677981915873));
#8079=CARTESIAN_POINT('Ctrl Pts',(9.427653967748,-19.6613619054,14.67292787225));
#8080=CARTESIAN_POINT('Ctrl Pts',(9.424235763837,-19.66382605513,14.667868930462));
#8081=CARTESIAN_POINT('Ctrl Pts',(9.420814250354,-19.66627955082,14.662805090506));
#8082=CARTESIAN_POINT('Ctrl Pts',(9.417389427296,-19.66872239247,14.657736352381));
#8083=CARTESIAN_POINT('Ctrl Pts',(9.410336760106,-19.67372611069,14.647298404939));
#8084=CARTESIAN_POINT('Ctrl Pts',(9.406709995438,-19.67628468935,14.641930793232));
#8085=CARTESIAN_POINT('Ctrl Pts',(9.403081011898,-19.67883032919,14.636559897591));
#8086=CARTESIAN_POINT('Ctrl Pts',(9.3994498249,-19.68136304147,14.631185740834));
#8087=CARTESIAN_POINT('Ctrl Pts',(9.39581645404,-19.68388283552,14.625808351963));
#8088=CARTESIAN_POINT('Ctrl Pts',(9.392180923097,-19.68638971879,14.620427766166));
#8089=CARTESIAN_POINT('Origin',(20.,-9.6,2.5));
#8090=CARTESIAN_POINT('',(22.5,-9.6,2.70000000000001));
#8091=CARTESIAN_POINT('',(22.5,-9.6,2.5));
#8092=CARTESIAN_POINT('Origin',(20.,-9.6,2.7));
#8093=CARTESIAN_POINT('Origin',(15.,-6.1,2.5));
#8094=CARTESIAN_POINT('',(15.,-6.1,2.7));
#8095=CARTESIAN_POINT('',(15.,-6.1,2.5));
#8096=CARTESIAN_POINT('',(15.,-13.1,2.7));
#8097=CARTESIAN_POINT('',(15.,-6.1,2.7));
#8098=CARTESIAN_POINT('',(15.,-13.1,2.5));
#8099=CARTESIAN_POINT('Origin',(-13.5,-6.1,2.5));
#8100=CARTESIAN_POINT('',(-13.5,-6.1,2.7));
#8101=CARTESIAN_POINT('',(-13.5,-6.1,2.5));
#8102=CARTESIAN_POINT('',(-13.5,-6.1,2.7));
#8103=CARTESIAN_POINT('Origin',(-13.5,-8.1,2.5));
#8104=CARTESIAN_POINT('',(-13.5,-8.1,2.7));
#8105=CARTESIAN_POINT('',(-13.5,-8.1,2.5));
#8106=CARTESIAN_POINT('',(-13.5,-8.1,2.7));
#8107=CARTESIAN_POINT('Origin',(-15.,-8.1,2.5));
#8108=CARTESIAN_POINT('',(-15.,-8.1,2.7));
#8109=CARTESIAN_POINT('',(-15.,-8.1,2.5));
#8110=CARTESIAN_POINT('',(-15.,-8.1,2.7));
#8111=CARTESIAN_POINT('Origin',(-15.,-11.1,2.5));
#8112=CARTESIAN_POINT('',(-15.,-11.1,2.7));
#8113=CARTESIAN_POINT('',(-15.,-11.1,2.5));
#8114=CARTESIAN_POINT('',(-15.,-11.1,2.7));
#8115=CARTESIAN_POINT('Origin',(-13.5,-11.1,2.5));
#8116=CARTESIAN_POINT('',(-13.5,-11.1,2.7));
#8117=CARTESIAN_POINT('',(-13.5,-11.1,2.5));
#8118=CARTESIAN_POINT('',(-13.5,-11.1,2.7));
#8119=CARTESIAN_POINT('Origin',(-13.5,-13.1,2.5));
#8120=CARTESIAN_POINT('',(-13.5,-13.1,2.7));
#8121=CARTESIAN_POINT('',(-13.5,-13.1,2.5));
#8122=CARTESIAN_POINT('',(-13.5,-13.1,2.7));
#8123=CARTESIAN_POINT('Origin',(15.,-13.1,2.5));
#8124=CARTESIAN_POINT('',(15.,-13.1,2.7));
#8125=CARTESIAN_POINT('Origin',(-20.,-9.6,2.5));
#8126=CARTESIAN_POINT('',(-17.5,-9.6,2.70000000000001));
#8127=CARTESIAN_POINT('',(-17.5,-9.6,2.5));
#8128=CARTESIAN_POINT('Origin',(-20.,-9.6,2.7));
#8129=CARTESIAN_POINT('Origin',(-14.4,12.5,2.5));
#8130=CARTESIAN_POINT('',(-14.4,12.5,2.7));
#8131=CARTESIAN_POINT('',(-14.4,12.5,2.5));
#8132=CARTESIAN_POINT('',(12.9,12.5,2.7));
#8133=CARTESIAN_POINT('',(12.9,12.5,2.5));
#8134=CARTESIAN_POINT('',(-14.4,12.5,2.7));
#8135=CARTESIAN_POINT('Origin',(12.9,12.5,2.5));
#8136=CARTESIAN_POINT('',(12.9,10.5,2.7));
#8137=CARTESIAN_POINT('',(12.9,10.5,2.5));
#8138=CARTESIAN_POINT('',(12.9,12.5,2.7));
#8139=CARTESIAN_POINT('Origin',(12.9,10.5,2.5));
#8140=CARTESIAN_POINT('',(14.4,10.5,2.7));
#8141=CARTESIAN_POINT('',(14.4,10.5,2.5));
#8142=CARTESIAN_POINT('',(12.9,10.5,2.7));
#8143=CARTESIAN_POINT('Origin',(14.4,10.5,2.5));
#8144=CARTESIAN_POINT('',(14.4,8.7,2.7));
#8145=CARTESIAN_POINT('',(14.4,8.7,2.5));
#8146=CARTESIAN_POINT('',(14.4,10.5,2.7));
#8147=CARTESIAN_POINT('Origin',(14.4,8.7,2.5));
#8148=CARTESIAN_POINT('',(12.9,8.7,2.7));
#8149=CARTESIAN_POINT('',(12.9,8.7,2.5));
#8150=CARTESIAN_POINT('',(14.4,8.7,2.7));
#8151=CARTESIAN_POINT('Origin',(12.9,8.7,2.5));
#8152=CARTESIAN_POINT('',(12.9,6.7,2.7));
#8153=CARTESIAN_POINT('',(12.9,6.7,2.5));
#8154=CARTESIAN_POINT('',(12.9,8.7,2.7));
#8155=CARTESIAN_POINT('Origin',(12.9,6.7,2.5));
#8156=CARTESIAN_POINT('',(-14.4,6.7,2.7));
#8157=CARTESIAN_POINT('',(-14.4,6.7,2.5));
#8158=CARTESIAN_POINT('',(12.9,6.7,2.7));
#8159=CARTESIAN_POINT('Origin',(-14.4,6.7,2.5));
#8160=CARTESIAN_POINT('',(-14.4,6.7,2.7));
#8161=CARTESIAN_POINT('Origin',(14.4,-12.5,2.5));
#8162=CARTESIAN_POINT('',(14.4,-12.5,2.7));
#8163=CARTESIAN_POINT('',(14.4,-12.5,2.5));
#8164=CARTESIAN_POINT('',(-12.9,-12.5,2.7));
#8165=CARTESIAN_POINT('',(-12.9,-12.5,2.5));
#8166=CARTESIAN_POINT('',(14.4,-12.5,2.7));
#8167=CARTESIAN_POINT('Origin',(-12.9,-12.5,2.5));
#8168=CARTESIAN_POINT('',(-12.9,-10.5,2.7));
#8169=CARTESIAN_POINT('',(-12.9,-10.5,2.5));
#8170=CARTESIAN_POINT('',(-12.9,-12.5,2.7));
#8171=CARTESIAN_POINT('Origin',(-12.9,-10.5,2.5));
#8172=CARTESIAN_POINT('',(-14.4,-10.5,2.7));
#8173=CARTESIAN_POINT('',(-14.4,-10.5,2.5));
#8174=CARTESIAN_POINT('',(-12.9,-10.5,2.7));
#8175=CARTESIAN_POINT('Origin',(-14.4,-10.5,2.5));
#8176=CARTESIAN_POINT('',(-14.4,-8.7,2.7));
#8177=CARTESIAN_POINT('',(-14.4,-8.7,2.5));
#8178=CARTESIAN_POINT('',(-14.4,-10.5,2.7));
#8179=CARTESIAN_POINT('Origin',(-14.4,-8.7,2.5));
#8180=CARTESIAN_POINT('',(-12.9,-8.7,2.7));
#8181=CARTESIAN_POINT('',(-12.9,-8.7,2.5));
#8182=CARTESIAN_POINT('',(-14.4,-8.7,2.7));
#8183=CARTESIAN_POINT('Origin',(-12.9,-8.7,2.5));
#8184=CARTESIAN_POINT('',(-12.9,-6.7,2.7));
#8185=CARTESIAN_POINT('',(-12.9,-6.7,2.5));
#8186=CARTESIAN_POINT('',(-12.9,-8.7,2.7));
#8187=CARTESIAN_POINT('Origin',(-12.9,-6.7,2.5));
#8188=CARTESIAN_POINT('',(14.4,-6.7,2.7));
#8189=CARTESIAN_POINT('',(14.4,-6.7,2.5));
#8190=CARTESIAN_POINT('',(-12.9,-6.7,2.7));
#8191=CARTESIAN_POINT('Origin',(14.4,-6.7,2.5));
#8192=CARTESIAN_POINT('',(14.4,-6.7,2.7));
#8193=CARTESIAN_POINT('Origin',(-32.55,-22.,16.25));
#8194=CARTESIAN_POINT('',(-29.6,-17.2098281332519,16.250000038777));
#8195=CARTESIAN_POINT('',(-29.6,-22.,16.25));
#8196=CARTESIAN_POINT('Ctrl Pts',(-29.6,-17.209828179273,16.2500000000012));
#8197=CARTESIAN_POINT('Ctrl Pts',(-29.6,-17.265282374357,16.1807779324042));
#8198=CARTESIAN_POINT('Ctrl Pts',(-29.6024353071816,-17.319510415491,16.1098218129888));
#8199=CARTESIAN_POINT('Ctrl Pts',(-29.6076783259828,-17.3721686546391,16.0372955886479));
#8200=CARTESIAN_POINT('Ctrl Pts',(-29.612921344784,-17.4248268937871,15.9647693643071));
#8201=CARTESIAN_POINT('Ctrl Pts',(-29.6209725057148,-17.475915330949,15.8906725447698));
#8202=CARTESIAN_POINT('Ctrl Pts',(-29.6322143381679,-17.5250903180889,15.8152278394297));
#8203=CARTESIAN_POINT('Ctrl Pts',(-29.6422364167379,-17.568929753239,15.7479689857005));
#8204=CARTESIAN_POINT('Ctrl Pts',(-29.6547954977368,-17.6112369141151,15.6796566680202));
#8205=CARTESIAN_POINT('Ctrl Pts',(-29.6701221586195,-17.6517460811014,15.6106224755859));
#8206=CARTESIAN_POINT('Ctrl Pts',(-29.6729955489908,-17.6593406022602,15.5976801794559));
#8207=CARTESIAN_POINT('Ctrl Pts',(-29.6759661002427,-17.6668719284683,15.5847126062489));
#8208=CARTESIAN_POINT('Ctrl Pts',(-29.6790351710414,-17.6743383088115,15.5717220695887));
#8209=CARTESIAN_POINT('Ctrl Pts',(-29.6930227204904,-17.7083669680062,15.5125166012833));
#8210=CARTESIAN_POINT('Ctrl Pts',(-29.7090665020089,-17.7410216800844,15.4528094419723));
#8211=CARTESIAN_POINT('Ctrl Pts',(-29.7272472115687,-17.7721930217791,15.3929313356541));
#8212=CARTESIAN_POINT('Ctrl Pts',(-29.7452272737043,-17.8030203477794,15.3337140609589));
#8213=CARTESIAN_POINT('Ctrl Pts',(-29.7652974381767,-17.8323968645081,15.2743300850427));
#8214=CARTESIAN_POINT('Ctrl Pts',(-29.7874851615804,-17.8602167317403,15.2151030159907));
#8215=CARTESIAN_POINT('Ctrl Pts',(-29.8069561029555,-17.8846301875097,15.1631280220561));
#8216=CARTESIAN_POINT('Ctrl Pts',(-29.8280570574833,-17.9078448639453,15.1112741384351));
#8217=CARTESIAN_POINT('Ctrl Pts',(-29.8507735307382,-17.9297892334934,15.0597578113524));
#8218=CARTESIAN_POINT('Ctrl Pts',(-29.876016405978,-17.9541741358726,15.0025121199652));
#8219=CARTESIAN_POINT('Ctrl Pts',(-29.9032372963152,-17.9769615100463,14.9457242782167));
#8220=CARTESIAN_POINT('Ctrl Pts',(-29.9323573477727,-17.9982236479026,14.8896886587107));
#8221=CARTESIAN_POINT('Ctrl Pts',(-29.9614294621773,-18.0194507843019,14.8337452843183));
#8222=CARTESIAN_POINT('Ctrl Pts',(-29.9923943226478,-18.0391577018992,14.7785521315645));
#8223=CARTESIAN_POINT('Ctrl Pts',(-30.0251253009829,-18.0574163361518,14.7243828284058));
#8224=CARTESIAN_POINT('Ctrl Pts',(-30.0578770270773,-18.0756865443251,14.6701791880006));
#8225=CARTESIAN_POINT('Ctrl Pts',(-30.0923968667131,-18.0925066324743,14.6170011391833));
#8226=CARTESIAN_POINT('Ctrl Pts',(-30.1285127545569,-18.1079486729404,14.5650965843241));
#8227=CARTESIAN_POINT('Ctrl Pts',(-30.1622337273947,-18.1223667215668,14.5166339217935));
#8228=CARTESIAN_POINT('Ctrl Pts',(-30.1973454510139,-18.1355834249181,14.4692814579615));
#8229=CARTESIAN_POINT('Ctrl Pts',(-30.233675647898,-18.1476574473125,14.4232155310877));
#8230=CARTESIAN_POINT('Ctrl Pts',(-30.281240681992,-18.1634652693476,14.362904066514));
#8231=CARTESIAN_POINT('Ctrl Pts',(-30.3309177031427,-18.177388947994,14.3047658263444));
#8232=CARTESIAN_POINT('Ctrl Pts',(-30.3824076799173,-18.1897019721569,14.2489893718626));
#8233=CARTESIAN_POINT('Ctrl Pts',(-30.4319319916285,-18.2015449382048,14.1953422216612));
#8234=CARTESIAN_POINT('Ctrl Pts',(-30.4831329144259,-18.211897878101,14.14387987701));
#8235=CARTESIAN_POINT('Ctrl Pts',(-30.5357235490632,-18.2210041393909,14.094729627355));
#8236=CARTESIAN_POINT('Ctrl Pts',(-30.6022013041805,-18.2325150065298,14.0326007277313));
#8237=CARTESIAN_POINT('Ctrl Pts',(-30.6707781285388,-18.2424239395091,13.9742701745165));
#8238=CARTESIAN_POINT('Ctrl Pts',(-30.7410825804877,-18.2509470550099,13.9196957775035));
#8239=CARTESIAN_POINT('Ctrl Pts',(-30.8152620782703,-18.2599399482031,13.8621133449549));
#8240=CARTESIAN_POINT('Ctrl Pts',(-30.8913647821694,-18.2673900466271,13.8087119499088));
#8241=CARTESIAN_POINT('Ctrl Pts',(-30.969010053727,-18.2735512086444,13.7594236029016));
#8242=CARTESIAN_POINT('Ctrl Pts',(-31.0495190544646,-18.2799396079305,13.7083173927492));
#8243=CARTESIAN_POINT('Ctrl Pts',(-31.1316866928998,-18.2849422398277,13.6616325166856));
#8244=CARTESIAN_POINT('Ctrl Pts',(-31.2151462055139,-18.2888420999754,13.6192842518915));
#8245=CARTESIAN_POINT('Ctrl Pts',(-31.3019043694807,-18.2928960980822,13.5752622155096));
#8246=CARTESIAN_POINT('Ctrl Pts',(-31.3900588810069,-18.2957584299138,13.5359256283125));
#8247=CARTESIAN_POINT('Ctrl Pts',(-31.4792548404495,-18.2977469901566,13.5011811985329));
#8248=CARTESIAN_POINT('Ctrl Pts',(-31.5744164708372,-18.2998685507745,13.4641129657857));
#8249=CARTESIAN_POINT('Ctrl Pts',(-31.6707638833451,-18.3009955506681,13.4322708210343));
#8250=CARTESIAN_POINT('Ctrl Pts',(-31.7679247058111,-18.301514030762,13.4055566037941));
#8251=CARTESIAN_POINT('Ctrl Pts',(-31.8686368500987,-18.3020514618037,13.3778659561345));
#8252=CARTESIAN_POINT('Ctrl Pts',(-31.9702239142298,-18.301935076108,13.3556841488332));
#8253=CARTESIAN_POINT('Ctrl Pts',(-32.0723213468845,-18.301594811176,13.3389309344576));
#8254=CARTESIAN_POINT('Ctrl Pts',(-32.1790384211311,-18.3012391501464,13.3214196809824));
#8255=CARTESIAN_POINT('Ctrl Pts',(-32.2863144029984,-18.3006388916281,13.3098386258984));
#8256=CARTESIAN_POINT('Ctrl Pts',(-32.3937691561345,-18.3002850142559,13.3041398669616));
#8257=CARTESIAN_POINT('Ctrl Pts',(-32.4458178225466,-18.3001136040133,13.3013795162632));
#8258=CARTESIAN_POINT('Ctrl Pts',(-32.4979088334466,-18.3000000001041,13.2999999940452));
#8259=CARTESIAN_POINT('Ctrl Pts',(-32.5500003372289,-18.3,13.3));
#8260=CARTESIAN_POINT('Ctrl Pts',(-35.5,-17.209828179273,16.2499999999994));
#8261=CARTESIAN_POINT('Ctrl Pts',(-35.5,-17.2150227489397,16.2435157504776));
#8262=CARTESIAN_POINT('Ctrl Pts',(-35.4999786211725,-17.2202064204559,16.2370165759468));
#8263=CARTESIAN_POINT('Ctrl Pts',(-35.499935566853,-17.2253789522305,16.230502527968));
#8264=CARTESIAN_POINT('Ctrl Pts',(-35.4994912083685,-17.2787640343638,16.1632718174517));
#8265=CARTESIAN_POINT('Ctrl Pts',(-35.4967386633058,-17.3309755603208,16.0944279554653));
#8266=CARTESIAN_POINT('Ctrl Pts',(-35.491340044053,-17.381700964928,16.0241267053188));
#8267=CARTESIAN_POINT('Ctrl Pts',(-35.4860935967005,-17.4309965629772,15.955807049785));
#8268=CARTESIAN_POINT('Ctrl Pts',(-35.4783477702488,-17.4788886380933,15.8861108703406));
#8269=CARTESIAN_POINT('Ctrl Pts',(-35.4677856618323,-17.5250903180879,15.815227839431));
#8270=CARTESIAN_POINT('Ctrl Pts',(-35.457763583253,-17.5689297532786,15.7479689856392));
#8271=CARTESIAN_POINT('Ctrl Pts',(-35.4452045022402,-17.6112369141923,15.6796566678951));
#8272=CARTESIAN_POINT('Ctrl Pts',(-35.4298778413382,-17.6517460812128,15.6106224753955));
#8273=CARTESIAN_POINT('Ctrl Pts',(-35.4270044509801,-17.6593406023335,15.597680179329));
#8274=CARTESIAN_POINT('Ctrl Pts',(-35.4240338997424,-17.6668719285042,15.5847126061858));
#8275=CARTESIAN_POINT('Ctrl Pts',(-35.4209648289588,-17.6743383088106,15.5717220695896));
#8276=CARTESIAN_POINT('Ctrl Pts',(-35.4069772795179,-17.7083669679857,15.5125166013183));
#8277=CARTESIAN_POINT('Ctrl Pts',(-35.3909334980097,-17.7410216800459,15.4528094420416));
#8278=CARTESIAN_POINT('Ctrl Pts',(-35.3727527884627,-17.7721930217245,15.3929313357577));
#8279=CARTESIAN_POINT('Ctrl Pts',(-35.35477272634,-17.8030203477086,15.3337140610968));
#8280=CARTESIAN_POINT('Ctrl Pts',(-35.3347025618828,-17.8323968644229,15.2743300852149));
#8281=CARTESIAN_POINT('Ctrl Pts',(-35.312514838497,-17.8602167316425,15.2151030161972));
#8282=CARTESIAN_POINT('Ctrl Pts',(-35.2930438971005,-17.8846301874473,15.1631280221939));
#8283=CARTESIAN_POINT('Ctrl Pts',(-35.2719429425473,-17.9078448639152,15.1112741385045));
#8284=CARTESIAN_POINT('Ctrl Pts',(-35.249226469263,-17.9297892334922,15.0597578113551));
#8285=CARTESIAN_POINT('Ctrl Pts',(-35.2239835940344,-17.954174135861,15.0025121199931));
#8286=CARTESIAN_POINT('Ctrl Pts',(-35.1967627037099,-17.9769615100257,14.9457242782689));
#8287=CARTESIAN_POINT('Ctrl Pts',(-35.1676426522665,-17.9982236478742,14.8896886587861));
#8288=CARTESIAN_POINT('Ctrl Pts',(-35.1385705378761,-18.0194507842657,14.833745284417));
#8289=CARTESIAN_POINT('Ctrl Pts',(-35.1076056774212,-18.0391577018564,14.7785521316855));
#8290=CARTESIAN_POINT('Ctrl Pts',(-35.0748746991031,-18.0574163361035,14.7243828285481));
#8291=CARTESIAN_POINT('Ctrl Pts',(-35.0421229730256,-18.0756865442716,14.670179188164));
#8292=CARTESIAN_POINT('Ctrl Pts',(-35.0076031334081,-18.0925066324166,14.6170011393668));
#8293=CARTESIAN_POINT('Ctrl Pts',(-34.971487245584,-18.1079486728796,14.5650965845265));
#8294=CARTESIAN_POINT('Ctrl Pts',(-34.9377662727034,-18.1223667215293,14.5166339219257));
#8295=CARTESIAN_POINT('Ctrl Pts',(-34.9026545490374,-18.1355834249004,14.4692814580267));
#8296=CARTESIAN_POINT('Ctrl Pts',(-34.8663243521036,-18.1476574473116,14.4232155310897));
#8297=CARTESIAN_POINT('Ctrl Pts',(-34.8187593181747,-18.1634652692921,14.3629040667253));
#8298=CARTESIAN_POINT('Ctrl Pts',(-34.7690822972022,-18.1773889478974,14.3047658267479));
#8299=CARTESIAN_POINT('Ctrl Pts',(-34.7175923206169,-18.1897019720292,14.2489893724413));
#8300=CARTESIAN_POINT('Ctrl Pts',(-34.6680680087398,-18.2015449381305,14.1953422220313));
#8301=CARTESIAN_POINT('Ctrl Pts',(-34.6168670857631,-18.2118978780684,14.1438798771867));
#8302=CARTESIAN_POINT('Ctrl Pts',(-34.5642764509381,-18.2210041393907,14.0947296273562));
#8303=CARTESIAN_POINT('Ctrl Pts',(-34.4977986951607,-18.2325150066439,14.0326007271155));
#8304=CARTESIAN_POINT('Ctrl Pts',(-34.4292218700653,-18.2424239394895,13.9742701733267));
#8305=CARTESIAN_POINT('Ctrl Pts',(-34.3589174173151,-18.2509470546897,13.9196957757979));
#8306=CARTESIAN_POINT('Ctrl Pts',(-34.284737919192,-18.2599399475047,13.8621133430971));
#8307=CARTESIAN_POINT('Ctrl Pts',(-34.2086352149071,-18.2673900453855,13.8087119479067));
#8308=CARTESIAN_POINT('Ctrl Pts',(-34.1309899429288,-18.2735512067844,13.7594236007787));
#8309=CARTESIAN_POINT('Ctrl Pts',(-34.0504809417377,-18.2799396054309,13.7083173904901));
#8310=CARTESIAN_POINT('Ctrl Pts',(-33.9683133028108,-18.2849422366071,13.6616325143175));
#8311=CARTESIAN_POINT('Ctrl Pts',(-33.8848537896826,-18.2888420960526,13.6192842494541));
#8312=CARTESIAN_POINT('Ctrl Pts',(-33.7980956250874,-18.2928960934341,13.5752622129526));
#8313=CARTESIAN_POINT('Ctrl Pts',(-33.7099411129056,-18.2957584245581,13.5359256256891));
#8314=CARTESIAN_POINT('Ctrl Pts',(-33.6207451528022,-18.2977469842249,13.5011811959042));
#8315=CARTESIAN_POINT('Ctrl Pts',(-33.5255835226419,-18.2998685442075,13.4641129635147));
#8316=CARTESIAN_POINT('Ctrl Pts',(-33.4292361103787,-18.300995543635,13.4322708190884));
#8317=CARTESIAN_POINT('Ctrl Pts',(-33.3320752881926,-18.3015140235588,13.4055566021454));
#8318=CARTESIAN_POINT('Ctrl Pts',(-33.2313631433271,-18.3020514544287,13.3778659545553));
#8319=CARTESIAN_POINT('Ctrl Pts',(-33.1297760786411,-18.3019350688679,13.3556841473885));
#8320=CARTESIAN_POINT('Ctrl Pts',(-33.0276786454857,-18.3015948045297,13.3389309332056));
#8321=CARTESIAN_POINT('Ctrl Pts',(-32.9209615695582,-18.301239144117,13.3214196797418));
#8322=CARTESIAN_POINT('Ctrl Pts',(-32.8136855860573,-18.3006388867114,13.3098386248613));
#8323=CARTESIAN_POINT('Ctrl Pts',(-32.7062308313807,-18.3002850111379,13.3041398662995));
#8324=CARTESIAN_POINT('Ctrl Pts',(-32.6541823945879,-18.3001136025252,13.3013795279999));
#8325=CARTESIAN_POINT('Ctrl Pts',(-32.6020916137035,-18.2999999998951,13.3000000059999));
#8326=CARTESIAN_POINT('Ctrl Pts',(-32.550000339783,-18.3,13.3));
#8327=CARTESIAN_POINT('Ctrl Pts',(-32.5205,-18.3,13.3));
#8328=CARTESIAN_POINT('Ctrl Pts',(-35.5295,-18.3,13.3));
#8329=CARTESIAN_POINT('Ctrl Pts',(-32.5205,-18.2632803253,15.4));
#8330=CARTESIAN_POINT('Ctrl Pts',(-35.5295,-18.2632803253,15.4));
#8331=CARTESIAN_POINT('Ctrl Pts',(-32.5205,-16.5,17.));
#8332=CARTESIAN_POINT('Ctrl Pts',(-35.5295,-16.5,17.));
#8333=CARTESIAN_POINT('Origin',(-33.23418747298,1.1066078757E-13,17.));
#8334=CARTESIAN_POINT('',(-30.96837494596,-2.5,17.));
#8335=CARTESIAN_POINT('Ctrl Pts',(-32.5205,18.3,13.3));
#8336=CARTESIAN_POINT('Ctrl Pts',(-35.5295,18.3,13.3));
#8337=CARTESIAN_POINT('Ctrl Pts',(-32.5205,18.2632803253,15.4));
#8338=CARTESIAN_POINT('Ctrl Pts',(-35.5295,18.2632803253,15.4));
#8339=CARTESIAN_POINT('Ctrl Pts',(-32.5205,16.5,17.));
#8340=CARTESIAN_POINT('Ctrl Pts',(-35.5295,16.5,17.));
#8341=CARTESIAN_POINT('Ctrl Pts',(-35.5,17.209828179273,16.2499999999994));
#8342=CARTESIAN_POINT('Ctrl Pts',(-35.5,17.215022748937,16.2435157504855));
#8343=CARTESIAN_POINT('Ctrl Pts',(-35.4999786211725,17.2202064204498,16.2370165759532));
#8344=CARTESIAN_POINT('Ctrl Pts',(-35.4999355668531,17.2253789522213,16.2305025279784));
#8345=CARTESIAN_POINT('Ctrl Pts',(-35.4994912083686,17.2787640343711,16.1632718174435));
#8346=CARTESIAN_POINT('Ctrl Pts',(-35.4967386633048,17.330975560344,16.0944279554359));
#8347=CARTESIAN_POINT('Ctrl Pts',(-35.491340044049,17.381700964966,16.024126705267));
#8348=CARTESIAN_POINT('Ctrl Pts',(-35.4860935966969,17.4309965629991,15.9558070497536));
#8349=CARTESIAN_POINT('Ctrl Pts',(-35.4783477702469,17.4788886380998,15.8861108703301));
#8350=CARTESIAN_POINT('Ctrl Pts',(-35.467785661834,17.5250903180798,15.8152278394428));
#8351=CARTESIAN_POINT('Ctrl Pts',(-35.4577635831898,17.5689297535557,15.7479689852135));
#8352=CARTESIAN_POINT('Ctrl Pts',(-35.4452045020798,17.6112369147346,15.6796566670216));
#8353=CARTESIAN_POINT('Ctrl Pts',(-35.4298778410424,17.6517460819958,15.6106224740634));
#8354=CARTESIAN_POINT('Ctrl Pts',(-35.4270044507773,17.6593406028489,15.5976801784438));
#8355=CARTESIAN_POINT('Ctrl Pts',(-35.4240338996392,17.6668719287562,15.5847126057492));
#8356=CARTESIAN_POINT('Ctrl Pts',(-35.4209648289619,17.6743383088039,15.571722069603));
#8357=CARTESIAN_POINT('Ctrl Pts',(-35.4069772795026,17.7083669680243,15.5125166012523));
#8358=CARTESIAN_POINT('Ctrl Pts',(-35.3909334979708,17.7410216801258,15.4528094418965));
#8359=CARTESIAN_POINT('Ctrl Pts',(-35.3727527883948,17.7721930218415,15.3929313355341));
#8360=CARTESIAN_POINT('Ctrl Pts',(-35.3547727262429,17.8030203478632,15.3337140607941));
#8361=CARTESIAN_POINT('Ctrl Pts',(-35.3347025617512,17.8323968646108,15.2743300848336));
#8362=CARTESIAN_POINT('Ctrl Pts',(-35.3125148383249,17.8602167318593,15.2151030157381));
#8363=CARTESIAN_POINT('Ctrl Pts',(-35.293043896978,17.884630187583,15.1631280218932));
#8364=CARTESIAN_POINT('Ctrl Pts',(-35.271942942484,17.9078448639768,15.1112741383618));
#8365=CARTESIAN_POINT('Ctrl Pts',(-35.2492264692682,17.9297892334874,15.0597578113671));
#8366=CARTESIAN_POINT('Ctrl Pts',(-35.2239835940304,17.9541741358649,15.0025121199834));
#8367=CARTESIAN_POINT('Ctrl Pts',(-35.1967627036954,17.9769615100373,14.9457242782384));
#8368=CARTESIAN_POINT('Ctrl Pts',(-35.1676426522404,17.9982236478924,14.8896886587359));
#8369=CARTESIAN_POINT('Ctrl Pts',(-35.1385705378383,18.0194507842906,14.8337452843469));
#8370=CARTESIAN_POINT('Ctrl Pts',(-35.1076056773705,18.0391577018869,14.7785521315965));
#8371=CARTESIAN_POINT('Ctrl Pts',(-35.0748746990385,18.0574163361388,14.7243828284412));
#8372=CARTESIAN_POINT('Ctrl Pts',(-35.042122972947,18.0756865443115,14.6701791880392));
#8373=CARTESIAN_POINT('Ctrl Pts',(-35.0076031333145,18.0925066324602,14.6170011392252));
#8374=CARTESIAN_POINT('Ctrl Pts',(-34.9714872454744,18.1079486729261,14.565096584369));
#8375=CARTESIAN_POINT('Ctrl Pts',(-34.9377662726308,18.1223667215563,14.5166339218282));
#8376=CARTESIAN_POINT('Ctrl Pts',(-34.9026545490053,18.1355834249108,14.4692814579867));
#8377=CARTESIAN_POINT('Ctrl Pts',(-34.8663243521147,18.1476574473081,14.4232155311039));
#8378=CARTESIAN_POINT('Ctrl Pts',(-34.8187593181027,18.163465269317,14.3629040666332));
#8379=CARTESIAN_POINT('Ctrl Pts',(-34.7690822970403,18.1773889479433,14.3047658265582));
#8380=CARTESIAN_POINT('Ctrl Pts',(-34.7175923203593,18.1897019720909,14.2489893721624));
#8381=CARTESIAN_POINT('Ctrl Pts',(-34.6680680085672,18.2015449381651,14.1953422218583));
#8382=CARTESIAN_POINT('Ctrl Pts',(-34.6168670856821,18.2118978780819,14.1438798771118));
#8383=CARTESIAN_POINT('Ctrl Pts',(-34.5642764509529,18.221004139388,14.0947296273701));
#8384=CARTESIAN_POINT('Ctrl Pts',(-34.4977986955089,18.232515006584,14.0326007274401));
#8385=CARTESIAN_POINT('Ctrl Pts',(-34.4292218707856,18.2424239394969,13.9742701739403));
#8386=CARTESIAN_POINT('Ctrl Pts',(-34.3589174184398,18.2509470548481,13.919695776671));
#8387=CARTESIAN_POINT('Ctrl Pts',(-34.2847379204899,18.2599399478532,13.8621133440472));
#8388=CARTESIAN_POINT('Ctrl Pts',(-34.2086352164009,18.2673900460068,13.8087119489297));
#8389=CARTESIAN_POINT('Ctrl Pts',(-34.130989944636,18.2735512077163,13.7594236018625));
#8390=CARTESIAN_POINT('Ctrl Pts',(-34.050480943675,18.279939606684,13.7083173916425));
#8391=CARTESIAN_POINT('Ctrl Pts',(-33.9683133049973,18.2849422382222,13.6616325155246));
#8392=CARTESIAN_POINT('Ctrl Pts',(-33.8848537921296,18.2888420980204,13.6192842506958));
#8393=CARTESIAN_POINT('Ctrl Pts',(-33.7980956278527,18.2928960957661,13.5752622142542));
#8394=CARTESIAN_POINT('Ctrl Pts',(-33.7099411160027,18.2957584272454,13.5359256270237));
#8395=CARTESIAN_POINT('Ctrl Pts',(-33.6207451562336,18.2977469872014,13.5011811972409));
#8396=CARTESIAN_POINT('Ctrl Pts',(-33.525583525963,18.299868547503,13.4641129646715));
#8397=CARTESIAN_POINT('Ctrl Pts',(-33.4292361135807,18.3009955471646,13.4322708200814));
#8398=CARTESIAN_POINT('Ctrl Pts',(-33.3320752912576,18.3015140271739,13.4055566029882));
#8399=CARTESIAN_POINT('Ctrl Pts',(-33.2313631466874,18.3020514581302,13.3778659553625));
#8400=CARTESIAN_POINT('Ctrl Pts',(-33.1297760822849,18.3019350725018,13.3556841481269));
#8401=CARTESIAN_POINT('Ctrl Pts',(-33.0276786493856,18.3015948078656,13.3389309338456));
#8402=CARTESIAN_POINT('Ctrl Pts',(-32.9209615743111,18.3012391471434,13.3214196803749));
#8403=CARTESIAN_POINT('Ctrl Pts',(-32.8136855916392,18.3006388891794,13.3098386253901));
#8404=CARTESIAN_POINT('Ctrl Pts',(-32.7062308377444,18.300285012703,13.304139866637));
#8405=CARTESIAN_POINT('Ctrl Pts',(-32.6541822856763,18.3001136032722,13.3013795221111));
#8406=CARTESIAN_POINT('Ctrl Pts',(-32.6020913893177,18.3,13.3));
#8407=CARTESIAN_POINT('Ctrl Pts',(-32.55,18.3,13.3));
#8408=CARTESIAN_POINT('Origin',(-32.55,22.,16.25));
#8409=CARTESIAN_POINT('',(-29.6,17.2098281332519,16.250000038777));
#8410=CARTESIAN_POINT('Ctrl Pts',(-29.6,17.209828179273,16.2500000000012));
#8411=CARTESIAN_POINT('Ctrl Pts',(-29.6,17.2652823743543,16.1807779324042));
#8412=CARTESIAN_POINT('Ctrl Pts',(-29.6024353071816,17.3195104154865,16.10982181299));
#8413=CARTESIAN_POINT('Ctrl Pts',(-29.6076783259826,17.3721686546332,16.0372955886512));
#8414=CARTESIAN_POINT('Ctrl Pts',(-29.6129213447835,17.4248268937799,15.9647693643123));
#8415=CARTESIAN_POINT('Ctrl Pts',(-29.6209725057139,17.4759153309411,15.8906725447779));
#8416=CARTESIAN_POINT('Ctrl Pts',(-29.6322143381662,17.5250903180806,15.8152278394408));
#8417=CARTESIAN_POINT('Ctrl Pts',(-29.6422364167471,17.568929753281,15.7479689856367));
#8418=CARTESIAN_POINT('Ctrl Pts',(-29.6547954977625,17.6112369142027,15.6796566678793));
#8419=CARTESIAN_POINT('Ctrl Pts',(-29.6701221586684,17.651746081231,15.6106224753658));
#8420=CARTESIAN_POINT('Ctrl Pts',(-29.6729955490234,17.6593406023432,15.5976801793137));
#8421=CARTESIAN_POINT('Ctrl Pts',(-29.6759661002579,17.6668719285055,15.5847126061849));
#8422=CARTESIAN_POINT('Ctrl Pts',(-29.679035171038,17.6743383088038,15.5717220696031));
#8423=CARTESIAN_POINT('Ctrl Pts',(-29.6930227204864,17.7083669679986,15.5125166012987));
#8424=CARTESIAN_POINT('Ctrl Pts',(-29.7090665020043,17.7410216800765,15.4528094419888));
#8425=CARTESIAN_POINT('Ctrl Pts',(-29.7272472115634,17.7721930217709,15.3929313356716));
#8426=CARTESIAN_POINT('Ctrl Pts',(-29.7452272736983,17.803020347771,15.3337140609774));
#8427=CARTESIAN_POINT('Ctrl Pts',(-29.7652974381699,17.8323968644993,15.2743300850621));
#8428=CARTESIAN_POINT('Ctrl Pts',(-29.7874851615727,17.8602167317311,15.2151030160112));
#8429=CARTESIAN_POINT('Ctrl Pts',(-29.8069561029483,17.8846301875017,15.1631280220743));
#8430=CARTESIAN_POINT('Ctrl Pts',(-29.8280570574766,17.9078448639383,15.1112741384509));
#8431=CARTESIAN_POINT('Ctrl Pts',(-29.8507735307322,17.9297892334874,15.059757811366));
#8432=CARTESIAN_POINT('Ctrl Pts',(-29.8760164059696,17.9541741358645,15.0025121199835));
#8433=CARTESIAN_POINT('Ctrl Pts',(-29.903237296304,17.9769615100365,14.9457242782396));
#8434=CARTESIAN_POINT('Ctrl Pts',(-29.9323573477584,17.9982236478914,14.8896886587382));
#8435=CARTESIAN_POINT('Ctrl Pts',(-29.9614294621599,18.0194507842895,14.8337452843503));
#8436=CARTESIAN_POINT('Ctrl Pts',(-29.992394322627,18.0391577018857,14.7785521316009));
#8437=CARTESIAN_POINT('Ctrl Pts',(-30.0251253009583,18.0574163361375,14.7243828284465));
#8438=CARTESIAN_POINT('Ctrl Pts',(-30.057877027049,18.0756865443101,14.6701791880455));
#8439=CARTESIAN_POINT('Ctrl Pts',(-30.0923968666807,18.0925066324588,14.6170011392324));
#8440=CARTESIAN_POINT('Ctrl Pts',(-30.12851275452,18.1079486729245,14.5650965843771));
#8441=CARTESIAN_POINT('Ctrl Pts',(-30.1622337273654,18.1223667215556,14.5166339218332));
#8442=CARTESIAN_POINT('Ctrl Pts',(-30.1973454509931,18.1355834249108,14.4692814579886));
#8443=CARTESIAN_POINT('Ctrl Pts',(-30.2336756478859,18.1476574473085,14.4232155311031));
#8444=CARTESIAN_POINT('Ctrl Pts',(-30.281240681915,18.1634652693225,14.3629040666109));
#8445=CARTESIAN_POINT('Ctrl Pts',(-30.3309177029958,18.177388947953,14.3047658265159));
#8446=CARTESIAN_POINT('Ctrl Pts',(-30.3824076796964,18.1897019721039,14.248989372102));
#8447=CARTESIAN_POINT('Ctrl Pts',(-30.4319319914714,18.2015449381726,14.1953422218194));
#8448=CARTESIAN_POINT('Ctrl Pts',(-30.4831329143381,18.2118978780852,14.1438798770928));
#8449=CARTESIAN_POINT('Ctrl Pts',(-30.535723549048,18.221004139388,14.0947296273691));
#8450=CARTESIAN_POINT('Ctrl Pts',(-30.60220130449,18.2325150065836,14.0326007274412));
#8451=CARTESIAN_POINT('Ctrl Pts',(-30.6707781292109,18.2424239394962,13.9742701739432));
#8452=CARTESIAN_POINT('Ctrl Pts',(-30.7410825815542,18.2509470548472,13.9196957766756));
#8453=CARTESIAN_POINT('Ctrl Pts',(-30.8152620795015,18.259939947852,13.8621133440536));
#8454=CARTESIAN_POINT('Ctrl Pts',(-30.8913647835876,18.2673900460055,13.8087119489376));
#8455=CARTESIAN_POINT('Ctrl Pts',(-30.9690100553495,18.2735512077149,13.7594236018717));
#8456=CARTESIAN_POINT('Ctrl Pts',(-31.0495190563072,18.2799396066825,13.7083173916532));
#8457=CARTESIAN_POINT('Ctrl Pts',(-31.1316866949814,18.2849422382207,13.6616325155363));
#8458=CARTESIAN_POINT('Ctrl Pts',(-31.2151462078457,18.2888420980189,13.6192842507083));
#8459=CARTESIAN_POINT('Ctrl Pts',(-31.3019043721188,18.2928960957647,13.5752622142677));
#8460=CARTESIAN_POINT('Ctrl Pts',(-31.3900588839648,18.295758427244,13.5359256270378));
#8461=CARTESIAN_POINT('Ctrl Pts',(-31.4792548437299,18.2977469872002,13.5011811972551));
#8462=CARTESIAN_POINT('Ctrl Pts',(-31.5744164739951,18.2998685475019,13.4641129646864));
#8463=CARTESIAN_POINT('Ctrl Pts',(-31.6707638863718,18.3009955471637,13.4322708200964));
#8464=CARTESIAN_POINT('Ctrl Pts',(-31.7679247086894,18.3015140271732,13.4055566030027));
#8465=CARTESIAN_POINT('Ctrl Pts',(-31.8686368532523,18.3020514581297,13.377865955377));
#8466=CARTESIAN_POINT('Ctrl Pts',(-31.9702239176476,18.3019350725015,13.3556841481407));
#8467=CARTESIAN_POINT('Ctrl Pts',(-32.0723213505398,18.3015948078655,13.3389309338578));
#8468=CARTESIAN_POINT('Ctrl Pts',(-32.1790384256032,18.3012391471435,13.3214196803862));
#8469=CARTESIAN_POINT('Ctrl Pts',(-32.2863144082641,18.3006388891796,13.3098386253992));
#8470=CARTESIAN_POINT('Ctrl Pts',(-32.3937691621482,18.3002850127032,13.3041398666427));
#8471=CARTESIAN_POINT('Ctrl Pts',(-32.445817714234,18.3001136032723,13.301379522114));
#8472=CARTESIAN_POINT('Ctrl Pts',(-32.4979086106104,18.3,13.300000000001));
#8473=CARTESIAN_POINT('Ctrl Pts',(-32.549999999946,18.3,13.3));
#8474=CARTESIAN_POINT('',(-29.6,22.,16.25));
#8475=CARTESIAN_POINT('Origin',(-37.5,10.,11.));
#8476=CARTESIAN_POINT('',(-37.5,8.8,11.));
#8477=CARTESIAN_POINT('Origin',(-37.5,-10.,11.));
#8478=CARTESIAN_POINT('',(-37.5,-11.2,11.));
#8479=CARTESIAN_POINT('Origin',(-30.96837494596,-2.5,16.));
#8480=CARTESIAN_POINT('',(-30.20015366636,-2.5,16.640184399664));
#8481=CARTESIAN_POINT('Origin',(-30.20015366636,-2.5,16.640184399664));
#8482=CARTESIAN_POINT('',(-29.49923166806,-2.5,15.799078001678));
#8483=CARTESIAN_POINT('Origin',(-25.65812527007,-2.5,19.));
#8484=CARTESIAN_POINT('',(-25.65812527007,-2.5,14.));
#8485=CARTESIAN_POINT('Origin',(-25.65812527007,-2.5,14.));
#8486=CARTESIAN_POINT('',(25.658125270078,-2.5,14.));
#8487=CARTESIAN_POINT('Origin',(25.658125270078,-2.5,19.));
#8488=CARTESIAN_POINT('',(29.499231668065,-2.5,15.799078001678));
#8489=CARTESIAN_POINT('Origin',(29.499231668065,-2.5,15.799078001678));
#8490=CARTESIAN_POINT('',(30.200153666389,-2.5,16.640184399664));
#8491=CARTESIAN_POINT('Origin',(30.968374945987,-2.5,15.999999999999));
#8492=CARTESIAN_POINT('Origin',(34.5,-1.450407394428E-13,9.18879526682));
#8493=CARTESIAN_POINT('Origin',(-6.906414017011,22.,16.3));
#8494=CARTESIAN_POINT('',(-9.39218092308688,18.0912130413281,14.620427773489));
#8495=CARTESIAN_POINT('',(-9.392180923085,22.,14.620427766166));
#8496=CARTESIAN_POINT('Ctrl Pts',(-9.39218092308564,18.091213044361,14.6204277661666));
#8497=CARTESIAN_POINT('Ctrl Pts',(-9.38665131375175,18.0937552249997,14.6122439443525));
#8498=CARTESIAN_POINT('Ctrl Pts',(-9.38108235875177,18.0962632163091,14.6040890191761));
#8499=CARTESIAN_POINT('Ctrl Pts',(-9.3754749416655,18.0987373262339,14.5959641581398));
#8500=CARTESIAN_POINT('Ctrl Pts',(-9.34075628914504,18.114055923273,14.5456586034155));
#8501=CARTESIAN_POINT('Ctrl Pts',(-9.30455823836126,18.1280757115489,14.4965031161376));
#8502=CARTESIAN_POINT('Ctrl Pts',(-9.26703737274229,18.1409099381209,14.4486606544515));
#8503=CARTESIAN_POINT('Ctrl Pts',(-9.22737805456056,18.1544756346164,14.3980914743618));
#8504=CARTESIAN_POINT('Ctrl Pts',(-9.18624155268969,18.1667174710923,14.348989284165));
#8505=CARTESIAN_POINT('Ctrl Pts',(-9.14381322596494,18.1777881775197,14.301489359605));
#8506=CARTESIAN_POINT('Ctrl Pts',(-9.1064778973749,18.1875299819721,14.259691216045));
#8507=CARTESIAN_POINT('Ctrl Pts',(-9.06814252307904,18.1963656335174,14.2191326350319));
#8508=CARTESIAN_POINT('Ctrl Pts',(-9.02892734556021,18.2044031783845,14.1798733127167));
#8509=CARTESIAN_POINT('Ctrl Pts',(-8.97921544854681,18.2145921314368,14.1301054546772));
#8510=CARTESIAN_POINT('Ctrl Pts',(-8.92809169773408,18.223499355417,14.0824271965832));
#8511=CARTESIAN_POINT('Ctrl Pts',(-8.87577441792381,18.2313407037118,14.036900441581));
#8512=CARTESIAN_POINT('Ctrl Pts',(-8.82253512012269,18.2393202446692,13.9905713419742));
#8513=CARTESIAN_POINT('Ctrl Pts',(-8.76806043077523,18.2461964220836,13.946469614736));
#8514=CARTESIAN_POINT('Ctrl Pts',(-8.71255363994,18.2521783641828,13.9046170113141));
#8515=CARTESIAN_POINT('Ctrl Pts',(-8.66683871092017,18.2571050417001,13.8701475569295));
#8516=CARTESIAN_POINT('Ctrl Pts',(-8.62042326932488,18.2614249150413,13.8372026878005));
#8517=CARTESIAN_POINT('Ctrl Pts',(-8.57340412818316,18.2652427347931,13.8057778829354));
#8518=CARTESIAN_POINT('Ctrl Pts',(-8.50734779228317,18.2706063202991,13.7616297463392));
#8519=CARTESIAN_POINT('Ctrl Pts',(-8.44013398819611,18.2749787428775,13.7205027001527));
#8520=CARTESIAN_POINT('Ctrl Pts',(-8.371967079622,18.2786137934189,13.6823380239856));
#8521=CARTESIAN_POINT('Ctrl Pts',(-8.30191069925313,18.2823496014335,13.6431154873305));
#8522=CARTESIAN_POINT('Ctrl Pts',(-8.230847654012,18.2853063396748,13.6070218925591));
#8523=CARTESIAN_POINT('Ctrl Pts',(-8.15897936170892,18.2877065350152,13.5739992558215));
#8524=CARTESIAN_POINT('Ctrl Pts',(-8.08532507662163,18.2901663774048,13.5401559763632));
#8525=CARTESIAN_POINT('Ctrl Pts',(-8.01082506698998,18.2920414253488,13.509538159323));
#8526=CARTESIAN_POINT('Ctrl Pts',(-7.93567459921234,18.2935202698753,13.4820889556399));
#8527=CARTESIAN_POINT('Ctrl Pts',(-7.85895433331188,18.2950300055916,13.4540663728457));
#8528=CARTESIAN_POINT('Ctrl Pts',(-7.78155620731238,18.2961265824937,13.4293460307506));
#8529=CARTESIAN_POINT('Ctrl Pts',(-7.70366505692259,18.2969619527916,13.4078743493133));
#8530=CARTESIAN_POINT('Ctrl Pts',(-7.62424180674007,18.2978137546181,13.3859803251771));
#8531=CARTESIAN_POINT('Ctrl Pts',(-7.54430602123288,18.2983937943605,13.3674637614992));
#8532=CARTESIAN_POINT('Ctrl Pts',(-7.46402906680105,18.2988162193942,13.3522779207925));
#8533=CARTESIAN_POINT('Ctrl Pts',(-7.38345450024031,18.2992402104914,13.3370357813583));
#8534=CARTESIAN_POINT('Ctrl Pts',(-7.30253626162413,18.2995051978172,13.325148746763));
#8535=CARTESIAN_POINT('Ctrl Pts',(-7.2214223884767,18.299682957973,13.3165842183989));
#8536=CARTESIAN_POINT('Ctrl Pts',(-7.14101707865527,18.2998591653202,13.3080945047424));
#8537=CARTESIAN_POINT('Ctrl Pts',(-7.06041953353344,18.2999494471071,13.3028690522667));
#8538=CARTESIAN_POINT('Ctrl Pts',(-6.97974905623952,18.2999842613889,13.3008964719401));
#8539=CARTESIAN_POINT('Ctrl Pts',(-6.95530995735334,18.2999948083659,13.3002988792732));
#8540=CARTESIAN_POINT('Ctrl Pts',(-6.93086399074847,18.3000000000002,13.3));
#8541=CARTESIAN_POINT('Ctrl Pts',(-6.90641401701102,18.3,13.3));
#8542=CARTESIAN_POINT('Origin',(6.906414017023,22.,16.3));
#8543=CARTESIAN_POINT('',(9.39218092309467,18.0912130413281,14.6204277734887));
#8544=CARTESIAN_POINT('Ctrl Pts',(9.39218092309701,18.091213044361,14.6204277661657));
#8545=CARTESIAN_POINT('Ctrl Pts',(9.38665131376704,18.0937552249997,14.6122439443573));
#8546=CARTESIAN_POINT('Ctrl Pts',(9.38108235877017,18.0962632163068,14.6040890191854));
#8547=CARTESIAN_POINT('Ctrl Pts',(9.37547494168645,18.0987373262304,14.5959641581528));
#8548=CARTESIAN_POINT('Ctrl Pts',(9.34075628895609,18.1140559233622,14.5456586031237));
#8549=CARTESIAN_POINT('Ctrl Pts',(9.30455823794522,18.1280757117149,14.4965031155562));
#8550=CARTESIAN_POINT('Ctrl Pts',(9.26703737208435,18.14090993835,14.4486606535973));
#8551=CARTESIAN_POINT('Ctrl Pts',(9.22737805352385,18.1544756349544,14.3980914730623));
#8552=CARTESIAN_POINT('Ctrl Pts',(9.18624155124872,18.1667174715157,14.3489892824485));
#8553=CARTESIAN_POINT('Ctrl Pts',(9.14381322409902,18.1777881780098,14.3014893575025));
#8554=CARTESIAN_POINT('Ctrl Pts',(9.10647789610549,18.1875299822675,14.2596912146894));
#8555=CARTESIAN_POINT('Ctrl Pts',(9.0681425224418,18.196365633651,14.2191326343824));
#8556=CARTESIAN_POINT('Ctrl Pts',(9.02892734558511,18.2044031783825,14.1798733127296));
#8557=CARTESIAN_POINT('Ctrl Pts',(8.97921545076411,18.2145921309857,14.1301054568844));
#8558=CARTESIAN_POINT('Ctrl Pts',(8.92809170226645,18.2234993546296,14.0824272007984));
#8559=CARTESIAN_POINT('Ctrl Pts',(8.87577442486809,18.2313407026729,14.0369004476134));
#8560=CARTESIAN_POINT('Ctrl Pts',(8.82253512676643,18.2393202437873,13.9905713474586));
#8561=CARTESIAN_POINT('Ctrl Pts',(8.76806043709018,18.2461964213321,13.9464696197048));
#8562=CARTESIAN_POINT('Ctrl Pts',(8.71255364590347,18.2521783635412,13.9046170158015));
#8563=CARTESIAN_POINT('Ctrl Pts',(8.66683871496624,18.2571050413244,13.8701475597931));
#8564=CARTESIAN_POINT('Ctrl Pts',(8.62042327138846,18.2614249148741,13.8372026891722));
#8565=CARTESIAN_POINT('Ctrl Pts',(8.57340412821263,18.2652427347914,13.8057778829471));
#8566=CARTESIAN_POINT('Ctrl Pts',(8.50734779534601,18.2706063200516,13.7616297483775));
#8567=CARTESIAN_POINT('Ctrl Pts',(8.44013399438991,18.2749787424745,13.7205027039353));
#8568=CARTESIAN_POINT('Ctrl Pts',(8.37196708903479,18.2786137929172,13.6823380292489));
#8569=CARTESIAN_POINT('Ctrl Pts',(8.30191070793496,18.2823496010458,13.643115491854));
#8570=CARTESIAN_POINT('Ctrl Pts',(8.23084766193555,18.285306339372,13.6070218964218));
#8571=CARTESIAN_POINT('Ctrl Pts',(8.15897936884486,18.2877065347777,13.5739992590949));
#8572=CARTESIAN_POINT('Ctrl Pts',(8.08532508197275,18.2901663772668,13.5401559785833));
#8573=CARTESIAN_POINT('Ctrl Pts',(8.01082507050198,18.2920414252743,13.5095381606505));
#8574=CARTESIAN_POINT('Ctrl Pts',(7.93567460084837,18.2935202698435,13.4820889562331));
#8575=CARTESIAN_POINT('Ctrl Pts',(7.85895433617662,18.2950300055415,13.4540663738376));
#8576=CARTESIAN_POINT('Ctrl Pts',(7.78155621142455,18.2961265824372,13.4293460320364));
#8577=CARTESIAN_POINT('Ctrl Pts',(7.70366506230205,18.296961952734,13.4078743507929));
#8578=CARTESIAN_POINT('Ctrl Pts',(7.62424181642501,18.2978137545271,13.3859803276849));
#8579=CARTESIAN_POINT('Ctrl Pts',(7.54430603528436,18.2983937942621,13.3674637646748));
#8580=CARTESIAN_POINT('Ctrl Pts',(7.46402908524126,18.2988162192977,13.3522779242785));
#8581=CARTESIAN_POINT('Ctrl Pts',(7.38345451438313,18.2992402104427,13.3370357835096));
#8582=CARTESIAN_POINT('Ctrl Pts',(7.30253627141481,18.2995051977922,13.3251487479431));
#8583=CARTESIAN_POINT('Ctrl Pts',(7.22142239385813,18.2996829579612,13.3165842189658));
#8584=CARTESIAN_POINT('Ctrl Pts',(7.1410170312106,18.2998591654275,13.3080944995853));
#8585=CARTESIAN_POINT('Ctrl Pts',(7.06041943296515,18.2999494472231,13.3028690456705));
#8586=CARTESIAN_POINT('Ctrl Pts',(6.97974890254874,18.2999842614538,13.3008964681817));
#8587=CARTESIAN_POINT('Ctrl Pts',(6.95530985486193,18.2999948083864,13.30029887802));
#8588=CARTESIAN_POINT('Ctrl Pts',(6.93086393949526,18.2999999999994,13.3));
#8589=CARTESIAN_POINT('Ctrl Pts',(6.90641401702393,18.3,13.3));
#8590=CARTESIAN_POINT('',(9.392180923097,22.,14.620427766166));
#8591=CARTESIAN_POINT('Origin',(-29.6,22.,16.25));
#8592=CARTESIAN_POINT('Ctrl Pts',(-29.6,16.5,17.));
#8593=CARTESIAN_POINT('Ctrl Pts',(-29.6,16.7661005199857,16.7585404737589));
#8594=CARTESIAN_POINT('Ctrl Pts',(-29.6,17.0027098820125,16.5085405125356));
#8595=CARTESIAN_POINT('Ctrl Pts',(-29.6,17.2098280860803,16.2500001163299));
#8596=CARTESIAN_POINT('Ctrl Pts',(-6.64997815718017,18.2999999999999,13.3));
#8597=CARTESIAN_POINT('Ctrl Pts',(-32.8064358598299,18.3,13.3));
#8598=CARTESIAN_POINT('Ctrl Pts',(-6.64997815718017,18.2632803252999,15.4));
#8599=CARTESIAN_POINT('Ctrl Pts',(-32.8064358598299,18.2632803253,15.4));
#8600=CARTESIAN_POINT('Ctrl Pts',(-6.64997815718017,16.4999999999999,17.));
#8601=CARTESIAN_POINT('Ctrl Pts',(-32.8064358598299,16.5,17.));
#8602=CARTESIAN_POINT('Ctrl Pts',(-11.,16.4999999999999,16.9999999999999));
#8603=CARTESIAN_POINT('Ctrl Pts',(-10.9347732344385,16.6063870919685,16.9034643869682));
#8604=CARTESIAN_POINT('Ctrl Pts',(-10.8680734447264,16.70895283279,16.8047487148673));
#8605=CARTESIAN_POINT('Ctrl Pts',(-10.7999524096045,16.8073317328324,16.7039295794899));
#8606=CARTESIAN_POINT('Ctrl Pts',(-10.735891806794,16.8998466458732,16.6091198841359));
#8607=CARTESIAN_POINT('Ctrl Pts',(-10.670574379074,16.988658731697,16.5124500789659));
#8608=CARTESIAN_POINT('Ctrl Pts',(-10.6040623546514,17.0734938157851,16.4140122775137));
#8609=CARTESIAN_POINT('Ctrl Pts',(-10.5394229718037,17.1559403737857,16.3183459857416));
#8610=CARTESIAN_POINT('Ctrl Pts',(-10.4736552700102,17.2346304098618,16.2210097893868));
#8611=CARTESIAN_POINT('Ctrl Pts',(-10.4068352095912,17.3093453897686,16.1221161064393));
#8612=CARTESIAN_POINT('Ctrl Pts',(-10.3391031220995,17.3850801545123,16.0218726235127));
#8613=CARTESIAN_POINT('Ctrl Pts',(-10.2702895699272,17.4567300327041,15.9200285749348));
#8614=CARTESIAN_POINT('Ctrl Pts',(-10.2004951840049,17.5241089588851,15.8167328837696));
#8615=CARTESIAN_POINT('Ctrl Pts',(-10.1354289375177,17.5869233781397,15.7204348389682));
#8616=CARTESIAN_POINT('Ctrl Pts',(-10.0695103637881,17.6460259819367,15.6228753404229));
#8617=CARTESIAN_POINT('Ctrl Pts',(-10.0028395257892,17.7013044470087,15.5242024983666));
#8618=CARTESIAN_POINT('Ctrl Pts',(-9.99799478623034,17.705321342169,15.5170322836874));
#8619=CARTESIAN_POINT('Ctrl Pts',(-9.99314608261394,17.7093180618979,15.5098562022613));
#8620=CARTESIAN_POINT('Ctrl Pts',(-9.98829345723654,17.7132945715291,15.5026743167027));
#8621=CARTESIAN_POINT('Ctrl Pts',(-9.92089536526185,17.7685242958576,15.40292514058));
#8622=CARTESIAN_POINT('Ctrl Pts',(-9.85273429820694,17.819856062686,15.3020467661229));
#8623=CARTESIAN_POINT('Ctrl Pts',(-9.7839193694897,17.8672283599266,15.2002006685719));
#8624=CARTESIAN_POINT('Ctrl Pts',(-9.7134659037399,17.9157286284489,15.0959295361401));
#8625=CARTESIAN_POINT('Ctrl Pts',(-9.64232709490037,17.960078678451,14.9906440926015));
#8626=CARTESIAN_POINT('Ctrl Pts',(-9.57062370037508,18.0002675361453,14.8845230752106));
#8627=CARTESIAN_POINT('Ctrl Pts',(-9.51150342166328,18.0334037144772,14.7970250680818));
#8628=CARTESIAN_POINT('Ctrl Pts',(-9.45199940506007,18.0637121218556,14.7089591414491));
#8629=CARTESIAN_POINT('Ctrl Pts',(-9.39218092309,18.091213037537,14.6204277881343));
#8630=CARTESIAN_POINT('Origin',(-9.392180923085,22.,14.620427766166));
#8631=CARTESIAN_POINT('Origin',(11.,22.,17.));
#8632=CARTESIAN_POINT('Ctrl Pts',(11.,16.4999999999999,16.9999999999999));
#8633=CARTESIAN_POINT('Ctrl Pts',(10.9347732341758,16.6063870923968,16.9034643865795));
#8634=CARTESIAN_POINT('Ctrl Pts',(10.8680734441879,16.7089528336159,16.8047487140723));
#8635=CARTESIAN_POINT('Ctrl Pts',(10.7999524087794,16.8073317340207,16.703929578272));
#8636=CARTESIAN_POINT('Ctrl Pts',(10.7358918058907,16.8998466471261,16.6091198828034));
#8637=CARTESIAN_POINT('Ctrl Pts',(10.6705743780903,16.9886587330056,16.5124500775152));
#8638=CARTESIAN_POINT('Ctrl Pts',(10.6040623535859,17.0734938171397,16.4140122759417));
#8639=CARTESIAN_POINT('Ctrl Pts',(10.539422970722,17.1559403751041,16.3183459841456));
#8640=CARTESIAN_POINT('Ctrl Pts',(10.473655268913,17.2346304111423,16.2210097877672));
#8641=CARTESIAN_POINT('Ctrl Pts',(10.4068352084789,17.3093453910097,16.1221161047966));
#8642=CARTESIAN_POINT('Ctrl Pts',(10.3391031211611,17.3850801555019,16.0218726221262));
#8643=CARTESIAN_POINT('Ctrl Pts',(10.2702895691691,17.4567300334634,15.9200285738142));
#8644=CARTESIAN_POINT('Ctrl Pts',(10.2004951834326,17.5241089594371,15.8167328829232));
#8645=CARTESIAN_POINT('Ctrl Pts',(10.1354289370226,17.5869233785909,15.7204348382356));
#8646=CARTESIAN_POINT('Ctrl Pts',(10.0695103633725,17.6460259822961,15.6228753398078));
#8647=CARTESIAN_POINT('Ctrl Pts',(10.002839525455,17.7013044472858,15.5242024978719));
#8648=CARTESIAN_POINT('Ctrl Pts',(9.99799478600733,17.7053213423527,15.5170322833573));
#8649=CARTESIAN_POINT('Ctrl Pts',(9.99314608250235,17.7093180619893,15.5098562020961));
#8650=CARTESIAN_POINT('Ctrl Pts',(9.98829345723654,17.7132945715291,15.5026743167027));
#8651=CARTESIAN_POINT('Ctrl Pts',(9.92089536543539,17.7685242957153,15.4029251408368));
#8652=CARTESIAN_POINT('Ctrl Pts',(9.85273429855796,17.8198560624214,15.3020467666426));
#8653=CARTESIAN_POINT('Ctrl Pts',(9.78391937002127,17.8672283595602,15.2002006693593));
#8654=CARTESIAN_POINT('Ctrl Pts',(9.71346590402335,17.9157286282764,15.0959295365608));
#8655=CARTESIAN_POINT('Ctrl Pts',(9.64232709493053,17.9600786784428,14.9906440926476));
#8656=CARTESIAN_POINT('Ctrl Pts',(9.57062370014803,18.000267536272,14.8845230748757));
#8657=CARTESIAN_POINT('Ctrl Pts',(9.51150342151092,18.0334037145544,14.7970250678572));
#8658=CARTESIAN_POINT('Ctrl Pts',(9.45199940498349,18.0637121218907,14.7089591413357));
#8659=CARTESIAN_POINT('Ctrl Pts',(9.39218092309,18.0912130375369,14.6204277881343));
#8660=CARTESIAN_POINT('Ctrl Pts',(32.8064358598298,18.2999999999997,13.2999999999999));
#8661=CARTESIAN_POINT('Ctrl Pts',(6.64997815719323,18.2999999999998,13.3));
#8662=CARTESIAN_POINT('Ctrl Pts',(32.8064358598298,18.2632803252997,15.3999999999999));
#8663=CARTESIAN_POINT('Ctrl Pts',(6.64997815719323,18.2632803252998,15.4));
#8664=CARTESIAN_POINT('Ctrl Pts',(32.8064358598298,16.4999999999997,16.9999999999999));
#8665=CARTESIAN_POINT('Ctrl Pts',(6.64997815719323,16.4999999999998,17.));
#8666=CARTESIAN_POINT('Ctrl Pts',(29.6,16.4999999999998,16.9999999999998));
#8667=CARTESIAN_POINT('Ctrl Pts',(29.6,16.7661005199855,16.7585404737588));
#8668=CARTESIAN_POINT('Ctrl Pts',(29.6,17.0027098820122,16.5085405125355));
#8669=CARTESIAN_POINT('Ctrl Pts',(29.6,17.2098280860801,16.2500001163298));
#8670=CARTESIAN_POINT('Origin',(29.6,22.,16.25));
#8671=CARTESIAN_POINT('Origin',(36.5,-1.388200395037E-13,11.));
#8672=CARTESIAN_POINT('Origin',(36.5,-1.388200395037E-13,11.));
#8673=CARTESIAN_POINT('Ctrl Pts',(32.8064358598298,-18.3000000000003,13.2999999999999));
#8674=CARTESIAN_POINT('Ctrl Pts',(6.64997815719323,-18.3000000000002,13.3));
#8675=CARTESIAN_POINT('Ctrl Pts',(32.8064358598298,-18.2632803253003,15.3999999999999));
#8676=CARTESIAN_POINT('Ctrl Pts',(6.64997815719323,-18.2632803253002,15.4));
#8677=CARTESIAN_POINT('Ctrl Pts',(32.8064358598298,-16.5000000000003,16.9999999999999));
#8678=CARTESIAN_POINT('Ctrl Pts',(6.64997815719323,-16.5000000000002,17.));
#8679=CARTESIAN_POINT('',(9.39218092309467,-18.0912130413281,14.6204277734886));
#8680=CARTESIAN_POINT('Ctrl Pts',(9.392180923097,-18.091213044361,14.6204277661656));
#8681=CARTESIAN_POINT('Ctrl Pts',(9.38665131375919,-18.093755225002,14.6122439443457));
#8682=CARTESIAN_POINT('Ctrl Pts',(9.38108235875409,-18.0962632163139,14.6040890191619));
#8683=CARTESIAN_POINT('Ctrl Pts',(9.37547494166281,-18.0987373262408,14.5959641581185));
#8684=CARTESIAN_POINT('Ctrl Pts',(9.34075628886032,-18.1140559234038,14.5456586029864));
#8685=CARTESIAN_POINT('Ctrl Pts',(9.30455823777146,-18.1280757117819,14.4965031153209));
#8686=CARTESIAN_POINT('Ctrl Pts',(9.26703737182733,-18.1409099384382,14.4486606532695));
#8687=CARTESIAN_POINT('Ctrl Pts',(9.22737805287415,-18.154475635169,14.3980914722483));
#8688=CARTESIAN_POINT('Ctrl Pts',(9.18624155017763,-18.1667174718313,14.3489892811768));
#8689=CARTESIAN_POINT('Ctrl Pts',(9.14381322258294,-18.1777881784054,14.3014893558052));
#8690=CARTESIAN_POINT('Ctrl Pts',(9.10647789505667,-18.1875299825094,14.2596912135791));
#8691=CARTESIAN_POINT('Ctrl Pts',(9.06814252188795,-18.1963656337645,14.2191326338266));
#8692=CARTESIAN_POINT('Ctrl Pts',(9.02892734555035,-18.2044031783891,14.1798733126948));
#8693=CARTESIAN_POINT('Ctrl Pts',(8.97921544957975,-18.214592131227,14.1301054557003));
#8694=CARTESIAN_POINT('Ctrl Pts',(8.9280916998679,-18.2234993550471,14.0824271985624));
#8695=CARTESIAN_POINT('Ctrl Pts',(8.87577442120448,-18.231340703222,14.0369004444253));
#8696=CARTESIAN_POINT('Ctrl Pts',(8.82253512277859,-18.239320244326,13.9905713441398));
#8697=CARTESIAN_POINT('Ctrl Pts',(8.7680604327706,-18.2461964218543,13.9464696162786));
#8698=CARTESIAN_POINT('Ctrl Pts',(8.7125536412472,-18.2521783640433,13.9046170122907));
#8699=CARTESIAN_POINT('Ctrl Pts',(8.66683871179784,-18.2571050416198,13.8701475575434));
#8700=CARTESIAN_POINT('Ctrl Pts',(8.62042326975823,-18.2614249150073,13.8372026880812));
#8701=CARTESIAN_POINT('Ctrl Pts',(8.57340412816141,-18.265242734796,13.8057778829128));
#8702=CARTESIAN_POINT('Ctrl Pts',(8.5073477952716,-18.2706063200574,13.7616297483297));
#8703=CARTESIAN_POINT('Ctrl Pts',(8.44013399429146,-18.274978742481,13.7205027038759));
#8704=CARTESIAN_POINT('Ctrl Pts',(8.37196708891167,-18.278613792924,13.6823380291799));
#8705=CARTESIAN_POINT('Ctrl Pts',(8.30191070780783,-18.2823496010518,13.6431154917871));
#8706=CARTESIAN_POINT('Ctrl Pts',(8.23084766180436,-18.2853063393772,13.6070218963572));
#8707=CARTESIAN_POINT('Ctrl Pts',(8.15897936870969,-18.2877065347823,13.5739992590327));
#8708=CARTESIAN_POINT('Ctrl Pts',(8.08532508185053,-18.2901663772702,13.5401559785316));
#8709=CARTESIAN_POINT('Ctrl Pts',(8.01082507039321,-18.2920414252768,13.5095381606079));
#8710=CARTESIAN_POINT('Ctrl Pts',(7.93567460075344,-18.2935202698454,13.4820889561984));
#8711=CARTESIAN_POINT('Ctrl Pts',(7.85895433610071,-18.2950300055426,13.4540663738127));
#8712=CARTESIAN_POINT('Ctrl Pts',(7.78155621136816,-18.2961265824379,13.4293460320198));
#8713=CARTESIAN_POINT('Ctrl Pts',(7.7036650622655,-18.2969619527344,13.4078743507828));
#8714=CARTESIAN_POINT('Ctrl Pts',(7.62424181638734,-18.2978137545274,13.3859803276756));
#8715=CARTESIAN_POINT('Ctrl Pts',(7.54430603524559,-18.2983937942624,13.3674637646663));
#8716=CARTESIAN_POINT('Ctrl Pts',(7.46402908520132,-18.2988162192981,13.3522779242709));
#8717=CARTESIAN_POINT('Ctrl Pts',(7.38345451432443,-18.2992402104433,13.3370357834996));
#8718=CARTESIAN_POINT('Ctrl Pts',(7.30253627133713,-18.2995051977928,13.3251487479322));
#8719=CARTESIAN_POINT('Ctrl Pts',(7.22142239376136,-18.2996829579617,13.3165842189556));
#8720=CARTESIAN_POINT('Ctrl Pts',(7.14101703107819,-18.2998591654281,13.3080944995739));
#8721=CARTESIAN_POINT('Ctrl Pts',(7.06041943279688,-18.2999494472237,13.3028690456609));
#8722=CARTESIAN_POINT('Ctrl Pts',(6.97974890234489,-18.2999842614541,13.3008964681767));
#8723=CARTESIAN_POINT('Ctrl Pts',(6.95530985472596,-18.2999948083866,13.3002988780184));
#8724=CARTESIAN_POINT('Ctrl Pts',(6.93086393942725,-18.2999999999995,13.3));
#8725=CARTESIAN_POINT('Ctrl Pts',(6.90641401702393,-18.3,13.3));
#8726=CARTESIAN_POINT('Ctrl Pts',(11.,-16.5000000000002,17.));
#8727=CARTESIAN_POINT('Ctrl Pts',(10.9347732341776,-16.6063870923943,16.903464386582));
#8728=CARTESIAN_POINT('Ctrl Pts',(10.8680734441914,-16.7089528336109,16.8047487140775));
#8729=CARTESIAN_POINT('Ctrl Pts',(10.7999524087848,-16.8073317340133,16.70392957828));
#8730=CARTESIAN_POINT('Ctrl Pts',(10.7358918058965,-16.8998466471183,16.6091198828121));
#8731=CARTESIAN_POINT('Ctrl Pts',(10.6705743780967,-16.9886587329975,16.5124500775247));
#8732=CARTESIAN_POINT('Ctrl Pts',(10.6040623535928,-17.0734938171313,16.4140122759519));
#8733=CARTESIAN_POINT('Ctrl Pts',(10.5394229707284,-17.1559403750967,16.3183459841551));
#8734=CARTESIAN_POINT('Ctrl Pts',(10.4736552689188,-17.2346304111359,16.2210097877759));
#8735=CARTESIAN_POINT('Ctrl Pts',(10.4068352084842,-17.3093453910042,16.1221161048044));
#8736=CARTESIAN_POINT('Ctrl Pts',(10.3391031211655,-17.3850801554975,16.0218726221328));
#8737=CARTESIAN_POINT('Ctrl Pts',(10.2702895691727,-17.4567300334602,15.9200285738195));
#8738=CARTESIAN_POINT('Ctrl Pts',(10.2004951834353,-17.5241089594348,15.8167328829272));
#8739=CARTESIAN_POINT('Ctrl Pts',(10.1354289370241,-17.58692337859,15.7204348382378));
#8740=CARTESIAN_POINT('Ctrl Pts',(10.0695103633726,-17.6460259822964,15.622875339808));
#8741=CARTESIAN_POINT('Ctrl Pts',(10.0028395254538,-17.7013044472871,15.5242024978701));
#8742=CARTESIAN_POINT('Ctrl Pts',(9.99799478600652,-17.7053213423538,15.5170322833561));
#8743=CARTESIAN_POINT('Ctrl Pts',(9.99314608250195,-17.70931806199,15.5098562020955));
#8744=CARTESIAN_POINT('Ctrl Pts',(9.98829345723654,-17.7132945715294,15.5026743167027));
#8745=CARTESIAN_POINT('Ctrl Pts',(9.92089536526157,-17.7685242958581,15.4029251405795));
#8746=CARTESIAN_POINT('Ctrl Pts',(9.85273429820639,-17.8198560626867,15.302046766122));
#8747=CARTESIAN_POINT('Ctrl Pts',(9.78391936948886,-17.8672283599274,15.2002006685706));
#8748=CARTESIAN_POINT('Ctrl Pts',(9.71346590373895,-17.9157286284498,15.0959295361387));
#8749=CARTESIAN_POINT('Ctrl Pts',(9.64232709489932,-17.9600786784519,14.9906440925999));
#8750=CARTESIAN_POINT('Ctrl Pts',(9.57062370037391,-18.0002675361462,14.8845230752088));
#8751=CARTESIAN_POINT('Ctrl Pts',(9.5115034216625,-18.0334037144779,14.7970250680806));
#8752=CARTESIAN_POINT('Ctrl Pts',(9.45199940505968,-18.063712121856,14.7089591414485));
#8753=CARTESIAN_POINT('Ctrl Pts',(9.39218092309,-18.0912130375373,14.6204277881343));
#8754=CARTESIAN_POINT('Ctrl Pts',(29.6,-16.5000000000003,16.9999999999999));
#8755=CARTESIAN_POINT('Ctrl Pts',(29.6,-16.766100519986,16.7585404737589));
#8756=CARTESIAN_POINT('Ctrl Pts',(29.6,-17.0027098820128,16.5085405125355));
#8757=CARTESIAN_POINT('Ctrl Pts',(29.6,-17.2098280860806,16.2500001163298));
#8758=CARTESIAN_POINT('Origin',(29.6,-22.,16.25));
#8759=CARTESIAN_POINT('Ctrl Pts',(-6.64997815718017,-18.3000000000001,13.3));
#8760=CARTESIAN_POINT('Ctrl Pts',(-32.8064358598299,-18.3,13.3));
#8761=CARTESIAN_POINT('Ctrl Pts',(-6.64997815718017,-18.2632803253001,15.4));
#8762=CARTESIAN_POINT('Ctrl Pts',(-32.8064358598299,-18.2632803253,15.4));
#8763=CARTESIAN_POINT('Ctrl Pts',(-6.64997815718017,-16.5000000000001,17.));
#8764=CARTESIAN_POINT('Ctrl Pts',(-32.8064358598299,-16.5,17.));
#8765=CARTESIAN_POINT('Ctrl Pts',(-29.6,-16.5,17.));
#8766=CARTESIAN_POINT('Ctrl Pts',(-29.6,-16.7661005199857,16.7585404737589));
#8767=CARTESIAN_POINT('Ctrl Pts',(-29.6,-17.0027098820125,16.5085405125356));
#8768=CARTESIAN_POINT('Ctrl Pts',(-29.6,-17.2098280860804,16.2500001163299));
#8769=CARTESIAN_POINT('',(-9.39218092308688,-18.0912130413281,14.620427773489));
#8770=CARTESIAN_POINT('Ctrl Pts',(-11.,-16.5000000000001,17.));
#8771=CARTESIAN_POINT('Ctrl Pts',(-10.9347732344385,-16.6063870919687,16.9034643869682));
#8772=CARTESIAN_POINT('Ctrl Pts',(-10.8680734447263,-16.7089528327903,16.8047487148672));
#8773=CARTESIAN_POINT('Ctrl Pts',(-10.7999524096044,-16.8073317328328,16.7039295794898));
#8774=CARTESIAN_POINT('Ctrl Pts',(-10.735891806794,-16.8998466458734,16.6091198841359));
#8775=CARTESIAN_POINT('Ctrl Pts',(-10.670574379074,-16.9886587316971,16.512450078966));
#8776=CARTESIAN_POINT('Ctrl Pts',(-10.6040623546516,-17.0734938157851,16.4140122775138));
#8777=CARTESIAN_POINT('Ctrl Pts',(-10.5394229718038,-17.1559403737859,16.3183459857416));
#8778=CARTESIAN_POINT('Ctrl Pts',(-10.4736552700101,-17.2346304098621,16.2210097893867));
#8779=CARTESIAN_POINT('Ctrl Pts',(-10.4068352095909,-17.3093453897691,16.122116106439));
#8780=CARTESIAN_POINT('Ctrl Pts',(-10.3391031220993,-17.3850801545127,16.0218726235124));
#8781=CARTESIAN_POINT('Ctrl Pts',(-10.270289569927,-17.4567300327044,15.9200285749346));
#8782=CARTESIAN_POINT('Ctrl Pts',(-10.2004951840048,-17.5241089588854,15.8167328837695));
#8783=CARTESIAN_POINT('Ctrl Pts',(-10.1354289375202,-17.5869233781375,15.7204348389719));
#8784=CARTESIAN_POINT('Ctrl Pts',(-10.0695103637933,-17.6460259819322,15.6228753404306));
#8785=CARTESIAN_POINT('Ctrl Pts',(-10.0028395257972,-17.7013044470024,15.5242024983784));
#8786=CARTESIAN_POINT('Ctrl Pts',(-9.99799478623565,-17.7053213421648,15.5170322836952));
#8787=CARTESIAN_POINT('Ctrl Pts',(-9.9931460826166,-17.709318061896,15.5098562022652));
#8788=CARTESIAN_POINT('Ctrl Pts',(-9.98829345723654,-17.7132945715294,15.5026743167027));
#8789=CARTESIAN_POINT('Ctrl Pts',(-9.92089536526185,-17.7685242958578,15.40292514058));
#8790=CARTESIAN_POINT('Ctrl Pts',(-9.85273429820694,-17.8198560626862,15.3020467661229));
#8791=CARTESIAN_POINT('Ctrl Pts',(-9.7839193694897,-17.8672283599268,15.2002006685719));
#8792=CARTESIAN_POINT('Ctrl Pts',(-9.7134659037399,-17.9157286284491,15.0959295361401));
#8793=CARTESIAN_POINT('Ctrl Pts',(-9.64232709490036,-17.9600786784512,14.9906440926015));
#8794=CARTESIAN_POINT('Ctrl Pts',(-9.57062370037506,-18.0002675361455,14.8845230752106));
#8795=CARTESIAN_POINT('Ctrl Pts',(-9.51150342166325,-18.0334037144774,14.7970250680818));
#8796=CARTESIAN_POINT('Ctrl Pts',(-9.45199940506007,-18.0637121218558,14.7089591414491));
#8797=CARTESIAN_POINT('Ctrl Pts',(-9.39218092309,-18.0912130375372,14.6204277881343));
#8798=CARTESIAN_POINT('Ctrl Pts',(-9.39218092308565,-18.091213044361,14.6204277661666));
#8799=CARTESIAN_POINT('Ctrl Pts',(-9.38665131375176,-18.0937552249997,14.6122439443524));
#8800=CARTESIAN_POINT('Ctrl Pts',(-9.38108235875178,-18.0962632163092,14.6040890191761));
#8801=CARTESIAN_POINT('Ctrl Pts',(-9.3754749416655,-18.0987373262339,14.5959641581398));
#8802=CARTESIAN_POINT('Ctrl Pts',(-9.34075628914504,-18.114055923273,14.5456586034154));
#8803=CARTESIAN_POINT('Ctrl Pts',(-9.30455823836125,-18.1280757115489,14.4965031161376));
#8804=CARTESIAN_POINT('Ctrl Pts',(-9.26703737274228,-18.1409099381209,14.4486606544515));
#8805=CARTESIAN_POINT('Ctrl Pts',(-9.22737805455999,-18.1544756346166,14.3980914743611));
#8806=CARTESIAN_POINT('Ctrl Pts',(-9.18624155268853,-18.1667174710926,14.3489892841636));
#8807=CARTESIAN_POINT('Ctrl Pts',(-9.14381322596316,-18.1777881775202,14.3014893596029));
#8808=CARTESIAN_POINT('Ctrl Pts',(-9.10647789737369,-18.1875299819724,14.2596912160437));
#8809=CARTESIAN_POINT('Ctrl Pts',(-9.06814252307842,-18.1963656335176,14.2191326350313));
#8810=CARTESIAN_POINT('Ctrl Pts',(-9.02892734556022,-18.2044031783846,14.1798733127167));
#8811=CARTESIAN_POINT('Ctrl Pts',(-8.9792154485466,-18.2145921314368,14.130105454677));
#8812=CARTESIAN_POINT('Ctrl Pts',(-8.92809169773364,-18.2234993554171,14.0824271965828));
#8813=CARTESIAN_POINT('Ctrl Pts',(-8.87577441792314,-18.2313407037119,14.0369004415803));
#8814=CARTESIAN_POINT('Ctrl Pts',(-8.82253512012216,-18.2393202446693,13.9905713419738));
#8815=CARTESIAN_POINT('Ctrl Pts',(-8.76806043077486,-18.2461964220836,13.9464696147357));
#8816=CARTESIAN_POINT('Ctrl Pts',(-8.71255363993978,-18.2521783641828,13.9046170113139));
#8817=CARTESIAN_POINT('Ctrl Pts',(-8.66683871092003,-18.2571050417002,13.8701475569294));
#8818=CARTESIAN_POINT('Ctrl Pts',(-8.62042326932481,-18.2614249150413,13.8372026878005));
#8819=CARTESIAN_POINT('Ctrl Pts',(-8.57340412818317,-18.2652427347931,13.8057778829354));
#8820=CARTESIAN_POINT('Ctrl Pts',(-8.50734779228399,-18.270606320299,13.7616297463397));
#8821=CARTESIAN_POINT('Ctrl Pts',(-8.44013398819777,-18.2749787428775,13.7205027001537));
#8822=CARTESIAN_POINT('Ctrl Pts',(-8.37196707962454,-18.2786137934187,13.682338023987));
#8823=CARTESIAN_POINT('Ctrl Pts',(-8.30191069926074,-18.2823496014331,13.6431154873346));
#8824=CARTESIAN_POINT('Ctrl Pts',(-8.23084765402486,-18.2853063396743,13.6070218925656));
#8825=CARTESIAN_POINT('Ctrl Pts',(-8.15897936172716,-18.2877065350147,13.5739992558299));
#8826=CARTESIAN_POINT('Ctrl Pts',(-8.0853250766433,-18.2901663774042,13.5401559763725));
#8827=CARTESIAN_POINT('Ctrl Pts',(-8.01082506701518,-18.2920414253482,13.5095381593331));
#8828=CARTESIAN_POINT('Ctrl Pts',(-7.93567459924112,-18.2935202698748,13.4820889556504));
#8829=CARTESIAN_POINT('Ctrl Pts',(-7.85895433333871,-18.2950300055912,13.4540663728546));
#8830=CARTESIAN_POINT('Ctrl Pts',(-7.78155620733722,-18.2961265824934,13.4293460307581));
#8831=CARTESIAN_POINT('Ctrl Pts',(-7.70366505694535,-18.2969619527914,13.4078743493196));
#8832=CARTESIAN_POINT('Ctrl Pts',(-7.62424180676658,-18.2978137546179,13.3859803251837));
#8833=CARTESIAN_POINT('Ctrl Pts',(-7.54430602126313,-18.2983937943603,13.3674637615058));
#8834=CARTESIAN_POINT('Ctrl Pts',(-7.464029066835,-18.298816219394,13.3522779207989));
#8835=CARTESIAN_POINT('Ctrl Pts',(-7.38345450030795,-18.2992402104911,13.3370357813701));
#8836=CARTESIAN_POINT('Ctrl Pts',(-7.30253626172568,-18.2995051978169,13.3251487467774));
#8837=CARTESIAN_POINT('Ctrl Pts',(-7.22142238861216,-18.2996829579727,13.3165842184132));
#8838=CARTESIAN_POINT('Ctrl Pts',(-7.14101707895427,-18.2998591653197,13.3080945047703));
#8839=CARTESIAN_POINT('Ctrl Pts',(-7.06041953399663,-18.2999494471067,13.3028690522949));
#8840=CARTESIAN_POINT('Ctrl Pts',(-6.97974905686643,-18.2999842613886,13.3008964719554));
#8841=CARTESIAN_POINT('Ctrl Pts',(-6.95530995777146,-18.2999948083658,13.3002988792783));
#8842=CARTESIAN_POINT('Ctrl Pts',(-6.93086399095758,-18.3000000000002,13.3));
#8843=CARTESIAN_POINT('Ctrl Pts',(-6.90641401701101,-18.3,13.3));
#8844=CARTESIAN_POINT('Origin',(0.47863804581,9.6,2.7));
#8845=CARTESIAN_POINT('',(18.1,9.6,2.7));
#8846=CARTESIAN_POINT('Origin',(20.,9.6,2.7));
#8847=CARTESIAN_POINT('Origin',(0.47863804581,9.6,2.7));
#8848=CARTESIAN_POINT('Origin',(0.47863804581,9.6,2.7));
#8849=CARTESIAN_POINT('',(-21.9,9.6,2.7));
#8850=CARTESIAN_POINT('Origin',(-20.,9.6,2.7));
#8851=CARTESIAN_POINT('Origin',(-6.906414017011,-22.,16.3));
#8852=CARTESIAN_POINT('',(-9.392180923085,-22.,14.620427766166));
#8853=CARTESIAN_POINT('Origin',(6.906414017023,-22.,16.3));
#8854=CARTESIAN_POINT('',(9.392180923097,-22.,14.620427766166));
#8855=CARTESIAN_POINT('Origin',(-29.6,-22.,16.25));
#8856=CARTESIAN_POINT('Origin',(-9.392180923085,-22.,14.620427766166));
#8857=CARTESIAN_POINT('Origin',(11.,-22.,17.));
#8858=CARTESIAN_POINT('Origin',(-0.47863804581,-9.6,2.7));
#8859=CARTESIAN_POINT('',(21.9,-9.6,2.7));
#8860=CARTESIAN_POINT('Origin',(20.,-9.6,2.7));
#8861=CARTESIAN_POINT('Origin',(-0.47863804581,-9.6,2.7));
#8862=CARTESIAN_POINT('Origin',(-0.47863804581,-9.6,2.7));
#8863=CARTESIAN_POINT('',(-18.1,-9.6,2.7));
#8864=CARTESIAN_POINT('Origin',(-20.,-9.6,2.7));
#8865=CARTESIAN_POINT('Origin',(20.,9.6,2.5));
#8866=CARTESIAN_POINT('',(18.1,9.6,2.5));
#8867=CARTESIAN_POINT('',(18.1,9.6,2.5));
#8868=CARTESIAN_POINT('Origin',(20.,9.6,2.5));
#8869=CARTESIAN_POINT('Origin',(-20.,9.6,2.5));
#8870=CARTESIAN_POINT('',(-21.9,9.6,2.5));
#8871=CARTESIAN_POINT('',(-21.9,9.6,2.5));
#8872=CARTESIAN_POINT('Origin',(-20.,9.6,2.5));
#8873=CARTESIAN_POINT('Origin',(20.,-9.6,2.5));
#8874=CARTESIAN_POINT('',(21.9,-9.6,2.5));
#8875=CARTESIAN_POINT('',(21.9,-9.6,2.5));
#8876=CARTESIAN_POINT('Origin',(20.,-9.6,2.5));
#8877=CARTESIAN_POINT('Origin',(-20.,-9.6,2.5));
#8878=CARTESIAN_POINT('',(-18.1,-9.6,2.5));
#8879=CARTESIAN_POINT('',(-18.1,-9.6,2.5));
#8880=CARTESIAN_POINT('Origin',(-20.,-9.6,2.5));
#8881=CARTESIAN_POINT('Origin',(-35.5,0.7,2.5));
#8882=CARTESIAN_POINT('',(18.4,9.9,2.5));
#8883=CARTESIAN_POINT('',(19.7,9.9,2.5));
#8884=CARTESIAN_POINT('',(18.4,9.9,2.5));
#8885=CARTESIAN_POINT('',(19.7,11.2,2.5));
#8886=CARTESIAN_POINT('',(19.7,9.9,2.5));
#8887=CARTESIAN_POINT('',(20.3,11.2,2.5));
#8888=CARTESIAN_POINT('',(19.7,11.2,2.5));
#8889=CARTESIAN_POINT('',(20.3,9.9,2.5));
#8890=CARTESIAN_POINT('',(20.3,11.2,2.5));
#8891=CARTESIAN_POINT('',(21.6,9.9,2.5));
#8892=CARTESIAN_POINT('',(20.3,9.9,2.5));
#8893=CARTESIAN_POINT('',(21.6,9.3,2.5));
#8894=CARTESIAN_POINT('',(21.6,9.9,2.5));
#8895=CARTESIAN_POINT('',(20.3,9.3,2.5));
#8896=CARTESIAN_POINT('',(21.6,9.3,2.5));
#8897=CARTESIAN_POINT('',(20.3,8.,2.5));
#8898=CARTESIAN_POINT('',(20.3,9.3,2.5));
#8899=CARTESIAN_POINT('',(19.7,8.,2.5));
#8900=CARTESIAN_POINT('',(20.3,8.,2.5));
#8901=CARTESIAN_POINT('',(19.7,9.3,2.5));
#8902=CARTESIAN_POINT('',(19.7,8.,2.5));
#8903=CARTESIAN_POINT('',(18.4,9.3,2.5));
#8904=CARTESIAN_POINT('',(19.7,9.3,2.5));
#8905=CARTESIAN_POINT('',(18.4,9.3,2.5));
#8906=CARTESIAN_POINT('Origin',(-35.5,0.7,2.5));
#8907=CARTESIAN_POINT('',(-18.5,9.3,2.5));
#8908=CARTESIAN_POINT('',(-18.5,9.9,2.5));
#8909=CARTESIAN_POINT('',(-18.5,9.3,2.5));
#8910=CARTESIAN_POINT('',(-21.5,9.3,2.5));
#8911=CARTESIAN_POINT('',(-21.5,9.3,2.5));
#8912=CARTESIAN_POINT('',(-21.5,9.9,2.5));
#8913=CARTESIAN_POINT('',(-21.5,9.9,2.5));
#8914=CARTESIAN_POINT('',(-18.5,9.9,2.5));
#8915=CARTESIAN_POINT('Origin',(-35.5,-18.48884404131,2.5));
#8916=CARTESIAN_POINT('',(18.5,-9.3,2.5));
#8917=CARTESIAN_POINT('',(18.5,-9.9,2.5));
#8918=CARTESIAN_POINT('',(18.5,-9.3,2.5));
#8919=CARTESIAN_POINT('',(21.5,-9.3,2.5));
#8920=CARTESIAN_POINT('',(21.5,-9.3,2.5));
#8921=CARTESIAN_POINT('',(21.5,-9.9,2.5));
#8922=CARTESIAN_POINT('',(21.5,-9.9,2.5));
#8923=CARTESIAN_POINT('',(18.5,-9.9,2.5));
#8924=CARTESIAN_POINT('Origin',(-35.5,-18.48884404131,2.5));
#8925=CARTESIAN_POINT('',(-18.4,-9.9,2.5));
#8926=CARTESIAN_POINT('',(-19.7,-9.9,2.5));
#8927=CARTESIAN_POINT('',(-18.4,-9.9,2.5));
#8928=CARTESIAN_POINT('',(-19.7,-11.2,2.5));
#8929=CARTESIAN_POINT('',(-19.7,-9.9,2.5));
#8930=CARTESIAN_POINT('',(-20.3,-11.2,2.5));
#8931=CARTESIAN_POINT('',(-19.7,-11.2,2.5));
#8932=CARTESIAN_POINT('',(-20.3,-9.9,2.5));
#8933=CARTESIAN_POINT('',(-20.3,-11.2,2.5));
#8934=CARTESIAN_POINT('',(-21.6,-9.9,2.5));
#8935=CARTESIAN_POINT('',(-20.3,-9.9,2.5));
#8936=CARTESIAN_POINT('',(-21.6,-9.3,2.5));
#8937=CARTESIAN_POINT('',(-21.6,-9.9,2.5));
#8938=CARTESIAN_POINT('',(-20.3,-9.3,2.5));
#8939=CARTESIAN_POINT('',(-21.6,-9.3,2.5));
#8940=CARTESIAN_POINT('',(-20.3,-8.,2.5));
#8941=CARTESIAN_POINT('',(-20.3,-9.3,2.5));
#8942=CARTESIAN_POINT('',(-19.7,-8.,2.5));
#8943=CARTESIAN_POINT('',(-20.3,-8.,2.5));
#8944=CARTESIAN_POINT('',(-19.7,-9.3,2.5));
#8945=CARTESIAN_POINT('',(-19.7,-8.,2.5));
#8946=CARTESIAN_POINT('',(-18.4,-9.3,2.5));
#8947=CARTESIAN_POINT('',(-19.7,-9.3,2.5));
#8948=CARTESIAN_POINT('',(-18.4,-9.3,2.5));
#8949=CARTESIAN_POINT('Origin',(18.4,9.9,2.5));
#8950=CARTESIAN_POINT('',(18.4,9.9,2.7));
#8951=CARTESIAN_POINT('',(18.4,9.9,2.5));
#8952=CARTESIAN_POINT('',(19.7,9.9,2.7));
#8953=CARTESIAN_POINT('',(18.4,9.9,2.7));
#8954=CARTESIAN_POINT('',(19.7,9.9,2.5));
#8955=CARTESIAN_POINT('Origin',(18.4,9.3,2.5));
#8956=CARTESIAN_POINT('',(18.4,9.3,2.7));
#8957=CARTESIAN_POINT('',(18.4,9.3,2.5));
#8958=CARTESIAN_POINT('',(18.4,9.3,2.7));
#8959=CARTESIAN_POINT('Origin',(19.7,9.3,2.5));
#8960=CARTESIAN_POINT('',(19.7,9.3,2.7));
#8961=CARTESIAN_POINT('',(19.7,9.3,2.5));
#8962=CARTESIAN_POINT('',(19.7,9.3,2.7));
#8963=CARTESIAN_POINT('Origin',(19.7,8.,2.5));
#8964=CARTESIAN_POINT('',(19.7,8.,2.7));
#8965=CARTESIAN_POINT('',(19.7,8.,2.5));
#8966=CARTESIAN_POINT('',(19.7,8.,2.7));
#8967=CARTESIAN_POINT('Origin',(20.3,8.,2.5));
#8968=CARTESIAN_POINT('',(20.3,8.,2.7));
#8969=CARTESIAN_POINT('',(20.3,8.,2.5));
#8970=CARTESIAN_POINT('',(20.3,8.,2.7));
#8971=CARTESIAN_POINT('Origin',(20.3,9.3,2.5));
#8972=CARTESIAN_POINT('',(20.3,9.3,2.7));
#8973=CARTESIAN_POINT('',(20.3,9.3,2.5));
#8974=CARTESIAN_POINT('',(20.3,9.3,2.7));
#8975=CARTESIAN_POINT('Origin',(21.6,9.3,2.5));
#8976=CARTESIAN_POINT('',(21.6,9.3,2.7));
#8977=CARTESIAN_POINT('',(21.6,9.3,2.5));
#8978=CARTESIAN_POINT('',(21.6,9.3,2.7));
#8979=CARTESIAN_POINT('Origin',(21.6,9.9,2.5));
#8980=CARTESIAN_POINT('',(21.6,9.9,2.7));
#8981=CARTESIAN_POINT('',(21.6,9.9,2.5));
#8982=CARTESIAN_POINT('',(21.6,9.9,2.7));
#8983=CARTESIAN_POINT('Origin',(20.3,9.9,2.5));
#8984=CARTESIAN_POINT('',(20.3,9.9,2.7));
#8985=CARTESIAN_POINT('',(20.3,9.9,2.5));
#8986=CARTESIAN_POINT('',(20.3,9.9,2.7));
#8987=CARTESIAN_POINT('Origin',(20.3,11.2,2.5));
#8988=CARTESIAN_POINT('',(20.3,11.2,2.7));
#8989=CARTESIAN_POINT('',(20.3,11.2,2.5));
#8990=CARTESIAN_POINT('',(20.3,11.2,2.7));
#8991=CARTESIAN_POINT('Origin',(19.7,11.2,2.5));
#8992=CARTESIAN_POINT('',(19.7,11.2,2.7));
#8993=CARTESIAN_POINT('',(19.7,11.2,2.5));
#8994=CARTESIAN_POINT('',(19.7,11.2,2.7));
#8995=CARTESIAN_POINT('Origin',(19.7,9.9,2.5));
#8996=CARTESIAN_POINT('',(19.7,9.9,2.7));
#8997=CARTESIAN_POINT('Origin',(-18.5,9.3,2.5));
#8998=CARTESIAN_POINT('',(-18.5,9.3,2.7));
#8999=CARTESIAN_POINT('',(-18.5,9.3,2.5));
#9000=CARTESIAN_POINT('',(-18.5,9.9,2.7));
#9001=CARTESIAN_POINT('',(-18.5,9.9,2.5));
#9002=CARTESIAN_POINT('',(-18.5,9.3,2.7));
#9003=CARTESIAN_POINT('Origin',(-18.5,9.9,2.5));
#9004=CARTESIAN_POINT('',(-21.5,9.9,2.7));
#9005=CARTESIAN_POINT('',(-21.5,9.9,2.5));
#9006=CARTESIAN_POINT('',(-18.5,9.9,2.7));
#9007=CARTESIAN_POINT('Origin',(-21.5,9.9,2.5));
#9008=CARTESIAN_POINT('',(-21.5,9.3,2.7));
#9009=CARTESIAN_POINT('',(-21.5,9.3,2.5));
#9010=CARTESIAN_POINT('',(-21.5,9.9,2.7));
#9011=CARTESIAN_POINT('Origin',(-21.5,9.3,2.5));
#9012=CARTESIAN_POINT('',(-21.5,9.3,2.7));
#9013=CARTESIAN_POINT('Origin',(18.5,-9.3,2.5));
#9014=CARTESIAN_POINT('',(18.5,-9.3,2.7));
#9015=CARTESIAN_POINT('',(18.5,-9.3,2.5));
#9016=CARTESIAN_POINT('',(18.5,-9.9,2.7));
#9017=CARTESIAN_POINT('',(18.5,-9.9,2.5));
#9018=CARTESIAN_POINT('',(18.5,-9.3,2.7));
#9019=CARTESIAN_POINT('Origin',(18.5,-9.9,2.5));
#9020=CARTESIAN_POINT('',(21.5,-9.9,2.7));
#9021=CARTESIAN_POINT('',(21.5,-9.9,2.5));
#9022=CARTESIAN_POINT('',(18.5,-9.9,2.7));
#9023=CARTESIAN_POINT('Origin',(21.5,-9.9,2.5));
#9024=CARTESIAN_POINT('',(21.5,-9.3,2.7));
#9025=CARTESIAN_POINT('',(21.5,-9.3,2.5));
#9026=CARTESIAN_POINT('',(21.5,-9.9,2.7));
#9027=CARTESIAN_POINT('Origin',(21.5,-9.3,2.5));
#9028=CARTESIAN_POINT('',(21.5,-9.3,2.7));
#9029=CARTESIAN_POINT('Origin',(-18.4,-9.9,2.5));
#9030=CARTESIAN_POINT('',(-18.4,-9.9,2.7));
#9031=CARTESIAN_POINT('',(-18.4,-9.9,2.5));
#9032=CARTESIAN_POINT('',(-19.7,-9.9,2.7));
#9033=CARTESIAN_POINT('',(-18.4,-9.9,2.7));
#9034=CARTESIAN_POINT('',(-19.7,-9.9,2.5));
#9035=CARTESIAN_POINT('Origin',(-18.4,-9.3,2.5));
#9036=CARTESIAN_POINT('',(-18.4,-9.3,2.7));
#9037=CARTESIAN_POINT('',(-18.4,-9.3,2.5));
#9038=CARTESIAN_POINT('',(-18.4,-9.3,2.7));
#9039=CARTESIAN_POINT('Origin',(-19.7,-9.3,2.5));
#9040=CARTESIAN_POINT('',(-19.7,-9.3,2.7));
#9041=CARTESIAN_POINT('',(-19.7,-9.3,2.5));
#9042=CARTESIAN_POINT('',(-19.7,-9.3,2.7));
#9043=CARTESIAN_POINT('Origin',(-19.7,-8.,2.5));
#9044=CARTESIAN_POINT('',(-19.7,-8.,2.7));
#9045=CARTESIAN_POINT('',(-19.7,-8.,2.5));
#9046=CARTESIAN_POINT('',(-19.7,-8.,2.7));
#9047=CARTESIAN_POINT('Origin',(-20.3,-8.,2.5));
#9048=CARTESIAN_POINT('',(-20.3,-8.,2.7));
#9049=CARTESIAN_POINT('',(-20.3,-8.,2.5));
#9050=CARTESIAN_POINT('',(-20.3,-8.,2.7));
#9051=CARTESIAN_POINT('Origin',(-20.3,-9.3,2.5));
#9052=CARTESIAN_POINT('',(-20.3,-9.3,2.7));
#9053=CARTESIAN_POINT('',(-20.3,-9.3,2.5));
#9054=CARTESIAN_POINT('',(-20.3,-9.3,2.7));
#9055=CARTESIAN_POINT('Origin',(-21.6,-9.3,2.5));
#9056=CARTESIAN_POINT('',(-21.6,-9.3,2.7));
#9057=CARTESIAN_POINT('',(-21.6,-9.3,2.5));
#9058=CARTESIAN_POINT('',(-21.6,-9.3,2.7));
#9059=CARTESIAN_POINT('Origin',(-21.6,-9.9,2.5));
#9060=CARTESIAN_POINT('',(-21.6,-9.9,2.7));
#9061=CARTESIAN_POINT('',(-21.6,-9.9,2.5));
#9062=CARTESIAN_POINT('',(-21.6,-9.9,2.7));
#9063=CARTESIAN_POINT('Origin',(-20.3,-9.9,2.5));
#9064=CARTESIAN_POINT('',(-20.3,-9.9,2.7));
#9065=CARTESIAN_POINT('',(-20.3,-9.9,2.5));
#9066=CARTESIAN_POINT('',(-20.3,-9.9,2.7));
#9067=CARTESIAN_POINT('Origin',(-20.3,-11.2,2.5));
#9068=CARTESIAN_POINT('',(-20.3,-11.2,2.7));
#9069=CARTESIAN_POINT('',(-20.3,-11.2,2.5));
#9070=CARTESIAN_POINT('',(-20.3,-11.2,2.7));
#9071=CARTESIAN_POINT('Origin',(-19.7,-11.2,2.5));
#9072=CARTESIAN_POINT('',(-19.7,-11.2,2.7));
#9073=CARTESIAN_POINT('',(-19.7,-11.2,2.5));
#9074=CARTESIAN_POINT('',(-19.7,-11.2,2.7));
#9075=CARTESIAN_POINT('Origin',(-19.7,-9.9,2.5));
#9076=CARTESIAN_POINT('',(-19.7,-9.9,2.7));
#9077=CARTESIAN_POINT('Origin',(0.47863804581,9.6,2.7));
#9078=CARTESIAN_POINT('Origin',(0.47863804581,9.6,2.7));
#9079=CARTESIAN_POINT('Origin',(-0.47863804581,-9.6,2.7));
#9080=CARTESIAN_POINT('Origin',(-0.47863804581,-9.6,2.7));
#9081=CARTESIAN_POINT('',(0.,0.,0.));
#9082=CARTESIAN_POINT('',(0.,0.,0.));
#9083=CARTESIAN_POINT('Ctrl Pts',(4.85,0.,0.));
#9084=CARTESIAN_POINT('Ctrl Pts',(4.887215165575,-2.116204722838,-0.138888904206));
#9085=CARTESIAN_POINT('Ctrl Pts',(3.885627788723,-4.269110617047,-0.277777805304));
#9086=CARTESIAN_POINT('Ctrl Pts',(1.81459335663,-5.874547024477,-0.416666716226));
#9087=CARTESIAN_POINT('Ctrl Pts',(-0.975376653285,-6.328896559298,-0.555555606761));
#9088=CARTESIAN_POINT('Ctrl Pts',(-3.726693482155,-5.278449928039,-0.694444526927));
#9089=CARTESIAN_POINT('Ctrl Pts',(-5.534056550331,-3.027028317239,-0.833333416169));
#9090=CARTESIAN_POINT('Ctrl Pts',(-6.002077635035,-0.345424457434,-0.972222328459));
#9091=CARTESIAN_POINT('Ctrl Pts',(-5.239735526656,2.040203064525,-1.111111228953));
#9092=CARTESIAN_POINT('Ctrl Pts',(-2.092960722223,5.292315696476,-1.388889037162));
#9093=CARTESIAN_POINT('Ctrl Pts',(0.291668129527,6.159067796867,-1.527777939305));
#9094=CARTESIAN_POINT('Ctrl Pts',(3.067604371554,5.80326402833,-1.666666847035));
#9095=CARTESIAN_POINT('Ctrl Pts',(5.513422680159,4.036311323433,-1.805555743028));
#9096=CARTESIAN_POINT('Ctrl Pts',(6.79135725582,1.166515007624,-1.944444656767));
#9097=CARTESIAN_POINT('Ctrl Pts',(6.451750120623,-1.892397744668,-2.083333551129));
#9098=CARTESIAN_POINT('Ctrl Pts',(4.780708844262,-4.262998677339,-2.222222460614));
#9099=CARTESIAN_POINT('Ctrl Pts',(2.40861737988,-5.482603095252,-2.361111361941));
#9100=CARTESIAN_POINT('Ctrl Pts',(-2.408366561363,-5.557142866923,-2.638889170043));
#9101=CARTESIAN_POINT('Ctrl Pts',(-4.853607707054,-4.412128314124,-2.777778071864));
#9102=CARTESIAN_POINT('Ctrl Pts',(-6.670755375946,-2.05421352638,-2.916666979921));
#9103=CARTESIAN_POINT('Ctrl Pts',(-7.176466811836,1.113574389294,-3.055555876434));
#9104=CARTESIAN_POINT('Ctrl Pts',(-5.975680844045,4.228034794419,-3.194444788015));
#9105=CARTESIAN_POINT('Ctrl Pts',(-3.420869570659,6.266350593446,-3.333333685328));
#9106=CARTESIAN_POINT('Ctrl Pts',(-0.386728164389,6.787656196268,-3.472222592478));
#9107=CARTESIAN_POINT('Ctrl Pts',(2.307069318253,5.920135456819,-3.611111494682));
#9108=CARTESIAN_POINT('Ctrl Pts',(5.972615805158,2.360081339566,-3.888889302753));
#9109=CARTESIAN_POINT('Ctrl Pts',(6.944661746738,-0.332678129524,-4.027778202931));
#9110=CARTESIAN_POINT('Ctrl Pts',(6.535705263337,-3.461171807778,-4.166667116827));
#9111=CARTESIAN_POINT('Ctrl Pts',(4.537913279688,-6.210466121318,-4.305556001246));
#9112=CARTESIAN_POINT('Ctrl Pts',(1.305029613104,-7.63887576678,-4.444444929288));
#9113=CARTESIAN_POINT('Ctrl Pts',(-2.131720216131,-7.248048014276,-4.583333810961));
#9114=CARTESIAN_POINT('Ctrl Pts',(-4.789280639024,-5.365402732937,-4.722222728252));
#9115=CARTESIAN_POINT('Ctrl Pts',(-6.152421518549,-2.701029665046,-4.86111162613));
#9116=CARTESIAN_POINT('Ctrl Pts',(-6.227070405927,2.700528768666,-5.138889436046));
#9117=CARTESIAN_POINT('Ctrl Pts',(-4.938628512245,5.438105112279,-5.277778331479));
#9118=CARTESIAN_POINT('Ctrl Pts',(-2.293833264568,7.46696380626,-5.416667256346));
#9119=CARTESIAN_POINT('Ctrl Pts',(1.25177261841,8.024037064903,-5.555556124751));
#9120=CARTESIAN_POINT('Ctrl Pts',(4.7293764639,6.672911408088,-5.694445068027));
#9121=CARTESIAN_POINT('Ctrl Pts',(6.998644880739,3.814710464194,-5.833333940446));
#9122=CARTESIAN_POINT('Ctrl Pts',(7.573234766053,0.42803141671,-5.972222860401));
#9123=CARTESIAN_POINT('Ctrl Pts',(6.60053524327,-2.573935944934,-6.111111758951));
#9124=CARTESIAN_POINT('Ctrl Pts',(2.627201574623,-6.652916067058,-6.388889566403));
#9125=CARTESIAN_POINT('Ctrl Pts',(-0.373688541871,-7.730255653043,-6.527778471791));
#9126=CARTESIAN_POINT('Ctrl Pts',(-3.854739701088,-7.268146320203,-6.666667371099));
#9127=CARTESIAN_POINT('Ctrl Pts',(-6.907509768699,-5.039514802217,-6.805556278432));
#9128=CARTESIAN_POINT('Ctrl Pts',(-8.48639441999,-1.443543785168,-6.944445182308));
#9129=CARTESIAN_POINT('Ctrl Pts',(-8.044345736098,2.371043144641,-7.08333408132));
#9130=CARTESIAN_POINT('Ctrl Pts',(-5.950096343068,5.315562920823,-7.222222989895));
#9131=CARTESIAN_POINT('Ctrl Pts',(-2.993441579799,6.822240103579,-7.361111890765));
#9132=CARTESIAN_POINT('Ctrl Pts',(2.99269135189,6.896997783157,-7.638889698741));
#9133=CARTESIAN_POINT('Ctrl Pts',(6.022602778992,5.465128387188,-7.777778599669));
#9134=CARTESIAN_POINT('Ctrl Pts',(8.26317242871,2.533452563655,-7.916667513007));
#9135=CARTESIAN_POINT('Ctrl Pts',(8.871607171518,-1.389971320352,-8.055556393922));
#9136=CARTESIAN_POINT('Ctrl Pts',(7.370141744794,-5.230718511394,-8.194445331093));
#9137=CARTESIAN_POINT('Ctrl Pts',(4.208550933102,-7.730939391133,-8.333334200956));
#9138=CARTESIAN_POINT('Ctrl Pts',(0.469334238628,-8.358813356757,-8.472223126667));
#9139=CARTESIAN_POINT('Ctrl Pts',(-2.840802947863,-7.28093488152,-8.611112021489));
#9140=CARTESIAN_POINT('Ctrl Pts',(-7.333216473378,-2.894321437217,-8.888889830396));
#9141=CARTESIAN_POINT('Ctrl Pts',(-8.515849551995,0.414699403027,-9.027778733573));
#9142=CARTESIAN_POINT('Ctrl Pts',(-8.000587128567,4.248307968118,-9.166667635504));
#9143=CARTESIAN_POINT('Ctrl Pts',(-5.541115977513,7.604553726515,-9.305556542646));
#9144=CARTESIAN_POINT('Ctrl Pts',(-1.582057462149,9.333913127569,-9.444445441631));
#9145=CARTESIAN_POINT('Ctrl Pts',(2.610366499853,8.840643331794,-9.583334348691));
#9146=CARTESIAN_POINT('Ctrl Pts',(5.841845527076,6.534789664919,-9.722223250216));
#9147=CARTESIAN_POINT('Ctrl Pts',(7.492058849728,3.285853123479,-9.861112154433));
#9148=CARTESIAN_POINT('Ctrl Pts',(7.529491924591,0.000499411430726,-10.00000105766));
#9149=CARTESIAN_POINT('Ctrl Pts',(4.85,5.697254669733E-14,-0.58154007645));
#9150=CARTESIAN_POINT('Ctrl Pts',(4.887215165595,-2.116204756856,-0.720428980655));
#9151=CARTESIAN_POINT('Ctrl Pts',(3.88562775535,-4.269110685124,-0.859317881754));
#9152=CARTESIAN_POINT('Ctrl Pts',(1.814593256546,-5.874547098329,-0.998206792675));
#9153=CARTESIAN_POINT('Ctrl Pts',(-0.975376829224,-6.328896583446,-1.137095683212));
#9154=CARTESIAN_POINT('Ctrl Pts',(-3.726693693313,-5.278449840393,-1.275984603376));
#9155=CARTESIAN_POINT('Ctrl Pts',(-5.534056711685,-3.027028105711,-1.414873492619));
#9156=CARTESIAN_POINT('Ctrl Pts',(-6.002077678469,-0.345424170304,-1.553762404909));
#9157=CARTESIAN_POINT('Ctrl Pts',(-5.239735428896,2.040203351289,-1.692651305402));
#9158=CARTESIAN_POINT('Ctrl Pts',(-2.092960387556,5.292315842631,-1.970429113612));
#9159=CARTESIAN_POINT('Ctrl Pts',(0.291668559958,6.159067802765,-2.109318015755));
#9160=CARTESIAN_POINT('Ctrl Pts',(3.067604828961,5.803263830208,-2.248206923485));
#9161=CARTESIAN_POINT('Ctrl Pts',(5.513423050631,4.036310897966,-2.387095819478));
#9162=CARTESIAN_POINT('Ctrl Pts',(6.791357406452,1.166514409613,-2.525984733216));
#9163=CARTESIAN_POINT('Ctrl Pts',(6.451749976021,-1.892398371678,-2.664873627579));
#9164=CARTESIAN_POINT('Ctrl Pts',(4.780708431941,-4.262999177868,-2.803762537064));
#9165=CARTESIAN_POINT('Ctrl Pts',(2.408616802513,-5.482603362368,-2.94265143839));
#9166=CARTESIAN_POINT('Ctrl Pts',(-2.408367206869,-5.557142600503,-3.220429246493));
#9167=CARTESIAN_POINT('Ctrl Pts',(-4.853608255701,-4.41212774752,-3.359318148314));
#9168=CARTESIAN_POINT('Ctrl Pts',(-6.670755668578,-2.054212699934,-3.49820705637));
#9169=CARTESIAN_POINT('Ctrl Pts',(-7.176466710051,1.113575338399,-3.637095952883));
#9170=CARTESIAN_POINT('Ctrl Pts',(-5.975680299313,4.228035641523,-3.775984864464));
#9171=CARTESIAN_POINT('Ctrl Pts',(-3.42086869147,6.266351114069,-3.914873761778));
#9172=CARTESIAN_POINT('Ctrl Pts',(-0.386727161084,6.787656277538,-4.053762668927));
#9173=CARTESIAN_POINT('Ctrl Pts',(2.307070225304,5.920135116003,-4.192651571131));
#9174=CARTESIAN_POINT('Ctrl Pts',(5.972616194931,2.360080385028,-4.470429379202));
#9175=CARTESIAN_POINT('Ctrl Pts',(6.944661715467,-0.332679275735,-4.60931827938));
#9176=CARTESIAN_POINT('Ctrl Pts',(6.53570470681,-3.461172932549,-4.748207193276));
#9177=CARTESIAN_POINT('Ctrl Pts',(4.537912219432,-6.210466948723,-4.887096077695));
#9178=CARTESIAN_POINT('Ctrl Pts',(1.305028243334,-7.638876043738,-5.025985005737));
#9179=CARTESIAN_POINT('Ctrl Pts',(-2.131721568202,-7.248047651906,-5.16487388741));
#9180=CARTESIAN_POINT('Ctrl Pts',(-4.789281671934,-5.365401841682,-5.303762804701));
#9181=CARTESIAN_POINT('Ctrl Pts',(-6.152422052007,-2.701028478108,-5.442651702579));
#9182=CARTESIAN_POINT('Ctrl Pts',(-6.227069873855,2.700530023843,-5.720429512494));
#9183=CARTESIAN_POINT('Ctrl Pts',(-4.938627413995,5.438106140068,-5.859318407928));
#9184=CARTESIAN_POINT('Ctrl Pts',(-2.293831713915,7.466964317022,-5.998207332794));
#9185=CARTESIAN_POINT('Ctrl Pts',(1.251774338388,8.024036837565,-6.1370962012));
#9186=CARTESIAN_POINT('Ctrl Pts',(4.729377945066,6.67291040761,-6.275985144475));
#9187=CARTESIAN_POINT('Ctrl Pts',(6.998645759552,3.814708919343,-6.414874016894));
#9188=CARTESIAN_POINT('Ctrl Pts',(7.573234885061,0.428029699344,-6.553762936849));
#9189=CARTESIAN_POINT('Ctrl Pts',(6.600534660112,-2.573937470428,-6.692651835399));
#9190=CARTESIAN_POINT('Ctrl Pts',(2.62720000206,-6.65291669973,-6.970429642851));
#9191=CARTESIAN_POINT('Ctrl Pts',(-0.373690401771,-7.730255584696,-7.109318548238));
#9192=CARTESIAN_POINT('Ctrl Pts',(-3.854741491173,-7.26814540637,-7.248207447547));
#9193=CARTESIAN_POINT('Ctrl Pts',(-6.90751105178,-5.039513109002,-7.387096354879));
#9194=CARTESIAN_POINT('Ctrl Pts',(-8.486394822809,-1.443541645976,-7.525985258755));
#9195=CARTESIAN_POINT('Ctrl Pts',(-8.044345156661,2.371045219659,-7.664874157767));
#9196=CARTESIAN_POINT('Ctrl Pts',(-5.950094974279,5.315564484514,-7.803763066342));
#9197=CARTESIAN_POINT('Ctrl Pts',(-2.993439785098,6.822240902598,-7.942651967212));
#9198=CARTESIAN_POINT('Ctrl Pts',(2.992693214931,6.896996986213,-8.220429775188));
#9199=CARTESIAN_POINT('Ctrl Pts',(6.022604284508,5.465126758897,-8.359318676115));
#9200=CARTESIAN_POINT('Ctrl Pts',(8.263173156942,2.533450290875,-8.498207589453));
#9201=CARTESIAN_POINT('Ctrl Pts',(8.871606819017,-1.389973808823,-8.637096470369));
#9202=CARTESIAN_POINT('Ctrl Pts',(7.370140289909,-5.230720624834,-8.77598540754));
#9203=CARTESIAN_POINT('Ctrl Pts',(4.208548724558,-7.730940627016,-8.914874277402));
#9204=CARTESIAN_POINT('Ctrl Pts',(0.469331809323,-8.358813513411,-9.053763203113));
#9205=CARTESIAN_POINT('Ctrl Pts',(-2.840805089972,-7.280934056736,-9.192652097935));
#9206=CARTESIAN_POINT('Ctrl Pts',(-7.333217348224,-2.894319248455,-9.470429906842));
#9207=CARTESIAN_POINT('Ctrl Pts',(-8.515849446702,0.414701974477,-9.609318810019));
#9208=CARTESIAN_POINT('Ctrl Pts',(-8.000585858432,4.248310421607,-9.74820771195));
#9209=CARTESIAN_POINT('Ctrl Pts',(-5.541113653304,7.604555463832,-9.887096619092));
#9210=CARTESIAN_POINT('Ctrl Pts',(-1.58205455571,9.333913655968,-10.02598551807));
#9211=CARTESIAN_POINT('Ctrl Pts',(2.610369295595,8.840642535864,-10.16487442513));
#9212=CARTESIAN_POINT('Ctrl Pts',(5.841847620022,6.534787820039,-10.30376332666));
#9213=CARTESIAN_POINT('Ctrl Pts',(7.492059913508,3.285850722806,-10.44265223087));
#9214=CARTESIAN_POINT('Ctrl Pts',(7.52949192597,0.0004969765448119,-10.5815411341));
#9215=CARTESIAN_POINT('Ctrl Pts',(4.130908133308,-5.66957504646E-14,-0.665039334136));
#9216=CARTESIAN_POINT('Ctrl Pts',(4.168123298906,-1.802441732989,-0.803928238366));
#9217=CARTESIAN_POINT('Ctrl Pts',(3.32056010099,-3.641561938177,-0.942817139485));
#9218=CARTESIAN_POINT('Ctrl Pts',(1.55752697362,-5.019789298089,-1.081706050441));
#9219=CARTESIAN_POINT('Ctrl Pts',(-0.826854753848,-5.419078936087,-1.220594940982));
#9220=CARTESIAN_POINT('Ctrl Pts',(-3.188376372061,-4.53009068867,-1.359483861194));
#9221=CARTESIAN_POINT('Ctrl Pts',(-4.747878329247,-2.604396443601,-1.49837275044));
#9222=CARTESIAN_POINT('Ctrl Pts',(-5.158770530235,-0.301243433423,-1.637261662766));
#9223=CARTESIAN_POINT('Ctrl Pts',(-4.509396754727,1.75359251958,-1.776150563279));
#9224=CARTESIAN_POINT('Ctrl Pts',(-1.806349672525,4.561977122677,-2.053928371537));
#9225=CARTESIAN_POINT('Ctrl Pts',(0.247487688344,5.315760661603,-2.192817273702));
#9226=CARTESIAN_POINT('Ctrl Pts',(2.644973041287,5.017085515314,-2.331706181463));
#9227=CARTESIAN_POINT('Ctrl Pts',(4.765063812912,3.497993696275,-2.470595077466));
#9228=CARTESIAN_POINT('Ctrl Pts',(5.88153973545,1.017992479593,-2.609483991246));
#9229=CARTESIAN_POINT('Ctrl Pts',(5.59699221688,-1.635331952273,-2.748372885616));
#9230=CARTESIAN_POINT('Ctrl Pts',(4.153159775279,-3.697931423328,-2.887261795135));
#9231=CARTESIAN_POINT('Ctrl Pts',(2.09485389348,-4.763511445636,-3.026150696481));
#9232=CARTESIAN_POINT('Ctrl Pts',(-2.094604068249,-4.838050783951,-3.303928504633));
#9233=CARTESIAN_POINT('Ctrl Pts',(-4.226059418626,-3.847060193361,-3.442817406475));
#9234=CARTESIAN_POINT('Ctrl Pts',(-5.815997827412,-1.797146553412,-3.581706314561));
#9235=CARTESIAN_POINT('Ctrl Pts',(-6.26664908646,0.965053117864,-3.720595211089));
#9236=CARTESIAN_POINT('Ctrl Pts',(-5.227321233551,3.689718201001,-3.859484122704));
#9237=CARTESIAN_POINT('Ctrl Pts',(-2.998237154755,5.480172664269,-3.998373020033));
#9238=CARTESIAN_POINT('Ctrl Pts',(-0.342546558681,5.944349122356,-4.137261927211));
#9239=CARTESIAN_POINT('Ctrl Pts',(2.020459277189,5.189796487578,-4.276150829437));
#9240=CARTESIAN_POINT('Ctrl Pts',(5.24227742935,2.073469786424,-4.553928637556));
#9241=CARTESIAN_POINT('Ctrl Pts',(6.101354581441,-0.288498269752,-4.692817537752));
#9242=CARTESIAN_POINT('Ctrl Pts',(5.749526459281,-3.038541019633,-4.831706451689));
#9243=CARTESIAN_POINT('Ctrl Pts',(3.999595137069,-5.462107625351,-4.9705953361));
#9244=CARTESIAN_POINT('Ctrl Pts',(1.156506458176,-6.729058349162,-5.109484264206));
#9245=CARTESIAN_POINT('Ctrl Pts',(-1.87465501268,-6.393289933777,-5.248373145867));
#9246=CARTESIAN_POINT('Ctrl Pts',(-4.224213817543,-4.737853275048,-5.387262063204));
#9247=CARTESIAN_POINT('Ctrl Pts',(-5.433330085385,-2.387265683563,-5.526150961097));
#9248=CARTESIAN_POINT('Ctrl Pts',(-5.507978107294,2.386766770803,-5.803928771064));
#9249=CARTESIAN_POINT('Ctrl Pts',(-4.37355995974,4.810557213171,-5.942817666508));
#9250=CARTESIAN_POINT('Ctrl Pts',(-2.036765703403,6.612206434968,-6.081706591432));
#9251=CARTESIAN_POINT('Ctrl Pts',(1.103251973154,7.114219237784,-6.220595459806));
#9252=CARTESIAN_POINT('Ctrl Pts',(4.191060385577,5.92455142745,-6.359484403168));
#9253=CARTESIAN_POINT('Ctrl Pts',(6.21246724264,3.392077507716,-6.498373275561));
#9254=CARTESIAN_POINT('Ctrl Pts',(6.72992772292,0.383849230993,-6.637262195566));
#9255=CARTESIAN_POINT('Ctrl Pts',(5.870196077304,-2.287326406245,-6.776151094132));
#9256=CARTESIAN_POINT('Ctrl Pts',(2.340589519531,-5.922577888668,-7.053928901631));
#9257=CARTESIAN_POINT('Ctrl Pts',(-0.329509261803,-6.886948457739,-7.192817807045));
#9258=CARTESIAN_POINT('Ctrl Pts',(-3.432109453414,-6.481967226098,-7.331706706371));
#9259=CARTESIAN_POINT('Ctrl Pts',(-6.159151642985,-4.501196145501,-7.470595613733));
#9260=CARTESIAN_POINT('Ctrl Pts',(-7.576577104727,-1.29502000534,-7.609484517633));
#9261=CARTESIAN_POINT('Ctrl Pts',(-7.189587479445,2.11397852847,-7.748373416661));
#9262=CARTESIAN_POINT('Ctrl Pts',(-5.322546497383,4.750496530555,-7.887262325268));
#9263=CARTESIAN_POINT('Ctrl Pts',(-2.679677104713,6.103148886233,-8.026151226157));
#9264=CARTESIAN_POINT('Ctrl Pts',(2.678929847823,6.177905269491,-8.303929034181));
#9265=CARTESIAN_POINT('Ctrl Pts',(5.395055267998,4.900059404255,-8.442817935129));
#9266=CARTESIAN_POINT('Ctrl Pts',(7.408415234232,2.276384415961,-8.581706848506));
#9267=CARTESIAN_POINT('Ctrl Pts',(7.961789242841,-1.241451299315,-8.720595729409));
#9268=CARTESIAN_POINT('Ctrl Pts',(6.621781395199,-4.692402946734,-8.859484666658));
#9269=CARTESIAN_POINT('Ctrl Pts',(3.785917437601,-6.944762043188,-8.99837353649));
#9270=CARTESIAN_POINT('Ctrl Pts',(0.425151474639,-7.515506344335,-9.13726246226));
#9271=CARTESIAN_POINT('Ctrl Pts',(-2.554193910069,-6.550595519408,-9.276151357091));
#9272=CARTESIAN_POINT('Ctrl Pts',(-6.602878491807,-2.60770888166,-9.553929166048));
#9273=CARTESIAN_POINT('Ctrl Pts',(-7.672542326839,0.37052070093,-9.692818069248));
#9274=CARTESIAN_POINT('Ctrl Pts',(-7.214407745131,3.825678259362,-9.8317069712));
#9275=CARTESIAN_POINT('Ctrl Pts',(-5.002796808411,6.856195969864,-9.970595878371));
#9276=CARTESIAN_POINT('Ctrl Pts',(-1.433533059099,8.424095914478,-10.10948477737));
#9277=CARTESIAN_POINT('Ctrl Pts',(2.35330246911,7.985884899403,-10.24837368446));
#9278=CARTESIAN_POINT('Ctrl Pts',(5.276779566795,5.90723943264,-10.387262586));
#9279=CARTESIAN_POINT('Ctrl Pts',(6.772967847547,2.972088156235,-10.52615149024));
#9280=CARTESIAN_POINT('Ctrl Pts',(6.810400059477,0.0004974336820306,-10.66504039349));
#9281=CARTESIAN_POINT('Ctrl Pts',(3.537809077647,7.88860905221E-31,-3.552713678801E-15));
#9282=CARTESIAN_POINT('Ctrl Pts',(3.575024243221,-1.543653401969,-0.138888904251));
#9283=CARTESIAN_POINT('Ctrl Pts',(2.854498562229,-3.123966554052,-0.277777805385));
#9284=CARTESIAN_POINT('Ctrl Pts',(1.345501659635,-4.314794380636,-0.416666716372));
#9285=CARTESIAN_POINT('Ctrl Pts',(-0.704355159014,-4.668671325716,-0.555555606912));
#9286=CARTESIAN_POINT('Ctrl Pts',(-2.744377904978,-3.912852409008,-0.69444452717));
#9287=CARTESIAN_POINT('Ctrl Pts',(-4.099446850274,-2.255814768175,-0.833333416413));
#9288=CARTESIAN_POINT('Ctrl Pts',(-4.463220022946,-0.264804010329,-0.972222328772));
#9289=CARTESIAN_POINT('Ctrl Pts',(-3.90702157944,1.517198698782,-1.1111112293));
#9290=CARTESIAN_POINT('Ctrl Pts',(-1.569956732219,3.959601601809,-1.388889037599));
#9291=CARTESIAN_POINT('Ctrl Pts',(0.211047248585,4.62021020751,-1.527777939781));
#9292=CARTESIAN_POINT('Ctrl Pts',(2.296390418024,4.368654545716,-1.666666847566));
#9293=CARTESIAN_POINT('Ctrl Pts',(4.147824884271,3.053996131243,-1.805555743581));
#9294=CARTESIAN_POINT('Ctrl Pts',(5.131131945869,0.895493981343,-1.944444657392));
#9295=CARTESIAN_POINT('Ctrl Pts',(4.891997609063,-1.423305608083,-2.083333551772));
#9296=CARTESIAN_POINT('Ctrl Pts',(3.63556507187,-3.231869128173,-2.222222461317));
#9297=CARTESIAN_POINT('Ctrl Pts',(1.836066428749,-4.170412011597,-2.36111136268));
#9298=CARTESIAN_POINT('Ctrl Pts',(-1.835814870883,-4.244952105871,-2.638889170872));
#9299=CARTESIAN_POINT('Ctrl Pts',(-3.708463353664,-3.380999410194,-2.777778072731));
#9300=CARTESIAN_POINT('Ctrl Pts',(-5.111002600149,-1.585122268592,-2.916666980844));
#9301=CARTESIAN_POINT('Ctrl Pts',(-5.516241654538,0.842552427543,-3.05555587738));
#9302=CARTESIAN_POINT('Ctrl Pts',(-4.610083601727,3.245718832987,-3.194444789027));
#9303=CARTESIAN_POINT('Ctrl Pts',(-2.649656425282,4.831740676337,-3.333333686366));
#9304=CARTESIAN_POINT('Ctrl Pts',(-0.306108150349,5.248798561579,-3.472222593569));
#9305=CARTESIAN_POINT('Ctrl Pts',(1.784064577578,4.587421656761,-3.611111495813));
#9306=CARTESIAN_POINT('Ctrl Pts',(4.639901563399,1.837077724426,-3.888889303973));
#9307=CARTESIAN_POINT('Ctrl Pts',(5.405804180145,-0.252056815847,-4.027778204184));
#9308=CARTESIAN_POINT('Ctrl Pts',(5.10109599756,-2.689957450849,-4.166667118154));
#9309=CARTESIAN_POINT('Ctrl Pts',(3.555598471543,-4.844868049431,-4.305556002559));
#9310=CARTESIAN_POINT('Ctrl Pts',(1.034009053418,-5.97865038067,-4.444444930717));
#9311=CARTESIAN_POINT('Ctrl Pts',(-1.662627641231,-5.688295634656,-4.583333812369));
#9312=CARTESIAN_POINT('Ctrl Pts',(-3.758150768142,-4.220259250284,-4.722222729744));
#9313=CARTESIAN_POINT('Ctrl Pts',(-4.840230274072,-2.128479082552,-4.861111627648));
#9314=CARTESIAN_POINT('Ctrl Pts',(-4.914879805699,2.127976709654,-5.138889437658));
#9315=CARTESIAN_POINT('Ctrl Pts',(-3.907499929907,4.292960469455,-5.277778333111));
#9316=CARTESIAN_POINT('Ctrl Pts',(-1.824742444737,5.907210898665,-5.416667258084));
#9317=CARTESIAN_POINT('Ctrl Pts',(0.980750190671,6.363811983997,-5.555556126429));
#9318=CARTESIAN_POINT('Ctrl Pts',(3.747060119226,5.307314441337,-5.694445069866));
#9319=CARTESIAN_POINT('Ctrl Pts',(5.564034747325,3.043497721522,-5.833333942235));
#9320=CARTESIAN_POINT('Ctrl Pts',(6.034377108781,0.347411834359,-5.972222862282));
#9321=CARTESIAN_POINT('Ctrl Pts',(5.267821589947,-2.050930830419,-6.111111760861));
#9322=CARTESIAN_POINT('Ctrl Pts',(2.104198333225,-5.320201678664,-6.388889568401));
#9323=CARTESIAN_POINT('Ctrl Pts',(-0.293066796702,-6.191398109067,-6.527778473836));
#9324=CARTESIAN_POINT('Ctrl Pts',(-3.083524942041,-5.833537270774,-6.666667373176));
#9325=CARTESIAN_POINT('Ctrl Pts',(-5.541911421515,-4.057200376792,-6.805556280562));
#9326=CARTESIAN_POINT('Ctrl Pts',(-6.826168958056,-1.172523690838,-6.944445184483));
#9327=CARTESIAN_POINT('Ctrl Pts',(-6.484593487965,1.9019501328,-7.083334083524));
#9328=CARTESIAN_POINT('Ctrl Pts',(-4.804953149313,4.284432729156,-7.222222992158));
#9329=CARTESIAN_POINT('Ctrl Pts',(-2.420891364856,5.510048698761,-7.361111893063));
#9330=CARTESIAN_POINT('Ctrl Pts',(2.420138925463,5.584807343271,-7.638889701128));
#9331=CARTESIAN_POINT('Ctrl Pts',(4.877457847464,4.434000125501,-7.777778602091));
#9332=CARTESIAN_POINT('Ctrl Pts',(6.703419389979,2.064362180462,-7.916667515501));
#9333=CARTESIAN_POINT('Ctrl Pts',(7.211382166433,-1.118948427989,-8.055556396394));
#9334=CARTESIAN_POINT('Ctrl Pts',(6.004545053084,-4.24840178462,-8.194445333707));
#9335=CARTESIAN_POINT('Ctrl Pts',(3.437338591777,-6.29632904205,-8.333334203514));
#9336=CARTESIAN_POINT('Ctrl Pts',(0.388715086746,-6.819955676973,-8.472223129333));
#9337=CARTESIAN_POINT('Ctrl Pts',(-2.317797460628,-5.948221374495,-8.611112024172));
#9338=CARTESIAN_POINT('Ctrl Pts',(-6.000501938767,-2.371318568458,-8.888889833171));
#9339=CARTESIAN_POINT('Ctrl Pts',(-6.976992030641,0.334077227664,-9.027778736391));
#9340=CARTESIAN_POINT('Ctrl Pts',(-6.565978294696,3.477092808112,-9.16666763836));
#9341=CARTESIAN_POINT('Ctrl Pts',(-4.558801933872,6.238955104866,-9.305556545556));
#9342=CARTESIAN_POINT('Ctrl Pts',(-1.311037831622,7.673687590051,-9.44444544457));
#9343=CARTESIAN_POINT('Ctrl Pts',(2.141273052253,7.28089121472,-9.583334351685));
#9344=CARTESIAN_POINT('Ctrl Pts',(4.810715015619,5.389646759237,-9.722223253246));
#9345=CARTESIAN_POINT('Ctrl Pts',(6.179867285033,2.713303274986,-9.861112157509));
#9346=CARTESIAN_POINT('Ctrl Pts',(6.217301002239,0.0005008835709099,-10.00000106077));
#9347=CARTESIAN_POINT('Ctrl Pts',(4.130908133308,-1.476683962078E-16,0.665039334136));
#9348=CARTESIAN_POINT('Ctrl Pts',(4.16812329886,-1.802441655181,0.526150429906));
#9349=CARTESIAN_POINT('Ctrl Pts',(3.320560177318,-3.641561782484,0.387261528787));
#9350=CARTESIAN_POINT('Ctrl Pts',(1.55752720253,-5.019789129145,0.248372617831));
#9351=CARTESIAN_POINT('Ctrl Pts',(-0.826854351443,-5.419078880918,0.10948372729));
#9352=CARTESIAN_POINT('Ctrl Pts',(-3.188375889112,-4.530090889061,-0.02940519292188));
#9353=CARTESIAN_POINT('Ctrl Pts',(-4.7478779602,-2.604396927454,-0.168294082168));
#9354=CARTESIAN_POINT('Ctrl Pts',(-5.158770430896,-0.301244090113,-0.307182994494));
#9355=CARTESIAN_POINT('Ctrl Pts',(-4.509396978319,1.753591863697,-0.446071895007));
#9356=CARTESIAN_POINT('Ctrl Pts',(-1.806350437963,4.561976788404,-0.723849703266));
#9357=CARTESIAN_POINT('Ctrl Pts',(0.247486703877,5.315760648089,-0.86273860543));
#9358=CARTESIAN_POINT('Ctrl Pts',(2.644971995122,5.017085968492,-1.00162751319));
#9359=CARTESIAN_POINT('Ctrl Pts',(4.765062965578,3.497994669357,-1.140516409195));
#9360=CARTESIAN_POINT('Ctrl Pts',(5.881539390934,1.017993847346,-1.279405322974));
#9361=CARTESIAN_POINT('Ctrl Pts',(5.596992547606,-1.635330518183,-1.418294217345));
#9362=CARTESIAN_POINT('Ctrl Pts',(4.153160718326,-3.697930278544,-1.557183126864));
#9363=CARTESIAN_POINT('Ctrl Pts',(2.094855214012,-4.763510834697,-1.69607202821));
#9364=CARTESIAN_POINT('Ctrl Pts',(-2.09460259187,-4.838051393301,-1.973849836362));
#9365=CARTESIAN_POINT('Ctrl Pts',(-4.226058163782,-3.847061489276,-2.112738738204));
#9366=CARTESIAN_POINT('Ctrl Pts',(-5.815997158108,-1.797148443624,-2.25162764629));
#9367=CARTESIAN_POINT('Ctrl Pts',(-6.26664931927,0.965050947083,-2.390516542818));
#9368=CARTESIAN_POINT('Ctrl Pts',(-5.227322479433,3.689716263555,-2.529405454433));
#9369=CARTESIAN_POINT('Ctrl Pts',(-2.998239165615,5.480171473511,-2.668294351763));
#9370=CARTESIAN_POINT('Ctrl Pts',(-0.342548853401,5.944348936472,-2.807183258941));
#9371=CARTESIAN_POINT('Ctrl Pts',(2.02045720261,5.189797267084,-2.946072161166));
#9372=CARTESIAN_POINT('Ctrl Pts',(5.242276537877,2.073471969604,-3.223849969286));
#9373=CARTESIAN_POINT('Ctrl Pts',(6.101354652959,-0.288495648154,-3.362738869482));
#9374=CARTESIAN_POINT('Ctrl Pts',(5.749527732159,-3.038538447145,-3.501627783419));
#9375=CARTESIAN_POINT('Ctrl Pts',(3.999597562038,-5.462105732879,-3.640516667831));
#9376=CARTESIAN_POINT('Ctrl Pts',(1.156509591081,-6.729057715754,-3.779405595936));
#9377=CARTESIAN_POINT('Ctrl Pts',(-1.874651920278,-6.393290762561,-3.918294477598));
#9378=CARTESIAN_POINT('Ctrl Pts',(-4.224211455104,-4.737855313495,-4.057183394935));
#9379=CARTESIAN_POINT('Ctrl Pts',(-5.433328865276,-2.38726839829,-4.196072292827));
#9380=CARTESIAN_POINT('Ctrl Pts',(-5.507979324232,2.386763900009,-4.473850102795));
#9381=CARTESIAN_POINT('Ctrl Pts',(-4.373562471614,4.810554862433,-4.612738998239));
#9382=CARTESIAN_POINT('Ctrl Pts',(-2.036769250017,6.612205266799,-4.751627923163));
#9383=CARTESIAN_POINT('Ctrl Pts',(1.1032480393,7.114219757704,-4.890516791537));
#9384=CARTESIAN_POINT('Ctrl Pts',(4.191056997888,5.924553715744,-5.0294057349));
#9385=CARTESIAN_POINT('Ctrl Pts',(6.212465232661,3.392081041032,-5.168294607293));
#9386=CARTESIAN_POINT('Ctrl Pts',(6.729927450724,0.383853158893,-5.307183527298));
#9387=CARTESIAN_POINT('Ctrl Pts',(5.870197411083,-2.287322917182,-5.446072425864));
#9388=CARTESIAN_POINT('Ctrl Pts',(2.340593116243,-5.922576441649,-5.723850233364));
#9389=CARTESIAN_POINT('Ctrl Pts',(-0.329505007898,-6.886948614028,-5.862739138778));
#9390=CARTESIAN_POINT('Ctrl Pts',(-3.432105359202,-6.481969316267,-6.001628038104));
#9391=CARTESIAN_POINT('Ctrl Pts',(-6.159148708357,-4.501200018033,-6.140516945466));
#9392=CARTESIAN_POINT('Ctrl Pts',(-7.576576183421,-1.295024898171,-6.279405849367));
#9393=CARTESIAN_POINT('Ctrl Pts',(-7.18958880471,2.113973782669,-6.418294748395));
#9394=CARTESIAN_POINT('Ctrl Pts',(-5.322549628034,4.750492954078,-6.557183657002));
#9395=CARTESIAN_POINT('Ctrl Pts',(-2.679681209491,6.103147058759,-6.696072557891));
#9396=CARTESIAN_POINT('Ctrl Pts',(2.67892558674,6.177907092223,-6.973850365916));
#9397=CARTESIAN_POINT('Ctrl Pts',(5.395051824635,4.900063128465,-7.112739266864));
#9398=CARTESIAN_POINT('Ctrl Pts',(7.408413568643,2.276389614109,-7.251628180242));
#9399=CARTESIAN_POINT('Ctrl Pts',(7.96179004907,-1.241445607659,-7.390517061145));
#9400=CARTESIAN_POINT('Ctrl Pts',(6.621784722768,-4.692398113058,-7.529405998394));
#9401=CARTESIAN_POINT('Ctrl Pts',(3.785922488901,-6.944759216437,-7.668294868226));
#9402=CARTESIAN_POINT('Ctrl Pts',(0.425157030865,-7.515505986079,-7.807183793996));
#9403=CARTESIAN_POINT('Ctrl Pts',(-2.554189010708,-6.550597405819,-7.946072688828));
#9404=CARTESIAN_POINT('Ctrl Pts',(-6.602876490888,-2.60771388772,-8.223850497786));
#9405=CARTESIAN_POINT('Ctrl Pts',(-7.672542567663,0.370514819573,-8.362739400986));
#9406=CARTESIAN_POINT('Ctrl Pts',(-7.214410650136,3.82567264788,-8.501628302938));
#9407=CARTESIAN_POINT('Ctrl Pts',(-5.00280212427,6.856191996258,-8.64051721011));
#9408=CARTESIAN_POINT('Ctrl Pts',(-1.433539706606,8.424094706015,-8.77940610911));
#9409=CARTESIAN_POINT('Ctrl Pts',(2.353296074786,7.98588671977,-8.918295016201));
#9410=CARTESIAN_POINT('Ctrl Pts',(5.276774779879,5.907243652216,-9.057183917746));
#9411=CARTESIAN_POINT('Ctrl Pts',(6.772965414507,2.972093646963,-9.196072821988));
#9412=CARTESIAN_POINT('Ctrl Pts',(6.810400056323,0.0005030026702023,-9.334961725238));
#9413=CARTESIAN_POINT('Ctrl Pts',(4.85,-1.291278365234E-16,0.58154007645));
#9414=CARTESIAN_POINT('Ctrl Pts',(4.887215165555,-2.116204688813,0.442651172244));
#9415=CARTESIAN_POINT('Ctrl Pts',(3.885627822094,-4.26911054899,0.303762271146));
#9416=CARTESIAN_POINT('Ctrl Pts',(1.814593456718,-5.874546950584,0.164873360225));
#9417=CARTESIAN_POINT('Ctrl Pts',(-0.975376477349,-6.328896535211,0.02598446968737));
#9418=CARTESIAN_POINT('Ctrl Pts',(-3.726693270996,-5.278450015626,-0.112904450475));
#9419=CARTESIAN_POINT('Ctrl Pts',(-5.534056388977,-3.027028528807,-0.25179333972));
#9420=CARTESIAN_POINT('Ctrl Pts',(-6.002077591601,-0.345424744548,-0.390682252009));
#9421=CARTESIAN_POINT('Ctrl Pts',(-5.239735624416,2.040202777757,-0.529571152503));
#9422=CARTESIAN_POINT('Ctrl Pts',(-2.092961056889,5.292315550327,-0.807348960712));
#9423=CARTESIAN_POINT('Ctrl Pts',(0.291667699096,6.159067790952,-0.946237862855));
#9424=CARTESIAN_POINT('Ctrl Pts',(3.067603914149,5.803264226477,-1.085126770585));
#9425=CARTESIAN_POINT('Ctrl Pts',(5.513422309684,4.036311748889,-1.224015666578));
#9426=CARTESIAN_POINT('Ctrl Pts',(6.791357105191,1.16651560562,-1.362904580317));
#9427=CARTESIAN_POINT('Ctrl Pts',(6.451750265223,-1.892397117632,-1.501793474679));
#9428=CARTESIAN_POINT('Ctrl Pts',(4.780709256583,-4.262998176826,-1.640682384165));
#9429=CARTESIAN_POINT('Ctrl Pts',(2.408617957246,-5.482602828133,-1.779571285491));
#9430=CARTESIAN_POINT('Ctrl Pts',(-2.408365915858,-5.557143133346,-2.057349093594));
#9431=CARTESIAN_POINT('Ctrl Pts',(-4.853607158408,-4.412128880723,-2.196237995415));
#9432=CARTESIAN_POINT('Ctrl Pts',(-6.670755083309,-2.054214352825,-2.33512690347));
#9433=CARTESIAN_POINT('Ctrl Pts',(-7.176466913631,1.113573440177,-2.474015799986));
#9434=CARTESIAN_POINT('Ctrl Pts',(-5.975681388768,4.228033947331,-2.612904711564));
#9435=CARTESIAN_POINT('Ctrl Pts',(-3.420870449855,6.266350072816,-2.75179360888));
#9436=CARTESIAN_POINT('Ctrl Pts',(-0.38672916769,6.787656114996,-2.890682516028));
#9437=CARTESIAN_POINT('Ctrl Pts',(2.3070684112,5.920135797637,-3.029571418233));
#9438=CARTESIAN_POINT('Ctrl Pts',(5.972615415387,2.3600822941,-3.307349226304));
#9439=CARTESIAN_POINT('Ctrl Pts',(6.944661778006,-0.332676983297,-3.446238126482));
#9440=CARTESIAN_POINT('Ctrl Pts',(6.535705819869,-3.461170683043,-3.585127040378));
#9441=CARTESIAN_POINT('Ctrl Pts',(4.537914339937,-6.210465293871,-3.724015924797));
#9442=CARTESIAN_POINT('Ctrl Pts',(1.305030982882,-7.638875489847,-3.862904852839));
#9443=CARTESIAN_POINT('Ctrl Pts',(-2.131718864066,-7.248048376642,-4.001793734513));
#9444=CARTESIAN_POINT('Ctrl Pts',(-4.789279606112,-5.365403624186,-4.140682651803));
#9445=CARTESIAN_POINT('Ctrl Pts',(-6.15242098509,-2.701030851987,-4.279571549681));
#9446=CARTESIAN_POINT('Ctrl Pts',(-6.227070938,2.700527513491,-4.557349359597));
#9447=CARTESIAN_POINT('Ctrl Pts',(-4.938629610491,5.438104084493,-4.696238255031));
#9448=CARTESIAN_POINT('Ctrl Pts',(-2.293834815231,7.466963295487,-4.835127179897));
#9449=CARTESIAN_POINT('Ctrl Pts',(1.251770898445,8.024037292263,-4.974016048304));
#9450=CARTESIAN_POINT('Ctrl Pts',(4.729374982724,6.672912408536,-5.112904991579));
#9451=CARTESIAN_POINT('Ctrl Pts',(6.998644001933,3.814712009077,-5.251793863998));
#9452=CARTESIAN_POINT('Ctrl Pts',(7.573234647043,0.428033134056,-5.390682783953));
#9453=CARTESIAN_POINT('Ctrl Pts',(6.600535826428,-2.573934419432,-5.529571682503));
#9454=CARTESIAN_POINT('Ctrl Pts',(2.627203147186,-6.652915434392,-5.807349489956));
#9455=CARTESIAN_POINT('Ctrl Pts',(-0.373686681969,-7.73025572137,-5.946238395343));
#9456=CARTESIAN_POINT('Ctrl Pts',(-3.854737911007,-7.268147234082,-6.085127294652));
#9457=CARTESIAN_POINT('Ctrl Pts',(-6.907508485614,-5.039516495357,-6.224016201984));
#9458=CARTESIAN_POINT('Ctrl Pts',(-8.486394017174,-1.443545924444,-6.362905105861));
#9459=CARTESIAN_POINT('Ctrl Pts',(-8.044346315535,2.371041069692,-6.501794004872));
#9460=CARTESIAN_POINT('Ctrl Pts',(-5.950097711857,5.315561357094,-6.640682913448));
#9461=CARTESIAN_POINT('Ctrl Pts',(-2.9934433745,6.822239304571,-6.779571814317));
#9462=CARTESIAN_POINT('Ctrl Pts',(2.99268948885,6.896998580091,-7.057349622294));
#9463=CARTESIAN_POINT('Ctrl Pts',(6.022601273474,5.465130015517,-7.196238523222));
#9464=CARTESIAN_POINT('Ctrl Pts',(8.263171700483,2.533454836356,-7.33512743656));
#9465=CARTESIAN_POINT('Ctrl Pts',(8.87160752401,-1.389968831764,-7.474016317476));
#9466=CARTESIAN_POINT('Ctrl Pts',(7.37014319969,-5.230716398075,-7.612905254647));
#9467=CARTESIAN_POINT('Ctrl Pts',(4.208553141638,-7.730938155163,-7.75179412451));
#9468=CARTESIAN_POINT('Ctrl Pts',(0.469336667936,-8.358813200141,-7.890683050221));
#9469=CARTESIAN_POINT('Ctrl Pts',(-2.840800805753,-7.280935706298,-8.029571945043));
#9470=CARTESIAN_POINT('Ctrl Pts',(-7.333215598531,-2.894323625977,-8.30734975395));
#9471=CARTESIAN_POINT('Ctrl Pts',(-8.515849657291,0.414696831555,-8.446238657127));
#9472=CARTESIAN_POINT('Ctrl Pts',(-8.000588398695,4.248305514679,-8.585127559059));
#9473=CARTESIAN_POINT('Ctrl Pts',(-5.541118301733,7.604551989128,-8.724016466201));
#9474=CARTESIAN_POINT('Ctrl Pts',(-1.582060368579,9.333912599241,-8.862905365185));
#9475=CARTESIAN_POINT('Ctrl Pts',(2.610363704106,8.840644127669,-9.001794272246));
#9476=CARTESIAN_POINT('Ctrl Pts',(5.841843434132,6.534791509828,-9.14068317377));
#9477=CARTESIAN_POINT('Ctrl Pts',(7.492057785948,3.285855524143,-9.279572077988));
#9478=CARTESIAN_POINT('Ctrl Pts',(7.529491923212,0.0005018463166969,-9.418460981215));
#9479=CARTESIAN_POINT('Ctrl Pts',(4.85,0.,0.));
#9480=CARTESIAN_POINT('Ctrl Pts',(4.887215165575,-2.116204722838,-0.138888904206));
#9481=CARTESIAN_POINT('Ctrl Pts',(3.885627788723,-4.269110617047,-0.277777805304));
#9482=CARTESIAN_POINT('Ctrl Pts',(1.81459335663,-5.874547024477,-0.416666716226));
#9483=CARTESIAN_POINT('Ctrl Pts',(-0.975376653285,-6.328896559298,-0.555555606761));
#9484=CARTESIAN_POINT('Ctrl Pts',(-3.726693482155,-5.278449928039,-0.694444526927));
#9485=CARTESIAN_POINT('Ctrl Pts',(-5.534056550331,-3.027028317239,-0.833333416169));
#9486=CARTESIAN_POINT('Ctrl Pts',(-6.002077635035,-0.345424457434,-0.972222328459));
#9487=CARTESIAN_POINT('Ctrl Pts',(-5.239735526656,2.040203064525,-1.111111228953));
#9488=CARTESIAN_POINT('Ctrl Pts',(-2.092960722223,5.292315696476,-1.388889037162));
#9489=CARTESIAN_POINT('Ctrl Pts',(0.291668129527,6.159067796867,-1.527777939305));
#9490=CARTESIAN_POINT('Ctrl Pts',(3.067604371554,5.80326402833,-1.666666847035));
#9491=CARTESIAN_POINT('Ctrl Pts',(5.513422680159,4.036311323433,-1.805555743028));
#9492=CARTESIAN_POINT('Ctrl Pts',(6.79135725582,1.166515007624,-1.944444656767));
#9493=CARTESIAN_POINT('Ctrl Pts',(6.451750120623,-1.892397744668,-2.083333551129));
#9494=CARTESIAN_POINT('Ctrl Pts',(4.780708844262,-4.262998677339,-2.222222460614));
#9495=CARTESIAN_POINT('Ctrl Pts',(2.40861737988,-5.482603095252,-2.361111361941));
#9496=CARTESIAN_POINT('Ctrl Pts',(-2.408366561363,-5.557142866923,-2.638889170043));
#9497=CARTESIAN_POINT('Ctrl Pts',(-4.853607707054,-4.412128314124,-2.777778071864));
#9498=CARTESIAN_POINT('Ctrl Pts',(-6.670755375946,-2.05421352638,-2.916666979921));
#9499=CARTESIAN_POINT('Ctrl Pts',(-7.176466811836,1.113574389294,-3.055555876434));
#9500=CARTESIAN_POINT('Ctrl Pts',(-5.975680844045,4.228034794419,-3.194444788015));
#9501=CARTESIAN_POINT('Ctrl Pts',(-3.420869570659,6.266350593446,-3.333333685328));
#9502=CARTESIAN_POINT('Ctrl Pts',(-0.386728164389,6.787656196268,-3.472222592478));
#9503=CARTESIAN_POINT('Ctrl Pts',(2.307069318253,5.920135456819,-3.611111494682));
#9504=CARTESIAN_POINT('Ctrl Pts',(5.972615805158,2.360081339566,-3.888889302753));
#9505=CARTESIAN_POINT('Ctrl Pts',(6.944661746738,-0.332678129524,-4.027778202931));
#9506=CARTESIAN_POINT('Ctrl Pts',(6.535705263337,-3.461171807778,-4.166667116827));
#9507=CARTESIAN_POINT('Ctrl Pts',(4.537913279688,-6.210466121318,-4.305556001246));
#9508=CARTESIAN_POINT('Ctrl Pts',(1.305029613104,-7.63887576678,-4.444444929288));
#9509=CARTESIAN_POINT('Ctrl Pts',(-2.131720216131,-7.248048014276,-4.583333810961));
#9510=CARTESIAN_POINT('Ctrl Pts',(-4.789280639024,-5.365402732937,-4.722222728252));
#9511=CARTESIAN_POINT('Ctrl Pts',(-6.152421518549,-2.701029665046,-4.86111162613));
#9512=CARTESIAN_POINT('Ctrl Pts',(-6.227070405927,2.700528768666,-5.138889436046));
#9513=CARTESIAN_POINT('Ctrl Pts',(-4.938628512245,5.438105112279,-5.277778331479));
#9514=CARTESIAN_POINT('Ctrl Pts',(-2.293833264568,7.46696380626,-5.416667256346));
#9515=CARTESIAN_POINT('Ctrl Pts',(1.25177261841,8.024037064903,-5.555556124751));
#9516=CARTESIAN_POINT('Ctrl Pts',(4.7293764639,6.672911408088,-5.694445068027));
#9517=CARTESIAN_POINT('Ctrl Pts',(6.998644880739,3.814710464194,-5.833333940446));
#9518=CARTESIAN_POINT('Ctrl Pts',(7.573234766053,0.42803141671,-5.972222860401));
#9519=CARTESIAN_POINT('Ctrl Pts',(6.60053524327,-2.573935944934,-6.111111758951));
#9520=CARTESIAN_POINT('Ctrl Pts',(2.627201574623,-6.652916067058,-6.388889566403));
#9521=CARTESIAN_POINT('Ctrl Pts',(-0.373688541871,-7.730255653043,-6.527778471791));
#9522=CARTESIAN_POINT('Ctrl Pts',(-3.854739701088,-7.268146320203,-6.666667371099));
#9523=CARTESIAN_POINT('Ctrl Pts',(-6.907509768699,-5.039514802217,-6.805556278432));
#9524=CARTESIAN_POINT('Ctrl Pts',(-8.48639441999,-1.443543785168,-6.944445182308));
#9525=CARTESIAN_POINT('Ctrl Pts',(-8.044345736098,2.371043144641,-7.08333408132));
#9526=CARTESIAN_POINT('Ctrl Pts',(-5.950096343068,5.315562920823,-7.222222989895));
#9527=CARTESIAN_POINT('Ctrl Pts',(-2.993441579799,6.822240103579,-7.361111890765));
#9528=CARTESIAN_POINT('Ctrl Pts',(2.99269135189,6.896997783157,-7.638889698741));
#9529=CARTESIAN_POINT('Ctrl Pts',(6.022602778992,5.465128387188,-7.777778599669));
#9530=CARTESIAN_POINT('Ctrl Pts',(8.26317242871,2.533452563655,-7.916667513007));
#9531=CARTESIAN_POINT('Ctrl Pts',(8.871607171518,-1.389971320352,-8.055556393922));
#9532=CARTESIAN_POINT('Ctrl Pts',(7.370141744794,-5.230718511394,-8.194445331093));
#9533=CARTESIAN_POINT('Ctrl Pts',(4.208550933102,-7.730939391133,-8.333334200956));
#9534=CARTESIAN_POINT('Ctrl Pts',(0.469334238628,-8.358813356757,-8.472223126667));
#9535=CARTESIAN_POINT('Ctrl Pts',(-2.840802947863,-7.28093488152,-8.611112021489));
#9536=CARTESIAN_POINT('Ctrl Pts',(-7.333216473378,-2.894321437217,-8.888889830396));
#9537=CARTESIAN_POINT('Ctrl Pts',(-8.515849551995,0.414699403027,-9.027778733573));
#9538=CARTESIAN_POINT('Ctrl Pts',(-8.000587128567,4.248307968118,-9.166667635504));
#9539=CARTESIAN_POINT('Ctrl Pts',(-5.541115977513,7.604553726515,-9.305556542646));
#9540=CARTESIAN_POINT('Ctrl Pts',(-1.582057462149,9.333913127569,-9.444445441631));
#9541=CARTESIAN_POINT('Ctrl Pts',(2.610366499853,8.840643331794,-9.583334348691));
#9542=CARTESIAN_POINT('Ctrl Pts',(5.841845527076,6.534789664919,-9.722223250216));
#9543=CARTESIAN_POINT('Ctrl Pts',(7.492058849728,3.285853123479,-9.861112154433));
#9544=CARTESIAN_POINT('Ctrl Pts',(7.529491924591,0.000499411430726,-10.00000105766));
#9545=CARTESIAN_POINT('',(4.85,0.,0.));
#9546=CARTESIAN_POINT('',(7.529491924591,0.000499411430726,-10.00000105766));
#9547=CARTESIAN_POINT('Ctrl Pts',(4.85,0.,0.));
#9548=CARTESIAN_POINT('Ctrl Pts',(4.887215165575,-2.116204722838,-0.138888904206));
#9549=CARTESIAN_POINT('Ctrl Pts',(3.885627788723,-4.269110617047,-0.277777805304));
#9550=CARTESIAN_POINT('Ctrl Pts',(1.81459335663,-5.874547024477,-0.416666716226));
#9551=CARTESIAN_POINT('Ctrl Pts',(-0.975376653285,-6.328896559298,-0.555555606761));
#9552=CARTESIAN_POINT('Ctrl Pts',(-3.726693482155,-5.278449928039,-0.694444526927));
#9553=CARTESIAN_POINT('Ctrl Pts',(-5.534056550331,-3.027028317239,-0.833333416169));
#9554=CARTESIAN_POINT('Ctrl Pts',(-6.002077635035,-0.345424457434,-0.972222328459));
#9555=CARTESIAN_POINT('Ctrl Pts',(-5.239735526656,2.040203064525,-1.111111228953));
#9556=CARTESIAN_POINT('Ctrl Pts',(-2.092960722223,5.292315696476,-1.388889037162));
#9557=CARTESIAN_POINT('Ctrl Pts',(0.291668129527,6.159067796867,-1.527777939305));
#9558=CARTESIAN_POINT('Ctrl Pts',(3.067604371554,5.80326402833,-1.666666847035));
#9559=CARTESIAN_POINT('Ctrl Pts',(5.513422680159,4.036311323433,-1.805555743028));
#9560=CARTESIAN_POINT('Ctrl Pts',(6.79135725582,1.166515007624,-1.944444656767));
#9561=CARTESIAN_POINT('Ctrl Pts',(6.451750120623,-1.892397744668,-2.083333551129));
#9562=CARTESIAN_POINT('Ctrl Pts',(4.780708844262,-4.262998677339,-2.222222460614));
#9563=CARTESIAN_POINT('Ctrl Pts',(2.40861737988,-5.482603095252,-2.361111361941));
#9564=CARTESIAN_POINT('Ctrl Pts',(-2.408366561363,-5.557142866923,-2.638889170043));
#9565=CARTESIAN_POINT('Ctrl Pts',(-4.853607707054,-4.412128314124,-2.777778071864));
#9566=CARTESIAN_POINT('Ctrl Pts',(-6.670755375946,-2.05421352638,-2.916666979921));
#9567=CARTESIAN_POINT('Ctrl Pts',(-7.176466811836,1.113574389294,-3.055555876434));
#9568=CARTESIAN_POINT('Ctrl Pts',(-5.975680844045,4.228034794419,-3.194444788015));
#9569=CARTESIAN_POINT('Ctrl Pts',(-3.420869570659,6.266350593446,-3.333333685328));
#9570=CARTESIAN_POINT('Ctrl Pts',(-0.386728164389,6.787656196268,-3.472222592478));
#9571=CARTESIAN_POINT('Ctrl Pts',(2.307069318253,5.920135456819,-3.611111494682));
#9572=CARTESIAN_POINT('Ctrl Pts',(5.972615805158,2.360081339566,-3.888889302753));
#9573=CARTESIAN_POINT('Ctrl Pts',(6.944661746738,-0.332678129524,-4.027778202931));
#9574=CARTESIAN_POINT('Ctrl Pts',(6.535705263337,-3.461171807778,-4.166667116827));
#9575=CARTESIAN_POINT('Ctrl Pts',(4.537913279688,-6.210466121318,-4.305556001246));
#9576=CARTESIAN_POINT('Ctrl Pts',(1.305029613104,-7.63887576678,-4.444444929288));
#9577=CARTESIAN_POINT('Ctrl Pts',(-2.131720216131,-7.248048014276,-4.583333810961));
#9578=CARTESIAN_POINT('Ctrl Pts',(-4.789280639024,-5.365402732937,-4.722222728252));
#9579=CARTESIAN_POINT('Ctrl Pts',(-6.152421518549,-2.701029665046,-4.86111162613));
#9580=CARTESIAN_POINT('Ctrl Pts',(-6.227070405927,2.700528768666,-5.138889436046));
#9581=CARTESIAN_POINT('Ctrl Pts',(-4.938628512245,5.438105112279,-5.277778331479));
#9582=CARTESIAN_POINT('Ctrl Pts',(-2.293833264568,7.46696380626,-5.416667256346));
#9583=CARTESIAN_POINT('Ctrl Pts',(1.25177261841,8.024037064903,-5.555556124751));
#9584=CARTESIAN_POINT('Ctrl Pts',(4.7293764639,6.672911408088,-5.694445068027));
#9585=CARTESIAN_POINT('Ctrl Pts',(6.998644880739,3.814710464194,-5.833333940446));
#9586=CARTESIAN_POINT('Ctrl Pts',(7.573234766053,0.42803141671,-5.972222860401));
#9587=CARTESIAN_POINT('Ctrl Pts',(6.60053524327,-2.573935944934,-6.111111758951));
#9588=CARTESIAN_POINT('Ctrl Pts',(2.627201574623,-6.652916067058,-6.388889566403));
#9589=CARTESIAN_POINT('Ctrl Pts',(-0.373688541871,-7.730255653043,-6.527778471791));
#9590=CARTESIAN_POINT('Ctrl Pts',(-3.854739701088,-7.268146320203,-6.666667371099));
#9591=CARTESIAN_POINT('Ctrl Pts',(-6.907509768699,-5.039514802217,-6.805556278432));
#9592=CARTESIAN_POINT('Ctrl Pts',(-8.48639441999,-1.443543785168,-6.944445182308));
#9593=CARTESIAN_POINT('Ctrl Pts',(-8.044345736098,2.371043144641,-7.08333408132));
#9594=CARTESIAN_POINT('Ctrl Pts',(-5.950096343068,5.315562920823,-7.222222989895));
#9595=CARTESIAN_POINT('Ctrl Pts',(-2.993441579799,6.822240103579,-7.361111890765));
#9596=CARTESIAN_POINT('Ctrl Pts',(2.99269135189,6.896997783157,-7.638889698741));
#9597=CARTESIAN_POINT('Ctrl Pts',(6.022602778992,5.465128387188,-7.777778599669));
#9598=CARTESIAN_POINT('Ctrl Pts',(8.26317242871,2.533452563655,-7.916667513007));
#9599=CARTESIAN_POINT('Ctrl Pts',(8.871607171518,-1.389971320352,-8.055556393922));
#9600=CARTESIAN_POINT('Ctrl Pts',(7.370141744794,-5.230718511394,-8.194445331093));
#9601=CARTESIAN_POINT('Ctrl Pts',(4.208550933102,-7.730939391133,-8.333334200956));
#9602=CARTESIAN_POINT('Ctrl Pts',(0.469334238628,-8.358813356757,-8.472223126667));
#9603=CARTESIAN_POINT('Ctrl Pts',(-2.840802947863,-7.28093488152,-8.611112021489));
#9604=CARTESIAN_POINT('Ctrl Pts',(-7.333216473378,-2.894321437217,-8.888889830396));
#9605=CARTESIAN_POINT('Ctrl Pts',(-8.515849551995,0.414699403027,-9.027778733573));
#9606=CARTESIAN_POINT('Ctrl Pts',(-8.000587128567,4.248307968118,-9.166667635504));
#9607=CARTESIAN_POINT('Ctrl Pts',(-5.541115977513,7.604553726515,-9.305556542646));
#9608=CARTESIAN_POINT('Ctrl Pts',(-1.582057462149,9.333913127569,-9.444445441631));
#9609=CARTESIAN_POINT('Ctrl Pts',(2.610366499853,8.840643331794,-9.583334348691));
#9610=CARTESIAN_POINT('Ctrl Pts',(5.841845527076,6.534789664919,-9.722223250216));
#9611=CARTESIAN_POINT('Ctrl Pts',(7.492058849728,3.285853123479,-9.861112154433));
#9612=CARTESIAN_POINT('Ctrl Pts',(7.529491924591,0.000499411430726,-10.00000105766));
#9613=CARTESIAN_POINT('',(4.81464652413672,9.42851998223466E-17,0.153289154374012));
#9614=CARTESIAN_POINT('Origin',(4.49999999999998,-4.08827065698789E-15,
5.60322242373003E-14));
#9615=CARTESIAN_POINT('',(4.18535345126851,-8.27082663402964E-15,-0.153289103889919));
#9616=CARTESIAN_POINT('Origin',(4.49999999999998,-4.08827065698789E-15,
5.60322242373003E-14));
#9617=CARTESIAN_POINT('Origin',(4.49999999999998,-4.08827065698789E-15,
5.60322242373003E-14));
#9618=CARTESIAN_POINT('Origin',(7.17949192459211,0.00049980409390429,-10.0000010584911));
#9619=CARTESIAN_POINT('Ctrl Pts',(4.85,5.684341886081E-14,1.33226762955E-15));
#9620=CARTESIAN_POINT('Ctrl Pts',(4.850000000237,2.770313542451,0.0818181817974));
#9621=CARTESIAN_POINT('Ctrl Pts',(3.109735064933,5.54056414145,0.163636363868));
#9622=CARTESIAN_POINT('Ctrl Pts',(-0.374405139325,7.096271936203,0.245454544335));
#9623=CARTESIAN_POINT('Ctrl Pts',(-4.63081502412,6.218054243145,0.32727273035));
#9624=CARTESIAN_POINT('Ctrl Pts',(-7.804511418946,2.564332131162,0.409090903516));
#9625=CARTESIAN_POINT('Ctrl Pts',(-7.804511420047,-2.564332150787,0.490909097911));
#9626=CARTESIAN_POINT('Ctrl Pts',(-4.630815024739,-6.218054195625,0.572727266518));
#9627=CARTESIAN_POINT('Ctrl Pts',(-0.374405140702,-7.096271977698,0.654545458402));
#9628=CARTESIAN_POINT('Ctrl Pts',(3.109735064035,-5.54056412105,0.73636363474));
#9629=CARTESIAN_POINT('Ctrl Pts',(4.849999999765,-2.770313548848,0.818181818598));
#9630=CARTESIAN_POINT('Ctrl Pts',(4.85,-5.053950369316E-10,0.899999999952));
#9631=CARTESIAN_POINT('Ctrl Pts',(4.85,1.291278365234E-16,-0.58154007645));
#9632=CARTESIAN_POINT('Ctrl Pts',(4.850000000237,2.770313542457,-0.499721894652));
#9633=CARTESIAN_POINT('Ctrl Pts',(3.109735064937,5.540564141426,-0.417903712582));
#9634=CARTESIAN_POINT('Ctrl Pts',(-0.374405139331,7.096271936257,-0.336085532115));
#9635=CARTESIAN_POINT('Ctrl Pts',(-4.630815024111,6.218054243058,-0.2542673461));
#9636=CARTESIAN_POINT('Ctrl Pts',(-7.804511418952,2.564332131266,-0.172449172934));
#9637=CARTESIAN_POINT('Ctrl Pts',(-7.804511420043,-2.564332150881,-0.09063097853877));
#9638=CARTESIAN_POINT('Ctrl Pts',(-4.630815024743,-6.218054195561,-0.008812809932285));
#9639=CARTESIAN_POINT('Ctrl Pts',(-0.3744051407,-7.096271977729,0.07300538195193));
#9640=CARTESIAN_POINT('Ctrl Pts',(3.109735064034,-5.540564121041,0.15482355829));
#9641=CARTESIAN_POINT('Ctrl Pts',(4.849999999765,-2.770313548849,0.236641742148));
#9642=CARTESIAN_POINT('Ctrl Pts',(4.85,-5.054517512226E-10,0.318459923502));
#9643=CARTESIAN_POINT('Ctrl Pts',(4.130908133308,5.699108725702E-14,-0.665039334136));
#9644=CARTESIAN_POINT('Ctrl Pts',(4.130908133546,2.359569228737,-0.583221152338));
#9645=CARTESIAN_POINT('Ctrl Pts',(2.648665953138,4.71908482209,-0.501402970268));
#9646=CARTESIAN_POINT('Ctrl Pts',(-0.318893450661,6.044133550935,-0.419584789802));
#9647=CARTESIAN_POINT('Ctrl Pts',(-3.944220916487,5.296125839474,-0.337766603783));
#9648=CARTESIAN_POINT('Ctrl Pts',(-6.647364886105,2.184128081414,-0.255948430626));
#9649=CARTESIAN_POINT('Ctrl Pts',(-6.647364887238,-2.184128101037,-0.174130236216));
#9650=CARTESIAN_POINT('Ctrl Pts',(-3.944220917087,-5.296125791953,-0.09231206762654));
#9651=CARTESIAN_POINT('Ctrl Pts',(-0.318893452052,-6.044133592427,-0.01049387572888));
#9652=CARTESIAN_POINT('Ctrl Pts',(2.648665952242,-4.719084801693,0.0713243006019));
#9653=CARTESIAN_POINT('Ctrl Pts',(4.130908133073,-2.359569235134,0.153142484462));
#9654=CARTESIAN_POINT('Ctrl Pts',(4.130908133308,-5.062475405461E-10,0.234960665816));
#9655=CARTESIAN_POINT('Ctrl Pts',(3.537809077647,3.944304526105E-31,-1.7763568394E-15));
#9656=CARTESIAN_POINT('Ctrl Pts',(3.537809077884,2.020791840378,0.0818181817973));
#9657=CARTESIAN_POINT('Ctrl Pts',(2.268381225329,4.041537722611,0.163636363869));
#9658=CARTESIAN_POINT('Ctrl Pts',(-0.273108020964,5.17634139297,0.245454544331));
#9659=CARTESIAN_POINT('Ctrl Pts',(-3.377925654714,4.535729441076,0.327272730359));
#9660=CARTESIAN_POINT('Ctrl Pts',(-5.692963164097,1.870539966528,0.409090903499));
#9661=CARTESIAN_POINT('Ctrl Pts',(-5.692963165153,-1.870539986197,0.490909097932));
#9662=CARTESIAN_POINT('Ctrl Pts',(-3.377925655376,-4.535729393449,0.572727266499));
#9663=CARTESIAN_POINT('Ctrl Pts',(-0.27310802232,-5.176341434558,0.654545458413));
#9664=CARTESIAN_POINT('Ctrl Pts',(2.268381224418,-4.041537702167,0.736363634735));
#9665=CARTESIAN_POINT('Ctrl Pts',(3.537809077413,-2.020791846789,0.818181818599));
#9666=CARTESIAN_POINT('Ctrl Pts',(3.537809077647,-5.068161224031E-10,0.899999999952));
#9667=CARTESIAN_POINT('Ctrl Pts',(4.130908133308,-5.699108725702E-14,0.665039334136));
#9668=CARTESIAN_POINT('Ctrl Pts',(4.130908133546,2.359569228729,0.746857515933));
#9669=CARTESIAN_POINT('Ctrl Pts',(2.648665953141,4.71908482212,0.828675698004));
#9670=CARTESIAN_POINT('Ctrl Pts',(-0.318893450673,6.044133550865,0.910493878469));
#9671=CARTESIAN_POINT('Ctrl Pts',(-3.94422091646,5.296125839588,0.99231206449));
#9672=CARTESIAN_POINT('Ctrl Pts',(-6.647364886148,2.184128081268,1.074130237644));
#9673=CARTESIAN_POINT('Ctrl Pts',(-6.647364887189,-2.184128100893,1.155948432057));
#9674=CARTESIAN_POINT('Ctrl Pts',(-3.944220917126,-5.296125792065,1.237766600645));
#9675=CARTESIAN_POINT('Ctrl Pts',(-0.31889345203,-6.044133592359,1.319584792543));
#9676=CARTESIAN_POINT('Ctrl Pts',(2.648665952233,-4.719084801724,1.401402968874));
#9677=CARTESIAN_POINT('Ctrl Pts',(4.130908133074,-2.359569235126,1.483221152734));
#9678=CARTESIAN_POINT('Ctrl Pts',(4.130908133308,-5.063046793018E-10,1.565039334088));
#9679=CARTESIAN_POINT('Ctrl Pts',(4.85,-1.291278365234E-16,0.58154007645));
#9680=CARTESIAN_POINT('Ctrl Pts',(4.850000000238,2.770313542455,0.663358258247));
#9681=CARTESIAN_POINT('Ctrl Pts',(3.109735064933,5.540564141433,0.745176440317));
#9682=CARTESIAN_POINT('Ctrl Pts',(-0.374405139322,7.096271936242,0.826994620785));
#9683=CARTESIAN_POINT('Ctrl Pts',(-4.630815024126,6.218054243079,0.908812806799));
#9684=CARTESIAN_POINT('Ctrl Pts',(-7.804511418937,2.564332131251,0.990630979967));
#9685=CARTESIAN_POINT('Ctrl Pts',(-7.804511420054,-2.564332150886,1.07244917436));
#9686=CARTESIAN_POINT('Ctrl Pts',(-4.630815024737,-6.218054195543,1.154267342969));
#9687=CARTESIAN_POINT('Ctrl Pts',(-0.374405140702,-7.096271977747,1.236085534851));
#9688=CARTESIAN_POINT('Ctrl Pts',(3.109735064034,-5.540564121031,1.31790371119));
#9689=CARTESIAN_POINT('Ctrl Pts',(4.849999999765,-2.770313548852,1.399721895047));
#9690=CARTESIAN_POINT('Ctrl Pts',(4.85,-5.054520094783E-10,1.481540076402));
#9691=CARTESIAN_POINT('Ctrl Pts',(4.85,5.684341886081E-14,1.33226762955E-15));
#9692=CARTESIAN_POINT('Ctrl Pts',(4.850000000237,2.770313542451,0.0818181817974));
#9693=CARTESIAN_POINT('Ctrl Pts',(3.109735064933,5.54056414145,0.163636363868));
#9694=CARTESIAN_POINT('Ctrl Pts',(-0.374405139325,7.096271936203,0.245454544335));
#9695=CARTESIAN_POINT('Ctrl Pts',(-4.63081502412,6.218054243145,0.32727273035));
#9696=CARTESIAN_POINT('Ctrl Pts',(-7.804511418946,2.564332131162,0.409090903516));
#9697=CARTESIAN_POINT('Ctrl Pts',(-7.804511420047,-2.564332150787,0.490909097911));
#9698=CARTESIAN_POINT('Ctrl Pts',(-4.630815024739,-6.218054195625,0.572727266518));
#9699=CARTESIAN_POINT('Ctrl Pts',(-0.374405140702,-7.096271977698,0.654545458402));
#9700=CARTESIAN_POINT('Ctrl Pts',(3.109735064035,-5.54056412105,0.73636363474));
#9701=CARTESIAN_POINT('Ctrl Pts',(4.849999999765,-2.770313548848,0.818181818598));
#9702=CARTESIAN_POINT('Ctrl Pts',(4.85,-5.053950369316E-10,0.899999999952));
#9703=CARTESIAN_POINT('',(4.85,-5.053933894714E-10,0.899999999952));
#9704=CARTESIAN_POINT('Ctrl Pts',(4.85,5.684341886081E-14,1.33226762955E-15));
#9705=CARTESIAN_POINT('Ctrl Pts',(4.850000000237,2.770313542451,0.0818181817974));
#9706=CARTESIAN_POINT('Ctrl Pts',(3.109735064933,5.54056414145,0.163636363868));
#9707=CARTESIAN_POINT('Ctrl Pts',(-0.374405139325,7.096271936203,0.245454544335));
#9708=CARTESIAN_POINT('Ctrl Pts',(-4.63081502412,6.218054243145,0.32727273035));
#9709=CARTESIAN_POINT('Ctrl Pts',(-7.804511418946,2.564332131162,0.409090903516));
#9710=CARTESIAN_POINT('Ctrl Pts',(-7.804511420047,-2.564332150787,0.490909097911));
#9711=CARTESIAN_POINT('Ctrl Pts',(-4.630815024739,-6.218054195625,0.572727266518));
#9712=CARTESIAN_POINT('Ctrl Pts',(-0.374405140702,-7.096271977698,0.654545458402));
#9713=CARTESIAN_POINT('Ctrl Pts',(3.109735064035,-5.54056412105,0.73636363474));
#9714=CARTESIAN_POINT('Ctrl Pts',(4.849999999765,-2.770313548848,0.818181818598));
#9715=CARTESIAN_POINT('Ctrl Pts',(4.85,-5.053950369316E-10,0.899999999952));
#9716=CARTESIAN_POINT('Origin',(4.49999999999998,-5.05808766663047E-10,
0.899999999952056));
#9717=CARTESIAN_POINT('Origin',(7.179491924591,0.0004998040939074,-10.00000105849));
#9718=CARTESIAN_POINT('Ctrl Pts',(4.85,-5.053381935127E-10,0.899999999952));
#9719=CARTESIAN_POINT('Ctrl Pts',(4.850000000497,2.770313542575,0.981818181567));
#9720=CARTESIAN_POINT('Ctrl Pts',(3.109735065466,5.540564138,1.063636364579));
#9721=CARTESIAN_POINT('Ctrl Pts',(-0.374405138723,7.096271946726,1.14545454196));
#9722=CARTESIAN_POINT('Ctrl Pts',(-4.630815023457,6.218054220144,1.227272735046));
#9723=CARTESIAN_POINT('Ctrl Pts',(-7.804511418641,2.564332169066,1.309090896375));
#9724=CARTESIAN_POINT('Ctrl Pts',(-7.804511420579,-2.564332193018,1.390909105542));
#9725=CARTESIAN_POINT('Ctrl Pts',(-4.630815025017,-6.21805415894,1.472727260337));
#9726=CARTESIAN_POINT('Ctrl Pts',(-0.374405141521,-7.096271999478,1.55454546183));
#9727=CARTESIAN_POINT('Ctrl Pts',(3.109735063555,-5.540564112464,1.636363633299));
#9728=CARTESIAN_POINT('Ctrl Pts',(4.849999999504,-2.77031355145,1.718181818872));
#9729=CARTESIAN_POINT('Ctrl Pts',(4.85,-7.845532667972E-10,1.79999999985));
#9730=CARTESIAN_POINT('Ctrl Pts',(4.85,-5.053380643849E-10,0.318459923502));
#9731=CARTESIAN_POINT('Ctrl Pts',(4.850000000496,2.770313542574,0.400278105118));
#9732=CARTESIAN_POINT('Ctrl Pts',(3.109735065472,5.540564138005,0.482096288129));
#9733=CARTESIAN_POINT('Ctrl Pts',(-0.374405138736,7.096271946718,0.56391446551));
#9734=CARTESIAN_POINT('Ctrl Pts',(-4.630815023436,6.21805422015,0.645732658597));
#9735=CARTESIAN_POINT('Ctrl Pts',(-7.804511418667,2.564332169073,0.727550819925));
#9736=CARTESIAN_POINT('Ctrl Pts',(-7.804511420553,-2.56433219304,0.809369029092));
#9737=CARTESIAN_POINT('Ctrl Pts',(-4.630815025038,-6.218054158916,0.891187183887));
#9738=CARTESIAN_POINT('Ctrl Pts',(-0.374405141508,-7.096271999494,0.97300538538));
#9739=CARTESIAN_POINT('Ctrl Pts',(3.10973506355,-5.540564112458,1.054823556849));
#9740=CARTESIAN_POINT('Ctrl Pts',(4.849999999505,-2.770313551451,1.136641742422));
#9741=CARTESIAN_POINT('Ctrl Pts',(4.85,-7.845531376693E-10,1.2184599234));
#9742=CARTESIAN_POINT('Ctrl Pts',(4.130908133308,-5.061906971272E-10,0.234960665816));
#9743=CARTESIAN_POINT('Ctrl Pts',(4.130908133805,2.359569228853,0.316778847431));
#9744=CARTESIAN_POINT('Ctrl Pts',(2.648665953678,4.719084818666,0.398597030444));
#9745=CARTESIAN_POINT('Ctrl Pts',(-0.318893450074,6.044133561404,0.480415207819));
#9746=CARTESIAN_POINT('Ctrl Pts',(-3.944220915796,5.296125816541,0.562233400922));
#9747=CARTESIAN_POINT('Ctrl Pts',(-6.647364885837,2.184128119269,0.64405156222));
#9748=CARTESIAN_POINT('Ctrl Pts',(-6.647364887734,-2.184128143252,0.725869771429));
#9749=CARTESIAN_POINT('Ctrl Pts',(-3.944220917391,-5.296125755255,0.807687926181));
#9750=CARTESIAN_POINT('Ctrl Pts',(-0.318893452858,-6.044133614226,0.889506127706));
#9751=CARTESIAN_POINT('Ctrl Pts',(2.648665951757,-4.719084793098,0.971324299158));
#9752=CARTESIAN_POINT('Ctrl Pts',(4.130908132812,-2.35956923774,1.053142484737));
#9753=CARTESIAN_POINT('Ctrl Pts',(4.130908133308,-7.858036743437E-10,1.134960665713));
#9754=CARTESIAN_POINT('Ctrl Pts',(3.537809077647,-5.06872965822E-10,0.899999999952));
#9755=CARTESIAN_POINT('Ctrl Pts',(3.537809078145,2.020791840515,0.981818181567));
#9756=CARTESIAN_POINT('Ctrl Pts',(2.268381225861,4.041537719093,1.063636364581));
#9757=CARTESIAN_POINT('Ctrl Pts',(-0.273108020354,5.176341403676,1.145454541951));
#9758=CARTESIAN_POINT('Ctrl Pts',(-3.37792565406,4.535729417721,1.227272735066));
#9759=CARTESIAN_POINT('Ctrl Pts',(-5.692963163777,1.870540004949,1.309090896342));
#9760=CARTESIAN_POINT('Ctrl Pts',(-5.692963165702,-1.870540028987,1.390909105581));
#9761=CARTESIAN_POINT('Ctrl Pts',(-3.37792565564,-4.535729356303,1.472727260304));
#9762=CARTESIAN_POINT('Ctrl Pts',(-0.273108023151,-5.176341456613,1.55454546185));
#9763=CARTESIAN_POINT('Ctrl Pts',(2.268381223942,-4.041537693468,1.63636363329));
#9764=CARTESIAN_POINT('Ctrl Pts',(3.537809077149,-2.02079184942,1.718181818874));
#9765=CARTESIAN_POINT('Ctrl Pts',(3.537809077647,-7.868270035516E-10,1.799999999849));
#9766=CARTESIAN_POINT('Ctrl Pts',(4.130908133308,-5.061341490452E-10,1.565039334088));
#9767=CARTESIAN_POINT('Ctrl Pts',(4.130908133804,2.359569228861,1.646857515703));
#9768=CARTESIAN_POINT('Ctrl Pts',(2.648665953682,4.719084818632,1.728675698716));
#9769=CARTESIAN_POINT('Ctrl Pts',(-0.318893450088,6.044133561491,1.81049387609));
#9770=CARTESIAN_POINT('Ctrl Pts',(-3.944220915766,5.296125816387,1.892312069195));
#9771=CARTESIAN_POINT('Ctrl Pts',(-6.64736488588,2.184128119464,1.974130230491));
#9772=CARTESIAN_POINT('Ctrl Pts',(-6.647364887685,-2.184128143439,2.055948439702));
#9773=CARTESIAN_POINT('Ctrl Pts',(-3.944220917433,-5.296125755118,2.137766594453));
#9774=CARTESIAN_POINT('Ctrl Pts',(-0.318893452832,-6.0441336143,2.219584795978));
#9775=CARTESIAN_POINT('Ctrl Pts',(2.648665951745,-4.719084793069,2.30140296743));
#9776=CARTESIAN_POINT('Ctrl Pts',(4.130908132815,-2.359569237746,2.383221153009));
#9777=CARTESIAN_POINT('Ctrl Pts',(4.130908133307,-7.857471262616E-10,2.465039333985));
#9778=CARTESIAN_POINT('Ctrl Pts',(4.85,-5.053383226406E-10,1.481540076402));
#9779=CARTESIAN_POINT('Ctrl Pts',(4.850000000497,2.770313542574,1.563358258017));
#9780=CARTESIAN_POINT('Ctrl Pts',(3.109735065467,5.540564138003,1.645176441028));
#9781=CARTESIAN_POINT('Ctrl Pts',(-0.374405138725,7.096271946723,1.72699461841));
#9782=CARTESIAN_POINT('Ctrl Pts',(-4.630815023452,6.218054220141,1.808812811495));
#9783=CARTESIAN_POINT('Ctrl Pts',(-7.804511418652,2.564332169082,1.890630972826));
#9784=CARTESIAN_POINT('Ctrl Pts',(-7.804511420563,-2.564332193044,1.972449181991));
#9785=CARTESIAN_POINT('Ctrl Pts',(-4.630815025034,-6.218054158915,2.054267336788));
#9786=CARTESIAN_POINT('Ctrl Pts',(-0.374405141509,-7.096271999492,2.13608553828));
#9787=CARTESIAN_POINT('Ctrl Pts',(3.10973506355,-5.54056411246,2.217903709749));
#9788=CARTESIAN_POINT('Ctrl Pts',(4.849999999505,-2.770313551451,2.299721895322));
#9789=CARTESIAN_POINT('Ctrl Pts',(4.849999999999,-7.84553395925E-10,2.381540076299));
#9790=CARTESIAN_POINT('Ctrl Pts',(4.85,-5.053381935127E-10,0.899999999952));
#9791=CARTESIAN_POINT('Ctrl Pts',(4.850000000497,2.770313542575,0.981818181567));
#9792=CARTESIAN_POINT('Ctrl Pts',(3.109735065466,5.540564138,1.063636364579));
#9793=CARTESIAN_POINT('Ctrl Pts',(-0.374405138723,7.096271946726,1.14545454196));
#9794=CARTESIAN_POINT('Ctrl Pts',(-4.630815023457,6.218054220144,1.227272735046));
#9795=CARTESIAN_POINT('Ctrl Pts',(-7.804511418641,2.564332169066,1.309090896375));
#9796=CARTESIAN_POINT('Ctrl Pts',(-7.804511420579,-2.564332193018,1.390909105542));
#9797=CARTESIAN_POINT('Ctrl Pts',(-4.630815025017,-6.21805415894,1.472727260337));
#9798=CARTESIAN_POINT('Ctrl Pts',(-0.374405141521,-7.096271999478,1.55454546183));
#9799=CARTESIAN_POINT('Ctrl Pts',(3.109735063555,-5.540564112464,1.636363633299));
#9800=CARTESIAN_POINT('Ctrl Pts',(4.849999999504,-2.77031355145,1.718181818872));
#9801=CARTESIAN_POINT('Ctrl Pts',(4.85,-7.845532667972E-10,1.79999999985));
#9802=CARTESIAN_POINT('',(4.85,-7.843786017583E-10,1.79999999985));
#9803=CARTESIAN_POINT('Ctrl Pts',(4.85,-5.053381935127E-10,0.899999999952));
#9804=CARTESIAN_POINT('Ctrl Pts',(4.850000000497,2.770313542575,0.981818181567));
#9805=CARTESIAN_POINT('Ctrl Pts',(3.109735065466,5.540564138,1.063636364579));
#9806=CARTESIAN_POINT('Ctrl Pts',(-0.374405138723,7.096271946726,1.14545454196));
#9807=CARTESIAN_POINT('Ctrl Pts',(-4.630815023457,6.218054220144,1.227272735046));
#9808=CARTESIAN_POINT('Ctrl Pts',(-7.804511418641,2.564332169066,1.309090896375));
#9809=CARTESIAN_POINT('Ctrl Pts',(-7.804511420579,-2.564332193018,1.390909105542));
#9810=CARTESIAN_POINT('Ctrl Pts',(-4.630815025017,-6.21805415894,1.472727260337));
#9811=CARTESIAN_POINT('Ctrl Pts',(-0.374405141521,-7.096271999478,1.55454546183));
#9812=CARTESIAN_POINT('Ctrl Pts',(3.109735063555,-5.540564112464,1.636363633299));
#9813=CARTESIAN_POINT('Ctrl Pts',(4.849999999504,-2.77031355145,1.718181818872));
#9814=CARTESIAN_POINT('Ctrl Pts',(4.85,-7.845532667972E-10,1.79999999985));
#9815=CARTESIAN_POINT('Origin',(4.49999999999986,-7.85154465101967E-10,
1.79999999984919));
#9816=CARTESIAN_POINT('Ctrl Pts',(4.85,-7.843258931217E-10,1.79999999985));
#9817=CARTESIAN_POINT('Ctrl Pts',(4.850000000121,1.128646244997,1.833333332861));
#9818=CARTESIAN_POINT('Ctrl Pts',(4.53485930577,2.257241854871,1.866666666856));
#9819=CARTESIAN_POINT('Ctrl Pts',(3.904332867553,3.276124274118,1.899999999707));
#9820=CARTESIAN_POINT('Ctrl Pts',(3.010419340884,4.073998664637,1.933333332911));
#9821=CARTESIAN_POINT('Ctrl Pts',(1.953693231724,4.580330238743,1.966666666679));
#9822=CARTESIAN_POINT('Ctrl Pts',(0.84219366234,4.776317601993,1.999999999778));
#9823=CARTESIAN_POINT('Ctrl Pts',(4.85,-7.842120771562E-10,1.2184599234));
#9824=CARTESIAN_POINT('Ctrl Pts',(4.850000000122,1.128646244995,1.251793256411));
#9825=CARTESIAN_POINT('Ctrl Pts',(4.534859305769,2.257241854878,1.285126590406));
#9826=CARTESIAN_POINT('Ctrl Pts',(3.904332867553,3.27612427411,1.318459923257));
#9827=CARTESIAN_POINT('Ctrl Pts',(3.010419340884,4.073998664644,1.351793256461));
#9828=CARTESIAN_POINT('Ctrl Pts',(1.953693231724,4.580330238741,1.385126590229));
#9829=CARTESIAN_POINT('Ctrl Pts',(0.84219366234,4.776317601994,1.418459923328));
#9830=CARTESIAN_POINT('Ctrl Pts',(4.130908133308,-7.858036743437E-10,1.134960665713));
#9831=CARTESIAN_POINT('Ctrl Pts',(4.13090813343,0.961305969015,1.168293998724));
#9832=CARTESIAN_POINT('Ctrl Pts',(3.862492204849,1.922568812945,1.20162733272));
#9833=CARTESIAN_POINT('Ctrl Pts',(3.325451626368,2.79038523815,1.23496066557));
#9834=CARTESIAN_POINT('Ctrl Pts',(2.564075412682,3.469961694621,1.268293998775));
#9835=CARTESIAN_POINT('Ctrl Pts',(1.664026238315,3.901221327272,1.301627332543));
#9836=CARTESIAN_POINT('Ctrl Pts',(0.717324670115,4.068150356547,1.334960665642));
#9837=CARTESIAN_POINT('Ctrl Pts',(3.537809077647,-7.867133167139E-10,1.799999999849));
#9838=CARTESIAN_POINT('Ctrl Pts',(3.537809077769,0.823285551517,1.833333332859));
#9839=CARTESIAN_POINT('Ctrl Pts',(3.307931221635,1.646534172149,1.866666666857));
#9840=CARTESIAN_POINT('Ctrl Pts',(2.847996751142,2.38975302845,1.899999999706));
#9841=CARTESIAN_POINT('Ctrl Pts',(2.195935854194,2.971758651178,1.93333333291));
#9842=CARTESIAN_POINT('Ctrl Pts',(1.425112090896,3.341099772931,1.966666666679));
#9843=CARTESIAN_POINT('Ctrl Pts',(0.614334099924,3.484061808228,1.999999999778));
#9844=CARTESIAN_POINT('Ctrl Pts',(4.130908133308,-7.856902828428E-10,2.465039333985));
#9845=CARTESIAN_POINT('Ctrl Pts',(4.130908133429,0.961305969013,2.498372666996));
#9846=CARTESIAN_POINT('Ctrl Pts',(3.86249220485,1.922568812949,2.531706000992));
#9847=CARTESIAN_POINT('Ctrl Pts',(3.325451626366,2.790385238143,2.565039333842));
#9848=CARTESIAN_POINT('Ctrl Pts',(2.564075412682,3.469961694627,2.598372667046));
#9849=CARTESIAN_POINT('Ctrl Pts',(1.664026238315,3.901221327269,2.631706000815));
#9850=CARTESIAN_POINT('Ctrl Pts',(0.717324670114,4.068150356547,2.665039333914));
#9851=CARTESIAN_POINT('Ctrl Pts',(4.85,-7.843260222496E-10,2.381540076299));
#9852=CARTESIAN_POINT('Ctrl Pts',(4.850000000121,1.128646244996,2.414873409311));
#9853=CARTESIAN_POINT('Ctrl Pts',(4.53485930577,2.257241854874,2.448206743306));
#9854=CARTESIAN_POINT('Ctrl Pts',(3.904332867552,3.276124274116,2.481540076156));
#9855=CARTESIAN_POINT('Ctrl Pts',(3.010419340884,4.073998664638,2.514873409361));
#9856=CARTESIAN_POINT('Ctrl Pts',(1.953693231723,4.580330238743,2.548206743129));
#9857=CARTESIAN_POINT('Ctrl Pts',(0.84219366234,4.776317601993,2.581540076228));
#9858=CARTESIAN_POINT('Ctrl Pts',(4.85,-7.843258931217E-10,1.79999999985));
#9859=CARTESIAN_POINT('Ctrl Pts',(4.850000000121,1.128646244997,1.833333332861));
#9860=CARTESIAN_POINT('Ctrl Pts',(4.53485930577,2.257241854871,1.866666666856));
#9861=CARTESIAN_POINT('Ctrl Pts',(3.904332867553,3.276124274118,1.899999999707));
#9862=CARTESIAN_POINT('Ctrl Pts',(3.010419340884,4.073998664637,1.933333332911));
#9863=CARTESIAN_POINT('Ctrl Pts',(1.953693231724,4.580330238743,1.966666666679));
#9864=CARTESIAN_POINT('Ctrl Pts',(0.84219366234,4.776317601993,1.999999999778));
#9865=CARTESIAN_POINT('',(0.84219366234,4.776317601993,1.999999999778));
#9866=CARTESIAN_POINT('Ctrl Pts',(4.85,-7.843258931217E-10,1.79999999985));
#9867=CARTESIAN_POINT('Ctrl Pts',(4.850000000121,1.128646244997,1.833333332861));
#9868=CARTESIAN_POINT('Ctrl Pts',(4.53485930577,2.257241854871,1.866666666856));
#9869=CARTESIAN_POINT('Ctrl Pts',(3.904332867553,3.276124274118,1.899999999707));
#9870=CARTESIAN_POINT('Ctrl Pts',(3.010419340884,4.073998664637,1.933333332911));
#9871=CARTESIAN_POINT('Ctrl Pts',(1.953693231724,4.580330238743,1.966666666679));
#9872=CARTESIAN_POINT('Ctrl Pts',(0.84219366234,4.776317601993,1.999999999778));
#9873=CARTESIAN_POINT('Origin',(0.781416800156967,4.43163488843888,1.99999999977818));
#9874=CARTESIAN_POINT('Origin',(0.781416800157,4.431634888439,1.999999999778));
#9875=CARTESIAN_POINT('',(26.3,-9.3,9.2));
#9876=CARTESIAN_POINT('',(-26.3,9.3,9.2));
#9877=CARTESIAN_POINT('',(0.,0.,0.));
#9878=CARTESIAN_POINT('Ctrl Pts',(36.7,11.59548,11.));
#9879=CARTESIAN_POINT('Ctrl Pts',(36.7,11.59548,9.40452));
#9880=CARTESIAN_POINT('Ctrl Pts',(36.7,10.,9.40452));
#9881=CARTESIAN_POINT('Ctrl Pts',(36.7,8.40452,9.40452));
#9882=CARTESIAN_POINT('Ctrl Pts',(36.7,8.40452,11.));
#9883=CARTESIAN_POINT('Ctrl Pts',(36.7,8.40452,12.59548));
#9884=CARTESIAN_POINT('Ctrl Pts',(36.7,10.,12.59548));
#9885=CARTESIAN_POINT('Ctrl Pts',(36.7,11.59548,12.59548));
#9886=CARTESIAN_POINT('Ctrl Pts',(36.7,11.59548,11.));
#9887=CARTESIAN_POINT('Ctrl Pts',(36.872412,11.52717,11.));
#9888=CARTESIAN_POINT('Ctrl Pts',(36.872412,11.52717,9.47283));
#9889=CARTESIAN_POINT('Ctrl Pts',(36.872412,10.,9.47283));
#9890=CARTESIAN_POINT('Ctrl Pts',(36.872412,8.47283,9.47283));
#9891=CARTESIAN_POINT('Ctrl Pts',(36.872412,8.47283,11.));
#9892=CARTESIAN_POINT('Ctrl Pts',(36.872412,8.47283,12.52717));
#9893=CARTESIAN_POINT('Ctrl Pts',(36.872412,10.,12.52717));
#9894=CARTESIAN_POINT('Ctrl Pts',(36.872412,11.52717,12.52717));
#9895=CARTESIAN_POINT('Ctrl Pts',(36.872412,11.52717,11.));
#9896=CARTESIAN_POINT('Ctrl Pts',(36.914697,11.29948,11.));
#9897=CARTESIAN_POINT('Ctrl Pts',(36.914697,11.29948,9.70052));
#9898=CARTESIAN_POINT('Ctrl Pts',(36.914697,10.,9.70052));
#9899=CARTESIAN_POINT('Ctrl Pts',(36.914697,8.70052,9.70052));
#9900=CARTESIAN_POINT('Ctrl Pts',(36.914697,8.70052,11.));
#9901=CARTESIAN_POINT('Ctrl Pts',(36.914697,8.70052,12.29948));
#9902=CARTESIAN_POINT('Ctrl Pts',(36.914697,10.,12.29948));
#9903=CARTESIAN_POINT('Ctrl Pts',(36.914697,11.29948,12.29948));
#9904=CARTESIAN_POINT('Ctrl Pts',(36.914697,11.29948,11.));
#9905=CARTESIAN_POINT('Ctrl Pts',(36.872412,11.05878,11.));
#9906=CARTESIAN_POINT('Ctrl Pts',(36.872412,11.05878,9.94122));
#9907=CARTESIAN_POINT('Ctrl Pts',(36.872412,10.,9.94122));
#9908=CARTESIAN_POINT('Ctrl Pts',(36.872412,8.94122,9.94122));
#9909=CARTESIAN_POINT('Ctrl Pts',(36.872412,8.94122,11.));
#9910=CARTESIAN_POINT('Ctrl Pts',(36.872412,8.94122,12.05878));
#9911=CARTESIAN_POINT('Ctrl Pts',(36.872412,10.,12.05878));
#9912=CARTESIAN_POINT('Ctrl Pts',(36.872412,11.05878,12.05878));
#9913=CARTESIAN_POINT('Ctrl Pts',(36.872412,11.05878,11.));
#9914=CARTESIAN_POINT('Ctrl Pts',(36.794347,11.00674,11.));
#9915=CARTESIAN_POINT('Ctrl Pts',(36.794347,11.00674,9.99326));
#9916=CARTESIAN_POINT('Ctrl Pts',(36.794347,10.,9.99326));
#9917=CARTESIAN_POINT('Ctrl Pts',(36.794347,8.99326,9.99326));
#9918=CARTESIAN_POINT('Ctrl Pts',(36.794347,8.99326,11.));
#9919=CARTESIAN_POINT('Ctrl Pts',(36.794347,8.99326,12.00674));
#9920=CARTESIAN_POINT('Ctrl Pts',(36.794347,10.,12.00674));
#9921=CARTESIAN_POINT('Ctrl Pts',(36.794347,11.00674,12.00674));
#9922=CARTESIAN_POINT('Ctrl Pts',(36.794347,11.00674,11.));
#9923=CARTESIAN_POINT('',(36.7,11.59548,11.));
#9924=CARTESIAN_POINT('Origin',(36.7,10.,11.));
#9925=CARTESIAN_POINT('',(36.794347,11.00674,11.));
#9926=CARTESIAN_POINT('Ctrl Pts',(36.7,11.59548,11.));
#9927=CARTESIAN_POINT('Ctrl Pts',(36.872412,11.52717,11.));
#9928=CARTESIAN_POINT('Ctrl Pts',(36.914697,11.29948,11.));
#9929=CARTESIAN_POINT('Ctrl Pts',(36.872412,11.05878,11.));
#9930=CARTESIAN_POINT('Ctrl Pts',(36.794347,11.00674,11.));
#9931=CARTESIAN_POINT('',(36.794347,8.99326,11.));
#9932=CARTESIAN_POINT('Origin',(36.794347,10.,11.));
#9933=CARTESIAN_POINT('Origin',(36.794347,10.,11.));
#9934=CARTESIAN_POINT('Origin',(36.7,10.,11.));
#9935=CARTESIAN_POINT('',(36.7,8.8,11.));
#9936=CARTESIAN_POINT('Origin',(36.7,10.,11.));
#9937=CARTESIAN_POINT('Origin',(36.7,10.,11.));
#9938=CARTESIAN_POINT('',(35.7,8.8,11.));
#9939=CARTESIAN_POINT('Origin',(35.7,10.,11.));
#9940=CARTESIAN_POINT('',(36.7,8.8,11.));
#9941=CARTESIAN_POINT('Origin',(35.7,10.,11.));
#9942=CARTESIAN_POINT('',(35.7,11.59548,11.));
#9943=CARTESIAN_POINT('Origin',(35.7,10.,11.));
#9944=CARTESIAN_POINT('Ctrl Pts',(35.7,11.59548,11.));
#9945=CARTESIAN_POINT('Ctrl Pts',(35.7,11.59548,9.40452));
#9946=CARTESIAN_POINT('Ctrl Pts',(35.7,10.,9.40452));
#9947=CARTESIAN_POINT('Ctrl Pts',(35.7,8.40452,9.40452));
#9948=CARTESIAN_POINT('Ctrl Pts',(35.7,8.40452,11.));
#9949=CARTESIAN_POINT('Ctrl Pts',(35.7,8.40452,12.59548));
#9950=CARTESIAN_POINT('Ctrl Pts',(35.7,10.,12.59548));
#9951=CARTESIAN_POINT('Ctrl Pts',(35.7,11.59548,12.59548));
#9952=CARTESIAN_POINT('Ctrl Pts',(35.7,11.59548,11.));
#9953=CARTESIAN_POINT('Ctrl Pts',(35.527588,11.52717,11.));
#9954=CARTESIAN_POINT('Ctrl Pts',(35.527588,11.52717,9.47283));
#9955=CARTESIAN_POINT('Ctrl Pts',(35.527588,10.,9.47283));
#9956=CARTESIAN_POINT('Ctrl Pts',(35.527588,8.47283,9.47283));
#9957=CARTESIAN_POINT('Ctrl Pts',(35.527588,8.47283,11.));
#9958=CARTESIAN_POINT('Ctrl Pts',(35.527588,8.47283,12.52717));
#9959=CARTESIAN_POINT('Ctrl Pts',(35.527588,10.,12.52717));
#9960=CARTESIAN_POINT('Ctrl Pts',(35.527588,11.52717,12.52717));
#9961=CARTESIAN_POINT('Ctrl Pts',(35.527588,11.52717,11.));
#9962=CARTESIAN_POINT('Ctrl Pts',(35.485303,11.29948,11.));
#9963=CARTESIAN_POINT('Ctrl Pts',(35.485303,11.29948,9.70052));
#9964=CARTESIAN_POINT('Ctrl Pts',(35.485303,10.,9.70052));
#9965=CARTESIAN_POINT('Ctrl Pts',(35.485303,8.70052,9.70052));
#9966=CARTESIAN_POINT('Ctrl Pts',(35.485303,8.70052,11.));
#9967=CARTESIAN_POINT('Ctrl Pts',(35.485303,8.70052,12.29948));
#9968=CARTESIAN_POINT('Ctrl Pts',(35.485303,10.,12.29948));
#9969=CARTESIAN_POINT('Ctrl Pts',(35.485303,11.29948,12.29948));
#9970=CARTESIAN_POINT('Ctrl Pts',(35.485303,11.29948,11.));
#9971=CARTESIAN_POINT('Ctrl Pts',(35.527588,11.05878,11.));
#9972=CARTESIAN_POINT('Ctrl Pts',(35.527588,11.05878,9.94122));
#9973=CARTESIAN_POINT('Ctrl Pts',(35.527588,10.,9.94122));
#9974=CARTESIAN_POINT('Ctrl Pts',(35.527588,8.94122,9.94122));
#9975=CARTESIAN_POINT('Ctrl Pts',(35.527588,8.94122,11.));
#9976=CARTESIAN_POINT('Ctrl Pts',(35.527588,8.94122,12.05878));
#9977=CARTESIAN_POINT('Ctrl Pts',(35.527588,10.,12.05878));
#9978=CARTESIAN_POINT('Ctrl Pts',(35.527588,11.05878,12.05878));
#9979=CARTESIAN_POINT('Ctrl Pts',(35.527588,11.05878,11.));
#9980=CARTESIAN_POINT('Ctrl Pts',(35.605653,11.00674,11.));
#9981=CARTESIAN_POINT('Ctrl Pts',(35.605653,11.00674,9.99326));
#9982=CARTESIAN_POINT('Ctrl Pts',(35.605653,10.,9.99326));
#9983=CARTESIAN_POINT('Ctrl Pts',(35.605653,8.99326,9.99326));
#9984=CARTESIAN_POINT('Ctrl Pts',(35.605653,8.99326,11.));
#9985=CARTESIAN_POINT('Ctrl Pts',(35.605653,8.99326,12.00674));
#9986=CARTESIAN_POINT('Ctrl Pts',(35.605653,10.,12.00674));
#9987=CARTESIAN_POINT('Ctrl Pts',(35.605653,11.00674,12.00674));
#9988=CARTESIAN_POINT('Ctrl Pts',(35.605653,11.00674,11.));
#9989=CARTESIAN_POINT('',(35.605653,11.00674,11.));
#9990=CARTESIAN_POINT('Ctrl Pts',(35.7,11.59548,11.));
#9991=CARTESIAN_POINT('Ctrl Pts',(35.527588,11.52717,11.));
#9992=CARTESIAN_POINT('Ctrl Pts',(35.485303,11.29948,11.));
#9993=CARTESIAN_POINT('Ctrl Pts',(35.527588,11.05878,11.));
#9994=CARTESIAN_POINT('Ctrl Pts',(35.605653,11.00674,11.));
#9995=CARTESIAN_POINT('',(35.605653,8.99326,11.));
#9996=CARTESIAN_POINT('Origin',(35.605653,10.,11.));
#9997=CARTESIAN_POINT('Origin',(35.605653,10.,11.));
#9998=CARTESIAN_POINT('Origin',(36.794347,10.,11.));
#9999=CARTESIAN_POINT('',(36.794347,8.99326,11.));
#10000=CARTESIAN_POINT('',(0.,0.,0.));
#10001=CARTESIAN_POINT('Ctrl Pts',(36.7,-8.40452,11.));
#10002=CARTESIAN_POINT('Ctrl Pts',(36.7,-8.40452,9.40452));
#10003=CARTESIAN_POINT('Ctrl Pts',(36.7,-10.,9.40452));
#10004=CARTESIAN_POINT('Ctrl Pts',(36.7,-11.59548,9.40452));
#10005=CARTESIAN_POINT('Ctrl Pts',(36.7,-11.59548,11.));
#10006=CARTESIAN_POINT('Ctrl Pts',(36.7,-11.59548,12.59548));
#10007=CARTESIAN_POINT('Ctrl Pts',(36.7,-10.,12.59548));
#10008=CARTESIAN_POINT('Ctrl Pts',(36.7,-8.40452,12.59548));
#10009=CARTESIAN_POINT('Ctrl Pts',(36.7,-8.40452,11.));
#10010=CARTESIAN_POINT('Ctrl Pts',(36.872412,-8.47283,11.));
#10011=CARTESIAN_POINT('Ctrl Pts',(36.872412,-8.47283,9.47283));
#10012=CARTESIAN_POINT('Ctrl Pts',(36.872412,-10.,9.47283));
#10013=CARTESIAN_POINT('Ctrl Pts',(36.872412,-11.52717,9.47283));
#10014=CARTESIAN_POINT('Ctrl Pts',(36.872412,-11.52717,11.));
#10015=CARTESIAN_POINT('Ctrl Pts',(36.872412,-11.52717,12.52717));
#10016=CARTESIAN_POINT('Ctrl Pts',(36.872412,-10.,12.52717));
#10017=CARTESIAN_POINT('Ctrl Pts',(36.872412,-8.47283,12.52717));
#10018=CARTESIAN_POINT('Ctrl Pts',(36.872412,-8.47283,11.));
#10019=CARTESIAN_POINT('Ctrl Pts',(36.914697,-8.70052,11.));
#10020=CARTESIAN_POINT('Ctrl Pts',(36.914697,-8.70052,9.70052));
#10021=CARTESIAN_POINT('Ctrl Pts',(36.914697,-10.,9.70052));
#10022=CARTESIAN_POINT('Ctrl Pts',(36.914697,-11.29948,9.70052));
#10023=CARTESIAN_POINT('Ctrl Pts',(36.914697,-11.29948,11.));
#10024=CARTESIAN_POINT('Ctrl Pts',(36.914697,-11.29948,12.29948));
#10025=CARTESIAN_POINT('Ctrl Pts',(36.914697,-10.,12.29948));
#10026=CARTESIAN_POINT('Ctrl Pts',(36.914697,-8.70052,12.29948));
#10027=CARTESIAN_POINT('Ctrl Pts',(36.914697,-8.70052,11.));
#10028=CARTESIAN_POINT('Ctrl Pts',(36.872412,-8.94122,11.));
#10029=CARTESIAN_POINT('Ctrl Pts',(36.872412,-8.94122,9.94122));
#10030=CARTESIAN_POINT('Ctrl Pts',(36.872412,-10.,9.94122));
#10031=CARTESIAN_POINT('Ctrl Pts',(36.872412,-11.05878,9.94122));
#10032=CARTESIAN_POINT('Ctrl Pts',(36.872412,-11.05878,11.));
#10033=CARTESIAN_POINT('Ctrl Pts',(36.872412,-11.05878,12.05878));
#10034=CARTESIAN_POINT('Ctrl Pts',(36.872412,-10.,12.05878));
#10035=CARTESIAN_POINT('Ctrl Pts',(36.872412,-8.94122,12.05878));
#10036=CARTESIAN_POINT('Ctrl Pts',(36.872412,-8.94122,11.));
#10037=CARTESIAN_POINT('Ctrl Pts',(36.794347,-8.99326,11.));
#10038=CARTESIAN_POINT('Ctrl Pts',(36.794347,-8.99326,9.99326));
#10039=CARTESIAN_POINT('Ctrl Pts',(36.794347,-10.,9.99326));
#10040=CARTESIAN_POINT('Ctrl Pts',(36.794347,-11.00674,9.99326));
#10041=CARTESIAN_POINT('Ctrl Pts',(36.794347,-11.00674,11.));
#10042=CARTESIAN_POINT('Ctrl Pts',(36.794347,-11.00674,12.00674));
#10043=CARTESIAN_POINT('Ctrl Pts',(36.794347,-10.,12.00674));
#10044=CARTESIAN_POINT('Ctrl Pts',(36.794347,-8.99326,12.00674));
#10045=CARTESIAN_POINT('Ctrl Pts',(36.794347,-8.99326,11.));
#10046=CARTESIAN_POINT('',(36.7,-8.40452,11.));
#10047=CARTESIAN_POINT('Origin',(36.7,-10.,11.));
#10048=CARTESIAN_POINT('',(36.794347,-8.99326,11.));
#10049=CARTESIAN_POINT('Ctrl Pts',(36.7,-8.40452,11.));
#10050=CARTESIAN_POINT('Ctrl Pts',(36.872412,-8.47283,11.));
#10051=CARTESIAN_POINT('Ctrl Pts',(36.914697,-8.70052,11.));
#10052=CARTESIAN_POINT('Ctrl Pts',(36.872412,-8.94122,11.));
#10053=CARTESIAN_POINT('Ctrl Pts',(36.794347,-8.99326,11.));
#10054=CARTESIAN_POINT('',(36.794347,-11.00674,11.));
#10055=CARTESIAN_POINT('Origin',(36.794347,-10.,11.));
#10056=CARTESIAN_POINT('Origin',(36.794347,-10.,11.));
#10057=CARTESIAN_POINT('Origin',(36.7,-10.,11.));
#10058=CARTESIAN_POINT('',(36.7,-11.2,11.));
#10059=CARTESIAN_POINT('Origin',(36.7,-10.,11.));
#10060=CARTESIAN_POINT('Origin',(36.7,-10.,11.));
#10061=CARTESIAN_POINT('',(35.7,-11.2,11.));
#10062=CARTESIAN_POINT('Origin',(35.7,-10.,11.));
#10063=CARTESIAN_POINT('',(36.7,-11.2,11.));
#10064=CARTESIAN_POINT('Origin',(35.7,-10.,11.));
#10065=CARTESIAN_POINT('',(35.7,-8.40452,11.));
#10066=CARTESIAN_POINT('Origin',(35.7,-10.,11.));
#10067=CARTESIAN_POINT('Ctrl Pts',(35.7,-8.40452,11.));
#10068=CARTESIAN_POINT('Ctrl Pts',(35.7,-8.40452,9.40452));
#10069=CARTESIAN_POINT('Ctrl Pts',(35.7,-10.,9.40452));
#10070=CARTESIAN_POINT('Ctrl Pts',(35.7,-11.59548,9.40452));
#10071=CARTESIAN_POINT('Ctrl Pts',(35.7,-11.59548,11.));
#10072=CARTESIAN_POINT('Ctrl Pts',(35.7,-11.59548,12.59548));
#10073=CARTESIAN_POINT('Ctrl Pts',(35.7,-10.,12.59548));
#10074=CARTESIAN_POINT('Ctrl Pts',(35.7,-8.40452,12.59548));
#10075=CARTESIAN_POINT('Ctrl Pts',(35.7,-8.40452,11.));
#10076=CARTESIAN_POINT('Ctrl Pts',(35.527588,-8.47283,11.));
#10077=CARTESIAN_POINT('Ctrl Pts',(35.527588,-8.47283,9.47283));
#10078=CARTESIAN_POINT('Ctrl Pts',(35.527588,-10.,9.47283));
#10079=CARTESIAN_POINT('Ctrl Pts',(35.527588,-11.52717,9.47283));
#10080=CARTESIAN_POINT('Ctrl Pts',(35.527588,-11.52717,11.));
#10081=CARTESIAN_POINT('Ctrl Pts',(35.527588,-11.52717,12.52717));
#10082=CARTESIAN_POINT('Ctrl Pts',(35.527588,-10.,12.52717));
#10083=CARTESIAN_POINT('Ctrl Pts',(35.527588,-8.47283,12.52717));
#10084=CARTESIAN_POINT('Ctrl Pts',(35.527588,-8.47283,11.));
#10085=CARTESIAN_POINT('Ctrl Pts',(35.485303,-8.70052,11.));
#10086=CARTESIAN_POINT('Ctrl Pts',(35.485303,-8.70052,9.70052));
#10087=CARTESIAN_POINT('Ctrl Pts',(35.485303,-10.,9.70052));
#10088=CARTESIAN_POINT('Ctrl Pts',(35.485303,-11.29948,9.70052));
#10089=CARTESIAN_POINT('Ctrl Pts',(35.485303,-11.29948,11.));
#10090=CARTESIAN_POINT('Ctrl Pts',(35.485303,-11.29948,12.29948));
#10091=CARTESIAN_POINT('Ctrl Pts',(35.485303,-10.,12.29948));
#10092=CARTESIAN_POINT('Ctrl Pts',(35.485303,-8.70052,12.29948));
#10093=CARTESIAN_POINT('Ctrl Pts',(35.485303,-8.70052,11.));
#10094=CARTESIAN_POINT('Ctrl Pts',(35.527588,-8.94122,11.));
#10095=CARTESIAN_POINT('Ctrl Pts',(35.527588,-8.94122,9.94122));
#10096=CARTESIAN_POINT('Ctrl Pts',(35.527588,-10.,9.94122));
#10097=CARTESIAN_POINT('Ctrl Pts',(35.527588,-11.05878,9.94122));
#10098=CARTESIAN_POINT('Ctrl Pts',(35.527588,-11.05878,11.));
#10099=CARTESIAN_POINT('Ctrl Pts',(35.527588,-11.05878,12.05878));
#10100=CARTESIAN_POINT('Ctrl Pts',(35.527588,-10.,12.05878));
#10101=CARTESIAN_POINT('Ctrl Pts',(35.527588,-8.94122,12.05878));
#10102=CARTESIAN_POINT('Ctrl Pts',(35.527588,-8.94122,11.));
#10103=CARTESIAN_POINT('Ctrl Pts',(35.605653,-8.99326,11.));
#10104=CARTESIAN_POINT('Ctrl Pts',(35.605653,-8.99326,9.99326));
#10105=CARTESIAN_POINT('Ctrl Pts',(35.605653,-10.,9.99326));
#10106=CARTESIAN_POINT('Ctrl Pts',(35.605653,-11.00674,9.99326));
#10107=CARTESIAN_POINT('Ctrl Pts',(35.605653,-11.00674,11.));
#10108=CARTESIAN_POINT('Ctrl Pts',(35.605653,-11.00674,12.00674));
#10109=CARTESIAN_POINT('Ctrl Pts',(35.605653,-10.,12.00674));
#10110=CARTESIAN_POINT('Ctrl Pts',(35.605653,-8.99326,12.00674));
#10111=CARTESIAN_POINT('Ctrl Pts',(35.605653,-8.99326,11.));
#10112=CARTESIAN_POINT('',(35.605653,-8.99326,11.));
#10113=CARTESIAN_POINT('Ctrl Pts',(35.7,-8.40452,11.));
#10114=CARTESIAN_POINT('Ctrl Pts',(35.527588,-8.47283,11.));
#10115=CARTESIAN_POINT('Ctrl Pts',(35.485303,-8.70052,11.));
#10116=CARTESIAN_POINT('Ctrl Pts',(35.527588,-8.94122,11.));
#10117=CARTESIAN_POINT('Ctrl Pts',(35.605653,-8.99326,11.));
#10118=CARTESIAN_POINT('',(35.605653,-11.00674,11.));
#10119=CARTESIAN_POINT('Origin',(35.605653,-10.,11.));
#10120=CARTESIAN_POINT('Origin',(35.605653,-10.,11.));
#10121=CARTESIAN_POINT('Origin',(36.794347,-10.,11.));
#10122=CARTESIAN_POINT('',(36.794347,-11.00674,11.));
#10123=CARTESIAN_POINT('',(0.,0.,0.));
#10124=CARTESIAN_POINT('',(0.,0.,0.));
#10125=CARTESIAN_POINT('Ctrl Pts',(0.,3.97462,0.));
#10126=CARTESIAN_POINT('Ctrl Pts',(0.,3.97462,-3.97462));
#10127=CARTESIAN_POINT('Ctrl Pts',(0.,0.,-3.97462));
#10128=CARTESIAN_POINT('Ctrl Pts',(0.,-3.97462,-3.97462));
#10129=CARTESIAN_POINT('Ctrl Pts',(0.,-3.97462,0.));
#10130=CARTESIAN_POINT('Ctrl Pts',(0.,-3.97462,3.97462));
#10131=CARTESIAN_POINT('Ctrl Pts',(0.,0.,3.97462));
#10132=CARTESIAN_POINT('Ctrl Pts',(0.,3.97462,3.97462));
#10133=CARTESIAN_POINT('Ctrl Pts',(0.,3.97462,0.));
#10134=CARTESIAN_POINT('Ctrl Pts',(-0.508874786614,3.882762366976,0.));
#10135=CARTESIAN_POINT('Ctrl Pts',(-0.508874786614,3.882762366976,-3.882762366976));
#10136=CARTESIAN_POINT('Ctrl Pts',(-0.508874786614,0.,-3.882762366976));
#10137=CARTESIAN_POINT('Ctrl Pts',(-0.508874786613999,-3.882762366976,-3.882762366976));
#10138=CARTESIAN_POINT('Ctrl Pts',(-0.508874786613999,-3.882762366976,0.));
#10139=CARTESIAN_POINT('Ctrl Pts',(-0.508874786613999,-3.882762366976,3.882762366976));
#10140=CARTESIAN_POINT('Ctrl Pts',(-0.508874786614,0.,3.882762366976));
#10141=CARTESIAN_POINT('Ctrl Pts',(-0.508874786614,3.882762366976,3.882762366976));
#10142=CARTESIAN_POINT('Ctrl Pts',(-0.508874786614,3.882762366976,0.));
#10143=CARTESIAN_POINT('Ctrl Pts',(-0.773128374944,2.918309132726,0.));
#10144=CARTESIAN_POINT('Ctrl Pts',(-0.773128374944,2.918309132726,-2.918309132726));
#10145=CARTESIAN_POINT('Ctrl Pts',(-0.773128374944,0.,-2.918309132726));
#10146=CARTESIAN_POINT('Ctrl Pts',(-0.773128374944,-2.918309132726,-2.918309132726));
#10147=CARTESIAN_POINT('Ctrl Pts',(-0.773128374944,-2.918309132726,0.));
#10148=CARTESIAN_POINT('Ctrl Pts',(-0.773128374944,-2.918309132726,2.918309132726));
#10149=CARTESIAN_POINT('Ctrl Pts',(-0.773128374944,0.,2.918309132726));
#10150=CARTESIAN_POINT('Ctrl Pts',(-0.773128374944,2.918309132726,2.918309132726));
#10151=CARTESIAN_POINT('Ctrl Pts',(-0.773128374944,2.918309132726,0.));
#10152=CARTESIAN_POINT('Ctrl Pts',(-0.774757847689,1.726275084348,0.));
#10153=CARTESIAN_POINT('Ctrl Pts',(-0.774757847689,1.726275084348,-1.726275084348));
#10154=CARTESIAN_POINT('Ctrl Pts',(-0.774757847689,0.,-1.726275084348));
#10155=CARTESIAN_POINT('Ctrl Pts',(-0.774757847689001,-1.726275084348,-1.726275084348));
#10156=CARTESIAN_POINT('Ctrl Pts',(-0.774757847689001,-1.726275084348,0.));
#10157=CARTESIAN_POINT('Ctrl Pts',(-0.774757847689001,-1.726275084348,1.726275084348));
#10158=CARTESIAN_POINT('Ctrl Pts',(-0.774757847689,0.,1.726275084348));
#10159=CARTESIAN_POINT('Ctrl Pts',(-0.774757847689,1.726275084348,1.726275084348));
#10160=CARTESIAN_POINT('Ctrl Pts',(-0.774757847689,1.726275084348,0.));
#10161=CARTESIAN_POINT('Ctrl Pts',(-0.782837,1.373397,0.));
#10162=CARTESIAN_POINT('Ctrl Pts',(-0.782837,1.373397,-1.373397));
#10163=CARTESIAN_POINT('Ctrl Pts',(-0.782837,0.,-1.373397));
#10164=CARTESIAN_POINT('Ctrl Pts',(-0.782836999999999,-1.373397,-1.373397));
#10165=CARTESIAN_POINT('Ctrl Pts',(-0.782836999999999,-1.373397,0.));
#10166=CARTESIAN_POINT('Ctrl Pts',(-0.782836999999999,-1.373397,1.373397));
#10167=CARTESIAN_POINT('Ctrl Pts',(-0.782837,0.,1.373397));
#10168=CARTESIAN_POINT('Ctrl Pts',(-0.782837,1.373397,1.373397));
#10169=CARTESIAN_POINT('Ctrl Pts',(-0.782837,1.373397,0.));
#10170=CARTESIAN_POINT('Ctrl Pts',(-0.435487229421,1.064994845255,0.));
#10171=CARTESIAN_POINT('Ctrl Pts',(-0.435487229421,1.064994845255,-1.064994845255));
#10172=CARTESIAN_POINT('Ctrl Pts',(-0.435487229421,0.,-1.064994845255));
#10173=CARTESIAN_POINT('Ctrl Pts',(-0.435487229421,-1.064994845255,-1.064994845255));
#10174=CARTESIAN_POINT('Ctrl Pts',(-0.435487229421,-1.064994845255,0.));
#10175=CARTESIAN_POINT('Ctrl Pts',(-0.435487229421,-1.064994845255,1.064994845255));
#10176=CARTESIAN_POINT('Ctrl Pts',(-0.435487229421,0.,1.064994845255));
#10177=CARTESIAN_POINT('Ctrl Pts',(-0.435487229421,1.064994845255,1.064994845255));
#10178=CARTESIAN_POINT('Ctrl Pts',(-0.435487229421,1.064994845255,0.));
#10179=CARTESIAN_POINT('Ctrl Pts',(2.941519353859E-29,1.094017006152,0.));
#10180=CARTESIAN_POINT('Ctrl Pts',(2.941519353859E-29,1.094017006152,-1.094017006152));
#10181=CARTESIAN_POINT('Ctrl Pts',(0.,0.,-1.094017006152));
#10182=CARTESIAN_POINT('Ctrl Pts',(-2.941519353859E-29,-1.094017006152,
-1.094017006152));
#10183=CARTESIAN_POINT('Ctrl Pts',(-2.941519353859E-29,-1.094017006152,
0.));
#10184=CARTESIAN_POINT('Ctrl Pts',(-2.941519353859E-29,-1.094017006152,
1.094017006152));
#10185=CARTESIAN_POINT('Ctrl Pts',(0.,0.,1.094017006152));
#10186=CARTESIAN_POINT('Ctrl Pts',(2.941519353859E-29,1.094017006152,1.094017006152));
#10187=CARTESIAN_POINT('Ctrl Pts',(2.941519353859E-29,1.094017006152,0.));
#10188=CARTESIAN_POINT('',(0.,3.97462,0.));
#10189=CARTESIAN_POINT('Origin',(0.,0.,0.));
#10190=CARTESIAN_POINT('',(2.941519353859E-29,1.094017006152,0.));
#10191=CARTESIAN_POINT('Ctrl Pts',(0.,3.97462,0.));
#10192=CARTESIAN_POINT('Ctrl Pts',(-0.508874786614,3.882762366976,0.));
#10193=CARTESIAN_POINT('Ctrl Pts',(-0.773128374944,2.918309132726,0.));
#10194=CARTESIAN_POINT('Ctrl Pts',(-0.774757847689,1.726275084348,0.));
#10195=CARTESIAN_POINT('Ctrl Pts',(-0.782837,1.373397,0.));
#10196=CARTESIAN_POINT('Ctrl Pts',(-0.435487229421,1.064994845255,0.));
#10197=CARTESIAN_POINT('Ctrl Pts',(2.941519353859E-29,1.094017006152,0.));
#10198=CARTESIAN_POINT('Origin',(0.,0.,0.));
#10199=CARTESIAN_POINT('Origin',(0.,0.,0.));
#10200=CARTESIAN_POINT('',(35.5,10.,11.));
#10201=CARTESIAN_POINT('',(-35.5,-10.,11.));
#10202=CARTESIAN_POINT('',(0.,0.,0.));
#10203=CARTESIAN_POINT('',(0.,0.,0.));
#10204=CARTESIAN_POINT('',(0.,0.,0.));
#10205=CARTESIAN_POINT('',(0.,0.,0.));
#10206=CARTESIAN_POINT('',(0.,0.,0.));
#10207=CARTESIAN_POINT('Origin',(0.,0.,0.));
#10208=UNCERTAINTY_MEASURE_WITH_UNIT(LENGTH_MEASURE(0.01),#10226,
'DISTANCE_ACCURACY_VALUE',
'Maximum model space distance between geometric entities at asserted c
onnectivities');
#10209=UNCERTAINTY_MEASURE_WITH_UNIT(LENGTH_MEASURE(0.01),#10226,
'DISTANCE_ACCURACY_VALUE',
'Maximum model space distance between geometric entities at asserted c
onnectivities');
#10210=UNCERTAINTY_MEASURE_WITH_UNIT(LENGTH_MEASURE(0.01),#10226,
'DISTANCE_ACCURACY_VALUE',
'Maximum model space distance between geometric entities at asserted c
onnectivities');
#10211=UNCERTAINTY_MEASURE_WITH_UNIT(LENGTH_MEASURE(0.01),#10226,
'DISTANCE_ACCURACY_VALUE',
'Maximum model space distance between geometric entities at asserted c
onnectivities');
#10212=UNCERTAINTY_MEASURE_WITH_UNIT(LENGTH_MEASURE(0.01),#10226,
'DISTANCE_ACCURACY_VALUE',
'Maximum model space distance between geometric entities at asserted c
onnectivities');
#10213=UNCERTAINTY_MEASURE_WITH_UNIT(LENGTH_MEASURE(0.01),#10226,
'DISTANCE_ACCURACY_VALUE',
'Maximum model space distance between geometric entities at asserted c
onnectivities');
#10214=UNCERTAINTY_MEASURE_WITH_UNIT(LENGTH_MEASURE(0.01),#10226,
'DISTANCE_ACCURACY_VALUE',
'Maximum model space distance between geometric entities at asserted c
onnectivities');
#10215=UNCERTAINTY_MEASURE_WITH_UNIT(LENGTH_MEASURE(0.01),#10226,
'DISTANCE_ACCURACY_VALUE',
'Maximum model space distance between geometric entities at asserted c
onnectivities');
#10216=UNCERTAINTY_MEASURE_WITH_UNIT(LENGTH_MEASURE(0.01),#10226,
'DISTANCE_ACCURACY_VALUE',
'Maximum model space distance between geometric entities at asserted c
onnectivities');
#10217=(
GEOMETRIC_REPRESENTATION_CONTEXT(3)
GLOBAL_UNCERTAINTY_ASSIGNED_CONTEXT((#10208))
GLOBAL_UNIT_ASSIGNED_CONTEXT((#10226,#10228,#10229))
REPRESENTATION_CONTEXT('','3D')
);
#10218=(
GEOMETRIC_REPRESENTATION_CONTEXT(3)
GLOBAL_UNCERTAINTY_ASSIGNED_CONTEXT((#10209))
GLOBAL_UNIT_ASSIGNED_CONTEXT((#10226,#10228,#10229))
REPRESENTATION_CONTEXT('','3D')
);
#10219=(
GEOMETRIC_REPRESENTATION_CONTEXT(3)
GLOBAL_UNCERTAINTY_ASSIGNED_CONTEXT((#10210))
GLOBAL_UNIT_ASSIGNED_CONTEXT((#10226,#10228,#10229))
REPRESENTATION_CONTEXT('','3D')
);
#10220=(
GEOMETRIC_REPRESENTATION_CONTEXT(3)
GLOBAL_UNCERTAINTY_ASSIGNED_CONTEXT((#10211))
GLOBAL_UNIT_ASSIGNED_CONTEXT((#10226,#10228,#10229))
REPRESENTATION_CONTEXT('','3D')
);
#10221=(
GEOMETRIC_REPRESENTATION_CONTEXT(3)
GLOBAL_UNCERTAINTY_ASSIGNED_CONTEXT((#10212))
GLOBAL_UNIT_ASSIGNED_CONTEXT((#10226,#10228,#10229))
REPRESENTATION_CONTEXT('','3D')
);
#10222=(
GEOMETRIC_REPRESENTATION_CONTEXT(3)
GLOBAL_UNCERTAINTY_ASSIGNED_CONTEXT((#10213))
GLOBAL_UNIT_ASSIGNED_CONTEXT((#10226,#10228,#10229))
REPRESENTATION_CONTEXT('','3D')
);
#10223=(
GEOMETRIC_REPRESENTATION_CONTEXT(3)
GLOBAL_UNCERTAINTY_ASSIGNED_CONTEXT((#10214))
GLOBAL_UNIT_ASSIGNED_CONTEXT((#10226,#10228,#10229))
REPRESENTATION_CONTEXT('','3D')
);
#10224=(
GEOMETRIC_REPRESENTATION_CONTEXT(3)
GLOBAL_UNCERTAINTY_ASSIGNED_CONTEXT((#10215))
GLOBAL_UNIT_ASSIGNED_CONTEXT((#10226,#10228,#10229))
REPRESENTATION_CONTEXT('','3D')
);
#10225=(
GEOMETRIC_REPRESENTATION_CONTEXT(3)
GLOBAL_UNCERTAINTY_ASSIGNED_CONTEXT((#10216))
GLOBAL_UNIT_ASSIGNED_CONTEXT((#10226,#10228,#10229))
REPRESENTATION_CONTEXT('','3D')
);
#10226=(
LENGTH_UNIT()
NAMED_UNIT(*)
SI_UNIT(.MILLI.,.METRE.)
);
#10227=(
LENGTH_UNIT()
NAMED_UNIT(*)
SI_UNIT($,.METRE.)
);
#10228=(
NAMED_UNIT(*)
PLANE_ANGLE_UNIT()
SI_UNIT($,.RADIAN.)
);
#10229=(
NAMED_UNIT(*)
SI_UNIT($,.STERADIAN.)
SOLID_ANGLE_UNIT()
);
#10230=SHAPE_DEFINITION_REPRESENTATION(#10238,#10255);
#10231=SHAPE_DEFINITION_REPRESENTATION(#10239,#10256);
#10232=SHAPE_DEFINITION_REPRESENTATION(#10240,#10257);
#10233=SHAPE_DEFINITION_REPRESENTATION(#10241,#10258);
#10234=SHAPE_DEFINITION_REPRESENTATION(#10244,#10259);
#10235=SHAPE_DEFINITION_REPRESENTATION(#10245,#10260);
#10236=SHAPE_DEFINITION_REPRESENTATION(#10246,#10261);
#10237=SHAPE_DEFINITION_REPRESENTATION(#10247,#10262);
#10238=PRODUCT_DEFINITION_SHAPE('',$,#10264);
#10239=PRODUCT_DEFINITION_SHAPE('',$,#10265);
#10240=PRODUCT_DEFINITION_SHAPE('',$,#10266);
#10241=PRODUCT_DEFINITION_SHAPE('',$,#10267);
#10242=PRODUCT_DEFINITION_SHAPE($,$,#41);
#10243=PRODUCT_DEFINITION_SHAPE($,$,#42);
#10244=PRODUCT_DEFINITION_SHAPE('',$,#10268);
#10245=PRODUCT_DEFINITION_SHAPE('',$,#10269);
#10246=PRODUCT_DEFINITION_SHAPE('',$,#10270);
#10247=PRODUCT_DEFINITION_SHAPE('',$,#10271);
#10248=PRODUCT_DEFINITION_SHAPE($,$,#43);
#10249=PRODUCT_DEFINITION_SHAPE($,$,#44);
#10250=PRODUCT_DEFINITION_SHAPE($,$,#45);
#10251=PRODUCT_DEFINITION_SHAPE($,$,#46);
#10252=PRODUCT_DEFINITION_SHAPE($,$,#47);
#10253=PRODUCT_DEFINITION_SHAPE($,$,#48);
#10254=PRODUCT_DEFINITION_SHAPE($,$,#49);
#10255=SHAPE_REPRESENTATION('',(#4441,#4753,#4754,#4755,#4756,#4757),#10217);
#10256=SHAPE_REPRESENTATION('',(#4442),#10218);
#10257=SHAPE_REPRESENTATION('',(#4707,#4718,#4719),#10219);
#10258=SHAPE_REPRESENTATION('',(#4708),#10220);
#10259=SHAPE_REPRESENTATION('',(#4720),#10221);
#10260=SHAPE_REPRESENTATION('',(#4733),#10222);
#10261=SHAPE_REPRESENTATION('',(#4746,#4751,#4752),#10223);
#10262=SHAPE_REPRESENTATION('',(#4747),#10224);
#10263=PRODUCT_DEFINITION_CONTEXT('part definition',#10289,'design');
#10264=PRODUCT_DEFINITION('batteryCase18650x2',
'Porta Baterias 18650x2 v1',#10272,#10263);
#10265=PRODUCT_DEFINITION('box','box',#10273,#10263);
#10266=PRODUCT_DEFINITION('2xSpring','2xSpring',#10274,#10263);
#10267=PRODUCT_DEFINITION('spring','spring',#10275,#10263);
#10268=PRODUCT_DEFINITION('2_rivets_1','2_rivets_1',#10276,#10263);
#10269=PRODUCT_DEFINITION('2_rivets_2','2_rivets_2',#10277,#10263);
#10270=PRODUCT_DEFINITION('2_positivePole','2_positivePole',#10278,#10263);
#10271=PRODUCT_DEFINITION('positif','positif',#10279,#10263);
#10272=PRODUCT_DEFINITION_FORMATION('',$,#10291);
#10273=PRODUCT_DEFINITION_FORMATION('',$,#10292);
#10274=PRODUCT_DEFINITION_FORMATION('',$,#10293);
#10275=PRODUCT_DEFINITION_FORMATION('',$,#10294);
#10276=PRODUCT_DEFINITION_FORMATION('',$,#10295);
#10277=PRODUCT_DEFINITION_FORMATION('',$,#10296);
#10278=PRODUCT_DEFINITION_FORMATION('',$,#10297);
#10279=PRODUCT_DEFINITION_FORMATION('',$,#10298);
#10280=PRODUCT_RELATED_PRODUCT_CATEGORY('Porta Baterias 18650x2 v1',
'Porta Baterias 18650x2 v1',(#10291));
#10281=PRODUCT_RELATED_PRODUCT_CATEGORY('box','box',(#10292));
#10282=PRODUCT_RELATED_PRODUCT_CATEGORY('2xSpring','2xSpring',(#10293));
#10283=PRODUCT_RELATED_PRODUCT_CATEGORY('spring','spring',(#10294));
#10284=PRODUCT_RELATED_PRODUCT_CATEGORY('2_rivets_1','2_rivets_1',(#10295));
#10285=PRODUCT_RELATED_PRODUCT_CATEGORY('2_rivets_2','2_rivets_2',(#10296));
#10286=PRODUCT_RELATED_PRODUCT_CATEGORY('2_positivePole',
'2_positivePole',(#10297));
#10287=PRODUCT_RELATED_PRODUCT_CATEGORY('positif','positif',(#10298));
#10288=APPLICATION_PROTOCOL_DEFINITION('international standard',
'automotive_design',2009,#10289);
#10289=APPLICATION_CONTEXT(
'Core Data for Automotive Mechanical Design Process');
#10290=PRODUCT_CONTEXT('part definition',#10289,'mechanical');
#10291=PRODUCT('batteryCase18650x2','Porta Baterias 18650x2 v1',
'FreeCAD Model',(#10290));
#10292=PRODUCT('box','box',$,(#10290));
#10293=PRODUCT('2xSpring','2xSpring',$,(#10290));
#10294=PRODUCT('spring','spring',$,(#10290));
#10295=PRODUCT('2_rivets_1','2_rivets_1',$,(#10290));
#10296=PRODUCT('2_rivets_2','2_rivets_2',$,(#10290));
#10297=PRODUCT('2_positivePole','2_positivePole',$,(#10290));
#10298=PRODUCT('positif','positif',$,(#10290));
#10299=PRESENTATION_STYLE_ASSIGNMENT((#10305));
#10300=PRESENTATION_STYLE_ASSIGNMENT((#10306));
#10301=PRESENTATION_STYLE_ASSIGNMENT((#10307));
#10302=PRESENTATION_STYLE_ASSIGNMENT((#10308));
#10303=PRESENTATION_STYLE_ASSIGNMENT((#10309));
#10304=PRESENTATION_STYLE_ASSIGNMENT((NULL_STYLE(.NULL.)));
#10305=SURFACE_STYLE_USAGE(.BOTH.,#10310);
#10306=SURFACE_STYLE_USAGE(.BOTH.,#10311);
#10307=SURFACE_STYLE_USAGE(.BOTH.,#10312);
#10308=SURFACE_STYLE_USAGE(.BOTH.,#10313);
#10309=SURFACE_STYLE_USAGE(.BOTH.,#10314);
#10310=SURFACE_SIDE_STYLE('',(#10315));
#10311=SURFACE_SIDE_STYLE('',(#10316));
#10312=SURFACE_SIDE_STYLE('',(#10317));
#10313=SURFACE_SIDE_STYLE('',(#10318));
#10314=SURFACE_SIDE_STYLE('',(#10319));
#10315=SURFACE_STYLE_FILL_AREA(#10320);
#10316=SURFACE_STYLE_FILL_AREA(#10321);
#10317=SURFACE_STYLE_FILL_AREA(#10322);
#10318=SURFACE_STYLE_FILL_AREA(#10323);
#10319=SURFACE_STYLE_FILL_AREA(#10324);
#10320=FILL_AREA_STYLE('Acero - Satinado',(#10325));
#10321=FILL_AREA_STYLE('Pl\X\E1stico - Mate (negro)',(#10326));
#10322=FILL_AREA_STYLE('Opaque(173,181,189)',(#10327));
#10323=FILL_AREA_STYLE('Opaque(182,109,46)',(#10328));
#10324=FILL_AREA_STYLE('Opaque(129,129,129)',(#10329));
#10325=FILL_AREA_STYLE_COLOUR('Acero - Satinado',#10330);
#10326=FILL_AREA_STYLE_COLOUR('Pl\X\E1stico - Mate (negro)',#10331);
#10327=FILL_AREA_STYLE_COLOUR('Opaque(173,181,189)',#10332);
#10328=FILL_AREA_STYLE_COLOUR('Opaque(182,109,46)',#10333);
#10329=FILL_AREA_STYLE_COLOUR('Opaque(129,129,129)',#10334);
#10330=COLOUR_RGB('Acero - Satinado',0.627450980392157,0.627450980392157,
0.627450980392157);
#10331=COLOUR_RGB('Pl\X\E1stico - Mate (negro)',0.0980392156862745,0.0980392156862745,
0.0980392156862745);
#10332=COLOUR_RGB('Opaque(173,181,189)',0.67843137254902,0.709803921568627,
0.741176470588235);
#10333=COLOUR_RGB('Opaque(182,109,46)',0.713725490196078,0.427450980392157,
0.180392156862745);
#10334=COLOUR_RGB('Opaque(129,129,129)',0.505882352941176,0.505882352941176,
0.505882352941176);
ENDSEC;
END-ISO-10303-21;
